writer	relation	function
0x1402D5B50	CALLER	0x1402D4DA0
0x1402D5B50	CALLEE	0x14029ABE0
0x1402D5B50	CALLEE	0x14607D230
0x1402D5B50	CALLEE	0x14607D350
0x1405463B0	CALLER	0x1402FA6B0
0x1405463B0	CALLEE	0x1402B0580
0x1405463B0	CALLEE	0x140535650
0x1405463B0	CALLEE	0x140548050
0x1405463B0	CALLEE	0x1405E5450
0x1405463B0	CALLEE	0x1405E60C0
0x1405463B0	CALLEE	0x1406850B0
0x1405463B0	CALLEE	0x1406855B0
0x1405463B0	CALLEE	0x1406859B0
0x1405463B0	CALLEE	0x141499110
0x1405463B0	CALLEE	0x147AAD05B
0x140546860	CALLER	0x14053F490
0x140546860	CALLER	0x140541DF0
0x140546860	CALLER	0x140542AC0
0x140546860	CALLER	0x140543780
0x140546860	CALLER	0x140546C00
0x140546860	CALLER	0x140547880
0x140546860	CALLER	0x140548860
0x140546860	CALLER	0x1405492E0
0x140546860	CALLER	0x140549480
0x140546860	CALLER	0x1405498A0
0x140546860	CALLER	0x14054A840
0x140546860	CALLER	0x140696860
0x140546860	CALLEE	0x14079AAC0
0x140546860	CALLEE	0x1412F3D40
0x140F4C5A0	CALLER	0x140F4BFE0
0x140F4C5A0	CALLEE	0x140294860
0x140F4C5A0	CALLEE	0x1402B2680
0x140F4C5A0	CALLEE	0x1402B3540
0x140F4C5A0	CALLEE	0x1402C4800
0x140F4C5A0	CALLEE	0x140799010
0x140F4C5A0	CALLEE	0x1407D3B50
0x140F4C5A0	CALLEE	0x1407E4B60
0x140F4C5A0	CALLEE	0x140E863F0
0x140F4C5A0	CALLEE	0x140F53320
0x140F4C5A0	CALLEE	0x140F53710
0x140F4C5A0	CALLEE	0x140F91EF0
0x140F4C5A0	CALLEE	0x140F92EE0
0x140F4C5A0	CALLEE	0x141304750
0x140F4C5A0	CALLEE	0x1413F94B0
0x140F4C5A0	CALLEE	0x141413810
0x140F4C5A0	CALLEE	0x141414A20
0x140F4C5A0	CALLEE	0x141499110
0x140F4C5A0	CALLEE	0x14149C930
0x140F4C5A0	CALLEE	0x147AAD067
0x140F953B0	CALLER	0x140F942F0
0x140F953B0	CALLEE	0x14029ABE0
0x140F953B0	CALLEE	0x14607D230
0x140F953B0	CALLEE	0x14607D350
0x140FAC5A0	CALLER	0x140FAB540
0x140FAC5A0	CALLEE	0x14029ABE0
0x140FAC5A0	CALLEE	0x14607D230
0x140FAC5A0	CALLEE	0x14607D350
0x14162CA50	CALLER	0x1417B2C70
0x14162CA50	CALLEE	0x140534CA0
0x14162CA50	CALLEE	0x1407E4230
0x14162CA50	CALLEE	0x1407F7D80
0x14162CA50	CALLEE	0x14149CA40
0x14162CA50	CALLEE	0x1416127D0
0x1418CAA90	CALLER	0x14180DC40
0x1418CAA90	CALLEE	0x14029ABE0
0x1418CAA90	CALLEE	0x14046DCA0
0x1418CAA90	CALLEE	0x1418400D0
0x1418CAA90	CALLEE	0x141840100
0x1418CAA90	CALLEE	0x141840130
0x1418CAA90	CALLEE	0x141840160
0x1418CAA90	CALLEE	0x141840190
0x1418CAA90	CALLEE	0x1418401C0
0x1418CAA90	CALLEE	0x1418401F0
0x1418CAA90	CALLEE	0x141840220
0x1418CAA90	CALLEE	0x141840250
0x1418CAA90	CALLEE	0x141840280
0x1418CAA90	CALLEE	0x1418402B0
0x1418CAA90	CALLEE	0x1418402E0
0x1418CAA90	CALLEE	0x141840310
0x1418CAA90	CALLEE	0x141840340
0x1418CAA90	CALLEE	0x141840370
0x1418CAA90	CALLEE	0x1418403A0
0x1418CAA90	CALLEE	0x1418403D0
0x1418CAA90	CALLEE	0x141840400
0x1418CAA90	CALLEE	0x141840430
0x1418CAA90	CALLEE	0x141840460
0x1418CAA90	CALLEE	0x141840490
0x1418CAA90	CALLEE	0x1418404C0
0x1418CAA90	CALLEE	0x141840520
0x1418CAA90	CALLEE	0x141840550
0x1418CAA90	CALLEE	0x141840580
0x1418CAA90	CALLEE	0x1418405B0
0x1418CAA90	CALLEE	0x1418405E0
0x1418CAA90	CALLEE	0x141840610
0x1418CAA90	CALLEE	0x141840640
0x1418CAA90	CALLEE	0x141840670
0x1418CAA90	CALLEE	0x1418406A0
0x1418CAA90	CALLEE	0x1418406D0
0x1418CAA90	CALLEE	0x141840730
0x1418CAA90	CALLEE	0x141840760
0x1418CAA90	CALLEE	0x141840790
0x1418CAA90	CALLEE	0x1418407C0
0x1418CAA90	CALLEE	0x1418407F0
0x1418CAA90	CALLEE	0x141840820
0x1418CAA90	CALLEE	0x141840850
0x1418CAA90	CALLEE	0x141840880
0x1418CAA90	CALLEE	0x1418408B0
0x1418CAA90	CALLEE	0x1418408E0
0x1418CAA90	CALLEE	0x141840910
0x1418CAA90	CALLEE	0x141840940
0x1418CAA90	CALLEE	0x141840970
0x1418CAA90	CALLEE	0x1418409A0
0x1418CAA90	CALLEE	0x1418409D0
0x1418CAA90	CALLEE	0x141840A00
0x1418CAA90	CALLEE	0x141840A30
0x1418CAA90	CALLEE	0x141840A60
0x1418CAA90	CALLEE	0x141840A90
0x1418CAA90	CALLEE	0x141840AF0
0x1418CAA90	CALLEE	0x141840B20
0x1418CAA90	CALLEE	0x141840B50
0x1418CAA90	CALLEE	0x141840B80
0x1418CAA90	CALLEE	0x141840BB0
0x1418CAA90	CALLEE	0x141840BE0
0x1418CAA90	CALLEE	0x141840C10
0x1418CAA90	CALLEE	0x141840C40
0x1418CAA90	CALLEE	0x141840C70
0x1418CAA90	CALLEE	0x141840CA0
0x1418CAA90	CALLEE	0x141840CD0
0x1418CAA90	CALLEE	0x141840D00
0x1418CAA90	CALLEE	0x141840D30
0x1418CAA90	CALLEE	0x141840D60
0x1418CAA90	CALLEE	0x141840D90
0x1418CAA90	CALLEE	0x141840DC0
0x1418CAA90	CALLEE	0x141840DF0
0x1418CAA90	CALLEE	0x141840E20
0x1418CAA90	CALLEE	0x141840E50
0x1418CAA90	CALLEE	0x141840E80
0x1418CAA90	CALLEE	0x141840EB0
0x1418CAA90	CALLEE	0x141840EE0
0x1418CAA90	CALLEE	0x141840F10
0x1418CAA90	CALLEE	0x141840F40
0x1418CAA90	CALLEE	0x141840F70
0x1418CAA90	CALLEE	0x141840FD0
0x1418CAA90	CALLEE	0x141841000
0x1418CAA90	CALLEE	0x141841030
0x1418CAA90	CALLEE	0x141841060
0x1418CAA90	CALLEE	0x141841090
0x1418CAA90	CALLEE	0x1418410C0
0x1418CAA90	CALLEE	0x1418410F0
0x1418CAA90	CALLEE	0x141841120
0x1418CAA90	CALLEE	0x141841150
0x1418CAA90	CALLEE	0x141841180
0x1418CAA90	CALLEE	0x1418411B0
0x1418CAA90	CALLEE	0x1418411E0
0x1418CAA90	CALLEE	0x141841210
0x1418CAA90	CALLEE	0x141841240
0x1418CAA90	CALLEE	0x141841270
0x1418CAA90	CALLEE	0x1418412A0
0x1418CAA90	CALLEE	0x1418412D0
0x1418CAA90	CALLEE	0x141841330
0x1418CAA90	CALLEE	0x141841360
0x1418CAA90	CALLEE	0x141841390
0x1418CAA90	CALLEE	0x1418413F0
0x1418CAA90	CALLEE	0x141841450
0x1418CAA90	CALLEE	0x141841480
0x1418CAA90	CALLEE	0x1418414B0
0x1418CAA90	CALLEE	0x1418414E0
0x1418CAA90	CALLEE	0x141841510
0x1418CAA90	CALLEE	0x141841540
0x1418CAA90	CALLEE	0x141841570
0x1418CAA90	CALLEE	0x1418415A0
0x1418CAA90	CALLEE	0x1418415D0
0x1418CAA90	CALLEE	0x141841600
0x1418CAA90	CALLEE	0x141841630
0x1418CAA90	CALLEE	0x141841660
0x1418CAA90	CALLEE	0x141841690
0x1418CAA90	CALLEE	0x1418416C0
0x1418CAA90	CALLEE	0x1418416F0
0x1418CAA90	CALLEE	0x141841720
0x1418CAA90	CALLEE	0x141841750
0x1418CAA90	CALLEE	0x141841780
0x1418CAA90	CALLEE	0x1418417B0
0x1418CAA90	CALLEE	0x1418417E0
0x1418CAA90	CALLEE	0x141841810
0x1418CAA90	CALLEE	0x141841840
0x1418CAA90	CALLEE	0x141841870
0x1418CAA90	CALLEE	0x1418418A0
0x1418CAA90	CALLEE	0x141841900
0x1418CAA90	CALLEE	0x141841930
0x1418CAA90	CALLEE	0x141841960
0x1418CAA90	CALLEE	0x141841990
0x1418CAA90	CALLEE	0x1418419C0
0x1418CAA90	CALLEE	0x141841A20
0x1418CAA90	CALLEE	0x141841A50
0x1418CAA90	CALLEE	0x141841A80
0x1418CAA90	CALLEE	0x141841AE0
0x1418CAA90	CALLEE	0x141841B10
0x1418CAA90	CALLEE	0x141841B40
0x1418CAA90	CALLEE	0x141841B70
0x1418CAA90	CALLEE	0x141841BA0
0x1418CAA90	CALLEE	0x141841BD0
0x1418CAA90	CALLEE	0x141841C00
0x1418CAA90	CALLEE	0x141841C30
0x1418CAA90	CALLEE	0x141841C60
0x1418CAA90	CALLEE	0x141841CC0
0x1418CAA90	CALLEE	0x141841CF0
0x1418CAA90	CALLEE	0x141841D20
0x1418CAA90	CALLEE	0x141841D80
0x1418CAA90	CALLEE	0x141841DB0
0x1418CAA90	CALLEE	0x141841DE0
0x1418CAA90	CALLEE	0x141841E10
0x1418CAA90	CALLEE	0x141841E40
0x1418CAA90	CALLEE	0x141841E70
0x1418CAA90	CALLEE	0x141841EA0
0x1418CAA90	CALLEE	0x141841ED0
0x1418CAA90	CALLEE	0x141841F00
0x1418CAA90	CALLEE	0x141841F30
0x1418CAA90	CALLEE	0x141841F60
0x1418CAA90	CALLEE	0x141841F90
0x1418CAA90	CALLEE	0x141841FC0
0x1418CAA90	CALLEE	0x141841FF0
0x1418CAA90	CALLEE	0x141842020
0x1418CAA90	CALLEE	0x141842050
0x1418CAA90	CALLEE	0x141842080
0x1418CAA90	CALLEE	0x1418420B0
0x1418CAA90	CALLEE	0x1418420E0
0x1418CAA90	CALLEE	0x141842110
0x1418CAA90	CALLEE	0x141842140
0x1418CAA90	CALLEE	0x141842170
0x1418CAA90	CALLEE	0x1418421A0
0x1418CAA90	CALLEE	0x141842200
0x1418CAA90	CALLEE	0x141842230
0x1418CAA90	CALLEE	0x141842260
0x1418CAA90	CALLEE	0x141842290
0x1418CAA90	CALLEE	0x1418422C0
0x1418CAA90	CALLEE	0x1418422F0
0x1418CAA90	CALLEE	0x141842320
0x1418CAA90	CALLEE	0x141842350
0x1418CAA90	CALLEE	0x141842380
0x1418CAA90	CALLEE	0x1418423B0
0x1418CAA90	CALLEE	0x1418423E0
0x1418CAA90	CALLEE	0x141842410
0x1418CAA90	CALLEE	0x141842440
0x1418CAA90	CALLEE	0x1418424D0
0x1418CAA90	CALLEE	0x141842500
0x1418CAA90	CALLEE	0x141842530
0x1418CAA90	CALLEE	0x141842560
0x1418CAA90	CALLEE	0x141842590
0x1418CAA90	CALLEE	0x1418425C0
0x1418CAA90	CALLEE	0x1418425F0
0x1418CAA90	CALLEE	0x141842620
0x1418CAA90	CALLEE	0x141842680
0x1418CAA90	CALLEE	0x1418426B0
0x1418CAA90	CALLEE	0x1418426E0
0x1418CAA90	CALLEE	0x141842710
0x1418CAA90	CALLEE	0x141842740
0x1418CAA90	CALLEE	0x141842770
0x1418CAA90	CALLEE	0x1418427A0
0x1418CAA90	CALLEE	0x1418427D0
0x1418CAA90	CALLEE	0x141842800
0x1418CAA90	CALLEE	0x141842830
0x1418CAA90	CALLEE	0x141842860
0x1418CAA90	CALLEE	0x141842890
0x1418CAA90	CALLEE	0x1418428C0
0x1418CAA90	CALLEE	0x1418428F0
0x1418CAA90	CALLEE	0x141842920
0x1418CAA90	CALLEE	0x141842950
0x1418CAA90	CALLEE	0x141842980
0x1418CAA90	CALLEE	0x1418429B0
0x1418CAA90	CALLEE	0x1418429E0
0x1418CAA90	CALLEE	0x141842A10
0x1418CAA90	CALLEE	0x141842A40
0x1418CAA90	CALLEE	0x141842A70
0x1418CAA90	CALLEE	0x141842AA0
0x1418CAA90	CALLEE	0x141842AD0
0x1418CAA90	CALLEE	0x141842B00
0x1418CAA90	CALLEE	0x141842B30
0x1418CAA90	CALLEE	0x141842B60
0x1418CAA90	CALLEE	0x141842B90
0x1418CAA90	CALLEE	0x141842BC0
0x1418CAA90	CALLEE	0x141842BF0
0x1418CAA90	CALLEE	0x141842C20
0x1418CAA90	CALLEE	0x141842C50
0x1418CAA90	CALLEE	0x141842C80
0x1418CAA90	CALLEE	0x141842CB0
0x1418CAA90	CALLEE	0x141842CE0
0x1418CAA90	CALLEE	0x141842D10
0x1418CAA90	CALLEE	0x141842D40
0x1418CAA90	CALLEE	0x141842D70
0x1418CAA90	CALLEE	0x141842DA0
0x1418CAA90	CALLEE	0x141842DD0
0x1418CAA90	CALLEE	0x141842E00
0x1418CAA90	CALLEE	0x141842E30
0x1418CAA90	CALLEE	0x141842E60
0x1418CAA90	CALLEE	0x141842E90
0x1418CAA90	CALLEE	0x141842EF0
0x1418CAA90	CALLEE	0x141842F20
0x1418CAA90	CALLEE	0x141842F50
0x1418CAA90	CALLEE	0x141842F80
0x1418CAA90	CALLEE	0x141842FB0
0x1418CAA90	CALLEE	0x141842FE0
0x1418CAA90	CALLEE	0x141843010
0x1418CAA90	CALLEE	0x141843070
0x1418CAA90	CALLEE	0x1418430A0
0x1418CAA90	CALLEE	0x1418430D0
0x1418CAA90	CALLEE	0x141843100
0x1418CAA90	CALLEE	0x141843130
0x1418CAA90	CALLEE	0x141843160
0x1418CAA90	CALLEE	0x141843190
0x1418CAA90	CALLEE	0x1418431C0
0x1418CAA90	CALLEE	0x1418431F0
0x1418CAA90	CALLEE	0x141843220
0x1418CAA90	CALLEE	0x141843250
0x1418CAA90	CALLEE	0x141843280
0x1418CAA90	CALLEE	0x1418432B0
0x1418CAA90	CALLEE	0x1418432E0
0x1418CAA90	CALLEE	0x141843310
0x1418CAA90	CALLEE	0x141843340
0x1418CAA90	CALLEE	0x141843370
0x1418CAA90	CALLEE	0x1418433A0
0x1418CAA90	CALLEE	0x1418433D0
0x1418CAA90	CALLEE	0x141843400
0x1418CAA90	CALLEE	0x141843430
0x1418CAA90	CALLEE	0x141843460
0x1418CAA90	CALLEE	0x141843490
0x1418CAA90	CALLEE	0x1418434C0
0x1418CAA90	CALLEE	0x1418434F0
0x1418CAA90	CALLEE	0x141843520
0x1418CAA90	CALLEE	0x141843550
0x1418CAA90	CALLEE	0x1418435B0
0x1418CAA90	CALLEE	0x1418435E0
0x1418CAA90	CALLEE	0x141843610
0x1418CAA90	CALLEE	0x141843640
0x1418CAA90	CALLEE	0x141843670
0x1418CAA90	CALLEE	0x1418436A0
0x1418CAA90	CALLEE	0x1418436D0
0x1418CAA90	CALLEE	0x141843700
0x1418CAA90	CALLEE	0x141843730
0x1418CAA90	CALLEE	0x141843760
0x1418CAA90	CALLEE	0x141843790
0x1418CAA90	CALLEE	0x1418437C0
0x1418CAA90	CALLEE	0x1418437F0
0x1418CAA90	CALLEE	0x141843820
0x1418CAA90	CALLEE	0x141843850
0x1418CAA90	CALLEE	0x141843880
0x1418CAA90	CALLEE	0x1418438B0
0x1418CAA90	CALLEE	0x1418438E0
0x1418CAA90	CALLEE	0x141843910
0x1418CAA90	CALLEE	0x141843940
0x1418CAA90	CALLEE	0x141843970
0x1418CAA90	CALLEE	0x1418439A0
0x1418CAA90	CALLEE	0x1418439D0
0x1418CAA90	CALLEE	0x141843A00
0x1418CAA90	CALLEE	0x141843A30
0x1418CAA90	CALLEE	0x141843A60
0x1418CAA90	CALLEE	0x141843A90
0x1418CAA90	CALLEE	0x141843AC0
0x1418CAA90	CALLEE	0x141843AF0
0x1418CAA90	CALLEE	0x141843B20
0x1418CAA90	CALLEE	0x141843B50
0x1418CAA90	CALLEE	0x141843B80
0x1418CAA90	CALLEE	0x141843BB0
0x1418CAA90	CALLEE	0x141843BE0
0x1418CAA90	CALLEE	0x141843C10
0x1418CAA90	CALLEE	0x141843C40
0x1418CAA90	CALLEE	0x141843C70
0x1418CAA90	CALLEE	0x141843CA0
0x1418CAA90	CALLEE	0x141843CD0
0x1418CAA90	CALLEE	0x141843D00
0x1418CAA90	CALLEE	0x141843D30
0x1418CAA90	CALLEE	0x141843D60
0x1418CAA90	CALLEE	0x141843D90
0x1418CAA90	CALLEE	0x141843DC0
0x1418CAA90	CALLEE	0x141843DF0
0x1418CAA90	CALLEE	0x141843E50
0x1418CAA90	CALLEE	0x141843E80
0x1418CAA90	CALLEE	0x141843EB0
0x1418CAA90	CALLEE	0x141843EE0
0x1418CAA90	CALLEE	0x141843F10
0x1418CAA90	CALLEE	0x141843F40
0x1418CAA90	CALLEE	0x141843F70
0x1418CAA90	CALLEE	0x141843FA0
0x1418CAA90	CALLEE	0x141843FD0
0x1418CAA90	CALLEE	0x141844000
0x1418CAA90	CALLEE	0x141844030
0x1418CAA90	CALLEE	0x141844060
0x1418CAA90	CALLEE	0x141844090
0x1418CAA90	CALLEE	0x1418440C0
0x1418CAA90	CALLEE	0x1418440F0
0x1418CAA90	CALLEE	0x141844120
0x1418CAA90	CALLEE	0x141844150
0x1418CAA90	CALLEE	0x141844180
0x1418CAA90	CALLEE	0x1418441B0
0x1418CAA90	CALLEE	0x1418441E0
0x1418CAA90	CALLEE	0x141844210
0x1418CAA90	CALLEE	0x141844240
0x1418CAA90	CALLEE	0x141844270
0x1418CAA90	CALLEE	0x1418442A0
0x1418CAA90	CALLEE	0x1418442D0
0x1418CAA90	CALLEE	0x141844300
0x1418CAA90	CALLEE	0x141844330
0x1418CAA90	CALLEE	0x141844360
0x1418CAA90	CALLEE	0x141844390
0x1418CAA90	CALLEE	0x1418443C0
0x1418CAA90	CALLEE	0x1418443F0
0x1418CAA90	CALLEE	0x141844420
0x1418CAA90	CALLEE	0x141844450
0x1418CAA90	CALLEE	0x141844480
0x1418CAA90	CALLEE	0x1418444B0
0x1418CAA90	CALLEE	0x1418444E0
0x1418CAA90	CALLEE	0x141844510
0x1418CAA90	CALLEE	0x141844540
0x1418CAA90	CALLEE	0x141844570
0x1418CAA90	CALLEE	0x1418445A0
0x1418CAA90	CALLEE	0x1418445D0
0x1418CAA90	CALLEE	0x141844600
0x1418CAA90	CALLEE	0x141844630
0x1418CAA90	CALLEE	0x141844660
0x1418CAA90	CALLEE	0x141844690
0x1418CAA90	CALLEE	0x1418446C0
0x1418CAA90	CALLEE	0x1418446F0
0x1418CAA90	CALLEE	0x141844720
0x1418CAA90	CALLEE	0x141844750
0x1418CAA90	CALLEE	0x141844780
0x1418CAA90	CALLEE	0x1418447B0
0x1418CAA90	CALLEE	0x1418447E0
0x1418CAA90	CALLEE	0x141844810
0x1418CAA90	CALLEE	0x141844840
0x1418CAA90	CALLEE	0x141844870
0x1418CAA90	CALLEE	0x1418448A0
0x1418CAA90	CALLEE	0x1418448D0
0x1418CAA90	CALLEE	0x141844900
0x1418CAA90	CALLEE	0x141844930
0x1418CAA90	CALLEE	0x141844960
0x1418CAA90	CALLEE	0x1418449C0
0x1418CAA90	CALLEE	0x1418449F0
0x1418CAA90	CALLEE	0x141844A20
0x1418CAA90	CALLEE	0x141844A80
0x1418CAA90	CALLEE	0x141844AB0
0x1418CAA90	CALLEE	0x141844AE0
0x1418CAA90	CALLEE	0x141844B10
0x1418CAA90	CALLEE	0x141844B40
0x1418CAA90	CALLEE	0x141844B70
0x1418CAA90	CALLEE	0x141844BA0
0x1418CAA90	CALLEE	0x141844BD0
0x1418CAA90	CALLEE	0x141844C00
0x1418CAA90	CALLEE	0x141844C30
0x1418CAA90	CALLEE	0x141844C60
0x1418CAA90	CALLEE	0x141844CC0
0x1418CAA90	CALLEE	0x141844CF0
0x1418CAA90	CALLEE	0x141844D20
0x1418CAA90	CALLEE	0x141844D50
0x1418CAA90	CALLEE	0x141844D80
0x1418CAA90	CALLEE	0x141844DB0
0x1418CAA90	CALLEE	0x141844DE0
0x1418CAA90	CALLEE	0x141844E10
0x1418CAA90	CALLEE	0x141844E40
0x1418CAA90	CALLEE	0x141844E70
0x1418CAA90	CALLEE	0x141844ED0
0x1418CAA90	CALLEE	0x141844F00
0x1418CAA90	CALLEE	0x141844F30
0x1418CAA90	CALLEE	0x141844F60
0x1418CAA90	CALLEE	0x141844F90
0x1418CAA90	CALLEE	0x141844FC0
0x1418CAA90	CALLEE	0x141844FF0
0x1418CAA90	CALLEE	0x141845050
0x1418CAA90	CALLEE	0x141845080
0x1418CAA90	CALLEE	0x1418450B0
0x1418CAA90	CALLEE	0x1418450E0
0x1418CAA90	CALLEE	0x141845110
0x1418CAA90	CALLEE	0x141845140
0x1418CAA90	CALLEE	0x141845170
0x1418CAA90	CALLEE	0x1418451A0
0x1418CAA90	CALLEE	0x1418451D0
0x1418CAA90	CALLEE	0x141845200
0x1418CAA90	CALLEE	0x141845230
0x1418CAA90	CALLEE	0x141845260
0x1418CAA90	CALLEE	0x141845290
0x1418CAA90	CALLEE	0x1418452C0
0x1418CAA90	CALLEE	0x1418452F0
0x1418CAA90	CALLEE	0x141845320
0x1418CAA90	CALLEE	0x141845350
0x1418CAA90	CALLEE	0x141845380
0x1418CAA90	CALLEE	0x1418453E0
0x1418CAA90	CALLEE	0x141845410
0x1418CAA90	CALLEE	0x141845440
0x1418CAA90	CALLEE	0x141845470
0x1418CAA90	CALLEE	0x1418454A0
0x1418CAA90	CALLEE	0x1418454D0
0x1418CAA90	CALLEE	0x141845500
0x1418CAA90	CALLEE	0x141845530
0x1418CAA90	CALLEE	0x141845560
0x1418CAA90	CALLEE	0x141845590
0x1418CAA90	CALLEE	0x1418455F0
0x1418CAA90	CALLEE	0x141845650
0x1418CAA90	CALLEE	0x141845680
0x1418CAA90	CALLEE	0x1418456E0
0x1418CAA90	CALLEE	0x141845710
0x1418CAA90	CALLEE	0x141845740
0x1418CAA90	CALLEE	0x141845770
0x1418CAA90	CALLEE	0x1418457A0
0x1418CAA90	CALLEE	0x1418457D0
0x1418CAA90	CALLEE	0x141845800
0x1418CAA90	CALLEE	0x141845830
0x1418CAA90	CALLEE	0x141845860
0x1418CAA90	CALLEE	0x141845890
0x1418CAA90	CALLEE	0x1418458C0
0x1418CAA90	CALLEE	0x1418458F0
0x1418CAA90	CALLEE	0x141845950
0x1418CAA90	CALLEE	0x141845980
0x1418CAA90	CALLEE	0x1418459B0
0x1418CAA90	CALLEE	0x1418459E0
0x1418CAA90	CALLEE	0x141845A10
0x1418CAA90	CALLEE	0x141845A40
0x1418CAA90	CALLEE	0x141845A70
0x1418CAA90	CALLEE	0x141845AA0
0x1418CAA90	CALLEE	0x141845AD0
0x1418CAA90	CALLEE	0x141845B00
0x1418CAA90	CALLEE	0x141845B30
0x1418CAA90	CALLEE	0x141845B60
0x1418CAA90	CALLEE	0x141845B90
0x1418CAA90	CALLEE	0x141845BC0
0x1418CAA90	CALLEE	0x141845BF0
0x1418CAA90	CALLEE	0x141845C20
0x1418CAA90	CALLEE	0x141845C50
0x1418CAA90	CALLEE	0x141845C80
0x1418CAA90	CALLEE	0x141845CB0
0x1418CAA90	CALLEE	0x141845CE0
0x1418CAA90	CALLEE	0x141845D10
0x1418CAA90	CALLEE	0x141845D40
0x1418CAA90	CALLEE	0x141845D70
0x1418CAA90	CALLEE	0x141845DA0
0x1418CAA90	CALLEE	0x141845DD0
0x1418CAA90	CALLEE	0x141845E00
0x1418CAA90	CALLEE	0x141845E30
0x1418CAA90	CALLEE	0x141845E60
0x1418CAA90	CALLEE	0x141845E90
0x1418CAA90	CALLEE	0x141845EF0
0x1418CAA90	CALLEE	0x141845F20
0x1418CAA90	CALLEE	0x141845F50
0x1418CAA90	CALLEE	0x141845F80
0x1418CAA90	CALLEE	0x141845FB0
0x1418CAA90	CALLEE	0x141845FE0
0x1418CAA90	CALLEE	0x141846010
0x1418CAA90	CALLEE	0x141846040
0x1418CAA90	CALLEE	0x141846070
0x1418CAA90	CALLEE	0x1418460A0
0x1418CAA90	CALLEE	0x1418460D0
0x1418CAA90	CALLEE	0x141846130
0x1418CAA90	CALLEE	0x141846160
0x1418CAA90	CALLEE	0x141846190
0x1418CAA90	CALLEE	0x1418461C0
0x1418CAA90	CALLEE	0x1418461F0
0x1418CAA90	CALLEE	0x141846220
0x1418CAA90	CALLEE	0x141846250
0x1418CAA90	CALLEE	0x141846280
0x1418CAA90	CALLEE	0x1418462B0
0x1418CAA90	CALLEE	0x1418462E0
0x1418CAA90	CALLEE	0x141846310
0x1418CAA90	CALLEE	0x141846340
0x1418CAA90	CALLEE	0x141846370
0x1418CAA90	CALLEE	0x1418463A0
0x1418CAA90	CALLEE	0x1418463D0
0x1418CAA90	CALLEE	0x141846400
0x1418CAA90	CALLEE	0x141846430
0x1418CAA90	CALLEE	0x141846460
0x1418CAA90	CALLEE	0x141846490
0x1418CAA90	CALLEE	0x1418464F0
0x1418CAA90	CALLEE	0x141846520
0x1418CAA90	CALLEE	0x141846550
0x1418CAA90	CALLEE	0x141846580
0x1418CAA90	CALLEE	0x1418465B0
0x1418CAA90	CALLEE	0x1418465E0
0x1418CAA90	CALLEE	0x141846610
0x1418CAA90	CALLEE	0x141846640
0x1418CAA90	CALLEE	0x141846670
0x1418CAA90	CALLEE	0x1418466D0
0x1418CAA90	CALLEE	0x141846700
0x1418CAA90	CALLEE	0x141846760
0x1418CAA90	CALLEE	0x141846790
0x1418CAA90	CALLEE	0x1418467C0
0x1418CAA90	CALLEE	0x1418467F0
0x1418CAA90	CALLEE	0x141846820
0x1418CAA90	CALLEE	0x141846850
0x1418CAA90	CALLEE	0x141846880
0x1418CAA90	CALLEE	0x1418468B0
0x1418CAA90	CALLEE	0x1418468E0
0x1418CAA90	CALLEE	0x141846910
0x1418CAA90	CALLEE	0x141846940
0x1418CAA90	CALLEE	0x1418469A0
0x1418CAA90	CALLEE	0x1418469D0
0x1418CAA90	CALLEE	0x141846A00
0x1418CAA90	CALLEE	0x141846A30
0x1418CAA90	CALLEE	0x141846A60
0x1418CAA90	CALLEE	0x141846A90
0x1418CAA90	CALLEE	0x141846AC0
0x1418CAA90	CALLEE	0x141846AF0
0x1418CAA90	CALLEE	0x141846B20
0x1418CAA90	CALLEE	0x141846B50
0x1418CAA90	CALLEE	0x141846B80
0x1418CAA90	CALLEE	0x141846BB0
0x1418CAA90	CALLEE	0x141846BE0
0x1418CAA90	CALLEE	0x141846C10
0x1418CAA90	CALLEE	0x141846C40
0x1418CAA90	CALLEE	0x141846C70
0x1418CAA90	CALLEE	0x141846CA0
0x1418CAA90	CALLEE	0x141846CD0
0x1418CAA90	CALLEE	0x141846D00
0x1418CAA90	CALLEE	0x141846D30
0x1418CAA90	CALLEE	0x141846D60
0x1418CAA90	CALLEE	0x141846D90
0x1418CAA90	CALLEE	0x141846DC0
0x1418CAA90	CALLEE	0x141846DF0
0x1418CAA90	CALLEE	0x141846E20
0x1418CAA90	CALLEE	0x141846E50
0x1418CAA90	CALLEE	0x141846E80
0x1418CAA90	CALLEE	0x141846EE0
0x1418CAA90	CALLEE	0x141846F10
0x1418CAA90	CALLEE	0x141846F40
0x1418CAA90	CALLEE	0x141846F70
0x1418CAA90	CALLEE	0x141846FA0
0x1418CAA90	CALLEE	0x141846FD0
0x1418CAA90	CALLEE	0x141847000
0x1418CAA90	CALLEE	0x141847030
0x1418CAA90	CALLEE	0x141847060
0x1418CAA90	CALLEE	0x141847090
0x1418CAA90	CALLEE	0x1418470C0
0x1418CAA90	CALLEE	0x1418470F0
0x1418CAA90	CALLEE	0x141847120
0x1418CAA90	CALLEE	0x141847150
0x1418CAA90	CALLEE	0x141847180
0x1418CAA90	CALLEE	0x1418471B0
0x1418CAA90	CALLEE	0x1418471E0
0x1418CAA90	CALLEE	0x141847210
0x1418CAA90	CALLEE	0x141847240
0x1418CAA90	CALLEE	0x141847270
0x1418CAA90	CALLEE	0x1418472A0
0x1418CAA90	CALLEE	0x141847300
0x1418CAA90	CALLEE	0x141847360
0x1418CAA90	CALLEE	0x141847390
0x1418CAA90	CALLEE	0x1418473F0
0x1418CAA90	CALLEE	0x141847420
0x1418CAA90	CALLEE	0x141847450
0x1418CAA90	CALLEE	0x141847480
0x1418CAA90	CALLEE	0x1418474B0
0x1418CAA90	CALLEE	0x1418474E0
0x1418CAA90	CALLEE	0x141847510
0x1418CAA90	CALLEE	0x141847540
0x1418CAA90	CALLEE	0x141847570
0x1418CAA90	CALLEE	0x1418475A0
0x1418CAA90	CALLEE	0x1418475D0
0x1418CAA90	CALLEE	0x141847600
0x1418CAA90	CALLEE	0x141847630
0x1418CAA90	CALLEE	0x141847660
0x1418CAA90	CALLEE	0x141847690
0x1418CAA90	CALLEE	0x1418476C0
0x1418CAA90	CALLEE	0x1418476F0
0x1418CAA90	CALLEE	0x141847720
0x1418CAA90	CALLEE	0x141847750
0x1418CAA90	CALLEE	0x141847780
0x1418CAA90	CALLEE	0x1418477B0
0x1418CAA90	CALLEE	0x1418477E0
0x1418CAA90	CALLEE	0x141847810
0x1418CAA90	CALLEE	0x141847840
0x1418CAA90	CALLEE	0x141847870
0x1418CAA90	CALLEE	0x1418478A0
0x1418CAA90	CALLEE	0x1418478D0
0x1418CAA90	CALLEE	0x141847900
0x1418CAA90	CALLEE	0x141847930
0x1418CAA90	CALLEE	0x141847960
0x1418CAA90	CALLEE	0x141847990
0x1418CAA90	CALLEE	0x1418479C0
0x1418CAA90	CALLEE	0x1418479F0
0x1418CAA90	CALLEE	0x141847A20
0x1418CAA90	CALLEE	0x141847A50
0x1418CAA90	CALLEE	0x141847A80
0x1418CAA90	CALLEE	0x141847AB0
0x1418CAA90	CALLEE	0x141847AE0
0x1418CAA90	CALLEE	0x141847B10
0x1418CAA90	CALLEE	0x141847B40
0x1418CAA90	CALLEE	0x141847B70
0x1418CAA90	CALLEE	0x141847BA0
0x1418CAA90	CALLEE	0x141847BD0
0x1418CAA90	CALLEE	0x141847C00
0x1418CAA90	CALLEE	0x141847C30
0x1418CAA90	CALLEE	0x141847C60
0x1418CAA90	CALLEE	0x141847C90
0x1418CAA90	CALLEE	0x141847CC0
0x1418CAA90	CALLEE	0x141847CF0
0x1418CAA90	CALLEE	0x141847D20
0x1418CAA90	CALLEE	0x141847D50
0x1418CAA90	CALLEE	0x141847D80
0x1418CAA90	CALLEE	0x141847DB0
0x1418CAA90	CALLEE	0x141847DE0
0x1418CAA90	CALLEE	0x141847E10
0x1418CAA90	CALLEE	0x141847E40
0x1418CAA90	CALLEE	0x141847EA0
0x1418CAA90	CALLEE	0x141847ED0
0x1418CAA90	CALLEE	0x141847F00
0x1418CAA90	CALLEE	0x141847F30
0x1418CAA90	CALLEE	0x141847F60
0x1418CAA90	CALLEE	0x141847F90
0x1418CAA90	CALLEE	0x141847FC0
0x1418CAA90	CALLEE	0x141847FF0
0x1418CAA90	CALLEE	0x141848020
0x1418CAA90	CALLEE	0x141848050
0x1418CAA90	CALLEE	0x141848080
0x1418CAA90	CALLEE	0x1418480B0
0x1418CAA90	CALLEE	0x1418480E0
0x1418CAA90	CALLEE	0x141848110
0x1418CAA90	CALLEE	0x141848140
0x1418CAA90	CALLEE	0x1418481A0
0x1418CAA90	CALLEE	0x1418481D0
0x1418CAA90	CALLEE	0x141848200
0x1418CAA90	CALLEE	0x141848230
0x1418CAA90	CALLEE	0x141848260
0x1418CAA90	CALLEE	0x1418482C0
0x1418CAA90	CALLEE	0x1418482F0
0x1418CAA90	CALLEE	0x141848320
0x1418CAA90	CALLEE	0x141848350
0x1418CAA90	CALLEE	0x1418483B0
0x1418CAA90	CALLEE	0x1418483E0
0x1418CAA90	CALLEE	0x141848440
0x1418CAA90	CALLEE	0x1418484A0
0x1418CAA90	CALLEE	0x1418484D0
0x1418CAA90	CALLEE	0x141848500
0x1418CAA90	CALLEE	0x141848530
0x1418CAA90	CALLEE	0x141848560
0x1418CAA90	CALLEE	0x141848590
0x1418CAA90	CALLEE	0x1418485C0
0x1418CAA90	CALLEE	0x1418485F0
0x1418CAA90	CALLEE	0x141848620
0x1418CAA90	CALLEE	0x141848650
0x1418CAA90	CALLEE	0x141848680
0x1418CAA90	CALLEE	0x1418486B0
0x1418CAA90	CALLEE	0x1418486E0
0x1418CAA90	CALLEE	0x141848710
0x1418CAA90	CALLEE	0x141848740
0x1418CAA90	CALLEE	0x141848770
0x1418CAA90	CALLEE	0x1418487A0
0x1418CAA90	CALLEE	0x1418487D0
0x1418CAA90	CALLEE	0x141848800
0x1418CAA90	CALLEE	0x141848830
0x1418CAA90	CALLEE	0x141848860
0x1418CAA90	CALLEE	0x141848890
0x1418CAA90	CALLEE	0x1418488C0
0x1418CAA90	CALLEE	0x1418488F0
0x1418CAA90	CALLEE	0x141848920
0x1418CAA90	CALLEE	0x141848950
0x1418CAA90	CALLEE	0x141848980
0x1418CAA90	CALLEE	0x1418489B0
0x1418CAA90	CALLEE	0x1418489E0
0x1418CAA90	CALLEE	0x141848A10
0x1418CAA90	CALLEE	0x141848A40
0x1418CAA90	CALLEE	0x141848A70
0x1418CAA90	CALLEE	0x141848AA0
0x1418CAA90	CALLEE	0x141848AD0
0x1418CAA90	CALLEE	0x141848B00
0x1418CAA90	CALLEE	0x141848B30
0x1418CAA90	CALLEE	0x141848B60
0x1418CAA90	CALLEE	0x141848B90
0x1418CAA90	CALLEE	0x141848BC0
0x1418CAA90	CALLEE	0x141848BF0
0x1418CAA90	CALLEE	0x141848C20
0x1418CAA90	CALLEE	0x141848C50
0x1418CAA90	CALLEE	0x141848C80
0x1418CAA90	CALLEE	0x141848CB0
0x1418CAA90	CALLEE	0x141848D10
0x1418CAA90	CALLEE	0x141848D40
0x1418CAA90	CALLEE	0x141848D70
0x1418CAA90	CALLEE	0x141848DA0
0x1418CAA90	CALLEE	0x141848DD0
0x1418CAA90	CALLEE	0x141848E00
0x1418CAA90	CALLEE	0x141848E30
0x1418CAA90	CALLEE	0x141848E60
0x1418CAA90	CALLEE	0x141848E90
0x1418CAA90	CALLEE	0x141848EC0
0x1418CAA90	CALLEE	0x141848EF0
0x1418CAA90	CALLEE	0x141848F20
0x1418CAA90	CALLEE	0x141848F50
0x1418CAA90	CALLEE	0x141848F80
0x1418CAA90	CALLEE	0x141848FB0
0x1418CAA90	CALLEE	0x141848FE0
0x1418CAA90	CALLEE	0x141849010
0x1418CAA90	CALLEE	0x141849040
0x1418CAA90	CALLEE	0x141849070
0x1418CAA90	CALLEE	0x1418490A0
0x1418CAA90	CALLEE	0x1418490D0
0x1418CAA90	CALLEE	0x141849100
0x1418CAA90	CALLEE	0x141849130
0x1418CAA90	CALLEE	0x141849160
0x1418CAA90	CALLEE	0x141849190
0x1418CAA90	CALLEE	0x1418491C0
0x1418CAA90	CALLEE	0x1418491F0
0x1418CAA90	CALLEE	0x141849220
0x1418CAA90	CALLEE	0x141849250
0x1418CAA90	CALLEE	0x141849280
0x1418CAA90	CALLEE	0x1418492B0
0x1418CAA90	CALLEE	0x1418492E0
0x1418CAA90	CALLEE	0x141849310
0x1418CAA90	CALLEE	0x141849340
0x1418CAA90	CALLEE	0x141849370
0x1418CAA90	CALLEE	0x1418493A0
0x1418CAA90	CALLEE	0x1418493D0
0x1418CAA90	CALLEE	0x141849400
0x1418CAA90	CALLEE	0x141849430
0x1418CAA90	CALLEE	0x141849460
0x1418CAA90	CALLEE	0x141849490
0x1418CAA90	CALLEE	0x1418494C0
0x1418CAA90	CALLEE	0x1418494F0
0x1418CAA90	CALLEE	0x141849520
0x1418CAA90	CALLEE	0x141849550
0x1418CAA90	CALLEE	0x141849580
0x1418CAA90	CALLEE	0x1418495B0
0x1418CAA90	CALLEE	0x1418495E0
0x1418CAA90	CALLEE	0x141849610
0x1418CAA90	CALLEE	0x141849640
0x1418CAA90	CALLEE	0x141849670
0x1418CAA90	CALLEE	0x1418496A0
0x1418CAA90	CALLEE	0x1418496D0
0x1418CAA90	CALLEE	0x141849700
0x1418CAA90	CALLEE	0x141849730
0x1418CAA90	CALLEE	0x141849760
0x1418CAA90	CALLEE	0x141849790
0x1418CAA90	CALLEE	0x1418497C0
0x1418CAA90	CALLEE	0x1418497F0
0x1418CAA90	CALLEE	0x141849820
0x1418CAA90	CALLEE	0x141849850
0x1418CAA90	CALLEE	0x141849880
0x1418CAA90	CALLEE	0x1418498B0
0x1418CAA90	CALLEE	0x1418498E0
0x1418CAA90	CALLEE	0x141849910
0x1418CAA90	CALLEE	0x141849940
0x1418CAA90	CALLEE	0x141849970
0x1418CAA90	CALLEE	0x1418499A0
0x1418CAA90	CALLEE	0x1418499D0
0x1418CAA90	CALLEE	0x141849A00
0x1418CAA90	CALLEE	0x141849A30
0x1418CAA90	CALLEE	0x141849A60
0x1418CAA90	CALLEE	0x141849A90
0x1418CAA90	CALLEE	0x141849AC0
0x1418CAA90	CALLEE	0x141849AF0
0x1418CAA90	CALLEE	0x141849B20
0x1418CAA90	CALLEE	0x141849B50
0x1418CAA90	CALLEE	0x141849B80
0x1418CAA90	CALLEE	0x141849BB0
0x1418CAA90	CALLEE	0x141849BE0
0x1418CAA90	CALLEE	0x141849C10
0x1418CAA90	CALLEE	0x141849C40
0x1418CAA90	CALLEE	0x141849C70
0x1418CAA90	CALLEE	0x141849CA0
0x1418CAA90	CALLEE	0x141849CD0
0x1418CAA90	CALLEE	0x141849D00
0x1418CAA90	CALLEE	0x141849D30
0x1418CAA90	CALLEE	0x141849D60
0x1418CAA90	CALLEE	0x141849D90
0x1418CAA90	CALLEE	0x141849DC0
0x1418CAA90	CALLEE	0x141849DF0
0x1418CAA90	CALLEE	0x141849E20
0x1418CAA90	CALLEE	0x141849E50
0x1418CAA90	CALLEE	0x141849E80
0x1418CAA90	CALLEE	0x141849EB0
0x1418CAA90	CALLEE	0x141849EE0
0x1418CAA90	CALLEE	0x141849F10
0x1418CAA90	CALLEE	0x141849F40
0x1418CAA90	CALLEE	0x141849F70
0x1418CAA90	CALLEE	0x141849FA0
0x1418CAA90	CALLEE	0x141849FD0
0x1418CAA90	CALLEE	0x14184A000
0x1418CAA90	CALLEE	0x14184A030
0x1418CAA90	CALLEE	0x14184A060
0x1418CAA90	CALLEE	0x14184A090
0x1418CAA90	CALLEE	0x14184A0C0
0x1418CAA90	CALLEE	0x14184A0F0
0x1418CAA90	CALLEE	0x14184A120
0x1418CAA90	CALLEE	0x14184A150
0x1418CAA90	CALLEE	0x14184A180
0x1418CAA90	CALLEE	0x14184A1B0
0x1418CAA90	CALLEE	0x14184A1E0
0x1418CAA90	CALLEE	0x14184A210
0x1418CAA90	CALLEE	0x14184A240
0x1418CAA90	CALLEE	0x14184A270
0x1418CAA90	CALLEE	0x14184A2A0
0x1418CAA90	CALLEE	0x14184A2D0
0x1418CAA90	CALLEE	0x14184A300
0x1418CAA90	CALLEE	0x14184A360
0x1418CAA90	CALLEE	0x14184A390
0x1418CAA90	CALLEE	0x14184A3C0
0x1418CAA90	CALLEE	0x14184A3F0
0x1418CAA90	CALLEE	0x14184A420
0x1418CAA90	CALLEE	0x14184A450
0x1418CAA90	CALLEE	0x14184A480
0x1418CAA90	CALLEE	0x14184A4B0
0x1418CAA90	CALLEE	0x14184A4E0
0x1418CAA90	CALLEE	0x14184A510
0x1418CAA90	CALLEE	0x14184A540
0x1418CAA90	CALLEE	0x14184A570
0x1418CAA90	CALLEE	0x14184A5A0
0x1418CAA90	CALLEE	0x14184A5D0
0x1418CAA90	CALLEE	0x14184A600
0x1418CAA90	CALLEE	0x14184A630
0x1418CAA90	CALLEE	0x14184A660
0x1418CAA90	CALLEE	0x14184A690
0x1418CAA90	CALLEE	0x14184A6C0
0x1418CAA90	CALLEE	0x14184A720
0x1418CAA90	CALLEE	0x14184A750
0x1418CAA90	CALLEE	0x14184A780
0x1418CAA90	CALLEE	0x14184A7B0
0x1418CAA90	CALLEE	0x14184A7E0
0x1418CAA90	CALLEE	0x14184A810
0x1418CAA90	CALLEE	0x14184A840
0x1418CAA90	CALLEE	0x14184A870
0x1418CAA90	CALLEE	0x14184A8A0
0x1418CAA90	CALLEE	0x14184A8D0
0x1418CAA90	CALLEE	0x14184A900
0x1418CAA90	CALLEE	0x14184A930
0x1418CAA90	CALLEE	0x14184A960
0x1418CAA90	CALLEE	0x14184A990
0x1418CAA90	CALLEE	0x14184A9C0
0x1418CAA90	CALLEE	0x14184A9F0
0x1418CAA90	CALLEE	0x14184AA20
0x1418CAA90	CALLEE	0x14184AA50
0x1418CAA90	CALLEE	0x14184AA80
0x1418CAA90	CALLEE	0x14184AAB0
0x1418CAA90	CALLEE	0x14184AAE0
0x1418CAA90	CALLEE	0x14184AB10
0x1418CAA90	CALLEE	0x14184AB40
0x1418CAA90	CALLEE	0x14184AB70
0x1418CAA90	CALLEE	0x14184ABA0
0x1418CAA90	CALLEE	0x14184ABD0
0x1418CAA90	CALLEE	0x14184AC00
0x1418CAA90	CALLEE	0x14184AC30
0x1418CAA90	CALLEE	0x14184AC90
0x1418CAA90	CALLEE	0x14184ACC0
0x1418CAA90	CALLEE	0x14184ACF0
0x1418CAA90	CALLEE	0x14184AD20
0x1418CAA90	CALLEE	0x14184AD50
0x1418CAA90	CALLEE	0x14184AD80
0x1418CAA90	CALLEE	0x14184ADB0
0x1418CAA90	CALLEE	0x14184ADE0
0x1418CAA90	CALLEE	0x14184AE10
0x1418CAA90	CALLEE	0x14184AE40
0x1418CAA90	CALLEE	0x14184AE70
0x1418CAA90	CALLEE	0x14184AED0
0x1418CAA90	CALLEE	0x14184AF00
0x1418CAA90	CALLEE	0x14184AF30
0x1418CAA90	CALLEE	0x14184AF60
0x1418CAA90	CALLEE	0x14184AF90
0x1418CAA90	CALLEE	0x14184AFC0
0x1418CAA90	CALLEE	0x14184AFF0
0x1418CAA90	CALLEE	0x14184B020
0x1418CAA90	CALLEE	0x14184B050
0x1418CAA90	CALLEE	0x14184B080
0x1418CAA90	CALLEE	0x14184B0B0
0x1418CAA90	CALLEE	0x14184B0E0
0x1418CAA90	CALLEE	0x14184B140
0x1418CAA90	CALLEE	0x14184B170
0x1418CAA90	CALLEE	0x14184B1D0
0x1418CAA90	CALLEE	0x14184B200
0x1418CAA90	CALLEE	0x14184B230
0x1418CAA90	CALLEE	0x14184B260
0x1418CAA90	CALLEE	0x14184B290
0x1418CAA90	CALLEE	0x14184B2C0
0x1418CAA90	CALLEE	0x14184B2F0
0x1418CAA90	CALLEE	0x14184B320
0x1418CAA90	CALLEE	0x14184B350
0x1418CAA90	CALLEE	0x14184B380
0x1418CAA90	CALLEE	0x14184B3B0
0x1418CAA90	CALLEE	0x14184B3E0
0x1418CAA90	CALLEE	0x14184B410
0x1418CAA90	CALLEE	0x14184B440
0x1418CAA90	CALLEE	0x14184B470
0x1418CAA90	CALLEE	0x14184B4D0
0x1418CAA90	CALLEE	0x14184B500
0x1418CAA90	CALLEE	0x14184B530
0x1418CAA90	CALLEE	0x14184B560
0x1418CAA90	CALLEE	0x14184B590
0x1418CAA90	CALLEE	0x14184B5F0
0x1418CAA90	CALLEE	0x14184B620
0x1418CAA90	CALLEE	0x14184B650
0x1418CAA90	CALLEE	0x14184B680
0x1418CAA90	CALLEE	0x14184B6B0
0x1418CAA90	CALLEE	0x14184B6E0
0x1418CAA90	CALLEE	0x14184B710
0x1418CAA90	CALLEE	0x14184B740
0x1418CAA90	CALLEE	0x14184B770
0x1418CAA90	CALLEE	0x14184B7A0
0x1418CAA90	CALLEE	0x14184B7D0
0x1418CAA90	CALLEE	0x14184B800
0x1418CAA90	CALLEE	0x14184B830
0x1418CAA90	CALLEE	0x14184B860
0x1418CAA90	CALLEE	0x14184B890
0x1418CAA90	CALLEE	0x14184B8C0
0x1418CAA90	CALLEE	0x14184B8F0
0x1418CAA90	CALLEE	0x14184B920
0x1418CAA90	CALLEE	0x14184B950
0x1418CAA90	CALLEE	0x14184B980
0x1418CAA90	CALLEE	0x14184B9B0
0x1418CAA90	CALLEE	0x14184B9E0
0x1418CAA90	CALLEE	0x14184BA10
0x1418CAA90	CALLEE	0x14184BA40
0x1418CAA90	CALLEE	0x14184BAA0
0x1418CAA90	CALLEE	0x14184BAD0
0x1418CAA90	CALLEE	0x14184BB00
0x1418CAA90	CALLEE	0x14184BB90
0x1418CAA90	CALLEE	0x14184BBC0
0x1418CAA90	CALLEE	0x14184BBF0
0x1418CAA90	CALLEE	0x14184BC20
0x1418CAA90	CALLEE	0x14184BC80
0x1418CAA90	CALLEE	0x14184BCB0
0x1418CAA90	CALLEE	0x14184BCE0
0x1418CAA90	CALLEE	0x14184BD10
0x1418CAA90	CALLEE	0x14184BD40
0x1418CAA90	CALLEE	0x14184BD70
0x1418CAA90	CALLEE	0x14184BDA0
0x1418CAA90	CALLEE	0x14184BDD0
0x1418CAA90	CALLEE	0x14184BE30
0x1418CAA90	CALLEE	0x14184BE60
0x1418CAA90	CALLEE	0x14184BE90
0x1418CAA90	CALLEE	0x14184BEC0
0x1418CAA90	CALLEE	0x14184BEF0
0x1418CAA90	CALLEE	0x14184BF20
0x1418CAA90	CALLEE	0x14184BF50
0x1418CAA90	CALLEE	0x14184BF80
0x1418CAA90	CALLEE	0x14184BFB0
0x1418CAA90	CALLEE	0x14184C010
0x1418CAA90	CALLEE	0x14184C040
0x1418CAA90	CALLEE	0x14184C070
0x1418CAA90	CALLEE	0x14184C100
0x1418CAA90	CALLEE	0x14184C130
0x1418CAA90	CALLEE	0x14184C160
0x1418CAA90	CALLEE	0x14184C190
0x1418CAA90	CALLEE	0x14184C1C0
0x1418CAA90	CALLEE	0x14184C1F0
0x1418CAA90	CALLEE	0x14184C220
0x1418CAA90	CALLEE	0x14184C250
0x1418CAA90	CALLEE	0x14184C280
0x1418CAA90	CALLEE	0x14184C2E0
0x1418CAA90	CALLEE	0x14184C310
0x1418CAA90	CALLEE	0x14184C340
0x1418CAA90	CALLEE	0x14184C370
0x1418CAA90	CALLEE	0x14184C3A0
0x1418CAA90	CALLEE	0x14184C400
0x1418CAA90	CALLEE	0x14184C430
0x1418CAA90	CALLEE	0x14184C490
0x1418CAA90	CALLEE	0x14184C4C0
0x1418CAA90	CALLEE	0x14184C4F0
0x1418CAA90	CALLEE	0x14184C520
0x1418CAA90	CALLEE	0x14184C550
0x1418CAA90	CALLEE	0x14184C580
0x1418CAA90	CALLEE	0x14184C5B0
0x1418CAA90	CALLEE	0x14184C5E0
0x1418CAA90	CALLEE	0x14184C640
0x1418CAA90	CALLEE	0x14184C670
0x1418CAA90	CALLEE	0x14184C6A0
0x1418CAA90	CALLEE	0x14184C6D0
0x1418CAA90	CALLEE	0x14184C700
0x1418CAA90	CALLEE	0x14184C730
0x1418CAA90	CALLEE	0x14184C760
0x1418CAA90	CALLEE	0x14184C790
0x1418CAA90	CALLEE	0x14184C7C0
0x1418CAA90	CALLEE	0x14184C7F0
0x1418CAA90	CALLEE	0x14184C820
0x1418CAA90	CALLEE	0x14184C850
0x1418CAA90	CALLEE	0x14184C880
0x1418CAA90	CALLEE	0x14184C8B0
0x1418CAA90	CALLEE	0x14184C8E0
0x1418CAA90	CALLEE	0x14184C910
0x1418CAA90	CALLEE	0x14184C940
0x1418CAA90	CALLEE	0x14184C970
0x1418CAA90	CALLEE	0x14184C9A0
0x1418CAA90	CALLEE	0x14184C9D0
0x1418CAA90	CALLEE	0x14184CA00
0x1418CAA90	CALLEE	0x14184CA30
0x1418CAA90	CALLEE	0x14184CA60
0x1418CAA90	CALLEE	0x14184CA90
0x1418CAA90	CALLEE	0x14184CAC0
0x1418CAA90	CALLEE	0x14184CAF0
0x1418CAA90	CALLEE	0x14184CB20
0x1418CAA90	CALLEE	0x14184CB50
0x1418CAA90	CALLEE	0x14184CB80
0x1418CAA90	CALLEE	0x14184CBB0
0x1418CAA90	CALLEE	0x14184CBE0
0x1418CAA90	CALLEE	0x14184CC10
0x1418CAA90	CALLEE	0x14184CC40
0x1418CAA90	CALLEE	0x14184CC70
0x1418CAA90	CALLEE	0x14184CCA0
0x1418CAA90	CALLEE	0x14184CD00
0x1418CAA90	CALLEE	0x14184CD30
0x1418CAA90	CALLEE	0x14184CD60
0x1418CAA90	CALLEE	0x14184CD90
0x1418CAA90	CALLEE	0x14184CDC0
0x1418CAA90	CALLEE	0x14184CDF0
0x1418CAA90	CALLEE	0x14184CE20
0x1418CAA90	CALLEE	0x14184CE50
0x1418CAA90	CALLEE	0x14184CE80
0x1418CAA90	CALLEE	0x14184CEB0
0x1418CAA90	CALLEE	0x14184CEE0
0x1418CAA90	CALLEE	0x14184CF10
0x1418CAA90	CALLEE	0x14184CF40
0x1418CAA90	CALLEE	0x14184CF70
0x1418CAA90	CALLEE	0x14184CFA0
0x1418CAA90	CALLEE	0x14184CFD0
0x1418CAA90	CALLEE	0x14184D000
0x1418CAA90	CALLEE	0x14184D030
0x1418CAA90	CALLEE	0x14184D060
0x1418CAA90	CALLEE	0x14184D090
0x1418CAA90	CALLEE	0x14184D0C0
0x1418CAA90	CALLEE	0x14184D0F0
0x1418CAA90	CALLEE	0x14184D120
0x1418CAA90	CALLEE	0x14184D150
0x1418CAA90	CALLEE	0x14184D180
0x1418CAA90	CALLEE	0x14184D1B0
0x1418CAA90	CALLEE	0x14184D1E0
0x1418CAA90	CALLEE	0x14184D210
0x1418CAA90	CALLEE	0x14184D240
0x1418CAA90	CALLEE	0x14184D270
0x1418CAA90	CALLEE	0x14184D2A0
0x1418CAA90	CALLEE	0x14184D2D0
0x1418CAA90	CALLEE	0x14184D300
0x1418CAA90	CALLEE	0x14184D330
0x1418CAA90	CALLEE	0x14184D360
0x1418CAA90	CALLEE	0x14184D3C0
0x1418CAA90	CALLEE	0x14184D3F0
0x1418CAA90	CALLEE	0x14184D420
0x1418CAA90	CALLEE	0x14184D450
0x1418CAA90	CALLEE	0x14184D480
0x1418CAA90	CALLEE	0x14184D4B0
0x1418CAA90	CALLEE	0x14184D4E0
0x1418CAA90	CALLEE	0x14184D510
0x1418CAA90	CALLEE	0x14184D540
0x1418CAA90	CALLEE	0x14184D570
0x1418CAA90	CALLEE	0x14184D5A0
0x1418CAA90	CALLEE	0x14184D5D0
0x1418CAA90	CALLEE	0x14184D600
0x1418CAA90	CALLEE	0x14184D630
0x1418CAA90	CALLEE	0x14184D690
0x1418CAA90	CALLEE	0x14184D6C0
0x1418CAA90	CALLEE	0x14184D6F0
0x1418CAA90	CALLEE	0x14184D720
0x1418CAA90	CALLEE	0x14184D750
0x1418CAA90	CALLEE	0x14184D780
0x1418CAA90	CALLEE	0x14184D7B0
0x1418CAA90	CALLEE	0x14184D7E0
0x1418CAA90	CALLEE	0x14184D810
0x1418CAA90	CALLEE	0x14184D840
0x1418CAA90	CALLEE	0x14184D870
0x1418CAA90	CALLEE	0x14184D8A0
0x1418CAA90	CALLEE	0x14184D8D0
0x1418CAA90	CALLEE	0x14184D900
0x1418CAA90	CALLEE	0x14184D930
0x1418CAA90	CALLEE	0x14184D960
0x1418CAA90	CALLEE	0x14184D990
0x1418CAA90	CALLEE	0x14184D9F0
0x1418CAA90	CALLEE	0x14184DA20
0x1418CAA90	CALLEE	0x14184DA50
0x1418CAA90	CALLEE	0x14184DA80
0x1418CAA90	CALLEE	0x14184DAB0
0x1418CAA90	CALLEE	0x14184DAE0
0x1418CAA90	CALLEE	0x14184DB10
0x1418CAA90	CALLEE	0x14184DB40
0x1418CAA90	CALLEE	0x14184DB70
0x1418CAA90	CALLEE	0x14184DBA0
0x1418CAA90	CALLEE	0x14184DBD0
0x1418CAA90	CALLEE	0x14184DC00
0x1418CAA90	CALLEE	0x14184DC30
0x1418CAA90	CALLEE	0x14184DC90
0x1418CAA90	CALLEE	0x14184DCF0
0x1418CAA90	CALLEE	0x14184DD20
0x1418CAA90	CALLEE	0x14184DD50
0x1418CAA90	CALLEE	0x14184DD80
0x1418CAA90	CALLEE	0x14184DDB0
0x1418CAA90	CALLEE	0x14184DDE0
0x1418CAA90	CALLEE	0x14184DE10
0x1418CAA90	CALLEE	0x14184DE40
0x1418CAA90	CALLEE	0x14184DE70
0x1418CAA90	CALLEE	0x14184DEA0
0x1418CAA90	CALLEE	0x14184DED0
0x1418CAA90	CALLEE	0x14184DF00
0x1418CAA90	CALLEE	0x14184DF30
0x1418CAA90	CALLEE	0x14184DF60
0x1418CAA90	CALLEE	0x14184DF90
0x1418CAA90	CALLEE	0x14184DFC0
0x1418CAA90	CALLEE	0x14184DFF0
0x1418CAA90	CALLEE	0x14184E020
0x1418CAA90	CALLEE	0x14184E050
0x1418CAA90	CALLEE	0x14184E080
0x1418CAA90	CALLEE	0x14184E0B0
0x1418CAA90	CALLEE	0x14184E0E0
0x1418CAA90	CALLEE	0x14184E110
0x1418CAA90	CALLEE	0x14184E140
0x1418CAA90	CALLEE	0x14184E170
0x1418CAA90	CALLEE	0x14184E1A0
0x1418CAA90	CALLEE	0x14184E1D0
0x1418CAA90	CALLEE	0x14184E200
0x1418CAA90	CALLEE	0x14184E230
0x1418CAA90	CALLEE	0x14184E290
0x1418CAA90	CALLEE	0x14184E2C0
0x1418CAA90	CALLEE	0x14184E2F0
0x1418CAA90	CALLEE	0x14184E320
0x1418CAA90	CALLEE	0x14184E350
0x1418CAA90	CALLEE	0x14184E380
0x1418CAA90	CALLEE	0x14184E3B0
0x1418CAA90	CALLEE	0x14184E3E0
0x1418CAA90	CALLEE	0x14184E410
0x1418CAA90	CALLEE	0x14184E440
0x1418CAA90	CALLEE	0x14184E470
0x1418CAA90	CALLEE	0x14184E4A0
0x1418CAA90	CALLEE	0x14184E4D0
0x1418CAA90	CALLEE	0x14184E500
0x1418CAA90	CALLEE	0x14184E530
0x1418CAA90	CALLEE	0x14184E560
0x1418CAA90	CALLEE	0x14184E590
0x1418CAA90	CALLEE	0x14184E5C0
0x1418CAA90	CALLEE	0x14184E5F0
0x1418CAA90	CALLEE	0x14184E620
0x1418CAA90	CALLEE	0x14184E650
0x1418CAA90	CALLEE	0x14184E680
0x1418CAA90	CALLEE	0x14184E6B0
0x1418CAA90	CALLEE	0x14184E6E0
0x1418CAA90	CALLEE	0x14184E710
0x1418CAA90	CALLEE	0x14184E740
0x1418CAA90	CALLEE	0x14184E770
0x1418CAA90	CALLEE	0x14184E7A0
0x1418CAA90	CALLEE	0x14184E7D0
0x1418CAA90	CALLEE	0x14184E800
0x1418CAA90	CALLEE	0x14184E860
0x1418CAA90	CALLEE	0x14184E890
0x1418CAA90	CALLEE	0x14184E8C0
0x1418CAA90	CALLEE	0x14184E8F0
0x1418CAA90	CALLEE	0x14184E920
0x1418CAA90	CALLEE	0x14184E950
0x1418CAA90	CALLEE	0x14184E980
0x1418CAA90	CALLEE	0x14184E9B0
0x1418CAA90	CALLEE	0x14184E9E0
0x1418CAA90	CALLEE	0x14184EA10
0x1418CAA90	CALLEE	0x14184EA40
0x1418CAA90	CALLEE	0x14184EA70
0x1418CAA90	CALLEE	0x14184EAA0
0x1418CAA90	CALLEE	0x14184EAD0
0x1418CAA90	CALLEE	0x14184EB00
0x1418CAA90	CALLEE	0x14184EB30
0x1418CAA90	CALLEE	0x14184EB60
0x1418CAA90	CALLEE	0x14184EB90
0x1418CAA90	CALLEE	0x14184EBC0
0x1418CAA90	CALLEE	0x14184EBF0
0x1418CAA90	CALLEE	0x14184EC20
0x1418CAA90	CALLEE	0x14184EC50
0x1418CAA90	CALLEE	0x14184ECB0
0x1418CAA90	CALLEE	0x14184ECE0
0x1418CAA90	CALLEE	0x14184ED10
0x1418CAA90	CALLEE	0x14184ED40
0x1418CAA90	CALLEE	0x14184ED70
0x1418CAA90	CALLEE	0x14184EDA0
0x1418CAA90	CALLEE	0x14184EDD0
0x1418CAA90	CALLEE	0x14184EE00
0x1418CAA90	CALLEE	0x14184EE30
0x1418CAA90	CALLEE	0x14184EE60
0x1418CAA90	CALLEE	0x14184EE90
0x1418CAA90	CALLEE	0x14184EEC0
0x1418CAA90	CALLEE	0x14184EEF0
0x1418CAA90	CALLEE	0x14184EF20
0x1418CAA90	CALLEE	0x14184EF50
0x1418CAA90	CALLEE	0x14184EF80
0x1418CAA90	CALLEE	0x14184EFB0
0x1418CAA90	CALLEE	0x14184EFE0
0x1418CAA90	CALLEE	0x14184F040
0x1418CAA90	CALLEE	0x14184F070
0x1418CAA90	CALLEE	0x14184F0A0
0x1418CAA90	CALLEE	0x14184F0D0
0x1418CAA90	CALLEE	0x14184F100
0x1418CAA90	CALLEE	0x14184F130
0x1418CAA90	CALLEE	0x14184F160
0x1418CAA90	CALLEE	0x14184F190
0x1418CAA90	CALLEE	0x14184F1C0
0x1418CAA90	CALLEE	0x14184F1F0
0x1418CAA90	CALLEE	0x14184F220
0x1418CAA90	CALLEE	0x1418523D0
0x1418CAA90	CALLEE	0x141852460
0x1418CAA90	CALLEE	0x141852590
0x1418CAA90	CALLEE	0x1418525F0
0x1418CAA90	CALLEE	0x141852650
0x1418CAA90	CALLEE	0x1418526B0
0x1418CAA90	CALLEE	0x141852710
0x1418CAA90	CALLEE	0x141852770
0x1418CAA90	CALLEE	0x1418527D0
0x1418CAA90	CALLEE	0x141852830
0x1418CAA90	CALLEE	0x141852890
0x1418CAA90	CALLEE	0x1418528F0
0x1418CAA90	CALLEE	0x141852950
0x1418CAA90	CALLEE	0x1418529B0
0x1418CAA90	CALLEE	0x141852A10
0x1418CAA90	CALLEE	0x141852A70
0x1418CAA90	CALLEE	0x141852AD0
0x1418CAA90	CALLEE	0x141852B30
0x1418CAA90	CALLEE	0x141852B90
0x1418CAA90	CALLEE	0x141852BF0
0x1418CAA90	CALLEE	0x141852C50
0x1418CAA90	CALLEE	0x141852CB0
0x1418CAA90	CALLEE	0x141852D10
0x1418CAA90	CALLEE	0x141852D70
0x1418CAA90	CALLEE	0x141852DD0
0x1418CAA90	CALLEE	0x141852E30
0x1418CAA90	CALLEE	0x141852E90
0x1418CAA90	CALLEE	0x141852EF0
0x1418CAA90	CALLEE	0x141852F50
0x1418CAA90	CALLEE	0x141852FB0
0x1418CAA90	CALLEE	0x141853010
0x1418CAA90	CALLEE	0x141853070
0x1418CAA90	CALLEE	0x1418530D0
0x1418CAA90	CALLEE	0x141853130
0x1418CAA90	CALLEE	0x141853190
0x1418CAA90	CALLEE	0x1418531F0
0x1418CAA90	CALLEE	0x141853250
0x1418CAA90	CALLEE	0x1418532B0
0x1418CAA90	CALLEE	0x141853310
0x1418CAA90	CALLEE	0x141853370
0x1418CAA90	CALLEE	0x1418533D0
0x1418CAA90	CALLEE	0x141853430
0x1418CAA90	CALLEE	0x141853490
0x1418CAA90	CALLEE	0x1418534F0
0x1418CAA90	CALLEE	0x141853550
0x1418CAA90	CALLEE	0x1418535B0
0x1418CAA90	CALLEE	0x141853610
0x1418CAA90	CALLEE	0x141853670
0x1418CAA90	CALLEE	0x1418536D0
0x1418CAA90	CALLEE	0x141853730
0x1418CAA90	CALLEE	0x141853790
0x1418CAA90	CALLEE	0x1418537F0
0x1418CAA90	CALLEE	0x141853850
0x1418CAA90	CALLEE	0x1418538B0
0x1418CAA90	CALLEE	0x141853910
0x1418CAA90	CALLEE	0x141853970
0x1418CAA90	CALLEE	0x1418539D0
0x1418CAA90	CALLEE	0x141853A30
0x1418CAA90	CALLEE	0x141853A90
0x1418CAA90	CALLEE	0x141853AF0
0x1418CAA90	CALLEE	0x141853B50
0x1418CAA90	CALLEE	0x141853BB0
0x1418CAA90	CALLEE	0x141853C10
0x1418CAA90	CALLEE	0x141853C70
0x1418CAA90	CALLEE	0x141853CD0
0x1418CAA90	CALLEE	0x141853D30
0x1418CAA90	CALLEE	0x141853D90
0x1418CAA90	CALLEE	0x141853DF0
0x1418CAA90	CALLEE	0x141853E50
0x1418CAA90	CALLEE	0x141853EB0
0x1418CAA90	CALLEE	0x141853F10
0x1418CAA90	CALLEE	0x141853F70
0x1418CAA90	CALLEE	0x141853FD0
0x1418CAA90	CALLEE	0x141854030
0x1418CAA90	CALLEE	0x141854090
0x1418CAA90	CALLEE	0x1418540F0
0x1418CAA90	CALLEE	0x141854150
0x1418CAA90	CALLEE	0x1418541B0
0x1418CAA90	CALLEE	0x141854210
0x1418CAA90	CALLEE	0x141854270
0x1418CAA90	CALLEE	0x1418542D0
0x1418CAA90	CALLEE	0x141854330
0x1418CAA90	CALLEE	0x141854390
0x1418CAA90	CALLEE	0x1418543F0
0x1418CAA90	CALLEE	0x141854450
0x1418CAA90	CALLEE	0x1418544B0
0x1418CAA90	CALLEE	0x141854510
0x1418CAA90	CALLEE	0x141854570
0x1418CAA90	CALLEE	0x1418545D0
0x1418CAA90	CALLEE	0x141854630
0x1418CAA90	CALLEE	0x141854690
0x1418CAA90	CALLEE	0x1418546F0
0x1418CAA90	CALLEE	0x141854750
0x1418CAA90	CALLEE	0x1418547B0
0x1418CAA90	CALLEE	0x141854810
0x1418CAA90	CALLEE	0x141854870
0x1418CAA90	CALLEE	0x1418548D0
0x1418CAA90	CALLEE	0x141854930
0x1418CAA90	CALLEE	0x141854990
0x1418CAA90	CALLEE	0x1418549F0
0x1418CAA90	CALLEE	0x141854A50
0x1418CAA90	CALLEE	0x141854AB0
0x1418CAA90	CALLEE	0x141854B10
0x1418CAA90	CALLEE	0x141854B70
0x1418CAA90	CALLEE	0x141854BD0
0x1418CAA90	CALLEE	0x141854C30
0x1418CAA90	CALLEE	0x141854C90
0x1418CAA90	CALLEE	0x141854CF0
0x1418CAA90	CALLEE	0x141854D50
0x1418CAA90	CALLEE	0x141854DB0
0x1418CAA90	CALLEE	0x141854E10
0x1418CAA90	CALLEE	0x141854E70
0x1418CAA90	CALLEE	0x141854ED0
0x1418CAA90	CALLEE	0x141854F30
0x1418CAA90	CALLEE	0x141854F90
0x1418CAA90	CALLEE	0x141854FF0
0x1418CAA90	CALLEE	0x141855050
0x1418CAA90	CALLEE	0x1418550B0
0x1418CAA90	CALLEE	0x141855110
0x1418CAA90	CALLEE	0x141855170
0x1418CAA90	CALLEE	0x1418551D0
0x1418CAA90	CALLEE	0x141855230
0x1418CAA90	CALLEE	0x141855290
0x1418CAA90	CALLEE	0x1418552F0
0x1418CAA90	CALLEE	0x141855350
0x1418CAA90	CALLEE	0x1418553B0
0x1418CAA90	CALLEE	0x141855410
0x1418CAA90	CALLEE	0x141855470
0x1418CAA90	CALLEE	0x1418554D0
0x1418CAA90	CALLEE	0x141855530
0x1418CAA90	CALLEE	0x141855590
0x1418CAA90	CALLEE	0x1418555F0
0x1418CAA90	CALLEE	0x141855650
0x1418CAA90	CALLEE	0x1418556B0
0x1418CAA90	CALLEE	0x141855710
0x1418CAA90	CALLEE	0x141855770
0x1418CAA90	CALLEE	0x1418557D0
0x1418CAA90	CALLEE	0x141855830
0x1418CAA90	CALLEE	0x141855890
0x1418CAA90	CALLEE	0x1418558F0
0x1418CAA90	CALLEE	0x141855950
0x1418CAA90	CALLEE	0x1418559B0
0x1418CAA90	CALLEE	0x141855A10
0x1418CAA90	CALLEE	0x141855A70
0x1418CAA90	CALLEE	0x141855AD0
0x1418CAA90	CALLEE	0x141855B30
0x1418CAA90	CALLEE	0x141855B90
0x1418CAA90	CALLEE	0x141855BF0
0x1418CAA90	CALLEE	0x141855C50
0x1418CAA90	CALLEE	0x141855CB0
0x1418CAA90	CALLEE	0x141855D10
0x1418CAA90	CALLEE	0x141855D70
0x1418CAA90	CALLEE	0x141855DD0
0x1418CAA90	CALLEE	0x141855E30
0x1418CAA90	CALLEE	0x141855E90
0x1418CAA90	CALLEE	0x141855EF0
0x1418CAA90	CALLEE	0x141855F50
0x1418CAA90	CALLEE	0x141855FB0
0x1418CAA90	CALLEE	0x141856010
0x1418CAA90	CALLEE	0x141856070
0x1418CAA90	CALLEE	0x1418560D0
0x1418CAA90	CALLEE	0x141856130
0x1418CAA90	CALLEE	0x141856190
0x1418CAA90	CALLEE	0x1418561F0
0x1418CAA90	CALLEE	0x141856250
0x1418CAA90	CALLEE	0x1418562B0
0x1418CAA90	CALLEE	0x141856310
0x1418CAA90	CALLEE	0x141856370
0x1418CAA90	CALLEE	0x1418563D0
0x1418CAA90	CALLEE	0x141856430
0x1418CAA90	CALLEE	0x141856490
0x1418CAA90	CALLEE	0x1418564F0
0x1418CAA90	CALLEE	0x141856550
0x1418CAA90	CALLEE	0x1418565B0
0x1418CAA90	CALLEE	0x141856610
0x1418CAA90	CALLEE	0x141856670
0x1418CAA90	CALLEE	0x1418566D0
0x1418CAA90	CALLEE	0x141856730
0x1418CAA90	CALLEE	0x141856790
0x1418CAA90	CALLEE	0x1418567F0
0x1418CAA90	CALLEE	0x141856850
0x1418CAA90	CALLEE	0x1418568B0
0x1418CAA90	CALLEE	0x141856910
0x1418CAA90	CALLEE	0x141856970
0x1418CAA90	CALLEE	0x1418569D0
0x1418CAA90	CALLEE	0x141856A30
0x1418CAA90	CALLEE	0x141856A90
0x1418CAA90	CALLEE	0x141856AF0
0x1418CAA90	CALLEE	0x141856B50
0x1418CAA90	CALLEE	0x141856BB0
0x1418CAA90	CALLEE	0x141856C10
0x1418CAA90	CALLEE	0x141856C70
0x1418CAA90	CALLEE	0x141856CD0
0x1418CAA90	CALLEE	0x141856D30
0x1418CAA90	CALLEE	0x141856D90
0x1418CAA90	CALLEE	0x141856DF0
0x1418CAA90	CALLEE	0x141856E50
0x1418CAA90	CALLEE	0x141856EB0
0x1418CAA90	CALLEE	0x141856F10
0x1418CAA90	CALLEE	0x141856F70
0x1418CAA90	CALLEE	0x141856FD0
0x1418CAA90	CALLEE	0x141857030
0x1418CAA90	CALLEE	0x141857090
0x1418CAA90	CALLEE	0x1418570F0
0x1418CAA90	CALLEE	0x141857150
0x1418CAA90	CALLEE	0x1418571B0
0x1418CAA90	CALLEE	0x141857210
0x1418CAA90	CALLEE	0x141857270
0x1418CAA90	CALLEE	0x1418572D0
0x1418CAA90	CALLEE	0x141857330
0x1418CAA90	CALLEE	0x141857390
0x1418CAA90	CALLEE	0x1418573F0
0x1418CAA90	CALLEE	0x141857450
0x1418CAA90	CALLEE	0x1418574B0
0x1418CAA90	CALLEE	0x141857510
0x1418CAA90	CALLEE	0x141857570
0x1418CAA90	CALLEE	0x1418575D0
0x1418CAA90	CALLEE	0x141857630
0x1418CAA90	CALLEE	0x141857690
0x1418CAA90	CALLEE	0x1418576F0
0x1418CAA90	CALLEE	0x141857750
0x1418CAA90	CALLEE	0x1418577B0
0x1418CAA90	CALLEE	0x141857810
0x1418CAA90	CALLEE	0x141857870
0x1418CAA90	CALLEE	0x1418578D0
0x1418CAA90	CALLEE	0x141857930
0x1418CAA90	CALLEE	0x141857990
0x1418CAA90	CALLEE	0x1418579F0
0x1418CAA90	CALLEE	0x141857A50
0x1418CAA90	CALLEE	0x141857AB0
0x1418CAA90	CALLEE	0x141857B10
0x1418CAA90	CALLEE	0x141857B70
0x1418CAA90	CALLEE	0x141857BD0
0x1418CAA90	CALLEE	0x141857C30
0x1418CAA90	CALLEE	0x141857C90
0x1418CAA90	CALLEE	0x141857CF0
0x1418CAA90	CALLEE	0x141857D50
0x1418CAA90	CALLEE	0x141857DB0
0x1418CAA90	CALLEE	0x141857E10
0x1418CAA90	CALLEE	0x141857E70
0x1418CAA90	CALLEE	0x141857ED0
0x1418CAA90	CALLEE	0x141857F30
0x1418CAA90	CALLEE	0x141857F90
0x1418CAA90	CALLEE	0x141857FF0
0x1418CAA90	CALLEE	0x141858050
0x1418CAA90	CALLEE	0x1418580B0
0x1418CAA90	CALLEE	0x141858110
0x1418CAA90	CALLEE	0x141858170
0x1418CAA90	CALLEE	0x1418581D0
0x1418CAA90	CALLEE	0x141858230
0x1418CAA90	CALLEE	0x141858290
0x1418CAA90	CALLEE	0x1418582F0
0x1418CAA90	CALLEE	0x141858350
0x1418CAA90	CALLEE	0x1418583B0
0x1418CAA90	CALLEE	0x141858410
0x1418CAA90	CALLEE	0x141858470
0x1418CAA90	CALLEE	0x1418584D0
0x1418CAA90	CALLEE	0x141858530
0x1418CAA90	CALLEE	0x141858590
0x1418CAA90	CALLEE	0x1418585F0
0x1418CAA90	CALLEE	0x141858650
0x1418CAA90	CALLEE	0x1418586B0
0x1418CAA90	CALLEE	0x141858710
0x1418CAA90	CALLEE	0x141858770
0x1418CAA90	CALLEE	0x1418587D0
0x1418CAA90	CALLEE	0x141858830
0x1418CAA90	CALLEE	0x141858890
0x1418CAA90	CALLEE	0x1418588F0
0x1418CAA90	CALLEE	0x141858950
0x1418CAA90	CALLEE	0x1418589B0
0x1418CAA90	CALLEE	0x141858A10
0x1418CAA90	CALLEE	0x141858A70
0x1418CAA90	CALLEE	0x141858AD0
0x1418CAA90	CALLEE	0x141858B30
0x1418CAA90	CALLEE	0x141858B90
0x1418CAA90	CALLEE	0x141858BF0
0x1418CAA90	CALLEE	0x141858C50
0x1418CAA90	CALLEE	0x141858CB0
0x1418CAA90	CALLEE	0x141858D10
0x1418CAA90	CALLEE	0x141858D70
0x1418CAA90	CALLEE	0x141858DD0
0x1418CAA90	CALLEE	0x141858E30
0x1418CAA90	CALLEE	0x141858E90
0x1418CAA90	CALLEE	0x141858EF0
0x1418CAA90	CALLEE	0x141858F50
0x1418CAA90	CALLEE	0x141858FB0
0x1418CAA90	CALLEE	0x141859010
0x1418CAA90	CALLEE	0x141859070
0x1418CAA90	CALLEE	0x1418590D0
0x1418CAA90	CALLEE	0x141859130
0x1418CAA90	CALLEE	0x141859190
0x1418CAA90	CALLEE	0x1418591F0
0x1418CAA90	CALLEE	0x141859250
0x1418CAA90	CALLEE	0x1418592B0
0x1418CAA90	CALLEE	0x141859310
0x1418CAA90	CALLEE	0x141859370
0x1418CAA90	CALLEE	0x1418593D0
0x1418CAA90	CALLEE	0x141859430
0x1418CAA90	CALLEE	0x141859490
0x1418CAA90	CALLEE	0x1418594F0
0x1418CAA90	CALLEE	0x141859550
0x1418CAA90	CALLEE	0x1418595B0
0x1418CAA90	CALLEE	0x141859610
0x1418CAA90	CALLEE	0x141859670
0x1418CAA90	CALLEE	0x1418596D0
0x1418CAA90	CALLEE	0x141859730
0x1418CAA90	CALLEE	0x141859790
0x1418CAA90	CALLEE	0x1418597F0
0x1418CAA90	CALLEE	0x141859850
0x1418CAA90	CALLEE	0x1418598B0
0x1418CAA90	CALLEE	0x141859910
0x1418CAA90	CALLEE	0x141859970
0x1418CAA90	CALLEE	0x1418599D0
0x1418CAA90	CALLEE	0x141859A30
0x1418CAA90	CALLEE	0x141859A90
0x1418CAA90	CALLEE	0x141859AF0
0x1418CAA90	CALLEE	0x141859B50
0x1418CAA90	CALLEE	0x141859BB0
0x1418CAA90	CALLEE	0x141859C10
0x1418CAA90	CALLEE	0x141859C70
0x1418CAA90	CALLEE	0x141859CD0
0x1418CAA90	CALLEE	0x141859D30
0x1418CAA90	CALLEE	0x141859D90
0x1418CAA90	CALLEE	0x141859DF0
0x1418CAA90	CALLEE	0x141859E50
0x1418CAA90	CALLEE	0x141859EB0
0x1418CAA90	CALLEE	0x141859F10
0x1418CAA90	CALLEE	0x141859F70
0x1418CAA90	CALLEE	0x141859FD0
0x1418CAA90	CALLEE	0x14185A030
0x1418CAA90	CALLEE	0x14185A090
0x1418CAA90	CALLEE	0x14185A0F0
0x1418CAA90	CALLEE	0x14185A150
0x1418CAA90	CALLEE	0x14185A1B0
0x1418CAA90	CALLEE	0x14185A210
0x1418CAA90	CALLEE	0x14185A270
0x1418CAA90	CALLEE	0x14185A2D0
0x1418CAA90	CALLEE	0x14185A330
0x1418CAA90	CALLEE	0x14185A390
0x1418CAA90	CALLEE	0x14185A3F0
0x1418CAA90	CALLEE	0x14185A450
0x1418CAA90	CALLEE	0x14185A4B0
0x1418CAA90	CALLEE	0x14185A510
0x1418CAA90	CALLEE	0x14185A570
0x1418CAA90	CALLEE	0x14185A5D0
0x1418CAA90	CALLEE	0x14185A630
0x1418CAA90	CALLEE	0x14185A690
0x1418CAA90	CALLEE	0x14185A6F0
0x1418CAA90	CALLEE	0x14185A750
0x1418CAA90	CALLEE	0x14185A7B0
0x1418CAA90	CALLEE	0x14185A810
0x1418CAA90	CALLEE	0x14185A870
0x1418CAA90	CALLEE	0x14185A8D0
0x1418CAA90	CALLEE	0x14185A930
0x1418CAA90	CALLEE	0x14185A990
0x1418CAA90	CALLEE	0x14185A9F0
0x1418CAA90	CALLEE	0x14185AA50
0x1418CAA90	CALLEE	0x14185AAB0
0x1418CAA90	CALLEE	0x14185AB10
0x1418CAA90	CALLEE	0x14185AB70
0x1418CAA90	CALLEE	0x14185ABD0
0x1418CAA90	CALLEE	0x14185AC30
0x1418CAA90	CALLEE	0x14185AC90
0x1418CAA90	CALLEE	0x14185ACF0
0x1418CAA90	CALLEE	0x14185AD50
0x1418CAA90	CALLEE	0x14185ADB0
0x1418CAA90	CALLEE	0x14185AE10
0x1418CAA90	CALLEE	0x14185AE70
0x1418CAA90	CALLEE	0x14185AED0
0x1418CAA90	CALLEE	0x14185AF30
0x1418CAA90	CALLEE	0x14185AF90
0x1418CAA90	CALLEE	0x14185AFF0
0x1418CAA90	CALLEE	0x14185B050
0x1418CAA90	CALLEE	0x14185B0B0
0x1418CAA90	CALLEE	0x14185B110
0x1418CAA90	CALLEE	0x14185B170
0x1418CAA90	CALLEE	0x14185B1D0
0x1418CAA90	CALLEE	0x14185B230
0x1418CAA90	CALLEE	0x14185B290
0x1418CAA90	CALLEE	0x14185B2F0
0x1418CAA90	CALLEE	0x14185B350
0x1418CAA90	CALLEE	0x14185B3B0
0x1418CAA90	CALLEE	0x14185B410
0x1418CAA90	CALLEE	0x14185B470
0x1418CAA90	CALLEE	0x14185B4D0
0x1418CAA90	CALLEE	0x14185B530
0x1418CAA90	CALLEE	0x14185B590
0x1418CAA90	CALLEE	0x14185B5F0
0x1418CAA90	CALLEE	0x14185B650
0x1418CAA90	CALLEE	0x14185B6B0
0x1418CAA90	CALLEE	0x14185B710
0x1418CAA90	CALLEE	0x14185B770
0x1418CAA90	CALLEE	0x14185B7D0
0x1418CAA90	CALLEE	0x14185B830
0x1418CAA90	CALLEE	0x14185B890
0x1418CAA90	CALLEE	0x14185B8F0
0x1418CAA90	CALLEE	0x14185B950
0x1418CAA90	CALLEE	0x14185B9B0
0x1418CAA90	CALLEE	0x14185BA10
0x1418CAA90	CALLEE	0x14185BA70
0x1418CAA90	CALLEE	0x14185BAD0
0x1418CAA90	CALLEE	0x14185BB30
0x1418CAA90	CALLEE	0x14185BB90
0x1418CAA90	CALLEE	0x14185BBF0
0x1418CAA90	CALLEE	0x14185BC50
0x1418CAA90	CALLEE	0x14185BCB0
0x1418CAA90	CALLEE	0x14185BD10
0x1418CAA90	CALLEE	0x14185BD70
0x1418CAA90	CALLEE	0x14185BDD0
0x1418CAA90	CALLEE	0x14185BE30
0x1418CAA90	CALLEE	0x14185BE90
0x1418CAA90	CALLEE	0x14185BEF0
0x1418CAA90	CALLEE	0x14185BF50
0x1418CAA90	CALLEE	0x14185BFB0
0x1418CAA90	CALLEE	0x14185C010
0x1418CAA90	CALLEE	0x14185C070
0x1418CAA90	CALLEE	0x14185C0D0
0x1418CAA90	CALLEE	0x14185C130
0x1418CAA90	CALLEE	0x14185C190
0x1418CAA90	CALLEE	0x14185C1F0
0x1418CAA90	CALLEE	0x14185C250
0x1418CAA90	CALLEE	0x14185C2B0
0x1418CAA90	CALLEE	0x14185C310
0x1418CAA90	CALLEE	0x14185C370
0x1418CAA90	CALLEE	0x14185C3D0
0x1418CAA90	CALLEE	0x14185C430
0x1418CAA90	CALLEE	0x14185C490
0x1418CAA90	CALLEE	0x14185C4F0
0x1418CAA90	CALLEE	0x14185C550
0x1418CAA90	CALLEE	0x14185C5B0
0x1418CAA90	CALLEE	0x14185C610
0x1418CAA90	CALLEE	0x14185C670
0x1418CAA90	CALLEE	0x14185C6D0
0x1418CAA90	CALLEE	0x14185C730
0x1418CAA90	CALLEE	0x14185C790
0x1418CAA90	CALLEE	0x14185C7F0
0x1418CAA90	CALLEE	0x14185C850
0x1418CAA90	CALLEE	0x14185C8B0
0x1418CAA90	CALLEE	0x14185C910
0x1418CAA90	CALLEE	0x14185C970
0x1418CAA90	CALLEE	0x14185C9D0
0x1418CAA90	CALLEE	0x14185CA30
0x1418CAA90	CALLEE	0x14185CA90
0x1418CAA90	CALLEE	0x14185CAF0
0x1418CAA90	CALLEE	0x14185CB50
0x1418CAA90	CALLEE	0x14185CBB0
0x1418CAA90	CALLEE	0x14185CC10
0x1418CAA90	CALLEE	0x14185CC70
0x1418CAA90	CALLEE	0x14185CCD0
0x1418CAA90	CALLEE	0x14185CD30
0x1418CAA90	CALLEE	0x14185CD90
0x1418CAA90	CALLEE	0x14185CDF0
0x1418CAA90	CALLEE	0x14185CE50
0x1418CAA90	CALLEE	0x14185CEB0
0x1418CAA90	CALLEE	0x14185CF10
0x1418CAA90	CALLEE	0x14185CF70
0x1418CAA90	CALLEE	0x14185CFD0
0x1418CAA90	CALLEE	0x14185D030
0x1418CAA90	CALLEE	0x14185D090
0x1418CAA90	CALLEE	0x14185D0F0
0x1418CAA90	CALLEE	0x14185D150
0x1418CAA90	CALLEE	0x14185D1B0
0x1418CAA90	CALLEE	0x14185D210
0x1418CAA90	CALLEE	0x14185D270
0x1418CAA90	CALLEE	0x14185D2D0
0x1418CAA90	CALLEE	0x14185D330
0x1418CAA90	CALLEE	0x14185D390
0x1418CAA90	CALLEE	0x14185D3F0
0x1418CAA90	CALLEE	0x14185D450
0x1418CAA90	CALLEE	0x14185D4B0
0x1418CAA90	CALLEE	0x14185D510
0x1418CAA90	CALLEE	0x14185D570
0x1418CAA90	CALLEE	0x14185D5D0
0x1418CAA90	CALLEE	0x14185D630
0x1418CAA90	CALLEE	0x14185D690
0x1418CAA90	CALLEE	0x14185D6F0
0x1418CAA90	CALLEE	0x14185D750
0x1418CAA90	CALLEE	0x14185D7B0
0x1418CAA90	CALLEE	0x14185D810
0x1418CAA90	CALLEE	0x14185D870
0x1418CAA90	CALLEE	0x14185D8D0
0x1418CAA90	CALLEE	0x14185D930
0x1418CAA90	CALLEE	0x14185D990
0x1418CAA90	CALLEE	0x14185D9F0
0x1418CAA90	CALLEE	0x14185DA50
0x1418CAA90	CALLEE	0x14185DAB0
0x1418CAA90	CALLEE	0x14185DB10
0x1418CAA90	CALLEE	0x14185DB70
0x1418CAA90	CALLEE	0x14185DBD0
0x1418CAA90	CALLEE	0x14185DC30
0x1418CAA90	CALLEE	0x14185DC90
0x1418CAA90	CALLEE	0x14185DCF0
0x1418CAA90	CALLEE	0x14185DD50
0x1418CAA90	CALLEE	0x14185DDB0
0x1418CAA90	CALLEE	0x14185DE10
0x1418CAA90	CALLEE	0x14185DE70
0x1418CAA90	CALLEE	0x14185DED0
0x1418CAA90	CALLEE	0x14185DF30
0x1418CAA90	CALLEE	0x14185DF90
0x1418CAA90	CALLEE	0x14185DFF0
0x1418CAA90	CALLEE	0x14185E050
0x1418CAA90	CALLEE	0x14185E0B0
0x1418CAA90	CALLEE	0x14185E110
0x1418CAA90	CALLEE	0x14185E170
0x1418CAA90	CALLEE	0x14185E1D0
0x1418CAA90	CALLEE	0x14185E230
0x1418CAA90	CALLEE	0x14185E290
0x1418CAA90	CALLEE	0x14185E2F0
0x1418CAA90	CALLEE	0x14185E350
0x1418CAA90	CALLEE	0x14185E3B0
0x1418CAA90	CALLEE	0x14185E410
0x1418CAA90	CALLEE	0x14185E470
0x1418CAA90	CALLEE	0x14185E4D0
0x1418CAA90	CALLEE	0x14185E530
0x1418CAA90	CALLEE	0x14185E590
0x1418CAA90	CALLEE	0x14185E5F0
0x1418CAA90	CALLEE	0x14185E650
0x1418CAA90	CALLEE	0x14185E6B0
0x1418CAA90	CALLEE	0x14185E710
0x1418CAA90	CALLEE	0x14185E770
0x1418CAA90	CALLEE	0x14185E7D0
0x1418CAA90	CALLEE	0x14185E830
0x1418CAA90	CALLEE	0x14185E890
0x1418CAA90	CALLEE	0x14185E8F0
0x1418CAA90	CALLEE	0x14185E950
0x1418CAA90	CALLEE	0x14185E9B0
0x1418CAA90	CALLEE	0x14185EA10
0x1418CAA90	CALLEE	0x14185EA70
0x1418CAA90	CALLEE	0x14185EAD0
0x1418CAA90	CALLEE	0x14185EB30
0x1418CAA90	CALLEE	0x14185EB90
0x1418CAA90	CALLEE	0x14185EBF0
0x1418CAA90	CALLEE	0x14185EC50
0x1418CAA90	CALLEE	0x14185ECB0
0x1418CAA90	CALLEE	0x14185ED10
0x1418CAA90	CALLEE	0x14185ED70
0x1418CAA90	CALLEE	0x14185EDD0
0x1418CAA90	CALLEE	0x14185EE30
0x1418CAA90	CALLEE	0x14185EE90
0x1418CAA90	CALLEE	0x14185EEF0
0x1418CAA90	CALLEE	0x14185EF50
0x1418CAA90	CALLEE	0x14185EFB0
0x1418CAA90	CALLEE	0x14185F010
0x1418CAA90	CALLEE	0x14185F070
0x1418CAA90	CALLEE	0x14185F0D0
0x1418CAA90	CALLEE	0x14185F130
0x1418CAA90	CALLEE	0x14185F190
0x1418CAA90	CALLEE	0x14185F1F0
0x1418CAA90	CALLEE	0x14185F250
0x1418CAA90	CALLEE	0x14185F2B0
0x1418CAA90	CALLEE	0x14185F310
0x1418CAA90	CALLEE	0x14185F370
0x1418CAA90	CALLEE	0x14185F3D0
0x1418CAA90	CALLEE	0x14185F430
0x1418CAA90	CALLEE	0x14185F490
0x1418CAA90	CALLEE	0x14185F4F0
0x1418CAA90	CALLEE	0x14185F550
0x1418CAA90	CALLEE	0x14185F5B0
0x1418CAA90	CALLEE	0x14185F610
0x1418CAA90	CALLEE	0x14185F670
0x1418CAA90	CALLEE	0x14185F6D0
0x1418CAA90	CALLEE	0x14185F730
0x1418CAA90	CALLEE	0x14185F790
0x1418CAA90	CALLEE	0x14185F7F0
0x1418CAA90	CALLEE	0x14185F850
0x1418CAA90	CALLEE	0x14185F8B0
0x1418CAA90	CALLEE	0x14185F910
0x1418CAA90	CALLEE	0x14185F970
0x1418CAA90	CALLEE	0x14185F9D0
0x1418CAA90	CALLEE	0x14185FA30
0x1418CAA90	CALLEE	0x14185FA90
0x1418CAA90	CALLEE	0x14185FAF0
0x1418CAA90	CALLEE	0x14185FB50
0x1418CAA90	CALLEE	0x14185FBB0
0x1418CAA90	CALLEE	0x14185FC10
0x1418CAA90	CALLEE	0x14185FC70
0x1418CAA90	CALLEE	0x14185FCD0
0x1418CAA90	CALLEE	0x14185FD30
0x1418CAA90	CALLEE	0x14185FD90
0x1418CAA90	CALLEE	0x14185FDF0
0x1418CAA90	CALLEE	0x14185FE50
0x1418CAA90	CALLEE	0x14185FEB0
0x1418CAA90	CALLEE	0x14185FF10
0x1418CAA90	CALLEE	0x14185FF70
0x1418CAA90	CALLEE	0x14185FFD0
0x1418CAA90	CALLEE	0x141860030
0x1418CAA90	CALLEE	0x141860090
0x1418CAA90	CALLEE	0x1418600F0
0x1418CAA90	CALLEE	0x141860150
0x1418CAA90	CALLEE	0x1418601B0
0x1418CAA90	CALLEE	0x141860210
0x1418CAA90	CALLEE	0x141860270
0x1418CAA90	CALLEE	0x1418602D0
0x1418CAA90	CALLEE	0x141860330
0x1418CAA90	CALLEE	0x141860390
0x1418CAA90	CALLEE	0x1418603F0
0x1418CAA90	CALLEE	0x141860450
0x1418CAA90	CALLEE	0x1418604B0
0x1418CAA90	CALLEE	0x141860510
0x1418CAA90	CALLEE	0x141860570
0x1418CAA90	CALLEE	0x1418605D0
0x1418CAA90	CALLEE	0x141860630
0x1418CAA90	CALLEE	0x141860690
0x1418CAA90	CALLEE	0x1418606F0
0x1418CAA90	CALLEE	0x141860750
0x1418CAA90	CALLEE	0x1418607B0
0x1418CAA90	CALLEE	0x141860810
0x1418CAA90	CALLEE	0x141860870
0x1418CAA90	CALLEE	0x1418608D0
0x1418CAA90	CALLEE	0x141860930
0x1418CAA90	CALLEE	0x141860990
0x1418CAA90	CALLEE	0x1418609F0
0x1418CAA90	CALLEE	0x141860A50
0x1418CAA90	CALLEE	0x141860AB0
0x1418CAA90	CALLEE	0x141860B10
0x1418CAA90	CALLEE	0x141860B70
0x1418CAA90	CALLEE	0x141860BD0
0x1418CAA90	CALLEE	0x141860C30
0x1418CAA90	CALLEE	0x141860C90
0x1418CAA90	CALLEE	0x141860CF0
0x1418CAA90	CALLEE	0x141860D50
0x1418CAA90	CALLEE	0x141860DB0
0x1418CAA90	CALLEE	0x141860E10
0x1418CAA90	CALLEE	0x141860E70
0x1418CAA90	CALLEE	0x141860ED0
0x1418CAA90	CALLEE	0x141860F30
0x1418CAA90	CALLEE	0x141860F90
0x1418CAA90	CALLEE	0x141860FF0
0x1418CAA90	CALLEE	0x141861050
0x1418CAA90	CALLEE	0x1418610B0
0x1418CAA90	CALLEE	0x141861110
0x1418CAA90	CALLEE	0x141861170
0x1418CAA90	CALLEE	0x1418611D0
0x1418CAA90	CALLEE	0x141861230
0x1418CAA90	CALLEE	0x141861290
0x1418CAA90	CALLEE	0x1418612F0
0x1418CAA90	CALLEE	0x141861350
0x1418CAA90	CALLEE	0x1418613B0
0x1418CAA90	CALLEE	0x141861410
0x1418CAA90	CALLEE	0x141861470
0x1418CAA90	CALLEE	0x1418614D0
0x1418CAA90	CALLEE	0x141861530
0x1418CAA90	CALLEE	0x141861590
0x1418CAA90	CALLEE	0x1418615F0
0x1418CAA90	CALLEE	0x141861650
0x1418CAA90	CALLEE	0x1418616B0
0x1418CAA90	CALLEE	0x141861710
0x1418CAA90	CALLEE	0x141861770
0x1418CAA90	CALLEE	0x1418617D0
0x1418CAA90	CALLEE	0x141861830
0x1418CAA90	CALLEE	0x141861890
0x1418CAA90	CALLEE	0x1418618F0
0x1418CAA90	CALLEE	0x141861950
0x1418CAA90	CALLEE	0x1418619B0
0x1418CAA90	CALLEE	0x141861A10
0x1418CAA90	CALLEE	0x141861A70
0x1418CAA90	CALLEE	0x141861AD0
0x1418CAA90	CALLEE	0x141861B30
0x1418CAA90	CALLEE	0x141861B90
0x1418CAA90	CALLEE	0x141861BF0
0x1418CAA90	CALLEE	0x141861C50
0x1418CAA90	CALLEE	0x141861CB0
0x1418CAA90	CALLEE	0x141861D10
0x1418CAA90	CALLEE	0x141861D70
0x1418CAA90	CALLEE	0x141861DD0
0x1418CAA90	CALLEE	0x141861E30
0x1418CAA90	CALLEE	0x141861E90
0x1418CAA90	CALLEE	0x141861EF0
0x1418CAA90	CALLEE	0x141861F50
0x1418CAA90	CALLEE	0x141861FB0
0x1418CAA90	CALLEE	0x141862010
0x1418CAA90	CALLEE	0x141862070
0x1418CAA90	CALLEE	0x1418620D0
0x1418CAA90	CALLEE	0x141862130
0x1418CAA90	CALLEE	0x141862190
0x1418CAA90	CALLEE	0x1418621F0
0x1418CAA90	CALLEE	0x141862250
0x1418CAA90	CALLEE	0x1418622B0
0x1418CAA90	CALLEE	0x141862310
0x1418CAA90	CALLEE	0x141862370
0x1418CAA90	CALLEE	0x1418623D0
0x1418CAA90	CALLEE	0x141862430
0x1418CAA90	CALLEE	0x141862490
0x1418CAA90	CALLEE	0x1418624F0
0x1418CAA90	CALLEE	0x141862550
0x1418CAA90	CALLEE	0x1418625B0
0x1418CAA90	CALLEE	0x141862610
0x1418CAA90	CALLEE	0x141862670
0x1418CAA90	CALLEE	0x1418626D0
0x1418CAA90	CALLEE	0x141862730
0x1418CAA90	CALLEE	0x141862790
0x1418CAA90	CALLEE	0x1418627F0
0x1418CAA90	CALLEE	0x141862850
0x1418CAA90	CALLEE	0x1418628B0
0x1418CAA90	CALLEE	0x141862910
0x1418CAA90	CALLEE	0x141862970
0x1418CAA90	CALLEE	0x1418629D0
0x1418CAA90	CALLEE	0x141862A30
0x1418CAA90	CALLEE	0x141862A90
0x1418CAA90	CALLEE	0x141862AF0
0x1418CAA90	CALLEE	0x141862B50
0x1418CAA90	CALLEE	0x141862BB0
0x1418CAA90	CALLEE	0x141862C10
0x1418CAA90	CALLEE	0x141862C70
0x1418CAA90	CALLEE	0x141862CD0
0x1418CAA90	CALLEE	0x141862D30
0x1418CAA90	CALLEE	0x141862D90
0x1418CAA90	CALLEE	0x141862DF0
0x1418CAA90	CALLEE	0x141862E50
0x1418CAA90	CALLEE	0x141862EB0
0x1418CAA90	CALLEE	0x141862F10
0x1418CAA90	CALLEE	0x141862F70
0x1418CAA90	CALLEE	0x141862FD0
0x1418CAA90	CALLEE	0x141863030
0x1418CAA90	CALLEE	0x141863090
0x1418CAA90	CALLEE	0x1418630F0
0x1418CAA90	CALLEE	0x141863150
0x1418CAA90	CALLEE	0x1418631B0
0x1418CAA90	CALLEE	0x141863210
0x1418CAA90	CALLEE	0x141863270
0x1418CAA90	CALLEE	0x1418632D0
0x1418CAA90	CALLEE	0x141863330
0x1418CAA90	CALLEE	0x141863390
0x1418CAA90	CALLEE	0x1418633F0
0x1418CAA90	CALLEE	0x141863450
0x1418CAA90	CALLEE	0x1418634B0
0x1418CAA90	CALLEE	0x141863510
0x1418CAA90	CALLEE	0x141863570
0x1418CAA90	CALLEE	0x1418635D0
0x1418CAA90	CALLEE	0x141863630
0x1418CAA90	CALLEE	0x141863690
0x1418CAA90	CALLEE	0x1418636F0
0x1418CAA90	CALLEE	0x141863750
0x1418CAA90	CALLEE	0x1418637B0
0x1418CAA90	CALLEE	0x141863810
0x1418CAA90	CALLEE	0x141863870
0x1418CAA90	CALLEE	0x1418638D0
0x1418CAA90	CALLEE	0x141863930
0x1418CAA90	CALLEE	0x141863990
0x1418CAA90	CALLEE	0x1418639F0
0x1418CAA90	CALLEE	0x141863A50
0x1418CAA90	CALLEE	0x141863AB0
0x1418CAA90	CALLEE	0x141863B10
0x1418CAA90	CALLEE	0x141863B70
0x1418CAA90	CALLEE	0x141863BD0
0x1418CAA90	CALLEE	0x141863C30
0x1418CAA90	CALLEE	0x141863C90
0x1418CAA90	CALLEE	0x141863CF0
0x1418CAA90	CALLEE	0x141863D50
0x1418CAA90	CALLEE	0x141863DB0
0x1418CAA90	CALLEE	0x141863E10
0x1418CAA90	CALLEE	0x141863E70
0x1418CAA90	CALLEE	0x141863ED0
0x1418CAA90	CALLEE	0x141863F30
0x1418CAA90	CALLEE	0x141863F90
0x1418CAA90	CALLEE	0x141863FF0
0x1418CAA90	CALLEE	0x141864050
0x1418CAA90	CALLEE	0x1418640B0
0x1418CAA90	CALLEE	0x141864110
0x1418CAA90	CALLEE	0x141864170
0x1418CAA90	CALLEE	0x1418641D0
0x1418CAA90	CALLEE	0x141864230
0x1418CAA90	CALLEE	0x141864290
0x1418CAA90	CALLEE	0x1418642F0
0x1418CAA90	CALLEE	0x141864350
0x1418CAA90	CALLEE	0x1418643B0
0x1418CAA90	CALLEE	0x141864410
0x1418CAA90	CALLEE	0x141864470
0x1418CAA90	CALLEE	0x1418644D0
0x1418CAA90	CALLEE	0x141864530
0x1418CAA90	CALLEE	0x141864590
0x1418CAA90	CALLEE	0x1418645F0
0x1418CAA90	CALLEE	0x141864650
0x1418CAA90	CALLEE	0x1418646B0
0x1418CAA90	CALLEE	0x141864710
0x1418CAA90	CALLEE	0x141864770
0x1418CAA90	CALLEE	0x1418647D0
0x1418CAA90	CALLEE	0x141864830
0x1418CAA90	CALLEE	0x141864890
0x1418CAA90	CALLEE	0x1418648F0
0x1418CAA90	CALLEE	0x141864950
0x1418CAA90	CALLEE	0x1418649B0
0x1418CAA90	CALLEE	0x141864A10
0x1418CAA90	CALLEE	0x141864A70
0x1418CAA90	CALLEE	0x141864AD0
0x1418CAA90	CALLEE	0x141864B30
0x1418CAA90	CALLEE	0x141864B90
0x1418CAA90	CALLEE	0x141864BF0
0x1418CAA90	CALLEE	0x141864C50
0x1418CAA90	CALLEE	0x141864CB0
0x1418CAA90	CALLEE	0x141864D10
0x1418CAA90	CALLEE	0x141864D70
0x1418CAA90	CALLEE	0x141864DD0
0x1418CAA90	CALLEE	0x141864E30
0x1418CAA90	CALLEE	0x141864E90
0x1418CAA90	CALLEE	0x141864EF0
0x1418CAA90	CALLEE	0x141864F50
0x1418CAA90	CALLEE	0x141864FB0
0x1418CAA90	CALLEE	0x141865010
0x1418CAA90	CALLEE	0x141865070
0x1418CAA90	CALLEE	0x1418650D0
0x1418CAA90	CALLEE	0x141865130
0x1418CAA90	CALLEE	0x141865190
0x1418CAA90	CALLEE	0x1418651F0
0x1418CAA90	CALLEE	0x141865250
0x1418CAA90	CALLEE	0x1418652B0
0x1418CAA90	CALLEE	0x141865310
0x1418CAA90	CALLEE	0x141865370
0x1418CAA90	CALLEE	0x1418653D0
0x1418CAA90	CALLEE	0x141865430
0x1418CAA90	CALLEE	0x141865490
0x1418CAA90	CALLEE	0x1418654F0
0x1418CAA90	CALLEE	0x141865550
0x1418CAA90	CALLEE	0x1418655B0
0x1418CAA90	CALLEE	0x141865610
0x1418CAA90	CALLEE	0x141865670
0x1418CAA90	CALLEE	0x1418656D0
0x1418CAA90	CALLEE	0x141865730
0x1418CAA90	CALLEE	0x141865790
0x1418CAA90	CALLEE	0x1418657F0
0x1418CAA90	CALLEE	0x141865850
0x1418CAA90	CALLEE	0x1418658B0
0x1418CAA90	CALLEE	0x141865910
0x1418CAA90	CALLEE	0x141865970
0x1418CAA90	CALLEE	0x1418659D0
0x1418CAA90	CALLEE	0x141865A30
0x1418CAA90	CALLEE	0x141865A90
0x1418CAA90	CALLEE	0x141865AF0
0x1418CAA90	CALLEE	0x141865B50
0x1418CAA90	CALLEE	0x141865BB0
0x1418CAA90	CALLEE	0x141865C10
0x1418CAA90	CALLEE	0x141865C70
0x1418CAA90	CALLEE	0x141865CD0
0x1418CAA90	CALLEE	0x141865D30
0x1418CAA90	CALLEE	0x141865D90
0x1418CAA90	CALLEE	0x141865DF0
0x1418CAA90	CALLEE	0x141865E50
0x1418CAA90	CALLEE	0x141865EB0
0x1418CAA90	CALLEE	0x141865F10
0x1418CAA90	CALLEE	0x141865F70
0x1418CAA90	CALLEE	0x141865FD0
0x1418CAA90	CALLEE	0x141866030
0x1418CAA90	CALLEE	0x141866090
0x1418CAA90	CALLEE	0x1418660F0
0x1418CAA90	CALLEE	0x141866150
0x1418CAA90	CALLEE	0x1418661B0
0x1418CAA90	CALLEE	0x141866210
0x1418CAA90	CALLEE	0x141866270
0x1418CAA90	CALLEE	0x1418662D0
0x1418CAA90	CALLEE	0x141866330
0x1418CAA90	CALLEE	0x141866390
0x1418CAA90	CALLEE	0x1418663F0
0x1418CAA90	CALLEE	0x141866450
0x1418CAA90	CALLEE	0x1418664B0
0x1418CAA90	CALLEE	0x141866510
0x1418CAA90	CALLEE	0x141866570
0x1418CAA90	CALLEE	0x1418665D0
0x1418CAA90	CALLEE	0x141866630
0x1418CAA90	CALLEE	0x141866690
0x1418CAA90	CALLEE	0x1418666F0
0x1418CAA90	CALLEE	0x141866750
0x1418CAA90	CALLEE	0x1418667B0
0x1418CAA90	CALLEE	0x141866810
0x1418CAA90	CALLEE	0x141866870
0x1418CAA90	CALLEE	0x1418668D0
0x1418CAA90	CALLEE	0x141866930
0x1418CAA90	CALLEE	0x141866990
0x1418CAA90	CALLEE	0x1418669F0
0x1418CAA90	CALLEE	0x141866A50
0x1418CAA90	CALLEE	0x141866AB0
0x1418CAA90	CALLEE	0x141866B10
0x1418CAA90	CALLEE	0x141866B70
0x1418CAA90	CALLEE	0x141866BD0
0x1418CAA90	CALLEE	0x141866C30
0x1418CAA90	CALLEE	0x141866C90
0x1418CAA90	CALLEE	0x141866CF0
0x1418CAA90	CALLEE	0x141866D50
0x1418CAA90	CALLEE	0x141866DB0
0x1418CAA90	CALLEE	0x141866E10
0x1418CAA90	CALLEE	0x141866E70
0x1418CAA90	CALLEE	0x141866ED0
0x1418CAA90	CALLEE	0x141866F30
0x1418CAA90	CALLEE	0x141866F90
0x1418CAA90	CALLEE	0x141866FF0
0x1418CAA90	CALLEE	0x141867050
0x1418CAA90	CALLEE	0x1418670B0
0x1418CAA90	CALLEE	0x141867110
0x1418CAA90	CALLEE	0x141867170
0x1418CAA90	CALLEE	0x1418671D0
0x1418CAA90	CALLEE	0x141867230
0x1418CAA90	CALLEE	0x141867290
0x1418CAA90	CALLEE	0x1418672F0
0x1418CAA90	CALLEE	0x141867350
0x1418CAA90	CALLEE	0x1418673B0
0x1418CAA90	CALLEE	0x141867410
0x1418CAA90	CALLEE	0x141867470
0x1418CAA90	CALLEE	0x1418674D0
0x1418CAA90	CALLEE	0x141867530
0x1418CAA90	CALLEE	0x141867590
0x1418CAA90	CALLEE	0x1418675F0
0x1418CAA90	CALLEE	0x141867650
0x1418CAA90	CALLEE	0x1418676B0
0x1418CAA90	CALLEE	0x141867710
0x1418CAA90	CALLEE	0x141867770
0x1418CAA90	CALLEE	0x1418677D0
0x1418CAA90	CALLEE	0x141867830
0x1418CAA90	CALLEE	0x141867890
0x1418CAA90	CALLEE	0x1418678F0
0x1418CAA90	CALLEE	0x141867950
0x1418CAA90	CALLEE	0x1418679B0
0x1418CAA90	CALLEE	0x141867A10
0x1418CAA90	CALLEE	0x141867A70
0x1418CAA90	CALLEE	0x141867AD0
0x1418CAA90	CALLEE	0x141867B30
0x1418CAA90	CALLEE	0x141867B90
0x1418CAA90	CALLEE	0x141867BF0
0x1418CAA90	CALLEE	0x141867C50
0x1418CAA90	CALLEE	0x141867CB0
0x1418CAA90	CALLEE	0x141867D10
0x1418CAA90	CALLEE	0x141867D70
0x1418CAA90	CALLEE	0x141867DD0
0x1418CAA90	CALLEE	0x141867E30
0x1418CAA90	CALLEE	0x141867E90
0x1418CAA90	CALLEE	0x141867EF0
0x1418CAA90	CALLEE	0x141867F50
0x1418CAA90	CALLEE	0x141867FB0
0x1418CAA90	CALLEE	0x141868010
0x1418CAA90	CALLEE	0x141868070
0x1418CAA90	CALLEE	0x1418680D0
0x1418CAA90	CALLEE	0x141868130
0x1418CAA90	CALLEE	0x141868190
0x1418CAA90	CALLEE	0x1418681F0
0x1418CAA90	CALLEE	0x141868250
0x1418CAA90	CALLEE	0x1418682B0
0x1418CAA90	CALLEE	0x141868310
0x1418CAA90	CALLEE	0x141868370
0x1418CAA90	CALLEE	0x1418683D0
0x1418CAA90	CALLEE	0x141868430
0x1418CAA90	CALLEE	0x141868490
0x1418CAA90	CALLEE	0x1418684F0
0x1418CAA90	CALLEE	0x141868550
0x1418CAA90	CALLEE	0x1418685B0
0x1418CAA90	CALLEE	0x141868610
0x1418CAA90	CALLEE	0x141868670
0x1418CAA90	CALLEE	0x1418686D0
0x1418CAA90	CALLEE	0x141868730
0x1418CAA90	CALLEE	0x141868790
0x1418CAA90	CALLEE	0x1418687F0
0x1418CAA90	CALLEE	0x141868850
0x1418CAA90	CALLEE	0x1418688B0
0x1418CAA90	CALLEE	0x141868910
0x1418CAA90	CALLEE	0x141868970
0x1418CAA90	CALLEE	0x1418689D0
0x1418CAA90	CALLEE	0x141868A30
0x1418CAA90	CALLEE	0x141868A90
0x1418CAA90	CALLEE	0x141868AF0
0x1418CAA90	CALLEE	0x141868B50
0x1418CAA90	CALLEE	0x141868BB0
0x1418CAA90	CALLEE	0x141868C10
0x1418CAA90	CALLEE	0x141868C70
0x1418CAA90	CALLEE	0x141868CD0
0x1418CAA90	CALLEE	0x141868D30
0x1418CAA90	CALLEE	0x141868D90
0x1418CAA90	CALLEE	0x141868DF0
0x1418CAA90	CALLEE	0x141868E50
0x1418CAA90	CALLEE	0x141868EB0
0x1418CAA90	CALLEE	0x141868F10
0x1418CAA90	CALLEE	0x141868F70
0x1418CAA90	CALLEE	0x141868FD0
0x1418CAA90	CALLEE	0x141869030
0x1418CAA90	CALLEE	0x141869090
0x1418CAA90	CALLEE	0x1418690F0
0x1418CAA90	CALLEE	0x141869150
0x1418CAA90	CALLEE	0x1418691B0
0x1418CAA90	CALLEE	0x141869210
0x1418CAA90	CALLEE	0x141869270
0x1418CAA90	CALLEE	0x1418692D0
0x1418CAA90	CALLEE	0x141869330
0x1418CAA90	CALLEE	0x141869390
0x1418CAA90	CALLEE	0x1418693F0
0x1418CAA90	CALLEE	0x141869450
0x1418CAA90	CALLEE	0x1418694B0
0x1418CAA90	CALLEE	0x141869510
0x1418CAA90	CALLEE	0x141869570
0x1418CAA90	CALLEE	0x1418695D0
0x1418CAA90	CALLEE	0x141869630
0x1418CAA90	CALLEE	0x141869690
0x1418CAA90	CALLEE	0x1418696F0
0x1418CAA90	CALLEE	0x141869750
0x1418CAA90	CALLEE	0x1418697B0
0x1418CAA90	CALLEE	0x141869810
0x1418CAA90	CALLEE	0x141869870
0x1418CAA90	CALLEE	0x1418698D0
0x1418CAA90	CALLEE	0x141869930
0x1418CAA90	CALLEE	0x141869990
0x1418CAA90	CALLEE	0x1418699F0
0x1418CAA90	CALLEE	0x141869A50
0x1418CAA90	CALLEE	0x141869AB0
0x1418CAA90	CALLEE	0x141869B10
0x1418CAA90	CALLEE	0x141869B70
0x1418CAA90	CALLEE	0x141869BD0
0x1418CAA90	CALLEE	0x141869C30
0x1418CAA90	CALLEE	0x141869C90
0x1418CAA90	CALLEE	0x141869CF0
0x1418CAA90	CALLEE	0x141869D50
0x1418CAA90	CALLEE	0x141869DB0
0x1418CAA90	CALLEE	0x141869E10
0x1418CAA90	CALLEE	0x141869E70
0x1418CAA90	CALLEE	0x141869ED0
0x1418CAA90	CALLEE	0x141869F30
0x1418CAA90	CALLEE	0x141869F90
0x1418CAA90	CALLEE	0x141869FF0
0x1418CAA90	CALLEE	0x14186A050
0x1418CAA90	CALLEE	0x14186A0B0
0x1418CAA90	CALLEE	0x14186A110
0x1418CAA90	CALLEE	0x14186A170
0x1418CAA90	CALLEE	0x14186A1D0
0x1418CAA90	CALLEE	0x14186A230
0x1418CAA90	CALLEE	0x14186A290
0x1418CAA90	CALLEE	0x14186A2F0
0x1418CAA90	CALLEE	0x14186A350
0x1418CAA90	CALLEE	0x14186A3B0
0x1418CAA90	CALLEE	0x14186A410
0x1418CAA90	CALLEE	0x14186A470
0x1418CAA90	CALLEE	0x14186A4D0
0x1418CAA90	CALLEE	0x14186A530
0x1418CAA90	CALLEE	0x14186A590
0x1418CAA90	CALLEE	0x14186A5F0
0x1418CAA90	CALLEE	0x14186A650
0x1418CAA90	CALLEE	0x14186A6B0
0x1418CAA90	CALLEE	0x14186A710
0x1418CAA90	CALLEE	0x14186A770
0x1418CAA90	CALLEE	0x14186A7D0
0x1418CAA90	CALLEE	0x14186A830
0x1418CAA90	CALLEE	0x14186A890
0x1418CAA90	CALLEE	0x14186A8F0
0x1418CAA90	CALLEE	0x14186A950
0x1418CAA90	CALLEE	0x14186A9B0
0x1418CAA90	CALLEE	0x14186AA10
0x1418CAA90	CALLEE	0x14186AA70
0x1418CAA90	CALLEE	0x14186AAD0
0x1418CAA90	CALLEE	0x14186AB30
0x1418CAA90	CALLEE	0x14186AB90
0x1418CAA90	CALLEE	0x14186ABF0
0x1418CAA90	CALLEE	0x14186AC50
0x1418CAA90	CALLEE	0x14186ACB0
0x1418CAA90	CALLEE	0x14186AD10
0x1418CAA90	CALLEE	0x14186AD70
0x1418CAA90	CALLEE	0x14186ADD0
0x1418CAA90	CALLEE	0x14186AE30
0x1418CAA90	CALLEE	0x14186AE90
0x1418CAA90	CALLEE	0x14186AEF0
0x1418CAA90	CALLEE	0x14186AF50
0x1418CAA90	CALLEE	0x14186AFB0
0x1418CAA90	CALLEE	0x14186B010
0x1418CAA90	CALLEE	0x14186B070
0x1418CAA90	CALLEE	0x14186B0D0
0x1418CAA90	CALLEE	0x14186B130
0x1418CAA90	CALLEE	0x14186B190
0x1418CAA90	CALLEE	0x14186B1F0
0x1418CAA90	CALLEE	0x14186B250
0x1418CAA90	CALLEE	0x14186B2B0
0x1418CAA90	CALLEE	0x14186B310
0x1418CAA90	CALLEE	0x14186B370
0x1418CAA90	CALLEE	0x14186B3D0
0x1418CAA90	CALLEE	0x14186B430
0x1418CAA90	CALLEE	0x14186B490
0x1418CAA90	CALLEE	0x14186B4F0
0x1418CAA90	CALLEE	0x14186B550
0x1418CAA90	CALLEE	0x14186B5B0
0x1418CAA90	CALLEE	0x14186B610
0x1418CAA90	CALLEE	0x14186B670
0x1418CAA90	CALLEE	0x14186B6D0
0x1418CAA90	CALLEE	0x14186B730
0x1418CAA90	CALLEE	0x14186B790
0x1418CAA90	CALLEE	0x14186B7F0
0x1418CAA90	CALLEE	0x14186B850
0x1418CAA90	CALLEE	0x14186B8B0
0x1418CAA90	CALLEE	0x14186B910
0x1418CAA90	CALLEE	0x14186B970
0x1418CAA90	CALLEE	0x14186B9D0
0x1418CAA90	CALLEE	0x14186BA30
0x1418CAA90	CALLEE	0x14186BA90
0x1418CAA90	CALLEE	0x14186BAF0
0x1418CAA90	CALLEE	0x14186BB50
0x1418CAA90	CALLEE	0x14186BBB0
0x1418CAA90	CALLEE	0x14186BC10
0x1418CAA90	CALLEE	0x14186BC70
0x1418CAA90	CALLEE	0x14186BCD0
0x1418CAA90	CALLEE	0x14186BD30
0x1418CAA90	CALLEE	0x14186BD90
0x1418CAA90	CALLEE	0x14186BDF0
0x1418CAA90	CALLEE	0x14186BE50
0x1418CAA90	CALLEE	0x14186BEB0
0x1418CAA90	CALLEE	0x14186BF10
0x1418CAA90	CALLEE	0x14186BF70
0x1418CAA90	CALLEE	0x14186BFD0
0x1418CAA90	CALLEE	0x14186C030
0x1418CAA90	CALLEE	0x14186C090
0x1418CAA90	CALLEE	0x14186C0F0
0x1418CAA90	CALLEE	0x14186C150
0x1418CAA90	CALLEE	0x14186C1B0
0x1418CAA90	CALLEE	0x14186C210
0x1418CAA90	CALLEE	0x14186C270
0x1418CAA90	CALLEE	0x14186C2D0
0x1418CAA90	CALLEE	0x14186C330
0x1418CAA90	CALLEE	0x14186C390
0x1418CAA90	CALLEE	0x14186C3F0
0x1418CAA90	CALLEE	0x14186C450
0x1418CAA90	CALLEE	0x14186C4B0
0x1418CAA90	CALLEE	0x14186C510
0x1418CAA90	CALLEE	0x14186C570
0x1418CAA90	CALLEE	0x14186C5D0
0x1418CAA90	CALLEE	0x14186C630
0x1418CAA90	CALLEE	0x14186C690
0x1418CAA90	CALLEE	0x14186C6F0
0x1418CAA90	CALLEE	0x14186C750
0x1418CAA90	CALLEE	0x14186C7B0
0x1418CAA90	CALLEE	0x14186C810
0x1418CAA90	CALLEE	0x14186C870
0x1418CAA90	CALLEE	0x14186C8D0
0x1418CAA90	CALLEE	0x14186C930
0x1418CAA90	CALLEE	0x14186C990
0x1418CAA90	CALLEE	0x14186C9F0
0x1418CAA90	CALLEE	0x14186CA50
0x1418CAA90	CALLEE	0x14186CAB0
0x1418CAA90	CALLEE	0x14186CB10
0x1418CAA90	CALLEE	0x14186CB70
0x1418CAA90	CALLEE	0x14186CBD0
0x1418CAA90	CALLEE	0x14186CC30
0x1418CAA90	CALLEE	0x14186CC90
0x1418CAA90	CALLEE	0x14186CCF0
0x1418CAA90	CALLEE	0x14186CD50
0x1418CAA90	CALLEE	0x14186CDB0
0x1418CAA90	CALLEE	0x14186CE10
0x1418CAA90	CALLEE	0x14186CE70
0x1418CAA90	CALLEE	0x14186CED0
0x1418CAA90	CALLEE	0x14186CF30
0x1418CAA90	CALLEE	0x14186CF90
0x1418CAA90	CALLEE	0x14186CFF0
0x1418CAA90	CALLEE	0x14186D050
0x1418CAA90	CALLEE	0x14186D0B0
0x1418CAA90	CALLEE	0x14186D110
0x1418CAA90	CALLEE	0x14186D170
0x1418CAA90	CALLEE	0x14186D1D0
0x1418CAA90	CALLEE	0x14186D230
0x1418CAA90	CALLEE	0x14186D290
0x1418CAA90	CALLEE	0x14186D2F0
0x1418CAA90	CALLEE	0x14186D350
0x1418CAA90	CALLEE	0x14186D3B0
0x1418CAA90	CALLEE	0x14186D410
0x1418CAA90	CALLEE	0x14186D470
0x1418CAA90	CALLEE	0x14186D4D0
0x1418CAA90	CALLEE	0x14186D530
0x1418CAA90	CALLEE	0x14186D590
0x1418CAA90	CALLEE	0x14186D5F0
0x1418CAA90	CALLEE	0x14186D650
0x1418CAA90	CALLEE	0x14186D6B0
0x1418CAA90	CALLEE	0x14186D710
0x1418CAA90	CALLEE	0x14186D770
0x1418CAA90	CALLEE	0x14186D7D0
0x1418CAA90	CALLEE	0x14186D830
0x1418CAA90	CALLEE	0x14186D890
0x1418CAA90	CALLEE	0x14186D8F0
0x1418CAA90	CALLEE	0x14186D950
0x1418CAA90	CALLEE	0x14186D9B0
0x1418CAA90	CALLEE	0x14186DA10
0x1418CAA90	CALLEE	0x14186DA70
0x1418CAA90	CALLEE	0x14186DAD0
0x1418CAA90	CALLEE	0x14186DB30
0x1418CAA90	CALLEE	0x14186DB90
0x1418CAA90	CALLEE	0x14186DBF0
0x1418CAA90	CALLEE	0x14186DC50
0x1418CAA90	CALLEE	0x14186DCB0
0x1418CAA90	CALLEE	0x14186DD10
0x1418CAA90	CALLEE	0x14186DD70
0x1418CAA90	CALLEE	0x14186DDD0
0x1418CAA90	CALLEE	0x14186DE30
0x1418CAA90	CALLEE	0x14186DE90
0x1418CAA90	CALLEE	0x14186DEF0
0x1418CAA90	CALLEE	0x14186DF50
0x1418CAA90	CALLEE	0x14186DFB0
0x1418CAA90	CALLEE	0x14186E010
0x1418CAA90	CALLEE	0x14186E070
0x1418CAA90	CALLEE	0x14186E0D0
0x1418CAA90	CALLEE	0x14186E130
0x1418CAA90	CALLEE	0x14186E190
0x1418CAA90	CALLEE	0x14186E1F0
0x1418CAA90	CALLEE	0x14186E250
0x1418CAA90	CALLEE	0x14186E2B0
0x1418CAA90	CALLEE	0x14186E310
0x1418CAA90	CALLEE	0x14186E370
0x1418CAA90	CALLEE	0x14186E3D0
0x1418CAA90	CALLEE	0x14186E430
0x1418CAA90	CALLEE	0x14186E490
0x1418CAA90	CALLEE	0x14186E4F0
0x1418CAA90	CALLEE	0x14186E550
0x1418CAA90	CALLEE	0x14186E5B0
0x1418CAA90	CALLEE	0x14186E610
0x1418CAA90	CALLEE	0x14186E670
0x1418CAA90	CALLEE	0x14186E6D0
0x1418CAA90	CALLEE	0x14186E730
0x1418CAA90	CALLEE	0x14186E790
0x1418CAA90	CALLEE	0x14186E7F0
0x1418CAA90	CALLEE	0x14186E850
0x1418CAA90	CALLEE	0x14186E8B0
0x1418CAA90	CALLEE	0x14186E910
0x1418CAA90	CALLEE	0x14186E970
0x1418CAA90	CALLEE	0x14186E9D0
0x1418CAA90	CALLEE	0x14186EA30
0x1418CAA90	CALLEE	0x14186EA90
0x1418CAA90	CALLEE	0x14186EAF0
0x1418CAA90	CALLEE	0x14186EB50
0x1418CAA90	CALLEE	0x14186EBB0
0x1418CAA90	CALLEE	0x14186EC10
0x1418CAA90	CALLEE	0x14186EC70
0x1418CAA90	CALLEE	0x14186ECD0
0x1418CAA90	CALLEE	0x14186ED30
0x1418CAA90	CALLEE	0x14186ED90
0x1418CAA90	CALLEE	0x14186EDF0
0x1418CAA90	CALLEE	0x14186EE50
0x1418CAA90	CALLEE	0x14186EEB0
0x1418CAA90	CALLEE	0x14186EF10
0x1418CAA90	CALLEE	0x14186EF70
0x1418CAA90	CALLEE	0x14186EFD0
0x1418CAA90	CALLEE	0x14186F030
0x1418CAA90	CALLEE	0x14186F090
0x1418CAA90	CALLEE	0x14186F0F0
0x1418CAA90	CALLEE	0x14186F150
0x1418CAA90	CALLEE	0x14186F1B0
0x1418CAA90	CALLEE	0x14186F210
0x1418CAA90	CALLEE	0x14186F270
0x1418CAA90	CALLEE	0x14186F2D0
0x1418CAA90	CALLEE	0x14186F330
0x1418CAA90	CALLEE	0x14186F390
0x1418CAA90	CALLEE	0x14186F3F0
0x1418CAA90	CALLEE	0x14186F450
0x1418CAA90	CALLEE	0x14186F4B0
0x1418CAA90	CALLEE	0x14186F510
0x1418CAA90	CALLEE	0x14186F570
0x1418CAA90	CALLEE	0x14186F5D0
0x1418CAA90	CALLEE	0x14186F630
0x1418CAA90	CALLEE	0x14186F690
0x1418CAA90	CALLEE	0x14186F6F0
0x1418CAA90	CALLEE	0x14186F750
0x1418CAA90	CALLEE	0x14186F7B0
0x1418CAA90	CALLEE	0x14186F810
0x1418CAA90	CALLEE	0x14186F870
0x1418CAA90	CALLEE	0x14186F8D0
0x1418CAA90	CALLEE	0x14186F930
0x1418CAA90	CALLEE	0x14186F990
0x1418CAA90	CALLEE	0x14186F9F0
0x1418CAA90	CALLEE	0x14186FA50
0x1418CAA90	CALLEE	0x14186FAB0
0x1418CAA90	CALLEE	0x14186FB10
0x1418CAA90	CALLEE	0x14186FB70
0x1418CAA90	CALLEE	0x14186FBD0
0x1418CAA90	CALLEE	0x14186FC30
0x1418CAA90	CALLEE	0x14186FC90
0x1418CAA90	CALLEE	0x14186FCF0
0x1418CAA90	CALLEE	0x14186FD50
0x1418CAA90	CALLEE	0x14186FDB0
0x1418CAA90	CALLEE	0x14186FE10
0x1418CAA90	CALLEE	0x14186FE70
0x1418CAA90	CALLEE	0x14186FED0
0x1418CAA90	CALLEE	0x14186FF30
0x1418CAA90	CALLEE	0x14186FF90
0x1418CAA90	CALLEE	0x14186FFF0
0x1418CAA90	CALLEE	0x141870050
0x1418CAA90	CALLEE	0x1418700B0
0x1418CAA90	CALLEE	0x141870110
0x1418CAA90	CALLEE	0x141870170
0x1418CAA90	CALLEE	0x1418701D0
0x1418CAA90	CALLEE	0x141870230
0x1418CAA90	CALLEE	0x141870290
0x1418CAA90	CALLEE	0x1418702F0
0x1418CAA90	CALLEE	0x141870350
0x1418CAA90	CALLEE	0x1418703B0
0x1418CAA90	CALLEE	0x141870410
0x1418CAA90	CALLEE	0x141870470
0x1418CAA90	CALLEE	0x1418704D0
0x1418CAA90	CALLEE	0x141870530
0x1418CAA90	CALLEE	0x141870590
0x1418CAA90	CALLEE	0x1418705F0
0x1418CAA90	CALLEE	0x141870650
0x1418CAA90	CALLEE	0x1418706B0
0x1418CAA90	CALLEE	0x141870710
0x1418CAA90	CALLEE	0x141870770
0x1418CAA90	CALLEE	0x1418707D0
0x1418CAA90	CALLEE	0x141870830
0x1418CAA90	CALLEE	0x141870890
0x1418CAA90	CALLEE	0x1418708F0
0x1418CAA90	CALLEE	0x141870950
0x1418CAA90	CALLEE	0x1418709B0
0x1418CAA90	CALLEE	0x141870A10
0x1418CAA90	CALLEE	0x141870A70
0x1418CAA90	CALLEE	0x141870AD0
0x1418CAA90	CALLEE	0x141870B30
0x1418CAA90	CALLEE	0x141870B90
0x1418CAA90	CALLEE	0x141870BF0
0x1418CAA90	CALLEE	0x141870C50
0x1418CAA90	CALLEE	0x141870CB0
0x1418CAA90	CALLEE	0x141870D10
0x1418CAA90	CALLEE	0x141870D70
0x1418CAA90	CALLEE	0x141870DD0
0x1418CAA90	CALLEE	0x141870E30
0x1418CAA90	CALLEE	0x141870E90
0x1418CAA90	CALLEE	0x141870EF0
0x1418CAA90	CALLEE	0x141870F50
0x1418CAA90	CALLEE	0x141870FB0
0x1418CAA90	CALLEE	0x141871010
0x1418CAA90	CALLEE	0x141871070
0x1418CAA90	CALLEE	0x1418710D0
0x1418CAA90	CALLEE	0x141871130
0x1418CAA90	CALLEE	0x141871190
0x1418CAA90	CALLEE	0x1418711F0
0x1418CAA90	CALLEE	0x141871250
0x1418CAA90	CALLEE	0x1418712B0
0x1418CAA90	CALLEE	0x141871310
0x1418CAA90	CALLEE	0x141871370
0x1418CAA90	CALLEE	0x1418713D0
0x1418CAA90	CALLEE	0x141871430
0x1418CAA90	CALLEE	0x141871490
0x1418CAA90	CALLEE	0x1418714F0
0x1418CAA90	CALLEE	0x141871550
0x1418CAA90	CALLEE	0x1418715B0
0x1418CAA90	CALLEE	0x141871610
0x1418CAA90	CALLEE	0x141871670
0x1418CAA90	CALLEE	0x1418716D0
0x1418CAA90	CALLEE	0x141871730
0x1418CAA90	CALLEE	0x141871790
0x1418CAA90	CALLEE	0x1418717F0
0x1418CAA90	CALLEE	0x141871850
0x1418CAA90	CALLEE	0x1418718B0
0x1418CAA90	CALLEE	0x141871910
0x1418CAA90	CALLEE	0x141871970
0x1418CAA90	CALLEE	0x1418719D0
0x1418CAA90	CALLEE	0x141871A30
0x1418CAA90	CALLEE	0x141871A90
0x1418CAA90	CALLEE	0x141871AF0
0x1418CAA90	CALLEE	0x141871B50
0x1418CAA90	CALLEE	0x141871BB0
0x1418CAA90	CALLEE	0x141871C10
0x1418CAA90	CALLEE	0x141871C70
0x1418CAA90	CALLEE	0x141871CD0
0x1418CAA90	CALLEE	0x141871D30
0x1418CAA90	CALLEE	0x141871D90
0x1418CAA90	CALLEE	0x141871DF0
0x1418CAA90	CALLEE	0x141871E50
0x1418CAA90	CALLEE	0x141871EB0
0x1418CAA90	CALLEE	0x141871F10
0x1418CAA90	CALLEE	0x141871F70
0x1418CAA90	CALLEE	0x141871FD0
0x1418CAA90	CALLEE	0x141872030
0x1418CAA90	CALLEE	0x141872090
0x1418CAA90	CALLEE	0x1418720F0
0x1418CAA90	CALLEE	0x141872150
0x1418CAA90	CALLEE	0x1418721B0
0x1418CAA90	CALLEE	0x141872210
0x1418CAA90	CALLEE	0x141872270
0x1418CAA90	CALLEE	0x1418722D0
0x1418CAA90	CALLEE	0x141872330
0x1418CAA90	CALLEE	0x141872390
0x1418CAA90	CALLEE	0x1418723F0
0x1418CAA90	CALLEE	0x141872450
0x1418CAA90	CALLEE	0x1418724B0
0x1418CAA90	CALLEE	0x141872510
0x1418CAA90	CALLEE	0x141872570
0x1418CAA90	CALLEE	0x1418725D0
0x1418CAA90	CALLEE	0x141872630
0x1418CAA90	CALLEE	0x141872690
0x1418CAA90	CALLEE	0x1418726F0
0x1418CAA90	CALLEE	0x141872750
0x1418CAA90	CALLEE	0x1418727B0
0x1418CAA90	CALLEE	0x141872810
0x1418CAA90	CALLEE	0x141872870
0x1418CAA90	CALLEE	0x1418728D0
0x1418CAA90	CALLEE	0x141872930
0x1418CAA90	CALLEE	0x141872990
0x1418CAA90	CALLEE	0x1418729F0
0x1418CAA90	CALLEE	0x141872A50
0x1418CAA90	CALLEE	0x141872AB0
0x1418CAA90	CALLEE	0x141872B10
0x1418CAA90	CALLEE	0x141872B70
0x1418CAA90	CALLEE	0x141872BD0
0x1418CAA90	CALLEE	0x141872C30
0x1418CAA90	CALLEE	0x141872C90
0x1418CAA90	CALLEE	0x141872CF0
0x1418CAA90	CALLEE	0x141872D50
0x1418CAA90	CALLEE	0x141872DB0
0x1418CAA90	CALLEE	0x141872E10
0x1418CAA90	CALLEE	0x141872E70
0x1418CAA90	CALLEE	0x141872ED0
0x1418CAA90	CALLEE	0x141872F30
0x1418CAA90	CALLEE	0x141872F90
0x1418CAA90	CALLEE	0x141872FF0
0x1418CAA90	CALLEE	0x141873050
0x1418CAA90	CALLEE	0x1418730B0
0x1418CAA90	CALLEE	0x141873110
0x1418CAA90	CALLEE	0x141873170
0x1418CAA90	CALLEE	0x1418731D0
0x1418CAA90	CALLEE	0x141873230
0x1418CAA90	CALLEE	0x141873290
0x1418CAA90	CALLEE	0x1418732F0
0x1418CAA90	CALLEE	0x141873350
0x1418CAA90	CALLEE	0x1418733B0
0x1418CAA90	CALLEE	0x141873410
0x1418CAA90	CALLEE	0x141873470
0x1418CAA90	CALLEE	0x1418734D0
0x1418CAA90	CALLEE	0x141873530
0x1418CAA90	CALLEE	0x141873590
0x1418CAA90	CALLEE	0x1418735F0
0x1418CAA90	CALLEE	0x141873650
0x1418CAA90	CALLEE	0x1418736B0
0x1418CAA90	CALLEE	0x141873710
0x1418CAA90	CALLEE	0x141873770
0x1418CAA90	CALLEE	0x1418737D0
0x1418CAA90	CALLEE	0x141873830
0x1418CAA90	CALLEE	0x141873890
0x1418CAA90	CALLEE	0x1418738F0
0x1418CAA90	CALLEE	0x141873950
0x1418CAA90	CALLEE	0x1418739B0
0x1418CAA90	CALLEE	0x141873A10
0x1418CAA90	CALLEE	0x141873A70
0x1418CAA90	CALLEE	0x141873AD0
0x1418CAA90	CALLEE	0x141873B30
0x1418CAA90	CALLEE	0x141873B90
0x1418CAA90	CALLEE	0x141873BF0
0x1418CAA90	CALLEE	0x141873C50
0x1418CAA90	CALLEE	0x141873CB0
0x1418CAA90	CALLEE	0x141873D10
0x1418CAA90	CALLEE	0x141873D70
0x1418CAA90	CALLEE	0x141873DD0
0x1418CAA90	CALLEE	0x141873E30
0x1418CAA90	CALLEE	0x141873E90
0x1418CAA90	CALLEE	0x141873EF0
0x1418CAA90	CALLEE	0x141873F50
0x1418CAA90	CALLEE	0x141873FB0
0x1418CAA90	CALLEE	0x141874010
0x1418CAA90	CALLEE	0x141874070
0x1418CAA90	CALLEE	0x1418740D0
0x1418CAA90	CALLEE	0x141874130
0x1418CAA90	CALLEE	0x141874190
0x1418CAA90	CALLEE	0x1418741F0
0x1418CAA90	CALLEE	0x141874250
0x1418CAA90	CALLEE	0x1418742B0
0x1418CAA90	CALLEE	0x141874310
0x1418CAA90	CALLEE	0x141874370
0x1418CAA90	CALLEE	0x1418743D0
0x1418CAA90	CALLEE	0x141874430
0x1418CAA90	CALLEE	0x141874490
0x1418CAA90	CALLEE	0x1418744F0
0x1418CAA90	CALLEE	0x141874550
0x1418CAA90	CALLEE	0x1418745B0
0x1418CAA90	CALLEE	0x141874610
0x1418CAA90	CALLEE	0x141874670
0x1418CAA90	CALLEE	0x1418746D0
0x1418CAA90	CALLEE	0x141874730
0x1418CAA90	CALLEE	0x141874790
0x1418CAA90	CALLEE	0x1418747F0
0x1418CAA90	CALLEE	0x141874850
0x1418CAA90	CALLEE	0x1418748B0
0x1418CAA90	CALLEE	0x141874910
0x1418CAA90	CALLEE	0x141874970
0x1418CAA90	CALLEE	0x1418749D0
0x1418CAA90	CALLEE	0x141874A30
0x1418CAA90	CALLEE	0x141874A90
0x1418CAA90	CALLEE	0x141874AF0
0x1418CAA90	CALLEE	0x141874B50
0x1418CAA90	CALLEE	0x141874BB0
0x1418CAA90	CALLEE	0x141874C10
0x1418CAA90	CALLEE	0x141874C70
0x1418CAA90	CALLEE	0x141874CD0
0x1418CAA90	CALLEE	0x141874D30
0x1418CAA90	CALLEE	0x141874D90
0x1418CAA90	CALLEE	0x141874DF0
0x1418CAA90	CALLEE	0x141874E50
0x1418CAA90	CALLEE	0x141874EB0
0x1418CAA90	CALLEE	0x141874F10
0x1418CAA90	CALLEE	0x141874F70
0x1418CAA90	CALLEE	0x141874FD0
0x1418CAA90	CALLEE	0x141875030
0x1418CAA90	CALLEE	0x141875090
0x1418CAA90	CALLEE	0x1418750F0
0x1418CAA90	CALLEE	0x141875150
0x1418CAA90	CALLEE	0x1418751B0
0x1418CAA90	CALLEE	0x141875210
0x1418CAA90	CALLEE	0x141875270
0x1418CAA90	CALLEE	0x1418752D0
0x1418CAA90	CALLEE	0x141875330
0x1418CAA90	CALLEE	0x141875390
0x1418CAA90	CALLEE	0x1418753F0
0x1418CAA90	CALLEE	0x141875450
0x1418CAA90	CALLEE	0x1418754B0
0x1418CAA90	CALLEE	0x141875510
0x1418CAA90	CALLEE	0x141875570
0x1418CAA90	CALLEE	0x1418755D0
0x1418CAA90	CALLEE	0x141875630
0x1418CAA90	CALLEE	0x141875690
0x1418CAA90	CALLEE	0x1418756F0
0x1418CAA90	CALLEE	0x141875750
0x1418CAA90	CALLEE	0x1418757B0
0x1418CAA90	CALLEE	0x141875810
0x1418CAA90	CALLEE	0x141875870
0x1418CAA90	CALLEE	0x1418758D0
0x1418CAA90	CALLEE	0x141875930
0x1418CAA90	CALLEE	0x141875990
0x1418CAA90	CALLEE	0x1418759F0
0x1418CAA90	CALLEE	0x141875A50
0x1418CAA90	CALLEE	0x141875AB0
0x1418CAA90	CALLEE	0x141875B10
0x1418CAA90	CALLEE	0x141875B70
0x1418CAA90	CALLEE	0x141875BD0
0x1418CAA90	CALLEE	0x141875C30
0x1418CAA90	CALLEE	0x141875C90
0x1418CAA90	CALLEE	0x141875CF0
0x1418CAA90	CALLEE	0x141875D50
0x1418CAA90	CALLEE	0x141875DB0
0x1418CAA90	CALLEE	0x141875E10
0x1418CAA90	CALLEE	0x141875E70
0x1418CAA90	CALLEE	0x141875ED0
0x1418CAA90	CALLEE	0x141875F30
0x1418CAA90	CALLEE	0x141875F90
0x1418CAA90	CALLEE	0x141875FF0
0x1418CAA90	CALLEE	0x141876050
0x1418CAA90	CALLEE	0x1418760B0
0x1418CAA90	CALLEE	0x141876110
0x1418CAA90	CALLEE	0x141876170
0x1418CAA90	CALLEE	0x1418761D0
0x1418CAA90	CALLEE	0x141876230
0x1418CAA90	CALLEE	0x141876290
0x1418CAA90	CALLEE	0x1418762F0
0x1418CAA90	CALLEE	0x141876350
0x1418CAA90	CALLEE	0x1418763B0
0x1418CAA90	CALLEE	0x141876410
0x1418CAA90	CALLEE	0x141876470
0x1418CAA90	CALLEE	0x1418764D0
0x1418CAA90	CALLEE	0x141876530
0x1418CAA90	CALLEE	0x141876590
0x1418CAA90	CALLEE	0x1418765F0
0x1418CAA90	CALLEE	0x141876650
0x1418CAA90	CALLEE	0x1418766B0
0x1418CAA90	CALLEE	0x141876710
0x1418CAA90	CALLEE	0x141876770
0x1418CAA90	CALLEE	0x1418767D0
0x1418CAA90	CALLEE	0x141876830
0x1418CAA90	CALLEE	0x141876890
0x1418CAA90	CALLEE	0x1418768F0
0x1418CAA90	CALLEE	0x141876950
0x1418CAA90	CALLEE	0x1418769B0
0x1418CAA90	CALLEE	0x141876A10
0x1418CAA90	CALLEE	0x141876A70
0x1418CAA90	CALLEE	0x141876AD0
0x1418CAA90	CALLEE	0x141876B30
0x1418CAA90	CALLEE	0x141876B90
0x1418CAA90	CALLEE	0x141876BF0
0x1418CAA90	CALLEE	0x141876C50
0x1418CAA90	CALLEE	0x141876CB0
0x1418CAA90	CALLEE	0x141876D10
0x1418CAA90	CALLEE	0x141876D70
0x1418CAA90	CALLEE	0x141876DD0
0x1418CAA90	CALLEE	0x141876E30
0x1418CAA90	CALLEE	0x141876E90
0x1418CAA90	CALLEE	0x141876EF0
0x1418CAA90	CALLEE	0x141876F50
0x1418CAA90	CALLEE	0x141876FB0
0x1418CAA90	CALLEE	0x141877010
0x1418CAA90	CALLEE	0x141877070
0x1418CAA90	CALLEE	0x1418770D0
0x1418CAA90	CALLEE	0x141877130
0x1418CAA90	CALLEE	0x141877190
0x1418CAA90	CALLEE	0x1418771F0
0x1418CAA90	CALLEE	0x141877250
0x1418CAA90	CALLEE	0x1418772B0
0x1418CAA90	CALLEE	0x141877310
0x1418CAA90	CALLEE	0x141877370
0x1418CAA90	CALLEE	0x1418773D0
0x1418CAA90	CALLEE	0x141877430
0x1418CAA90	CALLEE	0x141877490
0x1418CAA90	CALLEE	0x1418774F0
0x1418CAA90	CALLEE	0x141877550
0x1418CAA90	CALLEE	0x1418775B0
0x1418CAA90	CALLEE	0x141877610
0x1418CAA90	CALLEE	0x141877670
0x1418CAA90	CALLEE	0x1418776D0
0x1418CAA90	CALLEE	0x141877730
0x1418CAA90	CALLEE	0x141877790
0x1418CAA90	CALLEE	0x1418777F0
0x1418CAA90	CALLEE	0x141877850
0x1418CAA90	CALLEE	0x1418778B0
0x1418CAA90	CALLEE	0x141877910
0x1418CAA90	CALLEE	0x141877970
0x1418CAA90	CALLEE	0x1418779D0
0x1418CAA90	CALLEE	0x141877A30
0x1418CAA90	CALLEE	0x141877A90
0x1418CAA90	CALLEE	0x141877AF0
0x1418CAA90	CALLEE	0x141877B50
0x1418CAA90	CALLEE	0x141877BB0
0x1418CAA90	CALLEE	0x141877C10
0x1418CAA90	CALLEE	0x141877C70
0x1418CAA90	CALLEE	0x141877CD0
0x1418CAA90	CALLEE	0x141877D30
0x1418CAA90	CALLEE	0x141877D90
0x1418CAA90	CALLEE	0x141877DF0
0x1418CAA90	CALLEE	0x141877E50
0x1418CAA90	CALLEE	0x141877EB0
0x1418CAA90	CALLEE	0x141877F10
0x1418CAA90	CALLEE	0x141877F70
0x1418CAA90	CALLEE	0x141877FD0
0x1418CAA90	CALLEE	0x141878030
0x1418CAA90	CALLEE	0x141878090
0x1418CAA90	CALLEE	0x1418780F0
0x1418CAA90	CALLEE	0x141878150
0x1418CAA90	CALLEE	0x1418781B0
0x1418CAA90	CALLEE	0x141878210
0x1418CAA90	CALLEE	0x141878270
0x1418CAA90	CALLEE	0x1418782D0
0x1418CAA90	CALLEE	0x141878330
0x1418CAA90	CALLEE	0x141878390
0x1418CAA90	CALLEE	0x1418783F0
0x1418CAA90	CALLEE	0x141878450
0x1418CAA90	CALLEE	0x1418784B0
0x1418CAA90	CALLEE	0x141878510
0x1418CAA90	CALLEE	0x141878570
0x1418CAA90	CALLEE	0x1418785D0
0x1418CAA90	CALLEE	0x141878630
0x1418CAA90	CALLEE	0x141878690
0x1418CAA90	CALLEE	0x1418786F0
0x1418CAA90	CALLEE	0x141878750
0x1418CAA90	CALLEE	0x1418787B0
0x1418CAA90	CALLEE	0x141878810
0x1418CAA90	CALLEE	0x141878870
0x1418CAA90	CALLEE	0x1418788D0
0x1418CAA90	CALLEE	0x141878930
0x1418CAA90	CALLEE	0x141878990
0x1418CAA90	CALLEE	0x1418789F0
0x1418CAA90	CALLEE	0x141878A50
0x1418CAA90	CALLEE	0x141878AB0
0x1418CAA90	CALLEE	0x141878B10
0x1418CAA90	CALLEE	0x141878B70
0x1418CAA90	CALLEE	0x141878BD0
0x1418CAA90	CALLEE	0x141878C30
0x1418CAA90	CALLEE	0x141878C90
0x1418CAA90	CALLEE	0x141878CF0
0x1418CAA90	CALLEE	0x141878D50
0x1418CAA90	CALLEE	0x141878DB0
0x1418CAA90	CALLEE	0x141878E10
0x1418CAA90	CALLEE	0x141878E70
0x1418CAA90	CALLEE	0x141878ED0
0x1418CAA90	CALLEE	0x141878F30
0x1418CAA90	CALLEE	0x141878F90
0x1418CAA90	CALLEE	0x141878FF0
0x1418CAA90	CALLEE	0x141879050
0x1418CAA90	CALLEE	0x1418790B0
0x1418CAA90	CALLEE	0x141879110
0x1418CAA90	CALLEE	0x141879170
0x1418CAA90	CALLEE	0x1418791D0
0x1418CAA90	CALLEE	0x141879230
0x1418CAA90	CALLEE	0x141879290
0x1418CAA90	CALLEE	0x1418792F0
0x1418CAA90	CALLEE	0x141879350
0x1418CAA90	CALLEE	0x1418793B0
0x1418CAA90	CALLEE	0x141879410
0x1418CAA90	CALLEE	0x141879470
0x1418CAA90	CALLEE	0x1418794D0
0x1418CAA90	CALLEE	0x141879530
0x1418CAA90	CALLEE	0x141879590
0x1418CAA90	CALLEE	0x1418795F0
0x1418CAA90	CALLEE	0x141879650
0x1418CAA90	CALLEE	0x1418796B0
0x1418CAA90	CALLEE	0x141879710
0x1418CAA90	CALLEE	0x141879770
0x1418CAA90	CALLEE	0x1418797D0
0x1418CAA90	CALLEE	0x141879830
0x1418CAA90	CALLEE	0x141879890
0x1418CAA90	CALLEE	0x1418798F0
0x1418CAA90	CALLEE	0x141879950
0x1418CAA90	CALLEE	0x1418799B0
0x1418CAA90	CALLEE	0x141879A10
0x1418CAA90	CALLEE	0x141879A70
0x1418CAA90	CALLEE	0x141879AD0
0x1418CAA90	CALLEE	0x141879B30
0x1418CAA90	CALLEE	0x141879B90
0x1418CAA90	CALLEE	0x141879BF0
0x1418CAA90	CALLEE	0x141879C50
0x1418CAA90	CALLEE	0x141879CB0
0x1418CAA90	CALLEE	0x141879D10
0x1418CAA90	CALLEE	0x141879D70
0x1418CAA90	CALLEE	0x141879DD0
0x1418CAA90	CALLEE	0x141879E30
0x1418CAA90	CALLEE	0x141879E90
0x1418CAA90	CALLEE	0x141879EF0
0x1418CAA90	CALLEE	0x141879F50
0x1418CAA90	CALLEE	0x141879FB0
0x1418CAA90	CALLEE	0x14187A010
0x1418CAA90	CALLEE	0x14187A070
0x1418CAA90	CALLEE	0x14187A0D0
0x1418CAA90	CALLEE	0x14187A130
0x1418CAA90	CALLEE	0x14187A190
0x1418CAA90	CALLEE	0x14187A1F0
0x1418CAA90	CALLEE	0x14187A250
0x1418CAA90	CALLEE	0x14187A2B0
0x1418CAA90	CALLEE	0x14187A310
0x1418CAA90	CALLEE	0x14187A370
0x1418CAA90	CALLEE	0x14187A3D0
0x1418CAA90	CALLEE	0x14187A430
0x1418CAA90	CALLEE	0x14187A490
0x1418CAA90	CALLEE	0x14187A4F0
0x1418CAA90	CALLEE	0x14187A550
0x1418CAA90	CALLEE	0x14187A5B0
0x1418CAA90	CALLEE	0x14187A610
0x1418CAA90	CALLEE	0x14187A670
0x1418CAA90	CALLEE	0x14187A6D0
0x1418CAA90	CALLEE	0x14187A730
0x1418CAA90	CALLEE	0x14187A790
0x1418CAA90	CALLEE	0x14187A7F0
0x1418CAA90	CALLEE	0x14187A850
0x1418CAA90	CALLEE	0x14187A8B0
0x1418CAA90	CALLEE	0x14187A910
0x1418CAA90	CALLEE	0x14187A970
0x1418CAA90	CALLEE	0x14187A9D0
0x1418CAA90	CALLEE	0x14187AA30
0x1418CAA90	CALLEE	0x14187AA90
0x1418CAA90	CALLEE	0x14187AAF0
0x1418CAA90	CALLEE	0x14187AB50
0x1418CAA90	CALLEE	0x14187ABB0
0x1418CAA90	CALLEE	0x14187AC10
0x1418CAA90	CALLEE	0x14187AC70
0x1418CAA90	CALLEE	0x14187ACD0
0x1418CAA90	CALLEE	0x14187AD30
0x1418CAA90	CALLEE	0x14187AD90
0x1418CAA90	CALLEE	0x14187ADF0
0x1418CAA90	CALLEE	0x14187AE50
0x1418CAA90	CALLEE	0x14187AEB0
0x1418CAA90	CALLEE	0x14187AF10
0x1418CAA90	CALLEE	0x14187AF70
0x1418CAA90	CALLEE	0x14187AFD0
0x1418CAA90	CALLEE	0x14187B030
0x1418CAA90	CALLEE	0x14187B090
0x1418CAA90	CALLEE	0x14187B0F0
0x1418CAA90	CALLEE	0x14187B150
0x1418CAA90	CALLEE	0x14187B1B0
0x1418CAA90	CALLEE	0x14187B210
0x1418CAA90	CALLEE	0x14187B270
0x1418CAA90	CALLEE	0x14187B2D0
0x1418CAA90	CALLEE	0x14187B330
0x1418CAA90	CALLEE	0x14187B390
0x1418CAA90	CALLEE	0x14187B3F0
0x1418CAA90	CALLEE	0x14187B450
0x1418CAA90	CALLEE	0x14187B4B0
0x1418CAA90	CALLEE	0x14187B510
0x1418CAA90	CALLEE	0x14187B570
0x1418CAA90	CALLEE	0x14187B5D0
0x1418CAA90	CALLEE	0x14187B630
0x1418CAA90	CALLEE	0x14187B690
0x1418CAA90	CALLEE	0x14187B6F0
0x1418CAA90	CALLEE	0x14187B750
0x1418CAA90	CALLEE	0x14187B7B0
0x1418CAA90	CALLEE	0x14187B810
0x1418CAA90	CALLEE	0x14187B870
0x1418CAA90	CALLEE	0x14187B8D0
0x1418CAA90	CALLEE	0x14187B930
0x1418CAA90	CALLEE	0x14187B990
0x1418CAA90	CALLEE	0x14187B9F0
0x1418CAA90	CALLEE	0x14187BA50
0x1418CAA90	CALLEE	0x14187BAB0
0x1418CAA90	CALLEE	0x14187BB10
0x1418CAA90	CALLEE	0x14187BB70
0x1418CAA90	CALLEE	0x14187BBD0
0x1418CAA90	CALLEE	0x14187BC30
0x1418CAA90	CALLEE	0x14187BC90
0x1418CAA90	CALLEE	0x14187BCF0
0x1418CAA90	CALLEE	0x14187BD50
0x1418CAA90	CALLEE	0x14187BDB0
0x1418CAA90	CALLEE	0x14187BE10
0x1418CAA90	CALLEE	0x14187BE70
0x1418CAA90	CALLEE	0x14187BED0
0x1418CAA90	CALLEE	0x14187BF30
0x1418CAA90	CALLEE	0x14187BF90
0x1418CAA90	CALLEE	0x14187BFF0
0x1418CAA90	CALLEE	0x14187C050
0x1418CAA90	CALLEE	0x14187C0B0
0x1418CAA90	CALLEE	0x14187C110
0x1418CAA90	CALLEE	0x14187C170
0x1418CAA90	CALLEE	0x14187C1D0
0x1418CAA90	CALLEE	0x14187C230
0x1418CAA90	CALLEE	0x14187C290
0x1418CAA90	CALLEE	0x14187C2F0
0x1418CAA90	CALLEE	0x14187C350
0x1418CAA90	CALLEE	0x14187C3B0
0x1418CAA90	CALLEE	0x14187C410
0x1418CAA90	CALLEE	0x14187C470
0x1418CAA90	CALLEE	0x14187C4D0
0x1418CAA90	CALLEE	0x14187C530
0x1418CAA90	CALLEE	0x14187C590
0x1418CAA90	CALLEE	0x14187C5F0
0x1418CAA90	CALLEE	0x14187C650
0x1418CAA90	CALLEE	0x14187C6B0
0x1418CAA90	CALLEE	0x14187C710
0x1418CAA90	CALLEE	0x14187C770
0x1418CAA90	CALLEE	0x14187C7D0
0x1418CAA90	CALLEE	0x14187C830
0x1418CAA90	CALLEE	0x14187C890
0x1418CAA90	CALLEE	0x14187C8F0
0x1418CAA90	CALLEE	0x14187C950
0x1418CAA90	CALLEE	0x14187C9B0
0x1418CAA90	CALLEE	0x14187CA10
0x1418CAA90	CALLEE	0x14187CA70
0x1418CAA90	CALLEE	0x14187CAD0
0x1418CAA90	CALLEE	0x14187CB30
0x1418CAA90	CALLEE	0x14187CB90
0x1418CAA90	CALLEE	0x14187CBF0
0x1418CAA90	CALLEE	0x14187CC50
0x1418CAA90	CALLEE	0x14187CCB0
0x1418CAA90	CALLEE	0x14187CD10
0x1418CAA90	CALLEE	0x14187CD70
0x1418CAA90	CALLEE	0x14187CDD0
0x1418CAA90	CALLEE	0x14187CE30
0x1418CAA90	CALLEE	0x14187CE90
0x1418CAA90	CALLEE	0x14187CEF0
0x1418CAA90	CALLEE	0x14187CF50
0x1418CAA90	CALLEE	0x14187CFB0
0x1418CAA90	CALLEE	0x14187D010
0x1418CAA90	CALLEE	0x14187D070
0x1418CAA90	CALLEE	0x14187D0D0
0x1418CAA90	CALLEE	0x14187D130
0x1418CAA90	CALLEE	0x14187D190
0x1418CAA90	CALLEE	0x14187D1F0
0x1418CAA90	CALLEE	0x14187D250
0x1418CAA90	CALLEE	0x14187D2B0
0x1418CAA90	CALLEE	0x14187D310
0x1418CAA90	CALLEE	0x14187D370
0x1418CAA90	CALLEE	0x14187D3D0
0x1418CAA90	CALLEE	0x14187D430
0x1418CAA90	CALLEE	0x14187D490
0x1418CAA90	CALLEE	0x14187D4F0
0x1418CAA90	CALLEE	0x14187D550
0x1418CAA90	CALLEE	0x14187D5B0
0x1418CAA90	CALLEE	0x14187D610
0x1418CAA90	CALLEE	0x14187D670
0x1418CAA90	CALLEE	0x14187D6D0
0x1418CAA90	CALLEE	0x14187D730
0x1418CAA90	CALLEE	0x14187D790
0x1418CAA90	CALLEE	0x14187D7F0
0x1418CAA90	CALLEE	0x14187D850
0x1418CAA90	CALLEE	0x14187D8B0
0x1418CAA90	CALLEE	0x14187D910
0x1418CAA90	CALLEE	0x14187D970
0x1418CAA90	CALLEE	0x14187D9D0
0x1418CAA90	CALLEE	0x14187DA30
0x1418CAA90	CALLEE	0x14187DA90
0x1418CAA90	CALLEE	0x14187DAF0
0x1418CAA90	CALLEE	0x14187DB50
0x1418CAA90	CALLEE	0x14187DBB0
0x1418CAA90	CALLEE	0x14187DC10
0x1418CAA90	CALLEE	0x14187DC70
0x1418CAA90	CALLEE	0x14187DCD0
0x1418CAA90	CALLEE	0x14187DD30
0x1418CAA90	CALLEE	0x14187DD90
0x1418CAA90	CALLEE	0x14187DDF0
0x1418CAA90	CALLEE	0x14187DE50
0x1418CAA90	CALLEE	0x14187DEB0
0x1418CAA90	CALLEE	0x14187DF10
0x1418CAA90	CALLEE	0x14187DF70
0x1418CAA90	CALLEE	0x14187DFD0
0x1418CAA90	CALLEE	0x14187E030
0x1418CAA90	CALLEE	0x14187E090
0x1418CAA90	CALLEE	0x14187E0F0
0x1418CAA90	CALLEE	0x14187E150
0x1418CAA90	CALLEE	0x14187E1B0
0x1418CAA90	CALLEE	0x14187E210
0x1418CAA90	CALLEE	0x14187E270
0x1418CAA90	CALLEE	0x14187E2D0
0x1418CAA90	CALLEE	0x14187E330
0x1418CAA90	CALLEE	0x14187E390
0x1418CAA90	CALLEE	0x14187E3F0
0x1418CAA90	CALLEE	0x14187E450
0x1418CAA90	CALLEE	0x14187E4B0
0x1418CAA90	CALLEE	0x14187E510
0x1418CAA90	CALLEE	0x14187E570
0x1418CAA90	CALLEE	0x14187E5D0
0x1418CAA90	CALLEE	0x14187E630
0x1418CAA90	CALLEE	0x14187E690
0x1418CAA90	CALLEE	0x14187E6F0
0x1418CAA90	CALLEE	0x14187E750
0x1418CAA90	CALLEE	0x14187E7B0
0x1418CAA90	CALLEE	0x14187E810
0x1418CAA90	CALLEE	0x14187E870
0x1418CAA90	CALLEE	0x14187E8D0
0x1418CAA90	CALLEE	0x14187E930
0x1418CAA90	CALLEE	0x14187E990
0x1418CAA90	CALLEE	0x14187E9F0
0x1418CAA90	CALLEE	0x14187EA50
0x1418CAA90	CALLEE	0x14187EAB0
0x1418CAA90	CALLEE	0x14187EB10
0x1418CAA90	CALLEE	0x14187EB70
0x1418CAA90	CALLEE	0x14187EBD0
0x1418CAA90	CALLEE	0x14187EC30
0x1418CAA90	CALLEE	0x14187EC90
0x1418CAA90	CALLEE	0x14187ECF0
0x1418CAA90	CALLEE	0x14187ED50
0x1418CAA90	CALLEE	0x14187EDB0
0x1418CAA90	CALLEE	0x14187EE10
0x1418CAA90	CALLEE	0x14187EE70
0x1418CAA90	CALLEE	0x14187EED0
0x1418CAA90	CALLEE	0x14187EF30
0x1418CAA90	CALLEE	0x14187EF90
0x1418CAA90	CALLEE	0x14187EFF0
0x1418CAA90	CALLEE	0x14187F050
0x1418CAA90	CALLEE	0x14187F0B0
0x1418CAA90	CALLEE	0x14187F110
0x1418CAA90	CALLEE	0x14187F170
0x1418CAA90	CALLEE	0x14187F1D0
0x1418CAA90	CALLEE	0x14187F230
0x1418CAA90	CALLEE	0x14187F290
0x1418CAA90	CALLEE	0x14187F2F0
0x1418CAA90	CALLEE	0x14187F350
0x1418CAA90	CALLEE	0x14187F3B0
0x1418CAA90	CALLEE	0x14187F410
0x1418CAA90	CALLEE	0x14187F470
0x1418CAA90	CALLEE	0x14187F4D0
0x1418CAA90	CALLEE	0x14187F530
0x1418CAA90	CALLEE	0x14187F590
0x1418CAA90	CALLEE	0x14187F5F0
0x1418CAA90	CALLEE	0x14187F650
0x1418CAA90	CALLEE	0x14187F6B0
0x1418CAA90	CALLEE	0x14187F710
0x1418CAA90	CALLEE	0x14187F770
0x1418CAA90	CALLEE	0x14187F7D0
0x1418CAA90	CALLEE	0x14187F830
0x1418CAA90	CALLEE	0x14187F890
0x1418CAA90	CALLEE	0x14187F8F0
0x1418CAA90	CALLEE	0x14187F950
0x1418CAA90	CALLEE	0x14187F9B0
0x1418CAA90	CALLEE	0x14187FA10
0x1418CAA90	CALLEE	0x14187FA70
0x1418CAA90	CALLEE	0x14187FAD0
0x1418CAA90	CALLEE	0x14187FB30
0x1418CAA90	CALLEE	0x14187FB90
0x1418CAA90	CALLEE	0x14187FBF0
0x1418CAA90	CALLEE	0x14187FC50
0x1418CAA90	CALLEE	0x14187FCB0
0x1418CAA90	CALLEE	0x14187FD10
0x1418CAA90	CALLEE	0x14187FD70
0x1418CAA90	CALLEE	0x14187FDD0
0x1418CAA90	CALLEE	0x14187FE30
0x1418CAA90	CALLEE	0x14187FE90
0x1418CAA90	CALLEE	0x14187FEF0
0x1418CAA90	CALLEE	0x14187FF50
0x1418CAA90	CALLEE	0x14187FFB0
0x1418CAA90	CALLEE	0x141880010
0x1418CAA90	CALLEE	0x141880070
0x1418CAA90	CALLEE	0x1418800D0
0x1418CAA90	CALLEE	0x141880130
0x1418CAA90	CALLEE	0x141880190
0x1418CAA90	CALLEE	0x1418801F0
0x1418CAA90	CALLEE	0x141880250
0x1418CAA90	CALLEE	0x1418802B0
0x1418CAA90	CALLEE	0x141880310
0x1418CAA90	CALLEE	0x141880370
0x1418CAA90	CALLEE	0x1418803D0
0x1418CAA90	CALLEE	0x141880430
0x1418CAA90	CALLEE	0x141880490
0x1418CAA90	CALLEE	0x1418804F0
0x1418CAA90	CALLEE	0x141880550
0x1418CAA90	CALLEE	0x1418805B0
0x1418CAA90	CALLEE	0x141880610
0x1418CAA90	CALLEE	0x141880670
0x1418CAA90	CALLEE	0x1418806D0
0x1418CAA90	CALLEE	0x141880730
0x1418CAA90	CALLEE	0x141880790
0x1418CAA90	CALLEE	0x1418807F0
0x1418CAA90	CALLEE	0x141880850
0x1418CAA90	CALLEE	0x1418808B0
0x1418CAA90	CALLEE	0x141880910
0x1418CAA90	CALLEE	0x141880970
0x1418CAA90	CALLEE	0x1418809D0
0x1418CAA90	CALLEE	0x141880A30
0x1418CAA90	CALLEE	0x141880A90
0x1418CAA90	CALLEE	0x141880AF0
0x1418CAA90	CALLEE	0x141880B50
0x1418CAA90	CALLEE	0x141880BB0
0x1418CAA90	CALLEE	0x141880C10
0x1418CAA90	CALLEE	0x141880C70
0x1418CAA90	CALLEE	0x141880CD0
0x1418CAA90	CALLEE	0x141880D30
0x1418CAA90	CALLEE	0x141880D90
0x1418CAA90	CALLEE	0x141880DF0
0x1418CAA90	CALLEE	0x141880E50
0x1418CAA90	CALLEE	0x141880EB0
0x1418CAA90	CALLEE	0x141880F10
0x1418CAA90	CALLEE	0x141880F70
0x1418CAA90	CALLEE	0x141880FD0
0x1418CAA90	CALLEE	0x141881030
0x1418CAA90	CALLEE	0x141881090
0x1418CAA90	CALLEE	0x1418810F0
0x1418CAA90	CALLEE	0x141881150
0x1418CAA90	CALLEE	0x1418811B0
0x1418CAA90	CALLEE	0x141881210
0x1418CAA90	CALLEE	0x141881270
0x1418CAA90	CALLEE	0x1418812D0
0x1418CAA90	CALLEE	0x141881330
0x1418CAA90	CALLEE	0x141881390
0x1418CAA90	CALLEE	0x1418813F0
0x1418CAA90	CALLEE	0x141881450
0x1418CAA90	CALLEE	0x1418814B0
0x1418CAA90	CALLEE	0x141881510
0x1418CAA90	CALLEE	0x141881570
0x1418CAA90	CALLEE	0x1418815D0
0x1418CAA90	CALLEE	0x141881630
0x1418CAA90	CALLEE	0x141881690
0x1418CAA90	CALLEE	0x1418816F0
0x1418CAA90	CALLEE	0x141881750
0x1418CAA90	CALLEE	0x1418817B0
0x1418CAA90	CALLEE	0x141881810
0x1418CAA90	CALLEE	0x141881870
0x1418CAA90	CALLEE	0x1418818D0
0x1418CAA90	CALLEE	0x141881930
0x1418CAA90	CALLEE	0x141881990
0x1418CAA90	CALLEE	0x1418819F0
0x1418CAA90	CALLEE	0x141881A50
0x1418CAA90	CALLEE	0x141881AB0
0x1418CAA90	CALLEE	0x141881B10
0x1418CAA90	CALLEE	0x141881B70
0x1418CAA90	CALLEE	0x141881BD0
0x1418CAA90	CALLEE	0x141881C30
0x1418CAA90	CALLEE	0x141881C90
0x1418CAA90	CALLEE	0x141881CF0
0x1418CAA90	CALLEE	0x141881D50
0x1418CAA90	CALLEE	0x141881DB0
0x1418CAA90	CALLEE	0x141881E10
0x1418CAA90	CALLEE	0x141881E70
0x1418CAA90	CALLEE	0x141881ED0
0x1418CAA90	CALLEE	0x141881F30
0x1418CAA90	CALLEE	0x141881F90
0x1418CAA90	CALLEE	0x141881FF0
0x1418CAA90	CALLEE	0x141882050
0x1418CAA90	CALLEE	0x1418820B0
0x1418CAA90	CALLEE	0x141882110
0x1418CAA90	CALLEE	0x141882170
0x1418CAA90	CALLEE	0x1418821D0
0x1418CAA90	CALLEE	0x141882230
0x1418CAA90	CALLEE	0x141882290
0x1418CAA90	CALLEE	0x1418822F0
0x1418CAA90	CALLEE	0x141882350
0x1418CAA90	CALLEE	0x1418823B0
0x1418CAA90	CALLEE	0x141882410
0x1418CAA90	CALLEE	0x141882470
0x1418CAA90	CALLEE	0x1418824D0
0x1418CAA90	CALLEE	0x141882530
0x1418CAA90	CALLEE	0x141882590
0x1418CAA90	CALLEE	0x1418825F0
0x1418CAA90	CALLEE	0x141882650
0x1418CAA90	CALLEE	0x1418826B0
0x1418CAA90	CALLEE	0x141882710
0x1418CAA90	CALLEE	0x141882770
0x1418CAA90	CALLEE	0x1418827D0
0x1418CAA90	CALLEE	0x141882830
0x1418CAA90	CALLEE	0x141882890
0x1418CAA90	CALLEE	0x1418828F0
0x1418CAA90	CALLEE	0x141882950
0x1418CAA90	CALLEE	0x1418829B0
0x1418CAA90	CALLEE	0x141882A10
0x1418CAA90	CALLEE	0x141882A70
0x1418CAA90	CALLEE	0x141882AD0
0x1418CAA90	CALLEE	0x141882B30
0x1418CAA90	CALLEE	0x141882B90
0x1418CAA90	CALLEE	0x141882BF0
0x1418CAA90	CALLEE	0x141882C50
0x1418CAA90	CALLEE	0x141882CB0
0x1418CAA90	CALLEE	0x141882D10
0x1418CAA90	CALLEE	0x141882D70
0x1418CAA90	CALLEE	0x141882DD0
0x1418CAA90	CALLEE	0x141882E30
0x1418CAA90	CALLEE	0x141882E90
0x1418CAA90	CALLEE	0x141882EF0
0x1418CAA90	CALLEE	0x141882F50
0x1418CAA90	CALLEE	0x141882FB0
0x1418CAA90	CALLEE	0x141883010
0x1418CAA90	CALLEE	0x141883070
0x1418CAA90	CALLEE	0x1418830D0
0x1418CAA90	CALLEE	0x141883130
0x1418CAA90	CALLEE	0x141883190
0x1418CAA90	CALLEE	0x1418831F0
0x1418CAA90	CALLEE	0x141883250
0x1418CAA90	CALLEE	0x1418832B0
0x1418CAA90	CALLEE	0x141883310
0x1418CAA90	CALLEE	0x141883370
0x1418CAA90	CALLEE	0x1418833D0
0x1418CAA90	CALLEE	0x141883430
0x1418CAA90	CALLEE	0x141883490
0x1418CAA90	CALLEE	0x1418834F0
0x1418CAA90	CALLEE	0x141883550
0x1418CAA90	CALLEE	0x1418835B0
0x1418CAA90	CALLEE	0x141883610
0x1418CAA90	CALLEE	0x141883670
0x1418CAA90	CALLEE	0x1418836D0
0x1418CAA90	CALLEE	0x141883730
0x1418CAA90	CALLEE	0x141883790
0x1418CAA90	CALLEE	0x1418837F0
0x1418CAA90	CALLEE	0x141883850
0x1418CAA90	CALLEE	0x1418838B0
0x1418CAA90	CALLEE	0x141883910
0x1418CAA90	CALLEE	0x141883970
0x1418CAA90	CALLEE	0x1418839D0
0x1418CAA90	CALLEE	0x141883A30
0x1418CAA90	CALLEE	0x141883A90
0x1418CAA90	CALLEE	0x141883AF0
0x1418CAA90	CALLEE	0x141883B50
0x1418CAA90	CALLEE	0x141883BB0
0x1418CAA90	CALLEE	0x141883C10
0x1418CAA90	CALLEE	0x141883C70
0x1418CAA90	CALLEE	0x141883CD0
0x1418CAA90	CALLEE	0x141883D30
0x1418CAA90	CALLEE	0x141883D90
0x1418CAA90	CALLEE	0x141883DF0
0x1418CAA90	CALLEE	0x141883E50
0x1418CAA90	CALLEE	0x141883EB0
0x1418CAA90	CALLEE	0x141883F10
0x1418CAA90	CALLEE	0x141883F70
0x1418CAA90	CALLEE	0x141883FD0
0x1418CAA90	CALLEE	0x141884030
0x1418CAA90	CALLEE	0x141884090
0x1418CAA90	CALLEE	0x1418840F0
0x1418CAA90	CALLEE	0x141884150
0x1418CAA90	CALLEE	0x1418841B0
0x1418CAA90	CALLEE	0x141884210
0x1418CAA90	CALLEE	0x141884270
0x1418CAA90	CALLEE	0x1418842D0
0x1418CAA90	CALLEE	0x141884330
0x1418CAA90	CALLEE	0x141884390
0x1418CAA90	CALLEE	0x1418843F0
0x1418CAA90	CALLEE	0x141884450
0x1418CAA90	CALLEE	0x1418844B0
0x1418CAA90	CALLEE	0x141884510
0x1418CAA90	CALLEE	0x141884570
0x1418CAA90	CALLEE	0x1418845D0
0x1418CAA90	CALLEE	0x141884630
0x1418CAA90	CALLEE	0x141884690
0x1418CAA90	CALLEE	0x1418846F0
0x1418CAA90	CALLEE	0x141884750
0x1418CAA90	CALLEE	0x1418847B0
0x1418CAA90	CALLEE	0x141884810
0x1418CAA90	CALLEE	0x141884870
0x1418CAA90	CALLEE	0x1418848D0
0x1418CAA90	CALLEE	0x141884930
0x1418CAA90	CALLEE	0x141884990
0x1418CAA90	CALLEE	0x1418849F0
0x1418CAA90	CALLEE	0x141884A50
0x1418CAA90	CALLEE	0x141884AB0
0x1418CAA90	CALLEE	0x141884B10
0x1418CAA90	CALLEE	0x141884B70
0x1418CAA90	CALLEE	0x141884BD0
0x1418CAA90	CALLEE	0x141884C30
0x1418CAA90	CALLEE	0x141884C90
0x1418CAA90	CALLEE	0x141884CF0
0x1418CAA90	CALLEE	0x141884D50
0x1418CAA90	CALLEE	0x141884DB0
0x1418CAA90	CALLEE	0x141884E10
0x1418CAA90	CALLEE	0x141884E70
0x1418CAA90	CALLEE	0x141884ED0
0x1418CAA90	CALLEE	0x141884F30
0x1418CAA90	CALLEE	0x141884F90
0x1418CAA90	CALLEE	0x141884FF0
0x1418CAA90	CALLEE	0x141885050
0x1418CAA90	CALLEE	0x1418850B0
0x1418CAA90	CALLEE	0x141885110
0x1418CAA90	CALLEE	0x141885170
0x1418CAA90	CALLEE	0x1418851D0
0x1418CAA90	CALLEE	0x141885230
0x1418CAA90	CALLEE	0x141885290
0x1418CAA90	CALLEE	0x1418852F0
0x1418CAA90	CALLEE	0x141885350
0x1418CAA90	CALLEE	0x1418853B0
0x1418CAA90	CALLEE	0x141885410
0x1418CAA90	CALLEE	0x141885470
0x1418CAA90	CALLEE	0x1418854D0
0x1418CAA90	CALLEE	0x141885530
0x1418CAA90	CALLEE	0x141885590
0x1418CAA90	CALLEE	0x1418855F0
0x1418CAA90	CALLEE	0x141885650
0x1418CAA90	CALLEE	0x1418856B0
0x1418CAA90	CALLEE	0x141885710
0x1418CAA90	CALLEE	0x141885770
0x1418CAA90	CALLEE	0x1418857D0
0x1418CAA90	CALLEE	0x141885830
0x1418CAA90	CALLEE	0x141885890
0x1418CAA90	CALLEE	0x1418858F0
0x1418CAA90	CALLEE	0x141885950
0x1418CAA90	CALLEE	0x1418859B0
0x1418CAA90	CALLEE	0x141885A10
0x1418CAA90	CALLEE	0x141885A70
0x1418CAA90	CALLEE	0x141885AD0
0x1418CAA90	CALLEE	0x141885B30
0x1418CAA90	CALLEE	0x141885B90
0x1418CAA90	CALLEE	0x141885BF0
0x1418CAA90	CALLEE	0x141885C50
0x1418CAA90	CALLEE	0x141885CB0
0x1418CAA90	CALLEE	0x141885D10
0x1418CAA90	CALLEE	0x141885D70
0x1418CAA90	CALLEE	0x141885DD0
0x1418CAA90	CALLEE	0x141885E30
0x1418CAA90	CALLEE	0x141885E90
0x1418CAA90	CALLEE	0x141885EF0
0x1418CAA90	CALLEE	0x141885F50
0x1418CAA90	CALLEE	0x141885FB0
0x1418CAA90	CALLEE	0x141886010
0x1418CAA90	CALLEE	0x141886070
0x1418CAA90	CALLEE	0x1418860D0
0x1418CAA90	CALLEE	0x141886130
0x1418CAA90	CALLEE	0x141886190
0x1418CAA90	CALLEE	0x1418861F0
0x1418CAA90	CALLEE	0x141886250
0x1418CAA90	CALLEE	0x1418862B0
0x1418CAA90	CALLEE	0x141886310
0x1418CAA90	CALLEE	0x141886370
0x1418CAA90	CALLEE	0x1418863D0
0x1418CAA90	CALLEE	0x141886430
0x1418CAA90	CALLEE	0x141886490
0x1418CAA90	CALLEE	0x1418864F0
0x1418CAA90	CALLEE	0x141886550
0x1418CAA90	CALLEE	0x1418865B0
0x1418CAA90	CALLEE	0x141886610
0x1418CAA90	CALLEE	0x141886670
0x1418CAA90	CALLEE	0x1418866D0
0x1418CAA90	CALLEE	0x141886730
0x1418CAA90	CALLEE	0x141886790
0x1418CAA90	CALLEE	0x1418867F0
0x1418CAA90	CALLEE	0x141886850
0x1418CAA90	CALLEE	0x1418868B0
0x1418CAA90	CALLEE	0x141886910
0x1418CAA90	CALLEE	0x141886970
0x1418CAA90	CALLEE	0x1418869D0
0x1418CAA90	CALLEE	0x141886A30
0x1418CAA90	CALLEE	0x141886A90
0x1418CAA90	CALLEE	0x141886AF0
0x1418CAA90	CALLEE	0x141886B50
0x1418CAA90	CALLEE	0x141886BB0
0x1418CAA90	CALLEE	0x141886C10
0x1418CAA90	CALLEE	0x141886C70
0x1418CAA90	CALLEE	0x141886CD0
0x1418CAA90	CALLEE	0x141886D30
0x1418CAA90	CALLEE	0x141886D90
0x1418CAA90	CALLEE	0x141886DF0
0x1418CAA90	CALLEE	0x141886E50
0x1418CAA90	CALLEE	0x141886EB0
0x1418CAA90	CALLEE	0x141886F10
0x1418CAA90	CALLEE	0x141886F70
0x1418CAA90	CALLEE	0x141886FD0
0x1418CAA90	CALLEE	0x141887030
0x1418CAA90	CALLEE	0x141887090
0x1418CAA90	CALLEE	0x1418870F0
0x1418CAA90	CALLEE	0x141887150
0x1418CAA90	CALLEE	0x1418871B0
0x1418CAA90	CALLEE	0x141887210
0x1418CAA90	CALLEE	0x141887270
0x1418CAA90	CALLEE	0x1418872D0
0x1418CAA90	CALLEE	0x141887330
0x1418CAA90	CALLEE	0x141887390
0x1418CAA90	CALLEE	0x1418873F0
0x1418CAA90	CALLEE	0x141887450
0x1418CAA90	CALLEE	0x1418874B0
0x1418CAA90	CALLEE	0x141887510
0x1418CAA90	CALLEE	0x141887570
0x1418CAA90	CALLEE	0x1418875D0
0x1418CAA90	CALLEE	0x141887630
0x1418CAA90	CALLEE	0x141887690
0x1418CAA90	CALLEE	0x1418876F0
0x1418CAA90	CALLEE	0x141887750
0x1418CAA90	CALLEE	0x1418877B0
0x1418CAA90	CALLEE	0x141887810
0x1418CAA90	CALLEE	0x141887870
0x1418CAA90	CALLEE	0x1418878D0
0x1418CAA90	CALLEE	0x141887930
0x1418CAA90	CALLEE	0x141887990
0x1418CAA90	CALLEE	0x1418879F0
0x1418CAA90	CALLEE	0x141887A50
0x1418CAA90	CALLEE	0x141887AB0
0x1418CAA90	CALLEE	0x141887B10
0x1418CAA90	CALLEE	0x141887B70
0x1418CAA90	CALLEE	0x141887BD0
0x1418CAA90	CALLEE	0x141887C30
0x1418CAA90	CALLEE	0x141887C90
0x1418CAA90	CALLEE	0x141887CF0
0x1418CAA90	CALLEE	0x141887D50
0x1418CAA90	CALLEE	0x141887DB0
0x1418CAA90	CALLEE	0x141887E10
0x1418CAA90	CALLEE	0x141887E70
0x1418CAA90	CALLEE	0x141887ED0
0x1418CAA90	CALLEE	0x141887F30
0x1418CAA90	CALLEE	0x141887F90
0x1418CAA90	CALLEE	0x141887FF0
0x1418CAA90	CALLEE	0x141888050
0x1418CAA90	CALLEE	0x1418880B0
0x1418CAA90	CALLEE	0x141888110
0x1418CAA90	CALLEE	0x141888170
0x1418CAA90	CALLEE	0x1418881D0
0x1418CAA90	CALLEE	0x141888230
0x1418CAA90	CALLEE	0x141888290
0x1418CAA90	CALLEE	0x1418882F0
0x1418CAA90	CALLEE	0x141888350
0x1418CAA90	CALLEE	0x1418883B0
0x1418CAA90	CALLEE	0x141888410
0x1418CAA90	CALLEE	0x141888470
0x1418CAA90	CALLEE	0x1418884D0
0x1418CAA90	CALLEE	0x141888530
0x1418CAA90	CALLEE	0x141888590
0x1418CAA90	CALLEE	0x1418885F0
0x1418CAA90	CALLEE	0x141888650
0x1418CAA90	CALLEE	0x1418886B0
0x1418CAA90	CALLEE	0x141888710
0x1418CAA90	CALLEE	0x141888770
0x1418CAA90	CALLEE	0x1418887D0
0x1418CAA90	CALLEE	0x141888830
0x1418CAA90	CALLEE	0x141888890
0x1418CAA90	CALLEE	0x1418888F0
0x1418CAA90	CALLEE	0x141888950
0x1418CAA90	CALLEE	0x1418889B0
0x1418CAA90	CALLEE	0x141888A10
0x1418CAA90	CALLEE	0x141888A70
0x1418CAA90	CALLEE	0x141888AD0
0x1418CAA90	CALLEE	0x141888B30
0x1418CAA90	CALLEE	0x141888B90
0x1418CAA90	CALLEE	0x141888BF0
0x1418CAA90	CALLEE	0x141888C50
0x1418CAA90	CALLEE	0x141888CB0
0x1418CAA90	CALLEE	0x141888D10
0x1418CAA90	CALLEE	0x141888D70
0x1418CAA90	CALLEE	0x141888DD0
0x1418CAA90	CALLEE	0x141888E30
0x1418CAA90	CALLEE	0x141888E90
0x1418CAA90	CALLEE	0x141888EF0
0x1418CAA90	CALLEE	0x141888F50
0x1418CAA90	CALLEE	0x141888FB0
0x1418CAA90	CALLEE	0x141889010
0x1418CAA90	CALLEE	0x141889070
0x1418CAA90	CALLEE	0x1418890D0
0x1418CAA90	CALLEE	0x141889130
0x1418CAA90	CALLEE	0x141889190
0x1418CAA90	CALLEE	0x1418891F0
0x1418CAA90	CALLEE	0x141889250
0x1418CAA90	CALLEE	0x1418892B0
0x1418CAA90	CALLEE	0x141889310
0x1418CAA90	CALLEE	0x141889370
0x1418CAA90	CALLEE	0x1418893D0
0x1418CAA90	CALLEE	0x141889430
0x1418CAA90	CALLEE	0x141889490
0x1418CAA90	CALLEE	0x1418894F0
0x1418CAA90	CALLEE	0x141889550
0x1418CAA90	CALLEE	0x1418895B0
0x1418CAA90	CALLEE	0x141889610
0x1418CAA90	CALLEE	0x141889670
0x1418CAA90	CALLEE	0x1418896D0
0x1418CAA90	CALLEE	0x141889730
0x1418CAA90	CALLEE	0x141889790
0x1418CAA90	CALLEE	0x1418897F0
0x1418CAA90	CALLEE	0x141889850
0x1418CAA90	CALLEE	0x1418898B0
0x1418CAA90	CALLEE	0x141889910
0x1418CAA90	CALLEE	0x141889970
0x1418CAA90	CALLEE	0x1418899D0
0x1418CAA90	CALLEE	0x141889A30
0x1418CAA90	CALLEE	0x141889A90
0x1418CAA90	CALLEE	0x141889AF0
0x1418CAA90	CALLEE	0x141889B50
0x1418CAA90	CALLEE	0x141889BB0
0x1418CAA90	CALLEE	0x141889C10
0x1418CAA90	CALLEE	0x141889C70
0x1418CAA90	CALLEE	0x141889CD0
0x1418CAA90	CALLEE	0x141889D30
0x1418CAA90	CALLEE	0x141889D90
0x1418CAA90	CALLEE	0x141889DF0
0x1418CAA90	CALLEE	0x141889E50
0x1418CAA90	CALLEE	0x141889EB0
0x1418CAA90	CALLEE	0x141889F10
0x1418CAA90	CALLEE	0x141889F70
0x1418CAA90	CALLEE	0x141889FD0
0x1418CAA90	CALLEE	0x14188A030
0x1418CAA90	CALLEE	0x14188A090
0x1418CAA90	CALLEE	0x14188A0F0
0x1418CAA90	CALLEE	0x14188A150
0x1418CAA90	CALLEE	0x14188A1B0
0x1418CAA90	CALLEE	0x14188A210
0x1418CAA90	CALLEE	0x14188A270
0x1418CAA90	CALLEE	0x14188A2D0
0x1418CAA90	CALLEE	0x14188A330
0x1418CAA90	CALLEE	0x14188A390
0x1418CAA90	CALLEE	0x14188A3F0
0x1418CAA90	CALLEE	0x14188A450
0x1418CAA90	CALLEE	0x14188A4B0
0x1418CAA90	CALLEE	0x14188A510
0x1418CAA90	CALLEE	0x14188A570
0x1418CAA90	CALLEE	0x14188A5D0
0x1418CAA90	CALLEE	0x14188A630
0x1418CAA90	CALLEE	0x14188A690
0x1418CAA90	CALLEE	0x14188A6F0
0x1418CAA90	CALLEE	0x14188A750
0x1418CAA90	CALLEE	0x14188A7B0
0x1418CAA90	CALLEE	0x14188A810
0x1418CAA90	CALLEE	0x14188A870
0x1418CAA90	CALLEE	0x14188A8D0
0x1418CAA90	CALLEE	0x14188A930
0x1418CAA90	CALLEE	0x14188A990
0x1418CAA90	CALLEE	0x14188A9F0
0x1418CAA90	CALLEE	0x14188AA50
0x1418CAA90	CALLEE	0x14188AAB0
0x1418CAA90	CALLEE	0x14188AB10
0x1418CAA90	CALLEE	0x14188AB70
0x1418CAA90	CALLEE	0x14188ABD0
0x1418CAA90	CALLEE	0x14188AC30
0x1418CAA90	CALLEE	0x14188AC90
0x1418CAA90	CALLEE	0x14188ACF0
0x1418CAA90	CALLEE	0x14188AD50
0x1418CAA90	CALLEE	0x14188ADB0
0x1418CAA90	CALLEE	0x14188AE10
0x1418CAA90	CALLEE	0x14188AE70
0x1418CAA90	CALLEE	0x14188AED0
0x1418CAA90	CALLEE	0x14188AF30
0x1418CAA90	CALLEE	0x14188AF90
0x1418CAA90	CALLEE	0x14188AFF0
0x1418CAA90	CALLEE	0x14188B050
0x1418CAA90	CALLEE	0x14188B0B0
0x1418CAA90	CALLEE	0x14188B110
0x1418CAA90	CALLEE	0x14188B170
0x1418CAA90	CALLEE	0x14188B1D0
0x1418CAA90	CALLEE	0x14188B230
0x1418CAA90	CALLEE	0x14188B290
0x1418CAA90	CALLEE	0x14188B2F0
0x1418CAA90	CALLEE	0x14188B350
0x1418CAA90	CALLEE	0x14188B3B0
0x1418CAA90	CALLEE	0x14188B410
0x1418CAA90	CALLEE	0x14188B470
0x1418CAA90	CALLEE	0x14188B4D0
0x1418CAA90	CALLEE	0x14188B530
0x1418CAA90	CALLEE	0x14188B590
0x1418CAA90	CALLEE	0x14188B5F0
0x1418CAA90	CALLEE	0x14188B650
0x1418CAA90	CALLEE	0x14188B6B0
0x1418CAA90	CALLEE	0x14188B710
0x1418CAA90	CALLEE	0x14188B770
0x1418CAA90	CALLEE	0x14188B7D0
0x1418CAA90	CALLEE	0x14188B830
0x1418CAA90	CALLEE	0x14188B890
0x1418CAA90	CALLEE	0x14188B8F0
0x1418CAA90	CALLEE	0x14188B950
0x1418CAA90	CALLEE	0x14188B9B0
0x1418CAA90	CALLEE	0x14188BA10
0x1418CAA90	CALLEE	0x14188BA70
0x1418CAA90	CALLEE	0x14188BAD0
0x1418CAA90	CALLEE	0x14188BB30
0x1418CAA90	CALLEE	0x14188BB90
0x1418CAA90	CALLEE	0x14188BBF0
0x1418CAA90	CALLEE	0x14188BC50
0x1418CAA90	CALLEE	0x14188BCB0
0x1418CAA90	CALLEE	0x14188BD10
0x1418CAA90	CALLEE	0x14188BD70
0x1418CAA90	CALLEE	0x14188BDD0
0x1418CAA90	CALLEE	0x14188BE30
0x1418CAA90	CALLEE	0x14188BE90
0x1418CAA90	CALLEE	0x14188BEF0
0x1418CAA90	CALLEE	0x14188BF50
0x1418CAA90	CALLEE	0x14188BFB0
0x1418CAA90	CALLEE	0x14188C010
0x1418CAA90	CALLEE	0x14188C070
0x1418CAA90	CALLEE	0x14188C0D0
0x1418CAA90	CALLEE	0x14188C130
0x1418CAA90	CALLEE	0x14188C190
0x1418CAA90	CALLEE	0x14188C1F0
0x1418CAA90	CALLEE	0x14188C250
0x1418CAA90	CALLEE	0x14188C2B0
0x1418CAA90	CALLEE	0x14188C310
0x1418CAA90	CALLEE	0x14188C370
0x1418CAA90	CALLEE	0x14188C3D0
0x1418CAA90	CALLEE	0x14188C430
0x1418CAA90	CALLEE	0x14188C490
0x1418CAA90	CALLEE	0x14188C4F0
0x1418CAA90	CALLEE	0x14188C550
0x1418CAA90	CALLEE	0x14188C5B0
0x1418CAA90	CALLEE	0x14188C610
0x1418CAA90	CALLEE	0x14188C670
0x1418CAA90	CALLEE	0x14188C6D0
0x1418CAA90	CALLEE	0x14188C730
0x1418CAA90	CALLEE	0x14188C790
0x1418CAA90	CALLEE	0x14188C7F0
0x1418CAA90	CALLEE	0x14188C850
0x1418CAA90	CALLEE	0x14188C8B0
0x1418CAA90	CALLEE	0x14188C910
0x1418CAA90	CALLEE	0x14188C970
0x1418CAA90	CALLEE	0x14188C9D0
0x1418CAA90	CALLEE	0x14188CA30
0x1418CAA90	CALLEE	0x14188CA90
0x1418CAA90	CALLEE	0x14188CAF0
0x1418CAA90	CALLEE	0x14188CB50
0x1418CAA90	CALLEE	0x14188CBB0
0x1418CAA90	CALLEE	0x14188CC10
0x1418CAA90	CALLEE	0x14188CC70
0x1418CAA90	CALLEE	0x14188CCD0
0x1418CAA90	CALLEE	0x14188CD30
0x1418CAA90	CALLEE	0x14188CD90
0x1418CAA90	CALLEE	0x14188CDF0
0x1418CAA90	CALLEE	0x14188CE50
0x1418CAA90	CALLEE	0x14188CEB0
0x1418CAA90	CALLEE	0x14188CF10
0x1418CAA90	CALLEE	0x14188CF70
0x1418CAA90	CALLEE	0x14188CFD0
0x1418CAA90	CALLEE	0x14188D030
0x1418CAA90	CALLEE	0x14188D090
0x1418CAA90	CALLEE	0x14188D0F0
0x1418CAA90	CALLEE	0x14188D150
0x1418CAA90	CALLEE	0x14188D1B0
0x1418CAA90	CALLEE	0x14188D210
0x1418CAA90	CALLEE	0x14188D270
0x1418CAA90	CALLEE	0x14188D2D0
0x1418CAA90	CALLEE	0x14188D330
0x1418CAA90	CALLEE	0x14188D390
0x1418CAA90	CALLEE	0x14188D3F0
0x1418CAA90	CALLEE	0x14188D450
0x1418CAA90	CALLEE	0x14188D4B0
0x1418CAA90	CALLEE	0x14188D510
0x1418CAA90	CALLEE	0x14188D570
0x1418CAA90	CALLEE	0x14188D5D0
0x1418CAA90	CALLEE	0x14188D630
0x1418CAA90	CALLEE	0x14188D690
0x1418CAA90	CALLEE	0x14188D6F0
0x1418CAA90	CALLEE	0x14188D750
0x1418CAA90	CALLEE	0x14188D7B0
0x1418CAA90	CALLEE	0x14188D810
0x1418CAA90	CALLEE	0x14188D870
0x1418CAA90	CALLEE	0x14188D8D0
0x1418CAA90	CALLEE	0x14188D930
0x1418CAA90	CALLEE	0x14188D990
0x1418CAA90	CALLEE	0x14188D9F0
0x1418CAA90	CALLEE	0x14188DA50
0x1418CAA90	CALLEE	0x14188DAB0
0x1418CAA90	CALLEE	0x14188DB10
0x1418CAA90	CALLEE	0x14188DB70
0x1418CAA90	CALLEE	0x14188DBD0
0x1418CAA90	CALLEE	0x14188DC30
0x1418CAA90	CALLEE	0x14188DC90
0x1418CAA90	CALLEE	0x14188DCF0
0x1418CAA90	CALLEE	0x14188DD50
0x1418CAA90	CALLEE	0x14188DDB0
0x1418CAA90	CALLEE	0x14188DE10
0x1418CAA90	CALLEE	0x14188DE70
0x1418CAA90	CALLEE	0x14188DED0
0x1418CAA90	CALLEE	0x14188DF30
0x1418CAA90	CALLEE	0x14188DF90
0x1418CAA90	CALLEE	0x14188DFF0
0x1418CAA90	CALLEE	0x14188E050
0x1418CAA90	CALLEE	0x14188E0B0
0x1418CAA90	CALLEE	0x14188E110
0x1418CAA90	CALLEE	0x14188E170
0x1418CAA90	CALLEE	0x14188E1D0
0x1418CAA90	CALLEE	0x14188E230
0x1418CAA90	CALLEE	0x14188E290
0x1418CAA90	CALLEE	0x14188E2F0
0x1418CAA90	CALLEE	0x14188E350
0x1418CAA90	CALLEE	0x14188E3B0
0x1418CAA90	CALLEE	0x14188E410
0x1418CAA90	CALLEE	0x14188E470
0x1418CAA90	CALLEE	0x14188E4D0
0x1418CAA90	CALLEE	0x14188E530
0x1418CAA90	CALLEE	0x14188E590
0x1418CAA90	CALLEE	0x14188E5F0
0x1418CAA90	CALLEE	0x14188E650
0x1418CAA90	CALLEE	0x14188E6B0
0x1418CAA90	CALLEE	0x14188E710
0x1418CAA90	CALLEE	0x14188E770
0x1418CAA90	CALLEE	0x14188E7D0
0x1418CAA90	CALLEE	0x14188E830
0x1418CAA90	CALLEE	0x14188E890
0x1418CAA90	CALLEE	0x14188E8F0
0x1418CAA90	CALLEE	0x14188E950
0x1418CAA90	CALLEE	0x14188E9B0
0x1418CAA90	CALLEE	0x14188EA10
0x1418CAA90	CALLEE	0x14188EA70
0x1418CAA90	CALLEE	0x14188EAD0
0x1418CAA90	CALLEE	0x14188EB30
0x1418CAA90	CALLEE	0x14188EB90
0x1418CAA90	CALLEE	0x14188EBF0
0x1418CAA90	CALLEE	0x14188EC50
0x1418CAA90	CALLEE	0x14188ECB0
0x1418CAA90	CALLEE	0x14188ED10
0x1418CAA90	CALLEE	0x14188ED70
0x1418CAA90	CALLEE	0x14188EDD0
0x1418CAA90	CALLEE	0x14188EE30
0x1418CAA90	CALLEE	0x14188EE90
0x1418CAA90	CALLEE	0x14188EEF0
0x1418CAA90	CALLEE	0x14188EF50
0x1418CAA90	CALLEE	0x14188EFB0
0x1418CAA90	CALLEE	0x14188F010
0x1418CAA90	CALLEE	0x14188F070
0x1418CAA90	CALLEE	0x14188F0D0
0x1418CAA90	CALLEE	0x14188F130
0x1418CAA90	CALLEE	0x14188F190
0x1418CAA90	CALLEE	0x14188F1F0
0x1418CAA90	CALLEE	0x14188F250
0x1418CAA90	CALLEE	0x14188F2B0
0x1418CAA90	CALLEE	0x14188F310
0x1418CAA90	CALLEE	0x14188F370
0x1418CAA90	CALLEE	0x14188F3D0
0x1418CAA90	CALLEE	0x14188F430
0x1418CAA90	CALLEE	0x14188F490
0x1418CAA90	CALLEE	0x14188F4F0
0x1418CAA90	CALLEE	0x14188F550
0x1418CAA90	CALLEE	0x14188F5B0
0x1418CAA90	CALLEE	0x14188F610
0x1418CAA90	CALLEE	0x14188F670
0x1418CAA90	CALLEE	0x14188F6D0
0x1418CAA90	CALLEE	0x14188F730
0x1418CAA90	CALLEE	0x14188F790
0x1418CAA90	CALLEE	0x14188F7F0
0x1418CAA90	CALLEE	0x14188F850
0x1418CAA90	CALLEE	0x14188F8B0
0x1418CAA90	CALLEE	0x14188F910
0x1418CAA90	CALLEE	0x14188F970
0x1418CAA90	CALLEE	0x14188F9D0
0x1418CAA90	CALLEE	0x14188FA30
0x1418CAA90	CALLEE	0x14188FA90
0x1418CAA90	CALLEE	0x14188FAF0
0x1418CAA90	CALLEE	0x14188FB50
0x1418CAA90	CALLEE	0x14188FBB0
0x1418CAA90	CALLEE	0x14188FC10
0x1418CAA90	CALLEE	0x14188FC70
0x1418CAA90	CALLEE	0x14188FCD0
0x1418CAA90	CALLEE	0x14188FD30
0x1418CAA90	CALLEE	0x14188FD90
0x1418CAA90	CALLEE	0x14188FDF0
0x1418CAA90	CALLEE	0x14188FE50
0x1418CAA90	CALLEE	0x14188FEB0
0x1418CAA90	CALLEE	0x14188FF10
0x1418CAA90	CALLEE	0x14188FF70
0x1418CAA90	CALLEE	0x14188FFD0
0x1418CAA90	CALLEE	0x141890030
0x1418CAA90	CALLEE	0x141890090
0x1418CAA90	CALLEE	0x1418900F0
0x1418CAA90	CALLEE	0x141890150
0x1418CAA90	CALLEE	0x1418901B0
0x1418CAA90	CALLEE	0x141890210
0x1418CAA90	CALLEE	0x141890270
0x1418CAA90	CALLEE	0x1418902D0
0x1418CAA90	CALLEE	0x141890330
0x1418CAA90	CALLEE	0x141890390
0x1418CAA90	CALLEE	0x1418903F0
0x1418CAA90	CALLEE	0x141890450
0x1418CAA90	CALLEE	0x1418904B0
0x1418CAA90	CALLEE	0x141890510
0x1418CAA90	CALLEE	0x141890570
0x1418CAA90	CALLEE	0x1418905D0
0x1418CAA90	CALLEE	0x141890630
0x1418CAA90	CALLEE	0x141890690
0x1418CAA90	CALLEE	0x1418906F0
0x1418CAA90	CALLEE	0x141890750
0x1418CAA90	CALLEE	0x1418907B0
0x1418CAA90	CALLEE	0x141890810
0x1418CAA90	CALLEE	0x141890870
0x1418CAA90	CALLEE	0x1418908D0
0x1418CAA90	CALLEE	0x141890930
0x1418CAA90	CALLEE	0x141890990
0x1418CAA90	CALLEE	0x1418909F0
0x1418CAA90	CALLEE	0x141890A50
0x1418CAA90	CALLEE	0x141890AB0
0x1418CAA90	CALLEE	0x141890B10
0x1418CAA90	CALLEE	0x141890B70
0x1418CAA90	CALLEE	0x141890BD0
0x1418CAA90	CALLEE	0x141890C30
0x1418CAA90	CALLEE	0x141890C90
0x1418CAA90	CALLEE	0x141890CF0
0x1418CAA90	CALLEE	0x141890D50
0x1418CAA90	CALLEE	0x141890DB0
0x1418CAA90	CALLEE	0x141890E10
0x1418CAA90	CALLEE	0x141890E70
0x1418CAA90	CALLEE	0x141890ED0
0x1418CAA90	CALLEE	0x141890F30
0x1418CAA90	CALLEE	0x141890F90
0x1418CAA90	CALLEE	0x141890FF0
0x1418CAA90	CALLEE	0x141891050
0x1418CAA90	CALLEE	0x1418910B0
0x1418CAA90	CALLEE	0x141891110
0x1418CAA90	CALLEE	0x141891170
0x1418CAA90	CALLEE	0x1418911D0
0x1418CAA90	CALLEE	0x141891230
0x1418CAA90	CALLEE	0x141891290
0x1418CAA90	CALLEE	0x1418912F0
0x1418CAA90	CALLEE	0x141891350
0x1418CAA90	CALLEE	0x1418913B0
0x1418CAA90	CALLEE	0x141891410
0x1418CAA90	CALLEE	0x141891470
0x1418CAA90	CALLEE	0x1418914D0
0x1418CAA90	CALLEE	0x141891530
0x1418CAA90	CALLEE	0x141891590
0x1418CAA90	CALLEE	0x1418915F0
0x1418CAA90	CALLEE	0x141891650
0x1418CAA90	CALLEE	0x1418916B0
0x1418CAA90	CALLEE	0x141891710
0x1418CAA90	CALLEE	0x141891770
0x1418CAA90	CALLEE	0x1418917D0
0x1418CAA90	CALLEE	0x141891830
0x1418CAA90	CALLEE	0x141891890
0x1418CAA90	CALLEE	0x1418918F0
0x1418CAA90	CALLEE	0x141891950
0x1418CAA90	CALLEE	0x1418919B0
0x1418CAA90	CALLEE	0x141891A10
0x1418CAA90	CALLEE	0x141891A70
0x1418CAA90	CALLEE	0x141891AD0
0x1418CAA90	CALLEE	0x141891B30
0x1418CAA90	CALLEE	0x141891B90
0x1418CAA90	CALLEE	0x141891BF0
0x1418CAA90	CALLEE	0x141891C50
0x1418CAA90	CALLEE	0x141891CB0
0x1418CAA90	CALLEE	0x141891D10
0x1418CAA90	CALLEE	0x141891D70
0x1418CAA90	CALLEE	0x141891DD0
0x1418CAA90	CALLEE	0x141891E30
0x1418CAA90	CALLEE	0x141891E90
0x1418CAA90	CALLEE	0x141891EF0
0x1418CAA90	CALLEE	0x141891F50
0x1418CAA90	CALLEE	0x141891FB0
0x1418CAA90	CALLEE	0x141892010
0x1418CAA90	CALLEE	0x141892070
0x1418CAA90	CALLEE	0x1418920D0
0x1418CAA90	CALLEE	0x141892130
0x1418CAA90	CALLEE	0x141892190
0x1418CAA90	CALLEE	0x1418921F0
0x1418CAA90	CALLEE	0x141892250
0x1418CAA90	CALLEE	0x1418922B0
0x1418CAA90	CALLEE	0x141892310
0x1418CAA90	CALLEE	0x141892370
0x1418CAA90	CALLEE	0x1418923D0
0x1418CAA90	CALLEE	0x141892430
0x1418CAA90	CALLEE	0x141892490
0x1418CAA90	CALLEE	0x1418924F0
0x1418CAA90	CALLEE	0x141892550
0x1418CAA90	CALLEE	0x1418925B0
0x1418CAA90	CALLEE	0x141892610
0x1418CAA90	CALLEE	0x141892670
0x1418CAA90	CALLEE	0x1418926D0
0x1418CAA90	CALLEE	0x141892730
0x1418CAA90	CALLEE	0x141892790
0x1418CAA90	CALLEE	0x1418927F0
0x1418CAA90	CALLEE	0x141892850
0x1418CAA90	CALLEE	0x1418928B0
0x1418CAA90	CALLEE	0x141892910
0x1418CAA90	CALLEE	0x141892970
0x1418CAA90	CALLEE	0x1418929D0
0x1418CAA90	CALLEE	0x141892A30
0x1418CAA90	CALLEE	0x141892A90
0x1418CAA90	CALLEE	0x141892AF0
0x1418CAA90	CALLEE	0x141892B50
0x1418CAA90	CALLEE	0x141892BB0
0x1418CAA90	CALLEE	0x141892C10
0x1418CAA90	CALLEE	0x141892C70
0x1418CAA90	CALLEE	0x141892CD0
0x1418CAA90	CALLEE	0x141892D30
0x1418CAA90	CALLEE	0x141892D90
0x1418CAA90	CALLEE	0x141892DF0
0x1418CAA90	CALLEE	0x141892E50
0x1418CAA90	CALLEE	0x141892EB0
0x1418CAA90	CALLEE	0x141892F10
0x1418CAA90	CALLEE	0x141892F70
0x1418CAA90	CALLEE	0x141892FD0
0x1418CAA90	CALLEE	0x141893030
0x1418CAA90	CALLEE	0x141893090
0x1418CAA90	CALLEE	0x1418930F0
0x1418CAA90	CALLEE	0x141893150
0x1418CAA90	CALLEE	0x1418931B0
0x1418CAA90	CALLEE	0x141893210
0x1418CAA90	CALLEE	0x141893270
0x1418CAA90	CALLEE	0x1418932D0
0x1418CAA90	CALLEE	0x141893330
0x1418CAA90	CALLEE	0x141893390
0x1418CAA90	CALLEE	0x1418933F0
0x1418CAA90	CALLEE	0x141893450
0x1418CAA90	CALLEE	0x1418934B0
0x1418CAA90	CALLEE	0x141893510
0x1418CAA90	CALLEE	0x141893570
0x1418CAA90	CALLEE	0x1418935D0
0x1418CAA90	CALLEE	0x141893630
0x1418CAA90	CALLEE	0x141893690
0x1418CAA90	CALLEE	0x1418936F0
0x1418CAA90	CALLEE	0x141893750
0x1418CAA90	CALLEE	0x1418937B0
0x1418CAA90	CALLEE	0x141893810
0x1418CAA90	CALLEE	0x141893870
0x1418CAA90	CALLEE	0x1418938D0
0x1418CAA90	CALLEE	0x141893930
0x1418CAA90	CALLEE	0x141893990
0x1418CAA90	CALLEE	0x1418939F0
0x1418CAA90	CALLEE	0x141893A50
0x1418CAA90	CALLEE	0x141893AB0
0x1418CAA90	CALLEE	0x141893B10
0x1418CAA90	CALLEE	0x141893B70
0x1418CAA90	CALLEE	0x141893BD0
0x1418CAA90	CALLEE	0x141893C30
0x1418CAA90	CALLEE	0x141893C90
0x1418CAA90	CALLEE	0x141893CF0
0x1418CAA90	CALLEE	0x141893D50
0x1418CAA90	CALLEE	0x141893DB0
0x1418CAA90	CALLEE	0x141893E10
0x1418CAA90	CALLEE	0x141893E70
0x1418CAA90	CALLEE	0x141893ED0
0x1418CAA90	CALLEE	0x141893F30
0x1418CAA90	CALLEE	0x141893F90
0x1418CAA90	CALLEE	0x141893FF0
0x1418CAA90	CALLEE	0x141894050
0x1418CAA90	CALLEE	0x1418940B0
0x1418CAA90	CALLEE	0x141894110
0x1418CAA90	CALLEE	0x141894170
0x1418CAA90	CALLEE	0x1418941D0
0x1418CAA90	CALLEE	0x141894230
0x1418CAA90	CALLEE	0x141894290
0x1418CAA90	CALLEE	0x1418942F0
0x1418CAA90	CALLEE	0x141894350
0x1418CAA90	CALLEE	0x1418943B0
0x1418CAA90	CALLEE	0x141894410
0x1418CAA90	CALLEE	0x141894470
0x1418CAA90	CALLEE	0x1418944D0
0x1418CAA90	CALLEE	0x141894530
0x1418CAA90	CALLEE	0x141894590
0x1418CAA90	CALLEE	0x1418945F0
0x1418CAA90	CALLEE	0x141894650
0x1418CAA90	CALLEE	0x1418946B0
0x1418CAA90	CALLEE	0x141894710
0x1418CAA90	CALLEE	0x141894770
0x1418CAA90	CALLEE	0x1418947D0
0x1418CAA90	CALLEE	0x141894830
0x1418CAA90	CALLEE	0x141894890
0x1418CAA90	CALLEE	0x1418948F0
0x1418CAA90	CALLEE	0x141894950
0x1418CAA90	CALLEE	0x1418949B0
0x1418CAA90	CALLEE	0x141894A10
0x1418CAA90	CALLEE	0x141894A70
0x1418CAA90	CALLEE	0x141894AD0
0x1418CAA90	CALLEE	0x141894B30
0x1418CAA90	CALLEE	0x141894B90
0x1418CAA90	CALLEE	0x141894BF0
0x1418CAA90	CALLEE	0x141894C50
0x1418CAA90	CALLEE	0x141894CB0
0x1418CAA90	CALLEE	0x141894D10
0x1418CAA90	CALLEE	0x141894D70
0x1418CAA90	CALLEE	0x141894DD0
0x1418CAA90	CALLEE	0x141894E30
0x1418CAA90	CALLEE	0x141894E90
0x1418CAA90	CALLEE	0x141894EF0
0x1418CAA90	CALLEE	0x141894F50
0x1418CAA90	CALLEE	0x141894FB0
0x1418CAA90	CALLEE	0x141895010
0x1418CAA90	CALLEE	0x141895070
0x1418CAA90	CALLEE	0x1418950D0
0x1418CAA90	CALLEE	0x141895130
0x1418CAA90	CALLEE	0x141895190
0x1418CAA90	CALLEE	0x1418951F0
0x1418CAA90	CALLEE	0x141895250
0x1418CAA90	CALLEE	0x1418952B0
0x1418CAA90	CALLEE	0x141895310
0x1418CAA90	CALLEE	0x141895370
0x1418CAA90	CALLEE	0x1418953D0
0x1418CAA90	CALLEE	0x141895430
0x1418CAA90	CALLEE	0x141895490
0x1418CAA90	CALLEE	0x1418954F0
0x1418CAA90	CALLEE	0x141895550
0x1418CAA90	CALLEE	0x1418955B0
0x1418CAA90	CALLEE	0x141895610
0x1418CAA90	CALLEE	0x141895670
0x1418CAA90	CALLEE	0x1418956D0
0x1418CAA90	CALLEE	0x141895730
0x1418CAA90	CALLEE	0x141895790
0x1418CAA90	CALLEE	0x1418957F0
0x1418CAA90	CALLEE	0x141895850
0x1418CAA90	CALLEE	0x1418958B0
0x1418CAA90	CALLEE	0x141895910
0x1418CAA90	CALLEE	0x141895970
0x1418CAA90	CALLEE	0x1418959D0
0x1418CAA90	CALLEE	0x141895A30
0x1418CAA90	CALLEE	0x141895A90
0x1418CAA90	CALLEE	0x141895AF0
0x1418CAA90	CALLEE	0x141895B50
0x1418CAA90	CALLEE	0x141895BB0
0x1418CAA90	CALLEE	0x141895C10
0x1418CAA90	CALLEE	0x141895C70
0x1418CAA90	CALLEE	0x141895CD0
0x1418CAA90	CALLEE	0x141895D30
0x1418CAA90	CALLEE	0x141895D90
0x1418CAA90	CALLEE	0x141895DF0
0x1418CAA90	CALLEE	0x141895E50
0x1418CAA90	CALLEE	0x141895EB0
0x1418CAA90	CALLEE	0x141895F10
0x1418CAA90	CALLEE	0x141895F70
0x1418CAA90	CALLEE	0x141895FD0
0x1418CAA90	CALLEE	0x141896030
0x1418CAA90	CALLEE	0x141896090
0x1418CAA90	CALLEE	0x1418960F0
0x1418CAA90	CALLEE	0x141896150
0x1418CAA90	CALLEE	0x1418961B0
0x1418CAA90	CALLEE	0x141896210
0x1418CAA90	CALLEE	0x141896270
0x1418CAA90	CALLEE	0x1418962D0
0x1418CAA90	CALLEE	0x141896330
0x1418CAA90	CALLEE	0x141896390
0x1418CAA90	CALLEE	0x1418963F0
0x1418CAA90	CALLEE	0x141896450
0x1418CAA90	CALLEE	0x1418964B0
0x1418CAA90	CALLEE	0x141896510
0x1418CAA90	CALLEE	0x141896570
0x1418CAA90	CALLEE	0x1418965D0
0x1418CAA90	CALLEE	0x141896630
0x1418CAA90	CALLEE	0x141896690
0x1418CAA90	CALLEE	0x1418966F0
0x1418CAA90	CALLEE	0x141896750
0x1418CAA90	CALLEE	0x1418967B0
0x1418CAA90	CALLEE	0x141896810
0x1418CAA90	CALLEE	0x141896870
0x1418CAA90	CALLEE	0x1418968D0
0x1418CAA90	CALLEE	0x141896930
0x1418CAA90	CALLEE	0x141896990
0x1418CAA90	CALLEE	0x1418969F0
0x1418CAA90	CALLEE	0x141896A50
0x1418CAA90	CALLEE	0x141896AB0
0x1418CAA90	CALLEE	0x141896B10
0x1418CAA90	CALLEE	0x141896B70
0x1418CAA90	CALLEE	0x141896BD0
0x1418CAA90	CALLEE	0x141896C30
0x1418CAA90	CALLEE	0x141896C90
0x1418CAA90	CALLEE	0x141896CF0
0x1418CAA90	CALLEE	0x141896D50
0x1418CAA90	CALLEE	0x141896DB0
0x1418CAA90	CALLEE	0x141896E10
0x1418CAA90	CALLEE	0x141896E70
0x1418CAA90	CALLEE	0x141896ED0
0x1418CAA90	CALLEE	0x141896F30
0x1418CAA90	CALLEE	0x141896F90
0x1418CAA90	CALLEE	0x141896FF0
0x1418CAA90	CALLEE	0x141897050
0x1418CAA90	CALLEE	0x1418970B0
0x1418CAA90	CALLEE	0x141897110
0x1418CAA90	CALLEE	0x141897170
0x1418CAA90	CALLEE	0x1418971D0
0x1418CAA90	CALLEE	0x141897230
0x1418CAA90	CALLEE	0x141897290
0x1418CAA90	CALLEE	0x1418972F0
0x1418CAA90	CALLEE	0x141897350
0x1418CAA90	CALLEE	0x1418973B0
0x1418CAA90	CALLEE	0x141897410
0x1418CAA90	CALLEE	0x141897470
0x1418CAA90	CALLEE	0x1418974D0
0x1418CAA90	CALLEE	0x141897530
0x1418CAA90	CALLEE	0x141897590
0x1418CAA90	CALLEE	0x1418975F0
0x1418CAA90	CALLEE	0x141897650
0x1418CAA90	CALLEE	0x1418976B0
0x1418CAA90	CALLEE	0x141897710
0x1418CAA90	CALLEE	0x141897770
0x1418CAA90	CALLEE	0x1418977D0
0x1418CAA90	CALLEE	0x141897830
0x1418CAA90	CALLEE	0x141897890
0x1418CAA90	CALLEE	0x1418978F0
0x1418CAA90	CALLEE	0x141897950
0x1418CAA90	CALLEE	0x1418979B0
0x1418CAA90	CALLEE	0x141897A10
0x1418CAA90	CALLEE	0x141897A70
0x1418CAA90	CALLEE	0x141897AD0
0x1418CAA90	CALLEE	0x141897B30
0x1418CAA90	CALLEE	0x141897B90
0x1418CAA90	CALLEE	0x141897BF0
0x1418CAA90	CALLEE	0x141897C50
0x1418CAA90	CALLEE	0x141897CB0
0x1418CAA90	CALLEE	0x141897D10
0x1418CAA90	CALLEE	0x141897D70
0x1418CAA90	CALLEE	0x141897DD0
0x1418CAA90	CALLEE	0x141897E30
0x1418CAA90	CALLEE	0x141897E90
0x1418CAA90	CALLEE	0x141897EF0
0x1418CAA90	CALLEE	0x141897F50
0x1418CAA90	CALLEE	0x141897FB0
0x1418CAA90	CALLEE	0x141898010
0x1418CAA90	CALLEE	0x141898070
0x1418CAA90	CALLEE	0x1418980D0
0x1418CAA90	CALLEE	0x141898130
0x1418CAA90	CALLEE	0x141898190
0x1418CAA90	CALLEE	0x1418981F0
0x1418CAA90	CALLEE	0x141898250
0x1418CAA90	CALLEE	0x1418982B0
0x1418CAA90	CALLEE	0x141898310
0x1418CAA90	CALLEE	0x141898370
0x1418CAA90	CALLEE	0x1418983D0
0x1418CAA90	CALLEE	0x141898430
0x1418CAA90	CALLEE	0x141898490
0x1418CAA90	CALLEE	0x1418984F0
0x1418CAA90	CALLEE	0x141898550
0x1418CAA90	CALLEE	0x1418985B0
0x1418CAA90	CALLEE	0x141898610
0x1418CAA90	CALLEE	0x141898670
0x1418CAA90	CALLEE	0x1418986D0
0x1418CAA90	CALLEE	0x141898730
0x1418CAA90	CALLEE	0x141898790
0x1418CAA90	CALLEE	0x1418987F0
0x1418CAA90	CALLEE	0x141898850
0x1418CAA90	CALLEE	0x1418988B0
0x1418CAA90	CALLEE	0x141898910
0x1418CAA90	CALLEE	0x141898970
0x1418CAA90	CALLEE	0x1418989D0
0x1418CAA90	CALLEE	0x141898A30
0x1418CAA90	CALLEE	0x141898A90
0x1418CAA90	CALLEE	0x141898AF0
0x1418CAA90	CALLEE	0x141898B50
0x1418CAA90	CALLEE	0x141898BB0
0x1418CAA90	CALLEE	0x141898C10
0x1418CAA90	CALLEE	0x141898C70
0x1418CAA90	CALLEE	0x141898CD0
0x1418CAA90	CALLEE	0x141898D30
0x1418CAA90	CALLEE	0x141898D90
0x1418CAA90	CALLEE	0x141898DF0
0x1418CAA90	CALLEE	0x141898E50
0x1418CAA90	CALLEE	0x141898EB0
0x1418CAA90	CALLEE	0x141898F10
0x1418CAA90	CALLEE	0x141898F70
0x1418CAA90	CALLEE	0x141898FD0
0x1418CAA90	CALLEE	0x141899030
0x1418CAA90	CALLEE	0x141899090
0x1418CAA90	CALLEE	0x1418990F0
0x1418CAA90	CALLEE	0x141899150
0x1418CAA90	CALLEE	0x1418991B0
0x1418CAA90	CALLEE	0x141899210
0x1418CAA90	CALLEE	0x141899270
0x1418CAA90	CALLEE	0x1418992D0
0x1418CAA90	CALLEE	0x141899330
0x1418CAA90	CALLEE	0x141899390
0x1418CAA90	CALLEE	0x1418993F0
0x1418CAA90	CALLEE	0x141899450
0x1418CAA90	CALLEE	0x1418994B0
0x1418CAA90	CALLEE	0x141899510
0x1418CAA90	CALLEE	0x141899570
0x1418CAA90	CALLEE	0x1418995D0
0x1418CAA90	CALLEE	0x141899630
0x1418CAA90	CALLEE	0x141899690
0x1418CAA90	CALLEE	0x1418996F0
0x1418CAA90	CALLEE	0x141899750
0x1418CAA90	CALLEE	0x1418997B0
0x1418CAA90	CALLEE	0x141899810
0x1418CAA90	CALLEE	0x141899870
0x1418CAA90	CALLEE	0x1418998D0
0x1418CAA90	CALLEE	0x141899930
0x1418CAA90	CALLEE	0x141899990
0x1418CAA90	CALLEE	0x1418999F0
0x1418CAA90	CALLEE	0x141899A50
0x1418CAA90	CALLEE	0x141899AB0
0x1418CAA90	CALLEE	0x141899B10
0x1418CAA90	CALLEE	0x141899B70
0x1418CAA90	CALLEE	0x141899BD0
0x1418CAA90	CALLEE	0x141899C30
0x1418CAA90	CALLEE	0x141899C90
0x1418CAA90	CALLEE	0x141899CF0
0x1418CAA90	CALLEE	0x141899D50
0x1418CAA90	CALLEE	0x141899DB0
0x1418CAA90	CALLEE	0x141899E10
0x1418CAA90	CALLEE	0x141899E70
0x1418CAA90	CALLEE	0x141899ED0
0x1418CAA90	CALLEE	0x141899F30
0x1418CAA90	CALLEE	0x141899F90
0x1418CAA90	CALLEE	0x141899FF0
0x1418CAA90	CALLEE	0x14189A050
0x1418CAA90	CALLEE	0x14189A0B0
0x1418CAA90	CALLEE	0x14189A110
0x1418CAA90	CALLEE	0x14189A170
0x1418CAA90	CALLEE	0x14189A1D0
0x1418CAA90	CALLEE	0x14189A230
0x1418CAA90	CALLEE	0x14189A290
0x1418CAA90	CALLEE	0x14189A2F0
0x1418CAA90	CALLEE	0x14189A350
0x1418CAA90	CALLEE	0x14189A3B0
0x1418CAA90	CALLEE	0x14189A410
0x1418CAA90	CALLEE	0x14189A470
0x1418CAA90	CALLEE	0x14189A4D0
0x1418CAA90	CALLEE	0x14189A530
0x1418CAA90	CALLEE	0x14189A590
0x1418CAA90	CALLEE	0x14189A5F0
0x1418CAA90	CALLEE	0x14189A650
0x1418CAA90	CALLEE	0x14189A6B0
0x1418CAA90	CALLEE	0x14189A710
0x1418CAA90	CALLEE	0x14189A770
0x1418CAA90	CALLEE	0x14189A7D0
0x1418CAA90	CALLEE	0x14189A830
0x1418CAA90	CALLEE	0x14189A890
0x1418CAA90	CALLEE	0x14189A8F0
0x1418CAA90	CALLEE	0x14189A950
0x1418CAA90	CALLEE	0x14189A9B0
0x1418CAA90	CALLEE	0x14189AA10
0x1418CAA90	CALLEE	0x14189AA70
0x1418CAA90	CALLEE	0x14189AAD0
0x1418CAA90	CALLEE	0x14189AB30
0x1418CAA90	CALLEE	0x14189AB90
0x1418CAA90	CALLEE	0x14189ABF0
0x1418CAA90	CALLEE	0x14189AC50
0x1418CAA90	CALLEE	0x14189ACB0
0x1418CAA90	CALLEE	0x14189AD10
0x1418CAA90	CALLEE	0x14189AD70
0x1418CAA90	CALLEE	0x14189ADD0
0x1418CAA90	CALLEE	0x14189AE30
0x1418CAA90	CALLEE	0x14189AE90
0x1418CAA90	CALLEE	0x14189AEF0
0x1418CAA90	CALLEE	0x14189AF50
0x1418CAA90	CALLEE	0x14189AFB0
0x1418CAA90	CALLEE	0x14189B010
0x1418CAA90	CALLEE	0x14189B070
0x1418CAA90	CALLEE	0x14189B0D0
0x1418CAA90	CALLEE	0x14189B130
0x1418CAA90	CALLEE	0x14189B190
0x1418CAA90	CALLEE	0x14189B1F0
0x1418CAA90	CALLEE	0x14189B250
0x1418CAA90	CALLEE	0x14189B2B0
0x1418CAA90	CALLEE	0x14189B310
0x1418CAA90	CALLEE	0x14189B370
0x1418CAA90	CALLEE	0x14189B3D0
0x1418CAA90	CALLEE	0x14189B430
0x1418CAA90	CALLEE	0x14189B490
0x1418CAA90	CALLEE	0x14189B4F0
0x1418CAA90	CALLEE	0x14189B550
0x1418CAA90	CALLEE	0x14189B5B0
0x1418CAA90	CALLEE	0x14189B610
0x1418CAA90	CALLEE	0x14189B670
0x1418CAA90	CALLEE	0x14189B6D0
0x1418CAA90	CALLEE	0x14189B730
0x1418CAA90	CALLEE	0x14189B790
0x1418CAA90	CALLEE	0x14189B7F0
0x1418CAA90	CALLEE	0x14189B850
0x1418CAA90	CALLEE	0x14189B8B0
0x1418CAA90	CALLEE	0x14189B910
0x1418CAA90	CALLEE	0x14189B970
0x1418CAA90	CALLEE	0x14189B9D0
0x1418CAA90	CALLEE	0x14189BA30
0x1418CAA90	CALLEE	0x14189BA90
0x1418CAA90	CALLEE	0x14189BAF0
0x1418CAA90	CALLEE	0x14189BB50
0x1418CAA90	CALLEE	0x14189BBB0
0x1418CAA90	CALLEE	0x14189BC10
0x1418CAA90	CALLEE	0x14189BC70
0x1418CAA90	CALLEE	0x14189BCD0
0x1418CAA90	CALLEE	0x14189BD30
0x1418CAA90	CALLEE	0x14189BD90
0x1418CAA90	CALLEE	0x14189BDF0
0x1418CAA90	CALLEE	0x14189BE50
0x1418CAA90	CALLEE	0x14189BEB0
0x1418CAA90	CALLEE	0x14189BF10
0x1418CAA90	CALLEE	0x14189BF70
0x1418CAA90	CALLEE	0x14189BFD0
0x1418CAA90	CALLEE	0x14189C030
0x1418CAA90	CALLEE	0x14189C090
0x1418CAA90	CALLEE	0x14189C0F0
0x1418CAA90	CALLEE	0x14189C150
0x1418CAA90	CALLEE	0x14189C1B0
0x1418CAA90	CALLEE	0x14189C210
0x1418CAA90	CALLEE	0x14189C270
0x1418CAA90	CALLEE	0x14189C2D0
0x1418CAA90	CALLEE	0x14189C330
0x1418CAA90	CALLEE	0x14189C390
0x1418CAA90	CALLEE	0x14189C3F0
0x1418CAA90	CALLEE	0x14189C450
0x1418CAA90	CALLEE	0x14189C4B0
0x1418CAA90	CALLEE	0x14189C510
0x1418CAA90	CALLEE	0x14189C570
0x1418CAA90	CALLEE	0x14189C5D0
0x1418CAA90	CALLEE	0x14189C630
0x1418CAA90	CALLEE	0x14189C690
0x1418CAA90	CALLEE	0x14189C6F0
0x1418CAA90	CALLEE	0x14189C750
0x1418CAA90	CALLEE	0x14189C7B0
0x1418CAA90	CALLEE	0x14189C810
0x1418CAA90	CALLEE	0x14189C870
0x1418CAA90	CALLEE	0x14189C8D0
0x1418CAA90	CALLEE	0x14189C930
0x1418CAA90	CALLEE	0x14189C990
0x1418CAA90	CALLEE	0x14189C9F0
0x1418CAA90	CALLEE	0x14189CA50
0x1418CAA90	CALLEE	0x14189CAB0
0x1418CAA90	CALLEE	0x14189CB10
0x1418CAA90	CALLEE	0x14189CB70
0x1418CAA90	CALLEE	0x14189CBD0
0x1418CAA90	CALLEE	0x14189CC30
0x1418CAA90	CALLEE	0x14189CC90
0x1418CAA90	CALLEE	0x14189CCF0
0x1418CAA90	CALLEE	0x14189CD50
0x1418CAA90	CALLEE	0x14189CDB0
0x1418CAA90	CALLEE	0x14189CE10
0x1418CAA90	CALLEE	0x14189CE70
0x1418CAA90	CALLEE	0x14189CED0
0x1418CAA90	CALLEE	0x14189CF30
0x1418CAA90	CALLEE	0x14189CF90
0x1418CAA90	CALLEE	0x14189CFF0
0x1418CAA90	CALLEE	0x14189D050
0x1418CAA90	CALLEE	0x14189D0B0
0x1418CAA90	CALLEE	0x14189D110
0x1418CAA90	CALLEE	0x14189D170
0x1418CAA90	CALLEE	0x14189D1D0
0x1418CAA90	CALLEE	0x14189D230
0x1418CAA90	CALLEE	0x14189D290
0x1418CAA90	CALLEE	0x14189D2F0
0x1418CAA90	CALLEE	0x14189D350
0x1418CAA90	CALLEE	0x14189D3B0
0x1418CAA90	CALLEE	0x14189D410
0x1418CAA90	CALLEE	0x14189D470
0x1418CAA90	CALLEE	0x14189D4D0
0x1418CAA90	CALLEE	0x14189D530
0x1418CAA90	CALLEE	0x14189D590
0x1418CAA90	CALLEE	0x14189D5F0
0x1418CAA90	CALLEE	0x14189D650
0x1418CAA90	CALLEE	0x14189D6B0
0x1418CAA90	CALLEE	0x14189D710
0x1418CAA90	CALLEE	0x14189D770
0x1418CAA90	CALLEE	0x14189D7D0
0x1418CAA90	CALLEE	0x14189D830
0x1418CAA90	CALLEE	0x14189D890
0x1418CAA90	CALLEE	0x14189D8F0
0x1418CAA90	CALLEE	0x14189D950
0x1418CAA90	CALLEE	0x14189D9B0
0x1418CAA90	CALLEE	0x14189DA10
0x1418CAA90	CALLEE	0x14189DA70
0x1418CAA90	CALLEE	0x14189DAD0
0x1418CAA90	CALLEE	0x14189DB30
0x1418CAA90	CALLEE	0x14189DB90
0x1418CAA90	CALLEE	0x14189DBF0
0x1418CAA90	CALLEE	0x14189DC50
0x1418CAA90	CALLEE	0x14189DCB0
0x1418CAA90	CALLEE	0x14189DD10
0x1418CAA90	CALLEE	0x14189DD70
0x1418CAA90	CALLEE	0x14189DDD0
0x1418CAA90	CALLEE	0x14189DE30
0x1418CAA90	CALLEE	0x14189DE90
0x1418CAA90	CALLEE	0x14189DEF0
0x1418CAA90	CALLEE	0x14189DF50
0x1418CAA90	CALLEE	0x14189DFB0
0x1418CAA90	CALLEE	0x14189E010
0x1418CAA90	CALLEE	0x14189E070
0x1418CAA90	CALLEE	0x14189E0D0
0x1418CAA90	CALLEE	0x14189E130
0x1418CAA90	CALLEE	0x14189E190
0x1418CAA90	CALLEE	0x14189E1F0
0x1418CAA90	CALLEE	0x14189E250
0x1418CAA90	CALLEE	0x14189E2B0
0x1418CAA90	CALLEE	0x14189E310
0x1418CAA90	CALLEE	0x14189E370
0x1418CAA90	CALLEE	0x14189E3D0
0x1418CAA90	CALLEE	0x14189E430
0x1418CAA90	CALLEE	0x14189E490
0x1418CAA90	CALLEE	0x14189E4F0
0x1418CAA90	CALLEE	0x14189E550
0x1418CAA90	CALLEE	0x14189E5B0
0x1418CAA90	CALLEE	0x14189E610
0x1418CAA90	CALLEE	0x14189E670
0x1418CAA90	CALLEE	0x14189E6D0
0x1418CAA90	CALLEE	0x14189E730
0x1418CAA90	CALLEE	0x14189E790
0x1418CAA90	CALLEE	0x14189E7F0
0x1418CAA90	CALLEE	0x14189E850
0x1418CAA90	CALLEE	0x14189E8B0
0x1418CAA90	CALLEE	0x14189E910
0x1418CAA90	CALLEE	0x14189E970
0x1418CAA90	CALLEE	0x14189E9D0
0x1418CAA90	CALLEE	0x14189EA30
0x1418CAA90	CALLEE	0x14189EA90
0x1418CAA90	CALLEE	0x14189EAF0
0x1418CAA90	CALLEE	0x14189EB50
0x1418CAA90	CALLEE	0x14189EBB0
0x1418CAA90	CALLEE	0x14189EC10
0x1418CAA90	CALLEE	0x14189EC70
0x1418CAA90	CALLEE	0x14189ECD0
0x1418CAA90	CALLEE	0x14189ED30
0x1418CAA90	CALLEE	0x14189ED90
0x1418CAA90	CALLEE	0x14189EDF0
0x1418CAA90	CALLEE	0x14189EE50
0x1418CAA90	CALLEE	0x14189EEB0
0x1418CAA90	CALLEE	0x14189EF10
0x1418CAA90	CALLEE	0x14189EF70
0x1418CAA90	CALLEE	0x14189EFD0
0x1418CAA90	CALLEE	0x14189F030
0x1418CAA90	CALLEE	0x14189F090
0x1418CAA90	CALLEE	0x14189F0F0
0x1418CAA90	CALLEE	0x14189F150
0x1418CAA90	CALLEE	0x14189F1B0
0x1418CAA90	CALLEE	0x14189F210
0x1418CAA90	CALLEE	0x14189F270
0x1418CAA90	CALLEE	0x14189F2D0
0x1418CAA90	CALLEE	0x14189F330
0x1418CAA90	CALLEE	0x14189F390
0x1418CAA90	CALLEE	0x14189F3F0
0x1418CAA90	CALLEE	0x14189F450
0x1418CAA90	CALLEE	0x14189F4B0
0x1418CAA90	CALLEE	0x14189F510
0x1418CAA90	CALLEE	0x14189F570
0x1418CAA90	CALLEE	0x14189F5D0
0x1418CAA90	CALLEE	0x14189F630
0x1418CAA90	CALLEE	0x14189F690
0x1418CAA90	CALLEE	0x14189F6F0
0x1418CAA90	CALLEE	0x14189F750
0x1418CAA90	CALLEE	0x14189F7B0
0x1418CAA90	CALLEE	0x14189F810
0x1418CAA90	CALLEE	0x14189F870
0x1418CAA90	CALLEE	0x14189F8D0
0x1418CAA90	CALLEE	0x14189F930
0x1418CAA90	CALLEE	0x14189F990
0x1418CAA90	CALLEE	0x14189F9F0
0x1418CAA90	CALLEE	0x14189FA50
0x1418CAA90	CALLEE	0x14189FAB0
0x1418CAA90	CALLEE	0x14189FB10
0x1418CAA90	CALLEE	0x14189FB70
0x1418CAA90	CALLEE	0x14189FBD0
0x1418CAA90	CALLEE	0x14189FC30
0x1418CAA90	CALLEE	0x14189FC90
0x1418CAA90	CALLEE	0x14189FCF0
0x1418CAA90	CALLEE	0x14189FD50
0x1418CAA90	CALLEE	0x14189FDB0
0x1418CAA90	CALLEE	0x14189FE10
0x1418CAA90	CALLEE	0x14189FE70
0x1418CAA90	CALLEE	0x14189FED0
0x1418CAA90	CALLEE	0x14189FF30
0x1418CAA90	CALLEE	0x14189FF90
0x1418CAA90	CALLEE	0x14189FFF0
0x1418CAA90	CALLEE	0x1418A0050
0x1418CAA90	CALLEE	0x1418A00B0
0x1418CAA90	CALLEE	0x1418A0110
0x1418CAA90	CALLEE	0x1418A0170
0x1418CAA90	CALLEE	0x1418A01D0
0x1418CAA90	CALLEE	0x1418A0230
0x1418CAA90	CALLEE	0x1418A0290
0x1418CAA90	CALLEE	0x1418A02F0
0x1418CAA90	CALLEE	0x1418A0350
0x1418CAA90	CALLEE	0x1418A03B0
0x1418CAA90	CALLEE	0x1418A0410
0x1418CAA90	CALLEE	0x1418A0470
0x1418CAA90	CALLEE	0x1418A04D0
0x1418CAA90	CALLEE	0x1418A0530
0x1418CAA90	CALLEE	0x1418A0590
0x1418CAA90	CALLEE	0x1418A05F0
0x1418CAA90	CALLEE	0x1418A0650
0x1418CAA90	CALLEE	0x1418A06B0
0x1418CAA90	CALLEE	0x1418A0710
0x1418CAA90	CALLEE	0x1418A0770
0x1418CAA90	CALLEE	0x1418A07D0
0x1418CAA90	CALLEE	0x1418A0830
0x1418CAA90	CALLEE	0x1418A0890
0x1418CAA90	CALLEE	0x1418A08F0
0x1418CAA90	CALLEE	0x1418A0950
0x1418CAA90	CALLEE	0x1418A09B0
0x1418CAA90	CALLEE	0x1418A0A10
0x1418CAA90	CALLEE	0x1418A0A70
0x1418CAA90	CALLEE	0x1418A0AD0
0x1418CAA90	CALLEE	0x1418A0B30
0x1418CAA90	CALLEE	0x1418A0B90
0x1418CAA90	CALLEE	0x1418A0BF0
0x1418CAA90	CALLEE	0x1418A0C50
0x1418CAA90	CALLEE	0x1418A0CB0
0x1418CAA90	CALLEE	0x1418A0D10
0x1418CAA90	CALLEE	0x1418A0D70
0x1418CAA90	CALLEE	0x1418A0DD0
0x1418CAA90	CALLEE	0x1418A0E30
0x1418CAA90	CALLEE	0x1418A0E90
0x1418CAA90	CALLEE	0x1418A0EF0
0x1418CAA90	CALLEE	0x1418A0F50
0x1418CAA90	CALLEE	0x1418A0FB0
0x1418CAA90	CALLEE	0x1418A1010
0x1418CAA90	CALLEE	0x1418A1070
0x1418CAA90	CALLEE	0x1418A10D0
0x1418CAA90	CALLEE	0x1418A1130
0x1418CAA90	CALLEE	0x1418A1190
0x1418CAA90	CALLEE	0x1418A11F0
0x1418CAA90	CALLEE	0x1418A1250
0x1418CAA90	CALLEE	0x1418A12B0
0x1418CAA90	CALLEE	0x1418A1310
0x1418CAA90	CALLEE	0x1418A1370
0x1418CAA90	CALLEE	0x1418A13D0
0x1418CAA90	CALLEE	0x1418A1430
0x1418CAA90	CALLEE	0x1418A1490
0x1418CAA90	CALLEE	0x1418A14F0
0x1418CAA90	CALLEE	0x1418A1550
0x1418CAA90	CALLEE	0x1418A15B0
0x1418CAA90	CALLEE	0x1418A1610
0x1418CAA90	CALLEE	0x1418A1670
0x1418CAA90	CALLEE	0x1418A16D0
0x1418CAA90	CALLEE	0x1418A1730
0x1418CAA90	CALLEE	0x1418A1790
0x1418CAA90	CALLEE	0x1418A17F0
0x1418CAA90	CALLEE	0x1418A1850
0x1418CAA90	CALLEE	0x1418A18B0
0x1418CAA90	CALLEE	0x1418A1910
0x1418CAA90	CALLEE	0x1418A1970
0x1418CAA90	CALLEE	0x1418A19D0
0x1418CAA90	CALLEE	0x1418A1A30
0x1418CAA90	CALLEE	0x1418A1A90
0x1418CAA90	CALLEE	0x1418A1AF0
0x1418CAA90	CALLEE	0x1418A1B50
0x1418CAA90	CALLEE	0x1418A1BB0
0x1418CAA90	CALLEE	0x1418A1C10
0x1418CAA90	CALLEE	0x1418A1C70
0x1418CAA90	CALLEE	0x1418A1CD0
0x1418CAA90	CALLEE	0x1418A1D30
0x1418CAA90	CALLEE	0x1418A1D90
0x1418CAA90	CALLEE	0x1418A1DF0
0x1418CAA90	CALLEE	0x1418A1E50
0x1418CAA90	CALLEE	0x1418A1EB0
0x1418CAA90	CALLEE	0x1418A1F10
0x1418CAA90	CALLEE	0x1418A1F70
0x1418CAA90	CALLEE	0x1418A1FD0
0x1418CAA90	CALLEE	0x1418A2030
0x1418CAA90	CALLEE	0x1418A2090
0x1418CAA90	CALLEE	0x1418A20F0
0x1418CAA90	CALLEE	0x1418A2150
0x1418CAA90	CALLEE	0x1418A21B0
0x1418CAA90	CALLEE	0x1418A2210
0x1418CAA90	CALLEE	0x1418A2270
0x1418CAA90	CALLEE	0x1418A22D0
0x1418CAA90	CALLEE	0x1418A2330
0x1418CAA90	CALLEE	0x1418A2390
0x1418CAA90	CALLEE	0x1418A23F0
0x1418CAA90	CALLEE	0x1418A2450
0x1418CAA90	CALLEE	0x1418A24B0
0x1418CAA90	CALLEE	0x1418A2510
0x1418CAA90	CALLEE	0x1418A2570
0x1418CAA90	CALLEE	0x1418A25D0
0x1418CAA90	CALLEE	0x1418A2630
0x1418CAA90	CALLEE	0x1418A2690
0x1418CAA90	CALLEE	0x1418A26F0
0x1418CAA90	CALLEE	0x1418A2750
0x1418CAA90	CALLEE	0x1418A27B0
0x1418CAA90	CALLEE	0x1418A2810
0x1418CAA90	CALLEE	0x1418A2870
0x1418CAA90	CALLEE	0x1418A28D0
0x1418CAA90	CALLEE	0x1418A2930
0x1418CAA90	CALLEE	0x1418A2990
0x1418CAA90	CALLEE	0x1418A29F0
0x1418CAA90	CALLEE	0x1418A2A50
0x1418CAA90	CALLEE	0x1418A2AB0
0x1418CAA90	CALLEE	0x1418A2B10
0x1418CAA90	CALLEE	0x1418A2B70
0x1418CAA90	CALLEE	0x1418A2BD0
0x1418CAA90	CALLEE	0x1418A2C30
0x1418CAA90	CALLEE	0x1418A2C90
0x1418CAA90	CALLEE	0x1418A2CF0
0x1418CAA90	CALLEE	0x1418A2D50
0x1418CAA90	CALLEE	0x1418A2DB0
0x1418CAA90	CALLEE	0x1418A2E10
0x1418CAA90	CALLEE	0x1418A2E70
0x1418CAA90	CALLEE	0x1418A2ED0
0x1418CAA90	CALLEE	0x1418A2F30
0x1418CAA90	CALLEE	0x1418A2F90
0x1418CAA90	CALLEE	0x1418A2FF0
0x1418CAA90	CALLEE	0x1418A3050
0x1418CAA90	CALLEE	0x1418A30B0
0x1418CAA90	CALLEE	0x1418A3110
0x1418CAA90	CALLEE	0x1418A3170
0x1418CAA90	CALLEE	0x1418A31D0
0x1418CAA90	CALLEE	0x1418A3230
0x1418CAA90	CALLEE	0x1418A3290
0x1418CAA90	CALLEE	0x1418A32F0
0x1418CAA90	CALLEE	0x1418A3350
0x1418CAA90	CALLEE	0x1418A33B0
0x1418CAA90	CALLEE	0x1418A3410
0x1418CAA90	CALLEE	0x1418A3470
0x1418CAA90	CALLEE	0x1418A34D0
0x1418CAA90	CALLEE	0x1418A3530
0x1418CAA90	CALLEE	0x1418A3590
0x1418CAA90	CALLEE	0x1418A35F0
0x1418CAA90	CALLEE	0x1418A3650
0x1418CAA90	CALLEE	0x1418A36B0
0x1418CAA90	CALLEE	0x1418A3710
0x1418CAA90	CALLEE	0x1418A3770
0x1418CAA90	CALLEE	0x1418A37D0
0x1418CAA90	CALLEE	0x1418A3830
0x1418CAA90	CALLEE	0x1418A3890
0x1418CAA90	CALLEE	0x1418A38F0
0x1418CAA90	CALLEE	0x1418A3950
0x1418CAA90	CALLEE	0x1418A39B0
0x1418CAA90	CALLEE	0x1418A3A10
0x1418CAA90	CALLEE	0x1418A3A70
0x1418CAA90	CALLEE	0x1418A3AD0
0x1418CAA90	CALLEE	0x1418A3B30
0x1418CAA90	CALLEE	0x1418A3B90
0x1418CAA90	CALLEE	0x1418A3BF0
0x1418CAA90	CALLEE	0x1418A3C50
0x1418CAA90	CALLEE	0x1418A3CB0
0x1418CAA90	CALLEE	0x1418A3D10
0x1418CAA90	CALLEE	0x1418A3D70
0x1418CAA90	CALLEE	0x1418A3DD0
0x1418CAA90	CALLEE	0x1418A3E30
0x1418CAA90	CALLEE	0x1418A3E90
0x1418CAA90	CALLEE	0x1418A3EF0
0x1418CAA90	CALLEE	0x1418A3F50
0x1418CAA90	CALLEE	0x1418A3FB0
0x1418CAA90	CALLEE	0x1418A4010
0x1418CAA90	CALLEE	0x1418A4070
0x1418CAA90	CALLEE	0x1418A40D0
0x1418CAA90	CALLEE	0x1418A4130
0x1418CAA90	CALLEE	0x1418A4190
0x1418CAA90	CALLEE	0x1418A41F0
0x1418CAA90	CALLEE	0x1418A4250
0x1418CAA90	CALLEE	0x1418A42B0
0x1418CAA90	CALLEE	0x1418A4310
0x1418CAA90	CALLEE	0x1418A4370
0x1418CAA90	CALLEE	0x1418A43D0
0x1418CAA90	CALLEE	0x1418A4430
0x1418CAA90	CALLEE	0x1418A4490
0x1418CAA90	CALLEE	0x1418A44F0
0x1418CAA90	CALLEE	0x1418A4550
0x1418CAA90	CALLEE	0x1418A45B0
0x1418CAA90	CALLEE	0x1418A4610
0x1418CAA90	CALLEE	0x1418A4670
0x1418CAA90	CALLEE	0x1418A46D0
0x1418CAA90	CALLEE	0x1418A4730
0x1418CAA90	CALLEE	0x1418A4790
0x1418CAA90	CALLEE	0x1418A47F0
0x1418CAA90	CALLEE	0x1418A4850
0x1418CAA90	CALLEE	0x1418A48B0
0x1418CAA90	CALLEE	0x1418A4910
0x1418CAA90	CALLEE	0x1418A4970
0x1418CAA90	CALLEE	0x1418A49D0
0x1418CAA90	CALLEE	0x1418A4A30
0x1418CAA90	CALLEE	0x1418A4A90
0x1418CAA90	CALLEE	0x1418A4AF0
0x1418CAA90	CALLEE	0x1418A4B50
0x1418CAA90	CALLEE	0x1418A4BB0
0x1418CAA90	CALLEE	0x1418A4C10
0x1418CAA90	CALLEE	0x1418A4C70
0x1418CAA90	CALLEE	0x1418A4CD0
0x1418CAA90	CALLEE	0x1418A4D30
0x1418CAA90	CALLEE	0x1418A4D90
0x1418CAA90	CALLEE	0x1418A4DF0
0x1418CAA90	CALLEE	0x1418A4E50
0x1418CAA90	CALLEE	0x1418A4EB0
0x1418CAA90	CALLEE	0x1418A4F10
0x1418CAA90	CALLEE	0x1418A4F70
0x1418CAA90	CALLEE	0x1418A4FD0
0x1418CAA90	CALLEE	0x1418A5030
0x1418CAA90	CALLEE	0x1418A5090
0x1418CAA90	CALLEE	0x1418A50F0
0x1418CAA90	CALLEE	0x1418A5150
0x1418CAA90	CALLEE	0x1418A51B0
0x1418CAA90	CALLEE	0x1418A5210
0x1418CAA90	CALLEE	0x1418A5270
0x1418CAA90	CALLEE	0x1418A52D0
0x1418CAA90	CALLEE	0x1418A5330
0x1418CAA90	CALLEE	0x1418A5390
0x1418CAA90	CALLEE	0x1418A53F0
0x1418CAA90	CALLEE	0x1418A5450
0x1418CAA90	CALLEE	0x1418A54B0
0x1418CAA90	CALLEE	0x1418A5510
0x1418CAA90	CALLEE	0x1418A5570
0x1418CAA90	CALLEE	0x1418A55D0
0x1418CAA90	CALLEE	0x1418A5630
0x1418CAA90	CALLEE	0x1418A5690
0x1418CAA90	CALLEE	0x1418A56F0
0x1418CAA90	CALLEE	0x1418A5750
0x1418CAA90	CALLEE	0x1418A57B0
0x1418CAA90	CALLEE	0x1418A5810
0x1418CAA90	CALLEE	0x1418A5870
0x1418CAA90	CALLEE	0x1418A58D0
0x1418CAA90	CALLEE	0x1418A5930
0x1418CAA90	CALLEE	0x1418A5990
0x1418CAA90	CALLEE	0x1418A59F0
0x1418CAA90	CALLEE	0x1418A5A50
0x1418CAA90	CALLEE	0x1418A5AB0
0x1418CAA90	CALLEE	0x1418A5B10
0x1418CAA90	CALLEE	0x1418A5B70
0x1418CAA90	CALLEE	0x1418A5BD0
0x1418CAA90	CALLEE	0x1418A5C30
0x1418CAA90	CALLEE	0x1418A5C90
0x1418CAA90	CALLEE	0x1418A5CF0
0x1418CAA90	CALLEE	0x1418A5D50
0x1418CAA90	CALLEE	0x1418A5DB0
0x1418CAA90	CALLEE	0x1418A5E10
0x1418CAA90	CALLEE	0x1418A5E70
0x1418CAA90	CALLEE	0x1418A5ED0
0x1418CAA90	CALLEE	0x1418A5F30
0x1418CAA90	CALLEE	0x1418A5F90
0x1418CAA90	CALLEE	0x1418A5FF0
0x1418CAA90	CALLEE	0x1418A6050
0x1418CAA90	CALLEE	0x1418A60B0
0x1418CAA90	CALLEE	0x1418A6110
0x1418CAA90	CALLEE	0x1418A6170
0x1418CAA90	CALLEE	0x1418A61D0
0x1418CAA90	CALLEE	0x1418A6230
0x1418CAA90	CALLEE	0x1418A6290
0x1418CAA90	CALLEE	0x1418A62F0
0x1418CAA90	CALLEE	0x1418A6350
0x1418CAA90	CALLEE	0x1418A63B0
0x1418CAA90	CALLEE	0x1418A6410
0x1418CAA90	CALLEE	0x1418A6470
0x1418CAA90	CALLEE	0x1418A64D0
0x1418CAA90	CALLEE	0x1418A6530
0x1418CAA90	CALLEE	0x1418A6590
0x1418CAA90	CALLEE	0x1418A65F0
0x1418CAA90	CALLEE	0x1418A6650
0x1418CAA90	CALLEE	0x1418A66B0
0x1418CAA90	CALLEE	0x1418A6710
0x1418CAA90	CALLEE	0x1418A6770
0x1418CAA90	CALLEE	0x1418A67D0
0x1418CAA90	CALLEE	0x1418A6830
0x1418CAA90	CALLEE	0x1418A6890
0x1418CAA90	CALLEE	0x1418A68F0
0x1418CAA90	CALLEE	0x1418A6950
0x1418CAA90	CALLEE	0x1418A69B0
0x1418CAA90	CALLEE	0x1418A6A10
0x1418CAA90	CALLEE	0x1418A6A70
0x1418CAA90	CALLEE	0x1418A6AD0
0x1418CAA90	CALLEE	0x1418A6B30
0x1418CAA90	CALLEE	0x1418A6B90
0x1418CAA90	CALLEE	0x1418A6BF0
0x1418CAA90	CALLEE	0x1418A6C50
0x1418CAA90	CALLEE	0x1418A6CB0
0x1418CAA90	CALLEE	0x1418A6D10
0x1418CAA90	CALLEE	0x1418A6D70
0x1418CAA90	CALLEE	0x1418A6DD0
0x1418CAA90	CALLEE	0x1418A6E30
0x1418CAA90	CALLEE	0x1418A6E90
0x1418CAA90	CALLEE	0x1418A6EF0
0x1418CAA90	CALLEE	0x1418A6F50
0x1418CAA90	CALLEE	0x1418A6FB0
0x1418CAA90	CALLEE	0x1418A7010
0x1418CAA90	CALLEE	0x1418A7070
0x1418CAA90	CALLEE	0x1418A70D0
0x1418CAA90	CALLEE	0x1418A7130
0x1418CAA90	CALLEE	0x1418A7190
0x1418CAA90	CALLEE	0x1418A71F0
0x1418CAA90	CALLEE	0x1418A7250
0x1418CAA90	CALLEE	0x1418A72B0
0x1418CAA90	CALLEE	0x1418A7310
0x1418CAA90	CALLEE	0x1418A7370
0x1418CAA90	CALLEE	0x1418A73D0
0x1418CAA90	CALLEE	0x1418A7430
0x1418CAA90	CALLEE	0x1418A7490
0x1418CAA90	CALLEE	0x1418A74F0
0x1418CAA90	CALLEE	0x1418A7550
0x1418CAA90	CALLEE	0x1418A75B0
0x1418CAA90	CALLEE	0x1418A7610
0x1418CAA90	CALLEE	0x1418A7670
0x1418CAA90	CALLEE	0x1418A76D0
0x1418CAA90	CALLEE	0x1418A7730
0x1418CAA90	CALLEE	0x1418A7790
0x1418CAA90	CALLEE	0x1418A77F0
0x1418CAA90	CALLEE	0x1418A7850
0x1418CAA90	CALLEE	0x1418A78B0
0x1418CAA90	CALLEE	0x1418A7910
0x1418CAA90	CALLEE	0x1418A7970
0x1418CAA90	CALLEE	0x1418A79D0
0x1418CAA90	CALLEE	0x1418A7A30
0x1418CAA90	CALLEE	0x1418A7A90
0x1418CAA90	CALLEE	0x1418A7AF0
0x1418CAA90	CALLEE	0x1418A7B50
0x1418CAA90	CALLEE	0x1418A7BB0
0x1418CAA90	CALLEE	0x1418A7C10
0x1418CAA90	CALLEE	0x1418A7C70
0x1418CAA90	CALLEE	0x1418A7CD0
0x1418CAA90	CALLEE	0x1418A7D30
0x1418CAA90	CALLEE	0x1418A7D90
0x1418CAA90	CALLEE	0x1418A7DF0
0x1418CAA90	CALLEE	0x1418A7E50
0x1418CAA90	CALLEE	0x1418A7EB0
0x1418CAA90	CALLEE	0x1418A7F10
0x1418CAA90	CALLEE	0x1418A7F70
0x1418CAA90	CALLEE	0x1418A7FD0
0x1418CAA90	CALLEE	0x1418A8030
0x1418CAA90	CALLEE	0x1418A8090
0x1418CAA90	CALLEE	0x1418A80F0
0x1418CAA90	CALLEE	0x1418A8150
0x1418CAA90	CALLEE	0x1418A81B0
0x1418CAA90	CALLEE	0x1418A8210
0x1418CAA90	CALLEE	0x1418A8270
0x1418CAA90	CALLEE	0x1418A82D0
0x1418CAA90	CALLEE	0x1418A8330
0x1418CAA90	CALLEE	0x1418A8390
0x1418CAA90	CALLEE	0x1418A83F0
0x1418CAA90	CALLEE	0x1418A8450
0x1418CAA90	CALLEE	0x1418A84B0
0x1418CAA90	CALLEE	0x1418A8510
0x1418CAA90	CALLEE	0x1418A8570
0x1418CAA90	CALLEE	0x1418A85D0
0x1418CAA90	CALLEE	0x1418A8630
0x1418CAA90	CALLEE	0x1418A8690
0x1418CAA90	CALLEE	0x1418A86F0
0x1418CAA90	CALLEE	0x1418A8750
0x1418CAA90	CALLEE	0x1418A87B0
0x1418CAA90	CALLEE	0x1418A8810
0x1418CAA90	CALLEE	0x1418A8870
0x1418CAA90	CALLEE	0x1418A88D0
0x1418CAA90	CALLEE	0x1418A8930
0x1418CAA90	CALLEE	0x1418A8990
0x1418CAA90	CALLEE	0x1418A89F0
0x1418CAA90	CALLEE	0x1418A8A50
0x1418CAA90	CALLEE	0x1418A8AB0
0x1418CAA90	CALLEE	0x1418A8B10
0x1418CAA90	CALLEE	0x1418A8B70
0x1418CAA90	CALLEE	0x1418A8BD0
0x1418CAA90	CALLEE	0x1418A8C30
0x1418CAA90	CALLEE	0x1418A8C90
0x1418CAA90	CALLEE	0x1418A8CF0
0x1418CAA90	CALLEE	0x1418A8D50
0x1418CAA90	CALLEE	0x1418A8DB0
0x1418CAA90	CALLEE	0x1418A8E10
0x1418CAA90	CALLEE	0x1418A8E70
0x1418CAA90	CALLEE	0x1418A8ED0
0x1418CAA90	CALLEE	0x1418A8F30
0x1418CAA90	CALLEE	0x1418A8F90
0x1418CAA90	CALLEE	0x1418A8FF0
0x1418CAA90	CALLEE	0x1418A9050
0x1418CAA90	CALLEE	0x1418A90B0
0x1418CAA90	CALLEE	0x1418A9110
0x1418CAA90	CALLEE	0x1418A9170
0x1418CAA90	CALLEE	0x1418A91D0
0x1418CAA90	CALLEE	0x1418A9230
0x1418CAA90	CALLEE	0x1418A9290
0x1418CAA90	CALLEE	0x1418A92F0
0x1418CAA90	CALLEE	0x1418A9350
0x1418CAA90	CALLEE	0x1418A93B0
0x1418CAA90	CALLEE	0x1418A9410
0x1418CAA90	CALLEE	0x1418A9470
0x1418CAA90	CALLEE	0x1418A94D0
0x1418CAA90	CALLEE	0x1418A9530
0x1418CAA90	CALLEE	0x1418A9590
0x1418CAA90	CALLEE	0x1418A95F0
0x1418CAA90	CALLEE	0x1418A9650
0x1418CAA90	CALLEE	0x1418A96B0
0x1418CAA90	CALLEE	0x1418A9710
0x1418CAA90	CALLEE	0x1418A9770
0x1418CAA90	CALLEE	0x1418A97D0
0x1418CAA90	CALLEE	0x1418A9830
0x1418CAA90	CALLEE	0x1418A9890
0x1418CAA90	CALLEE	0x1418A98F0
0x1418CAA90	CALLEE	0x1418A9950
0x1418CAA90	CALLEE	0x1418A99B0
0x1418CAA90	CALLEE	0x1418A9A10
0x1418CAA90	CALLEE	0x1418A9A70
0x1418CAA90	CALLEE	0x1418A9AD0
0x1418CAA90	CALLEE	0x1418A9B30
0x1418CAA90	CALLEE	0x1418A9B90
0x1418CAA90	CALLEE	0x1418A9BF0
0x1418CAA90	CALLEE	0x1418A9C50
0x1418CAA90	CALLEE	0x1418A9CB0
0x1418CAA90	CALLEE	0x1418A9D10
0x1418CAA90	CALLEE	0x1418A9D70
0x1418CAA90	CALLEE	0x1418A9DD0
0x1418CAA90	CALLEE	0x1418A9E30
0x1418CAA90	CALLEE	0x1418A9E90
0x1418CAA90	CALLEE	0x1418A9EF0
0x1418CAA90	CALLEE	0x1418A9F50
0x1418CAA90	CALLEE	0x1418A9FB0
0x1418CAA90	CALLEE	0x1418AA010
0x1418CAA90	CALLEE	0x1418AA070
0x1418CAA90	CALLEE	0x1418AA0D0
0x1418CAA90	CALLEE	0x1418AA130
0x1418CAA90	CALLEE	0x1418AA190
0x1418CAA90	CALLEE	0x1418AA1F0
0x1418CAA90	CALLEE	0x1418AA250
0x1418CAA90	CALLEE	0x1418AA2B0
0x1418CAA90	CALLEE	0x1418AA310
0x1418CAA90	CALLEE	0x1418AA370
0x1418CAA90	CALLEE	0x1418AA3D0
0x1418CAA90	CALLEE	0x1418AA430
0x1418CAA90	CALLEE	0x1418AA490
0x1418CAA90	CALLEE	0x1418AA4F0
0x1418CAA90	CALLEE	0x1418AA550
0x1418CAA90	CALLEE	0x1418AA5B0
0x1418CAA90	CALLEE	0x1418AA610
0x1418CAA90	CALLEE	0x1418AA670
0x1418CAA90	CALLEE	0x1418AA6D0
0x1418CAA90	CALLEE	0x1418AA730
0x1418CAA90	CALLEE	0x1418AA790
0x1418CAA90	CALLEE	0x1418AA7F0
0x1418CAA90	CALLEE	0x1418AA850
0x1418CAA90	CALLEE	0x1418AA8B0
0x1418CAA90	CALLEE	0x1418AA910
0x1418CAA90	CALLEE	0x1418AA970
0x1418CAA90	CALLEE	0x1418AA9D0
0x1418CAA90	CALLEE	0x1418AAA30
0x1418CAA90	CALLEE	0x1418AAA90
0x1418CAA90	CALLEE	0x1418AAAF0
0x1418CAA90	CALLEE	0x1418AAB50
0x1418CAA90	CALLEE	0x1418AABB0
0x1418CAA90	CALLEE	0x1418AAC10
0x1418CAA90	CALLEE	0x1418AAC70
0x1418CAA90	CALLEE	0x1418AACD0
0x1418CAA90	CALLEE	0x1418AAD30
0x1418CAA90	CALLEE	0x1418AAD90
0x1418CAA90	CALLEE	0x1418AADF0
0x1418CAA90	CALLEE	0x1418AAE50
0x1418CAA90	CALLEE	0x1418AAEB0
0x1418CAA90	CALLEE	0x1418AAF10
0x1418CAA90	CALLEE	0x1418AAF70
0x1418CAA90	CALLEE	0x1418AAFD0
0x1418CAA90	CALLEE	0x1418AB030
0x1418CAA90	CALLEE	0x1418AB090
0x1418CAA90	CALLEE	0x1418AB0F0
0x1418CAA90	CALLEE	0x1418AB150
0x1418CAA90	CALLEE	0x1418AB1B0
0x1418CAA90	CALLEE	0x1418AB210
0x1418CAA90	CALLEE	0x1418AB270
0x1418CAA90	CALLEE	0x1418AB2D0
0x1418CAA90	CALLEE	0x1418AB330
0x1418CAA90	CALLEE	0x1418AB390
0x1418CAA90	CALLEE	0x1418AB3F0
0x1418CAA90	CALLEE	0x1418AB450
0x1418CAA90	CALLEE	0x1418AB4B0
0x1418CAA90	CALLEE	0x1418AB510
0x1418CAA90	CALLEE	0x1418AB570
0x1418CAA90	CALLEE	0x1418AB5D0
0x1418CAA90	CALLEE	0x1418AB630
0x1418CAA90	CALLEE	0x1418AB690
0x1418CAA90	CALLEE	0x1418AB6F0
0x1418CAA90	CALLEE	0x1418AB750
0x1418CAA90	CALLEE	0x1418AB7B0
0x1418CAA90	CALLEE	0x1418AB810
0x1418CAA90	CALLEE	0x1418AB870
0x1418CAA90	CALLEE	0x1418AB8D0
0x1418CAA90	CALLEE	0x1418AB930
0x1418CAA90	CALLEE	0x1418AB990
0x1418CAA90	CALLEE	0x1418AB9F0
0x1418CAA90	CALLEE	0x1418ABA50
0x1418CAA90	CALLEE	0x1418ABAB0
0x1418CAA90	CALLEE	0x1418ABB10
0x1418CAA90	CALLEE	0x1418ABB70
0x1418CAA90	CALLEE	0x1418ABBD0
0x1418CAA90	CALLEE	0x1418ABC30
0x1418CAA90	CALLEE	0x1418ABC90
0x1418CAA90	CALLEE	0x1418ABCF0
0x1418CAA90	CALLEE	0x1418ABD50
0x1418CAA90	CALLEE	0x1418ABDB0
0x1418CAA90	CALLEE	0x1418ABE10
0x1418CAA90	CALLEE	0x1418ABE70
0x1418CAA90	CALLEE	0x1418ABED0
0x1418CAA90	CALLEE	0x1418ABF30
0x1418CAA90	CALLEE	0x1418ABF90
0x1418CAA90	CALLEE	0x1418ABFF0
0x1418CAA90	CALLEE	0x1418AC050
0x1418CAA90	CALLEE	0x1418AC0B0
0x1418CAA90	CALLEE	0x1418AC110
0x1418CAA90	CALLEE	0x1418AC170
0x1418CAA90	CALLEE	0x1418AC1D0
0x1418CAA90	CALLEE	0x1418AC230
0x1418CAA90	CALLEE	0x1418AC290
0x1418CAA90	CALLEE	0x1418AC2F0
0x1418CAA90	CALLEE	0x1418AC350
0x1418CAA90	CALLEE	0x1418AC3B0
0x1418CAA90	CALLEE	0x1418AC410
0x1418CAA90	CALLEE	0x1418AC470
0x1418CAA90	CALLEE	0x1418AC4D0
0x1418CAA90	CALLEE	0x1418AC530
0x1418CAA90	CALLEE	0x1418AC590
0x1418CAA90	CALLEE	0x1418AC5F0
0x1418CAA90	CALLEE	0x1418AC650
0x1418CAA90	CALLEE	0x1418AC6B0
0x1418CAA90	CALLEE	0x1418AC710
0x1418CAA90	CALLEE	0x1418AC770
0x1418CAA90	CALLEE	0x1418AC7D0
0x1418CAA90	CALLEE	0x1418AC830
0x1418CAA90	CALLEE	0x1418AC890
0x1418CAA90	CALLEE	0x1418AC8F0
0x1418CAA90	CALLEE	0x1418AC950
0x1418CAA90	CALLEE	0x1418AC9B0
0x1418CAA90	CALLEE	0x1418ACA10
0x1418CAA90	CALLEE	0x1418ACA70
0x1418CAA90	CALLEE	0x1418ACAD0
0x1418CAA90	CALLEE	0x1418ACB30
0x1418CAA90	CALLEE	0x1418ACB90
0x1418CAA90	CALLEE	0x1418ACBF0
0x1418CAA90	CALLEE	0x1418ACC50
0x1418CAA90	CALLEE	0x1418ACCB0
0x1418CAA90	CALLEE	0x1418ACD10
0x1418CAA90	CALLEE	0x1418ACD70
0x1418CAA90	CALLEE	0x1418ACDD0
0x1418CAA90	CALLEE	0x1418ACE30
0x1418CAA90	CALLEE	0x1418ACE90
0x1418CAA90	CALLEE	0x1418ACEF0
0x1418CAA90	CALLEE	0x1418ACF50
0x1418CAA90	CALLEE	0x1418ACFB0
0x1418CAA90	CALLEE	0x1418AD010
0x1418CAA90	CALLEE	0x1418AD070
0x1418CAA90	CALLEE	0x1418AD0D0
0x1418CAA90	CALLEE	0x1418AD130
0x1418CAA90	CALLEE	0x1418AD190
0x1418CAA90	CALLEE	0x1418AD1F0
0x1418CAA90	CALLEE	0x1418AD250
0x1418CAA90	CALLEE	0x1418AD2B0
0x1418CAA90	CALLEE	0x1418AD310
0x1418CAA90	CALLEE	0x1418AD370
0x1418CAA90	CALLEE	0x1418AD3D0
0x1418CAA90	CALLEE	0x1418AD430
0x1418CAA90	CALLEE	0x1418AD490
0x1418CAA90	CALLEE	0x1418AD4F0
0x1418CAA90	CALLEE	0x1418AD550
0x1418CAA90	CALLEE	0x1418AD5B0
0x1418CAA90	CALLEE	0x1418AD610
0x1418CAA90	CALLEE	0x1418AD670
0x1418CAA90	CALLEE	0x1418AD6D0
0x1418CAA90	CALLEE	0x1418AD730
0x1418CAA90	CALLEE	0x1418AD790
0x1418CAA90	CALLEE	0x1418AD7F0
0x1418CAA90	CALLEE	0x1418AD850
0x1418CAA90	CALLEE	0x1418AD8B0
0x1418CAA90	CALLEE	0x1418AD910
0x1418CAA90	CALLEE	0x1418AD970
0x1418CAA90	CALLEE	0x1418AD9D0
0x1418CAA90	CALLEE	0x1418ADA30
0x1418CAA90	CALLEE	0x1418ADA90
0x1418CAA90	CALLEE	0x1418ADAF0
0x1418CAA90	CALLEE	0x1418ADB50
0x1418CAA90	CALLEE	0x1418ADBB0
0x1418CAA90	CALLEE	0x1418ADC10
0x1418CAA90	CALLEE	0x1418ADC70
0x1418CAA90	CALLEE	0x1418ADCD0
0x1418CAA90	CALLEE	0x1418ADD30
0x1418CAA90	CALLEE	0x1418ADD90
0x1418CAA90	CALLEE	0x1418ADDF0
0x1418CAA90	CALLEE	0x1418ADE50
0x1418CAA90	CALLEE	0x1418ADEB0
0x1418CAA90	CALLEE	0x1418ADF10
0x1418CAA90	CALLEE	0x1418ADF70
0x1418CAA90	CALLEE	0x1418ADFD0
0x1418CAA90	CALLEE	0x1418AE030
0x1418CAA90	CALLEE	0x1418AE090
0x1418CAA90	CALLEE	0x1418AE0F0
0x1418CAA90	CALLEE	0x1418AE150
0x1418CAA90	CALLEE	0x1418AE1B0
0x1418CAA90	CALLEE	0x1418AE210
0x1418CAA90	CALLEE	0x1418AE270
0x1418CAA90	CALLEE	0x1418AE2D0
0x1418CAA90	CALLEE	0x1418AE330
0x1418CAA90	CALLEE	0x1418AE390
0x1418CAA90	CALLEE	0x1418AE3F0
0x1418CAA90	CALLEE	0x1418AE450
0x1418CAA90	CALLEE	0x1418AE4B0
0x1418CAA90	CALLEE	0x1418AE510
0x1418CAA90	CALLEE	0x1418AE570
0x1418CAA90	CALLEE	0x1418AE5D0
0x1418CAA90	CALLEE	0x1418AE630
0x1418CAA90	CALLEE	0x1418AE690
0x1418CAA90	CALLEE	0x1418AE6F0
0x1418CAA90	CALLEE	0x1418AE750
0x1418CAA90	CALLEE	0x1418AE7B0
0x1418CAA90	CALLEE	0x1418AE810
0x1418CAA90	CALLEE	0x1418AE870
0x1418CAA90	CALLEE	0x1418AE8D0
0x1418CAA90	CALLEE	0x1418AE930
0x1418CAA90	CALLEE	0x1418AE990
0x1418CAA90	CALLEE	0x1418AE9F0
0x1418CAA90	CALLEE	0x1418AEA50
0x1418CAA90	CALLEE	0x1418AEAB0
0x1418CAA90	CALLEE	0x1418AEB10
0x1418CAA90	CALLEE	0x1418AEB70
0x1418CAA90	CALLEE	0x1418AEBD0
0x1418CAA90	CALLEE	0x1418AEC30
0x1418CAA90	CALLEE	0x1418AEC90
0x1418CAA90	CALLEE	0x1418AECF0
0x1418CAA90	CALLEE	0x1418AED50
0x1418CAA90	CALLEE	0x1418AEDB0
0x1418CAA90	CALLEE	0x1418AEE10
0x1418CAA90	CALLEE	0x1418AEE70
0x1418CAA90	CALLEE	0x1418AEED0
0x1418CAA90	CALLEE	0x1418AEF30
0x1418CAA90	CALLEE	0x1418AEF90
0x1418CAA90	CALLEE	0x1418AEFF0
0x1418CAA90	CALLEE	0x1418AF050
0x1418CAA90	CALLEE	0x1418AF0B0
0x1418CAA90	CALLEE	0x1418AF110
0x1418CAA90	CALLEE	0x1418AF170
0x1418CAA90	CALLEE	0x1418AF1D0
0x1418CAA90	CALLEE	0x1418AF230
0x1418CAA90	CALLEE	0x1418AF290
0x1418CAA90	CALLEE	0x1418AF2F0
0x1418CAA90	CALLEE	0x1418AF350
0x1418CAA90	CALLEE	0x1418AF3B0
0x1418CAA90	CALLEE	0x1418AF410
0x1418CAA90	CALLEE	0x1418AF470
0x1418CAA90	CALLEE	0x1418AF4D0
0x1418CAA90	CALLEE	0x1418AF530
0x1418CAA90	CALLEE	0x1418AF590
0x1418CAA90	CALLEE	0x1418AF5F0
0x1418CAA90	CALLEE	0x1418AF650
0x1418CAA90	CALLEE	0x1418AF6B0
0x1418CAA90	CALLEE	0x1418AF710
0x1418CAA90	CALLEE	0x1418AF770
0x1418CAA90	CALLEE	0x1418AF7D0
0x1418CAA90	CALLEE	0x1418AF830
0x1418CAA90	CALLEE	0x1418AF890
0x1418CAA90	CALLEE	0x1418AF8F0
0x1418CAA90	CALLEE	0x1418AF950
0x1418CAA90	CALLEE	0x1418AF9B0
0x1418CAA90	CALLEE	0x1418AFA10
0x1418CAA90	CALLEE	0x1418AFA70
0x1418CAA90	CALLEE	0x1418AFAD0
0x1418CAA90	CALLEE	0x1418AFB30
0x1418CAA90	CALLEE	0x1418AFB90
0x1418CAA90	CALLEE	0x1418AFBF0
0x1418CAA90	CALLEE	0x1418AFC50
0x1418CAA90	CALLEE	0x1418AFCB0
0x1418CAA90	CALLEE	0x1418AFD10
0x1418CAA90	CALLEE	0x1418AFD70
0x1418CAA90	CALLEE	0x1418AFDD0
0x1418CAA90	CALLEE	0x1418AFE30
0x1418CAA90	CALLEE	0x1418AFE90
0x1418CAA90	CALLEE	0x1418AFEF0
0x1418CAA90	CALLEE	0x1418AFF50
0x1418CAA90	CALLEE	0x1418AFFB0
0x1418CAA90	CALLEE	0x1418B0010
0x1418CAA90	CALLEE	0x1418B0070
0x1418CAA90	CALLEE	0x1418B00D0
0x1418CAA90	CALLEE	0x1418B0130
0x1418CAA90	CALLEE	0x1418B0190
0x1418CAA90	CALLEE	0x1418B01F0
0x1418CAA90	CALLEE	0x1418B0250
0x1418CAA90	CALLEE	0x1418B02B0
0x1418CAA90	CALLEE	0x1418B0310
0x1418CAA90	CALLEE	0x1418B0370
0x1418CAA90	CALLEE	0x1418B03D0
0x1418CAA90	CALLEE	0x1418B0430
0x1418CAA90	CALLEE	0x1418B0490
0x1418CAA90	CALLEE	0x1418B04F0
0x1418CAA90	CALLEE	0x1418B0550
0x1418CAA90	CALLEE	0x1418B05B0
0x1418CAA90	CALLEE	0x1418B0610
0x1418CAA90	CALLEE	0x1418B0670
0x1418CAA90	CALLEE	0x1418B06D0
0x1418CAA90	CALLEE	0x1418B0730
0x1418CAA90	CALLEE	0x1418B0790
0x1418CAA90	CALLEE	0x1418B07F0
0x1418CAA90	CALLEE	0x1418B0850
0x1418CAA90	CALLEE	0x1418B08B0
0x1418CAA90	CALLEE	0x1418B0910
0x1418CAA90	CALLEE	0x1418B0970
0x1418CAA90	CALLEE	0x1418B09D0
0x1418CAA90	CALLEE	0x1418B0A30
0x1418CAA90	CALLEE	0x1418B0A90
0x1418CAA90	CALLEE	0x1418B0AF0
0x1418CAA90	CALLEE	0x1418B0B50
0x1418CAA90	CALLEE	0x1418B0BB0
0x1418CAA90	CALLEE	0x1418B0C10
0x1418CAA90	CALLEE	0x1418B0C70
0x1418CAA90	CALLEE	0x1418B0CD0
0x1418CAA90	CALLEE	0x1418B0D30
0x1418CAA90	CALLEE	0x1418B0D90
0x1418CAA90	CALLEE	0x1418B0DF0
0x1418CAA90	CALLEE	0x1418B0E50
0x1418CAA90	CALLEE	0x1418B0EB0
0x1418CAA90	CALLEE	0x1418B0F10
0x1418CAA90	CALLEE	0x1418B0F70
0x1418CAA90	CALLEE	0x1418B0FD0
0x1418CAA90	CALLEE	0x1418B1030
0x1418CAA90	CALLEE	0x1418B1090
0x1418CAA90	CALLEE	0x1418B10F0
0x1418CAA90	CALLEE	0x1418B1150
0x1418CAA90	CALLEE	0x1418B11B0
0x1418CAA90	CALLEE	0x1418B1210
0x1418CAA90	CALLEE	0x1418B1270
0x1418CAA90	CALLEE	0x1418B12D0
0x1418CAA90	CALLEE	0x1418B1330
0x1418CAA90	CALLEE	0x1418B1390
0x1418CAA90	CALLEE	0x1418B13F0
0x1418CAA90	CALLEE	0x1418B1450
0x1418CAA90	CALLEE	0x1418B14B0
0x1418CAA90	CALLEE	0x1418B1510
0x1418CAA90	CALLEE	0x1418B1570
0x1418CAA90	CALLEE	0x1418B15D0
0x1418CAA90	CALLEE	0x1418B1630
0x1418CAA90	CALLEE	0x1418B1690
0x1418CAA90	CALLEE	0x1418B16F0
0x1418CAA90	CALLEE	0x1418B1750
0x1418CAA90	CALLEE	0x1418B17B0
0x1418CAA90	CALLEE	0x1418B1810
0x1418CAA90	CALLEE	0x1418B1870
0x1418CAA90	CALLEE	0x1418B18D0
0x1418CAA90	CALLEE	0x1418B1930
0x1418CAA90	CALLEE	0x1418B1990
0x1418CAA90	CALLEE	0x1418B19F0
0x1418CAA90	CALLEE	0x1418B1A50
0x1418CAA90	CALLEE	0x1418B1AB0
0x1418CAA90	CALLEE	0x1418B1B10
0x1418CAA90	CALLEE	0x1418B1B70
0x1418CAA90	CALLEE	0x1418B1BD0
0x1418CAA90	CALLEE	0x1418B1C30
0x1418CAA90	CALLEE	0x1418B1C90
0x1418CAA90	CALLEE	0x1418B1CF0
0x1418CAA90	CALLEE	0x1418B1D50
0x1418CAA90	CALLEE	0x1418B1DB0
0x1418CAA90	CALLEE	0x1418B1E10
0x1418CAA90	CALLEE	0x1418B1E70
0x1418CAA90	CALLEE	0x1418B1ED0
0x1418CAA90	CALLEE	0x1418B1F30
0x1418CAA90	CALLEE	0x1418B1F90
0x1418CAA90	CALLEE	0x1418B1FF0
0x1418CAA90	CALLEE	0x1418B2050
0x1418CAA90	CALLEE	0x1418B20B0
0x1418CAA90	CALLEE	0x1418B2110
0x1418CAA90	CALLEE	0x1418B2170
0x1418CAA90	CALLEE	0x1418B21D0
0x1418CAA90	CALLEE	0x1418B2230
0x1418CAA90	CALLEE	0x1418B2290
0x1418CAA90	CALLEE	0x1418B22F0
0x1418CAA90	CALLEE	0x1418B2350
0x1418CAA90	CALLEE	0x1418B23B0
0x1418CAA90	CALLEE	0x1418B2410
0x1418CAA90	CALLEE	0x1418B2470
0x1418CAA90	CALLEE	0x1418B24D0
0x1418CAA90	CALLEE	0x1418B2530
0x1418CAA90	CALLEE	0x1418B2590
0x1418CAA90	CALLEE	0x1418B25F0
0x1418CAA90	CALLEE	0x1418B2650
0x1418CAA90	CALLEE	0x1418B26B0
0x1418CAA90	CALLEE	0x1418B2710
0x1418CAA90	CALLEE	0x1418B2770
0x1418CAA90	CALLEE	0x1418B27D0
0x1418CAA90	CALLEE	0x1418B2830
0x1418CAA90	CALLEE	0x1418B2890
0x1418CAA90	CALLEE	0x1418B28F0
0x1418CAA90	CALLEE	0x1418B2950
0x1418CAA90	CALLEE	0x1418B29B0
0x1418CAA90	CALLEE	0x1418B2A10
0x1418CAA90	CALLEE	0x1418B2A70
0x1418CAA90	CALLEE	0x1418B2AD0
0x1418CAA90	CALLEE	0x1418B2B30
0x1418CAA90	CALLEE	0x1418B2B90
0x1418CAA90	CALLEE	0x1418B2BF0
0x1418CAA90	CALLEE	0x1418B2C50
0x1418CAA90	CALLEE	0x1418B2CB0
0x1418CAA90	CALLEE	0x1418B2D10
0x1418CAA90	CALLEE	0x1418B2D70
0x1418CAA90	CALLEE	0x1418B2DD0
0x1418CAA90	CALLEE	0x1418B2E30
0x1418CAA90	CALLEE	0x1418B2E90
0x1418CAA90	CALLEE	0x1418B2EF0
0x1418CAA90	CALLEE	0x1418B2F50
0x1418CAA90	CALLEE	0x1418B2FB0
0x1418CAA90	CALLEE	0x1418B3010
0x1418CAA90	CALLEE	0x1418B3070
0x1418CAA90	CALLEE	0x1418B30D0
0x1418CAA90	CALLEE	0x1418B3130
0x1418CAA90	CALLEE	0x1418B3190
0x1418CAA90	CALLEE	0x1418B31F0
0x1418CAA90	CALLEE	0x1418B3250
0x1418CAA90	CALLEE	0x1418B32B0
0x1418CAA90	CALLEE	0x1418B3310
0x1418CAA90	CALLEE	0x1418B3370
0x1418CAA90	CALLEE	0x1418B33D0
0x1418CAA90	CALLEE	0x1418B3430
0x1418CAA90	CALLEE	0x1418B3490
0x1418CAA90	CALLEE	0x1418B34F0
0x1418CAA90	CALLEE	0x1418B3550
0x1418CAA90	CALLEE	0x1418B35B0
0x1418CAA90	CALLEE	0x1418B3610
0x1418CAA90	CALLEE	0x1418B3670
0x1418CAA90	CALLEE	0x1418B36D0
0x1418CAA90	CALLEE	0x1418B3730
0x1418CAA90	CALLEE	0x1418B3790
0x1418CAA90	CALLEE	0x1418B37F0
0x1418CAA90	CALLEE	0x1418B3850
0x1418CAA90	CALLEE	0x1418B38B0
0x1418CAA90	CALLEE	0x1418B3910
0x1418CAA90	CALLEE	0x1418B3970
0x1418CAA90	CALLEE	0x1418B39D0
0x1418CAA90	CALLEE	0x1418B3A30
0x1418CAA90	CALLEE	0x1418B3A90
0x1418CAA90	CALLEE	0x1418B3AF0
0x1418CAA90	CALLEE	0x1418B3B50
0x1418CAA90	CALLEE	0x1418B3BB0
0x1418CAA90	CALLEE	0x1418B3C10
0x1418CAA90	CALLEE	0x1418B3C70
0x1418CAA90	CALLEE	0x1418B3CD0
0x1418CAA90	CALLEE	0x1418B3D30
0x1418CAA90	CALLEE	0x1418B3D90
0x1418CAA90	CALLEE	0x1418B3DF0
0x1418CAA90	CALLEE	0x1418B3E50
0x1418CAA90	CALLEE	0x1418B3EB0
0x1418CAA90	CALLEE	0x1418B3F10
0x1418CAA90	CALLEE	0x1418B3F70
0x1418CAA90	CALLEE	0x1418B3FD0
0x1418CAA90	CALLEE	0x1418B4030
0x1418CAA90	CALLEE	0x1418B4090
0x1418CAA90	CALLEE	0x1418B40F0
0x1418CAA90	CALLEE	0x1418B4150
0x1418CAA90	CALLEE	0x1418B41B0
0x1418CAA90	CALLEE	0x1418B4210
0x1418CAA90	CALLEE	0x1418B4270
0x1418CAA90	CALLEE	0x1418B42D0
0x1418CAA90	CALLEE	0x1418B4330
0x1418CAA90	CALLEE	0x1418B4390
0x1418CAA90	CALLEE	0x1418B43F0
0x1418CAA90	CALLEE	0x1418B4450
0x1418CAA90	CALLEE	0x1418B44B0
0x1418CAA90	CALLEE	0x1418B4510
0x1418CAA90	CALLEE	0x1418B4570
0x1418CAA90	CALLEE	0x1418B45D0
0x1418CAA90	CALLEE	0x1418B4630
0x1418CAA90	CALLEE	0x1418B4690
0x1418CAA90	CALLEE	0x1418B46F0
0x1418CAA90	CALLEE	0x1418B4750
0x1418CAA90	CALLEE	0x1418B47B0
0x1418CAA90	CALLEE	0x1418B4810
0x1418CAA90	CALLEE	0x1418B4870
0x1418CAA90	CALLEE	0x1418B48D0
0x1418CAA90	CALLEE	0x1418B4930
0x1418CAA90	CALLEE	0x1418B4990
0x1418CAA90	CALLEE	0x1418B49F0
0x1418CAA90	CALLEE	0x1418B4A50
0x1418CAA90	CALLEE	0x1418B4AB0
0x1418CAA90	CALLEE	0x1418B4B10
0x1418CAA90	CALLEE	0x1418B4B70
0x1418CAA90	CALLEE	0x1418B4BD0
0x1418CAA90	CALLEE	0x1418B4C30
0x1418CAA90	CALLEE	0x1418B4C90
0x1418CAA90	CALLEE	0x1418B4CF0
0x1418CAA90	CALLEE	0x1418B4D50
0x1418CAA90	CALLEE	0x1418B4DB0
0x1418CAA90	CALLEE	0x1418B4E10
0x1418CAA90	CALLEE	0x1418B4E70
0x1418CAA90	CALLEE	0x1418B4ED0
0x1418CAA90	CALLEE	0x1418B4F30
0x1418CAA90	CALLEE	0x1418B4F90
0x1418CAA90	CALLEE	0x1418B4FF0
0x1418CAA90	CALLEE	0x1418B5050
0x1418CAA90	CALLEE	0x1418B50B0
0x1418CAA90	CALLEE	0x1418B5110
0x1418CAA90	CALLEE	0x1418B5170
0x1418CAA90	CALLEE	0x1418B51D0
0x1418CAA90	CALLEE	0x1418B5230
0x1418CAA90	CALLEE	0x1418B5290
0x1418CAA90	CALLEE	0x1418B52F0
0x1418CAA90	CALLEE	0x1418B5350
0x1418CAA90	CALLEE	0x1418B53B0
0x1418CAA90	CALLEE	0x1418B5410
0x1418CAA90	CALLEE	0x1418B5470
0x1418CAA90	CALLEE	0x1418B54D0
0x1418CAA90	CALLEE	0x1418B5530
0x1418CAA90	CALLEE	0x1418B5590
0x1418CAA90	CALLEE	0x1418B55F0
0x1418CAA90	CALLEE	0x1418B5650
0x1418CAA90	CALLEE	0x1418B56B0
0x1418CAA90	CALLEE	0x1418B5710
0x1418CAA90	CALLEE	0x1418B5770
0x1418CAA90	CALLEE	0x1418B57D0
0x1418CAA90	CALLEE	0x1418B5830
0x1418CAA90	CALLEE	0x1418B5890
0x1418CAA90	CALLEE	0x1418B58F0
0x1418CAA90	CALLEE	0x1418B5950
0x1418CAA90	CALLEE	0x1418B59B0
0x1418CAA90	CALLEE	0x1418B5A10
0x1418CAA90	CALLEE	0x1418B5A70
0x1418CAA90	CALLEE	0x1418B5AD0
0x1418CAA90	CALLEE	0x1418B5B30
0x1418CAA90	CALLEE	0x1418B5B90
0x1418CAA90	CALLEE	0x1418B5BF0
0x1418CAA90	CALLEE	0x1418B5C50
0x1418CAA90	CALLEE	0x1418B5CB0
0x1418CAA90	CALLEE	0x1418B5D10
0x1418CAA90	CALLEE	0x1418B5D70
0x1418CAA90	CALLEE	0x1418B5DD0
0x1418CAA90	CALLEE	0x1418B5E30
0x1418CAA90	CALLEE	0x1418B5E90
0x1418CAA90	CALLEE	0x1418B5EF0
0x1418CAA90	CALLEE	0x1418B5F50
0x1418CAA90	CALLEE	0x1418B5FB0
0x1418CAA90	CALLEE	0x1418B6010
0x1418CAA90	CALLEE	0x1418B6070
0x1418CAA90	CALLEE	0x1418B60D0
0x1418CAA90	CALLEE	0x1418B6130
0x1418CAA90	CALLEE	0x1418B6190
0x1418CAA90	CALLEE	0x1418B61F0
0x1418CAA90	CALLEE	0x1418B6250
0x1418CAA90	CALLEE	0x1418B62B0
0x1418CAA90	CALLEE	0x1418B6310
0x1418CAA90	CALLEE	0x1418B6370
0x1418CAA90	CALLEE	0x1418B63D0
0x1418CAA90	CALLEE	0x1418B6430
0x1418CAA90	CALLEE	0x1418B6490
0x1418CAA90	CALLEE	0x1418B64F0
0x1418CAA90	CALLEE	0x1418B6550
0x1418CAA90	CALLEE	0x1418B65B0
0x1418CAA90	CALLEE	0x1418B6610
0x1418CAA90	CALLEE	0x1418B6670
0x1418CAA90	CALLEE	0x1418B66D0
0x1418CAA90	CALLEE	0x1418B6730
0x1418CAA90	CALLEE	0x1418B6790
0x1418CAA90	CALLEE	0x1418B67F0
0x1418CAA90	CALLEE	0x1418B6850
0x1418CAA90	CALLEE	0x1418B68B0
0x1418CAA90	CALLEE	0x1418B6910
0x1418CAA90	CALLEE	0x1418B6970
0x1418CAA90	CALLEE	0x1418B69D0
0x1418CAA90	CALLEE	0x1418B6A30
0x1418CAA90	CALLEE	0x1418B6A90
0x1418CAA90	CALLEE	0x1418B6AF0
0x1418CAA90	CALLEE	0x1418B6B50
0x1418CAA90	CALLEE	0x1418B6BB0
0x1418CAA90	CALLEE	0x1418B6C10
0x1418CAA90	CALLEE	0x1418B6C70
0x1418CAA90	CALLEE	0x1418B6CD0
0x1418CAA90	CALLEE	0x1418B6D30
0x1418CAA90	CALLEE	0x1418B6D90
0x1418CAA90	CALLEE	0x1418B6DF0
0x1418CAA90	CALLEE	0x1418B6E50
0x1418CAA90	CALLEE	0x1418B6EB0
0x1418CAA90	CALLEE	0x1418B6F10
0x1418CAA90	CALLEE	0x1418B6F70
0x1418CAA90	CALLEE	0x1418B6FD0
0x1418CAA90	CALLEE	0x1418B7030
0x1418CAA90	CALLEE	0x1418B7090
0x1418CAA90	CALLEE	0x1418B70F0
0x1418CAA90	CALLEE	0x1418B7150
0x1418CAA90	CALLEE	0x1418B71B0
0x1418CAA90	CALLEE	0x1418B7210
0x1418CAA90	CALLEE	0x1418B7270
0x1418CAA90	CALLEE	0x1418B72D0
0x1418CAA90	CALLEE	0x1418B7330
0x1418CAA90	CALLEE	0x1418B7390
0x1418CAA90	CALLEE	0x1418B73F0
0x1418CAA90	CALLEE	0x1418B7450
0x1418CAA90	CALLEE	0x1418B74B0
0x1418CAA90	CALLEE	0x1418B7510
0x1418CAA90	CALLEE	0x1418B7570
0x1418CAA90	CALLEE	0x1418B75D0
0x1418CAA90	CALLEE	0x1418B7630
0x1418CAA90	CALLEE	0x1418B7690
0x1418CAA90	CALLEE	0x1418B76F0
0x1418CAA90	CALLEE	0x1418B7750
0x1418CAA90	CALLEE	0x1418B77B0
0x1418CAA90	CALLEE	0x1418B7810
0x1418CAA90	CALLEE	0x1418B7870
0x1418CAA90	CALLEE	0x1418B78D0
0x1418CAA90	CALLEE	0x1418B7930
0x1418CAA90	CALLEE	0x1418B7990
0x1418CAA90	CALLEE	0x1418B79F0
0x1418CAA90	CALLEE	0x1418B7A50
0x1418CAA90	CALLEE	0x1418B7AB0
0x1418CAA90	CALLEE	0x1418B7B10
0x1418CAA90	CALLEE	0x1418B7B70
0x1418CAA90	CALLEE	0x1418B7BD0
0x1418CAA90	CALLEE	0x1418B7C30
0x1418CAA90	CALLEE	0x1418B7C90
0x1418CAA90	CALLEE	0x1418B7CF0
0x1418CAA90	CALLEE	0x1418B7D50
0x1418CAA90	CALLEE	0x1418B7DB0
0x1418CAA90	CALLEE	0x1418B7E10
0x1418CAA90	CALLEE	0x1418B7E70
0x1418CAA90	CALLEE	0x1418B7ED0
0x1418CAA90	CALLEE	0x1418B7F30
0x1418CAA90	CALLEE	0x1418B7F90
0x1418CAA90	CALLEE	0x1418B7FF0
0x1418CAA90	CALLEE	0x1418B8050
0x1418CAA90	CALLEE	0x1418B80B0
0x1418CAA90	CALLEE	0x1418B8110
0x1418CAA90	CALLEE	0x1418B8170
0x1418CAA90	CALLEE	0x1418B81D0
0x1418CAA90	CALLEE	0x1418B8230
0x1418CAA90	CALLEE	0x1418B8290
0x1418CAA90	CALLEE	0x1418B82F0
0x1418CAA90	CALLEE	0x1418B8350
0x1418CAA90	CALLEE	0x1418B83B0
0x1418CAA90	CALLEE	0x1418B8410
0x1418CAA90	CALLEE	0x1418B8470
0x1418CAA90	CALLEE	0x1418B84D0
0x1418CAA90	CALLEE	0x1418B8530
0x1418CAA90	CALLEE	0x1418B8590
0x1418CAA90	CALLEE	0x1418B85F0
0x1418CAA90	CALLEE	0x1418B8650
0x1418CAA90	CALLEE	0x1418B86B0
0x1418CAA90	CALLEE	0x1418B8710
0x1418CAA90	CALLEE	0x1418B8770
0x1418CAA90	CALLEE	0x1418B87D0
0x1418CAA90	CALLEE	0x1418B8830
0x1418CAA90	CALLEE	0x1418B8890
0x1418CAA90	CALLEE	0x1418B88F0
0x1418CAA90	CALLEE	0x1418B8950
0x1418CAA90	CALLEE	0x1418B89B0
0x1418CAA90	CALLEE	0x1418B8A10
0x1418CAA90	CALLEE	0x1418B8A70
0x1418CAA90	CALLEE	0x1418B8AD0
0x1418CAA90	CALLEE	0x1418B8B30
0x1418CAA90	CALLEE	0x1418B8B90
0x1418CAA90	CALLEE	0x1418B8BF0
0x1418CAA90	CALLEE	0x1418B8C50
0x1418CAA90	CALLEE	0x1418B8CB0
0x1418CAA90	CALLEE	0x1418B8D10
0x1418CAA90	CALLEE	0x1418B8D70
0x1418CAA90	CALLEE	0x1418B8DD0
0x1418CAA90	CALLEE	0x1418B8E30
0x1418CAA90	CALLEE	0x1418B8E90
0x1418CAA90	CALLEE	0x1418B8EF0
0x1418CAA90	CALLEE	0x1418B8F50
0x1418CAA90	CALLEE	0x1418B8FB0
0x1418CAA90	CALLEE	0x1418B9010
0x1418CAA90	CALLEE	0x1418B9070
0x1418CAA90	CALLEE	0x1418B90D0
0x1418CAA90	CALLEE	0x1418B9130
0x1418CAA90	CALLEE	0x1418B9190
0x1418CAA90	CALLEE	0x1418B91F0
0x1418CAA90	CALLEE	0x1418B9250
0x1418CAA90	CALLEE	0x1418B92B0
0x1418CAA90	CALLEE	0x1418B9310
0x1418CAA90	CALLEE	0x1418B9370
0x1418CAA90	CALLEE	0x1418B93D0
0x1418CAA90	CALLEE	0x1418B9430
0x1418CAA90	CALLEE	0x1418B9490
0x1418CAA90	CALLEE	0x1418B94F0
0x1418CAA90	CALLEE	0x1418B9550
0x1418CAA90	CALLEE	0x1418B95B0
0x1418CAA90	CALLEE	0x1418B9610
0x1418CAA90	CALLEE	0x1418B9670
0x1418CAA90	CALLEE	0x1418B96D0
0x1418CAA90	CALLEE	0x1418B9730
0x1418CAA90	CALLEE	0x1418B9790
0x1418CAA90	CALLEE	0x1418B97F0
0x1418CAA90	CALLEE	0x1418B9850
0x1418CAA90	CALLEE	0x1418B98B0
0x1418CAA90	CALLEE	0x1418B9910
0x1418CAA90	CALLEE	0x1418B9970
0x1418CAA90	CALLEE	0x1418B99D0
0x1418CAA90	CALLEE	0x1418B9A30
0x1418CAA90	CALLEE	0x1418B9A90
0x1418CAA90	CALLEE	0x1418B9AF0
0x1418CAA90	CALLEE	0x1418B9B50
0x1418CAA90	CALLEE	0x1418B9BB0
0x1418CAA90	CALLEE	0x1418B9C10
0x1418CAA90	CALLEE	0x1418B9C70
0x1418CAA90	CALLEE	0x1418B9CD0
0x1418CAA90	CALLEE	0x1418B9D30
0x1418CAA90	CALLEE	0x1418B9D90
0x1418CAA90	CALLEE	0x1418B9DF0
0x1418CAA90	CALLEE	0x1418B9E50
0x1418CAA90	CALLEE	0x1418B9EB0
0x1418CAA90	CALLEE	0x1418B9F10
0x1418CAA90	CALLEE	0x1418B9F70
0x1418CAA90	CALLEE	0x1418B9FD0
0x1418CAA90	CALLEE	0x1418BA030
0x1418CAA90	CALLEE	0x1418BA090
0x1418CAA90	CALLEE	0x1418BA0F0
0x1418CAA90	CALLEE	0x1418BA150
0x1418CAA90	CALLEE	0x1418BA1B0
0x1418CAA90	CALLEE	0x1418BA210
0x1418CAA90	CALLEE	0x1418BA270
0x1418CAA90	CALLEE	0x1418BA2D0
0x1418CAA90	CALLEE	0x1418BA330
0x1418CAA90	CALLEE	0x1418BA390
0x1418CAA90	CALLEE	0x1418BA3F0
0x1418CAA90	CALLEE	0x1418BA450
0x1418CAA90	CALLEE	0x1418BA4B0
0x1418CAA90	CALLEE	0x1418BA510
0x1418CAA90	CALLEE	0x1418BA570
0x1418CAA90	CALLEE	0x1418BA5D0
0x1418CAA90	CALLEE	0x1418BA630
0x1418CAA90	CALLEE	0x1418BA690
0x1418CAA90	CALLEE	0x1418BA6F0
0x1418CAA90	CALLEE	0x1418BA750
0x1418CAA90	CALLEE	0x1418BA7B0
0x1418CAA90	CALLEE	0x1418BA810
0x1418CAA90	CALLEE	0x1418BA870
0x1418CAA90	CALLEE	0x1418BA8D0
0x1418CAA90	CALLEE	0x1418BA930
0x1418CAA90	CALLEE	0x1418BA990
0x1418CAA90	CALLEE	0x1418BA9F0
0x1418CAA90	CALLEE	0x1418BAA50
0x1418CAA90	CALLEE	0x1418BAAB0
0x1418CAA90	CALLEE	0x1418BAB10
0x1418CAA90	CALLEE	0x1418BAB70
0x1418CAA90	CALLEE	0x1418BABD0
0x1418CAA90	CALLEE	0x1418BAC30
0x1418CAA90	CALLEE	0x1418BAC90
0x1418CAA90	CALLEE	0x1418BACF0
0x1418CAA90	CALLEE	0x1418BAD50
0x1418CAA90	CALLEE	0x1418BADB0
0x1418CAA90	CALLEE	0x1418BAE10
0x1418CAA90	CALLEE	0x1418BAE70
0x1418CAA90	CALLEE	0x1418BAED0
0x1418CAA90	CALLEE	0x1418BAF30
0x1418CAA90	CALLEE	0x1418BAF90
0x1418CAA90	CALLEE	0x1418BAFF0
0x1418CAA90	CALLEE	0x1418BB050
0x1418CAA90	CALLEE	0x1418BB0B0
0x1418CAA90	CALLEE	0x1418BB110
0x1418CAA90	CALLEE	0x1418BB170
0x1418CAA90	CALLEE	0x1418BB1D0
0x1418CAA90	CALLEE	0x1418BB230
0x1418CAA90	CALLEE	0x1418BB290
0x1418CAA90	CALLEE	0x1418BB2F0
0x1418CAA90	CALLEE	0x1418BB350
0x1418CAA90	CALLEE	0x1418BB3B0
0x1418CAA90	CALLEE	0x1418BB410
0x1418CAA90	CALLEE	0x1418BB470
0x1418CAA90	CALLEE	0x1418BB4D0
0x1418CAA90	CALLEE	0x1418BB530
0x1418CAA90	CALLEE	0x1418BB590
0x1418CAA90	CALLEE	0x1418BB5F0
0x1418CAA90	CALLEE	0x1418BB650
0x1418CAA90	CALLEE	0x1418BB6B0
0x1418CAA90	CALLEE	0x1418BB710
0x1418CAA90	CALLEE	0x1418BB770
0x1418CAA90	CALLEE	0x1418BB7D0
0x1418CAA90	CALLEE	0x1418BB830
0x1418CAA90	CALLEE	0x1418BB890
0x1418CAA90	CALLEE	0x1418BB8F0
0x1418CAA90	CALLEE	0x1418BB950
0x1418CAA90	CALLEE	0x1418BB9B0
0x1418CAA90	CALLEE	0x1418BBA10
0x1418CAA90	CALLEE	0x1418BBA70
0x1418CAA90	CALLEE	0x1418BBAD0
0x1418CAA90	CALLEE	0x1418BBB30
0x1418CAA90	CALLEE	0x1418BBB90
0x1418CAA90	CALLEE	0x1418BBBF0
0x1418CAA90	CALLEE	0x1418BBC50
0x1418CAA90	CALLEE	0x1418BBCB0
0x1418CAA90	CALLEE	0x1418BBD10
0x1418CAA90	CALLEE	0x1418BBD70
0x1418CAA90	CALLEE	0x1418BBDD0
0x1418CAA90	CALLEE	0x1418BBE30
0x1418CAA90	CALLEE	0x1418BBE90
0x1418CAA90	CALLEE	0x1418BBEF0
0x1418CAA90	CALLEE	0x1418BBF50
0x1418CAA90	CALLEE	0x1418BBFB0
0x1418CAA90	CALLEE	0x1418BC010
0x1418CAA90	CALLEE	0x1418BC070
0x1418CAA90	CALLEE	0x1418BC0D0
0x1418CAA90	CALLEE	0x1418BC130
0x1418CAA90	CALLEE	0x1418BC190
0x1418CAA90	CALLEE	0x1418BC1F0
0x1418CAA90	CALLEE	0x1418BC250
0x1418CAA90	CALLEE	0x1418BC2B0
0x1418CAA90	CALLEE	0x1418BC310
0x1418CAA90	CALLEE	0x1418BC370
0x1418CAA90	CALLEE	0x1418BC3D0
0x1418CAA90	CALLEE	0x1418BC430
0x1418CAA90	CALLEE	0x1418BC490
0x1418CAA90	CALLEE	0x1418BC4F0
0x1418CAA90	CALLEE	0x1418BC550
0x1418CAA90	CALLEE	0x1418BC5B0
0x1418CAA90	CALLEE	0x1418BC610
0x1418CAA90	CALLEE	0x1418BC670
0x1418CAA90	CALLEE	0x1418BC6D0
0x1418CAA90	CALLEE	0x1418BC730
0x1418CAA90	CALLEE	0x1418BC790
0x1418CAA90	CALLEE	0x1418BC7F0
0x1418CAA90	CALLEE	0x1418BC850
0x1418CAA90	CALLEE	0x1418BC8B0
0x1418CAA90	CALLEE	0x1418BC910
0x1418CAA90	CALLEE	0x1418BC970
0x1418CAA90	CALLEE	0x1418BC9D0
0x1418CAA90	CALLEE	0x1418BCA30
0x1418CAA90	CALLEE	0x1418BCA90
0x1418CAA90	CALLEE	0x1418BCAF0
0x1418CAA90	CALLEE	0x1418BCB50
0x1418CAA90	CALLEE	0x1418BCBB0
0x1418CAA90	CALLEE	0x1418BCC10
0x1418CAA90	CALLEE	0x1418BCC70
0x1418CAA90	CALLEE	0x1418BCCD0
0x1418CAA90	CALLEE	0x1418BCD30
0x1418CAA90	CALLEE	0x1418BCD90
0x1418CAA90	CALLEE	0x1418BCDF0
0x1418CAA90	CALLEE	0x1418BCE50
0x1418CAA90	CALLEE	0x1418BCEB0
0x1418CAA90	CALLEE	0x1418BCF10
0x1418CAA90	CALLEE	0x1418BCF70
0x1418CAA90	CALLEE	0x1418BCFD0
0x1418CAA90	CALLEE	0x1418BD030
0x1418CAA90	CALLEE	0x1418BD090
0x1418CAA90	CALLEE	0x1418BD0F0
0x1418CAA90	CALLEE	0x1418BD150
0x1418CAA90	CALLEE	0x1418BD1B0
0x1418CAA90	CALLEE	0x1418BD210
0x1418CAA90	CALLEE	0x1418BD270
0x1418CAA90	CALLEE	0x1418BD2D0
0x1418CAA90	CALLEE	0x1418BD330
0x1418CAA90	CALLEE	0x1418BD390
0x1418CAA90	CALLEE	0x1418BD3F0
0x1418CAA90	CALLEE	0x1418BD450
0x1418CAA90	CALLEE	0x1418BD4B0
0x1418CAA90	CALLEE	0x1418BD510
0x1418CAA90	CALLEE	0x1418BD570
0x1418CAA90	CALLEE	0x1418BD5D0
0x1418CAA90	CALLEE	0x1418BD630
0x1418CAA90	CALLEE	0x1418BD690
0x1418CAA90	CALLEE	0x1418BD6F0
0x1418CAA90	CALLEE	0x1418BD750
0x1418CAA90	CALLEE	0x1418BD7B0
0x1418CAA90	CALLEE	0x1418BD810
0x1418CAA90	CALLEE	0x1418BD870
0x1418CAA90	CALLEE	0x1418BD8D0
0x1418CAA90	CALLEE	0x1418BD930
0x1418CAA90	CALLEE	0x1418BD990
0x1418CAA90	CALLEE	0x1418BD9F0
0x1418CAA90	CALLEE	0x1418BDA50
0x1418CAA90	CALLEE	0x1418BDAB0
0x1418CAA90	CALLEE	0x1418BDB10
0x1418CAA90	CALLEE	0x1418BDB70
0x1418CAA90	CALLEE	0x1418BDBD0
0x1418CAA90	CALLEE	0x1418BDC30
0x1418CAA90	CALLEE	0x1418BDC90
0x1418CAA90	CALLEE	0x1418BDCF0
0x1418CAA90	CALLEE	0x1418BDD50
0x1418CAA90	CALLEE	0x1418BDDB0
0x1418CAA90	CALLEE	0x1418BDE10
0x1418CAA90	CALLEE	0x1418BDE70
0x1418CAA90	CALLEE	0x1418BDED0
0x1418CAA90	CALLEE	0x1418BDF30
0x1418CAA90	CALLEE	0x1418BDF90
0x1418CAA90	CALLEE	0x1418BDFF0
0x1418CAA90	CALLEE	0x1418BE050
0x1418CAA90	CALLEE	0x1418BE0B0
0x1418CAA90	CALLEE	0x1418BE110
0x1418CAA90	CALLEE	0x1418BE170
0x1418CAA90	CALLEE	0x1418BE1D0
0x1418CAA90	CALLEE	0x1418BE230
0x1418CAA90	CALLEE	0x1418BE290
0x1418CAA90	CALLEE	0x1418BE2F0
0x1418CAA90	CALLEE	0x1418BE350
0x1418CAA90	CALLEE	0x1418BE3B0
0x1418CAA90	CALLEE	0x1418BE410
0x1418CAA90	CALLEE	0x1418BE470
0x1418CAA90	CALLEE	0x1418BE4D0
0x1418CAA90	CALLEE	0x1418BE530
0x1418CAA90	CALLEE	0x1418BE590
0x1418CAA90	CALLEE	0x1418BE5F0
0x1418CAA90	CALLEE	0x1418BE650
0x1418CAA90	CALLEE	0x1418BE6B0
0x1418CAA90	CALLEE	0x1418BE710
0x1418CAA90	CALLEE	0x1418BE770
0x1418CAA90	CALLEE	0x1418BE7D0
0x1418CAA90	CALLEE	0x1418BE830
0x1418CAA90	CALLEE	0x1418BE890
0x1418CAA90	CALLEE	0x1418BE8F0
0x1418CAA90	CALLEE	0x1418BE950
0x1418CAA90	CALLEE	0x1418BE9B0
0x1418CAA90	CALLEE	0x1418BEA10
0x1418CAA90	CALLEE	0x1418BEA70
0x1418CAA90	CALLEE	0x1418BEAD0
0x1418CAA90	CALLEE	0x1418BEB30
0x1418CAA90	CALLEE	0x1418BEB90
0x1418CAA90	CALLEE	0x1418BEBF0
0x1418CAA90	CALLEE	0x1418BEC50
0x1418CAA90	CALLEE	0x1418BECB0
0x1418CAA90	CALLEE	0x1418BED10
0x1418CAA90	CALLEE	0x1418BED70
0x1418CAA90	CALLEE	0x1418BEDD0
0x1418CAA90	CALLEE	0x1418BEE30
0x1418CAA90	CALLEE	0x1418BEE90
0x1418CAA90	CALLEE	0x1418BEEF0
0x1418CAA90	CALLEE	0x1418BEF50
0x1418CAA90	CALLEE	0x1418BEFB0
0x1418CAA90	CALLEE	0x1418BF010
0x1418CAA90	CALLEE	0x1418BF070
0x1418CAA90	CALLEE	0x1418BF0D0
0x1418CAA90	CALLEE	0x1418BF130
0x1418CAA90	CALLEE	0x1418BF190
0x1418CAA90	CALLEE	0x1418BF1F0
0x1418CAA90	CALLEE	0x1418BF250
0x1418CAA90	CALLEE	0x1418BF2B0
0x1418CAA90	CALLEE	0x1418BF310
0x1418CAA90	CALLEE	0x1418BF370
0x1418CAA90	CALLEE	0x1418BF3D0
0x1418CAA90	CALLEE	0x1418BF430
0x1418CAA90	CALLEE	0x1418BF490
0x1418CAA90	CALLEE	0x1418BF4F0
0x1418CAA90	CALLEE	0x1418BF550
0x1418CAA90	CALLEE	0x1418BF5B0
0x1418CAA90	CALLEE	0x1418BF610
0x1418CAA90	CALLEE	0x1418BF670
0x1418CAA90	CALLEE	0x1418BF6D0
0x1418CAA90	CALLEE	0x1418BF730
0x1418CAA90	CALLEE	0x1418BF790
0x1418CAA90	CALLEE	0x1418BF7F0
0x1418CAA90	CALLEE	0x1418BF850
0x1418CAA90	CALLEE	0x1418BF8B0
0x1418CAA90	CALLEE	0x1418BF910
0x1418CAA90	CALLEE	0x1418BF970
0x1418CAA90	CALLEE	0x1418BF9D0
0x1418CAA90	CALLEE	0x1418BFA30
0x1418CAA90	CALLEE	0x1418BFA90
0x1418CAA90	CALLEE	0x1418BFAF0
0x1418CAA90	CALLEE	0x1418BFB50
0x1418CAA90	CALLEE	0x1418BFBB0
0x1418CAA90	CALLEE	0x1418BFC10
0x1418CAA90	CALLEE	0x1418BFC70
0x1418CAA90	CALLEE	0x1418BFCD0
0x1418CAA90	CALLEE	0x1418BFD30
0x1418CAA90	CALLEE	0x1418BFD90
0x1418CAA90	CALLEE	0x1418BFDF0
0x1418CAA90	CALLEE	0x1418BFE50
0x1418CAA90	CALLEE	0x1418BFEB0
0x1418CAA90	CALLEE	0x1418BFF10
0x1418CAA90	CALLEE	0x1418BFF70
0x1418CAA90	CALLEE	0x1418BFFD0
0x1418CAA90	CALLEE	0x1418C0030
0x1418CAA90	CALLEE	0x1418C0090
0x1418CAA90	CALLEE	0x1418C00F0
0x1418CAA90	CALLEE	0x1418C0150
0x1418CAA90	CALLEE	0x1418C01B0
0x1418CAA90	CALLEE	0x1418C0210
0x1418CAA90	CALLEE	0x1418C0270
0x1418CAA90	CALLEE	0x1418C02D0
0x1418CAA90	CALLEE	0x1418C0330
0x1418CAA90	CALLEE	0x1418C0390
0x1418CAA90	CALLEE	0x1418C03F0
0x1418CAA90	CALLEE	0x1418C0450
0x1418CAA90	CALLEE	0x1418C04B0
0x1418CAA90	CALLEE	0x1418C0510
0x1418CAA90	CALLEE	0x1418C0570
0x1418CAA90	CALLEE	0x1418C05D0
0x1418CAA90	CALLEE	0x1418C0630
0x1418CAA90	CALLEE	0x1418C0690
0x1418CAA90	CALLEE	0x1418C06F0
0x1418CAA90	CALLEE	0x1418C0750
0x1418CAA90	CALLEE	0x1418C07B0
0x1418CAA90	CALLEE	0x1418C0810
0x1418CAA90	CALLEE	0x1418C0870
0x1418CAA90	CALLEE	0x1418C08D0
0x1418CAA90	CALLEE	0x1418C0930
0x1418CAA90	CALLEE	0x1418C0990
0x1418CAA90	CALLEE	0x1418C09F0
0x1418CAA90	CALLEE	0x1418C0A50
0x1418CAA90	CALLEE	0x1418C0AB0
0x1418CAA90	CALLEE	0x1418C0B10
0x1418CAA90	CALLEE	0x1418C0B70
0x1418CAA90	CALLEE	0x1418C0BD0
0x1418CAA90	CALLEE	0x1418C0C30
0x1418CAA90	CALLEE	0x1418C0C90
0x1418CAA90	CALLEE	0x1418C0CF0
0x1418CAA90	CALLEE	0x1418C0D50
0x1418CAA90	CALLEE	0x1418C0DB0
0x1418CAA90	CALLEE	0x1418C0E10
0x1418CAA90	CALLEE	0x1418C0E70
0x1418CAA90	CALLEE	0x1418C0ED0
0x1418CAA90	CALLEE	0x1418C0F30
0x1418CAA90	CALLEE	0x1418C0F90
0x1418CAA90	CALLEE	0x1418C0FF0
0x1418CAA90	CALLEE	0x1418C1050
0x1418CAA90	CALLEE	0x1418C10B0
0x1418CAA90	CALLEE	0x1418C1110
0x1418CAA90	CALLEE	0x1418C1170
0x1418CAA90	CALLEE	0x1418C11D0
0x1418CAA90	CALLEE	0x1418C1230
0x1418CAA90	CALLEE	0x1418C1290
0x1418CAA90	CALLEE	0x1418C12F0
0x1418CAA90	CALLEE	0x1418C1350
0x1418CAA90	CALLEE	0x1418C13B0
0x1418CAA90	CALLEE	0x1418C1410
0x1418CAA90	CALLEE	0x1418C1470
0x1418CAA90	CALLEE	0x1418C14D0
0x1418CAA90	CALLEE	0x1418C1530
0x1418CAA90	CALLEE	0x1418C1590
0x1418CAA90	CALLEE	0x1418C15F0
0x1418CAA90	CALLEE	0x1418C1650
0x1418CAA90	CALLEE	0x1418C16B0
0x1418CAA90	CALLEE	0x1418C1710
0x1418CAA90	CALLEE	0x1418C1770
0x1418CAA90	CALLEE	0x1418C17D0
0x1418CAA90	CALLEE	0x1418C1830
0x1418CAA90	CALLEE	0x1418C1890
0x1418CAA90	CALLEE	0x1418C18F0
0x1418CAA90	CALLEE	0x1418C1950
0x1418CAA90	CALLEE	0x1418C19B0
0x1418CAA90	CALLEE	0x1418C1A10
0x1418CAA90	CALLEE	0x1418C1A70
0x1418CAA90	CALLEE	0x1418C1AD0
0x1418CAA90	CALLEE	0x1418C1B30
0x1418CAA90	CALLEE	0x1418C1B90
0x1418CAA90	CALLEE	0x1418C1BF0
0x1418CAA90	CALLEE	0x1418C1C50
0x1418CAA90	CALLEE	0x1418C1CB0
0x1418CAA90	CALLEE	0x1418C1D10
0x1418CAA90	CALLEE	0x1418C1D70
0x1418CAA90	CALLEE	0x1418C1DD0
0x1418CAA90	CALLEE	0x1418C1E30
0x1418CAA90	CALLEE	0x1418C1E90
0x1418CAA90	CALLEE	0x1418C1EF0
0x1418CAA90	CALLEE	0x1418C1F50
0x1418CAA90	CALLEE	0x1418C1FB0
0x1418CAA90	CALLEE	0x1418C2010
0x1418CAA90	CALLEE	0x1418C2070
0x1418CAA90	CALLEE	0x1418C20D0
0x1418CAA90	CALLEE	0x1418C2130
0x1418CAA90	CALLEE	0x1418C2190
0x1418CAA90	CALLEE	0x1418C21F0
0x1418CAA90	CALLEE	0x1418C2250
0x1418CAA90	CALLEE	0x1418C22B0
0x1418CAA90	CALLEE	0x1418C2310
0x1418CAA90	CALLEE	0x1418C2370
0x1418CAA90	CALLEE	0x1418C23D0
0x1418CAA90	CALLEE	0x1418C2430
0x1418CAA90	CALLEE	0x1418C2490
0x1418CAA90	CALLEE	0x1418C24F0
0x1418CAA90	CALLEE	0x1418C2550
0x1418CAA90	CALLEE	0x1418C25B0
0x1418CAA90	CALLEE	0x1418C2610
0x1418CAA90	CALLEE	0x1418C2670
0x1418CAA90	CALLEE	0x1418C26D0
0x1418CAA90	CALLEE	0x1418C2730
0x1418CAA90	CALLEE	0x1418C2790
0x1418CAA90	CALLEE	0x1418C27F0
0x1418CAA90	CALLEE	0x1418C2850
0x1418CAA90	CALLEE	0x1418C28B0
0x1418CAA90	CALLEE	0x1418C2910
0x1418CAA90	CALLEE	0x1418C2970
0x1418CAA90	CALLEE	0x1418C29D0
0x1418CAA90	CALLEE	0x1418C2A30
0x1418CAA90	CALLEE	0x1418C2A90
0x1418CAA90	CALLEE	0x1418C2AF0
0x1418CAA90	CALLEE	0x1418C2B50
0x1418CAA90	CALLEE	0x1418C2BB0
0x1418CAA90	CALLEE	0x1418C2C10
0x1418CAA90	CALLEE	0x1418C2C70
0x1418CAA90	CALLEE	0x1418C2CD0
0x1418CAA90	CALLEE	0x1418C2D30
0x1418CAA90	CALLEE	0x1418C2D90
0x1418CAA90	CALLEE	0x1418C2DF0
0x1418CAA90	CALLEE	0x1418C2E50
0x1418CAA90	CALLEE	0x1418C2EB0
0x1418CAA90	CALLEE	0x1418C2F10
0x1418CAA90	CALLEE	0x1418C2F70
0x1418CAA90	CALLEE	0x1418C2FD0
0x1418CAA90	CALLEE	0x1418C3030
0x1418CAA90	CALLEE	0x1418C3090
0x1418CAA90	CALLEE	0x1418C30F0
0x1418CAA90	CALLEE	0x1418C3150
0x1418CAA90	CALLEE	0x1418C31B0
0x1418CAA90	CALLEE	0x1418C3210
0x1418CAA90	CALLEE	0x1418C3270
0x1418CAA90	CALLEE	0x1418C32D0
0x1418CAA90	CALLEE	0x1418C3330
0x1418CAA90	CALLEE	0x1418C3390
0x1418CAA90	CALLEE	0x1418C33F0
0x1418CAA90	CALLEE	0x1418C3450
0x1418CAA90	CALLEE	0x1418C34B0
0x1418CAA90	CALLEE	0x1418C3510
0x1418CAA90	CALLEE	0x1418C3570
0x1418CAA90	CALLEE	0x1418C35D0
0x1418CAA90	CALLEE	0x1418C3630
0x1418CAA90	CALLEE	0x1418C3690
0x1418CAA90	CALLEE	0x1418C36F0
0x1418CAA90	CALLEE	0x1418C3750
0x1418CAA90	CALLEE	0x1418C37B0
0x1418CAA90	CALLEE	0x1418C3810
0x1418CAA90	CALLEE	0x1418C3870
0x1418CAA90	CALLEE	0x1418C38D0
0x1418CAA90	CALLEE	0x1418C3930
0x1418CAA90	CALLEE	0x1418C3990
0x1418CAA90	CALLEE	0x1418C39F0
0x1418CAA90	CALLEE	0x1418C3A50
0x1418CAA90	CALLEE	0x1418C3AB0
0x1418CAA90	CALLEE	0x1418C3B10
0x1418CAA90	CALLEE	0x1418C3B70
0x1418CAA90	CALLEE	0x1418C3BD0
0x1418CAA90	CALLEE	0x1418C3C30
0x1418CAA90	CALLEE	0x1418C3C90
0x1418CAA90	CALLEE	0x1418C3CF0
0x1418CAA90	CALLEE	0x1418C3D50
0x1418CAA90	CALLEE	0x1418C3DB0
0x1418CAA90	CALLEE	0x1418C3E10
0x1418CAA90	CALLEE	0x1418C3E70
0x1418CAA90	CALLEE	0x1418C3ED0
0x1418CAA90	CALLEE	0x1418C3F30
0x1418CAA90	CALLEE	0x1418C3F90
0x1418CAA90	CALLEE	0x1418C3FF0
0x1418CAA90	CALLEE	0x1418C4050
0x1418CAA90	CALLEE	0x1418C40B0
0x1418CAA90	CALLEE	0x1418C4110
0x1418CAA90	CALLEE	0x1418C4170
0x1418CAA90	CALLEE	0x1418C41D0
0x1418CAA90	CALLEE	0x1418C4230
0x1418CAA90	CALLEE	0x1418C4290
0x1418CAA90	CALLEE	0x1418C42F0
0x1418CAA90	CALLEE	0x1418C4350
0x1418CAA90	CALLEE	0x1418C43B0
0x1418CAA90	CALLEE	0x1418C4410
0x1418CAA90	CALLEE	0x1418C4470
0x1418CAA90	CALLEE	0x1418C44D0
0x1418CAA90	CALLEE	0x1418C4530
0x1418CAA90	CALLEE	0x1418C4590
0x1418CAA90	CALLEE	0x1418C45F0
0x1418CAA90	CALLEE	0x1418C4650
0x1418CAA90	CALLEE	0x1418C46B0
0x1418CAA90	CALLEE	0x1418C4710
0x1418CAA90	CALLEE	0x1418C4770
0x1418CAA90	CALLEE	0x1418C47D0
0x1418CAA90	CALLEE	0x1418C4830
0x1418CAA90	CALLEE	0x1418C4890
0x1418CAA90	CALLEE	0x1418C48F0
0x1418CAA90	CALLEE	0x1418C4950
0x1418CAA90	CALLEE	0x1418C49B0
0x1418CAA90	CALLEE	0x1418C4A10
0x1418CAA90	CALLEE	0x1418C4A70
0x1418CAA90	CALLEE	0x1418C4AD0
0x1418CAA90	CALLEE	0x1418C4B30
0x1418CAA90	CALLEE	0x1418C4B90
0x1418CAA90	CALLEE	0x1418C4BF0
0x1418CAA90	CALLEE	0x1418C4C50
0x1418CAA90	CALLEE	0x1418C4CB0
0x1418CAA90	CALLEE	0x1418C4D10
0x1418CAA90	CALLEE	0x1418C4D70
0x1418CAA90	CALLEE	0x1418C4DD0
0x1418CAA90	CALLEE	0x1418C4E30
0x1418CAA90	CALLEE	0x1418C4E90
0x1418CAA90	CALLEE	0x1418C4EF0
0x1418CAA90	CALLEE	0x1418C4F50
0x1418CAA90	CALLEE	0x1418C4FB0
0x1418CAA90	CALLEE	0x1418C5010
0x1418CAA90	CALLEE	0x1418C5070
0x1418CAA90	CALLEE	0x1418C50D0
0x1418CAA90	CALLEE	0x1418C5130
0x1418CAA90	CALLEE	0x1418C5190
0x1418CAA90	CALLEE	0x1418C51F0
0x1418CAA90	CALLEE	0x1418C5250
0x1418CAA90	CALLEE	0x1418C52B0
0x1418CAA90	CALLEE	0x1418C5310
0x1418CAA90	CALLEE	0x1418C5370
0x1418CAA90	CALLEE	0x1418C53D0
0x1418CAA90	CALLEE	0x1418C5430
0x1418CAA90	CALLEE	0x1418C5490
0x1418CAA90	CALLEE	0x1418C54F0
0x1418CAA90	CALLEE	0x1418C5550
0x1418CAA90	CALLEE	0x1418C55B0
0x1418CAA90	CALLEE	0x1418C5610
0x1418CAA90	CALLEE	0x1418C5670
0x1418CAA90	CALLEE	0x1418C56D0
0x1418CAA90	CALLEE	0x1418C5730
0x1418CAA90	CALLEE	0x1418C5790
0x1418CAA90	CALLEE	0x1418C57F0
0x1418CAA90	CALLEE	0x1418C5850
0x1418CAA90	CALLEE	0x1418C58B0
0x1418CAA90	CALLEE	0x1418C5910
0x1418CAA90	CALLEE	0x1418C5970
0x1418CAA90	CALLEE	0x1418C59D0
0x1418CAA90	CALLEE	0x1418C5A30
0x1418CAA90	CALLEE	0x1418C5A90
0x1418CAA90	CALLEE	0x1418C5AF0
0x1418CAA90	CALLEE	0x1418C5B50
0x1418CAA90	CALLEE	0x1418C5BB0
0x1418CAA90	CALLEE	0x1418C5C10
0x1418CAA90	CALLEE	0x1418C5C70
0x1418CAA90	CALLEE	0x1418C5CD0
0x1418CAA90	CALLEE	0x1418C5D30
0x1418CAA90	CALLEE	0x1418C5D90
0x1418CAA90	CALLEE	0x1418C5DF0
0x1418CAA90	CALLEE	0x1418C5E50
0x1418CAA90	CALLEE	0x1418C5EB0
0x1418CAA90	CALLEE	0x1418C5F10
0x1418CAA90	CALLEE	0x1418C5F70
0x1418CAA90	CALLEE	0x1418C5FD0
0x1418CAA90	CALLEE	0x1418C6030
0x1418CAA90	CALLEE	0x1418C6090
0x1418CAA90	CALLEE	0x1418C60F0
0x1418CAA90	CALLEE	0x1418C6150
0x1418CAA90	CALLEE	0x1418C61B0
0x1418CAA90	CALLEE	0x1418C6210
0x1418CAA90	CALLEE	0x1418C6270
0x1418CAA90	CALLEE	0x1418C62D0
0x1418CAA90	CALLEE	0x1418C6330
0x1418CAA90	CALLEE	0x1418C6390
0x1418CAA90	CALLEE	0x1418C63F0
0x1418CAA90	CALLEE	0x1418C6450
0x1418CAA90	CALLEE	0x1418C64B0
0x1418CAA90	CALLEE	0x1418C6510
0x1418CAA90	CALLEE	0x1418C6570
0x1418CAA90	CALLEE	0x1418C65D0
0x1418CAA90	CALLEE	0x1418C6630
0x1418CAA90	CALLEE	0x1418C6690
0x1418CAA90	CALLEE	0x1418C66F0
0x1418CAA90	CALLEE	0x1418C6750
0x1418CAA90	CALLEE	0x1418C67B0
0x1418CAA90	CALLEE	0x1418C6810
0x1418CAA90	CALLEE	0x1418C6870
0x1418CAA90	CALLEE	0x1418C68D0
0x1418CAA90	CALLEE	0x1418C6930
0x1418CAA90	CALLEE	0x1418C6990
0x1418CAA90	CALLEE	0x1418C69F0
0x1418CAA90	CALLEE	0x1418C6A50
0x1418CAA90	CALLEE	0x1418C6AB0
0x1418CAA90	CALLEE	0x1418C6B10
0x1418CAA90	CALLEE	0x1418C6B70
0x1418CAA90	CALLEE	0x1418C6BD0
0x1418CAA90	CALLEE	0x1418C6C30
0x1418CAA90	CALLEE	0x1418C6C90
0x1418CAA90	CALLEE	0x1418C6CF0
0x1418CAA90	CALLEE	0x1418C6D50
0x1418CAA90	CALLEE	0x1418C6DB0
0x1418CAA90	CALLEE	0x1418C6E10
0x1418CAA90	CALLEE	0x1418C6E70
0x1418CAA90	CALLEE	0x1418C6ED0
0x1418CAA90	CALLEE	0x1418C6F30
0x1418CAA90	CALLEE	0x1418C6F90
0x1418CAA90	CALLEE	0x1418C6FF0
0x1418CAA90	CALLEE	0x1418C7050
0x1418CAA90	CALLEE	0x1418C70B0
0x1418CAA90	CALLEE	0x1418C7110
0x1418CAA90	CALLEE	0x1418C7170
0x1418CAA90	CALLEE	0x1418C71D0
0x1418CAA90	CALLEE	0x1418C7230
0x1418CAA90	CALLEE	0x1418C7290
0x1418CAA90	CALLEE	0x1418C72F0
0x1418CAA90	CALLEE	0x1418C7350
0x1418CAA90	CALLEE	0x1418C73B0
0x1418CAA90	CALLEE	0x1418C7410
0x1418CAA90	CALLEE	0x1418C7470
0x1418CAA90	CALLEE	0x1418C74D0
0x1418CAA90	CALLEE	0x1418C7530
0x1418CAA90	CALLEE	0x1418C7590
0x1418CAA90	CALLEE	0x1418C75F0
0x1418CAA90	CALLEE	0x1418C7650
0x1418CAA90	CALLEE	0x1418C76B0
0x1418CAA90	CALLEE	0x1418C7710
0x1418CAA90	CALLEE	0x1418C7770
0x1418CAA90	CALLEE	0x1418C77D0
0x1418CAA90	CALLEE	0x1418C7830
0x1418CAA90	CALLEE	0x1418C7890
0x1418CAA90	CALLEE	0x1418C78F0
0x1418CAA90	CALLEE	0x1418C7950
0x1418CAA90	CALLEE	0x1418C79B0
0x1418CAA90	CALLEE	0x1418C7A10
0x1418CAA90	CALLEE	0x1418C7A70
0x1418CAA90	CALLEE	0x1418C7AD0
0x1418CAA90	CALLEE	0x1418C7B30
0x1418CAA90	CALLEE	0x1418C7B90
0x1418CAA90	CALLEE	0x1418C7BF0
0x1418CAA90	CALLEE	0x1418C7C50
0x1418CAA90	CALLEE	0x1418C7CB0
0x1418CAA90	CALLEE	0x1418C7D10
0x1418CAA90	CALLEE	0x1418C7D70
0x1418CAA90	CALLEE	0x1418C7DD0
0x1418CAA90	CALLEE	0x1418C7E30
0x1418CAA90	CALLEE	0x1418C7E90
0x1418CAA90	CALLEE	0x1418C7EF0
0x1418CAA90	CALLEE	0x1418C7F50
0x1418CAA90	CALLEE	0x1418C7FB0
0x1418CAA90	CALLEE	0x1418C8010
0x1418CAA90	CALLEE	0x1418C8070
0x1418CAA90	CALLEE	0x1418C80D0
0x1418CAA90	CALLEE	0x1418C8130
0x1418CAA90	CALLEE	0x1418C8190
0x1418CAA90	CALLEE	0x1418C81F0
0x1418CAA90	CALLEE	0x1418C8250
0x1418CAA90	CALLEE	0x1418C82B0
0x1418CAA90	CALLEE	0x1418C8310
0x1418CAA90	CALLEE	0x1418C8370
0x1418CAA90	CALLEE	0x1418C83D0
0x1418CAA90	CALLEE	0x1418C8430
0x1418CAA90	CALLEE	0x1418C8490
0x1418CAA90	CALLEE	0x1418C84F0
0x1418CAA90	CALLEE	0x1418C8550
0x1418CAA90	CALLEE	0x1418C85B0
0x1418CAA90	CALLEE	0x1418C8610
0x1418CAA90	CALLEE	0x1418C8670
0x1418CAA90	CALLEE	0x1418C86D0
0x1418CAA90	CALLEE	0x1418C8730
0x1418CAA90	CALLEE	0x1418C8790
0x1418CAA90	CALLEE	0x1418C87F0
0x1418CAA90	CALLEE	0x1418C8850
0x1418CAA90	CALLEE	0x1418C88B0
0x1418CAA90	CALLEE	0x1418C8910
0x1418CAA90	CALLEE	0x1418C8970
0x1418CAA90	CALLEE	0x1418C89D0
0x1418CAA90	CALLEE	0x1418C8A30
0x1418CAA90	CALLEE	0x1418C8A90
0x1418CAA90	CALLEE	0x1418C8AF0
0x1418CAA90	CALLEE	0x1418C8B50
0x1418CAA90	CALLEE	0x1418C8BB0
0x1418CAA90	CALLEE	0x1418C8C10
0x1418CAA90	CALLEE	0x1418C8C70
0x1418CAA90	CALLEE	0x1418C8CD0
0x1418CAA90	CALLEE	0x1418C8D30
0x1418CAA90	CALLEE	0x1418C8D90
0x1418CAA90	CALLEE	0x1418C8DF0
0x1418CAA90	CALLEE	0x1418C8E50
0x1418CAA90	CALLEE	0x1418C8EB0
0x1418CAA90	CALLEE	0x1418C8F10
0x1418CAA90	CALLEE	0x1418C8F70
0x1418CAA90	CALLEE	0x1418C8FD0
0x1418CAA90	CALLEE	0x1418C9030
0x1418CAA90	CALLEE	0x1418C9090
0x1418CAA90	CALLEE	0x1418C90F0
0x1418CAA90	CALLEE	0x1418C9150
0x1418CAA90	CALLEE	0x1418C91B0
0x1418CAA90	CALLEE	0x1418C9210
0x1418CAA90	CALLEE	0x1418C9270
0x1418CAA90	CALLEE	0x1418C92D0
0x1418CAA90	CALLEE	0x1418C9330
0x1418CAA90	CALLEE	0x1418C9390
0x1418CAA90	CALLEE	0x1418C93F0
0x1418CAA90	CALLEE	0x1418C9450
0x1418CAA90	CALLEE	0x1418C94B0
0x1418CAA90	CALLEE	0x1418C9510
0x1418CAA90	CALLEE	0x1418C9570
0x1418CAA90	CALLEE	0x1418C95D0
0x1418CAA90	CALLEE	0x1418C9630
0x1418CAA90	CALLEE	0x1418C9690
0x1418CAA90	CALLEE	0x1418C96F0
0x1418CAA90	CALLEE	0x1418C9750
0x1418CAA90	CALLEE	0x1418C97B0
0x1418CAA90	CALLEE	0x1418C9810
0x1418CAA90	CALLEE	0x1418C9870
0x1418CAA90	CALLEE	0x1418C98D0
0x1418CAA90	CALLEE	0x1418C9930
0x1418CAA90	CALLEE	0x1418C9990
0x1418CAA90	CALLEE	0x1418C99F0
0x1418CAA90	CALLEE	0x1418C9A50
0x1418CAA90	CALLEE	0x1418C9AB0
0x1418CAA90	CALLEE	0x1418C9B10
0x1418CAA90	CALLEE	0x1418C9B70
0x1418CAA90	CALLEE	0x1418C9BD0
0x1418CAA90	CALLEE	0x1418C9C30
0x1418CAA90	CALLEE	0x1418C9C90
0x1418CAA90	CALLEE	0x1418C9CF0
0x1418CAA90	CALLEE	0x1418C9D50
0x1418CAA90	CALLEE	0x1418C9DB0
0x1418CAA90	CALLEE	0x1418C9E10
0x1418CAA90	CALLEE	0x1418C9E70
0x1418CAA90	CALLEE	0x1418C9ED0
0x1418CAA90	CALLEE	0x1418C9F30
0x1418CAA90	CALLEE	0x1418C9F90
0x1418CAA90	CALLEE	0x1418C9FF0
0x1418CAA90	CALLEE	0x1418CA050
0x1418CAA90	CALLEE	0x1418CA0B0
0x1418CAA90	CALLEE	0x1418CA110
0x1418CAA90	CALLEE	0x1418CA170
0x1418CAA90	CALLEE	0x1418CA1D0
0x1418CAA90	CALLEE	0x1418CA230
0x1418CAA90	CALLEE	0x1418CA290
0x1418CAA90	CALLEE	0x1418CA2F0
0x1418CAA90	CALLEE	0x1418CA350
0x1418CAA90	CALLEE	0x1418CA3B0
0x1418CAA90	CALLEE	0x1418CA410
0x1418CAA90	CALLEE	0x1418CA470
0x1418CAA90	CALLEE	0x1418CA4D0
0x1418CAA90	CALLEE	0x1418CA530
0x1418CAA90	CALLEE	0x1418CA590
0x1418CAA90	CALLEE	0x1418CA5F0
0x1418CAA90	CALLEE	0x1418CA650
0x1418CAA90	CALLEE	0x1418CA6B0
0x1418CAA90	CALLEE	0x1418CA710
0x1418CAA90	CALLEE	0x1418CA770
0x1418CAA90	CALLEE	0x1418CA7D0
0x1418CAA90	CALLEE	0x1418CA830
0x1418CAA90	CALLEE	0x141924C80
0x1418CAA90	CALLEE	0x141924CF0
0x1418CAA90	CALLEE	0x141924D60
0x1418CAA90	CALLEE	0x141924DD0
0x1418CAA90	CALLEE	0x141924E40
0x1418CAA90	CALLEE	0x141924EB0
0x1418CAA90	CALLEE	0x141924F20
0x1418CAA90	CALLEE	0x141924F90
0x1418CAA90	CALLEE	0x141925000
0x1418CAA90	CALLEE	0x141925070
0x1418CAA90	CALLEE	0x1419250E0
0x1418CAA90	CALLEE	0x141925150
0x1418CAA90	CALLEE	0x1419251C0
0x1418CAA90	CALLEE	0x141925230
0x1418CAA90	CALLEE	0x1419252A0
0x1418CAA90	CALLEE	0x141925310
0x1418CAA90	CALLEE	0x141925380
0x1418CAA90	CALLEE	0x1419253F0
0x1418CAA90	CALLEE	0x141925460
0x1418CAA90	CALLEE	0x1419254D0
0x1418CAA90	CALLEE	0x141925540
0x1418CAA90	CALLEE	0x1419255B0
0x1418CAA90	CALLEE	0x141925620
0x1418CAA90	CALLEE	0x141925690
0x1418CAA90	CALLEE	0x141925700
0x1418CAA90	CALLEE	0x141925770
0x1418CAA90	CALLEE	0x1419257E0
0x1418CAA90	CALLEE	0x141925850
0x1418CAA90	CALLEE	0x1419258C0
0x1418CAA90	CALLEE	0x141925930
0x1418CAA90	CALLEE	0x1419259A0
0x1418CAA90	CALLEE	0x141925A10
0x1418CAA90	CALLEE	0x141925A80
0x1418CAA90	CALLEE	0x141925AF0
0x1418CAA90	CALLEE	0x141925B60
0x1418CAA90	CALLEE	0x141925BD0
0x1418CAA90	CALLEE	0x141925C40
0x1418CAA90	CALLEE	0x141925CB0
0x1418CAA90	CALLEE	0x141925D20
0x1418CAA90	CALLEE	0x141925D90
0x1418CAA90	CALLEE	0x141925E00
0x1418CAA90	CALLEE	0x141925E70
0x1418CAA90	CALLEE	0x141925EE0
0x1418CAA90	CALLEE	0x141925F50
0x1418CAA90	CALLEE	0x141925FC0
0x1418CAA90	CALLEE	0x141926030
0x1418CAA90	CALLEE	0x1419260A0
0x1418CAA90	CALLEE	0x141926110
0x1418CAA90	CALLEE	0x141926180
0x1418CAA90	CALLEE	0x1419261F0
0x1418CAA90	CALLEE	0x141926260
0x1418CAA90	CALLEE	0x1419262D0
0x1418CAA90	CALLEE	0x141926340
0x1418CAA90	CALLEE	0x1419263B0
0x1418CAA90	CALLEE	0x141926420
0x1418CAA90	CALLEE	0x141926490
0x1418CAA90	CALLEE	0x141926500
0x1418CAA90	CALLEE	0x141926570
0x1418CAA90	CALLEE	0x1419265E0
0x1418CAA90	CALLEE	0x141926650
0x1418CAA90	CALLEE	0x1419266C0
0x1418CAA90	CALLEE	0x141926730
0x1418CAA90	CALLEE	0x1419267A0
0x1418CAA90	CALLEE	0x141926810
0x1418CAA90	CALLEE	0x141926880
0x1418CAA90	CALLEE	0x1419268F0
0x1418CAA90	CALLEE	0x141926960
0x1418CAA90	CALLEE	0x1419269D0
0x1418CAA90	CALLEE	0x141926A40
0x1418CAA90	CALLEE	0x141926AB0
0x1418CAA90	CALLEE	0x141926B20
0x1418CAA90	CALLEE	0x141926B90
0x1418CAA90	CALLEE	0x141926C00
0x1418CAA90	CALLEE	0x141926C70
0x1418CAA90	CALLEE	0x141926CE0
0x1418CAA90	CALLEE	0x141926D50
0x1418CAA90	CALLEE	0x141926DC0
0x1418CAA90	CALLEE	0x141926E30
0x1418CAA90	CALLEE	0x141926EA0
0x1418CAA90	CALLEE	0x141926F10
0x1418CAA90	CALLEE	0x141926F80
0x1418CAA90	CALLEE	0x141926FF0
0x1418CAA90	CALLEE	0x141927060
0x1418CAA90	CALLEE	0x1419270D0
0x1418CAA90	CALLEE	0x141927140
0x1418CAA90	CALLEE	0x1419271B0
0x1418CAA90	CALLEE	0x141927220
0x1418CAA90	CALLEE	0x141927290
0x1418CAA90	CALLEE	0x141927300
0x1418CAA90	CALLEE	0x141927370
0x1418CAA90	CALLEE	0x1419273E0
0x1418CAA90	CALLEE	0x141927450
0x1418CAA90	CALLEE	0x1419274C0
0x1418CAA90	CALLEE	0x141927530
0x1418CAA90	CALLEE	0x1419275A0
0x1418CAA90	CALLEE	0x141927610
0x1418CAA90	CALLEE	0x141927680
0x1418CAA90	CALLEE	0x1419276F0
0x1418CAA90	CALLEE	0x141927760
0x1418CAA90	CALLEE	0x1419277D0
0x1418CAA90	CALLEE	0x141927840
0x1418CAA90	CALLEE	0x1419278B0
0x1418CAA90	CALLEE	0x141927920
0x1418CAA90	CALLEE	0x141927990
0x1418CAA90	CALLEE	0x141927A00
0x1418CAA90	CALLEE	0x141927A70
0x1418CAA90	CALLEE	0x141927AE0
0x1418CAA90	CALLEE	0x141927B50
0x1418CAA90	CALLEE	0x141927BC0
0x1418CAA90	CALLEE	0x141927C30
0x1418CAA90	CALLEE	0x141927CA0
0x1418CAA90	CALLEE	0x141927D10
0x1418CAA90	CALLEE	0x141927D80
0x1418CAA90	CALLEE	0x141927DF0
0x1418CAA90	CALLEE	0x141927E60
0x1418CAA90	CALLEE	0x141927ED0
0x1418CAA90	CALLEE	0x141927F40
0x1418CAA90	CALLEE	0x141927FB0
0x1418CAA90	CALLEE	0x141928020
0x1418CAA90	CALLEE	0x141928090
0x1418CAA90	CALLEE	0x141928100
0x1418CAA90	CALLEE	0x141928170
0x1418CAA90	CALLEE	0x1419281E0
0x1418CAA90	CALLEE	0x141928250
0x1418CAA90	CALLEE	0x1419282C0
0x1418CAA90	CALLEE	0x141928330
0x1418CAA90	CALLEE	0x1419283A0
0x1418CAA90	CALLEE	0x141928410
0x1418CAA90	CALLEE	0x141928480
0x1418CAA90	CALLEE	0x1419284F0
0x1418CAA90	CALLEE	0x141928560
0x1418CAA90	CALLEE	0x1419285D0
0x1418CAA90	CALLEE	0x141928640
0x1418CAA90	CALLEE	0x1419286B0
0x1418CAA90	CALLEE	0x141928720
0x1418CAA90	CALLEE	0x141928790
0x1418CAA90	CALLEE	0x141928800
0x1418CAA90	CALLEE	0x141928870
0x1418CAA90	CALLEE	0x1419288E0
0x1418CAA90	CALLEE	0x141928950
0x1418CAA90	CALLEE	0x1419289C0
0x1418CAA90	CALLEE	0x141928A30
0x1418CAA90	CALLEE	0x141928AA0
0x1418CAA90	CALLEE	0x141928B10
0x1418CAA90	CALLEE	0x141928B80
0x1418CAA90	CALLEE	0x141928BF0
0x1418CAA90	CALLEE	0x141928C60
0x1418CAA90	CALLEE	0x141928CD0
0x1418CAA90	CALLEE	0x141928D40
0x1418CAA90	CALLEE	0x141928DB0
0x1418CAA90	CALLEE	0x141928E20
0x1418CAA90	CALLEE	0x141928E90
0x1418CAA90	CALLEE	0x141928F00
0x1418CAA90	CALLEE	0x141928F70
0x1418CAA90	CALLEE	0x141928FE0
0x1418CAA90	CALLEE	0x141929050
0x1418CAA90	CALLEE	0x1419290C0
0x1418CAA90	CALLEE	0x141929130
0x1418CAA90	CALLEE	0x1419291A0
0x1418CAA90	CALLEE	0x141929210
0x1418CAA90	CALLEE	0x141929280
0x1418CAA90	CALLEE	0x1419292F0
0x1418CAA90	CALLEE	0x141929360
0x1418CAA90	CALLEE	0x1419293D0
0x1418CAA90	CALLEE	0x141929440
0x1418CAA90	CALLEE	0x1419294B0
0x1418CAA90	CALLEE	0x141929520
0x1418CAA90	CALLEE	0x141929590
0x1418CAA90	CALLEE	0x141929600
0x1418CAA90	CALLEE	0x141929670
0x1418CAA90	CALLEE	0x1419296E0
0x1418CAA90	CALLEE	0x141929750
0x1418CAA90	CALLEE	0x1419297C0
0x1418CAA90	CALLEE	0x141929830
0x1418CAA90	CALLEE	0x1419298A0
0x1418CAA90	CALLEE	0x141929910
0x1418CAA90	CALLEE	0x141929980
0x1418CAA90	CALLEE	0x1419299F0
0x1418CAA90	CALLEE	0x141929A60
0x1418CAA90	CALLEE	0x141929AD0
0x1418CAA90	CALLEE	0x141929B40
0x1418CAA90	CALLEE	0x141929BB0
0x1418CAA90	CALLEE	0x141929C20
0x1418CAA90	CALLEE	0x141929C90
0x1418CAA90	CALLEE	0x141929D00
0x1418CAA90	CALLEE	0x141929D70
0x1418CAA90	CALLEE	0x141929DE0
0x1418CAA90	CALLEE	0x141929E50
0x1418CAA90	CALLEE	0x141929EC0
0x1418CAA90	CALLEE	0x141929F30
0x1418CAA90	CALLEE	0x141929FA0
0x1418CAA90	CALLEE	0x14192A010
0x1418CAA90	CALLEE	0x14192A080
0x1418CAA90	CALLEE	0x14192A0F0
0x1418CAA90	CALLEE	0x14192A160
0x1418CAA90	CALLEE	0x14192A1D0
0x1418CAA90	CALLEE	0x14192A240
0x1418CAA90	CALLEE	0x14192A2B0
0x1418CAA90	CALLEE	0x14192A320
0x1418CAA90	CALLEE	0x14192A390
0x1418CAA90	CALLEE	0x14192A400
0x1418CAA90	CALLEE	0x14192A470
0x1418CAA90	CALLEE	0x14192A4E0
0x1418CAA90	CALLEE	0x14192A550
0x1418CAA90	CALLEE	0x14192A5C0
0x1418CAA90	CALLEE	0x14192A630
0x1418CAA90	CALLEE	0x14192A6A0
0x1418CAA90	CALLEE	0x14192A710
0x1418CAA90	CALLEE	0x14192A780
0x1418CAA90	CALLEE	0x14192A7F0
0x1418CAA90	CALLEE	0x14192A860
0x1418CAA90	CALLEE	0x14192A8D0
0x1418CAA90	CALLEE	0x14192A940
0x1418CAA90	CALLEE	0x14192A9B0
0x1418CAA90	CALLEE	0x14192AA20
0x1418CAA90	CALLEE	0x14192AA90
0x1418CAA90	CALLEE	0x14192AB00
0x1418CAA90	CALLEE	0x14192AB70
0x1418CAA90	CALLEE	0x14192ABE0
0x1418CAA90	CALLEE	0x14192AC50
0x1418CAA90	CALLEE	0x14192ACC0
0x1418CAA90	CALLEE	0x14192AD30
0x1418CAA90	CALLEE	0x14192ADA0
0x1418CAA90	CALLEE	0x14192AE10
0x1418CAA90	CALLEE	0x14192AE80
0x1418CAA90	CALLEE	0x14192AEF0
0x1418CAA90	CALLEE	0x14192AF60
0x1418CAA90	CALLEE	0x14192AFD0
0x1418CAA90	CALLEE	0x14192B040
0x1418CAA90	CALLEE	0x14192B0B0
0x1418CAA90	CALLEE	0x14192B120
0x1418CAA90	CALLEE	0x14192B190
0x1418CAA90	CALLEE	0x14192B200
0x1418CAA90	CALLEE	0x14192B270
0x1418CAA90	CALLEE	0x14192B2E0
0x1418CAA90	CALLEE	0x14192B350
0x1418CAA90	CALLEE	0x14192B3C0
0x1418CAA90	CALLEE	0x14192B430
0x1418CAA90	CALLEE	0x14192B4A0
0x1418CAA90	CALLEE	0x14192B510
0x1418CAA90	CALLEE	0x14192B580
0x1418CAA90	CALLEE	0x14192B5F0
0x1418CAA90	CALLEE	0x14192B660
0x1418CAA90	CALLEE	0x14192B6D0
0x1418CAA90	CALLEE	0x14192B740
0x1418CAA90	CALLEE	0x14192B7B0
0x1418CAA90	CALLEE	0x14192B820
0x1418CAA90	CALLEE	0x14192B890
0x1418CAA90	CALLEE	0x14192B900
0x1418CAA90	CALLEE	0x14192B970
0x1418CAA90	CALLEE	0x14192B9E0
0x1418CAA90	CALLEE	0x14192BA50
0x1418CAA90	CALLEE	0x14192BAC0
0x1418CAA90	CALLEE	0x14192BB30
0x1418CAA90	CALLEE	0x14192BBA0
0x1418CAA90	CALLEE	0x14192BC10
0x1418CAA90	CALLEE	0x14192BC80
0x1418CAA90	CALLEE	0x14192BCF0
0x1418CAA90	CALLEE	0x14192BD60
0x1418CAA90	CALLEE	0x14192BDD0
0x1418CAA90	CALLEE	0x14192BE40
0x1418CAA90	CALLEE	0x14192BEB0
0x1418CAA90	CALLEE	0x14192BF20
0x1418CAA90	CALLEE	0x14192BF90
0x1418CAA90	CALLEE	0x14192C000
0x1418CAA90	CALLEE	0x14192C070
0x1418CAA90	CALLEE	0x14192C0E0
0x1418CAA90	CALLEE	0x14192C150
0x1418CAA90	CALLEE	0x14192C1C0
0x1418CAA90	CALLEE	0x14192C230
0x1418CAA90	CALLEE	0x14192C2A0
0x1418CAA90	CALLEE	0x14192C310
0x1418CAA90	CALLEE	0x14192C380
0x1418CAA90	CALLEE	0x14192C3F0
0x1418CAA90	CALLEE	0x14192C460
0x1418CAA90	CALLEE	0x14192C4D0
0x1418CAA90	CALLEE	0x14192C540
0x1418CAA90	CALLEE	0x14192C5B0
0x1418CAA90	CALLEE	0x14192C620
0x1418CAA90	CALLEE	0x14192C690
0x1418CAA90	CALLEE	0x14192C700
0x1418CAA90	CALLEE	0x14192C770
0x1418CAA90	CALLEE	0x14192C7E0
0x1418CAA90	CALLEE	0x14192C850
0x1418CAA90	CALLEE	0x14192C8C0
0x1418CAA90	CALLEE	0x14192C930
0x1418CAA90	CALLEE	0x14192C9A0
0x1418CAA90	CALLEE	0x14192CA10
0x1418CAA90	CALLEE	0x14192CA80
0x1418CAA90	CALLEE	0x14192CAF0
0x1418CAA90	CALLEE	0x14192CB60
0x1418CAA90	CALLEE	0x14192CBD0
0x1418CAA90	CALLEE	0x14192CC40
0x1418CAA90	CALLEE	0x14192CCB0
0x1418CAA90	CALLEE	0x14192CD20
0x1418CAA90	CALLEE	0x14192CD90
0x1418CAA90	CALLEE	0x14192CE00
0x1418CAA90	CALLEE	0x14192CE70
0x1418CAA90	CALLEE	0x14192CEE0
0x1418CAA90	CALLEE	0x14192CF50
0x1418CAA90	CALLEE	0x14192CFC0
0x1418CAA90	CALLEE	0x14192D030
0x1418CAA90	CALLEE	0x14192D0A0
0x1418CAA90	CALLEE	0x14192D110
0x1418CAA90	CALLEE	0x14192D180
0x1418CAA90	CALLEE	0x14192D1F0
0x1418CAA90	CALLEE	0x14192D260
0x1418CAA90	CALLEE	0x14192D2D0
0x1418CAA90	CALLEE	0x14192D340
0x1418CAA90	CALLEE	0x14192D3B0
0x1418CAA90	CALLEE	0x14192D420
0x1418CAA90	CALLEE	0x14192D490
0x1418CAA90	CALLEE	0x14192D500
0x1418CAA90	CALLEE	0x14192D570
0x1418CAA90	CALLEE	0x14192D5E0
0x1418CAA90	CALLEE	0x14192D650
0x1418CAA90	CALLEE	0x14192D6C0
0x1418CAA90	CALLEE	0x14192D730
0x1418CAA90	CALLEE	0x14192D7A0
0x1418CAA90	CALLEE	0x14192D810
0x1418CAA90	CALLEE	0x14192D880
0x1418CAA90	CALLEE	0x14192D8F0
0x1418CAA90	CALLEE	0x14192D960
0x1418CAA90	CALLEE	0x14192D9D0
0x1418CAA90	CALLEE	0x14192DA40
0x1418CAA90	CALLEE	0x14192DAB0
0x1418CAA90	CALLEE	0x14192DB20
0x1418CAA90	CALLEE	0x14192DB90
0x1418CAA90	CALLEE	0x14192DC00
0x1418CAA90	CALLEE	0x14192DC70
0x1418CAA90	CALLEE	0x14192DCE0
0x1418CAA90	CALLEE	0x14192DD50
0x1418CAA90	CALLEE	0x14192DDC0
0x1418CAA90	CALLEE	0x14192DE30
0x1418CAA90	CALLEE	0x14192DEA0
0x1418CAA90	CALLEE	0x14192DF10
0x1418CAA90	CALLEE	0x14192DF80
0x1418CAA90	CALLEE	0x14192DFF0
0x1418CAA90	CALLEE	0x14192E060
0x1418CAA90	CALLEE	0x14192E0D0
0x1418CAA90	CALLEE	0x14192E140
0x1418CAA90	CALLEE	0x14192E1B0
0x1418CAA90	CALLEE	0x14192E220
0x1418CAA90	CALLEE	0x14192E290
0x1418CAA90	CALLEE	0x14192E300
0x1418CAA90	CALLEE	0x14192E370
0x1418CAA90	CALLEE	0x14192E3E0
0x1418CAA90	CALLEE	0x14192E450
0x1418CAA90	CALLEE	0x14192E4C0
0x1418CAA90	CALLEE	0x14192E530
0x1418CAA90	CALLEE	0x14192E5A0
0x1418CAA90	CALLEE	0x14192E610
0x1418CAA90	CALLEE	0x14192E680
0x1418CAA90	CALLEE	0x14192E6F0
0x1418CAA90	CALLEE	0x14192E760
0x1418CAA90	CALLEE	0x14192E7D0
0x1418CAA90	CALLEE	0x14192E840
0x1418CAA90	CALLEE	0x14192E8B0
0x1418CAA90	CALLEE	0x14192E920
0x1418CAA90	CALLEE	0x14192E990
0x1418CAA90	CALLEE	0x14192EA00
0x1418CAA90	CALLEE	0x14192EA70
0x1418CAA90	CALLEE	0x14192EAE0
0x1418CAA90	CALLEE	0x14192EB50
0x1418CAA90	CALLEE	0x14192EBC0
0x1418CAA90	CALLEE	0x14192EC30
0x1418CAA90	CALLEE	0x14192ECA0
0x1418CAA90	CALLEE	0x14192ED10
0x1418CAA90	CALLEE	0x14192ED80
0x1418CAA90	CALLEE	0x14192EDF0
0x1418CAA90	CALLEE	0x14192EE60
0x1418CAA90	CALLEE	0x14192EED0
0x1418CAA90	CALLEE	0x14192EF40
0x1418CAA90	CALLEE	0x14192EFB0
0x1418CAA90	CALLEE	0x14192F020
0x1418CAA90	CALLEE	0x14192F090
0x1418CAA90	CALLEE	0x14192F100
0x1418CAA90	CALLEE	0x14192F170
0x1418CAA90	CALLEE	0x14192F1E0
0x1418CAA90	CALLEE	0x14192F250
0x1418CAA90	CALLEE	0x14192F2C0
0x1418CAA90	CALLEE	0x14192F330
0x1418CAA90	CALLEE	0x14192F3A0
0x1418CAA90	CALLEE	0x14192F410
0x1418CAA90	CALLEE	0x14192F480
0x1418CAA90	CALLEE	0x14192F4F0
0x1418CAA90	CALLEE	0x14192F560
0x1418CAA90	CALLEE	0x14192F5D0
0x1418CAA90	CALLEE	0x14192F640
0x1418CAA90	CALLEE	0x14192F6B0
0x1418CAA90	CALLEE	0x14192F720
0x1418CAA90	CALLEE	0x14192F790
0x1418CAA90	CALLEE	0x14192F800
0x1418CAA90	CALLEE	0x14192F870
0x1418CAA90	CALLEE	0x14192F8E0
0x1418CAA90	CALLEE	0x14192F950
0x1418CAA90	CALLEE	0x14192F9C0
0x1418CAA90	CALLEE	0x14192FA30
0x1418CAA90	CALLEE	0x14192FAA0
0x1418CAA90	CALLEE	0x14192FB10
0x1418CAA90	CALLEE	0x14192FB80
0x1418CAA90	CALLEE	0x14192FBF0
0x1418CAA90	CALLEE	0x14192FC60
0x1418CAA90	CALLEE	0x14192FCD0
0x1418CAA90	CALLEE	0x14192FD40
0x1418CAA90	CALLEE	0x14192FDB0
0x1418CAA90	CALLEE	0x14192FE20
0x1418CAA90	CALLEE	0x14192FE90
0x1418CAA90	CALLEE	0x14192FF00
0x1418CAA90	CALLEE	0x14192FF70
0x1418CAA90	CALLEE	0x14192FFE0
0x1418CAA90	CALLEE	0x141930050
0x1418CAA90	CALLEE	0x1419300C0
0x1418CAA90	CALLEE	0x141930130
0x1418CAA90	CALLEE	0x1419301A0
0x1418CAA90	CALLEE	0x141930210
0x1418CAA90	CALLEE	0x141930280
0x1418CAA90	CALLEE	0x1419302F0
0x1418CAA90	CALLEE	0x141930360
0x1418CAA90	CALLEE	0x1419303D0
0x1418CAA90	CALLEE	0x141930440
0x1418CAA90	CALLEE	0x1419304B0
0x1418CAA90	CALLEE	0x141930520
0x1418CAA90	CALLEE	0x141930590
0x1418CAA90	CALLEE	0x141930600
0x1418CAA90	CALLEE	0x141930670
0x1418CAA90	CALLEE	0x1419306E0
0x1418CAA90	CALLEE	0x141930750
0x1418CAA90	CALLEE	0x1419307C0
0x1418CAA90	CALLEE	0x141930830
0x1418CAA90	CALLEE	0x1419308A0
0x1418CAA90	CALLEE	0x141930910
0x1418CAA90	CALLEE	0x141930980
0x1418CAA90	CALLEE	0x1419309F0
0x1418CAA90	CALLEE	0x141930A60
0x1418CAA90	CALLEE	0x141930AD0
0x1418CAA90	CALLEE	0x141930B40
0x1418CAA90	CALLEE	0x141930BB0
0x1418CAA90	CALLEE	0x141930C20
0x1418CAA90	CALLEE	0x141930C90
0x1418CAA90	CALLEE	0x141930D00
0x1418CAA90	CALLEE	0x141930D70
0x1418CAA90	CALLEE	0x141930DE0
0x1418CAA90	CALLEE	0x141930E50
0x1418CAA90	CALLEE	0x141930EC0
0x1418CAA90	CALLEE	0x141930F30
0x1418CAA90	CALLEE	0x141930FA0
0x1418CAA90	CALLEE	0x141931010
0x1418CAA90	CALLEE	0x141931080
0x1418CAA90	CALLEE	0x1419310F0
0x1418CAA90	CALLEE	0x141931160
0x1418CAA90	CALLEE	0x1419311D0
0x1418CAA90	CALLEE	0x141931240
0x1418CAA90	CALLEE	0x1419312B0
0x1418CAA90	CALLEE	0x141931320
0x1418CAA90	CALLEE	0x141931390
0x1418CAA90	CALLEE	0x141931400
0x1418CAA90	CALLEE	0x141931470
0x1418CAA90	CALLEE	0x1419314E0
0x1418CAA90	CALLEE	0x141931550
0x1418CAA90	CALLEE	0x1419315C0
0x1418CAA90	CALLEE	0x141931630
0x1418CAA90	CALLEE	0x1419316A0
0x1418CAA90	CALLEE	0x141931710
0x1418CAA90	CALLEE	0x141931780
0x1418CAA90	CALLEE	0x1419317F0
0x1418CAA90	CALLEE	0x141931860
0x1418CAA90	CALLEE	0x1419318D0
0x1418CAA90	CALLEE	0x141931940
0x1418CAA90	CALLEE	0x1419319B0
0x1418CAA90	CALLEE	0x141931A20
0x1418CAA90	CALLEE	0x141931A90
0x1418CAA90	CALLEE	0x141931B00
0x1418CAA90	CALLEE	0x141931B70
0x1418CAA90	CALLEE	0x141931BE0
0x1418CAA90	CALLEE	0x141931C50
0x1418CAA90	CALLEE	0x141931CC0
0x1418CAA90	CALLEE	0x141931D30
0x1418CAA90	CALLEE	0x141931DA0
0x1418CAA90	CALLEE	0x141931E10
0x1418CAA90	CALLEE	0x141931E80
0x1418CAA90	CALLEE	0x141931EF0
0x1418CAA90	CALLEE	0x141931F60
0x1418CAA90	CALLEE	0x141931FD0
0x1418CAA90	CALLEE	0x141932040
0x1418CAA90	CALLEE	0x1419320B0
0x1418CAA90	CALLEE	0x141932120
0x1418CAA90	CALLEE	0x141932190
0x1418CAA90	CALLEE	0x141932200
0x1418CAA90	CALLEE	0x141932270
0x1418CAA90	CALLEE	0x1419322E0
0x1418CAA90	CALLEE	0x141932350
0x1418CAA90	CALLEE	0x1419323C0
0x1418CAA90	CALLEE	0x141932430
0x1418CAA90	CALLEE	0x1419324A0
0x1418CAA90	CALLEE	0x141932510
0x1418CAA90	CALLEE	0x141932580
0x1418CAA90	CALLEE	0x1419325F0
0x1418CAA90	CALLEE	0x141932660
0x1418CAA90	CALLEE	0x1419326D0
0x1418CAA90	CALLEE	0x141932740
0x1418CAA90	CALLEE	0x1419327B0
0x1418CAA90	CALLEE	0x141932820
0x1418CAA90	CALLEE	0x141932890
0x1418CAA90	CALLEE	0x141932900
0x1418CAA90	CALLEE	0x141932970
0x1418CAA90	CALLEE	0x1419329E0
0x1418CAA90	CALLEE	0x141932A50
0x1418CAA90	CALLEE	0x141932AC0
0x1418CAA90	CALLEE	0x141932B30
0x1418CAA90	CALLEE	0x141932BA0
0x1418CAA90	CALLEE	0x141932C10
0x1418CAA90	CALLEE	0x141932C80
0x1418CAA90	CALLEE	0x141932CF0
0x1418CAA90	CALLEE	0x141932D60
0x1418CAA90	CALLEE	0x141932DD0
0x1418CAA90	CALLEE	0x141932E40
0x1418CAA90	CALLEE	0x141932EB0
0x1418CAA90	CALLEE	0x141932F20
0x1418CAA90	CALLEE	0x141932F90
0x1418CAA90	CALLEE	0x141933000
0x1418CAA90	CALLEE	0x141933070
0x1418CAA90	CALLEE	0x1419330E0
0x1418CAA90	CALLEE	0x141933150
0x1418CAA90	CALLEE	0x1419331C0
0x1418CAA90	CALLEE	0x141933230
0x1418CAA90	CALLEE	0x1419332A0
0x1418CAA90	CALLEE	0x141933310
0x1418CAA90	CALLEE	0x141933380
0x1418CAA90	CALLEE	0x1419333F0
0x1418CAA90	CALLEE	0x141933460
0x1418CAA90	CALLEE	0x1419334D0
0x1418CAA90	CALLEE	0x141933540
0x1418CAA90	CALLEE	0x1419335B0
0x1418CAA90	CALLEE	0x141933620
0x1418CAA90	CALLEE	0x141933690
0x1418CAA90	CALLEE	0x141933700
0x1418CAA90	CALLEE	0x141933770
0x1418CAA90	CALLEE	0x1419337E0
0x1418CAA90	CALLEE	0x141933850
0x1418CAA90	CALLEE	0x1419338C0
0x1418CAA90	CALLEE	0x141933930
0x1418CAA90	CALLEE	0x1419339A0
0x1418CAA90	CALLEE	0x141933A10
0x1418CAA90	CALLEE	0x141933A80
0x1418CAA90	CALLEE	0x141933AF0
0x1418CAA90	CALLEE	0x141933B60
0x1418CAA90	CALLEE	0x141933BD0
0x1418CAA90	CALLEE	0x141933C40
0x1418CAA90	CALLEE	0x141933CB0
0x1418CAA90	CALLEE	0x141933D20
0x1418CAA90	CALLEE	0x141933D90
0x1418CAA90	CALLEE	0x141933E00
0x1418CAA90	CALLEE	0x141933E70
0x1418CAA90	CALLEE	0x141933EE0
0x1418CAA90	CALLEE	0x141933F50
0x1418CAA90	CALLEE	0x141933FC0
0x1418CAA90	CALLEE	0x141934030
0x1418CAA90	CALLEE	0x1419340A0
0x1418CAA90	CALLEE	0x141934110
0x1418CAA90	CALLEE	0x141934180
0x1418CAA90	CALLEE	0x1419341F0
0x1418CAA90	CALLEE	0x141934260
0x1418CAA90	CALLEE	0x1419342D0
0x1418CAA90	CALLEE	0x141934340
0x1418CAA90	CALLEE	0x1419343B0
0x1418CAA90	CALLEE	0x141934420
0x1418CAA90	CALLEE	0x141934490
0x1418CAA90	CALLEE	0x141934500
0x1418CAA90	CALLEE	0x141934570
0x1418CAA90	CALLEE	0x1419345E0
0x1418CAA90	CALLEE	0x141934650
0x1418CAA90	CALLEE	0x1419346C0
0x1418CAA90	CALLEE	0x141934730
0x1418CAA90	CALLEE	0x1419347A0
0x1418CAA90	CALLEE	0x141934810
0x1418CAA90	CALLEE	0x141934880
0x1418CAA90	CALLEE	0x1419348F0
0x1418CAA90	CALLEE	0x141934960
0x1418CAA90	CALLEE	0x1419349D0
0x1418CAA90	CALLEE	0x141934A40
0x1418CAA90	CALLEE	0x141934AB0
0x1418CAA90	CALLEE	0x141934B20
0x1418CAA90	CALLEE	0x141934B90
0x1418CAA90	CALLEE	0x141934C00
0x1418CAA90	CALLEE	0x141934C70
0x1418CAA90	CALLEE	0x141934CE0
0x1418CAA90	CALLEE	0x141934D50
0x1418CAA90	CALLEE	0x141934DC0
0x1418CAA90	CALLEE	0x141934E30
0x1418CAA90	CALLEE	0x141934EA0
0x1418CAA90	CALLEE	0x141934F10
0x1418CAA90	CALLEE	0x141934F80
0x1418CAA90	CALLEE	0x141934FF0
0x1418CAA90	CALLEE	0x141935060
0x1418CAA90	CALLEE	0x1419350D0
0x1418CAA90	CALLEE	0x141935140
0x1418CAA90	CALLEE	0x1419351B0
0x1418CAA90	CALLEE	0x141935220
0x1418CAA90	CALLEE	0x141935290
0x1418CAA90	CALLEE	0x141935300
0x1418CAA90	CALLEE	0x141935370
0x1418CAA90	CALLEE	0x1419353E0
0x1418CAA90	CALLEE	0x141935450
0x1418CAA90	CALLEE	0x1419354C0
0x1418CAA90	CALLEE	0x141935530
0x1418CAA90	CALLEE	0x1419355A0
0x1418CAA90	CALLEE	0x141935610
0x1418CAA90	CALLEE	0x141935680
0x1418CAA90	CALLEE	0x1419356F0
0x1418CAA90	CALLEE	0x141935760
0x1418CAA90	CALLEE	0x1419357D0
0x1418CAA90	CALLEE	0x141935840
0x1418CAA90	CALLEE	0x1419358B0
0x1418CAA90	CALLEE	0x141935920
0x1418CAA90	CALLEE	0x141935990
0x1418CAA90	CALLEE	0x141935A00
0x1418CAA90	CALLEE	0x141935A70
0x1418CAA90	CALLEE	0x141935AE0
0x1418CAA90	CALLEE	0x141935B50
0x1418CAA90	CALLEE	0x141935BC0
0x1418CAA90	CALLEE	0x141935C30
0x1418CAA90	CALLEE	0x141935CA0
0x1418CAA90	CALLEE	0x141935D10
0x1418CAA90	CALLEE	0x141935D80
0x1418CAA90	CALLEE	0x141935DF0
0x1418CAA90	CALLEE	0x141935E60
0x1418CAA90	CALLEE	0x141935ED0
0x1418CAA90	CALLEE	0x141935F40
0x1418CAA90	CALLEE	0x141935FB0
0x1418CAA90	CALLEE	0x141936020
0x1418CAA90	CALLEE	0x141936090
0x1418CAA90	CALLEE	0x141936100
0x1418CAA90	CALLEE	0x141936170
0x1418CAA90	CALLEE	0x1419361E0
0x1418CAA90	CALLEE	0x141936250
0x1418CAA90	CALLEE	0x1419362C0
0x1418CAA90	CALLEE	0x141936330
0x1418CAA90	CALLEE	0x1419363A0
0x1418CAA90	CALLEE	0x141936410
0x1418CAA90	CALLEE	0x141936480
0x1418CAA90	CALLEE	0x1419364F0
0x1418CAA90	CALLEE	0x141936560
0x1418CAA90	CALLEE	0x1419365D0
0x1418CAA90	CALLEE	0x141936640
0x1418CAA90	CALLEE	0x1419366B0
0x1418CAA90	CALLEE	0x141936720
0x1418CAA90	CALLEE	0x141936790
0x1418CAA90	CALLEE	0x141936800
0x1418CAA90	CALLEE	0x141936870
0x1418CAA90	CALLEE	0x1419368E0
0x1418CAA90	CALLEE	0x141936950
0x1418CAA90	CALLEE	0x1419369C0
0x1418CAA90	CALLEE	0x141936A30
0x1418CAA90	CALLEE	0x141936AA0
0x1418CAA90	CALLEE	0x141936B10
0x1418CAA90	CALLEE	0x141936B80
0x1418CAA90	CALLEE	0x141936BF0
0x1418CAA90	CALLEE	0x141936C60
0x1418CAA90	CALLEE	0x141936CD0
0x1418CAA90	CALLEE	0x141936D40
0x1418CAA90	CALLEE	0x141936DB0
0x1418CAA90	CALLEE	0x141936E20
0x1418CAA90	CALLEE	0x141936E90
0x1418CAA90	CALLEE	0x141936F00
0x1418CAA90	CALLEE	0x141936F70
0x1418CAA90	CALLEE	0x141936FE0
0x1418CAA90	CALLEE	0x141937050
0x1418CAA90	CALLEE	0x1419370C0
0x1418CAA90	CALLEE	0x141937130
0x1418CAA90	CALLEE	0x1419371A0
0x1418CAA90	CALLEE	0x141937210
0x1418CAA90	CALLEE	0x141937280
0x1418CAA90	CALLEE	0x1419372F0
0x1418CAA90	CALLEE	0x141937360
0x1418CAA90	CALLEE	0x1419373D0
0x1418CAA90	CALLEE	0x141937440
0x1418CAA90	CALLEE	0x1419374B0
0x1418CAA90	CALLEE	0x141937520
0x1418CAA90	CALLEE	0x141937590
0x1418CAA90	CALLEE	0x141937600
0x1418CAA90	CALLEE	0x141937670
0x1418CAA90	CALLEE	0x1419376E0
0x1418CAA90	CALLEE	0x141937750
0x1418CAA90	CALLEE	0x1419377C0
0x1418CAA90	CALLEE	0x141937830
0x1418CAA90	CALLEE	0x1419378A0
0x1418CAA90	CALLEE	0x141937910
0x1418CAA90	CALLEE	0x141937980
0x1418CAA90	CALLEE	0x1419379F0
0x1418CAA90	CALLEE	0x141937A60
0x1418CAA90	CALLEE	0x141937AD0
0x1418CAA90	CALLEE	0x141937B40
0x1418CAA90	CALLEE	0x141937BB0
0x1418CAA90	CALLEE	0x141937C20
0x1418CAA90	CALLEE	0x141937C90
0x1418CAA90	CALLEE	0x141937D00
0x1418CAA90	CALLEE	0x141937D70
0x1418CAA90	CALLEE	0x141937DE0
0x1418CAA90	CALLEE	0x141937E50
0x1418CAA90	CALLEE	0x141937EC0
0x1418CAA90	CALLEE	0x141937F30
0x1418CAA90	CALLEE	0x141937FA0
0x1418CAA90	CALLEE	0x141938010
0x1418CAA90	CALLEE	0x141938080
0x1418CAA90	CALLEE	0x1419380F0
0x1418CAA90	CALLEE	0x141938160
0x1418CAA90	CALLEE	0x1419381D0
0x1418CAA90	CALLEE	0x141938240
0x1418CAA90	CALLEE	0x1419382B0
0x1418CAA90	CALLEE	0x141938320
0x1418CAA90	CALLEE	0x141938390
0x1418CAA90	CALLEE	0x141938400
0x1418CAA90	CALLEE	0x141938470
0x1418CAA90	CALLEE	0x1419384E0
0x1418CAA90	CALLEE	0x141938550
0x1418CAA90	CALLEE	0x1419385C0
0x1418CAA90	CALLEE	0x141938630
0x1418CAA90	CALLEE	0x1419386A0
0x1418CAA90	CALLEE	0x141938710
0x1418CAA90	CALLEE	0x141938780
0x1418CAA90	CALLEE	0x1419387F0
0x1418CAA90	CALLEE	0x141938860
0x1418CAA90	CALLEE	0x1419388D0
0x1418CAA90	CALLEE	0x141938940
0x1418CAA90	CALLEE	0x1419389B0
0x1418CAA90	CALLEE	0x141938A20
0x1418CAA90	CALLEE	0x141938A90
0x1418CAA90	CALLEE	0x141938B00
0x1418CAA90	CALLEE	0x141938B70
0x1418CAA90	CALLEE	0x141938BE0
0x1418CAA90	CALLEE	0x141938C50
0x1418CAA90	CALLEE	0x141938CC0
0x1418CAA90	CALLEE	0x141938D30
0x1418CAA90	CALLEE	0x141938DA0
0x1418CAA90	CALLEE	0x141938E10
0x1418CAA90	CALLEE	0x141938E80
0x1418CAA90	CALLEE	0x141938EF0
0x1418CAA90	CALLEE	0x141938F60
0x1418CAA90	CALLEE	0x141938FD0
0x1418CAA90	CALLEE	0x141939040
0x1418CAA90	CALLEE	0x1419390B0
0x1418CAA90	CALLEE	0x141939120
0x1418CAA90	CALLEE	0x141939190
0x1418CAA90	CALLEE	0x141939200
0x1418CAA90	CALLEE	0x141939270
0x1418CAA90	CALLEE	0x1419392E0
0x1418CAA90	CALLEE	0x141939350
0x1418CAA90	CALLEE	0x1419393C0
0x1418CAA90	CALLEE	0x141939430
0x1418CAA90	CALLEE	0x1419394A0
0x1418CAA90	CALLEE	0x141939510
0x1418CAA90	CALLEE	0x141939580
0x1418CAA90	CALLEE	0x1419395F0
0x1418CAA90	CALLEE	0x141939660
0x1418CAA90	CALLEE	0x1419396D0
0x1418CAA90	CALLEE	0x141939740
0x1418CAA90	CALLEE	0x1419397B0
0x1418CAA90	CALLEE	0x141939820
0x1418CAA90	CALLEE	0x141939890
0x1418CAA90	CALLEE	0x141939900
0x1418CAA90	CALLEE	0x141939970
0x1418CAA90	CALLEE	0x1419399E0
0x1418CAA90	CALLEE	0x141939A50
0x1418CAA90	CALLEE	0x141939AC0
0x1418CAA90	CALLEE	0x141939B30
0x1418CAA90	CALLEE	0x141939BA0
0x1418CAA90	CALLEE	0x141939C10
0x1418CAA90	CALLEE	0x141939C80
0x1418CAA90	CALLEE	0x141939CF0
0x1418CAA90	CALLEE	0x141939D60
0x1418CAA90	CALLEE	0x141939DD0
0x1418CAA90	CALLEE	0x141939E40
0x1418CAA90	CALLEE	0x141939EB0
0x1418CAA90	CALLEE	0x141939F20
0x1418CAA90	CALLEE	0x141939F90
0x1418CAA90	CALLEE	0x14193A000
0x1418CAA90	CALLEE	0x14193A070
0x1418CAA90	CALLEE	0x14193A0E0
0x1418CAA90	CALLEE	0x14193A150
0x1418CAA90	CALLEE	0x14193A1C0
0x1418CAA90	CALLEE	0x14193A230
0x1418CAA90	CALLEE	0x14193A2A0
0x1418CAA90	CALLEE	0x14193A310
0x1418CAA90	CALLEE	0x14193A380
0x1418CAA90	CALLEE	0x14193A3F0
0x1418CAA90	CALLEE	0x14193A460
0x1418CAA90	CALLEE	0x14193A4D0
0x1418CAA90	CALLEE	0x14193A540
0x1418CAA90	CALLEE	0x14193A5B0
0x1418CAA90	CALLEE	0x14193A620
0x1418CAA90	CALLEE	0x14193A690
0x1418CAA90	CALLEE	0x14193A700
0x1418CAA90	CALLEE	0x14193A770
0x1418CAA90	CALLEE	0x14193A7E0
0x1418CAA90	CALLEE	0x14193A850
0x1418CAA90	CALLEE	0x14193A8C0
0x1418CAA90	CALLEE	0x14193A930
0x1418CAA90	CALLEE	0x14193A9A0
0x1418CAA90	CALLEE	0x14193AA10
0x1418CAA90	CALLEE	0x14193AA80
0x1418CAA90	CALLEE	0x14193AAF0
0x1418CAA90	CALLEE	0x14193AB60
0x1418CAA90	CALLEE	0x14193ABD0
0x1418CAA90	CALLEE	0x14193AC40
0x1418CAA90	CALLEE	0x14193ACB0
0x1418CAA90	CALLEE	0x14193AD20
0x1418CAA90	CALLEE	0x14193AD90
0x1418CAA90	CALLEE	0x14193AE00
0x1418CAA90	CALLEE	0x14193AE70
0x1418CAA90	CALLEE	0x14193AEE0
0x1418CAA90	CALLEE	0x14193AF50
0x1418CAA90	CALLEE	0x14193AFC0
0x1418CAA90	CALLEE	0x14193B030
0x1418CAA90	CALLEE	0x14193B0A0
0x1418CAA90	CALLEE	0x14193B110
0x1418CAA90	CALLEE	0x14193B180
0x1418CAA90	CALLEE	0x14193B1F0
0x1418CAA90	CALLEE	0x14193B260
0x1418CAA90	CALLEE	0x14193B2D0
0x1418CAA90	CALLEE	0x14193B340
0x1418CAA90	CALLEE	0x14193B3B0
0x1418CAA90	CALLEE	0x14193B420
0x1418CAA90	CALLEE	0x14193B490
0x1418CAA90	CALLEE	0x14193B500
0x1418CAA90	CALLEE	0x14193B570
0x1418CAA90	CALLEE	0x14193B5E0
0x1418CAA90	CALLEE	0x14193B650
0x1418CAA90	CALLEE	0x14193B6C0
0x1418CAA90	CALLEE	0x14193B730
0x1418CAA90	CALLEE	0x14193B7A0
0x1418CAA90	CALLEE	0x14193B810
0x1418CAA90	CALLEE	0x14193B880
0x1418CAA90	CALLEE	0x14193B8F0
0x1418CAA90	CALLEE	0x14193B960
0x1418CAA90	CALLEE	0x14193B9D0
0x1418CAA90	CALLEE	0x14193BA40
0x1418CAA90	CALLEE	0x14193BAB0
0x1418CAA90	CALLEE	0x14193BB20
0x1418CAA90	CALLEE	0x14193BB90
0x1418CAA90	CALLEE	0x14193BC00
0x1418CAA90	CALLEE	0x14193BC70
0x1418CAA90	CALLEE	0x14193BCE0
0x1418CAA90	CALLEE	0x14193BD50
0x1418CAA90	CALLEE	0x14193BDC0
0x1418CAA90	CALLEE	0x14193BE30
0x1418CAA90	CALLEE	0x14193BEA0
0x1418CAA90	CALLEE	0x14193BF10
0x1418CAA90	CALLEE	0x14193BF80
0x1418CAA90	CALLEE	0x14193BFF0
0x1418CAA90	CALLEE	0x14193C060
0x1418CAA90	CALLEE	0x14193C0D0
0x1418CAA90	CALLEE	0x14193C140
0x1418CAA90	CALLEE	0x14193C1B0
0x1418CAA90	CALLEE	0x14193C220
0x1418CAA90	CALLEE	0x14193C290
0x1418CAA90	CALLEE	0x14193C300
0x1418CAA90	CALLEE	0x14193C370
0x1418CAA90	CALLEE	0x14193C3E0
0x1418CAA90	CALLEE	0x14193C450
0x1418CAA90	CALLEE	0x14193C4C0
0x1418CAA90	CALLEE	0x14193C530
0x1418CAA90	CALLEE	0x14193C5A0
0x1418CAA90	CALLEE	0x14193C610
0x1418CAA90	CALLEE	0x14193C680
0x1418CAA90	CALLEE	0x14193C6F0
0x1418CAA90	CALLEE	0x14193C760
0x1418CAA90	CALLEE	0x14193C7D0
0x1418CAA90	CALLEE	0x14193C840
0x1418CAA90	CALLEE	0x14193C8B0
0x1418CAA90	CALLEE	0x14193C920
0x1418CAA90	CALLEE	0x14193C990
0x1418CAA90	CALLEE	0x14193CA00
0x1418CAA90	CALLEE	0x14193CA70
0x1418CAA90	CALLEE	0x14193CAE0
0x1418CAA90	CALLEE	0x14193CB50
0x1418CAA90	CALLEE	0x14193CBC0
0x1418CAA90	CALLEE	0x14193CC30
0x1418CAA90	CALLEE	0x14193CCA0
0x1418CAA90	CALLEE	0x14193CD10
0x1418CAA90	CALLEE	0x14193CD80
0x1418CAA90	CALLEE	0x14193CDF0
0x1418CAA90	CALLEE	0x14193CE60
0x1418CAA90	CALLEE	0x14193CED0
0x1418CAA90	CALLEE	0x14193CF40
0x1418CAA90	CALLEE	0x14193CFB0
0x1418CAA90	CALLEE	0x14193D020
0x1418CAA90	CALLEE	0x14193D090
0x1418CAA90	CALLEE	0x14193D100
0x1418CAA90	CALLEE	0x14193D170
0x1418CAA90	CALLEE	0x14193D1E0
0x1418CAA90	CALLEE	0x14193D250
0x1418CAA90	CALLEE	0x14193D2C0
0x1418CAA90	CALLEE	0x14193D330
0x1418CAA90	CALLEE	0x14193D3A0
0x1418CAA90	CALLEE	0x14193D410
0x1418CAA90	CALLEE	0x14193D480
0x1418CAA90	CALLEE	0x14193D4F0
0x1418CAA90	CALLEE	0x14193D560
0x1418CAA90	CALLEE	0x14193D5D0
0x1418CAA90	CALLEE	0x14193D640
0x1418CAA90	CALLEE	0x14193D6B0
0x1418CAA90	CALLEE	0x14193D720
0x1418CAA90	CALLEE	0x14193D790
0x1418CAA90	CALLEE	0x14193D800
0x1418CAA90	CALLEE	0x14193D870
0x1418CAA90	CALLEE	0x14193D8E0
0x1418CAA90	CALLEE	0x14193D950
0x1418CAA90	CALLEE	0x14193D9C0
0x1418CAA90	CALLEE	0x14193DA30
0x1418CAA90	CALLEE	0x14193DAA0
0x1418CAA90	CALLEE	0x14193DB10
0x1418CAA90	CALLEE	0x14193DB80
0x1418CAA90	CALLEE	0x14193DBF0
0x1418CAA90	CALLEE	0x14193DC60
0x1418CAA90	CALLEE	0x14193DCD0
0x1418CAA90	CALLEE	0x14193DD40
0x1418CAA90	CALLEE	0x14193DDB0
0x1418CAA90	CALLEE	0x14193DE20
0x1418CAA90	CALLEE	0x14193DE90
0x1418CAA90	CALLEE	0x14193DF00
0x1418CAA90	CALLEE	0x14193DF70
0x1418CAA90	CALLEE	0x14193DFE0
0x1418CAA90	CALLEE	0x14193E050
0x1418CAA90	CALLEE	0x14193E0C0
0x1418CAA90	CALLEE	0x14193E130
0x1418CAA90	CALLEE	0x14193E1A0
0x1418CAA90	CALLEE	0x14193E210
0x1418CAA90	CALLEE	0x14193E280
0x1418CAA90	CALLEE	0x14193E2F0
0x1418CAA90	CALLEE	0x14193E360
0x1418CAA90	CALLEE	0x14193E3D0
0x1418CAA90	CALLEE	0x14193E440
0x1418CAA90	CALLEE	0x14193E4B0
0x1418CAA90	CALLEE	0x14193E520
0x1418CAA90	CALLEE	0x14193E590
0x1418CAA90	CALLEE	0x14193E600
0x1418CAA90	CALLEE	0x14193E670
0x1418CAA90	CALLEE	0x14193E6E0
0x1418CAA90	CALLEE	0x14193E750
0x1418CAA90	CALLEE	0x14193E7C0
0x1418CAA90	CALLEE	0x14193E830
0x1418CAA90	CALLEE	0x14193E8A0
0x1418CAA90	CALLEE	0x14193E910
0x1418CAA90	CALLEE	0x14193E980
0x1418CAA90	CALLEE	0x14193E9F0
0x1418CAA90	CALLEE	0x14193EA60
0x1418CAA90	CALLEE	0x14193EAD0
0x1418CAA90	CALLEE	0x14193EB40
0x1418CAA90	CALLEE	0x14193EBB0
0x1418CAA90	CALLEE	0x14193EC20
0x1418CAA90	CALLEE	0x14193EC90
0x1418CAA90	CALLEE	0x14193ED00
0x1418CAA90	CALLEE	0x14193ED70
0x1418CAA90	CALLEE	0x14193EDE0
0x1418CAA90	CALLEE	0x14193EE50
0x1418CAA90	CALLEE	0x14193EEC0
0x1418CAA90	CALLEE	0x14193EF30
0x1418CAA90	CALLEE	0x14193EFA0
0x1418CAA90	CALLEE	0x14193F010
0x1418CAA90	CALLEE	0x14193F080
0x1418CAA90	CALLEE	0x14193F0F0
0x1418CAA90	CALLEE	0x14193F160
0x1418CAA90	CALLEE	0x14193F1D0
0x1418CAA90	CALLEE	0x14193F240
0x1418CAA90	CALLEE	0x14193F2B0
0x1418CAA90	CALLEE	0x14193F320
0x1418CAA90	CALLEE	0x14193F390
0x1418CAA90	CALLEE	0x14193F400
0x1418CAA90	CALLEE	0x14193F470
0x1418CAA90	CALLEE	0x14193F4E0
0x1418CAA90	CALLEE	0x14193F550
0x1418CAA90	CALLEE	0x14193F5C0
0x1418CAA90	CALLEE	0x14193F630
0x1418CAA90	CALLEE	0x14193F6A0
0x1418CAA90	CALLEE	0x14193F710
0x1418CAA90	CALLEE	0x14193F780
0x1418CAA90	CALLEE	0x14193F7F0
0x1418CAA90	CALLEE	0x14193F860
0x1418CAA90	CALLEE	0x14193F8D0
0x1418CAA90	CALLEE	0x14193F940
0x1418CAA90	CALLEE	0x14193F9B0
0x1418CAA90	CALLEE	0x14193FA20
0x1418CAA90	CALLEE	0x14193FA90
0x1418CAA90	CALLEE	0x14193FB00
0x1418CAA90	CALLEE	0x14193FB70
0x1418CAA90	CALLEE	0x14193FBE0
0x1418CAA90	CALLEE	0x14193FC50
0x1418CAA90	CALLEE	0x14193FCC0
0x1418CAA90	CALLEE	0x14193FD30
0x1418CAA90	CALLEE	0x14193FDA0
0x1418CAA90	CALLEE	0x14193FE10
0x1418CAA90	CALLEE	0x14193FE80
0x1418CAA90	CALLEE	0x14193FEF0
0x1418CAA90	CALLEE	0x14193FF60
0x1418CAA90	CALLEE	0x14193FFD0
0x1418CAA90	CALLEE	0x141940040
0x1418CAA90	CALLEE	0x1419400B0
0x1418CAA90	CALLEE	0x141940120
0x1418CAA90	CALLEE	0x141940190
0x1418CAA90	CALLEE	0x141940200
0x1418CAA90	CALLEE	0x141940270
0x1418CAA90	CALLEE	0x1419402E0
0x1418CAA90	CALLEE	0x141940350
0x1418CAA90	CALLEE	0x1419403C0
0x1418CAA90	CALLEE	0x141940430
0x1418CAA90	CALLEE	0x1419404A0
0x1418CAA90	CALLEE	0x141940510
0x1418CAA90	CALLEE	0x141940580
0x1418CAA90	CALLEE	0x1419405F0
0x1418CAA90	CALLEE	0x141940660
0x1418CAA90	CALLEE	0x1419406D0
0x1418CAA90	CALLEE	0x141940740
0x1418CAA90	CALLEE	0x1419407B0
0x1418CAA90	CALLEE	0x141940820
0x1418CAA90	CALLEE	0x141940890
0x1418CAA90	CALLEE	0x141940900
0x1418CAA90	CALLEE	0x141940970
0x1418CAA90	CALLEE	0x1419409E0
0x1418CAA90	CALLEE	0x141940A50
0x1418CAA90	CALLEE	0x141940AC0
0x1418CAA90	CALLEE	0x141940B30
0x1418CAA90	CALLEE	0x141940BA0
0x1418CAA90	CALLEE	0x141940C10
0x1418CAA90	CALLEE	0x141940C80
0x1418CAA90	CALLEE	0x141940CF0
0x1418CAA90	CALLEE	0x141940D60
0x1418CAA90	CALLEE	0x141940DD0
0x1418CAA90	CALLEE	0x141940E40
0x1418CAA90	CALLEE	0x141940EB0
0x1418CAA90	CALLEE	0x141940F20
0x1418CAA90	CALLEE	0x141940F90
0x1418CAA90	CALLEE	0x141941000
0x1418CAA90	CALLEE	0x141941070
0x1418CAA90	CALLEE	0x1419410E0
0x1418CAA90	CALLEE	0x141941150
0x1418CAA90	CALLEE	0x1419411C0
0x1418CAA90	CALLEE	0x141941230
0x1418CAA90	CALLEE	0x1419412A0
0x1418CAA90	CALLEE	0x141941310
0x1418CAA90	CALLEE	0x141941380
0x1418CAA90	CALLEE	0x1419413F0
0x1418CAA90	CALLEE	0x141941460
0x1418CAA90	CALLEE	0x1419414D0
0x1418CAA90	CALLEE	0x141941540
0x1418CAA90	CALLEE	0x1419415B0
0x1418CAA90	CALLEE	0x141941620
0x1418CAA90	CALLEE	0x141941690
0x1418CAA90	CALLEE	0x141941700
0x1418CAA90	CALLEE	0x141941770
0x1418CAA90	CALLEE	0x1419417E0
0x1418CAA90	CALLEE	0x141941850
0x1418CAA90	CALLEE	0x1419418C0
0x1418CAA90	CALLEE	0x141941930
0x1418CAA90	CALLEE	0x1419419A0
0x1418CAA90	CALLEE	0x141941A10
0x1418CAA90	CALLEE	0x141941A80
0x1418CAA90	CALLEE	0x141941AF0
0x1418CAA90	CALLEE	0x141941B60
0x1418CAA90	CALLEE	0x141941BD0
0x1418CAA90	CALLEE	0x141941C40
0x1418CAA90	CALLEE	0x141941CB0
0x1418CAA90	CALLEE	0x141941D20
0x1418CAA90	CALLEE	0x141941D90
0x1418CAA90	CALLEE	0x141941E00
0x1418CAA90	CALLEE	0x141941E70
0x1418CAA90	CALLEE	0x141941EE0
0x1418CAA90	CALLEE	0x141941F50
0x1418CAA90	CALLEE	0x141941FC0
0x1418CAA90	CALLEE	0x141942030
0x1418CAA90	CALLEE	0x1419420A0
0x1418CAA90	CALLEE	0x141942110
0x1418CAA90	CALLEE	0x141942180
0x1418CAA90	CALLEE	0x1419421F0
0x1418CAA90	CALLEE	0x141942260
0x1418CAA90	CALLEE	0x1419422D0
0x1418CAA90	CALLEE	0x141942340
0x1418CAA90	CALLEE	0x1419423B0
0x1418CAA90	CALLEE	0x141942420
0x1418CAA90	CALLEE	0x141942490
0x1418CAA90	CALLEE	0x141942500
0x1418CAA90	CALLEE	0x141942570
0x1418CAA90	CALLEE	0x1419425E0
0x1418CAA90	CALLEE	0x141942650
0x1418CAA90	CALLEE	0x1419426C0
0x1418CAA90	CALLEE	0x141942730
0x1418CAA90	CALLEE	0x1419427A0
0x1418CAA90	CALLEE	0x141942810
0x1418CAA90	CALLEE	0x141942880
0x1418CAA90	CALLEE	0x1419428F0
0x1418CAA90	CALLEE	0x141942960
0x1418CAA90	CALLEE	0x1419429D0
0x1418CAA90	CALLEE	0x141942A40
0x1418CAA90	CALLEE	0x141942AB0
0x1418CAA90	CALLEE	0x141942B20
0x1418CAA90	CALLEE	0x141942B90
0x1418CAA90	CALLEE	0x141942C00
0x1418CAA90	CALLEE	0x141942C70
0x1418CAA90	CALLEE	0x141942CE0
0x1418CAA90	CALLEE	0x141942D50
0x1418CAA90	CALLEE	0x141942DC0
0x1418CAA90	CALLEE	0x141942E30
0x1418CAA90	CALLEE	0x141942EA0
0x1418CAA90	CALLEE	0x141942F10
0x1418CAA90	CALLEE	0x141942F80
0x1418CAA90	CALLEE	0x141942FF0
0x1418CAA90	CALLEE	0x141943060
0x1418CAA90	CALLEE	0x1419430D0
0x1418CAA90	CALLEE	0x141943140
0x1418CAA90	CALLEE	0x1419431B0
0x1418CAA90	CALLEE	0x141943220
0x1418CAA90	CALLEE	0x141943290
0x1418CAA90	CALLEE	0x141943300
0x1418CAA90	CALLEE	0x141943370
0x1418CAA90	CALLEE	0x1419433E0
0x1418CAA90	CALLEE	0x141943450
0x1418CAA90	CALLEE	0x1419434C0
0x1418CAA90	CALLEE	0x141943530
0x1418CAA90	CALLEE	0x1419435A0
0x1418CAA90	CALLEE	0x141943610
0x1418CAA90	CALLEE	0x141943680
0x1418CAA90	CALLEE	0x1419436F0
0x1418CAA90	CALLEE	0x141943760
0x1418CAA90	CALLEE	0x1419437D0
0x1418CAA90	CALLEE	0x141943840
0x1418CAA90	CALLEE	0x1419438B0
0x1418CAA90	CALLEE	0x141943920
0x1418CAA90	CALLEE	0x141943990
0x1418CAA90	CALLEE	0x141943A00
0x1418CAA90	CALLEE	0x141943A70
0x1418CAA90	CALLEE	0x141943AE0
0x1418CAA90	CALLEE	0x141943B50
0x1418CAA90	CALLEE	0x141943BC0
0x1418CAA90	CALLEE	0x141943C30
0x1418CAA90	CALLEE	0x141943CA0
0x1418CAA90	CALLEE	0x141943D10
0x1418CAA90	CALLEE	0x141943D80
0x1418CAA90	CALLEE	0x141943DF0
0x1418CAA90	CALLEE	0x141943E60
0x1418CAA90	CALLEE	0x141943ED0
0x1418CAA90	CALLEE	0x141943F40
0x1418CAA90	CALLEE	0x141943FB0
0x1418CAA90	CALLEE	0x141944020
0x1418CAA90	CALLEE	0x141944090
0x1418CAA90	CALLEE	0x141944100
0x1418CAA90	CALLEE	0x141944170
0x1418CAA90	CALLEE	0x1419441E0
0x1418CAA90	CALLEE	0x141944250
0x1418CAA90	CALLEE	0x1419442C0
0x1418CAA90	CALLEE	0x141944330
0x1418CAA90	CALLEE	0x1419443A0
0x1418CAA90	CALLEE	0x141944410
0x1418CAA90	CALLEE	0x141944480
0x1418CAA90	CALLEE	0x1419444F0
0x1418CAA90	CALLEE	0x141944560
0x1418CAA90	CALLEE	0x1419445D0
0x1418CAA90	CALLEE	0x141944640
0x1418CAA90	CALLEE	0x1419446B0
0x1418CAA90	CALLEE	0x141944720
0x1418CAA90	CALLEE	0x141944790
0x1418CAA90	CALLEE	0x141944800
0x1418CAA90	CALLEE	0x141944870
0x1418CAA90	CALLEE	0x1419448E0
0x1418CAA90	CALLEE	0x141944950
0x1418CAA90	CALLEE	0x1419449C0
0x1418CAA90	CALLEE	0x141944A30
0x1418CAA90	CALLEE	0x141944AA0
0x1418CAA90	CALLEE	0x141944B10
0x1418CAA90	CALLEE	0x141944B80
0x1418CAA90	CALLEE	0x141944BF0
0x1418CAA90	CALLEE	0x141944C60
0x1418CAA90	CALLEE	0x141944CD0
0x1418CAA90	CALLEE	0x141944D40
0x1418CAA90	CALLEE	0x141944DB0
0x1418CAA90	CALLEE	0x141944E20
0x1418CAA90	CALLEE	0x141944E90
0x1418CAA90	CALLEE	0x141944F00
0x1418CAA90	CALLEE	0x141944F70
0x1418CAA90	CALLEE	0x141944FE0
0x1418CAA90	CALLEE	0x141945050
0x1418CAA90	CALLEE	0x1419450C0
0x1418CAA90	CALLEE	0x141945130
0x1418CAA90	CALLEE	0x1419451A0
0x1418CAA90	CALLEE	0x141945210
0x1418CAA90	CALLEE	0x141945280
0x1418CAA90	CALLEE	0x1419452F0
0x1418CAA90	CALLEE	0x141945360
0x1418CAA90	CALLEE	0x1419453D0
0x1418CAA90	CALLEE	0x141945440
0x1418CAA90	CALLEE	0x1419454B0
0x1418CAA90	CALLEE	0x141945520
0x1418CAA90	CALLEE	0x141945590
0x1418CAA90	CALLEE	0x141945600
0x1418CAA90	CALLEE	0x141945670
0x1418CAA90	CALLEE	0x1419456E0
0x1418CAA90	CALLEE	0x141945750
0x1418CAA90	CALLEE	0x1419457C0
0x1418CAA90	CALLEE	0x141945830
0x1418CAA90	CALLEE	0x1419458A0
0x1418CAA90	CALLEE	0x141945910
0x1418CAA90	CALLEE	0x141945980
0x1418CAA90	CALLEE	0x1419459F0
0x1418CAA90	CALLEE	0x141945A60
0x1418CAA90	CALLEE	0x141945AD0
0x1418CAA90	CALLEE	0x141945B40
0x1418CAA90	CALLEE	0x141945BB0
0x1418CAA90	CALLEE	0x141945C20
0x1418CAA90	CALLEE	0x141945C90
0x1418CAA90	CALLEE	0x141945D00
0x1418CAA90	CALLEE	0x141945D70
0x1418CAA90	CALLEE	0x141945DE0
0x1418CAA90	CALLEE	0x141945E50
0x1418CAA90	CALLEE	0x141945EC0
0x1418CAA90	CALLEE	0x141945F30
0x1418CAA90	CALLEE	0x141945FA0
0x1418CAA90	CALLEE	0x141946010
0x1418CAA90	CALLEE	0x141946080
0x1418CAA90	CALLEE	0x1419460F0
0x1418CAA90	CALLEE	0x141946160
0x1418CAA90	CALLEE	0x1419461D0
0x1418CAA90	CALLEE	0x141946240
0x1418CAA90	CALLEE	0x1419462B0
0x1418CAA90	CALLEE	0x141946320
0x1418CAA90	CALLEE	0x141946390
0x1418CAA90	CALLEE	0x141946400
0x1418CAA90	CALLEE	0x141946470
0x1418CAA90	CALLEE	0x1419464E0
0x1418CAA90	CALLEE	0x141946550
0x1418CAA90	CALLEE	0x1419465C0
0x1418CAA90	CALLEE	0x141946630
0x1418CAA90	CALLEE	0x1419466A0
0x1418CAA90	CALLEE	0x141946710
0x1418CAA90	CALLEE	0x141946780
0x1418CAA90	CALLEE	0x1419467F0
0x1418CAA90	CALLEE	0x141946860
0x1418CAA90	CALLEE	0x1419468D0
0x1418CAA90	CALLEE	0x141946940
0x1418CAA90	CALLEE	0x1419469B0
0x1418CAA90	CALLEE	0x141946A20
0x1418CAA90	CALLEE	0x141946A90
0x1418CAA90	CALLEE	0x141946B00
0x1418CAA90	CALLEE	0x141946B70
0x1418CAA90	CALLEE	0x141946BE0
0x1418CAA90	CALLEE	0x141946C50
0x1418CAA90	CALLEE	0x141946CC0
0x1418CAA90	CALLEE	0x141946D30
0x1418CAA90	CALLEE	0x141946DA0
0x1418CAA90	CALLEE	0x141946E10
0x1418CAA90	CALLEE	0x141946E80
0x1418CAA90	CALLEE	0x141946EF0
0x1418CAA90	CALLEE	0x141946F60
0x1418CAA90	CALLEE	0x141946FD0
0x1418CAA90	CALLEE	0x141947040
0x1418CAA90	CALLEE	0x1419470B0
0x1418CAA90	CALLEE	0x141947120
0x1418CAA90	CALLEE	0x141947190
0x1418CAA90	CALLEE	0x141947200
0x1418CAA90	CALLEE	0x141947270
0x1418CAA90	CALLEE	0x1419472E0
0x1418CAA90	CALLEE	0x141947350
0x1418CAA90	CALLEE	0x1419473C0
0x1418CAA90	CALLEE	0x141947430
0x1418CAA90	CALLEE	0x1419474A0
0x1418CAA90	CALLEE	0x141947510
0x1418CAA90	CALLEE	0x141947580
0x1418CAA90	CALLEE	0x1419475F0
0x1418CAA90	CALLEE	0x141947660
0x1418CAA90	CALLEE	0x1419476D0
0x1418CAA90	CALLEE	0x141947740
0x1418CAA90	CALLEE	0x1419477B0
0x1418CAA90	CALLEE	0x141947820
0x1418CAA90	CALLEE	0x141947890
0x1418CAA90	CALLEE	0x141947900
0x1418CAA90	CALLEE	0x141947970
0x1418CAA90	CALLEE	0x1419479E0
0x1418CAA90	CALLEE	0x141947A50
0x1418CAA90	CALLEE	0x141947AC0
0x1418CAA90	CALLEE	0x141947B30
0x1418CAA90	CALLEE	0x141947BA0
0x1418CAA90	CALLEE	0x141947BB0
0x1418CAA90	CALLEE	0x141947BC0
0x1418CAA90	CALLEE	0x14607D800
0x1418CAA90	CALLEE	0x147AA68B0
0x1419A853F	CALLEE	0x141840070
0x1419A853F	CALLEE	0x1418400A0
0x1419A853F	CALLEE	0x141840700
0x1419A853F	CALLEE	0x141840AC0
0x1419A853F	CALLEE	0x141840FA0
0x1419A853F	CALLEE	0x141841300
0x1419A853F	CALLEE	0x1418413C0
0x1419A853F	CALLEE	0x141841420
0x1419A853F	CALLEE	0x1418418D0
0x1419A853F	CALLEE	0x1418419F0
0x1419A853F	CALLEE	0x141841AB0
0x1419A853F	CALLEE	0x141841C90
0x1419A853F	CALLEE	0x141841D50
0x1419A853F	CALLEE	0x1418421D0
0x1419A853F	CALLEE	0x141842470
0x1419A853F	CALLEE	0x141843580
0x1419A853F	CALLEE	0x141843E20
0x1419A853F	CALLEE	0x141844990
0x1419A853F	CALLEE	0x141844A50
0x1419A853F	CALLEE	0x141844C90
0x1419A853F	CALLEE	0x141844EA0
0x1419A853F	CALLEE	0x141845020
0x1419A853F	CALLEE	0x1418453B0
0x1419A853F	CALLEE	0x1418455C0
0x1419A853F	CALLEE	0x141845620
0x1419A853F	CALLEE	0x1418456B0
0x1419A853F	CALLEE	0x141845EC0
0x1419A853F	CALLEE	0x141846100
0x1419A853F	CALLEE	0x1418466A0
0x1419A853F	CALLEE	0x141846730
0x1419A853F	CALLEE	0x141846EB0
0x1419A853F	CALLEE	0x141847330
0x1419A853F	CALLEE	0x1418473C0
0x1419A853F	CALLEE	0x141847E70
0x1419A853F	CALLEE	0x141848290
0x1419A853F	CALLEE	0x141848410
0x1419A853F	CALLEE	0x141848470
0x1419A853F	CALLEE	0x141848CE0
0x1419A853F	CALLEE	0x14184A6F0
0x1419A853F	CALLEE	0x14184AC60
0x1419A853F	CALLEE	0x14184AEA0
0x1419A853F	CALLEE	0x14184B110
0x1419A853F	CALLEE	0x14184B1A0
0x1419A853F	CALLEE	0x14184B4A0
0x1419A853F	CALLEE	0x14184B5C0
0x1419A853F	CALLEE	0x14184BB60
0x1419A853F	CALLEE	0x14184BC50
0x1419A853F	CALLEE	0x14184BE00
0x1419A853F	CALLEE	0x14184BFE0
0x1419A853F	CALLEE	0x14184C0A0
0x1419A853F	CALLEE	0x14184C0D0
0x1419A853F	CALLEE	0x14184C460
0x1419A853F	CALLEE	0x14184C610
0x1419A853F	CALLEE	0x14184CCD0
0x1419A853F	CALLEE	0x14184D660
0x1419A853F	CALLEE	0x14184DC60
0x1419A853F	CALLEE	0x14184DCC0
0x1419A853F	CALLEE	0x14184E260
0x1419A853F	CALLEE	0x14184E830
0x1419A853F	CALLEE	0x14184EC80
0x1419A853F	CALLEE	0x14184F010
0x1419A853F	CALLEE	0x14195B1E0
0x1419A853F	CALLEE	0x14195B300
0x1419A853F	CALLEE	0x1423932C0
0x1419A853F	CALLEE	0x142393440
0x1419A853F	CALLEE	0x1423934C0
0x1419A853F	CALLEE	0x142393C40
0x1419A853F	CALLEE	0x142393DC0
0x1419A853F	CALLEE	0x142393E40
0x1419A853F	CALLEE	0x142394240
0x1419A853F	CALLEE	0x146083F10
0x141A8E27F	CALLEE	0x1412F4730
0x141A8E27F	CALLEE	0x14195B1E0
0x141A8E27F	CALLEE	0x1423932C0
0x141A8E27F	CALLEE	0x142393440
0x141A8E27F	CALLEE	0x1423934C0
0x141A8E27F	CALLEE	0x142393C40
0x141A8E27F	CALLEE	0x142393DC0
0x141A8E27F	CALLEE	0x142394240
0x141A8E27F	CALLEE	0x146083F10
0x141F9EF4D	CALLEE	0x141840070
0x141F9EF4D	CALLEE	0x1418404F0
0x141F9EF4D	CALLEE	0x141843040
0x141F9EF4D	CALLEE	0x141846970
0x141F9EF4D	CALLEE	0x1418472D0
0x141F9EF4D	CALLEE	0x141848170
0x141F9EF4D	CALLEE	0x141848380
0x141F9EF4D	CALLEE	0x14184A330
0x141F9EF4D	CALLEE	0x14184BB30
0x141F9EF4D	CALLEE	0x14184C2B0
0x141F9EF4D	CALLEE	0x14184C3D0
0x141F9EF4D	CALLEE	0x14184D9C0
0x141F9EF4D	CALLEE	0x1423932C0
0x141F9EF4D	CALLEE	0x142393340
0x141F9EF4D	CALLEE	0x146083F10
0x141FAF6EE	CALLEE	0x141846970
0x141FAF6EE	CALLEE	0x141848380
0x141FAF6EE	CALLEE	0x14184C3D0
0x141FAF6EE	CALLEE	0x14184D390
0x141FAF6EE	CALLEE	0x1423932C0
0x141FAF6EE	CALLEE	0x146083F10
0x141FB2160	CALLEE	0x1423932C0
0x141FB2160	CALLEE	0x142393340
0x141FB2160	CALLEE	0x146083F10
0x14276EF30	CALLER	0x142748090
0x14276EF30	CALLER	0x142748130
0x14276EF30	CALLER	0x14277EE50
0x14276EF30	CALLEE	0x1407E0860
0x14276EF30	CALLEE	0x14162F3E0
0x14276EF30	CALLEE	0x141636120
0x14276EF30	CALLEE	0x141775C60
0x142FDEC20	CALLER	0x142FAA420
0x142FDEC20	CALLER	0x142FD8FE0
0x142FDEC20	CALLEE	0x140298E00
0x142FDEC20	CALLEE	0x14149CA40
0x142FDEC20	CALLEE	0x142768740
0x142FDEC20	CALLEE	0x1427791C0
0x142FDEC20	CALLEE	0x1427794C0
0x142FDEC20	CALLEE	0x1427796F0
0x142FDEC20	CALLEE	0x1427799F0
0x142FDEC20	CALLEE	0x142779B70
0x142FDEC20	CALLEE	0x1429A9300
0x142FDEC20	CALLEE	0x142EEBD20
0x142FDEC20	CALLEE	0x142FEC9F0
0x142FDEC20	CALLEE	0x142FECB70
0x142FDF050	CALLER	0x142FD8FE0
0x142FDF050	CALLEE	0x1402B0580
0x142FDF050	CALLEE	0x142768740
0x142FDF050	CALLEE	0x1427791C0
0x142FDF050	CALLEE	0x1427794C0
0x142FDF050	CALLEE	0x1427796F0
0x142FDF050	CALLEE	0x1427799F0
0x142FDF050	CALLEE	0x142779B70
0x142FDF050	CALLEE	0x1429A9300
0x142FDF050	CALLEE	0x142EEBD20
0x142FDF050	CALLEE	0x142FDDB50
0x142FDF050	CALLEE	0x142FEC9F0
0x142FDF050	CALLEE	0x142FECB70
0x142FDF450	CALLER	0x142FA4760
0x142FDF450	CALLER	0x142FF2940
0x142FDF450	CALLER	0x142FF3F60
0x142FDF450	CALLEE	0x1416183D0
0x142FFBE56	CALLEE	0x1416AF4B0
0x142FFBE56	CALLEE	0x142594210
0x142FFBE56	CALLEE	0x142759320
0x143236C90	CALLER	0x14324B0F0
0x143236C90	CALLEE	0x140298E80
0x143236C90	CALLEE	0x14029B470
0x143236C90	CALLEE	0x14029B780
0x143236C90	CALLEE	0x1402B04F0
0x143236C90	CALLEE	0x1402B3540
0x143236C90	CALLEE	0x1402CA380
0x143236C90	CALLEE	0x14053EB60
0x143236C90	CALLEE	0x140794170
0x143236C90	CALLEE	0x14079A410
0x143236C90	CALLEE	0x1407B32F0
0x143236C90	CALLEE	0x140D7E170
0x143236C90	CALLEE	0x140D7E210
0x143236C90	CALLEE	0x141099770
0x143236C90	CALLEE	0x1412F4730
0x143236C90	CALLEE	0x14149CA40
0x143236C90	CALLEE	0x141676530
0x143236C90	CALLEE	0x1416773B0
0x143236C90	CALLEE	0x1416AD7E0
0x143236C90	CALLEE	0x141789EF0
0x143236C90	CALLEE	0x14178AF20
0x143236C90	CALLEE	0x14178B3A0
0x143236C90	CALLEE	0x141790020
0x143236C90	CALLEE	0x142518CF0
0x143236C90	CALLEE	0x1431E43A0
0x143236C90	CALLEE	0x14323C7F0
0x143236C90	CALLEE	0x143243B90
0x143236C90	CALLEE	0x14324B5C0
0x143236C90	CALLEE	0x143252D90
0x143236C90	CALLEE	0x143252EF0
0x143236C90	CALLEE	0x1432531C0
0x143236C90	CALLEE	0x14334CCF0
0x143236C90	CALLEE	0x145BDD030
0x143236C90	CALLEE	0x145BF69F0
0x143236C90	CALLEE	0x145BF6A70
0x143236C90	CALLEE	0x145BF6BC0
0x143236C90	CALLEE	0x145BF6C60
0x143236C90	CALLEE	0x145BF6CE0
0x143236C90	CALLEE	0x145BF6D50
0x143236C90	CALLEE	0x145C69600
0x143236C90	CALLEE	0x145D31CA0
0x143236C90	CALLEE	0x145D32740
0x143236C90	CALLEE	0x147AA652C
0x143236C90	CALLEE	0x147AA6598
0x143236C90	CALLEE	0x147AA68B0
0x143236C90	CALLEE	0x147AAD091
0x14323BE00	CALLER	0x1432326E0
0x14323BE00	CALLER	0x143D53CC0
0x14323BE00	CALLEE	0x14053EB60
0x14323BE00	CALLEE	0x14149CA40
0x14323BE00	CALLEE	0x142518CF0
0x143299920	CALLER	0x143272020
0x143299920	CALLER	0x1432A8930
0x143299920	CALLEE	0x1402B3540
0x143299920	CALLEE	0x14053EB60
0x143299920	CALLEE	0x1407F7D80
0x143299920	CALLEE	0x14149CA40
0x143299920	CALLEE	0x1416183D0
0x143299920	CALLEE	0x1416286F0
0x143299920	CALLEE	0x14162EA60
0x143299920	CALLEE	0x1428CD2C0
0x143299920	CALLEE	0x143295EB0
0x143299920	CALLEE	0x144653B40
0x1433D9380	CALLER	0x1433C96D0
0x1433D9380	CALLER	0x1433DFD60
0x1433D9380	CALLEE	0x1407F7D80
0x1433D9380	CALLEE	0x14149CA40
0x1433D9380	CALLEE	0x141636120
0x1433D9380	CALLEE	0x1425939A0
0x1433D9380	CALLEE	0x144653B40
0x1433D9380	CALLEE	0x145BA96D0
0x1434934C0	CALLER	0x1434AEC30
0x1434934C0	CALLEE	0x140299080
0x1434934C0	CALLEE	0x1402B9910
0x1434934C0	CALLEE	0x141499110
0x1434934C0	CALLEE	0x14149CA40
0x1434934C0	CALLEE	0x1416360E0
0x1434934C0	CALLEE	0x14348F910
0x1434934C0	CALLEE	0x14348FB70
0x1434934C0	CALLEE	0x14348FE10
0x1434934C0	CALLEE	0x143490070
0x1434934C0	CALLEE	0x1434902D0
0x1434934C0	CALLEE	0x143490530
0x1434934C0	CALLEE	0x143490790
0x1434934C0	CALLEE	0x143490A20
0x1434934C0	CALLEE	0x143490AF0
0x1434934C0	CALLEE	0x1434912C0
0x1434934C0	CALLEE	0x1434913C0
0x1434934C0	CALLEE	0x1434915B0
0x1434934C0	CALLEE	0x1434CB450
0x1434934C0	CALLEE	0x146152AD0
0x1434934C0	CALLEE	0x147AAD05B
0x143536960	CALLER	0x14352C250
0x143536960	CALLEE	0x1402F2D90
0x143536960	CALLEE	0x140534CA0
0x143536960	CALLEE	0x140815920
0x143536960	CALLEE	0x140864750
0x143536960	CALLEE	0x1408792B0
0x143536960	CALLEE	0x1408E12E0
0x143536960	CALLEE	0x1409FFBE0
0x143536960	CALLEE	0x140A12CD0
0x143536960	CALLEE	0x140B50ED0
0x143536960	CALLEE	0x1413E5950
0x143536960	CALLEE	0x1414658F0
0x143536960	CALLEE	0x14149CA40
0x143536960	CALLEE	0x1416AD7E0
0x143536960	CALLEE	0x1425224C0
0x143536960	CALLEE	0x14287AC30
0x143536960	CALLEE	0x142C935E0
0x143536960	CALLEE	0x142C94CE0
0x143536960	CALLEE	0x142C94DF0
0x143536960	CALLEE	0x1435094B0
0x143536960	CALLEE	0x1435097C0
0x143536960	CALLEE	0x14350BFD0
0x143536960	CALLEE	0x14350C200
0x143536960	CALLEE	0x14350CE10
0x143536960	CALLEE	0x14350D340
0x143536960	CALLEE	0x14350D9C0
0x143536960	CALLEE	0x143513CD0
0x143536960	CALLEE	0x14351FDC0
0x143536960	CALLEE	0x14351FE00
0x143536960	CALLEE	0x143524350
0x143536960	CALLEE	0x143528340
0x143536960	CALLEE	0x1435336A0
0x143536960	CALLEE	0x1435340C0
0x143536960	CALLEE	0x145C69090
0x143536960	CALLEE	0x146347E80
0x143536960	CALLEE	0x147AAD091
0x143536960	CALLEE	0x147AAD14B
0x143536960	CALLEE	0x147AAD169
0x14360B3C0	CALLER	0x1435F2AB0
0x14360B3C0	CALLER	0x1435F2B50
0x14360B3C0	CALLER	0x143613AB0
0x14360B3C0	CALLER	0x143619C10
0x14360B3C0	CALLEE	0x14053EB60
0x14360B3C0	CALLEE	0x14162F3E0
0x14360B3C0	CALLEE	0x141775C60
0x143A8DD00	CALLER	0x143AA8060
0x143A8DD00	CALLER	0x143AABC30
0x143A8DD00	CALLEE	0x140298E80
0x143A8DD00	CALLEE	0x14029B470
0x143A8DD00	CALLEE	0x1402B1040
0x143A8DD00	CALLEE	0x1402CA380
0x143A8DD00	CALLEE	0x140B455C0
0x143A8DD00	CALLEE	0x14149CA40
0x143A8DD00	CALLEE	0x143A84020
0x143A8DD00	CALLEE	0x143A84480
0x143A8DD00	CALLEE	0x143A87780
0x143A8DD00	CALLEE	0x143A878C0
0x143A8DD00	CALLEE	0x143A88030
0x143A8DD00	CALLEE	0x147AA68B0
0x143AA8060	CALLER	0x1445E43A0
0x143AA8060	CALLEE	0x140295530
0x143AA8060	CALLEE	0x1402964C0
0x143AA8060	CALLEE	0x140298E80
0x143AA8060	CALLEE	0x1402B03A0
0x143AA8060	CALLEE	0x1402B1040
0x143AA8060	CALLEE	0x1402B3540
0x143AA8060	CALLEE	0x14046C760
0x143AA8060	CALLEE	0x14046C940
0x143AA8060	CALLEE	0x14046CB50
0x143AA8060	CALLEE	0x14046CC60
0x143AA8060	CALLEE	0x1404B67B0
0x143AA8060	CALLEE	0x1406D97F0
0x143AA8060	CALLEE	0x1407866A0
0x143AA8060	CALLEE	0x1407FD960
0x143AA8060	CALLEE	0x140A1B460
0x143AA8060	CALLEE	0x140D77B20
0x143AA8060	CALLEE	0x140ECC130
0x143AA8060	CALLEE	0x1412F3C30
0x143AA8060	CALLEE	0x1412F4730
0x143AA8060	CALLEE	0x1413F58D0
0x143AA8060	CALLEE	0x141416700
0x143AA8060	CALLEE	0x141416740
0x143AA8060	CALLEE	0x14141C2B0
0x143AA8060	CALLEE	0x14145B890
0x143AA8060	CALLEE	0x1414937B0
0x143AA8060	CALLEE	0x141499110
0x143AA8060	CALLEE	0x14149CA40
0x143AA8060	CALLEE	0x14271C890
0x143AA8060	CALLEE	0x143192150
0x143AA8060	CALLEE	0x143A7FD80
0x143AA8060	CALLEE	0x143A7FFB0
0x143AA8060	CALLEE	0x143A84020
0x143AA8060	CALLEE	0x143A879D0
0x143AA8060	CALLEE	0x143A87A90
0x143AA8060	CALLEE	0x143A8DD00
0x143AA8060	CALLEE	0x143AB3130
0x143AA8060	CALLEE	0x143AB31B0
0x143AA8060	CALLEE	0x143AB3230
0x143AA8060	CALLEE	0x143AB5690
0x143AA8060	CALLEE	0x147AA68B0
0x143AABC30	CALLER	0x143AD9490
0x143AABC30	CALLEE	0x140298E80
0x143AABC30	CALLEE	0x1402B1040
0x143AABC30	CALLEE	0x1402B3540
0x143AABC30	CALLEE	0x14046CB50
0x143AABC30	CALLEE	0x14046CC60
0x143AABC30	CALLEE	0x1404B67B0
0x143AABC30	CALLEE	0x1406D97F0
0x143AABC30	CALLEE	0x140786820
0x143AABC30	CALLEE	0x14086BD50
0x143AABC30	CALLEE	0x140A168B0
0x143AABC30	CALLEE	0x140ECC130
0x143AABC30	CALLEE	0x141201E70
0x143AABC30	CALLEE	0x1412F3C30
0x143AABC30	CALLEE	0x1412F4730
0x143AABC30	CALLEE	0x1413F58D0
0x143AABC30	CALLEE	0x141416700
0x143AABC30	CALLEE	0x141416740
0x143AABC30	CALLEE	0x14145B890
0x143AABC30	CALLEE	0x14148E910
0x143AABC30	CALLEE	0x1414937B0
0x143AABC30	CALLEE	0x14149CA40
0x143AABC30	CALLEE	0x141593160
0x143AABC30	CALLEE	0x1417BCDF0
0x143AABC30	CALLEE	0x14271C890
0x143AABC30	CALLEE	0x14371EE50
0x143AABC30	CALLEE	0x143A7FD80
0x143AABC30	CALLEE	0x143A84020
0x143AABC30	CALLEE	0x143A879D0
0x143AABC30	CALLEE	0x143A87A90
0x143AABC30	CALLEE	0x143A8DD00
0x143AABC30	CALLEE	0x143AB5690
0x143AABC30	CALLEE	0x147AA68B0
0x143BDC040	CALLER	0x143BCECD0
0x143BDC040	CALLER	0x143BD7A70
0x143BDC040	CALLEE	0x140F21890
0x143BDC040	CALLEE	0x14149CA40
0x143BDC040	CALLEE	0x14162FE40
0x143BDC040	CALLEE	0x142536C60
0x143BDC040	CALLEE	0x1429DF3E0
0x143BDC040	CALLEE	0x1434E92E0
0x143BDC040	CALLEE	0x14356A3C0
0x143BDC040	CALLEE	0x143BD97B0
0x143BDC040	CALLEE	0x143BDAD30
0x143BDC040	CALLEE	0x143BDD3D0
0x143BDC040	CALLEE	0x147AA6610
0x143DD6B20	CALLER	0x143D7E510
0x143DD6B20	CALLER	0x143DB99F0
0x143DD6B20	CALLER	0x143DBBE80
0x143DD6B20	CALLEE	0x1402B0580
0x143DD6B20	CALLEE	0x1402B0E70
0x143DD6B20	CALLEE	0x140B4CA20
0x143DD6B20	CALLEE	0x1412F4730
0x143DD6B20	CALLEE	0x141499110
0x143DD6B20	CALLEE	0x14149CA40
0x143DD6B20	CALLEE	0x1414B4540
0x143DD6B20	CALLEE	0x14165A2B0
0x143DD6B20	CALLEE	0x14172DCF0
0x143DD6B20	CALLEE	0x142710360
0x143DD6B20	CALLEE	0x14323E200
0x143DD6B20	CALLEE	0x143A551C0
0x143DD6B20	CALLEE	0x143D7F2A0
0x143DD6B20	CALLEE	0x143D83170
0x143DD6B20	CALLEE	0x143D9A270
0x143DD6B20	CALLEE	0x143DB21D0
0x143DD6B20	CALLEE	0x143DCB150
0x143DD6B20	CALLEE	0x143DCB3B0
0x143DD6B20	CALLEE	0x143DCC3F0
0x143DD6B20	CALLEE	0x143DCC5E0
0x143DD6B20	CALLEE	0x143DCC760
0x143DD6B20	CALLEE	0x143DDA260
0x143DD6B20	CALLEE	0x143DDB310
0x143DD6B20	CALLEE	0x145BAF160
0x143DD6B20	CALLEE	0x147AAD061
0x143ED5F90	CALLER	0x143EB3AC0
0x143ED5F90	CALLER	0x143EDEDF0
0x143ED5F90	CALLER	0x143EDF7F0
0x143ED5F90	CALLEE	0x1413E70B0
0x143ED5F90	CALLEE	0x14149CA40
0x143ED5F90	CALLEE	0x1416183D0
0x143ED5F90	CALLEE	0x141634B50
0x143ED5F90	CALLEE	0x141636120
0x143ED5F90	CALLEE	0x142833C50
0x143ED5F90	CALLEE	0x145BB2070
0x143ED5F90	CALLEE	0x145BB4B70
0x143ED6700	CALLER	0x143EB4BC0
0x143ED6700	CALLER	0x143EDF170
0x143ED6700	CALLEE	0x1407E0860
0x143ED6700	CALLEE	0x1407F7D80
0x143ED6700	CALLEE	0x14149CA40
0x143ED6700	CALLEE	0x1416183D0
0x143ED6700	CALLEE	0x1416286F0
0x143ED6700	CALLEE	0x141634B50
0x143ED6700	CALLEE	0x145BB4B70
0x143ED6700	CALLEE	0x147AA69FC
0x143ED7440	CALLER	0x143ED0A30
0x143ED7440	CALLER	0x143ED0C26
0x143ED7440	CALLER	0x143F446A0
0x143ED7440	CALLER	0x14420DD20
0x143ED7440	CALLER	0x1444FE1E0
0x143ED7440	CALLER	0x1444FE600
0x143ED7440	CALLER	0x1444FEC20
0x143ED7440	CALLER	0x1445033D0
0x143ED7440	CALLER	0x1445035E0
0x143ED7440	CALLER	0x144503744
0x143ED7440	CALLER	0x1445038B0
0x143ED7440	CALLER	0x144503A90
0x143ED7440	CALLER	0x144503DB7
0x143ED7440	CALLER	0x144504830
0x143ED7440	CALLER	0x14450CF20
0x143ED7440	CALLER	0x14450F16D
0x143ED7440	CALLER	0x14450F820
0x143ED7440	CALLER	0x14450F8C0
0x143ED7440	CALLER	0x14450FB2F
0x143ED7440	CALLER	0x144AF76A0
0x143ED7440	CALLER	0x145B05F40
0x143ED7440	CALLEE	0x1416360E0
0x143ED7440	CALLEE	0x143D3ACD0
0x143EDA680	CALLER	0x143EF1E90
0x143EDA680	CALLER	0x144503744
0x143EDA680	CALLER	0x144504830
0x143EDA680	CALLER	0x144508150
0x143EDA680	CALLER	0x14450C060
0x143EDA680	CALLER	0x14450C420
0x143EDA680	CALLER	0x14450C5D0
0x143EDA680	CALLER	0x14450C740
0x143EDA680	CALLER	0x14450CF20
0x143EDA680	CALLER	0x14450F16D
0x143EDA680	CALLEE	0x14165A2B0
0x143EDA680	CALLEE	0x143EDA490
0x143FE1300	CALLER	0x143FD68F0
0x143FE1300	CALLER	0x143FDE080
0x143FE1300	CALLEE	0x140299040
0x143FE1300	CALLEE	0x1402B3540
0x143FE1300	CALLEE	0x14162FE40
0x143FE1300	CALLEE	0x142733EE0
0x143FE1300	CALLEE	0x142779B70
0x143FE1300	CALLEE	0x1428CD420
0x143FE1300	CALLEE	0x143BDD3D0
0x143FE1300	CALLEE	0x143FE1FF0
0x143FE1690	CALLER	0x143FDE080
0x143FE1690	CALLEE	0x1402D0EC0
0x143FE1690	CALLEE	0x14149CA40
0x143FE1690	CALLEE	0x14162FE40
0x143FE1690	CALLEE	0x142734050
0x143FE1690	CALLEE	0x142779B70
0x143FE1690	CALLEE	0x1428CD420
0x143FE1690	CALLEE	0x143BDD980
0x143FE1690	CALLEE	0x143E25A80
0x143FE1A30	CALLER	0x143FD39F0
0x143FE1A30	CALLER	0x143FE8160
0x143FE1A30	CALLEE	0x14053EB60
0x143FE1A30	CALLEE	0x14149CA40
0x143FE1A30	CALLEE	0x1425939A0
0x143FE1A30	CALLEE	0x145BB4D00
0x1440C85D0	CALLER	0x1440A8580
0x1440C85D0	CALLER	0x1440A8680
0x1440C85D0	CALLER	0x1440D5020
0x1440C85D0	CALLER	0x1440DADE0
0x1440C85D0	CALLER	0x1440DDAC0
0x1440C85D0	CALLEE	0x14162F3E0
0x1440C85D0	CALLEE	0x141775C60
0x1440C85D0	CALLEE	0x1440C6170
0x1441D6940	CALLER	0x1441A8450
0x1441D6940	CALLER	0x1441D0510
0x1441D6940	CALLEE	0x140298E00
0x1441D6940	CALLEE	0x14100BCB0
0x1441D6940	CALLEE	0x1416360E0
0x1441D6940	CALLEE	0x142EDF0F0
0x1441D6940	CALLEE	0x142EE0760
0x1441D6940	CALLEE	0x142EEACD0
0x1441D6940	CALLEE	0x142EEB480
0x1441D6940	CALLEE	0x142EEBEA0
0x1441D6940	CALLEE	0x1436F51E0
0x1441D6940	CALLEE	0x1441E4C40
0x1441D6940	CALLEE	0x1441E4CE0
0x1441D6DF0	CALLER	0x1441D0510
0x1441D6DF0	CALLEE	0x1402B0580
0x1441D6DF0	CALLEE	0x140FEAB80
0x1441D6DF0	CALLEE	0x14100BCB0
0x1441D6DF0	CALLEE	0x141499110
0x1441D6DF0	CALLEE	0x1416360E0
0x1441D6DF0	CALLEE	0x142EDF0F0
0x1441D6DF0	CALLEE	0x142EE0760
0x1441D6DF0	CALLEE	0x142EEACD0
0x1441D6DF0	CALLEE	0x142EEB480
0x1441D6DF0	CALLEE	0x142EEBEA0
0x1441D6DF0	CALLEE	0x1436F51E0
0x1441D6DF0	CALLEE	0x1441D4A70
0x1441D6DF0	CALLEE	0x1441D4BB0
0x1441D6DF0	CALLEE	0x1441D4E00
0x1441D6DF0	CALLEE	0x1441D4EA0
0x1441D6DF0	CALLEE	0x1441D5060
0x1441D6DF0	CALLEE	0x1441E4C40
0x1441D6DF0	CALLEE	0x1441E4CE0
0x144578900	CALLER	0x144540830
0x144578900	CALLER	0x14456F3B0
0x144578900	CALLEE	0x1402B0580
0x144578900	CALLEE	0x1405E43E0
0x144578900	CALLEE	0x14100B6B0
0x144578900	CALLEE	0x14100B7A0
0x144578900	CALLEE	0x141027A30
0x144578900	CALLEE	0x1410517F0
0x144578900	CALLEE	0x1412F03C0
0x144578900	CALLEE	0x1413D5570
0x144578900	CALLEE	0x141499110
0x144578900	CALLEE	0x14457A620
0x144578900	CALLEE	0x144587000
0x144578900	CALLEE	0x147AAD05B
0x144578F80	CALLER	0x14453E1B0
0x144578F80	CALLER	0x144590150
0x144578F80	CALLER	0x14474E2B0
0x144578F80	CALLEE	0x1412F3D40
0x144578F80	CALLEE	0x14457BB80
0x144594BD0	CALLEE	0x140297100
0x144594BD0	CALLEE	0x140298E80
0x144594BD0	CALLEE	0x14029B470
0x144594BD0	CALLEE	0x14029B4E0
0x144594BD0	CALLEE	0x14029C0B0
0x144594BD0	CALLEE	0x1402B04F0
0x144594BD0	CALLEE	0x1402B0580
0x144594BD0	CALLEE	0x1402B1040
0x144594BD0	CALLEE	0x1402B3540
0x144594BD0	CALLEE	0x1402C4800
0x144594BD0	CALLEE	0x1402C57C0
0x144594BD0	CALLEE	0x1402CA380
0x144594BD0	CALLEE	0x14033D610
0x144594BD0	CALLEE	0x140565C50
0x144594BD0	CALLEE	0x1406F51C0
0x144594BD0	CALLEE	0x1407943E0
0x144594BD0	CALLEE	0x140799EC0
0x144594BD0	CALLEE	0x1407A8530
0x144594BD0	CALLEE	0x1407B5220
0x144594BD0	CALLEE	0x1407E52A0
0x144594BD0	CALLEE	0x14086EAB0
0x144594BD0	CALLEE	0x140FC70A0
0x144594BD0	CALLEE	0x140FC7380
0x144594BD0	CALLEE	0x140FC7F90
0x144594BD0	CALLEE	0x140FE1820
0x144594BD0	CALLEE	0x141022A90
0x144594BD0	CALLEE	0x141025FB0
0x144594BD0	CALLEE	0x1413D5570
0x144594BD0	CALLEE	0x141404810
0x144594BD0	CALLEE	0x141499110
0x144594BD0	CALLEE	0x14149CA40
0x144594BD0	CALLEE	0x142782C00
0x144594BD0	CALLEE	0x142B960A0
0x144594BD0	CALLEE	0x142E6FDC0
0x144594BD0	CALLEE	0x1430D4AC0
0x144594BD0	CALLEE	0x143488760
0x144594BD0	CALLEE	0x143724AF0
0x144594BD0	CALLEE	0x143C081F0
0x144594BD0	CALLEE	0x144546140
0x144594BD0	CALLEE	0x144547EE0
0x144594BD0	CALLEE	0x1445481D0
0x144594BD0	CALLEE	0x14454BB60
0x144594BD0	CALLEE	0x14454BED0
0x144594BD0	CALLEE	0x14455FB00
0x144594BD0	CALLEE	0x144569A20
0x144594BD0	CALLEE	0x14456AB40
0x144594BD0	CALLEE	0x144576770
0x144594BD0	CALLEE	0x144576D50
0x144594BD0	CALLEE	0x14457BB80
0x144594BD0	CALLEE	0x14457EA00
0x144594BD0	CALLEE	0x14457FCE0
0x144594BD0	CALLEE	0x144591720
0x144594BD0	CALLEE	0x144591840
0x144594BD0	CALLEE	0x144591A10
0x144594BD0	CALLEE	0x144591D00
0x144594BD0	CALLEE	0x1445A32B0
0x144594BD0	CALLEE	0x1445A3EE0
0x144594BD0	CALLEE	0x1445A48E0
0x144594BD0	CALLEE	0x1445BA6C0
0x144594BD0	CALLEE	0x1445BCFE0
0x144594BD0	CALLEE	0x1445C4BF0
0x144594BD0	CALLEE	0x1445C4EF0
0x144594BD0	CALLEE	0x1445C57E0
0x144594BD0	CALLEE	0x1445C8AE0
0x144594BD0	CALLEE	0x1445D1820
0x144594BD0	CALLEE	0x1445D25B0
0x144594BD0	CALLEE	0x1445D2B80
0x144594BD0	CALLEE	0x1445D2DF0
0x144594BD0	CALLEE	0x1445D4230
0x144594BD0	CALLEE	0x1445D4270
0x144594BD0	CALLEE	0x147AA68B0
0x144594BD0	CALLEE	0x147AAD05B
0x144594BD0	CALLEE	0x147AAD067
0x1445BD7B0	CALLEE	0x140298E80
0x1445BD7B0	CALLEE	0x1402B0580
0x1445BD7B0	CALLEE	0x1402B1040
0x1445BD7B0	CALLEE	0x1402B8100
0x1445BD7B0	CALLEE	0x1402BA4A0
0x1445BD7B0	CALLEE	0x1402C3C00
0x1445BD7B0	CALLEE	0x1402CA380
0x1445BD7B0	CALLEE	0x1407866A0
0x1445BD7B0	CALLEE	0x140FC70A0
0x1445BD7B0	CALLEE	0x1410055B0
0x1445BD7B0	CALLEE	0x141022A90
0x1445BD7B0	CALLEE	0x141025FB0
0x1445BD7B0	CALLEE	0x141026380
0x1445BD7B0	CALLEE	0x1412D8FA0
0x1445BD7B0	CALLEE	0x1412D9090
0x1445BD7B0	CALLEE	0x14141C2B0
0x1445BD7B0	CALLEE	0x1414600F0
0x1445BD7B0	CALLEE	0x141499110
0x1445BD7B0	CALLEE	0x14149CA40
0x1445BD7B0	CALLEE	0x142580630
0x1445BD7B0	CALLEE	0x142C51A10
0x1445BD7B0	CALLEE	0x142C6DFE0
0x1445BD7B0	CALLEE	0x143FF4F60
0x1445BD7B0	CALLEE	0x1445424F0
0x1445BD7B0	CALLEE	0x1445427B0
0x1445BD7B0	CALLEE	0x144546140
0x1445BD7B0	CALLEE	0x1445463D0
0x1445BD7B0	CALLEE	0x144546650
0x1445BD7B0	CALLEE	0x1445481D0
0x1445BD7B0	CALLEE	0x14455D580
0x1445BD7B0	CALLEE	0x14455D690
0x1445BD7B0	CALLEE	0x14455D800
0x1445BD7B0	CALLEE	0x14455DBB0
0x1445BD7B0	CALLEE	0x14455DC40
0x1445BD7B0	CALLEE	0x14455DCD0
0x1445BD7B0	CALLEE	0x14456E860
0x1445BD7B0	CALLEE	0x14456E9A0
0x1445BD7B0	CALLEE	0x14456EA00
0x1445BD7B0	CALLEE	0x14456EA60
0x1445BD7B0	CALLEE	0x14456FC50
0x1445BD7B0	CALLEE	0x1445700A0
0x1445BD7B0	CALLEE	0x144591720
0x1445BD7B0	CALLEE	0x144591D00
0x1445BD7B0	CALLEE	0x1445BCDE0
0x1445BD7B0	CALLEE	0x1445BD350
0x1445BD7B0	CALLEE	0x1445C57E0
0x1445BD7B0	CALLEE	0x1445C5840
0x1445BD7B0	CALLEE	0x1445D25B0
0x1445BD7B0	CALLEE	0x1445D2830
0x1445BD7B0	CALLEE	0x1445D3090
0x1445BD7B0	CALLEE	0x145D30A10
0x1445BD7B0	CALLEE	0x145D33B10
0x1445BD7B0	CALLEE	0x1461C1730
0x1445BD7B0	CALLEE	0x147AA652C
0x1445BD7B0	CALLEE	0x147AA6598
0x1445BD7B0	CALLEE	0x147AA68B0
0x14482A000	CALLER	0x14481A990
0x14482A000	CALLER	0x144838030
0x14482A000	CALLER	0x1448384D0
0x14482A000	CALLEE	0x1402B1040
0x14482A000	CALLEE	0x1402B3540
0x14482A000	CALLEE	0x14053EB60
0x14482A000	CALLEE	0x1407F7D80
0x14482A000	CALLEE	0x14149CA40
0x14482A000	CALLEE	0x1416184E0
0x14482A000	CALLEE	0x142A42CC0
0x14482A000	CALLEE	0x145BB52F0
0x144925D20	CALLER	0x14491A3E0
0x144925D20	CALLER	0x14492A5A0
0x144925D20	CALLER	0x14492AA70
0x144925D20	CALLEE	0x14053EB60
0x144925D20	CALLEE	0x14149CA40
0x144925D20	CALLEE	0x1416183D0
0x144925D20	CALLEE	0x143371500
0x144925D20	CALLEE	0x143619AF0
0x144925D20	CALLEE	0x1437AFA50
0x144925D20	CALLEE	0x143E4C5E0
0x144925D20	CALLEE	0x144926D00
0x145A7D4C0	CALLER	0x1463FEF00
0x145A7D4C0	CALLEE	0x140534CA0
0x145A7D4C0	CALLEE	0x1407F7D80
0x145A7D4C0	CALLEE	0x140874620
0x145A7D4C0	CALLEE	0x140874660
0x145A7D4C0	CALLEE	0x140877E60
0x145A7D4C0	CALLEE	0x145A769E0
0x145A7D4C0	CALLEE	0x145A7D8D0
0x145A7D4C0	CALLEE	0x1463FF5F0
0x145A7D4C0	CALLEE	0x147AA6610
0x145A905D0	CALLER	0x14644A070
0x145A905D0	CALLEE	0x14033D610
0x145A905D0	CALLEE	0x1408602A0
0x145A905D0	CALLEE	0x145A79E50
0x145A905D0	CALLEE	0x145A79F40
0x145A905D0	CALLEE	0x145A7DC60
0x145A905D0	CALLEE	0x145A81390
0x145A905D0	CALLEE	0x145A8E030
0x145A905D0	CALLEE	0x145A8E130
0x145A905D0	CALLEE	0x145A8E230
0x145A905D0	CALLEE	0x145A8E330
0x145A905D0	CALLEE	0x145A90930
0x145A905D0	CALLEE	0x145A90B80
0x145A905D0	CALLEE	0x145A90FD0
0x145A905D0	CALLEE	0x145AA16D0
0x145A905D0	CALLEE	0x145AA4D30
0x145A905D0	CALLEE	0x145AA4DA0
0x145A905D0	CALLEE	0x145AA4E10
0x145A905D0	CALLEE	0x145AA4E80
0x145BB0B30	CALLER	0x145AD6DC0
0x145BB0B30	CALLER	0x145BB1860
0x145BB0B30	CALLER	0x145C1A080
0x145BB0B30	CALLEE	0x141499110
0x145BB0B30	CALLEE	0x14149CA40
0x145BB3060	CALLER	0x146930A30
0x145BB3060	CALLEE	0x141611FC0
0x145BB3060	CALLEE	0x14400D8D0
0x145BB3060	CALLEE	0x146A8FCD0
0x145BB3260	CALLER	0x145AD4A69
0x145BB3260	CALLEE	0x1407F7D80
0x145BB3260	CALLEE	0x14255F710
0x145BB3260	CALLEE	0x146A8FCD0
0x145BCADA0	CALLER	0x143628B09
0x145BCADA0	CALLER	0x143D3B330
0x145BCADA0	CALLER	0x143E27BD0
0x145BCADA0	CALLER	0x143EC14A0
0x145BCADA0	CALLER	0x143ECFCB0
0x145BCADA0	CALLER	0x143ED43D0
0x145BCADA0	CALLER	0x143ED9DD0
0x145BCADA0	CALLER	0x143EF476E
0x145BCADA0	CALLER	0x143EF6130
0x145BCADA0	CALLER	0x143EF63C0
0x145BCADA0	CALLER	0x143F174A0
0x145BCADA0	CALLER	0x143F17980
0x145BCADA0	CALLER	0x143F18890
0x145BCADA0	CALLER	0x143F3B0C0
0x145BCADA0	CALLER	0x143F3B680
0x145BCADA0	CALLER	0x143F3CA00
0x145BCADA0	CALLER	0x143F3D100
0x145BCADA0	CALLER	0x143F412B3
0x145BCADA0	CALLER	0x143F41430
0x145BCADA0	CALLER	0x143F44880
0x145BCADA0	CALLER	0x143F66AE0
0x145BCADA0	CALLER	0x143F702B0
0x145BCADA0	CALLER	0x143F720E0
0x145BCADA0	CALLER	0x143F757A0
0x145BCADA0	CALLER	0x143F76A60
0x145BCADA0	CALLER	0x1442032B0
0x145BCADA0	CALLER	0x14420DD20
0x145BCADA0	CALLER	0x144505183
0x145BCADA0	CALLER	0x14450E9A9
0x145BCADA0	CALLER	0x14450F16D
0x145BCADA0	CALLER	0x144A6A9B0
0x145BCADA0	CALLER	0x144AF59AB
0x145BCADA0	CALLER	0x144AF5CA0
0x145BCADA0	CALLER	0x145C53020
0x145BCADA0	CALLEE	0x1416360E0
0x145BCADA0	CALLEE	0x143D3ACD0
0x145BCAF00	CALLER	0x143EF1E90
0x145BCAF00	CALLEE	0x1407F7D80
0x145BCAF00	CALLEE	0x1413E70B0
0x145BCAF00	CALLEE	0x141636120
0x145BCAF00	CALLEE	0x14165A2B0
0x145BCAF00	CALLEE	0x14165AE90
0x145BCAF00	CALLEE	0x14165B870
0x145BCAF00	CALLEE	0x1416641A0
0x145BCAF00	CALLEE	0x1417C43E0
0x145BCAF00	CALLEE	0x142782C00
0x145BCAF00	CALLEE	0x142833BD0
0x145BCAF00	CALLEE	0x143281840
0x145BDAE10	CALLER	0x1428E4F00
0x145BDAE10	CALLER	0x1429451E0
0x145BDAE10	CALLER	0x1429C96A0
0x145BDAE10	CALLER	0x14347F560
0x145BDAE10	CALLER	0x143EC14A0
0x145BDAE10	CALLER	0x143ECC7B0
0x145BDAE10	CALLER	0x143ECFCB0
0x145BDAE10	CALLER	0x143ED9DD0
0x145BDAE10	CALLER	0x143EDC7D0
0x145BDAE10	CALLER	0x143EF476E
0x145BDAE10	CALLER	0x143F3B0C0
0x145BDAE10	CALLER	0x143F3D100
0x145BDAE10	CALLER	0x143F4A990
0x145BDAE10	CALLER	0x143F5A1C0
0x145BDAE10	CALLER	0x143F66770
0x145BDAE10	CALLER	0x143F72E7E
0x145BDAE10	CALLER	0x143F757A0
0x145BDAE10	CALLER	0x14450F16D
0x145BDAE10	CALLER	0x144AA3CB0
0x145BDAE10	CALLER	0x144AA7F10
0x145BDAE10	CALLER	0x144AA91F0
0x145BDAE10	CALLER	0x144AA94C0
0x145BDAE10	CALLER	0x144BCBCD0
0x145BDAE10	CALLER	0x144BCCDF0
0x145BDAE10	CALLER	0x144BCD090
0x145BDAE10	CALLER	0x144CC1F80
0x145BDAE10	CALLER	0x144CC4F30
0x145BDAE10	CALLER	0x144CC5BF0
0x145BDAE10	CALLER	0x144CC5DA0
0x145BDAE10	CALLER	0x144ED17E0
0x145BDAE10	CALLEE	0x14165A2B0
0x145BDAE10	CALLEE	0x143EDA490
0x145DBAE90	CALLER	0x145DBA8D0
0x145DBAE90	CALLEE	0x140294860
0x145DBAE90	CALLEE	0x1402B2680
0x145DBAE90	CALLEE	0x1402B3540
0x145DBAE90	CALLEE	0x1402C4800
0x145DBAE90	CALLEE	0x14055ADF0
0x145DBAE90	CALLEE	0x140799010
0x145DBAE90	CALLEE	0x140A16CD0
0x145DBAE90	CALLEE	0x140E863F0
0x145DBAE90	CALLEE	0x141304750
0x145DBAE90	CALLEE	0x1413F94B0
0x145DBAE90	CALLEE	0x141413810
0x145DBAE90	CALLEE	0x141414A20
0x145DBAE90	CALLEE	0x141499110
0x145DBAE90	CALLEE	0x14149C930
0x145DBAE90	CALLEE	0x145DBE0F0
0x145DBAE90	CALLEE	0x145DBE360
0x145DBAE90	CALLEE	0x145DE2760
0x145DBAE90	CALLEE	0x145DE2F20
0x145DBAE90	CALLEE	0x147AAD067
0x14616C670	CALLEE	0x140298E80
0x14616C670	CALLEE	0x14029B470
0x14616C670	CALLEE	0x14029B780
0x14616C670	CALLEE	0x1402B0E70
0x14616C670	CALLEE	0x1402B3540
0x14616C670	CALLEE	0x1402FB6F0
0x14616C670	CALLEE	0x1403670C0
0x14616C670	CALLEE	0x140534EE0
0x14616C670	CALLEE	0x1406BBCA0
0x14616C670	CALLEE	0x140804570
0x14616C670	CALLEE	0x140860FA0
0x14616C670	CALLEE	0x1412EF5A0
0x14616C670	CALLEE	0x1412EF6D0
0x14616C670	CALLEE	0x141369B40
0x14616C670	CALLEE	0x141499110
0x14616C670	CALLEE	0x14149CA40
0x14616C670	CALLEE	0x144A69380
0x14616C670	CALLEE	0x14613ADB0
0x14616C670	CALLEE	0x147AA68B0
0x14616C670	CALLEE	0x147AA692C
0x1461F2810	CALLER	0x1461F1BD0
0x1461F2810	CALLEE	0x14029ABE0
0x1461F2810	CALLEE	0x14607D230
0x1461F2810	CALLEE	0x14607D350
0x14643F0A0	CALLEE	0x140294910
0x14643F0A0	CALLEE	0x140298E80
0x14643F0A0	CALLEE	0x14029B3A0
0x14643F0A0	CALLEE	0x1402B0E70
0x14643F0A0	CALLEE	0x1402B1040
0x14643F0A0	CALLEE	0x1402B2680
0x14643F0A0	CALLEE	0x1402B3540
0x14643F0A0	CALLEE	0x1402B8100
0x14643F0A0	CALLEE	0x1402BA4A0
0x14643F0A0	CALLEE	0x1402C3C00
0x14643F0A0	CALLEE	0x1402C4240
0x14643F0A0	CALLEE	0x1402C43B0
0x14643F0A0	CALLEE	0x1402C4800
0x14643F0A0	CALLEE	0x1402C58A0
0x14643F0A0	CALLEE	0x1402FFD60
0x14643F0A0	CALLEE	0x14033D610
0x14643F0A0	CALLEE	0x14046DA20
0x14643F0A0	CALLEE	0x14055AF90
0x14643F0A0	CALLEE	0x1406C6A10
0x14643F0A0	CALLEE	0x1406CA270
0x14643F0A0	CALLEE	0x14076C130
0x14643F0A0	CALLEE	0x14078E240
0x14643F0A0	CALLEE	0x140791E00
0x14643F0A0	CALLEE	0x140792360
0x14643F0A0	CALLEE	0x14083AAE0
0x14643F0A0	CALLEE	0x14083B380
0x14643F0A0	CALLEE	0x1408457F0
0x14643F0A0	CALLEE	0x1408E8FD0
0x14643F0A0	CALLEE	0x14092DD10
0x14643F0A0	CALLEE	0x140B4CA20
0x14643F0A0	CALLEE	0x140BC2020
0x14643F0A0	CALLEE	0x140BC4FC0
0x14643F0A0	CALLEE	0x140CAC020
0x14643F0A0	CALLEE	0x140CAEFB0
0x14643F0A0	CALLEE	0x140D9AF40
0x14643F0A0	CALLEE	0x140FC2E50
0x14643F0A0	CALLEE	0x140FC3110
0x14643F0A0	CALLEE	0x140FC5A70
0x14643F0A0	CALLEE	0x140FC6080
0x14643F0A0	CALLEE	0x140FC6400
0x14643F0A0	CALLEE	0x140FC6E70
0x14643F0A0	CALLEE	0x140FC7F90
0x14643F0A0	CALLEE	0x140FCB0F0
0x14643F0A0	CALLEE	0x140FDE700
0x14643F0A0	CALLEE	0x140FE2D30
0x14643F0A0	CALLEE	0x140FE48A0
0x14643F0A0	CALLEE	0x140FE9360
0x14643F0A0	CALLEE	0x140FFEC30
0x14643F0A0	CALLEE	0x141002630
0x14643F0A0	CALLEE	0x14100A290
0x14643F0A0	CALLEE	0x14100A3B0
0x14643F0A0	CALLEE	0x14100A5F0
0x14643F0A0	CALLEE	0x14100C030
0x14643F0A0	CALLEE	0x141025A60
0x14643F0A0	CALLEE	0x141027E40
0x14643F0A0	CALLEE	0x141028360
0x14643F0A0	CALLEE	0x14102BDE0
0x14643F0A0	CALLEE	0x14102C100
0x14643F0A0	CALLEE	0x14102C410
0x14643F0A0	CALLEE	0x141053280
0x14643F0A0	CALLEE	0x1410533D0
0x14643F0A0	CALLEE	0x1412F4730
0x14643F0A0	CALLEE	0x14137E220
0x14643F0A0	CALLEE	0x1413F94B0
0x14643F0A0	CALLEE	0x141414A20
0x14643F0A0	CALLEE	0x14143E010
0x14643F0A0	CALLEE	0x14149CA40
0x14643F0A0	CALLEE	0x141613A10
0x14643F0A0	CALLEE	0x1416281E0
0x14643F0A0	CALLEE	0x1416AD630
0x14643F0A0	CALLEE	0x1416AD7E0
0x14643F0A0	CALLEE	0x141740580
0x14643F0A0	CALLEE	0x145A88600
0x14643F0A0	CALLEE	0x145D2E4E0
0x14643F0A0	CALLEE	0x145D2F9E0
0x14643F0A0	CALLEE	0x146151990
0x14643F0A0	CALLEE	0x1461521D0
0x14643F0A0	CALLEE	0x146152210
0x14643F0A0	CALLEE	0x146153630
0x14643F0A0	CALLEE	0x146154540
0x14643F0A0	CALLEE	0x146154E50
0x14643F0A0	CALLEE	0x14615A7A0
0x14643F0A0	CALLEE	0x14615E0C0
0x14643F0A0	CALLEE	0x14615F720
0x14643F0A0	CALLEE	0x146162150
0x14643F0A0	CALLEE	0x1461AA290
0x14643F0A0	CALLEE	0x1461AA5C0
0x14643F0A0	CALLEE	0x1463664C0
0x14643F0A0	CALLEE	0x1463DD6C0
0x14643F0A0	CALLEE	0x1463FC7D0
0x14643F0A0	CALLEE	0x1463FE330
0x14643F0A0	CALLEE	0x1463FEBB0
0x14643F0A0	CALLEE	0x14642A860
0x14643F0A0	CALLEE	0x146444450
0x14643F0A0	CALLEE	0x146446540
0x14643F0A0	CALLEE	0x146449960
0x14643F0A0	CALLEE	0x14645B520
0x14643F0A0	CALLEE	0x146468220
0x14643F0A0	CALLEE	0x1469E5210
0x14643F0A0	CALLEE	0x146B724A0
0x14643F0A0	CALLEE	0x147AA652C
0x14643F0A0	CALLEE	0x147AA6598
0x14643F0A0	CALLEE	0x147AA6610
0x14643F0A0	CALLEE	0x147AA664C
0x14643F0A0	CALLEE	0x147AA687C
0x14643F0A0	CALLEE	0x147AA69FC
0x14643F0A0	CALLEE	0x147AAD055
0x14643F0A0	CALLEE	0x147AAD05B
0x14643F0A0	CALLEE	0x147AAD091
0x1466B21B0	CALLEE	0x141499110
0x1466B21B0	CALLEE	0x1416183F0
0x1466B21B0	CALLEE	0x144155F00
0x1466BB4A0	CALLER	0x1465DEB90
0x1466BB4A0	CALLEE	0x1416183F0
0x1466BB4A0	CALLEE	0x144155AC0
0x1466EC5C0	CALLER	0x14657C450
0x1466EC5C0	CALLER	0x1467B5970
0x1466EC5C0	CALLEE	0x1407F7D80
0x1466EC5C0	CALLEE	0x14149CA40
0x1466EC5C0	CALLEE	0x14255F710
0x1466EC5C0	CALLEE	0x1425939A0
0x146709A60	CALLER	0x14659F5C0
0x146709A60	CALLER	0x1467BD410
0x146709A60	CALLER	0x1467CA360
0x146709A60	CALLEE	0x1416184E0
0x146709A60	CALLEE	0x144156300
0x146709A60	CALLEE	0x145B9E0E0
0x146711E90	CALLER	0x146573D60
0x146711E90	CALLER	0x1465740C0
0x146711E90	CALLER	0x1467D3800
0x146711E90	CALLER	0x146844C60
0x146711E90	CALLEE	0x14162F3E0
0x146711E90	CALLEE	0x141636120
0x146711E90	CALLEE	0x141677DD0
0x146711E90	CALLEE	0x141775C60
0x146B6F190	CALLER	0x146B6EB70
0x146B6F190	CALLEE	0x1402B6E60
0x146B6F190	CALLEE	0x1402C43B0
0x146B6F190	CALLEE	0x1406D97B0
0x146B6F190	CALLEE	0x1407EB290
0x146B6F190	CALLEE	0x1407EBEC0
0x146B6F190	CALLEE	0x1407EC780
0x146B6F190	CALLEE	0x1407EE830
0x146B6F190	CALLEE	0x1407EF9D0
0x146B6F190	CALLEE	0x1407F0940
0x146B6F190	CALLEE	0x1407F1CC0
0x146B6F190	CALLEE	0x1407F2370
0x146B6F190	CALLEE	0x1407F2E80
0x146B6F190	CALLEE	0x1407F6A30
0x146B6F190	CALLEE	0x1407F72E0
0x146B6F190	CALLEE	0x1407F7D80
0x146B6F190	CALLEE	0x140870C50
0x146B6F190	CALLEE	0x140875770
0x146B6F190	CALLEE	0x140877E60
0x146B6F190	CALLEE	0x14087CC20
0x146B6F190	CALLEE	0x146158BA0
0x146B6F190	CALLEE	0x146161960
0x146B6F190	CALLEE	0x146163DB0
0x146B6F190	CALLEE	0x146165FF0
0x146B6F190	CALLEE	0x1461AAB40
0x146B6F190	CALLEE	0x1461AE980
0x146B6F190	CALLEE	0x146AFED90
0x146B6F190	CALLEE	0x146B66BE0
0x146B6F190	CALLEE	0x146B66E70
0x146B6F190	CALLEE	0x146B670E0
0x146B6F190	CALLEE	0x146B679F0
0x146B6F190	CALLEE	0x146B67F20
0x146B6F190	CALLEE	0x146B681F0
0x146B6F190	CALLEE	0x146B690D0
0x146B6F190	CALLEE	0x146B6BF50
0x146B6F190	CALLEE	0x146B6C500
0x146B6F190	CALLEE	0x146B6C900
0x146B6F190	CALLEE	0x146B70D00
0x146B6F190	CALLEE	0x147AA61C1
0x146B6F190	CALLEE	0x147AA6610
0x146B6F190	CALLEE	0x147AA664C
0x146B6F190	CALLEE	0x147AA6B60
0x146B6F190	CALLEE	0x147AAD061
0x146C5EDD0	CALLER	0x146D0C8B0
0x146C5EDD0	CALLEE	0x14078E240
0x146C5EDD0	CALLEE	0x140D7DC50
0x146C5EDD0	CALLEE	0x146C5F4F0
0x146C5EDD0	CALLEE	0x147AAD05B
0x146C5EDD0	CALLEE	0x147AAD067
0x146C60830	CALLER	0x146D26370
0x146C60830	CALLER	0x146D583F0
0x146C60830	CALLEE	0x140D7DC50
0x146C60830	CALLEE	0x145E54EE0
0x146C60830	CALLEE	0x146C58E20
0x146C60830	CALLEE	0x146D56500
0x146C60830	CALLEE	0x147AAD067
0x146CD5780	CALLER	0x146CD0020
0x146CD5780	CALLEE	0x1406A8C50
0x146CD5780	CALLEE	0x140D7DC50
0x146CD5780	CALLEE	0x140EC9840
0x146CD5780	CALLEE	0x146CBD770
0x146CD5780	CALLEE	0x146CD0AD0
0x146CD5780	CALLEE	0x146CD1600
0x146CD5780	CALLEE	0x146CD4470
0x146CD5780	CALLEE	0x146D55380
0x146CD5780	CALLEE	0x14720C050
0x146CD5780	CALLEE	0x147211D30
0x146CD5780	CALLEE	0x147213E90
0x146CD5780	CALLEE	0x147AA69FC
0x146D0BBE0	CALLEE	0x14029B3A0
0x146D0BBE0	CALLEE	0x1402B2680
0x146D0BBE0	CALLEE	0x140513440
0x146D0BBE0	CALLEE	0x141187F20
0x146D0BBE0	CALLEE	0x1413F94B0
0x146D0BBE0	CALLEE	0x141414A20
0x146D0BBE0	CALLEE	0x146B90990
0x146D0BBE0	CALLEE	0x146C593E0
0x146D0BBE0	CALLEE	0x146C91B30
0x146D0BBE0	CALLEE	0x146D08190
0x146D0BBE0	CALLEE	0x146D08350
0x146D0BBE0	CALLEE	0x146D08540
0x146D0BBE0	CALLEE	0x146D08CB0
0x146D0BBE0	CALLEE	0x146D099E0
0x146D0BBE0	CALLEE	0x147AA6610
0x146D0BBE0	CALLEE	0x147AA664C
0x146DD0550	CALLER	0x146DD1E10
0x146DD0550	CALLER	0x146DD3B90
0x146DD0550	CALLEE	0x1406A8C50
0x146DD0550	CALLEE	0x1406CA270
0x146DD0550	CALLEE	0x14255E360
0x146DD0550	CALLEE	0x142567D00
0x146DD0550	CALLEE	0x142567F60
0x146DD0550	CALLEE	0x147AAD05B
0x146E0AD80	CALLER	0x146E284E0
0x146E0AD80	CALLEE	0x1402B0580
0x146E0AD80	CALLEE	0x1402B1040
0x146E0AD80	CALLEE	0x146E0A820
0x146E0AD80	CALLEE	0x146E55C30
0x146E0AD80	CALLEE	0x146E5A0F0
0x146E0AD80	CALLEE	0x146E8F430
0x146E0AD80	CALLEE	0x146E8F750
0x146E0AD80	CALLEE	0x146E8F770
0x146E0AD80	CALLEE	0x146EA1B00
0x146E0AD80	CALLEE	0x146EDF7F0
0x146E0AD80	CALLEE	0x146F060B0
0x146E0AD80	CALLEE	0x147AAD05B
0x146E5A0F0	CALLER	0x146E0AD80
0x146E5A0F0	CALLER	0x146E55480
0x146E5A0F0	CALLER	0x146E55700
0x146E5A0F0	CALLER	0x146E578C0
0x146E5A0F0	CALLER	0x146E61450
0x146E5A0F0	CALLEE	0x14029B3A0
0x146E5A0F0	CALLEE	0x1402B2680
0x146E5A0F0	CALLEE	0x1413F94B0
0x146E5A0F0	CALLEE	0x141414A20
0x146E5A0F0	CALLEE	0x146E212B0
0x146E5A0F0	CALLEE	0x146E40C90
0x146E5A0F0	CALLEE	0x146E55C30
0x146E5A0F0	CALLEE	0x146E66780
0x146E5A0F0	CALLEE	0x146EA1B00
0x146E5A0F0	CALLEE	0x146EC8A60
0x146E5A0F0	CALLEE	0x146EDF7F0
0x146E5A0F0	CALLEE	0x146EDFA90
0x146E5A0F0	CALLEE	0x146F060B0
0x146E5A0F0	CALLEE	0x146F48F20
0x146E62F70	CALLER	0x146E326A0
0x146E62F70	CALLER	0x146E69A80
0x146E62F70	CALLER	0x146E69D50
0x146E62F70	CALLER	0x146E69E50
0x146E62F70	CALLER	0x146E6A650
0x146E62F70	CALLER	0x146EB26A0
0x146E62F70	CALLER	0x146F1CFD4
0x146E62F70	CALLEE	0x1406A8C50
0x146E62F70	CALLEE	0x146B8C150
0x146E62F70	CALLEE	0x146C311E0
0x146E62F70	CALLEE	0x146C31AA0
0x146E62F70	CALLEE	0x146E07170
0x146E62F70	CALLEE	0x146E77560
0x146E62F70	CALLEE	0x146E7A2A0
0x146E62F70	CALLEE	0x146E7E000
0x146E62F70	CALLEE	0x146E7ED50
0x146E62F70	CALLEE	0x147AA68B0
0x146E62F70	CALLEE	0x147AAD067
0x1471166D0	CALLER	0x14710C060
0x1471166D0	CALLEE	0x140295DD0
0x1471166D0	CALLEE	0x14029B3A0
0x1471166D0	CALLEE	0x1402B2680
0x1471166D0	CALLEE	0x1405129E0
0x1471166D0	CALLEE	0x1406A8C50
0x1471166D0	CALLEE	0x1406D0630
0x1471166D0	CALLEE	0x1407AAAD0
0x1471166D0	CALLEE	0x1407E4B60
0x1471166D0	CALLEE	0x140D7DC50
0x1471166D0	CALLEE	0x140F0F4F0
0x1471166D0	CALLEE	0x140F62DA0
0x1471166D0	CALLEE	0x141027A30
0x1471166D0	CALLEE	0x1410517F0
0x1471166D0	CALLEE	0x141200340
0x1471166D0	CALLEE	0x1412FD140
0x1471166D0	CALLEE	0x141330070
0x1471166D0	CALLEE	0x1413D76B0
0x1471166D0	CALLEE	0x1413F94B0
0x1471166D0	CALLEE	0x141414A20
0x1471166D0	CALLEE	0x1414163C0
0x1471166D0	CALLEE	0x14149CA40
0x1471166D0	CALLEE	0x1471165B0
0x1471166D0	CALLEE	0x147117600
0x1471166D0	CALLEE	0x147117A00
0x1471166D0	CALLEE	0x14713A180
0x1471166D0	CALLEE	0x147165090
0x1471166D0	CALLEE	0x147173D00
0x1471166D0	CALLEE	0x147203460
0x1471166D0	CALLEE	0x147205ED0
0x1471166D0	CALLEE	0x147AA6610
0x1471166D0	CALLEE	0x147AAD067
0x1471423F3	CALLEE	0x1406CA270
0x1471423F3	CALLEE	0x14715B4A0
0x1471484BD	CALLEE	0x1402C57C0
0x1471484BD	CALLEE	0x147A9D8FB
0x1471484BD	CALLEE	0x147A9D901
0x1471484BD	CALLEE	0x147AAD05B
0x1472559A0	CALLER	0x1472570C0
0x1472559A0	CALLER	0x147257C06
0x1472559A0	CALLEE	0x147255D30
0x147256020	CALLER	0x147255E80
0x147256020	CALLEE	0x147255DF0
0x147256020	CALLEE	0x147AAD067
0x1472574F4	CALLEE	0x147255DF0
0x147257580	CALLER	0x147257422
0x147257580	CALLEE	0x1472565A0
0x147257580	CALLEE	0x1472577F0
0x147257580	CALLEE	0x147257830
0x1473ED090	CALLER	0x1473EC7C0
0x1473ED090	CALLER	0x1473ECE60
0x1473ED090	CALLEE	0x147AAD067
0x147431640	CALLER	0x14742F2E0
0x147431640	CALLER	0x147431F50
0x147431640	CALLEE	0x1402BAFB0
0x147431640	CALLEE	0x14742EE40
0x147431640	CALLEE	0x1474344C0
0x147431640	CALLEE	0x147AA61C1
0x147431640	CALLEE	0x147AA664C
0x147431640	CALLEE	0x147AA73B0
0x147525900	CALLER	0x147520100
0x147525900	CALLER	0x147520670
0x147525900	CALLER	0x14752CF40
0x147525900	CALLER	0x14752D360
0x147525900	CALLEE	0x147AA6610
0x147525EE0	CALLER	0x147520600
0x147525EE0	CALLEE	0x1402B9910
0x147525EE0	CALLEE	0x1402C4220
0x147525EE0	CALLEE	0x1474DCD80
0x147525EE0	CALLEE	0x14751FF30
0x147525EE0	CALLEE	0x14755E070
0x147525EE0	CALLEE	0x147AA6610
0x147526270	CALLER	0x14752CF40
0x147526270	CALLER	0x14752D360
0x147526270	CALLEE	0x14752DCD0
0x147526270	CALLEE	0x147AA6610
0x14752DCD0	CALLER	0x147526270
0x14752DCD0	CALLEE	0x1402B8340
0x14752DCD0	CALLEE	0x1402B8530
0x14752DCD0	CALLEE	0x1402B9910
0x14752DCD0	CALLEE	0x1402BA4A0
0x14752DCD0	CALLEE	0x1402BAFB0
0x14752DCD0	CALLEE	0x1402C4220
0x14752DCD0	CALLEE	0x140792480
0x14752DCD0	CALLEE	0x1407933A0
0x14752DCD0	CALLEE	0x1407E85F0
0x14752DCD0	CALLEE	0x14083FD30
0x14752DCD0	CALLEE	0x140875770
0x14752DCD0	CALLEE	0x140FE8B00
0x14752DCD0	CALLEE	0x14742DEB0
0x14752DCD0	CALLEE	0x147464F70
0x14752DCD0	CALLEE	0x1474651A0
0x14752DCD0	CALLEE	0x147465220
0x14752DCD0	CALLEE	0x147465390
0x14752DCD0	CALLEE	0x147465410
0x14752DCD0	CALLEE	0x1474654B0
0x14752DCD0	CALLEE	0x1474654E0
0x14752DCD0	CALLEE	0x147465730
0x14752DCD0	CALLEE	0x1474683F0
0x14752DCD0	CALLEE	0x14746EE50
0x14752DCD0	CALLEE	0x14747E060
0x14752DCD0	CALLEE	0x147484130
0x14752DCD0	CALLEE	0x1474A9E00
0x14752DCD0	CALLEE	0x147520260
0x14752DCD0	CALLEE	0x14752CC60
0x14752DCD0	CALLEE	0x14752F600
0x14752DCD0	CALLEE	0x147AA6610
0x14752DCD0	CALLEE	0x147AA664C
0x14752DCD0	CALLEE	0x147AA73B0
0x14752DCD0	CALLEE	0x147AB4960
0x147683723	CALLEE	0x1402B6E60
0x147683723	CALLEE	0x1402B9A30
0x147683723	CALLEE	0x1402C4320
0x147683723	CALLEE	0x1417D2FA0
0x147683723	CALLEE	0x14742DEB0
0x147683723	CALLEE	0x1474323E0
0x147683723	CALLEE	0x14747DA30
0x147683723	CALLEE	0x147680280
0x147683723	CALLEE	0x1476804E0
0x147683723	CALLEE	0x1476805D0
0x147683723	CALLEE	0x147680860
0x147683723	CALLEE	0x147680A70
0x147683723	CALLEE	0x147681340
0x147683723	CALLEE	0x1476822F0
0x147683723	CALLEE	0x147682430
0x147683723	CALLEE	0x147682970
0x147683723	CALLEE	0x147685000
0x147683723	CALLEE	0x147689B20
0x147683723	CALLEE	0x147689B30
0x147683723	CALLEE	0x147689DB0
0x147683723	CALLEE	0x14768A3F0
0x147683723	CALLEE	0x14768A430
0x147683723	CALLEE	0x14768AA60
0x147683723	CALLEE	0x147AA6610
0x147683723	CALLEE	0x147AA664C
0x147683723	CALLEE	0x147AA6AE0
0x147683723	CALLEE	0x147AA73B0
0x147683723	CALLEE	0x147AAD05B
0x1479B6D00	CALLER	0x1479C9F00
0x1479B6D00	CALLEE	0x1402BA4A0
0x1479B6D00	CALLEE	0x1402BAFB0
0x1479B6D00	CALLEE	0x1402C43B0
0x1479B6D00	CALLEE	0x14055E440
0x1479B6D00	CALLEE	0x1479B2FF0
0x1479B6D00	CALLEE	0x1479B3890
0x1479B6D00	CALLEE	0x1479B69F0
0x1479B6D00	CALLEE	0x1479B6AE0
0x1479B6D00	CALLEE	0x1479BDC00
0x1479B6D00	CALLEE	0x1479C0620
0x1479B6D00	CALLEE	0x1479C0FD0
0x1479B6D00	CALLEE	0x1479C1A40
0x1479B6D00	CALLEE	0x1479D49B0
0x1479B6D00	CALLEE	0x1479D5190
0x1479B6D00	CALLEE	0x1479D5F50
0x1479B6D00	CALLEE	0x1479D6630
0x1479B6D00	CALLEE	0x1479D6670
0x1479B6D00	CALLEE	0x1479D66E0
0x1479B6D00	CALLEE	0x1479D6770
0x1479B6D00	CALLEE	0x1479D6860
0x1479B6D00	CALLEE	0x147AA664C
0x1479B6D00	CALLEE	0x147AA73B0
0x1479B6D00	CALLEE	0x147AAD055
