anchor	anchor_address	relation	site	function	target
receive_pump	0x146A9FE30	CALLEE	0x146A9FE4F	0x146A9FE30	0x146AE4900
receive_pump	0x146A9FE30	CALLEE	0x146A9FE67	0x146A9FE30	0x146ABAE10
receive_pump	0x146A9FE30	CALLEE	0x146A9FE77	0x146A9FE30	0x14615E0C0
receive_pump	0x146A9FE30	CALLEE	0x146A9FEA1	0x146A9FE30	0x1407EB290
receive_pump	0x146A9FE30	CALLEE	0x146A9FED9	0x146A9FE30	0x146161960
receive_pump	0x146A9FE30	CALLEE	0x146A9FEE9	0x146A9FE30	0x146165FF0
receive_pump	0x146A9FE30	CALLEE	0x146A9FEF6	0x146A9FE30	0x147AA61C1
receive_pump	0x146A9FE30	CALLEE	0x146A9FF17	0x146A9FE30	0x1461AAB40
receive_pump	0x146A9FE30	CALLEE	0x146A9FF2E	0x146A9FE30	0x1402B6E60
receive_pump	0x146A9FE30	CALLEE	0x146A9FF44	0x146A9FE30	0x146A71700
receive_pump	0x146A9FE30	CALLEE	0x146A9FF56	0x146A9FE30	0x146145E50
receive_pump	0x146A9FE30	CALLEE	0x146A9FF7F	0x146A9FE30	0x1461AE980
receive_pump	0x146A9FE30	CALLEE	0x146A9FF97	0x146A9FE30	0x146163DB0
receive_pump	0x146A9FE30	CALLEE	0x146A9FFB2	0x146A9FE30	0x147AA6B60
receive_pump	0x146A9FE30	CALLEE	0x146A9FFD1	0x146A9FE30	0x146B213D0
receive_pump	0x146A9FE30	CALLEE	0x146AA001A	0x146A9FE30	0x14149CA40
receive_pump	0x146A9FE30	CALLEE	0x146AA0027	0x146A9FE30	0x146B13440
receive_pump	0x146A9FE30	CALLEE	0x146AA0033	0x146A9FE30	0x143240200
receive_pump	0x146A9FE30	CALLEE	0x146AA003F	0x146A9FE30	0x140E82850
receive_pump	0x146A9FE30	CALLEE	0x146AA004B	0x146A9FE30	0x146A9EE90
receive_pump	0x146A9FE30	CALLEE	0x146AA0057	0x146A9FE30	0x146A9D480
receive_pump	0x146A9FE30	CALLEE	0x146AA0075	0x146A9FE30	0x140D83510
receive_pump	0x146A9FE30	CALLEE	0x146AA01C5	0x146A9FE30	0x14149CA40
receive_pump	0x146A9FE30	CALLEE	0x146AA01D2	0x146A9FE30	0x14029B520
receive_pump	0x146A9FE30	CALLEE	0x146AA01DE	0x146A9FE30	0x14055C530
receive_pump	0x146A9FE30	CALLEE	0x146AA0242	0x146A9FE30	0x14029B780
receive_pump	0x146A9FE30	CALLEE	0x146AA0253	0x146A9FE30	0x147AA664C
receive_pump	0x146A9FE30	CALLEE	0x146AA025F	0x146A9FE30	0x140871AD0
receive_pump	0x146A9FE30	CALLEE	0x146AA026B	0x146A9FE30	0x146A9D7F0
receive_pump	0x146A9FE30	CALLEE	0x146AA0277	0x146A9FE30	0x1407E52A0
receive_pump	0x146A9FE30	CALLEE	0x146AA0283	0x146A9FE30	0x146AA1480
receive_pump	0x146A9FE30	CALLEE	0x146AA02A2	0x146A9FE30	0x141653C90
coordinator	0x146ABAE10	CALLER	0x146A9FE67	0x146A9FE30	0x146ABAE10
coordinator	0x146ABAE10	CALLEE	0x146ABAE49	0x146ABAE10	0x140799EC0
coordinator	0x146ABAE10	CALLEE	0x146ABAE91	0x146ABAE10	0x146189770
coordinator	0x146ABAE10	CALLEE	0x146ABAEC2	0x146ABAE10	0x146189770
coordinator	0x146ABAE10	CALLEE	0x146ABAEFE	0x146ABAE10	0x146AECDF0
coordinator	0x146ABAE10	CALLEE	0x146ABAF1B	0x146ABAE10	0x146B04560
coordinator	0x146ABAE10	CALLEE	0x146ABAF40	0x146ABAE10	0x146B04560
coordinator	0x146ABAE10	CALLEE	0x146ABAF61	0x146ABAE10	0x146AAD4B0
coordinator	0x146ABAE10	CALLEE	0x146ABAF74	0x146ABAE10	0x146AAD4B0
coordinator	0x146ABAE10	CALLEE	0x146ABAFBE	0x146ABAE10	0x146AFA350
coordinator	0x146ABAE10	CALLEE	0x146ABB00E	0x146ABAE10	0x1461896C0
coordinator	0x146ABAE10	CALLEE	0x146ABB025	0x146ABAE10	0x1461896C0
receive_materializer	0x146AECDF0	CALLER	0x146ABAEFE	0x146ABAE10	0x146AECDF0
receive_materializer	0x146AECDF0	CALLEE	0x146AED00B	0x146AECDF0	0x147AA6610
receive_materializer	0x146AECDF0	CALLEE	0x146AED02A	0x146AECDF0	0x147AA6610
receive_materializer	0x146AECDF0	CALLEE	0x146AED06E	0x146AECDF0	0x146A95D90
receive_materializer	0x146AECDF0	CALLEE	0x146AED090	0x146AECDF0	0x140870C50
receive_materializer	0x146AECDF0	CALLEE	0x146AED0DE	0x146AECDF0	0x146AAD4B0
receive_materializer	0x146AECDF0	CALLEE	0x146AED18B	0x146AECDF0	0x147AA664C
receive_materializer	0x146AECDF0	CALLEE	0x146AED1D3	0x146AECDF0	0x146B134B0
receive_materializer	0x146AECDF0	CALLEE	0x146AED25F	0x146AECDF0	0x147AA664C
receive_materializer	0x146AECDF0	CALLEE	0x146AED295	0x146AECDF0	0x140877E60
receive_materializer	0x146AECDF0	CALLEE	0x146AED2A1	0x146AECDF0	0x146ABA5D0
receive_materializer	0x146AECDF0	CALLEE	0x146AED2AB	0x146AECDF0	0x140877E60
receive_materializer	0x146AECDF0	CALLEE	0x146AED2BB	0x146AECDF0	0x140871EB0
receive_materializer	0x146AECDF0	CALLEE	0x146AED2CD	0x146AECDF0	0x140C9F410
receive_materializer	0x146AECDF0	CALLEE	0x146AED2F9	0x146AECDF0	0x140C9F410
receive_materializer	0x146AECDF0	CALLEE	0x146AED311	0x146AECDF0	0x140C9F410
receive_materializer	0x146AECDF0	CALLEE	0x146AED325	0x146AECDF0	0x146B034C0
receive_materializer	0x146AECDF0	CALLEE	0x146AED33E	0x146AECDF0	0x146A7FE90
receive_materializer	0x146AECDF0	CALLEE	0x146AED353	0x146AECDF0	0x146A7FE90
receive_materializer	0x146AECDF0	CALLEE	0x146AED38D	0x146AECDF0	0x141159D00
receive_materializer	0x146AECDF0	CALLEE	0x146AED3A9	0x146AECDF0	0x146AAD4B0
receive_materializer	0x146AECDF0	CALLEE	0x146AED3D3	0x146AECDF0	0x146AA0D90
receive_materializer	0x146AECDF0	CALLEE	0x146AED3FD	0x146AECDF0	0x1402C4100
receive_materializer	0x146AECDF0	CALLEE	0x146AED403	0x146AECDF0	0x1402C4220
deserialize_wrapper	0x146ABA5D0	CALLER	0x146AED2A1	0x146AECDF0	0x146ABA5D0
deserialize_wrapper	0x146ABA5D0	CALLEE	0x146ABA62F	0x146ABA5D0	0x146AAD4B0
deserialize_wrapper	0x146ABA5D0	CALLEE	0x146ABA63D	0x146ABA5D0	0x146B085D0
deserialize_wrapper	0x146ABA5D0	CALLEE	0x146ABA658	0x146ABA5D0	0x146AAD4B0
deserialize_wrapper	0x146ABA5D0	CALLEE	0x146ABA66B	0x146ABA5D0	0x146AAD4B0
deserialize_wrapper	0x146ABA5D0	CALLEE	0x146ABA68D	0x146ABA5D0	0x14615E0C0
deserialize_wrapper	0x146ABA5D0	CALLEE	0x146ABA6B5	0x146ABA5D0	0x1407EB290
deserialize_wrapper	0x146ABA5D0	CALLEE	0x146ABA6ED	0x146ABA5D0	0x146161960
deserialize_wrapper	0x146ABA5D0	CALLEE	0x146ABA6FD	0x146ABA5D0	0x146165FF0
deserialize_wrapper	0x146ABA5D0	CALLEE	0x146ABA70A	0x146ABA5D0	0x147AA61C1
deserialize_wrapper	0x146ABA5D0	CALLEE	0x146ABA72B	0x146ABA5D0	0x1461AAB40
deserialize_wrapper	0x146ABA5D0	CALLEE	0x146ABA742	0x146ABA5D0	0x1402B6E60
deserialize_wrapper	0x146ABA5D0	CALLEE	0x146ABA74D	0x146ABA5D0	0x146AA3EE0
deserialize_wrapper	0x146ABA5D0	CALLEE	0x146ABA77F	0x146ABA5D0	0x1461AE980
deserialize_wrapper	0x146ABA5D0	CALLEE	0x146ABA797	0x146ABA5D0	0x146163DB0
deserialize_wrapper	0x146ABA5D0	CALLEE	0x146ABA7B2	0x146ABA5D0	0x14615E0C0
deserialize_wrapper	0x146ABA5D0	CALLEE	0x146ABA7DA	0x146ABA5D0	0x1407EB290
deserialize_wrapper	0x146ABA5D0	CALLEE	0x146ABA812	0x146ABA5D0	0x146161960
deserialize_wrapper	0x146ABA5D0	CALLEE	0x146ABA822	0x146ABA5D0	0x146165FF0
deserialize_wrapper	0x146ABA5D0	CALLEE	0x146ABA82F	0x146ABA5D0	0x147AA61C1
deserialize_wrapper	0x146ABA5D0	CALLEE	0x146ABA850	0x146ABA5D0	0x1461AAB40
deserialize_wrapper	0x146ABA5D0	CALLEE	0x146ABA867	0x146ABA5D0	0x1402B6E60
deserialize_wrapper	0x146ABA5D0	CALLEE	0x146ABA87A	0x146ABA5D0	0x146AA3EE0
deserialize_wrapper	0x146ABA5D0	CALLEE	0x146ABA889	0x146ABA5D0	0x1402B6E60
deserialize_wrapper	0x146ABA5D0	CALLEE	0x146ABA895	0x146ABA5D0	0x140871D70
deserialize_wrapper	0x146ABA5D0	CALLEE	0x146ABA8BF	0x146ABA5D0	0x1461AE980
deserialize_wrapper	0x146ABA5D0	CALLEE	0x146ABA8D7	0x146ABA5D0	0x146163DB0
deserialize_wrapper	0x146ABA5D0	CALLEE	0x146ABA8FC	0x146ABA5D0	0x147AA6B60
deserialize_wrapper	0x146ABA5D0	CALLEE	0x146ABA90D	0x146ABA5D0	0x146A95E60
deserialize_wrapper	0x146ABA5D0	CALLEE	0x146ABA919	0x146ABA5D0	0x146AA38A0
deserialize_wrapper	0x146ABA5D0	CALLEE	0x146ABA965	0x146ABA5D0	0x1461AA5B0
deserialize_wrapper	0x146ABA5D0	CALLEE	0x146ABA971	0x146ABA5D0	0x140877E60
deserialize_wrapper	0x146ABA5D0	CALLEE	0x146ABA97C	0x146ABA5D0	0x1461AA730
outer_materializer	0x146B085D0	CALLER	0x146ABA63D	0x146ABA5D0	0x146B085D0
outer_materializer	0x146B085D0	CALLEE	0x146B0860C	0x146B085D0	0x1413F94B0
outer_materializer	0x146B085D0	CALLEE	0x146B08617	0x146B085D0	0x141414A20
outer_materializer	0x146B085D0	CALLEE	0x146B0862F	0x146B085D0	0x1402B2680
outer_materializer	0x146B085D0	CALLEE	0x146B0866A	0x146B085D0	0x14055AF90
outer_materializer	0x146B085D0	CALLEE	0x146B0869C	0x146B085D0	0x14137E220
outer_materializer	0x146B085D0	CALLEE	0x146B086AD	0x146B085D0	0x146154030
outer_materializer	0x146B085D0	CALLEE	0x146B086C4	0x146B085D0	0x140879580
outer_materializer	0x146B085D0	CALLEE	0x146B086DA	0x146B085D0	0x140870BC0
outer_materializer	0x146B085D0	CALLEE	0x146B086F2	0x146B085D0	0x1461AC8D0
outer_materializer	0x146B085D0	CALLEE	0x146B08701	0x146B085D0	0x140876B20
outer_materializer	0x146B085D0	CALLEE	0x146B0870D	0x146B085D0	0x14046DC80
outer_materializer	0x146B085D0	CALLEE	0x146B08724	0x146B085D0	0x1406D8F80
outer_materializer	0x146B085D0	CALLEE	0x146B08732	0x146B085D0	0x1406D8F80
outer_materializer	0x146B085D0	CALLEE	0x146B08743	0x146B085D0	0x1406D97B0
outer_materializer	0x146B085D0	CALLEE	0x146B08775	0x146B085D0	0x140873220
outer_materializer	0x146B085D0	CALLEE	0x146B0879C	0x146B085D0	0x14615E0C0
outer_materializer	0x146B085D0	CALLEE	0x146B087C6	0x146B085D0	0x1407EB290
outer_materializer	0x146B085D0	CALLEE	0x146B087FC	0x146B085D0	0x146161960
outer_materializer	0x146B085D0	CALLEE	0x146B0880C	0x146B085D0	0x146165FF0
outer_materializer	0x146B085D0	CALLEE	0x146B08819	0x146B085D0	0x147AA61C1
outer_materializer	0x146B085D0	CALLEE	0x146B08834	0x146B085D0	0x1461AAB40
outer_materializer	0x146B085D0	CALLEE	0x146B0884A	0x146B085D0	0x1402B6E60
outer_materializer	0x146B085D0	CALLEE	0x146B0885C	0x146B085D0	0x1461ADF80
outer_materializer	0x146B085D0	CALLEE	0x146B0886E	0x146B085D0	0x146145F20
outer_materializer	0x146B085D0	CALLEE	0x146B0887D	0x146B085D0	0x146A66810
outer_materializer	0x146B085D0	CALLEE	0x146B088AE	0x146B085D0	0x1461AE980
outer_materializer	0x146B085D0	CALLEE	0x146B088C4	0x146B085D0	0x146163DB0
outer_materializer	0x146B085D0	CALLEE	0x146B088E5	0x146B085D0	0x147AA6B60
outer_materializer	0x146B085D0	CALLEE	0x146B08905	0x146B085D0	0x146AAD4B0
typed_materializer	0x1461AC8D0	CALLER	0x146A6EC17	0x146A6EAC0	0x1461AC8D0
typed_materializer	0x1461AC8D0	CALLER	0x146B086F2	0x146B085D0	0x1461AC8D0
typed_materializer	0x1461AC8D0	CALLER	0x146B6EC5F	0x146B6EB70	0x1461AC8D0
typed_materializer	0x1461AC8D0	CALLEE	0x1461AC900	0x1461AC8D0	0x140873230
typed_materializer	0x1461AC8D0	CALLEE	0x1461AC915	0x1461AC8D0	0x1461455F0
typed_materializer	0x1461AC8D0	CALLEE	0x1461AC94C	0x1461AC8D0	0x1461454D0
typed_materializer	0x1461AC8D0	CALLEE	0x1461AC95D	0x1461AC8D0	0x140873230
typed_materializer	0x1461AC8D0	CALLEE	0x1461AC997	0x1461AC8D0	0x14156D3A0
typed_materializer	0x1461AC8D0	CALLEE	0x1461AC9A3	0x1461AC8D0	0x140870BC0
typed_materializer	0x1461AC8D0	CALLEE	0x1461AC9B1	0x1461AC8D0	0x140870BC0
typed_materializer	0x1461AC8D0	CALLEE	0x1461AC9C0	0x1461AC8D0	0x140870BC0
typed_materializer	0x1461AC8D0	CALLEE	0x1461AC9CE	0x1461AC8D0	0x140870BC0
typed_materializer	0x1461AC8D0	CALLEE	0x1461AC9EA	0x1461AC8D0	0x140870BC0
typed_materializer	0x1461AC8D0	CALLEE	0x1461AC9F7	0x1461AC8D0	0x140870BC0
typed_materializer	0x1461AC8D0	CALLEE	0x1461ACA04	0x1461AC8D0	0x140870BC0
typed_materializer	0x1461AC8D0	CALLEE	0x1461ACA0D	0x1461AC8D0	0x140799EC0
typed_materializer	0x1461AC8D0	CALLEE	0x1461ACA1E	0x1461AC8D0	0x140870BC0
typed_materializer	0x1461AC8D0	CALLEE	0x1461ACA2B	0x1461AC8D0	0x140870BC0
typed_materializer	0x1461AC8D0	CALLEE	0x1461ACA63	0x1461AC8D0	0x146162360
typed_materializer	0x1461AC8D0	CALLEE	0x1461ACAB4	0x1461AC8D0	0x1417B2430
typed_materializer	0x1461AC8D0	CALLEE	0x1461ACAFD	0x1461AC8D0	0x146162510
typed_materializer	0x1461AC8D0	CALLEE	0x1461ACB27	0x1461AC8D0	0x1407EB290
typed_materializer	0x1461AC8D0	CALLEE	0x1461ACB57	0x1461AC8D0	0x146161960
typed_materializer	0x1461AC8D0	CALLEE	0x1461ACB7A	0x1461AC8D0	0x1461462D0
typed_materializer	0x1461AC8D0	CALLEE	0x1461ACB93	0x1461AC8D0	0x147AA6B60
typed_materializer	0x1461AC8D0	CALLEE	0x1461ACBB4	0x1461AC8D0	0x146162360
typed_materializer	0x1461AC8D0	CALLEE	0x1461ACBD5	0x1461AC8D0	0x146165A00
typed_materializer	0x1461AC8D0	CALLEE	0x1461ACBDA	0x1461AC8D0	0x14105E730
typed_materializer	0x1461AC8D0	CALLEE	0x1461ACC1E	0x1461AC8D0	0x14613B5F0
typed_materializer	0x1461AC8D0	CALLEE	0x1461ACC31	0x1461AC8D0	0x146162360
typed_object_core	0x1417B2430	CALLER	0x1414FB67E	0x1414FB5E0	0x1417B2430
typed_object_core	0x1417B2430	CALLER	0x141517EC6	0x141517D30	0x1417B2430
typed_object_core	0x1417B2430	CALLER	0x14152D231	0x14152D1E0	0x1417B2430
typed_object_core	0x1417B2430	CALLER	0x1415375CD	0x1415374B0	0x1417B2430
typed_object_core	0x1417B2430	CALLER	0x1415B38AE	0x1415B37F0	0x1417B2430
typed_object_core	0x1417B2430	CALLER	0x1415B7086	0x1415B6FD0	0x1417B2430
typed_object_core	0x1417B2430	CALLER	0x1415B89AF	0x1415B8940	0x1417B2430
typed_object_core	0x1417B2430	CALLER	0x1417AF3A2	0x1417AF1E0	0x1417B2430
typed_object_core	0x1417B2430	CALLER	0x1461ACAB4	0x1461AC8D0	0x1417B2430
typed_object_core	0x1417B2430	CALLER	0x146A47AA9	0x146A47A30	0x1417B2430
typed_object_core	0x1417B2430	CALLEE	0x1417B2452	0x1417B2430	0x140873230
typed_object_core	0x1417B2430	CALLEE	0x1417B247D	0x1417B2430	0x140878610
typed_object_core	0x1417B2430	CALLEE	0x1417B24C9	0x1417B2430	0x140873230
typed_object_core	0x1417B2430	CALLEE	0x1417B2505	0x1417B2430	0x14156D3A0
typed_object_core	0x1417B2430	CALLEE	0x1417B252E	0x1417B2430	0x1461AD130
typed_object_core	0x1417B2430	CALLEE	0x1417B254F	0x1417B2430	0x1406D97D0
typed_object_core	0x1417B2430	CALLEE	0x1417B25C1	0x1417B2430	0x147AA6610
identity_wrapper	0x1461AD130	CALLER	0x1415AC575	0x1415AC540	0x1461AD130
identity_wrapper	0x1461AD130	CALLER	0x1415AC745	0x1415AC710	0x1461AD130
identity_wrapper	0x1461AD130	CALLER	0x1415AC8E5	0x1415AC8B0	0x1461AD130
identity_wrapper	0x1461AD130	CALLER	0x1417AF2F3	0x1417AF1E0	0x1461AD130
identity_wrapper	0x1461AD130	CALLER	0x1417B252E	0x1417B2430	0x1461AD130
identity_wrapper	0x1461AD130	CALLER	0x1417B292E	0x1417B2830	0x1461AD130
identity_wrapper	0x1461AD130	CALLER	0x1417B2B3E	0x1417B2A60	0x1461AD130
identity_wrapper	0x1461AD130	CALLER	0x142816465	0x142816430	0x1461AD130
identity_wrapper	0x1461AD130	CALLER	0x14290EC51	0x14290EC39	0x1461AD130
identity_wrapper	0x1461AD130	CALLER	0x142D67675	0x142D67640	0x1461AD130
identity_wrapper	0x1461AD130	CALLER	0x143A062A5	0x143A06270	0x1461AD130
identity_wrapper	0x1461AD130	CALLER	0x1461ABBA7	0x1461ABB70	0x1461AD130
identity_wrapper	0x1461AD130	CALLER	0x146AF2474	0x146AF2340	0x1461AD130
identity_wrapper	0x1461AD130	CALLER	0x146B0769E	0x146B074A0	0x1461AD130
identity_wrapper	0x1461AD130	CALLEE	0x1461AD146	0x1461AD130	0x146162150
identity_wrapper	0x1461AD130	CALLEE	0x1461AD151	0x1461AD130	0x140873230
identity_wrapper	0x1461AD130	CALLEE	0x1461AD159	0x1461AD130	0x1407F7D80
identity_wrapper	0x1461AD130	CALLEE	0x1461AD173	0x1461AD130	0x1461ACFE0
identity_decoder	0x1461ACFE0	CALLER	0x1461ACFA2	0x1461ACE70	0x1461ACFE0
identity_decoder	0x1461ACFE0	CALLER	0x1461AD173	0x1461AD130	0x1461ACFE0
identity_decoder	0x1461ACFE0	CALLER	0x1461B12B4	0x1461B1225	0x1461ACFE0
identity_decoder	0x1461ACFE0	CALLEE	0x1461AD00A	0x1461ACFE0	0x14087B5C0
identity_decoder	0x1461ACFE0	CALLEE	0x1461AD025	0x1461ACFE0	0x146162150
identity_decoder	0x1461ACFE0	CALLEE	0x1461AD0C7	0x1461ACFE0	0x146140790
identity_decoder	0x1461ACFE0	CALLEE	0x1461AD0FA	0x1461ACFE0	0x140878610
prefix_decoder	0x14087B5C0	CALLER	0x1407C1D79	0x1407C1C80	0x14087B5C0
prefix_decoder	0x14087B5C0	CALLER	0x1407C29B0	0x1407C2960	0x14087B5C0
prefix_decoder	0x14087B5C0	CALLER	0x1407D8BE3	0x1407D8BB0	0x14087B5C0
prefix_decoder	0x14087B5C0	CALLER	0x1407D8D0D	0x1407D8CD0	0x14087B5C0
prefix_decoder	0x14087B5C0	CALLER	0x1407D90B4	0x1407D9070	0x14087B5C0
prefix_decoder	0x14087B5C0	CALLER	0x1407D9287	0x1407D9260	0x14087B5C0
prefix_decoder	0x14087B5C0	CALLER	0x1407DA9B6	0x1407DA980	0x14087B5C0
prefix_decoder	0x14087B5C0	CALLER	0x1407DAB2B	0x1407DAAF0	0x14087B5C0
prefix_decoder	0x14087B5C0	CALLER	0x1407DBB0E	0x1407DBAE0	0x14087B5C0
prefix_decoder	0x14087B5C0	CALLER	0x1407DBC79	0x1407DBC50	0x14087B5C0
prefix_decoder	0x14087B5C0	CALLER	0x1407FC3C3	0x1407FC360	0x14087B5C0
prefix_decoder	0x14087B5C0	CALLER	0x1407FC697	0x1407FC670	0x14087B5C0
prefix_decoder	0x14087B5C0	CALLER	0x1407FC7DE	0x1407FC7A0	0x14087B5C0
prefix_decoder	0x14087B5C0	CALLER	0x1407FCB3E	0x1407FCB00	0x14087B5C0
prefix_decoder	0x14087B5C0	CALLER	0x1407FCBDD	0x1407FCB00	0x14087B5C0
prefix_decoder	0x14087B5C0	CALLER	0x1407FD010	0x1407FCFE0	0x14087B5C0
prefix_decoder	0x14087B5C0	CALLER	0x1407FD1B4	0x1407FD190	0x14087B5C0
prefix_decoder	0x14087B5C0	CALLER	0x1407FD288	0x1407FD1DB	0x14087B5C0
prefix_decoder	0x14087B5C0	CALLER	0x14087A35F	0x14087A330	0x14087B5C0
prefix_decoder	0x14087B5C0	CALLER	0x14087A3FF	0x14087A3D0	0x14087B5C0
prefix_decoder	0x14087B5C0	CALLER	0x14115AAAE	0x14115AA80	0x14087B5C0
prefix_decoder	0x14087B5C0	CALLER	0x1414C3C0B	0x1414C3BB0	0x14087B5C0
prefix_decoder	0x14087B5C0	CALLER	0x1414CCA91	0x1414CC9C0	0x14087B5C0
prefix_decoder	0x14087B5C0	CALLER	0x1414D0424	0x1414D0380	0x14087B5C0
prefix_decoder	0x14087B5C0	CALLER	0x1414D292E	0x1414D2870	0x14087B5C0
prefix_decoder	0x14087B5C0	CALLER	0x1414DC897	0x1414DC810	0x14087B5C0
prefix_decoder	0x14087B5C0	CALLER	0x1414DE750	0x1414DE690	0x14087B5C0
prefix_decoder	0x14087B5C0	CALLER	0x1414E0DFF	0x1414E0D90	0x14087B5C0
prefix_decoder	0x14087B5C0	CALLER	0x1414E5596	0x1414E5490	0x14087B5C0
prefix_decoder	0x14087B5C0	CALLER	0x1414EE224	0x1414EE170	0x14087B5C0
prefix_decoder	0x14087B5C0	CALLER	0x1414EF099	0x1414EEFA0	0x14087B5C0
prefix_decoder	0x14087B5C0	CALLER	0x1414F41D4	0x1414F4170	0x14087B5C0
prefix_decoder	0x14087B5C0	CALLER	0x1414F55CB	0x1414F5570	0x14087B5C0
prefix_decoder	0x14087B5C0	CALLER	0x14151B338	0x14151B2D0	0x14087B5C0
prefix_decoder	0x14087B5C0	CALLER	0x1415213AB	0x141521270	0x14087B5C0
prefix_decoder	0x14087B5C0	CALLER	0x14152591A	0x1415258F0	0x14087B5C0
prefix_decoder	0x14087B5C0	CALLER	0x141525966	0x1415258F0	0x14087B5C0
prefix_decoder	0x14087B5C0	CALLER	0x14152F3FB	0x14152F3A0	0x14087B5C0
prefix_decoder	0x14087B5C0	CALLER	0x141532A6B	0x141532A10	0x14087B5C0
prefix_decoder	0x14087B5C0	CALLER	0x141542A53	0x1415429F0	0x14087B5C0
prefix_decoder	0x14087B5C0	CALLER	0x1415687F4	0x141568750	0x14087B5C0
prefix_decoder	0x14087B5C0	CALLER	0x141568A36	0x141568951	0x14087B5C0
prefix_decoder	0x14087B5C0	CALLER	0x141568B93	0x141568AE0	0x14087B5C0
prefix_decoder	0x14087B5C0	CALLER	0x1415ACB2F	0x1415ACB00	0x14087B5C0
prefix_decoder	0x14087B5C0	CALLER	0x1415AD384	0x1415AD36C	0x14087B5C0
prefix_decoder	0x14087B5C0	CALLER	0x1415AF686	0x1415AF610	0x14087B5C0
prefix_decoder	0x14087B5C0	CALLER	0x1415AFBBD	0x1415AFB9F	0x14087B5C0
prefix_decoder	0x14087B5C0	CALLER	0x1415AFE46	0x1415AFE18	0x14087B5C0
prefix_decoder	0x14087B5C0	CALLER	0x1415B0A72	0x1415B09A0	0x14087B5C0
prefix_decoder	0x14087B5C0	CALLER	0x1415B0AB2	0x1415B09A0	0x14087B5C0
prefix_decoder	0x14087B5C0	CALLER	0x1415B0CEF	0x1415B0BB0	0x14087B5C0
prefix_decoder	0x14087B5C0	CALLER	0x1415B1599	0x1415B1510	0x14087B5C0
prefix_decoder	0x14087B5C0	CALLER	0x1415B15E5	0x1415B1510	0x14087B5C0
prefix_decoder	0x14087B5C0	CALLER	0x1415B1625	0x1415B1510	0x14087B5C0
prefix_decoder	0x14087B5C0	CALLER	0x1415B1E9A	0x1415B1E30	0x14087B5C0
prefix_decoder	0x14087B5C0	CALLER	0x1415B2642	0x1415B2600	0x14087B5C0
prefix_decoder	0x14087B5C0	CALLER	0x1415B280D	0x1415B27D0	0x14087B5C0
prefix_decoder	0x14087B5C0	CALLER	0x1415B2A17	0x1415B29FC	0x14087B5C0
prefix_decoder	0x14087B5C0	CALLER	0x1415B2BFE	0x1415B2BC0	0x14087B5C0
prefix_decoder	0x14087B5C0	CALLER	0x1415B2C5A	0x1415B2BC0	0x14087B5C0
prefix_decoder	0x14087B5C0	CALLER	0x1415B2DE3	0x1415B2DA0	0x14087B5C0
prefix_decoder	0x14087B5C0	CALLER	0x1415B317D	0x1415B3130	0x14087B5C0
prefix_decoder	0x14087B5C0	CALLER	0x1415B353B	0x1415B34F0	0x14087B5C0
prefix_decoder	0x14087B5C0	CALLER	0x1415B35DB	0x1415B34F0	0x14087B5C0
prefix_decoder	0x14087B5C0	CALLER	0x1415B3742	0x1415B3710	0x14087B5C0
prefix_decoder	0x14087B5C0	CALLER	0x1415B382E	0x1415B37F0	0x14087B5C0
prefix_decoder	0x14087B5C0	CALLER	0x1415B3A43	0x1415B3A10	0x14087B5C0
prefix_decoder	0x14087B5C0	CALLER	0x1415B3B7D	0x1415B3B50	0x14087B5C0
prefix_decoder	0x14087B5C0	CALLER	0x1415B3D2A	0x1415B3CF0	0x14087B5C0
prefix_decoder	0x14087B5C0	CALLER	0x1415B3EFE	0x1415B3EC0	0x14087B5C0
prefix_decoder	0x14087B5C0	CALLER	0x1415B3F6C	0x1415B3EC0	0x14087B5C0
prefix_decoder	0x14087B5C0	CALLER	0x1415B40E6	0x1415B40B0	0x14087B5C0
prefix_decoder	0x14087B5C0	CALLER	0x1415B42B2	0x1415B4280	0x14087B5C0
prefix_decoder	0x14087B5C0	CALLER	0x1415B4392	0x1415B4360	0x14087B5C0
prefix_decoder	0x14087B5C0	CALLER	0x1415B447A	0x1415B4440	0x14087B5C0
prefix_decoder	0x14087B5C0	CALLER	0x1415B4557	0x1415B4440	0x14087B5C0
prefix_decoder	0x14087B5C0	CALLER	0x1415B4662	0x1415B4620	0x14087B5C0
prefix_decoder	0x14087B5C0	CALLER	0x1415B4767	0x1415B4620	0x14087B5C0
prefix_decoder	0x14087B5C0	CALLER	0x1415B4965	0x1415B4941	0x14087B5C0
prefix_decoder	0x14087B5C0	CALLER	0x1415B4AE2	0x1415B4AB0	0x14087B5C0
prefix_decoder	0x14087B5C0	CALLER	0x1415B511C	0x1415B50FE	0x14087B5C0
prefix_decoder	0x14087B5C0	CALLER	0x1415B52A8	0x1415B528F	0x14087B5C0
prefix_decoder	0x14087B5C0	CALLER	0x1415B5463	0x1415B543F	0x14087B5C0
prefix_decoder	0x14087B5C0	CALLER	0x1415B5A4D	0x1415B5920	0x14087B5C0
prefix_decoder	0x14087B5C0	CALLER	0x1415B66B6	0x1415B6680	0x14087B5C0
prefix_decoder	0x14087B5C0	CALLER	0x1415B89FD	0x1415B8940	0x14087B5C0
prefix_decoder	0x14087B5C0	CALLER	0x1415B915F	0x1415B9080	0x14087B5C0
prefix_decoder	0x14087B5C0	CALLER	0x1415B919F	0x1415B9080	0x14087B5C0
prefix_decoder	0x14087B5C0	CALLER	0x1415B9D36	0x1415B9CC0	0x14087B5C0
prefix_decoder	0x14087B5C0	CALLER	0x1415BAC3B	0x1415BAC10	0x14087B5C0
prefix_decoder	0x14087B5C0	CALLER	0x1415BAD49	0x1415BAD20	0x14087B5C0
prefix_decoder	0x14087B5C0	CALLER	0x1415BAECB	0x1415BAEA0	0x14087B5C0
prefix_decoder	0x14087B5C0	CALLER	0x1415BAFEB	0x1415BAFC0	0x14087B5C0
prefix_decoder	0x14087B5C0	CALLER	0x1415BB383	0x1415BB350	0x14087B5C0
prefix_decoder	0x14087B5C0	CALLER	0x1415BB54C	0x1415BB520	0x14087B5C0
prefix_decoder	0x14087B5C0	CALLER	0x1415BB656	0x1415BB620	0x14087B5C0
prefix_decoder	0x14087B5C0	CALLER	0x1415BB77B	0x1415BB750	0x14087B5C0
prefix_decoder	0x14087B5C0	CALLER	0x1415BB8E8	0x1415BB8C0	0x14087B5C0
prefix_decoder	0x14087B5C0	CALLER	0x1415BBAAC	0x1415BBA80	0x14087B5C0
prefix_decoder	0x14087B5C0	CALLER	0x1415BBC62	0x1415BBC30	0x14087B5C0
prefix_decoder	0x14087B5C0	CALLER	0x1415BBD12	0x1415BBCE0	0x14087B5C0
prefix_decoder	0x14087B5C0	CALLER	0x1415BBDB3	0x1415BBD90	0x14087B5C0
prefix_decoder	0x14087B5C0	CALLER	0x1415BBF3B	0x1415BBF10	0x14087B5C0
prefix_decoder	0x14087B5C0	CALLER	0x1415BC092	0x1415BC060	0x14087B5C0
prefix_decoder	0x14087B5C0	CALLER	0x1415BC13B	0x1415BC110	0x14087B5C0
prefix_decoder	0x14087B5C0	CALLER	0x1415BC2BB	0x1415BC290	0x14087B5C0
prefix_decoder	0x14087B5C0	CALLER	0x1415BC3EC	0x1415BC3C0	0x14087B5C0
prefix_decoder	0x14087B5C0	CALLER	0x1415BC51B	0x1415BC4F0	0x14087B5C0
prefix_decoder	0x14087B5C0	CALLER	0x1415BDCFB	0x1415BDBA0	0x14087B5C0
prefix_decoder	0x14087B5C0	CALLER	0x1415C09C4	0x1415C07B0	0x14087B5C0
prefix_decoder	0x14087B5C0	CALLER	0x1415C19DA	0x1415C1770	0x14087B5C0
prefix_decoder	0x14087B5C0	CALLER	0x1415C1E7F	0x1415C1CD0	0x14087B5C0
prefix_decoder	0x14087B5C0	CALLER	0x1415C32D4	0x1415C3220	0x14087B5C0
prefix_decoder	0x14087B5C0	CALLER	0x1415C3343	0x1415C3220	0x14087B5C0
prefix_decoder	0x14087B5C0	CALLER	0x1415C340E	0x1415C33E0	0x14087B5C0
prefix_decoder	0x14087B5C0	CALLER	0x1415C3BD2	0x1415C3BA0	0x14087B5C0
prefix_decoder	0x14087B5C0	CALLER	0x1415C3F97	0x1415C3F40	0x14087B5C0
prefix_decoder	0x14087B5C0	CALLER	0x1415C4051	0x1415C3F40	0x14087B5C0
prefix_decoder	0x14087B5C0	CALLER	0x1415C46D5	0x1415C46A0	0x14087B5C0
prefix_decoder	0x14087B5C0	CALLER	0x1415C4848	0x1415C4800	0x14087B5C0
prefix_decoder	0x14087B5C0	CALLER	0x1415C4A30	0x1415C4A00	0x14087B5C0
prefix_decoder	0x14087B5C0	CALLER	0x1415C4C6C	0x1415C4C30	0x14087B5C0
prefix_decoder	0x14087B5C0	CALLER	0x1415C4E31	0x1415C4DF0	0x14087B5C0
prefix_decoder	0x14087B5C0	CALLER	0x1415C4FF1	0x1415C4FB0	0x14087B5C0
prefix_decoder	0x14087B5C0	CALLER	0x1415C51B0	0x1415C5170	0x14087B5C0
prefix_decoder	0x14087B5C0	CALLER	0x1415C5370	0x1415C5330	0x14087B5C0
prefix_decoder	0x14087B5C0	CALLER	0x1415C5551	0x1415C5510	0x14087B5C0
prefix_decoder	0x14087B5C0	CALLER	0x1415C5711	0x1415C56D0	0x14087B5C0
prefix_decoder	0x14087B5C0	CALLER	0x1415C58BF	0x1415C5890	0x14087B5C0
prefix_decoder	0x14087B5C0	CALLER	0x1415C5AB8	0x1415C5A80	0x14087B5C0
prefix_decoder	0x14087B5C0	CALLER	0x1415C5CA1	0x1415C5C70	0x14087B5C0
prefix_decoder	0x14087B5C0	CALLER	0x1415C5ED8	0x1415C5EA0	0x14087B5C0
prefix_decoder	0x14087B5C0	CALLER	0x1415C60B5	0x1415C6080	0x14087B5C0
prefix_decoder	0x14087B5C0	CALLER	0x1415C62AB	0x1415C6280	0x14087B5C0
prefix_decoder	0x14087B5C0	CALLER	0x1415C64B2	0x1415C6480	0x14087B5C0
prefix_decoder	0x14087B5C0	CALLER	0x1415C6661	0x1415C6630	0x14087B5C0
prefix_decoder	0x14087B5C0	CALLER	0x1415C67F9	0x1415C67C0	0x14087B5C0
prefix_decoder	0x14087B5C0	CALLER	0x1415C699E	0x1415C6970	0x14087B5C0
prefix_decoder	0x14087B5C0	CALLER	0x1417AC34F	0x1417AC320	0x14087B5C0
prefix_decoder	0x14087B5C0	CALLER	0x1417AC73B	0x1417AC6E0	0x14087B5C0
prefix_decoder	0x14087B5C0	CALLER	0x1417AD479	0x1417AD380	0x14087B5C0
prefix_decoder	0x14087B5C0	CALLER	0x1417AD5DF	0x1417AD5B0	0x14087B5C0
prefix_decoder	0x14087B5C0	CALLER	0x1417AD7B2	0x1417AD740	0x14087B5C0
prefix_decoder	0x14087B5C0	CALLER	0x1417AD971	0x1417AD8D0	0x14087B5C0
prefix_decoder	0x14087B5C0	CALLER	0x1417ADA7C	0x1417ADA20	0x14087B5C0
prefix_decoder	0x14087B5C0	CALLER	0x1417ADBAF	0x1417ADB80	0x14087B5C0
prefix_decoder	0x14087B5C0	CALLER	0x1417ADD31	0x1417ADC90	0x14087B5C0
prefix_decoder	0x14087B5C0	CALLER	0x1417AE698	0x1417AE640	0x14087B5C0
prefix_decoder	0x14087B5C0	CALLER	0x1417AECAE	0x1417AEBD0	0x14087B5C0
prefix_decoder	0x14087B5C0	CALLER	0x1417AF0DE	0x1417AF040	0x14087B5C0
prefix_decoder	0x14087B5C0	CALLER	0x1417AF687	0x1417AF5D0	0x14087B5C0
prefix_decoder	0x14087B5C0	CALLER	0x1417AF803	0x1417AF780	0x14087B5C0
prefix_decoder	0x14087B5C0	CALLER	0x1417AFAAC	0x1417AFA70	0x14087B5C0
prefix_decoder	0x14087B5C0	CALLER	0x1417AFF29	0x1417AFEF0	0x14087B5C0
prefix_decoder	0x14087B5C0	CALLER	0x1417B0139	0x1417B0100	0x14087B5C0
prefix_decoder	0x14087B5C0	CALLER	0x1417B0336	0x1417B0310	0x14087B5C0
prefix_decoder	0x14087B5C0	CALLER	0x1417B0508	0x1417B04E0	0x14087B5C0
prefix_decoder	0x14087B5C0	CALLER	0x1417B06D4	0x1417B06A0	0x14087B5C0
prefix_decoder	0x14087B5C0	CALLER	0x1417B0924	0x1417B0900	0x14087B5C0
prefix_decoder	0x14087B5C0	CALLER	0x1417B0A3D	0x1417B0948	0x14087B5C0
prefix_decoder	0x14087B5C0	CALLER	0x1417B0B9E	0x1417B0B70	0x14087B5C0
prefix_decoder	0x14087B5C0	CALLER	0x1417B0D46	0x1417B0D20	0x14087B5C0
prefix_decoder	0x14087B5C0	CALLER	0x1417B1891	0x1417B1680	0x14087B5C0
prefix_decoder	0x14087B5C0	CALLER	0x1417B19A1	0x1417B1680	0x14087B5C0
prefix_decoder	0x14087B5C0	CALLER	0x1417B225C	0x1417B21F0	0x14087B5C0
prefix_decoder	0x14087B5C0	CALLER	0x1417B2F05	0x1417B2E80	0x14087B5C0
prefix_decoder	0x14087B5C0	CALLER	0x1417B3353	0x1417B32E0	0x14087B5C0
prefix_decoder	0x14087B5C0	CALLER	0x1417B381E	0x1417B37F0	0x14087B5C0
prefix_decoder	0x14087B5C0	CALLER	0x1417B395B	0x1417B3930	0x14087B5C0
prefix_decoder	0x14087B5C0	CALLER	0x1425A09DD	0x1425A0980	0x14087B5C0
prefix_decoder	0x14087B5C0	CALLER	0x1425A2620	0x1425A25A0	0x14087B5C0
prefix_decoder	0x14087B5C0	CALLER	0x1425B3031	0x1425B2FF0	0x14087B5C0
prefix_decoder	0x14087B5C0	CALLER	0x1425B37A1	0x1425B3770	0x14087B5C0
prefix_decoder	0x14087B5C0	CALLER	0x1425B3961	0x1425B3930	0x14087B5C0
prefix_decoder	0x14087B5C0	CALLER	0x1425F9556	0x1425F94B0	0x14087B5C0
prefix_decoder	0x14087B5C0	CALLER	0x1425F9730	0x1425F9620	0x14087B5C0
prefix_decoder	0x14087B5C0	CALLER	0x1425F9770	0x1425F9620	0x14087B5C0
prefix_decoder	0x14087B5C0	CALLER	0x1425F99D2	0x1425F9990	0x14087B5C0
prefix_decoder	0x14087B5C0	CALLER	0x1425F9ADF	0x1425F9990	0x14087B5C0
prefix_decoder	0x14087B5C0	CALLER	0x1425F9F7B	0x1425F9ED0	0x14087B5C0
prefix_decoder	0x14087B5C0	CALLER	0x1425FA529	0x1425FA500	0x14087B5C0
prefix_decoder	0x14087B5C0	CALLER	0x1426B4CDF	0x1426B4CB9	0x14087B5C0
prefix_decoder	0x14087B5C0	CALLER	0x1426B4EAF	0x1426B4E70	0x14087B5C0
prefix_decoder	0x14087B5C0	CALLER	0x1426E128D	0x1426E1250	0x14087B5C0
prefix_decoder	0x14087B5C0	CALLER	0x1426E12D9	0x1426E1250	0x14087B5C0
prefix_decoder	0x14087B5C0	CALLER	0x1426E1325	0x1426E1250	0x14087B5C0
prefix_decoder	0x14087B5C0	CALLER	0x1426E1366	0x1426E1250	0x14087B5C0
prefix_decoder	0x14087B5C0	CALLER	0x1426E1521	0x1426E1430	0x14087B5C0
prefix_decoder	0x14087B5C0	CALLER	0x1426E1586	0x1426E1430	0x14087B5C0
prefix_decoder	0x14087B5C0	CALLER	0x1426F757E	0x1426F7550	0x14087B5C0
prefix_decoder	0x14087B5C0	CALLER	0x142726612	0x1427265E6	0x14087B5C0
prefix_decoder	0x14087B5C0	CALLER	0x14274F918	0x14274F8D0	0x14087B5C0
prefix_decoder	0x14087B5C0	CALLER	0x14274FA07	0x14274F8D0	0x14087B5C0
prefix_decoder	0x14087B5C0	CALLER	0x142761B3C	0x142761B10	0x14087B5C0
prefix_decoder	0x14087B5C0	CALLER	0x14279D89C	0x14279D870	0x14087B5C0
prefix_decoder	0x14087B5C0	CALLER	0x14279DA1D	0x14279D9B0	0x14087B5C0
prefix_decoder	0x14087B5C0	CALLER	0x14279DCDD	0x14279DC70	0x14087B5C0
prefix_decoder	0x14087B5C0	CALLER	0x14279DFAD	0x14279DF40	0x14087B5C0
prefix_decoder	0x14087B5C0	CALLER	0x14279E5AB	0x14279E58F	0x14087B5C0
prefix_decoder	0x14087B5C0	CALLER	0x14279E6D9	0x14279E6BC	0x14087B5C0
prefix_decoder	0x14087B5C0	CALLER	0x1427C56DB	0x1427C56B0	0x14087B5C0
prefix_decoder	0x14087B5C0	CALLER	0x1427D606B	0x1427D6030	0x14087B5C0
prefix_decoder	0x14087B5C0	CALLER	0x1427D63FB	0x1427D63C0	0x14087B5C0
prefix_decoder	0x14087B5C0	CALLER	0x1427DE60E	0x1427DE5D0	0x14087B5C0
prefix_decoder	0x14087B5C0	CALLER	0x1427DE7FE	0x1427DE7C0	0x14087B5C0
prefix_decoder	0x14087B5C0	CALLER	0x1427DE9D1	0x1427DE9A0	0x14087B5C0
prefix_decoder	0x14087B5C0	CALLER	0x14280E1BF	0x14280E190	0x14087B5C0
prefix_decoder	0x14087B5C0	CALLER	0x142816752	0x142816680	0x14087B5C0
prefix_decoder	0x14087B5C0	CALLER	0x142819A3A	0x1428199C0	0x14087B5C0
prefix_decoder	0x14087B5C0	CALLER	0x142832F5C	0x142832F41	0x14087B5C0
prefix_decoder	0x14087B5C0	CALLER	0x14284BCEA	0x14284BBB0	0x14087B5C0
prefix_decoder	0x14087B5C0	CALLER	0x14285A134	0x14285A11B	0x14087B5C0
prefix_decoder	0x14087B5C0	CALLER	0x14285A6AA	0x14285A678	0x14087B5C0
prefix_decoder	0x14087B5C0	CALLER	0x14286605F	0x142866030	0x14087B5C0
prefix_decoder	0x14087B5C0	CALLER	0x14287CFAC	0x14287CE70	0x14087B5C0
prefix_decoder	0x14087B5C0	CALLER	0x142884D8B	0x142884D20	0x14087B5C0
prefix_decoder	0x14087B5C0	CALLER	0x14289705D	0x142897020	0x14087B5C0
prefix_decoder	0x14087B5C0	CALLER	0x1428971CE	0x142897121	0x14087B5C0
prefix_decoder	0x14087B5C0	CALLER	0x1428A84DA	0x1428A83F0	0x14087B5C0
prefix_decoder	0x14087B5C0	CALLER	0x1428A85F1	0x1428A85B0	0x14087B5C0
prefix_decoder	0x14087B5C0	CALLER	0x1428A903E	0x1428A9010	0x14087B5C0
prefix_decoder	0x14087B5C0	CALLER	0x1428B8CDE	0x1428B8C50	0x14087B5C0
prefix_decoder	0x14087B5C0	CALLER	0x1428BC4C7	0x1428BC450	0x14087B5C0
prefix_decoder	0x14087B5C0	CALLER	0x1428CB167	0x1428CB143	0x14087B5C0
prefix_decoder	0x14087B5C0	CALLER	0x14290ED9E	0x14290ED60	0x14087B5C0
prefix_decoder	0x14087B5C0	CALLER	0x14290EDED	0x14290ED60	0x14087B5C0
prefix_decoder	0x14087B5C0	CALLER	0x14290EE30	0x14290ED60	0x14087B5C0
prefix_decoder	0x14087B5C0	CALLER	0x14291DB96	0x14291DB60	0x14087B5C0
prefix_decoder	0x14087B5C0	CALLER	0x14292BD0A	0x14292BCEE	0x14087B5C0
prefix_decoder	0x14087B5C0	CALLER	0x14292BE5B	0x14292BE30	0x14087B5C0
prefix_decoder	0x14087B5C0	CALLER	0x14293C7D6	0x14293C7B6	0x14087B5C0
prefix_decoder	0x14087B5C0	CALLER	0x14293CAE0	0x14293CAB0	0x14087B5C0
prefix_decoder	0x14087B5C0	CALLER	0x1429597ED	0x142959790	0x14087B5C0
prefix_decoder	0x14087B5C0	CALLER	0x14295A804	0x14295A7DD	0x14087B5C0
prefix_decoder	0x14087B5C0	CALLER	0x14295A9C2	0x14295A980	0x14087B5C0
prefix_decoder	0x14087B5C0	CALLER	0x142960B60	0x142960B30	0x14087B5C0
prefix_decoder	0x14087B5C0	CALLER	0x14297B273	0x14297B257	0x14087B5C0
prefix_decoder	0x14087B5C0	CALLER	0x1429972DD	0x142997270	0x14087B5C0
prefix_decoder	0x14087B5C0	CALLER	0x1429C88EB	0x1429C88B0	0x14087B5C0
prefix_decoder	0x14087B5C0	CALLER	0x1429D5880	0x1429D57C0	0x14087B5C0
prefix_decoder	0x14087B5C0	CALLER	0x1429D5CF6	0x1429D5CC0	0x14087B5C0
prefix_decoder	0x14087B5C0	CALLER	0x1429D5EB9	0x1429D5E80	0x14087B5C0
prefix_decoder	0x14087B5C0	CALLER	0x1429D6060	0x1429D6030	0x14087B5C0
prefix_decoder	0x14087B5C0	CALLER	0x142A1865B	0x142A18620	0x14087B5C0
prefix_decoder	0x14087B5C0	CALLER	0x142A18812	0x142A187D0	0x14087B5C0
prefix_decoder	0x14087B5C0	CALLER	0x142A18D2D	0x142A18C90	0x14087B5C0
prefix_decoder	0x14087B5C0	CALLER	0x142A1A7F1	0x142A1A7C0	0x14087B5C0
prefix_decoder	0x14087B5C0	CALLER	0x142A2606E	0x142A25D90	0x14087B5C0
prefix_decoder	0x14087B5C0	CALLER	0x142A26097	0x142A25D90	0x14087B5C0
prefix_decoder	0x14087B5C0	CALLER	0x142A260C0	0x142A25D90	0x14087B5C0
prefix_decoder	0x14087B5C0	CALLER	0x142A26303	0x142A25D90	0x14087B5C0
prefix_decoder	0x14087B5C0	CALLER	0x142A26351	0x142A25D90	0x14087B5C0
prefix_decoder	0x14087B5C0	CALLER	0x142A263A1	0x142A25D90	0x14087B5C0
prefix_decoder	0x14087B5C0	CALLER	0x142A2E7B2	0x142A2E6B0	0x14087B5C0
prefix_decoder	0x14087B5C0	CALLER	0x142A2E7DA	0x142A2E6B0	0x14087B5C0
prefix_decoder	0x14087B5C0	CALLER	0x142A2E889	0x142A2E6B0	0x14087B5C0
prefix_decoder	0x14087B5C0	CALLER	0x142A2E8B1	0x142A2E6B0	0x14087B5C0
prefix_decoder	0x14087B5C0	CALLER	0x142A2E8D9	0x142A2E6B0	0x14087B5C0
prefix_decoder	0x14087B5C0	CALLER	0x142A2E977	0x142A2E6B0	0x14087B5C0
prefix_decoder	0x14087B5C0	CALLER	0x142A2E99E	0x142A2E6B0	0x14087B5C0
prefix_decoder	0x14087B5C0	CALLER	0x142A2EB56	0x142A2EA20	0x14087B5C0
prefix_decoder	0x14087B5C0	CALLER	0x142A42E79	0x142A42E60	0x14087B5C0
prefix_decoder	0x14087B5C0	CALLER	0x142A43170	0x142A43140	0x14087B5C0
prefix_decoder	0x14087B5C0	CALLER	0x142A43260	0x142A43230	0x14087B5C0
prefix_decoder	0x14087B5C0	CALLER	0x142A75FDC	0x142A75F70	0x14087B5C0
prefix_decoder	0x14087B5C0	CALLER	0x142A76006	0x142A75F70	0x14087B5C0
prefix_decoder	0x14087B5C0	CALLER	0x142A760FB	0x142A75F70	0x14087B5C0
prefix_decoder	0x14087B5C0	CALLER	0x142CD3D13	0x142CD3CBA	0x14087B5C0
prefix_decoder	0x14087B5C0	CALLER	0x142CD4E05	0x142CD4DA0	0x14087B5C0
prefix_decoder	0x14087B5C0	CALLER	0x142CDB799	0x142CDB760	0x14087B5C0
prefix_decoder	0x14087B5C0	CALLER	0x142CDB926	0x142CDB8FF	0x14087B5C0
prefix_decoder	0x14087B5C0	CALLER	0x142CE57BF	0x142CE5790	0x14087B5C0
prefix_decoder	0x14087B5C0	CALLER	0x142CE5C6B	0x142CE5C30	0x14087B5C0
prefix_decoder	0x14087B5C0	CALLER	0x142CE5D00	0x142CE5C30	0x14087B5C0
prefix_decoder	0x14087B5C0	CALLER	0x142CE5E51	0x142CE5E20	0x14087B5C0
prefix_decoder	0x14087B5C0	CALLER	0x142D1AE08	0x142D1AD80	0x14087B5C0
prefix_decoder	0x14087B5C0	CALLER	0x142D1B18C	0x142D1B110	0x14087B5C0
prefix_decoder	0x14087B5C0	CALLER	0x142D1B32A	0x142D1B110	0x14087B5C0
prefix_decoder	0x14087B5C0	CALLER	0x142D1B569	0x142D1B500	0x14087B5C0
prefix_decoder	0x14087B5C0	CALLER	0x142D2DE58	0x142D2DE20	0x14087B5C0
prefix_decoder	0x14087B5C0	CALLER	0x142D2E06C	0x142D2E000	0x14087B5C0
prefix_decoder	0x14087B5C0	CALLER	0x142D4979C	0x142D49720	0x14087B5C0
prefix_decoder	0x14087B5C0	CALLER	0x142D5038A	0x142D50240	0x14087B5C0
prefix_decoder	0x14087B5C0	CALLER	0x142D59B2D	0x142D59AA0	0x14087B5C0
prefix_decoder	0x14087B5C0	CALLER	0x142D67A54	0x142D67990	0x14087B5C0
prefix_decoder	0x14087B5C0	CALLER	0x142D67F32	0x142D67E80	0x14087B5C0
prefix_decoder	0x14087B5C0	CALLER	0x142D98014	0x142D97FA0	0x14087B5C0
prefix_decoder	0x14087B5C0	CALLER	0x142D9830B	0x142D982EF	0x14087B5C0
prefix_decoder	0x14087B5C0	CALLER	0x142DA54CF	0x142DA5430	0x14087B5C0
prefix_decoder	0x14087B5C0	CALLER	0x142DB396F	0x142DB3940	0x14087B5C0
prefix_decoder	0x14087B5C0	CALLER	0x142DB3A9F	0x142DB3A70	0x14087B5C0
prefix_decoder	0x14087B5C0	CALLER	0x142DB3BBF	0x142DB3B90	0x14087B5C0
prefix_decoder	0x14087B5C0	CALLER	0x142DB3F31	0x142DB3EB0	0x14087B5C0
prefix_decoder	0x14087B5C0	CALLER	0x142DB4102	0x142DB40DF	0x14087B5C0
prefix_decoder	0x14087B5C0	CALLER	0x142DB4323	0x142DB42A0	0x14087B5C0
prefix_decoder	0x14087B5C0	CALLER	0x142DB49DD	0x142DB49A0	0x14087B5C0
prefix_decoder	0x14087B5C0	CALLER	0x142DB4C10	0x142DB4BD0	0x14087B5C0
prefix_decoder	0x14087B5C0	CALLER	0x142DB4E19	0x142DB4DE0	0x14087B5C0
prefix_decoder	0x14087B5C0	CALLER	0x142DB5022	0x142DB4FE0	0x14087B5C0
prefix_decoder	0x14087B5C0	CALLER	0x142DB5103	0x142DB4FE0	0x14087B5C0
prefix_decoder	0x14087B5C0	CALLER	0x142DB51FB	0x142DB51C0	0x14087B5C0
prefix_decoder	0x14087B5C0	CALLER	0x142DB52E3	0x142DB51C0	0x14087B5C0
prefix_decoder	0x14087B5C0	CALLER	0x142DB55E1	0x142DB54E0	0x14087B5C0
prefix_decoder	0x14087B5C0	CALLER	0x142DB5861	0x142DB5760	0x14087B5C0
prefix_decoder	0x14087B5C0	CALLER	0x142DB5A67	0x142DB59E0	0x14087B5C0
prefix_decoder	0x14087B5C0	CALLER	0x142DB5C97	0x142DB5C10	0x14087B5C0
prefix_decoder	0x14087B5C0	CALLER	0x142DB616B	0x142DB60E0	0x14087B5C0
prefix_decoder	0x14087B5C0	CALLER	0x142DB61EB	0x142DB60E0	0x14087B5C0
prefix_decoder	0x14087B5C0	CALLER	0x142DB63CB	0x142DB6340	0x14087B5C0
prefix_decoder	0x14087B5C0	CALLER	0x142DB644B	0x142DB6340	0x14087B5C0
prefix_decoder	0x14087B5C0	CALLER	0x142DB6F18	0x142DB6E70	0x14087B5C0
prefix_decoder	0x14087B5C0	CALLER	0x142DB72D3	0x142DB7290	0x14087B5C0
prefix_decoder	0x14087B5C0	CALLER	0x142DB74DB	0x142DB74B0	0x14087B5C0
prefix_decoder	0x14087B5C0	CALLER	0x142DB75CC	0x142DB75A0	0x14087B5C0
prefix_decoder	0x14087B5C0	CALLER	0x142DB76BD	0x142DB7690	0x14087B5C0
prefix_decoder	0x14087B5C0	CALLER	0x142DB77FE	0x142DB77D0	0x14087B5C0
prefix_decoder	0x14087B5C0	CALLER	0x142DB794D	0x142DB7920	0x14087B5C0
prefix_decoder	0x14087B5C0	CALLER	0x142DB7A7E	0x142DB7A50	0x14087B5C0
prefix_decoder	0x14087B5C0	CALLER	0x142DB7DA0	0x142DB7D70	0x14087B5C0
prefix_decoder	0x14087B5C0	CALLER	0x142DB85F8	0x142DB85C0	0x14087B5C0
prefix_decoder	0x14087B5C0	CALLER	0x142DB8768	0x142DB8730	0x14087B5C0
prefix_decoder	0x14087B5C0	CALLER	0x142DB88D4	0x142DB88A0	0x14087B5C0
prefix_decoder	0x14087B5C0	CALLER	0x142DB8A34	0x142DB8A00	0x14087B5C0
prefix_decoder	0x14087B5C0	CALLER	0x142DF0AF9	0x142DF0AC1	0x14087B5C0
prefix_decoder	0x14087B5C0	CALLER	0x142DF1F4F	0x142DF1EE0	0x14087B5C0
prefix_decoder	0x14087B5C0	CALLER	0x142DF4B51	0x142DF4AF0	0x14087B5C0
prefix_decoder	0x14087B5C0	CALLER	0x142DF64A8	0x142DF6430	0x14087B5C0
prefix_decoder	0x14087B5C0	CALLER	0x142E29943	0x142E29927	0x14087B5C0
prefix_decoder	0x14087B5C0	CALLER	0x142E29B0F	0x142E29A60	0x14087B5C0
prefix_decoder	0x14087B5C0	CALLER	0x142E29F17	0x142E29E90	0x14087B5C0
prefix_decoder	0x14087B5C0	CALLER	0x142E2A0FA	0x142E2A040	0x14087B5C0
prefix_decoder	0x14087B5C0	CALLER	0x142E2A226	0x142E2A1E0	0x14087B5C0
prefix_decoder	0x14087B5C0	CALLER	0x142E2A452	0x142E2A410	0x14087B5C0
prefix_decoder	0x14087B5C0	CALLER	0x142E2A737	0x142E2A6F0	0x14087B5C0
prefix_decoder	0x14087B5C0	CALLER	0x142E2AA4A	0x142E2AA10	0x14087B5C0
prefix_decoder	0x14087B5C0	CALLER	0x142E2ABFB	0x142E2ABC0	0x14087B5C0
prefix_decoder	0x14087B5C0	CALLER	0x142E2AD7B	0x142E2AD40	0x14087B5C0
prefix_decoder	0x14087B5C0	CALLER	0x142E2B47C	0x142E2B450	0x14087B5C0
prefix_decoder	0x14087B5C0	CALLER	0x142E2BBC1	0x142E2BB90	0x14087B5C0
prefix_decoder	0x14087B5C0	CALLER	0x142E2BD91	0x142E2BD60	0x14087B5C0
prefix_decoder	0x14087B5C0	CALLER	0x142E2BF92	0x142E2BF60	0x14087B5C0
prefix_decoder	0x14087B5C0	CALLER	0x142E6BD52	0x142E6BCE0	0x14087B5C0
prefix_decoder	0x14087B5C0	CALLER	0x142E891DE	0x142E89160	0x14087B5C0
prefix_decoder	0x14087B5C0	CALLER	0x142E89519	0x142E894A0	0x14087B5C0
prefix_decoder	0x14087B5C0	CALLER	0x142E89810	0x142E897C0	0x14087B5C0
prefix_decoder	0x14087B5C0	CALLER	0x142E89970	0x142E89910	0x14087B5C0
prefix_decoder	0x14087B5C0	CALLER	0x142EA305F	0x142EA3030	0x14087B5C0
prefix_decoder	0x14087B5C0	CALLER	0x142F1F73B	0x142F1F6F0	0x14087B5C0
prefix_decoder	0x14087B5C0	CALLER	0x142F27C90	0x142F27C50	0x14087B5C0
prefix_decoder	0x14087B5C0	CALLER	0x142F27E2F	0x142F27E00	0x14087B5C0
prefix_decoder	0x14087B5C0	CALLER	0x142F4D9E2	0x142F4D9C6	0x14087B5C0
prefix_decoder	0x14087B5C0	CALLER	0x142F4DB9E	0x142F4DB83	0x14087B5C0
prefix_decoder	0x14087B5C0	CALLER	0x142F4DE3D	0x142F4DE10	0x14087B5C0
prefix_decoder	0x14087B5C0	CALLER	0x142F4DF6F	0x142F4DF40	0x14087B5C0
prefix_decoder	0x14087B5C0	CALLER	0x142F4E0FB	0x142F4E0D0	0x14087B5C0
prefix_decoder	0x14087B5C0	CALLER	0x142F6AA7D	0x142F6AA40	0x14087B5C0
prefix_decoder	0x14087B5C0	CALLER	0x142F6ABA0	0x142F6AA40	0x14087B5C0
prefix_decoder	0x14087B5C0	CALLER	0x142F6AE6F	0x142F6AE4B	0x14087B5C0
prefix_decoder	0x14087B5C0	CALLER	0x142F6AFFD	0x142F6AF90	0x14087B5C0
prefix_decoder	0x14087B5C0	CALLER	0x142F6B197	0x142F6B130	0x14087B5C0
prefix_decoder	0x14087B5C0	CALLER	0x142F6B333	0x142F6B317	0x14087B5C0
prefix_decoder	0x14087B5C0	CALLER	0x142F6B4C3	0x142F6B4A7	0x14087B5C0
prefix_decoder	0x14087B5C0	CALLER	0x142F6BBE1	0x142F6BBB0	0x14087B5C0
prefix_decoder	0x14087B5C0	CALLER	0x142F6BD81	0x142F6BD50	0x14087B5C0
prefix_decoder	0x14087B5C0	CALLER	0x142F6BF11	0x142F6BEE0	0x14087B5C0
prefix_decoder	0x14087B5C0	CALLER	0x142F99C7A	0x142F99C10	0x14087B5C0
prefix_decoder	0x14087B5C0	CALLER	0x142F9A179	0x142F9A100	0x14087B5C0
prefix_decoder	0x14087B5C0	CALLER	0x142F9A48E	0x142F9A420	0x14087B5C0
prefix_decoder	0x14087B5C0	CALLER	0x142F9A75D	0x142F9A6F0	0x14087B5C0
prefix_decoder	0x14087B5C0	CALLER	0x142F9AB35	0x142F9AAB0	0x14087B5C0
prefix_decoder	0x14087B5C0	CALLER	0x142F9AF8C	0x142F9AF20	0x14087B5C0
prefix_decoder	0x14087B5C0	CALLER	0x142F9B26C	0x142F9B1F0	0x14087B5C0
prefix_decoder	0x14087B5C0	CALLER	0x142F9B70B	0x142F9B690	0x14087B5C0
prefix_decoder	0x14087B5C0	CALLER	0x142F9B9BE	0x142F9B940	0x14087B5C0
prefix_decoder	0x14087B5C0	CALLER	0x142F9BC8D	0x142F9BC20	0x14087B5C0
prefix_decoder	0x14087B5C0	CALLER	0x142F9BF5D	0x142F9BEF0	0x14087B5C0
prefix_decoder	0x14087B5C0	CALLER	0x142F9C21B	0x142F9C1FF	0x14087B5C0
prefix_decoder	0x14087B5C0	CALLER	0x142F9C3BC	0x142F9C370	0x14087B5C0
prefix_decoder	0x14087B5C0	CALLER	0x142FD7966	0x142FD7930	0x14087B5C0
prefix_decoder	0x14087B5C0	CALLER	0x1430120EA	0x143012060	0x14087B5C0
prefix_decoder	0x14087B5C0	CALLER	0x1430156D5	0x143015670	0x14087B5C0
prefix_decoder	0x14087B5C0	CALLER	0x143025D6F	0x143025D40	0x14087B5C0
prefix_decoder	0x14087B5C0	CALLER	0x143025E8F	0x143025E60	0x14087B5C0
prefix_decoder	0x14087B5C0	CALLER	0x143025FAF	0x143025F80	0x14087B5C0
prefix_decoder	0x14087B5C0	CALLER	0x14302625F	0x143026230	0x14087B5C0
prefix_decoder	0x14087B5C0	CALLER	0x1430506ED	0x143050680	0x14087B5C0
prefix_decoder	0x14087B5C0	CALLER	0x1430509A3	0x143050940	0x14087B5C0
prefix_decoder	0x14087B5C0	CALLER	0x143050AAB	0x143050A8F	0x14087B5C0
prefix_decoder	0x14087B5C0	CALLER	0x1430D4E2F	0x1430D4E00	0x14087B5C0
prefix_decoder	0x14087B5C0	CALLER	0x1430FCB1D	0x1430FCAB0	0x14087B5C0
prefix_decoder	0x14087B5C0	CALLER	0x14311F7C2	0x14311F6D0	0x14087B5C0
prefix_decoder	0x14087B5C0	CALLER	0x143125321	0x1431252C0	0x14087B5C0
prefix_decoder	0x14087B5C0	CALLER	0x143174737	0x14317470D	0x14087B5C0
prefix_decoder	0x14087B5C0	CALLER	0x14319F67C	0x14319F64A	0x14087B5C0
prefix_decoder	0x14087B5C0	CALLER	0x14319F8D2	0x14319F840	0x14087B5C0
prefix_decoder	0x14087B5C0	CALLER	0x14319FA82	0x14319FA30	0x14087B5C0
prefix_decoder	0x14087B5C0	CALLER	0x1431A747F	0x1431A7420	0x14087B5C0
prefix_decoder	0x14087B5C0	CALLER	0x1431A7656	0x1431A7610	0x14087B5C0
prefix_decoder	0x14087B5C0	CALLER	0x1431A7744	0x1431A7610	0x14087B5C0
prefix_decoder	0x14087B5C0	CALLER	0x1431A7D11	0x1431A7CE0	0x14087B5C0
prefix_decoder	0x14087B5C0	CALLER	0x1431D266E	0x1431D25F0	0x14087B5C0
prefix_decoder	0x14087B5C0	CALLER	0x1431DFE54	0x1431DFE39	0x14087B5C0
prefix_decoder	0x14087B5C0	CALLER	0x1432055DD	0x143205570	0x14087B5C0
prefix_decoder	0x14087B5C0	CALLER	0x14320591B	0x1432058FF	0x14087B5C0
prefix_decoder	0x14087B5C0	CALLER	0x14322A9E7	0x14322A9A0	0x14087B5C0
prefix_decoder	0x14087B5C0	CALLER	0x14322AC6C	0x14322ABB0	0x14087B5C0
prefix_decoder	0x14087B5C0	CALLER	0x143278AC9	0x143278A60	0x14087B5C0
prefix_decoder	0x14087B5C0	CALLER	0x14328C46F	0x14328C440	0x14087B5C0
prefix_decoder	0x14087B5C0	CALLER	0x14328C59B	0x14328C560	0x14087B5C0
prefix_decoder	0x14087B5C0	CALLER	0x14328C7A2	0x14328C760	0x14087B5C0
prefix_decoder	0x14087B5C0	CALLER	0x14328C9A4	0x14328C97B	0x14087B5C0
prefix_decoder	0x14087B5C0	CALLER	0x14328CB48	0x14328CB24	0x14087B5C0
prefix_decoder	0x14087B5C0	CALLER	0x14328CEF8	0x14328CEC0	0x14087B5C0
prefix_decoder	0x14087B5C0	CALLER	0x14328D00F	0x14328CFE0	0x14087B5C0
prefix_decoder	0x14087B5C0	CALLER	0x14328D260	0x14328D160	0x14087B5C0
prefix_decoder	0x14087B5C0	CALLER	0x14328D630	0x14328D5F0	0x14087B5C0
prefix_decoder	0x14087B5C0	CALLER	0x14328D811	0x14328D7E0	0x14087B5C0
prefix_decoder	0x14087B5C0	CALLER	0x14328D995	0x14328D960	0x14087B5C0
prefix_decoder	0x14087B5C0	CALLER	0x1432D723E	0x1432D71C0	0x14087B5C0
prefix_decoder	0x14087B5C0	CALLER	0x1432D7514	0x1432D74A0	0x14087B5C0
prefix_decoder	0x14087B5C0	CALLER	0x1432D782E	0x1432D77B0	0x14087B5C0
prefix_decoder	0x14087B5C0	CALLER	0x1432D7D24	0x1432D7CB0	0x14087B5C0
prefix_decoder	0x14087B5C0	CALLER	0x1432D804C	0x1432D7FD0	0x14087B5C0
prefix_decoder	0x14087B5C0	CALLER	0x1432D8484	0x1432D8410	0x14087B5C0
prefix_decoder	0x14087B5C0	CALLER	0x1432D8794	0x1432D8720	0x14087B5C0
prefix_decoder	0x14087B5C0	CALLER	0x1432D8AD2	0x1432D8A50	0x14087B5C0
prefix_decoder	0x14087B5C0	CALLER	0x1432D8EDC	0x1432D8E60	0x14087B5C0
prefix_decoder	0x14087B5C0	CALLER	0x1432D9633	0x1432D95D0	0x14087B5C0
prefix_decoder	0x14087B5C0	CALLER	0x1432D988E	0x1432D986C	0x14087B5C0
prefix_decoder	0x14087B5C0	CALLER	0x1432D99EC	0x1432D99A0	0x14087B5C0
prefix_decoder	0x14087B5C0	CALLER	0x1432DDA18	0x1432DD9B0	0x14087B5C0
prefix_decoder	0x14087B5C0	CALLER	0x1432E5C5C	0x1432E5B40	0x14087B5C0
prefix_decoder	0x14087B5C0	CALLER	0x1432E631A	0x1432E62E0	0x14087B5C0
prefix_decoder	0x14087B5C0	CALLER	0x1433284E4	0x143328470	0x14087B5C0
prefix_decoder	0x14087B5C0	CALLER	0x1433287E9	0x143328790	0x14087B5C0
prefix_decoder	0x14087B5C0	CALLER	0x143346374	0x143346300	0x14087B5C0
prefix_decoder	0x14087B5C0	CALLER	0x143346683	0x143346620	0x14087B5C0
prefix_decoder	0x14087B5C0	CALLER	0x1433481A8	0x14334817A	0x14087B5C0
prefix_decoder	0x14087B5C0	CALLER	0x143348324	0x1433482E0	0x14087B5C0
prefix_decoder	0x14087B5C0	CALLER	0x143348410	0x1433482E0	0x14087B5C0
prefix_decoder	0x14087B5C0	CALLER	0x143387091	0x143387069	0x14087B5C0
prefix_decoder	0x14087B5C0	CALLER	0x1433A29EA	0x1433A29B0	0x14087B5C0
prefix_decoder	0x14087B5C0	CALLER	0x1433A2AF1	0x1433A29B0	0x14087B5C0
prefix_decoder	0x14087B5C0	CALLER	0x1433A3101	0x1433A30D0	0x14087B5C0
prefix_decoder	0x14087B5C0	CALLER	0x1433D4FBD	0x1433D4F90	0x14087B5C0
prefix_decoder	0x14087B5C0	CALLER	0x1433F4DD1	0x1433F4D60	0x14087B5C0
prefix_decoder	0x14087B5C0	CALLER	0x14340B13C	0x14340B0D0	0x14087B5C0
prefix_decoder	0x14087B5C0	CALLER	0x14340D497	0x14340D330	0x14087B5C0
prefix_decoder	0x14087B5C0	CALLER	0x14340F687	0x14340F64E	0x14087B5C0
prefix_decoder	0x14087B5C0	CALLER	0x14341235D	0x14341233B	0x14087B5C0
prefix_decoder	0x14087B5C0	CALLER	0x1434183E7	0x1434183B0	0x14087B5C0
prefix_decoder	0x14087B5C0	CALLER	0x14341863D	0x14341860B	0x14087B5C0
prefix_decoder	0x14087B5C0	CALLER	0x143426FDF	0x143426FB0	0x14087B5C0
prefix_decoder	0x14087B5C0	CALLER	0x143427318	0x143427290	0x14087B5C0
prefix_decoder	0x14087B5C0	CALLER	0x14342746D	0x143427430	0x14087B5C0
prefix_decoder	0x14087B5C0	CALLER	0x143427C72	0x143427C40	0x14087B5C0
prefix_decoder	0x14087B5C0	CALLER	0x1434639FD	0x143463990	0x14087B5C0
prefix_decoder	0x14087B5C0	CALLER	0x143463D31	0x143463CB0	0x14087B5C0
prefix_decoder	0x14087B5C0	CALLER	0x14346403E	0x143463FC0	0x14087B5C0
prefix_decoder	0x14087B5C0	CALLER	0x1434644F4	0x143464480	0x14087B5C0
prefix_decoder	0x14087B5C0	CALLER	0x1434648E3	0x143464880	0x14087B5C0
prefix_decoder	0x14087B5C0	CALLER	0x143464A3A	0x1434649D0	0x14087B5C0
prefix_decoder	0x14087B5C0	CALLER	0x143464B7C	0x143464B30	0x14087B5C0
prefix_decoder	0x14087B5C0	CALLER	0x143477D0B	0x143477CE0	0x14087B5C0
prefix_decoder	0x14087B5C0	CALLER	0x14347CD32	0x14347CD06	0x14087B5C0
prefix_decoder	0x14087B5C0	CALLER	0x143488A0F	0x1434889E0	0x14087B5C0
prefix_decoder	0x14087B5C0	CALLER	0x143488B2F	0x143488B00	0x14087B5C0
prefix_decoder	0x14087B5C0	CALLER	0x143488C95	0x143488C79	0x14087B5C0
prefix_decoder	0x14087B5C0	CALLER	0x143488E60	0x143488E37	0x14087B5C0
prefix_decoder	0x14087B5C0	CALLER	0x1434890C2	0x143489090	0x14087B5C0
prefix_decoder	0x14087B5C0	CALLER	0x1434C98F5	0x1434C9870	0x14087B5C0
prefix_decoder	0x14087B5C0	CALLER	0x1434C9E8E	0x1434C9E10	0x14087B5C0
prefix_decoder	0x14087B5C0	CALLER	0x1434CA17F	0x1434CA110	0x14087B5C0
prefix_decoder	0x14087B5C0	CALLER	0x1434CA43C	0x1434CA410	0x14087B5C0
prefix_decoder	0x14087B5C0	CALLER	0x1434CA5F9	0x1434CA590	0x14087B5C0
prefix_decoder	0x14087B5C0	CALLER	0x1434FD055	0x1434FCFD0	0x14087B5C0
prefix_decoder	0x14087B5C0	CALLER	0x1434FD59C	0x1434FD550	0x14087B5C0
prefix_decoder	0x14087B5C0	CALLER	0x14350386E	0x1435037F0	0x14087B5C0
prefix_decoder	0x14087B5C0	CALLER	0x14350F3A0	0x14350F370	0x14087B5C0
prefix_decoder	0x14087B5C0	CALLER	0x143535F13	0x143535EA0	0x14087B5C0
prefix_decoder	0x14087B5C0	CALLER	0x143554350	0x143554310	0x14087B5C0
prefix_decoder	0x14087B5C0	CALLER	0x143560FC2	0x143560F80	0x14087B5C0
prefix_decoder	0x14087B5C0	CALLER	0x1435613CD	0x1435613A0	0x14087B5C0
prefix_decoder	0x14087B5C0	CALLER	0x143561932	0x143561900	0x14087B5C0
prefix_decoder	0x14087B5C0	CALLER	0x1435619E2	0x1435619B0	0x14087B5C0
prefix_decoder	0x14087B5C0	CALLER	0x1435623F0	0x1435623C0	0x14087B5C0
prefix_decoder	0x14087B5C0	CALLER	0x14359F615	0x14359F590	0x14087B5C0
prefix_decoder	0x14087B5C0	CALLER	0x14359F9CA	0x14359F9A0	0x14087B5C0
prefix_decoder	0x14087B5C0	CALLER	0x14359FACC	0x14359FA80	0x14087B5C0
prefix_decoder	0x14087B5C0	CALLER	0x1435E0555	0x1435E0520	0x14087B5C0
prefix_decoder	0x14087B5C0	CALLER	0x1435EC11F	0x1435EBC30	0x14087B5C0
prefix_decoder	0x14087B5C0	CALLER	0x1435EC3EC	0x1435EC370	0x14087B5C0
prefix_decoder	0x14087B5C0	CALLER	0x14362F993	0x14362F920	0x14087B5C0
prefix_decoder	0x14087B5C0	CALLER	0x1436481C6	0x143648190	0x14087B5C0
prefix_decoder	0x14087B5C0	CALLER	0x14365DE15	0x14365DDA0	0x14087B5C0
prefix_decoder	0x14087B5C0	CALLER	0x14365E13D	0x14365E0D0	0x14087B5C0
prefix_decoder	0x14087B5C0	CALLER	0x1436B3D46	0x1436B3D10	0x14087B5C0
prefix_decoder	0x14087B5C0	CALLER	0x143701EF4	0x143701EC9	0x14087B5C0
prefix_decoder	0x14087B5C0	CALLER	0x14370FA64	0x14370FA20	0x14087B5C0
prefix_decoder	0x14087B5C0	CALLER	0x1437278CE	0x143727890	0x14087B5C0
prefix_decoder	0x14087B5C0	CALLER	0x143727A96	0x143727A54	0x14087B5C0
prefix_decoder	0x14087B5C0	CALLER	0x143727E20	0x143727DF0	0x14087B5C0
prefix_decoder	0x14087B5C0	CALLER	0x143777EAC	0x143777E30	0x14087B5C0
prefix_decoder	0x14087B5C0	CALLER	0x143778225	0x1437781A0	0x14087B5C0
prefix_decoder	0x14087B5C0	CALLER	0x143778623	0x1437785B0	0x14087B5C0
prefix_decoder	0x14087B5C0	CALLER	0x143778959	0x1437788D0	0x14087B5C0
prefix_decoder	0x14087B5C0	CALLER	0x143778CDE	0x143778C60	0x14087B5C0
prefix_decoder	0x14087B5C0	CALLER	0x1437790CD	0x143779060	0x14087B5C0
prefix_decoder	0x14087B5C0	CALLER	0x14377939D	0x143779330	0x14087B5C0
prefix_decoder	0x14087B5C0	CALLER	0x143779789	0x143779710	0x14087B5C0
prefix_decoder	0x14087B5C0	CALLER	0x1437798DC	0x143779890	0x14087B5C0
prefix_decoder	0x14087B5C0	CALLER	0x1437799FB	0x1437799DF	0x14087B5C0
prefix_decoder	0x14087B5C0	CALLER	0x14382EECE	0x14382EE50	0x14087B5C0
prefix_decoder	0x14087B5C0	CALLER	0x14382F22B	0x14382F1B0	0x14087B5C0
prefix_decoder	0x14087B5C0	CALLER	0x14385A920	0x14385A8B0	0x14087B5C0
prefix_decoder	0x14087B5C0	CALLER	0x14385ABB9	0x14385AB60	0x14087B5C0
prefix_decoder	0x14087B5C0	CALLER	0x143881FBF	0x143881F50	0x14087B5C0
prefix_decoder	0x14087B5C0	CALLER	0x143888BC2	0x143888B70	0x14087B5C0
prefix_decoder	0x14087B5C0	CALLER	0x143888DBB	0x143888D80	0x14087B5C0
prefix_decoder	0x14087B5C0	CALLER	0x143888F34	0x143888EF0	0x14087B5C0
prefix_decoder	0x14087B5C0	CALLER	0x1438CE8A0	0x1438CE860	0x14087B5C0
prefix_decoder	0x14087B5C0	CALLER	0x1439024F0	0x143902470	0x14087B5C0
prefix_decoder	0x14087B5C0	CALLER	0x14390D62F	0x14390D600	0x14087B5C0
prefix_decoder	0x14087B5C0	CALLER	0x14396BBB4	0x14396BB40	0x14087B5C0
prefix_decoder	0x14087B5C0	CALLER	0x14398AB5C	0x14398AAF0	0x14087B5C0
prefix_decoder	0x14087B5C0	CALLER	0x1439903ED	0x1439903A0	0x14087B5C0
prefix_decoder	0x14087B5C0	CALLER	0x143990578	0x143990550	0x14087B5C0
prefix_decoder	0x14087B5C0	CALLER	0x1439A3C64	0x1439A3C2A	0x14087B5C0
prefix_decoder	0x14087B5C0	CALLER	0x1439A3D7E	0x1439A3D4C	0x14087B5C0
prefix_decoder	0x14087B5C0	CALLER	0x1439BABB1	0x1439BAB80	0x14087B5C0
prefix_decoder	0x14087B5C0	CALLER	0x1439E21FC	0x1439E2180	0x14087B5C0
prefix_decoder	0x14087B5C0	CALLER	0x1439EF096	0x1439EF06C	0x14087B5C0
prefix_decoder	0x14087B5C0	CALLER	0x1439F15FB	0x1439F1590	0x14087B5C0
prefix_decoder	0x14087B5C0	CALLER	0x1439F5955	0x1439F592D	0x14087B5C0
prefix_decoder	0x14087B5C0	CALLER	0x143A0666A	0x143A06646	0x14087B5C0
prefix_decoder	0x14087B5C0	CALLER	0x143A06817	0x143A067B0	0x14087B5C0
prefix_decoder	0x14087B5C0	CALLER	0x143A069F6	0x143A06940	0x14087B5C0
prefix_decoder	0x14087B5C0	CALLER	0x143A06B3D	0x143A06B10	0x14087B5C0
prefix_decoder	0x14087B5C0	CALLER	0x143A07025	0x143A06FF0	0x14087B5C0
prefix_decoder	0x14087B5C0	CALLER	0x143A071BE	0x143A07190	0x14087B5C0
prefix_decoder	0x14087B5C0	CALLER	0x143A67CAC	0x143A67C30	0x14087B5C0
prefix_decoder	0x14087B5C0	CALLER	0x143A68082	0x143A68000	0x14087B5C0
prefix_decoder	0x14087B5C0	CALLER	0x143A683BB	0x143A68340	0x14087B5C0
prefix_decoder	0x14087B5C0	CALLER	0x143A6866C	0x143A685F0	0x14087B5C0
prefix_decoder	0x14087B5C0	CALLER	0x143A6896E	0x143A688F0	0x14087B5C0
prefix_decoder	0x14087B5C0	CALLER	0x143A68D05	0x143A68CB0	0x14087B5C0
prefix_decoder	0x14087B5C0	CALLER	0x143AC9C08	0x143AC9BEC	0x14087B5C0
prefix_decoder	0x14087B5C0	CALLER	0x143AC9D72	0x143AC9D30	0x14087B5C0
prefix_decoder	0x14087B5C0	CALLER	0x143ADDA37	0x143ADD9D0	0x14087B5C0
prefix_decoder	0x14087B5C0	CALLER	0x143AEF002	0x143AEEFC0	0x14087B5C0
prefix_decoder	0x14087B5C0	CALLER	0x143AFF55A	0x143AFF480	0x14087B5C0
prefix_decoder	0x14087B5C0	CALLER	0x143AFFBB0	0x143AFFB80	0x14087B5C0
prefix_decoder	0x14087B5C0	CALLER	0x143B11703	0x143B11640	0x14087B5C0
prefix_decoder	0x14087B5C0	CALLER	0x143B27086	0x143B27000	0x14087B5C0
prefix_decoder	0x14087B5C0	CALLER	0x143B4AACC	0x143B4AA70	0x14087B5C0
prefix_decoder	0x14087B5C0	CALLER	0x143B51A1C	0x143B519E0	0x14087B5C0
prefix_decoder	0x14087B5C0	CALLER	0x143B57F32	0x143B57F00	0x14087B5C0
prefix_decoder	0x14087B5C0	CALLER	0x143B7CFC0	0x143B7CF90	0x14087B5C0
prefix_decoder	0x14087B5C0	CALLER	0x143B7D130	0x143B7D0F0	0x14087B5C0
prefix_decoder	0x14087B5C0	CALLER	0x143B8855C	0x143B88530	0x14087B5C0
prefix_decoder	0x14087B5C0	CALLER	0x143BC36C2	0x143BC3660	0x14087B5C0
prefix_decoder	0x14087B5C0	CALLER	0x143C03804	0x143C037C0	0x14087B5C0
prefix_decoder	0x14087B5C0	CALLER	0x143C039DD	0x143C039A0	0x14087B5C0
prefix_decoder	0x14087B5C0	CALLER	0x143C191C0	0x143C19190	0x14087B5C0
prefix_decoder	0x14087B5C0	CALLER	0x143C1926F	0x143C19190	0x14087B5C0
prefix_decoder	0x14087B5C0	CALLER	0x143C913AD	0x143C91350	0x14087B5C0
prefix_decoder	0x14087B5C0	CALLER	0x143C9140A	0x143C91350	0x14087B5C0
prefix_decoder	0x14087B5C0	CALLER	0x143CD9618	0x143CD95E0	0x14087B5C0
prefix_decoder	0x14087B5C0	CALLER	0x143D00D94	0x143D00D20	0x14087B5C0
prefix_decoder	0x14087B5C0	CALLER	0x143D010B0	0x143D01040	0x14087B5C0
prefix_decoder	0x14087B5C0	CALLER	0x143D01403	0x143D013A0	0x14087B5C0
prefix_decoder	0x14087B5C0	CALLER	0x143D01509	0x143D014EC	0x14087B5C0
prefix_decoder	0x14087B5C0	CALLER	0x143D01619	0x143D015FC	0x14087B5C0
prefix_decoder	0x14087B5C0	CALLER	0x143D0179B	0x143D0177F	0x14087B5C0
prefix_decoder	0x14087B5C0	CALLER	0x143D2EAD8	0x143D2E9E0	0x14087B5C0
prefix_decoder	0x14087B5C0	CALLER	0x143DE5BFB	0x143DE5BC0	0x14087B5C0
prefix_decoder	0x14087B5C0	CALLER	0x143DEB65F	0x143DEB630	0x14087B5C0
prefix_decoder	0x14087B5C0	CALLER	0x143E5718F	0x143E57110	0x14087B5C0
prefix_decoder	0x14087B5C0	CALLER	0x143E57509	0x143E57490	0x14087B5C0
prefix_decoder	0x14087B5C0	CALLER	0x143E5784C	0x143E577D0	0x14087B5C0
prefix_decoder	0x14087B5C0	CALLER	0x143E57B8C	0x143E57B10	0x14087B5C0
prefix_decoder	0x14087B5C0	CALLER	0x143E57EBF	0x143E57E50	0x14087B5C0
prefix_decoder	0x14087B5C0	CALLER	0x143E57FF1	0x143E57F90	0x14087B5C0
prefix_decoder	0x14087B5C0	CALLER	0x143E5811F	0x143E580B0	0x14087B5C0
prefix_decoder	0x14087B5C0	CALLER	0x143E5825F	0x143E581F0	0x14087B5C0
prefix_decoder	0x14087B5C0	CALLER	0x143E5B927	0x143E5B8FC	0x14087B5C0
prefix_decoder	0x14087B5C0	CALLER	0x143E643C4	0x143E6439D	0x14087B5C0
prefix_decoder	0x14087B5C0	CALLER	0x143E64612	0x143E64530	0x14087B5C0
prefix_decoder	0x14087B5C0	CALLER	0x143E6BD4F	0x143E6BD20	0x14087B5C0
prefix_decoder	0x14087B5C0	CALLER	0x143E6BE6F	0x143E6BE40	0x14087B5C0
prefix_decoder	0x14087B5C0	CALLER	0x143E6BF9F	0x143E6BF70	0x14087B5C0
prefix_decoder	0x14087B5C0	CALLER	0x143EA8CAD	0x143EA8C50	0x14087B5C0
prefix_decoder	0x14087B5C0	CALLER	0x143EA93B7	0x143EA9310	0x14087B5C0
prefix_decoder	0x14087B5C0	CALLER	0x143EBC5B2	0x143EBC586	0x14087B5C0
prefix_decoder	0x14087B5C0	CALLER	0x143ECC85F	0x143ECC830	0x14087B5C0
prefix_decoder	0x14087B5C0	CALLER	0x143ECC97F	0x143ECC950	0x14087B5C0
prefix_decoder	0x14087B5C0	CALLER	0x143ECCDAC	0x143ECCD80	0x14087B5C0
prefix_decoder	0x14087B5C0	CALLER	0x143F18911	0x143F18890	0x14087B5C0
prefix_decoder	0x14087B5C0	CALLER	0x143F18D88	0x143F18D00	0x14087B5C0
prefix_decoder	0x14087B5C0	CALLER	0x143F2A5D5	0x143F2A570	0x14087B5C0
prefix_decoder	0x14087B5C0	CALLER	0x143F3929F	0x143F39270	0x14087B5C0
prefix_decoder	0x14087B5C0	CALLER	0x143F393CF	0x143F393A0	0x14087B5C0
prefix_decoder	0x14087B5C0	CALLER	0x143F394EF	0x143F394C0	0x14087B5C0
prefix_decoder	0x14087B5C0	CALLER	0x143F3965C	0x143F395F0	0x14087B5C0
prefix_decoder	0x14087B5C0	CALLER	0x143F397F2	0x143F397C0	0x14087B5C0
prefix_decoder	0x14087B5C0	CALLER	0x143F7184B	0x143F717B0	0x14087B5C0
prefix_decoder	0x14087B5C0	CALLER	0x143F7198C	0x143F71910	0x14087B5C0
prefix_decoder	0x14087B5C0	CALLER	0x143F71DA8	0x143F71D30	0x14087B5C0
prefix_decoder	0x14087B5C0	CALLER	0x143F72161	0x143F720E0	0x14087B5C0
prefix_decoder	0x14087B5C0	CALLER	0x143F72589	0x143F72510	0x14087B5C0
prefix_decoder	0x14087B5C0	CALLER	0x143F726DC	0x143F72690	0x14087B5C0
prefix_decoder	0x14087B5C0	CALLER	0x143FF4A4D	0x143FF49E0	0x14087B5C0
prefix_decoder	0x14087B5C0	CALLER	0x143FF4D73	0x143FF4D10	0x14087B5C0
prefix_decoder	0x14087B5C0	CALLER	0x143FF4E8B	0x143FF4E20	0x14087B5C0
prefix_decoder	0x14087B5C0	CALLER	0x143FF970F	0x143FF96A0	0x14087B5C0
prefix_decoder	0x14087B5C0	CALLER	0x143FFB8BC	0x143FFB840	0x14087B5C0
prefix_decoder	0x14087B5C0	CALLER	0x143FFC41C	0x143FFC3A0	0x14087B5C0
prefix_decoder	0x14087B5C0	CALLER	0x143FFEDA2	0x143FFED60	0x14087B5C0
prefix_decoder	0x14087B5C0	CALLER	0x14400509E	0x144005070	0x14087B5C0
prefix_decoder	0x14087B5C0	CALLER	0x144005295	0x144005260	0x14087B5C0
prefix_decoder	0x14087B5C0	CALLER	0x14400543E	0x144005410	0x14087B5C0
prefix_decoder	0x14087B5C0	CALLER	0x144042A33	0x1440429C0	0x14087B5C0
prefix_decoder	0x14087B5C0	CALLER	0x144042CFE	0x144042C90	0x14087B5C0
prefix_decoder	0x14087B5C0	CALLER	0x144042FEC	0x144042F70	0x14087B5C0
prefix_decoder	0x14087B5C0	CALLER	0x14404335E	0x1440432F0	0x14087B5C0
prefix_decoder	0x14087B5C0	CALLER	0x14404363C	0x1440435C0	0x14087B5C0
prefix_decoder	0x14087B5C0	CALLER	0x144043935	0x1440438C0	0x14087B5C0
prefix_decoder	0x14087B5C0	CALLER	0x144043C2C	0x144043BB0	0x14087B5C0
prefix_decoder	0x14087B5C0	CALLER	0x144043F71	0x144043F20	0x14087B5C0
prefix_decoder	0x14087B5C0	CALLER	0x144044093	0x144044030	0x14087B5C0
prefix_decoder	0x14087B5C0	CALLER	0x1440441A3	0x144044140	0x14087B5C0
prefix_decoder	0x14087B5C0	CALLER	0x1440442D3	0x144044270	0x14087B5C0
prefix_decoder	0x14087B5C0	CALLER	0x144057C54	0x144057C2B	0x14087B5C0
prefix_decoder	0x14087B5C0	CALLER	0x14406BD64	0x14406BCF0	0x14087B5C0
prefix_decoder	0x14087B5C0	CALLER	0x1440A7D57	0x1440A7CF0	0x14087B5C0
prefix_decoder	0x14087B5C0	CALLER	0x1440E8FAC	0x1440E8F30	0x14087B5C0
prefix_decoder	0x14087B5C0	CALLER	0x1440E92BC	0x1440E9270	0x14087B5C0
prefix_decoder	0x14087B5C0	CALLER	0x1441012A2	0x144101286	0x14087B5C0
prefix_decoder	0x14087B5C0	CALLER	0x1441014D6	0x1441014A0	0x14087B5C0
prefix_decoder	0x14087B5C0	CALLER	0x1442F1AAC	0x1442F19BD	0x14087B5C0
prefix_decoder	0x14087B5C0	CALLER	0x1442F20D3	0x1442F1F10	0x14087B5C0
prefix_decoder	0x14087B5C0	CALLER	0x144374C63	0x144374B50	0x14087B5C0
prefix_decoder	0x14087B5C0	CALLER	0x14437D577	0x14437D530	0x14087B5C0
prefix_decoder	0x14087B5C0	CALLER	0x14438075A	0x144380720	0x14087B5C0
prefix_decoder	0x14087B5C0	CALLER	0x144380B00	0x144380AC0	0x14087B5C0
prefix_decoder	0x14087B5C0	CALLER	0x14438F1F0	0x14438F1B0	0x14087B5C0
prefix_decoder	0x14087B5C0	CALLER	0x1445D2964	0x1445D292C	0x14087B5C0
prefix_decoder	0x14087B5C0	CALLER	0x144621496	0x144621460	0x14087B5C0
prefix_decoder	0x14087B5C0	CALLER	0x1446216DC	0x1446215D0	0x14087B5C0
prefix_decoder	0x14087B5C0	CALLER	0x144621A41	0x144621A10	0x14087B5C0
prefix_decoder	0x14087B5C0	CALLER	0x1446231DF	0x1446231B0	0x14087B5C0
prefix_decoder	0x14087B5C0	CALLER	0x14462395F	0x144623930	0x14087B5C0
prefix_decoder	0x14087B5C0	CALLER	0x144623A83	0x144623A50	0x14087B5C0
prefix_decoder	0x14087B5C0	CALLER	0x144631E58	0x144631D80	0x14087B5C0
prefix_decoder	0x14087B5C0	CALLER	0x1447BAE61	0x1447BADE0	0x14087B5C0
prefix_decoder	0x14087B5C0	CALLER	0x1447BB35C	0x1447BB310	0x14087B5C0
prefix_decoder	0x14087B5C0	CALLER	0x1447F216B	0x1447F2130	0x14087B5C0
prefix_decoder	0x14087B5C0	CALLER	0x1447F22D9	0x1447F22A0	0x14087B5C0
prefix_decoder	0x14087B5C0	CALLER	0x1447FB5B1	0x1447FB580	0x14087B5C0
prefix_decoder	0x14087B5C0	CALLER	0x144818F9C	0x144818F30	0x14087B5C0
prefix_decoder	0x14087B5C0	CALLER	0x144819339	0x1448192D0	0x14087B5C0
prefix_decoder	0x14087B5C0	CALLER	0x14482628D	0x144826250	0x14087B5C0
prefix_decoder	0x14087B5C0	CALLER	0x144826386	0x144826250	0x14087B5C0
prefix_decoder	0x14087B5C0	CALLER	0x1448264AD	0x144826470	0x14087B5C0
prefix_decoder	0x14087B5C0	CALLER	0x1448265A6	0x144826470	0x14087B5C0
prefix_decoder	0x14087B5C0	CALLER	0x14482677C	0x144826690	0x14087B5C0
prefix_decoder	0x14087B5C0	CALLER	0x14482697C	0x144826890	0x14087B5C0
prefix_decoder	0x14087B5C0	CALLER	0x14487E8DD	0x14487E8A0	0x14087B5C0
prefix_decoder	0x14087B5C0	CALLER	0x14487EA2C	0x14487E8A0	0x14087B5C0
prefix_decoder	0x14087B5C0	CALLER	0x1448B77A9	0x1448B777C	0x14087B5C0
prefix_decoder	0x14087B5C0	CALLER	0x1448EA9FA	0x1448EA9C0	0x14087B5C0
prefix_decoder	0x14087B5C0	CALLER	0x14495DDCF	0x14495DDA0	0x14087B5C0
prefix_decoder	0x14087B5C0	CALLER	0x145ADF375	0x145ADF310	0x14087B5C0
prefix_decoder	0x14087B5C0	CALLER	0x145B4FC14	0x145B4FAF0	0x14087B5C0
prefix_decoder	0x14087B5C0	CALLER	0x145B50195	0x145B50070	0x14087B5C0
prefix_decoder	0x14087B5C0	CALLER	0x145B51405	0x145B513E1	0x14087B5C0
prefix_decoder	0x14087B5C0	CALLER	0x145B51746	0x145B516E0	0x14087B5C0
prefix_decoder	0x14087B5C0	CALLER	0x145B519F6	0x145B519B0	0x14087B5C0
prefix_decoder	0x14087B5C0	CALLER	0x145B51C14	0x145B51BD0	0x14087B5C0
prefix_decoder	0x14087B5C0	CALLER	0x145B51CC0	0x145B51BD0	0x14087B5C0
prefix_decoder	0x14087B5C0	CALLER	0x145B51E9C	0x145B51E40	0x14087B5C0
prefix_decoder	0x14087B5C0	CALLER	0x145B5207D	0x145B52040	0x14087B5C0
prefix_decoder	0x14087B5C0	CALLER	0x145B520C9	0x145B52040	0x14087B5C0
prefix_decoder	0x14087B5C0	CALLER	0x145B52115	0x145B52040	0x14087B5C0
prefix_decoder	0x14087B5C0	CALLER	0x145B52156	0x145B52040	0x14087B5C0
prefix_decoder	0x14087B5C0	CALLER	0x145B5221E	0x145B521E0	0x14087B5C0
prefix_decoder	0x14087B5C0	CALLER	0x145B52402	0x145B523C0	0x14087B5C0
prefix_decoder	0x14087B5C0	CALLER	0x145B5262B	0x145B525F0	0x14087B5C0
prefix_decoder	0x14087B5C0	CALLER	0x145B52E89	0x145B52DB0	0x14087B5C0
prefix_decoder	0x14087B5C0	CALLER	0x145B52EE8	0x145B52DB0	0x14087B5C0
prefix_decoder	0x14087B5C0	CALLER	0x145B53F8A	0x145B53F10	0x14087B5C0
prefix_decoder	0x14087B5C0	CALLER	0x145B547E7	0x145B54710	0x14087B5C0
prefix_decoder	0x14087B5C0	CALLER	0x145B54B36	0x145B54A40	0x14087B5C0
prefix_decoder	0x14087B5C0	CALLER	0x145B5563D	0x145B55610	0x14087B5C0
prefix_decoder	0x14087B5C0	CALLER	0x145B5575D	0x145B55730	0x14087B5C0
prefix_decoder	0x14087B5C0	CALLER	0x145B558CA	0x145B558A0	0x14087B5C0
prefix_decoder	0x14087B5C0	CALLER	0x145B55A19	0x145B559F0	0x14087B5C0
prefix_decoder	0x14087B5C0	CALLER	0x145B55BDF	0x145B55BB0	0x14087B5C0
prefix_decoder	0x14087B5C0	CALLER	0x145B55D3B	0x145B55D10	0x14087B5C0
prefix_decoder	0x14087B5C0	CALLER	0x145B58B61	0x145B589E0	0x14087B5C0
prefix_decoder	0x14087B5C0	CALLER	0x145B58EC0	0x145B58E80	0x14087B5C0
prefix_decoder	0x14087B5C0	CALLER	0x145B590EE	0x145B590C0	0x14087B5C0
prefix_decoder	0x14087B5C0	CALLER	0x145B59295	0x145B59260	0x14087B5C0
prefix_decoder	0x14087B5C0	CALLER	0x145CE653A	0x145CE6490	0x14087B5C0
prefix_decoder	0x14087B5C0	CALLER	0x145CE6EF1	0x145CE6EC0	0x14087B5C0
prefix_decoder	0x14087B5C0	CALLER	0x145CE7325	0x145CE7230	0x14087B5C0
prefix_decoder	0x14087B5C0	CALLER	0x145CE8C96	0x145CE8C40	0x14087B5C0
prefix_decoder	0x14087B5C0	CALLER	0x145CE8CB4	0x145CE8C40	0x14087B5C0
prefix_decoder	0x14087B5C0	CALLER	0x145CE8CD2	0x145CE8C40	0x14087B5C0
prefix_decoder	0x14087B5C0	CALLER	0x145CE8CF0	0x145CE8C40	0x14087B5C0
prefix_decoder	0x14087B5C0	CALLER	0x145CE8D0E	0x145CE8C40	0x14087B5C0
prefix_decoder	0x14087B5C0	CALLER	0x145CE8D2C	0x145CE8C40	0x14087B5C0
prefix_decoder	0x14087B5C0	CALLER	0x145CE8D4A	0x145CE8C40	0x14087B5C0
prefix_decoder	0x14087B5C0	CALLER	0x145CE8D68	0x145CE8C40	0x14087B5C0
prefix_decoder	0x14087B5C0	CALLER	0x145CE9096	0x145CE9070	0x14087B5C0
prefix_decoder	0x14087B5C0	CALLER	0x145CE90DA	0x145CE9070	0x14087B5C0
prefix_decoder	0x14087B5C0	CALLER	0x145CE98A3	0x145CE9870	0x14087B5C0
prefix_decoder	0x14087B5C0	CALLER	0x145CE99B0	0x145CE9970	0x14087B5C0
prefix_decoder	0x14087B5C0	CALLER	0x145CE9BFD	0x145CE9B90	0x14087B5C0
prefix_decoder	0x14087B5C0	CALLER	0x145CE9ECD	0x145CE9E60	0x14087B5C0
prefix_decoder	0x14087B5C0	CALLER	0x145D292DF	0x145D29280	0x14087B5C0
prefix_decoder	0x14087B5C0	CALLER	0x145D2B037	0x145D2B013	0x14087B5C0
prefix_decoder	0x14087B5C0	CALLER	0x145D2B1C3	0x145D2B150	0x14087B5C0
prefix_decoder	0x14087B5C0	CALLER	0x145D2B403	0x145D2B310	0x14087B5C0
prefix_decoder	0x14087B5C0	CALLER	0x145D2B559	0x145D2B520	0x14087B5C0
prefix_decoder	0x14087B5C0	CALLER	0x145D2B5E5	0x145D2B520	0x14087B5C0
prefix_decoder	0x14087B5C0	CALLER	0x145D2B752	0x145D2B710	0x14087B5C0
prefix_decoder	0x14087B5C0	CALLER	0x145D2B932	0x145D2B8F0	0x14087B5C0
prefix_decoder	0x14087B5C0	CALLER	0x145D2BA1F	0x145D2B8F0	0x14087B5C0
prefix_decoder	0x14087B5C0	CALLER	0x145D2BBF1	0x145D2BBC9	0x14087B5C0
prefix_decoder	0x14087B5C0	CALLER	0x145D2BDF5	0x145D2BDCC	0x14087B5C0
prefix_decoder	0x14087B5C0	CALLER	0x145D2C1F0	0x145D2C1AF	0x14087B5C0
prefix_decoder	0x14087B5C0	CALLER	0x145D38288	0x145D38230	0x14087B5C0
prefix_decoder	0x14087B5C0	CALLER	0x145D382F1	0x145D38230	0x14087B5C0
prefix_decoder	0x14087B5C0	CALLER	0x145D3B855	0x145D3B7F0	0x14087B5C0
prefix_decoder	0x14087B5C0	CALLER	0x145D3D765	0x145D3D700	0x14087B5C0
prefix_decoder	0x14087B5C0	CALLER	0x145D3F9A6	0x145D3F900	0x14087B5C0
prefix_decoder	0x14087B5C0	CALLER	0x145D44875	0x145D44810	0x14087B5C0
prefix_decoder	0x14087B5C0	CALLER	0x145D5682F	0x145D56814	0x14087B5C0
prefix_decoder	0x14087B5C0	CALLER	0x145D56AC0	0x145D56990	0x14087B5C0
prefix_decoder	0x14087B5C0	CALLER	0x145D57186	0x145D56FE0	0x14087B5C0
prefix_decoder	0x14087B5C0	CALLER	0x145D921D0	0x145D92160	0x14087B5C0
prefix_decoder	0x14087B5C0	CALLER	0x14614507C	0x146144F40	0x14087B5C0
prefix_decoder	0x14087B5C0	CALLER	0x14614512B	0x1461450F0	0x14087B5C0
prefix_decoder	0x14087B5C0	CALLER	0x146145346	0x146145310	0x14087B5C0
prefix_decoder	0x14087B5C0	CALLER	0x1461AD00A	0x1461ACFE0	0x14087B5C0
prefix_decoder	0x14087B5C0	CALLER	0x1465E68ED	0x1465E6850	0x14087B5C0
prefix_decoder	0x14087B5C0	CALLER	0x1465E73F4	0x1465E73B0	0x14087B5C0
prefix_decoder	0x14087B5C0	CALLER	0x14669CB7F	0x14669CB50	0x14087B5C0
prefix_decoder	0x14087B5C0	CALLER	0x14669CC9F	0x14669CC70	0x14087B5C0
prefix_decoder	0x14087B5C0	CALLER	0x14669DF61	0x14669DF20	0x14087B5C0
prefix_decoder	0x14087B5C0	CALLER	0x14669E0C9	0x14669DF20	0x14087B5C0
prefix_decoder	0x14087B5C0	CALLER	0x14669E1E8	0x14669E1B0	0x14087B5C0
prefix_decoder	0x14087B5C0	CALLER	0x14669E372	0x14669E330	0x14087B5C0
prefix_decoder	0x14087B5C0	CALLER	0x14669E465	0x14669E330	0x14087B5C0
prefix_decoder	0x14087B5C0	CALLER	0x14669E593	0x14669E560	0x14087B5C0
prefix_decoder	0x14087B5C0	CALLER	0x14669E8F1	0x14669E880	0x14087B5C0
prefix_decoder	0x14087B5C0	CALLER	0x14669EC4A	0x14669EC26	0x14087B5C0
prefix_decoder	0x14087B5C0	CALLER	0x14669F055	0x14669F033	0x14087B5C0
prefix_decoder	0x14087B5C0	CALLER	0x14669FF78	0x14669FF40	0x14087B5C0
prefix_decoder	0x14087B5C0	CALLER	0x1466A04FE	0x1466A04D0	0x14087B5C0
prefix_decoder	0x14087B5C0	CALLER	0x1466A0682	0x1466A0650	0x14087B5C0
prefix_decoder	0x14087B5C0	CALLER	0x1466A0725	0x1466A0650	0x14087B5C0
prefix_decoder	0x14087B5C0	CALLER	0x1466A07B2	0x1466A0780	0x14087B5C0
prefix_decoder	0x14087B5C0	CALLER	0x1466A1B8E	0x1466A1B60	0x14087B5C0
prefix_decoder	0x14087B5C0	CALLER	0x1466A1D71	0x1466A1D40	0x14087B5C0
prefix_decoder	0x14087B5C0	CALLER	0x1466A1EF5	0x1466A1EC0	0x14087B5C0
prefix_decoder	0x14087B5C0	CALLER	0x1466A209E	0x1466A2070	0x14087B5C0
prefix_decoder	0x14087B5C0	CALLER	0x14694E705	0x14694E6E0	0x14087B5C0
prefix_decoder	0x14087B5C0	CALLER	0x14694E795	0x14694E723	0x14087B5C0
prefix_decoder	0x14087B5C0	CALLER	0x14694EB8D	0x14694EB20	0x14087B5C0
prefix_decoder	0x14087B5C0	CALLER	0x14694EE6C	0x14694EDF0	0x14087B5C0
prefix_decoder	0x14087B5C0	CALLER	0x14694F155	0x14694F0E0	0x14087B5C0
prefix_decoder	0x14087B5C0	CALLER	0x14694F495	0x14694F420	0x14087B5C0
prefix_decoder	0x14087B5C0	CALLER	0x14694F800	0x14694F790	0x14087B5C0
prefix_decoder	0x14087B5C0	CALLER	0x14694FAD1	0x14694FA50	0x14087B5C0
prefix_decoder	0x14087B5C0	CALLER	0x14694FEA5	0x14694FE20	0x14087B5C0
prefix_decoder	0x14087B5C0	CALLER	0x1469502A1	0x146950220	0x14087B5C0
prefix_decoder	0x14087B5C0	CALLER	0x146950995	0x146950910	0x14087B5C0
prefix_decoder	0x14087B5C0	CALLER	0x146950D4C	0x146950CD0	0x14087B5C0
prefix_decoder	0x14087B5C0	CALLER	0x14695108D	0x146951010	0x14087B5C0
prefix_decoder	0x14087B5C0	CALLER	0x146951839	0x1469517E0	0x14087B5C0
prefix_decoder	0x14087B5C0	CALLER	0x146951930	0x1469518E0	0x14087B5C0
prefix_decoder	0x14087B5C0	CALLER	0x146951B49	0x146951AF0	0x14087B5C0
prefix_decoder	0x14087B5C0	CALLER	0x146951D2C	0x146951CE0	0x14087B5C0
prefix_decoder	0x14087B5C0	CALLER	0x146951E6C	0x146951E20	0x14087B5C0
prefix_decoder	0x14087B5C0	CALLER	0x146A37357	0x146A37320	0x14087B5C0
prefix_decoder	0x14087B5C0	CALLER	0x146A51A5F	0x146A51A10	0x14087B5C0
prefix_decoder	0x14087B5C0	CALLER	0x146A579DF	0x146A57960	0x14087B5C0
prefix_decoder	0x14087B5C0	CALLER	0x146A5C8EB	0x146A5C890	0x14087B5C0
prefix_decoder	0x14087B5C0	CALLER	0x146A5D55B	0x146A5D500	0x14087B5C0
prefix_decoder	0x14087B5C0	CALLER	0x146A69D00	0x146A69CEF	0x14087B5C0
prefix_decoder	0x14087B5C0	CALLER	0x146A69FF1	0x146A69F90	0x14087B5C0
prefix_decoder	0x14087B5C0	CALLER	0x146A6A37E	0x146A6A2E0	0x14087B5C0
prefix_decoder	0x14087B5C0	CALLER	0x146A6A7A7	0x146A6A6D0	0x14087B5C0
prefix_decoder	0x14087B5C0	CALLER	0x146A6AA8C	0x146A6AA30	0x14087B5C0
prefix_decoder	0x14087B5C0	CALLER	0x146A6AC51	0x146A6ABF0	0x14087B5C0
prefix_decoder	0x14087B5C0	CALLER	0x146A6B5FA	0x146A6B5B0	0x14087B5C0
prefix_decoder	0x14087B5C0	CALLER	0x146A6B924	0x146A6B8E0	0x14087B5C0
prefix_decoder	0x14087B5C0	CALLER	0x146A6BA9A	0x146A6B8E0	0x14087B5C0
prefix_decoder	0x14087B5C0	CALLER	0x146A6BBE6	0x146A6BBA0	0x14087B5C0
prefix_decoder	0x14087B5C0	CALLER	0x146A6BE00	0x146A6BDC0	0x14087B5C0
prefix_decoder	0x14087B5C0	CALLER	0x146A6BED8	0x146A6BDC0	0x14087B5C0
prefix_decoder	0x14087B5C0	CALLER	0x146A6C05B	0x146A6C020	0x14087B5C0
prefix_decoder	0x14087B5C0	CALLER	0x146A6C135	0x146A6C020	0x14087B5C0
prefix_decoder	0x14087B5C0	CALLER	0x146A6C27B	0x146A6C240	0x14087B5C0
prefix_decoder	0x14087B5C0	CALLER	0x146A6C340	0x146A6C240	0x14087B5C0
prefix_decoder	0x14087B5C0	CALLER	0x146A6D02F	0x146A6CF90	0x14087B5C0
prefix_decoder	0x14087B5C0	CALLER	0x146A6DA6E	0x146A6DA40	0x14087B5C0
prefix_decoder	0x14087B5C0	CALLER	0x146A6DBB8	0x146A6DB80	0x14087B5C0
prefix_decoder	0x14087B5C0	CALLER	0x146A6DCFE	0x146A6DCD0	0x14087B5C0
prefix_decoder	0x14087B5C0	CALLER	0x146A6DDD5	0x146A6DDB0	0x14087B5C0
prefix_decoder	0x14087B5C0	CALLER	0x146A6DE14	0x146A6DDF7	0x14087B5C0
prefix_decoder	0x14087B5C0	CALLER	0x146A6E1D5	0x146A6E110	0x14087B5C0
prefix_decoder	0x14087B5C0	CALLER	0x146A6E4A6	0x146A6E420	0x14087B5C0
prefix_decoder	0x14087B5C0	CALLER	0x146A6F79E	0x146A6F760	0x14087B5C0
prefix_decoder	0x14087B5C0	CALLER	0x146A6F965	0x146A6F920	0x14087B5C0
prefix_decoder	0x14087B5C0	CALLER	0x146A6FA10	0x146A6F920	0x14087B5C0
prefix_decoder	0x14087B5C0	CALLER	0x146A6FA66	0x146A6F920	0x14087B5C0
prefix_decoder	0x14087B5C0	CALLER	0x146A6FB6F	0x146A6FB40	0x14087B5C0
prefix_decoder	0x14087B5C0	CALLER	0x146A6FD45	0x146A6FD10	0x14087B5C0
prefix_decoder	0x14087B5C0	CALLER	0x146A6FEE4	0x146A6FEB0	0x14087B5C0
prefix_decoder	0x14087B5C0	CALLER	0x146AE453C	0x146AE44F0	0x14087B5C0
prefix_decoder	0x14087B5C0	CALLER	0x146AF212F	0x146AF20D0	0x14087B5C0
prefix_decoder	0x14087B5C0	CALLER	0x146AF237A	0x146AF2340	0x14087B5C0
prefix_decoder	0x14087B5C0	CALLER	0x146B05329	0x146B05250	0x14087B5C0
prefix_decoder	0x14087B5C0	CALLER	0x146B05A52	0x146B059D0	0x14087B5C0
prefix_decoder	0x14087B5C0	CALLER	0x146B060D7	0x146B06070	0x14087B5C0
prefix_decoder	0x14087B5C0	CALLER	0x146B062EF	0x146B062C0	0x14087B5C0
prefix_decoder	0x14087B5C0	CALLER	0x146B065C3	0x146B06510	0x14087B5C0
prefix_decoder	0x14087B5C0	CALLER	0x146B0666E	0x146B06630	0x14087B5C0
prefix_decoder	0x14087B5C0	CALLER	0x146B06943	0x146B06910	0x14087B5C0
prefix_decoder	0x14087B5C0	CALLER	0x146B06A8D	0x146B06A50	0x14087B5C0
prefix_decoder	0x14087B5C0	CALLER	0x146B06B41	0x146B06A50	0x14087B5C0
prefix_decoder	0x14087B5C0	CALLER	0x146B06CC0	0x146B06C90	0x14087B5C0
prefix_decoder	0x14087B5C0	CALLER	0x146B06DF2	0x146B06DD0	0x14087B5C0
prefix_decoder	0x14087B5C0	CALLER	0x146B079DD	0x146B07870	0x14087B5C0
prefix_decoder	0x14087B5C0	CALLER	0x146B07B07	0x146B07A70	0x14087B5C0
prefix_decoder	0x14087B5C0	CALLER	0x146B07B4B	0x146B07B2C	0x14087B5C0
prefix_decoder	0x14087B5C0	CALLER	0x146B07C43	0x146B07C10	0x14087B5C0
prefix_decoder	0x14087B5C0	CALLER	0x146B07C6E	0x146B07C10	0x14087B5C0
prefix_decoder	0x14087B5C0	CALLER	0x146B07C96	0x146B07C10	0x14087B5C0
prefix_decoder	0x14087B5C0	CALLER	0x146B07CBE	0x146B07C10	0x14087B5C0
prefix_decoder	0x14087B5C0	CALLER	0x146B07CE6	0x146B07C10	0x14087B5C0
prefix_decoder	0x14087B5C0	CALLER	0x146B07D0E	0x146B07C10	0x14087B5C0
prefix_decoder	0x14087B5C0	CALLER	0x146B07D36	0x146B07C10	0x14087B5C0
prefix_decoder	0x14087B5C0	CALLER	0x146B07D5E	0x146B07C10	0x14087B5C0
prefix_decoder	0x14087B5C0	CALLER	0x146B07D86	0x146B07C10	0x14087B5C0
prefix_decoder	0x14087B5C0	CALLER	0x146B07DAA	0x146B07C10	0x14087B5C0
prefix_decoder	0x14087B5C0	CALLER	0x146B07DCE	0x146B07C10	0x14087B5C0
prefix_decoder	0x14087B5C0	CALLER	0x146B07DF1	0x146B07C10	0x14087B5C0
prefix_decoder	0x14087B5C0	CALLER	0x146B08022	0x146B07FA0	0x14087B5C0
prefix_decoder	0x14087B5C0	CALLER	0x146B08437	0x146B08270	0x14087B5C0
registry_accessor	0x146162150	CALLER	0x1407C0C0A	0x1407C0C00	0x146162150
registry_accessor	0x146162150	CALLER	0x1407C10CA	0x1407C10C0	0x146162150
registry_accessor	0x146162150	CALLER	0x1407C12EA	0x1407C12E0	0x146162150
registry_accessor	0x146162150	CALLER	0x1407C18FA	0x1407C18F0	0x146162150
registry_accessor	0x146162150	CALLER	0x1407C19AA	0x1407C19A0	0x146162150
registry_accessor	0x146162150	CALLER	0x1407C1E4A	0x1407C1E40	0x146162150
registry_accessor	0x146162150	CALLER	0x1407C227A	0x1407C2270	0x146162150
registry_accessor	0x146162150	CALLER	0x1407C240A	0x1407C2400	0x146162150
registry_accessor	0x146162150	CALLER	0x1407C281A	0x1407C2810	0x146162150
registry_accessor	0x146162150	CALLER	0x1407C312A	0x1407C3120	0x146162150
registry_accessor	0x146162150	CALLER	0x1407C39EA	0x1407C39E0	0x146162150
registry_accessor	0x146162150	CALLER	0x1407C3A8A	0x1407C3A80	0x146162150
registry_accessor	0x146162150	CALLER	0x1407C3D1A	0x1407C3D10	0x146162150
registry_accessor	0x146162150	CALLER	0x1407C3E2A	0x1407C3E20	0x146162150
registry_accessor	0x146162150	CALLER	0x1407C411A	0x1407C4110	0x146162150
registry_accessor	0x146162150	CALLER	0x1407C505A	0x1407C5050	0x146162150
registry_accessor	0x146162150	CALLER	0x1407C510A	0x1407C5100	0x146162150
registry_accessor	0x146162150	CALLER	0x1407C523A	0x1407C5230	0x146162150
registry_accessor	0x146162150	CALLER	0x1407C53CA	0x1407C53C0	0x146162150
registry_accessor	0x146162150	CALLER	0x1407C54EA	0x1407C54E0	0x146162150
registry_accessor	0x146162150	CALLER	0x1407C55DA	0x1407C55D0	0x146162150
registry_accessor	0x146162150	CALLER	0x1407C582A	0x1407C5820	0x146162150
registry_accessor	0x146162150	CALLER	0x1407C596A	0x1407C5960	0x146162150
registry_accessor	0x146162150	CALLER	0x1407C647A	0x1407C6470	0x146162150
registry_accessor	0x146162150	CALLER	0x1407C680A	0x1407C6800	0x146162150
registry_accessor	0x146162150	CALLER	0x1407C6B5A	0x1407C6B50	0x146162150
registry_accessor	0x146162150	CALLER	0x1407C6C0A	0x1407C6C00	0x146162150
registry_accessor	0x146162150	CALLER	0x1407C6CBA	0x1407C6CB0	0x146162150
registry_accessor	0x146162150	CALLER	0x1407C708A	0x1407C7080	0x146162150
registry_accessor	0x146162150	CALLER	0x1407C713A	0x1407C7130	0x146162150
registry_accessor	0x146162150	CALLER	0x1407C72DA	0x1407C72D0	0x146162150
registry_accessor	0x146162150	CALLER	0x1407C75BA	0x1407C75B0	0x146162150
registry_accessor	0x146162150	CALLER	0x1407C76AA	0x1407C76A0	0x146162150
registry_accessor	0x146162150	CALLER	0x1407C789A	0x1407C7890	0x146162150
registry_accessor	0x146162150	CALLER	0x1407C794A	0x1407C7940	0x146162150
registry_accessor	0x146162150	CALLER	0x1407C79FA	0x1407C79F0	0x146162150
registry_accessor	0x146162150	CALLER	0x1407C7AAA	0x1407C7AA0	0x146162150
registry_accessor	0x146162150	CALLER	0x1407C7D1A	0x1407C7D10	0x146162150
registry_accessor	0x146162150	CALLER	0x1407C7E2A	0x1407C7E20	0x146162150
registry_accessor	0x146162150	CALLER	0x1407C7F1A	0x1407C7F10	0x146162150
registry_accessor	0x146162150	CALLER	0x1407C81BA	0x1407C81B0	0x146162150
registry_accessor	0x146162150	CALLER	0x1407C826A	0x1407C8260	0x146162150
registry_accessor	0x146162150	CALLER	0x1407C867A	0x1407C8670	0x146162150
registry_accessor	0x146162150	CALLER	0x1407C8B1A	0x1407C8B10	0x146162150
registry_accessor	0x146162150	CALLER	0x1407C8D6A	0x1407C8D60	0x146162150
registry_accessor	0x146162150	CALLER	0x1407C92EA	0x1407C92E0	0x146162150
registry_accessor	0x146162150	CALLER	0x1407C991A	0x1407C9910	0x146162150
registry_accessor	0x146162150	CALLER	0x1407C99CA	0x1407C99C0	0x146162150
registry_accessor	0x146162150	CALLER	0x1407C9A7A	0x1407C9A70	0x146162150
registry_accessor	0x146162150	CALLER	0x1407C9B2A	0x1407C9B20	0x146162150
registry_accessor	0x146162150	CALLER	0x1407C9C7A	0x1407C9C70	0x146162150
registry_accessor	0x146162150	CALLER	0x1407C9D9A	0x1407C9D90	0x146162150
registry_accessor	0x146162150	CALLER	0x1407CA2AA	0x1407CA2A0	0x146162150
registry_accessor	0x146162150	CALLER	0x1407CA4EA	0x1407CA4E0	0x146162150
registry_accessor	0x146162150	CALLER	0x1407CA6DA	0x1407CA6D0	0x146162150
registry_accessor	0x146162150	CALLER	0x1407CA8CA	0x1407CA8C0	0x146162150
registry_accessor	0x146162150	CALLER	0x1407CABCA	0x1407CABC0	0x146162150
registry_accessor	0x146162150	CALLER	0x1407CB03A	0x1407CB030	0x146162150
registry_accessor	0x146162150	CALLER	0x1407CB0EA	0x1407CB0E0	0x146162150
registry_accessor	0x146162150	CALLER	0x1407CB3DA	0x1407CB3D0	0x146162150
registry_accessor	0x146162150	CALLER	0x1407CB67A	0x1407CB670	0x146162150
registry_accessor	0x146162150	CALLER	0x1407CB7AA	0x1407CB7A0	0x146162150
registry_accessor	0x146162150	CALLER	0x1407CCA4A	0x1407CCA40	0x146162150
registry_accessor	0x146162150	CALLER	0x1407CCFBA	0x1407CCFB0	0x146162150
registry_accessor	0x146162150	CALLER	0x1407CD63A	0x1407CD630	0x146162150
registry_accessor	0x146162150	CALLER	0x1407CDEBA	0x1407CDEB0	0x146162150
registry_accessor	0x146162150	CALLER	0x1407CE4DA	0x1407CE4D0	0x146162150
registry_accessor	0x146162150	CALLER	0x1407CE9EA	0x1407CE9E0	0x146162150
registry_accessor	0x146162150	CALLER	0x1407CEA9A	0x1407CEA90	0x146162150
registry_accessor	0x146162150	CALLER	0x1407CF17A	0x1407CF170	0x146162150
registry_accessor	0x146162150	CALLER	0x1407CF3BA	0x1407CF3B0	0x146162150
registry_accessor	0x146162150	CALLER	0x1407CF5FA	0x1407CF5F0	0x146162150
registry_accessor	0x146162150	CALLER	0x1407CF6AA	0x1407CF6A0	0x146162150
registry_accessor	0x146162150	CALLER	0x1407CF75A	0x1407CF750	0x146162150
registry_accessor	0x146162150	CALLER	0x1407CF80A	0x1407CF800	0x146162150
registry_accessor	0x146162150	CALLER	0x1407CFC0A	0x1407CFC00	0x146162150
registry_accessor	0x146162150	CALLER	0x1407CFEAA	0x1407CFEA0	0x146162150
registry_accessor	0x146162150	CALLER	0x1407D04FA	0x1407D04F0	0x146162150
registry_accessor	0x146162150	CALLER	0x1407D07DA	0x1407D07D0	0x146162150
registry_accessor	0x146162150	CALLER	0x1407D0B1A	0x1407D0B10	0x146162150
registry_accessor	0x146162150	CALLER	0x1407D0BCA	0x1407D0BC0	0x146162150
registry_accessor	0x146162150	CALLER	0x1407D0EFA	0x1407D0EF0	0x146162150
registry_accessor	0x146162150	CALLER	0x1407D130A	0x1407D1300	0x146162150
registry_accessor	0x146162150	CALLER	0x1407D15CA	0x1407D15C0	0x146162150
registry_accessor	0x146162150	CALLER	0x1407D172A	0x1407D1720	0x146162150
registry_accessor	0x146162150	CALLER	0x1407D1A2A	0x1407D1A20	0x146162150
registry_accessor	0x146162150	CALLER	0x1407D1ADA	0x1407D1AD0	0x146162150
registry_accessor	0x146162150	CALLER	0x1407D1D4A	0x1407D1D40	0x146162150
registry_accessor	0x146162150	CALLER	0x1407D21CA	0x1407D21C0	0x146162150
registry_accessor	0x146162150	CALLER	0x1407D235A	0x1407D2350	0x146162150
registry_accessor	0x146162150	CALLER	0x1407D245A	0x1407D2450	0x146162150
registry_accessor	0x146162150	CALLER	0x1408942EA	0x1408942E0	0x146162150
registry_accessor	0x146162150	CALLER	0x14089439A	0x140894390	0x146162150
registry_accessor	0x146162150	CALLER	0x14089444A	0x140894440	0x146162150
registry_accessor	0x146162150	CALLER	0x1408944FA	0x1408944F0	0x146162150
registry_accessor	0x146162150	CALLER	0x14102EE8B	0x14102EE20	0x146162150
registry_accessor	0x146162150	CALLER	0x14117671A	0x141176710	0x146162150
registry_accessor	0x146162150	CALLER	0x1411770EA	0x1411770E0	0x146162150
registry_accessor	0x146162150	CALLER	0x1411772DA	0x1411772D0	0x146162150
registry_accessor	0x146162150	CALLER	0x14117738A	0x141177380	0x146162150
registry_accessor	0x146162150	CALLER	0x1414BDA3A	0x1414BDA30	0x146162150
registry_accessor	0x146162150	CALLER	0x1414BDCBA	0x1414BDCB0	0x146162150
registry_accessor	0x146162150	CALLER	0x1414BE03A	0x1414BE030	0x146162150
registry_accessor	0x146162150	CALLER	0x1414BE6AA	0x1414BE6A0	0x146162150
registry_accessor	0x146162150	CALLER	0x1414BEEFA	0x1414BEEF0	0x146162150
registry_accessor	0x146162150	CALLER	0x1414BF9DA	0x1414BF9D0	0x146162150
registry_accessor	0x146162150	CALLER	0x1414BFD1A	0x1414BFD10	0x146162150
registry_accessor	0x146162150	CALLER	0x1414C05AA	0x1414C05A0	0x146162150
registry_accessor	0x146162150	CALLER	0x1414C063A	0x1414C0630	0x146162150
registry_accessor	0x146162150	CALLER	0x1414C079A	0x1414C0790	0x146162150
registry_accessor	0x146162150	CALLER	0x1414C1CAA	0x1414C1CA0	0x146162150
registry_accessor	0x146162150	CALLER	0x1414C203A	0x1414C2030	0x146162150
registry_accessor	0x146162150	CALLER	0x1414C20DA	0x1414C20D0	0x146162150
registry_accessor	0x146162150	CALLER	0x1414C21AA	0x1414C21A0	0x146162150
registry_accessor	0x146162150	CALLER	0x1414C26FA	0x1414C26F0	0x146162150
registry_accessor	0x146162150	CALLER	0x1414C2D2A	0x1414C2D20	0x146162150
registry_accessor	0x146162150	CALLER	0x1414C35CA	0x1414C35C0	0x146162150
registry_accessor	0x146162150	CALLER	0x1414C3B1A	0x1414C3B10	0x146162150
registry_accessor	0x146162150	CALLER	0x1414C408A	0x1414C4080	0x146162150
registry_accessor	0x146162150	CALLER	0x1414C441A	0x1414C4410	0x146162150
registry_accessor	0x146162150	CALLER	0x1414C44CA	0x1414C44C0	0x146162150
registry_accessor	0x146162150	CALLER	0x1414C47EA	0x1414C47E0	0x146162150
registry_accessor	0x146162150	CALLER	0x1414C4A5A	0x1414C4A50	0x146162150
registry_accessor	0x146162150	CALLER	0x1414C4B0A	0x1414C4B00	0x146162150
registry_accessor	0x146162150	CALLER	0x1414C4E6A	0x1414C4E60	0x146162150
registry_accessor	0x146162150	CALLER	0x1414C50CA	0x1414C50C0	0x146162150
registry_accessor	0x146162150	CALLER	0x1414C54CA	0x1414C54C0	0x146162150
registry_accessor	0x146162150	CALLER	0x1414C583A	0x1414C5830	0x146162150
registry_accessor	0x146162150	CALLER	0x1414C5C9A	0x1414C5C90	0x146162150
registry_accessor	0x146162150	CALLER	0x1414C5D4A	0x1414C5D40	0x146162150
registry_accessor	0x146162150	CALLER	0x1414C60FA	0x1414C60F0	0x146162150
registry_accessor	0x146162150	CALLER	0x1414C64AA	0x1414C64A0	0x146162150
registry_accessor	0x146162150	CALLER	0x1414C65DA	0x1414C65D0	0x146162150
registry_accessor	0x146162150	CALLER	0x1414C668A	0x1414C6680	0x146162150
registry_accessor	0x146162150	CALLER	0x1414C6ADA	0x1414C6AD0	0x146162150
registry_accessor	0x146162150	CALLER	0x1414C73CA	0x1414C73C0	0x146162150
registry_accessor	0x146162150	CALLER	0x1414C7D1A	0x1414C7D10	0x146162150
registry_accessor	0x146162150	CALLER	0x1414C818A	0x1414C8180	0x146162150
registry_accessor	0x146162150	CALLER	0x1414C85CA	0x1414C85C0	0x146162150
registry_accessor	0x146162150	CALLER	0x1414C86DA	0x1414C86D0	0x146162150
registry_accessor	0x146162150	CALLER	0x1414C8BDA	0x1414C8BD0	0x146162150
registry_accessor	0x146162150	CALLER	0x1414C8E6A	0x1414C8E60	0x146162150
registry_accessor	0x146162150	CALLER	0x1414C93CA	0x1414C93C0	0x146162150
registry_accessor	0x146162150	CALLER	0x1414C98AA	0x1414C98A0	0x146162150
registry_accessor	0x146162150	CALLER	0x1414CA73A	0x1414CA730	0x146162150
registry_accessor	0x146162150	CALLER	0x1414CAC4A	0x1414CAC40	0x146162150
registry_accessor	0x146162150	CALLER	0x1414CACDA	0x1414CACD0	0x146162150
registry_accessor	0x146162150	CALLER	0x1414CAD8A	0x1414CAD80	0x146162150
registry_accessor	0x146162150	CALLER	0x1414CAECA	0x1414CAEC0	0x146162150
registry_accessor	0x146162150	CALLER	0x1414CB31A	0x1414CB310	0x146162150
registry_accessor	0x146162150	CALLER	0x1414CB44A	0x1414CB440	0x146162150
registry_accessor	0x146162150	CALLER	0x1414CB5BA	0x1414CB5B0	0x146162150
registry_accessor	0x146162150	CALLER	0x1414CBB3A	0x1414CBB30	0x146162150
registry_accessor	0x146162150	CALLER	0x1414CBEDA	0x1414CBED0	0x146162150
registry_accessor	0x146162150	CALLER	0x1414CCD9A	0x1414CCD90	0x146162150
registry_accessor	0x146162150	CALLER	0x1414CD0EA	0x1414CD0E0	0x146162150
registry_accessor	0x146162150	CALLER	0x1414CD66A	0x1414CD660	0x146162150
registry_accessor	0x146162150	CALLER	0x1414CD81A	0x1414CD810	0x146162150
registry_accessor	0x146162150	CALLER	0x1414CD8AA	0x1414CD8A0	0x146162150
registry_accessor	0x146162150	CALLER	0x1414CD9AA	0x1414CD9A0	0x146162150
registry_accessor	0x146162150	CALLER	0x1414CDA5A	0x1414CDA50	0x146162150
registry_accessor	0x146162150	CALLER	0x1414CE2FA	0x1414CE2F0	0x146162150
registry_accessor	0x146162150	CALLER	0x1414CE86A	0x1414CE860	0x146162150
registry_accessor	0x146162150	CALLER	0x1414CF4EA	0x1414CF4E0	0x146162150
registry_accessor	0x146162150	CALLER	0x1414CF64A	0x1414CF640	0x146162150
registry_accessor	0x146162150	CALLER	0x1414CFBCA	0x1414CFBC0	0x146162150
registry_accessor	0x146162150	CALLER	0x1414D002A	0x1414D0020	0x146162150
registry_accessor	0x146162150	CALLER	0x1414D01BA	0x1414D01B0	0x146162150
registry_accessor	0x146162150	CALLER	0x1414D097A	0x1414D0970	0x146162150
registry_accessor	0x146162150	CALLER	0x1414D0CEA	0x1414D0CE0	0x146162150
registry_accessor	0x146162150	CALLER	0x1414D0F8A	0x1414D0F80	0x146162150
registry_accessor	0x146162150	CALLER	0x1414D15EA	0x1414D15E0	0x146162150
registry_accessor	0x146162150	CALLER	0x1414D16EA	0x1414D16E0	0x146162150
registry_accessor	0x146162150	CALLER	0x1414D1C9A	0x1414D1C90	0x146162150
registry_accessor	0x146162150	CALLER	0x1414D259A	0x1414D2590	0x146162150
registry_accessor	0x146162150	CALLER	0x1414D2B7A	0x1414D2B70	0x146162150
registry_accessor	0x146162150	CALLER	0x1414D2C5A	0x1414D2C50	0x146162150
registry_accessor	0x146162150	CALLER	0x1414D2F6A	0x1414D2F60	0x146162150
registry_accessor	0x146162150	CALLER	0x1414D319A	0x1414D3190	0x146162150
registry_accessor	0x146162150	CALLER	0x1414D349A	0x1414D3490	0x146162150
registry_accessor	0x146162150	CALLER	0x1414D356A	0x1414D3560	0x146162150
registry_accessor	0x146162150	CALLER	0x1414D366A	0x1414D3660	0x146162150
registry_accessor	0x146162150	CALLER	0x1414D378A	0x1414D3780	0x146162150
registry_accessor	0x146162150	CALLER	0x1414D398A	0x1414D3980	0x146162150
registry_accessor	0x146162150	CALLER	0x1414D41DA	0x1414D41D0	0x146162150
registry_accessor	0x146162150	CALLER	0x1414D42EA	0x1414D42E0	0x146162150
registry_accessor	0x146162150	CALLER	0x1414D471A	0x1414D4710	0x146162150
registry_accessor	0x146162150	CALLER	0x1414D4CBA	0x1414D4CB0	0x146162150
registry_accessor	0x146162150	CALLER	0x1414D4ECA	0x1414D4EC0	0x146162150
registry_accessor	0x146162150	CALLER	0x1414D513A	0x1414D5130	0x146162150
registry_accessor	0x146162150	CALLER	0x1414D51DA	0x1414D51D0	0x146162150
registry_accessor	0x146162150	CALLER	0x1414D529A	0x1414D5290	0x146162150
registry_accessor	0x146162150	CALLER	0x1414D537A	0x1414D5370	0x146162150
registry_accessor	0x146162150	CALLER	0x1414D550A	0x1414D5500	0x146162150
registry_accessor	0x146162150	CALLER	0x1414D55DA	0x1414D55D0	0x146162150
registry_accessor	0x146162150	CALLER	0x1414D567A	0x1414D5670	0x146162150
registry_accessor	0x146162150	CALLER	0x1414D5DAA	0x1414D5DA0	0x146162150
registry_accessor	0x146162150	CALLER	0x1414D6A0A	0x1414D6A00	0x146162150
registry_accessor	0x146162150	CALLER	0x1414D6F7A	0x1414D6F70	0x146162150
registry_accessor	0x146162150	CALLER	0x1414D70EA	0x1414D70E0	0x146162150
registry_accessor	0x146162150	CALLER	0x1414D754A	0x1414D7540	0x146162150
registry_accessor	0x146162150	CALLER	0x1414D772A	0x1414D7720	0x146162150
registry_accessor	0x146162150	CALLER	0x1414D788A	0x1414D7880	0x146162150
registry_accessor	0x146162150	CALLER	0x1414D868A	0x1414D8680	0x146162150
registry_accessor	0x146162150	CALLER	0x1414D87BA	0x1414D87B0	0x146162150
registry_accessor	0x146162150	CALLER	0x1414D8DCA	0x1414D8DC0	0x146162150
registry_accessor	0x146162150	CALLER	0x1414D8E7A	0x1414D8E70	0x146162150
registry_accessor	0x146162150	CALLER	0x1414D93AA	0x1414D93A0	0x146162150
registry_accessor	0x146162150	CALLER	0x1414D9D3A	0x1414D9D30	0x146162150
registry_accessor	0x146162150	CALLER	0x1414D9E9A	0x1414D9E90	0x146162150
registry_accessor	0x146162150	CALLER	0x1414DA0FA	0x1414DA0F0	0x146162150
registry_accessor	0x146162150	CALLER	0x1414DB57A	0x1414DB570	0x146162150
registry_accessor	0x146162150	CALLER	0x1414DB65A	0x1414DB650	0x146162150
registry_accessor	0x146162150	CALLER	0x1414DB79A	0x1414DB790	0x146162150
registry_accessor	0x146162150	CALLER	0x1414DB87A	0x1414DB870	0x146162150
registry_accessor	0x146162150	CALLER	0x1414DBB0A	0x1414DBB00	0x146162150
registry_accessor	0x146162150	CALLER	0x1414DC16A	0x1414DC160	0x146162150
registry_accessor	0x146162150	CALLER	0x1414DCB8A	0x1414DCB80	0x146162150
registry_accessor	0x146162150	CALLER	0x1414DCC2A	0x1414DCC20	0x146162150
registry_accessor	0x146162150	CALLER	0x1414DCD1A	0x1414DCD10	0x146162150
registry_accessor	0x146162150	CALLER	0x1414DD13A	0x1414DD130	0x146162150
registry_accessor	0x146162150	CALLER	0x1414DD1DA	0x1414DD1D0	0x146162150
registry_accessor	0x146162150	CALLER	0x1414DD5CA	0x1414DD5C0	0x146162150
registry_accessor	0x146162150	CALLER	0x1414DD80A	0x1414DD800	0x146162150
registry_accessor	0x146162150	CALLER	0x1414DD89A	0x1414DD890	0x146162150
registry_accessor	0x146162150	CALLER	0x1414DDBDA	0x1414DDBD0	0x146162150
registry_accessor	0x146162150	CALLER	0x1414DE05A	0x1414DE050	0x146162150
registry_accessor	0x146162150	CALLER	0x1414DE11A	0x1414DE110	0x146162150
registry_accessor	0x146162150	CALLER	0x1414DE2AA	0x1414DE2A0	0x146162150
registry_accessor	0x146162150	CALLER	0x1414DE5FA	0x1414DE5F0	0x146162150
registry_accessor	0x146162150	CALLER	0x1414DE7EA	0x1414DE7E0	0x146162150
registry_accessor	0x146162150	CALLER	0x1414DE9BA	0x1414DE9B0	0x146162150
registry_accessor	0x146162150	CALLER	0x1414DF0FA	0x1414DF0F0	0x146162150
registry_accessor	0x146162150	CALLER	0x1414DF41A	0x1414DF410	0x146162150
registry_accessor	0x146162150	CALLER	0x1414DF78A	0x1414DF780	0x146162150
registry_accessor	0x146162150	CALLER	0x1414DFE1A	0x1414DFE10	0x146162150
registry_accessor	0x146162150	CALLER	0x1414E02AA	0x1414E02A0	0x146162150
registry_accessor	0x146162150	CALLER	0x1414E04EA	0x1414E04E0	0x146162150
registry_accessor	0x146162150	CALLER	0x1414E05FA	0x1414E05F0	0x146162150
registry_accessor	0x146162150	CALLER	0x1414E08FA	0x1414E08F0	0x146162150
registry_accessor	0x146162150	CALLER	0x1414E13BA	0x1414E13B0	0x146162150
registry_accessor	0x146162150	CALLER	0x1414E14AA	0x1414E14A0	0x146162150
registry_accessor	0x146162150	CALLER	0x1414E167A	0x1414E1670	0x146162150
registry_accessor	0x146162150	CALLER	0x1414E1B6A	0x1414E1B60	0x146162150
registry_accessor	0x146162150	CALLER	0x1414E227A	0x1414E2270	0x146162150
registry_accessor	0x146162150	CALLER	0x1414E23DA	0x1414E23D0	0x146162150
registry_accessor	0x146162150	CALLER	0x1414E249A	0x1414E2490	0x146162150
registry_accessor	0x146162150	CALLER	0x1414E252A	0x1414E2520	0x146162150
registry_accessor	0x146162150	CALLER	0x1414E28FA	0x1414E28F0	0x146162150
registry_accessor	0x146162150	CALLER	0x1414E2B9A	0x1414E2B90	0x146162150
registry_accessor	0x146162150	CALLER	0x1414E39EA	0x1414E39E0	0x146162150
registry_accessor	0x146162150	CALLER	0x1414E3BCA	0x1414E3BC0	0x146162150
registry_accessor	0x146162150	CALLER	0x1414E3D7A	0x1414E3D70	0x146162150
registry_accessor	0x146162150	CALLER	0x1414E501A	0x1414E5010	0x146162150
registry_accessor	0x146162150	CALLER	0x1414E5BBA	0x1414E5BB0	0x146162150
registry_accessor	0x146162150	CALLER	0x1414E69DA	0x1414E69D0	0x146162150
registry_accessor	0x146162150	CALLER	0x1414E6B7A	0x1414E6B70	0x146162150
registry_accessor	0x146162150	CALLER	0x1414E6EDA	0x1414E6ED0	0x146162150
registry_accessor	0x146162150	CALLER	0x1414E6F7A	0x1414E6F70	0x146162150
registry_accessor	0x146162150	CALLER	0x1414E74BA	0x1414E74B0	0x146162150
registry_accessor	0x146162150	CALLER	0x1414E7C7A	0x1414E7C70	0x146162150
registry_accessor	0x146162150	CALLER	0x1414E819A	0x1414E8190	0x146162150
registry_accessor	0x146162150	CALLER	0x1414E830A	0x1414E8300	0x146162150
registry_accessor	0x146162150	CALLER	0x1414E94DA	0x1414E94D0	0x146162150
registry_accessor	0x146162150	CALLER	0x1414E95BA	0x1414E95B0	0x146162150
registry_accessor	0x146162150	CALLER	0x1414E9A3A	0x1414E9A30	0x146162150
registry_accessor	0x146162150	CALLER	0x1414E9DDA	0x1414E9DD0	0x146162150
registry_accessor	0x146162150	CALLER	0x1414EA14A	0x1414EA140	0x146162150
registry_accessor	0x146162150	CALLER	0x1414EA36A	0x1414EA360	0x146162150
registry_accessor	0x146162150	CALLER	0x1414EA97A	0x1414EA970	0x146162150
registry_accessor	0x146162150	CALLER	0x1414EAA1A	0x1414EAA10	0x146162150
registry_accessor	0x146162150	CALLER	0x1414EB14A	0x1414EB140	0x146162150
registry_accessor	0x146162150	CALLER	0x1414EB4AA	0x1414EB4A0	0x146162150
registry_accessor	0x146162150	CALLER	0x1414EB55A	0x1414EB550	0x146162150
registry_accessor	0x146162150	CALLER	0x1414EB66A	0x1414EB660	0x146162150
registry_accessor	0x146162150	CALLER	0x1414EB87A	0x1414EB870	0x146162150
registry_accessor	0x146162150	CALLER	0x1414EBE3A	0x1414EBE30	0x146162150
registry_accessor	0x146162150	CALLER	0x1414ECBDA	0x1414ECBD0	0x146162150
registry_accessor	0x146162150	CALLER	0x1414ED00A	0x1414ED000	0x146162150
registry_accessor	0x146162150	CALLER	0x1414ED26A	0x1414ED260	0x146162150
registry_accessor	0x146162150	CALLER	0x1414ED3CA	0x1414ED3C0	0x146162150
registry_accessor	0x146162150	CALLER	0x1414ED4CA	0x1414ED4C0	0x146162150
registry_accessor	0x146162150	CALLER	0x1414ED64A	0x1414ED640	0x146162150
registry_accessor	0x146162150	CALLER	0x1414EE2BA	0x1414EE2B0	0x146162150
registry_accessor	0x146162150	CALLER	0x1414EE36A	0x1414EE360	0x146162150
registry_accessor	0x146162150	CALLER	0x1414EEBAA	0x1414EEBA0	0x146162150
registry_accessor	0x146162150	CALLER	0x1414EED7A	0x1414EED70	0x146162150
registry_accessor	0x146162150	CALLER	0x1414EF11A	0x1414EF110	0x146162150
registry_accessor	0x146162150	CALLER	0x1414EF23A	0x1414EF230	0x146162150
registry_accessor	0x146162150	CALLER	0x1414EF3CA	0x1414EF3C0	0x146162150
registry_accessor	0x146162150	CALLER	0x1414EF7BA	0x1414EF7B0	0x146162150
registry_accessor	0x146162150	CALLER	0x1414EFEAA	0x1414EFEA0	0x146162150
registry_accessor	0x146162150	CALLER	0x1414EFF4A	0x1414EFF40	0x146162150
registry_accessor	0x146162150	CALLER	0x1414F01CA	0x1414F01C0	0x146162150
registry_accessor	0x146162150	CALLER	0x1414F032A	0x1414F0320	0x146162150
registry_accessor	0x146162150	CALLER	0x1414F090A	0x1414F0900	0x146162150
registry_accessor	0x146162150	CALLER	0x1414F0C0A	0x1414F0C00	0x146162150
registry_accessor	0x146162150	CALLER	0x1414F0FEA	0x1414F0FE0	0x146162150
registry_accessor	0x146162150	CALLER	0x1414F114A	0x1414F1140	0x146162150
registry_accessor	0x146162150	CALLER	0x1414F138A	0x1414F1380	0x146162150
registry_accessor	0x146162150	CALLER	0x1414F1B9A	0x1414F1B90	0x146162150
registry_accessor	0x146162150	CALLER	0x1414F1E9A	0x1414F1E90	0x146162150
registry_accessor	0x146162150	CALLER	0x1414F1F3A	0x1414F1F30	0x146162150
registry_accessor	0x146162150	CALLER	0x1414F254A	0x1414F2540	0x146162150
registry_accessor	0x146162150	CALLER	0x1414F262A	0x1414F2620	0x146162150
registry_accessor	0x146162150	CALLER	0x1414F367A	0x1414F3670	0x146162150
registry_accessor	0x146162150	CALLER	0x1414F391A	0x1414F3910	0x146162150
registry_accessor	0x146162150	CALLER	0x1414F3A2A	0x1414F3A20	0x146162150
registry_accessor	0x146162150	CALLER	0x1414F3ACA	0x1414F3AC0	0x146162150
registry_accessor	0x146162150	CALLER	0x1414F3C4A	0x1414F3C40	0x146162150
registry_accessor	0x146162150	CALLER	0x1414F3D4A	0x1414F3D40	0x146162150
registry_accessor	0x146162150	CALLER	0x1414F404A	0x1414F4040	0x146162150
registry_accessor	0x146162150	CALLER	0x1414F482A	0x1414F4820	0x146162150
registry_accessor	0x146162150	CALLER	0x1414F48CA	0x1414F48C0	0x146162150
registry_accessor	0x146162150	CALLER	0x1414F495A	0x1414F4950	0x146162150
registry_accessor	0x146162150	CALLER	0x1414F4BCA	0x1414F4BC0	0x146162150
registry_accessor	0x146162150	CALLER	0x1414F538A	0x1414F5380	0x146162150
registry_accessor	0x146162150	CALLER	0x1414F571A	0x1414F5710	0x146162150
registry_accessor	0x146162150	CALLER	0x1414F58EA	0x1414F58E0	0x146162150
registry_accessor	0x146162150	CALLER	0x1414F5DAA	0x1414F5DA0	0x146162150
registry_accessor	0x146162150	CALLER	0x1414F601A	0x1414F6010	0x146162150
registry_accessor	0x146162150	CALLER	0x1414F65CA	0x1414F65C0	0x146162150
registry_accessor	0x146162150	CALLER	0x1414F675A	0x1414F6750	0x146162150
registry_accessor	0x146162150	CALLER	0x1414F680A	0x1414F6800	0x146162150
registry_accessor	0x146162150	CALLER	0x1414F69CA	0x1414F69C0	0x146162150
registry_accessor	0x146162150	CALLER	0x1414F6ECA	0x1414F6EC0	0x146162150
registry_accessor	0x146162150	CALLER	0x1414F74FA	0x1414F74F0	0x146162150
registry_accessor	0x146162150	CALLER	0x1414F75BA	0x1414F75B0	0x146162150
registry_accessor	0x146162150	CALLER	0x1414F76DA	0x1414F76D0	0x146162150
registry_accessor	0x146162150	CALLER	0x1414F77AA	0x1414F77A0	0x146162150
registry_accessor	0x146162150	CALLER	0x1414F788A	0x1414F7880	0x146162150
registry_accessor	0x146162150	CALLER	0x1414F7AFA	0x1414F7AF0	0x146162150
registry_accessor	0x146162150	CALLER	0x1414F7BDA	0x1414F7BD0	0x146162150
registry_accessor	0x146162150	CALLER	0x1414F7F1A	0x1414F7F10	0x146162150
registry_accessor	0x146162150	CALLER	0x1414F860A	0x1414F8600	0x146162150
registry_accessor	0x146162150	CALLER	0x1414F87CA	0x1414F87C0	0x146162150
registry_accessor	0x146162150	CALLER	0x1414F891A	0x1414F8910	0x146162150
registry_accessor	0x146162150	CALLER	0x1414F89CA	0x1414F89C0	0x146162150
registry_accessor	0x146162150	CALLER	0x1414F91DA	0x1414F91D0	0x146162150
registry_accessor	0x146162150	CALLER	0x1414F962A	0x1414F9620	0x146162150
registry_accessor	0x146162150	CALLER	0x1414F96BA	0x1414F96B0	0x146162150
registry_accessor	0x146162150	CALLER	0x1414F980A	0x1414F9800	0x146162150
registry_accessor	0x146162150	CALLER	0x1414FA1DA	0x1414FA1D0	0x146162150
registry_accessor	0x146162150	CALLER	0x1414FA7DA	0x1414FA7D0	0x146162150
registry_accessor	0x146162150	CALLER	0x1414FAC8A	0x1414FAC80	0x146162150
registry_accessor	0x146162150	CALLER	0x1414FAE9A	0x1414FAE90	0x146162150
registry_accessor	0x146162150	CALLER	0x1414FB46A	0x1414FB460	0x146162150
registry_accessor	0x146162150	CALLER	0x1414FB6EA	0x1414FB6E0	0x146162150
registry_accessor	0x146162150	CALLER	0x1414FB78A	0x1414FB780	0x146162150
registry_accessor	0x146162150	CALLER	0x1414FC2BA	0x1414FC2B0	0x146162150
registry_accessor	0x146162150	CALLER	0x1414FC42A	0x1414FC420	0x146162150
registry_accessor	0x146162150	CALLER	0x1414FC73A	0x1414FC730	0x146162150
registry_accessor	0x146162150	CALLER	0x1414FC8EA	0x1414FC8E0	0x146162150
registry_accessor	0x146162150	CALLER	0x1414FCC0A	0x1414FCC00	0x146162150
registry_accessor	0x146162150	CALLER	0x1414FCDEA	0x1414FCDE0	0x146162150
registry_accessor	0x146162150	CALLER	0x1414FCE9A	0x1414FCE90	0x146162150
registry_accessor	0x146162150	CALLER	0x1414FD09A	0x1414FD090	0x146162150
registry_accessor	0x146162150	CALLER	0x1414FDADA	0x1414FDAD0	0x146162150
registry_accessor	0x146162150	CALLER	0x1414FE1DA	0x1414FE1D0	0x146162150
registry_accessor	0x146162150	CALLER	0x1414FE65A	0x1414FE650	0x146162150
registry_accessor	0x146162150	CALLER	0x1414FEA0A	0x1414FEA00	0x146162150
registry_accessor	0x146162150	CALLER	0x1414FEFCA	0x1414FEFC0	0x146162150
registry_accessor	0x146162150	CALLER	0x1414FF0DA	0x1414FF0D0	0x146162150
registry_accessor	0x146162150	CALLER	0x1414FF1AA	0x1414FF1A0	0x146162150
registry_accessor	0x146162150	CALLER	0x1414FF3EA	0x1414FF3E0	0x146162150
registry_accessor	0x146162150	CALLER	0x1414FFDDA	0x1414FFDD0	0x146162150
registry_accessor	0x146162150	CALLER	0x1415004FA	0x1415004F0	0x146162150
registry_accessor	0x146162150	CALLER	0x1415007BA	0x1415007B0	0x146162150
registry_accessor	0x146162150	CALLER	0x141500F0A	0x141500F00	0x146162150
registry_accessor	0x146162150	CALLER	0x14150109A	0x141501090	0x146162150
registry_accessor	0x146162150	CALLER	0x1415011EA	0x1415011E0	0x146162150
registry_accessor	0x146162150	CALLER	0x141501BDA	0x141501BD0	0x146162150
registry_accessor	0x146162150	CALLER	0x1415024EA	0x1415024E0	0x146162150
registry_accessor	0x146162150	CALLER	0x14150258A	0x141502580	0x146162150
registry_accessor	0x146162150	CALLER	0x14150261A	0x141502610	0x146162150
registry_accessor	0x146162150	CALLER	0x14150286A	0x141502860	0x146162150
registry_accessor	0x146162150	CALLER	0x1415038DA	0x1415038D0	0x146162150
registry_accessor	0x146162150	CALLER	0x14150445A	0x141504450	0x146162150
registry_accessor	0x146162150	CALLER	0x1415047BA	0x1415047B0	0x146162150
registry_accessor	0x146162150	CALLER	0x14150571A	0x141505710	0x146162150
registry_accessor	0x146162150	CALLER	0x141505B3A	0x141505B30	0x146162150
registry_accessor	0x146162150	CALLER	0x141505C5A	0x141505C50	0x146162150
registry_accessor	0x146162150	CALLER	0x141505E1A	0x141505E10	0x146162150
registry_accessor	0x146162150	CALLER	0x141506A8A	0x141506A80	0x146162150
registry_accessor	0x146162150	CALLER	0x141506E2A	0x141506E20	0x146162150
registry_accessor	0x146162150	CALLER	0x14150708A	0x141507080	0x146162150
registry_accessor	0x146162150	CALLER	0x14150724A	0x141507240	0x146162150
registry_accessor	0x146162150	CALLER	0x1415078FA	0x1415078F0	0x146162150
registry_accessor	0x146162150	CALLER	0x141507F7A	0x141507F70	0x146162150
registry_accessor	0x146162150	CALLER	0x14150843A	0x141508430	0x146162150
registry_accessor	0x146162150	CALLER	0x141508A0A	0x141508A00	0x146162150
registry_accessor	0x146162150	CALLER	0x141508F4A	0x141508F40	0x146162150
registry_accessor	0x146162150	CALLER	0x14150909A	0x141509090	0x146162150
registry_accessor	0x146162150	CALLER	0x14150920A	0x141509200	0x146162150
registry_accessor	0x146162150	CALLER	0x14150949A	0x141509490	0x146162150
registry_accessor	0x146162150	CALLER	0x14150953A	0x141509530	0x146162150
registry_accessor	0x146162150	CALLER	0x1415099FA	0x1415099F0	0x146162150
registry_accessor	0x146162150	CALLER	0x141509AFA	0x141509AF0	0x146162150
registry_accessor	0x146162150	CALLER	0x141509BFA	0x141509BF0	0x146162150
registry_accessor	0x146162150	CALLER	0x14150A22A	0x14150A220	0x146162150
registry_accessor	0x146162150	CALLER	0x14150A2CA	0x14150A2C0	0x146162150
registry_accessor	0x146162150	CALLER	0x14150A3CA	0x14150A3C0	0x146162150
registry_accessor	0x146162150	CALLER	0x14150AA8A	0x14150AA80	0x146162150
registry_accessor	0x146162150	CALLER	0x14150B09A	0x14150B090	0x146162150
registry_accessor	0x146162150	CALLER	0x14150B14A	0x14150B140	0x146162150
registry_accessor	0x146162150	CALLER	0x14150B28A	0x14150B280	0x146162150
registry_accessor	0x146162150	CALLER	0x14150B66A	0x14150B660	0x146162150
registry_accessor	0x146162150	CALLER	0x14150C04A	0x14150C040	0x146162150
registry_accessor	0x146162150	CALLER	0x14150C11A	0x14150C110	0x146162150
registry_accessor	0x146162150	CALLER	0x14150C52A	0x14150C520	0x146162150
registry_accessor	0x146162150	CALLER	0x14150C86A	0x14150C860	0x146162150
registry_accessor	0x146162150	CALLER	0x14150CD1A	0x14150CD10	0x146162150
registry_accessor	0x146162150	CALLER	0x14150CDBA	0x14150CDB0	0x146162150
registry_accessor	0x146162150	CALLER	0x14150CE4A	0x14150CE40	0x146162150
registry_accessor	0x146162150	CALLER	0x14150D41A	0x14150D410	0x146162150
registry_accessor	0x146162150	CALLER	0x14150D8FA	0x14150D8F0	0x146162150
registry_accessor	0x146162150	CALLER	0x14150DA3A	0x14150DA30	0x146162150
registry_accessor	0x146162150	CALLER	0x14150E14A	0x14150E140	0x146162150
registry_accessor	0x146162150	CALLER	0x14150E40A	0x14150E400	0x146162150
registry_accessor	0x146162150	CALLER	0x14150E9AA	0x14150E9A0	0x146162150
registry_accessor	0x146162150	CALLER	0x14150EA5A	0x14150EA50	0x146162150
registry_accessor	0x146162150	CALLER	0x14150EB4A	0x14150EB40	0x146162150
registry_accessor	0x146162150	CALLER	0x14150EC6A	0x14150EC60	0x146162150
registry_accessor	0x146162150	CALLER	0x14150F89A	0x14150F890	0x146162150
registry_accessor	0x146162150	CALLER	0x14150FADA	0x14150FAD0	0x146162150
registry_accessor	0x146162150	CALLER	0x14151034A	0x141510340	0x146162150
registry_accessor	0x146162150	CALLER	0x14151099A	0x141510990	0x146162150
registry_accessor	0x146162150	CALLER	0x1415110FA	0x1415110F0	0x146162150
registry_accessor	0x146162150	CALLER	0x14151125A	0x141511250	0x146162150
registry_accessor	0x146162150	CALLER	0x14151134A	0x141511340	0x146162150
registry_accessor	0x146162150	CALLER	0x1415113DA	0x1415113D0	0x146162150
registry_accessor	0x146162150	CALLER	0x141511B1A	0x141511B10	0x146162150
registry_accessor	0x146162150	CALLER	0x141511F6A	0x141511F60	0x146162150
registry_accessor	0x146162150	CALLER	0x1415121BA	0x1415121B0	0x146162150
registry_accessor	0x146162150	CALLER	0x14151234A	0x141512340	0x146162150
registry_accessor	0x146162150	CALLER	0x14151263A	0x141512630	0x146162150
registry_accessor	0x146162150	CALLER	0x141512E7A	0x141512E70	0x146162150
registry_accessor	0x146162150	CALLER	0x141512F4A	0x141512F40	0x146162150
registry_accessor	0x146162150	CALLER	0x1415131AA	0x1415131A0	0x146162150
registry_accessor	0x146162150	CALLER	0x14151323A	0x141513230	0x146162150
registry_accessor	0x146162150	CALLER	0x1415132EA	0x1415132E0	0x146162150
registry_accessor	0x146162150	CALLER	0x14151353A	0x141513530	0x146162150
registry_accessor	0x146162150	CALLER	0x14151376A	0x141513760	0x146162150
registry_accessor	0x146162150	CALLER	0x141513BAA	0x141513BA0	0x146162150
registry_accessor	0x146162150	CALLER	0x14151445A	0x141514450	0x146162150
registry_accessor	0x146162150	CALLER	0x14151475A	0x141514750	0x146162150
registry_accessor	0x146162150	CALLER	0x141514B1A	0x141514B10	0x146162150
registry_accessor	0x146162150	CALLER	0x141514C7A	0x141514C70	0x146162150
registry_accessor	0x146162150	CALLER	0x141514D1A	0x141514D10	0x146162150
registry_accessor	0x146162150	CALLER	0x14151541A	0x141515410	0x146162150
registry_accessor	0x146162150	CALLER	0x1415154FA	0x1415154F0	0x146162150
registry_accessor	0x146162150	CALLER	0x141515CDA	0x141515CD0	0x146162150
registry_accessor	0x146162150	CALLER	0x14151690A	0x141516900	0x146162150
registry_accessor	0x146162150	CALLER	0x141516DCA	0x141516DC0	0x146162150
registry_accessor	0x146162150	CALLER	0x141516FFA	0x141516FF0	0x146162150
registry_accessor	0x146162150	CALLER	0x14151740A	0x141517400	0x146162150
registry_accessor	0x146162150	CALLER	0x1415175BA	0x1415175B0	0x146162150
registry_accessor	0x146162150	CALLER	0x1415176DA	0x1415176D0	0x146162150
registry_accessor	0x146162150	CALLER	0x141517A4A	0x141517A40	0x146162150
registry_accessor	0x146162150	CALLER	0x141517AEA	0x141517AE0	0x146162150
registry_accessor	0x146162150	CALLER	0x1415180AA	0x1415180A0	0x146162150
registry_accessor	0x146162150	CALLER	0x14151874A	0x141518740	0x146162150
registry_accessor	0x146162150	CALLER	0x141518BDA	0x141518BD0	0x146162150
registry_accessor	0x146162150	CALLER	0x141518C8A	0x141518C80	0x146162150
registry_accessor	0x146162150	CALLER	0x141518F2A	0x141518F20	0x146162150
registry_accessor	0x146162150	CALLER	0x14151937A	0x141519370	0x146162150
registry_accessor	0x146162150	CALLER	0x14151958A	0x141519580	0x146162150
registry_accessor	0x146162150	CALLER	0x141519E8A	0x141519E80	0x146162150
registry_accessor	0x146162150	CALLER	0x14151A24A	0x14151A240	0x146162150
registry_accessor	0x146162150	CALLER	0x14151A41A	0x14151A410	0x146162150
registry_accessor	0x146162150	CALLER	0x14151A4CA	0x14151A4C0	0x146162150
registry_accessor	0x146162150	CALLER	0x14151A97A	0x14151A970	0x146162150
registry_accessor	0x146162150	CALLER	0x14151AD8A	0x14151AD80	0x146162150
registry_accessor	0x146162150	CALLER	0x14151AF4A	0x14151AF40	0x146162150
registry_accessor	0x146162150	CALLER	0x14151B44A	0x14151B440	0x146162150
registry_accessor	0x146162150	CALLER	0x14151BCDA	0x14151BCD0	0x146162150
registry_accessor	0x146162150	CALLER	0x14151BD7A	0x14151BD70	0x146162150
registry_accessor	0x146162150	CALLER	0x14151C04A	0x14151C040	0x146162150
registry_accessor	0x146162150	CALLER	0x14151C0EA	0x14151C0E0	0x146162150
registry_accessor	0x146162150	CALLER	0x14151C7AA	0x14151C7A0	0x146162150
registry_accessor	0x146162150	CALLER	0x14151C9EA	0x14151C9E0	0x146162150
registry_accessor	0x146162150	CALLER	0x14151CCBA	0x14151CCB0	0x146162150
registry_accessor	0x146162150	CALLER	0x14151CF9A	0x14151CF90	0x146162150
registry_accessor	0x146162150	CALLER	0x14151D1AA	0x14151D1A0	0x146162150
registry_accessor	0x146162150	CALLER	0x14151D4AA	0x14151D4A0	0x146162150
registry_accessor	0x146162150	CALLER	0x14151D55A	0x14151D550	0x146162150
registry_accessor	0x146162150	CALLER	0x14151D70A	0x14151D700	0x146162150
registry_accessor	0x146162150	CALLER	0x14151DA2A	0x14151DA20	0x146162150
registry_accessor	0x146162150	CALLER	0x14151E61A	0x14151E610	0x146162150
registry_accessor	0x146162150	CALLER	0x14151E6FA	0x14151E6F0	0x146162150
registry_accessor	0x146162150	CALLER	0x14151E87A	0x14151E870	0x146162150
registry_accessor	0x146162150	CALLER	0x14151EA8A	0x14151EA80	0x146162150
registry_accessor	0x146162150	CALLER	0x14151EBBA	0x14151EBB0	0x146162150
registry_accessor	0x146162150	CALLER	0x14151EE1A	0x14151EE10	0x146162150
registry_accessor	0x146162150	CALLER	0x14151F11A	0x14151F110	0x146162150
registry_accessor	0x146162150	CALLER	0x14151F33A	0x14151F330	0x146162150
registry_accessor	0x146162150	CALLER	0x14151F44A	0x14151F440	0x146162150
registry_accessor	0x146162150	CALLER	0x14151F5BA	0x14151F5B0	0x146162150
registry_accessor	0x146162150	CALLER	0x14151F7CA	0x14151F7C0	0x146162150
registry_accessor	0x146162150	CALLER	0x14152021A	0x141520210	0x146162150
registry_accessor	0x146162150	CALLER	0x14152034A	0x141520340	0x146162150
registry_accessor	0x146162150	CALLER	0x14152044A	0x141520440	0x146162150
registry_accessor	0x146162150	CALLER	0x1415205FA	0x1415205F0	0x146162150
registry_accessor	0x146162150	CALLER	0x14152072A	0x141520720	0x146162150
registry_accessor	0x146162150	CALLER	0x14152086A	0x141520860	0x146162150
registry_accessor	0x146162150	CALLER	0x14152097A	0x141520970	0x146162150
registry_accessor	0x146162150	CALLER	0x141520E9A	0x141520E90	0x146162150
registry_accessor	0x146162150	CALLER	0x14152180A	0x141521800	0x146162150
registry_accessor	0x146162150	CALLER	0x141521A0A	0x141521A00	0x146162150
registry_accessor	0x146162150	CALLER	0x141521C4A	0x141521C40	0x146162150
registry_accessor	0x146162150	CALLER	0x141521DAA	0x141521DA0	0x146162150
registry_accessor	0x146162150	CALLER	0x141521EDA	0x141521ED0	0x146162150
registry_accessor	0x146162150	CALLER	0x14152202A	0x141522020	0x146162150
registry_accessor	0x146162150	CALLER	0x14152210A	0x141522100	0x146162150
registry_accessor	0x146162150	CALLER	0x1415223EA	0x1415223E0	0x146162150
registry_accessor	0x146162150	CALLER	0x141522E6A	0x141522E60	0x146162150
registry_accessor	0x146162150	CALLER	0x1415233CA	0x1415233C0	0x146162150
registry_accessor	0x146162150	CALLER	0x14152398A	0x141523980	0x146162150
registry_accessor	0x146162150	CALLER	0x141523F2A	0x141523F20	0x146162150
registry_accessor	0x146162150	CALLER	0x1415240AA	0x1415240A0	0x146162150
registry_accessor	0x146162150	CALLER	0x14152414A	0x141524140	0x146162150
registry_accessor	0x146162150	CALLER	0x14152420A	0x141524200	0x146162150
registry_accessor	0x146162150	CALLER	0x14152430A	0x141524300	0x146162150
registry_accessor	0x146162150	CALLER	0x14152487A	0x141524870	0x146162150
registry_accessor	0x146162150	CALLER	0x1415251CA	0x1415251C0	0x146162150
registry_accessor	0x146162150	CALLER	0x14152561A	0x141525610	0x146162150
registry_accessor	0x146162150	CALLER	0x141525ACA	0x141525AC0	0x146162150
registry_accessor	0x146162150	CALLER	0x141525D0A	0x141525D00	0x146162150
registry_accessor	0x146162150	CALLER	0x141525F1A	0x141525F10	0x146162150
registry_accessor	0x146162150	CALLER	0x1415265DA	0x1415265D0	0x146162150
registry_accessor	0x146162150	CALLER	0x14152666A	0x141526660	0x146162150
registry_accessor	0x146162150	CALLER	0x141526D0A	0x141526D00	0x146162150
registry_accessor	0x146162150	CALLER	0x141527CBA	0x141527CB0	0x146162150
registry_accessor	0x146162150	CALLER	0x141527DAA	0x141527DA0	0x146162150
registry_accessor	0x146162150	CALLER	0x141527E5A	0x141527E50	0x146162150
registry_accessor	0x146162150	CALLER	0x14152834A	0x141528340	0x146162150
registry_accessor	0x146162150	CALLER	0x1415284DA	0x1415284D0	0x146162150
registry_accessor	0x146162150	CALLER	0x14152863A	0x141528630	0x146162150
registry_accessor	0x146162150	CALLER	0x141528A0A	0x141528A00	0x146162150
registry_accessor	0x146162150	CALLER	0x141528AAA	0x141528AA0	0x146162150
registry_accessor	0x146162150	CALLER	0x141529A8A	0x141529A80	0x146162150
registry_accessor	0x146162150	CALLER	0x141529B2A	0x141529B20	0x146162150
registry_accessor	0x146162150	CALLER	0x141529D9A	0x141529D90	0x146162150
registry_accessor	0x146162150	CALLER	0x14152A42A	0x14152A420	0x146162150
registry_accessor	0x146162150	CALLER	0x14152A83A	0x14152A830	0x146162150
registry_accessor	0x146162150	CALLER	0x14152A98A	0x14152A980	0x146162150
registry_accessor	0x146162150	CALLER	0x14152B03A	0x14152B030	0x146162150
registry_accessor	0x146162150	CALLER	0x14152B0EA	0x14152B0E0	0x146162150
registry_accessor	0x146162150	CALLER	0x14152BA9A	0x14152BA90	0x146162150
registry_accessor	0x146162150	CALLER	0x14152BBDA	0x14152BBD0	0x146162150
registry_accessor	0x146162150	CALLER	0x14152BFCA	0x14152BFC0	0x146162150
registry_accessor	0x146162150	CALLER	0x14152C33A	0x14152C330	0x146162150
registry_accessor	0x146162150	CALLER	0x14152C3DA	0x14152C3D0	0x146162150
registry_accessor	0x146162150	CALLER	0x14152C5FA	0x14152C5F0	0x146162150
registry_accessor	0x146162150	CALLER	0x14152C9CA	0x14152C9C0	0x146162150
registry_accessor	0x146162150	CALLER	0x14152D13A	0x14152D130	0x146162150
registry_accessor	0x146162150	CALLER	0x14152D2CA	0x14152D2C0	0x146162150
registry_accessor	0x146162150	CALLER	0x14152D6FA	0x14152D6F0	0x146162150
registry_accessor	0x146162150	CALLER	0x14152DC7A	0x14152DC70	0x146162150
registry_accessor	0x146162150	CALLER	0x14152DDCA	0x14152DDC0	0x146162150
registry_accessor	0x146162150	CALLER	0x14152DE7A	0x14152DE70	0x146162150
registry_accessor	0x146162150	CALLER	0x14152E01A	0x14152E010	0x146162150
registry_accessor	0x146162150	CALLER	0x14152E43A	0x14152E430	0x146162150
registry_accessor	0x146162150	CALLER	0x14152E57A	0x14152E570	0x146162150
registry_accessor	0x146162150	CALLER	0x14152E82A	0x14152E820	0x146162150
registry_accessor	0x146162150	CALLER	0x14152E8FA	0x14152E8F0	0x146162150
registry_accessor	0x146162150	CALLER	0x14152E9EA	0x14152E9E0	0x146162150
registry_accessor	0x146162150	CALLER	0x14152EAFA	0x14152EAF0	0x146162150
registry_accessor	0x146162150	CALLER	0x14152FCDA	0x14152FCD0	0x146162150
registry_accessor	0x146162150	CALLER	0x14152FD7A	0x14152FD70	0x146162150
registry_accessor	0x146162150	CALLER	0x14153002A	0x141530020	0x146162150
registry_accessor	0x146162150	CALLER	0x14153030A	0x141530300	0x146162150
registry_accessor	0x146162150	CALLER	0x14153050A	0x141530500	0x146162150
registry_accessor	0x146162150	CALLER	0x14153062A	0x141530620	0x146162150
registry_accessor	0x146162150	CALLER	0x1415306BA	0x1415306B0	0x146162150
registry_accessor	0x146162150	CALLER	0x1415308FA	0x1415308F0	0x146162150
registry_accessor	0x146162150	CALLER	0x14153099A	0x141530990	0x146162150
registry_accessor	0x146162150	CALLER	0x141530B0A	0x141530B00	0x146162150
registry_accessor	0x146162150	CALLER	0x14153159A	0x141531590	0x146162150
registry_accessor	0x146162150	CALLER	0x14153164A	0x141531640	0x146162150
registry_accessor	0x146162150	CALLER	0x14153198A	0x141531980	0x146162150
registry_accessor	0x146162150	CALLER	0x1415320DA	0x1415320D0	0x146162150
registry_accessor	0x146162150	CALLER	0x14153219A	0x141532190	0x146162150
registry_accessor	0x146162150	CALLER	0x14153235A	0x141532350	0x146162150
registry_accessor	0x146162150	CALLER	0x14153255A	0x141532550	0x146162150
registry_accessor	0x146162150	CALLER	0x1415327BA	0x1415327B0	0x146162150
registry_accessor	0x146162150	CALLER	0x141532F4A	0x141532F40	0x146162150
registry_accessor	0x146162150	CALLER	0x14153368A	0x141533680	0x146162150
registry_accessor	0x146162150	CALLER	0x14153373A	0x141533730	0x146162150
registry_accessor	0x146162150	CALLER	0x141533B1A	0x141533B10	0x146162150
registry_accessor	0x146162150	CALLER	0x141533BCA	0x141533BC0	0x146162150
registry_accessor	0x146162150	CALLER	0x141533DEA	0x141533DE0	0x146162150
registry_accessor	0x146162150	CALLER	0x141533F2A	0x141533F20	0x146162150
registry_accessor	0x146162150	CALLER	0x14153418A	0x141534180	0x146162150
registry_accessor	0x146162150	CALLER	0x14153458A	0x141534580	0x146162150
registry_accessor	0x146162150	CALLER	0x141534B1A	0x141534B10	0x146162150
registry_accessor	0x146162150	CALLER	0x14153523A	0x141535230	0x146162150
registry_accessor	0x146162150	CALLER	0x14153554A	0x141535540	0x146162150
registry_accessor	0x146162150	CALLER	0x14153593A	0x141535930	0x146162150
registry_accessor	0x146162150	CALLER	0x1415359EA	0x1415359E0	0x146162150
registry_accessor	0x146162150	CALLER	0x141535B3A	0x141535B30	0x146162150
registry_accessor	0x146162150	CALLER	0x141535C3A	0x141535C30	0x146162150
registry_accessor	0x146162150	CALLER	0x141535F6A	0x141535F60	0x146162150
registry_accessor	0x146162150	CALLER	0x14153610A	0x141536100	0x146162150
registry_accessor	0x146162150	CALLER	0x1415361BA	0x1415361B0	0x146162150
registry_accessor	0x146162150	CALLER	0x14153643A	0x141536430	0x146162150
registry_accessor	0x146162150	CALLER	0x141537B8A	0x141537B80	0x146162150
registry_accessor	0x146162150	CALLER	0x141537D5A	0x141537D50	0x146162150
registry_accessor	0x146162150	CALLER	0x1415380AA	0x1415380A0	0x146162150
registry_accessor	0x146162150	CALLER	0x1415382EA	0x1415382E0	0x146162150
registry_accessor	0x146162150	CALLER	0x14153838A	0x141538380	0x146162150
registry_accessor	0x146162150	CALLER	0x14153842A	0x141538420	0x146162150
registry_accessor	0x146162150	CALLER	0x1415385CA	0x1415385C0	0x146162150
registry_accessor	0x146162150	CALLER	0x1415386BA	0x1415386B0	0x146162150
registry_accessor	0x146162150	CALLER	0x1415387FA	0x1415387F0	0x146162150
registry_accessor	0x146162150	CALLER	0x141538F9A	0x141538F90	0x146162150
registry_accessor	0x146162150	CALLER	0x1415392BA	0x1415392B0	0x146162150
registry_accessor	0x146162150	CALLER	0x141539FEA	0x141539FE0	0x146162150
registry_accessor	0x146162150	CALLER	0x14153A22A	0x14153A220	0x146162150
registry_accessor	0x146162150	CALLER	0x14153A2CA	0x14153A2C0	0x146162150
registry_accessor	0x146162150	CALLER	0x14153A37A	0x14153A370	0x146162150
registry_accessor	0x146162150	CALLER	0x14153A41A	0x14153A410	0x146162150
registry_accessor	0x146162150	CALLER	0x14153A66A	0x14153A660	0x146162150
registry_accessor	0x146162150	CALLER	0x14153A70A	0x14153A700	0x146162150
registry_accessor	0x146162150	CALLER	0x14153AF1A	0x14153AF10	0x146162150
registry_accessor	0x146162150	CALLER	0x14153B09A	0x14153B090	0x146162150
registry_accessor	0x146162150	CALLER	0x14153B60A	0x14153B600	0x146162150
registry_accessor	0x146162150	CALLER	0x14153B6FA	0x14153B6F0	0x146162150
registry_accessor	0x146162150	CALLER	0x14153BA6A	0x14153BA60	0x146162150
registry_accessor	0x146162150	CALLER	0x14153BC0A	0x14153BC00	0x146162150
registry_accessor	0x146162150	CALLER	0x14153BD5A	0x14153BD50	0x146162150
registry_accessor	0x146162150	CALLER	0x14153BEBA	0x14153BEB0	0x146162150
registry_accessor	0x146162150	CALLER	0x14153C34A	0x14153C340	0x146162150
registry_accessor	0x146162150	CALLER	0x14153C80A	0x14153C800	0x146162150
registry_accessor	0x146162150	CALLER	0x14153C8EA	0x14153C8E0	0x146162150
registry_accessor	0x146162150	CALLER	0x14153CBDA	0x14153CBD0	0x146162150
registry_accessor	0x146162150	CALLER	0x14153CECA	0x14153CEC0	0x146162150
registry_accessor	0x146162150	CALLER	0x14153D3AA	0x14153D3A0	0x146162150
registry_accessor	0x146162150	CALLER	0x14153D53A	0x14153D530	0x146162150
registry_accessor	0x146162150	CALLER	0x14153D76A	0x14153D760	0x146162150
registry_accessor	0x146162150	CALLER	0x14153D92A	0x14153D920	0x146162150
registry_accessor	0x146162150	CALLER	0x14153E41A	0x14153E410	0x146162150
registry_accessor	0x146162150	CALLER	0x14153E4DA	0x14153E4D0	0x146162150
registry_accessor	0x146162150	CALLER	0x14153E58A	0x14153E580	0x146162150
registry_accessor	0x146162150	CALLER	0x14153E7EA	0x14153E7E0	0x146162150
registry_accessor	0x146162150	CALLER	0x14153E8DA	0x14153E8D0	0x146162150
registry_accessor	0x146162150	CALLER	0x14153EA1A	0x14153EA10	0x146162150
registry_accessor	0x146162150	CALLER	0x14153EF3A	0x14153EF30	0x146162150
registry_accessor	0x146162150	CALLER	0x14153F4DA	0x14153F4D0	0x146162150
registry_accessor	0x146162150	CALLER	0x14153F6DA	0x14153F6D0	0x146162150
registry_accessor	0x146162150	CALLER	0x14153F86A	0x14153F860	0x146162150
registry_accessor	0x146162150	CALLER	0x14153FF5A	0x14153FF50	0x146162150
registry_accessor	0x146162150	CALLER	0x1415400AA	0x1415400A0	0x146162150
registry_accessor	0x146162150	CALLER	0x14154072A	0x141540720	0x146162150
registry_accessor	0x146162150	CALLER	0x141540A2A	0x141540A20	0x146162150
registry_accessor	0x146162150	CALLER	0x141540B9A	0x141540B90	0x146162150
registry_accessor	0x146162150	CALLER	0x141540C5A	0x141540C50	0x146162150
registry_accessor	0x146162150	CALLER	0x14154112A	0x141541120	0x146162150
registry_accessor	0x146162150	CALLER	0x141541F5A	0x141541F50	0x146162150
registry_accessor	0x146162150	CALLER	0x14154223A	0x141542230	0x146162150
registry_accessor	0x146162150	CALLER	0x141542F7A	0x141542F70	0x146162150
registry_accessor	0x146162150	CALLER	0x14154355A	0x141543550	0x146162150
registry_accessor	0x146162150	CALLER	0x14154367A	0x141543670	0x146162150
registry_accessor	0x146162150	CALLER	0x1415437DA	0x1415437D0	0x146162150
registry_accessor	0x146162150	CALLER	0x14154395A	0x141543950	0x146162150
registry_accessor	0x146162150	CALLER	0x1415446FA	0x1415446F0	0x146162150
registry_accessor	0x146162150	CALLER	0x14154479A	0x141544790	0x146162150
registry_accessor	0x146162150	CALLER	0x1415449DA	0x1415449D0	0x146162150
registry_accessor	0x146162150	CALLER	0x141544FEA	0x141544FE0	0x146162150
registry_accessor	0x146162150	CALLER	0x1415453CA	0x1415453C0	0x146162150
registry_accessor	0x146162150	CALLER	0x14154550A	0x141545500	0x146162150
registry_accessor	0x146162150	CALLER	0x14154577A	0x141545770	0x146162150
registry_accessor	0x146162150	CALLER	0x141545ACA	0x141545AC0	0x146162150
registry_accessor	0x146162150	CALLER	0x141546C5A	0x141546C50	0x146162150
registry_accessor	0x146162150	CALLER	0x141546DCA	0x141546DC0	0x146162150
registry_accessor	0x146162150	CALLER	0x141546EAA	0x141546EA0	0x146162150
registry_accessor	0x146162150	CALLER	0x141546FCA	0x141546FC0	0x146162150
registry_accessor	0x146162150	CALLER	0x14154712A	0x141547120	0x146162150
registry_accessor	0x146162150	CALLER	0x14154738A	0x141547380	0x146162150
registry_accessor	0x146162150	CALLER	0x141547CAA	0x141547CA0	0x146162150
registry_accessor	0x146162150	CALLER	0x141547ECA	0x141547EC0	0x146162150
registry_accessor	0x146162150	CALLER	0x1415485CA	0x1415485C0	0x146162150
registry_accessor	0x146162150	CALLER	0x1415489BA	0x1415489B0	0x146162150
registry_accessor	0x146162150	CALLER	0x141548A4A	0x141548A40	0x146162150
registry_accessor	0x146162150	CALLER	0x141548D0A	0x141548D00	0x146162150
registry_accessor	0x146162150	CALLER	0x1415497BA	0x1415497B0	0x146162150
registry_accessor	0x146162150	CALLER	0x14154989A	0x141549890	0x146162150
registry_accessor	0x146162150	CALLER	0x141549DFA	0x141549DF0	0x146162150
registry_accessor	0x146162150	CALLER	0x14154A7EA	0x14154A7E0	0x146162150
registry_accessor	0x146162150	CALLER	0x14154A87A	0x14154A870	0x146162150
registry_accessor	0x146162150	CALLER	0x14154B99A	0x14154B990	0x146162150
registry_accessor	0x146162150	CALLER	0x142589D0A	0x142589D00	0x146162150
registry_accessor	0x146162150	CALLER	0x142589DBA	0x142589DB0	0x146162150
registry_accessor	0x146162150	CALLER	0x14259E2CA	0x14259E2C0	0x146162150
registry_accessor	0x146162150	CALLER	0x14259E61A	0x14259E610	0x146162150
registry_accessor	0x146162150	CALLER	0x14259E73A	0x14259E730	0x146162150
registry_accessor	0x146162150	CALLER	0x14259EACA	0x14259EAC0	0x146162150
registry_accessor	0x146162150	CALLER	0x14259ECDA	0x14259ECD0	0x146162150
registry_accessor	0x146162150	CALLER	0x14259F2FA	0x14259F2F0	0x146162150
registry_accessor	0x146162150	CALLER	0x1425A1E5A	0x1425A1E50	0x146162150
registry_accessor	0x146162150	CALLER	0x1425A235A	0x1425A2350	0x146162150
registry_accessor	0x146162150	CALLER	0x1425A240A	0x1425A2400	0x146162150
registry_accessor	0x146162150	CALLER	0x1425A3B1A	0x1425A3B10	0x146162150
registry_accessor	0x146162150	CALLER	0x1425A3BCA	0x1425A3BC0	0x146162150
registry_accessor	0x146162150	CALLER	0x1425A3D6A	0x1425A3D60	0x146162150
registry_accessor	0x146162150	CALLER	0x1425A3E1A	0x1425A3E10	0x146162150
registry_accessor	0x146162150	CALLER	0x1425EF19A	0x1425EF190	0x146162150
registry_accessor	0x146162150	CALLER	0x1425EF24A	0x1425EF240	0x146162150
registry_accessor	0x146162150	CALLER	0x1425EF36A	0x1425EF360	0x146162150
registry_accessor	0x146162150	CALLER	0x1425EF58A	0x1425EF580	0x146162150
registry_accessor	0x146162150	CALLER	0x1425EF63A	0x1425EF630	0x146162150
registry_accessor	0x146162150	CALLER	0x1425EFADA	0x1425EFAD0	0x146162150
registry_accessor	0x146162150	CALLER	0x1425EFCAA	0x1425EFCA0	0x146162150
registry_accessor	0x146162150	CALLER	0x1425EFF0A	0x1425EFF00	0x146162150
registry_accessor	0x146162150	CALLER	0x1425EFFBA	0x1425EFFB0	0x146162150
registry_accessor	0x146162150	CALLER	0x1425F006A	0x1425F0060	0x146162150
registry_accessor	0x146162150	CALLER	0x1425F011A	0x1425F0110	0x146162150
registry_accessor	0x146162150	CALLER	0x1425F01CA	0x1425F01C0	0x146162150
registry_accessor	0x146162150	CALLER	0x1425F03AA	0x1425F03A0	0x146162150
registry_accessor	0x146162150	CALLER	0x1425F04EA	0x1425F04E0	0x146162150
registry_accessor	0x146162150	CALLER	0x1425F059A	0x1425F0590	0x146162150
registry_accessor	0x146162150	CALLER	0x1425F064A	0x1425F0640	0x146162150
registry_accessor	0x146162150	CALLER	0x1426B20FA	0x1426B20F0	0x146162150
registry_accessor	0x146162150	CALLER	0x1426B21AA	0x1426B21A0	0x146162150
registry_accessor	0x146162150	CALLER	0x1426B225A	0x1426B2250	0x146162150
registry_accessor	0x146162150	CALLER	0x1426B230A	0x1426B2300	0x146162150
registry_accessor	0x146162150	CALLER	0x1426B259A	0x1426B2590	0x146162150
registry_accessor	0x146162150	CALLER	0x1426B264A	0x1426B2640	0x146162150
registry_accessor	0x146162150	CALLER	0x1426B26FA	0x1426B26F0	0x146162150
registry_accessor	0x146162150	CALLER	0x1426B27AA	0x1426B27A0	0x146162150
registry_accessor	0x146162150	CALLER	0x1426B285A	0x1426B2850	0x146162150
registry_accessor	0x146162150	CALLER	0x1426B290A	0x1426B2900	0x146162150
registry_accessor	0x146162150	CALLER	0x1426B29BA	0x1426B29B0	0x146162150
registry_accessor	0x146162150	CALLER	0x1426D615A	0x1426D6150	0x146162150
registry_accessor	0x146162150	CALLER	0x1426D620A	0x1426D6200	0x146162150
registry_accessor	0x146162150	CALLER	0x1426D67EA	0x1426D67E0	0x146162150
registry_accessor	0x146162150	CALLER	0x1426D690A	0x1426D6900	0x146162150
registry_accessor	0x146162150	CALLER	0x1426FC17A	0x1426FC170	0x146162150
registry_accessor	0x146162150	CALLER	0x1426FC54A	0x1426FC540	0x146162150
registry_accessor	0x146162150	CALLER	0x1426FC74A	0x1426FC740	0x146162150
registry_accessor	0x146162150	CALLER	0x1426FD55A	0x1426FD550	0x146162150
registry_accessor	0x146162150	CALLER	0x1426FF0AA	0x1426FF0A0	0x146162150
registry_accessor	0x146162150	CALLER	0x1426FF15A	0x1426FF150	0x146162150
registry_accessor	0x146162150	CALLER	0x1426FF20A	0x1426FF200	0x146162150
registry_accessor	0x146162150	CALLER	0x1426FF2BA	0x1426FF2B0	0x146162150
registry_accessor	0x146162150	CALLER	0x1426FF36A	0x1426FF360	0x146162150
registry_accessor	0x146162150	CALLER	0x14272360A	0x142723600	0x146162150
registry_accessor	0x146162150	CALLER	0x1427240EA	0x1427240E0	0x146162150
registry_accessor	0x146162150	CALLER	0x14272419A	0x142724190	0x146162150
registry_accessor	0x146162150	CALLER	0x14272433A	0x142724330	0x146162150
registry_accessor	0x146162150	CALLER	0x14274500A	0x142745000	0x146162150
registry_accessor	0x146162150	CALLER	0x1427450BA	0x1427450B0	0x146162150
registry_accessor	0x146162150	CALLER	0x14274516A	0x142745160	0x146162150
registry_accessor	0x146162150	CALLER	0x14274521A	0x142745210	0x146162150
registry_accessor	0x146162150	CALLER	0x1427452CA	0x1427452C0	0x146162150
registry_accessor	0x146162150	CALLER	0x14274549A	0x142745490	0x146162150
registry_accessor	0x146162150	CALLER	0x14274554A	0x142745540	0x146162150
registry_accessor	0x146162150	CALLER	0x1427457AA	0x1427457A0	0x146162150
registry_accessor	0x146162150	CALLER	0x1427458BA	0x1427458B0	0x146162150
registry_accessor	0x146162150	CALLER	0x1427459FA	0x1427459F0	0x146162150
registry_accessor	0x146162150	CALLER	0x142745AAA	0x142745AA0	0x146162150
registry_accessor	0x146162150	CALLER	0x142745B5A	0x142745B50	0x146162150
registry_accessor	0x146162150	CALLER	0x142745C0A	0x142745C00	0x146162150
registry_accessor	0x146162150	CALLER	0x142745CBA	0x142745CB0	0x146162150
registry_accessor	0x146162150	CALLER	0x142745D6A	0x142745D60	0x146162150
registry_accessor	0x146162150	CALLER	0x142745F3A	0x142745F30	0x146162150
registry_accessor	0x146162150	CALLER	0x1427482BA	0x1427482B0	0x146162150
registry_accessor	0x146162150	CALLER	0x1427496AA	0x1427496A0	0x146162150
registry_accessor	0x146162150	CALLER	0x14274A0AA	0x14274A0A0	0x146162150
registry_accessor	0x146162150	CALLER	0x14274AA2A	0x14274AA20	0x146162150
registry_accessor	0x146162150	CALLER	0x1427A803A	0x1427A8030	0x146162150
registry_accessor	0x146162150	CALLER	0x1427C758A	0x1427C7580	0x146162150
registry_accessor	0x146162150	CALLER	0x1427C78EA	0x1427C78E0	0x146162150
registry_accessor	0x146162150	CALLER	0x1427C799A	0x1427C7990	0x146162150
registry_accessor	0x146162150	CALLER	0x1427C7B2A	0x1427C7B20	0x146162150
registry_accessor	0x146162150	CALLER	0x1427C7DEA	0x1427C7DE0	0x146162150
registry_accessor	0x146162150	CALLER	0x1427C84CA	0x1427C84C0	0x146162150
registry_accessor	0x146162150	CALLER	0x1427C88CA	0x1427C88C0	0x146162150
registry_accessor	0x146162150	CALLER	0x1427C8D3A	0x1427C8D30	0x146162150
registry_accessor	0x146162150	CALLER	0x1427C922A	0x1427C9220	0x146162150
registry_accessor	0x146162150	CALLER	0x1427CAEAA	0x1427CAEA0	0x146162150
registry_accessor	0x146162150	CALLER	0x1427D0CBA	0x1427D0CB0	0x146162150
registry_accessor	0x146162150	CALLER	0x1427D0EDA	0x1427D0ED0	0x146162150
registry_accessor	0x146162150	CALLER	0x1427D124A	0x1427D1240	0x146162150
registry_accessor	0x146162150	CALLER	0x1427D162A	0x1427D1620	0x146162150
registry_accessor	0x146162150	CALLER	0x1427D1A0A	0x1427D1A00	0x146162150
registry_accessor	0x146162150	CALLER	0x1427D1ABA	0x1427D1AB0	0x146162150
registry_accessor	0x146162150	CALLER	0x1427D1B6A	0x1427D1B60	0x146162150
registry_accessor	0x146162150	CALLER	0x1427D1C6A	0x1427D1C60	0x146162150
registry_accessor	0x146162150	CALLER	0x1427D1E8A	0x1427D1E80	0x146162150
registry_accessor	0x146162150	CALLER	0x1427D22FA	0x1427D22F0	0x146162150
registry_accessor	0x146162150	CALLER	0x1427D23AA	0x1427D23A0	0x146162150
registry_accessor	0x146162150	CALLER	0x1427D266A	0x1427D2660	0x146162150
registry_accessor	0x146162150	CALLER	0x1427D285A	0x1427D2850	0x146162150
registry_accessor	0x146162150	CALLER	0x1427D2B1A	0x1427D2B10	0x146162150
registry_accessor	0x146162150	CALLER	0x1427D2BCA	0x1427D2BC0	0x146162150
registry_accessor	0x146162150	CALLER	0x1427D2F2A	0x1427D2F20	0x146162150
registry_accessor	0x146162150	CALLER	0x1427D2FDA	0x1427D2FD0	0x146162150
registry_accessor	0x146162150	CALLER	0x1427D313A	0x1427D3130	0x146162150
registry_accessor	0x146162150	CALLER	0x1427D322A	0x1427D3220	0x146162150
registry_accessor	0x146162150	CALLER	0x1427D366A	0x1427D3660	0x146162150
registry_accessor	0x146162150	CALLER	0x1427D372A	0x1427D3720	0x146162150
registry_accessor	0x146162150	CALLER	0x1427D3A0A	0x1427D3A00	0x146162150
registry_accessor	0x146162150	CALLER	0x1427D3B9A	0x1427D3B90	0x146162150
registry_accessor	0x146162150	CALLER	0x1427D3D8A	0x1427D3D80	0x146162150
registry_accessor	0x146162150	CALLER	0x1427D3E3A	0x1427D3E30	0x146162150
registry_accessor	0x146162150	CALLER	0x1427D405A	0x1427D4050	0x146162150
registry_accessor	0x146162150	CALLER	0x142813DFA	0x142813DF0	0x146162150
registry_accessor	0x146162150	CALLER	0x142813EAA	0x142813EA0	0x146162150
registry_accessor	0x146162150	CALLER	0x142813F5A	0x142813F50	0x146162150
registry_accessor	0x146162150	CALLER	0x14281400A	0x142814000	0x146162150
registry_accessor	0x146162150	CALLER	0x1428140CA	0x1428140C0	0x146162150
registry_accessor	0x146162150	CALLER	0x14281417A	0x142814170	0x146162150
registry_accessor	0x146162150	CALLER	0x14281556A	0x142815560	0x146162150
registry_accessor	0x146162150	CALLER	0x14281561A	0x142815610	0x146162150
registry_accessor	0x146162150	CALLER	0x14281A77A	0x14281A770	0x146162150
registry_accessor	0x146162150	CALLER	0x14281A82A	0x14281A820	0x146162150
registry_accessor	0x146162150	CALLER	0x14281AA1A	0x14281AA10	0x146162150
registry_accessor	0x146162150	CALLER	0x14281B40A	0x14281B400	0x146162150
registry_accessor	0x146162150	CALLER	0x14281B50A	0x14281B500	0x146162150
registry_accessor	0x146162150	CALLER	0x14281B95A	0x14281B950	0x146162150
registry_accessor	0x146162150	CALLER	0x14281BA0A	0x14281BA00	0x146162150
registry_accessor	0x146162150	CALLER	0x14281BABA	0x14281BAB0	0x146162150
registry_accessor	0x146162150	CALLER	0x14281F0AA	0x14281F0A0	0x146162150
registry_accessor	0x146162150	CALLER	0x14281F5FA	0x14281F5F0	0x146162150
registry_accessor	0x146162150	CALLER	0x14281F73A	0x14281F730	0x146162150
registry_accessor	0x146162150	CALLER	0x14281F7EA	0x14281F7E0	0x146162150
registry_accessor	0x146162150	CALLER	0x14281FBDA	0x14281FBD0	0x146162150
registry_accessor	0x146162150	CALLER	0x14281FC8A	0x14281FC80	0x146162150
registry_accessor	0x146162150	CALLER	0x14282017A	0x142820170	0x146162150
registry_accessor	0x146162150	CALLER	0x14282025A	0x142820250	0x146162150
registry_accessor	0x146162150	CALLER	0x14282741A	0x142827410	0x146162150
registry_accessor	0x146162150	CALLER	0x1428274CA	0x1428274C0	0x146162150
registry_accessor	0x146162150	CALLER	0x142827B0A	0x142827B00	0x146162150
registry_accessor	0x146162150	CALLER	0x142827BBA	0x142827BB0	0x146162150
registry_accessor	0x146162150	CALLER	0x142827C6A	0x142827C60	0x146162150
registry_accessor	0x146162150	CALLER	0x142827D1A	0x142827D10	0x146162150
registry_accessor	0x146162150	CALLER	0x142827DCA	0x142827DC0	0x146162150
registry_accessor	0x146162150	CALLER	0x14282E98A	0x14282E980	0x146162150
registry_accessor	0x146162150	CALLER	0x14282F55A	0x14282F550	0x146162150
registry_accessor	0x146162150	CALLER	0x14282F60A	0x14282F600	0x146162150
registry_accessor	0x146162150	CALLER	0x14282F6BA	0x14282F6B0	0x146162150
registry_accessor	0x146162150	CALLER	0x14282F76A	0x14282F760	0x146162150
registry_accessor	0x146162150	CALLER	0x14282F81A	0x14282F810	0x146162150
registry_accessor	0x146162150	CALLER	0x14282F8CA	0x14282F8C0	0x146162150
registry_accessor	0x146162150	CALLER	0x1428308DA	0x1428308D0	0x146162150
registry_accessor	0x146162150	CALLER	0x14283869A	0x142838690	0x146162150
registry_accessor	0x146162150	CALLER	0x142838B6A	0x142838B60	0x146162150
registry_accessor	0x146162150	CALLER	0x142838C1A	0x142838C10	0x146162150
registry_accessor	0x146162150	CALLER	0x14283A5EA	0x14283A5E0	0x146162150
registry_accessor	0x146162150	CALLER	0x14283A69A	0x14283A690	0x146162150
registry_accessor	0x146162150	CALLER	0x14283A84A	0x14283A840	0x146162150
registry_accessor	0x146162150	CALLER	0x14283BF5A	0x14283BF50	0x146162150
registry_accessor	0x146162150	CALLER	0x14283C00A	0x14283C000	0x146162150
registry_accessor	0x146162150	CALLER	0x14284502A	0x142845020	0x146162150
registry_accessor	0x146162150	CALLER	0x1428450DA	0x1428450D0	0x146162150
registry_accessor	0x146162150	CALLER	0x14284585A	0x142845850	0x146162150
registry_accessor	0x146162150	CALLER	0x14284590A	0x142845900	0x146162150
registry_accessor	0x146162150	CALLER	0x1428459BA	0x1428459B0	0x146162150
registry_accessor	0x146162150	CALLER	0x1428485DA	0x1428485D0	0x146162150
registry_accessor	0x146162150	CALLER	0x14284868A	0x142848680	0x146162150
registry_accessor	0x146162150	CALLER	0x142849D2A	0x142849D20	0x146162150
registry_accessor	0x146162150	CALLER	0x14284F73A	0x14284F730	0x146162150
registry_accessor	0x146162150	CALLER	0x14284FE9A	0x14284FE90	0x146162150
registry_accessor	0x146162150	CALLER	0x142853E6A	0x142853E60	0x146162150
registry_accessor	0x146162150	CALLER	0x142853F1A	0x142853F10	0x146162150
registry_accessor	0x146162150	CALLER	0x142853FCA	0x142853FC0	0x146162150
registry_accessor	0x146162150	CALLER	0x14285407A	0x142854070	0x146162150
registry_accessor	0x146162150	CALLER	0x14285477A	0x142854770	0x146162150
registry_accessor	0x146162150	CALLER	0x1428551EA	0x1428551E0	0x146162150
registry_accessor	0x146162150	CALLER	0x14285529A	0x142855290	0x146162150
registry_accessor	0x146162150	CALLER	0x14285635A	0x142856350	0x146162150
registry_accessor	0x146162150	CALLER	0x14285640A	0x142856400	0x146162150
registry_accessor	0x146162150	CALLER	0x1428601CA	0x1428601C0	0x146162150
registry_accessor	0x146162150	CALLER	0x14286044A	0x142860440	0x146162150
registry_accessor	0x146162150	CALLER	0x14286058A	0x142860580	0x146162150
registry_accessor	0x146162150	CALLER	0x14286067A	0x142860670	0x146162150
registry_accessor	0x146162150	CALLER	0x14286072A	0x142860720	0x146162150
registry_accessor	0x146162150	CALLER	0x1428607DA	0x1428607D0	0x146162150
registry_accessor	0x146162150	CALLER	0x14286088A	0x142860880	0x146162150
registry_accessor	0x146162150	CALLER	0x14286095A	0x142860950	0x146162150
registry_accessor	0x146162150	CALLER	0x14286BB3A	0x14286BB30	0x146162150
registry_accessor	0x146162150	CALLER	0x14286BBEA	0x14286BBE0	0x146162150
registry_accessor	0x146162150	CALLER	0x14286BC9A	0x14286BC90	0x146162150
registry_accessor	0x146162150	CALLER	0x14286BD4A	0x14286BD40	0x146162150
registry_accessor	0x146162150	CALLER	0x14286BE3A	0x14286BE30	0x146162150
registry_accessor	0x146162150	CALLER	0x14286C34A	0x14286C340	0x146162150
registry_accessor	0x146162150	CALLER	0x14286E68A	0x14286E680	0x146162150
registry_accessor	0x146162150	CALLER	0x14286E94A	0x14286E940	0x146162150
registry_accessor	0x146162150	CALLER	0x14287190A	0x142871900	0x146162150
registry_accessor	0x146162150	CALLER	0x1428750DA	0x1428750D0	0x146162150
registry_accessor	0x146162150	CALLER	0x142878CEA	0x142878CE0	0x146162150
registry_accessor	0x146162150	CALLER	0x142878F9A	0x142878F90	0x146162150
registry_accessor	0x146162150	CALLER	0x14287907A	0x142879070	0x146162150
registry_accessor	0x146162150	CALLER	0x14287912A	0x142879120	0x146162150
registry_accessor	0x146162150	CALLER	0x142879F9A	0x142879F90	0x146162150
registry_accessor	0x146162150	CALLER	0x14287A12A	0x14287A120	0x146162150
registry_accessor	0x146162150	CALLER	0x14288591A	0x142885910	0x146162150
registry_accessor	0x146162150	CALLER	0x1428859CA	0x1428859C0	0x146162150
registry_accessor	0x146162150	CALLER	0x14288639A	0x142886390	0x146162150
registry_accessor	0x146162150	CALLER	0x1428865BA	0x1428865B0	0x146162150
registry_accessor	0x146162150	CALLER	0x14288A0CA	0x14288A0C0	0x146162150
registry_accessor	0x146162150	CALLER	0x14288A24A	0x14288A240	0x146162150
registry_accessor	0x146162150	CALLER	0x14289017A	0x142890170	0x146162150
registry_accessor	0x146162150	CALLER	0x1428902DA	0x1428902D0	0x146162150
registry_accessor	0x146162150	CALLER	0x14289038A	0x142890380	0x146162150
registry_accessor	0x146162150	CALLER	0x14289043A	0x142890430	0x146162150
registry_accessor	0x146162150	CALLER	0x14289267A	0x142892670	0x146162150
registry_accessor	0x146162150	CALLER	0x1428944EA	0x1428944E0	0x146162150
registry_accessor	0x146162150	CALLER	0x1428945BA	0x1428945B0	0x146162150
registry_accessor	0x146162150	CALLER	0x1428A2BDA	0x1428A2BD0	0x146162150
registry_accessor	0x146162150	CALLER	0x1428A2C8A	0x1428A2C80	0x146162150
registry_accessor	0x146162150	CALLER	0x1428A2D8A	0x1428A2D80	0x146162150
registry_accessor	0x146162150	CALLER	0x1428A39DA	0x1428A39D0	0x146162150
registry_accessor	0x146162150	CALLER	0x1428A3D5A	0x1428A3D50	0x146162150
registry_accessor	0x146162150	CALLER	0x1428A3E0A	0x1428A3E00	0x146162150
registry_accessor	0x146162150	CALLER	0x1428A3EBA	0x1428A3EB0	0x146162150
registry_accessor	0x146162150	CALLER	0x1428A3F6A	0x1428A3F60	0x146162150
registry_accessor	0x146162150	CALLER	0x1428B308A	0x1428B3080	0x146162150
registry_accessor	0x146162150	CALLER	0x1428B313A	0x1428B3130	0x146162150
registry_accessor	0x146162150	CALLER	0x1428B31EA	0x1428B31E0	0x146162150
registry_accessor	0x146162150	CALLER	0x1428B525A	0x1428B5250	0x146162150
registry_accessor	0x146162150	CALLER	0x1428B530A	0x1428B5300	0x146162150
registry_accessor	0x146162150	CALLER	0x1428B53BA	0x1428B53B0	0x146162150
registry_accessor	0x146162150	CALLER	0x1428B546A	0x1428B5460	0x146162150
registry_accessor	0x146162150	CALLER	0x1428B551A	0x1428B5510	0x146162150
registry_accessor	0x146162150	CALLER	0x1428B6FFA	0x1428B6FF0	0x146162150
registry_accessor	0x146162150	CALLER	0x1428BC79A	0x1428BC790	0x146162150
registry_accessor	0x146162150	CALLER	0x1428BC84A	0x1428BC840	0x146162150
registry_accessor	0x146162150	CALLER	0x1428BD34A	0x1428BD340	0x146162150
registry_accessor	0x146162150	CALLER	0x1428BDCAA	0x1428BDCA0	0x146162150
registry_accessor	0x146162150	CALLER	0x1428BF5EA	0x1428BF5E0	0x146162150
registry_accessor	0x146162150	CALLER	0x1428BF78A	0x1428BF780	0x146162150
registry_accessor	0x146162150	CALLER	0x1428C53EA	0x1428C53E0	0x146162150
registry_accessor	0x146162150	CALLER	0x1428DA7CA	0x1428DA7C0	0x146162150
registry_accessor	0x146162150	CALLER	0x1428DD43A	0x1428DD430	0x146162150
registry_accessor	0x146162150	CALLER	0x1428E28EA	0x1428E28E0	0x146162150
registry_accessor	0x146162150	CALLER	0x1428E2CDA	0x1428E2CD0	0x146162150
registry_accessor	0x146162150	CALLER	0x1428E2E8A	0x1428E2E80	0x146162150
registry_accessor	0x146162150	CALLER	0x1428E304A	0x1428E3040	0x146162150
registry_accessor	0x146162150	CALLER	0x1428E3A7A	0x1428E3A70	0x146162150
registry_accessor	0x146162150	CALLER	0x1428E3BEA	0x1428E3BE0	0x146162150
registry_accessor	0x146162150	CALLER	0x1428F5DAA	0x1428F5DA0	0x146162150
registry_accessor	0x146162150	CALLER	0x1428F7B0A	0x1428F7B00	0x146162150
registry_accessor	0x146162150	CALLER	0x1428F7BBA	0x1428F7BB0	0x146162150
registry_accessor	0x146162150	CALLER	0x1428F819A	0x1428F8190	0x146162150
registry_accessor	0x146162150	CALLER	0x1428F83BA	0x1428F83B0	0x146162150
registry_accessor	0x146162150	CALLER	0x1428F8D9A	0x1428F8D90	0x146162150
registry_accessor	0x146162150	CALLER	0x1428F8E4A	0x1428F8E40	0x146162150
registry_accessor	0x146162150	CALLER	0x1428F8EFA	0x1428F8EF0	0x146162150
registry_accessor	0x146162150	CALLER	0x14290361A	0x142903610	0x146162150
registry_accessor	0x146162150	CALLER	0x142903E0A	0x142903E00	0x146162150
registry_accessor	0x146162150	CALLER	0x142907D1A	0x142907D10	0x146162150
registry_accessor	0x146162150	CALLER	0x14290801A	0x142908010	0x146162150
registry_accessor	0x146162150	CALLER	0x1429082AA	0x1429082A0	0x146162150
registry_accessor	0x146162150	CALLER	0x142909FFA	0x142909FF0	0x146162150
registry_accessor	0x146162150	CALLER	0x14290A11A	0x14290A110	0x146162150
registry_accessor	0x146162150	CALLER	0x14290A57A	0x14290A570	0x146162150
registry_accessor	0x146162150	CALLER	0x1429193CA	0x1429193C0	0x146162150
registry_accessor	0x146162150	CALLER	0x14291947A	0x142919470	0x146162150
registry_accessor	0x146162150	CALLER	0x14291952A	0x142919520	0x146162150
registry_accessor	0x146162150	CALLER	0x1429195DA	0x1429195D0	0x146162150
registry_accessor	0x146162150	CALLER	0x14291A75A	0x14291A750	0x146162150
registry_accessor	0x146162150	CALLER	0x14291A86A	0x14291A860	0x146162150
registry_accessor	0x146162150	CALLER	0x14291C06A	0x14291C060	0x146162150
registry_accessor	0x146162150	CALLER	0x14291C55A	0x14291C550	0x146162150
registry_accessor	0x146162150	CALLER	0x142920B2A	0x142920B20	0x146162150
registry_accessor	0x146162150	CALLER	0x14292182A	0x142921820	0x146162150
registry_accessor	0x146162150	CALLER	0x1429218DA	0x1429218D0	0x146162150
registry_accessor	0x146162150	CALLER	0x14292198A	0x142921980	0x146162150
registry_accessor	0x146162150	CALLER	0x142921A3A	0x142921A30	0x146162150
registry_accessor	0x146162150	CALLER	0x142921AEA	0x142921AE0	0x146162150
registry_accessor	0x146162150	CALLER	0x1429227EA	0x1429227E0	0x146162150
registry_accessor	0x146162150	CALLER	0x1429281DA	0x1429281D0	0x146162150
registry_accessor	0x146162150	CALLER	0x14292911A	0x142929110	0x146162150
registry_accessor	0x146162150	CALLER	0x14292A1AA	0x14292A1A0	0x146162150
registry_accessor	0x146162150	CALLER	0x14292A64A	0x14292A640	0x146162150
registry_accessor	0x146162150	CALLER	0x14292A6FA	0x14292A6F0	0x146162150
registry_accessor	0x146162150	CALLER	0x14292A7AA	0x14292A7A0	0x146162150
registry_accessor	0x146162150	CALLER	0x14292A85A	0x14292A850	0x146162150
registry_accessor	0x146162150	CALLER	0x14292A90A	0x14292A900	0x146162150
registry_accessor	0x146162150	CALLER	0x14292F3AA	0x14292F3A0	0x146162150
registry_accessor	0x146162150	CALLER	0x14292FE3A	0x14292FE30	0x146162150
registry_accessor	0x146162150	CALLER	0x14293048A	0x142930480	0x146162150
registry_accessor	0x146162150	CALLER	0x14293089A	0x142930890	0x146162150
registry_accessor	0x146162150	CALLER	0x14293098A	0x142930980	0x146162150
registry_accessor	0x146162150	CALLER	0x142930A5A	0x142930A50	0x146162150
registry_accessor	0x146162150	CALLER	0x142930B0A	0x142930B00	0x146162150
registry_accessor	0x146162150	CALLER	0x14293215A	0x142932150	0x146162150
registry_accessor	0x146162150	CALLER	0x14293220A	0x142932200	0x146162150
registry_accessor	0x146162150	CALLER	0x1429322BA	0x1429322B0	0x146162150
registry_accessor	0x146162150	CALLER	0x142936F6A	0x142936F60	0x146162150
registry_accessor	0x146162150	CALLER	0x142937B1A	0x142937B10	0x146162150
registry_accessor	0x146162150	CALLER	0x142938C4A	0x142938C40	0x146162150
registry_accessor	0x146162150	CALLER	0x142938CFA	0x142938CF0	0x146162150
registry_accessor	0x146162150	CALLER	0x142938DAA	0x142938DA0	0x146162150
registry_accessor	0x146162150	CALLER	0x1429395FA	0x1429395F0	0x146162150
registry_accessor	0x146162150	CALLER	0x1429396EA	0x1429396E0	0x146162150
registry_accessor	0x146162150	CALLER	0x142939B6A	0x142939B60	0x146162150
registry_accessor	0x146162150	CALLER	0x14294147A	0x142941470	0x146162150
registry_accessor	0x146162150	CALLER	0x1429415FA	0x1429415F0	0x146162150
registry_accessor	0x146162150	CALLER	0x14294178A	0x142941780	0x146162150
registry_accessor	0x146162150	CALLER	0x14294395A	0x142943950	0x146162150
registry_accessor	0x146162150	CALLER	0x142943B3A	0x142943B30	0x146162150
registry_accessor	0x146162150	CALLER	0x142943BEA	0x142943BE0	0x146162150
registry_accessor	0x146162150	CALLER	0x142943C9A	0x142943C90	0x146162150
registry_accessor	0x146162150	CALLER	0x14294C63A	0x14294C630	0x146162150
registry_accessor	0x146162150	CALLER	0x14294CC4A	0x14294CC40	0x146162150
registry_accessor	0x146162150	CALLER	0x14294D04A	0x14294D040	0x146162150
registry_accessor	0x146162150	CALLER	0x14294D3CA	0x14294D3C0	0x146162150
registry_accessor	0x146162150	CALLER	0x14294D87A	0x14294D870	0x146162150
registry_accessor	0x146162150	CALLER	0x14294DBFA	0x14294DBF0	0x146162150
registry_accessor	0x146162150	CALLER	0x14294E10A	0x14294E100	0x146162150
registry_accessor	0x146162150	CALLER	0x14294E42A	0x14294E420	0x146162150
registry_accessor	0x146162150	CALLER	0x14294E6CA	0x14294E6C0	0x146162150
registry_accessor	0x146162150	CALLER	0x14294E85A	0x14294E850	0x146162150
registry_accessor	0x146162150	CALLER	0x14294EDCA	0x14294EDC0	0x146162150
registry_accessor	0x146162150	CALLER	0x14294EE7A	0x14294EE70	0x146162150
registry_accessor	0x146162150	CALLER	0x14294F01A	0x14294F010	0x146162150
registry_accessor	0x146162150	CALLER	0x14294F0CA	0x14294F0C0	0x146162150
registry_accessor	0x146162150	CALLER	0x14294F20A	0x14294F200	0x146162150
registry_accessor	0x146162150	CALLER	0x14294F3AA	0x14294F3A0	0x146162150
registry_accessor	0x146162150	CALLER	0x14294F4DA	0x14294F4D0	0x146162150
registry_accessor	0x146162150	CALLER	0x1429502AA	0x1429502A0	0x146162150
registry_accessor	0x146162150	CALLER	0x142950BDA	0x142950BD0	0x146162150
registry_accessor	0x146162150	CALLER	0x142950FAA	0x142950FA0	0x146162150
registry_accessor	0x146162150	CALLER	0x14295163A	0x142951630	0x146162150
registry_accessor	0x146162150	CALLER	0x14295183A	0x142951830	0x146162150
registry_accessor	0x146162150	CALLER	0x1429518EA	0x1429518E0	0x146162150
registry_accessor	0x146162150	CALLER	0x142951ADA	0x142951AD0	0x146162150
registry_accessor	0x146162150	CALLER	0x142951B8A	0x142951B80	0x146162150
registry_accessor	0x146162150	CALLER	0x142951C3A	0x142951C30	0x146162150
registry_accessor	0x146162150	CALLER	0x142951CEA	0x142951CE0	0x146162150
registry_accessor	0x146162150	CALLER	0x1429520AA	0x1429520A0	0x146162150
registry_accessor	0x146162150	CALLER	0x1429521DA	0x1429521D0	0x146162150
registry_accessor	0x146162150	CALLER	0x14295289A	0x142952890	0x146162150
registry_accessor	0x146162150	CALLER	0x1429529CA	0x1429529C0	0x146162150
registry_accessor	0x146162150	CALLER	0x142952C1A	0x142952C10	0x146162150
registry_accessor	0x146162150	CALLER	0x142952CCA	0x142952CC0	0x146162150
registry_accessor	0x146162150	CALLER	0x142952D7A	0x142952D70	0x146162150
registry_accessor	0x146162150	CALLER	0x142952F8A	0x142952F80	0x146162150
registry_accessor	0x146162150	CALLER	0x14295307A	0x142953070	0x146162150
registry_accessor	0x146162150	CALLER	0x1429531EA	0x1429531E0	0x146162150
registry_accessor	0x146162150	CALLER	0x1429538CA	0x1429538C0	0x146162150
registry_accessor	0x146162150	CALLER	0x142953F0A	0x142953F00	0x146162150
registry_accessor	0x146162150	CALLER	0x14295436A	0x142954360	0x146162150
registry_accessor	0x146162150	CALLER	0x1429547BA	0x1429547B0	0x146162150
registry_accessor	0x146162150	CALLER	0x142954A5A	0x142954A50	0x146162150
registry_accessor	0x146162150	CALLER	0x142956C1A	0x142956C10	0x146162150
registry_accessor	0x146162150	CALLER	0x14295700A	0x142957000	0x146162150
registry_accessor	0x146162150	CALLER	0x142957B8A	0x142957B80	0x146162150
registry_accessor	0x146162150	CALLER	0x14295817A	0x142958170	0x146162150
registry_accessor	0x146162150	CALLER	0x14295839A	0x142958390	0x146162150
registry_accessor	0x146162150	CALLER	0x14295886A	0x142958860	0x146162150
registry_accessor	0x146162150	CALLER	0x142958FCA	0x142958FC0	0x146162150
registry_accessor	0x146162150	CALLER	0x14295923A	0x142959230	0x146162150
registry_accessor	0x146162150	CALLER	0x14295947A	0x142959470	0x146162150
registry_accessor	0x146162150	CALLER	0x142959B5A	0x142959B50	0x146162150
registry_accessor	0x146162150	CALLER	0x142959DEA	0x142959DE0	0x146162150
registry_accessor	0x146162150	CALLER	0x1429711CA	0x1429711C0	0x146162150
registry_accessor	0x146162150	CALLER	0x14297271A	0x142972710	0x146162150
registry_accessor	0x146162150	CALLER	0x14299F44A	0x14299F440	0x146162150
registry_accessor	0x146162150	CALLER	0x14299F4FA	0x14299F4F0	0x146162150
registry_accessor	0x146162150	CALLER	0x14299F5AA	0x14299F5A0	0x146162150
registry_accessor	0x146162150	CALLER	0x1429B3D3A	0x1429B3D30	0x146162150
registry_accessor	0x146162150	CALLER	0x1429B3DEA	0x1429B3DE0	0x146162150
registry_accessor	0x146162150	CALLER	0x1429BF83A	0x1429BF830	0x146162150
registry_accessor	0x146162150	CALLER	0x1429C0D1A	0x1429C0D10	0x146162150
registry_accessor	0x146162150	CALLER	0x1429C140A	0x1429C1400	0x146162150
registry_accessor	0x146162150	CALLER	0x1429C170A	0x1429C1700	0x146162150
registry_accessor	0x146162150	CALLER	0x1429C18AA	0x1429C18A0	0x146162150
registry_accessor	0x146162150	CALLER	0x1429C1C8A	0x1429C1C80	0x146162150
registry_accessor	0x146162150	CALLER	0x1429C1E2A	0x1429C1E20	0x146162150
registry_accessor	0x146162150	CALLER	0x1429C1FCA	0x1429C1FC0	0x146162150
registry_accessor	0x146162150	CALLER	0x142A14A2A	0x142A14A20	0x146162150
registry_accessor	0x146162150	CALLER	0x142A32B3A	0x142A32B30	0x146162150
registry_accessor	0x146162150	CALLER	0x142A553CA	0x142A553C0	0x146162150
registry_accessor	0x146162150	CALLER	0x142A5641A	0x142A56410	0x146162150
registry_accessor	0x146162150	CALLER	0x142CA95DA	0x142CA95D0	0x146162150
registry_accessor	0x146162150	CALLER	0x142CA977A	0x142CA9770	0x146162150
registry_accessor	0x146162150	CALLER	0x142CD039A	0x142CD0390	0x146162150
registry_accessor	0x146162150	CALLER	0x142CD044A	0x142CD0440	0x146162150
registry_accessor	0x146162150	CALLER	0x142CD070A	0x142CD0700	0x146162150
registry_accessor	0x146162150	CALLER	0x142CD07BA	0x142CD07B0	0x146162150
registry_accessor	0x146162150	CALLER	0x142CD0B5A	0x142CD0B50	0x146162150
registry_accessor	0x146162150	CALLER	0x142CD0DBA	0x142CD0DB0	0x146162150
registry_accessor	0x146162150	CALLER	0x142CD0E6A	0x142CD0E60	0x146162150
registry_accessor	0x146162150	CALLER	0x142CD132A	0x142CD1320	0x146162150
registry_accessor	0x146162150	CALLER	0x142CD164A	0x142CD1640	0x146162150
registry_accessor	0x146162150	CALLER	0x142CD17EA	0x142CD17E0	0x146162150
registry_accessor	0x146162150	CALLER	0x142CD19FA	0x142CD19F0	0x146162150
registry_accessor	0x146162150	CALLER	0x142CD1F2A	0x142CD1F20	0x146162150
registry_accessor	0x146162150	CALLER	0x142CD590A	0x142CD5900	0x146162150
registry_accessor	0x146162150	CALLER	0x142CD726A	0x142CD7260	0x146162150
registry_accessor	0x146162150	CALLER	0x142CD756A	0x142CD7560	0x146162150
registry_accessor	0x146162150	CALLER	0x142CD77EA	0x142CD77E0	0x146162150
registry_accessor	0x146162150	CALLER	0x142CD7D0A	0x142CD7D00	0x146162150
registry_accessor	0x146162150	CALLER	0x142CD7F9A	0x142CD7F90	0x146162150
registry_accessor	0x146162150	CALLER	0x142CD822A	0x142CD8220	0x146162150
registry_accessor	0x146162150	CALLER	0x142CD82DA	0x142CD82D0	0x146162150
registry_accessor	0x146162150	CALLER	0x142CD848A	0x142CD8480	0x146162150
registry_accessor	0x146162150	CALLER	0x142CD853A	0x142CD8530	0x146162150
registry_accessor	0x146162150	CALLER	0x142CD86DA	0x142CD86D0	0x146162150
registry_accessor	0x146162150	CALLER	0x142CD878A	0x142CD8780	0x146162150
registry_accessor	0x146162150	CALLER	0x142D2438A	0x142D24380	0x146162150
registry_accessor	0x146162150	CALLER	0x142D248DA	0x142D248D0	0x146162150
registry_accessor	0x146162150	CALLER	0x142D2498A	0x142D24980	0x146162150
registry_accessor	0x146162150	CALLER	0x142D24A3A	0x142D24A30	0x146162150
registry_accessor	0x146162150	CALLER	0x142D24AEA	0x142D24AE0	0x146162150
registry_accessor	0x146162150	CALLER	0x142D24CDA	0x142D24CD0	0x146162150
registry_accessor	0x146162150	CALLER	0x142D26B3A	0x142D26B30	0x146162150
registry_accessor	0x146162150	CALLER	0x142D26C2A	0x142D26C20	0x146162150
registry_accessor	0x146162150	CALLER	0x142D4DF4A	0x142D4DF40	0x146162150
registry_accessor	0x146162150	CALLER	0x142D4E25A	0x142D4E250	0x146162150
registry_accessor	0x146162150	CALLER	0x142D5285A	0x142D52850	0x146162150
registry_accessor	0x146162150	CALLER	0x142D52AFA	0x142D52AF0	0x146162150
registry_accessor	0x146162150	CALLER	0x142D52BAA	0x142D52BA0	0x146162150
registry_accessor	0x146162150	CALLER	0x142D52C5A	0x142D52C50	0x146162150
registry_accessor	0x146162150	CALLER	0x142D52D0A	0x142D52D00	0x146162150
registry_accessor	0x146162150	CALLER	0x142D52DBA	0x142D52DB0	0x146162150
registry_accessor	0x146162150	CALLER	0x142D5307A	0x142D53070	0x146162150
registry_accessor	0x146162150	CALLER	0x142D5315A	0x142D53150	0x146162150
registry_accessor	0x146162150	CALLER	0x142D5320A	0x142D53200	0x146162150
registry_accessor	0x146162150	CALLER	0x142D5345A	0x142D53450	0x146162150
registry_accessor	0x146162150	CALLER	0x142D537EA	0x142D537E0	0x146162150
registry_accessor	0x146162150	CALLER	0x142D53E5A	0x142D53E50	0x146162150
registry_accessor	0x146162150	CALLER	0x142D53FFA	0x142D53FF0	0x146162150
registry_accessor	0x146162150	CALLER	0x142D54FDA	0x142D54FD0	0x146162150
registry_accessor	0x146162150	CALLER	0x142D5515A	0x142D55150	0x146162150
registry_accessor	0x146162150	CALLER	0x142D5556A	0x142D55560	0x146162150
registry_accessor	0x146162150	CALLER	0x142D559AA	0x142D559A0	0x146162150
registry_accessor	0x146162150	CALLER	0x142D55A5A	0x142D55A50	0x146162150
registry_accessor	0x146162150	CALLER	0x142D9C11A	0x142D9C110	0x146162150
registry_accessor	0x146162150	CALLER	0x142D9C57A	0x142D9C570	0x146162150
registry_accessor	0x146162150	CALLER	0x142D9CABA	0x142D9CAB0	0x146162150
registry_accessor	0x146162150	CALLER	0x142D9CDDA	0x142D9CDD0	0x146162150
registry_accessor	0x146162150	CALLER	0x142D9CF4A	0x142D9CF40	0x146162150
registry_accessor	0x146162150	CALLER	0x142D9D38A	0x142D9D380	0x146162150
registry_accessor	0x146162150	CALLER	0x142D9D58A	0x142D9D580	0x146162150
registry_accessor	0x146162150	CALLER	0x142D9D92A	0x142D9D920	0x146162150
registry_accessor	0x146162150	CALLER	0x142D9DAFA	0x142D9DAF0	0x146162150
registry_accessor	0x146162150	CALLER	0x142D9DC9A	0x142D9DC90	0x146162150
registry_accessor	0x146162150	CALLER	0x142D9DE2A	0x142D9DE20	0x146162150
registry_accessor	0x146162150	CALLER	0x142D9DFCA	0x142D9DFC0	0x146162150
registry_accessor	0x146162150	CALLER	0x142D9E34A	0x142D9E340	0x146162150
registry_accessor	0x146162150	CALLER	0x142D9E4DA	0x142D9E4D0	0x146162150
registry_accessor	0x146162150	CALLER	0x142D9E5AA	0x142D9E5A0	0x146162150
registry_accessor	0x146162150	CALLER	0x142D9E98A	0x142D9E980	0x146162150
registry_accessor	0x146162150	CALLER	0x142D9F15A	0x142D9F150	0x146162150
registry_accessor	0x146162150	CALLER	0x142D9F33A	0x142D9F330	0x146162150
registry_accessor	0x146162150	CALLER	0x142D9F4AA	0x142D9F4A0	0x146162150
registry_accessor	0x146162150	CALLER	0x142D9F6BA	0x142D9F6B0	0x146162150
registry_accessor	0x146162150	CALLER	0x142D9FC9A	0x142D9FC90	0x146162150
registry_accessor	0x146162150	CALLER	0x142DA021A	0x142DA0210	0x146162150
registry_accessor	0x146162150	CALLER	0x142DA05DA	0x142DA05D0	0x146162150
registry_accessor	0x146162150	CALLER	0x142DA09BA	0x142DA09B0	0x146162150
registry_accessor	0x146162150	CALLER	0x142DA0B2A	0x142DA0B20	0x146162150
registry_accessor	0x146162150	CALLER	0x142DA0BDA	0x142DA0BD0	0x146162150
registry_accessor	0x146162150	CALLER	0x142DA0E5A	0x142DA0E50	0x146162150
registry_accessor	0x146162150	CALLER	0x142DA144A	0x142DA1440	0x146162150
registry_accessor	0x146162150	CALLER	0x142DA17FA	0x142DA17F0	0x146162150
registry_accessor	0x146162150	CALLER	0x142DA18AA	0x142DA18A0	0x146162150
registry_accessor	0x146162150	CALLER	0x142DA1B3A	0x142DA1B30	0x146162150
registry_accessor	0x146162150	CALLER	0x142DA208A	0x142DA2080	0x146162150
registry_accessor	0x146162150	CALLER	0x142DA23AA	0x142DA23A0	0x146162150
registry_accessor	0x146162150	CALLER	0x142DA2A8A	0x142DA2A80	0x146162150
registry_accessor	0x146162150	CALLER	0x142DA2DDA	0x142DA2DD0	0x146162150
registry_accessor	0x146162150	CALLER	0x142DA31FA	0x142DA31F0	0x146162150
registry_accessor	0x146162150	CALLER	0x142DA341A	0x142DA3410	0x146162150
registry_accessor	0x146162150	CALLER	0x142DA37CA	0x142DA37C0	0x146162150
registry_accessor	0x146162150	CALLER	0x142DA3CEA	0x142DA3CE0	0x146162150
registry_accessor	0x146162150	CALLER	0x142DEFA1A	0x142DEFA10	0x146162150
registry_accessor	0x146162150	CALLER	0x142DEFAFA	0x142DEFAF0	0x146162150
registry_accessor	0x146162150	CALLER	0x142DEFD8A	0x142DEFD80	0x146162150
registry_accessor	0x146162150	CALLER	0x142DEFF2A	0x142DEFF20	0x146162150
registry_accessor	0x146162150	CALLER	0x142DEFFDA	0x142DEFFD0	0x146162150
registry_accessor	0x146162150	CALLER	0x142DF017A	0x142DF0170	0x146162150
registry_accessor	0x146162150	CALLER	0x142DF029A	0x142DF0290	0x146162150
registry_accessor	0x146162150	CALLER	0x142DF15EA	0x142DF15E0	0x146162150
registry_accessor	0x146162150	CALLER	0x142DF169A	0x142DF1690	0x146162150
registry_accessor	0x146162150	CALLER	0x142DF187A	0x142DF1870	0x146162150
registry_accessor	0x146162150	CALLER	0x142DF192A	0x142DF1920	0x146162150
registry_accessor	0x146162150	CALLER	0x142DF19DA	0x142DF19D0	0x146162150
registry_accessor	0x146162150	CALLER	0x142DF1A8A	0x142DF1A80	0x146162150
registry_accessor	0x146162150	CALLER	0x142DF1C5A	0x142DF1C50	0x146162150
registry_accessor	0x146162150	CALLER	0x142DF223A	0x142DF2230	0x146162150
registry_accessor	0x146162150	CALLER	0x142DF23DA	0x142DF23D0	0x146162150
registry_accessor	0x146162150	CALLER	0x142DF248A	0x142DF2480	0x146162150
registry_accessor	0x146162150	CALLER	0x142DF253A	0x142DF2530	0x146162150
registry_accessor	0x146162150	CALLER	0x142DF25EA	0x142DF25E0	0x146162150
registry_accessor	0x146162150	CALLER	0x142DF286A	0x142DF2860	0x146162150
registry_accessor	0x146162150	CALLER	0x142DF2D0A	0x142DF2D00	0x146162150
registry_accessor	0x146162150	CALLER	0x142DF2DBA	0x142DF2DB0	0x146162150
registry_accessor	0x146162150	CALLER	0x142DF456A	0x142DF4560	0x146162150
registry_accessor	0x146162150	CALLER	0x142DF6B7A	0x142DF6B70	0x146162150
registry_accessor	0x146162150	CALLER	0x142E7230A	0x142E72300	0x146162150
registry_accessor	0x146162150	CALLER	0x142E723BA	0x142E723B0	0x146162150
registry_accessor	0x146162150	CALLER	0x142E8D46A	0x142E8D460	0x146162150
registry_accessor	0x146162150	CALLER	0x142E8D66A	0x142E8D660	0x146162150
registry_accessor	0x146162150	CALLER	0x142E8D71A	0x142E8D710	0x146162150
registry_accessor	0x146162150	CALLER	0x142E8D81A	0x142E8D810	0x146162150
registry_accessor	0x146162150	CALLER	0x142E8DA3A	0x142E8DA30	0x146162150
registry_accessor	0x146162150	CALLER	0x142E8DBDA	0x142E8DBD0	0x146162150
registry_accessor	0x146162150	CALLER	0x142E8DC8A	0x142E8DC80	0x146162150
registry_accessor	0x146162150	CALLER	0x142E8DD3A	0x142E8DD30	0x146162150
registry_accessor	0x146162150	CALLER	0x142E8DF8A	0x142E8DF80	0x146162150
registry_accessor	0x146162150	CALLER	0x142E8E62A	0x142E8E620	0x146162150
registry_accessor	0x146162150	CALLER	0x142EC576A	0x142EC5760	0x146162150
registry_accessor	0x146162150	CALLER	0x142EC581A	0x142EC5810	0x146162150
registry_accessor	0x146162150	CALLER	0x142EC58CA	0x142EC58C0	0x146162150
registry_accessor	0x146162150	CALLER	0x142EC5CFA	0x142EC5CF0	0x146162150
registry_accessor	0x146162150	CALLER	0x142EC5DAA	0x142EC5DA0	0x146162150
registry_accessor	0x146162150	CALLER	0x142EC5F4A	0x142EC5F40	0x146162150
registry_accessor	0x146162150	CALLER	0x142EC616A	0x142EC6160	0x146162150
registry_accessor	0x146162150	CALLER	0x142EC621A	0x142EC6210	0x146162150
registry_accessor	0x146162150	CALLER	0x142F1398A	0x142F13980	0x146162150
registry_accessor	0x146162150	CALLER	0x142F13B7A	0x142F13B70	0x146162150
registry_accessor	0x146162150	CALLER	0x142F13D9A	0x142F13D90	0x146162150
registry_accessor	0x146162150	CALLER	0x142F13E4A	0x142F13E40	0x146162150
registry_accessor	0x146162150	CALLER	0x142F140BA	0x142F140B0	0x146162150
registry_accessor	0x146162150	CALLER	0x142F15C0A	0x142F15C00	0x146162150
registry_accessor	0x146162150	CALLER	0x142F15D8A	0x142F15D80	0x146162150
registry_accessor	0x146162150	CALLER	0x142F189BA	0x142F189B0	0x146162150
registry_accessor	0x146162150	CALLER	0x142F18A6A	0x142F18A60	0x146162150
registry_accessor	0x146162150	CALLER	0x142F1A6BA	0x142F1A6B0	0x146162150
registry_accessor	0x146162150	CALLER	0x142F1A90A	0x142F1A900	0x146162150
registry_accessor	0x146162150	CALLER	0x142F1AA4A	0x142F1AA40	0x146162150
registry_accessor	0x146162150	CALLER	0x142F1AAFA	0x142F1AAF0	0x146162150
registry_accessor	0x146162150	CALLER	0x142F1AC7A	0x142F1AC70	0x146162150
registry_accessor	0x146162150	CALLER	0x142F1B00A	0x142F1B000	0x146162150
registry_accessor	0x146162150	CALLER	0x142F1B0BA	0x142F1B0B0	0x146162150
registry_accessor	0x146162150	CALLER	0x142F1B5EA	0x142F1B5E0	0x146162150
registry_accessor	0x146162150	CALLER	0x142F1B7EA	0x142F1B7E0	0x146162150
registry_accessor	0x146162150	CALLER	0x142F1B8AA	0x142F1B8A0	0x146162150
registry_accessor	0x146162150	CALLER	0x142F1BA5A	0x142F1BA50	0x146162150
registry_accessor	0x146162150	CALLER	0x142F1BC2A	0x142F1BC20	0x146162150
registry_accessor	0x146162150	CALLER	0x142F1BF3A	0x142F1BF30	0x146162150
registry_accessor	0x146162150	CALLER	0x142F1BFEA	0x142F1BFE0	0x146162150
registry_accessor	0x146162150	CALLER	0x142F1C43A	0x142F1C430	0x146162150
registry_accessor	0x146162150	CALLER	0x142F448BA	0x142F448B0	0x146162150
registry_accessor	0x146162150	CALLER	0x142F44B3A	0x142F44B30	0x146162150
registry_accessor	0x146162150	CALLER	0x142F4556A	0x142F45560	0x146162150
registry_accessor	0x146162150	CALLER	0x142F4773A	0x142F47730	0x146162150
registry_accessor	0x146162150	CALLER	0x142F477EA	0x142F477E0	0x146162150
registry_accessor	0x146162150	CALLER	0x142F4789A	0x142F47890	0x146162150
registry_accessor	0x146162150	CALLER	0x142F4794A	0x142F47940	0x146162150
registry_accessor	0x146162150	CALLER	0x142F5DC4A	0x142F5DC40	0x146162150
registry_accessor	0x146162150	CALLER	0x142F5E30A	0x142F5E300	0x146162150
registry_accessor	0x146162150	CALLER	0x142F5F42A	0x142F5F420	0x146162150
registry_accessor	0x146162150	CALLER	0x142F602DA	0x142F602D0	0x146162150
registry_accessor	0x146162150	CALLER	0x142F6081A	0x142F60810	0x146162150
registry_accessor	0x146162150	CALLER	0x142FA627A	0x142FA6270	0x146162150
registry_accessor	0x146162150	CALLER	0x142FA632A	0x142FA6320	0x146162150
registry_accessor	0x146162150	CALLER	0x142FA63DA	0x142FA63D0	0x146162150
registry_accessor	0x146162150	CALLER	0x142FA6ADA	0x142FA6AD0	0x146162150
registry_accessor	0x146162150	CALLER	0x142FA6CBA	0x142FA6CB0	0x146162150
registry_accessor	0x146162150	CALLER	0x142FA7DCA	0x142FA7DC0	0x146162150
registry_accessor	0x146162150	CALLER	0x14301351A	0x143013510	0x146162150
registry_accessor	0x146162150	CALLER	0x14301382A	0x143013820	0x146162150
registry_accessor	0x146162150	CALLER	0x143013ABA	0x143013AB0	0x146162150
registry_accessor	0x146162150	CALLER	0x143013C5A	0x143013C50	0x146162150
registry_accessor	0x146162150	CALLER	0x14301502A	0x143015020	0x146162150
registry_accessor	0x146162150	CALLER	0x14301531A	0x143015310	0x146162150
registry_accessor	0x146162150	CALLER	0x143015BFA	0x143015BF0	0x146162150
registry_accessor	0x146162150	CALLER	0x143015F0A	0x143015F00	0x146162150
registry_accessor	0x146162150	CALLER	0x1430161EA	0x1430161E0	0x146162150
registry_accessor	0x146162150	CALLER	0x14301629A	0x143016290	0x146162150
registry_accessor	0x146162150	CALLER	0x14301643A	0x143016430	0x146162150
registry_accessor	0x146162150	CALLER	0x14301653A	0x143016530	0x146162150
registry_accessor	0x146162150	CALLER	0x14301687A	0x143016870	0x146162150
registry_accessor	0x146162150	CALLER	0x143016B8A	0x143016B80	0x146162150
registry_accessor	0x146162150	CALLER	0x14301719A	0x143017190	0x146162150
registry_accessor	0x146162150	CALLER	0x14301736A	0x143017360	0x146162150
registry_accessor	0x146162150	CALLER	0x14301770A	0x143017700	0x146162150
registry_accessor	0x146162150	CALLER	0x143017B9A	0x143017B90	0x146162150
registry_accessor	0x146162150	CALLER	0x143017D3A	0x143017D30	0x146162150
registry_accessor	0x146162150	CALLER	0x143017EEA	0x143017EE0	0x146162150
registry_accessor	0x146162150	CALLER	0x14301809A	0x143018090	0x146162150
registry_accessor	0x146162150	CALLER	0x1430183AA	0x1430183A0	0x146162150
registry_accessor	0x146162150	CALLER	0x14301861A	0x143018610	0x146162150
registry_accessor	0x146162150	CALLER	0x1430186CA	0x1430186C0	0x146162150
registry_accessor	0x146162150	CALLER	0x14301884A	0x143018840	0x146162150
registry_accessor	0x146162150	CALLER	0x143018A6A	0x143018A60	0x146162150
registry_accessor	0x146162150	CALLER	0x143018F9A	0x143018F90	0x146162150
registry_accessor	0x146162150	CALLER	0x14301922A	0x143019220	0x146162150
registry_accessor	0x146162150	CALLER	0x14301944A	0x143019440	0x146162150
registry_accessor	0x146162150	CALLER	0x1430194FA	0x1430194F0	0x146162150
registry_accessor	0x146162150	CALLER	0x14301968A	0x143019680	0x146162150
registry_accessor	0x146162150	CALLER	0x14301982A	0x143019820	0x146162150
registry_accessor	0x146162150	CALLER	0x143054C1A	0x143054C10	0x146162150
registry_accessor	0x146162150	CALLER	0x143055C4A	0x143055C40	0x146162150
registry_accessor	0x146162150	CALLER	0x1430561BA	0x1430561B0	0x146162150
registry_accessor	0x146162150	CALLER	0x14305626A	0x143056260	0x146162150
registry_accessor	0x146162150	CALLER	0x14307DB6A	0x14307DB60	0x146162150
registry_accessor	0x146162150	CALLER	0x14307E05A	0x14307E050	0x146162150
registry_accessor	0x146162150	CALLER	0x14307E31A	0x14307E310	0x146162150
registry_accessor	0x146162150	CALLER	0x14307E49A	0x14307E490	0x146162150
registry_accessor	0x146162150	CALLER	0x14307E78A	0x14307E780	0x146162150
registry_accessor	0x146162150	CALLER	0x14307E83A	0x14307E830	0x146162150
registry_accessor	0x146162150	CALLER	0x14307E8EA	0x14307E8E0	0x146162150
registry_accessor	0x146162150	CALLER	0x14307E99A	0x14307E990	0x146162150
registry_accessor	0x146162150	CALLER	0x14309688A	0x143096880	0x146162150
registry_accessor	0x146162150	CALLER	0x14309693A	0x143096930	0x146162150
registry_accessor	0x146162150	CALLER	0x143096BAA	0x143096BA0	0x146162150
registry_accessor	0x146162150	CALLER	0x143097BBA	0x143097BB0	0x146162150
registry_accessor	0x146162150	CALLER	0x143097C6A	0x143097C60	0x146162150
registry_accessor	0x146162150	CALLER	0x143097E0A	0x143097E00	0x146162150
registry_accessor	0x146162150	CALLER	0x143097EBA	0x143097EB0	0x146162150
registry_accessor	0x146162150	CALLER	0x143097F6A	0x143097F60	0x146162150
registry_accessor	0x146162150	CALLER	0x14309806A	0x143098060	0x146162150
registry_accessor	0x146162150	CALLER	0x14309828A	0x143098280	0x146162150
registry_accessor	0x146162150	CALLER	0x14309847A	0x143098470	0x146162150
registry_accessor	0x146162150	CALLER	0x14309865A	0x143098650	0x146162150
registry_accessor	0x146162150	CALLER	0x14309870A	0x143098700	0x146162150
registry_accessor	0x146162150	CALLER	0x1430987BA	0x1430987B0	0x146162150
registry_accessor	0x146162150	CALLER	0x14309896A	0x143098960	0x146162150
registry_accessor	0x146162150	CALLER	0x143098AEA	0x143098AE0	0x146162150
registry_accessor	0x146162150	CALLER	0x143098D5A	0x143098D50	0x146162150
registry_accessor	0x146162150	CALLER	0x143098E0A	0x143098E00	0x146162150
registry_accessor	0x146162150	CALLER	0x14309909A	0x143099090	0x146162150
registry_accessor	0x146162150	CALLER	0x1430C72DA	0x1430C72D0	0x146162150
registry_accessor	0x146162150	CALLER	0x1430C798A	0x1430C7980	0x146162150
registry_accessor	0x146162150	CALLER	0x1430C925A	0x1430C9250	0x146162150
registry_accessor	0x146162150	CALLER	0x1430C93FA	0x1430C93F0	0x146162150
registry_accessor	0x146162150	CALLER	0x1430C94AA	0x1430C94A0	0x146162150
registry_accessor	0x146162150	CALLER	0x1430C955A	0x1430C9550	0x146162150
registry_accessor	0x146162150	CALLER	0x1430C960A	0x1430C9600	0x146162150
registry_accessor	0x146162150	CALLER	0x1430C96BA	0x1430C96B0	0x146162150
registry_accessor	0x146162150	CALLER	0x1430C976A	0x1430C9760	0x146162150
registry_accessor	0x146162150	CALLER	0x1430C99DA	0x1430C99D0	0x146162150
registry_accessor	0x146162150	CALLER	0x1430C9A8A	0x1430C9A80	0x146162150
registry_accessor	0x146162150	CALLER	0x1430C9B3A	0x1430C9B30	0x146162150
registry_accessor	0x146162150	CALLER	0x1430C9DEA	0x1430C9DE0	0x146162150
registry_accessor	0x146162150	CALLER	0x1430CA00A	0x1430CA000	0x146162150
registry_accessor	0x146162150	CALLER	0x1430CA0BA	0x1430CA0B0	0x146162150
registry_accessor	0x146162150	CALLER	0x1430CA30A	0x1430CA300	0x146162150
registry_accessor	0x146162150	CALLER	0x1430CA44A	0x1430CA440	0x146162150
registry_accessor	0x146162150	CALLER	0x1430CA75A	0x1430CA750	0x146162150
registry_accessor	0x146162150	CALLER	0x14310053A	0x143100530	0x146162150
registry_accessor	0x146162150	CALLER	0x1431028FA	0x1431028F0	0x146162150
registry_accessor	0x146162150	CALLER	0x14312220A	0x143122200	0x146162150
registry_accessor	0x146162150	CALLER	0x14312269A	0x143122690	0x146162150
registry_accessor	0x146162150	CALLER	0x14312274A	0x143122740	0x146162150
registry_accessor	0x146162150	CALLER	0x1431227FA	0x1431227F0	0x146162150
registry_accessor	0x146162150	CALLER	0x1431228AA	0x1431228A0	0x146162150
registry_accessor	0x146162150	CALLER	0x14312295A	0x143122950	0x146162150
registry_accessor	0x146162150	CALLER	0x143122A1A	0x143122A10	0x146162150
registry_accessor	0x146162150	CALLER	0x143122ACA	0x143122AC0	0x146162150
registry_accessor	0x146162150	CALLER	0x143122C4A	0x143122C40	0x146162150
registry_accessor	0x146162150	CALLER	0x143150CAA	0x143150CA0	0x146162150
registry_accessor	0x146162150	CALLER	0x14316CCDA	0x14316CCD0	0x146162150
registry_accessor	0x146162150	CALLER	0x143170F6A	0x143170F60	0x146162150
registry_accessor	0x146162150	CALLER	0x1431710EA	0x1431710E0	0x146162150
registry_accessor	0x146162150	CALLER	0x14317128A	0x143171280	0x146162150
registry_accessor	0x146162150	CALLER	0x14317149A	0x143171490	0x146162150
registry_accessor	0x146162150	CALLER	0x1431716BA	0x1431716B0	0x146162150
registry_accessor	0x146162150	CALLER	0x14317183A	0x143171830	0x146162150
registry_accessor	0x146162150	CALLER	0x1431719BA	0x1431719B0	0x146162150
registry_accessor	0x146162150	CALLER	0x143171D1A	0x143171D10	0x146162150
registry_accessor	0x146162150	CALLER	0x143171E9A	0x143171E90	0x146162150
registry_accessor	0x146162150	CALLER	0x14317210A	0x143172100	0x146162150
registry_accessor	0x146162150	CALLER	0x14317228A	0x143172280	0x146162150
registry_accessor	0x146162150	CALLER	0x14317242A	0x143172420	0x146162150
registry_accessor	0x146162150	CALLER	0x1431725AA	0x1431725A0	0x146162150
registry_accessor	0x146162150	CALLER	0x143172ABA	0x143172AB0	0x146162150
registry_accessor	0x146162150	CALLER	0x143172BFA	0x143172BF0	0x146162150
registry_accessor	0x146162150	CALLER	0x14319746A	0x143197460	0x146162150
registry_accessor	0x146162150	CALLER	0x14319751A	0x143197510	0x146162150
registry_accessor	0x146162150	CALLER	0x1431976BA	0x1431976B0	0x146162150
registry_accessor	0x146162150	CALLER	0x14319784A	0x143197840	0x146162150
registry_accessor	0x146162150	CALLER	0x1431978FA	0x1431978F0	0x146162150
registry_accessor	0x146162150	CALLER	0x1431979AA	0x1431979A0	0x146162150
registry_accessor	0x146162150	CALLER	0x143199BBA	0x143199BB0	0x146162150
registry_accessor	0x146162150	CALLER	0x14319A70A	0x14319A700	0x146162150
registry_accessor	0x146162150	CALLER	0x14319B35A	0x14319B350	0x146162150
registry_accessor	0x146162150	CALLER	0x14319B40A	0x14319B400	0x146162150
registry_accessor	0x146162150	CALLER	0x1431D613A	0x1431D6130	0x146162150
registry_accessor	0x146162150	CALLER	0x1431D61EA	0x1431D61E0	0x146162150
registry_accessor	0x146162150	CALLER	0x1431D629A	0x1431D6290	0x146162150
registry_accessor	0x146162150	CALLER	0x1431D634A	0x1431D6340	0x146162150
registry_accessor	0x146162150	CALLER	0x1431D63FA	0x1431D63F0	0x146162150
registry_accessor	0x146162150	CALLER	0x1431D68DA	0x1431D68D0	0x146162150
registry_accessor	0x146162150	CALLER	0x1431D6C8A	0x1431D6C80	0x146162150
registry_accessor	0x146162150	CALLER	0x143208CFA	0x143208CF0	0x146162150
registry_accessor	0x146162150	CALLER	0x14320935A	0x143209350	0x146162150
registry_accessor	0x146162150	CALLER	0x14320957A	0x143209570	0x146162150
registry_accessor	0x146162150	CALLER	0x14320975A	0x143209750	0x146162150
registry_accessor	0x146162150	CALLER	0x1432098DA	0x1432098D0	0x146162150
registry_accessor	0x146162150	CALLER	0x143209A7A	0x143209A70	0x146162150
registry_accessor	0x146162150	CALLER	0x143209C1A	0x143209C10	0x146162150
registry_accessor	0x146162150	CALLER	0x143209CCA	0x143209CC0	0x146162150
registry_accessor	0x146162150	CALLER	0x143209F3A	0x143209F30	0x146162150
registry_accessor	0x146162150	CALLER	0x14320A0DA	0x14320A0D0	0x146162150
registry_accessor	0x146162150	CALLER	0x14320A3EA	0x14320A3E0	0x146162150
registry_accessor	0x146162150	CALLER	0x14320A59A	0x14320A590	0x146162150
registry_accessor	0x146162150	CALLER	0x14320A78A	0x14320A780	0x146162150
registry_accessor	0x146162150	CALLER	0x14320B90A	0x14320B900	0x146162150
registry_accessor	0x146162150	CALLER	0x14320BA6A	0x14320BA60	0x146162150
registry_accessor	0x146162150	CALLER	0x14320BD3A	0x14320BD30	0x146162150
registry_accessor	0x146162150	CALLER	0x14320BFCA	0x14320BFC0	0x146162150
registry_accessor	0x146162150	CALLER	0x14320C48A	0x14320C480	0x146162150
registry_accessor	0x146162150	CALLER	0x14320C7CA	0x14320C7C0	0x146162150
registry_accessor	0x146162150	CALLER	0x14320C93A	0x14320C930	0x146162150
registry_accessor	0x146162150	CALLER	0x14320CB5A	0x14320CB50	0x146162150
registry_accessor	0x146162150	CALLER	0x14320CC0A	0x14320CC00	0x146162150
registry_accessor	0x146162150	CALLER	0x14320CCBA	0x14320CCB0	0x146162150
registry_accessor	0x146162150	CALLER	0x14326DD0A	0x14326DD00	0x146162150
registry_accessor	0x146162150	CALLER	0x14326DE5A	0x14326DE50	0x146162150
registry_accessor	0x146162150	CALLER	0x14326E1DA	0x14326E1D0	0x146162150
registry_accessor	0x146162150	CALLER	0x14326E85A	0x14326E850	0x146162150
registry_accessor	0x146162150	CALLER	0x14326EDAA	0x14326EDA0	0x146162150
registry_accessor	0x146162150	CALLER	0x14326EE9A	0x14326EE90	0x146162150
registry_accessor	0x146162150	CALLER	0x14326F1FA	0x14326F1F0	0x146162150
registry_accessor	0x146162150	CALLER	0x14326F4BA	0x14326F4B0	0x146162150
registry_accessor	0x146162150	CALLER	0x14326F6AA	0x14326F6A0	0x146162150
registry_accessor	0x146162150	CALLER	0x14326FBFA	0x14326FBF0	0x146162150
registry_accessor	0x146162150	CALLER	0x14327037A	0x143270370	0x146162150
registry_accessor	0x146162150	CALLER	0x1432707EA	0x1432707E0	0x146162150
registry_accessor	0x146162150	CALLER	0x143270B7A	0x143270B70	0x146162150
registry_accessor	0x146162150	CALLER	0x143270F8A	0x143270F80	0x146162150
registry_accessor	0x146162150	CALLER	0x14327144A	0x143271440	0x146162150
registry_accessor	0x146162150	CALLER	0x1432715CA	0x1432715C0	0x146162150
registry_accessor	0x146162150	CALLER	0x14327190A	0x143271900	0x146162150
registry_accessor	0x146162150	CALLER	0x143271F7A	0x143271F70	0x146162150
registry_accessor	0x146162150	CALLER	0x1432723AA	0x1432723A0	0x146162150
registry_accessor	0x146162150	CALLER	0x14327255A	0x143272550	0x146162150
registry_accessor	0x146162150	CALLER	0x143272A1A	0x143272A10	0x146162150
registry_accessor	0x146162150	CALLER	0x143272DCA	0x143272DC0	0x146162150
registry_accessor	0x146162150	CALLER	0x14327338A	0x143273380	0x146162150
registry_accessor	0x146162150	CALLER	0x1432737AA	0x1432737A0	0x146162150
registry_accessor	0x146162150	CALLER	0x143273CCA	0x143273CC0	0x146162150
registry_accessor	0x146162150	CALLER	0x1432741FA	0x1432741F0	0x146162150
registry_accessor	0x146162150	CALLER	0x1432743BA	0x1432743B0	0x146162150
registry_accessor	0x146162150	CALLER	0x14327461A	0x143274610	0x146162150
registry_accessor	0x146162150	CALLER	0x143274A3A	0x143274A30	0x146162150
registry_accessor	0x146162150	CALLER	0x143274C7A	0x143274C70	0x146162150
registry_accessor	0x146162150	CALLER	0x1432753CA	0x1432753C0	0x146162150
registry_accessor	0x146162150	CALLER	0x143276BDA	0x143276BD0	0x146162150
registry_accessor	0x146162150	CALLER	0x143276DEA	0x143276DE0	0x146162150
registry_accessor	0x146162150	CALLER	0x143276FAA	0x143276FA0	0x146162150
registry_accessor	0x146162150	CALLER	0x14327705A	0x143277050	0x146162150
registry_accessor	0x146162150	CALLER	0x1432773BA	0x1432773B0	0x146162150
registry_accessor	0x146162150	CALLER	0x14327774A	0x143277740	0x146162150
registry_accessor	0x146162150	CALLER	0x143277E4A	0x143277E40	0x146162150
registry_accessor	0x146162150	CALLER	0x1432781AA	0x1432781A0	0x146162150
registry_accessor	0x146162150	CALLER	0x14327856A	0x143278560	0x146162150
registry_accessor	0x146162150	CALLER	0x14327876A	0x143278760	0x146162150
registry_accessor	0x146162150	CALLER	0x143278E3A	0x143278E30	0x146162150
registry_accessor	0x146162150	CALLER	0x1432793CA	0x1432793C0	0x146162150
registry_accessor	0x146162150	CALLER	0x14327962A	0x143279620	0x146162150
registry_accessor	0x146162150	CALLER	0x143279E3A	0x143279E30	0x146162150
registry_accessor	0x146162150	CALLER	0x14327A30A	0x14327A300	0x146162150
registry_accessor	0x146162150	CALLER	0x14327A68A	0x14327A680	0x146162150
registry_accessor	0x146162150	CALLER	0x14327AA9A	0x14327AA90	0x146162150
registry_accessor	0x146162150	CALLER	0x14327ACBA	0x14327ACB0	0x146162150
registry_accessor	0x146162150	CALLER	0x14327AFDA	0x14327AFD0	0x146162150
registry_accessor	0x146162150	CALLER	0x14327B2CA	0x14327B2C0	0x146162150
registry_accessor	0x146162150	CALLER	0x14327B59A	0x14327B590	0x146162150
registry_accessor	0x146162150	CALLER	0x14327B68A	0x14327B680	0x146162150
registry_accessor	0x146162150	CALLER	0x14327BC2A	0x14327BC20	0x146162150
registry_accessor	0x146162150	CALLER	0x14327C0EA	0x14327C0E0	0x146162150
registry_accessor	0x146162150	CALLER	0x14327C37A	0x14327C370	0x146162150
registry_accessor	0x146162150	CALLER	0x14327C4FA	0x14327C4F0	0x146162150
registry_accessor	0x146162150	CALLER	0x14327C67A	0x14327C670	0x146162150
registry_accessor	0x146162150	CALLER	0x14327C92A	0x14327C920	0x146162150
registry_accessor	0x146162150	CALLER	0x14327CA1A	0x14327CA10	0x146162150
registry_accessor	0x146162150	CALLER	0x14327CF4A	0x14327CF40	0x146162150
registry_accessor	0x146162150	CALLER	0x14327D8CA	0x14327D8C0	0x146162150
registry_accessor	0x146162150	CALLER	0x14327D9CA	0x14327D9C0	0x146162150
registry_accessor	0x146162150	CALLER	0x14327DE2A	0x14327DE20	0x146162150
registry_accessor	0x146162150	CALLER	0x14327DFAA	0x14327DFA0	0x146162150
registry_accessor	0x146162150	CALLER	0x14327E4BA	0x14327E4B0	0x146162150
registry_accessor	0x146162150	CALLER	0x14327E66A	0x14327E660	0x146162150
registry_accessor	0x146162150	CALLER	0x14327EADA	0x14327EAD0	0x146162150
registry_accessor	0x146162150	CALLER	0x1432DDC8A	0x1432DDC80	0x146162150
registry_accessor	0x146162150	CALLER	0x1432DDD3A	0x1432DDD30	0x146162150
registry_accessor	0x146162150	CALLER	0x1432DDDEA	0x1432DDDE0	0x146162150
registry_accessor	0x146162150	CALLER	0x1432DDE9A	0x1432DDE90	0x146162150
registry_accessor	0x146162150	CALLER	0x1432DDF4A	0x1432DDF40	0x146162150
registry_accessor	0x146162150	CALLER	0x1432DDFFA	0x1432DDFF0	0x146162150
registry_accessor	0x146162150	CALLER	0x1432DE39A	0x1432DE390	0x146162150
registry_accessor	0x146162150	CALLER	0x1432DE5EA	0x1432DE5E0	0x146162150
registry_accessor	0x146162150	CALLER	0x1432DEC2A	0x1432DEC20	0x146162150
registry_accessor	0x146162150	CALLER	0x1432DFD4A	0x1432DFD40	0x146162150
registry_accessor	0x146162150	CALLER	0x1432F828A	0x1432F8280	0x146162150
registry_accessor	0x146162150	CALLER	0x1432F8F3A	0x1432F8F30	0x146162150
registry_accessor	0x146162150	CALLER	0x14332D1FA	0x14332D1F0	0x146162150
registry_accessor	0x146162150	CALLER	0x14332DA5A	0x14332DA50	0x146162150
registry_accessor	0x146162150	CALLER	0x14332DB0A	0x14332DB00	0x146162150
registry_accessor	0x146162150	CALLER	0x14332DBBA	0x14332DBB0	0x146162150
registry_accessor	0x146162150	CALLER	0x14332E0FA	0x14332E0F0	0x146162150
registry_accessor	0x146162150	CALLER	0x14334F4AA	0x14334F4A0	0x146162150
registry_accessor	0x146162150	CALLER	0x14334F55A	0x14334F550	0x146162150
registry_accessor	0x146162150	CALLER	0x14334F72A	0x14334F720	0x146162150
registry_accessor	0x146162150	CALLER	0x14334F7DA	0x14334F7D0	0x146162150
registry_accessor	0x146162150	CALLER	0x143384A7A	0x143384A70	0x146162150
registry_accessor	0x146162150	CALLER	0x143385A9A	0x143385A90	0x146162150
registry_accessor	0x146162150	CALLER	0x1433860BA	0x1433860B0	0x146162150
registry_accessor	0x146162150	CALLER	0x14338625A	0x143386250	0x146162150
registry_accessor	0x146162150	CALLER	0x1433864BA	0x1433864B0	0x146162150
registry_accessor	0x146162150	CALLER	0x1433866FA	0x1433866F0	0x146162150
registry_accessor	0x146162150	CALLER	0x14338686A	0x143386860	0x146162150
registry_accessor	0x146162150	CALLER	0x143386AAA	0x143386AA0	0x146162150
registry_accessor	0x146162150	CALLER	0x1433C811A	0x1433C8110	0x146162150
registry_accessor	0x146162150	CALLER	0x1433C82FA	0x1433C82F0	0x146162150
registry_accessor	0x146162150	CALLER	0x1433C83AA	0x1433C83A0	0x146162150
registry_accessor	0x146162150	CALLER	0x1433C845A	0x1433C8450	0x146162150
registry_accessor	0x146162150	CALLER	0x1433C850A	0x1433C8500	0x146162150
registry_accessor	0x146162150	CALLER	0x1433C85BA	0x1433C85B0	0x146162150
registry_accessor	0x146162150	CALLER	0x1433C866A	0x1433C8660	0x146162150
registry_accessor	0x146162150	CALLER	0x1433C871A	0x1433C8710	0x146162150
registry_accessor	0x146162150	CALLER	0x1433C87CA	0x1433C87C0	0x146162150
registry_accessor	0x146162150	CALLER	0x1433C887A	0x1433C8870	0x146162150
registry_accessor	0x146162150	CALLER	0x1433C97DA	0x1433C97D0	0x146162150
registry_accessor	0x146162150	CALLER	0x1433F841A	0x1433F8410	0x146162150
registry_accessor	0x146162150	CALLER	0x1433F8A8A	0x1433F8A80	0x146162150
registry_accessor	0x146162150	CALLER	0x1433F917A	0x1433F9170	0x146162150
registry_accessor	0x146162150	CALLER	0x1433F999A	0x1433F9990	0x146162150
registry_accessor	0x146162150	CALLER	0x1433F9FFA	0x1433F9FF0	0x146162150
registry_accessor	0x146162150	CALLER	0x1433FA5CA	0x1433FA5C0	0x146162150
registry_accessor	0x146162150	CALLER	0x1433FA9CA	0x1433FA9C0	0x146162150
registry_accessor	0x146162150	CALLER	0x1433FAE6A	0x1433FAE60	0x146162150
registry_accessor	0x146162150	CALLER	0x1433FB6CA	0x1433FB6C0	0x146162150
registry_accessor	0x146162150	CALLER	0x1433FBBFA	0x1433FBBF0	0x146162150
registry_accessor	0x146162150	CALLER	0x1433FC6CA	0x1433FC6C0	0x146162150
registry_accessor	0x146162150	CALLER	0x1433FCDFA	0x1433FCDF0	0x146162150
registry_accessor	0x146162150	CALLER	0x1433FD50A	0x1433FD500	0x146162150
registry_accessor	0x146162150	CALLER	0x1433FD84A	0x1433FD840	0x146162150
registry_accessor	0x146162150	CALLER	0x1433FD8FA	0x1433FD8F0	0x146162150
registry_accessor	0x146162150	CALLER	0x1433FDABA	0x1433FDAB0	0x146162150
registry_accessor	0x146162150	CALLER	0x1433FDB4A	0x1433FDB40	0x146162150
registry_accessor	0x146162150	CALLER	0x1433FDC0A	0x1433FDC00	0x146162150
registry_accessor	0x146162150	CALLER	0x1433FE53A	0x1433FE530	0x146162150
registry_accessor	0x146162150	CALLER	0x1433FE76A	0x1433FE760	0x146162150
registry_accessor	0x146162150	CALLER	0x1433FEA4A	0x1433FEA40	0x146162150
registry_accessor	0x146162150	CALLER	0x1433FECFA	0x1433FECF0	0x146162150
registry_accessor	0x146162150	CALLER	0x1433FF34A	0x1433FF340	0x146162150
registry_accessor	0x146162150	CALLER	0x1433FF60A	0x1433FF600	0x146162150
registry_accessor	0x146162150	CALLER	0x1433FFB7A	0x1433FFB70	0x146162150
registry_accessor	0x146162150	CALLER	0x1433FFE6A	0x1433FFE60	0x146162150
registry_accessor	0x146162150	CALLER	0x14340052A	0x143400520	0x146162150
registry_accessor	0x146162150	CALLER	0x1434005DA	0x1434005D0	0x146162150
registry_accessor	0x146162150	CALLER	0x143400B2A	0x143400B20	0x146162150
registry_accessor	0x146162150	CALLER	0x143400BDA	0x143400BD0	0x146162150
registry_accessor	0x146162150	CALLER	0x14340104A	0x143401040	0x146162150
registry_accessor	0x146162150	CALLER	0x1434010FA	0x1434010F0	0x146162150
registry_accessor	0x146162150	CALLER	0x1434015EA	0x1434015E0	0x146162150
registry_accessor	0x146162150	CALLER	0x14340171A	0x143401710	0x146162150
registry_accessor	0x146162150	CALLER	0x14340200A	0x143402000	0x146162150
registry_accessor	0x146162150	CALLER	0x14340226A	0x143402260	0x146162150
registry_accessor	0x146162150	CALLER	0x143402BDA	0x143402BD0	0x146162150
registry_accessor	0x146162150	CALLER	0x143402C8A	0x143402C80	0x146162150
registry_accessor	0x146162150	CALLER	0x14340304A	0x143403040	0x146162150
registry_accessor	0x146162150	CALLER	0x1434031CA	0x1434031C0	0x146162150
registry_accessor	0x146162150	CALLER	0x14340388A	0x143403880	0x146162150
registry_accessor	0x146162150	CALLER	0x143403A0A	0x143403A00	0x146162150
registry_accessor	0x146162150	CALLER	0x143403CAA	0x143403CA0	0x146162150
registry_accessor	0x146162150	CALLER	0x143403E2A	0x143403E20	0x146162150
registry_accessor	0x146162150	CALLER	0x1434040CA	0x1434040C0	0x146162150
registry_accessor	0x146162150	CALLER	0x14340425A	0x143404250	0x146162150
registry_accessor	0x146162150	CALLER	0x14340496A	0x143404960	0x146162150
registry_accessor	0x146162150	CALLER	0x143404B0A	0x143404B00	0x146162150
registry_accessor	0x146162150	CALLER	0x14340500A	0x143405000	0x146162150
registry_accessor	0x146162150	CALLER	0x1434050BA	0x1434050B0	0x146162150
registry_accessor	0x146162150	CALLER	0x14340555A	0x143405550	0x146162150
registry_accessor	0x146162150	CALLER	0x14340574A	0x143405740	0x146162150
registry_accessor	0x146162150	CALLER	0x143405B1A	0x143405B10	0x146162150
registry_accessor	0x146162150	CALLER	0x143405D2A	0x143405D20	0x146162150
registry_accessor	0x146162150	CALLER	0x1434064AA	0x1434064A0	0x146162150
registry_accessor	0x146162150	CALLER	0x14340655A	0x143406550	0x146162150
registry_accessor	0x146162150	CALLER	0x14340701A	0x143407010	0x146162150
registry_accessor	0x146162150	CALLER	0x1434071FA	0x1434071F0	0x146162150
registry_accessor	0x146162150	CALLER	0x14340775A	0x143407750	0x146162150
registry_accessor	0x146162150	CALLER	0x1434078CA	0x1434078C0	0x146162150
registry_accessor	0x146162150	CALLER	0x143407BCA	0x143407BC0	0x146162150
registry_accessor	0x146162150	CALLER	0x143407D2A	0x143407D20	0x146162150
registry_accessor	0x146162150	CALLER	0x1434081CA	0x1434081C0	0x146162150
registry_accessor	0x146162150	CALLER	0x14340827A	0x143408270	0x146162150
registry_accessor	0x146162150	CALLER	0x14340843A	0x143408430	0x146162150
registry_accessor	0x146162150	CALLER	0x1434084EA	0x1434084E0	0x146162150
registry_accessor	0x146162150	CALLER	0x1434087AA	0x1434087A0	0x146162150
registry_accessor	0x146162150	CALLER	0x1434088AA	0x1434088A0	0x146162150
registry_accessor	0x146162150	CALLER	0x143408D8A	0x143408D80	0x146162150
registry_accessor	0x146162150	CALLER	0x143408FAA	0x143408FA0	0x146162150
registry_accessor	0x146162150	CALLER	0x143409BBA	0x143409BB0	0x146162150
registry_accessor	0x146162150	CALLER	0x143409EDA	0x143409ED0	0x146162150
registry_accessor	0x146162150	CALLER	0x14340A05A	0x14340A050	0x146162150
registry_accessor	0x146162150	CALLER	0x14340A10A	0x14340A100	0x146162150
registry_accessor	0x146162150	CALLER	0x14340A34A	0x14340A340	0x146162150
registry_accessor	0x146162150	CALLER	0x14340A4DA	0x14340A4D0	0x146162150
registry_accessor	0x146162150	CALLER	0x14340ABAA	0x14340ABA0	0x146162150
registry_accessor	0x146162150	CALLER	0x14340AE0A	0x14340AE00	0x146162150
registry_accessor	0x146162150	CALLER	0x14340B6EA	0x14340B6E0	0x146162150
registry_accessor	0x146162150	CALLER	0x14340B8FA	0x14340B8F0	0x146162150
registry_accessor	0x146162150	CALLER	0x14340BD7A	0x14340BD70	0x146162150
registry_accessor	0x146162150	CALLER	0x14340BFBA	0x14340BFB0	0x146162150
registry_accessor	0x146162150	CALLER	0x14340C41A	0x14340C410	0x146162150
registry_accessor	0x146162150	CALLER	0x14340C4DA	0x14340C4D0	0x146162150
registry_accessor	0x146162150	CALLER	0x14340C85A	0x14340C850	0x146162150
registry_accessor	0x146162150	CALLER	0x14340C9EA	0x14340C9E0	0x146162150
registry_accessor	0x146162150	CALLER	0x14340CE5A	0x14340CE50	0x146162150
registry_accessor	0x146162150	CALLER	0x14340CF0A	0x14340CF00	0x146162150
registry_accessor	0x146162150	CALLER	0x14340D76A	0x14340D760	0x146162150
registry_accessor	0x146162150	CALLER	0x14340DACA	0x14340DAC0	0x146162150
registry_accessor	0x146162150	CALLER	0x14340E0AA	0x14340E0A0	0x146162150
registry_accessor	0x146162150	CALLER	0x14340E15A	0x14340E150	0x146162150
registry_accessor	0x146162150	CALLER	0x14340E69A	0x14340E690	0x146162150
registry_accessor	0x146162150	CALLER	0x14340E89A	0x14340E890	0x146162150
registry_accessor	0x146162150	CALLER	0x14340ECFA	0x14340ECF0	0x146162150
registry_accessor	0x146162150	CALLER	0x14340EE5A	0x14340EE50	0x146162150
registry_accessor	0x146162150	CALLER	0x14340F00A	0x14340F000	0x146162150
registry_accessor	0x146162150	CALLER	0x14340F57A	0x14340F570	0x146162150
registry_accessor	0x146162150	CALLER	0x14340F88A	0x14340F880	0x146162150
registry_accessor	0x146162150	CALLER	0x14340FA5A	0x14340FA50	0x146162150
registry_accessor	0x146162150	CALLER	0x14340FDEA	0x14340FDE0	0x146162150
registry_accessor	0x146162150	CALLER	0x14340FF6A	0x14340FF60	0x146162150
registry_accessor	0x146162150	CALLER	0x14341067A	0x143410670	0x146162150
registry_accessor	0x146162150	CALLER	0x1434107AA	0x1434107A0	0x146162150
registry_accessor	0x146162150	CALLER	0x143410C2A	0x143410C20	0x146162150
registry_accessor	0x146162150	CALLER	0x14341159A	0x143411590	0x146162150
registry_accessor	0x146162150	CALLER	0x14341176A	0x143411760	0x146162150
registry_accessor	0x146162150	CALLER	0x1434119AA	0x1434119A0	0x146162150
registry_accessor	0x146162150	CALLER	0x14341210A	0x143412100	0x146162150
registry_accessor	0x146162150	CALLER	0x1434127DA	0x1434127D0	0x146162150
registry_accessor	0x146162150	CALLER	0x143412AFA	0x143412AF0	0x146162150
registry_accessor	0x146162150	CALLER	0x1434130AA	0x1434130A0	0x146162150
registry_accessor	0x146162150	CALLER	0x14341369A	0x143413690	0x146162150
registry_accessor	0x146162150	CALLER	0x143413BFA	0x143413BF0	0x146162150
registry_accessor	0x146162150	CALLER	0x143413F6A	0x143413F60	0x146162150
registry_accessor	0x146162150	CALLER	0x14341474A	0x143414740	0x146162150
registry_accessor	0x146162150	CALLER	0x143414CBA	0x143414CB0	0x146162150
registry_accessor	0x146162150	CALLER	0x1434151FA	0x1434151F0	0x146162150
registry_accessor	0x146162150	CALLER	0x14341553A	0x143415530	0x146162150
registry_accessor	0x146162150	CALLER	0x143415C4A	0x143415C40	0x146162150
registry_accessor	0x146162150	CALLER	0x14341627A	0x143416270	0x146162150
registry_accessor	0x146162150	CALLER	0x143467FDA	0x143467FD0	0x146162150
registry_accessor	0x146162150	CALLER	0x1434682BA	0x1434682B0	0x146162150
registry_accessor	0x146162150	CALLER	0x1434685AA	0x1434685A0	0x146162150
registry_accessor	0x146162150	CALLER	0x14346879A	0x143468790	0x146162150
registry_accessor	0x146162150	CALLER	0x143468B7A	0x143468B70	0x146162150
registry_accessor	0x146162150	CALLER	0x143468FDA	0x143468FD0	0x146162150
registry_accessor	0x146162150	CALLER	0x14346933A	0x143469330	0x146162150
registry_accessor	0x146162150	CALLER	0x143469D7A	0x143469D70	0x146162150
registry_accessor	0x146162150	CALLER	0x14346A1AA	0x14346A1A0	0x146162150
registry_accessor	0x146162150	CALLER	0x14346A49A	0x14346A490	0x146162150
registry_accessor	0x146162150	CALLER	0x14346A64A	0x14346A640	0x146162150
registry_accessor	0x146162150	CALLER	0x14346A93A	0x14346A930	0x146162150
registry_accessor	0x146162150	CALLER	0x14346AD2A	0x14346AD20	0x146162150
registry_accessor	0x146162150	CALLER	0x14346B22A	0x14346B220	0x146162150
registry_accessor	0x146162150	CALLER	0x14346B89A	0x14346B890	0x146162150
registry_accessor	0x146162150	CALLER	0x14346BE3A	0x14346BE30	0x146162150
registry_accessor	0x146162150	CALLER	0x14346BFCA	0x14346BFC0	0x146162150
registry_accessor	0x146162150	CALLER	0x14346C36A	0x14346C360	0x146162150
registry_accessor	0x146162150	CALLER	0x14346C41A	0x14346C410	0x146162150
registry_accessor	0x146162150	CALLER	0x14346C79A	0x14346C790	0x146162150
registry_accessor	0x146162150	CALLER	0x14346CA8A	0x14346CA80	0x146162150
registry_accessor	0x146162150	CALLER	0x14346CB3A	0x14346CB30	0x146162150
registry_accessor	0x146162150	CALLER	0x14346CF9A	0x14346CF90	0x146162150
registry_accessor	0x146162150	CALLER	0x14346D5DA	0x14346D5D0	0x146162150
registry_accessor	0x146162150	CALLER	0x14346D87A	0x14346D870	0x146162150
registry_accessor	0x146162150	CALLER	0x14346DA2A	0x14346DA20	0x146162150
registry_accessor	0x146162150	CALLER	0x14346DBEA	0x14346DBE0	0x146162150
registry_accessor	0x146162150	CALLER	0x14346E00A	0x14346E000	0x146162150
registry_accessor	0x146162150	CALLER	0x14346E3DA	0x14346E3D0	0x146162150
registry_accessor	0x146162150	CALLER	0x14346E6DA	0x14346E6D0	0x146162150
registry_accessor	0x146162150	CALLER	0x14346ED6A	0x14346ED60	0x146162150
registry_accessor	0x146162150	CALLER	0x14346F3FA	0x14346F3F0	0x146162150
registry_accessor	0x146162150	CALLER	0x14346F65A	0x14346F650	0x146162150
registry_accessor	0x146162150	CALLER	0x14346F7EA	0x14346F7E0	0x146162150
registry_accessor	0x146162150	CALLER	0x14346F94A	0x14346F940	0x146162150
registry_accessor	0x146162150	CALLER	0x14346FC9A	0x14346FC90	0x146162150
registry_accessor	0x146162150	CALLER	0x14346FF1A	0x14346FF10	0x146162150
registry_accessor	0x146162150	CALLER	0x14347084A	0x143470840	0x146162150
registry_accessor	0x146162150	CALLER	0x143470CEA	0x143470CE0	0x146162150
registry_accessor	0x146162150	CALLER	0x1434710DA	0x1434710D0	0x146162150
registry_accessor	0x146162150	CALLER	0x143471A3A	0x143471A30	0x146162150
registry_accessor	0x146162150	CALLER	0x14347201A	0x143472010	0x146162150
registry_accessor	0x146162150	CALLER	0x143472F4A	0x143472F40	0x146162150
registry_accessor	0x146162150	CALLER	0x14347321A	0x143473210	0x146162150
registry_accessor	0x146162150	CALLER	0x14347357A	0x143473570	0x146162150
registry_accessor	0x146162150	CALLER	0x1434738DA	0x1434738D0	0x146162150
registry_accessor	0x146162150	CALLER	0x143473BCA	0x143473BC0	0x146162150
registry_accessor	0x146162150	CALLER	0x143473E9A	0x143473E90	0x146162150
registry_accessor	0x146162150	CALLER	0x14347421A	0x143474210	0x146162150
registry_accessor	0x146162150	CALLER	0x14347460A	0x143474600	0x146162150
registry_accessor	0x146162150	CALLER	0x143474AAA	0x143474AA0	0x146162150
registry_accessor	0x146162150	CALLER	0x143474D4A	0x143474D40	0x146162150
registry_accessor	0x146162150	CALLER	0x143474F8A	0x143474F80	0x146162150
registry_accessor	0x146162150	CALLER	0x14347520A	0x143475200	0x146162150
registry_accessor	0x146162150	CALLER	0x1434754CA	0x1434754C0	0x146162150
registry_accessor	0x146162150	CALLER	0x143475A7A	0x143475A70	0x146162150
registry_accessor	0x146162150	CALLER	0x1434761EA	0x1434761E0	0x146162150
registry_accessor	0x146162150	CALLER	0x14347639A	0x143476390	0x146162150
registry_accessor	0x146162150	CALLER	0x14347685A	0x143476850	0x146162150
registry_accessor	0x146162150	CALLER	0x143476D0A	0x143476D00	0x146162150
registry_accessor	0x146162150	CALLER	0x143476F9A	0x143476F90	0x146162150
registry_accessor	0x146162150	CALLER	0x14347711A	0x143477110	0x146162150
registry_accessor	0x146162150	CALLER	0x14347729A	0x143477290	0x146162150
registry_accessor	0x146162150	CALLER	0x14347766A	0x143477660	0x146162150
registry_accessor	0x146162150	CALLER	0x143477BBA	0x143477BB0	0x146162150
registry_accessor	0x146162150	CALLER	0x14347828A	0x143478280	0x146162150
registry_accessor	0x146162150	CALLER	0x14347854A	0x143478540	0x146162150
registry_accessor	0x146162150	CALLER	0x14347883A	0x143478830	0x146162150
registry_accessor	0x146162150	CALLER	0x143478B5A	0x143478B50	0x146162150
registry_accessor	0x146162150	CALLER	0x14347926A	0x143479260	0x146162150
registry_accessor	0x146162150	CALLER	0x14347972A	0x143479720	0x146162150
registry_accessor	0x146162150	CALLER	0x143479B6A	0x143479B60	0x146162150
registry_accessor	0x146162150	CALLER	0x14347A08A	0x14347A080	0x146162150
registry_accessor	0x146162150	CALLER	0x1434D02AA	0x1434D02A0	0x146162150
registry_accessor	0x146162150	CALLER	0x1434D035A	0x1434D0350	0x146162150
registry_accessor	0x146162150	CALLER	0x1434D0A6A	0x1434D0A60	0x146162150
registry_accessor	0x146162150	CALLER	0x1434D0BAA	0x1434D0BA0	0x146162150
registry_accessor	0x146162150	CALLER	0x1434D0E5A	0x1434D0E50	0x146162150
registry_accessor	0x146162150	CALLER	0x1434D1D2A	0x1434D1D20	0x146162150
registry_accessor	0x146162150	CALLER	0x1434D1F9A	0x1434D1F90	0x146162150
registry_accessor	0x146162150	CALLER	0x1434D239A	0x1434D2390	0x146162150
registry_accessor	0x146162150	CALLER	0x1434D244A	0x1434D2440	0x146162150
registry_accessor	0x146162150	CALLER	0x1434D26BA	0x1434D26B0	0x146162150
registry_accessor	0x146162150	CALLER	0x143503C2A	0x143503C20	0x146162150
registry_accessor	0x146162150	CALLER	0x143503DCA	0x143503DC0	0x146162150
registry_accessor	0x146162150	CALLER	0x143503E7A	0x143503E70	0x146162150
registry_accessor	0x146162150	CALLER	0x143503FDA	0x143503FD0	0x146162150
registry_accessor	0x146162150	CALLER	0x14350417A	0x143504170	0x146162150
registry_accessor	0x146162150	CALLER	0x14350422A	0x143504220	0x146162150
registry_accessor	0x146162150	CALLER	0x1435042DA	0x1435042D0	0x146162150
registry_accessor	0x146162150	CALLER	0x143504B6A	0x143504B60	0x146162150
registry_accessor	0x146162150	CALLER	0x14353CEBA	0x14353CEB0	0x146162150
registry_accessor	0x146162150	CALLER	0x14353D5DA	0x14353D5D0	0x146162150
registry_accessor	0x146162150	CALLER	0x14353D72A	0x14353D720	0x146162150
registry_accessor	0x146162150	CALLER	0x14353DB6A	0x14353DB60	0x146162150
registry_accessor	0x146162150	CALLER	0x14353DD2A	0x14353DD20	0x146162150
registry_accessor	0x146162150	CALLER	0x14353E22A	0x14353E220	0x146162150
registry_accessor	0x146162150	CALLER	0x14353E83A	0x14353E830	0x146162150
registry_accessor	0x146162150	CALLER	0x14353EA7A	0x14353EA70	0x146162150
registry_accessor	0x146162150	CALLER	0x14353EFCA	0x14353EFC0	0x146162150
registry_accessor	0x146162150	CALLER	0x14353F14A	0x14353F140	0x146162150
registry_accessor	0x146162150	CALLER	0x14353F1FA	0x14353F1F0	0x146162150
registry_accessor	0x146162150	CALLER	0x14353F6AA	0x14353F6A0	0x146162150
registry_accessor	0x146162150	CALLER	0x14353FC1A	0x14353FC10	0x146162150
registry_accessor	0x146162150	CALLER	0x1435402EA	0x1435402E0	0x146162150
registry_accessor	0x146162150	CALLER	0x14354039A	0x143540390	0x146162150
registry_accessor	0x146162150	CALLER	0x1435410AA	0x1435410A0	0x146162150
registry_accessor	0x146162150	CALLER	0x14354132A	0x143541320	0x146162150
registry_accessor	0x146162150	CALLER	0x1435419AA	0x1435419A0	0x146162150
registry_accessor	0x146162150	CALLER	0x143541DEA	0x143541DE0	0x146162150
registry_accessor	0x146162150	CALLER	0x14354216A	0x143542160	0x146162150
registry_accessor	0x146162150	CALLER	0x14354221A	0x143542210	0x146162150
registry_accessor	0x146162150	CALLER	0x14354267A	0x143542670	0x146162150
registry_accessor	0x146162150	CALLER	0x143542D8A	0x143542D80	0x146162150
registry_accessor	0x146162150	CALLER	0x14354371A	0x143543710	0x146162150
registry_accessor	0x146162150	CALLER	0x14354405A	0x143544050	0x146162150
registry_accessor	0x146162150	CALLER	0x14354437A	0x143544370	0x146162150
registry_accessor	0x146162150	CALLER	0x14354462A	0x143544620	0x146162150
registry_accessor	0x146162150	CALLER	0x1435446FA	0x1435446F0	0x146162150
registry_accessor	0x146162150	CALLER	0x143544A9A	0x143544A90	0x146162150
registry_accessor	0x146162150	CALLER	0x143544B8A	0x143544B80	0x146162150
registry_accessor	0x146162150	CALLER	0x143544F3A	0x143544F30	0x146162150
registry_accessor	0x146162150	CALLER	0x143544FEA	0x143544FE0	0x146162150
registry_accessor	0x146162150	CALLER	0x14354528A	0x143545280	0x146162150
registry_accessor	0x146162150	CALLER	0x14354533A	0x143545330	0x146162150
registry_accessor	0x146162150	CALLER	0x14354569A	0x143545690	0x146162150
registry_accessor	0x146162150	CALLER	0x1435457DA	0x1435457D0	0x146162150
registry_accessor	0x146162150	CALLER	0x143545D6A	0x143545D60	0x146162150
registry_accessor	0x146162150	CALLER	0x143545E1A	0x143545E10	0x146162150
registry_accessor	0x146162150	CALLER	0x14354608A	0x143546080	0x146162150
registry_accessor	0x146162150	CALLER	0x14354621A	0x143546210	0x146162150
registry_accessor	0x146162150	CALLER	0x14354660A	0x143546600	0x146162150
registry_accessor	0x146162150	CALLER	0x1435466CA	0x1435466C0	0x146162150
registry_accessor	0x146162150	CALLER	0x143546A8A	0x143546A80	0x146162150
registry_accessor	0x146162150	CALLER	0x143546C3A	0x143546C30	0x146162150
registry_accessor	0x146162150	CALLER	0x1435471DA	0x1435471D0	0x146162150
registry_accessor	0x146162150	CALLER	0x14354733A	0x143547330	0x146162150
registry_accessor	0x146162150	CALLER	0x143547A7A	0x143547A70	0x146162150
registry_accessor	0x146162150	CALLER	0x143547C2A	0x143547C20	0x146162150
registry_accessor	0x146162150	CALLER	0x1435482BA	0x1435482B0	0x146162150
registry_accessor	0x146162150	CALLER	0x14354871A	0x143548710	0x146162150
registry_accessor	0x146162150	CALLER	0x143548E7A	0x143548E70	0x146162150
registry_accessor	0x146162150	CALLER	0x143548F2A	0x143548F20	0x146162150
registry_accessor	0x146162150	CALLER	0x14354928A	0x143549280	0x146162150
registry_accessor	0x146162150	CALLER	0x14354956A	0x143549560	0x146162150
registry_accessor	0x146162150	CALLER	0x14354977A	0x143549770	0x146162150
registry_accessor	0x146162150	CALLER	0x143549B2A	0x143549B20	0x146162150
registry_accessor	0x146162150	CALLER	0x143549FEA	0x143549FE0	0x146162150
registry_accessor	0x146162150	CALLER	0x14354A35A	0x14354A350	0x146162150
registry_accessor	0x146162150	CALLER	0x14354ACAA	0x14354ACA0	0x146162150
registry_accessor	0x146162150	CALLER	0x14354B29A	0x14354B290	0x146162150
registry_accessor	0x146162150	CALLER	0x14354B6FA	0x14354B6F0	0x146162150
registry_accessor	0x146162150	CALLER	0x14354B9BA	0x14354B9B0	0x146162150
registry_accessor	0x146162150	CALLER	0x14354BC4A	0x14354BC40	0x146162150
registry_accessor	0x146162150	CALLER	0x14354F03A	0x14354F030	0x146162150
registry_accessor	0x146162150	CALLER	0x14354F25A	0x14354F250	0x146162150
registry_accessor	0x146162150	CALLER	0x14354F67A	0x14354F670	0x146162150
registry_accessor	0x146162150	CALLER	0x14354F89A	0x14354F890	0x146162150
registry_accessor	0x146162150	CALLER	0x14354FE0A	0x14354FE00	0x146162150
registry_accessor	0x146162150	CALLER	0x1435501DA	0x1435501D0	0x146162150
registry_accessor	0x146162150	CALLER	0x14355058A	0x143550580	0x146162150
registry_accessor	0x146162150	CALLER	0x14355087A	0x143550870	0x146162150
registry_accessor	0x146162150	CALLER	0x143550D6A	0x143550D60	0x146162150
registry_accessor	0x146162150	CALLER	0x1435511FA	0x1435511F0	0x146162150
registry_accessor	0x146162150	CALLER	0x14355169A	0x143551690	0x146162150
registry_accessor	0x146162150	CALLER	0x143551B8A	0x143551B80	0x146162150
registry_accessor	0x146162150	CALLER	0x1435A62CA	0x1435A62C0	0x146162150
registry_accessor	0x146162150	CALLER	0x1435A671A	0x1435A6710	0x146162150
registry_accessor	0x146162150	CALLER	0x1435A69AA	0x1435A69A0	0x146162150
registry_accessor	0x146162150	CALLER	0x1435A6B4A	0x1435A6B40	0x146162150
registry_accessor	0x146162150	CALLER	0x1435A744A	0x1435A7440	0x146162150
registry_accessor	0x146162150	CALLER	0x1435A773A	0x1435A7730	0x146162150
registry_accessor	0x146162150	CALLER	0x1435A78DA	0x1435A78D0	0x146162150
registry_accessor	0x146162150	CALLER	0x1435DB32A	0x1435DB320	0x146162150
registry_accessor	0x146162150	CALLER	0x1435EF33A	0x1435EF330	0x146162150
registry_accessor	0x146162150	CALLER	0x1435EF3EA	0x1435EF3E0	0x146162150
registry_accessor	0x146162150	CALLER	0x1435EF49A	0x1435EF490	0x146162150
registry_accessor	0x146162150	CALLER	0x1435EF54A	0x1435EF540	0x146162150
registry_accessor	0x146162150	CALLER	0x1435EF86A	0x1435EF860	0x146162150
registry_accessor	0x146162150	CALLER	0x1435EFBAA	0x1435EFBA0	0x146162150
registry_accessor	0x146162150	CALLER	0x1435F00FA	0x1435F00F0	0x146162150
registry_accessor	0x146162150	CALLER	0x1435F03AA	0x1435F03A0	0x146162150
registry_accessor	0x146162150	CALLER	0x1435F08BA	0x1435F08B0	0x146162150
registry_accessor	0x146162150	CALLER	0x1435F0A3A	0x1435F0A30	0x146162150
registry_accessor	0x146162150	CALLER	0x1435F0BFA	0x1435F0BF0	0x146162150
registry_accessor	0x146162150	CALLER	0x1435F0CAA	0x1435F0CA0	0x146162150
registry_accessor	0x146162150	CALLER	0x1435F0D5A	0x1435F0D50	0x146162150
registry_accessor	0x146162150	CALLER	0x1435F2FCA	0x1435F2FC0	0x146162150
registry_accessor	0x146162150	CALLER	0x1435F322A	0x1435F3220	0x146162150
registry_accessor	0x146162150	CALLER	0x1435F34EA	0x1435F34E0	0x146162150
registry_accessor	0x146162150	CALLER	0x1435F37AA	0x1435F37A0	0x146162150
registry_accessor	0x146162150	CALLER	0x1435F4E0A	0x1435F4E00	0x146162150
registry_accessor	0x146162150	CALLER	0x14362A38A	0x14362A380	0x146162150
registry_accessor	0x146162150	CALLER	0x14362A43A	0x14362A430	0x146162150
registry_accessor	0x146162150	CALLER	0x14362BC8A	0x14362BC80	0x146162150
registry_accessor	0x146162150	CALLER	0x14362BD3A	0x14362BD30	0x146162150
registry_accessor	0x146162150	CALLER	0x14362BF0A	0x14362BF00	0x146162150
registry_accessor	0x146162150	CALLER	0x14364227A	0x143642270	0x146162150
registry_accessor	0x146162150	CALLER	0x1436423EA	0x1436423E0	0x146162150
registry_accessor	0x146162150	CALLER	0x14364257A	0x143642570	0x146162150
registry_accessor	0x146162150	CALLER	0x143642B0A	0x143642B00	0x146162150
registry_accessor	0x146162150	CALLER	0x143642BBA	0x143642BB0	0x146162150
registry_accessor	0x146162150	CALLER	0x143642C6A	0x143642C60	0x146162150
registry_accessor	0x146162150	CALLER	0x143642D4A	0x143642D40	0x146162150
registry_accessor	0x146162150	CALLER	0x143660BEA	0x143660BE0	0x146162150
registry_accessor	0x146162150	CALLER	0x143660C9A	0x143660C90	0x146162150
registry_accessor	0x146162150	CALLER	0x14366202A	0x143662020	0x146162150
registry_accessor	0x146162150	CALLER	0x1436620DA	0x1436620D0	0x146162150
registry_accessor	0x146162150	CALLER	0x1436A92EA	0x1436A92E0	0x146162150
registry_accessor	0x146162150	CALLER	0x1436A939A	0x1436A9390	0x146162150
registry_accessor	0x146162150	CALLER	0x1436A944A	0x1436A9440	0x146162150
registry_accessor	0x146162150	CALLER	0x1436A94FA	0x1436A94F0	0x146162150
registry_accessor	0x146162150	CALLER	0x1436A95AA	0x1436A95A0	0x146162150
registry_accessor	0x146162150	CALLER	0x1436A965A	0x1436A9650	0x146162150
registry_accessor	0x146162150	CALLER	0x1436A970A	0x1436A9700	0x146162150
registry_accessor	0x146162150	CALLER	0x1436A97BA	0x1436A97B0	0x146162150
registry_accessor	0x146162150	CALLER	0x1436A993A	0x1436A9930	0x146162150
registry_accessor	0x146162150	CALLER	0x1436A99EA	0x1436A99E0	0x146162150
registry_accessor	0x146162150	CALLER	0x1436ABB1A	0x1436ABB10	0x146162150
registry_accessor	0x146162150	CALLER	0x1436ABBCA	0x1436ABBC0	0x146162150
registry_accessor	0x146162150	CALLER	0x1436ABC7A	0x1436ABC70	0x146162150
registry_accessor	0x146162150	CALLER	0x1436ABD7A	0x1436ABD70	0x146162150
registry_accessor	0x146162150	CALLER	0x1436AC08A	0x1436AC080	0x146162150
registry_accessor	0x146162150	CALLER	0x1436AC13A	0x1436AC130	0x146162150
registry_accessor	0x146162150	CALLER	0x14370312A	0x143703120	0x146162150
registry_accessor	0x146162150	CALLER	0x14370339A	0x143703390	0x146162150
registry_accessor	0x146162150	CALLER	0x1437037AA	0x1437037A0	0x146162150
registry_accessor	0x146162150	CALLER	0x143703A9A	0x143703A90	0x146162150
registry_accessor	0x146162150	CALLER	0x143703C4A	0x143703C40	0x146162150
registry_accessor	0x146162150	CALLER	0x143703EAA	0x143703EA0	0x146162150
registry_accessor	0x146162150	CALLER	0x1437040AA	0x1437040A0	0x146162150
registry_accessor	0x146162150	CALLER	0x14370436A	0x143704360	0x146162150
registry_accessor	0x146162150	CALLER	0x14370441A	0x143704410	0x146162150
registry_accessor	0x146162150	CALLER	0x1437044CA	0x1437044C0	0x146162150
registry_accessor	0x146162150	CALLER	0x14370457A	0x143704570	0x146162150
registry_accessor	0x146162150	CALLER	0x1437046BA	0x1437046B0	0x146162150
registry_accessor	0x146162150	CALLER	0x14370481A	0x143704810	0x146162150
registry_accessor	0x146162150	CALLER	0x143704A3A	0x143704A30	0x146162150
registry_accessor	0x146162150	CALLER	0x143704AEA	0x143704AE0	0x146162150
registry_accessor	0x146162150	CALLER	0x143704B9A	0x143704B90	0x146162150
registry_accessor	0x146162150	CALLER	0x143704CBA	0x143704CB0	0x146162150
registry_accessor	0x146162150	CALLER	0x143704FAA	0x143704FA0	0x146162150
registry_accessor	0x146162150	CALLER	0x14370505A	0x143705050	0x146162150
registry_accessor	0x146162150	CALLER	0x14370517A	0x143705170	0x146162150
registry_accessor	0x146162150	CALLER	0x14370522A	0x143705220	0x146162150
registry_accessor	0x146162150	CALLER	0x14370535A	0x143705350	0x146162150
registry_accessor	0x146162150	CALLER	0x14370567A	0x143705670	0x146162150
registry_accessor	0x146162150	CALLER	0x14370577A	0x143705770	0x146162150
registry_accessor	0x146162150	CALLER	0x143705E9A	0x143705E90	0x146162150
registry_accessor	0x146162150	CALLER	0x143705F4A	0x143705F40	0x146162150
registry_accessor	0x146162150	CALLER	0x1437061BA	0x1437061B0	0x146162150
registry_accessor	0x146162150	CALLER	0x14370626A	0x143706260	0x146162150
registry_accessor	0x146162150	CALLER	0x1437063EA	0x1437063E0	0x146162150
registry_accessor	0x146162150	CALLER	0x14370670A	0x143706700	0x146162150
registry_accessor	0x146162150	CALLER	0x14370686A	0x143706860	0x146162150
registry_accessor	0x146162150	CALLER	0x143706B5A	0x143706B50	0x146162150
registry_accessor	0x146162150	CALLER	0x143706C0A	0x143706C00	0x146162150
registry_accessor	0x146162150	CALLER	0x14370A09A	0x14370A090	0x146162150
registry_accessor	0x146162150	CALLER	0x14370AC9A	0x14370AC90	0x146162150
registry_accessor	0x146162150	CALLER	0x14378389A	0x143783890	0x146162150
registry_accessor	0x146162150	CALLER	0x1437BEB2A	0x1437BEB20	0x146162150
registry_accessor	0x146162150	CALLER	0x1437BEDAA	0x1437BEDA0	0x146162150
registry_accessor	0x146162150	CALLER	0x1437BEFCA	0x1437BEFC0	0x146162150
registry_accessor	0x146162150	CALLER	0x1437BF98A	0x1437BF980	0x146162150
registry_accessor	0x146162150	CALLER	0x1437C095A	0x1437C0950	0x146162150
registry_accessor	0x146162150	CALLER	0x1437C18FA	0x1437C18F0	0x146162150
registry_accessor	0x146162150	CALLER	0x1437C1ABA	0x1437C1AB0	0x146162150
registry_accessor	0x146162150	CALLER	0x143837E6A	0x143837E60	0x146162150
registry_accessor	0x146162150	CALLER	0x14385D5AA	0x14385D5A0	0x146162150
registry_accessor	0x146162150	CALLER	0x1438817BA	0x1438817B0	0x146162150
registry_accessor	0x146162150	CALLER	0x14388193A	0x143881930	0x146162150
registry_accessor	0x146162150	CALLER	0x143881CFA	0x143881CF0	0x146162150
registry_accessor	0x146162150	CALLER	0x1438820AA	0x1438820A0	0x146162150
registry_accessor	0x146162150	CALLER	0x14388239A	0x143882390	0x146162150
registry_accessor	0x146162150	CALLER	0x14388251A	0x143882510	0x146162150
registry_accessor	0x146162150	CALLER	0x14388269A	0x143882690	0x146162150
registry_accessor	0x146162150	CALLER	0x14388279A	0x143882790	0x146162150
registry_accessor	0x146162150	CALLER	0x143882A8A	0x143882A80	0x146162150
registry_accessor	0x146162150	CALLER	0x143882C5A	0x143882C50	0x146162150
registry_accessor	0x146162150	CALLER	0x143882D9A	0x143882D90	0x146162150
registry_accessor	0x146162150	CALLER	0x143882F7A	0x143882F70	0x146162150
registry_accessor	0x146162150	CALLER	0x1438831EA	0x1438831E0	0x146162150
registry_accessor	0x146162150	CALLER	0x14388364A	0x143883640	0x146162150
registry_accessor	0x146162150	CALLER	0x143883C6A	0x143883C60	0x146162150
registry_accessor	0x146162150	CALLER	0x143883EDA	0x143883ED0	0x146162150
registry_accessor	0x146162150	CALLER	0x143883F8A	0x143883F80	0x146162150
registry_accessor	0x146162150	CALLER	0x14388403A	0x143884030	0x146162150
registry_accessor	0x146162150	CALLER	0x1438840EA	0x1438840E0	0x146162150
registry_accessor	0x146162150	CALLER	0x14388419A	0x143884190	0x146162150
registry_accessor	0x146162150	CALLER	0x14388456A	0x143884560	0x146162150
registry_accessor	0x146162150	CALLER	0x1438BA0EA	0x1438BA0E0	0x146162150
registry_accessor	0x146162150	CALLER	0x1438BA39A	0x1438BA390	0x146162150
registry_accessor	0x146162150	CALLER	0x1438BA5CA	0x1438BA5C0	0x146162150
registry_accessor	0x146162150	CALLER	0x1438BA83A	0x1438BA830	0x146162150
registry_accessor	0x146162150	CALLER	0x1438BAC4A	0x1438BAC40	0x146162150
registry_accessor	0x146162150	CALLER	0x1438BADEA	0x1438BADE0	0x146162150
registry_accessor	0x146162150	CALLER	0x1438BAE9A	0x1438BAE90	0x146162150
registry_accessor	0x146162150	CALLER	0x1438BB01A	0x1438BB010	0x146162150
registry_accessor	0x146162150	CALLER	0x1438BB2BA	0x1438BB2B0	0x146162150
registry_accessor	0x146162150	CALLER	0x1438BB54A	0x1438BB540	0x146162150
registry_accessor	0x146162150	CALLER	0x1438BB9DA	0x1438BB9D0	0x146162150
registry_accessor	0x146162150	CALLER	0x1438BBCCA	0x1438BBCC0	0x146162150
registry_accessor	0x146162150	CALLER	0x1438BBE4A	0x1438BBE40	0x146162150
registry_accessor	0x146162150	CALLER	0x1438BC01A	0x1438BC010	0x146162150
registry_accessor	0x146162150	CALLER	0x1438BC1AA	0x1438BC1A0	0x146162150
registry_accessor	0x146162150	CALLER	0x1438BC34A	0x1438BC340	0x146162150
registry_accessor	0x146162150	CALLER	0x1438BC3FA	0x1438BC3F0	0x146162150
registry_accessor	0x146162150	CALLER	0x1438BC7BA	0x1438BC7B0	0x146162150
registry_accessor	0x146162150	CALLER	0x1438BCBEA	0x1438BCBE0	0x146162150
registry_accessor	0x146162150	CALLER	0x1438BCE9A	0x1438BCE90	0x146162150
registry_accessor	0x146162150	CALLER	0x1438BD45A	0x1438BD450	0x146162150
registry_accessor	0x146162150	CALLER	0x1438BD6EA	0x1438BD6E0	0x146162150
registry_accessor	0x146162150	CALLER	0x1438C0ACA	0x1438C0AC0	0x146162150
registry_accessor	0x146162150	CALLER	0x143908A5A	0x143908A50	0x146162150
registry_accessor	0x146162150	CALLER	0x143924AAA	0x143924AA0	0x146162150
registry_accessor	0x146162150	CALLER	0x143924B5A	0x143924B50	0x146162150
registry_accessor	0x146162150	CALLER	0x143924CFA	0x143924CF0	0x146162150
registry_accessor	0x146162150	CALLER	0x143924DAA	0x143924DA0	0x146162150
registry_accessor	0x146162150	CALLER	0x143924F8A	0x143924F80	0x146162150
registry_accessor	0x146162150	CALLER	0x14392503A	0x143925030	0x146162150
registry_accessor	0x146162150	CALLER	0x14392531A	0x143925310	0x146162150
registry_accessor	0x146162150	CALLER	0x14392553A	0x143925530	0x146162150
registry_accessor	0x146162150	CALLER	0x1439256FA	0x1439256F0	0x146162150
registry_accessor	0x146162150	CALLER	0x14392592A	0x143925920	0x146162150
registry_accessor	0x146162150	CALLER	0x143925B8A	0x143925B80	0x146162150
registry_accessor	0x146162150	CALLER	0x143925C3A	0x143925C30	0x146162150
registry_accessor	0x146162150	CALLER	0x143925DEA	0x143925DE0	0x146162150
registry_accessor	0x146162150	CALLER	0x14392777A	0x143927770	0x146162150
registry_accessor	0x146162150	CALLER	0x143927C1A	0x143927C10	0x146162150
registry_accessor	0x146162150	CALLER	0x143927F4A	0x143927F40	0x146162150
registry_accessor	0x146162150	CALLER	0x1439280CA	0x1439280C0	0x146162150
registry_accessor	0x146162150	CALLER	0x1439295FA	0x1439295F0	0x146162150
registry_accessor	0x146162150	CALLER	0x143929D3A	0x143929D30	0x146162150
registry_accessor	0x146162150	CALLER	0x143929E2A	0x143929E20	0x146162150
registry_accessor	0x146162150	CALLER	0x143929EDA	0x143929ED0	0x146162150
registry_accessor	0x146162150	CALLER	0x143929F8A	0x143929F80	0x146162150
registry_accessor	0x146162150	CALLER	0x14392A11A	0x14392A110	0x146162150
registry_accessor	0x146162150	CALLER	0x14392A46A	0x14392A460	0x146162150
registry_accessor	0x146162150	CALLER	0x14392B61A	0x14392B610	0x146162150
registry_accessor	0x146162150	CALLER	0x14392B6CA	0x14392B6C0	0x146162150
registry_accessor	0x146162150	CALLER	0x14392B8EA	0x14392B8E0	0x146162150
registry_accessor	0x146162150	CALLER	0x14392BA0A	0x14392BA00	0x146162150
registry_accessor	0x146162150	CALLER	0x1439618BA	0x1439618B0	0x146162150
registry_accessor	0x146162150	CALLER	0x143961B7A	0x143961B70	0x146162150
registry_accessor	0x146162150	CALLER	0x143961C2A	0x143961C20	0x146162150
registry_accessor	0x146162150	CALLER	0x1439896EA	0x1439896E0	0x146162150
registry_accessor	0x146162150	CALLER	0x14398A4FA	0x14398A4F0	0x146162150
registry_accessor	0x146162150	CALLER	0x1439A9A6A	0x1439A9A60	0x146162150
registry_accessor	0x146162150	CALLER	0x1439A9C0A	0x1439A9C00	0x146162150
registry_accessor	0x146162150	CALLER	0x1439A9DAA	0x1439A9DA0	0x146162150
registry_accessor	0x146162150	CALLER	0x1439A9F4A	0x1439A9F40	0x146162150
registry_accessor	0x146162150	CALLER	0x1439AA12A	0x1439AA120	0x146162150
registry_accessor	0x146162150	CALLER	0x1439AA1DA	0x1439AA1D0	0x146162150
registry_accessor	0x146162150	CALLER	0x1439AA37A	0x1439AA370	0x146162150
registry_accessor	0x146162150	CALLER	0x1439AA42A	0x1439AA420	0x146162150
registry_accessor	0x146162150	CALLER	0x1439AA4DA	0x1439AA4D0	0x146162150
registry_accessor	0x146162150	CALLER	0x1439AA96A	0x1439AA960	0x146162150
registry_accessor	0x146162150	CALLER	0x1439AAC2A	0x1439AAC20	0x146162150
registry_accessor	0x146162150	CALLER	0x1439AACDA	0x1439AACD0	0x146162150
registry_accessor	0x146162150	CALLER	0x1439AAD8A	0x1439AAD80	0x146162150
registry_accessor	0x146162150	CALLER	0x1439AAE3A	0x1439AAE30	0x146162150
registry_accessor	0x146162150	CALLER	0x1439AB2DA	0x1439AB2D0	0x146162150
registry_accessor	0x146162150	CALLER	0x1439AB78A	0x1439AB780	0x146162150
registry_accessor	0x146162150	CALLER	0x1439B0B0A	0x1439B0B00	0x146162150
registry_accessor	0x146162150	CALLER	0x1439B0CAA	0x1439B0CA0	0x146162150
registry_accessor	0x146162150	CALLER	0x1439B0D5A	0x1439B0D50	0x146162150
registry_accessor	0x146162150	CALLER	0x1439E86EA	0x1439E86E0	0x146162150
registry_accessor	0x146162150	CALLER	0x1439E8BCA	0x1439E8BC0	0x146162150
registry_accessor	0x146162150	CALLER	0x1439E8F5A	0x1439E8F50	0x146162150
registry_accessor	0x146162150	CALLER	0x1439E911A	0x1439E9110	0x146162150
registry_accessor	0x146162150	CALLER	0x1439E923A	0x1439E9230	0x146162150
registry_accessor	0x146162150	CALLER	0x1439E957A	0x1439E9570	0x146162150
registry_accessor	0x146162150	CALLER	0x1439E967A	0x1439E9670	0x146162150
registry_accessor	0x146162150	CALLER	0x1439E997A	0x1439E9970	0x146162150
registry_accessor	0x146162150	CALLER	0x1439E9BEA	0x1439E9BE0	0x146162150
registry_accessor	0x146162150	CALLER	0x1439EA09A	0x1439EA090	0x146162150
registry_accessor	0x146162150	CALLER	0x1439EA34A	0x1439EA340	0x146162150
registry_accessor	0x146162150	CALLER	0x1439EA4CA	0x1439EA4C0	0x146162150
registry_accessor	0x146162150	CALLER	0x1439EA57A	0x1439EA570	0x146162150
registry_accessor	0x146162150	CALLER	0x1439EA71A	0x1439EA710	0x146162150
registry_accessor	0x146162150	CALLER	0x1439EAACA	0x1439EAAC0	0x146162150
registry_accessor	0x146162150	CALLER	0x1439EAE5A	0x1439EAE50	0x146162150
registry_accessor	0x146162150	CALLER	0x1439EB18A	0x1439EB180	0x146162150
registry_accessor	0x146162150	CALLER	0x1439EB2BA	0x1439EB2B0	0x146162150
registry_accessor	0x146162150	CALLER	0x1439EB4DA	0x1439EB4D0	0x146162150
registry_accessor	0x146162150	CALLER	0x1439EB58A	0x1439EB580	0x146162150
registry_accessor	0x146162150	CALLER	0x1439EB69A	0x1439EB690	0x146162150
registry_accessor	0x146162150	CALLER	0x1439EB8AA	0x1439EB8A0	0x146162150
registry_accessor	0x146162150	CALLER	0x1439EBB3A	0x1439EBB30	0x146162150
registry_accessor	0x146162150	CALLER	0x1439EBDDA	0x1439EBDD0	0x146162150
registry_accessor	0x146162150	CALLER	0x1439EBE8A	0x1439EBE80	0x146162150
registry_accessor	0x146162150	CALLER	0x1439EC09A	0x1439EC090	0x146162150
registry_accessor	0x146162150	CALLER	0x1439EC48A	0x1439EC480	0x146162150
registry_accessor	0x146162150	CALLER	0x1439EC5CA	0x1439EC5C0	0x146162150
registry_accessor	0x146162150	CALLER	0x1439EC7DA	0x1439EC7D0	0x146162150
registry_accessor	0x146162150	CALLER	0x1439EC9BA	0x1439EC9B0	0x146162150
registry_accessor	0x146162150	CALLER	0x1439F225A	0x1439F2250	0x146162150
registry_accessor	0x146162150	CALLER	0x1439F23EA	0x1439F23E0	0x146162150
registry_accessor	0x146162150	CALLER	0x1439F259A	0x1439F2590	0x146162150
registry_accessor	0x146162150	CALLER	0x1439F271A	0x1439F2710	0x146162150
registry_accessor	0x146162150	CALLER	0x1439F29FA	0x1439F29F0	0x146162150
registry_accessor	0x146162150	CALLER	0x1439F2C1A	0x1439F2C10	0x146162150
registry_accessor	0x146162150	CALLER	0x1439F2F6A	0x1439F2F60	0x146162150
registry_accessor	0x146162150	CALLER	0x143AB7D3A	0x143AB7D30	0x146162150
registry_accessor	0x146162150	CALLER	0x143AB7DEA	0x143AB7DE0	0x146162150
registry_accessor	0x146162150	CALLER	0x143AB899A	0x143AB8990	0x146162150
registry_accessor	0x146162150	CALLER	0x143AB8B7A	0x143AB8B70	0x146162150
registry_accessor	0x146162150	CALLER	0x143AB8D3A	0x143AB8D30	0x146162150
registry_accessor	0x146162150	CALLER	0x143AB910A	0x143AB9100	0x146162150
registry_accessor	0x146162150	CALLER	0x143AC320A	0x143AC3200	0x146162150
registry_accessor	0x146162150	CALLER	0x143AC33AA	0x143AC33A0	0x146162150
registry_accessor	0x146162150	CALLER	0x143AC467A	0x143AC4670	0x146162150
registry_accessor	0x146162150	CALLER	0x143AC481A	0x143AC4810	0x146162150
registry_accessor	0x146162150	CALLER	0x143AC49BA	0x143AC49B0	0x146162150
registry_accessor	0x146162150	CALLER	0x143AC4D1A	0x143AC4D10	0x146162150
registry_accessor	0x146162150	CALLER	0x143AC4F7A	0x143AC4F70	0x146162150
registry_accessor	0x146162150	CALLER	0x143AC52FA	0x143AC52F0	0x146162150
registry_accessor	0x146162150	CALLER	0x143ADED3A	0x143ADED30	0x146162150
registry_accessor	0x146162150	CALLER	0x143ADEEDA	0x143ADEED0	0x146162150
registry_accessor	0x146162150	CALLER	0x143ADF07A	0x143ADF070	0x146162150
registry_accessor	0x146162150	CALLER	0x143AE01DA	0x143AE01D0	0x146162150
registry_accessor	0x146162150	CALLER	0x143AE064A	0x143AE0640	0x146162150
registry_accessor	0x146162150	CALLER	0x143AE08EA	0x143AE08E0	0x146162150
registry_accessor	0x146162150	CALLER	0x143AE099A	0x143AE0990	0x146162150
registry_accessor	0x146162150	CALLER	0x143AE0BFA	0x143AE0BF0	0x146162150
registry_accessor	0x146162150	CALLER	0x143AEADCA	0x143AEADC0	0x146162150
registry_accessor	0x146162150	CALLER	0x143AEAF6A	0x143AEAF60	0x146162150
registry_accessor	0x146162150	CALLER	0x143AEB01A	0x143AEB010	0x146162150
registry_accessor	0x146162150	CALLER	0x143AEB1BA	0x143AEB1B0	0x146162150
registry_accessor	0x146162150	CALLER	0x143AEB4FA	0x143AEB4F0	0x146162150
registry_accessor	0x146162150	CALLER	0x143AEB69A	0x143AEB690	0x146162150
registry_accessor	0x146162150	CALLER	0x143AEB99A	0x143AEB990	0x146162150
registry_accessor	0x146162150	CALLER	0x143AEBA4A	0x143AEBA40	0x146162150
registry_accessor	0x146162150	CALLER	0x143AFBF2A	0x143AFBF20	0x146162150
registry_accessor	0x146162150	CALLER	0x143AFBFDA	0x143AFBFD0	0x146162150
registry_accessor	0x146162150	CALLER	0x143AFC17A	0x143AFC170	0x146162150
registry_accessor	0x146162150	CALLER	0x143AFC22A	0x143AFC220	0x146162150
registry_accessor	0x146162150	CALLER	0x143AFC2DA	0x143AFC2D0	0x146162150
registry_accessor	0x146162150	CALLER	0x143AFC65A	0x143AFC650	0x146162150
registry_accessor	0x146162150	CALLER	0x143AFC87A	0x143AFC870	0x146162150
registry_accessor	0x146162150	CALLER	0x143AFC92A	0x143AFC920	0x146162150
registry_accessor	0x146162150	CALLER	0x143B0D7BA	0x143B0D7B0	0x146162150
registry_accessor	0x146162150	CALLER	0x143B0D86A	0x143B0D860	0x146162150
registry_accessor	0x146162150	CALLER	0x143B0D91A	0x143B0D910	0x146162150
registry_accessor	0x146162150	CALLER	0x143B0D9CA	0x143B0D9C0	0x146162150
registry_accessor	0x146162150	CALLER	0x143B0DC9A	0x143B0DC90	0x146162150
registry_accessor	0x146162150	CALLER	0x143B0EEEA	0x143B0EEE0	0x146162150
registry_accessor	0x146162150	CALLER	0x143B0F17A	0x143B0F170	0x146162150
registry_accessor	0x146162150	CALLER	0x143B1AEAA	0x143B1AEA0	0x146162150
registry_accessor	0x146162150	CALLER	0x143B1AF5A	0x143B1AF50	0x146162150
registry_accessor	0x146162150	CALLER	0x143B1B2AA	0x143B1B2A0	0x146162150
registry_accessor	0x146162150	CALLER	0x143B1B7CA	0x143B1B7C0	0x146162150
registry_accessor	0x146162150	CALLER	0x143B1BA4A	0x143B1BA40	0x146162150
registry_accessor	0x146162150	CALLER	0x143B1BBEA	0x143B1BBE0	0x146162150
registry_accessor	0x146162150	CALLER	0x143B1BC9A	0x143B1BC90	0x146162150
registry_accessor	0x146162150	CALLER	0x143B2621A	0x143B26210	0x146162150
registry_accessor	0x146162150	CALLER	0x143B263BA	0x143B263B0	0x146162150
registry_accessor	0x146162150	CALLER	0x143B2655A	0x143B26550	0x146162150
registry_accessor	0x146162150	CALLER	0x143B2682A	0x143B26820	0x146162150
registry_accessor	0x146162150	CALLER	0x143B268DA	0x143B268D0	0x146162150
registry_accessor	0x146162150	CALLER	0x143B26DDA	0x143B26DD0	0x146162150
registry_accessor	0x146162150	CALLER	0x143B2720A	0x143B27200	0x146162150
registry_accessor	0x146162150	CALLER	0x143B27F4A	0x143B27F40	0x146162150
registry_accessor	0x146162150	CALLER	0x143B3391A	0x143B33910	0x146162150
registry_accessor	0x146162150	CALLER	0x143B4960A	0x143B49600	0x146162150
registry_accessor	0x146162150	CALLER	0x143B496FA	0x143B496F0	0x146162150
registry_accessor	0x146162150	CALLER	0x143B498AA	0x143B498A0	0x146162150
registry_accessor	0x146162150	CALLER	0x143B49B2A	0x143B49B20	0x146162150
registry_accessor	0x146162150	CALLER	0x143B4A98A	0x143B4A980	0x146162150
registry_accessor	0x146162150	CALLER	0x143B4D94A	0x143B4D940	0x146162150
registry_accessor	0x146162150	CALLER	0x143B4D9FA	0x143B4D9F0	0x146162150
registry_accessor	0x146162150	CALLER	0x143B4DAAA	0x143B4DAA0	0x146162150
registry_accessor	0x146162150	CALLER	0x143B4DC2A	0x143B4DC20	0x146162150
registry_accessor	0x146162150	CALLER	0x143B4DF2A	0x143B4DF20	0x146162150
registry_accessor	0x146162150	CALLER	0x143B751AA	0x143B751A0	0x146162150
registry_accessor	0x146162150	CALLER	0x143B752BA	0x143B752B0	0x146162150
registry_accessor	0x146162150	CALLER	0x143B753CA	0x143B753C0	0x146162150
registry_accessor	0x146162150	CALLER	0x143B7547A	0x143B75470	0x146162150
registry_accessor	0x146162150	CALLER	0x143B7564A	0x143B75640	0x146162150
registry_accessor	0x146162150	CALLER	0x143B757DA	0x143B757D0	0x146162150
registry_accessor	0x146162150	CALLER	0x143B75D8A	0x143B75D80	0x146162150
registry_accessor	0x146162150	CALLER	0x143B7643A	0x143B76430	0x146162150
registry_accessor	0x146162150	CALLER	0x143B766CA	0x143B766C0	0x146162150
registry_accessor	0x146162150	CALLER	0x143B7A55A	0x143B7A550	0x146162150
registry_accessor	0x146162150	CALLER	0x143B7A8CA	0x143B7A8C0	0x146162150
registry_accessor	0x146162150	CALLER	0x143B7A97A	0x143B7A970	0x146162150
registry_accessor	0x146162150	CALLER	0x143B7AC1A	0x143B7AC10	0x146162150
registry_accessor	0x146162150	CALLER	0x143B7ACEA	0x143B7ACE0	0x146162150
registry_accessor	0x146162150	CALLER	0x143B7ADAA	0x143B7ADA0	0x146162150
registry_accessor	0x146162150	CALLER	0x143B7AE5A	0x143B7AE50	0x146162150
registry_accessor	0x146162150	CALLER	0x143B7AF0A	0x143B7AF00	0x146162150
registry_accessor	0x146162150	CALLER	0x143B7B1DA	0x143B7B1D0	0x146162150
registry_accessor	0x146162150	CALLER	0x143B7B28A	0x143B7B280	0x146162150
registry_accessor	0x146162150	CALLER	0x143B7B3CA	0x143B7B3C0	0x146162150
registry_accessor	0x146162150	CALLER	0x143B7B5EA	0x143B7B5E0	0x146162150
registry_accessor	0x146162150	CALLER	0x143BAAE8A	0x143BAAE80	0x146162150
registry_accessor	0x146162150	CALLER	0x143BAB30A	0x143BAB300	0x146162150
registry_accessor	0x146162150	CALLER	0x143BC68FA	0x143BC68F0	0x146162150
registry_accessor	0x146162150	CALLER	0x143BC6B6A	0x143BC6B60	0x146162150
registry_accessor	0x146162150	CALLER	0x143BC6D0A	0x143BC6D00	0x146162150
registry_accessor	0x146162150	CALLER	0x143BC71CA	0x143BC71C0	0x146162150
registry_accessor	0x146162150	CALLER	0x143BC738A	0x143BC7380	0x146162150
registry_accessor	0x146162150	CALLER	0x143BC7A8A	0x143BC7A80	0x146162150
registry_accessor	0x146162150	CALLER	0x143BC7E7A	0x143BC7E70	0x146162150
registry_accessor	0x146162150	CALLER	0x143BC834A	0x143BC8340	0x146162150
registry_accessor	0x146162150	CALLER	0x143BF916A	0x143BF9160	0x146162150
registry_accessor	0x146162150	CALLER	0x143BF934A	0x143BF9340	0x146162150
registry_accessor	0x146162150	CALLER	0x143BFB79A	0x143BFB790	0x146162150
registry_accessor	0x146162150	CALLER	0x143BFB96A	0x143BFB960	0x146162150
registry_accessor	0x146162150	CALLER	0x143BFBA1A	0x143BFBA10	0x146162150
registry_accessor	0x146162150	CALLER	0x143BFBACA	0x143BFBAC0	0x146162150
registry_accessor	0x146162150	CALLER	0x143BFBB7A	0x143BFBB70	0x146162150
registry_accessor	0x146162150	CALLER	0x143BFBC2A	0x143BFBC20	0x146162150
registry_accessor	0x146162150	CALLER	0x143BFBCDA	0x143BFBCD0	0x146162150
registry_accessor	0x146162150	CALLER	0x143BFBEFA	0x143BFBEF0	0x146162150
registry_accessor	0x146162150	CALLER	0x143BFBFAA	0x143BFBFA0	0x146162150
registry_accessor	0x146162150	CALLER	0x143BFC15A	0x143BFC150	0x146162150
registry_accessor	0x146162150	CALLER	0x143C1D12A	0x143C1D120	0x146162150
registry_accessor	0x146162150	CALLER	0x143C1D1DA	0x143C1D1D0	0x146162150
registry_accessor	0x146162150	CALLER	0x143C1D28A	0x143C1D280	0x146162150
registry_accessor	0x146162150	CALLER	0x143C1D33A	0x143C1D330	0x146162150
registry_accessor	0x146162150	CALLER	0x143C1E33A	0x143C1E330	0x146162150
registry_accessor	0x146162150	CALLER	0x143C1E3EA	0x143C1E3E0	0x146162150
registry_accessor	0x146162150	CALLER	0x143C1E49A	0x143C1E490	0x146162150
registry_accessor	0x146162150	CALLER	0x143C2055A	0x143C20550	0x146162150
registry_accessor	0x146162150	CALLER	0x143C2060A	0x143C20600	0x146162150
registry_accessor	0x146162150	CALLER	0x143C2089A	0x143C20890	0x146162150
registry_accessor	0x146162150	CALLER	0x143C20ABA	0x143C20AB0	0x146162150
registry_accessor	0x146162150	CALLER	0x143C3731A	0x143C37310	0x146162150
registry_accessor	0x146162150	CALLER	0x143C39C3A	0x143C39C30	0x146162150
registry_accessor	0x146162150	CALLER	0x143C39DFA	0x143C39DF0	0x146162150
registry_accessor	0x146162150	CALLER	0x143C52D4A	0x143C52D40	0x146162150
registry_accessor	0x146162150	CALLER	0x143C551FA	0x143C551F0	0x146162150
registry_accessor	0x146162150	CALLER	0x143C7289A	0x143C72890	0x146162150
registry_accessor	0x146162150	CALLER	0x143C749EA	0x143C749E0	0x146162150
registry_accessor	0x146162150	CALLER	0x143C74DAA	0x143C74DA0	0x146162150
registry_accessor	0x146162150	CALLER	0x143C8EA5A	0x143C8EA50	0x146162150
registry_accessor	0x146162150	CALLER	0x143C8EB0A	0x143C8EB00	0x146162150
registry_accessor	0x146162150	CALLER	0x143C8EBBA	0x143C8EBB0	0x146162150
registry_accessor	0x146162150	CALLER	0x143C8EE2A	0x143C8EE20	0x146162150
registry_accessor	0x146162150	CALLER	0x143C8F2AA	0x143C8F2A0	0x146162150
registry_accessor	0x146162150	CALLER	0x143C8F35A	0x143C8F350	0x146162150
registry_accessor	0x146162150	CALLER	0x143C8F60A	0x143C8F600	0x146162150
registry_accessor	0x146162150	CALLER	0x143C8F82A	0x143C8F820	0x146162150
registry_accessor	0x146162150	CALLER	0x143C8F8DA	0x143C8F8D0	0x146162150
registry_accessor	0x146162150	CALLER	0x143C8F98A	0x143C8F980	0x146162150
registry_accessor	0x146162150	CALLER	0x143C8FC0A	0x143C8FC00	0x146162150
registry_accessor	0x146162150	CALLER	0x143C8FCCA	0x143C8FCC0	0x146162150
registry_accessor	0x146162150	CALLER	0x143C8FE4A	0x143C8FE40	0x146162150
registry_accessor	0x146162150	CALLER	0x143C901AA	0x143C901A0	0x146162150
registry_accessor	0x146162150	CALLER	0x143C90AFA	0x143C90AF0	0x146162150
registry_accessor	0x146162150	CALLER	0x143C9185A	0x143C91850	0x146162150
registry_accessor	0x146162150	CALLER	0x143C9302A	0x143C93020	0x146162150
registry_accessor	0x146162150	CALLER	0x143C932FA	0x143C932F0	0x146162150
registry_accessor	0x146162150	CALLER	0x143C93EDA	0x143C93ED0	0x146162150
registry_accessor	0x146162150	CALLER	0x143CC74DA	0x143CC74D0	0x146162150
registry_accessor	0x146162150	CALLER	0x143CC784A	0x143CC7840	0x146162150
registry_accessor	0x146162150	CALLER	0x143CC78FA	0x143CC78F0	0x146162150
registry_accessor	0x146162150	CALLER	0x143CC79AA	0x143CC79A0	0x146162150
registry_accessor	0x146162150	CALLER	0x143CC7A5A	0x143CC7A50	0x146162150
registry_accessor	0x146162150	CALLER	0x143CCA44A	0x143CCA440	0x146162150
registry_accessor	0x146162150	CALLER	0x143CCA93A	0x143CCA930	0x146162150
registry_accessor	0x146162150	CALLER	0x143CCA9EA	0x143CCA9E0	0x146162150
registry_accessor	0x146162150	CALLER	0x143CCAA9A	0x143CCAA90	0x146162150
registry_accessor	0x146162150	CALLER	0x143CCABBA	0x143CCABB0	0x146162150
registry_accessor	0x146162150	CALLER	0x143CCAC6A	0x143CCAC60	0x146162150
registry_accessor	0x146162150	CALLER	0x143CCAEFA	0x143CCAEF0	0x146162150
registry_accessor	0x146162150	CALLER	0x143CCAFEA	0x143CCAFE0	0x146162150
registry_accessor	0x146162150	CALLER	0x143CCB14A	0x143CCB140	0x146162150
registry_accessor	0x146162150	CALLER	0x143CCB26A	0x143CCB260	0x146162150
registry_accessor	0x146162150	CALLER	0x143CCB5CA	0x143CCB5C0	0x146162150
registry_accessor	0x146162150	CALLER	0x143CCB7EA	0x143CCB7E0	0x146162150
registry_accessor	0x146162150	CALLER	0x143CCCD6A	0x143CCCD60	0x146162150
registry_accessor	0x146162150	CALLER	0x143CCD0AA	0x143CCD0A0	0x146162150
registry_accessor	0x146162150	CALLER	0x143CCDA3A	0x143CCDA30	0x146162150
registry_accessor	0x146162150	CALLER	0x143CCDBEA	0x143CCDBE0	0x146162150
registry_accessor	0x146162150	CALLER	0x143CCDD3A	0x143CCDD30	0x146162150
registry_accessor	0x146162150	CALLER	0x143CCDEBA	0x143CCDEB0	0x146162150
registry_accessor	0x146162150	CALLER	0x143D0884A	0x143D08840	0x146162150
registry_accessor	0x146162150	CALLER	0x143D088FA	0x143D088F0	0x146162150
registry_accessor	0x146162150	CALLER	0x143D08B8A	0x143D08B80	0x146162150
registry_accessor	0x146162150	CALLER	0x143D08C3A	0x143D08C30	0x146162150
registry_accessor	0x146162150	CALLER	0x143D6F93A	0x143D6F930	0x146162150
registry_accessor	0x146162150	CALLER	0x143D6F9EA	0x143D6F9E0	0x146162150
registry_accessor	0x146162150	CALLER	0x143D6FB0A	0x143D6FB00	0x146162150
registry_accessor	0x146162150	CALLER	0x143D6FD2A	0x143D6FD20	0x146162150
registry_accessor	0x146162150	CALLER	0x143D6FDDA	0x143D6FDD0	0x146162150
registry_accessor	0x146162150	CALLER	0x143D6FE8A	0x143D6FE80	0x146162150
registry_accessor	0x146162150	CALLER	0x143D6FF3A	0x143D6FF30	0x146162150
registry_accessor	0x146162150	CALLER	0x143D6FFEA	0x143D6FFE0	0x146162150
registry_accessor	0x146162150	CALLER	0x143D7009A	0x143D70090	0x146162150
registry_accessor	0x146162150	CALLER	0x143D7019A	0x143D70190	0x146162150
registry_accessor	0x146162150	CALLER	0x143D703BA	0x143D703B0	0x146162150
registry_accessor	0x146162150	CALLER	0x143D7046A	0x143D70460	0x146162150
registry_accessor	0x146162150	CALLER	0x143D7051A	0x143D70510	0x146162150
registry_accessor	0x146162150	CALLER	0x143D7079A	0x143D70790	0x146162150
registry_accessor	0x146162150	CALLER	0x143D8EB7A	0x143D8EB70	0x146162150
registry_accessor	0x146162150	CALLER	0x143D8ED1A	0x143D8ED10	0x146162150
registry_accessor	0x146162150	CALLER	0x143D8EFAA	0x143D8EFA0	0x146162150
registry_accessor	0x146162150	CALLER	0x143D8F1CA	0x143D8F1C0	0x146162150
registry_accessor	0x146162150	CALLER	0x143D8F38A	0x143D8F380	0x146162150
registry_accessor	0x146162150	CALLER	0x143D8FE0A	0x143D8FE00	0x146162150
registry_accessor	0x146162150	CALLER	0x143D9006A	0x143D90060	0x146162150
registry_accessor	0x146162150	CALLER	0x143D901EA	0x143D901E0	0x146162150
registry_accessor	0x146162150	CALLER	0x143D9159A	0x143D91590	0x146162150
registry_accessor	0x146162150	CALLER	0x143D9188A	0x143D91880	0x146162150
registry_accessor	0x146162150	CALLER	0x143D91B8A	0x143D91B80	0x146162150
registry_accessor	0x146162150	CALLER	0x143D91DDA	0x143D91DD0	0x146162150
registry_accessor	0x146162150	CALLER	0x143D91F5A	0x143D91F50	0x146162150
registry_accessor	0x146162150	CALLER	0x143D9205A	0x143D92050	0x146162150
registry_accessor	0x146162150	CALLER	0x143D924DA	0x143D924D0	0x146162150
registry_accessor	0x146162150	CALLER	0x143D9267A	0x143D92670	0x146162150
registry_accessor	0x146162150	CALLER	0x143D9280A	0x143D92800	0x146162150
registry_accessor	0x146162150	CALLER	0x143D92AAA	0x143D92AA0	0x146162150
registry_accessor	0x146162150	CALLER	0x143D92CCA	0x143D92CC0	0x146162150
registry_accessor	0x146162150	CALLER	0x143D92E6A	0x143D92E60	0x146162150
registry_accessor	0x146162150	CALLER	0x143D92F1A	0x143D92F10	0x146162150
registry_accessor	0x146162150	CALLER	0x143D934AA	0x143D934A0	0x146162150
registry_accessor	0x146162150	CALLER	0x143D9355A	0x143D93550	0x146162150
registry_accessor	0x146162150	CALLER	0x143D9362A	0x143D93620	0x146162150
registry_accessor	0x146162150	CALLER	0x143D9382A	0x143D93820	0x146162150
registry_accessor	0x146162150	CALLER	0x143D938DA	0x143D938D0	0x146162150
registry_accessor	0x146162150	CALLER	0x143D9398A	0x143D93980	0x146162150
registry_accessor	0x146162150	CALLER	0x143D93A3A	0x143D93A30	0x146162150
registry_accessor	0x146162150	CALLER	0x143D93C5A	0x143D93C50	0x146162150
registry_accessor	0x146162150	CALLER	0x143DC6F7A	0x143DC6F70	0x146162150
registry_accessor	0x146162150	CALLER	0x143DDFBEA	0x143DDFBE0	0x146162150
registry_accessor	0x146162150	CALLER	0x143DDFE9A	0x143DDFE90	0x146162150
registry_accessor	0x146162150	CALLER	0x143DDFF4A	0x143DDFF40	0x146162150
registry_accessor	0x146162150	CALLER	0x143DE00CA	0x143DE00C0	0x146162150
registry_accessor	0x146162150	CALLER	0x143DE033A	0x143DE0330	0x146162150
registry_accessor	0x146162150	CALLER	0x143DE05FA	0x143DE05F0	0x146162150
registry_accessor	0x146162150	CALLER	0x143DE098A	0x143DE0980	0x146162150
registry_accessor	0x146162150	CALLER	0x143DE0E7A	0x143DE0E70	0x146162150
registry_accessor	0x146162150	CALLER	0x143DE0F6A	0x143DE0F60	0x146162150
registry_accessor	0x146162150	CALLER	0x143DE120A	0x143DE1200	0x146162150
registry_accessor	0x146162150	CALLER	0x143DE2CBA	0x143DE2CB0	0x146162150
registry_accessor	0x146162150	CALLER	0x143DE2D6A	0x143DE2D60	0x146162150
registry_accessor	0x146162150	CALLER	0x143DE2FFA	0x143DE2FF0	0x146162150
registry_accessor	0x146162150	CALLER	0x143DE30AA	0x143DE30A0	0x146162150
registry_accessor	0x146162150	CALLER	0x143DE315A	0x143DE3150	0x146162150
registry_accessor	0x146162150	CALLER	0x143DE320A	0x143DE3200	0x146162150
registry_accessor	0x146162150	CALLER	0x143DE330A	0x143DE3300	0x146162150
registry_accessor	0x146162150	CALLER	0x143DE352A	0x143DE3520	0x146162150
registry_accessor	0x146162150	CALLER	0x143E0542A	0x143E05420	0x146162150
registry_accessor	0x146162150	CALLER	0x143E054DA	0x143E054D0	0x146162150
registry_accessor	0x146162150	CALLER	0x143E0558A	0x143E05580	0x146162150
registry_accessor	0x146162150	CALLER	0x143E05CFA	0x143E05CF0	0x146162150
registry_accessor	0x146162150	CALLER	0x143E05EDA	0x143E05ED0	0x146162150
registry_accessor	0x146162150	CALLER	0x143E0673A	0x143E06730	0x146162150
registry_accessor	0x146162150	CALLER	0x143E1C39A	0x143E1C390	0x146162150
registry_accessor	0x146162150	CALLER	0x143E1C44A	0x143E1C440	0x146162150
registry_accessor	0x146162150	CALLER	0x143E1C4FA	0x143E1C4F0	0x146162150
registry_accessor	0x146162150	CALLER	0x143E1C5AA	0x143E1C5A0	0x146162150
registry_accessor	0x146162150	CALLER	0x143E1C8AA	0x143E1C8A0	0x146162150
registry_accessor	0x146162150	CALLER	0x143E1CA3A	0x143E1CA30	0x146162150
registry_accessor	0x146162150	CALLER	0x143E1CAEA	0x143E1CAE0	0x146162150
registry_accessor	0x146162150	CALLER	0x143E1CC9A	0x143E1CC90	0x146162150
registry_accessor	0x146162150	CALLER	0x143E1CF0A	0x143E1CF00	0x146162150
registry_accessor	0x146162150	CALLER	0x143E361AA	0x143E361A0	0x146162150
registry_accessor	0x146162150	CALLER	0x143E368DA	0x143E368D0	0x146162150
registry_accessor	0x146162150	CALLER	0x143E36F7A	0x143E36F70	0x146162150
registry_accessor	0x146162150	CALLER	0x143E3702A	0x143E37020	0x146162150
registry_accessor	0x146162150	CALLER	0x143E5AB3A	0x143E5AB30	0x146162150
registry_accessor	0x146162150	CALLER	0x143E5AD4A	0x143E5AD40	0x146162150
registry_accessor	0x146162150	CALLER	0x143E5B00A	0x143E5B000	0x146162150
registry_accessor	0x146162150	CALLER	0x143E5B29A	0x143E5B290	0x146162150
registry_accessor	0x146162150	CALLER	0x143E5B34A	0x143E5B340	0x146162150
registry_accessor	0x146162150	CALLER	0x143E5B6CA	0x143E5B6C0	0x146162150
registry_accessor	0x146162150	CALLER	0x143E5DB3A	0x143E5DB30	0x146162150
registry_accessor	0x146162150	CALLER	0x143E5FE2A	0x143E5FE20	0x146162150
registry_accessor	0x146162150	CALLER	0x143E5FFAA	0x143E5FFA0	0x146162150
registry_accessor	0x146162150	CALLER	0x143E6031A	0x143E60310	0x146162150
registry_accessor	0x146162150	CALLER	0x143E604AA	0x143E604A0	0x146162150
registry_accessor	0x146162150	CALLER	0x143E605EA	0x143E605E0	0x146162150
registry_accessor	0x146162150	CALLER	0x143E6080A	0x143E60800	0x146162150
registry_accessor	0x146162150	CALLER	0x143E60B5A	0x143E60B50	0x146162150
registry_accessor	0x146162150	CALLER	0x143E60D0A	0x143E60D00	0x146162150
registry_accessor	0x146162150	CALLER	0x143E60E8A	0x143E60E80	0x146162150
registry_accessor	0x146162150	CALLER	0x143E6102A	0x143E61020	0x146162150
registry_accessor	0x146162150	CALLER	0x143E611AA	0x143E611A0	0x146162150
registry_accessor	0x146162150	CALLER	0x143E6125A	0x143E61250	0x146162150
registry_accessor	0x146162150	CALLER	0x143E6153A	0x143E61530	0x146162150
registry_accessor	0x146162150	CALLER	0x143E6198A	0x143E61980	0x146162150
registry_accessor	0x146162150	CALLER	0x143E61A7A	0x143E61A70	0x146162150
registry_accessor	0x146162150	CALLER	0x143E61BFA	0x143E61BF0	0x146162150
registry_accessor	0x146162150	CALLER	0x143E61D3A	0x143E61D30	0x146162150
registry_accessor	0x146162150	CALLER	0x143E6202A	0x143E62020	0x146162150
registry_accessor	0x146162150	CALLER	0x143EA075A	0x143EA0750	0x146162150
registry_accessor	0x146162150	CALLER	0x143EA0E5A	0x143EA0E50	0x146162150
registry_accessor	0x146162150	CALLER	0x143EA145A	0x143EA1450	0x146162150
registry_accessor	0x146162150	CALLER	0x143EA1BCA	0x143EA1BC0	0x146162150
registry_accessor	0x146162150	CALLER	0x143EA1D4A	0x143EA1D40	0x146162150
registry_accessor	0x146162150	CALLER	0x143EA211A	0x143EA2110	0x146162150
registry_accessor	0x146162150	CALLER	0x143EA25DA	0x143EA25D0	0x146162150
registry_accessor	0x146162150	CALLER	0x143EA2ADA	0x143EA2AD0	0x146162150
registry_accessor	0x146162150	CALLER	0x143EA352A	0x143EA3520	0x146162150
registry_accessor	0x146162150	CALLER	0x143EA3B4A	0x143EA3B40	0x146162150
registry_accessor	0x146162150	CALLER	0x143EA3D4A	0x143EA3D40	0x146162150
registry_accessor	0x146162150	CALLER	0x143EA410A	0x143EA4100	0x146162150
registry_accessor	0x146162150	CALLER	0x143EA448A	0x143EA4480	0x146162150
registry_accessor	0x146162150	CALLER	0x143EA501A	0x143EA5010	0x146162150
registry_accessor	0x146162150	CALLER	0x143EA5B4A	0x143EA5B40	0x146162150
registry_accessor	0x146162150	CALLER	0x143EA5BFA	0x143EA5BF0	0x146162150
registry_accessor	0x146162150	CALLER	0x143EA631A	0x143EA6310	0x146162150
registry_accessor	0x146162150	CALLER	0x143EA642A	0x143EA6420	0x146162150
registry_accessor	0x146162150	CALLER	0x143EA687A	0x143EA6870	0x146162150
registry_accessor	0x146162150	CALLER	0x143EA692A	0x143EA6920	0x146162150
registry_accessor	0x146162150	CALLER	0x143EA6D0A	0x143EA6D00	0x146162150
registry_accessor	0x146162150	CALLER	0x143EA6DBA	0x143EA6DB0	0x146162150
registry_accessor	0x146162150	CALLER	0x143EA71CA	0x143EA71C0	0x146162150
registry_accessor	0x146162150	CALLER	0x143EA733A	0x143EA7330	0x146162150
registry_accessor	0x146162150	CALLER	0x143EA777A	0x143EA7770	0x146162150
registry_accessor	0x146162150	CALLER	0x143EA78BA	0x143EA78B0	0x146162150
registry_accessor	0x146162150	CALLER	0x143EA7C0A	0x143EA7C00	0x146162150
registry_accessor	0x146162150	CALLER	0x143EA7DAA	0x143EA7DA0	0x146162150
registry_accessor	0x146162150	CALLER	0x143EA826A	0x143EA8260	0x146162150
registry_accessor	0x146162150	CALLER	0x143EA83AA	0x143EA83A0	0x146162150
registry_accessor	0x146162150	CALLER	0x143EA87CA	0x143EA87C0	0x146162150
registry_accessor	0x146162150	CALLER	0x143EA887A	0x143EA8870	0x146162150
registry_accessor	0x146162150	CALLER	0x143EA899A	0x143EA8990	0x146162150
registry_accessor	0x146162150	CALLER	0x143EA94FA	0x143EA94F0	0x146162150
registry_accessor	0x146162150	CALLER	0x143EA95AA	0x143EA95A0	0x146162150
registry_accessor	0x146162150	CALLER	0x143EA990A	0x143EA9900	0x146162150
registry_accessor	0x146162150	CALLER	0x143EA9DBA	0x143EA9DB0	0x146162150
registry_accessor	0x146162150	CALLER	0x143EA9E8A	0x143EA9E80	0x146162150
registry_accessor	0x146162150	CALLER	0x143EAA43A	0x143EAA430	0x146162150
registry_accessor	0x146162150	CALLER	0x143EAA4EA	0x143EAA4E0	0x146162150
registry_accessor	0x146162150	CALLER	0x143EAA7FA	0x143EAA7F0	0x146162150
registry_accessor	0x146162150	CALLER	0x143EAA8AA	0x143EAA8A0	0x146162150
registry_accessor	0x146162150	CALLER	0x143EAAB3A	0x143EAAB30	0x146162150
registry_accessor	0x146162150	CALLER	0x143EAABEA	0x143EAABE0	0x146162150
registry_accessor	0x146162150	CALLER	0x143EAB08A	0x143EAB080	0x146162150
registry_accessor	0x146162150	CALLER	0x143EAB32A	0x143EAB320	0x146162150
registry_accessor	0x146162150	CALLER	0x143EAB42A	0x143EAB420	0x146162150
registry_accessor	0x146162150	CALLER	0x143EAB5FA	0x143EAB5F0	0x146162150
registry_accessor	0x146162150	CALLER	0x143EABA6A	0x143EABA60	0x146162150
registry_accessor	0x146162150	CALLER	0x143EABBBA	0x143EABBB0	0x146162150
registry_accessor	0x146162150	CALLER	0x143EAC2FA	0x143EAC2F0	0x146162150
registry_accessor	0x146162150	CALLER	0x143EAC3AA	0x143EAC3A0	0x146162150
registry_accessor	0x146162150	CALLER	0x143EAC5CA	0x143EAC5C0	0x146162150
registry_accessor	0x146162150	CALLER	0x143EACAEA	0x143EACAE0	0x146162150
registry_accessor	0x146162150	CALLER	0x143EACE6A	0x143EACE60	0x146162150
registry_accessor	0x146162150	CALLER	0x143EAD18A	0x143EAD180	0x146162150
registry_accessor	0x146162150	CALLER	0x143EAD6CA	0x143EAD6C0	0x146162150
registry_accessor	0x146162150	CALLER	0x143EADB3A	0x143EADB30	0x146162150
registry_accessor	0x146162150	CALLER	0x143EAE1AA	0x143EAE1A0	0x146162150
registry_accessor	0x146162150	CALLER	0x143EAE67A	0x143EAE670	0x146162150
registry_accessor	0x146162150	CALLER	0x143EAEC8A	0x143EAEC80	0x146162150
registry_accessor	0x146162150	CALLER	0x143EAF41A	0x143EAF410	0x146162150
registry_accessor	0x146162150	CALLER	0x143EAF82A	0x143EAF820	0x146162150
registry_accessor	0x146162150	CALLER	0x143EAFB2A	0x143EAFB20	0x146162150
registry_accessor	0x146162150	CALLER	0x143EAFD5A	0x143EAFD50	0x146162150
registry_accessor	0x146162150	CALLER	0x143EB038A	0x143EB0380	0x146162150
registry_accessor	0x146162150	CALLER	0x143EB067A	0x143EB0670	0x146162150
registry_accessor	0x146162150	CALLER	0x143EB0E6A	0x143EB0E60	0x146162150
registry_accessor	0x146162150	CALLER	0x143EB13BA	0x143EB13B0	0x146162150
registry_accessor	0x146162150	CALLER	0x143EB171A	0x143EB1710	0x146162150
registry_accessor	0x146162150	CALLER	0x143EB1CAA	0x143EB1CA0	0x146162150
registry_accessor	0x146162150	CALLER	0x143EB20DA	0x143EB20D0	0x146162150
registry_accessor	0x146162150	CALLER	0x143EB259A	0x143EB2590	0x146162150
registry_accessor	0x146162150	CALLER	0x143EB2FBA	0x143EB2FB0	0x146162150
registry_accessor	0x146162150	CALLER	0x143EB33BA	0x143EB33B0	0x146162150
registry_accessor	0x146162150	CALLER	0x143EB3BBA	0x143EB3BB0	0x146162150
registry_accessor	0x146162150	CALLER	0x143EB40EA	0x143EB40E0	0x146162150
registry_accessor	0x146162150	CALLER	0x143EB446A	0x143EB4460	0x146162150
registry_accessor	0x146162150	CALLER	0x143EB4B1A	0x143EB4B10	0x146162150
registry_accessor	0x146162150	CALLER	0x143EB4E1A	0x143EB4E10	0x146162150
registry_accessor	0x146162150	CALLER	0x143EB5A8A	0x143EB5A80	0x146162150
registry_accessor	0x146162150	CALLER	0x143EB616A	0x143EB6160	0x146162150
registry_accessor	0x146162150	CALLER	0x143EB631A	0x143EB6310	0x146162150
registry_accessor	0x146162150	CALLER	0x143EB64AA	0x143EB64A0	0x146162150
registry_accessor	0x146162150	CALLER	0x143EB699A	0x143EB6990	0x146162150
registry_accessor	0x146162150	CALLER	0x143EB780A	0x143EB7800	0x146162150
registry_accessor	0x146162150	CALLER	0x143EB806A	0x143EB8060	0x146162150
registry_accessor	0x146162150	CALLER	0x143EB886A	0x143EB8860	0x146162150
registry_accessor	0x146162150	CALLER	0x143EB8D0A	0x143EB8D00	0x146162150
registry_accessor	0x146162150	CALLER	0x143EB8F8A	0x143EB8F80	0x146162150
registry_accessor	0x146162150	CALLER	0x143EB95FA	0x143EB95F0	0x146162150
registry_accessor	0x146162150	CALLER	0x143EB9DFA	0x143EB9DF0	0x146162150
registry_accessor	0x146162150	CALLER	0x143EBA3CA	0x143EBA3C0	0x146162150
registry_accessor	0x146162150	CALLER	0x143EBA6DA	0x143EBA6D0	0x146162150
registry_accessor	0x146162150	CALLER	0x143F21CEA	0x143F21CE0	0x146162150
registry_accessor	0x146162150	CALLER	0x143F21D9A	0x143F21D90	0x146162150
registry_accessor	0x146162150	CALLER	0x143F2202A	0x143F22020	0x146162150
registry_accessor	0x146162150	CALLER	0x143F220DA	0x143F220D0	0x146162150
registry_accessor	0x146162150	CALLER	0x143F243CA	0x143F243C0	0x146162150
registry_accessor	0x146162150	CALLER	0x143F2496A	0x143F24960	0x146162150
registry_accessor	0x146162150	CALLER	0x143F24D2A	0x143F24D20	0x146162150
registry_accessor	0x146162150	CALLER	0x143F24FDA	0x143F24FD0	0x146162150
registry_accessor	0x146162150	CALLER	0x143F2544A	0x143F25440	0x146162150
registry_accessor	0x146162150	CALLER	0x143F2550A	0x143F25500	0x146162150
registry_accessor	0x146162150	CALLER	0x143F2592A	0x143F25920	0x146162150
registry_accessor	0x146162150	CALLER	0x143F25ACA	0x143F25AC0	0x146162150
registry_accessor	0x146162150	CALLER	0x143F25DBA	0x143F25DB0	0x146162150
registry_accessor	0x146162150	CALLER	0x143F2614A	0x143F26140	0x146162150
registry_accessor	0x146162150	CALLER	0x143F2654A	0x143F26540	0x146162150
registry_accessor	0x146162150	CALLER	0x143F265FA	0x143F265F0	0x146162150
registry_accessor	0x146162150	CALLER	0x143F2686A	0x143F26860	0x146162150
registry_accessor	0x146162150	CALLER	0x143F2698A	0x143F26980	0x146162150
registry_accessor	0x146162150	CALLER	0x143F26F8A	0x143F26F80	0x146162150
registry_accessor	0x146162150	CALLER	0x143F271AA	0x143F271A0	0x146162150
registry_accessor	0x146162150	CALLER	0x143F2755A	0x143F27550	0x146162150
registry_accessor	0x146162150	CALLER	0x143F27E0A	0x143F27E00	0x146162150
registry_accessor	0x146162150	CALLER	0x143F2816A	0x143F28160	0x146162150
registry_accessor	0x146162150	CALLER	0x143F2847A	0x143F28470	0x146162150
registry_accessor	0x146162150	CALLER	0x143F285AA	0x143F285A0	0x146162150
registry_accessor	0x146162150	CALLER	0x143F2893A	0x143F28930	0x146162150
registry_accessor	0x146162150	CALLER	0x143F289EA	0x143F289E0	0x146162150
registry_accessor	0x146162150	CALLER	0x143F28C0A	0x143F28C00	0x146162150
registry_accessor	0x146162150	CALLER	0x143F28E7A	0x143F28E70	0x146162150
registry_accessor	0x146162150	CALLER	0x143F2911A	0x143F29110	0x146162150
registry_accessor	0x146162150	CALLER	0x143F2938A	0x143F29380	0x146162150
registry_accessor	0x146162150	CALLER	0x143F294BA	0x143F294B0	0x146162150
registry_accessor	0x146162150	CALLER	0x143F2986A	0x143F29860	0x146162150
registry_accessor	0x146162150	CALLER	0x143F29B2A	0x143F29B20	0x146162150
registry_accessor	0x146162150	CALLER	0x143F29D4A	0x143F29D40	0x146162150
registry_accessor	0x146162150	CALLER	0x143F29DFA	0x143F29DF0	0x146162150
registry_accessor	0x146162150	CALLER	0x143F2A13A	0x143F2A130	0x146162150
registry_accessor	0x146162150	CALLER	0x143F2A1EA	0x143F2A1E0	0x146162150
registry_accessor	0x146162150	CALLER	0x143F2A29A	0x143F2A290	0x146162150
registry_accessor	0x146162150	CALLER	0x143F2A82A	0x143F2A820	0x146162150
registry_accessor	0x146162150	CALLER	0x143F2B31A	0x143F2B310	0x146162150
registry_accessor	0x146162150	CALLER	0x143F7B6BA	0x143F7B6B0	0x146162150
registry_accessor	0x146162150	CALLER	0x143F9693A	0x143F96930	0x146162150
registry_accessor	0x146162150	CALLER	0x143F969EA	0x143F969E0	0x146162150
registry_accessor	0x146162150	CALLER	0x143F96C0A	0x143F96C00	0x146162150
registry_accessor	0x146162150	CALLER	0x143F96E2A	0x143F96E20	0x146162150
registry_accessor	0x146162150	CALLER	0x143F9702A	0x143F97020	0x146162150
registry_accessor	0x146162150	CALLER	0x143F9751A	0x143F97510	0x146162150
registry_accessor	0x146162150	CALLER	0x143F976EA	0x143F976E0	0x146162150
registry_accessor	0x146162150	CALLER	0x143F9779A	0x143F97790	0x146162150
registry_accessor	0x146162150	CALLER	0x143F9792A	0x143F97920	0x146162150
registry_accessor	0x146162150	CALLER	0x143F9992A	0x143F99920	0x146162150
registry_accessor	0x146162150	CALLER	0x143F99DDA	0x143F99DD0	0x146162150
registry_accessor	0x146162150	CALLER	0x143F99E8A	0x143F99E80	0x146162150
registry_accessor	0x146162150	CALLER	0x143F99F3A	0x143F99F30	0x146162150
registry_accessor	0x146162150	CALLER	0x143F99FEA	0x143F99FE0	0x146162150
registry_accessor	0x146162150	CALLER	0x143F9A09A	0x143F9A090	0x146162150
registry_accessor	0x146162150	CALLER	0x143F9A38A	0x143F9A380	0x146162150
registry_accessor	0x146162150	CALLER	0x143FB421A	0x143FB4210	0x146162150
registry_accessor	0x146162150	CALLER	0x143FB42CA	0x143FB42C0	0x146162150
registry_accessor	0x146162150	CALLER	0x143FB437A	0x143FB4370	0x146162150
registry_accessor	0x146162150	CALLER	0x143FB474A	0x143FB4740	0x146162150
registry_accessor	0x146162150	CALLER	0x143FB4A4A	0x143FB4A40	0x146162150
registry_accessor	0x146162150	CALLER	0x143FB4BCA	0x143FB4BC0	0x146162150
registry_accessor	0x146162150	CALLER	0x143FB4DAA	0x143FB4DA0	0x146162150
registry_accessor	0x146162150	CALLER	0x143FB4F5A	0x143FB4F50	0x146162150
registry_accessor	0x146162150	CALLER	0x143FB50FA	0x143FB50F0	0x146162150
registry_accessor	0x146162150	CALLER	0x143FB52AA	0x143FB52A0	0x146162150
registry_accessor	0x146162150	CALLER	0x143FB55CA	0x143FB55C0	0x146162150
registry_accessor	0x146162150	CALLER	0x143FB57EA	0x143FB57E0	0x146162150
registry_accessor	0x146162150	CALLER	0x143FB599A	0x143FB5990	0x146162150
registry_accessor	0x146162150	CALLER	0x143FB5A4A	0x143FB5A40	0x146162150
registry_accessor	0x146162150	CALLER	0x143FB5BFA	0x143FB5BF0	0x146162150
registry_accessor	0x146162150	CALLER	0x143FD261A	0x143FD2610	0x146162150
registry_accessor	0x146162150	CALLER	0x143FD373A	0x143FD3730	0x146162150
registry_accessor	0x146162150	CALLER	0x143FF6A3A	0x143FF6A30	0x146162150
registry_accessor	0x146162150	CALLER	0x143FF6AEA	0x143FF6AE0	0x146162150
registry_accessor	0x146162150	CALLER	0x143FF6B9A	0x143FF6B90	0x146162150
registry_accessor	0x146162150	CALLER	0x143FF6ECA	0x143FF6EC0	0x146162150
registry_accessor	0x146162150	CALLER	0x143FF70BA	0x143FF70B0	0x146162150
registry_accessor	0x146162150	CALLER	0x143FF725A	0x143FF7250	0x146162150
registry_accessor	0x146162150	CALLER	0x143FF738A	0x143FF7380	0x146162150
registry_accessor	0x146162150	CALLER	0x143FF761A	0x143FF7610	0x146162150
registry_accessor	0x146162150	CALLER	0x143FF788A	0x143FF7880	0x146162150
registry_accessor	0x146162150	CALLER	0x143FF7A0A	0x143FF7A00	0x146162150
registry_accessor	0x146162150	CALLER	0x143FF7D3A	0x143FF7D30	0x146162150
registry_accessor	0x146162150	CALLER	0x143FF7EFA	0x143FF7EF0	0x146162150
registry_accessor	0x146162150	CALLER	0x143FF820A	0x143FF8200	0x146162150
registry_accessor	0x146162150	CALLER	0x143FFBDEA	0x143FFBDE0	0x146162150
registry_accessor	0x146162150	CALLER	0x143FFC23A	0x143FFC230	0x146162150
registry_accessor	0x146162150	CALLER	0x143FFC56A	0x143FFC560	0x146162150
registry_accessor	0x146162150	CALLER	0x143FFC61A	0x143FFC610	0x146162150
registry_accessor	0x146162150	CALLER	0x143FFC83A	0x143FFC830	0x146162150
registry_accessor	0x146162150	CALLER	0x14404D3CA	0x14404D3C0	0x146162150
registry_accessor	0x146162150	CALLER	0x14404E92A	0x14404E920	0x146162150
registry_accessor	0x146162150	CALLER	0x14404EFDA	0x14404EFD0	0x146162150
registry_accessor	0x146162150	CALLER	0x14404F26A	0x14404F260	0x146162150
registry_accessor	0x146162150	CALLER	0x14404F6EA	0x14404F6E0	0x146162150
registry_accessor	0x146162150	CALLER	0x14404F88A	0x14404F880	0x146162150
registry_accessor	0x146162150	CALLER	0x14406E28A	0x14406E280	0x146162150
registry_accessor	0x146162150	CALLER	0x14406EF9A	0x14406EF90	0x146162150
registry_accessor	0x146162150	CALLER	0x14407086A	0x144070860	0x146162150
registry_accessor	0x146162150	CALLER	0x14407091A	0x144070910	0x146162150
registry_accessor	0x146162150	CALLER	0x1440709CA	0x1440709C0	0x146162150
registry_accessor	0x146162150	CALLER	0x144070C1A	0x144070C10	0x146162150
registry_accessor	0x146162150	CALLER	0x144070E3A	0x144070E30	0x146162150
registry_accessor	0x146162150	CALLER	0x144070EEA	0x144070EE0	0x146162150
registry_accessor	0x146162150	CALLER	0x14409020A	0x144090200	0x146162150
registry_accessor	0x146162150	CALLER	0x1440A799A	0x1440A7990	0x146162150
registry_accessor	0x146162150	CALLER	0x1440AA2FA	0x1440AA2F0	0x146162150
registry_accessor	0x146162150	CALLER	0x1440AA3AA	0x1440AA3A0	0x146162150
registry_accessor	0x146162150	CALLER	0x1440AA5FA	0x1440AA5F0	0x146162150
registry_accessor	0x146162150	CALLER	0x1440AA97A	0x1440AA970	0x146162150
registry_accessor	0x146162150	CALLER	0x1440AAABA	0x1440AAAB0	0x146162150
registry_accessor	0x146162150	CALLER	0x1440AABAA	0x1440AABA0	0x146162150
registry_accessor	0x146162150	CALLER	0x1440AAC5A	0x1440AAC50	0x146162150
registry_accessor	0x146162150	CALLER	0x1440AAE8A	0x1440AAE80	0x146162150
registry_accessor	0x146162150	CALLER	0x1440AAFCA	0x1440AAFC0	0x146162150
registry_accessor	0x146162150	CALLER	0x1440AB2DA	0x1440AB2D0	0x146162150
registry_accessor	0x146162150	CALLER	0x1440AB4FA	0x1440AB4F0	0x146162150
registry_accessor	0x146162150	CALLER	0x1440AB88A	0x1440AB880	0x146162150
registry_accessor	0x146162150	CALLER	0x1440ABC4A	0x1440ABC40	0x146162150
registry_accessor	0x146162150	CALLER	0x1440ABEDA	0x1440ABED0	0x146162150
registry_accessor	0x146162150	CALLER	0x1440AC05A	0x1440AC050	0x146162150
registry_accessor	0x146162150	CALLER	0x1440AC19A	0x1440AC190	0x146162150
registry_accessor	0x146162150	CALLER	0x1440AC28A	0x1440AC280	0x146162150
registry_accessor	0x146162150	CALLER	0x1440AC47A	0x1440AC470	0x146162150
registry_accessor	0x146162150	CALLER	0x1440AC8FA	0x1440AC8F0	0x146162150
registry_accessor	0x146162150	CALLER	0x1440ACA7A	0x1440ACA70	0x146162150
registry_accessor	0x146162150	CALLER	0x1440ACECA	0x1440ACEC0	0x146162150
registry_accessor	0x146162150	CALLER	0x1440AE47A	0x1440AE470	0x146162150
registry_accessor	0x146162150	CALLER	0x1440AE61A	0x1440AE610	0x146162150
registry_accessor	0x146162150	CALLER	0x1440AE6CA	0x1440AE6C0	0x146162150
registry_accessor	0x146162150	CALLER	0x1440AE77A	0x1440AE770	0x146162150
registry_accessor	0x146162150	CALLER	0x1440AE82A	0x1440AE820	0x146162150
registry_accessor	0x146162150	CALLER	0x1440AE8DA	0x1440AE8D0	0x146162150
registry_accessor	0x146162150	CALLER	0x1440EC18A	0x1440EC180	0x146162150
registry_accessor	0x146162150	CALLER	0x1440EC30A	0x1440EC300	0x146162150
registry_accessor	0x146162150	CALLER	0x1440EC3BA	0x1440EC3B0	0x146162150
registry_accessor	0x146162150	CALLER	0x1440EC53A	0x1440EC530	0x146162150
registry_accessor	0x146162150	CALLER	0x1440EC65A	0x1440EC650	0x146162150
registry_accessor	0x146162150	CALLER	0x1440ECC3A	0x1440ECC30	0x146162150
registry_accessor	0x146162150	CALLER	0x1440F166A	0x1440F1660	0x146162150
registry_accessor	0x146162150	CALLER	0x1440F196A	0x1440F1960	0x146162150
registry_accessor	0x146162150	CALLER	0x1440F1C9A	0x1440F1C90	0x146162150
registry_accessor	0x146162150	CALLER	0x1440F1FEA	0x1440F1FE0	0x146162150
registry_accessor	0x146162150	CALLER	0x1440F224A	0x1440F2240	0x146162150
registry_accessor	0x146162150	CALLER	0x1440F275A	0x1440F2750	0x146162150
registry_accessor	0x146162150	CALLER	0x1440F289A	0x1440F2890	0x146162150
registry_accessor	0x146162150	CALLER	0x1440F36EA	0x1440F36E0	0x146162150
registry_accessor	0x146162150	CALLER	0x1440F37AA	0x1440F37A0	0x146162150
registry_accessor	0x146162150	CALLER	0x1440F385A	0x1440F3850	0x146162150
registry_accessor	0x146162150	CALLER	0x1440F39FA	0x1440F39F0	0x146162150
registry_accessor	0x146162150	CALLER	0x1440F3B9A	0x1440F3B90	0x146162150
registry_accessor	0x146162150	CALLER	0x1440F3C4A	0x1440F3C40	0x146162150
registry_accessor	0x146162150	CALLER	0x1440F3CFA	0x1440F3CF0	0x146162150
registry_accessor	0x146162150	CALLER	0x1440F3E2A	0x1440F3E20	0x146162150
registry_accessor	0x146162150	CALLER	0x1440F3EDA	0x1440F3ED0	0x146162150
registry_accessor	0x146162150	CALLER	0x1440F426A	0x1440F4260	0x146162150
registry_accessor	0x146162150	CALLER	0x1440F431A	0x1440F4310	0x146162150
registry_accessor	0x146162150	CALLER	0x1440F468A	0x1440F4680	0x146162150
registry_accessor	0x146162150	CALLER	0x1440F473A	0x1440F4730	0x146162150
registry_accessor	0x146162150	CALLER	0x1440F47EA	0x1440F47E0	0x146162150
registry_accessor	0x146162150	CALLER	0x1440F49FA	0x1440F49F0	0x146162150
registry_accessor	0x146162150	CALLER	0x1440F4D7A	0x1440F4D70	0x146162150
registry_accessor	0x146162150	CALLER	0x1440F4E9A	0x1440F4E90	0x146162150
registry_accessor	0x146162150	CALLER	0x1440F531A	0x1440F5310	0x146162150
registry_accessor	0x146162150	CALLER	0x1440F53CA	0x1440F53C0	0x146162150
registry_accessor	0x146162150	CALLER	0x1441454EA	0x1441454E0	0x146162150
registry_accessor	0x146162150	CALLER	0x14414568A	0x144145680	0x146162150
registry_accessor	0x146162150	CALLER	0x14414573A	0x144145730	0x146162150
registry_accessor	0x146162150	CALLER	0x14414590A	0x144145900	0x146162150
registry_accessor	0x146162150	CALLER	0x1441459BA	0x1441459B0	0x146162150
registry_accessor	0x146162150	CALLER	0x144145A6A	0x144145A60	0x146162150
registry_accessor	0x146162150	CALLER	0x144146D8A	0x144146D80	0x146162150
registry_accessor	0x146162150	CALLER	0x144146E3A	0x144146E30	0x146162150
registry_accessor	0x146162150	CALLER	0x14414904A	0x144149040	0x146162150
registry_accessor	0x146162150	CALLER	0x1441492DA	0x1441492D0	0x146162150
registry_accessor	0x146162150	CALLER	0x1441727FA	0x1441727F0	0x146162150
registry_accessor	0x146162150	CALLER	0x1441728AA	0x1441728A0	0x146162150
registry_accessor	0x146162150	CALLER	0x14417295A	0x144172950	0x146162150
registry_accessor	0x146162150	CALLER	0x144172B3A	0x144172B30	0x146162150
registry_accessor	0x146162150	CALLER	0x144172F0A	0x144172F00	0x146162150
registry_accessor	0x146162150	CALLER	0x144189C9A	0x144189C90	0x146162150
registry_accessor	0x146162150	CALLER	0x1442B82DA	0x1442B82D0	0x146162150
registry_accessor	0x146162150	CALLER	0x1442B8D1A	0x1442B8D10	0x146162150
registry_accessor	0x146162150	CALLER	0x1442B8DCA	0x1442B8DC0	0x146162150
registry_accessor	0x146162150	CALLER	0x1442DE1AA	0x1442DE1A0	0x146162150
registry_accessor	0x146162150	CALLER	0x1442DEA2A	0x1442DEA20	0x146162150
registry_accessor	0x146162150	CALLER	0x1442DFB3A	0x1442DFB30	0x146162150
registry_accessor	0x146162150	CALLER	0x1442DFBEA	0x1442DFBE0	0x146162150
registry_accessor	0x146162150	CALLER	0x1442DFDAA	0x1442DFDA0	0x146162150
registry_accessor	0x146162150	CALLER	0x144305D0A	0x144305D00	0x146162150
registry_accessor	0x146162150	CALLER	0x144305DBA	0x144305DB0	0x146162150
registry_accessor	0x146162150	CALLER	0x144305F3A	0x144305F30	0x146162150
registry_accessor	0x146162150	CALLER	0x144305FEA	0x144305FE0	0x146162150
registry_accessor	0x146162150	CALLER	0x1443062EA	0x1443062E0	0x146162150
registry_accessor	0x146162150	CALLER	0x14432EC2A	0x14432EC20	0x146162150
registry_accessor	0x146162150	CALLER	0x14432ECDA	0x14432ECD0	0x146162150
registry_accessor	0x146162150	CALLER	0x14432ED8A	0x14432ED80	0x146162150
registry_accessor	0x146162150	CALLER	0x14432EE3A	0x14432EE30	0x146162150
registry_accessor	0x146162150	CALLER	0x14432EEEA	0x14432EEE0	0x146162150
registry_accessor	0x146162150	CALLER	0x14432FE7A	0x14432FE70	0x146162150
registry_accessor	0x146162150	CALLER	0x14432FF2A	0x14432FF20	0x146162150
registry_accessor	0x146162150	CALLER	0x14432FFDA	0x14432FFD0	0x146162150
registry_accessor	0x146162150	CALLER	0x14433038A	0x144330380	0x146162150
registry_accessor	0x146162150	CALLER	0x1443305EA	0x1443305E0	0x146162150
registry_accessor	0x146162150	CALLER	0x14433442A	0x144334420	0x146162150
registry_accessor	0x146162150	CALLER	0x144334B4A	0x144334B40	0x146162150
registry_accessor	0x146162150	CALLER	0x1443354DA	0x1443354D0	0x146162150
registry_accessor	0x146162150	CALLER	0x144335AAA	0x144335AA0	0x146162150
registry_accessor	0x146162150	CALLER	0x144335DAA	0x144335DA0	0x146162150
registry_accessor	0x146162150	CALLER	0x144335E5A	0x144335E50	0x146162150
registry_accessor	0x146162150	CALLER	0x144335F0A	0x144335F00	0x146162150
registry_accessor	0x146162150	CALLER	0x144335FBA	0x144335FB0	0x146162150
registry_accessor	0x146162150	CALLER	0x14433606A	0x144336060	0x146162150
registry_accessor	0x146162150	CALLER	0x14433624A	0x144336240	0x146162150
registry_accessor	0x146162150	CALLER	0x1443362FA	0x1443362F0	0x146162150
registry_accessor	0x146162150	CALLER	0x1443363AA	0x1443363A0	0x146162150
registry_accessor	0x146162150	CALLER	0x14433645A	0x144336450	0x146162150
registry_accessor	0x146162150	CALLER	0x1443365FA	0x1443365F0	0x146162150
registry_accessor	0x146162150	CALLER	0x14437477A	0x144374770	0x146162150
registry_accessor	0x146162150	CALLER	0x14437482A	0x144374820	0x146162150
registry_accessor	0x146162150	CALLER	0x14437497A	0x144374970	0x146162150
registry_accessor	0x146162150	CALLER	0x144374A2A	0x144374A20	0x146162150
registry_accessor	0x146162150	CALLER	0x144374D9A	0x144374D90	0x146162150
registry_accessor	0x146162150	CALLER	0x144374E5A	0x144374E50	0x146162150
registry_accessor	0x146162150	CALLER	0x144374FBA	0x144374FB0	0x146162150
registry_accessor	0x146162150	CALLER	0x14437505A	0x144375050	0x146162150
registry_accessor	0x146162150	CALLER	0x14437511A	0x144375110	0x146162150
registry_accessor	0x146162150	CALLER	0x1443751BA	0x1443751B0	0x146162150
registry_accessor	0x146162150	CALLER	0x144375B3A	0x144375B30	0x146162150
registry_accessor	0x146162150	CALLER	0x1443763DA	0x1443763D0	0x146162150
registry_accessor	0x146162150	CALLER	0x14437648A	0x144376480	0x146162150
registry_accessor	0x146162150	CALLER	0x14437653A	0x144376530	0x146162150
registry_accessor	0x146162150	CALLER	0x1443765EA	0x1443765E0	0x146162150
registry_accessor	0x146162150	CALLER	0x14437669A	0x144376690	0x146162150
registry_accessor	0x146162150	CALLER	0x14437695A	0x144376950	0x146162150
registry_accessor	0x146162150	CALLER	0x144376A0A	0x144376A00	0x146162150
registry_accessor	0x146162150	CALLER	0x144376ABA	0x144376AB0	0x146162150
registry_accessor	0x146162150	CALLER	0x144376B6A	0x144376B60	0x146162150
registry_accessor	0x146162150	CALLER	0x144376C1A	0x144376C10	0x146162150
registry_accessor	0x146162150	CALLER	0x144376DEA	0x144376DE0	0x146162150
registry_accessor	0x146162150	CALLER	0x144376E9A	0x144376E90	0x146162150
registry_accessor	0x146162150	CALLER	0x14437703A	0x144377030	0x146162150
registry_accessor	0x146162150	CALLER	0x14437726A	0x144377260	0x146162150
registry_accessor	0x146162150	CALLER	0x14437731A	0x144377310	0x146162150
registry_accessor	0x146162150	CALLER	0x1443773CA	0x1443773C0	0x146162150
registry_accessor	0x146162150	CALLER	0x14437B64A	0x14437B640	0x146162150
registry_accessor	0x146162150	CALLER	0x14437BD1A	0x14437BD10	0x146162150
registry_accessor	0x146162150	CALLER	0x14437F84A	0x14437F840	0x146162150
registry_accessor	0x146162150	CALLER	0x14437FDBA	0x14437FDB0	0x146162150
registry_accessor	0x146162150	CALLER	0x14438B5CA	0x14438B5C0	0x146162150
registry_accessor	0x146162150	CALLER	0x14438B67A	0x14438B670	0x146162150
registry_accessor	0x146162150	CALLER	0x14438BC9A	0x14438BC90	0x146162150
registry_accessor	0x146162150	CALLER	0x14438BD4A	0x14438BD40	0x146162150
registry_accessor	0x146162150	CALLER	0x14438BDFA	0x14438BDF0	0x146162150
registry_accessor	0x146162150	CALLER	0x14438C15A	0x14438C150	0x146162150
registry_accessor	0x146162150	CALLER	0x14438C56A	0x14438C560	0x146162150
registry_accessor	0x146162150	CALLER	0x14438C8DA	0x14438C8D0	0x146162150
registry_accessor	0x146162150	CALLER	0x14438C98A	0x14438C980	0x146162150
registry_accessor	0x146162150	CALLER	0x14438CA3A	0x14438CA30	0x146162150
registry_accessor	0x146162150	CALLER	0x14438CB9A	0x14438CB90	0x146162150
registry_accessor	0x146162150	CALLER	0x14438CC4A	0x14438CC40	0x146162150
registry_accessor	0x146162150	CALLER	0x14438CCFA	0x14438CCF0	0x146162150
registry_accessor	0x146162150	CALLER	0x14438CDAA	0x14438CDA0	0x146162150
registry_accessor	0x146162150	CALLER	0x14438CE5A	0x14438CE50	0x146162150
registry_accessor	0x146162150	CALLER	0x14438D39A	0x14438D390	0x146162150
registry_accessor	0x146162150	CALLER	0x144397C3A	0x144397C30	0x146162150
registry_accessor	0x146162150	CALLER	0x144397CEA	0x144397CE0	0x146162150
registry_accessor	0x146162150	CALLER	0x144397D9A	0x144397D90	0x146162150
registry_accessor	0x146162150	CALLER	0x14439804A	0x144398040	0x146162150
registry_accessor	0x146162150	CALLER	0x1443980FA	0x1443980F0	0x146162150
registry_accessor	0x146162150	CALLER	0x14439A4FA	0x14439A4F0	0x146162150
registry_accessor	0x146162150	CALLER	0x14439A5AA	0x14439A5A0	0x146162150
registry_accessor	0x146162150	CALLER	0x14439A65A	0x14439A650	0x146162150
registry_accessor	0x146162150	CALLER	0x1443FE03A	0x1443FE030	0x146162150
registry_accessor	0x146162150	CALLER	0x1444E947A	0x1444E9470	0x146162150
registry_accessor	0x146162150	CALLER	0x1444EF67A	0x1444EF670	0x146162150
registry_accessor	0x146162150	CALLER	0x1444EF86A	0x1444EF860	0x146162150
registry_accessor	0x146162150	CALLER	0x1444EF91A	0x1444EF910	0x146162150
registry_accessor	0x146162150	CALLER	0x1444EF9CA	0x1444EF9C0	0x146162150
registry_accessor	0x146162150	CALLER	0x1444EFA7A	0x1444EFA70	0x146162150
registry_accessor	0x146162150	CALLER	0x1444EFBBA	0x1444EFBB0	0x146162150
registry_accessor	0x146162150	CALLER	0x1444FBCBA	0x1444FBCB0	0x146162150
registry_accessor	0x146162150	CALLER	0x1444FBD6A	0x1444FBD60	0x146162150
registry_accessor	0x146162150	CALLER	0x1444FDD5A	0x1444FDD50	0x146162150
registry_accessor	0x146162150	CALLER	0x14450FC2A	0x14450FC20	0x146162150
registry_accessor	0x146162150	CALLER	0x14450FDFA	0x14450FDF0	0x146162150
registry_accessor	0x146162150	CALLER	0x1445100EA	0x1445100E0	0x146162150
registry_accessor	0x146162150	CALLER	0x1445102BA	0x1445102B0	0x146162150
registry_accessor	0x146162150	CALLER	0x14451036A	0x144510360	0x146162150
registry_accessor	0x146162150	CALLER	0x14451E6FA	0x14451E6F0	0x146162150
registry_accessor	0x146162150	CALLER	0x14452280A	0x144522800	0x146162150
registry_accessor	0x146162150	CALLER	0x14453D3BA	0x14453D3B0	0x146162150
registry_accessor	0x146162150	CALLER	0x1445E81EA	0x1445E81E0	0x146162150
registry_accessor	0x146162150	CALLER	0x1445E842A	0x1445E8420	0x146162150
registry_accessor	0x146162150	CALLER	0x1445E863A	0x1445E8630	0x146162150
registry_accessor	0x146162150	CALLER	0x1445E8A1A	0x1445E8A10	0x146162150
registry_accessor	0x146162150	CALLER	0x1445E8C6A	0x1445E8C60	0x146162150
registry_accessor	0x146162150	CALLER	0x1445E8FDA	0x1445E8FD0	0x146162150
registry_accessor	0x146162150	CALLER	0x14462121A	0x144621210	0x146162150
registry_accessor	0x146162150	CALLER	0x1446212CA	0x1446212C0	0x146162150
registry_accessor	0x146162150	CALLER	0x144623B7A	0x144623B70	0x146162150
registry_accessor	0x146162150	CALLER	0x14462455A	0x144624550	0x146162150
registry_accessor	0x146162150	CALLER	0x14462460A	0x144624600	0x146162150
registry_accessor	0x146162150	CALLER	0x1446246BA	0x1446246B0	0x146162150
registry_accessor	0x146162150	CALLER	0x14462B57A	0x14462B570	0x146162150
registry_accessor	0x146162150	CALLER	0x14462B78A	0x14462B780	0x146162150
registry_accessor	0x146162150	CALLER	0x14462B8AA	0x14462B8A0	0x146162150
registry_accessor	0x146162150	CALLER	0x14462B95A	0x14462B950	0x146162150
registry_accessor	0x146162150	CALLER	0x14462BA0A	0x14462BA00	0x146162150
registry_accessor	0x146162150	CALLER	0x14462BABA	0x14462BAB0	0x146162150
registry_accessor	0x146162150	CALLER	0x14462BB6A	0x14462BB60	0x146162150
registry_accessor	0x146162150	CALLER	0x14462BC1A	0x14462BC10	0x146162150
registry_accessor	0x146162150	CALLER	0x14462BCCA	0x14462BCC0	0x146162150
registry_accessor	0x146162150	CALLER	0x14462BD7A	0x14462BD70	0x146162150
registry_accessor	0x146162150	CALLER	0x14462BE2A	0x14462BE20	0x146162150
registry_accessor	0x146162150	CALLER	0x14462BEDA	0x14462BED0	0x146162150
registry_accessor	0x146162150	CALLER	0x14462BF8A	0x14462BF80	0x146162150
registry_accessor	0x146162150	CALLER	0x14462C03A	0x14462C030	0x146162150
registry_accessor	0x146162150	CALLER	0x14462C0EA	0x14462C0E0	0x146162150
registry_accessor	0x146162150	CALLER	0x144632E3A	0x144632E30	0x146162150
registry_accessor	0x146162150	CALLER	0x14463305A	0x144633050	0x146162150
registry_accessor	0x146162150	CALLER	0x14463326A	0x144633260	0x146162150
registry_accessor	0x146162150	CALLER	0x14463331A	0x144633310	0x146162150
registry_accessor	0x146162150	CALLER	0x1446333CA	0x1446333C0	0x146162150
registry_accessor	0x146162150	CALLER	0x144792D6A	0x144792D60	0x146162150
registry_accessor	0x146162150	CALLER	0x144792F2A	0x144792F20	0x146162150
registry_accessor	0x146162150	CALLER	0x144792FDA	0x144792FD0	0x146162150
registry_accessor	0x146162150	CALLER	0x14479308A	0x144793080	0x146162150
registry_accessor	0x146162150	CALLER	0x1447B71BA	0x1447B71B0	0x146162150
registry_accessor	0x146162150	CALLER	0x1447BB89A	0x1447BB890	0x146162150
registry_accessor	0x146162150	CALLER	0x1447BB94A	0x1447BB940	0x146162150
registry_accessor	0x146162150	CALLER	0x1447BB9FA	0x1447BB9F0	0x146162150
registry_accessor	0x146162150	CALLER	0x1447BBAAA	0x1447BBAA0	0x146162150
registry_accessor	0x146162150	CALLER	0x1447BBC9A	0x1447BBC90	0x146162150
registry_accessor	0x146162150	CALLER	0x1447BBEBA	0x1447BBEB0	0x146162150
registry_accessor	0x146162150	CALLER	0x1447BBF6A	0x1447BBF60	0x146162150
registry_accessor	0x146162150	CALLER	0x1447D2F1A	0x1447D2F10	0x146162150
registry_accessor	0x146162150	CALLER	0x1447D38EA	0x1447D38E0	0x146162150
registry_accessor	0x146162150	CALLER	0x1447D455A	0x1447D4550	0x146162150
registry_accessor	0x146162150	CALLER	0x1447D460A	0x1447D4600	0x146162150
registry_accessor	0x146162150	CALLER	0x1447D46BA	0x1447D46B0	0x146162150
registry_accessor	0x146162150	CALLER	0x1447E0D3A	0x1447E0D30	0x146162150
registry_accessor	0x146162150	CALLER	0x1447E105A	0x1447E1050	0x146162150
registry_accessor	0x146162150	CALLER	0x1447E167A	0x1447E1670	0x146162150
registry_accessor	0x146162150	CALLER	0x1447E191A	0x1447E1910	0x146162150
registry_accessor	0x146162150	CALLER	0x1447E1C9A	0x1447E1C90	0x146162150
registry_accessor	0x146162150	CALLER	0x1447E1E3A	0x1447E1E30	0x146162150
registry_accessor	0x146162150	CALLER	0x1447E228A	0x1447E2280	0x146162150
registry_accessor	0x146162150	CALLER	0x1447E2B9A	0x1447E2B90	0x146162150
registry_accessor	0x146162150	CALLER	0x1447E350A	0x1447E3500	0x146162150
registry_accessor	0x146162150	CALLER	0x1447E394A	0x1447E3940	0x146162150
registry_accessor	0x146162150	CALLER	0x1447E3E8A	0x1447E3E80	0x146162150
registry_accessor	0x146162150	CALLER	0x1447E41EA	0x1447E41E0	0x146162150
registry_accessor	0x146162150	CALLER	0x1447E440A	0x1447E4400	0x146162150
registry_accessor	0x146162150	CALLER	0x1447E461A	0x1447E4610	0x146162150
registry_accessor	0x146162150	CALLER	0x1447E4CBA	0x1447E4CB0	0x146162150
registry_accessor	0x146162150	CALLER	0x1447E52CA	0x1447E52C0	0x146162150
registry_accessor	0x146162150	CALLER	0x1447E55AA	0x1447E55A0	0x146162150
registry_accessor	0x146162150	CALLER	0x1447E599A	0x1447E5990	0x146162150
registry_accessor	0x146162150	CALLER	0x1447E5BAA	0x1447E5BA0	0x146162150
registry_accessor	0x146162150	CALLER	0x1447E5D4A	0x1447E5D40	0x146162150
registry_accessor	0x146162150	CALLER	0x1447E650A	0x1447E6500	0x146162150
registry_accessor	0x146162150	CALLER	0x1447E689A	0x1447E6890	0x146162150
registry_accessor	0x146162150	CALLER	0x1447E6A6A	0x1447E6A60	0x146162150
registry_accessor	0x146162150	CALLER	0x1447E6E8A	0x1447E6E80	0x146162150
registry_accessor	0x146162150	CALLER	0x1447E717A	0x1447E7170	0x146162150
registry_accessor	0x146162150	CALLER	0x1447E72FA	0x1447E72F0	0x146162150
registry_accessor	0x146162150	CALLER	0x1447E73AA	0x1447E73A0	0x146162150
registry_accessor	0x146162150	CALLER	0x1447E770A	0x1447E7700	0x146162150
registry_accessor	0x146162150	CALLER	0x1447E7EBA	0x1447E7EB0	0x146162150
registry_accessor	0x146162150	CALLER	0x1447E808A	0x1447E8080	0x146162150
registry_accessor	0x146162150	CALLER	0x1447E837A	0x1447E8370	0x146162150
registry_accessor	0x146162150	CALLER	0x1447E859A	0x1447E8590	0x146162150
registry_accessor	0x146162150	CALLER	0x1447E8BFA	0x1447E8BF0	0x146162150
registry_accessor	0x146162150	CALLER	0x1447E8F8A	0x1447E8F80	0x146162150
registry_accessor	0x146162150	CALLER	0x1447E919A	0x1447E9190	0x146162150
registry_accessor	0x146162150	CALLER	0x1447E924A	0x1447E9240	0x146162150
registry_accessor	0x146162150	CALLER	0x1447E955A	0x1447E9550	0x146162150
registry_accessor	0x146162150	CALLER	0x1447E9C5A	0x1447E9C50	0x146162150
registry_accessor	0x146162150	CALLER	0x1447EA21A	0x1447EA210	0x146162150
registry_accessor	0x146162150	CALLER	0x1447EA52A	0x1447EA520	0x146162150
registry_accessor	0x146162150	CALLER	0x1447EA6CA	0x1447EA6C0	0x146162150
registry_accessor	0x146162150	CALLER	0x1447ED1BA	0x1447ED1B0	0x146162150
registry_accessor	0x146162150	CALLER	0x1447ED60A	0x1447ED600	0x146162150
registry_accessor	0x146162150	CALLER	0x1447ED8FA	0x1447ED8F0	0x146162150
registry_accessor	0x146162150	CALLER	0x1447EDB8A	0x1447EDB80	0x146162150
registry_accessor	0x146162150	CALLER	0x1447EDE7A	0x1447EDE70	0x146162150
registry_accessor	0x146162150	CALLER	0x1447EDF2A	0x1447EDF20	0x146162150
registry_accessor	0x146162150	CALLER	0x1447EE0AA	0x1447EE0A0	0x146162150
registry_accessor	0x146162150	CALLER	0x1447EE6EA	0x1447EE6E0	0x146162150
registry_accessor	0x146162150	CALLER	0x1447EEBBA	0x1447EEBB0	0x146162150
registry_accessor	0x146162150	CALLER	0x1447EF0FA	0x1447EF0F0	0x146162150
registry_accessor	0x146162150	CALLER	0x1447EF44A	0x1447EF440	0x146162150
registry_accessor	0x146162150	CALLER	0x1447EF7AA	0x1447EF7A0	0x146162150
registry_accessor	0x146162150	CALLER	0x1447EFACA	0x1447EFAC0	0x146162150
registry_accessor	0x146162150	CALLER	0x1447F01DA	0x1447F01D0	0x146162150
registry_accessor	0x146162150	CALLER	0x1447F07FA	0x1447F07F0	0x146162150
registry_accessor	0x146162150	CALLER	0x1447F0AAA	0x1447F0AA0	0x146162150
registry_accessor	0x146162150	CALLER	0x1447F0C4A	0x1447F0C40	0x146162150
registry_accessor	0x146162150	CALLER	0x1447F0DCA	0x1447F0DC0	0x146162150
registry_accessor	0x146162150	CALLER	0x14481B0AA	0x14481B0A0	0x146162150
registry_accessor	0x146162150	CALLER	0x14481B23A	0x14481B230	0x146162150
registry_accessor	0x146162150	CALLER	0x14481B4CA	0x14481B4C0	0x146162150
registry_accessor	0x146162150	CALLER	0x14481B64A	0x14481B640	0x146162150
registry_accessor	0x146162150	CALLER	0x14481B90A	0x14481B900	0x146162150
registry_accessor	0x146162150	CALLER	0x14481B9BA	0x14481B9B0	0x146162150
registry_accessor	0x146162150	CALLER	0x14481BB2A	0x14481BB20	0x146162150
registry_accessor	0x146162150	CALLER	0x14481BBEA	0x14481BBE0	0x146162150
registry_accessor	0x146162150	CALLER	0x14485059A	0x144850590	0x146162150
registry_accessor	0x146162150	CALLER	0x14485064A	0x144850640	0x146162150
registry_accessor	0x146162150	CALLER	0x1448506FA	0x1448506F0	0x146162150
registry_accessor	0x146162150	CALLER	0x14486785A	0x144867850	0x146162150
registry_accessor	0x146162150	CALLER	0x1448738BA	0x1448738B0	0x146162150
registry_accessor	0x146162150	CALLER	0x14487396A	0x144873960	0x146162150
registry_accessor	0x146162150	CALLER	0x144873A1A	0x144873A10	0x146162150
registry_accessor	0x146162150	CALLER	0x144873ACA	0x144873AC0	0x146162150
registry_accessor	0x146162150	CALLER	0x144873D4A	0x144873D40	0x146162150
registry_accessor	0x146162150	CALLER	0x144873E0A	0x144873E00	0x146162150
registry_accessor	0x146162150	CALLER	0x14487401A	0x144874010	0x146162150
registry_accessor	0x146162150	CALLER	0x14487415A	0x144874150	0x146162150
registry_accessor	0x146162150	CALLER	0x14487420A	0x144874200	0x146162150
registry_accessor	0x146162150	CALLER	0x1448742BA	0x1448742B0	0x146162150
registry_accessor	0x146162150	CALLER	0x14487436A	0x144874360	0x146162150
registry_accessor	0x146162150	CALLER	0x1448744FA	0x1448744F0	0x146162150
registry_accessor	0x146162150	CALLER	0x14487463A	0x144874630	0x146162150
registry_accessor	0x146162150	CALLER	0x14487475A	0x144874750	0x146162150
registry_accessor	0x146162150	CALLER	0x144874A4A	0x144874A40	0x146162150
registry_accessor	0x146162150	CALLER	0x144874AFA	0x144874AF0	0x146162150
registry_accessor	0x146162150	CALLER	0x144874C7A	0x144874C70	0x146162150
registry_accessor	0x146162150	CALLER	0x144874DBA	0x144874DB0	0x146162150
registry_accessor	0x146162150	CALLER	0x144874EAA	0x144874EA0	0x146162150
registry_accessor	0x146162150	CALLER	0x14487B8AA	0x14487B8A0	0x146162150
registry_accessor	0x146162150	CALLER	0x14487B95A	0x14487B950	0x146162150
registry_accessor	0x146162150	CALLER	0x14487BBFA	0x14487BBF0	0x146162150
registry_accessor	0x146162150	CALLER	0x14487BE1A	0x14487BE10	0x146162150
registry_accessor	0x146162150	CALLER	0x14487BECA	0x14487BEC0	0x146162150
registry_accessor	0x146162150	CALLER	0x1448B56EA	0x1448B56E0	0x146162150
registry_accessor	0x146162150	CALLER	0x1448B57EA	0x1448B57E0	0x146162150
registry_accessor	0x146162150	CALLER	0x1448B5A0A	0x1448B5A00	0x146162150
registry_accessor	0x146162150	CALLER	0x1448B5ABA	0x1448B5AB0	0x146162150
registry_accessor	0x146162150	CALLER	0x1448B5B6A	0x1448B5B60	0x146162150
registry_accessor	0x146162150	CALLER	0x1448B5C1A	0x1448B5C10	0x146162150
registry_accessor	0x146162150	CALLER	0x1448B5DEA	0x1448B5DE0	0x146162150
registry_accessor	0x146162150	CALLER	0x1448B640A	0x1448B6400	0x146162150
registry_accessor	0x146162150	CALLER	0x1448B64BA	0x1448B64B0	0x146162150
registry_accessor	0x146162150	CALLER	0x1448B656A	0x1448B6560	0x146162150
registry_accessor	0x146162150	CALLER	0x1448B661A	0x1448B6610	0x146162150
registry_accessor	0x146162150	CALLER	0x1448EA8EA	0x1448EA8E0	0x146162150
registry_accessor	0x146162150	CALLER	0x1448EE14A	0x1448EE140	0x146162150
registry_accessor	0x146162150	CALLER	0x1448EE31A	0x1448EE310	0x146162150
registry_accessor	0x146162150	CALLER	0x1448EE3CA	0x1448EE3C0	0x146162150
registry_accessor	0x146162150	CALLER	0x1448EE4EA	0x1448EE4E0	0x146162150
registry_accessor	0x146162150	CALLER	0x1448EE70A	0x1448EE700	0x146162150
registry_accessor	0x146162150	CALLER	0x1449048DA	0x1449048D0	0x146162150
registry_accessor	0x146162150	CALLER	0x14490603A	0x144906030	0x146162150
registry_accessor	0x146162150	CALLER	0x14490613A	0x144906130	0x146162150
registry_accessor	0x146162150	CALLER	0x14490635A	0x144906350	0x146162150
registry_accessor	0x146162150	CALLER	0x14490640A	0x144906400	0x146162150
registry_accessor	0x146162150	CALLER	0x144918EDA	0x144918ED0	0x146162150
registry_accessor	0x146162150	CALLER	0x144946FFA	0x144946FF0	0x146162150
registry_accessor	0x146162150	CALLER	0x14494849A	0x144948490	0x146162150
registry_accessor	0x146162150	CALLER	0x14494854A	0x144948540	0x146162150
registry_accessor	0x146162150	CALLER	0x1449485FA	0x1449485F0	0x146162150
registry_accessor	0x146162150	CALLER	0x1449486AA	0x1449486A0	0x146162150
registry_accessor	0x146162150	CALLER	0x14494884A	0x144948840	0x146162150
registry_accessor	0x146162150	CALLER	0x1449488FA	0x1449488F0	0x146162150
registry_accessor	0x146162150	CALLER	0x144948B0A	0x144948B00	0x146162150
registry_accessor	0x146162150	CALLER	0x144948D2A	0x144948D20	0x146162150
registry_accessor	0x146162150	CALLER	0x144948F1A	0x144948F10	0x146162150
registry_accessor	0x146162150	CALLER	0x144948FCA	0x144948FC0	0x146162150
registry_accessor	0x146162150	CALLER	0x14494918A	0x144949180	0x146162150
registry_accessor	0x146162150	CALLER	0x145ACC2AA	0x145ACC2A0	0x146162150
registry_accessor	0x146162150	CALLER	0x145ACC4DA	0x145ACC4D0	0x146162150
registry_accessor	0x146162150	CALLER	0x145ACCB2A	0x145ACCB20	0x146162150
registry_accessor	0x146162150	CALLER	0x145ACD30A	0x145ACD300	0x146162150
registry_accessor	0x146162150	CALLER	0x145ACF4DA	0x145ACF4D0	0x146162150
registry_accessor	0x146162150	CALLER	0x145AD2D4A	0x145AD2D40	0x146162150
registry_accessor	0x146162150	CALLER	0x145AD56CA	0x145AD56C0	0x146162150
registry_accessor	0x146162150	CALLER	0x145AD577A	0x145AD5770	0x146162150
registry_accessor	0x146162150	CALLER	0x145AD59EA	0x145AD59E0	0x146162150
registry_accessor	0x146162150	CALLER	0x145AD5E3A	0x145AD5E30	0x146162150
registry_accessor	0x146162150	CALLER	0x145AD5EEA	0x145AD5EE0	0x146162150
registry_accessor	0x146162150	CALLER	0x145AD666A	0x145AD6660	0x146162150
registry_accessor	0x146162150	CALLER	0x145AD692A	0x145AD6920	0x146162150
registry_accessor	0x146162150	CALLER	0x145AD786A	0x145AD7860	0x146162150
registry_accessor	0x146162150	CALLER	0x145AD822A	0x145AD8220	0x146162150
registry_accessor	0x146162150	CALLER	0x145AD863A	0x145AD8630	0x146162150
registry_accessor	0x146162150	CALLER	0x145AD86EA	0x145AD86E0	0x146162150
registry_accessor	0x146162150	CALLER	0x145AD8A4A	0x145AD8A40	0x146162150
registry_accessor	0x146162150	CALLER	0x145AD8F6A	0x145AD8F60	0x146162150
registry_accessor	0x146162150	CALLER	0x145AD901A	0x145AD9010	0x146162150
registry_accessor	0x146162150	CALLER	0x145AD98FA	0x145AD98F0	0x146162150
registry_accessor	0x146162150	CALLER	0x145ADA0DA	0x145ADA0D0	0x146162150
registry_accessor	0x146162150	CALLER	0x145ADB76A	0x145ADB760	0x146162150
registry_accessor	0x146162150	CALLER	0x145ADBCCA	0x145ADBCC0	0x146162150
registry_accessor	0x146162150	CALLER	0x145ADC55A	0x145ADC550	0x146162150
registry_accessor	0x146162150	CALLER	0x145ADD58A	0x145ADD580	0x146162150
registry_accessor	0x146162150	CALLER	0x145ADDB1A	0x145ADDB10	0x146162150
registry_accessor	0x146162150	CALLER	0x145ADE3AA	0x145ADE3A0	0x146162150
registry_accessor	0x146162150	CALLER	0x145AE28EA	0x145AE28E0	0x146162150
registry_accessor	0x146162150	CALLER	0x145AE299A	0x145AE2990	0x146162150
registry_accessor	0x146162150	CALLER	0x145AE2BDA	0x145AE2BD0	0x146162150
registry_accessor	0x146162150	CALLER	0x145AE375A	0x145AE3750	0x146162150
registry_accessor	0x146162150	CALLER	0x145D2600A	0x145D26000	0x146162150
registry_accessor	0x146162150	CALLER	0x145D261DA	0x145D261D0	0x146162150
registry_accessor	0x146162150	CALLER	0x145D2630A	0x145D26300	0x146162150
registry_accessor	0x146162150	CALLER	0x145D263BA	0x145D263B0	0x146162150
registry_accessor	0x146162150	CALLER	0x145D2660A	0x145D26600	0x146162150
registry_accessor	0x146162150	CALLER	0x145D266BA	0x145D266B0	0x146162150
registry_accessor	0x146162150	CALLER	0x145D2676A	0x145D26760	0x146162150
registry_accessor	0x146162150	CALLER	0x145D2681A	0x145D26810	0x146162150
registry_accessor	0x146162150	CALLER	0x145D268CA	0x145D268C0	0x146162150
registry_accessor	0x146162150	CALLER	0x145D2697A	0x145D26970	0x146162150
registry_accessor	0x146162150	CALLER	0x145D26A2A	0x145D26A20	0x146162150
registry_accessor	0x146162150	CALLER	0x145D26B8A	0x145D26B80	0x146162150
registry_accessor	0x146162150	CALLER	0x145D26C3A	0x145D26C30	0x146162150
registry_accessor	0x146162150	CALLER	0x145D26CFA	0x145D26CF0	0x146162150
registry_accessor	0x146162150	CALLER	0x145D26E3A	0x145D26E30	0x146162150
registry_accessor	0x146162150	CALLER	0x145D26EEA	0x145D26EE0	0x146162150
registry_accessor	0x146162150	CALLER	0x145D26FAA	0x145D26FA0	0x146162150
registry_accessor	0x146162150	CALLER	0x145D2771A	0x145D27710	0x146162150
registry_accessor	0x146162150	CALLER	0x145D28AFA	0x145D28AF0	0x146162150
registry_accessor	0x146162150	CALLER	0x145D3DD0A	0x145D3DD00	0x146162150
registry_accessor	0x146162150	CALLER	0x145D3E21A	0x145D3E210	0x146162150
registry_accessor	0x146162150	CALLER	0x145D3E4AA	0x145D3E4A0	0x146162150
registry_accessor	0x146162150	CALLER	0x145D3E78A	0x145D3E780	0x146162150
registry_accessor	0x146162150	CALLER	0x145D3EB4A	0x145D3EB40	0x146162150
registry_accessor	0x146162150	CALLER	0x145D3EE1A	0x145D3EE10	0x146162150
registry_accessor	0x146162150	CALLER	0x145D3EEDA	0x145D3EED0	0x146162150
registry_accessor	0x146162150	CALLER	0x145D4002A	0x145D40020	0x146162150
registry_accessor	0x146162150	CALLER	0x145D400DA	0x145D400D0	0x146162150
registry_accessor	0x146162150	CALLER	0x145D4018A	0x145D40180	0x146162150
registry_accessor	0x146162150	CALLER	0x145D4035A	0x145D40350	0x146162150
registry_accessor	0x146162150	CALLER	0x145D4056A	0x145D40560	0x146162150
registry_accessor	0x146162150	CALLER	0x145D407BA	0x145D407B0	0x146162150
registry_accessor	0x146162150	CALLER	0x145D40C1A	0x145D40C10	0x146162150
registry_accessor	0x146162150	CALLER	0x145D40CCA	0x145D40CC0	0x146162150
registry_accessor	0x146162150	CALLER	0x145D40D7A	0x145D40D70	0x146162150
registry_accessor	0x146162150	CALLER	0x145D40F1A	0x145D40F10	0x146162150
registry_accessor	0x146162150	CALLER	0x145D44BAA	0x145D44BA0	0x146162150
registry_accessor	0x146162150	CALLER	0x145D44D4A	0x145D44D40	0x146162150
registry_accessor	0x146162150	CALLER	0x145D44DFA	0x145D44DF0	0x146162150
registry_accessor	0x146162150	CALLER	0x145D44EAA	0x145D44EA0	0x146162150
registry_accessor	0x146162150	CALLER	0x145D44F5A	0x145D44F50	0x146162150
registry_accessor	0x146162150	CALLER	0x145D4500A	0x145D45000	0x146162150
registry_accessor	0x146162150	CALLER	0x14613A72A	0x14613A720	0x146162150
registry_accessor	0x146162150	CALLER	0x14613A96A	0x14613A960	0x146162150
registry_accessor	0x146162150	CALLER	0x14613AA0A	0x14613AA00	0x146162150
registry_accessor	0x146162150	CALLER	0x14613AAAA	0x14613AAA0	0x146162150
registry_accessor	0x146162150	CALLER	0x1461673C5	0x1461673B0	0x146162150
registry_accessor	0x146162150	CALLER	0x1461AD025	0x1461ACFE0	0x146162150
registry_accessor	0x146162150	CALLER	0x1461AD146	0x1461AD130	0x146162150
registry_accessor	0x146162150	CALLER	0x14643F10B	0x14643F0A0	0x146162150
registry_accessor	0x146162150	CALLER	0x146561ABA	0x146561AB0	0x146162150
registry_accessor	0x146162150	CALLER	0x146561CAA	0x146561CA0	0x146162150
registry_accessor	0x146162150	CALLER	0x14656208A	0x146562080	0x146162150
registry_accessor	0x146162150	CALLER	0x14656253A	0x146562530	0x146162150
registry_accessor	0x146162150	CALLER	0x1465629FA	0x1465629F0	0x146162150
registry_accessor	0x146162150	CALLER	0x146562E9A	0x146562E90	0x146162150
registry_accessor	0x146162150	CALLER	0x14656366A	0x146563660	0x146162150
registry_accessor	0x146162150	CALLER	0x146563C1A	0x146563C10	0x146162150
registry_accessor	0x146162150	CALLER	0x14656491A	0x146564910	0x146162150
registry_accessor	0x146162150	CALLER	0x1465654FA	0x1465654F0	0x146162150
registry_accessor	0x146162150	CALLER	0x14656566A	0x146565660	0x146162150
registry_accessor	0x146162150	CALLER	0x146565DFA	0x146565DF0	0x146162150
registry_accessor	0x146162150	CALLER	0x14656611A	0x146566110	0x146162150
registry_accessor	0x146162150	CALLER	0x14656686A	0x146566860	0x146162150
registry_accessor	0x146162150	CALLER	0x146566B8A	0x146566B80	0x146162150
registry_accessor	0x146162150	CALLER	0x14656770A	0x146567700	0x146162150
registry_accessor	0x146162150	CALLER	0x146567A1A	0x146567A10	0x146162150
registry_accessor	0x146162150	CALLER	0x146567CCA	0x146567CC0	0x146162150
registry_accessor	0x146162150	CALLER	0x14656845A	0x146568450	0x146162150
registry_accessor	0x146162150	CALLER	0x1465687FA	0x1465687F0	0x146162150
registry_accessor	0x146162150	CALLER	0x146568D8A	0x146568D80	0x146162150
registry_accessor	0x146162150	CALLER	0x146568FFA	0x146568FF0	0x146162150
registry_accessor	0x146162150	CALLER	0x14656914A	0x146569140	0x146162150
registry_accessor	0x146162150	CALLER	0x14656923A	0x146569230	0x146162150
registry_accessor	0x146162150	CALLER	0x146569B5A	0x146569B50	0x146162150
registry_accessor	0x146162150	CALLER	0x146569EEA	0x146569EE0	0x146162150
registry_accessor	0x146162150	CALLER	0x14656A40A	0x14656A400	0x146162150
registry_accessor	0x146162150	CALLER	0x14656A97A	0x14656A970	0x146162150
registry_accessor	0x146162150	CALLER	0x14656B11A	0x14656B110	0x146162150
registry_accessor	0x146162150	CALLER	0x14656B95A	0x14656B950	0x146162150
registry_accessor	0x146162150	CALLER	0x14656BADA	0x14656BAD0	0x146162150
registry_accessor	0x146162150	CALLER	0x14656BF1A	0x14656BF10	0x146162150
registry_accessor	0x146162150	CALLER	0x14656C76A	0x14656C760	0x146162150
registry_accessor	0x146162150	CALLER	0x14656CBFA	0x14656CBF0	0x146162150
registry_accessor	0x146162150	CALLER	0x14656CCFA	0x14656CCF0	0x146162150
registry_accessor	0x146162150	CALLER	0x14656D46A	0x14656D460	0x146162150
registry_accessor	0x146162150	CALLER	0x14656D79A	0x14656D790	0x146162150
registry_accessor	0x146162150	CALLER	0x14656E21A	0x14656E210	0x146162150
registry_accessor	0x146162150	CALLER	0x14656E74A	0x14656E740	0x146162150
registry_accessor	0x146162150	CALLER	0x14656EA7A	0x14656EA70	0x146162150
registry_accessor	0x146162150	CALLER	0x14656F10A	0x14656F100	0x146162150
registry_accessor	0x146162150	CALLER	0x14656F6AA	0x14656F6A0	0x146162150
registry_accessor	0x146162150	CALLER	0x14656FC3A	0x14656FC30	0x146162150
registry_accessor	0x146162150	CALLER	0x14656FFFA	0x14656FFF0	0x146162150
registry_accessor	0x146162150	CALLER	0x1465700FA	0x1465700F0	0x146162150
registry_accessor	0x146162150	CALLER	0x1465702BA	0x1465702B0	0x146162150
registry_accessor	0x146162150	CALLER	0x14657054A	0x146570540	0x146162150
registry_accessor	0x146162150	CALLER	0x14657135A	0x146571350	0x146162150
registry_accessor	0x146162150	CALLER	0x1465716FA	0x1465716F0	0x146162150
registry_accessor	0x146162150	CALLER	0x146571B5A	0x146571B50	0x146162150
registry_accessor	0x146162150	CALLER	0x146571DAA	0x146571DA0	0x146162150
registry_accessor	0x146162150	CALLER	0x146571F3A	0x146571F30	0x146162150
registry_accessor	0x146162150	CALLER	0x14657276A	0x146572760	0x146162150
registry_accessor	0x146162150	CALLER	0x1465728DA	0x1465728D0	0x146162150
registry_accessor	0x146162150	CALLER	0x146572D2A	0x146572D20	0x146162150
registry_accessor	0x146162150	CALLER	0x14657315A	0x146573150	0x146162150
registry_accessor	0x146162150	CALLER	0x14657339A	0x146573390	0x146162150
registry_accessor	0x146162150	CALLER	0x14657431A	0x146574310	0x146162150
registry_accessor	0x146162150	CALLER	0x14657440A	0x146574400	0x146162150
registry_accessor	0x146162150	CALLER	0x14657474A	0x146574740	0x146162150
registry_accessor	0x146162150	CALLER	0x14657497A	0x146574970	0x146162150
registry_accessor	0x146162150	CALLER	0x14657504A	0x146575040	0x146162150
registry_accessor	0x146162150	CALLER	0x1465750EA	0x1465750E0	0x146162150
registry_accessor	0x146162150	CALLER	0x14657546A	0x146575460	0x146162150
registry_accessor	0x146162150	CALLER	0x14657563A	0x146575630	0x146162150
registry_accessor	0x146162150	CALLER	0x146575AFA	0x146575AF0	0x146162150
registry_accessor	0x146162150	CALLER	0x146575EBA	0x146575EB0	0x146162150
registry_accessor	0x146162150	CALLER	0x14657636A	0x146576360	0x146162150
registry_accessor	0x146162150	CALLER	0x146576A8A	0x146576A80	0x146162150
registry_accessor	0x146162150	CALLER	0x146577BDA	0x146577BD0	0x146162150
registry_accessor	0x146162150	CALLER	0x14657860A	0x146578600	0x146162150
registry_accessor	0x146162150	CALLER	0x146578EEA	0x146578EE0	0x146162150
registry_accessor	0x146162150	CALLER	0x14657998A	0x146579980	0x146162150
registry_accessor	0x146162150	CALLER	0x14657A34A	0x14657A340	0x146162150
registry_accessor	0x146162150	CALLER	0x14657A90A	0x14657A900	0x146162150
registry_accessor	0x146162150	CALLER	0x14657B13A	0x14657B130	0x146162150
registry_accessor	0x146162150	CALLER	0x14657B6EA	0x14657B6E0	0x146162150
registry_accessor	0x146162150	CALLER	0x14657B95A	0x14657B950	0x146162150
registry_accessor	0x146162150	CALLER	0x14657BEFA	0x14657BEF0	0x146162150
registry_accessor	0x146162150	CALLER	0x14657C37A	0x14657C370	0x146162150
registry_accessor	0x146162150	CALLER	0x14657C66A	0x14657C660	0x146162150
registry_accessor	0x146162150	CALLER	0x14657CBCA	0x14657CBC0	0x146162150
registry_accessor	0x146162150	CALLER	0x14657D01A	0x14657D010	0x146162150
registry_accessor	0x146162150	CALLER	0x14657D28A	0x14657D280	0x146162150
registry_accessor	0x146162150	CALLER	0x14657D8CA	0x14657D8C0	0x146162150
registry_accessor	0x146162150	CALLER	0x14657DE1A	0x14657DE10	0x146162150
registry_accessor	0x146162150	CALLER	0x14657DEBA	0x14657DEB0	0x146162150
registry_accessor	0x146162150	CALLER	0x14657DF7A	0x14657DF70	0x146162150
registry_accessor	0x146162150	CALLER	0x14657E01A	0x14657E010	0x146162150
registry_accessor	0x146162150	CALLER	0x14657EDDA	0x14657EDD0	0x146162150
registry_accessor	0x146162150	CALLER	0x14657F7DA	0x14657F7D0	0x146162150
registry_accessor	0x146162150	CALLER	0x14657FA2A	0x14657FA20	0x146162150
registry_accessor	0x146162150	CALLER	0x14658009A	0x146580090	0x146162150
registry_accessor	0x146162150	CALLER	0x14658015A	0x146580150	0x146162150
registry_accessor	0x146162150	CALLER	0x14658097A	0x146580970	0x146162150
registry_accessor	0x146162150	CALLER	0x146580A1A	0x146580A10	0x146162150
registry_accessor	0x146162150	CALLER	0x146580C2A	0x146580C20	0x146162150
registry_accessor	0x146162150	CALLER	0x14658168A	0x146581680	0x146162150
registry_accessor	0x146162150	CALLER	0x146581A8A	0x146581A80	0x146162150
registry_accessor	0x146162150	CALLER	0x146581B2A	0x146581B20	0x146162150
registry_accessor	0x146162150	CALLER	0x146581FFA	0x146581FF0	0x146162150
registry_accessor	0x146162150	CALLER	0x1465821CA	0x1465821C0	0x146162150
registry_accessor	0x146162150	CALLER	0x14658259A	0x146582590	0x146162150
registry_accessor	0x146162150	CALLER	0x14658263A	0x146582630	0x146162150
registry_accessor	0x146162150	CALLER	0x146582C7A	0x146582C70	0x146162150
registry_accessor	0x146162150	CALLER	0x146582DDA	0x146582DD0	0x146162150
registry_accessor	0x146162150	CALLER	0x146582E7A	0x146582E70	0x146162150
registry_accessor	0x146162150	CALLER	0x14658357A	0x146583570	0x146162150
registry_accessor	0x146162150	CALLER	0x14658379A	0x146583790	0x146162150
registry_accessor	0x146162150	CALLER	0x14658385A	0x146583850	0x146162150
registry_accessor	0x146162150	CALLER	0x146583D8A	0x146583D80	0x146162150
registry_accessor	0x146162150	CALLER	0x146583EBA	0x146583EB0	0x146162150
registry_accessor	0x146162150	CALLER	0x146583F5A	0x146583F50	0x146162150
registry_accessor	0x146162150	CALLER	0x14658454A	0x146584540	0x146162150
registry_accessor	0x146162150	CALLER	0x1465846AA	0x1465846A0	0x146162150
registry_accessor	0x146162150	CALLER	0x146584B2A	0x146584B20	0x146162150
registry_accessor	0x146162150	CALLER	0x146584EAA	0x146584EA0	0x146162150
registry_accessor	0x146162150	CALLER	0x146584F4A	0x146584F40	0x146162150
registry_accessor	0x146162150	CALLER	0x14658535A	0x146585350	0x146162150
registry_accessor	0x146162150	CALLER	0x14658544A	0x146585440	0x146162150
registry_accessor	0x146162150	CALLER	0x14658576A	0x146585760	0x146162150
registry_accessor	0x146162150	CALLER	0x14658595A	0x146585950	0x146162150
registry_accessor	0x146162150	CALLER	0x146585B3A	0x146585B30	0x146162150
registry_accessor	0x146162150	CALLER	0x146585BDA	0x146585BD0	0x146162150
registry_accessor	0x146162150	CALLER	0x14658638A	0x146586380	0x146162150
registry_accessor	0x146162150	CALLER	0x14658660A	0x146586600	0x146162150
registry_accessor	0x146162150	CALLER	0x1465878AA	0x1465878A0	0x146162150
registry_accessor	0x146162150	CALLER	0x146587ACA	0x146587AC0	0x146162150
registry_accessor	0x146162150	CALLER	0x146587B6A	0x146587B60	0x146162150
registry_accessor	0x146162150	CALLER	0x14658871A	0x146588710	0x146162150
registry_accessor	0x146162150	CALLER	0x1465888AA	0x1465888A0	0x146162150
registry_accessor	0x146162150	CALLER	0x14658923A	0x146589230	0x146162150
registry_accessor	0x146162150	CALLER	0x1465893EA	0x1465893E0	0x146162150
registry_accessor	0x146162150	CALLER	0x146589B0A	0x146589B00	0x146162150
registry_accessor	0x146162150	CALLER	0x146589D5A	0x146589D50	0x146162150
registry_accessor	0x146162150	CALLER	0x14658A2BA	0x14658A2B0	0x146162150
registry_accessor	0x146162150	CALLER	0x14658A52A	0x14658A520	0x146162150
registry_accessor	0x146162150	CALLER	0x14658AC2A	0x14658AC20	0x146162150
registry_accessor	0x146162150	CALLER	0x14658B07A	0x14658B070	0x146162150
registry_accessor	0x146162150	CALLER	0x14658B16A	0x14658B160	0x146162150
registry_accessor	0x146162150	CALLER	0x14658C19A	0x14658C190	0x146162150
registry_accessor	0x146162150	CALLER	0x14658CD6A	0x14658CD60	0x146162150
registry_accessor	0x146162150	CALLER	0x14658CEBA	0x14658CEB0	0x146162150
registry_accessor	0x146162150	CALLER	0x14658DA1A	0x14658DA10	0x146162150
registry_accessor	0x146162150	CALLER	0x14658DEAA	0x14658DEA0	0x146162150
registry_accessor	0x146162150	CALLER	0x14658E0CA	0x14658E0C0	0x146162150
registry_accessor	0x146162150	CALLER	0x14658E6EA	0x14658E6E0	0x146162150
registry_accessor	0x146162150	CALLER	0x14658EC2A	0x14658EC20	0x146162150
registry_accessor	0x146162150	CALLER	0x14658ED5A	0x14658ED50	0x146162150
registry_accessor	0x146162150	CALLER	0x14658EECA	0x14658EEC0	0x146162150
registry_accessor	0x146162150	CALLER	0x14658F72A	0x14658F720	0x146162150
registry_accessor	0x146162150	CALLER	0x14658F94A	0x14658F940	0x146162150
registry_accessor	0x146162150	CALLER	0x14658FA5A	0x14658FA50	0x146162150
registry_accessor	0x146162150	CALLER	0x14659078A	0x146590780	0x146162150
registry_accessor	0x146162150	CALLER	0x146590B1A	0x146590B10	0x146162150
registry_accessor	0x146162150	CALLER	0x14659192A	0x146591920	0x146162150
registry_accessor	0x146162150	CALLER	0x146591A4A	0x146591A40	0x146162150
registry_accessor	0x146162150	CALLER	0x146591C9A	0x146591C90	0x146162150
registry_accessor	0x146162150	CALLER	0x14659234A	0x146592340	0x146162150
registry_accessor	0x146162150	CALLER	0x1465924DA	0x1465924D0	0x146162150
registry_accessor	0x146162150	CALLER	0x146592B3A	0x146592B30	0x146162150
registry_accessor	0x146162150	CALLER	0x1465930AA	0x1465930A0	0x146162150
registry_accessor	0x146162150	CALLER	0x1465931FA	0x1465931F0	0x146162150
registry_accessor	0x146162150	CALLER	0x14659383A	0x146593830	0x146162150
registry_accessor	0x146162150	CALLER	0x1465939AA	0x1465939A0	0x146162150
registry_accessor	0x146162150	CALLER	0x146593B9A	0x146593B90	0x146162150
registry_accessor	0x146162150	CALLER	0x1465941EA	0x1465941E0	0x146162150
registry_accessor	0x146162150	CALLER	0x1465944BA	0x1465944B0	0x146162150
registry_accessor	0x146162150	CALLER	0x14659488A	0x146594880	0x146162150
registry_accessor	0x146162150	CALLER	0x1465949FA	0x1465949F0	0x146162150
registry_accessor	0x146162150	CALLER	0x14659558A	0x146595580	0x146162150
registry_accessor	0x146162150	CALLER	0x14659567A	0x146595670	0x146162150
registry_accessor	0x146162150	CALLER	0x1465960BA	0x1465960B0	0x146162150
registry_accessor	0x146162150	CALLER	0x14659648A	0x146596480	0x146162150
registry_accessor	0x146162150	CALLER	0x14659738A	0x146597380	0x146162150
registry_accessor	0x146162150	CALLER	0x1465979EA	0x1465979E0	0x146162150
registry_accessor	0x146162150	CALLER	0x146597AAA	0x146597AA0	0x146162150
registry_accessor	0x146162150	CALLER	0x14659857A	0x146598570	0x146162150
registry_accessor	0x146162150	CALLER	0x146598C7A	0x146598C70	0x146162150
registry_accessor	0x146162150	CALLER	0x146598DFA	0x146598DF0	0x146162150
registry_accessor	0x146162150	CALLER	0x146599ECA	0x146599EC0	0x146162150
registry_accessor	0x146162150	CALLER	0x14659A25A	0x14659A250	0x146162150
registry_accessor	0x146162150	CALLER	0x14659AE2A	0x14659AE20	0x146162150
registry_accessor	0x146162150	CALLER	0x14659B30A	0x14659B300	0x146162150
registry_accessor	0x146162150	CALLER	0x14659B4AA	0x14659B4A0	0x146162150
registry_accessor	0x146162150	CALLER	0x14659C67A	0x14659C670	0x146162150
registry_accessor	0x146162150	CALLER	0x14659C70A	0x14659C700	0x146162150
registry_accessor	0x146162150	CALLER	0x14659C7CA	0x14659C7C0	0x146162150
registry_accessor	0x146162150	CALLER	0x14659D89A	0x14659D890	0x146162150
registry_accessor	0x146162150	CALLER	0x14659D95A	0x14659D950	0x146162150
registry_accessor	0x146162150	CALLER	0x14659DB7A	0x14659DB70	0x146162150
registry_accessor	0x146162150	CALLER	0x14659DC1A	0x14659DC10	0x146162150
registry_accessor	0x146162150	CALLER	0x14659DF7A	0x14659DF70	0x146162150
registry_accessor	0x146162150	CALLER	0x14659E03A	0x14659E030	0x146162150
registry_accessor	0x146162150	CALLER	0x14659EBDA	0x14659EBD0	0x146162150
registry_accessor	0x146162150	CALLER	0x14659EDBA	0x14659EDB0	0x146162150
registry_accessor	0x146162150	CALLER	0x14659EF7A	0x14659EF70	0x146162150
registry_accessor	0x146162150	CALLER	0x1465A016A	0x1465A0160	0x146162150
registry_accessor	0x146162150	CALLER	0x1465A01FA	0x1465A01F0	0x146162150
registry_accessor	0x146162150	CALLER	0x1465A036A	0x1465A0360	0x146162150
registry_accessor	0x146162150	CALLER	0x1465A185A	0x1465A1850	0x146162150
registry_accessor	0x146162150	CALLER	0x1465A1FCA	0x1465A1FC0	0x146162150
registry_accessor	0x146162150	CALLER	0x1465A289A	0x1465A2890	0x146162150
registry_accessor	0x146162150	CALLER	0x1465A307A	0x1465A3070	0x146162150
registry_accessor	0x146162150	CALLER	0x1465A3B5A	0x1465A3B50	0x146162150
registry_accessor	0x146162150	CALLER	0x1465A40EA	0x1465A40E0	0x146162150
registry_accessor	0x146162150	CALLER	0x1465A4A6A	0x1465A4A60	0x146162150
registry_accessor	0x146162150	CALLER	0x1465A4C4A	0x1465A4C40	0x146162150
registry_accessor	0x146162150	CALLER	0x1465A517A	0x1465A5170	0x146162150
registry_accessor	0x146162150	CALLER	0x1465A534A	0x1465A5340	0x146162150
registry_accessor	0x146162150	CALLER	0x1465A565A	0x1465A5650	0x146162150
registry_accessor	0x146162150	CALLER	0x1465A5E5A	0x1465A5E50	0x146162150
registry_accessor	0x146162150	CALLER	0x1465A6BDA	0x1465A6BD0	0x146162150
registry_accessor	0x146162150	CALLER	0x1465A710A	0x1465A7100	0x146162150
registry_accessor	0x146162150	CALLER	0x1465A799A	0x1465A7990	0x146162150
registry_accessor	0x146162150	CALLER	0x1465A813A	0x1465A8130	0x146162150
registry_accessor	0x146162150	CALLER	0x1465A887A	0x1465A8870	0x146162150
registry_accessor	0x146162150	CALLER	0x1465A8D9A	0x1465A8D90	0x146162150
registry_accessor	0x146162150	CALLER	0x1465A97EA	0x1465A97E0	0x146162150
registry_accessor	0x146162150	CALLER	0x1465A9EFA	0x1465A9EF0	0x146162150
registry_accessor	0x146162150	CALLER	0x1465AA03A	0x1465AA030	0x146162150
registry_accessor	0x146162150	CALLER	0x1465AA70A	0x1465AA700	0x146162150
registry_accessor	0x146162150	CALLER	0x1465AB88A	0x1465AB880	0x146162150
registry_accessor	0x146162150	CALLER	0x1465ABD2A	0x1465ABD20	0x146162150
registry_accessor	0x146162150	CALLER	0x1465ABF5A	0x1465ABF50	0x146162150
registry_accessor	0x146162150	CALLER	0x1465AC40A	0x1465AC400	0x146162150
registry_accessor	0x146162150	CALLER	0x1465AC59A	0x1465AC590	0x146162150
registry_accessor	0x146162150	CALLER	0x1465AC64A	0x1465AC640	0x146162150
registry_accessor	0x146162150	CALLER	0x1465AC9EA	0x1465AC9E0	0x146162150
registry_accessor	0x146162150	CALLER	0x1465AD16A	0x1465AD160	0x146162150
registry_accessor	0x146162150	CALLER	0x1465AD60A	0x1465AD600	0x146162150
registry_accessor	0x146162150	CALLER	0x1465AD97A	0x1465AD970	0x146162150
registry_accessor	0x146162150	CALLER	0x1465ADE1A	0x1465ADE10	0x146162150
registry_accessor	0x146162150	CALLER	0x1465AE29A	0x1465AE290	0x146162150
registry_accessor	0x146162150	CALLER	0x1465AE70A	0x1465AE700	0x146162150
registry_accessor	0x146162150	CALLER	0x1465AECEA	0x1465AECE0	0x146162150
registry_accessor	0x146162150	CALLER	0x1465AEE2A	0x1465AEE20	0x146162150
registry_accessor	0x146162150	CALLER	0x1465AF58A	0x1465AF580	0x146162150
registry_accessor	0x146162150	CALLER	0x1465AFA2A	0x1465AFA20	0x146162150
registry_accessor	0x146162150	CALLER	0x1465B08FA	0x1465B08F0	0x146162150
registry_accessor	0x146162150	CALLER	0x1465B1A9A	0x1465B1A90	0x146162150
registry_accessor	0x146162150	CALLER	0x1465B1CFA	0x1465B1CF0	0x146162150
registry_accessor	0x146162150	CALLER	0x1465B26CA	0x1465B26C0	0x146162150
registry_accessor	0x146162150	CALLER	0x1465B276A	0x1465B2760	0x146162150
registry_accessor	0x146162150	CALLER	0x1465B2E0A	0x1465B2E00	0x146162150
registry_accessor	0x146162150	CALLER	0x1465B2FEA	0x1465B2FE0	0x146162150
registry_accessor	0x146162150	CALLER	0x1465B349A	0x1465B3490	0x146162150
registry_accessor	0x146162150	CALLER	0x1465B365A	0x1465B3650	0x146162150
registry_accessor	0x146162150	CALLER	0x1465B3B5A	0x1465B3B50	0x146162150
registry_accessor	0x146162150	CALLER	0x1465B3C1A	0x1465B3C10	0x146162150
registry_accessor	0x146162150	CALLER	0x1465B456A	0x1465B4560	0x146162150
registry_accessor	0x146162150	CALLER	0x1465B51FA	0x1465B51F0	0x146162150
registry_accessor	0x146162150	CALLER	0x1465B550A	0x1465B5500	0x146162150
registry_accessor	0x146162150	CALLER	0x1465B567A	0x1465B5670	0x146162150
registry_accessor	0x146162150	CALLER	0x1465B5BFA	0x1465B5BF0	0x146162150
registry_accessor	0x146162150	CALLER	0x1465B5E0A	0x1465B5E00	0x146162150
registry_accessor	0x146162150	CALLER	0x1465B5FDA	0x1465B5FD0	0x146162150
registry_accessor	0x146162150	CALLER	0x1465B609A	0x1465B6090	0x146162150
registry_accessor	0x146162150	CALLER	0x1465B618A	0x1465B6180	0x146162150
registry_accessor	0x146162150	CALLER	0x1465B695A	0x1465B6950	0x146162150
registry_accessor	0x146162150	CALLER	0x1465B705A	0x1465B7050	0x146162150
registry_accessor	0x146162150	CALLER	0x1465B7B8A	0x1465B7B80	0x146162150
registry_accessor	0x146162150	CALLER	0x1465B7E6A	0x1465B7E60	0x146162150
registry_accessor	0x146162150	CALLER	0x1465B871A	0x1465B8710	0x146162150
registry_accessor	0x146162150	CALLER	0x1465B944A	0x1465B9440	0x146162150
registry_accessor	0x146162150	CALLER	0x1465B987A	0x1465B9870	0x146162150
registry_accessor	0x146162150	CALLER	0x1465BA2BA	0x1465BA2B0	0x146162150
registry_accessor	0x146162150	CALLER	0x1465BA91A	0x1465BA910	0x146162150
registry_accessor	0x146162150	CALLER	0x1465BACAA	0x1465BACA0	0x146162150
registry_accessor	0x146162150	CALLER	0x1465BB7AA	0x1465BB7A0	0x146162150
registry_accessor	0x146162150	CALLER	0x1465BBD5A	0x1465BBD50	0x146162150
registry_accessor	0x146162150	CALLER	0x1465BBF5A	0x1465BBF50	0x146162150
registry_accessor	0x146162150	CALLER	0x1465BC6BA	0x1465BC6B0	0x146162150
registry_accessor	0x146162150	CALLER	0x1469A4B5A	0x1469A4B50	0x146162150
registry_accessor	0x146162150	CALLER	0x1469A4C0A	0x1469A4C00	0x146162150
registry_accessor	0x146162150	CALLER	0x1469A4CBA	0x1469A4CB0	0x146162150
registry_accessor	0x146162150	CALLER	0x1469A4D6A	0x1469A4D60	0x146162150
registry_accessor	0x146162150	CALLER	0x1469A4F0A	0x1469A4F00	0x146162150
registry_accessor	0x146162150	CALLER	0x1469A4FBA	0x1469A4FB0	0x146162150
registry_accessor	0x146162150	CALLER	0x1469A506A	0x1469A5060	0x146162150
registry_accessor	0x146162150	CALLER	0x1469A523A	0x1469A5230	0x146162150
registry_accessor	0x146162150	CALLER	0x1469A52EA	0x1469A52E0	0x146162150
registry_accessor	0x146162150	CALLER	0x1469A5DAA	0x1469A5DA0	0x146162150
registry_accessor	0x146162150	CALLER	0x146A3218A	0x146A32180	0x146162150
registry_accessor	0x146162150	CALLER	0x146A3223A	0x146A32230	0x146162150
registry_accessor	0x146162150	CALLER	0x146A3233A	0x146A32330	0x146162150
registry_accessor	0x146162150	CALLER	0x146A3254A	0x146A32540	0x146162150
registry_accessor	0x146162150	CALLER	0x146A3284A	0x146A32840	0x146162150
registry_accessor	0x146162150	CALLER	0x146A3292A	0x146A32920	0x146162150
registry_accessor	0x146162150	CALLER	0x146A329BA	0x146A329B0	0x146162150
registry_accessor	0x146162150	CALLER	0x146A32C4A	0x146A32C40	0x146162150
registry_accessor	0x146162150	CALLER	0x146A3304A	0x146A33040	0x146162150
registry_accessor	0x146162150	CALLER	0x146A330DA	0x146A330D0	0x146162150
registry_accessor	0x146162150	CALLER	0x146A3353A	0x146A33530	0x146162150
registry_accessor	0x146162150	CALLER	0x146A33A9A	0x146A33A90	0x146162150
registry_accessor	0x146162150	CALLER	0x146A33B4A	0x146A33B40	0x146162150
registry_accessor	0x146162150	CALLER	0x146A33BFA	0x146A33BF0	0x146162150
registry_accessor	0x146162150	CALLER	0x146A33D9A	0x146A33D90	0x146162150
registry_accessor	0x146162150	CALLER	0x146A341DA	0x146A341D0	0x146162150
registry_accessor	0x146162150	CALLER	0x146A3440A	0x146A34400	0x146162150
registry_accessor	0x146162150	CALLER	0x146A348EA	0x146A348E0	0x146162150
registry_accessor	0x146162150	CALLER	0x146A36ECA	0x146A36EC0	0x146162150
registry_accessor	0x146162150	CALLER	0x146A374DA	0x146A374D0	0x146162150
registry_accessor	0x146162150	CALLER	0x146A3756A	0x146A37560	0x146162150
registry_accessor	0x146162150	CALLER	0x146A3933A	0x146A39330	0x146162150
registry_accessor	0x146162150	CALLER	0x146A3944A	0x146A39440	0x146162150
registry_accessor	0x146162150	CALLER	0x146A3AA3A	0x146A3AA30	0x146162150
registry_accessor	0x146162150	CALLER	0x146A3B77A	0x146A3B770	0x146162150
registry_accessor	0x146162150	CALLER	0x146A3BE3A	0x146A3BE30	0x146162150
registry_accessor	0x146162150	CALLER	0x146A3D09A	0x146A3D090	0x146162150
registry_accessor	0x146162150	CALLER	0x146A3E13A	0x146A3E130	0x146162150
registry_accessor	0x146162150	CALLER	0x146A3E31A	0x146A3E310	0x146162150
registry_accessor	0x146162150	CALLER	0x146A3E72A	0x146A3E720	0x146162150
registry_accessor	0x146162150	CALLER	0x146A3EADA	0x146A3EAD0	0x146162150
registry_accessor	0x146162150	CALLER	0x146A3EF1A	0x146A3EF10	0x146162150
registry_accessor	0x146162150	CALLER	0x146A3F1BA	0x146A3F1B0	0x146162150
registry_accessor	0x146162150	CALLER	0x146A3F3EA	0x146A3F3E0	0x146162150
registry_accessor	0x146162150	CALLER	0x146A3F4AA	0x146A3F4A0	0x146162150
registry_accessor	0x146162150	CALLER	0x146A3FA6A	0x146A3FA60	0x146162150
registry_accessor	0x146162150	CALLER	0x146A3FB1A	0x146A3FB10	0x146162150
registry_accessor	0x146162150	CALLER	0x146A3FC4A	0x146A3FC40	0x146162150
registry_accessor	0x146162150	CALLER	0x146A403FA	0x146A403F0	0x146162150
registry_accessor	0x146162150	CALLER	0x146A4071A	0x146A40710	0x146162150
registry_accessor	0x146162150	CALLER	0x146A40E4A	0x146A40E40	0x146162150
registry_accessor	0x146162150	CALLER	0x146A4176A	0x146A41760	0x146162150
registry_accessor	0x146162150	CALLER	0x146A418AA	0x146A418A0	0x146162150
registry_accessor	0x146162150	CALLER	0x146A4195A	0x146A41950	0x146162150
registry_accessor	0x146162150	CALLER	0x146A41A0A	0x146A41A00	0x146162150
registry_accessor	0x146162150	CALLER	0x146A41AAA	0x146A41AA0	0x146162150
registry_accessor	0x146162150	CALLER	0x146A44E7A	0x146A44E70	0x146162150
registry_accessor	0x146162150	CALLER	0x146A44FCA	0x146A44FC0	0x146162150
registry_accessor	0x146162150	CALLER	0x146A450AA	0x146A450A0	0x146162150
registry_accessor	0x146162150	CALLER	0x146A45BBA	0x146A45BB0	0x146162150
registry_accessor	0x146162150	CALLER	0x146A45C5A	0x146A45C50	0x146162150
registry_accessor	0x146162150	CALLER	0x146A45D0A	0x146A45D00	0x146162150
registry_accessor	0x146162150	CALLER	0x146A45DBA	0x146A45DB0	0x146162150
registry_accessor	0x146162150	CALLER	0x146A4603A	0x146A46030	0x146162150
registry_accessor	0x146162150	CALLER	0x146A4618A	0x146A46180	0x146162150
registry_accessor	0x146162150	CALLER	0x146A4627A	0x146A46270	0x146162150
registry_accessor	0x146162150	CALLER	0x146A463BA	0x146A463B0	0x146162150
registry_accessor	0x146162150	CALLER	0x146A464EA	0x146A464E0	0x146162150
registry_accessor	0x146162150	CALLER	0x146A4659A	0x146A46590	0x146162150
registry_accessor	0x146162150	CALLER	0x146A4672A	0x146A46720	0x146162150
registry_accessor	0x146162150	CALLER	0x146A468BA	0x146A468B0	0x146162150
registry_accessor	0x146162150	CALLER	0x146A46BCA	0x146A46BC0	0x146162150
registry_accessor	0x146162150	CALLER	0x146A46D0A	0x146A46D00	0x146162150
registry_accessor	0x146162150	CALLER	0x146A46EEA	0x146A46EE0	0x146162150
registry_accessor	0x146162150	CALLER	0x146A471BA	0x146A471B0	0x146162150
registry_accessor	0x146162150	CALLER	0x146A4743A	0x146A47430	0x146162150
registry_accessor	0x146162150	CALLER	0x146A47B9A	0x146A47B90	0x146162150
registry_accessor	0x146162150	CALLER	0x146A4819A	0x146A48190	0x146162150
registry_accessor	0x146162150	CALLER	0x146A4823A	0x146A48230	0x146162150
registry_accessor	0x146162150	CALLER	0x146A4834A	0x146A48340	0x146162150
registry_accessor	0x146162150	CALLER	0x146A489EA	0x146A489E0	0x146162150
registry_accessor	0x146162150	CALLER	0x146A48F2A	0x146A48F20	0x146162150
registry_accessor	0x146162150	CALLER	0x146A4915A	0x146A49150	0x146162150
registry_accessor	0x146162150	CALLER	0x146A491FA	0x146A491F0	0x146162150
registry_accessor	0x146162150	CALLER	0x146A496FA	0x146A496F0	0x146162150
registry_accessor	0x146162150	CALLER	0x146A4997A	0x146A49970	0x146162150
registry_accessor	0x146162150	CALLER	0x146A49E7A	0x146A49E70	0x146162150
registry_accessor	0x146162150	CALLER	0x146A49FEA	0x146A49FE0	0x146162150
registry_accessor	0x146162150	CALLER	0x146A4A09A	0x146A4A090	0x146162150
registry_accessor	0x146162150	CALLER	0x146A4A14A	0x146A4A140	0x146162150
registry_accessor	0x146162150	CALLER	0x146A4A52A	0x146A4A520	0x146162150
registry_accessor	0x146162150	CALLER	0x146A4AE2A	0x146A4AE20	0x146162150
registry_accessor	0x146162150	CALLER	0x146A4AEEA	0x146A4AEE0	0x146162150
registry_accessor	0x146162150	CALLER	0x146A4B04A	0x146A4B040	0x146162150
registry_accessor	0x146162150	CALLER	0x146A4B27A	0x146A4B270	0x146162150
registry_accessor	0x146162150	CALLER	0x146A4B3FA	0x146A4B3F0	0x146162150
registry_accessor	0x146162150	CALLER	0x146A4B5DA	0x146A4B5D0	0x146162150
registry_accessor	0x146162150	CALLER	0x146A4B6DA	0x146A4B6D0	0x146162150
registry_accessor	0x146162150	CALLER	0x146A4B9EA	0x146A4B9E0	0x146162150
registry_accessor	0x146162150	CALLER	0x146A4BAEA	0x146A4BAE0	0x146162150
registry_accessor	0x146162150	CALLER	0x146A4BC1A	0x146A4BC10	0x146162150
registry_accessor	0x146162150	CALLER	0x146A4BD4A	0x146A4BD40	0x146162150
registry_accessor	0x146162150	CALLER	0x146A4BDEA	0x146A4BDE0	0x146162150
registry_accessor	0x146162150	CALLER	0x146A4BEDA	0x146A4BED0	0x146162150
registry_accessor	0x146162150	CALLER	0x146A4BFDA	0x146A4BFD0	0x146162150
registry_accessor	0x146162150	CALLER	0x146A4C08A	0x146A4C080	0x146162150
registry_accessor	0x146162150	CALLER	0x146A4C13A	0x146A4C130	0x146162150
registry_accessor	0x146162150	CALLER	0x146A4C22A	0x146A4C220	0x146162150
registry_accessor	0x146162150	CALLER	0x146A4C3FA	0x146A4C3F0	0x146162150
registry_accessor	0x146162150	CALLER	0x146A4C4EA	0x146A4C4E0	0x146162150
registry_accessor	0x146162150	CALLER	0x146A4C58A	0x146A4C580	0x146162150
registry_accessor	0x146162150	CALLER	0x146A4C84A	0x146A4C840	0x146162150
registry_accessor	0x146162150	CALLER	0x146A4C8EA	0x146A4C8E0	0x146162150
registry_accessor	0x146162150	CALLER	0x146A4C9DA	0x146A4C9D0	0x146162150
registry_accessor	0x146162150	CALLER	0x146A4CB8A	0x146A4CB80	0x146162150
registry_accessor	0x146162150	CALLER	0x146A4CC4A	0x146A4CC40	0x146162150
registry_accessor	0x146162150	CALLER	0x146A4CCEA	0x146A4CCE0	0x146162150
registry_accessor	0x146162150	CALLER	0x146A4CF7A	0x146A4CF70	0x146162150
registry_accessor	0x146162150	CALLER	0x146A4D2BA	0x146A4D2B0	0x146162150
registry_accessor	0x146162150	CALLER	0x146A4D3FA	0x146A4D3F0	0x146162150
registry_accessor	0x146162150	CALLER	0x146A4D51A	0x146A4D510	0x146162150
registry_accessor	0x146162150	CALLER	0x146A4D5EA	0x146A4D5E0	0x146162150
registry_accessor	0x146162150	CALLER	0x146A4D6FA	0x146A4D6F0	0x146162150
registry_accessor	0x146162150	CALLER	0x146A4D7AA	0x146A4D7A0	0x146162150
registry_accessor	0x146162150	CALLER	0x146A4DACA	0x146A4DAC0	0x146162150
registry_accessor	0x146162150	CALLER	0x146A4DC1A	0x146A4DC10	0x146162150
registry_accessor	0x146162150	CALLER	0x146A4DF7A	0x146A4DF70	0x146162150
registry_accessor	0x146162150	CALLER	0x146A4E01A	0x146A4E010	0x146162150
registry_accessor	0x146162150	CALLER	0x146A4E0CA	0x146A4E0C0	0x146162150
registry_accessor	0x146162150	CALLER	0x146A4E21A	0x146A4E210	0x146162150
registry_accessor	0x146162150	CALLER	0x146A4E7AA	0x146A4E7A0	0x146162150
registry_accessor	0x146162150	CALLER	0x146A4E8AA	0x146A4E8A0	0x146162150
registry_accessor	0x146162150	CALLER	0x146A4E98A	0x146A4E980	0x146162150
registry_accessor	0x146162150	CALLER	0x146A4EA2A	0x146A4EA20	0x146162150
registry_accessor	0x146162150	CALLER	0x146A4EADA	0x146A4EAD0	0x146162150
registry_accessor	0x146162150	CALLER	0x146A4EBDA	0x146A4EBD0	0x146162150
registry_accessor	0x146162150	CALLER	0x146A4F06A	0x146A4F060	0x146162150
registry_accessor	0x146162150	CALLER	0x146A4F12A	0x146A4F120	0x146162150
registry_accessor	0x146162150	CALLER	0x146A4F25A	0x146A4F250	0x146162150
registry_accessor	0x146162150	CALLER	0x146A4F31A	0x146A4F310	0x146162150
registry_accessor	0x146162150	CALLER	0x146A4F3BA	0x146A4F3B0	0x146162150
registry_accessor	0x146162150	CALLER	0x146A4F71A	0x146A4F710	0x146162150
registry_accessor	0x146162150	CALLER	0x146A4FB5A	0x146A4FB50	0x146162150
registry_accessor	0x146162150	CALLER	0x146A4FF8A	0x146A4FF80	0x146162150
registry_accessor	0x146162150	CALLER	0x146A5021A	0x146A50210	0x146162150
registry_accessor	0x146162150	CALLER	0x146A502EA	0x146A502E0	0x146162150
registry_accessor	0x146162150	CALLER	0x146A5038A	0x146A50380	0x146162150
registry_accessor	0x146162150	CALLER	0x146A5048A	0x146A50480	0x146162150
registry_accessor	0x146162150	CALLER	0x146A506BA	0x146A506B0	0x146162150
registry_accessor	0x146162150	CALLER	0x146A5080A	0x146A50800	0x146162150
registry_accessor	0x146162150	CALLER	0x146A508CA	0x146A508C0	0x146162150
registry_accessor	0x146162150	CALLER	0x146A50A0A	0x146A50A00	0x146162150
registry_accessor	0x146162150	CALLER	0x146A50ABA	0x146A50AB0	0x146162150
registry_accessor	0x146162150	CALLER	0x146A50B7A	0x146A50B70	0x146162150
registry_accessor	0x146162150	CALLER	0x146A50C0A	0x146A50C00	0x146162150
registry_accessor	0x146162150	CALLER	0x146A50CDA	0x146A50CD0	0x146162150
registry_accessor	0x146162150	CALLER	0x146A5102A	0x146A51020	0x146162150
registry_accessor	0x146162150	CALLER	0x146A5149A	0x146A51490	0x146162150
registry_accessor	0x146162150	CALLER	0x146A5186A	0x146A51860	0x146162150
registry_accessor	0x146162150	CALLER	0x146A5191A	0x146A51910	0x146162150
registry_accessor	0x146162150	CALLER	0x146A51B2A	0x146A51B20	0x146162150
registry_accessor	0x146162150	CALLER	0x146A51D3A	0x146A51D30	0x146162150
registry_accessor	0x146162150	CALLER	0x146A51E6A	0x146A51E60	0x146162150
registry_accessor	0x146162150	CALLER	0x146A51FDA	0x146A51FD0	0x146162150
registry_accessor	0x146162150	CALLER	0x146A5208A	0x146A52080	0x146162150
registry_accessor	0x146162150	CALLER	0x146A5266A	0x146A52660	0x146162150
registry_accessor	0x146162150	CALLER	0x146A527CA	0x146A527C0	0x146162150
registry_accessor	0x146162150	CALLER	0x146A5288A	0x146A52880	0x146162150
registry_accessor	0x146162150	CALLER	0x146A529AA	0x146A529A0	0x146162150
registry_accessor	0x146162150	CALLER	0x146A52AEA	0x146A52AE0	0x146162150
registry_accessor	0x146162150	CALLER	0x146A52D9A	0x146A52D90	0x146162150
registry_accessor	0x146162150	CALLER	0x146A5338A	0x146A53380	0x146162150
registry_accessor	0x146162150	CALLER	0x146A5347A	0x146A53470	0x146162150
registry_accessor	0x146162150	CALLER	0x146A536DA	0x146A536D0	0x146162150
registry_accessor	0x146162150	CALLER	0x146A5382A	0x146A53820	0x146162150
registry_accessor	0x146162150	CALLER	0x146A539DA	0x146A539D0	0x146162150
registry_accessor	0x146162150	CALLER	0x146A53A8A	0x146A53A80	0x146162150
registry_accessor	0x146162150	CALLER	0x146A53C9A	0x146A53C90	0x146162150
registry_accessor	0x146162150	CALLER	0x146A53DBA	0x146A53DB0	0x146162150
registry_accessor	0x146162150	CALLER	0x146A53E7A	0x146A53E70	0x146162150
registry_accessor	0x146162150	CALLER	0x146A53F9A	0x146A53F90	0x146162150
registry_accessor	0x146162150	CALLER	0x146A5439A	0x146A54390	0x146162150
registry_accessor	0x146162150	CALLER	0x146A5463A	0x146A54630	0x146162150
registry_accessor	0x146162150	CALLER	0x146A5489A	0x146A54890	0x146162150
registry_accessor	0x146162150	CALLER	0x146A5500A	0x146A55000	0x146162150
registry_accessor	0x146162150	CALLER	0x146A550FA	0x146A550F0	0x146162150
registry_accessor	0x146162150	CALLER	0x146A551AA	0x146A551A0	0x146162150
registry_accessor	0x146162150	CALLER	0x146A5533A	0x146A55330	0x146162150
registry_accessor	0x146162150	CALLER	0x146A555EA	0x146A555E0	0x146162150
registry_accessor	0x146162150	CALLER	0x146A557AA	0x146A557A0	0x146162150
registry_accessor	0x146162150	CALLER	0x146A55A0A	0x146A55A00	0x146162150
registry_accessor	0x146162150	CALLER	0x146A55B4A	0x146A55B40	0x146162150
registry_accessor	0x146162150	CALLER	0x146A55BFA	0x146A55BF0	0x146162150
registry_accessor	0x146162150	CALLER	0x146A55E3A	0x146A55E30	0x146162150
registry_accessor	0x146162150	CALLER	0x146A55FBA	0x146A55FB0	0x146162150
registry_accessor	0x146162150	CALLER	0x146A5618A	0x146A56180	0x146162150
registry_accessor	0x146162150	CALLER	0x146A56B1A	0x146A56B10	0x146162150
registry_accessor	0x146162150	CALLER	0x146A56BBA	0x146A56BB0	0x146162150
registry_accessor	0x146162150	CALLER	0x146A56F0A	0x146A56F00	0x146162150
registry_accessor	0x146162150	CALLER	0x146A57C8A	0x146A57C80	0x146162150
registry_accessor	0x146162150	CALLER	0x146A57DFA	0x146A57DF0	0x146162150
registry_accessor	0x146162150	CALLER	0x146A5892A	0x146A58920	0x146162150
registry_accessor	0x146162150	CALLER	0x146A58A5A	0x146A58A50	0x146162150
registry_accessor	0x146162150	CALLER	0x146A5920A	0x146A59200	0x146162150
registry_accessor	0x146162150	CALLER	0x146A5959A	0x146A59590	0x146162150
registry_accessor	0x146162150	CALLER	0x146A5980A	0x146A59800	0x146162150
registry_accessor	0x146162150	CALLER	0x146A598BA	0x146A598B0	0x146162150
registry_accessor	0x146162150	CALLER	0x146A5A6BA	0x146A5A6B0	0x146162150
registry_accessor	0x146162150	CALLER	0x146A5AAEA	0x146A5AAE0	0x146162150
registry_accessor	0x146162150	CALLER	0x146A5AB8A	0x146A5AB80	0x146162150
registry_accessor	0x146162150	CALLER	0x146A5AF6A	0x146A5AF60	0x146162150
registry_accessor	0x146162150	CALLER	0x146A5B27A	0x146A5B270	0x146162150
registry_accessor	0x146162150	CALLER	0x146A5B4FA	0x146A5B4F0	0x146162150
registry_accessor	0x146162150	CALLER	0x146A5BB6A	0x146A5BB60	0x146162150
registry_accessor	0x146162150	CALLER	0x146A5BD9A	0x146A5BD90	0x146162150
registry_accessor	0x146162150	CALLER	0x146A5C2DA	0x146A5C2D0	0x146162150
registry_accessor	0x146162150	CALLER	0x146A5C4AA	0x146A5C4A0	0x146162150
registry_accessor	0x146162150	CALLER	0x146A5CA0A	0x146A5CA00	0x146162150
registry_accessor	0x146162150	CALLER	0x146A5CABA	0x146A5CAB0	0x146162150
registry_accessor	0x146162150	CALLER	0x146A5CC7A	0x146A5CC70	0x146162150
registry_accessor	0x146162150	CALLER	0x146A5CE6A	0x146A5CE60	0x146162150
registry_accessor	0x146162150	CALLER	0x146A5D10A	0x146A5D100	0x146162150
registry_accessor	0x146162150	CALLER	0x146A5D1BA	0x146A5D1B0	0x146162150
registry_accessor	0x146162150	CALLER	0x146A5D2AA	0x146A5D2A0	0x146162150
registry_accessor	0x146162150	CALLER	0x146A5D6DA	0x146A5D6D0	0x146162150
registry_accessor	0x146162150	CALLER	0x146A5D76A	0x146A5D760	0x146162150
registry_accessor	0x146162150	CALLER	0x146A5D96A	0x146A5D960	0x146162150
registry_accessor	0x146162150	CALLER	0x146A5DA2A	0x146A5DA20	0x146162150
registry_accessor	0x146162150	CALLER	0x146A5DABA	0x146A5DAB0	0x146162150
registry_accessor	0x146162150	CALLER	0x146A5DC3A	0x146A5DC30	0x146162150
registry_accessor	0x146162150	CALLER	0x146A5DCEA	0x146A5DCE0	0x146162150
registry_accessor	0x146162150	CALLER	0x146A5DF0A	0x146A5DF00	0x146162150
registry_accessor	0x146162150	CALLER	0x146A5E16A	0x146A5E160	0x146162150
registry_accessor	0x146162150	CALLER	0x146A5E42A	0x146A5E420	0x146162150
registry_accessor	0x146162150	CALLER	0x146A5E51A	0x146A5E510	0x146162150
registry_accessor	0x146162150	CALLER	0x146A5E7AA	0x146A5E7A0	0x146162150
registry_accessor	0x146162150	CALLER	0x146A5E91A	0x146A5E910	0x146162150
registry_accessor	0x146162150	CALLER	0x146A5E9DA	0x146A5E9D0	0x146162150
registry_accessor	0x146162150	CALLER	0x146A5EA8A	0x146A5EA80	0x146162150
registry_accessor	0x146162150	CALLER	0x146A5EDFA	0x146A5EDF0	0x146162150
registry_accessor	0x146162150	CALLER	0x146A5EEDA	0x146A5EED0	0x146162150
registry_accessor	0x146162150	CALLER	0x146A5F19A	0x146A5F190	0x146162150
registry_accessor	0x146162150	CALLER	0x146A5F6FA	0x146A5F6F0	0x146162150
registry_accessor	0x146162150	CALLER	0x146A5F7AA	0x146A5F7A0	0x146162150
registry_accessor	0x146162150	CALLER	0x146A6186A	0x146A61860	0x146162150
registry_accessor	0x146162150	CALLER	0x146AE4291	0x146AE37E0	0x146162150
registry_accessor	0x146162150	CALLER	0x146B6E270	0x146B6E190	0x146162150
registry_accessor	0x146162150	CALLEE	0x146162175	0x146162150	0x1413F94B0
registry_accessor	0x146162150	CALLEE	0x1461621A0	0x146162150	0x1413784E0
registry_accessor	0x146162150	CALLEE	0x1461621B2	0x146162150	0x141401230
registry_accessor	0x146162150	CALLEE	0x1461621BA	0x146162150	0x14140A270
registry_accessor	0x146162150	CALLEE	0x1461621F7	0x146162150	0x1402B2680
registry_accessor	0x146162150	CALLEE	0x146162207	0x146162150	0x146154ED0
registry_accessor	0x146162150	CALLEE	0x146162210	0x146162150	0x14140BFD0
registry_accessor	0x146162150	CALLEE	0x146162247	0x146162150	0x1402B2680
registry_accessor	0x146162150	CALLEE	0x14616227C	0x146162150	0x146155880
registry_accessor	0x146162150	CALLEE	0x146162286	0x146162150	0x146155880
gcw_driver	0x14644A070	CALLER	0x14646D4AA	0x14646D460	0x14644A070
gcw_driver	0x14644A070	CALLEE	0x14644A0E2	0x14644A070	0x1463E4000
gcw_driver	0x14644A070	CALLEE	0x14644A101	0x14644A070	0x146466650
gcw_driver	0x14644A070	CALLEE	0x14644A12F	0x14644A070	0x1463E4000
gcw_driver	0x14644A070	CALLEE	0x14644A165	0x14644A070	0x14143E010
gcw_driver	0x14644A070	CALLEE	0x14644A19A	0x14644A070	0x146460240
gcw_driver	0x14644A070	CALLEE	0x14644A1BB	0x14644A070	0x14149CA40
gcw_driver	0x14644A070	CALLEE	0x14644A1DD	0x14644A070	0x14143E010
gcw_driver	0x14644A070	CALLEE	0x14644A206	0x14644A070	0x14143E010
gcw_driver	0x14644A070	CALLEE	0x14644A220	0x14644A070	0x14645FD70
gcw_driver	0x14644A070	CALLEE	0x14644A251	0x14644A070	0x14143E010
gcw_driver	0x14644A070	CALLEE	0x14644A267	0x14644A070	0x14645FD70
gcw_driver	0x14644A070	CALLEE	0x14644A27A	0x14644A070	0x140877E60
gcw_driver	0x14644A070	CALLEE	0x14644A289	0x14644A070	0x140870C50
gcw_driver	0x14644A070	CALLEE	0x14644A292	0x14644A070	0x140877E60
gcw_driver	0x14644A070	CALLEE	0x14644A2A1	0x14644A070	0x140870C50
gcw_driver	0x14644A070	CALLEE	0x14644A2F3	0x14644A070	0x146465060
gcw_driver	0x14644A070	CALLEE	0x14644A30B	0x14644A070	0x146459320
gcw_driver	0x14644A070	CALLEE	0x14644A318	0x14644A070	0x1464708D0
gcw_driver	0x14644A070	CALLEE	0x14644A373	0x14644A070	0x14640FA00
gcw_driver	0x14644A070	CALLEE	0x14644A39A	0x14644A070	0x146466650
gcw_driver	0x14644A070	CALLEE	0x14644A3C0	0x14644A070	0x146422200
gcw_driver	0x14644A070	CALLEE	0x14644A403	0x14644A070	0x1463E4550
gcw_driver	0x14644A070	CALLEE	0x14644A42D	0x14644A070	0x144A7ACA0
gcw_driver	0x14644A070	CALLEE	0x14644A43A	0x14644A070	0x146466650
gcw_driver	0x14644A070	CALLEE	0x14644A462	0x14644A070	0x14149CA40
gcw_driver	0x14644A070	CALLEE	0x14644A4A9	0x14644A070	0x140FA4A30
gcw_driver	0x14644A070	CALLEE	0x14644A4D7	0x14644A070	0x144A7ACA0
gcw_driver	0x14644A070	CALLEE	0x14644A4EA	0x14644A070	0x146466650
gcw_driver	0x14644A070	CALLEE	0x14644A51F	0x14644A070	0x14033D610
gcw_driver	0x14644A070	CALLEE	0x14644A52E	0x14644A070	0x146445F30
gcw_driver	0x14644A070	CALLEE	0x14644A54F	0x14644A070	0x146438900
gcw_driver	0x14644A070	CALLEE	0x14644A58E	0x14644A070	0x14647F720
gcw_driver	0x14644A070	CALLEE	0x14644A5BA	0x14644A070	0x145A8DCE0
gcw_driver	0x14644A070	CALLEE	0x14644A5D3	0x14644A070	0x146466650
gcw_driver	0x14644A070	CALLEE	0x14644A601	0x14644A070	0x14143E010
gcw_driver	0x14644A070	CALLEE	0x14644A61B	0x14644A070	0x14645FD70
gcw_driver	0x14644A070	CALLEE	0x14644A65F	0x14644A070	0x14143E010
gcw_driver	0x14644A070	CALLEE	0x14644A66A	0x14644A070	0x146425F20
gcw_driver	0x14644A070	CALLEE	0x14644A693	0x14644A070	0x14143E010
gcw_driver	0x14644A070	CALLEE	0x14644A6AD	0x14644A070	0x14645FD70
gcw_driver	0x14644A070	CALLEE	0x14644A6E7	0x14644A070	0x14143E010
gcw_driver	0x14644A070	CALLEE	0x14644A6F3	0x14644A070	0x145A92380
gcw_driver	0x14644A070	CALLEE	0x14644A711	0x14644A070	0x145A905D0
gcw_driver	0x14644A070	CALLEE	0x14644A741	0x14644A070	0x14143E010
gcw_driver	0x14644A070	CALLEE	0x14644A75B	0x14644A070	0x14645FD70
gcw_driver	0x14644A070	CALLEE	0x14644A776	0x14644A070	0x145A92370
gcw_driver	0x14644A070	CALLEE	0x14644A791	0x14644A070	0x14143E010
gcw_driver	0x14644A070	CALLEE	0x14644A7AB	0x14644A070	0x14143E010
gcw_driver	0x14644A070	CALLEE	0x14644A7DB	0x14644A070	0x14143E010
gcw_driver	0x14644A070	CALLEE	0x14644A7F5	0x14644A070	0x14645FD70
gcw_driver	0x14644A070	CALLEE	0x14644A80D	0x14644A070	0x145A905C0
gcw_driver	0x14644A070	CALLEE	0x14644A828	0x14644A070	0x14143E010
gcw_driver	0x14644A070	CALLEE	0x14644A851	0x14644A070	0x14143E010
gcw_driver	0x14644A070	CALLEE	0x14644A86B	0x14644A070	0x14645FD70
gcw_driver	0x14644A070	CALLEE	0x14644A87E	0x14644A070	0x140877E60
gcw_driver	0x14644A070	CALLEE	0x14644A88D	0x14644A070	0x140870C50
gcw_driver	0x14644A070	CALLEE	0x14644A896	0x14644A070	0x140877E60
gcw_driver	0x14644A070	CALLEE	0x14644A8A5	0x14644A070	0x140870C50
gcw_driver	0x14644A070	CALLEE	0x14644A8C4	0x14644A070	0x145A923C0
gcw_driver	0x14644A070	CALLEE	0x14644A8D1	0x14644A070	0x141026080
gcw_driver	0x14644A070	CALLEE	0x14644A8DF	0x14644A070	0x141026080
gcw_driver	0x14644A070	CALLEE	0x14644A904	0x14644A070	0x14143E010
gcw_driver	0x14644A070	CALLEE	0x14644A92D	0x14644A070	0x14143E010
gcw_driver	0x14644A070	CALLEE	0x14644A943	0x14644A070	0x14645FD70
gcw_driver	0x14644A070	CALLEE	0x14644A956	0x14644A070	0x140877E60
gcw_driver	0x14644A070	CALLEE	0x14644A965	0x14644A070	0x140870C50
gcw_driver	0x14644A070	CALLEE	0x14644A96E	0x14644A070	0x140877E60
gcw_driver	0x14644A070	CALLEE	0x14644A97D	0x14644A070	0x140870C50
gcw_driver	0x14644A070	CALLEE	0x14644A9C1	0x14644A070	0x1402A1750
gcw_driver	0x14644A070	CALLEE	0x14644A9D2	0x14644A070	0x145A8D150
gcw_driver	0x14644A070	CALLEE	0x14644A9F4	0x14644A070	0x146460240
gcw_driver	0x14644A070	CALLEE	0x14644AA0B	0x14644A070	0x145A8DCE0
gcw_driver	0x14644A070	CALLEE	0x14644AA64	0x14644A070	0x146460240
gcw_driver	0x14644A070	CALLEE	0x14644AA85	0x14644A070	0x14149CA40
gcw_driver	0x14644A070	CALLEE	0x14644AA8E	0x14644A070	0x14643E4A0
rep_input	0x146B6EB70	CALLEE	0x146B6EBA4	0x146B6EB70	0x140870BC0
rep_input	0x146B6EB70	CALLEE	0x146B6EBAC	0x146B6EB70	0x1409055D0
rep_input	0x146B6EB70	CALLEE	0x146B6EBB5	0x146B6EB70	0x140873240
rep_input	0x146B6EB70	CALLEE	0x146B6EC14	0x146B6EB70	0x1416C0D30
rep_input	0x146B6EB70	CALLEE	0x146B6EC2D	0x146B6EB70	0x1416B7150
rep_input	0x146B6EB70	CALLEE	0x146B6EC3F	0x146B6EB70	0x146154030
rep_input	0x146B6EB70	CALLEE	0x146B6EC5F	0x146B6EB70	0x1461AC8D0
rep_input	0x146B6EB70	CALLEE	0x146B6EC73	0x146B6EB70	0x140C9F410
rep_input	0x146B6EB70	CALLEE	0x146B6EC88	0x146B6EB70	0x1416B7150
rep_input	0x146B6EB70	CALLEE	0x146B6ECA6	0x146B6EB70	0x1406D8F80
rep_input	0x146B6EB70	CALLEE	0x146B6ECE2	0x146B6EB70	0x146B67390
rep_input	0x146B6EB70	CALLEE	0x146B6ECE7	0x146B6EB70	0x1416B7150
rep_input	0x146B6EB70	CALLEE	0x146B6ECF9	0x146B6EB70	0x1406D8F80
rep_input	0x146B6EB70	CALLEE	0x146B6ED25	0x146B6EB70	0x146B676F0
rep_input	0x146B6EB70	CALLEE	0x146B6ED2E	0x146B6EB70	0x1406D8F80
rep_input	0x146B6EB70	CALLEE	0x146B6ED39	0x146B6EB70	0x146B6F190
rep_input	0x146B6EB70	CALLEE	0x146B6ED75	0x146B6EB70	0x1416B7150
rep_input	0x146B6EB70	CALLEE	0x146B6ED99	0x146B6EB70	0x147AA6B60
rep_input	0x146B6EB70	CALLEE	0x146B6EDAA	0x146B6EB70	0x1407F7D80
rep_input	0x146B6EB70	CALLEE	0x146B6EDC0	0x146B6EB70	0x140870BC0
rep_input	0x146B6EB70	CALLEE	0x146B6EDCD	0x146B6EB70	0x1461ACE70
rep_input	0x146B6EB70	CALLEE	0x146B6EDD9	0x146B6EB70	0x140879580
rep_input	0x146B6EB70	CALLEE	0x146B6EDEF	0x146B6EB70	0x1407EB290
rep_input	0x146B6EB70	CALLEE	0x146B6EE31	0x146B6EB70	0x146161960
rep_input	0x146B6EB70	CALLEE	0x146B6EE41	0x146B6EB70	0x146165FF0
rep_input	0x146B6EB70	CALLEE	0x146B6EE4E	0x146B6EB70	0x147AA61C1
rep_input	0x146B6EB70	CALLEE	0x146B6EE6C	0x146B6EB70	0x1461AAB40
rep_input	0x146B6EB70	CALLEE	0x146B6EE82	0x146B6EB70	0x1402B6E60
rep_input	0x146B6EB70	CALLEE	0x146B6EE9D	0x146B6EB70	0x1402B6E60
rep_input	0x146B6EB70	CALLEE	0x146B6EEAB	0x146B6EB70	0x1407FD9E0
rep_input	0x146B6EB70	CALLEE	0x146B6EEB7	0x146B6EB70	0x1402B6E60
rep_input	0x146B6EB70	CALLEE	0x146B6EEDF	0x146B6EB70	0x1461AE980
rep_input	0x146B6EB70	CALLEE	0x146B6EEF5	0x146B6EB70	0x146163DB0
rep_input	0x146B6EB70	CALLEE	0x146B6EF18	0x146B6EB70	0x147AA6B60
rep_input	0x146B6EB70	CALLEE	0x146B6EF5E	0x146B6EB70	0x146B6C500
rep_input	0x146B6EB70	CALLEE	0x146B6EF9F	0x146B6EB70	0x147AA664C
rep_input	0x146B6EB70	CALLEE	0x146B6EFDB	0x146B6EB70	0x1416B7150
rep_input	0x146B6EB70	CALLEE	0x146B6F001	0x146B6EB70	0x147AA6B60
rep_writer	0x146B6F190	CALLER	0x146B6ED39	0x146B6EB70	0x146B6F190
rep_writer	0x146B6F190	CALLEE	0x146B6F1C1	0x146B6F190	0x1407F2E80
rep_writer	0x146B6F190	CALLEE	0x146B6F1E5	0x146B6F190	0x146158BA0
rep_writer	0x146B6F190	CALLEE	0x146B6F244	0x146B6F190	0x140877E60
rep_writer	0x146B6F190	CALLEE	0x146B6F253	0x146B6F190	0x140870C50
rep_writer	0x146B6F190	CALLEE	0x146B6F266	0x146B6F190	0x146B70D00
rep_writer	0x146B6F190	CALLEE	0x146B6F279	0x146B6F190	0x146B6C500
rep_writer	0x146B6F190	CALLEE	0x146B6F2FE	0x146B6F190	0x146B6C500
rep_writer	0x146B6F190	CALLEE	0x146B6F33D	0x146B6F190	0x147AA664C
rep_writer	0x146B6F190	CALLEE	0x146B6F356	0x146B6F190	0x147AA6610
rep_writer	0x146B6F190	CALLEE	0x146B6F3A8	0x146B6F190	0x146B679F0
rep_writer	0x146B6F190	CALLEE	0x146B6F3C3	0x146B6F190	0x146B6C500
rep_writer	0x146B6F190	CALLEE	0x146B6F3FF	0x146B6F190	0x147AA664C
rep_writer	0x146B6F190	CALLEE	0x146B6F442	0x146B6F190	0x147AA664C
rep_writer	0x146B6F190	CALLEE	0x146B6F474	0x146B6F190	0x1407EB290
rep_writer	0x146B6F190	CALLEE	0x146B6F4AD	0x146B6F190	0x146161960
rep_writer	0x146B6F190	CALLEE	0x146B6F4BD	0x146B6F190	0x146165FF0
rep_writer	0x146B6F190	CALLEE	0x146B6F4C6	0x146B6F190	0x147AA61C1
rep_writer	0x146B6F190	CALLEE	0x146B6F4E4	0x146B6F190	0x1461AAB40
rep_writer	0x146B6F190	CALLEE	0x146B6F4F7	0x146B6F190	0x1402B6E60
rep_writer	0x146B6F190	CALLEE	0x146B6F520	0x146B6F190	0x1461AE980
rep_writer	0x146B6F190	CALLEE	0x146B6F536	0x146B6F190	0x146163DB0
rep_writer	0x146B6F190	CALLEE	0x146B6F55A	0x146B6F190	0x147AA6B60
rep_writer	0x146B6F190	CALLEE	0x146B6F575	0x146B6F190	0x140875770
rep_writer	0x146B6F190	CALLEE	0x146B6F584	0x146B6F190	0x146AFED90
rep_writer	0x146B6F190	CALLEE	0x146B6F5A7	0x146B6F190	0x1402C43B0
rep_writer	0x146B6F190	CALLEE	0x146B6F606	0x146B6F190	0x146B66E70
rep_writer	0x146B6F190	CALLEE	0x146B6F613	0x146B6F190	0x1406D97B0
rep_writer	0x146B6F190	CALLEE	0x146B6F626	0x146B6F190	0x146B6C500
rep_writer	0x146B6F190	CALLEE	0x146B6F630	0x146B6F190	0x1407F6A30
rep_writer	0x146B6F190	CALLEE	0x146B6F654	0x146B6F190	0x146158BA0
rep_writer	0x146B6F190	CALLEE	0x146B6F6A4	0x146B6F190	0x140875770
rep_writer	0x146B6F190	CALLEE	0x146B6F6B3	0x146B6F190	0x146AFED90
rep_writer	0x146B6F190	CALLEE	0x146B6F6BD	0x146B6F190	0x1407F2370
rep_writer	0x146B6F190	CALLEE	0x146B6F6E1	0x146B6F190	0x146158BA0
rep_writer	0x146B6F190	CALLEE	0x146B6F73A	0x146B6F190	0x140877E60
rep_writer	0x146B6F190	CALLEE	0x146B6F75A	0x146B6F190	0x14087CC20
rep_writer	0x146B6F190	CALLEE	0x146B6F7CF	0x146B6F190	0x140870C50
rep_writer	0x146B6F190	CALLEE	0x146B6F7ED	0x146B6F190	0x1407F1CC0
rep_writer	0x146B6F190	CALLEE	0x146B6F811	0x146B6F190	0x146158BA0
rep_writer	0x146B6F190	CALLEE	0x146B6F872	0x146B6F190	0x146B670E0
rep_writer	0x146B6F190	CALLEE	0x146B6F87C	0x146B6F190	0x1407F0940
rep_writer	0x146B6F190	CALLEE	0x146B6F8A0	0x146B6F190	0x146158BA0
rep_writer	0x146B6F190	CALLEE	0x146B6F926	0x146B6F190	0x1407EBEC0
rep_writer	0x146B6F190	CALLEE	0x146B6F94A	0x146B6F190	0x146158BA0
rep_writer	0x146B6F190	CALLEE	0x146B6F98F	0x146B6F190	0x1407F7D80
rep_writer	0x146B6F190	CALLEE	0x146B6F9D7	0x146B6F190	0x1407EB290
rep_writer	0x146B6F190	CALLEE	0x146B6FA10	0x146B6F190	0x146161960
rep_writer	0x146B6F190	CALLEE	0x146B6FA20	0x146B6F190	0x146165FF0
rep_writer	0x146B6F190	CALLEE	0x146B6FA2D	0x146B6F190	0x147AA61C1
rep_writer	0x146B6F190	CALLEE	0x146B6FA4B	0x146B6F190	0x1461AAB40
rep_writer	0x146B6F190	CALLEE	0x146B6FA5E	0x146B6F190	0x1402B6E60
rep_writer	0x146B6F190	CALLEE	0x146B6FA8E	0x146B6F190	0x1461AE980
rep_writer	0x146B6F190	CALLEE	0x146B6FAA4	0x146B6F190	0x146163DB0
rep_writer	0x146B6F190	CALLEE	0x146B6FABE	0x146B6F190	0x147AA6B60
rep_writer	0x146B6F190	CALLEE	0x146B6FADA	0x146B6F190	0x146B690D0
rep_writer	0x146B6F190	CALLEE	0x146B6FAE6	0x146B6F190	0x146B6C900
rep_writer	0x146B6F190	CALLEE	0x146B6FAF0	0x146B6F190	0x1407EC780
rep_writer	0x146B6F190	CALLEE	0x146B6FB14	0x146B6F190	0x146158BA0
rep_writer	0x146B6F190	CALLEE	0x146B6FBA4	0x146B6F190	0x147AAD061
rep_writer	0x146B6F190	CALLEE	0x146B6FBB6	0x146B6F190	0x1407F72E0
rep_writer	0x146B6F190	CALLEE	0x146B6FBDA	0x146B6F190	0x146158BA0
rep_writer	0x146B6F190	CALLEE	0x146B6FC3B	0x146B6F190	0x146B66BE0
rep_writer	0x146B6F190	CALLEE	0x146B6FC45	0x146B6F190	0x1407EF9D0
rep_writer	0x146B6F190	CALLEE	0x146B6FC69	0x146B6F190	0x146158BA0
rep_writer	0x146B6F190	CALLEE	0x146B6FCDD	0x146B6F190	0x146B681F0
rep_writer	0x146B6F190	CALLEE	0x146B6FCE7	0x146B6F190	0x1407EE830
rep_writer	0x146B6F190	CALLEE	0x146B6FD0B	0x146B6F190	0x146158BA0
rep_writer	0x146B6F190	CALLEE	0x146B6FD89	0x146B6F190	0x146B67F20
rep_writer	0x146B6F190	CALLEE	0x146B6FD9C	0x146B6F190	0x1406D97B0
rep_writer	0x146B6F190	CALLEE	0x146B6FDAF	0x146B6F190	0x146B6C500
rep_writer	0x146B6F190	CALLEE	0x146B6FDE3	0x146B6F190	0x146B6BF50
rep_writer	0x146B6F190	CALLEE	0x146B6FDEC	0x146B6F190	0x140877E60
rep_writer	0x146B6F190	CALLEE	0x146B6FDFB	0x146B6F190	0x140870C50
rep_parser	0x146AE44F0	CALLER	0x146AF1E98	0x146AF1D90	0x146AE44F0
rep_parser	0x146AE44F0	CALLER	0x146AF2010	0x146AF1D90	0x146AE44F0
rep_parser	0x146AE44F0	CALLEE	0x146AE4523	0x146AE44F0	0x140870BC0
rep_parser	0x146AE44F0	CALLEE	0x146AE453C	0x146AE44F0	0x14087B5C0
rep_parser	0x146AE44F0	CALLEE	0x146AE454E	0x146AE44F0	0x1402A1DA0
rep_parser	0x146AE44F0	CALLEE	0x146AE455B	0x146AE44F0	0x1402A1DA0
rep_parser	0x146AE44F0	CALLEE	0x146AE456E	0x146AE44F0	0x140879590
rep_parser	0x146AE44F0	CALLEE	0x146AE45A2	0x146AE44F0	0x140873220
rep_parser	0x146AE44F0	CALLEE	0x146AE45B3	0x146AE44F0	0x140873230
rep_parser	0x146AE44F0	CALLEE	0x146AE45BE	0x146AE44F0	0x140873230
rep_parser	0x146AE44F0	CALLEE	0x146AE45D7	0x146AE44F0	0x1402A1DA0
rep_parser	0x146AE44F0	CALLEE	0x146AE45E7	0x146AE44F0	0x140870BE0
rep_parser	0x146AE44F0	CALLEE	0x146AE4602	0x146AE44F0	0x140879590
rep_parser	0x146AE44F0	CALLEE	0x146AE46C1	0x146AE44F0	0x140873220
rep_parser	0x146AE44F0	CALLEE	0x146AE46D4	0x146AE44F0	0x140879590
rep_parser	0x146AE44F0	CALLEE	0x146AE4709	0x146AE44F0	0x147AA6289
rep_parser_forward	0x146AF1D90	CALLEE	0x146AF1DCF	0x146AF1D90	0x140294200
rep_parser_forward	0x146AF1D90	CALLEE	0x146AF1E02	0x146AF1D90	0x146B0EE30
rep_parser_forward	0x146AF1D90	CALLEE	0x146AF1E0E	0x146AF1D90	0x140294200
rep_parser_forward	0x146AF1D90	CALLEE	0x146AF1E35	0x146AF1D90	0x140294200
rep_parser_forward	0x146AF1D90	CALLEE	0x146AF1E57	0x146AF1D90	0x140870BE0
rep_parser_forward	0x146AF1D90	CALLEE	0x146AF1E98	0x146AF1D90	0x146AE44F0
rep_parser_forward	0x146AF1D90	CALLEE	0x146AF1ED8	0x146AF1D90	0x140873220
rep_parser_forward	0x146AF1D90	CALLEE	0x146AF1F1F	0x146AF1D90	0x147AA6610
rep_parser_forward	0x146AF1D90	CALLEE	0x146AF1F3F	0x146AF1D90	0x147AAD067
rep_parser_forward	0x146AF1D90	CALLEE	0x146AF1F47	0x146AF1D90	0x146A8E330
rep_parser_forward	0x146AF1D90	CALLEE	0x146AF1F53	0x146AF1D90	0x146A8D610
rep_parser_forward	0x146AF1D90	CALLEE	0x146AF1F61	0x146AF1D90	0x1402A1DA0
rep_parser_forward	0x146AF1D90	CALLEE	0x146AF1F6F	0x146AF1D90	0x146B0EE30
rep_parser_forward	0x146AF1D90	CALLEE	0x146AF1F7F	0x146AF1D90	0x140873230
rep_parser_forward	0x146AF1D90	CALLEE	0x146AF1F8B	0x146AF1D90	0x140294200
rep_parser_forward	0x146AF1D90	CALLEE	0x146AF1FEB	0x146AF1D90	0x140870BE0
rep_parser_forward	0x146AF1D90	CALLEE	0x146AF2010	0x146AF1D90	0x146AE44F0
rep_parser_forward	0x146AF1D90	CALLEE	0x146AF201A	0x146AF1D90	0x140873220
rep_parser_forward	0x146AF1D90	CALLEE	0x146AF202F	0x146AF1D90	0x147AA6610
rep_parser_forward	0x146AF1D90	CALLEE	0x146AF204F	0x146AF1D90	0x147AAD067
rep_parser_forward	0x146AF1D90	CALLEE	0x146AF2057	0x146AF1D90	0x146A8E330
rep_parser_forward	0x146AF1D90	CALLEE	0x146AF2063	0x146AF1D90	0x146A8D610
rep_parser_forward	0x146AF1D90	CALLEE	0x146AF2074	0x146AF1D90	0x140873220
rep_parser_forward	0x146AF1D90	CALLEE	0x146AF2081	0x146AF1D90	0x1402A1DA0
rep_parser_forward	0x146AF1D90	CALLEE	0x146AF208F	0x146AF1D90	0x146B0EE30
rep_stream_callback	0x146B714D0	CALLEE	0x146B71502	0x146B714D0	0x140870BC0
rep_stream_callback	0x146B714D0	CALLEE	0x146B71513	0x146B714D0	0x146B6BA90
rep_stream_bridge	0x146B6BA90	CALLER	0x146B71513	0x146B714D0	0x146B6BA90
rep_stream_bridge	0x146B6BA90	CALLEE	0x146B6BAB5	0x146B6BA90	0x140870BC0
rep_stream_bridge	0x146B6BA90	CALLEE	0x146B6BAF7	0x146B6BA90	0x140879580
rep_stream_bridge	0x146B6BA90	CALLEE	0x146B6BB02	0x146B6BA90	0x1402F2D90
rep_stream_bridge	0x146B6BA90	CALLEE	0x146B6BB2C	0x146B6BA90	0x146AF20C0
rep_provider_ctor	0x146B6A270	CALLER	0x146B6D72F	0x146B6D600	0x146B6A270
rep_provider_ctor	0x146B6A270	CALLEE	0x146B6A2AB	0x146B6A270	0x1408707E0
rep_provider_ctor	0x146B6A270	CALLEE	0x146B6A327	0x146B6A270	0x146A8FCE0
rep_provider_ctor	0x146B6A270	CALLEE	0x146B6A345	0x146B6A270	0x146A95D70
rep_provider_ctor	0x146B6A270	CALLEE	0x146B6A3BC	0x146B6A270	0x140FC7F90
rep_provider_ctor	0x146B6A270	CALLEE	0x146B6A3E8	0x146B6A270	0x140FC7F90
rep_provider_ctor	0x146B6A270	CALLEE	0x146B6A45C	0x146B6A270	0x140FCB0F0
rep_provider_ctor	0x146B6A270	CALLEE	0x146B6A48F	0x146B6A270	0x14033D610
rep_provider_ctor	0x146B6A270	CALLEE	0x146B6A4C1	0x146B6A270	0x147AAD055
rep_provider_ctor	0x146B6A270	CALLEE	0x146B6A4EB	0x146B6A270	0x147AA6610
rep_provider_ctor	0x146B6A270	CALLEE	0x146B6A536	0x146B6A270	0x146B34780
rep_provider_ctor	0x146B6A270	CALLEE	0x146B6A568	0x146B6A270	0x147AAD055
rep_provider_ctor	0x146B6A270	CALLEE	0x146B6A595	0x146B6A270	0x147AA6610
rep_provider_ctor	0x146B6A270	CALLEE	0x146B6A5E0	0x146B6A270	0x146B34780
rep_provider_ctor	0x146B6A270	CALLEE	0x146B6A641	0x146B6A270	0x147AA6610
rep_provider_ctor	0x146B6A270	CALLEE	0x146B6A67D	0x146B6A270	0x146B3DE50
rep_provider_ctor	0x146B6A270	CALLEE	0x146B6A6F5	0x146B6A270	0x140FC7F90
rep_provider_ctor	0x146B6A270	CALLEE	0x146B6A738	0x146B6A270	0x140FC7F90
rep_provider_ctor	0x146B6A270	CALLEE	0x146B6A827	0x146B6A270	0x1408707E0
rep_provider_ctor	0x146B6A270	CALLEE	0x146B6A83D	0x146B6A270	0x1408707E0
rep_provider_ctor	0x146B6A270	CALLEE	0x146B6A88A	0x146B6A270	0x1402BA7C0
rep_provider_ctor	0x146B6A270	CALLEE	0x146B6A8E6	0x146B6A270	0x1402BA7C0
rep_provider_ctor	0x146B6A270	CALLEE	0x146B6A932	0x146B6A270	0x14149CA40
gridmate_ctor	0x146B34780	CALLER	0x146B6A536	0x146B6A270	0x146B34780
gridmate_ctor	0x146B34780	CALLER	0x146B6A5E0	0x146B6A270	0x146B34780
gridmate_ctor	0x146B34780	CALLEE	0x146B347EE	0x146B34780	0x141304750
gridmate_ctor	0x146B34780	CALLEE	0x146B3481A	0x146B34780	0x140298E80
gridmate_ctor	0x146B34780	CALLEE	0x146B348A8	0x146B34780	0x140870A70
gridmate_ctor	0x146B34780	CALLEE	0x146B34992	0x146B34780	0x14149CA40
gridmate_ctor	0x146B34780	CALLEE	0x146B34B1A	0x146B34780	0x146A8E640
gridmate_ctor	0x146B34780	CALLEE	0x146B34B27	0x146B34780	0x146A8E640
gridmate_ctor	0x146B34780	CALLEE	0x146B34B4E	0x146B34780	0x146B37460
gridmate_factory	0x146B393D0	CALLEE	0x146B393EF	0x146B393D0	0x147AA6610
gridmate_factory	0x146B393D0	CALLEE	0x146B39426	0x146B393D0	0x146B27180
bc_predicate	0x145A92370	CALLER	0x14644A776	0x14644A070	0x145A92370
cd_predicate	0x145A905C0	CALLER	0x14644A80D	0x14644A070	0x145A905C0
de_predicate	0x145A923C0	CALLER	0x14644A8C4	0x14644A070	0x145A923C0
de_global_provider	0x141026080	CALLER	0x140FDDE9D	0x140FDDE80	0x141026080
de_global_provider	0x141026080	CALLER	0x140FDDFBD	0x140FDDFA0	0x141026080
de_global_provider	0x141026080	CALLER	0x140FDE0DD	0x140FDE0C0	0x141026080
de_global_provider	0x141026080	CALLER	0x140FDE1FD	0x140FDE1E0	0x141026080
de_global_provider	0x141026080	CALLER	0x140FDE31D	0x140FDE300	0x141026080
de_global_provider	0x141026080	CALLER	0x140FDE43D	0x140FDE420	0x141026080
de_global_provider	0x141026080	CALLER	0x140FDE55D	0x140FDE540	0x141026080
de_global_provider	0x141026080	CALLER	0x1410041B6	0x141004100	0x141026080
de_global_provider	0x141026080	CALLER	0x14100E465	0x14100E440	0x141026080
de_global_provider	0x141026080	CALLER	0x14100FB0E	0x14100FA20	0x141026080
de_global_provider	0x141026080	CALLER	0x141010D51	0x141010B40	0x141026080
de_global_provider	0x141026080	CALLER	0x141010F39	0x141010F00	0x141026080
de_global_provider	0x141026080	CALLER	0x1410111A6	0x141010FB0	0x141026080
de_global_provider	0x141026080	CALLER	0x1410131C6	0x141013180	0x141026080
de_global_provider	0x141026080	CALLER	0x1410135BB	0x141013440	0x141026080
de_global_provider	0x141026080	CALLER	0x1410135D2	0x141013440	0x141026080
de_global_provider	0x141026080	CALLER	0x1410139E6	0x141013900	0x141026080
de_global_provider	0x141026080	CALLER	0x141013EA4	0x141013EA0	0x141026080
de_global_provider	0x141026080	CALLER	0x14101575A	0x141015750	0x141026080
de_global_provider	0x141026080	CALLER	0x1410157F4	0x1410157F0	0x141026080
de_global_provider	0x141026080	CALLER	0x1410158B4	0x1410158A0	0x141026080
de_global_provider	0x141026080	CALLER	0x1410159B8	0x1410159A0	0x141026080
de_global_provider	0x141026080	CALLER	0x1410159F8	0x1410159A0	0x141026080
de_global_provider	0x141026080	CALLER	0x141015C28	0x141015C00	0x141026080
de_global_provider	0x141026080	CALLER	0x141015C68	0x141015C00	0x141026080
de_global_provider	0x141026080	CALLER	0x141015D3D	0x141015D30	0x141026080
de_global_provider	0x141026080	CALLER	0x141018EC4	0x141018EC0	0x141026080
de_global_provider	0x141026080	CALLER	0x14101A336	0x14101A2F0	0x141026080
de_global_provider	0x141026080	CALLER	0x14101A3B7	0x14101A370	0x141026080
de_global_provider	0x141026080	CALLER	0x14101F75D	0x14101F750	0x141026080
de_global_provider	0x141026080	CALLER	0x14102EA44	0x14102EA20	0x141026080
de_global_provider	0x141026080	CALLER	0x141038274	0x141038270	0x141026080
de_global_provider	0x141026080	CALLER	0x141038355	0x141038340	0x141026080
de_global_provider	0x141026080	CALLER	0x14104083A	0x1410407E0	0x141026080
de_global_provider	0x141026080	CALLER	0x141042840	0x141042820	0x141026080
de_global_provider	0x141026080	CALLER	0x141084C3C	0x141084BE0	0x141026080
de_global_provider	0x141026080	CALLER	0x142532292	0x14253228B	0x141026080
de_global_provider	0x141026080	CALLER	0x1425322B9	0x14253228B	0x141026080
de_global_provider	0x141026080	CALLER	0x14254B598	0x14254B580	0x141026080
de_global_provider	0x141026080	CALLER	0x14254B799	0x14254B600	0x141026080
de_global_provider	0x141026080	CALLER	0x14254BD58	0x14254BD40	0x141026080
de_global_provider	0x141026080	CALLER	0x14259559A	0x142595580	0x141026080
de_global_provider	0x141026080	CALLER	0x142595610	0x142595600	0x141026080
de_global_provider	0x141026080	CALLER	0x14278FCCB	0x14278FC10	0x141026080
de_global_provider	0x141026080	CALLER	0x142790022	0x142790010	0x141026080
de_global_provider	0x141026080	CALLER	0x142790A13	0x1427909F0	0x141026080
de_global_provider	0x141026080	CALLER	0x1427BD2DB	0x1427BD2C0	0x141026080
de_global_provider	0x141026080	CALLER	0x1427BE8AF	0x1427BE880	0x141026080
de_global_provider	0x141026080	CALLER	0x1427BF4F3	0x1427BF3F0	0x141026080
de_global_provider	0x141026080	CALLER	0x14283A987	0x14283A950	0x141026080
de_global_provider	0x141026080	CALLER	0x14283A9A0	0x14283A950	0x141026080
de_global_provider	0x141026080	CALLER	0x142890669	0x142890640	0x141026080
de_global_provider	0x141026080	CALLER	0x1428906B1	0x142890640	0x141026080
de_global_provider	0x141026080	CALLER	0x1428CD17C	0x1428CCF20	0x141026080
de_global_provider	0x141026080	CALLER	0x1428D8CCC	0x1428D8C40	0x141026080
de_global_provider	0x141026080	CALLER	0x1428D8DF9	0x1428D8D70	0x141026080
de_global_provider	0x141026080	CALLER	0x1428ED698	0x1428ED670	0x141026080
de_global_provider	0x141026080	CALLER	0x1428F417C	0x1428F40F0	0x141026080
de_global_provider	0x141026080	CALLER	0x1429AE2BF	0x1429ADE30	0x141026080
de_global_provider	0x141026080	CALLER	0x1429AE2CD	0x1429ADE30	0x141026080
de_global_provider	0x141026080	CALLER	0x1429EFCD8	0x1429EFCA0	0x141026080
de_global_provider	0x141026080	CALLER	0x1429FC12C	0x1429FC113	0x141026080
de_global_provider	0x141026080	CALLER	0x1429FDDDA	0x1429FDBF0	0x141026080
de_global_provider	0x141026080	CALLER	0x1429FE401	0x1429FE2B0	0x141026080
de_global_provider	0x141026080	CALLER	0x142A01282	0x142A011F0	0x141026080
de_global_provider	0x141026080	CALLER	0x142A01462	0x142A011F0	0x141026080
de_global_provider	0x141026080	CALLER	0x142A09BD5	0x142A09BA0	0x141026080
de_global_provider	0x141026080	CALLER	0x142A0DC89	0x142A0DC79	0x141026080
de_global_provider	0x141026080	CALLER	0x142A5AC5D	0x142A5AC40	0x141026080
de_global_provider	0x141026080	CALLER	0x142A633DB	0x142A633D0	0x141026080
de_global_provider	0x141026080	CALLER	0x142B359AA	0x142B35990	0x141026080
de_global_provider	0x141026080	CALLER	0x142B39E1A	0x142B39E00	0x141026080
de_global_provider	0x141026080	CALLER	0x142C77B5D	0x142C77B40	0x141026080
de_global_provider	0x141026080	CALLER	0x142C82BF1	0x142C82BA0	0x141026080
de_global_provider	0x141026080	CALLER	0x142C85E9C	0x142C85730	0x141026080
de_global_provider	0x141026080	CALLER	0x142C966D4	0x142C966B0	0x141026080
de_global_provider	0x141026080	CALLER	0x142CBFF22	0x142CBFF10	0x141026080
de_global_provider	0x141026080	CALLER	0x142CC001A	0x142CC0000	0x141026080
de_global_provider	0x141026080	CALLER	0x142CC0102	0x142CC00F0	0x141026080
de_global_provider	0x141026080	CALLER	0x142CC4CE2	0x142CC4CD0	0x141026080
de_global_provider	0x141026080	CALLER	0x142CC4DEA	0x142CC4DD0	0x141026080
de_global_provider	0x141026080	CALLER	0x142CC610A	0x142CC60F0	0x141026080
de_global_provider	0x141026080	CALLER	0x142CC6C06	0x142CC6BF6	0x141026080
de_global_provider	0x141026080	CALLER	0x142CC6DA5	0x142CC6D20	0x141026080
de_global_provider	0x141026080	CALLER	0x142CC72F2	0x142CC72E0	0x141026080
de_global_provider	0x141026080	CALLER	0x142CC7569	0x142CC7550	0x141026080
de_global_provider	0x141026080	CALLER	0x142CC7AC0	0x142CC7AA0	0x141026080
de_global_provider	0x141026080	CALLER	0x142CC7BC5	0x142CC7B90	0x141026080
de_global_provider	0x141026080	CALLER	0x142CC7D52	0x142CC7D30	0x141026080
de_global_provider	0x141026080	CALLER	0x142CC827D	0x142CC8260	0x141026080
de_global_provider	0x141026080	CALLER	0x142CCBAD8	0x142CCBAC0	0x141026080
de_global_provider	0x141026080	CALLER	0x142CCC16A	0x142CCC150	0x141026080
de_global_provider	0x141026080	CALLER	0x142CCC20A	0x142CCC1F0	0x141026080
de_global_provider	0x141026080	CALLER	0x142CCC2BB	0x142CCC290	0x141026080
de_global_provider	0x141026080	CALLER	0x142CCC414	0x142CCC3F0	0x141026080
de_global_provider	0x141026080	CALLER	0x142CCC793	0x142CCC770	0x141026080
de_global_provider	0x141026080	CALLER	0x142CCCAA3	0x142CCCA80	0x141026080
de_global_provider	0x141026080	CALLER	0x142D0E0A2	0x142D0E07F	0x141026080
de_global_provider	0x141026080	CALLER	0x142D0E10D	0x142D0E0F0	0x141026080
de_global_provider	0x141026080	CALLER	0x142D3D01D	0x142D3D010	0x141026080
de_global_provider	0x141026080	CALLER	0x142D4329C	0x142D43260	0x141026080
de_global_provider	0x141026080	CALLER	0x142D434DC	0x142D434A0	0x141026080
de_global_provider	0x141026080	CALLER	0x142D43938	0x142D437E0	0x141026080
de_global_provider	0x141026080	CALLER	0x142D6F22A	0x142D6F170	0x141026080
de_global_provider	0x141026080	CALLER	0x142D783D9	0x142D783A0	0x141026080
de_global_provider	0x141026080	CALLER	0x142D78EB7	0x142D78E50	0x141026080
de_global_provider	0x141026080	CALLER	0x142D78F66	0x142D78E50	0x141026080
de_global_provider	0x141026080	CALLER	0x142D7901A	0x142D78E50	0x141026080
de_global_provider	0x141026080	CALLER	0x142D79278	0x142D791C0	0x141026080
de_global_provider	0x141026080	CALLER	0x142D792FE	0x142D791C0	0x141026080
de_global_provider	0x141026080	CALLER	0x142D79384	0x142D791C0	0x141026080
de_global_provider	0x141026080	CALLER	0x142D79605	0x142D791C0	0x141026080
de_global_provider	0x141026080	CALLER	0x142D79786	0x142D791C0	0x141026080
de_global_provider	0x141026080	CALLER	0x142D7994A	0x142D798D0	0x141026080
de_global_provider	0x141026080	CALLER	0x142D799BC	0x142D798D0	0x141026080
de_global_provider	0x141026080	CALLER	0x142D79A2E	0x142D798D0	0x141026080
de_global_provider	0x141026080	CALLER	0x142D7A5B0	0x142D7A510	0x141026080
de_global_provider	0x141026080	CALLER	0x142D7AE29	0x142D7AD50	0x141026080
de_global_provider	0x141026080	CALLER	0x142D7AEDB	0x142D7AD50	0x141026080
de_global_provider	0x141026080	CALLER	0x142D7B372	0x142D7AD50	0x141026080
de_global_provider	0x141026080	CALLER	0x142D806E0	0x142D805A0	0x141026080
de_global_provider	0x141026080	CALLER	0x142D80B89	0x142D80B80	0x141026080
de_global_provider	0x141026080	CALLER	0x142D80C7B	0x142D80C40	0x141026080
de_global_provider	0x141026080	CALLER	0x142D811E9	0x142D811E0	0x141026080
de_global_provider	0x141026080	CALLER	0x142D81C59	0x142D81C50	0x141026080
de_global_provider	0x141026080	CALLER	0x142D81D74	0x142D81D00	0x141026080
de_global_provider	0x141026080	CALLER	0x142D81F44	0x142D81D00	0x141026080
de_global_provider	0x141026080	CALLER	0x142D820D1	0x142D820C0	0x141026080
de_global_provider	0x141026080	CALLER	0x142D85A77	0x142D85A60	0x141026080
de_global_provider	0x141026080	CALLER	0x142D86093	0x142D86070	0x141026080
de_global_provider	0x141026080	CALLER	0x142D886DD	0x142D886A0	0x141026080
de_global_provider	0x141026080	CALLER	0x142D8A5BD	0x142D8A5A0	0x141026080
de_global_provider	0x141026080	CALLER	0x142D92545	0x142D92510	0x141026080
de_global_provider	0x141026080	CALLER	0x142D925A8	0x142D92510	0x141026080
de_global_provider	0x141026080	CALLER	0x142D9260B	0x142D92510	0x141026080
de_global_provider	0x141026080	CALLER	0x142D92762	0x142D92680	0x141026080
de_global_provider	0x141026080	CALLER	0x142D92E2D	0x142D92DB0	0x141026080
de_global_provider	0x141026080	CALLER	0x142D9318D	0x142D93100	0x141026080
de_global_provider	0x141026080	CALLER	0x142D93AE5	0x142D93AB0	0x141026080
de_global_provider	0x141026080	CALLER	0x142D93B48	0x142D93AB0	0x141026080
de_global_provider	0x141026080	CALLER	0x142D93BAB	0x142D93AB0	0x141026080
de_global_provider	0x141026080	CALLER	0x142DCF23E	0x142DCF220	0x141026080
de_global_provider	0x141026080	CALLER	0x142DD9EDA	0x142DD9EC0	0x141026080
de_global_provider	0x141026080	CALLER	0x142E560A9	0x142E56070	0x141026080
de_global_provider	0x141026080	CALLER	0x142E606D0	0x142E606C0	0x141026080
de_global_provider	0x141026080	CALLER	0x142E60CC0	0x142E60C80	0x141026080
de_global_provider	0x141026080	CALLER	0x142E61040	0x142E61030	0x141026080
de_global_provider	0x141026080	CALLER	0x142E610C0	0x142E610B0	0x141026080
de_global_provider	0x141026080	CALLER	0x142EB8480	0x142EB83A0	0x141026080
de_global_provider	0x141026080	CALLER	0x142EB87F1	0x142EB83A0	0x141026080
de_global_provider	0x141026080	CALLER	0x142EB8C64	0x142EB8C20	0x141026080
de_global_provider	0x141026080	CALLER	0x142EB9EE7	0x142EB9EE2	0x141026080
de_global_provider	0x141026080	CALLER	0x142EC0CE1	0x142EC0BD0	0x141026080
de_global_provider	0x141026080	CALLER	0x142EC0E8D	0x142EC0BD0	0x141026080
de_global_provider	0x141026080	CALLER	0x142EF8A9C	0x142EF8990	0x141026080
de_global_provider	0x141026080	CALLER	0x142EF8BB7	0x142EF8990	0x141026080
de_global_provider	0x141026080	CALLER	0x142EF9423	0x142EF91A0	0x141026080
de_global_provider	0x141026080	CALLER	0x142EFAA53	0x142EFA9F0	0x141026080
de_global_provider	0x141026080	CALLER	0x142EFABFD	0x142EFABE0	0x141026080
de_global_provider	0x141026080	CALLER	0x142EFBA4C	0x142EFBA00	0x141026080
de_global_provider	0x141026080	CALLER	0x142EFBCC2	0x142EFBA00	0x141026080
de_global_provider	0x141026080	CALLER	0x142EFBF92	0x142EFBF80	0x141026080
de_global_provider	0x141026080	CALLER	0x142EFC7A4	0x142EFC7A0	0x141026080
de_global_provider	0x141026080	CALLER	0x142EFE682	0x142EFE670	0x141026080
de_global_provider	0x141026080	CALLER	0x142EFE745	0x142EFE730	0x141026080
de_global_provider	0x141026080	CALLER	0x142EFE899	0x142EFE880	0x141026080
de_global_provider	0x141026080	CALLER	0x142EFF71B	0x142EFF510	0x141026080
de_global_provider	0x141026080	CALLER	0x142F00150	0x142F00130	0x141026080
de_global_provider	0x141026080	CALLER	0x142F0027B	0x142F00240	0x141026080
de_global_provider	0x141026080	CALLER	0x142F07472	0x142F07450	0x141026080
de_global_provider	0x141026080	CALLER	0x142F087C7	0x142F08790	0x141026080
de_global_provider	0x141026080	CALLER	0x142F2695D	0x142F26940	0x141026080
de_global_provider	0x141026080	CALLER	0x142F380E2	0x142F380D0	0x141026080
de_global_provider	0x141026080	CALLER	0x142F381AA	0x142F381A0	0x141026080
de_global_provider	0x141026080	CALLER	0x142F38349	0x142F38330	0x141026080
de_global_provider	0x141026080	CALLER	0x142F38822	0x142F38810	0x141026080
de_global_provider	0x141026080	CALLER	0x142FF5815	0x142FF5720	0x141026080
de_global_provider	0x141026080	CALLER	0x142FF6EDD	0x142FF6E50	0x141026080
de_global_provider	0x141026080	CALLER	0x142FFB63E	0x142FFB5B0	0x141026080
de_global_provider	0x141026080	CALLER	0x1430411BE	0x143041140	0x141026080
de_global_provider	0x141026080	CALLER	0x143041215	0x143041200	0x141026080
de_global_provider	0x141026080	CALLER	0x1430B7D2B	0x1430B7C50	0x141026080
de_global_provider	0x141026080	CALLER	0x1430B8F6D	0x1430B8F63	0x141026080
de_global_provider	0x141026080	CALLER	0x14318DE5F	0x14318DE50	0x141026080
de_global_provider	0x141026080	CALLER	0x1431953CA	0x143195310	0x141026080
de_global_provider	0x141026080	CALLER	0x1431C5D80	0x1431C5CC0	0x141026080
de_global_provider	0x141026080	CALLER	0x1431C7162	0x1431C7150	0x141026080
de_global_provider	0x141026080	CALLER	0x1431FE1A9	0x1431FE1A0	0x141026080
de_global_provider	0x141026080	CALLER	0x1431FE263	0x1431FE240	0x141026080
de_global_provider	0x141026080	CALLER	0x14324DD11	0x14324DCF0	0x141026080
de_global_provider	0x141026080	CALLER	0x143259D40	0x143259C10	0x141026080
de_global_provider	0x141026080	CALLER	0x143259F05	0x143259C10	0x141026080
de_global_provider	0x141026080	CALLER	0x14325A064	0x143259C10	0x141026080
de_global_provider	0x141026080	CALLER	0x14325A565	0x143259C10	0x141026080
de_global_provider	0x141026080	CALLER	0x14325BD54	0x14325BD40	0x141026080
de_global_provider	0x141026080	CALLER	0x14325CB17	0x14325CB00	0x141026080
de_global_provider	0x141026080	CALLER	0x14325CF82	0x14325CF70	0x141026080
de_global_provider	0x141026080	CALLER	0x143266AE2	0x143266A40	0x141026080
de_global_provider	0x141026080	CALLER	0x143266C26	0x143266B80	0x141026080
de_global_provider	0x141026080	CALLER	0x1432B7B1A	0x1432B78C0	0x141026080
de_global_provider	0x141026080	CALLER	0x1432B7BCC	0x1432B78C0	0x141026080
de_global_provider	0x141026080	CALLER	0x1432B7C69	0x1432B78C0	0x141026080
de_global_provider	0x141026080	CALLER	0x1432C8596	0x1432C83D0	0x141026080
de_global_provider	0x141026080	CALLER	0x1432C8F23	0x1432C8F00	0x141026080
de_global_provider	0x141026080	CALLER	0x1432CAA0F	0x1432CA9E0	0x141026080
de_global_provider	0x141026080	CALLER	0x143312A7C	0x1433129F0	0x141026080
de_global_provider	0x141026080	CALLER	0x1433153B5	0x143315250	0x141026080
de_global_provider	0x141026080	CALLER	0x14331572C	0x1433156F0	0x141026080
de_global_provider	0x141026080	CALLER	0x143316172	0x143316160	0x141026080
de_global_provider	0x141026080	CALLER	0x1433167F8	0x1433167D0	0x141026080
de_global_provider	0x141026080	CALLER	0x143316A4A	0x143316900	0x141026080
de_global_provider	0x141026080	CALLER	0x143316B4F	0x143316B40	0x141026080
de_global_provider	0x141026080	CALLER	0x1433194F3	0x1433194D0	0x141026080
de_global_provider	0x141026080	CALLER	0x143326B95	0x143326A90	0x141026080
de_global_provider	0x141026080	CALLER	0x1433272CD	0x143327170	0x141026080
de_global_provider	0x141026080	CALLER	0x1433275A5	0x1433274A0	0x141026080
de_global_provider	0x141026080	CALLER	0x1433277D5	0x1433276D0	0x141026080
de_global_provider	0x141026080	CALLER	0x14336958E	0x143369430	0x141026080
de_global_provider	0x141026080	CALLER	0x143369689	0x143369430	0x141026080
de_global_provider	0x141026080	CALLER	0x143371750	0x1433716E0	0x141026080
de_global_provider	0x141026080	CALLER	0x143372C3C	0x143372BD0	0x141026080
de_global_provider	0x141026080	CALLER	0x1433733EE	0x1433732F0	0x141026080
de_global_provider	0x141026080	CALLER	0x143374223	0x143373EB0	0x141026080
de_global_provider	0x141026080	CALLER	0x14337C2E6	0x14337C2D0	0x141026080
de_global_provider	0x141026080	CALLER	0x14337E6EF	0x14337E6C0	0x141026080
de_global_provider	0x141026080	CALLER	0x14337EC12	0x14337EB70	0x141026080
de_global_provider	0x141026080	CALLER	0x1433BA232	0x1433BA220	0x141026080
de_global_provider	0x141026080	CALLER	0x1433BA646	0x1433BA620	0x141026080
de_global_provider	0x141026080	CALLER	0x1433C16A9	0x1433C1680	0x141026080
de_global_provider	0x141026080	CALLER	0x1433C16DA	0x1433C1680	0x141026080
de_global_provider	0x141026080	CALLER	0x1433C23FE	0x1433C1800	0x141026080
de_global_provider	0x141026080	CALLER	0x1433E7B56	0x1433E7B10	0x141026080
de_global_provider	0x141026080	CALLER	0x1433E7B60	0x1433E7B10	0x141026080
de_global_provider	0x141026080	CALLER	0x1433E7FE9	0x1433E7B10	0x141026080
de_global_provider	0x141026080	CALLER	0x1433E8005	0x1433E7B10	0x141026080
de_global_provider	0x141026080	CALLER	0x1433E811D	0x1433E7B10	0x141026080
de_global_provider	0x141026080	CALLER	0x1433E926F	0x1433E7B10	0x141026080
de_global_provider	0x141026080	CALLER	0x1433E9282	0x1433E7B10	0x141026080
de_global_provider	0x141026080	CALLER	0x1433E92AB	0x1433E7B10	0x141026080
de_global_provider	0x141026080	CALLER	0x1433EADC7	0x1433EAAA0	0x141026080
de_global_provider	0x141026080	CALLER	0x1433EC6BD	0x1433EC690	0x141026080
de_global_provider	0x141026080	CALLER	0x1433EC6CB	0x1433EC690	0x141026080
de_global_provider	0x141026080	CALLER	0x1433EC6E2	0x1433EC690	0x141026080
de_global_provider	0x141026080	CALLER	0x1433EC949	0x1433EC930	0x141026080
de_global_provider	0x141026080	CALLER	0x1433EC957	0x1433EC930	0x141026080
de_global_provider	0x141026080	CALLER	0x1433EC96E	0x1433EC930	0x141026080
de_global_provider	0x141026080	CALLER	0x1433EF1FA	0x1433EF130	0x141026080
de_global_provider	0x141026080	CALLER	0x1433EF434	0x1433EF400	0x141026080
de_global_provider	0x141026080	CALLER	0x143447964	0x143447940	0x141026080
de_global_provider	0x141026080	CALLER	0x143447996	0x143447940	0x141026080
de_global_provider	0x141026080	CALLER	0x1434492AB	0x143449290	0x141026080
de_global_provider	0x141026080	CALLER	0x1434492E0	0x143449290	0x141026080
de_global_provider	0x141026080	CALLER	0x14344EC87	0x14344E690	0x141026080
de_global_provider	0x141026080	CALLER	0x14345204A	0x143451FF0	0x141026080
de_global_provider	0x141026080	CALLER	0x1434601D9	0x1434600C0	0x141026080
de_global_provider	0x141026080	CALLER	0x1434E7B6E	0x1434E78D0	0x141026080
de_global_provider	0x141026080	CALLER	0x1434EA1DD	0x1434EA150	0x141026080
de_global_provider	0x141026080	CALLER	0x1434EA1F4	0x1434EA150	0x141026080
de_global_provider	0x141026080	CALLER	0x1434ED7CC	0x1434ED7A0	0x141026080
de_global_provider	0x141026080	CALLER	0x1434F4010	0x1434F3E10	0x141026080
de_global_provider	0x141026080	CALLER	0x1434FB151	0x1434FB12A	0x141026080
de_global_provider	0x141026080	CALLER	0x14351DC62	0x14351DC50	0x141026080
de_global_provider	0x141026080	CALLER	0x1435242E1	0x1435242E1	0x141026080
de_global_provider	0x141026080	CALLER	0x14352AF71	0x14352ADC0	0x141026080
de_global_provider	0x141026080	CALLER	0x143579C17	0x143579C00	0x141026080
de_global_provider	0x141026080	CALLER	0x14358C39D	0x14358C390	0x141026080
de_global_provider	0x141026080	CALLER	0x14358D397	0x14358D360	0x141026080
de_global_provider	0x141026080	CALLER	0x14358E5C9	0x14358E5A0	0x141026080
de_global_provider	0x141026080	CALLER	0x14359A192	0x14359A180	0x141026080
de_global_provider	0x141026080	CALLER	0x1435BF18A	0x1435BF100	0x141026080
de_global_provider	0x141026080	CALLER	0x1435C12C4	0x1435C1270	0x141026080
de_global_provider	0x141026080	CALLER	0x1435C2F02	0x1435C2E60	0x141026080
de_global_provider	0x141026080	CALLER	0x1435C2F18	0x1435C2E60	0x141026080
de_global_provider	0x141026080	CALLER	0x1435C8BA6	0x1435C8B70	0x141026080
de_global_provider	0x141026080	CALLER	0x1435C8F71	0x1435C8B70	0x141026080
de_global_provider	0x141026080	CALLER	0x1435C9BF8	0x1435C8B70	0x141026080
de_global_provider	0x141026080	CALLER	0x1435CBC89	0x1435CBC00	0x141026080
de_global_provider	0x141026080	CALLER	0x1435CBD27	0x1435CBD10	0x141026080
de_global_provider	0x141026080	CALLER	0x1435CC022	0x1435CC010	0x141026080
de_global_provider	0x141026080	CALLER	0x1435CC1AD	0x1435CC180	0x141026080
de_global_provider	0x141026080	CALLER	0x1435CC500	0x1435CC4B0	0x141026080
de_global_provider	0x141026080	CALLER	0x1435CD994	0x1435CD830	0x141026080
de_global_provider	0x141026080	CALLER	0x1435CDEE2	0x1435CDC00	0x141026080
de_global_provider	0x141026080	CALLER	0x1435CE3AA	0x1435CE350	0x141026080
de_global_provider	0x141026080	CALLER	0x1435CE4F5	0x1435CE350	0x141026080
de_global_provider	0x141026080	CALLER	0x1435CE939	0x1435CE930	0x141026080
de_global_provider	0x141026080	CALLER	0x1435CECAB	0x1435CEC90	0x141026080
de_global_provider	0x141026080	CALLER	0x1435CF3EA	0x1435CF330	0x141026080
de_global_provider	0x141026080	CALLER	0x1435CF756	0x1435CF6A0	0x141026080
de_global_provider	0x141026080	CALLER	0x1435CF84E	0x1435CF6A0	0x141026080
de_global_provider	0x141026080	CALLER	0x1435D03BE	0x1435D03A0	0x141026080
de_global_provider	0x141026080	CALLER	0x1435D075E	0x1435D0740	0x141026080
de_global_provider	0x141026080	CALLER	0x1435D0BAF	0x1435D0B70	0x141026080
de_global_provider	0x141026080	CALLER	0x1435D0D31	0x1435D0B70	0x141026080
de_global_provider	0x141026080	CALLER	0x1435D5472	0x1435D5460	0x141026080
de_global_provider	0x141026080	CALLER	0x1435D77FF	0x1435D77C0	0x141026080
de_global_provider	0x141026080	CALLER	0x1435D7A00	0x1435D7970	0x141026080
de_global_provider	0x141026080	CALLER	0x14361A2E1	0x14361A2C0	0x141026080
de_global_provider	0x141026080	CALLER	0x14361C371	0x14361C000	0x141026080
de_global_provider	0x141026080	CALLER	0x143652C3C	0x143652C2E	0x141026080
de_global_provider	0x141026080	CALLER	0x143652FFE	0x143652FA0	0x141026080
de_global_provider	0x141026080	CALLER	0x143688E10	0x143688C70	0x141026080
de_global_provider	0x141026080	CALLER	0x143689467	0x1436892F0	0x141026080
de_global_provider	0x141026080	CALLER	0x1436948B3	0x143694880	0x141026080
de_global_provider	0x141026080	CALLER	0x143699B03	0x143699A30	0x141026080
de_global_provider	0x141026080	CALLER	0x14369A313	0x14369A300	0x141026080
de_global_provider	0x141026080	CALLER	0x1436C62A8	0x1436C61E0	0x141026080
de_global_provider	0x141026080	CALLER	0x1436D4B3E	0x1436D4B20	0x141026080
de_global_provider	0x141026080	CALLER	0x1436D5549	0x1436D5520	0x141026080
de_global_provider	0x141026080	CALLER	0x1436D5ABC	0x1436D5950	0x141026080
de_global_provider	0x141026080	CALLER	0x14374F02D	0x14374EF70	0x141026080
de_global_provider	0x141026080	CALLER	0x14374F062	0x14374EF70	0x141026080
de_global_provider	0x141026080	CALLER	0x143750986	0x143750930	0x141026080
de_global_provider	0x141026080	CALLER	0x143759A32	0x143759550	0x141026080
de_global_provider	0x141026080	CALLER	0x143759D4B	0x143759D23	0x141026080
de_global_provider	0x141026080	CALLER	0x1437636A9	0x1437636A0	0x141026080
de_global_provider	0x141026080	CALLER	0x143763991	0x143763870	0x141026080
de_global_provider	0x141026080	CALLER	0x143763A92	0x143763A80	0x141026080
de_global_provider	0x141026080	CALLER	0x143763AED	0x143763A80	0x141026080
de_global_provider	0x141026080	CALLER	0x143763B3D	0x143763B30	0x141026080
de_global_provider	0x141026080	CALLER	0x1437643FD	0x1437643F0	0x141026080
de_global_provider	0x141026080	CALLER	0x14376F0EB	0x14376E530	0x141026080
de_global_provider	0x141026080	CALLER	0x143772495	0x143771900	0x141026080
de_global_provider	0x141026080	CALLER	0x14377249F	0x143771900	0x141026080
de_global_provider	0x141026080	CALLER	0x1437ABD07	0x1437ABCE0	0x141026080
de_global_provider	0x141026080	CALLER	0x1437AC9A2	0x1437AC8C0	0x141026080
de_global_provider	0x141026080	CALLER	0x1437B05FF	0x1437B04D0	0x141026080
de_global_provider	0x141026080	CALLER	0x1437B0A59	0x1437B0A40	0x141026080
de_global_provider	0x141026080	CALLER	0x1437B1044	0x1437B0FA0	0x141026080
de_global_provider	0x141026080	CALLER	0x1437B11B1	0x1437B1110	0x141026080
de_global_provider	0x141026080	CALLER	0x1437B1340	0x1437B1330	0x141026080
de_global_provider	0x141026080	CALLER	0x14381F93E	0x14381F900	0x141026080
de_global_provider	0x141026080	CALLER	0x143821812	0x143821790	0x141026080
de_global_provider	0x141026080	CALLER	0x14382469D	0x143824620	0x141026080
de_global_provider	0x141026080	CALLER	0x143825405	0x143825400	0x141026080
de_global_provider	0x141026080	CALLER	0x14382D1B8	0x14382D1B3	0x141026080
de_global_provider	0x141026080	CALLER	0x14384E3B7	0x14384DDB0	0x141026080
de_global_provider	0x141026080	CALLER	0x14385004E	0x14384FFE0	0x141026080
de_global_provider	0x141026080	CALLER	0x1438F1165	0x1438F1120	0x141026080
de_global_provider	0x141026080	CALLER	0x1438F18A8	0x1438F1870	0x141026080
de_global_provider	0x141026080	CALLER	0x1438F18BB	0x1438F1870	0x141026080
de_global_provider	0x141026080	CALLER	0x1438F21A9	0x1438F21A0	0x141026080
de_global_provider	0x141026080	CALLER	0x143942E9C	0x143942DE0	0x141026080
de_global_provider	0x141026080	CALLER	0x143942EB7	0x143942DE0	0x141026080
de_global_provider	0x141026080	CALLER	0x143947688	0x143947500	0x141026080
de_global_provider	0x141026080	CALLER	0x143947836	0x143947500	0x141026080
de_global_provider	0x141026080	CALLER	0x14394E6AF	0x14394E690	0x141026080
de_global_provider	0x141026080	CALLER	0x14394E6E0	0x14394E690	0x141026080
de_global_provider	0x141026080	CALLER	0x14394F80E	0x14394F790	0x141026080
de_global_provider	0x141026080	CALLER	0x14394FA59	0x14394FA49	0x141026080
de_global_provider	0x141026080	CALLER	0x14394FFF0	0x14394FFE0	0x141026080
de_global_provider	0x141026080	CALLER	0x143950004	0x14394FFE0	0x141026080
de_global_provider	0x141026080	CALLER	0x143950EAA	0x143950EA5	0x141026080
de_global_provider	0x141026080	CALLER	0x143950F88	0x143950F0F	0x141026080
de_global_provider	0x141026080	CALLER	0x14395135A	0x1439511D0	0x141026080
de_global_provider	0x141026080	CALLER	0x14395B8FE	0x14395B8E0	0x141026080
de_global_provider	0x141026080	CALLER	0x14395B912	0x14395B8E0	0x141026080
de_global_provider	0x141026080	CALLER	0x14395B92A	0x14395B8E0	0x141026080
de_global_provider	0x141026080	CALLER	0x143A2D781	0x143A2D720	0x141026080
de_global_provider	0x141026080	CALLER	0x143A52586	0x143A52510	0x141026080
de_global_provider	0x141026080	CALLER	0x143A58096	0x143A58060	0x141026080
de_global_provider	0x141026080	CALLER	0x143B9EBFE	0x143B9EBD0	0x141026080
de_global_provider	0x141026080	CALLER	0x143B9F1BF	0x143B9F130	0x141026080
de_global_provider	0x141026080	CALLER	0x143CAAD50	0x143CAACF0	0x141026080
de_global_provider	0x141026080	CALLER	0x143CACFEA	0x143CACE30	0x141026080
de_global_provider	0x141026080	CALLER	0x143CAD23A	0x143CACE30	0x141026080
de_global_provider	0x141026080	CALLER	0x143CAFF30	0x143CAFE70	0x141026080
de_global_provider	0x141026080	CALLER	0x143CB0218	0x143CAFE70	0x141026080
de_global_provider	0x141026080	CALLER	0x143CB0572	0x143CAFE70	0x141026080
de_global_provider	0x141026080	CALLER	0x143CB090D	0x143CB08EB	0x141026080
de_global_provider	0x141026080	CALLER	0x143CB0DDE	0x143CB0BC0	0x141026080
de_global_provider	0x141026080	CALLER	0x143CB161B	0x143CB1250	0x141026080
de_global_provider	0x141026080	CALLER	0x143CB1678	0x143CB1250	0x141026080
de_global_provider	0x141026080	CALLER	0x143CB1A59	0x143CB18D0	0x141026080
de_global_provider	0x141026080	CALLER	0x143CB1CDA	0x143CB1AD0	0x141026080
de_global_provider	0x141026080	CALLER	0x143CB1D38	0x143CB1AD0	0x141026080
de_global_provider	0x141026080	CALLER	0x143CB372A	0x143CB36F0	0x141026080
de_global_provider	0x141026080	CALLER	0x143CB3906	0x143CB38E0	0x141026080
de_global_provider	0x141026080	CALLER	0x143CB3960	0x143CB3950	0x141026080
de_global_provider	0x141026080	CALLER	0x143CB5F40	0x143CB5F30	0x141026080
de_global_provider	0x141026080	CALLER	0x143CB6051	0x143CB6041	0x141026080
de_global_provider	0x141026080	CALLER	0x143CB8995	0x143CB8490	0x141026080
de_global_provider	0x141026080	CALLER	0x143CB96BE	0x143CB96A0	0x141026080
de_global_provider	0x141026080	CALLER	0x143CB9FD3	0x143CB9F50	0x141026080
de_global_provider	0x141026080	CALLER	0x143CC112F	0x143CC0D50	0x141026080
de_global_provider	0x141026080	CALLER	0x143CC1184	0x143CC0D50	0x141026080
de_global_provider	0x141026080	CALLER	0x143CC11D0	0x143CC0D50	0x141026080
de_global_provider	0x141026080	CALLER	0x143CD760D	0x143CD75F0	0x141026080
de_global_provider	0x141026080	CALLER	0x143CF5C83	0x143CF5C60	0x141026080
de_global_provider	0x141026080	CALLER	0x143CFD7C8	0x143CFD790	0x141026080
de_global_provider	0x141026080	CALLER	0x143D441CD	0x143D441B0	0x141026080
de_global_provider	0x141026080	CALLER	0x143D44E19	0x143D44600	0x141026080
de_global_provider	0x141026080	CALLER	0x143D57359	0x143D57350	0x141026080
de_global_provider	0x141026080	CALLER	0x143D57665	0x143D57650	0x141026080
de_global_provider	0x141026080	CALLER	0x143DB9669	0x143DB9650	0x141026080
de_global_provider	0x141026080	CALLER	0x143DB9787	0x143DB9770	0x141026080
de_global_provider	0x141026080	CALLER	0x143DB9FAB	0x143DB9FA0	0x141026080
de_global_provider	0x141026080	CALLER	0x143DBA369	0x143DBA250	0x141026080
de_global_provider	0x141026080	CALLER	0x143DBA50E	0x143DBA4F0	0x141026080
de_global_provider	0x141026080	CALLER	0x143DBA696	0x143DBA680	0x141026080
de_global_provider	0x141026080	CALLER	0x143DBA84D	0x143DBA830	0x141026080
de_global_provider	0x141026080	CALLER	0x143DBBE33	0x143DBBC90	0x141026080
de_global_provider	0x141026080	CALLER	0x143DFBC29	0x143DFBC20	0x141026080
de_global_provider	0x141026080	CALLER	0x143E02D47	0x143E02D20	0x141026080
de_global_provider	0x141026080	CALLER	0x143E02E04	0x143E02D20	0x141026080
de_global_provider	0x141026080	CALLER	0x143E02EE3	0x143E02D20	0x141026080
de_global_provider	0x141026080	CALLER	0x143E1228E	0x143E12280	0x141026080
de_global_provider	0x141026080	CALLER	0x143E1633C	0x143E1632E	0x141026080
de_global_provider	0x141026080	CALLER	0x143E164B9	0x143E16480	0x141026080
de_global_provider	0x141026080	CALLER	0x143E166D8	0x143E16690	0x141026080
de_global_provider	0x141026080	CALLER	0x143E77ADC	0x143E77A50	0x141026080
de_global_provider	0x141026080	CALLER	0x143E814C7	0x143E813E0	0x141026080
de_global_provider	0x141026080	CALLER	0x143E81604	0x143E813E0	0x141026080
de_global_provider	0x141026080	CALLER	0x143E9ACF4	0x143E9ACB4	0x141026080
de_global_provider	0x141026080	CALLER	0x143EFABED	0x143EFABD0	0x141026080
de_global_provider	0x141026080	CALLER	0x143EFE139	0x143EFE110	0x141026080
de_global_provider	0x141026080	CALLER	0x143F1A4BC	0x143F1A290	0x141026080
de_global_provider	0x141026080	CALLER	0x143F1A4E1	0x143F1A290	0x141026080
de_global_provider	0x141026080	CALLER	0x143F59CFE	0x143F59C20	0x141026080
de_global_provider	0x141026080	CALLER	0x143F622B5	0x143F62280	0x141026080
de_global_provider	0x141026080	CALLER	0x143F63080	0x143F62FE0	0x141026080
de_global_provider	0x141026080	CALLER	0x143FA5121	0x143FA50F0	0x141026080
de_global_provider	0x141026080	CALLER	0x143FB0FF6	0x143FB0FD0	0x141026080
de_global_provider	0x141026080	CALLER	0x143FB1627	0x143FB1616	0x141026080
de_global_provider	0x141026080	CALLER	0x143FB3084	0x143FB3010	0x141026080
de_global_provider	0x141026080	CALLER	0x143FC8AF4	0x143FC88E0	0x141026080
de_global_provider	0x141026080	CALLER	0x143FC8B30	0x143FC88E0	0x141026080
de_global_provider	0x141026080	CALLER	0x144024846	0x1440247F0	0x141026080
de_global_provider	0x141026080	CALLER	0x144033E6F	0x144033DC0	0x141026080
de_global_provider	0x141026080	CALLER	0x14404483B	0x144044810	0x141026080
de_global_provider	0x141026080	CALLER	0x14408C402	0x14408C3D3	0x141026080
de_global_provider	0x141026080	CALLER	0x14408C442	0x14408C442	0x141026080
de_global_provider	0x141026080	CALLER	0x14409BE89	0x14409BDB0	0x141026080
de_global_provider	0x141026080	CALLER	0x14409BF44	0x14409BDB0	0x141026080
de_global_provider	0x141026080	CALLER	0x1440A1CFE	0x1440A1CA0	0x141026080
de_global_provider	0x141026080	CALLER	0x1440A1E0D	0x1440A1DF0	0x141026080
de_global_provider	0x141026080	CALLER	0x1440A23E5	0x1440A23D0	0x141026080
de_global_provider	0x141026080	CALLER	0x1440A24E9	0x1440A23D0	0x141026080
de_global_provider	0x141026080	CALLER	0x1440A28DD	0x1440A28C0	0x141026080
de_global_provider	0x141026080	CALLER	0x1440DD522	0x1440DD510	0x141026080
de_global_provider	0x141026080	CALLER	0x1440DD5B9	0x1440DD5B0	0x141026080
de_global_provider	0x141026080	CALLER	0x1440DDE92	0x1440DDAC0	0x141026080
de_global_provider	0x141026080	CALLER	0x1440E933B	0x1440E9310	0x141026080
de_global_provider	0x141026080	CALLER	0x14411AC1D	0x14411AC00	0x141026080
de_global_provider	0x141026080	CALLER	0x14411C94E	0x14411C840	0x141026080
de_global_provider	0x141026080	CALLER	0x144164DF3	0x144164D48	0x141026080
de_global_provider	0x141026080	CALLER	0x1441651DB	0x1441651CE	0x141026080
de_global_provider	0x141026080	CALLER	0x144165F55	0x144165F40	0x141026080
de_global_provider	0x141026080	CALLER	0x1441663C3	0x144166230	0x141026080
de_global_provider	0x141026080	CALLER	0x144166796	0x144166670	0x141026080
de_global_provider	0x141026080	CALLER	0x144166800	0x144166670	0x141026080
de_global_provider	0x141026080	CALLER	0x144166AED	0x1441669C0	0x141026080
de_global_provider	0x141026080	CALLER	0x144166C7B	0x144166B70	0x141026080
de_global_provider	0x141026080	CALLER	0x14416789C	0x144167850	0x141026080
de_global_provider	0x141026080	CALLER	0x14416D265	0x14416D265	0x141026080
de_global_provider	0x141026080	CALLER	0x14416D345	0x14416D310	0x141026080
de_global_provider	0x141026080	CALLER	0x14417E19A	0x14417E120	0x141026080
de_global_provider	0x141026080	CALLER	0x1441823F4	0x1441823E0	0x141026080
de_global_provider	0x141026080	CALLER	0x14418270A	0x144182700	0x141026080
de_global_provider	0x141026080	CALLER	0x14418283C	0x1441827D0	0x141026080
de_global_provider	0x141026080	CALLER	0x14418294D	0x144182940	0x141026080
de_global_provider	0x141026080	CALLER	0x1441F346F	0x1441F3440	0x141026080
de_global_provider	0x141026080	CALLER	0x1441F45A7	0x1441F4570	0x141026080
de_global_provider	0x141026080	CALLER	0x144210156	0x144210120	0x141026080
de_global_provider	0x141026080	CALLER	0x144220583	0x144220560	0x141026080
de_global_provider	0x141026080	CALLER	0x144220591	0x144220560	0x141026080
de_global_provider	0x141026080	CALLER	0x1442206E9	0x1442206E0	0x141026080
de_global_provider	0x141026080	CALLER	0x1442206F3	0x1442206E0	0x141026080
de_global_provider	0x141026080	CALLER	0x144220749	0x144220740	0x141026080
de_global_provider	0x141026080	CALLER	0x144220753	0x144220740	0x141026080
de_global_provider	0x141026080	CALLER	0x1442207C9	0x1442207C0	0x141026080
de_global_provider	0x141026080	CALLER	0x1442207D3	0x1442207C0	0x141026080
de_global_provider	0x141026080	CALLER	0x144220A7D	0x144220A70	0x141026080
de_global_provider	0x141026080	CALLER	0x144220AAF	0x144220A70	0x141026080
de_global_provider	0x141026080	CALLER	0x144220B1D	0x144220B10	0x141026080
de_global_provider	0x141026080	CALLER	0x144220B4F	0x144220B10	0x141026080
de_global_provider	0x141026080	CALLER	0x144220BC5	0x144220BB0	0x141026080
de_global_provider	0x141026080	CALLER	0x144220C33	0x144220BB0	0x141026080
de_global_provider	0x141026080	CALLER	0x144220CBD	0x144220CA0	0x141026080
de_global_provider	0x141026080	CALLER	0x144220D40	0x144220CA0	0x141026080
de_global_provider	0x141026080	CALLER	0x14427F821	0x14427F7F0	0x141026080
de_global_provider	0x141026080	CALLER	0x14428D3C7	0x14428D390	0x141026080
de_global_provider	0x141026080	CALLER	0x14428DD13	0x14428DCF0	0x141026080
de_global_provider	0x141026080	CALLER	0x1442F6589	0x1442F6040	0x141026080
de_global_provider	0x141026080	CALLER	0x1442FAA1D	0x1442FA9C8	0x141026080
de_global_provider	0x141026080	CALLER	0x144300521	0x14430051C	0x141026080
de_global_provider	0x141026080	CALLER	0x1443BCEA7	0x1443BC950	0x141026080
de_global_provider	0x141026080	CALLER	0x1443BD00E	0x1443BC950	0x141026080
de_global_provider	0x141026080	CALLER	0x1443BD018	0x1443BC950	0x141026080
de_global_provider	0x141026080	CALLER	0x1443D994B	0x1443D9910	0x141026080
de_global_provider	0x141026080	CALLER	0x1443D9CC1	0x1443D9CBC	0x141026080
de_global_provider	0x141026080	CALLER	0x14446790B	0x1444678BF	0x141026080
de_global_provider	0x141026080	CALLER	0x14446798D	0x1444678BF	0x141026080
de_global_provider	0x141026080	CALLER	0x1444688D3	0x144468760	0x141026080
de_global_provider	0x141026080	CALLER	0x144469009	0x144468EA0	0x141026080
de_global_provider	0x141026080	CALLER	0x1445D3244	0x1445D3090	0x141026080
de_global_provider	0x141026080	CALLER	0x1445D324E	0x1445D3090	0x141026080
de_global_provider	0x141026080	CALLER	0x14460466F	0x144604650	0x141026080
de_global_provider	0x141026080	CALLER	0x14460B01B	0x14460AFE0	0x141026080
de_global_provider	0x141026080	CALLER	0x14460B040	0x14460AFE0	0x141026080
de_global_provider	0x141026080	CALLER	0x14460F017	0x14460F000	0x141026080
de_global_provider	0x141026080	CALLER	0x14460F910	0x14460F4D0	0x141026080
de_global_provider	0x141026080	CALLER	0x1447A458F	0x1447A44E0	0x141026080
de_global_provider	0x141026080	CALLER	0x1447AEE60	0x1447AEE50	0x141026080
de_global_provider	0x141026080	CALLER	0x1447B0D3A	0x1447B0B40	0x141026080
de_global_provider	0x141026080	CALLER	0x1447DE71B	0x1447DE650	0x141026080
de_global_provider	0x141026080	CALLER	0x1447DE729	0x1447DE650	0x141026080
de_global_provider	0x141026080	CALLER	0x1447DE9EB	0x1447DE930	0x141026080
de_global_provider	0x141026080	CALLER	0x1447DE9F9	0x1447DE930	0x141026080
de_global_provider	0x141026080	CALLER	0x144810772	0x144810760	0x141026080
de_global_provider	0x141026080	CALLER	0x1448108FF	0x1448108D0	0x141026080
de_global_provider	0x141026080	CALLER	0x144810BEF	0x1448108D0	0x141026080
de_global_provider	0x141026080	CALLER	0x1448584F5	0x1448584E0	0x141026080
de_global_provider	0x141026080	CALLER	0x14485D6D6	0x14485D6C0	0x141026080
de_global_provider	0x141026080	CALLER	0x14485EFCF	0x14485EF30	0x141026080
de_global_provider	0x141026080	CALLER	0x144861313	0x14485FBA0	0x141026080
de_global_provider	0x141026080	CALLER	0x1448C80F9	0x1448C80A0	0x141026080
de_global_provider	0x141026080	CALLER	0x1448CF45E	0x1448CF440	0x141026080
de_global_provider	0x141026080	CALLER	0x1448CFB5D	0x1448CFAE0	0x141026080
de_global_provider	0x141026080	CALLER	0x1448CFC1D	0x1448CFAE0	0x141026080
de_global_provider	0x141026080	CALLER	0x1448D72C9	0x1448D72C0	0x141026080
de_global_provider	0x141026080	CALLER	0x1448D7D13	0x1448D7CF0	0x141026080
de_global_provider	0x141026080	CALLER	0x1448D7D74	0x1448D7CF0	0x141026080
de_global_provider	0x141026080	CALLER	0x1448D9A2E	0x1448D98E0	0x141026080
de_global_provider	0x141026080	CALLER	0x1448E14C3	0x1448E0EF0	0x141026080
de_global_provider	0x141026080	CALLER	0x1448E1974	0x1448E1810	0x141026080
de_global_provider	0x141026080	CALLER	0x1448E521E	0x1448E5050	0x141026080
de_global_provider	0x141026080	CALLER	0x1448E67E3	0x1448E6790	0x141026080
de_global_provider	0x141026080	CALLER	0x1448E686F	0x1448E6790	0x141026080
de_global_provider	0x141026080	CALLER	0x1448E8711	0x1448E8690	0x141026080
de_global_provider	0x141026080	CALLER	0x1448E8779	0x1448E8690	0x141026080
de_global_provider	0x141026080	CALLER	0x1448E883A	0x1448E8690	0x141026080
de_global_provider	0x141026080	CALLER	0x144913979	0x144913960	0x141026080
de_global_provider	0x141026080	CALLER	0x144914CB5	0x144914C80	0x141026080
de_global_provider	0x141026080	CALLER	0x144922FDD	0x144922FC0	0x141026080
de_global_provider	0x141026080	CALLER	0x14492D393	0x14492B6B0	0x141026080
de_global_provider	0x141026080	CALLER	0x144930B1E	0x1449309B0	0x141026080
de_global_provider	0x141026080	CALLER	0x144933BFF	0x144933BD0	0x141026080
de_global_provider	0x141026080	CALLER	0x1449343B9	0x144933BD0	0x141026080
de_global_provider	0x141026080	CALLER	0x144934840	0x1449347F0	0x141026080
de_global_provider	0x141026080	CALLER	0x144938874	0x1449387F0	0x141026080
de_global_provider	0x141026080	CALLER	0x1449831A9	0x1449831A0	0x141026080
de_global_provider	0x141026080	CALLER	0x1449832A3	0x144983280	0x141026080
de_global_provider	0x141026080	CALLER	0x1449835AF	0x144983590	0x141026080
de_global_provider	0x141026080	CALLER	0x1449839BB	0x1449839A0	0x141026080
de_global_provider	0x141026080	CALLER	0x144983B4A	0x144983B30	0x141026080
de_global_provider	0x141026080	CALLER	0x144983C56	0x144983C30	0x141026080
de_global_provider	0x141026080	CALLER	0x14498434F	0x144984170	0x141026080
de_global_provider	0x141026080	CALLER	0x1449843F3	0x1449843D0	0x141026080
de_global_provider	0x141026080	CALLER	0x1449844AE	0x144984490	0x141026080
de_global_provider	0x141026080	CALLER	0x14498454E	0x144984530	0x141026080
de_global_provider	0x141026080	CALLER	0x14498463F	0x1449845C0	0x141026080
de_global_provider	0x141026080	CALLER	0x144984844	0x144984810	0x141026080
de_global_provider	0x141026080	CALLER	0x144984D37	0x144984D10	0x141026080
de_global_provider	0x141026080	CALLER	0x144984E4A	0x144984E30	0x141026080
de_global_provider	0x141026080	CALLER	0x144984ECD	0x144984EB0	0x141026080
de_global_provider	0x141026080	CALLER	0x144984F92	0x144984F80	0x141026080
de_global_provider	0x141026080	CALLER	0x14498510C	0x1449850E0	0x141026080
de_global_provider	0x141026080	CALLER	0x144985293	0x144985270	0x141026080
de_global_provider	0x141026080	CALLER	0x1449853BD	0x1449853A0	0x141026080
de_global_provider	0x141026080	CALLER	0x144985405	0x1449853A0	0x141026080
de_global_provider	0x141026080	CALLER	0x144985584	0x144985560	0x141026080
de_global_provider	0x141026080	CALLER	0x1449857FE	0x1449857E0	0x141026080
de_global_provider	0x141026080	CALLER	0x1449858BD	0x1449858A0	0x141026080
de_global_provider	0x141026080	CALLER	0x144985A46	0x144985A20	0x141026080
de_global_provider	0x141026080	CALLER	0x144985B6A	0x144985B50	0x141026080
de_global_provider	0x141026080	CALLER	0x144985C8E	0x144985C70	0x141026080
de_global_provider	0x141026080	CALLER	0x144985D2E	0x144985CF0	0x141026080
de_global_provider	0x141026080	CALLER	0x1449866BE	0x1449866A0	0x141026080
de_global_provider	0x141026080	CALLER	0x144986AD4	0x144986A20	0x141026080
de_global_provider	0x141026080	CALLER	0x14498C0D6	0x14498C0CC	0x141026080
de_global_provider	0x141026080	CALLER	0x14498C148	0x14498C13E	0x141026080
de_global_provider	0x141026080	CALLER	0x14498C262	0x14498C250	0x141026080
de_global_provider	0x141026080	CALLER	0x14498C4A6	0x14498C430	0x141026080
de_global_provider	0x141026080	CALLER	0x14498C6B2	0x14498C6A0	0x141026080
de_global_provider	0x141026080	CALLER	0x14498C989	0x14498C980	0x141026080
de_global_provider	0x141026080	CALLER	0x14498CBC9	0x14498CBC0	0x141026080
de_global_provider	0x141026080	CALLER	0x14498CCA0	0x14498CC80	0x141026080
de_global_provider	0x141026080	CALLER	0x14499CB8D	0x14499CB70	0x141026080
de_global_provider	0x141026080	CALLER	0x1449A890D	0x1449A8900	0x141026080
de_global_provider	0x141026080	CALLER	0x1449A9851	0x1449A9800	0x141026080
de_global_provider	0x141026080	CALLER	0x144A50A60	0x144A50A10	0x141026080
de_global_provider	0x141026080	CALLER	0x144A50D75	0x144A50D60	0x141026080
de_global_provider	0x141026080	CALLER	0x144A55D9F	0x144A55D80	0x141026080
de_global_provider	0x141026080	CALLER	0x144A564EF	0x144A56350	0x141026080
de_global_provider	0x141026080	CALLER	0x144A57545	0x144A574C0	0x141026080
de_global_provider	0x141026080	CALLER	0x144A57B14	0x144A57B00	0x141026080
de_global_provider	0x141026080	CALLER	0x144A5D7E9	0x144A5D640	0x141026080
de_global_provider	0x141026080	CALLER	0x144A65492	0x144A652F0	0x141026080
de_global_provider	0x141026080	CALLER	0x144A66649	0x144A66600	0x141026080
de_global_provider	0x141026080	CALLER	0x145BED4B7	0x145BED4A0	0x141026080
de_global_provider	0x141026080	CALLER	0x145C41C4D	0x145C41A80	0x141026080
de_global_provider	0x141026080	CALLER	0x145C512D6	0x145C512B9	0x141026080
de_global_provider	0x141026080	CALLER	0x145C6081D	0x145C60800	0x141026080
de_global_provider	0x141026080	CALLER	0x145C68BE4	0x145C68B90	0x141026080
de_global_provider	0x141026080	CALLER	0x145C68D7D	0x145C68D60	0x141026080
de_global_provider	0x141026080	CALLER	0x145C68E97	0x145C68E80	0x141026080
de_global_provider	0x141026080	CALLER	0x145C69EE3	0x145C69D50	0x141026080
de_global_provider	0x141026080	CALLER	0x145C78700	0x145C786F0	0x141026080
de_global_provider	0x141026080	CALLER	0x145C7AB00	0x145C7AAF0	0x141026080
de_global_provider	0x141026080	CALLER	0x145C82B32	0x145C829C0	0x141026080
de_global_provider	0x141026080	CALLER	0x145CD1AEC	0x145CD1A20	0x141026080
de_global_provider	0x141026080	CALLER	0x145CD8DDD	0x145CD8D80	0x141026080
de_global_provider	0x141026080	CALLER	0x1463E576D	0x1463E5750	0x141026080
de_global_provider	0x141026080	CALLER	0x14644A8D1	0x14644A070	0x141026080
de_global_provider	0x141026080	CALLER	0x14644A8DF	0x14644A070	0x141026080
de_global_provider	0x141026080	CALLER	0x146764D55	0x146764CD0	0x141026080
de_global_provider	0x141026080	CALLER	0x146765B82	0x146765890	0x141026080
de_global_provider	0x141026080	CALLER	0x14686CD7B	0x14686CC50	0x141026080
de_global_provider	0x141026080	CALLER	0x14686FD3E	0x14686FAC0	0x141026080
de_global_provider	0x141026080	CALLER	0x14686FD5F	0x14686FAC0	0x141026080
de_global_provider	0x141026080	CALLER	0x14695D011	0x14695D000	0x141026080
de_global_provider	0x141026080	CALLEE	0x1410260C6	0x141026080	0x147AAD091
de_global_provider	0x141026080	CALLEE	0x1410260CE	0x141026080	0x1416AD7E0
de_global_provider	0x141026080	CALLEE	0x1410260E3	0x141026080	0x147AA6598
de_global_provider	0x141026080	CALLEE	0x1410260FF	0x141026080	0x147AAD091
de_global_provider	0x141026080	CALLEE	0x141026107	0x141026080	0x141676530
de_global_provider	0x141026080	CALLEE	0x14102611A	0x141026080	0x147AA652C
selfident_handler	0x146454C00	CALLEE	0x146454C51	0x146454C00	0x141721C20
selfident_handler	0x146454C00	CALLEE	0x146454C74	0x146454C00	0x1416AD580
selfident_handler	0x146454C00	CALLEE	0x146454C85	0x146454C00	0x1406D97D0
selfident_handler	0x146454C00	CALLEE	0x146454CA8	0x146454C00	0x1416AD580
selfident_handler	0x146454C00	CALLEE	0x146454CD0	0x146454C00	0x1402D13A0
selfident_handler	0x146454C00	CALLEE	0x146454D07	0x146454C00	0x14646ECC0
selfident_handler	0x146454C00	CALLEE	0x146454D2C	0x146454C00	0x145A9FA10
selfident_handler	0x146454C00	CALLEE	0x146454D3B	0x146454C00	0x145A9FA30
selfident_handler	0x146454C00	CALLEE	0x146454D46	0x146454C00	0x145A9FA80
selfident_handler	0x146454C00	CALLEE	0x146454D93	0x146454C00	0x14033D610
selfident_handler	0x146454C00	CALLEE	0x146454D9F	0x146454C00	0x141026000
selfident_handler	0x146454C00	CALLEE	0x146454DA7	0x146454C00	0x141721640
selfident_handler	0x146454C00	CALLEE	0x146454DFB	0x146454C00	0x140298E80
selfident_handler	0x146454C00	CALLEE	0x146454E27	0x146454C00	0x14052E170
selfident_handler	0x146454C00	CALLEE	0x146454E48	0x146454C00	0x14149CA40
selfident_handler	0x146454C00	CALLEE	0x146454F71	0x146454C00	0x1402B1040
selfident_handler	0x146454C00	CALLEE	0x146454F91	0x146454C00	0x147AAD05B
selfident_handler	0x146454C00	CALLEE	0x146454FCB	0x146454C00	0x14052E170
selfident_handler	0x146454C00	CALLEE	0x146454FEC	0x146454C00	0x14149CA40
selfident_handler	0x146454C00	CALLEE	0x146455139	0x146454C00	0x141721C20
selfident_handler	0x146454C00	CALLEE	0x146455147	0x146454C00	0x141721C20
selfident_handler	0x146454C00	CALLEE	0x14645519A	0x146454C00	0x141721C20
selfident_handler	0x146454C00	CALLEE	0x1464551A8	0x146454C00	0x141721C20
selfident_handler	0x146454C00	CALLEE	0x1464551BC	0x146454C00	0x147AA6610
selfident_handler	0x146454C00	CALLEE	0x1464551FA	0x146454C00	0x146152B00
selfident_handler	0x146454C00	CALLEE	0x146455215	0x146454C00	0x1402B9910
selfident_handler	0x146454C00	CALLEE	0x1464552A9	0x146454C00	0x14149CA40
selfident_handler	0x146454C00	CALLEE	0x1464552EA	0x146454C00	0x14149CA40
selfident_handler	0x146454C00	CALLEE	0x14645532D	0x146454C00	0x14149CA40
selfident_handler	0x146454C00	CALLEE	0x14645534E	0x146454C00	0x14149CA40
selfident_handler	0x146454C00	CALLEE	0x146455380	0x146454C00	0x14149CA40
selfident_handler	0x146454C00	CALLEE	0x1464553C3	0x146454C00	0x14149CA40
selfident_handler	0x146454C00	CALLEE	0x1464553E6	0x146454C00	0x1407F7D80
selfident_handler	0x146454C00	CALLEE	0x146455409	0x146454C00	0x14100A050
selfident_handler	0x146454C00	CALLEE	0x146455424	0x146454C00	0x14100A050
selfident_handler	0x146454C00	CALLEE	0x14645543F	0x146454C00	0x147AAD091
selfident_handler	0x146454C00	CALLEE	0x146455447	0x146454C00	0x1416AD7E0
selfident_handler	0x146454C00	CALLEE	0x146455541	0x146454C00	0x147AAD061
selfident_handler	0x146454C00	CALLEE	0x146455589	0x146454C00	0x147AAD061
selfident_handler	0x146454C00	CALLEE	0x1464555A9	0x146454C00	0x1402B1040
selfident_handler	0x146454C00	CALLEE	0x1464555CC	0x146454C00	0x147AAD05B
selfident_handler	0x146454C00	CALLEE	0x1464555E1	0x146454C00	0x1406D97D0
selfident_handler	0x146454C00	CALLEE	0x146455612	0x146454C00	0x14167C060
selfident_handler	0x146454C00	CALLEE	0x146455635	0x146454C00	0x14149CA40
selfident_handler	0x146454C00	CALLEE	0x14645563F	0x146454C00	0x145A87010
levelinfo_handler	0x146446800	CALLEE	0x146446838	0x146446800	0x14143E010
levelinfo_handler	0x146446800	CALLEE	0x146446873	0x146446800	0x1463E42B0
levelinfo_handler	0x146446800	CALLEE	0x1464468A0	0x146446800	0x1416AD580
levelinfo_handler	0x146446800	CALLEE	0x1464468D1	0x146446800	0x1464027B0
levelinfo_handler	0x146446800	CALLEE	0x1464468E3	0x146446800	0x146410750
levelinfo_handler	0x146446800	CALLEE	0x1464468F4	0x146446800	0x141650C10
levelinfo_handler	0x146446800	CALLEE	0x146446900	0x146446800	0x1406D97D0
levelinfo_handler	0x146446800	CALLEE	0x146446946	0x146446800	0x146463540
levelinfo_handler	0x146446800	CALLEE	0x146446981	0x146446800	0x14143E010
levelinfo_handler	0x146446800	CALLEE	0x146446997	0x146446800	0x14645FD70
levelinfo_handler	0x146446800	CALLEE	0x1464469AA	0x146446800	0x140877E60
levelinfo_handler	0x146446800	CALLEE	0x1464469B9	0x146446800	0x140870C50
levelinfo_handler	0x146446800	CALLEE	0x1464469C2	0x146446800	0x140877E60
levelinfo_handler	0x146446800	CALLEE	0x1464469D1	0x146446800	0x140870C50
levelinfo_handler	0x146446800	CALLEE	0x1464469FF	0x146446800	0x14143E010
levelinfo_handler	0x146446800	CALLEE	0x146446A43	0x146446800	0x146410B80
levelinfo_handler	0x146446800	CALLEE	0x146446AF8	0x146446800	0x147AA664C
levelinfo_handler	0x146446800	CALLEE	0x146446B8A	0x146446800	0x146410B80
levelinfo_handler	0x146446800	CALLEE	0x146446C40	0x146446800	0x147AA664C
levelinfo_handler	0x146446800	CALLEE	0x146446C69	0x146446800	0x14143E010
