pak	entry	method	compressed	uncompressed	crc_expected	crc_actual	crc_ok	version	columns	rows	types	pool_layout_match	status	error
assets/SharedDataStrm-part1.pak	sharedassets/springboardentitites/datatables/questdata/conversationtopicdata_npc_16004.datasheet	0	141	141	A180255A	A180255A	True	18	0	0		True	OK	
assets/SharedDataStrm-part1.pak	sharedassets/springboardentitites/datatables/questdata/conversationtopicdata_npc_16007.datasheet	0	141	141	95A00E5D	95A00E5D	True	18	0	0		True	OK	
assets/SharedDataStrm-part1.pak	sharedassets/springboardentitites/datatables/questdata/conversationtopicdata_npc_16013.datasheet	0	141	141	193F04EE	193F04EE	True	18	0	0		True	OK	
assets/SharedDataStrm-part1.pak	sharedassets/springboardentitites/datatables/questdata/conversationtopicdata_npc_16023.datasheet	0	141	141	876FB166	876FB166	True	18	0	0		True	OK	
assets/SharedDataStrm-part1.pak	sharedassets/springboardentitites/datatables/questdata/conversationtopicdata_npc_16028.datasheet	0	141	141	9A9FAFB6	9A9FAFB6	True	18	0	0		True	OK	
assets/SharedDataStrm-part1.pak	sharedassets/springboardentitites/datatables/questdata/conversationtopicdata_npc_16037.datasheet	0	141	141	0BF0BBD5	0BF0BBD5	True	18	0	0		True	OK	
assets/SharedDataStrm-part1.pak	sharedassets/springboardentitites/datatables/questdata/conversationtopicdata_npc_16041.datasheet	0	141	141	F1AF13F2	F1AF13F2	True	18	0	0		True	OK	
assets/SharedDataStrm-part1.pak	sharedassets/springboardentitites/datatables/questdata/conversationtopicdata_npc_16043.datasheet	0	141	141	60BFDC37	60BFDC37	True	18	0	0		True	OK	
assets/SharedDataStrm-part1.pak	sharedassets/springboardentitites/datatables/questdata/conversationtopicdata_npc_16046.datasheet	0	141	141	3CDFA13E	3CDFA13E	True	18	0	0		True	OK	
assets/SharedDataStrm-part1.pak	sharedassets/springboardentitites/datatables/questdata/conversationtopicdata_npc_16066.datasheet	0	141	141	D74087CE	D74087CE	True	18	0	0		True	OK	
assets/SharedDataStrm-part1.pak	sharedassets/springboardentitites/datatables/questdata/conversationtopicdata_npc_16091.datasheet	0	141	141	90B15C69	90B15C69	True	18	0	0		True	OK	
assets/SharedDataStrm-part1.pak	sharedassets/springboardentitites/datatables/questdata/conversationtopicdata_npc_16092.datasheet	0	141	141	A491776E	A491776E	True	18	0	0		True	OK	
assets/SharedDataStrm-part1.pak	sharedassets/springboardentitites/datatables/questdata/conversationtopicdata_npc_16097.datasheet	15	332	639	6F250594	6F250594	True	18	6	2	1	True	OK	
assets/SharedDataStrm-part1.pak	sharedassets/springboardentitites/datatables/questdata/conversationtopicdata_npc_16147.datasheet	0	141	141	C7447361	C7447361	True	18	0	0		True	OK	
assets/SharedDataStrm-part1.pak	sharedassets/springboardentitites/datatables/questdata/conversationtopicdata_npc_16149.datasheet	0	141	141	86D410B8	86D410B8	True	18	0	0		True	OK	
assets/SharedDataStrm-part1.pak	sharedassets/springboardentitites/datatables/questdata/npcdata_npc_16138.datasheet	15	214	313	BE0CC341	BE0CC341	True	18	4	1	1	True	OK	
assets/SharedDataStrm-part1.pak	sharedassets/springboardentitites/datatables/questdata/objectives_quest_02801.datasheet	15	1035	2001	35D0B9A4	35D0B9A4	True	18	38	1	1	True	OK	
assets/SharedDataStrm-part1.pak	sharedassets/springboardentitites/datatables/questdata/objectives_quest_18000.datasheet	15	940	1787	33EFBEEB	33EFBEEB	True	18	34	1	1	True	OK	
assets/SharedDataStrm-part1.pak	sharedassets/springboardentitites/datatables/questdata/objectivetasks_quest_02798.datasheet	15	1229	3727	E9DE00B7	E9DE00B7	True	18	40	6	1	True	OK	
assets/SharedDataStrm-part1.pak	sharedassets/springboardentitites/datatables/questdata/objectivetasks_quest_02799.datasheet	15	1105	2009	C0E44DF8	C0E44DF8	True	18	38	2	1	True	OK	
assets/SharedDataStrm-part1.pak	sharedassets/springboardentitites/datatables/questdata/objectivetasks_quest_16007.datasheet	15	1955	10546	D33D2023	D33D2023	True	18	47	19	1	True	OK	
assets/SharedDataStrm-part10.pak	sharedassets/springboardentitites/datatables/questdata/conversationstatedata_npc_16029.datasheet	15	348	543	B30A1764	B30A1764	True	18	8	1	1	True	OK	
assets/SharedDataStrm-part10.pak	sharedassets/springboardentitites/datatables/questdata/conversationstatedata_npc_16031.datasheet	15	348	543	F7F03934	F7F03934	True	18	8	1	1	True	OK	
assets/SharedDataStrm-part10.pak	sharedassets/springboardentitites/datatables/questdata/conversationstatedata_npc_16047.datasheet	15	348	543	8239A8B9	8239A8B9	True	18	8	1	1	True	OK	
assets/SharedDataStrm-part10.pak	sharedassets/springboardentitites/datatables/questdata/conversationstatedata_npc_16054.datasheet	15	348	543	C14B9E5C	C14B9E5C	True	18	8	1	1	True	OK	
assets/SharedDataStrm-part10.pak	sharedassets/springboardentitites/datatables/questdata/conversationstatedata_npc_16059.datasheet	15	348	543	971A8ECA	971A8ECA	True	18	8	1	1	True	OK	
assets/SharedDataStrm-part10.pak	sharedassets/springboardentitites/datatables/questdata/conversationstatedata_npc_16062.datasheet	15	348	543	C189C242	C189C242	True	18	8	1	1	True	OK	
assets/SharedDataStrm-part10.pak	sharedassets/springboardentitites/datatables/questdata/conversationstatedata_npc_16064.datasheet	15	473	858	AF1B969B	AF1B969B	True	18	11	2	1	True	OK	
assets/SharedDataStrm-part10.pak	sharedassets/springboardentitites/datatables/questdata/conversationstatedata_npc_16081.datasheet	15	473	858	633A8647	633A8647	True	18	11	2	1	True	OK	
assets/SharedDataStrm-part10.pak	sharedassets/springboardentitites/datatables/questdata/conversationstatedata_npc_16096.datasheet	15	473	858	A4C84DA8	A4C84DA8	True	18	11	2	1	True	OK	
assets/SharedDataStrm-part10.pak	sharedassets/springboardentitites/datatables/questdata/conversationstatedata_npc_16179.datasheet	15	348	543	C11FDBDF	C11FDBDF	True	18	8	1	1	True	OK	
assets/SharedDataStrm-part10.pak	sharedassets/springboardentitites/datatables/questdata/conversationstatedata_npc_16186.datasheet	15	348	543	69FECE20	69FECE20	True	18	8	1	1	True	OK	
assets/SharedDataStrm-part10.pak	sharedassets/springboardentitites/datatables/questdata/conversationtopicdata_npc_16075.datasheet	0	141	141	96AF3FB1	96AF3FB1	True	18	0	0		True	OK	
assets/SharedDataStrm-part10.pak	sharedassets/springboardentitites/datatables/questdata/conversationtopicdata_npc_16093.datasheet	15	303	486	26412649	26412649	True	18	6	1	1	True	OK	
assets/SharedDataStrm-part10.pak	sharedassets/springboardentitites/datatables/questdata/conversationtopicdata_npc_16201.datasheet	0	141	141	40B63569	40B63569	True	18	0	0		True	OK	
assets/SharedDataStrm-part10.pak	sharedassets/springboardentitites/datatables/questdata/npcdata_npc_16007.datasheet	15	236	372	75179FC2	75179FC2	True	18	5	1	1	True	OK	
assets/SharedDataStrm-part10.pak	sharedassets/springboardentitites/datatables/questdata/npcdata_npc_16008.datasheet	15	236	372	9AA4C843	9AA4C843	True	18	5	1	1	True	OK	
assets/SharedDataStrm-part10.pak	sharedassets/springboardentitites/datatables/questdata/npcdata_npc_16042.datasheet	15	236	372	998CAEDB	998CAEDB	True	18	5	1	1	True	OK	
assets/SharedDataStrm-part10.pak	sharedassets/springboardentitites/datatables/questdata/npcdata_npc_16049.datasheet	15	214	313	CE1C0D5A	CE1C0D5A	True	18	4	1	1	True	OK	
assets/SharedDataStrm-part10.pak	sharedassets/springboardentitites/datatables/questdata/npcdata_npc_16050.datasheet	15	236	372	82197C5D	82197C5D	True	18	5	1	1	True	OK	
assets/SharedDataStrm-part10.pak	sharedassets/springboardentitites/datatables/questdata/npcdata_npc_16054.datasheet	15	214	313	A00F8BCE	A00F8BCE	True	18	4	1	1	True	OK	
assets/SharedDataStrm-part10.pak	sharedassets/springboardentitites/datatables/questdata/npcdata_npc_16064.datasheet	15	236	372	C3D82757	C3D82757	True	18	5	1	1	True	OK	
assets/SharedDataStrm-part10.pak	sharedassets/springboardentitites/datatables/questdata/npcdata_npc_16073.datasheet	15	214	313	A31E53DC	A31E53DC	True	18	4	1	1	True	OK	
assets/SharedDataStrm-part10.pak	sharedassets/springboardentitites/datatables/questdata/npcdata_npc_16075.datasheet	15	214	313	ADD6F987	ADD6F987	True	18	4	1	1	True	OK	
assets/SharedDataStrm-part10.pak	sharedassets/springboardentitites/datatables/questdata/npcdata_npc_16076.datasheet	15	214	313	470A2F8A	470A2F8A	True	18	4	1	1	True	OK	
assets/SharedDataStrm-part10.pak	sharedassets/springboardentitites/datatables/questdata/npcdata_npc_16078.datasheet	15	236	372	01413410	01413410	True	18	5	1	1	True	OK	
assets/SharedDataStrm-part10.pak	sharedassets/springboardentitites/datatables/questdata/npcdata_npc_16079.datasheet	15	214	313	B047AD31	B047AD31	True	18	4	1	1	True	OK	
assets/SharedDataStrm-part10.pak	sharedassets/springboardentitites/datatables/questdata/npcdata_npc_16136.datasheet	15	214	313	10F50C01	10F50C01	True	18	4	1	1	True	OK	
assets/SharedDataStrm-part10.pak	sharedassets/springboardentitites/datatables/questdata/npcdata_npc_16148.datasheet	15	214	313	688D1C4E	688D1C4E	True	18	4	1	1	True	OK	
assets/SharedDataStrm-part10.pak	sharedassets/springboardentitites/datatables/questdata/npcdata_npc_16157.datasheet	15	252	431	4F1F8336	4F1F8336	True	18	6	1	1	True	OK	
assets/SharedDataStrm-part10.pak	sharedassets/springboardentitites/datatables/questdata/npcdata_npc_16162.datasheet	15	252	431	B13A2581	B13A2581	True	18	6	1	1	True	OK	
assets/SharedDataStrm-part10.pak	sharedassets/springboardentitites/datatables/questdata/npcdata_npc_16164.datasheet	15	214	313	2171774A	2171774A	True	18	4	1	1	True	OK	
assets/SharedDataStrm-part10.pak	sharedassets/springboardentitites/datatables/questdata/npcdata_npc_16165.datasheet	15	214	313	78C53AB1	78C53AB1	True	18	4	1	1	True	OK	
assets/SharedDataStrm-part10.pak	sharedassets/springboardentitites/datatables/questdata/npcdata_npc_16183.datasheet	15	214	313	007F28B5	007F28B5	True	18	4	1	1	True	OK	
assets/SharedDataStrm-part10.pak	sharedassets/springboardentitites/datatables/questdata/npcdata_npc_16185.datasheet	15	236	372	F0C8003B	F0C8003B	True	18	5	1	1	True	OK	
assets/SharedDataStrm-part10.pak	sharedassets/springboardentitites/datatables/questdata/npcdata_npc_16202.datasheet	15	214	313	09107EB7	09107EB7	True	18	4	1	1	True	OK	
assets/SharedDataStrm-part10.pak	sharedassets/springboardentitites/datatables/questdata/objectives_quest_16003.datasheet	15	929	1532	21D6897E	21D6897E	True	18	31	1	1	True	OK	
assets/SharedDataStrm-part10.pak	sharedassets/springboardentitites/datatables/questdata/objectivetasks_quest_16012.datasheet	15	1815	8506	CAA0AE6D	CAA0AE6D	True	18	54	13	1	True	OK	
assets/SharedDataStrm-part11.pak	sharedassets/springboardentitites/datatables/questdata/conversationstatedata_npc_16058.datasheet	15	348	543	62F98E1A	62F98E1A	True	18	8	1	1	True	OK	
assets/SharedDataStrm-part11.pak	sharedassets/springboardentitites/datatables/questdata/conversationstatedata_npc_16067.datasheet	15	348	543	5504CD50	5504CD50	True	18	8	1	1	True	OK	
assets/SharedDataStrm-part11.pak	sharedassets/springboardentitites/datatables/questdata/conversationstatedata_npc_16190.datasheet	15	348	543	BE01F7D7	BE01F7D7	True	18	8	1	1	True	OK	
assets/SharedDataStrm-part11.pak	sharedassets/springboardentitites/datatables/questdata/conversationtopicdata_npc_16005.datasheet	15	303	486	822584FF	822584FF	True	18	6	1	1	True	OK	
assets/SharedDataStrm-part11.pak	sharedassets/springboardentitites/datatables/questdata/conversationtopicdata_npc_16006.datasheet	15	303	486	49108808	49108808	True	18	6	1	1	True	OK	
assets/SharedDataStrm-part11.pak	sharedassets/springboardentitites/datatables/questdata/conversationtopicdata_npc_16010.datasheet	15	303	486	AC2AA409	AC2AA409	True	18	6	1	1	True	OK	
assets/SharedDataStrm-part11.pak	sharedassets/springboardentitites/datatables/questdata/conversationtopicdata_npc_16019.datasheet	0	141	141	A1FFFEFC	A1FFFEFC	True	18	0	0		True	OK	
assets/SharedDataStrm-part11.pak	sharedassets/springboardentitites/datatables/questdata/conversationtopicdata_npc_16021.datasheet	0	141	141	167F7EA3	167F7EA3	True	18	0	0		True	OK	
assets/SharedDataStrm-part11.pak	sharedassets/springboardentitites/datatables/questdata/conversationtopicdata_npc_16022.datasheet	0	141	141	225F55A4	225F55A4	True	18	0	0		True	OK	
assets/SharedDataStrm-part11.pak	sharedassets/springboardentitites/datatables/questdata/conversationtopicdata_npc_16034.datasheet	15	332	639	6E241B1B	6E241B1B	True	18	6	2	1	True	OK	
assets/SharedDataStrm-part11.pak	sharedassets/springboardentitites/datatables/questdata/conversationtopicdata_npc_16035.datasheet	15	303	486	A137D64C	A137D64C	True	18	6	1	1	True	OK	
assets/SharedDataStrm-part11.pak	sharedassets/springboardentitites/datatables/questdata/conversationtopicdata_npc_16040.datasheet	15	303	486	C91C53DC	C91C53DC	True	18	6	1	1	True	OK	
assets/SharedDataStrm-part11.pak	sharedassets/springboardentitites/datatables/questdata/conversationtopicdata_npc_16044.datasheet	15	303	486	09DEBB29	09DEBB29	True	18	6	1	1	True	OK	
assets/SharedDataStrm-part11.pak	sharedassets/springboardentitites/datatables/questdata/conversationtopicdata_npc_16050.datasheet	15	303	486	613D6072	613D6072	True	18	6	1	1	True	OK	
assets/SharedDataStrm-part11.pak	sharedassets/springboardentitites/datatables/questdata/conversationtopicdata_npc_16052.datasheet	0	141	141	B040AB8D	B040AB8D	True	18	0	0		True	OK	
assets/SharedDataStrm-part11.pak	sharedassets/springboardentitites/datatables/questdata/conversationtopicdata_npc_16053.datasheet	15	303	486	AA086C85	AA086C85	True	18	6	1	1	True	OK	
assets/SharedDataStrm-part11.pak	sharedassets/springboardentitites/datatables/questdata/conversationtopicdata_npc_16063.datasheet	15	303	486	891A3E36	891A3E36	True	18	6	1	1	True	OK	
assets/SharedDataStrm-part11.pak	sharedassets/springboardentitites/datatables/questdata/conversationtopicdata_npc_16064.datasheet	15	303	486	82EDDA34	82EDDA34	True	18	6	1	1	True	OK	
assets/SharedDataStrm-part11.pak	sharedassets/springboardentitites/datatables/questdata/conversationtopicdata_npc_16065.datasheet	15	303	486	C4012199	C4012199	True	18	6	1	1	True	OK	
assets/SharedDataStrm-part11.pak	sharedassets/springboardentitites/datatables/questdata/conversationtopicdata_npc_16068.datasheet	0	141	141	96D0E417	96D0E417	True	18	0	0		True	OK	
assets/SharedDataStrm-part11.pak	sharedassets/springboardentitites/datatables/questdata/conversationtopicdata_npc_16074.datasheet	15	303	486	2ACCE99A	2ACCE99A	True	18	6	1	1	True	OK	
assets/SharedDataStrm-part11.pak	sharedassets/springboardentitites/datatables/questdata/conversationtopicdata_npc_16079.datasheet	0	141	141	462F93AD	462F93AD	True	18	0	0		True	OK	
assets/SharedDataStrm-part11.pak	sharedassets/springboardentitites/datatables/questdata/conversationtopicdata_npc_16083.datasheet	15	303	486	4F2D1577	4F2D1577	True	18	6	1	1	True	OK	
assets/SharedDataStrm-part11.pak	sharedassets/springboardentitites/datatables/questdata/conversationtopicdata_npc_16096.datasheet	15	303	486	A06F3511	A06F3511	True	18	6	1	1	True	OK	
assets/SharedDataStrm-part11.pak	sharedassets/springboardentitites/datatables/questdata/conversationtopicdata_npc_16153.datasheet	0	141	141	4BDB79D2	4BDB79D2	True	18	0	0		True	OK	
assets/SharedDataStrm-part11.pak	sharedassets/springboardentitites/datatables/questdata/conversationtopicdata_npc_16166.datasheet	0	141	141	89EBB153	89EBB153	True	18	0	0		True	OK	
assets/SharedDataStrm-part11.pak	sharedassets/springboardentitites/datatables/questdata/conversationtopicdata_npc_16170.datasheet	15	303	486	DBC8AEB3	DBC8AEB3	True	18	6	1	1	True	OK	
assets/SharedDataStrm-part11.pak	sharedassets/springboardentitites/datatables/questdata/conversationtopicdata_npc_16172.datasheet	15	303	486	561159E9	561159E9	True	18	6	1	1	True	OK	
assets/SharedDataStrm-part11.pak	sharedassets/springboardentitites/datatables/questdata/conversationtopicdata_npc_16202.datasheet	0	141	141	74961E6E	74961E6E	True	18	0	0		True	OK	
assets/SharedDataStrm-part11.pak	sharedassets/springboardentitites/datatables/questdata/conversationtopicdata_npc_16203.datasheet	0	141	141	D1A6FAAC	D1A6FAAC	True	18	0	0		True	OK	
assets/SharedDataStrm-part11.pak	sharedassets/springboardentitites/datatables/questdata/npcdata_npc_16013.datasheet	15	214	313	5FA9130A	5FA9130A	True	18	4	1	1	True	OK	
assets/SharedDataStrm-part11.pak	sharedassets/springboardentitites/datatables/questdata/npcdata_npc_16019.datasheet	15	214	313	4CF0EDE7	4CF0EDE7	True	18	4	1	1	True	OK	
assets/SharedDataStrm-part11.pak	sharedassets/springboardentitites/datatables/questdata/npcdata_npc_16021.datasheet	15	214	313	929A2897	929A2897	True	18	4	1	1	True	OK	
assets/SharedDataStrm-part11.pak	sharedassets/springboardentitites/datatables/questdata/npcdata_npc_16044.datasheet	15	236	372	2E0DDB5B	2E0DDB5B	True	18	5	1	1	True	OK	
assets/SharedDataStrm-part11.pak	sharedassets/springboardentitites/datatables/questdata/npcdata_npc_16081.datasheet	15	236	372	E80E4533	E80E4533	True	18	5	1	1	True	OK	
assets/SharedDataStrm-part11.pak	sharedassets/springboardentitites/datatables/questdata/npcdata_npc_16084.datasheet	15	214	313	A82693FA	A82693FA	True	18	4	1	1	True	OK	
assets/SharedDataStrm-part11.pak	sharedassets/springboardentitites/datatables/questdata/npcdata_npc_16085.datasheet	15	214	313	F192DE01	F192DE01	True	18	4	1	1	True	OK	
assets/SharedDataStrm-part11.pak	sharedassets/springboardentitites/datatables/questdata/npcdata_npc_16089.datasheet	15	214	313	EC038AB7	EC038AB7	True	18	4	1	1	True	OK	
assets/SharedDataStrm-part11.pak	sharedassets/springboardentitites/datatables/questdata/npcdata_npc_16186.datasheet	15	214	313	E46B54E3	E46B54E3	True	18	4	1	1	True	OK	
assets/SharedDataStrm-part11.pak	sharedassets/springboardentitites/datatables/questdata/npcdata_npc_16193.datasheet	15	214	313	2A49B76C	2A49B76C	True	18	4	1	1	True	OK	
assets/SharedDataStrm-part11.pak	sharedassets/springboardentitites/datatables/questdata/npcdata_npc_16199.datasheet	15	214	313	39104981	39104981	True	18	4	1	1	True	OK	
assets/SharedDataStrm-part11.pak	sharedassets/springboardentitites/datatables/questdata/objectives_quest_18005.datasheet	15	1034	2003	51AF116B	51AF116B	True	18	38	1	1	True	OK	
assets/SharedDataStrm-part11.pak	sharedassets/springboardentitites/datatables/questdata/objectivetasks_quest_16015.datasheet	15	3077	25278	B68D6BBF	B68D6BBF	True	18	62	40	1	True	OK	
assets/SharedDataStrm-part11.pak	sharedassets/springboardentitites/datatables/questdata/objectivetasks_quest_16018.datasheet	15	2060	10815	DFBE8AFA	DFBE8AFA	True	18	58	16	1	True	OK	
assets/SharedDataStrm-part11.pak	sharedassets/springboardentitites/datatables/javelindata_lootbuckets.datasheet	0	47006444	47006444	7A96CCC8	7A96CCC8	True	18	2678	2162	1,2,3	True	OK	
assets/SharedDataStrm-part2.pak	sharedassets/springboardentitites/datatables/questdata/conversationtopicdata_npc_16014.datasheet	0	141	141	D44FB622	D44FB622	True	18	0	0		True	OK	
assets/SharedDataStrm-part2.pak	sharedassets/springboardentitites/datatables/questdata/npcdata_npc_04290.datasheet	15	272	490	14D81493	14D81493	True	18	7	1	1	True	OK	
assets/SharedDataStrm-part2.pak	sharedassets/springboardentitites/datatables/questdata/npcdata_npc_04292.datasheet	15	272	490	392ECE3E	392ECE3E	True	18	7	1	1	True	OK	
assets/SharedDataStrm-part2.pak	sharedassets/springboardentitites/datatables/questdata/objectives_quest_02791.datasheet	15	993	1885	3B7A1092	3B7A1092	True	18	36	1	1	True	OK	
assets/SharedDataStrm-part2.pak	sharedassets/springboardentitites/datatables/questdata/objectivetasks_quest_02794.datasheet	15	1177	2594	651A26A2	651A26A2	True	18	41	3	1	True	OK	
assets/SharedDataStrm-part2.pak	sharedassets/springboardentitites/datatables/questdata/objectivetasks_quest_02795.datasheet	15	1120	2460	708123D9	708123D9	True	18	39	3	1	True	OK	
assets/SharedDataStrm-part2.pak	sharedassets/springboardentitites/datatables/questdata/objectivetasks_quest_18002.datasheet	15	1099	2460	39AFE013	39AFE013	True	18	39	3	1	True	OK	
assets/SharedDataStrm-part3.pak	sharedassets/springboardentitites/datatables/questdata/conversationstatedata_npc_16024.datasheet	15	450	779	9A35FDA3	9A35FDA3	True	18	10	2	1	True	OK	
assets/SharedDataStrm-part3.pak	sharedassets/springboardentitites/datatables/questdata/conversationstatedata_npc_16034.datasheet	15	516	1056	06424984	06424984	True	18	11	3	1	True	OK	
assets/SharedDataStrm-part3.pak	sharedassets/springboardentitites/datatables/questdata/conversationstatedata_npc_16083.datasheet	15	566	1145	99CFE59C	99CFE59C	True	18	13	3	1	True	OK	
assets/SharedDataStrm-part3.pak	sharedassets/springboardentitites/datatables/questdata/conversationstatedata_npc_16161.datasheet	15	470	802	0E075D4F	0E075D4F	True	18	10	2	1	True	OK	
assets/SharedDataStrm-part3.pak	sharedassets/springboardentitites/datatables/questdata/conversationtopicdata_npc_04292.datasheet	15	303	486	AD1D3111	AD1D3111	True	18	6	1	1	True	OK	
assets/SharedDataStrm-part3.pak	sharedassets/springboardentitites/datatables/questdata/conversationtopicdata_npc_04293.datasheet	0	141	141	71134E2C	71134E2C	True	18	0	0		True	OK	
assets/SharedDataStrm-part3.pak	sharedassets/springboardentitites/datatables/questdata/conversationtopicdata_npc_16020.datasheet	0	141	141	B34F9A61	B34F9A61	True	18	0	0		True	OK	
assets/SharedDataStrm-part3.pak	sharedassets/springboardentitites/datatables/questdata/conversationtopicdata_npc_16026.datasheet	0	141	141	DB0FCC6F	DB0FCC6F	True	18	0	0		True	OK	
assets/SharedDataStrm-part3.pak	sharedassets/springboardentitites/datatables/questdata/conversationtopicdata_npc_16039.datasheet	0	141	141	4A60D80C	4A60D80C	True	18	0	0		True	OK	
assets/SharedDataStrm-part3.pak	sharedassets/springboardentitites/datatables/questdata/conversationtopicdata_npc_16055.datasheet	0	141	141	7D301941	7D301941	True	18	0	0		True	OK	
assets/SharedDataStrm-part3.pak	sharedassets/springboardentitites/datatables/questdata/conversationtopicdata_npc_16061.datasheet	0	141	141	1A303502	1A303502	True	18	0	0		True	OK	
assets/SharedDataStrm-part3.pak	sharedassets/springboardentitites/datatables/questdata/conversationtopicdata_npc_16062.datasheet	0	141	141	2E101E05	2E101E05	True	18	0	0		True	OK	
assets/SharedDataStrm-part3.pak	sharedassets/springboardentitites/datatables/questdata/conversationtopicdata_npc_16071.datasheet	0	141	141	6FFFA67A	6FFFA67A	True	18	0	0		True	OK	
assets/SharedDataStrm-part3.pak	sharedassets/springboardentitites/datatables/questdata/conversationtopicdata_npc_16087.datasheet	0	141	141	8D3E991F	8D3E991F	True	18	0	0		True	OK	
assets/SharedDataStrm-part3.pak	sharedassets/springboardentitites/datatables/questdata/conversationtopicdata_npc_16094.datasheet	0	141	141	CCD12160	CCD12160	True	18	0	0		True	OK	
assets/SharedDataStrm-part3.pak	sharedassets/springboardentitites/datatables/questdata/conversationtopicdata_npc_16098.datasheet	0	141	141	1C518D7C	1C518D7C	True	18	0	0		True	OK	
assets/SharedDataStrm-part3.pak	sharedassets/springboardentitites/datatables/questdata/conversationtopicdata_npc_16130.datasheet	0	141	141	982B3F84	982B3F84	True	18	0	0		True	OK	
assets/SharedDataStrm-part3.pak	sharedassets/springboardentitites/datatables/questdata/conversationtopicdata_npc_16144.datasheet	0	141	141	F3645866	F3645866	True	18	0	0		True	OK	
assets/SharedDataStrm-part3.pak	sharedassets/springboardentitites/datatables/questdata/conversationtopicdata_npc_16194.datasheet	0	141	141	927A17FD	927A17FD	True	18	0	0		True	OK	
assets/SharedDataStrm-part3.pak	sharedassets/springboardentitites/datatables/questdata/npcdata_npc_04289.datasheet	15	292	549	7A7FA83B	7A7FA83B	True	18	8	1	1	True	OK	
assets/SharedDataStrm-part3.pak	sharedassets/springboardentitites/datatables/questdata/npcdata_npc_04293.datasheet	15	253	431	FB2CF080	FB2CF080	True	18	6	1	1	True	OK	
assets/SharedDataStrm-part3.pak	sharedassets/springboardentitites/datatables/questdata/npcdata_npc_04294.datasheet	15	253	431	5708FF7A	5708FF7A	True	18	6	1	1	True	OK	
assets/SharedDataStrm-part3.pak	sharedassets/springboardentitites/datatables/questdata/npcdata_npc_16200.datasheet	15	214	313	BA78E541	BA78E541	True	18	4	1	1	True	OK	
assets/SharedDataStrm-part3.pak	sharedassets/springboardentitites/datatables/questdata/objectives_quest_02792.datasheet	15	1034	2003	8CFBFC6D	8CFBFC6D	True	18	38	1	1	True	OK	
assets/SharedDataStrm-part3.pak	sharedassets/springboardentitites/datatables/questdata/objectives_quest_02794.datasheet	15	1034	2003	00B486DE	00B486DE	True	18	38	1	1	True	OK	
assets/SharedDataStrm-part3.pak	sharedassets/springboardentitites/datatables/questdata/objectives_quest_18003.datasheet	15	990	1875	4F747CC2	4F747CC2	True	18	36	1	1	True	OK	
assets/SharedDataStrm-part3.pak	sharedassets/springboardentitites/datatables/questdata/objectives_quest_18006.datasheet	15	990	1875	BD3651A5	BD3651A5	True	18	36	1	1	True	OK	
assets/SharedDataStrm-part3.pak	sharedassets/springboardentitites/datatables/questdata/objectivetasks_quest_02792.datasheet	15	1062	2077	12522F1F	12522F1F	True	18	38	2	1	True	OK	
assets/SharedDataStrm-part3.pak	sharedassets/springboardentitites/datatables/questdata/objectivetasks_quest_18001.datasheet	15	1351	5141	A79F05B4	A79F05B4	True	18	41	10	1	True	OK	
assets/SharedDataStrm-part4.pak	sharedassets/springboardentitites/datatables/charactertables/alligator_datatables/javelindata_damagetable_alligatoryoung.datasheet	15	1181	3275	674A3177	674A3177	True	18	49	4	1,2,3	True	OK	
assets/SharedDataStrm-part4.pak	sharedassets/springboardentitites/datatables/charactertables/ancientguardian_datatables/javelindata_damagetable_ancientamalgam.datasheet	15	1394	4977	FB2974CB	FB2974CB	True	18	45	9	1,2,3	True	OK	
assets/SharedDataStrm-part4.pak	sharedassets/springboardentitites/datatables/charactertables/ancientguardian_datatables/javelindata_damagetable_ancientguardian.datasheet	15	2409	15054	545015A8	545015A8	True	18	47	33	1,2,3	True	OK	
assets/SharedDataStrm-part4.pak	sharedassets/springboardentitites/datatables/charactertables/anubianguardian_datatables/javelindata_damagetable_anubianguardian_horus.datasheet	15	1722	9171	A5CB1955	A5CB1955	True	18	45	20	1,2,3	True	OK	
assets/SharedDataStrm-part4.pak	sharedassets/springboardentitites/datatables/charactertables/anubianguardian_datatables/javelindata_damagetable_goliathbruteboss.datasheet	15	2199	13613	EA765A2E	EA765A2E	True	18	43	33	1,2,3	True	OK	
assets/SharedDataStrm-part4.pak	sharedassets/springboardentitites/datatables/charactertables/anubianguardian_datatables/javelindata_damagetable_goliathhorusboss.datasheet	15	1797	9256	24BA81F5	24BA81F5	True	18	45	20	1,2,3	True	OK	
assets/SharedDataStrm-part4.pak	sharedassets/springboardentitites/datatables/charactertables/bear_datatables/javelindata_damagetable_bear.datasheet	15	1484	4598	76B01A33	76B01A33	True	18	45	8	1,2,3	True	OK	
assets/SharedDataStrm-part4.pak	sharedassets/springboardentitites/datatables/charactertables/bear_datatables/javelindata_damagetable_bear_damned.datasheet	15	1522	6757	E529018A	E529018A	True	18	44	14	1,2,3	True	OK	
assets/SharedDataStrm-part4.pak	sharedassets/springboardentitites/datatables/charactertables/bear_datatables/javelindata_damagetable_bear_elemental.datasheet	15	1503	4797	A760703E	A760703E	True	18	43	9	1,2,3	True	OK	
assets/SharedDataStrm-part4.pak	sharedassets/springboardentitites/datatables/charactertables/bison_datatables/javelindata_damagetable_bison.datasheet	15	1074	2308	91ED3089	91ED3089	True	18	46	2	1,2,3	True	OK	
assets/SharedDataStrm-part4.pak	sharedassets/springboardentitites/datatables/charactertables/broken_datatables/javelindata_damagetable_brokenvillager_axethrower.datasheet	15	1412	5222	6BB2F25B	6BB2F25B	True	18	44	10	1,2,3	True	OK	
assets/SharedDataStrm-part4.pak	sharedassets/springboardentitites/datatables/charactertables/broken_datatables/javelindata_damagetable_brokenvillager_prong.datasheet	15	1489	5645	7A730BD5	7A730BD5	True	18	44	11	1,2,3	True	OK	
assets/SharedDataStrm-part4.pak	sharedassets/springboardentitites/datatables/charactertables/broken_datatables/javelindata_damagetable_brokenvillager_rake.datasheet	15	1489	6425	0760DB48	0760DB48	True	18	44	13	1,2,3	True	OK	
assets/SharedDataStrm-part4.pak	sharedassets/springboardentitites/datatables/charactertables/brute_datatables/javelindata_damagetable_swampbeast.datasheet	15	2009	13762	95770834	95770834	True	18	45	32	1,2,3	True	OK	
assets/SharedDataStrm-part4.pak	sharedassets/springboardentitites/datatables/charactertables/damned_datatables/javelindata_damagetable_damned_acolyte.datasheet	15	1663	6082	DA7BCF97	DA7BCF97	True	18	47	11	1,2,3	True	OK	
assets/SharedDataStrm-part4.pak	sharedassets/springboardentitites/datatables/charactertables/damned_datatables/javelindata_damagetable_damned_cultist.datasheet	15	1622	5238	BA47010E	BA47010E	True	18	51	8	1,2,3	True	OK	
assets/SharedDataStrm-part4.pak	sharedassets/springboardentitites/datatables/charactertables/damned_datatables/javelindata_damagetable_damned_firstmate.datasheet	15	1853	7416	215CF6FE	215CF6FE	True	18	51	13	1,2,3	True	OK	
assets/SharedDataStrm-part4.pak	sharedassets/springboardentitites/datatables/charactertables/dracula_datatables/javelindata_damagetable_dracula.datasheet	15	2431	18351	231BF638	231BF638	True	18	46	41	1,2,3	True	OK	
assets/SharedDataStrm-part4.pak	sharedassets/springboardentitites/datatables/charactertables/dryad_datatables/javelindata_damagetable_dryad_siren.datasheet	15	2066	12709	8F96A1D9	8F96A1D9	True	18	49	26	1,2,3	True	OK	
assets/SharedDataStrm-part4.pak	sharedassets/springboardentitites/datatables/charactertables/dryad_datatables/javelindata_damagetable_dryadprowler.datasheet	15	1461	4775	5B1D2E12	5B1D2E12	True	18	43	9	1,2,3	True	OK	
assets/SharedDataStrm-part4.pak	sharedassets/springboardentitites/datatables/charactertables/dryad_datatables/javelindata_damagetable_dryadshaman.datasheet	15	1645	7028	7C49755B	7C49755B	True	18	45	14	1,2,3	True	OK	
assets/SharedDataStrm-part4.pak	sharedassets/springboardentitites/datatables/charactertables/dryad_datatables/javelindata_damagetable_dryadsoldier.datasheet	15	1855	9887	6FCD58FE	6FCD58FE	True	18	44	22	1,2,3	True	OK	
assets/SharedDataStrm-part4.pak	sharedassets/springboardentitites/datatables/charactertables/dunephantom_datatables/javelindata_damagetable_dunephantom_tank.datasheet	15	2142	12148	FBF66A31	FBF66A31	True	18	50	24	1,2,3	True	OK	
assets/SharedDataStrm-part4.pak	sharedassets/springboardentitites/datatables/charactertables/dynasty_datatables/javelindata_damagetable_dynasty_musketeer.datasheet	15	1603	5131	23F56A73	23F56A73	True	18	50	8	1,2,3	True	OK	
assets/SharedDataStrm-part4.pak	sharedassets/springboardentitites/datatables/charactertables/eliteaffix_datatables/javelindata_damagetable_elite_affix.datasheet	15	1676	7223	486AE671	486AE671	True	18	47	14	1,2,3	True	OK	
assets/SharedDataStrm-part4.pak	sharedassets/springboardentitites/datatables/charactertables/elk_datatables/javelindata_damagetable_elk_corrupted.datasheet	15	1437	4874	66E654CE	66E654CE	True	18	44	9	1,2,3	True	OK	
assets/SharedDataStrm-part4.pak	sharedassets/springboardentitites/datatables/charactertables/empress_datatables/javelindata_damagetable_pedestal.datasheet	15	1575	5714	94971DF9	94971DF9	True	18	48	10	1,2	True	OK	
assets/SharedDataStrm-part4.pak	sharedassets/springboardentitites/datatables/charactertables/feralghoul_datatables/javelindata_damagetable_feralghoul.datasheet	15	1394	4857	54B853E1	54B853E1	True	18	48	8	1,2,3	True	OK	
assets/SharedDataStrm-part4.pak	sharedassets/springboardentitites/datatables/charactertables/ghost_datatables/javelindata_damagetable_ghost.datasheet	15	1441	5130	CF8D4FE2	CF8D4FE2	True	18	47	9	1,2,3	True	OK	
assets/SharedDataStrm-part4.pak	sharedassets/springboardentitites/datatables/charactertables/ghost_datatables/javelindata_damagetable_ghost_charred.datasheet	15	1835	7823	2261235F	2261235F	True	18	48	15	1,2,3	True	OK	
assets/SharedDataStrm-part4.pak	sharedassets/springboardentitites/datatables/charactertables/ghost_datatables/javelindata_damagetable_ghost_shackled.datasheet	15	1671	6132	007F84A1	007F84A1	True	18	48	11	1,2,3	True	OK	
assets/SharedDataStrm-part4.pak	sharedassets/springboardentitites/datatables/charactertables/gorilla_datatables/javelindata_damagetable_gorilla.datasheet	15	1672	6605	324DAD5E	324DAD5E	True	18	46	13	1,2,3	True	OK	
assets/SharedDataStrm-part4.pak	sharedassets/springboardentitites/datatables/charactertables/gorilla_datatables/javelindata_damagetable_gorilla_h.datasheet	15	1783	5499	ED31DBF6	ED31DBF6	True	18	54	8	1,2,3	True	OK	
assets/SharedDataStrm-part4.pak	sharedassets/springboardentitites/datatables/charactertables/grunt_datatables/javelindata_damagetable_flamegrunt.datasheet	15	1355	5316	6BDC171E	6BDC171E	True	18	45	10	1,2,3	True	OK	
assets/SharedDataStrm-part4.pak	sharedassets/springboardentitites/datatables/charactertables/hercyne_datatables/javelindata_damagetable_elephant_h.datasheet	15	1450	4417	8C5D1603	8C5D1603	True	18	53	6	1,2,3	True	OK	
assets/SharedDataStrm-part4.pak	sharedassets/springboardentitites/datatables/charactertables/hercyne_datatables/javelindata_damagetable_hercynebroodmother.datasheet	15	1615	8649	AFACFEEC	AFACFEEC	True	18	46	18	1,2,3	True	OK	
assets/SharedDataStrm-part4.pak	sharedassets/springboardentitites/datatables/charactertables/hercyne_datatables/javelindata_damagetable_hercynecorvid.datasheet	15	1539	4741	40D66B36	40D66B36	True	18	46	8	1,2,3	True	OK	
assets/SharedDataStrm-part4.pak	sharedassets/springboardentitites/datatables/charactertables/hercyne_datatables/javelindata_damagetable_hercynetyphon.datasheet	15	2338	12363	851D955D	851D955D	True	18	50	25	1,2,3	True	OK	
assets/SharedDataStrm-part4.pak	sharedassets/springboardentitites/datatables/charactertables/human_datatables/javelindata_damagetable_evil_knight_gruntmaster.datasheet	15	1593	7712	368D3AB4	368D3AB4	True	18	47	15	1,2,3	True	OK	
assets/SharedDataStrm-part4.pak	sharedassets/springboardentitites/datatables/charactertables/human_datatables/javelindata_damagetable_evil_knight_spear_icevariant.datasheet	15	1596	5526	7B28E46A	7B28E46A	True	18	46	10	1,2,3	True	OK	
assets/SharedDataStrm-part4.pak	sharedassets/springboardentitites/datatables/charactertables/human_datatables/javelindata_damagetable_human_blunderbuss.datasheet	15	1426	4466	C568153C	C568153C	True	18	44	8	1,2,3	True	OK	
assets/SharedDataStrm-part4.pak	sharedassets/springboardentitites/datatables/charactertables/human_datatables/javelindata_damagetable_human_firechampion.datasheet	15	1773	8466	8ED7EA9B	8ED7EA9B	True	18	47	17	1,2,3	True	OK	
assets/SharedDataStrm-part4.pak	sharedassets/springboardentitites/datatables/charactertables/human_datatables/javelindata_damagetable_human_greataxe.datasheet	15	1642	5247	105832FD	105832FD	True	18	47	9	1,2,3	True	OK	
assets/SharedDataStrm-part4.pak	sharedassets/springboardentitites/datatables/charactertables/human_datatables/javelindata_damagetable_human_mace.datasheet	15	1436	4021	0C9F7092	0C9F7092	True	18	47	6	1,2,3	True	OK	
assets/SharedDataStrm-part4.pak	sharedassets/springboardentitites/datatables/charactertables/human_datatables/javelindata_damagetable_human_maceice.datasheet	15	1572	4945	713367AA	713367AA	True	18	47	8	1,2,3	True	OK	
assets/SharedDataStrm-part4.pak	sharedassets/springboardentitites/datatables/charactertables/human_datatables/javelindata_damagetable_human_warhammer_icevariant.datasheet	15	1484	4530	9BDBC613	9BDBC613	True	18	44	8	1,2,3	True	OK	
assets/SharedDataStrm-part4.pak	sharedassets/springboardentitites/datatables/charactertables/ice_dragon/javelindata_damagetable_icedragon_essencefragment.datasheet	15	1665	6062	FAB68C35	FAB68C35	True	18	51	10	1,2,3	True	OK	
assets/SharedDataStrm-part4.pak	sharedassets/springboardentitites/datatables/charactertables/ice_dragon/javelindata_damagetable_icedragon_solo.datasheet	15	1608	6047	A3D61103	A3D61103	True	18	51	10	1,2,3	True	OK	
assets/SharedDataStrm-part4.pak	sharedassets/springboardentitites/datatables/charactertables/inquisitor_datatables/javelindata_damagetable_inquisitor_cleric.datasheet	15	1383	3937	B6D67C17	B6D67C17	True	18	52	5	1,2,3	True	OK	
assets/SharedDataStrm-part4.pak	sharedassets/springboardentitites/datatables/charactertables/inquisitor_datatables/javelindata_damagetable_inquisitor_seraphim.datasheet	15	2733	24082	10B957A4	10B957A4	True	18	47	55	1,2,3	True	OK	
assets/SharedDataStrm-part4.pak	sharedassets/springboardentitites/datatables/charactertables/isabella_datatables/javelindata_damagetable_isabella_dynastyshipyard.datasheet	15	1907	10686	56A66A29	56A66A29	True	18	47	23	1,2,3	True	OK	
assets/SharedDataStrm-part4.pak	sharedassets/springboardentitites/datatables/charactertables/isleofnight_datatables/javelindata_damagetable_feralghoulpuzzle.datasheet	15	1425	5265	265F993C	265F993C	True	18	48	9	1,2,3	True	OK	
assets/SharedDataStrm-part4.pak	sharedassets/springboardentitites/datatables/charactertables/isleofnight_datatables/javelindata_damagetable_ion_lost_monarch.datasheet	15	1851	6914	A6751E06	A6751E06	True	18	47	13	1,2,3	True	OK	
assets/SharedDataStrm-part4.pak	sharedassets/springboardentitites/datatables/charactertables/isleofnight_datatables/javelindata_damagetable_jesteradd_brute.datasheet	15	1994	12551	D61892A7	D61892A7	True	18	45	29	1,2,3	True	OK	
assets/SharedDataStrm-part4.pak	sharedassets/springboardentitites/datatables/charactertables/isleofnight_datatables/javelindata_damagetable_jesteradd_cryptkeeper.datasheet	15	1788	6672	97EC7CA9	97EC7CA9	True	18	47	12	1,2,3	True	OK	
assets/SharedDataStrm-part4.pak	sharedassets/springboardentitites/datatables/charactertables/isleofnight_datatables/javelindata_damagetable_jesteradd_ghastlyshovel.datasheet	15	1502	5547	7578674E	7578674E	True	18	50	9	1,2,3	True	OK	
assets/SharedDataStrm-part4.pak	sharedassets/springboardentitites/datatables/charactertables/isleofnight_datatables/javelindata_damagetable_jesteradd_soulharvester.datasheet	15	1501	4346	FC7D7295	FC7D7295	True	18	50	6	1,2,3	True	OK	
assets/SharedDataStrm-part4.pak	sharedassets/springboardentitites/datatables/charactertables/legion_datatables/javelindata_damagetable_corruptedlegion_cyclops.datasheet	15	1663	7265	DC7A8A13	DC7A8A13	True	18	50	13	1,2,3	True	OK	
assets/SharedDataStrm-part4.pak	sharedassets/springboardentitites/datatables/charactertables/legion_datatables/javelindata_damagetable_legion_signifer.datasheet	15	1498	4869	F5A2E9AD	F5A2E9AD	True	18	47	8	1,2,3	True	OK	
assets/SharedDataStrm-part4.pak	sharedassets/springboardentitites/datatables/charactertables/lion_datatables/javelindata_damagetable_corrupted_tiger.datasheet	15	1633	5817	9E7D72A6	9E7D72A6	True	18	49	10	1,2,3	True	OK	
assets/SharedDataStrm-part4.pak	sharedassets/springboardentitites/datatables/charactertables/lostknights_datatables/javelindata_damagetable_lost_knight_bow.datasheet	15	1363	4092	2DD1C55F	2DD1C55F	True	18	44	7	1,2,3	True	OK	
assets/SharedDataStrm-part4.pak	sharedassets/springboardentitites/datatables/charactertables/lostknights_datatables/javelindata_damagetable_lost_knight_tank.datasheet	15	1436	4011	09C34B45	09C34B45	True	18	47	6	1,2,3	True	OK	
assets/SharedDataStrm-part4.pak	sharedassets/springboardentitites/datatables/charactertables/lostknights_datatables/javelindata_damagetable_lost_pikeman.datasheet	15	1477	4687	CD207B31	CD207B31	True	18	46	8	1,2,3	True	OK	
assets/SharedDataStrm-part4.pak	sharedassets/springboardentitites/datatables/charactertables/lostknights_datatables/javelindata_damagetable_swarmancer_medea_minion.datasheet	15	1628	4590	168F27C6	168F27C6	True	18	48	7	1,2,3	True	OK	
assets/SharedDataStrm-part4.pak	sharedassets/springboardentitites/datatables/charactertables/lostsiren_datatables/javelindata_damagetable_lost_siren_v2.datasheet	15	2019	11529	C690FD76	C690FD76	True	18	48	24	1,2,3	True	OK	
assets/SharedDataStrm-part4.pak	sharedassets/springboardentitites/datatables/charactertables/mammoth_datatables/javelindata_damagetable_mammoth_boss.datasheet	15	2039	12637	8D62C201	8D62C201	True	18	44	29	1,2,3	True	OK	
assets/SharedDataStrm-part4.pak	sharedassets/springboardentitites/datatables/charactertables/mammoth_datatables/javelindata_damagetable_mammoth_world_boss.datasheet	15	1737	8809	4EBA4A6F	4EBA4A6F	True	18	47	18	1,2,3	True	OK	
assets/SharedDataStrm-part4.pak	sharedassets/springboardentitites/datatables/charactertables/megaflora_datatables/javelindata_damagetable_megaflora_razorlotus.datasheet	15	1470	4922	4C8130FD	4C8130FD	True	18	53	7	1,2,3	True	OK	
assets/SharedDataStrm-part4.pak	sharedassets/springboardentitites/datatables/charactertables/naga_datatables/javelindata_damagetable_naga.datasheet	15	901	1726	5796D38E	5796D38E	True	18	43	1	1,2	True	OK	
assets/SharedDataStrm-part4.pak	sharedassets/springboardentitites/datatables/charactertables/naga_datatables/javelindata_damagetable_naga_corrupted.datasheet	15	1868	7733	BD2C5F82	BD2C5F82	True	18	48	15	1,2,3	True	OK	
assets/SharedDataStrm-part4.pak	sharedassets/springboardentitites/datatables/charactertables/naga_datatables/javelindata_damagetable_naga_fire.datasheet	15	1426	6332	6766765D	6766765D	True	18	47	12	1,2,3	True	OK	
assets/SharedDataStrm-part4.pak	sharedassets/springboardentitites/datatables/charactertables/ogre_datatables/javelindata_damagetable_corrupted_ogre.datasheet	15	1895	7600	3981CE40	3981CE40	True	18	47	15	1,2,3	True	OK	
assets/SharedDataStrm-part4.pak	sharedassets/springboardentitites/datatables/charactertables/ogre_datatables/javelindata_damagetable_corrupted_ogre_minion.datasheet	15	1784	8370	C59CA376	C59CA376	True	18	47	17	1,2,3	True	OK	
assets/SharedDataStrm-part4.pak	sharedassets/springboardentitites/datatables/charactertables/questnpc_datatables/javelindata_damagetable_yonas_msq2_trial.datasheet	15	1800	8116	B548D23F	B548D23F	True	18	53	14	1,2,3	True	OK	
assets/SharedDataStrm-part4.pak	sharedassets/springboardentitites/datatables/charactertables/sandelemental_datatables/javelindata_damagetable_sandelemental_heavy.datasheet	15	1941	8522	EB3D983D	EB3D983D	True	18	49	16	1,2,3	True	OK	
assets/SharedDataStrm-part4.pak	sharedassets/springboardentitites/datatables/charactertables/scorpion_datatables/javelindata_damagetable_scorpion_slinger_sandworm.datasheet	15	1180	3145	A7FAD5B9	A7FAD5B9	True	18	46	4	1,2,3	True	OK	
assets/SharedDataStrm-part4.pak	sharedassets/springboardentitites/datatables/charactertables/seasons_datatables/season_04/javelindata_damagetable_ag_iceguardianbosssolo.datasheet	15	1685	8059	ED205747	ED205747	True	18	50	15	1,2,3	True	OK	
assets/SharedDataStrm-part4.pak	sharedassets/springboardentitites/datatables/charactertables/seasons_datatables/season_04/javelindata_damagetable_s04_daichi.datasheet	15	1748	7490	8F664DE3	8F664DE3	True	18	46	15	1,2,3	True	OK	
assets/SharedDataStrm-part4.pak	sharedassets/springboardentitites/datatables/charactertables/skeleton_datatables/javelindata_damagetable_skeleton2hsword.datasheet	15	1519	5789	15DFB034	15DFB034	True	18	45	11	1,2,3	True	OK	
assets/SharedDataStrm-part4.pak	sharedassets/springboardentitites/datatables/charactertables/skeleton_datatables/javelindata_damagetable_skeletonarcher.datasheet	15	1686	6451	130DCB60	130DCB60	True	18	44	13	1,2,3	True	OK	
assets/SharedDataStrm-part4.pak	sharedassets/springboardentitites/datatables/charactertables/soulharvester_datatables/javelindata_damagetable_soulharvester.datasheet	15	1499	4337	A1DA3AD5	A1DA3AD5	True	18	50	6	1,2,3	True	OK	
assets/SharedDataStrm-part4.pak	sharedassets/springboardentitites/datatables/charactertables/spriggan_datatables/javelindata_damagetable_spriggan.datasheet	15	1383	5265	25E32257	25E32257	True	18	48	9	1,2,3	True	OK	
assets/SharedDataStrm-part4.pak	sharedassets/springboardentitites/datatables/charactertables/spriggan_datatables/javelindata_damagetable_spriggan_corrupted.datasheet	15	1547	5709	08B66989	08B66989	True	18	48	10	1,2,3	True	OK	
assets/SharedDataStrm-part4.pak	sharedassets/springboardentitites/datatables/charactertables/sulfur_dragon/javelindata_damagetable_sulfurdragon.datasheet	15	1496	4748	162B62B8	162B62B8	True	18	51	7	1,2,3	True	OK	
assets/SharedDataStrm-part4.pak	sharedassets/springboardentitites/datatables/charactertables/sulfur_dragon/javelindata_damagetable_sulfurlizard.datasheet	15	1037	2012	F11523B6	F11523B6	True	18	49	1	1,2,3	True	OK	
assets/SharedDataStrm-part4.pak	sharedassets/springboardentitites/datatables/charactertables/sulfurelemental_damagetables/javelindata_damagetable_sulfurelementalentity.datasheet	15	1434	4390	9AD3E884	9AD3E884	True	18	47	7	1,2,3	True	OK	
assets/SharedDataStrm-part4.pak	sharedassets/springboardentitites/datatables/charactertables/swarmer_datatables/javelindata_damagetable_skeletoncrawler.datasheet	15	1147	2938	EB738609	EB738609	True	18	44	4	1,2,3	True	OK	
assets/SharedDataStrm-part4.pak	sharedassets/springboardentitites/datatables/charactertables/undead_datatables/javelindata_damagetable_undead_admiral_brute.datasheet	15	2363	14651	9420954A	9420954A	True	18	48	32	1,2,3	True	OK	
assets/SharedDataStrm-part4.pak	sharedassets/springboardentitites/datatables/charactertables/undead_datatables/javelindata_damagetable_undead_gravedigger.datasheet	15	1795	5732	A740BAB4	A740BAB4	True	18	46	10	1,2,3	True	OK	
assets/SharedDataStrm-part4.pak	sharedassets/springboardentitites/datatables/charactertables/undead_datatables/javelindata_damagetable_undead_mummifiedcorpse.datasheet	15	1735	7817	75BE404A	75BE404A	True	18	47	15	1,2,3	True	OK	
assets/SharedDataStrm-part4.pak	sharedassets/springboardentitites/datatables/charactertables/undead_datatables/javelindata_damagetable_undead_mutatednurse.datasheet	15	1551	5241	4806AFFA	4806AFFA	True	18	46	9	1,2,3	True	OK	
assets/SharedDataStrm-part4.pak	sharedassets/springboardentitites/datatables/charactertables/undead_datatables/javelindata_damagetable_undead_officer.datasheet	15	1838	9186	B26E31D3	B26E31D3	True	18	47	19	1,2,3	True	OK	
assets/SharedDataStrm-part4.pak	sharedassets/springboardentitites/datatables/charactertables/upyr_datatables/javelindata_damagetable_thearchivist.datasheet	15	1521	6181	2191A171	2191A171	True	18	45	12	1,2,3	True	OK	
assets/SharedDataStrm-part4.pak	sharedassets/springboardentitites/datatables/charactertables/upyr_datatables/javelindata_damagetable_upyrmorgaine.datasheet	15	1849	8264	137A1C2D	137A1C2D	True	18	46	17	1,2,3	True	OK	
assets/SharedDataStrm-part4.pak	sharedassets/springboardentitites/datatables/charactertables/werebeast_datatables/javelindata_damagetable_wereraven.datasheet	15	1691	5552	66A9DABF	66A9DABF	True	18	46	10	1,2,3	True	OK	
assets/SharedDataStrm-part4.pak	sharedassets/springboardentitites/datatables/charactertables/werebeast_datatables/javelindata_damagetable_werewolf.datasheet	15	1594	5200	70BA5AC8	70BA5AC8	True	18	47	9	1,2,3	True	OK	
assets/SharedDataStrm-part4.pak	sharedassets/springboardentitites/datatables/charactertables/witheredbeetle_datatables/javelindata_damagetable_witheredbeetle.datasheet	15	1257	3344	354F0716	354F0716	True	18	50	4	1,2,3	True	OK	
assets/SharedDataStrm-part4.pak	sharedassets/springboardentitites/datatables/charactertables/wolf_datatables/javelindata_damagetable_damned_hound.datasheet	15	1700	7738	18750115	18750115	True	18	43	17	1,2,3	True	OK	
assets/SharedDataStrm-part4.pak	sharedassets/springboardentitites/datatables/charactertables/wolf_datatables/javelindata_damagetable_wolf_winter.datasheet	15	1489	5605	498B1336	498B1336	True	18	41	12	1,2,3	True	OK	
assets/SharedDataStrm-part4.pak	sharedassets/springboardentitites/datatables/charactertables/worldboss_datatables/javelindata_damagetable_isabella_winged_worldboss.datasheet	15	1802	8906	FA852297	FA852297	True	18	46	19	1,2,3	True	OK	
assets/SharedDataStrm-part4.pak	sharedassets/springboardentitites/datatables/charactertables/worldboss_datatables/javelindata_damagetable_undead_admiral_brute_worldboss.datasheet	15	2121	12167	1ADFEC04	1ADFEC04	True	18	48	26	1,2,3	True	OK	
assets/SharedDataStrm-part4.pak	sharedassets/springboardentitites/datatables/cinematics/javelindata_cinematicvideoregistry.datasheet	15	2522	8732	63FFC2E6	63FFC2E6	True	18	11	35	1,2	True	OK	
assets/SharedDataStrm-part4.pak	sharedassets/springboardentitites/datatables/contribution/javelindata_contribution_arena.datasheet	15	247	366	B8DBE056	B8DBE056	True	18	5	2	1,2,3	True	OK	
assets/SharedDataStrm-part4.pak	sharedassets/springboardentitites/datatables/contribution/javelindata_contribution_default.datasheet	15	258	450	596F4B2B	596F4B2B	True	18	5	4	1,2,3	True	OK	
assets/SharedDataStrm-part4.pak	sharedassets/springboardentitites/datatables/contribution/javelindata_contribution_season_02_event.datasheet	15	277	400	097C4F47	097C4F47	True	18	5	2	1,2,3	True	OK	
assets/SharedDataStrm-part4.pak	sharedassets/springboardentitites/datatables/contribution/javelindata_contribution_worldboss.datasheet	15	354	687	7D40E9C3	7D40E9C3	True	18	5	8	1,2,3	True	OK	
assets/SharedDataStrm-part4.pak	sharedassets/springboardentitites/datatables/dungeonproceduralgeneration/javelindata_dungeongrammars.datasheet	15	1163	5005	88CBD6BB	88CBD6BB	True	18	9	45	1,2	True	OK	
assets/SharedDataStrm-part4.pak	sharedassets/springboardentitites/datatables/dungeonproceduralgeneration/javelindata_dungeontiles.datasheet	15	1013	4230	F41411A4	F41411A4	True	18	8	30	1,2	True	OK	
assets/SharedDataStrm-part4.pak	sharedassets/springboardentitites/datatables/equipmentsetbonuses/javelindata_ability_equipmentsetbonusesinfix.datasheet	15	6923	168585	954BD947	954BD947	True	18	284	67	1,2,3	True	OK	
assets/SharedDataStrm-part4.pak	sharedassets/springboardentitites/datatables/fishing/javelindata_fishing_behaviors.datasheet	15	411	666	1AA09BF5	1AA09BF5	True	18	3	6	1,2	True	OK	
assets/SharedDataStrm-part4.pak	sharedassets/springboardentitites/datatables/fishing/javelindata_fishing_poles.datasheet	15	857	2766	0343BD52	0343BD52	True	18	8	26	1,2	True	OK	
assets/SharedDataStrm-part4.pak	sharedassets/springboardentitites/datatables/ftw/javelindata_vitals_ftw.datasheet	15	2733	25738	98D67AD0	98D67AD0	True	18	122	22	1,2	True	OK	
assets/SharedDataStrm-part4.pak	sharedassets/springboardentitites/datatables/gamemodemutators/javelindata_elementalmutations.datasheet	15	1146	3700	1A8F6855	1A8F6855	True	18	13	12	1,2	True	OK	
assets/SharedDataStrm-part4.pak	sharedassets/springboardentitites/datatables/gamemodemutators/javelindata_mutationrankdata.datasheet	15	436	1577	599748CB	599748CB	True	18	12	11	1,2,3	True	OK	
assets/SharedDataStrm-part4.pak	sharedassets/springboardentitites/datatables/impactsystem/impacttable_environment.datasheet	15	2763	21524	89CAF08D	89CAF08D	True	18	22	93	1	True	OK	
assets/SharedDataStrm-part4.pak	sharedassets/springboardentitites/datatables/isleofnight_tables/javelindata_camerashake_isleofnight.datasheet	15	359	557	7CFB8CCA	7CFB8CCA	True	18	17	0	1	True	OK	
assets/SharedDataStrm-part4.pak	sharedassets/springboardentitites/datatables/isleofnight_tables/javelindata_itemdefinitions_master_ai_isleofnight.datasheet	15	2585	18814	B1372A6C	B1372A6C	True	18	127	14	1,2	True	OK	
assets/SharedDataStrm-part4.pak	sharedassets/springboardentitites/datatables/isleofnight_tables/javelindata_itemdefinitions_weapons_isleofnight.datasheet	15	3727	17740	C1913185	C1913185	True	18	98	14	1,2,3	True	OK	
assets/SharedDataStrm-part4.pak	sharedassets/springboardentitites/datatables/mounts/javelindata_mounttypes.datasheet	15	3176	13418	4A174D81	4A174D81	True	18	109	6	1,2	True	OK	
assets/SharedDataStrm-part4.pak	sharedassets/springboardentitites/datatables/mtx/javelindata_housingitems_mtx.datasheet	15	3048	17340	010BD441	010BD441	True	18	55	17	1,2,3	True	OK	
assets/SharedDataStrm-part4.pak	sharedassets/springboardentitites/datatables/mtx/javelindata_itemdefinitions_mtx_2023-03.datasheet	15	4445	46071	3A893144	3A893144	True	18	88	49	1,2	True	OK	
assets/SharedDataStrm-part4.pak	sharedassets/springboardentitites/datatables/mtx/javelindata_itemdefinitions_mtx_2023-05.datasheet	15	3157	27070	5F38A97C	5F38A97C	True	18	88	27	1,2	True	OK	
assets/SharedDataStrm-part4.pak	sharedassets/springboardentitites/datatables/mtx/javelindata_itemdefinitions_mtx_2023-08.datasheet	15	2698	20232	45BCD94D	45BCD94D	True	18	88	20	1,2	True	OK	
assets/SharedDataStrm-part4.pak	sharedassets/springboardentitites/datatables/mtx/javelindata_itemdefinitions_mtx_2025-01.datasheet	15	2624	19495	5BBAF4F0	5BBAF4F0	True	18	88	20	1,2	True	OK	
assets/SharedDataStrm-part4.pak	sharedassets/springboardentitites/datatables/mtx/javelindata_loottables_mtx.datasheet	15	4266	116158	E1D5E1A6	E1D5E1A6	True	18	110	123	1,2	True	OK	
assets/SharedDataStrm-part4.pak	sharedassets/springboardentitites/datatables/musicalactions/javelindata_inputscoring.datasheet	0	251	251	97F46D76	97F46D76	True	18	2	3	1,2	True	OK	
assets/SharedDataStrm-part4.pak	sharedassets/springboardentitites/datatables/musicalactions/javelindata_ranking.datasheet	15	310	446	C29B673F	C29B673F	True	18	4	4	1,2	True	OK	
assets/SharedDataStrm-part4.pak	sharedassets/springboardentitites/datatables/musicalactions/javelindata_songbook.datasheet	15	8693	49672	85CC676F	85CC676F	True	18	21	156	1,2	True	OK	
assets/SharedDataStrm-part4.pak	sharedassets/springboardentitites/datatables/playertutorials/javelindata_tutorialcontentdata.datasheet	15	6584	39220	43D21026	43D21026	True	18	6	282	1	True	OK	
assets/SharedDataStrm-part4.pak	sharedassets/springboardentitites/datatables/pointofinterestdefinitions/javelindata_poidefinitions_01_03.datasheet	15	2900	17086	AC066299	AC066299	True	18	44	31	1,2,3	True	OK	
assets/SharedDataStrm-part4.pak	sharedassets/springboardentitites/datatables/pointofinterestdefinitions/javelindata_poidefinitions_02_00.datasheet	15	1368	4043	1C76C2A1	1C76C2A1	True	18	33	7	1,2,3	True	OK	
assets/SharedDataStrm-part4.pak	sharedassets/springboardentitites/datatables/pointofinterestdefinitions/javelindata_poidefinitions_02_02.datasheet	15	3172	14498	1A9604AE	1A9604AE	True	18	32	31	1,2,3	True	OK	
assets/SharedDataStrm-part4.pak	sharedassets/springboardentitites/datatables/pointofinterestdefinitions/javelindata_poidefinitions_02_04.datasheet	15	3113	14469	F39AA6BF	F39AA6BF	True	18	34	28	1,2,3	True	OK	
assets/SharedDataStrm-part4.pak	sharedassets/springboardentitites/datatables/pointofinterestdefinitions/javelindata_poidefinitions_03_00.datasheet	15	5899	40198	559BE391	559BE391	True	18	45	76	1,2,3	True	OK	
assets/SharedDataStrm-part4.pak	sharedassets/springboardentitites/datatables/pointofinterestdefinitions/javelindata_poidefinitions_03_01.datasheet	15	5860	34606	42A6D92A	42A6D92A	True	18	45	63	1,2,3	True	OK	
assets/SharedDataStrm-part4.pak	sharedassets/springboardentitites/datatables/pointofinterestdefinitions/javelindata_poidefinitions_03_02.datasheet	15	4619	25882	7C787C8E	7C787C8E	True	18	32	61	1,2,3	True	OK	
assets/SharedDataStrm-part4.pak	sharedassets/springboardentitites/datatables/pointofinterestdefinitions/javelindata_poidefinitions_03_03.datasheet	15	4398	22234	05ECC85C	05ECC85C	True	18	34	46	1,2,3	True	OK	
assets/SharedDataStrm-part4.pak	sharedassets/springboardentitites/datatables/pointofinterestdefinitions/javelindata_poidefinitions_04_00.datasheet	15	6321	35873	624059D1	624059D1	True	18	34	78	1,2,3	True	OK	
assets/SharedDataStrm-part4.pak	sharedassets/springboardentitites/datatables/pointofinterestdefinitions/javelindata_poidefinitions_05_01.datasheet	15	4271	25176	C91ED393	C91ED393	True	18	33	60	1,2,3	True	OK	
assets/SharedDataStrm-part4.pak	sharedassets/springboardentitites/datatables/pointofinterestdefinitions/javelindata_poidefinitions_05_04.datasheet	15	3169	14753	F231BB54	F231BB54	True	18	32	32	1,2,3	True	OK	
assets/SharedDataStrm-part4.pak	sharedassets/springboardentitites/datatables/pointofinterestdefinitions/javelindata_poidefinitions_06_04.datasheet	15	1780	5924	980ACA2F	980ACA2F	True	18	32	11	1,2,3	True	OK	
assets/SharedDataStrm-part4.pak	sharedassets/springboardentitites/datatables/pointofinterestdefinitions/javelindata_poidefinitions_devworld.datasheet	15	906	1840	045D5711	045D5711	True	18	30	3	1,2,3	True	OK	
assets/SharedDataStrm-part4.pak	sharedassets/springboardentitites/datatables/pvp_rewardstrack/javelindata_pvp_store_v2.datasheet	15	2625	35498	EFFE5CBE	EFFE5CBE	True	18	39	102	1,2,3	True	OK	
assets/SharedDataStrm-part4.pak	sharedassets/springboardentitites/datatables/pvpbalancetables/javelindata_pvpbalance_arena.datasheet	15	884	2114	ED0C9541	ED0C9541	True	18	12	12	1,2	True	OK	
assets/SharedDataStrm-part4.pak	sharedassets/springboardentitites/datatables/questdata/conversationstatedata_npc_03976.datasheet	15	520	1048	C882FB88	C882FB88	True	18	11	3	1	True	OK	
assets/SharedDataStrm-part4.pak	sharedassets/springboardentitites/datatables/questdata/conversationstatedata_npc_04289.datasheet	15	638	1493	579FE602	579FE602	True	18	13	5	1	True	OK	
assets/SharedDataStrm-part4.pak	sharedassets/springboardentitites/datatables/questdata/conversationstatedata_npc_04290.datasheet	15	612	1371	2D0D3119	2D0D3119	True	18	13	4	1	True	OK	
assets/SharedDataStrm-part4.pak	sharedassets/springboardentitites/datatables/questdata/conversationstatedata_npc_04291.datasheet	15	652	1536	01D8E994	01D8E994	True	18	13	5	1	True	OK	
assets/SharedDataStrm-part4.pak	sharedassets/springboardentitites/datatables/questdata/conversationstatedata_npc_04292.datasheet	15	596	1326	BAF045AF	BAF045AF	True	18	13	4	1	True	OK	
assets/SharedDataStrm-part4.pak	sharedassets/springboardentitites/datatables/questdata/conversationstatedata_npc_04629.datasheet	15	512	1045	DBF5E17C	DBF5E17C	True	18	11	3	1	True	OK	
assets/SharedDataStrm-part4.pak	sharedassets/springboardentitites/datatables/questdata/conversationstatedata_npc_04634.datasheet	15	348	543	FFBB8DC6	FFBB8DC6	True	18	8	1	1	True	OK	
assets/SharedDataStrm-part4.pak	sharedassets/springboardentitites/datatables/questdata/conversationstatedata_npc_08013.datasheet	0	141	141	31B1346C	31B1346C	True	18	0	0		True	OK	
assets/SharedDataStrm-part4.pak	sharedassets/springboardentitites/datatables/questdata/conversationstatedata_npc_16013.datasheet	15	348	543	107A5B3C	107A5B3C	True	18	8	1	1	True	OK	
assets/SharedDataStrm-part4.pak	sharedassets/springboardentitites/datatables/questdata/conversationstatedata_npc_16014.datasheet	15	348	543	B44053CF	B44053CF	True	18	8	1	1	True	OK	
assets/SharedDataStrm-part4.pak	sharedassets/springboardentitites/datatables/questdata/conversationstatedata_npc_16017.datasheet	15	348	543	711454FE	711454FE	True	18	8	1	1	True	OK	
assets/SharedDataStrm-part4.pak	sharedassets/springboardentitites/datatables/questdata/conversationstatedata_npc_16020.datasheet	15	348	543	84350830	84350830	True	18	8	1	1	True	OK	
assets/SharedDataStrm-part4.pak	sharedassets/springboardentitites/datatables/questdata/conversationstatedata_npc_16021.datasheet	15	348	543	71D608E0	71D608E0	True	18	8	1	1	True	OK	
assets/SharedDataStrm-part4.pak	sharedassets/springboardentitites/datatables/questdata/conversationstatedata_npc_16023.datasheet	15	348	543	41610F01	41610F01	True	18	8	1	1	True	OK	
assets/SharedDataStrm-part4.pak	sharedassets/springboardentitites/datatables/questdata/conversationstatedata_npc_16061.datasheet	15	348	543	04DDC573	04DDC573	True	18	8	1	1	True	OK	
assets/SharedDataStrm-part4.pak	sharedassets/springboardentitites/datatables/questdata/conversationstatedata_npc_16068.datasheet	15	348	543	33E2DA27	33E2DA27	True	18	8	1	1	True	OK	
assets/SharedDataStrm-part4.pak	sharedassets/springboardentitites/datatables/questdata/conversationstatedata_npc_16069.datasheet	15	348	543	C601DAF7	C601DAF7	True	18	8	1	1	True	OK	
assets/SharedDataStrm-part4.pak	sharedassets/springboardentitites/datatables/questdata/conversationstatedata_npc_16070.datasheet	15	348	543	7718F477	7718F477	True	18	8	1	1	True	OK	
assets/SharedDataStrm-part4.pak	sharedassets/springboardentitites/datatables/questdata/conversationstatedata_npc_16071.datasheet	15	348	543	82FBF4A7	82FBF4A7	True	18	8	1	1	True	OK	
assets/SharedDataStrm-part4.pak	sharedassets/springboardentitites/datatables/questdata/conversationstatedata_npc_16073.datasheet	15	348	543	B24CF346	B24CF346	True	18	8	1	1	True	OK	
assets/SharedDataStrm-part4.pak	sharedassets/springboardentitites/datatables/questdata/conversationstatedata_npc_16075.datasheet	15	348	543	E395FB65	E395FB65	True	18	8	1	1	True	OK	
assets/SharedDataStrm-part4.pak	sharedassets/springboardentitites/datatables/questdata/conversationstatedata_npc_16076.datasheet	15	348	543	26C1FC54	26C1FC54	True	18	8	1	1	True	OK	
assets/SharedDataStrm-part4.pak	sharedassets/springboardentitites/datatables/questdata/conversationstatedata_npc_16084.datasheet	15	348	543	D871F93D	D871F93D	True	18	8	1	1	True	OK	
assets/SharedDataStrm-part4.pak	sharedassets/springboardentitites/datatables/questdata/conversationstatedata_npc_16182.datasheet	15	348	543	0890C1E2	0890C1E2	True	18	8	1	1	True	OK	
assets/SharedDataStrm-part4.pak	sharedassets/springboardentitites/datatables/questdata/conversationstatedata_npc_16183.datasheet	15	348	543	FD73C132	FD73C132	True	18	8	1	1	True	OK	
assets/SharedDataStrm-part4.pak	sharedassets/springboardentitites/datatables/questdata/conversationstatedata_npc_16188.datasheet	15	348	543	FAFBD987	FAFBD987	True	18	8	1	1	True	OK	
assets/SharedDataStrm-part4.pak	sharedassets/springboardentitites/datatables/questdata/conversationstatedata_npc_16191.datasheet	15	348	543	4BE2F707	4BE2F707	True	18	8	1	1	True	OK	
assets/SharedDataStrm-part4.pak	sharedassets/springboardentitites/datatables/questdata/conversationstatedata_npc_16192.datasheet	15	348	543	8EB6F036	8EB6F036	True	18	8	1	1	True	OK	
assets/SharedDataStrm-part4.pak	sharedassets/springboardentitites/datatables/questdata/conversationstatedata_npc_16193.datasheet	15	348	543	7B55F0E6	7B55F0E6	True	18	8	1	1	True	OK	
assets/SharedDataStrm-part4.pak	sharedassets/springboardentitites/datatables/questdata/conversationstatedata_npc_16194.datasheet	15	348	543	DF6FF815	DF6FF815	True	18	8	1	1	True	OK	
assets/SharedDataStrm-part4.pak	sharedassets/springboardentitites/datatables/questdata/conversationstatedata_npc_16196.datasheet	15	348	543	EFD8FFF4	EFD8FFF4	True	18	8	1	1	True	OK	
assets/SharedDataStrm-part4.pak	sharedassets/springboardentitites/datatables/questdata/conversationstatedata_npc_16197.datasheet	15	348	543	1A3BFF24	1A3BFF24	True	18	8	1	1	True	OK	
assets/SharedDataStrm-part4.pak	sharedassets/springboardentitites/datatables/questdata/conversationstatedata_npc_16198.datasheet	15	348	543	7CDDE853	7CDDE853	True	18	8	1	1	True	OK	
assets/SharedDataStrm-part4.pak	sharedassets/springboardentitites/datatables/questdata/conversationstatedata_npc_16199.datasheet	15	348	543	893EE883	893EE883	True	18	8	1	1	True	OK	
assets/SharedDataStrm-part4.pak	sharedassets/springboardentitites/datatables/questdata/conversationstatedata_npc_16200.datasheet	15	348	543	8A090A60	8A090A60	True	18	8	1	1	True	OK	
assets/SharedDataStrm-part4.pak	sharedassets/springboardentitites/datatables/questdata/conversationstatedata_npc_16201.datasheet	15	348	543	7FEA0AB0	7FEA0AB0	True	18	8	1	1	True	OK	
assets/SharedDataStrm-part4.pak	sharedassets/springboardentitites/datatables/questdata/conversationstatedata_npc_16202.datasheet	15	348	543	BABE0D81	BABE0D81	True	18	8	1	1	True	OK	
assets/SharedDataStrm-part4.pak	sharedassets/springboardentitites/datatables/questdata/conversationstatedata_npc_16203.datasheet	15	348	543	4F5D0D51	4F5D0D51	True	18	8	1	1	True	OK	
assets/SharedDataStrm-part4.pak	sharedassets/springboardentitites/datatables/questdata/conversationstatedata_npc_18010.datasheet	15	491	919	02B0B093	02B0B093	True	18	12	2	1	True	OK	
assets/SharedDataStrm-part4.pak	sharedassets/springboardentitites/datatables/questdata/conversationstatedata_npc_18012.datasheet	15	455	781	72430816	72430816	True	18	10	2	1	True	OK	
assets/SharedDataStrm-part4.pak	sharedassets/springboardentitites/datatables/questdata/conversationstatedata_npc_18015.datasheet	15	491	919	E51FC1F7	E51FC1F7	True	18	12	2	1	True	OK	
assets/SharedDataStrm-part4.pak	sharedassets/springboardentitites/datatables/questdata/conversationstatedata_npc_18019.datasheet	15	491	919	2FA84096	2FA84096	True	18	12	2	1	True	OK	
assets/SharedDataStrm-part4.pak	sharedassets/springboardentitites/datatables/questdata/conversationstatedata_npc_18020.datasheet	15	454	781	9E2E1EE4	9E2E1EE4	True	18	10	2	1	True	OK	
assets/SharedDataStrm-part4.pak	sharedassets/springboardentitites/datatables/questdata/conversationstatedata_npc_18022.datasheet	15	454	781	FE76697E	FE76697E	True	18	10	2	1	True	OK	
assets/SharedDataStrm-part4.pak	sharedassets/springboardentitites/datatables/questdata/conversationstatedata_npc_18026.datasheet	15	491	919	7922F2F6	7922F2F6	True	18	12	2	1	True	OK	
assets/SharedDataStrm-part4.pak	sharedassets/springboardentitites/datatables/questdata/conversationstatedata_npc_18027.datasheet	15	493	936	36FFCAF4	36FFCAF4	True	18	10	3	1	True	OK	
assets/SharedDataStrm-part4.pak	sharedassets/springboardentitites/datatables/questdata/conversationstatedata_npc_18028.datasheet	15	491	919	CC4CD599	CC4CD599	True	18	12	2	1	True	OK	
assets/SharedDataStrm-part4.pak	sharedassets/springboardentitites/datatables/questdata/conversationstatedata_npc_18029.datasheet	15	455	781	C0F0E620	C0F0E620	True	18	10	2	1	True	OK	
assets/SharedDataStrm-part4.pak	sharedassets/springboardentitites/datatables/questdata/conversationstatedata_npc_18031.datasheet	15	491	919	834297F2	834297F2	True	18	12	2	1	True	OK	
assets/SharedDataStrm-part4.pak	sharedassets/springboardentitites/datatables/questdata/conversationstatedata_npc_18032.datasheet	15	444	785	537F73B6	537F73B6	True	18	10	2	1	True	OK	
assets/SharedDataStrm-part4.pak	sharedassets/springboardentitites/datatables/questdata/conversationstatedata_npc_18035.datasheet	15	455	781	00EC931C	00EC931C	True	18	10	2	1	True	OK	
assets/SharedDataStrm-part4.pak	sharedassets/springboardentitites/datatables/questdata/conversationstatedata_npc_18036.datasheet	15	491	919	91985478	91985478	True	18	12	2	1	True	OK	
assets/SharedDataStrm-part4.pak	sharedassets/springboardentitites/datatables/questdata/conversationstatedata_npc_18040.datasheet	15	492	920	1C818320	1C818320	True	18	12	2	1	True	OK	
assets/SharedDataStrm-part4.pak	sharedassets/springboardentitites/datatables/questdata/conversationstatedata_npc_18049.datasheet	15	378	663	817F0FEA	817F0FEA	True	18	8	2	1	True	OK	
assets/SharedDataStrm-part4.pak	sharedassets/springboardentitites/datatables/questdata/conversationstatedata_npc_18053.datasheet	15	491	919	992663D4	992663D4	True	18	12	2	1	True	OK	
assets/SharedDataStrm-part4.pak	sharedassets/springboardentitites/datatables/questdata/conversationstatedata_npc_18055.datasheet	15	527	1078	48A3F3B4	48A3F3B4	True	18	12	3	1	True	OK	
assets/SharedDataStrm-part4.pak	sharedassets/springboardentitites/datatables/questdata/conversationstatedata_npc_18062.datasheet	15	455	781	1FF222CC	1FF222CC	True	18	10	2	1	True	OK	
assets/SharedDataStrm-part4.pak	sharedassets/springboardentitites/datatables/questdata/conversationstatedata_npc_20003.datasheet	15	489	930	EB398DAD	EB398DAD	True	18	10	3	1	True	OK	
assets/SharedDataStrm-part4.pak	sharedassets/springboardentitites/datatables/questdata/conversationstatedata_npc_20007.datasheet	15	495	1006	258A67E2	258A67E2	True	18	9	4	1	True	OK	
assets/SharedDataStrm-part4.pak	sharedassets/springboardentitites/datatables/questdata/conversationstatedata_npc_20008.datasheet	15	371	588	439028C3	439028C3	True	18	9	1	1	True	OK	
assets/SharedDataStrm-part4.pak	sharedassets/springboardentitites/datatables/questdata/conversationstatedata_npc_28000.datasheet	15	474	922	ECC4B103	ECC4B103	True	18	10	3	1	True	OK	
assets/SharedDataStrm-part4.pak	sharedassets/springboardentitites/datatables/questdata/conversationstatedata_npc_28002.datasheet	15	642	1675	28CCFDFC	28CCFDFC	True	18	13	6	1	True	OK	
assets/SharedDataStrm-part4.pak	sharedassets/springboardentitites/datatables/questdata/conversationstatedata_npc_28003.datasheet	15	436	781	EE196C48	EE196C48	True	18	10	2	1	True	OK	
assets/SharedDataStrm-part4.pak	sharedassets/springboardentitites/datatables/questdata/conversationtopicdata_npc_04294.datasheet	0	141	141	BC63FCE0	BC63FCE0	True	18	0	0		True	OK	
assets/SharedDataStrm-part4.pak	sharedassets/springboardentitites/datatables/questdata/conversationtopicdata_npc_04297.datasheet	0	141	141	8843D7E7	8843D7E7	True	18	0	0		True	OK	
assets/SharedDataStrm-part4.pak	sharedassets/springboardentitites/datatables/questdata/conversationtopicdata_npc_04628.datasheet	0	141	141	4BF0AE03	4BF0AE03	True	18	0	0		True	OK	
assets/SharedDataStrm-part4.pak	sharedassets/springboardentitites/datatables/questdata/conversationtopicdata_npc_04630.datasheet	15	363	796	7D667AF8	7D667AF8	True	18	6	3	1	True	OK	
assets/SharedDataStrm-part4.pak	sharedassets/springboardentitites/datatables/questdata/conversationtopicdata_npc_04631.datasheet	0	141	141	B2DFEC6E	B2DFEC6E	True	18	0	0		True	OK	
assets/SharedDataStrm-part4.pak	sharedassets/springboardentitites/datatables/questdata/conversationtopicdata_npc_04632.datasheet	15	339	643	AC981113	AC981113	True	18	6	2	1	True	OK	
assets/SharedDataStrm-part4.pak	sharedassets/springboardentitites/datatables/questdata/conversationtopicdata_npc_04636.datasheet	15	332	639	2AECC99A	2AECC99A	True	18	6	2	1	True	OK	
assets/SharedDataStrm-part4.pak	sharedassets/springboardentitites/datatables/questdata/conversationtopicdata_npc_16011.datasheet	0	141	141	882FCB2B	882FCB2B	True	18	0	0		True	OK	
assets/SharedDataStrm-part4.pak	sharedassets/springboardentitites/datatables/questdata/conversationtopicdata_npc_16015.datasheet	0	141	141	717F52E0	717F52E0	True	18	0	0		True	OK	
assets/SharedDataStrm-part4.pak	sharedassets/springboardentitites/datatables/questdata/conversationtopicdata_npc_16027.datasheet	0	141	141	7E3F28AD	7E3F28AD	True	18	0	0		True	OK	
assets/SharedDataStrm-part4.pak	sharedassets/springboardentitites/datatables/questdata/conversationtopicdata_npc_16032.datasheet	15	303	486	AAC0324E	AAC0324E	True	18	6	1	1	True	OK	
assets/SharedDataStrm-part4.pak	sharedassets/springboardentitites/datatables/questdata/conversationtopicdata_npc_16033.datasheet	0	141	141	F2A0221E	F2A0221E	True	18	0	0		True	OK	
assets/SharedDataStrm-part4.pak	sharedassets/springboardentitites/datatables/questdata/conversationtopicdata_npc_16051.datasheet	0	141	141	8460808A	8460808A	True	18	0	0		True	OK	
assets/SharedDataStrm-part4.pak	sharedassets/springboardentitites/datatables/questdata/conversationtopicdata_npc_16054.datasheet	0	141	141	D800FD83	D800FD83	True	18	0	0		True	OK	
assets/SharedDataStrm-part4.pak	sharedassets/springboardentitites/datatables/questdata/conversationtopicdata_npc_16078.datasheet	0	141	141	E31F776F	E31F776F	True	18	0	0		True	OK	
assets/SharedDataStrm-part4.pak	sharedassets/springboardentitites/datatables/questdata/conversationtopicdata_npc_16082.datasheet	0	141	141	D15EE416	D15EE416	True	18	0	0		True	OK	
assets/SharedDataStrm-part4.pak	sharedassets/springboardentitites/datatables/questdata/conversationtopicdata_npc_16086.datasheet	0	141	141	280E7DDD	280E7DDD	True	18	0	0		True	OK	
assets/SharedDataStrm-part4.pak	sharedassets/springboardentitites/datatables/questdata/conversationtopicdata_npc_16095.datasheet	0	141	141	69E1C5A2	69E1C5A2	True	18	0	0		True	OK	
assets/SharedDataStrm-part4.pak	sharedassets/springboardentitites/datatables/questdata/conversationtopicdata_npc_16099.datasheet	0	141	141	B96169BE	B96169BE	True	18	0	0		True	OK	
assets/SharedDataStrm-part4.pak	sharedassets/springboardentitites/datatables/questdata/conversationtopicdata_npc_16133.datasheet	0	141	141	AC0B1483	AC0B1483	True	18	0	0		True	OK	
assets/SharedDataStrm-part4.pak	sharedassets/springboardentitites/datatables/questdata/conversationtopicdata_npc_16134.datasheet	15	303	486	D61D823D	D61D823D	True	18	6	1	1	True	OK	
assets/SharedDataStrm-part4.pak	sharedassets/springboardentitites/datatables/questdata/conversationtopicdata_npc_16135.datasheet	0	141	141	C44B428D	C44B428D	True	18	0	0		True	OK	
assets/SharedDataStrm-part4.pak	sharedassets/springboardentitites/datatables/questdata/conversationtopicdata_npc_16150.datasheet	15	303	486	50FBCFAE	50FBCFAE	True	18	6	1	1	True	OK	
assets/SharedDataStrm-part4.pak	sharedassets/springboardentitites/datatables/questdata/conversationtopicdata_npc_16152.datasheet	0	141	141	EEEB9D10	EEEB9D10	True	18	0	0		True	OK	
assets/SharedDataStrm-part4.pak	sharedassets/springboardentitites/datatables/questdata/conversationtopicdata_npc_16164.datasheet	0	141	141	18FB7E96	18FB7E96	True	18	0	0		True	OK	
assets/SharedDataStrm-part4.pak	sharedassets/springboardentitites/datatables/questdata/conversationtopicdata_npc_16167.datasheet	0	141	141	2CDB5591	2CDB5591	True	18	0	0		True	OK	
assets/SharedDataStrm-part4.pak	sharedassets/springboardentitites/datatables/questdata/conversationtopicdata_npc_16168.datasheet	0	141	141	C87BD28A	C87BD28A	True	18	0	0		True	OK	
assets/SharedDataStrm-part4.pak	sharedassets/springboardentitites/datatables/questdata/conversationtopicdata_npc_16169.datasheet	0	141	141	6D4B3648	6D4B3648	True	18	0	0		True	OK	
assets/SharedDataStrm-part4.pak	sharedassets/springboardentitites/datatables/questdata/conversationtopicdata_npc_16171.datasheet	15	303	486	9D24551E	9D24551E	True	18	6	1	1	True	OK	
assets/SharedDataStrm-part4.pak	sharedassets/springboardentitites/datatables/questdata/conversationtopicdata_npc_16173.datasheet	15	304	486	E8844B16	E8844B16	True	18	6	1	1	True	OK	
assets/SharedDataStrm-part4.pak	sharedassets/springboardentitites/datatables/questdata/conversationtopicdata_npc_16174.datasheet	0	141	141	6D34EDEE	6D34EDEE	True	18	0	0		True	OK	
assets/SharedDataStrm-part4.pak	sharedassets/springboardentitites/datatables/questdata/conversationtopicdata_npc_16179.datasheet	0	141	141	1884A530	1884A530	True	18	0	0		True	OK	
assets/SharedDataStrm-part4.pak	sharedassets/springboardentitites/datatables/questdata/conversationtopicdata_npc_16180.datasheet	0	141	141	1EE51D4E	1EE51D4E	True	18	0	0		True	OK	
assets/SharedDataStrm-part4.pak	sharedassets/springboardentitites/datatables/questdata/conversationtopicdata_npc_16181.datasheet	0	141	141	BBD5F98C	BBD5F98C	True	18	0	0		True	OK	
assets/SharedDataStrm-part4.pak	sharedassets/springboardentitites/datatables/questdata/conversationtopicdata_npc_16182.datasheet	0	141	141	8FF5D28B	8FF5D28B	True	18	0	0		True	OK	
assets/SharedDataStrm-part4.pak	sharedassets/springboardentitites/datatables/questdata/conversationtopicdata_npc_16183.datasheet	0	141	141	2AC53649	2AC53649	True	18	0	0		True	OK	
assets/SharedDataStrm-part4.pak	sharedassets/springboardentitites/datatables/questdata/conversationtopicdata_npc_16185.datasheet	15	303	486	F2BDA594	F2BDA594	True	18	6	1	1	True	OK	
assets/SharedDataStrm-part4.pak	sharedassets/springboardentitites/datatables/questdata/conversationtopicdata_npc_16186.datasheet	0	141	141	76A54B40	76A54B40	True	18	0	0		True	OK	
assets/SharedDataStrm-part4.pak	sharedassets/springboardentitites/datatables/questdata/conversationtopicdata_npc_16188.datasheet	0	141	141	37352899	37352899	True	18	0	0		True	OK	
assets/SharedDataStrm-part4.pak	sharedassets/springboardentitites/datatables/questdata/conversationtopicdata_npc_16189.datasheet	15	303	486	688B9ACA	688B9ACA	True	18	6	1	1	True	OK	
assets/SharedDataStrm-part4.pak	sharedassets/springboardentitites/datatables/questdata/conversationtopicdata_npc_16190.datasheet	0	141	141	6B2A8E36	6B2A8E36	True	18	0	0		True	OK	
assets/SharedDataStrm-part4.pak	sharedassets/springboardentitites/datatables/questdata/conversationtopicdata_npc_16191.datasheet	0	141	141	CE1A6AF4	CE1A6AF4	True	18	0	0		True	OK	
assets/SharedDataStrm-part4.pak	sharedassets/springboardentitites/datatables/questdata/conversationtopicdata_npc_16192.datasheet	0	141	141	FA3A41F3	FA3A41F3	True	18	0	0		True	OK	
assets/SharedDataStrm-part4.pak	sharedassets/springboardentitites/datatables/questdata/conversationtopicdata_npc_16193.datasheet	0	141	141	5F0AA531	5F0AA531	True	18	0	0		True	OK	
assets/SharedDataStrm-part4.pak	sharedassets/springboardentitites/datatables/questdata/conversationtopicdata_npc_16196.datasheet	0	141	141	036AD838	036AD838	True	18	0	0		True	OK	
assets/SharedDataStrm-part4.pak	sharedassets/springboardentitites/datatables/questdata/conversationtopicdata_npc_16199.datasheet	0	141	141	E7CA5F23	E7CA5F23	True	18	0	0		True	OK	
assets/SharedDataStrm-part4.pak	sharedassets/springboardentitites/datatables/questdata/conversationtopicdata_npc_18000.datasheet	15	303	486	30949DC3	30949DC3	True	18	6	1	1	True	OK	
assets/SharedDataStrm-part4.pak	sharedassets/springboardentitites/datatables/questdata/conversationtopicdata_npc_18001.datasheet	0	141	141	C167FD8D	C167FD8D	True	18	0	0		True	OK	
assets/SharedDataStrm-part4.pak	sharedassets/springboardentitites/datatables/questdata/conversationtopicdata_npc_18002.datasheet	0	141	141	F547D68A	F547D68A	True	18	0	0		True	OK	
assets/SharedDataStrm-part4.pak	sharedassets/springboardentitites/datatables/questdata/conversationtopicdata_npc_18005.datasheet	0	141	141	38376446	38376446	True	18	0	0		True	OK	
assets/SharedDataStrm-part4.pak	sharedassets/springboardentitites/datatables/questdata/conversationtopicdata_npc_18006.datasheet	15	303	486	7D8F826C	7D8F826C	True	18	6	1	1	True	OK	
assets/SharedDataStrm-part4.pak	sharedassets/springboardentitites/datatables/questdata/conversationtopicdata_npc_18009.datasheet	0	141	141	E8B7C85A	E8B7C85A	True	18	0	0		True	OK	
assets/SharedDataStrm-part4.pak	sharedassets/springboardentitites/datatables/questdata/conversationtopicdata_npc_18024.datasheet	15	303	486	7B65142B	7B65142B	True	18	6	1	1	True	OK	
assets/SharedDataStrm-part4.pak	sharedassets/springboardentitites/datatables/questdata/conversationtopicdata_npc_18029.datasheet	0	141	141	0328EEAA	0328EEAA	True	18	0	0		True	OK	
assets/SharedDataStrm-part4.pak	sharedassets/springboardentitites/datatables/questdata/conversationtopicdata_npc_18031.datasheet	15	303	486	556A34DD	556A34DD	True	18	6	1	1	True	OK	
assets/SharedDataStrm-part4.pak	sharedassets/springboardentitites/datatables/questdata/conversationtopicdata_npc_18032.datasheet	15	303	486	9E5F382A	9E5F382A	True	18	6	1	1	True	OK	
assets/SharedDataStrm-part4.pak	sharedassets/springboardentitites/datatables/questdata/conversationtopicdata_npc_18047.datasheet	15	303	486	F674BDBA	F674BDBA	True	18	6	1	1	True	OK	
assets/SharedDataStrm-part4.pak	sharedassets/springboardentitites/datatables/questdata/conversationtopicdata_npc_18052.datasheet	0	141	141	8CC70E53	8CC70E53	True	18	0	0		True	OK	
assets/SharedDataStrm-part4.pak	sharedassets/springboardentitites/datatables/questdata/conversationtopicdata_npc_18054.datasheet	15	303	486	956082E3	956082E3	True	18	6	1	1	True	OK	
assets/SharedDataStrm-part4.pak	sharedassets/springboardentitites/datatables/questdata/conversationtopicdata_npc_18068.datasheet	0	141	141	AA5741C9	AA5741C9	True	18	0	0		True	OK	
assets/SharedDataStrm-part4.pak	sharedassets/springboardentitites/datatables/questdata/conversationtopicdata_npc_20006.datasheet	0	141	141	BDCC3D10	BDCC3D10	True	18	0	0		True	OK	
assets/SharedDataStrm-part4.pak	sharedassets/springboardentitites/datatables/questdata/conversationtopicdata_npc_20008.datasheet	0	141	141	FC5C5EC9	FC5C5EC9	True	18	0	0		True	OK	
assets/SharedDataStrm-part4.pak	sharedassets/springboardentitites/datatables/questdata/conversationtopicdata_npc_28001.datasheet	15	359	557	45B08F78	45B08F78	True	18	7	1	1	True	OK	
assets/SharedDataStrm-part4.pak	sharedassets/springboardentitites/datatables/questdata/conversationtopicdata_npc_28003.datasheet	15	338	535	DB9E2264	DB9E2264	True	18	7	1	1	True	OK	
assets/SharedDataStrm-part4.pak	sharedassets/springboardentitites/datatables/questdata/conversationtopicdata_npc_28013.datasheet	0	141	141	3847E09F	3847E09F	True	18	0	0		True	OK	
assets/SharedDataStrm-part4.pak	sharedassets/springboardentitites/datatables/questdata/conversationtopicdata_npc_28015.datasheet	0	141	141	5007B691	5007B691	True	18	0	0		True	OK	
assets/SharedDataStrm-part4.pak	sharedassets/springboardentitites/datatables/questdata/conversationtopicdata_npc_42002.datasheet	0	141	141	B9D3A85A	B9D3A85A	True	18	0	0		True	OK	
assets/SharedDataStrm-part4.pak	sharedassets/springboardentitites/datatables/questdata/npcdata_npc_04288.datasheet	15	292	549	705378B8	705378B8	True	18	8	1	1	True	OK	
assets/SharedDataStrm-part4.pak	sharedassets/springboardentitites/datatables/questdata/npcdata_npc_04295.datasheet	15	253	431	2BA24A9F	2BA24A9F	True	18	6	1	1	True	OK	
assets/SharedDataStrm-part4.pak	sharedassets/springboardentitites/datatables/questdata/npcdata_npc_04297.datasheet	15	253	431	D2F72155	D2F72155	True	18	6	1	1	True	OK	
assets/SharedDataStrm-part4.pak	sharedassets/springboardentitites/datatables/questdata/npcdata_npc_04627.datasheet	15	309	608	3FE72EEE	3FE72EEE	True	18	9	1	1	True	OK	
assets/SharedDataStrm-part4.pak	sharedassets/springboardentitites/datatables/questdata/npcdata_npc_04636.datasheet	15	273	490	8BFED8E1	8BFED8E1	True	18	7	1	1	True	OK	
assets/SharedDataStrm-part4.pak	sharedassets/springboardentitites/datatables/questdata/npcdata_npc_04667.datasheet	0	254	254	03D456E2	03D456E2	True	18	3	1	1	True	OK	
assets/SharedDataStrm-part4.pak	sharedassets/springboardentitites/datatables/questdata/npcdata_npc_08012.datasheet	0	254	254	2A679563	2A679563	True	18	3	1	1	True	OK	
assets/SharedDataStrm-part4.pak	sharedassets/springboardentitites/datatables/questdata/npcdata_npc_08013.datasheet	0	254	254	0CD06A42	0CD06A42	True	18	3	1	1	True	OK	
assets/SharedDataStrm-part4.pak	sharedassets/springboardentitites/datatables/questdata/npcdata_npc_16011.datasheet	15	214	313	ECC188FC	ECC188FC	True	18	4	1	1	True	OK	
assets/SharedDataStrm-part4.pak	sharedassets/springboardentitites/datatables/questdata/npcdata_npc_16012.datasheet	15	236	372	EFBCAE84	EFBCAE84	True	18	5	1	1	True	OK	
assets/SharedDataStrm-part4.pak	sharedassets/springboardentitites/datatables/questdata/npcdata_npc_16014.datasheet	15	214	313	08D5F4AA	08D5F4AA	True	18	4	1	1	True	OK	
assets/SharedDataStrm-part4.pak	sharedassets/springboardentitites/datatables/questdata/npcdata_npc_16022.datasheet	15	214	313	7846FE9A	7846FE9A	True	18	4	1	1	True	OK	
assets/SharedDataStrm-part4.pak	sharedassets/springboardentitites/datatables/questdata/npcdata_npc_16023.datasheet	15	214	313	21F2B361	21F2B361	True	18	4	1	1	True	OK	
assets/SharedDataStrm-part4.pak	sharedassets/springboardentitites/datatables/questdata/npcdata_npc_16028.datasheet	15	214	313	6B1F0077	6B1F0077	True	18	4	1	1	True	OK	
assets/SharedDataStrm-part4.pak	sharedassets/springboardentitites/datatables/questdata/npcdata_npc_16052.datasheet	15	214	313	AEC72195	AEC72195	True	18	4	1	1	True	OK	
assets/SharedDataStrm-part4.pak	sharedassets/springboardentitites/datatables/questdata/npcdata_npc_16065.datasheet	15	236	372	F567B117	F567B117	True	18	5	1	1	True	OK	
assets/SharedDataStrm-part4.pak	sharedassets/springboardentitites/datatables/questdata/npcdata_npc_16083.datasheet	15	252	431	EE1AD27E	EE1AD27E	True	18	6	1	1	True	OK	
assets/SharedDataStrm-part4.pak	sharedassets/springboardentitites/datatables/questdata/npcdata_npc_16087.datasheet	15	214	313	42FA45F7	42FA45F7	True	18	4	1	1	True	OK	
assets/SharedDataStrm-part4.pak	sharedassets/springboardentitites/datatables/questdata/npcdata_npc_16096.datasheet	15	236	372	34F70B36	34F70B36	True	18	5	1	1	True	OK	
assets/SharedDataStrm-part4.pak	sharedassets/springboardentitites/datatables/questdata/npcdata_npc_16131.datasheet	15	214	313	4789EBA1	4789EBA1	True	18	4	1	1	True	OK	
assets/SharedDataStrm-part4.pak	sharedassets/springboardentitites/datatables/questdata/npcdata_npc_16139.datasheet	15	236	372	DE3113C2	DE3113C2	True	18	5	1	1	True	OK	
assets/SharedDataStrm-part4.pak	sharedassets/springboardentitites/datatables/questdata/npcdata_npc_16149.datasheet	15	236	372	45D4EF91	45D4EF91	True	18	5	1	1	True	OK	
assets/SharedDataStrm-part4.pak	sharedassets/springboardentitites/datatables/questdata/npcdata_npc_16151.datasheet	15	214	313	BB3EAB77	BB3EAB77	True	18	4	1	1	True	OK	
assets/SharedDataStrm-part4.pak	sharedassets/springboardentitites/datatables/questdata/npcdata_npc_16153.datasheet	15	214	313	08563081	08563081	True	18	4	1	1	True	OK	
assets/SharedDataStrm-part4.pak	sharedassets/springboardentitites/datatables/questdata/npcdata_npc_16155.datasheet	15	236	372	874DFCD6	874DFCD6	True	18	5	1	1	True	OK	
assets/SharedDataStrm-part4.pak	sharedassets/springboardentitites/datatables/questdata/npcdata_npc_16156.datasheet	15	214	313	EC424CD7	EC424CD7	True	18	4	1	1	True	OK	
assets/SharedDataStrm-part4.pak	sharedassets/springboardentitites/datatables/questdata/npcdata_npc_16160.datasheet	15	214	313	9CD146E7	9CD146E7	True	18	4	1	1	True	OK	
assets/SharedDataStrm-part4.pak	sharedassets/springboardentitites/datatables/questdata/npcdata_npc_16161.datasheet	15	236	372	C68CA7DC	C68CA7DC	True	18	5	1	1	True	OK	
assets/SharedDataStrm-part4.pak	sharedassets/springboardentitites/datatables/questdata/npcdata_npc_16168.datasheet	15	214	313	3CE023FC	3CE023FC	True	18	4	1	1	True	OK	
assets/SharedDataStrm-part4.pak	sharedassets/springboardentitites/datatables/questdata/npcdata_npc_16169.datasheet	15	214	313	65546E07	65546E07	True	18	4	1	1	True	OK	
assets/SharedDataStrm-part4.pak	sharedassets/springboardentitites/datatables/questdata/npcdata_npc_16172.datasheet	15	236	372	EBA6E31A	EBA6E31A	True	18	5	1	1	True	OK	
assets/SharedDataStrm-part4.pak	sharedassets/springboardentitites/datatables/questdata/npcdata_npc_16179.datasheet	15	214	313	4F62F1DE	4F62F1DE	True	18	4	1	1	True	OK	
assets/SharedDataStrm-part4.pak	sharedassets/springboardentitites/datatables/questdata/npcdata_npc_16182.datasheet	15	214	313	59CB654E	59CB654E	True	18	4	1	1	True	OK	
assets/SharedDataStrm-part4.pak	sharedassets/springboardentitites/datatables/questdata/npcdata_npc_16189.datasheet	15	236	372	44BBED7A	44BBED7A	True	18	5	1	1	True	OK	
assets/SharedDataStrm-part4.pak	sharedassets/springboardentitites/datatables/questdata/npcdata_npc_16190.datasheet	15	214	313	C0956161	C0956161	True	18	4	1	1	True	OK	
assets/SharedDataStrm-part4.pak	sharedassets/springboardentitites/datatables/questdata/npcdata_npc_16194.datasheet	15	214	313	7D3550CC	7D3550CC	True	18	4	1	1	True	OK	
assets/SharedDataStrm-part4.pak	sharedassets/springboardentitites/datatables/questdata/npcdata_npc_16198.datasheet	15	214	313	60A4047A	60A4047A	True	18	4	1	1	True	OK	
assets/SharedDataStrm-part4.pak	sharedassets/springboardentitites/datatables/questdata/npcdata_npc_16201.datasheet	15	214	313	E3CCA8BA	E3CCA8BA	True	18	4	1	1	True	OK	
assets/SharedDataStrm-part4.pak	sharedassets/springboardentitites/datatables/questdata/npcdata_npc_16204.datasheet	15	295	440	075C156F	075C156F	True	18	6	1	1	True	OK	
assets/SharedDataStrm-part4.pak	sharedassets/springboardentitites/datatables/questdata/npcdata_npc_18002.datasheet	15	236	372	D26C0608	D26C0608	True	18	5	1	1	True	OK	
assets/SharedDataStrm-part4.pak	sharedassets/springboardentitites/datatables/questdata/npcdata_npc_18024.datasheet	15	236	372	88388F84	88388F84	True	18	5	1	1	True	OK	
assets/SharedDataStrm-part4.pak	sharedassets/springboardentitites/datatables/questdata/npcdata_npc_18027.datasheet	15	252	431	8D499D53	8D499D53	True	18	6	1	1	True	OK	
assets/SharedDataStrm-part4.pak	sharedassets/springboardentitites/datatables/questdata/npcdata_npc_18035.datasheet	15	236	372	C86DE7C2	C86DE7C2	True	18	5	1	1	True	OK	
assets/SharedDataStrm-part4.pak	sharedassets/springboardentitites/datatables/questdata/npcdata_npc_18036.datasheet	15	236	372	93AD5D02	93AD5D02	True	18	5	1	1	True	OK	
assets/SharedDataStrm-part4.pak	sharedassets/springboardentitites/datatables/questdata/npcdata_npc_18037.datasheet	15	236	372	A512CB42	A512CB42	True	18	5	1	1	True	OK	
assets/SharedDataStrm-part4.pak	sharedassets/springboardentitites/datatables/questdata/npcdata_npc_18040.datasheet	15	236	372	BFC9D4D1	BFC9D4D1	True	18	5	1	1	True	OK	
assets/SharedDataStrm-part4.pak	sharedassets/springboardentitites/datatables/questdata/npcdata_npc_18047.datasheet	15	236	372	3EF73711	3EF73711	True	18	5	1	1	True	OK	
assets/SharedDataStrm-part4.pak	sharedassets/springboardentitites/datatables/questdata/npcdata_npc_18051.datasheet	15	236	372	FF9CBC97	FF9CBC97	True	18	5	1	1	True	OK	
assets/SharedDataStrm-part4.pak	sharedassets/springboardentitites/datatables/questdata/npcdata_npc_18053.datasheet	15	236	372	92E39017	92E39017	True	18	5	1	1	True	OK	
assets/SharedDataStrm-part4.pak	sharedassets/springboardentitites/datatables/questdata/npcdata_npc_18057.datasheet	15	236	372	481DC917	481DC917	True	18	5	1	1	True	OK	
assets/SharedDataStrm-part4.pak	sharedassets/springboardentitites/datatables/questdata/npcdata_npc_18059.datasheet	15	236	372	911108D6	911108D6	True	18	5	1	1	True	OK	
assets/SharedDataStrm-part4.pak	sharedassets/springboardentitites/datatables/questdata/npcdata_npc_20007.datasheet	15	272	490	8C3543C3	8C3543C3	True	18	7	1	1	True	OK	
assets/SharedDataStrm-part4.pak	sharedassets/springboardentitites/datatables/questdata/npcdata_npc_28000.datasheet	15	299	494	0B1CF083	0B1CF083	True	18	7	1	1	True	OK	
assets/SharedDataStrm-part4.pak	sharedassets/springboardentitites/datatables/questdata/npcdata_npc_28003.datasheet	15	287	432	3DFFEC84	3DFFEC84	True	18	6	1	1	True	OK	
assets/SharedDataStrm-part4.pak	sharedassets/springboardentitites/datatables/questdata/npcdata_npc_28008.datasheet	15	214	313	D1D723B8	D1D723B8	True	18	4	1	1	True	OK	
assets/SharedDataStrm-part4.pak	sharedassets/springboardentitites/datatables/questdata/npcdata_npc_28009.datasheet	15	214	313	88636E43	88636E43	True	18	4	1	1	True	OK	
assets/SharedDataStrm-part4.pak	sharedassets/springboardentitites/datatables/questdata/npcdata_npc_28011.datasheet	15	312	461	B6F87E53	B6F87E53	True	18	7	1	1	True	OK	
assets/SharedDataStrm-part4.pak	sharedassets/springboardentitites/datatables/questdata/npcdata_npc_28012.datasheet	15	315	466	A94C1999	A94C1999	True	18	7	1	1	True	OK	
assets/SharedDataStrm-part4.pak	sharedassets/springboardentitites/datatables/questdata/npcdata_npc_28014.datasheet	15	334	518	0DED65EF	0DED65EF	True	18	7	1	1	True	OK	
assets/SharedDataStrm-part4.pak	sharedassets/springboardentitites/datatables/questdata/npcdata_npc_28015.datasheet	15	265	373	792C32B8	792C32B8	True	18	5	1	1	True	OK	
assets/SharedDataStrm-part4.pak	sharedassets/springboardentitites/datatables/questdata/npcdata_npc_42002.datasheet	15	214	313	D7449B82	D7449B82	True	18	4	1	1	True	OK	
assets/SharedDataStrm-part4.pak	sharedassets/springboardentitites/datatables/questdata/objectives_quest_02789.datasheet	15	1007	1890	7339F7C4	7339F7C4	True	18	36	1	1	True	OK	
assets/SharedDataStrm-part4.pak	sharedassets/springboardentitites/datatables/questdata/objectives_quest_02797.datasheet	15	1033	2000	BE3F9F3A	BE3F9F3A	True	18	38	1	1	True	OK	
assets/SharedDataStrm-part4.pak	sharedassets/springboardentitites/datatables/questdata/objectives_quest_03192.datasheet	15	1052	1985	02D35AC0	02D35AC0	True	18	37	1	1	True	OK	
assets/SharedDataStrm-part4.pak	sharedassets/springboardentitites/datatables/questdata/objectives_quest_03193.datasheet	15	1037	1959	348D4FA7	348D4FA7	True	18	37	1	1	True	OK	
assets/SharedDataStrm-part4.pak	sharedassets/springboardentitites/datatables/questdata/objectives_quest_03196.datasheet	15	1038	1959	E2594DD9	E2594DD9	True	18	37	1	1	True	OK	
assets/SharedDataStrm-part4.pak	sharedassets/springboardentitites/datatables/questdata/objectives_quest_03198.datasheet	15	1038	1959	6C77A902	6C77A902	True	18	37	1	1	True	OK	
assets/SharedDataStrm-part4.pak	sharedassets/springboardentitites/datatables/questdata/objectives_quest_08016.datasheet	15	936	1812	E86224C6	E86224C6	True	18	35	1	1	True	OK	
assets/SharedDataStrm-part4.pak	sharedassets/springboardentitites/datatables/questdata/objectives_quest_16009.datasheet	15	940	1560	E9309652	E9309652	True	18	31	1	1	True	OK	
assets/SharedDataStrm-part4.pak	sharedassets/springboardentitites/datatables/questdata/objectives_quest_16020.datasheet	15	997	1872	4C49527F	4C49527F	True	18	36	1	1	True	OK	
assets/SharedDataStrm-part4.pak	sharedassets/springboardentitites/datatables/questdata/objectives_quest_16026.datasheet	15	1018	1896	7D68250C	7D68250C	True	18	36	1	1	True	OK	
assets/SharedDataStrm-part4.pak	sharedassets/springboardentitites/datatables/questdata/objectives_quest_18001.datasheet	15	993	1876	80ED9C1B	80ED9C1B	True	18	36	1	1	True	OK	
assets/SharedDataStrm-part4.pak	sharedassets/springboardentitites/datatables/questdata/objectives_quest_18007.datasheet	15	991	1876	CD9DCA94	CD9DCA94	True	18	36	1	1	True	OK	
assets/SharedDataStrm-part4.pak	sharedassets/springboardentitites/datatables/questdata/objectives_quest_18010.datasheet	15	995	1879	2D202EE8	2D202EE8	True	18	36	1	1	True	OK	
assets/SharedDataStrm-part4.pak	sharedassets/springboardentitites/datatables/questdata/objectives_quest_18011.datasheet	15	996	1879	262CF47D	262CF47D	True	18	36	1	1	True	OK	
assets/SharedDataStrm-part4.pak	sharedassets/springboardentitites/datatables/questdata/objectives_quest_18015.datasheet	15	996	1879	F1A369F9	F1A369F9	True	18	36	1	1	True	OK	
assets/SharedDataStrm-part4.pak	sharedassets/springboardentitites/datatables/questdata/objectives_quest_18020.datasheet	15	995	1879	F63807A6	F63807A6	True	18	36	1	1	True	OK	
assets/SharedDataStrm-part4.pak	sharedassets/springboardentitites/datatables/questdata/objectives_quest_18021.datasheet	15	996	1879	0CA7C9E2	0CA7C9E2	True	18	36	1	1	True	OK	
assets/SharedDataStrm-part4.pak	sharedassets/springboardentitites/datatables/questdata/objectives_quest_18025.datasheet	15	995	1879	DE16700E	DE16700E	True	18	36	1	1	True	OK	
assets/SharedDataStrm-part4.pak	sharedassets/springboardentitites/datatables/questdata/objectives_quest_18026.datasheet	15	995	1879	DCD683B5	DCD683B5	True	18	36	1	1	True	OK	
assets/SharedDataStrm-part4.pak	sharedassets/springboardentitites/datatables/questdata/objectives_quest_18029.datasheet	15	991	1876	EF5E430F	EF5E430F	True	18	36	1	1	True	OK	
assets/SharedDataStrm-part4.pak	sharedassets/springboardentitites/datatables/questdata/objectives_quest_18030.datasheet	15	995	1879	8A18A364	8A18A364	True	18	36	1	1	True	OK	
assets/SharedDataStrm-part4.pak	sharedassets/springboardentitites/datatables/questdata/objectives_quest_18031.datasheet	15	996	1879	3FE13F89	3FE13F89	True	18	36	1	1	True	OK	
assets/SharedDataStrm-part4.pak	sharedassets/springboardentitites/datatables/questdata/objectives_quest_20003.datasheet	15	1006	1891	753477EC	753477EC	True	18	36	1	1	True	OK	
assets/SharedDataStrm-part4.pak	sharedassets/springboardentitites/datatables/questdata/objectives_quest_20004.datasheet	15	1005	1889	9C57D98F	9C57D98F	True	18	36	1	1	True	OK	
assets/SharedDataStrm-part4.pak	sharedassets/springboardentitites/datatables/questdata/objectives_quest_28008.datasheet	15	1034	1934	7803668E	7803668E	True	18	37	1	1	True	OK	
assets/SharedDataStrm-part4.pak	sharedassets/springboardentitites/datatables/questdata/objectives_quest_28009.datasheet	15	1031	1932	FEEE8C97	FEEE8C97	True	18	37	1	1	True	OK	
assets/SharedDataStrm-part4.pak	sharedassets/springboardentitites/datatables/questdata/objectives_quest_42002.datasheet	15	985	1887	738EC1F6	738EC1F6	True	18	36	1	1	True	OK	
assets/SharedDataStrm-part4.pak	sharedassets/springboardentitites/datatables/questdata/objectives_quest_61001.datasheet	15	1016	1913	88CC0E89	88CC0E89	True	18	36	1	1	True	OK	
assets/SharedDataStrm-part4.pak	sharedassets/springboardentitites/datatables/questdata/objectivetasks_quest_02791.datasheet	15	1231	3257	68269B15	68269B15	True	18	40	5	1	True	OK	
assets/SharedDataStrm-part4.pak	sharedassets/springboardentitites/datatables/questdata/objectivetasks_quest_02793.datasheet	15	1538	5278	2E621A9B	2E621A9B	True	18	43	9	1	True	OK	
assets/SharedDataStrm-part4.pak	sharedassets/springboardentitites/datatables/questdata/objectivetasks_quest_02796.datasheet	15	1502	5540	E460008C	E460008C	True	18	46	9	1	True	OK	
assets/SharedDataStrm-part4.pak	sharedassets/springboardentitites/datatables/questdata/objectivetasks_quest_03189.datasheet	15	2111	12675	773FF3FD	773FF3FD	True	18	47	25	1	True	OK	
assets/SharedDataStrm-part4.pak	sharedassets/springboardentitites/datatables/questdata/objectivetasks_quest_03192.datasheet	15	1679	6800	50887AD0	50887AD0	True	18	45	12	1	True	OK	
assets/SharedDataStrm-part4.pak	sharedassets/springboardentitites/datatables/questdata/objectivetasks_quest_03193.datasheet	15	1910	10412	391C0F50	391C0F50	True	18	47	20	1	True	OK	
assets/SharedDataStrm-part4.pak	sharedassets/springboardentitites/datatables/questdata/objectivetasks_quest_03196.datasheet	15	1663	7602	6433336E	6433336E	True	18	45	14	1	True	OK	
assets/SharedDataStrm-part4.pak	sharedassets/springboardentitites/datatables/questdata/objectivetasks_quest_03197.datasheet	15	1588	6759	E85F5D7D	E85F5D7D	True	18	45	12	1	True	OK	
assets/SharedDataStrm-part4.pak	sharedassets/springboardentitites/datatables/questdata/objectivetasks_quest_03199.datasheet	15	1594	7041	98869EBB	98869EBB	True	18	44	13	1	True	OK	
assets/SharedDataStrm-part4.pak	sharedassets/springboardentitites/datatables/questdata/objectivetasks_quest_08015.datasheet	15	1100	2356	CE4CEE08	CE4CEE08	True	18	38	3	1	True	OK	
assets/SharedDataStrm-part4.pak	sharedassets/springboardentitites/datatables/questdata/objectivetasks_quest_16003.datasheet	15	1191	2463	5D24E9FA	5D24E9FA	True	18	39	3	1	True	OK	
assets/SharedDataStrm-part4.pak	sharedassets/springboardentitites/datatables/questdata/objectivetasks_quest_16005.datasheet	15	2379	13572	0EF48D38	0EF48D38	True	18	60	20	1	True	OK	
assets/SharedDataStrm-part4.pak	sharedassets/springboardentitites/datatables/questdata/objectivetasks_quest_16006.datasheet	15	3364	26846	5AF1CD39	5AF1CD39	True	18	58	44	1	True	OK	
assets/SharedDataStrm-part4.pak	sharedassets/springboardentitites/datatables/questdata/objectivetasks_quest_16013.datasheet	15	1487	5047	2D1B3CEB	2D1B3CEB	True	18	42	9	1	True	OK	
assets/SharedDataStrm-part4.pak	sharedassets/springboardentitites/datatables/questdata/objectivetasks_quest_18000.datasheet	15	1215	2527	193468CA	193468CA	True	18	40	3	1	True	OK	
assets/SharedDataStrm-part4.pak	sharedassets/springboardentitites/datatables/questdata/objectivetasks_quest_18007.datasheet	15	1498	5586	E6B29010	E6B29010	True	18	46	9	1	True	OK	
assets/SharedDataStrm-part4.pak	sharedassets/springboardentitites/datatables/questdata/objectivetasks_quest_18011.datasheet	15	2544	18235	9F7871C6	9F7871C6	True	18	50	34	1	True	OK	
assets/SharedDataStrm-part4.pak	sharedassets/springboardentitites/datatables/questdata/objectivetasks_quest_18014.datasheet	15	1910	9264	0A8DA3AC	0A8DA3AC	True	18	46	17	1	True	OK	
assets/SharedDataStrm-part4.pak	sharedassets/springboardentitites/datatables/questdata/objectivetasks_quest_18015.datasheet	15	1450	4851	E6DEE57B	E6DEE57B	True	18	47	7	1	True	OK	
assets/SharedDataStrm-part4.pak	sharedassets/springboardentitites/datatables/questdata/objectivetasks_quest_18017.datasheet	15	2367	14970	A6647BE3	A6647BE3	True	18	56	24	1	True	OK	
assets/SharedDataStrm-part4.pak	sharedassets/springboardentitites/datatables/questdata/objectivetasks_quest_18018.datasheet	15	2888	20344	29E84CA4	29E84CA4	True	18	53	36	1	True	OK	
assets/SharedDataStrm-part4.pak	sharedassets/springboardentitites/datatables/questdata/objectivetasks_quest_18020.datasheet	15	2658	19822	2B24C9F1	2B24C9F1	True	18	52	36	1	True	OK	
assets/SharedDataStrm-part4.pak	sharedassets/springboardentitites/datatables/questdata/objectivetasks_quest_18022.datasheet	15	1378	4667	9C839EB0	9C839EB0	True	18	46	7	1	True	OK	
assets/SharedDataStrm-part4.pak	sharedassets/springboardentitites/datatables/questdata/objectivetasks_quest_18029.datasheet	15	1696	6162	E60D7B14	E60D7B14	True	18	46	10	1	True	OK	
assets/SharedDataStrm-part4.pak	sharedassets/springboardentitites/datatables/questdata/objectivetasks_quest_18033.datasheet	15	1089	2134	97186677	97186677	True	18	39	2	1	True	OK	
assets/SharedDataStrm-part4.pak	sharedassets/springboardentitites/datatables/questdata/objectivetasks_quest_18034.datasheet	15	1320	3230	CC0D88BA	CC0D88BA	True	18	44	4	1	True	OK	
assets/SharedDataStrm-part4.pak	sharedassets/springboardentitites/datatables/questdata/objectivetasks_quest_28002.datasheet	15	2662	18855	53689387	53689387	True	18	53	34	1	True	OK	
assets/SharedDataStrm-part4.pak	sharedassets/springboardentitites/datatables/questdata/objectivetasks_quest_28005.datasheet	15	2572	18046	4C54A1B2	4C54A1B2	True	18	52	33	1	True	OK	
assets/SharedDataStrm-part4.pak	sharedassets/springboardentitites/datatables/questdata/objectivetasks_quest_42002.datasheet	15	1439	5014	A019991D	A019991D	True	18	42	9	1	True	OK	
assets/SharedDataStrm-part4.pak	sharedassets/springboardentitites/datatables/questdata/objectivetasks_quest_61000.datasheet	15	1434	3874	0FE5CA35	0FE5CA35	True	18	45	5	1	True	OK	
assets/SharedDataStrm-part4.pak	sharedassets/springboardentitites/datatables/questgameevents/javelindata_01_gameevents.datasheet	15	2329	24598	105F6F2B	105F6F2B	True	18	28	86	1,2,3	True	OK	
assets/SharedDataStrm-part4.pak	sharedassets/springboardentitites/datatables/questgameevents/javelindata_02_gameevents.datasheet	15	2691	20096	F4A6E2C1	F4A6E2C1	True	18	28	73	1,2,3	True	OK	
assets/SharedDataStrm-part4.pak	sharedassets/springboardentitites/datatables/questgameevents/javelindata_03_gameevents.datasheet	15	3376	29932	36CAD6B4	36CAD6B4	True	18	28	108	1,2,3	True	OK	
assets/SharedDataStrm-part4.pak	sharedassets/springboardentitites/datatables/questgameevents/javelindata_05a_gameevents.datasheet	15	1591	15088	B0F8E077	B0F8E077	True	18	28	56	1,2,3	True	OK	
assets/SharedDataStrm-part4.pak	sharedassets/springboardentitites/datatables/questgameevents/javelindata_10_gameevents.datasheet	15	2426	12440	790CD129	790CD129	True	18	28	42	1,2,3	True	OK	
assets/SharedDataStrm-part4.pak	sharedassets/springboardentitites/datatables/questgameevents/javelindata_11_gameevents.datasheet	15	2096	14773	DCD01ABE	DCD01ABE	True	18	28	53	1,2,3	True	OK	
assets/SharedDataStrm-part4.pak	sharedassets/springboardentitites/datatables/questgameevents/javelindata_12_gameevents.datasheet	15	3061	18874	831103CA	831103CA	True	18	28	66	1,2,3	True	OK	
assets/SharedDataStrm-part4.pak	sharedassets/springboardentitites/datatables/questgameevents/javelindata_12a_gameevents.datasheet	15	3211	26972	C7387918	C7387918	True	18	28	94	1,2,3	True	OK	
assets/SharedDataStrm-part4.pak	sharedassets/springboardentitites/datatables/questgameevents/javelindata_16_gameevents.datasheet	15	4437	56319	D0F1D3CA	D0F1D3CA	True	18	28	213	1,2,3	True	OK	
assets/SharedDataStrm-part4.pak	sharedassets/springboardentitites/datatables/questgameevents/javelindata_74_gameevents.datasheet	15	922	2261	CF7CBF35	CF7CBF35	True	18	27	5	1,2,3	True	OK	
assets/SharedDataStrm-part4.pak	sharedassets/springboardentitites/datatables/questgameevents/javelindata_80_gameevents.datasheet	15	764	1424	F2E98080	F2E98080	True	18	28	2	1,2,3	True	OK	
assets/SharedDataStrm-part4.pak	sharedassets/springboardentitites/datatables/questgameevents/javelindata_81_gameevents.datasheet	15	764	1424	6369A08A	6369A08A	True	18	28	2	1,2,3	True	OK	
assets/SharedDataStrm-part4.pak	sharedassets/springboardentitites/datatables/questgameevents/javelindata_91_gameevents.datasheet	15	1469	4535	FA322D2F	FA322D2F	True	18	28	13	1,2,3	True	OK	
assets/SharedDataStrm-part4.pak	sharedassets/springboardentitites/datatables/questgameevents/javelindata_98_gameevents.datasheet	15	1829	16834	4D37C87A	4D37C87A	True	18	28	59	1,2,3	True	OK	
assets/SharedDataStrm-part4.pak	sharedassets/springboardentitites/datatables/questgameevents/javelindata_99_gameevents.datasheet	15	4302	35423	0E9D372B	0E9D372B	True	18	28	129	1,2,3	True	OK	
assets/SharedDataStrm-part4.pak	sharedassets/springboardentitites/datatables/quests/06_windsward/javelindata_06_npcs.datasheet	15	491	1391	F7179E72	F7179E72	True	18	24	2	1	True	OK	
assets/SharedDataStrm-part4.pak	sharedassets/springboardentitites/datatables/quests/13_weaversfen/javelindata_13_npcs.datasheet	15	399	892	8625A1C7	8625A1C7	True	18	24	0	1	True	OK	
assets/SharedDataStrm-part4.pak	sharedassets/springboardentitites/datatables/quests/74_devworld_red/javelindata_74_npcs.datasheet	15	680	2213	5FEFA4E5	5FEFA4E5	True	18	38	3	1	True	OK	
assets/SharedDataStrm-part4.pak	sharedassets/springboardentitites/datatables/quests/74_devworld_red/javelindata_74_objectives.datasheet	15	2549	25140	6D617842	6D617842	True	18	34	75	1,2,3	True	OK	
assets/SharedDataStrm-part4.pak	sharedassets/springboardentitites/datatables/quests/74_devworld_red/javelindata_74_objectivetasks.datasheet	15	1751	8595	8218F623	8218F623	True	18	59	12	1,2,3	True	OK	
assets/SharedDataStrm-part4.pak	sharedassets/springboardentitites/datatables/quests/75_devworld_blue/javelindata_75_conversationtopic.datasheet	15	325	506	AFD09832	AFD09832	True	18	7	1	1	True	OK	
assets/SharedDataStrm-part4.pak	sharedassets/springboardentitites/datatables/quests/92_weaponsandarmor/javelindata_92_npcs.datasheet	15	655	2840	06DF522E	06DF522E	True	18	24	8	1	True	OK	
assets/SharedDataStrm-part4.pak	sharedassets/springboardentitites/datatables/quests/console/c01_starterbeach/javelindata_c01_conversationstates.datasheet	15	2592	19742	35E82C0C	35E82C0C	True	18	34	52	1,2,3	True	OK	
assets/SharedDataStrm-part4.pak	sharedassets/springboardentitites/datatables/quests/console/c02a_brightwood/javelindata_c02a_conversationtopics.datasheet	15	304	504	A83C847C	A83C847C	True	18	7	1	1	True	OK	
assets/SharedDataStrm-part4.pak	sharedassets/springboardentitites/datatables/quests/console/c03_greatcleave/javelindata_c03_conversationtopics.datasheet	15	841	2672	D3DFCD2B	D3DFCD2B	True	18	7	20	1	True	OK	
assets/SharedDataStrm-part4.pak	sharedassets/springboardentitites/datatables/quests/console/c03_greatcleave/javelindata_c03_objectives.datasheet	15	4125	45002	AB6507AA	AB6507AA	True	18	43	94	1,2,3	True	OK	
assets/SharedDataStrm-part4.pak	sharedassets/springboardentitites/datatables/quests/console/c05_reekwater/javelindata_c05_conversationstate.datasheet	15	1449	11049	2903FED5	2903FED5	True	18	34	30	1,2,3	True	OK	
assets/SharedDataStrm-part4.pak	sharedassets/springboardentitites/datatables/quests/console/c05_reekwater/javelindata_c05_conversationtopics.datasheet	15	349	668	FEEDBFB7	FEEDBFB7	True	18	7	2	1	True	OK	
assets/SharedDataStrm-part4.pak	sharedassets/springboardentitites/datatables/quests/console/c05_reekwater/javelindata_c05_objectives.datasheet	15	1756	23870	BCA6EB0C	BCA6EB0C	True	18	42	58	1,2,3	True	OK	
assets/SharedDataStrm-part4.pak	sharedassets/springboardentitites/datatables/quests/console/c06a_windsward/javelindata_c06a_conversationtopics.datasheet	15	1747	8843	6AC41430	6AC41430	True	18	8	55	1	True	OK	
assets/SharedDataStrm-part4.pak	sharedassets/springboardentitites/datatables/quests/console/c07_shatteredmoutain/javelindata_c07_conversationtopics.datasheet	15	463	929	14FB7D3D	14FB7D3D	True	18	7	4	1	True	OK	
assets/SharedDataStrm-part4.pak	sharedassets/springboardentitites/datatables/quests/console/c07_shatteredmoutain/javelindata_c07_npcs.datasheet	15	1532	9886	BFD72213	BFD72213	True	18	24	34	1	True	OK	
assets/SharedDataStrm-part4.pak	sharedassets/springboardentitites/datatables/quests/console/c08_ebonscalereach/javelindata_c08_conversationtopics.datasheet	15	236	341	2AA3DCB1	2AA3DCB1	True	18	7	0	1	True	OK	
assets/SharedDataStrm-part4.pak	sharedassets/springboardentitites/datatables/quests/console/c08_ebonscalereach/javelindata_c08_objectives.datasheet	15	4032	42849	DD4EF6A0	DD4EF6A0	True	18	42	94	1,2,3	True	OK	
assets/SharedDataStrm-part4.pak	sharedassets/springboardentitites/datatables/quests/console/c09a_firstlight/javelindata_c09a_objectives.datasheet	15	4661	23860	E5E5F310	E5E5F310	True	18	44	42	1,2,3	True	OK	
assets/SharedDataStrm-part4.pak	sharedassets/springboardentitites/datatables/quests/console/c10a_cutlasskeys/javelindata_c10a_objectives.datasheet	15	4391	26955	D4AFCAF3	D4AFCAF3	True	18	44	49	1,2,3	True	OK	
assets/SharedDataStrm-part4.pak	sharedassets/springboardentitites/datatables/quests/console/c10a_cutlasskeys/javelindata_c10a_objectivetasks.datasheet	15	8462	116213	C5AE3133	C5AE3133	True	18	63	204	1,2,3	True	OK	
assets/SharedDataStrm-part4.pak	sharedassets/springboardentitites/datatables/quests/console/c11_mourningdale/javelindata_c11_conversationtopics.datasheet	15	304	500	CCB5F5A4	CCB5F5A4	True	18	7	1	1	True	OK	
assets/SharedDataStrm-part4.pak	sharedassets/springboardentitites/datatables/quests/console/c11_mourningdale/javelindata_c11_objectives.datasheet	15	4290	45266	CF546F49	CF546F49	True	18	41	99	1,2,3	True	OK	
assets/SharedDataStrm-part4.pak	sharedassets/springboardentitites/datatables/quests/console/c12a_monarchsbluffs/javelindata_c12a_conversationtopics.datasheet	15	1095	3343	D728527D	D728527D	True	18	7	19	1	True	OK	
assets/SharedDataStrm-part4.pak	sharedassets/springboardentitites/datatables/quests/console/c14_edengrove/javelindata_c14_conversationtopics.datasheet	15	1134	4455	BE3E7714	BE3E7714	True	18	7	31	1	True	OK	
assets/SharedDataStrm-part4.pak	sharedassets/springboardentitites/datatables/quests/console/c14_edengrove/javelindata_c14_npcs.datasheet	15	2309	17039	0148B86F	0148B86F	True	18	24	60	1	True	OK	
assets/SharedDataStrm-part4.pak	sharedassets/springboardentitites/datatables/quests/console/c15_restlessshore/javelindata_c15_conversationtopics.datasheet	15	380	674	13F5910D	13F5910D	True	18	7	2	1	True	OK	
assets/SharedDataStrm-part4.pak	sharedassets/springboardentitites/datatables/quests/console/c16_brimstonesands/javelindata_c16_conversationtopics.datasheet	15	1149	3671	0DACDCC0	0DACDCC0	True	18	7	18	1	True	OK	
assets/SharedDataStrm-part4.pak	sharedassets/springboardentitites/datatables/quests/console/c16_brimstonesands/javelindata_c16_npcs.datasheet	15	4246	32472	12E1F899	12E1F899	True	18	24	115	1	True	OK	
assets/SharedDataStrm-part4.pak	sharedassets/springboardentitites/datatables/quests/console/c16_brimstonesands/javelindata_c16_objectivetasks.datasheet	15	32702	597435	9451E041	9451E041	True	18	66	996	1,2,3	True	OK	
assets/SharedDataStrm-part4.pak	sharedassets/springboardentitites/datatables/quests/console/c80_holidays/javelindata_c80_conversationtopics.datasheet	15	414	1157	DA75104A	DA75104A	True	18	7	5	1	True	OK	
assets/SharedDataStrm-part4.pak	sharedassets/springboardentitites/datatables/quests/console/c80_holidays/javelindata_c80_objectivetasks.datasheet	15	3971	50889	11EDD39E	11EDD39E	True	18	65	82	1,2	True	OK	
assets/SharedDataStrm-part4.pak	sharedassets/springboardentitites/datatables/quests/console/c91_fishing/javelindata_c91_objectivetasks.datasheet	15	3783	44143	B6EFAB18	B6EFAB18	True	18	65	73	1,2,3	True	OK	
assets/SharedDataStrm-part4.pak	sharedassets/springboardentitites/datatables/quests/console/c95_seasons/javelindata_c95_npcs.datasheet	15	1229	6617	A2EA51C9	A2EA51C9	True	18	24	21	1	True	OK	
assets/SharedDataStrm-part4.pak	sharedassets/springboardentitites/datatables/quests/console/c95_seasons_s04/javelindata_c95_s04_conversationstates.datasheet	15	1591	10493	595482EE	595482EE	True	18	34	26	1,2,3	True	OK	
assets/SharedDataStrm-part4.pak	sharedassets/springboardentitites/datatables/quests/console/c95a_seasons_s02/javelindata_c95a_conversationtopics.datasheet	15	463	1190	634F0047	634F0047	True	18	8	5	1	True	OK	
assets/SharedDataStrm-part4.pak	sharedassets/springboardentitites/datatables/quests/console/c98_factions/javelindata_c98_objectivetasks.datasheet	15	43050	1379678	0400F3CC	0400F3CC	True	18	65	2449	1,2,3	True	OK	
assets/SharedDataStrm-part4.pak	sharedassets/springboardentitites/datatables/quests/console/c99b_msq_brightwood/javelindata_c99b_conversationtopics.datasheet	15	1085	4238	E03D32A9	E03D32A9	True	18	7	24	1	True	OK	
assets/SharedDataStrm-part4.pak	sharedassets/springboardentitites/datatables/quests/console/c99b_msq_brightwood/javelindata_c99b_npcs.datasheet	15	1230	7795	7A566065	7A566065	True	18	24	27	1	True	OK	
assets/SharedDataStrm-part4.pak	sharedassets/springboardentitites/datatables/quests/console/c99c_msq_weaversfen/javelindata_c99c_npcs.datasheet	15	827	4831	711E9D0D	711E9D0D	True	18	24	15	1	True	OK	
assets/SharedDataStrm-part4.pak	sharedassets/springboardentitites/datatables/quests/console/c99c_msq_weaversfen/javelindata_c99c_objectives.datasheet	15	2194	9251	796BE41D	796BE41D	True	18	41	12	1,2,3	True	OK	
assets/SharedDataStrm-part4.pak	sharedassets/springboardentitites/datatables/quests/console/c99d_msq_greatcleave/javelindata_c99d_conversationstates.datasheet	15	3013	25862	F9A625F6	F9A625F6	True	18	35	71	1,3	True	OK	
assets/SharedDataStrm-part4.pak	sharedassets/springboardentitites/datatables/quests/console/c99d_msq_greatcleave/javelindata_c99d_npcs.datasheet	15	1191	10202	A0D2EA22	A0D2EA22	True	18	24	38	1	True	OK	
assets/SharedDataStrm-part4.pak	sharedassets/springboardentitites/datatables/quests/console/c99d_msq_greatcleave/javelindata_c99d_objectives.datasheet	15	2323	11439	91C3B87C	91C3B87C	True	18	42	17	1,2,3	True	OK	
assets/SharedDataStrm-part4.pak	sharedassets/springboardentitites/datatables/quests/console/c99f_msq_ebonscale/javelindata_c99f_objectivetasks.datasheet	15	15089	249347	C8374449	C8374449	True	18	64	420	1,2,3	True	OK	
assets/SharedDataStrm-part4.pak	sharedassets/springboardentitites/datatables/quests/console/c99g_msq_shattered/javelindata_c99g_npcs.datasheet	15	1647	11534	D77CA91D	D77CA91D	True	18	24	44	1	True	OK	
assets/SharedDataStrm-part4.pak	sharedassets/springboardentitites/datatables/seasonsrewards/season1/javelindata_seasonsrewardsjourney_season1.datasheet	15	1918	6435	E6FE4808	E6FE4808	True	18	5	60	1,2	True	OK	
assets/SharedDataStrm-part4.pak	sharedassets/springboardentitites/datatables/seasonsrewards/season10/javelindata_seasonpassdata_season10.datasheet	15	998	9529	6218889F	6218889F	True	18	5	101	1,2	True	OK	
assets/SharedDataStrm-part4.pak	sharedassets/springboardentitites/datatables/seasonsrewards/season10/javelindata_seasonsrewardsactivitiestasks_s10.datasheet	15	1836	6457	823E8B01	823E8B01	True	18	5	53	1	True	OK	
assets/SharedDataStrm-part4.pak	sharedassets/springboardentitites/datatables/seasonsrewards/season2/javelindata_chapterdata_season2.datasheet	15	395	785	556D20AC	556D20AC	True	18	5	6	1,2	True	OK	
assets/SharedDataStrm-part4.pak	sharedassets/springboardentitites/datatables/seasonsrewards/season2/javelindata_rewarddata_season2.datasheet	15	5815	36617	E06C8297	E06C8297	True	18	9	292	1,2	True	OK	
assets/SharedDataStrm-part4.pak	sharedassets/springboardentitites/datatables/seasonsrewards/season2/javelindata_seasonsrewardscarddata_s2.datasheet	15	236	338	4787CA8D	4787CA8D	True	18	5	1	1,2	True	OK	
assets/SharedDataStrm-part4.pak	sharedassets/springboardentitites/datatables/seasonsrewards/season2/javelindata_seasonsrewardsjourney_season2.datasheet	15	2110	7126	1797701D	1797701D	True	18	5	66	1,2	True	OK	
assets/SharedDataStrm-part4.pak	sharedassets/springboardentitites/datatables/seasonsrewards/season3/javelindata_seasonpassdata_season3.datasheet	15	995	9327	0A95D476	0A95D476	True	18	5	101	1,2	True	OK	
assets/SharedDataStrm-part4.pak	sharedassets/springboardentitites/datatables/seasonsrewards/season3/javelindata_seasonsrewardscarddata_s3.datasheet	15	237	338	D14790A8	D14790A8	True	18	5	1	1,2	True	OK	
assets/SharedDataStrm-part4.pak	sharedassets/springboardentitites/datatables/seasonsrewards/season4/javelindata_rewarddata_season4.datasheet	15	5914	35970	32E04DC6	32E04DC6	True	18	9	292	1,2	True	OK	
assets/SharedDataStrm-part4.pak	sharedassets/springboardentitites/datatables/seasonsrewards/season4/javelindata_seasonpassdata_season4.datasheet	15	993	9327	79BBEF48	79BBEF48	True	18	5	101	1,2	True	OK	
assets/SharedDataStrm-part4.pak	sharedassets/springboardentitites/datatables/seasonsrewards/season4/javelindata_seasonsrewardscarddata_s4.datasheet	15	236	337	4C2F5CB7	4C2F5CB7	True	18	5	1	1,2	True	OK	
assets/SharedDataStrm-part4.pak	sharedassets/springboardentitites/datatables/seasonsrewards/season4/javelindata_seasonsrewardsjourney_season4.datasheet	15	1232	6647	6F1FBAC8	6F1FBAC8	True	18	5	70	1,2	True	OK	
assets/SharedDataStrm-part4.pak	sharedassets/springboardentitites/datatables/seasonsrewards/season5/javelindata_rewarddata_season5.datasheet	15	5847	36373	87D02018	87D02018	True	18	9	292	1,2	True	OK	
assets/SharedDataStrm-part4.pak	sharedassets/springboardentitites/datatables/seasonsrewards/season5/javelindata_seasonpassdata_season5.datasheet	15	994	9327	2C12E681	2C12E681	True	18	5	101	1,2	True	OK	
assets/SharedDataStrm-part4.pak	sharedassets/springboardentitites/datatables/seasonsrewards/season5/javelindata_seasonsrewardsactivitiesconfig_s5.datasheet	15	202	285	8BE5CBD6	8BE5CBD6	True	18	2	2	1,2	True	OK	
assets/SharedDataStrm-part4.pak	sharedassets/springboardentitites/datatables/seasonsrewards/season6/javelindata_seasonsrewardscardtemplates_s6.datasheet	15	786	5169	EB98EC78	EB98EC78	True	18	13	40	1,2	True	OK	
assets/SharedDataStrm-part4.pak	sharedassets/springboardentitites/datatables/seasonsrewards/season6/javelindata_seasonsrewardsjourney_season6.datasheet	15	1230	6647	20E3E5DB	20E3E5DB	True	18	5	70	1,2	True	OK	
assets/SharedDataStrm-part4.pak	sharedassets/springboardentitites/datatables/seasonsrewards/season7/javelindata_chapterdata_season7.datasheet	15	568	1540	F6BF2B48	F6BF2B48	True	18	6	12	1,2	True	OK	
assets/SharedDataStrm-part4.pak	sharedassets/springboardentitites/datatables/seasonsrewards/season7/javelindata_rewarddata_season7.datasheet	15	6308	42182	8EB5147D	8EB5147D	True	18	10	325	1,2	True	OK	
assets/SharedDataStrm-part4.pak	sharedassets/springboardentitites/datatables/seasonsrewards/season8/javelindata_chapterdata_season8.datasheet	15	607	1525	159ED6C8	159ED6C8	True	18	7	10	1,2	True	OK	
assets/SharedDataStrm-part4.pak	sharedassets/springboardentitites/datatables/seasonsrewards/season8/javelindata_seasonsrewardsactivitiestasks_s8.datasheet	15	1798	6345	EB95D151	EB95D151	True	18	5	52	1	True	OK	
assets/SharedDataStrm-part4.pak	sharedassets/springboardentitites/datatables/seasonsrewards/season8/javelindata_seasonsrewardscarddata_s8.datasheet	15	236	337	A31FBEFC	A31FBEFC	True	18	5	1	1,2	True	OK	
assets/SharedDataStrm-part4.pak	sharedassets/springboardentitites/datatables/seasonsrewards/season9/javelindata_seasonpassdata_season9.datasheet	15	993	9327	611C836F	611C836F	True	18	5	101	1,2	True	OK	
assets/SharedDataStrm-part4.pak	sharedassets/springboardentitites/datatables/seasonsrewards/season9/javelindata_seasonsrewardsactivitiestasks_s9.datasheet	15	1828	6456	F6EA5D90	F6EA5D90	True	18	5	53	1	True	OK	
assets/SharedDataStrm-part4.pak	sharedassets/springboardentitites/datatables/seasonsrewards/season9/javelindata_seasonsrewardsjourney_season9.datasheet	15	1231	6647	DE21D24A	DE21D24A	True	18	5	70	1,2	True	OK	
assets/SharedDataStrm-part4.pak	sharedassets/springboardentitites/datatables/seasonsrewards/javelindata_seasonsrewardsstats_craft.datasheet	15	2564	14491	D9ABF6DD	D9ABF6DD	True	18	18	69	1,2	True	OK	
assets/SharedDataStrm-part4.pak	sharedassets/springboardentitites/datatables/seasonsrewards/javelindata_seasonsrewardsstats_equipitem.datasheet	15	579	1182	D63364E4	D63364E4	True	18	9	6	1,2	True	OK	
assets/SharedDataStrm-part4.pak	sharedassets/springboardentitites/datatables/seasonsrewards/javelindata_seasonsrewardsstats_gameevent.datasheet	15	1557	5101	6E11CB6C	6E11CB6C	True	18	8	28	1,3	True	OK	
assets/SharedDataStrm-part4.pak	sharedassets/springboardentitites/datatables/seasonsrewards/javelindata_seasonsrewardsstats_gather.datasheet	15	930	2380	5DB2899B	5DB2899B	True	18	9	16	1,2,3	True	OK	
assets/SharedDataStrm-part4.pak	sharedassets/springboardentitites/datatables/seasonsrewards/javelindata_seasonsrewardsstats_journeytask.datasheet	15	417	935	37EC61B7	37EC61B7	True	18	7	7	1,2,3	True	OK	
assets/SharedDataStrm-part4.pak	sharedassets/springboardentitites/datatables/seasonsrewards/javelindata_seasonsrewardsstats_quest.datasheet	15	1587	4713	063CDBC7	063CDBC7	True	18	6	35	1,3	True	OK	
assets/SharedDataStrm-part4.pak	sharedassets/springboardentitites/datatables/seasonsrewards/javelindata_seasonsrewardsstats_song.datasheet	15	517	1156	ACA2847C	ACA2847C	True	18	7	9	1,3	True	OK	
assets/SharedDataStrm-part4.pak	sharedassets/springboardentitites/datatables/seasonsrewards/javelindata_seasonsrewardsstats_war.datasheet	15	281	486	9AFADD73	9AFADD73	True	18	5	4	1,3	True	OK	
assets/SharedDataStrm-part4.pak	sharedassets/springboardentitites/datatables/structuredata/javelindata_wallfootprint.datasheet	15	587	1344	64FCD563	64FCD563	True	18	4	15	1,2	True	OK	
assets/SharedDataStrm-part4.pak	sharedassets/springboardentitites/datatables/vitalstables/raids/javelindata_basevitals_isleofnight.datasheet	15	5846	87906	533C25ED	533C25ED	True	18	167	57	1,2,3	True	OK	
assets/SharedDataStrm-part4.pak	sharedassets/springboardentitites/datatables/vitalstables/raids/javelindata_levelvariantvitals_isleofnight.datasheet	15	1446	5630	D8192CC1	D8192CC1	True	18	4	57	1,2	True	OK	
assets/SharedDataStrm-part4.pak	sharedassets/springboardentitites/datatables/vitalstables/raids/javelindata_levelvariantvitals_raid_cutlasskeys.datasheet	15	1123	4774	4F3C1DCE	4F3C1DCE	True	18	4	47	1,2	True	OK	
assets/SharedDataStrm-part4.pak	sharedassets/springboardentitites/datatables/vitalstables/javelindata_basevitals_player.datasheet	15	4068	54386	6D920F54	6D920F54	True	18	174	34	1,2,3	True	OK	
assets/SharedDataStrm-part4.pak	sharedassets/springboardentitites/datatables/vitalstables/javelindata_levelvariantvitals_common.datasheet	15	75441	649206	06A48424	06A48424	True	18	5	6673	1,2	True	OK	
assets/SharedDataStrm-part4.pak	sharedassets/springboardentitites/datatables/weaponabilities/javelindata_ability_firemagic.datasheet	15	6828	105115	49ADC006	49ADC006	True	18	287	38	1,2,3	True	OK	
assets/SharedDataStrm-part4.pak	sharedassets/springboardentitites/datatables/weaponabilities/javelindata_ability_global.datasheet	15	9788	417663	AA35B15F	AA35B15F	True	18	284	174	1,2,3	True	OK	
assets/SharedDataStrm-part4.pak	sharedassets/springboardentitites/datatables/weaponabilities/javelindata_ability_infix.datasheet	15	5071	61696	905AD83C	905AD83C	True	18	287	22	1,2,3	True	OK	
assets/SharedDataStrm-part4.pak	sharedassets/springboardentitites/datatables/weaponabilities/javelindata_ability_musket.datasheet	15	7190	110830	4916497C	4916497C	True	18	287	41	1,2,3	True	OK	
assets/SharedDataStrm-part4.pak	sharedassets/springboardentitites/datatables/weaponabilities/javelindata_ability_seasonalitems.datasheet	15	5864	82137	8B170F8F	8B170F8F	True	18	287	30	1,2,3	True	OK	
assets/SharedDataStrm-part4.pak	sharedassets/springboardentitites/datatables/weaponabilities/javelindata_ability_spear.datasheet	15	6758	103479	3AACC73F	3AACC73F	True	18	287	38	1,2,3	True	OK	
assets/SharedDataStrm-part4.pak	sharedassets/springboardentitites/datatables/javelindata_affinity_upyrcurrency.datasheet	15	439	872	5C4AEA44	5C4AEA44	True	18	9	5	1,2	True	OK	
assets/SharedDataStrm-part4.pak	sharedassets/springboardentitites/datatables/javelindata_affixstats.datasheet	15	15910	1025021	C4DD226D	C4DD226D	True	18	131	947	1,2,3	True	OK	
assets/SharedDataStrm-part4.pak	sharedassets/springboardentitites/datatables/javelindata_afflictions.datasheet	15	1889	5157	C7ACDB1C	C7ACDB1C	True	18	19	15	1,2,3	True	OK	
assets/SharedDataStrm-part4.pak	sharedassets/springboardentitites/datatables/javelindata_afkmodes.datasheet	15	451	806	99B2A594	99B2A594	True	18	6	8	1,2	True	OK	
assets/SharedDataStrm-part4.pak	sharedassets/springboardentitites/datatables/javelindata_aileveldisparity.datasheet	15	784	3969	5068B7FF	5068B7FF	True	18	14	29	1,2	True	OK	
assets/SharedDataStrm-part4.pak	sharedassets/springboardentitites/datatables/javelindata_aitargeting.datasheet	15	511	1460	D0C81ED3	D0C81ED3	True	18	6	18	1,2,3	True	OK	
assets/SharedDataStrm-part4.pak	sharedassets/springboardentitites/datatables/javelindata_archetypes.datasheet	15	2544	9393	02645422	02645422	True	18	48	7	1	True	OK	
assets/SharedDataStrm-part4.pak	sharedassets/springboardentitites/datatables/javelindata_areadefinitions.datasheet	15	5502	62040	22F9EE11	22F9EE11	True	18	34	176	1,2,3	True	OK	
assets/SharedDataStrm-part4.pak	sharedassets/springboardentitites/datatables/javelindata_attacktypes.datasheet	15	312	495	1FBA3B5E	1FBA3B5E	True	18	3	9	1,2	True	OK	
assets/SharedDataStrm-part4.pak	sharedassets/springboardentitites/datatables/javelindata_azothcurrency.datasheet	15	312	430	C369366C	C369366C	True	18	8	1	1,2	True	OK	
assets/SharedDataStrm-part4.pak	sharedassets/springboardentitites/datatables/javelindata_beams.datasheet	15	1206	2092	3619D9A7	3619D9A7	True	18	44	1	1,2,3	True	OK	
assets/SharedDataStrm-part4.pak	sharedassets/springboardentitites/datatables/javelindata_campskins.datasheet	15	822	3077	42E218FA	42E218FA	True	18	5	45	1,3	True	OK	
assets/SharedDataStrm-part4.pak	sharedassets/springboardentitites/datatables/javelindata_catacombscurrency_crowns.datasheet	15	321	445	DF2BA2A1	DF2BA2A1	True	18	8	1	1,2	True	OK	
assets/SharedDataStrm-part4.pak	sharedassets/springboardentitites/datatables/javelindata_catacombscurrency_cursedcrowns.datasheet	15	333	458	2F044B37	2F044B37	True	18	8	1	1,2	True	OK	
assets/SharedDataStrm-part4.pak	sharedassets/springboardentitites/datatables/javelindata_catacombscurrency_cursedsilvers.datasheet	15	335	460	EBBEE659	EBBEE659	True	18	8	1	1,2	True	OK	
assets/SharedDataStrm-part4.pak	sharedassets/springboardentitites/datatables/javelindata_charmfilters.datasheet	15	887	1884	95239BCE	95239BCE	True	18	4	16	1,2	True	OK	
assets/SharedDataStrm-part4.pak	sharedassets/springboardentitites/datatables/javelindata_combattextsettings.datasheet	15	379	571	CB4C896E	CB4C896E	True	18	2	12	1	True	OK	
assets/SharedDataStrm-part4.pak	sharedassets/springboardentitites/datatables/javelindata_conversationstate.datasheet	15	396	715	26E34703	26E34703	True	18	19	0	1,3	True	OK	
assets/SharedDataStrm-part4.pak	sharedassets/springboardentitites/datatables/javelindata_conversationtopics.datasheet	15	335	625	C89BF85A	C89BF85A	True	18	4	4	1	True	OK	
assets/SharedDataStrm-part4.pak	sharedassets/springboardentitites/datatables/javelindata_crafting_armorer.datasheet	15	38771	1216353	8DAB4A85	8DAB4A85	True	18	70	1824	1,2,3	True	OK	
assets/SharedDataStrm-part4.pak	sharedassets/springboardentitites/datatables/javelindata_crafting_dungeon.datasheet	15	33211	755687	D7C1BFA4	D7C1BFA4	True	18	70	1163	1,2,3	True	OK	
assets/SharedDataStrm-part4.pak	sharedassets/springboardentitites/datatables/javelindata_crafting_engineer.datasheet	15	26825	424117	01924416	01924416	True	18	70	627	1,2,3	True	OK	
assets/SharedDataStrm-part4.pak	sharedassets/springboardentitites/datatables/javelindata_crafting_gypkilm.datasheet	15	32119	691377	0E19A2DE	0E19A2DE	True	18	70	1053	1,2,3	True	OK	
assets/SharedDataStrm-part4.pak	sharedassets/springboardentitites/datatables/javelindata_crafting_raid.datasheet	15	7788	99946	2711DE68	2711DE68	True	18	70	145	1,2,3	True	OK	
assets/SharedDataStrm-part4.pak	sharedassets/springboardentitites/datatables/javelindata_craftingcategories.datasheet	15	17585	116780	5740EE15	5740EE15	True	18	4	1466	1	True	OK	
assets/SharedDataStrm-part4.pak	sharedassets/springboardentitites/datatables/javelindata_currencyexchangerates.datasheet	15	399	885	13068C81	13068C81	True	18	7	6	1,2,3	True	OK	
assets/SharedDataStrm-part4.pak	sharedassets/springboardentitites/datatables/javelindata_damagetable.datasheet	15	17819	340534	0F39A6E9	0F39A6E9	True	18	96	419	1,2,3	True	OK	
assets/SharedDataStrm-part4.pak	sharedassets/springboardentitites/datatables/javelindata_damagetable_broken.datasheet	15	2252	19476	A2AE31AA	A2AE31AA	True	18	51	41	1,2,3	True	OK	
assets/SharedDataStrm-part4.pak	sharedassets/springboardentitites/datatables/javelindata_damagetable_damned.datasheet	15	3294	28486	C9BB4970	C9BB4970	True	18	50	62	1,2,3	True	OK	
assets/SharedDataStrm-part4.pak	sharedassets/springboardentitites/datatables/javelindata_damagetable_damned_commander_ftue.datasheet	15	2859	15389	DACC28AB	DACC28AB	True	18	49	32	1,2,3	True	OK	
assets/SharedDataStrm-part4.pak	sharedassets/springboardentitites/datatables/javelindata_damagetable_spirit.datasheet	15	795	1584	92650AE5	92650AE5	True	18	31	2	1,2	True	OK	
assets/SharedDataStrm-part4.pak	sharedassets/springboardentitites/datatables/javelindata_darknessdefinitions.datasheet	15	3443	14756	DAF6103F	DAF6103F	True	18	14	75	1,2,3	True	OK	
assets/SharedDataStrm-part4.pak	sharedassets/springboardentitites/datatables/javelindata_destructiblewalls.datasheet	15	1130	2909	43DBE2E4	43DBE2E4	True	18	22	5	1,2	True	OK	
assets/SharedDataStrm-part4.pak	sharedassets/springboardentitites/datatables/javelindata_dyecolors.datasheet	15	4566	14183	9466A482	9466A482	True	18	10	127	1,2	True	OK	
assets/SharedDataStrm-part4.pak	sharedassets/springboardentitites/datatables/javelindata_economytrackers.datasheet	15	1110	3617	FB62C2B8	FB62C2B8	True	18	8	20	1,3	True	OK	
assets/SharedDataStrm-part4.pak	sharedassets/springboardentitites/datatables/javelindata_factioncontrol_towerdefinitions.datasheet	15	888	4295	81C2CAE1	81C2CAE1	True	18	6	43	1,2	True	OK	
assets/SharedDataStrm-part4.pak	sharedassets/springboardentitites/datatables/javelindata_ftue_damagetable_damned.datasheet	15	2054	12359	61138C18	61138C18	True	18	48	26	1,2,3	True	OK	
assets/SharedDataStrm-part4.pak	sharedassets/springboardentitites/datatables/javelindata_gamemodes.datasheet	15	14032	117043	506CC705	506CC705	True	18	181	53	1,2,3	True	OK	
assets/SharedDataStrm-part4.pak	sharedassets/springboardentitites/datatables/javelindata_gatherables.datasheet	15	46083	814410	EE9F7937	EE9F7937	True	18	49	1779	1,2,3	True	OK	
assets/SharedDataStrm-part4.pak	sharedassets/springboardentitites/datatables/javelindata_generatorrecipes.datasheet	15	915	1926	2F600685	2F600685	True	18	7	14	1,2	True	OK	
assets/SharedDataStrm-part4.pak	sharedassets/springboardentitites/datatables/javelindata_genericinvites.datasheet	15	681	1411	EA567D19	EA567D19	True	18	18	4	1,2,3	True	OK	
assets/SharedDataStrm-part4.pak	sharedassets/springboardentitites/datatables/javelindata_housebonus.datasheet	15	309	424	C841BEAD	C841BEAD	True	18	8	1	1,2	True	OK	
assets/SharedDataStrm-part4.pak	sharedassets/springboardentitites/datatables/javelindata_housingitems.datasheet	15	66375	990497	5EACD081	5EACD081	True	18	60	1084	1,2,3	True	OK	
assets/SharedDataStrm-part4.pak	sharedassets/springboardentitites/datatables/javelindata_housingsystemmessaging.datasheet	0	219	219	CDA66670	CDA66670	True	18	4	0	1	True	OK	
assets/SharedDataStrm-part4.pak	sharedassets/springboardentitites/datatables/javelindata_inputprofiles.datasheet	15	313	531	ED2DA4BA	ED2DA4BA	True	18	4	4	1,3	True	OK	
assets/SharedDataStrm-part4.pak	sharedassets/springboardentitites/datatables/javelindata_itemdefinitions_fish.datasheet	15	1510	8275	A28E1A0D	A28E1A0D	True	18	8	93	1,2,3	True	OK	
assets/SharedDataStrm-part4.pak	sharedassets/springboardentitites/datatables/javelindata_itemdefinitions_master_artifacts.datasheet	15	11176	102341	8318D477	8318D477	True	18	127	73	1,2,3	True	OK	
assets/SharedDataStrm-part4.pak	sharedassets/springboardentitites/datatables/javelindata_itemdefinitions_master_loot.datasheet	15	194289	7346807	6D4430AE	6D4430AE	True	18	127	6603	1,2	True	OK	
assets/SharedDataStrm-part4.pak	sharedassets/springboardentitites/datatables/javelindata_itemdefinitions_master_named.datasheet	15	219158	4828092	E4343CC3	E4343CC3	True	18	127	4241	1,2	True	OK	
assets/SharedDataStrm-part4.pak	sharedassets/springboardentitites/datatables/javelindata_itemdefinitions_master_pvp.datasheet	15	43254	1527260	2FA50CA9	2FA50CA9	True	18	127	1368	1,2	True	OK	
assets/SharedDataStrm-part4.pak	sharedassets/springboardentitites/datatables/javelindata_itemdefinitions_master_seasonalserver.datasheet	15	17439	325071	C6ACC765	C6ACC765	True	18	127	273	1,2,3	True	OK	
assets/SharedDataStrm-part4.pak	sharedassets/springboardentitites/datatables/javelindata_itemdefinitions_master_setitems.datasheet	15	16869	340680	9DE85112	9DE85112	True	18	127	289	1,2,3	True	OK	
assets/SharedDataStrm-part4.pak	sharedassets/springboardentitites/datatables/javelindata_itemdefinitions_mountitemappearances.datasheet	15	2176	14547	8F9158DD	8F9158DD	True	18	26	51	1,2,3	True	OK	
assets/SharedDataStrm-part4.pak	sharedassets/springboardentitites/datatables/javelindata_itemdefinitions_resources.datasheet	15	7303	50693	65F918C6	65F918C6	True	18	4	694	1	True	OK	
assets/SharedDataStrm-part4.pak	sharedassets/springboardentitites/datatables/javelindata_itemdefinitions_tooltiplayout.datasheet	15	25849	984878	2E830255	2E830255	True	18	33	3317	1	True	OK	
assets/SharedDataStrm-part4.pak	sharedassets/springboardentitites/datatables/javelindata_itemdefinitions_weaponappearances.datasheet	15	183404	2232860	EB1346AB	EB1346AB	True	18	44	3760	1,2	True	OK	
assets/SharedDataStrm-part4.pak	sharedassets/springboardentitites/datatables/javelindata_itemperkswaps.datasheet	15	20008	430733	3E13CCE2	3E13CCE2	True	18	5	9339	1,2	True	OK	
assets/SharedDataStrm-part4.pak	sharedassets/springboardentitites/datatables/javelindata_itemtransformdata.datasheet	15	6081	40716	D1F31767	D1F31767	True	18	4	619	1,3	True	OK	
assets/SharedDataStrm-part4.pak	sharedassets/springboardentitites/datatables/javelindata_itemtransformdata_gamemodes.datasheet	15	535	1363	0475B6C8	0475B6C8	True	18	4	18	1	True	OK	
assets/SharedDataStrm-part4.pak	sharedassets/springboardentitites/datatables/javelindata_jointalias.datasheet	15	4683	24458	C7145F28	C7145F28	True	18	15	138	1	True	OK	
assets/SharedDataStrm-part4.pak	sharedassets/springboardentitites/datatables/javelindata_leaderboard.datasheet	15	14596	159900	7072695E	7072695E	True	18	29	424	1,2,3	True	OK	
assets/SharedDataStrm-part4.pak	sharedassets/springboardentitites/datatables/javelindata_lootbuckets_playtest.datasheet	15	927	3064	3F7F8CF4	3F7F8CF4	True	18	11	17	1,2	True	OK	
assets/SharedDataStrm-part4.pak	sharedassets/springboardentitites/datatables/javelindata_lootlimits.datasheet	15	4857	47305	81CCBB0A	81CCBB0A	True	18	14	338	1,2,3	True	OK	
assets/SharedDataStrm-part4.pak	sharedassets/springboardentitites/datatables/javelindata_loottables_fishing.datasheet	15	6797	314991	5F60D36B	5F60D36B	True	18	113	332	1,2	True	OK	
assets/SharedDataStrm-part4.pak	sharedassets/springboardentitites/datatables/javelindata_loottables_playtest.datasheet	15	43084	2303196	B3E7081A	B3E7081A	True	18	184	1455	1,2	True	OK	
assets/SharedDataStrm-part4.pak	sharedassets/springboardentitites/datatables/javelindata_loottagpresets.datasheet	0	254	254	1775E6D1	1775E6D1	True	18	2	1	1	True	OK	
assets/SharedDataStrm-part4.pak	sharedassets/springboardentitites/datatables/javelindata_metaachievements.datasheet	15	34699	441678	70048397	70048397	True	18	38	1003	1,2,3	True	OK	
assets/SharedDataStrm-part4.pak	sharedassets/springboardentitites/datatables/javelindata_metaachievements_categories.datasheet	15	1933	7532	7FF2917E	7FF2917E	True	18	6	68	1,2,3	True	OK	
assets/SharedDataStrm-part4.pak	sharedassets/springboardentitites/datatables/javelindata_moonshot.datasheet	15	1769	15249	0575571F	0575571F	True	18	12	101	1,2	True	OK	
assets/SharedDataStrm-part4.pak	sharedassets/springboardentitites/datatables/javelindata_owg_procurer.datasheet	15	533	1053	C85FAF39	C85FAF39	True	18	10	6	1,2,3	True	OK	
assets/SharedDataStrm-part4.pak	sharedassets/springboardentitites/datatables/javelindata_owg_progression_covenanttokens.datasheet	15	470	971	422F71D6	422F71D6	True	18	9	6	1,2	True	OK	
assets/SharedDataStrm-part4.pak	sharedassets/springboardentitites/datatables/javelindata_particlepriorityoverrides.datasheet	15	1524	5263	07747198	07747198	True	18	2	89	1	True	OK	
assets/SharedDataStrm-part4.pak	sharedassets/springboardentitites/datatables/javelindata_perkbuckets.datasheet	15	44365	6365814	1C06CA7D	1C06CA7D	True	18	285	2732	1	True	OK	
assets/SharedDataStrm-part4.pak	sharedassets/springboardentitites/datatables/javelindata_perks_2025.datasheet	15	15037	142963	2EF4E91B	2EF4E91B	True	18	38	272	1,2	True	OK	
assets/SharedDataStrm-part4.pak	sharedassets/springboardentitites/datatables/javelindata_progression_repair_t5.datasheet	15	218	308	DF71B857	DF71B857	True	18	5	1	1,2	True	OK	
assets/SharedDataStrm-part4.pak	sharedassets/springboardentitites/datatables/javelindata_progressionpools.datasheet	15	785	2569	BDA2040C	BDA2040C	True	18	5	36	1,2	True	OK	
assets/SharedDataStrm-part4.pak	sharedassets/springboardentitites/datatables/javelindata_questgatherables.datasheet	15	16166	271634	C2901235	C2901235	True	18	40	681	1,2,3	True	OK	
assets/SharedDataStrm-part4.pak	sharedassets/springboardentitites/datatables/javelindata_quickcourses.datasheet	15	2266	8834	D000F1E7	D000F1E7	True	18	8	88	1,2,3	True	OK	
assets/SharedDataStrm-part4.pak	sharedassets/springboardentitites/datatables/javelindata_randomencounters.datasheet	0	211	211	700E6E22	700E6E22	True	18	2	1	1	True	OK	
assets/SharedDataStrm-part4.pak	sharedassets/springboardentitites/datatables/javelindata_rotationalqueues.datasheet	15	363	585	34C5B714	34C5B714	True	18	7	2	1,2	True	OK	
assets/SharedDataStrm-part4.pak	sharedassets/springboardentitites/datatables/javelindata_skills.datasheet	15	2266	7160	218EA1C9	218EA1C9	True	18	9	30	1,2	True	OK	
assets/SharedDataStrm-part4.pak	sharedassets/springboardentitites/datatables/javelindata_spelltable_ai.datasheet	15	47368	958544	2FCF710D	2FCF710D	True	18	98	1086	1,2,3	True	OK	
assets/SharedDataStrm-part4.pak	sharedassets/springboardentitites/datatables/javelindata_spelltable_carryme.datasheet	15	1482	3020	1D3B8FEE	1D3B8FEE	True	18	98	0	1,2,3	True	OK	
assets/SharedDataStrm-part4.pak	sharedassets/springboardentitites/datatables/javelindata_spelltable_catacombs.datasheet	15	2496	15001	5D6EB9A9	5D6EB9A9	True	18	94	14	1,2,3	True	OK	
assets/SharedDataStrm-part4.pak	sharedassets/springboardentitites/datatables/javelindata_spelltable_greataxe.datasheet	15	2052	10417	631EEE69	631EEE69	True	18	85	10	1,2,3	True	OK	
assets/SharedDataStrm-part4.pak	sharedassets/springboardentitites/datatables/javelindata_spelltable_greatsword.datasheet	15	1721	4903	50C708E8	50C708E8	True	18	85	3	1,2,3	True	OK	
assets/SharedDataStrm-part4.pak	sharedassets/springboardentitites/datatables/javelindata_spelltable_hatchet.datasheet	15	1825	5765	9B3050B7	9B3050B7	True	18	85	4	1,2,3	True	OK	
assets/SharedDataStrm-part4.pak	sharedassets/springboardentitites/datatables/javelindata_spelltable_icemagic.datasheet	15	3823	69479	63E6A486	63E6A486	True	18	85	91	1,2,3	True	OK	
assets/SharedDataStrm-part4.pak	sharedassets/springboardentitites/datatables/javelindata_spelltable_voidgauntlet.datasheet	15	2786	23073	4D1D963E	4D1D963E	True	18	87	26	1,2,3	True	OK	
assets/SharedDataStrm-part4.pak	sharedassets/springboardentitites/datatables/javelindata_statuseffectcategories.datasheet	15	1667	7280	6A81FFB6	6A81FFB6	True	18	8	57	1,2	True	OK	
assets/SharedDataStrm-part4.pak	sharedassets/springboardentitites/datatables/javelindata_statuseffects_ai.datasheet	15	65881	3068864	65C5F796	65C5F796	True	18	263	1405	1,2,3	True	OK	
assets/SharedDataStrm-part4.pak	sharedassets/springboardentitites/datatables/javelindata_statuseffects_carryme.datasheet	15	4125	9428	D628F492	D628F492	True	18	328	0	1,2,3	True	OK	
assets/SharedDataStrm-part4.pak	sharedassets/springboardentitites/datatables/javelindata_statuseffects_catacombs.datasheet	15	11314	324675	0FA133CE	0FA133CE	True	18	285	132	1,2,3	True	OK	
assets/SharedDataStrm-part4.pak	sharedassets/springboardentitites/datatables/javelindata_statuseffects_conquerersitems.datasheet	15	9272	178898	0DFEAAE1	0DFEAAE1	True	18	335	60	1,2,3	True	OK	
assets/SharedDataStrm-part4.pak	sharedassets/springboardentitites/datatables/javelindata_statuseffects_rapier.datasheet	15	5844	51423	EBDF6EFC	EBDF6EFC	True	18	335	15	1,2,3	True	OK	
assets/SharedDataStrm-part4.pak	sharedassets/springboardentitites/datatables/javelindata_statuseffects_voidgauntlet.datasheet	15	7249	126855	CBA752B2	CBA752B2	True	18	335	42	1,2,3	True	OK	
assets/SharedDataStrm-part4.pak	sharedassets/springboardentitites/datatables/javelindata_statuseffects_warhammer.datasheet	15	6487	92798	6C5F5160	6C5F5160	True	18	335	30	1,2,3	True	OK	
assets/SharedDataStrm-part4.pak	sharedassets/springboardentitites/datatables/javelindata_storyprogress.datasheet	0	224	224	AEE86A05	AEE86A05	True	18	2	1	1	True	OK	
assets/SharedDataStrm-part4.pak	sharedassets/springboardentitites/datatables/javelindata_territoryprogression.datasheet	15	4092	22936	923FDB18	923FDB18	True	18	22	50	1,2	True	OK	
assets/SharedDataStrm-part4.pak	sharedassets/springboardentitites/datatables/javelindata_territoryprogression_missions.datasheet	15	111315	5142817	5A44736E	5A44736E	True	18	42	13248	1,2,3	True	OK	
assets/SharedDataStrm-part4.pak	sharedassets/springboardentitites/datatables/javelindata_tradeskillarcana.datasheet	15	13768	113861	35D4E066	35D4E066	True	18	25	501	1,2,3	True	OK	
assets/SharedDataStrm-part4.pak	sharedassets/springboardentitites/datatables/javelindata_tradeskillarmoring.datasheet	15	10759	112256	7750F667	7750F667	True	18	25	501	1,2,3	True	OK	
assets/SharedDataStrm-part4.pak	sharedassets/springboardentitites/datatables/javelindata_tradeskillazothstaff.datasheet	15	300	650	B6B1F42D	B6B1F42D	True	18	7	6	1,2,3	True	OK	
assets/SharedDataStrm-part4.pak	sharedassets/springboardentitites/datatables/javelindata_tradeskillfishing.datasheet	15	6101	34995	4608F5EA	4608F5EA	True	18	15	251	1,2,3	True	OK	
assets/SharedDataStrm-part4.pak	sharedassets/springboardentitites/datatables/javelindata_tradeskillfurnishing.datasheet	15	10735	79445	0C6B4587	0C6B4587	True	18	17	501	1,2,3	True	OK	
assets/SharedDataStrm-part4.pak	sharedassets/springboardentitites/datatables/javelindata_tradeskillharvesting.datasheet	15	13690	93060	B4CD7791	B4CD7791	True	18	19	501	1,2,3	True	OK	
assets/SharedDataStrm-part4.pak	sharedassets/springboardentitites/datatables/javelindata_tradeskillmusician.datasheet	15	3075	30422	7337EE50	7337EE50	True	18	14	251	1,2,3	True	OK	
assets/SharedDataStrm-part4.pak	sharedassets/springboardentitites/datatables/javelindata_tradeskillsmelting.datasheet	15	14026	85663	2D7DC776	2D7DC776	True	18	18	501	1,2,3	True	OK	
assets/SharedDataStrm-part4.pak	sharedassets/springboardentitites/datatables/javelindata_tradeskillstonecutting.datasheet	15	14201	81626	3EE9FDC3	3EE9FDC3	True	18	17	501	1,2,3	True	OK	
assets/SharedDataStrm-part4.pak	sharedassets/springboardentitites/datatables/javelindata_tradeskillweaving.datasheet	15	14269	85667	657AD6DF	657AD6DF	True	18	18	501	1,2,3	True	OK	
assets/SharedDataStrm-part4.pak	sharedassets/springboardentitites/datatables/javelindata_tradeskillwoodworking.datasheet	15	14197	85671	5E030AC4	5E030AC4	True	18	18	501	1,2,3	True	OK	
assets/SharedDataStrm-part4.pak	sharedassets/springboardentitites/datatables/javelindata_triggervolumepois.datasheet	15	1043	3699	875FDF58	875FDF58	True	18	6	40	1,2,3	True	OK	
assets/SharedDataStrm-part4.pak	sharedassets/springboardentitites/datatables/javelindata_twitchdrops.datasheet	15	884	4013	5E7E91AA	5E7E91AA	True	18	2	52	1	True	OK	
assets/SharedDataStrm-part4.pak	sharedassets/springboardentitites/datatables/javelindata_variations_ai.datasheet	15	210	326	513CABAD	513CABAD	True	18	3	2	1	True	OK	
assets/SharedDataStrm-part4.pak	sharedassets/springboardentitites/datatables/javelindata_variations_gatherables_cinematic.datasheet	15	1164	3010	14435598	14435598	True	18	39	4	1,2	True	OK	
assets/SharedDataStrm-part4.pak	sharedassets/springboardentitites/datatables/javelindata_variations_gatherables_holiday.datasheet	15	710	1279	891A1B45	891A1B45	True	18	29	1	1,2	True	OK	
assets/SharedDataStrm-part4.pak	sharedassets/springboardentitites/datatables/javelindata_variations_gatherables_holiday_proximity.datasheet	15	745	1290	6A914E56	6A914E56	True	18	29	1	1,2	True	OK	
assets/SharedDataStrm-part4.pak	sharedassets/springboardentitites/datatables/javelindata_variations_gatherables_minerals.datasheet	15	6690	51118	D0760514	D0760514	True	18	25	164	1,2,3	True	OK	
assets/SharedDataStrm-part4.pak	sharedassets/springboardentitites/datatables/javelindata_variations_gatherables_npcrescue.datasheet	15	1531	5537	BD8D0ACC	BD8D0ACC	True	18	11	18	1,3	True	OK	
assets/SharedDataStrm-part4.pak	sharedassets/springboardentitites/datatables/javelindata_variations_gatherables_plants.datasheet	15	6113	55208	FFA26C31	FFA26C31	True	18	25	172	1,2	True	OK	
assets/SharedDataStrm-part4.pak	sharedassets/springboardentitites/datatables/javelindata_variations_gatherables_stones.datasheet	15	1049	2712	8F165C20	8F165C20	True	18	18	8	1,2	True	OK	
assets/SharedDataStrm-part4.pak	sharedassets/springboardentitites/datatables/javelindata_variations_locked_interact_gatherables.datasheet	15	833	2759	9E0C8658	9E0C8658	True	18	4	16	1	True	OK	
assets/SharedDataStrm-part4.pak	sharedassets/springboardentitites/datatables/javelindata_variations_npcs_clientpathing_walkaway.datasheet	15	1424	4889	07C88C63	07C88C63	True	18	45	6	1,2	True	OK	
assets/SharedDataStrm-part4.pak	sharedassets/springboardentitites/datatables/javelindata_warboardaggregates.datasheet	15	618	2033	A57C5A19	A57C5A19	True	18	8	21	1,2,3	True	OK	
assets/SharedDataStrm-part4.pak	sharedassets/springboardentitites/datatables/javelindata_whispervfxdata.datasheet	15	757	1423	E8859F0C	E8859F0C	True	18	11	4	1	True	OK	
assets/SharedDataStrm-part4.pak	sharedassets/springboardentitites/datatables/javelindata_worldeventcategories.datasheet	15	369	599	7E755456	7E755456	True	18	3	7	1	True	OK	
assets/SharedDataStrm-part4.pak	sharedassets/springboardentitites/datatables/javelindata_worldeventrules.datasheet	15	586	1044	86C5FA3D	86C5FA3D	True	18	8	6	1,2,3	True	OK	
assets/SharedDataStrm-part5.pak	sharedassets/springboardentitites/datatables/charactertables/adiana_datatables/javelindata_damagetable_adiana_archer.datasheet	15	1506	7465	A44C50F3	A44C50F3	True	18	44	16	1,2,3	True	OK	
assets/SharedDataStrm-part5.pak	sharedassets/springboardentitites/datatables/charactertables/ancientguardian_datatables/javelindata_damagetable_ag_ice_spearman.datasheet	15	1722	7587	BD378447	BD378447	True	18	47	15	1,2,3	True	OK	
assets/SharedDataStrm-part5.pak	sharedassets/springboardentitites/datatables/charactertables/ancientguardian_datatables/javelindata_damagetable_ancientguardianheavyboss.datasheet	15	2258	12827	0632DB6C	0632DB6C	True	18	50	26	1,2,3	True	OK	
assets/SharedDataStrm-part5.pak	sharedassets/springboardentitites/datatables/charactertables/anubianscarab_datatables/javelindata_damagetable_anubianlotusscarab.datasheet	15	1738	7001	B8138DF2	B8138DF2	True	18	48	13	1,2,3	True	OK	
assets/SharedDataStrm-part5.pak	sharedassets/springboardentitites/datatables/charactertables/anubianscarab_datatables/javelindata_damagetable_anubianscarab.datasheet	15	1277	3339	ADF1069F	ADF1069F	True	18	50	4	1,2,3	True	OK	
assets/SharedDataStrm-part5.pak	sharedassets/springboardentitites/datatables/charactertables/armored_dragon/javelindata_damagetable_armoreddragon.datasheet	15	1638	5645	0CFCB1E3	0CFCB1E3	True	18	51	9	1,2,3	True	OK	
assets/SharedDataStrm-part5.pak	sharedassets/springboardentitites/datatables/charactertables/bear_datatables/javelindata_damagetable_bear_black.datasheet	15	1469	4604	A86D349F	A86D349F	True	18	45	8	1,2,3	True	OK	
assets/SharedDataStrm-part5.pak	sharedassets/springboardentitites/datatables/charactertables/bear_datatables/javelindata_damagetable_bear_thorpe_minion.datasheet	15	1559	6049	D3B71D37	D3B71D37	True	18	44	12	1,2,3	True	OK	
assets/SharedDataStrm-part5.pak	sharedassets/springboardentitites/datatables/charactertables/bison_datatables/javelindata_damagetable_bison_strange.datasheet	15	1095	2351	B3250502	B3250502	True	18	47	2	1,2,3	True	OK	
assets/SharedDataStrm-part5.pak	sharedassets/springboardentitites/datatables/charactertables/bomber_datatables/javelindata_damagetable_invasion_bomber.datasheet	15	1109	2367	A089AB81	A089AB81	True	18	47	2	1,2,3	True	OK	
assets/SharedDataStrm-part5.pak	sharedassets/springboardentitites/datatables/charactertables/broken_datatables/javelindata_damagetable_brokenvillager_2haxe.datasheet	15	1764	9073	D2B7E161	D2B7E161	True	18	44	20	1,2,3	True	OK	
assets/SharedDataStrm-part5.pak	sharedassets/springboardentitites/datatables/charactertables/broken_datatables/javelindata_damagetable_brokenvillager_2hpick.datasheet	15	1744	8756	F6E6532B	F6E6532B	True	18	44	19	1,2,3	True	OK	
assets/SharedDataStrm-part5.pak	sharedassets/springboardentitites/datatables/charactertables/broken_datatables/javelindata_damagetable_brokenvillager_knife.datasheet	15	1622	7534	E115D753	E115D753	True	18	44	16	1,2,3	True	OK	
assets/SharedDataStrm-part5.pak	sharedassets/springboardentitites/datatables/charactertables/broken_datatables/javelindata_damagetable_brokenvillager_pitchfork.datasheet	15	1536	6084	13EFA1CB	13EFA1CB	True	18	44	12	1,2,3	True	OK	
assets/SharedDataStrm-part5.pak	sharedassets/springboardentitites/datatables/charactertables/broken_datatables/javelindata_damagetable_brokenvillager_shovel.datasheet	15	1633	7593	1525965E	1525965E	True	18	44	16	1,2,3	True	OK	
assets/SharedDataStrm-part5.pak	sharedassets/springboardentitites/datatables/charactertables/brute_datatables/javelindata_damagetable_brute.datasheet	15	2005	12555	7C10DB5F	7C10DB5F	True	18	45	29	1,2,3	True	OK	
assets/SharedDataStrm-part5.pak	sharedassets/springboardentitites/datatables/charactertables/brute_datatables/javelindata_damagetable_brute_yeti.datasheet	15	1761	7966	E666BA7C	E666BA7C	True	18	50	15	1,2,3	True	OK	
assets/SharedDataStrm-part5.pak	sharedassets/springboardentitites/datatables/charactertables/brute_datatables/javelindata_damagetable_icegolem.datasheet	15	1903	7485	51EAA749	51EAA749	True	18	45	15	1,2,3	True	OK	
assets/SharedDataStrm-part5.pak	sharedassets/springboardentitites/datatables/charactertables/brute_datatables/javelindata_damagetable_swampbeast_openworld.datasheet	15	2184	13796	F7B39CF9	F7B39CF9	True	18	45	32	1,2,3	True	OK	
assets/SharedDataStrm-part5.pak	sharedassets/springboardentitites/datatables/charactertables/catacombsboss_datatables/javelindata_damagetable_catacombs_powerup.datasheet	15	1663	6505	49231A70	49231A70	True	18	51	11	1,2,3	True	OK	
assets/SharedDataStrm-part5.pak	sharedassets/springboardentitites/datatables/charactertables/commanderloth_datatables/javelindata_damagetable_commanderloth.datasheet	15	1740	6387	97BBC4F3	97BBC4F3	True	18	50	11	1,2,3	True	OK	
assets/SharedDataStrm-part5.pak	sharedassets/springboardentitites/datatables/charactertables/damned_datatables/javelindata_damagetable_damned_greataxe.datasheet	15	1461	4712	932AD94D	932AD94D	True	18	50	7	1,2,3	True	OK	
assets/SharedDataStrm-part5.pak	sharedassets/springboardentitites/datatables/charactertables/damned_datatables/javelindata_damagetable_overseerzane.datasheet	15	2482	14507	C161AB96	C161AB96	True	18	51	29	1,2,3	True	OK	
assets/SharedDataStrm-part5.pak	sharedassets/springboardentitites/datatables/charactertables/dryad_datatables/javelindata_damagetable_dryadtendril.datasheet	15	1562	4906	6FA3879A	6FA3879A	True	18	53	7	1,2,3	True	OK	
assets/SharedDataStrm-part5.pak	sharedassets/springboardentitites/datatables/charactertables/dunephantom_datatables/javelindata_damagetable_dunephantom_berserker.datasheet	15	1582	6135	B8FEE1E3	B8FEE1E3	True	18	47	11	1,2,3	True	OK	
assets/SharedDataStrm-part5.pak	sharedassets/springboardentitites/datatables/charactertables/dynasty_datatables/javelindata_damagetable_dynasty_spearman.datasheet	15	2074	9091	8E62B3C8	8E62B3C8	True	18	50	17	1,2,3	True	OK	
assets/SharedDataStrm-part5.pak	sharedassets/springboardentitites/datatables/charactertables/dynasty_datatables/javelindata_damagetable_dynasty_warrior.datasheet	15	1912	6950	E9E55B24	E9E55B24	True	18	50	12	1,2,3	True	OK	
assets/SharedDataStrm-part5.pak	sharedassets/springboardentitites/datatables/charactertables/elk_datatables/javelindata_damagetable_elk_springstag.datasheet	15	1432	4966	E17CEF0B	E17CEF0B	True	18	45	9	1,2,3	True	OK	
assets/SharedDataStrm-part5.pak	sharedassets/springboardentitites/datatables/charactertables/empress_datatables/javelindata_damagetable_empress.datasheet	15	1881	9376	BA0A6443	BA0A6443	True	18	50	18	1,2,3	True	OK	
assets/SharedDataStrm-part5.pak	sharedassets/springboardentitites/datatables/charactertables/empress_datatables/javelindata_damagetable_maiden.datasheet	15	1785	6965	FCAB7825	FCAB7825	True	18	48	13	1,2	True	OK	
assets/SharedDataStrm-part5.pak	sharedassets/springboardentitites/datatables/charactertables/ghastly_datatables/javelindata_damagetable_ghastly_villager_hatchet.datasheet	15	1540	4352	B0853E5E	B0853E5E	True	18	50	6	1,2,3	True	OK	
assets/SharedDataStrm-part5.pak	sharedassets/springboardentitites/datatables/charactertables/ghastly_datatables/javelindata_damagetable_ghastly_villager_sniper.datasheet	15	1572	5170	4540722F	4540722F	True	18	50	8	1,2,3	True	OK	
assets/SharedDataStrm-part5.pak	sharedassets/springboardentitites/datatables/charactertables/ghost_datatables/javelindata_damagetable_ghost_plagued.datasheet	15	1732	6582	61FE19A4	61FE19A4	True	18	48	12	1,2,3	True	OK	
assets/SharedDataStrm-part5.pak	sharedassets/springboardentitites/datatables/charactertables/ghost_datatables/javelindata_damagetable_ghost_shipwrecked.datasheet	15	1785	7049	267D1A2F	267D1A2F	True	18	48	13	1,2,3	True	OK	
assets/SharedDataStrm-part5.pak	sharedassets/springboardentitites/datatables/charactertables/ghost_datatables/javelindata_damagetable_or_ghost_boss.datasheet	15	1759	6578	3D574237	3D574237	True	18	48	12	1,2,3	True	OK	
assets/SharedDataStrm-part5.pak	sharedassets/springboardentitites/datatables/charactertables/gorilla_datatables/javelindata_damagetable_gorillaboss.datasheet	15	2464	23209	832DA07D	832DA07D	True	18	45	56	1,2,3	True	OK	
assets/SharedDataStrm-part5.pak	sharedassets/springboardentitites/datatables/charactertables/grunt_datatables/javelindata_damagetable_bloodbeast.datasheet	15	1322	3845	76B6C852	76B6C852	True	18	46	6	1,2,3	True	OK	
assets/SharedDataStrm-part5.pak	sharedassets/springboardentitites/datatables/charactertables/hercyne_datatables/javelindata_damagetable_hercyneboar.datasheet	15	1596	5718	F69339CA	F69339CA	True	18	45	11	1,2,3	True	OK	
assets/SharedDataStrm-part5.pak	sharedassets/springboardentitites/datatables/charactertables/hercyne_datatables/javelindata_damagetable_hercynereindeer.datasheet	15	1461	4674	2BEB6845	2BEB6845	True	18	46	8	1,2,3	True	OK	
assets/SharedDataStrm-part5.pak	sharedassets/springboardentitites/datatables/charactertables/human_datatables/javelindata_damagetable_evil_knight_bow_icevariant.datasheet	15	1432	4506	7CE93273	7CE93273	True	18	44	8	1,2,3	True	OK	
assets/SharedDataStrm-part5.pak	sharedassets/springboardentitites/datatables/charactertables/human_datatables/javelindata_damagetable_human_caster_icevariant.datasheet	15	1364	4115	AB5F9134	AB5F9134	True	18	44	7	1,2,3	True	OK	
assets/SharedDataStrm-part5.pak	sharedassets/springboardentitites/datatables/charactertables/human_datatables/javelindata_damagetable_human_voidgauntlet.datasheet	15	1392	4482	55D8741D	55D8741D	True	18	44	8	1,2,3	True	OK	
assets/SharedDataStrm-part5.pak	sharedassets/springboardentitites/datatables/charactertables/icedryad_datatables/javelindata_damagetable_icedryad_fiend_shivers.datasheet	15	1497	4782	72554C5D	72554C5D	True	18	43	9	1,2,3	True	OK	
assets/SharedDataStrm-part5.pak	sharedassets/springboardentitites/datatables/charactertables/inquisitor_datatables/javelindata_damagetable_inquisitor_warden.datasheet	15	1899	9799	6A4E43A9	6A4E43A9	True	18	52	18	1,2,3	True	OK	
assets/SharedDataStrm-part5.pak	sharedassets/springboardentitites/datatables/charactertables/isabella_datatables/javelindata_damagetable_isabella_solo_msq2.datasheet	15	2170	15653	7FE3425F	7FE3425F	True	18	48	35	1,2,3	True	OK	
assets/SharedDataStrm-part5.pak	sharedassets/springboardentitites/datatables/charactertables/isleofnight_datatables/javelindata_damagetable_jesteradd_bloodbeast.datasheet	15	1333	3854	8C0BE483	8C0BE483	True	18	46	6	1,2,3	True	OK	
assets/SharedDataStrm-part5.pak	sharedassets/springboardentitites/datatables/charactertables/isleofnight_datatables/javelindata_damagetable_jesteradd_feralghoul.datasheet	15	1398	4866	52C64884	52C64884	True	18	48	8	1,2,3	True	OK	
assets/SharedDataStrm-part5.pak	sharedassets/springboardentitites/datatables/charactertables/legion_datatables/javelindata_damagetable_legion_general_crassus_boss.datasheet	15	2249	14166	C3B33446	C3B33446	True	18	47	31	1,2,3	True	OK	
assets/SharedDataStrm-part5.pak	sharedassets/springboardentitites/datatables/charactertables/legion_datatables/javelindata_damagetable_legion_sagittarii.datasheet	15	1440	4805	71AAF409	71AAF409	True	18	47	8	1,2,3	True	OK	
assets/SharedDataStrm-part5.pak	sharedassets/springboardentitites/datatables/charactertables/lion_datatables/javelindata_damagetable_isabella_tiger.datasheet	15	1666	5838	F24837BF	F24837BF	True	18	49	10	1,2,3	True	OK	
assets/SharedDataStrm-part5.pak	sharedassets/springboardentitites/datatables/charactertables/lion_datatables/javelindata_damagetable_tiger.datasheet	15	1540	5363	9A16C9E1	9A16C9E1	True	18	49	9	1,2,3	True	OK	
assets/SharedDataStrm-part5.pak	sharedassets/springboardentitites/datatables/charactertables/lost_palatine_guards_datatables/javelindata_damagetable_lost_palatine_guards.datasheet	15	2712	21242	8F1C9F80	8F1C9F80	True	18	51	45	1,2,3	True	OK	
assets/SharedDataStrm-part5.pak	sharedassets/springboardentitites/datatables/charactertables/lost_thorpe_datatables/javelindata_damagetable_lost_palatine_guards_shadow.datasheet	15	1704	9877	A0B73A6F	A0B73A6F	True	18	51	19	1,2,3	True	OK	
assets/SharedDataStrm-part5.pak	sharedassets/springboardentitites/datatables/charactertables/lostknights_datatables/javelindata_damagetable_lost_fencer.datasheet	15	1376	4338	DE549D17	DE549D17	True	18	47	7	1,2,3	True	OK	
assets/SharedDataStrm-part5.pak	sharedassets/springboardentitites/datatables/charactertables/questnpc_datatables/javelindata_damagetable_zane_tendril.datasheet	15	1449	4453	F871D552	F871D552	True	18	53	6	1,2,3	True	OK	
assets/SharedDataStrm-part5.pak	sharedassets/springboardentitites/datatables/charactertables/rat_datatables/javelindata_damagetable_rat_hercynerat.datasheet	15	1557	5194	ED33B10B	ED33B10B	True	18	46	9	1,2,3	True	OK	
assets/SharedDataStrm-part5.pak	sharedassets/springboardentitites/datatables/charactertables/reindeer_datatables/javelindata_damagetable_reindeer_bull.datasheet	15	1439	5028	4152086B	4152086B	True	18	45	9	1,2,3	True	OK	
assets/SharedDataStrm-part5.pak	sharedassets/springboardentitites/datatables/charactertables/risen_datatables/javelindata_damagetable_risen.datasheet	15	1690	6397	593CE9C4	593CE9C4	True	18	47	12	1,2,3	True	OK	
assets/SharedDataStrm-part5.pak	sharedassets/springboardentitites/datatables/charactertables/risen_datatables/javelindata_damagetable_swamp_fiend.datasheet	15	1800	7911	378065DD	378065DD	True	18	42	18	1,2,3	True	OK	
assets/SharedDataStrm-part5.pak	sharedassets/springboardentitites/datatables/charactertables/risen_datatables/javelindata_damagetable_withered_feculent.datasheet	15	1567	5175	272BAEEE	272BAEEE	True	18	47	9	1,2,3	True	OK	
assets/SharedDataStrm-part5.pak	sharedassets/springboardentitites/datatables/charactertables/sandelemental_datatables/javelindata_damagetable_sandelemental_questboss.datasheet	15	1582	5863	398293F7	398293F7	True	18	50	10	1,2,3	True	OK	
assets/SharedDataStrm-part5.pak	sharedassets/springboardentitites/datatables/charactertables/sandelemental_datatables/sandelemental_heavy_sandworm.datasheet	15	2001	7639	E271E00E	E271E00E	True	18	49	14	1,2,3	True	OK	
assets/SharedDataStrm-part5.pak	sharedassets/springboardentitites/datatables/charactertables/seasons_datatables/season_02/javelindata_damagetable_malek_bloodofthesands.datasheet	15	1398	4166	E1EC60B3	E1EC60B3	True	18	49	6	1,2,3	True	OK	
assets/SharedDataStrm-part5.pak	sharedassets/springboardentitites/datatables/charactertables/skeleton_datatables/javelindata_damagetable_skeletonclub.datasheet	15	1554	5805	2E6B384D	2E6B384D	True	18	45	11	1,2,3	True	OK	
assets/SharedDataStrm-part5.pak	sharedassets/springboardentitites/datatables/charactertables/spellbot_datatables/javelindata_damagetable_spellbot.datasheet	15	1732	5295	10BB6799	10BB6799	True	18	47	9	1,2,3	True	OK	
assets/SharedDataStrm-part5.pak	sharedassets/springboardentitites/datatables/charactertables/spider_datatables/javelindata_damagetable_spider.datasheet	15	1263	3549	1C99C4ED	1C99C4ED	True	18	46	5	1,2,3	True	OK	
assets/SharedDataStrm-part5.pak	sharedassets/springboardentitites/datatables/charactertables/spriggan_datatables/javelindata_damagetable_adolescentspriggan.datasheet	15	1617	6121	8D3D89DA	8D3D89DA	True	18	48	11	1,2,3	True	OK	
assets/SharedDataStrm-part5.pak	sharedassets/springboardentitites/datatables/charactertables/swarmer_datatables/javelindata_damagetable_corruptedswarmer.datasheet	15	1158	2947	37BCBF7A	37BCBF7A	True	18	44	4	1,2,3	True	OK	
assets/SharedDataStrm-part5.pak	sharedassets/springboardentitites/datatables/charactertables/torsoboss_datatables/javelindata_damagetable_torso_boss.datasheet	15	1686	8320	FCD9298D	FCD9298D	True	18	49	16	1,2,3	True	OK	
assets/SharedDataStrm-part5.pak	sharedassets/springboardentitites/datatables/charactertables/twinjesters_datatables/javelindata_damagetable_lost_twinjesters.datasheet	15	2057	10721	AE4F1C95	AE4F1C95	True	18	47	22	1,2,3	True	OK	
assets/SharedDataStrm-part5.pak	sharedassets/springboardentitites/datatables/charactertables/undead_datatables/javelindata_damagetable_undead_pirate_brute.datasheet	15	1892	8205	483764EE	483764EE	True	18	46	17	1,2,3	True	OK	
assets/SharedDataStrm-part5.pak	sharedassets/springboardentitites/datatables/charactertables/undead_datatables/javelindata_damagetable_undead_sailor.datasheet	15	2149	13611	39A8C685	39A8C685	True	18	45	31	1,2,3	True	OK	
assets/SharedDataStrm-part5.pak	sharedassets/springboardentitites/datatables/charactertables/werebeast_datatables/javelindata_damagetable_werebear.datasheet	15	1603	5771	EFF6AEDF	EFF6AEDF	True	18	45	11	1,2,3	True	OK	
assets/SharedDataStrm-part5.pak	sharedassets/springboardentitites/datatables/charactertables/werebeast_datatables/javelindata_damagetable_werewolf_lord.datasheet	15	1878	8751	1728D016	1728D016	True	18	47	18	1,2,3	True	OK	
assets/SharedDataStrm-part5.pak	sharedassets/springboardentitites/datatables/charactertables/wolf_datatables/javelindata_damagetable_priest_lesser_damned_hound.datasheet	15	1670	7402	7082504B	7082504B	True	18	43	16	1,2,3	True	OK	
assets/SharedDataStrm-part5.pak	sharedassets/springboardentitites/datatables/charactertables/wolf_datatables/javelindata_damagetable_wolf.datasheet	15	1753	6047	C7CAC7AD	C7CAC7AD	True	18	44	12	1,2,3	True	OK	
assets/SharedDataStrm-part5.pak	sharedassets/springboardentitites/datatables/charactertables/wolf_datatables/javelindata_damagetable_wolf_brown.datasheet	15	1449	4769	63C8E69B	63C8E69B	True	18	43	9	1,2,3	True	OK	
assets/SharedDataStrm-part5.pak	sharedassets/springboardentitites/datatables/charactertables/worldboss_datatables/javelindata_damagetable_empress_worldboss.datasheet	15	1870	9389	C1A02C71	C1A02C71	True	18	50	18	1,2,3	True	OK	
assets/SharedDataStrm-part5.pak	sharedassets/springboardentitites/datatables/charactertables/worldboss_datatables/javelindata_damagetable_naga_angryearth_worldboss.datasheet	15	1648	7567	FFF9BED5	FFF9BED5	True	18	47	15	1,2,3	True	OK	
assets/SharedDataStrm-part5.pak	sharedassets/springboardentitites/datatables/cinematics/javelindata_cutscenecamerapresets.datasheet	15	5689	49126	A6F1F247	A6F1F247	True	18	34	141	1,2,3	True	OK	
assets/SharedDataStrm-part5.pak	sharedassets/springboardentitites/datatables/collectibles/javelindata_collectiblerankdata.datasheet	15	1554	30493	E4A96C88	E4A96C88	True	18	12	301	1,2,3	True	OK	
assets/SharedDataStrm-part5.pak	sharedassets/springboardentitites/datatables/collectibles/javelindata_collectiblestaticdata.datasheet	15	330	685	33D4C3FB	33D4C3FB	True	18	6	5	1,2	True	OK	
assets/SharedDataStrm-part5.pak	sharedassets/springboardentitites/datatables/combatsettings/javelindata_combatprofiles.datasheet	15	903	2199	0A075AAE	0A075AAE	True	18	4	29	1	True	OK	
assets/SharedDataStrm-part5.pak	sharedassets/springboardentitites/datatables/combatsettings/javelindata_combatsettings.datasheet	15	2820	53658	D6AFDED1	D6AFDED1	True	18	150	38	1,2,3	True	OK	
assets/SharedDataStrm-part5.pak	sharedassets/springboardentitites/datatables/contribution/javelindata_contribution_darkness.datasheet	15	998	8320	0D6C0F1C	0D6C0F1C	True	18	5	103	1,2,3	True	OK	
assets/SharedDataStrm-part5.pak	sharedassets/springboardentitites/datatables/contribution/javelindata_contribution_defendobject.datasheet	15	388	732	7CF5189D	7CF5189D	True	18	5	8	1,2,3	True	OK	
assets/SharedDataStrm-part5.pak	sharedassets/springboardentitites/datatables/contribution/javelindata_contribution_invasion.datasheet	15	578	1592	8EDCA079	8EDCA079	True	18	5	20	1,2,3	True	OK	
assets/SharedDataStrm-part5.pak	sharedassets/springboardentitites/datatables/costumechanges/javelindata_costumechanges.datasheet	15	1180	4672	EF5AB684	EF5AB684	True	18	14	18	1,2,3	True	OK	
assets/SharedDataStrm-part5.pak	sharedassets/springboardentitites/datatables/dungeonproceduralgeneration/javelindata_dungeonclusters.datasheet	15	364	618	1F2991D3	1F2991D3	True	18	7	2	1,2	True	OK	
assets/SharedDataStrm-part5.pak	sharedassets/springboardentitites/datatables/dungeonproceduralgeneration/javelindata_dungeonrooms.datasheet	15	967	3759	0E159708	0E159708	True	18	18	18	1,2,3	True	OK	
assets/SharedDataStrm-part5.pak	sharedassets/springboardentitites/datatables/equipmentsetbonuses/javelindata_statuseffects_equipmentsetbonusesinfix.datasheet	15	8228	177217	499CDF5C	499CDF5C	True	18	327	61	1,2,3	True	OK	
assets/SharedDataStrm-part5.pak	sharedassets/springboardentitites/datatables/fishing/javelindata_fishing_hotspots.datasheet	15	1640	11410	BE3C11B1	BE3C11B1	True	18	11	87	1,2	True	OK	
assets/SharedDataStrm-part5.pak	sharedassets/springboardentitites/datatables/ftw/javelindata_damagetable_risen_ftw.datasheet	15	1029	2809	AF757214	AF757214	True	18	29	7	1,2	True	OK	
assets/SharedDataStrm-part5.pak	sharedassets/springboardentitites/datatables/impactsystem/impactaudiotable_characters.datasheet	15	4533	68844	8C822A63	8C822A63	True	18	42	183	1	True	OK	
assets/SharedDataStrm-part5.pak	sharedassets/springboardentitites/datatables/impactsystem/impacttable_characters.datasheet	15	7925	82354	14A307B4	14A307B4	True	18	41	189	1	True	OK	
assets/SharedDataStrm-part5.pak	sharedassets/springboardentitites/datatables/isleofnight_tables/javelindata_gatherables_isleofnight.datasheet	15	1695	8965	C20C592E	C20C592E	True	18	47	16	1,2,3	True	OK	
assets/SharedDataStrm-part5.pak	sharedassets/springboardentitites/datatables/isleofnight_tables/javelindata_jointalias_isleofnight.datasheet	15	313	463	F4A11099	F4A11099	True	18	15	0	1	True	OK	
assets/SharedDataStrm-part5.pak	sharedassets/springboardentitites/datatables/isleofnight_tables/javelindata_statuseffects_ai_isleofnight.datasheet	15	12451	472152	EEB3BA96	EEB3BA96	True	18	261	216	1,2,3	True	OK	
assets/SharedDataStrm-part5.pak	sharedassets/springboardentitites/datatables/mtx/javelindata_itemdefinitions_mtx_2023-02.datasheet	15	2456	15494	C26B326C	C26B326C	True	18	88	15	1,2	True	OK	
assets/SharedDataStrm-part5.pak	sharedassets/springboardentitites/datatables/mtx/javelindata_itemdefinitions_mtx_2023-07.datasheet	15	3034	26296	19A24771	19A24771	True	18	88	27	1,2	True	OK	
assets/SharedDataStrm-part5.pak	sharedassets/springboardentitites/datatables/mtx/javelindata_itemdefinitions_mtx_2023-10.datasheet	15	3491	33981	1025BA29	1025BA29	True	18	88	36	1,2	True	OK	
assets/SharedDataStrm-part5.pak	sharedassets/springboardentitites/datatables/mtx/javelindata_itemdefinitions_mtx_2024-12.datasheet	15	2494	14513	01445F81	01445F81	True	18	88	14	1,2	True	OK	
assets/SharedDataStrm-part5.pak	sharedassets/springboardentitites/datatables/playertutorials/javelindata_tutorialtriggerconditionsdata.datasheet	15	6116	43849	81893C58	81893C58	True	18	11	315	1,2	True	OK	
assets/SharedDataStrm-part5.pak	sharedassets/springboardentitites/datatables/pointofinterestdefinitions/javelindata_poidefinitions_04_01.datasheet	15	7320	46950	FCE6C672	FCE6C672	True	18	44	87	1,2,3	True	OK	
assets/SharedDataStrm-part5.pak	sharedassets/springboardentitites/datatables/pointofinterestdefinitions/javelindata_poidefinitions_04_03.datasheet	15	5782	29431	D4AF5D74	D4AF5D74	True	18	33	64	1,2,3	True	OK	
assets/SharedDataStrm-part5.pak	sharedassets/springboardentitites/datatables/pointofinterestdefinitions/javelindata_poidefinitions_05_02.datasheet	15	3625	20054	5A4360BF	5A4360BF	True	18	33	46	1,2,3	True	OK	
assets/SharedDataStrm-part5.pak	sharedassets/springboardentitites/datatables/pointofinterestdefinitions/javelindata_poidefinitions_05_03.datasheet	15	7834	52616	CDB027F9	CDB027F9	True	18	34	119	1,2,3	True	OK	
assets/SharedDataStrm-part5.pak	sharedassets/springboardentitites/datatables/pvp_rewardstrack/javelindata_pvp_rewards_v2.datasheet	15	5107	29924	90F08B72	90F08B72	True	18	13	160	1,2,3	True	OK	
assets/SharedDataStrm-part5.pak	sharedassets/springboardentitites/datatables/pvpbalancetables/javelindata_pvpbalance_outpostrush.datasheet	15	890	2126	4C8F570B	4C8F570B	True	18	12	12	1,2	True	OK	
assets/SharedDataStrm-part5.pak	sharedassets/springboardentitites/datatables/pvpbalancetables/javelindata_pvpbalance_outpostrush_noperks.datasheet	15	897	2142	7382786A	7382786A	True	18	12	12	1,2	True	OK	
assets/SharedDataStrm-part5.pak	sharedassets/springboardentitites/datatables/questdata/conversationstatedata_npc_04293.datasheet	15	500	937	36618891	36618891	True	18	10	3	1	True	OK	
assets/SharedDataStrm-part5.pak	sharedassets/springboardentitites/datatables/questdata/conversationstatedata_npc_04294.datasheet	15	499	936	AE6868B8	AE6868B8	True	18	10	3	1	True	OK	
assets/SharedDataStrm-part5.pak	sharedassets/springboardentitites/datatables/questdata/conversationstatedata_npc_04630.datasheet	15	614	1553	17D5D458	17D5D458	True	18	13	5	1	True	OK	
assets/SharedDataStrm-part5.pak	sharedassets/springboardentitites/datatables/questdata/conversationstatedata_npc_04631.datasheet	15	348	543	6B3682D4	6B3682D4	True	18	8	1	1	True	OK	
assets/SharedDataStrm-part5.pak	sharedassets/springboardentitites/datatables/questdata/conversationstatedata_npc_04636.datasheet	15	582	1273	6D9B2CC9	6D9B2CC9	True	18	12	4	1	True	OK	
assets/SharedDataStrm-part5.pak	sharedassets/springboardentitites/datatables/questdata/conversationstatedata_npc_04667.datasheet	0	141	141	BC43C880	BC43C880	True	18	0	0		True	OK	
assets/SharedDataStrm-part5.pak	sharedassets/springboardentitites/datatables/questdata/conversationstatedata_npc_08012.datasheet	0	141	141	9481D0AE	9481D0AE	True	18	0	0		True	OK	
assets/SharedDataStrm-part5.pak	sharedassets/springboardentitites/datatables/questdata/conversationstatedata_npc_16011.datasheet	15	348	543	20CD5CDD	20CD5CDD	True	18	8	1	1	True	OK	
assets/SharedDataStrm-part5.pak	sharedassets/springboardentitites/datatables/questdata/conversationstatedata_npc_16012.datasheet	15	449	779	58E614B0	58E614B0	True	18	10	2	1	True	OK	
assets/SharedDataStrm-part5.pak	sharedassets/springboardentitites/datatables/questdata/conversationstatedata_npc_16019.datasheet	15	348	543	E2114359	E2114359	True	18	8	1	1	True	OK	
assets/SharedDataStrm-part5.pak	sharedassets/springboardentitites/datatables/questdata/conversationstatedata_npc_16026.datasheet	15	348	543	D5EC0013	D5EC0013	True	18	8	1	1	True	OK	
assets/SharedDataStrm-part5.pak	sharedassets/springboardentitites/datatables/questdata/conversationstatedata_npc_16027.datasheet	15	348	543	200F00C3	200F00C3	True	18	8	1	1	True	OK	
assets/SharedDataStrm-part5.pak	sharedassets/springboardentitites/datatables/questdata/conversationstatedata_npc_16048.datasheet	15	348	543	E4DFBFCE	E4DFBFCE	True	18	8	1	1	True	OK	
assets/SharedDataStrm-part5.pak	sharedassets/springboardentitites/datatables/questdata/conversationstatedata_npc_16077.datasheet	15	348	543	D322FC84	D322FC84	True	18	8	1	1	True	OK	
assets/SharedDataStrm-part5.pak	sharedassets/springboardentitites/datatables/questdata/conversationstatedata_npc_16079.datasheet	15	348	543	4027EB23	4027EB23	True	18	8	1	1	True	OK	
assets/SharedDataStrm-part5.pak	sharedassets/springboardentitites/datatables/questdata/conversationstatedata_npc_16082.datasheet	15	348	543	89A8F11E	89A8F11E	True	18	8	1	1	True	OK	
assets/SharedDataStrm-part5.pak	sharedassets/springboardentitites/datatables/questdata/conversationstatedata_npc_16085.datasheet	15	348	543	2D92F9ED	2D92F9ED	True	18	8	1	1	True	OK	
assets/SharedDataStrm-part5.pak	sharedassets/springboardentitites/datatables/questdata/conversationstatedata_npc_16087.datasheet	15	348	543	1D25FE0C	1D25FE0C	True	18	8	1	1	True	OK	
assets/SharedDataStrm-part5.pak	sharedassets/springboardentitites/datatables/questdata/conversationstatedata_npc_16089.datasheet	15	348	543	8E20E9AB	8E20E9AB	True	18	8	1	1	True	OK	
assets/SharedDataStrm-part5.pak	sharedassets/springboardentitites/datatables/questdata/conversationstatedata_npc_16091.datasheet	15	348	543	CADAC7FB	CADAC7FB	True	18	8	1	1	True	OK	
assets/SharedDataStrm-part5.pak	sharedassets/springboardentitites/datatables/questdata/conversationstatedata_npc_16092.datasheet	15	348	543	0F8EC0CA	0F8EC0CA	True	18	8	1	1	True	OK	
assets/SharedDataStrm-part5.pak	sharedassets/springboardentitites/datatables/questdata/conversationstatedata_npc_16094.datasheet	15	348	543	5E57C8E9	5E57C8E9	True	18	8	1	1	True	OK	
assets/SharedDataStrm-part5.pak	sharedassets/springboardentitites/datatables/questdata/conversationstatedata_npc_16095.datasheet	15	348	543	ABB4C839	ABB4C839	True	18	8	1	1	True	OK	
assets/SharedDataStrm-part5.pak	sharedassets/springboardentitites/datatables/questdata/conversationstatedata_npc_16098.datasheet	15	348	543	FDE5D8AF	FDE5D8AF	True	18	8	1	1	True	OK	
assets/SharedDataStrm-part5.pak	sharedassets/springboardentitites/datatables/questdata/conversationstatedata_npc_16129.datasheet	15	348	543	32322798	32322798	True	18	8	1	1	True	OK	
assets/SharedDataStrm-part5.pak	sharedassets/springboardentitites/datatables/questdata/conversationstatedata_npc_16131.datasheet	15	348	543	76C809C8	76C809C8	True	18	8	1	1	True	OK	
assets/SharedDataStrm-part5.pak	sharedassets/springboardentitites/datatables/questdata/conversationstatedata_npc_16132.datasheet	15	348	543	B39C0EF9	B39C0EF9	True	18	8	1	1	True	OK	
assets/SharedDataStrm-part5.pak	sharedassets/springboardentitites/datatables/questdata/conversationstatedata_npc_16135.datasheet	15	348	543	17A6060A	17A6060A	True	18	8	1	1	True	OK	
assets/SharedDataStrm-part5.pak	sharedassets/springboardentitites/datatables/questdata/conversationstatedata_npc_18008.datasheet	15	455	781	B36CF58A	B36CF58A	True	18	10	2	1	True	OK	
assets/SharedDataStrm-part5.pak	sharedassets/springboardentitites/datatables/questdata/conversationstatedata_npc_18009.datasheet	15	455	781	60C2DBA1	60C2DBA1	True	18	10	2	1	True	OK	
assets/SharedDataStrm-part5.pak	sharedassets/springboardentitites/datatables/questdata/conversationstatedata_npc_18017.datasheet	15	491	919	67A79C67	67A79C67	True	18	12	2	1	True	OK	
assets/SharedDataStrm-part5.pak	sharedassets/springboardentitites/datatables/questdata/conversationstatedata_npc_18033.datasheet	15	491	919	F5F1F328	F5F1F328	True	18	12	2	1	True	OK	
assets/SharedDataStrm-part5.pak	sharedassets/springboardentitites/datatables/questdata/conversationstatedata_npc_18034.datasheet	15	422	723	BE85CD60	BE85CD60	True	18	9	2	1	True	OK	
assets/SharedDataStrm-part5.pak	sharedassets/springboardentitites/datatables/questdata/conversationstatedata_npc_18037.datasheet	15	378	663	4253599A	4253599A	True	18	8	2	1	True	OK	
assets/SharedDataStrm-part5.pak	sharedassets/springboardentitites/datatables/questdata/conversationstatedata_npc_28014.datasheet	15	494	934	F3AA4702	F3AA4702	True	18	10	3	1	True	OK	
assets/SharedDataStrm-part5.pak	sharedassets/springboardentitites/datatables/questdata/conversationstatedata_npc_28018.datasheet	15	371	588	2BC4C17E	2BC4C17E	True	18	9	1	1	True	OK	
assets/SharedDataStrm-part5.pak	sharedassets/springboardentitites/datatables/questdata/conversationstatedata_npc_42002.datasheet	15	348	543	54051195	54051195	True	18	8	1	1	True	OK	
assets/SharedDataStrm-part5.pak	sharedassets/springboardentitites/datatables/questdata/conversationstatedata_npc_61000.datasheet	15	510	960	63381AF5	63381AF5	True	18	10	3	1	True	OK	
assets/SharedDataStrm-part5.pak	sharedassets/springboardentitites/datatables/questdata/conversationtopicdata_npc_03976.datasheet	15	332	639	6927F695	6927F695	True	18	6	2	1	True	OK	
assets/SharedDataStrm-part5.pak	sharedassets/springboardentitites/datatables/questdata/conversationtopicdata_npc_04290.datasheet	15	332	639	FD5973AA	FD5973AA	True	18	6	2	1	True	OK	
assets/SharedDataStrm-part5.pak	sharedassets/springboardentitites/datatables/questdata/conversationtopicdata_npc_04291.datasheet	15	332	639	7909BCBF	7909BCBF	True	18	6	2	1	True	OK	
assets/SharedDataStrm-part5.pak	sharedassets/springboardentitites/datatables/questdata/conversationtopicdata_npc_04629.datasheet	15	332	639	4FCD3F0E	4FCD3F0E	True	18	6	2	1	True	OK	
assets/SharedDataStrm-part5.pak	sharedassets/springboardentitites/datatables/questdata/conversationtopicdata_npc_04633.datasheet	15	303	486	27CB9AF6	27CB9AF6	True	18	6	1	1	True	OK	
assets/SharedDataStrm-part5.pak	sharedassets/springboardentitites/datatables/questdata/conversationtopicdata_npc_04634.datasheet	0	141	141	EEBF9167	EEBF9167	True	18	0	0		True	OK	
assets/SharedDataStrm-part5.pak	sharedassets/springboardentitites/datatables/questdata/conversationtopicdata_npc_04635.datasheet	15	303	486	6AD08559	6AD08559	True	18	6	1	1	True	OK	
assets/SharedDataStrm-part5.pak	sharedassets/springboardentitites/datatables/questdata/conversationtopicdata_npc_04667.datasheet	0	141	141	A31F62B9	A31F62B9	True	18	0	0		True	OK	
assets/SharedDataStrm-part5.pak	sharedassets/springboardentitites/datatables/questdata/conversationtopicdata_npc_08013.datasheet	0	141	141	2EED9E55	2EED9E55	True	18	0	0		True	OK	
assets/SharedDataStrm-part5.pak	sharedassets/springboardentitites/datatables/questdata/conversationtopicdata_npc_16012.datasheet	0	141	141	BC0FE02C	BC0FE02C	True	18	0	0		True	OK	
assets/SharedDataStrm-part5.pak	sharedassets/springboardentitites/datatables/questdata/conversationtopicdata_npc_16029.datasheet	0	141	141	3FAF4B74	3FAF4B74	True	18	0	0		True	OK	
assets/SharedDataStrm-part5.pak	sharedassets/springboardentitites/datatables/questdata/conversationtopicdata_npc_16038.datasheet	0	141	141	EF503CCE	EF503CCE	True	18	0	0		True	OK	
assets/SharedDataStrm-part5.pak	sharedassets/springboardentitites/datatables/questdata/conversationtopicdata_npc_16060.datasheet	0	141	141	BF00D1C0	BF00D1C0	True	18	0	0		True	OK	
assets/SharedDataStrm-part5.pak	sharedassets/springboardentitites/datatables/questdata/conversationtopicdata_npc_16070.datasheet	0	141	141	CACF42B8	CACF42B8	True	18	0	0		True	OK	
assets/SharedDataStrm-part5.pak	sharedassets/springboardentitites/datatables/questdata/conversationtopicdata_npc_16073.datasheet	0	141	141	FEEF69BF	FEEF69BF	True	18	0	0		True	OK	
assets/SharedDataStrm-part5.pak	sharedassets/springboardentitites/datatables/questdata/conversationtopicdata_npc_16081.datasheet	15	303	486	C2F4E22D	C2F4E22D	True	18	6	1	1	True	OK	
assets/SharedDataStrm-part5.pak	sharedassets/springboardentitites/datatables/questdata/conversationtopicdata_npc_16088.datasheet	15	303	486	1FA1CEBB	1FA1CEBB	True	18	6	1	1	True	OK	
assets/SharedDataStrm-part5.pak	sharedassets/springboardentitites/datatables/questdata/conversationtopicdata_npc_16136.datasheet	0	141	141	F06B698A	F06B698A	True	18	0	0		True	OK	
assets/SharedDataStrm-part5.pak	sharedassets/springboardentitites/datatables/questdata/conversationtopicdata_npc_16139.datasheet	0	141	141	14CBEE91	14CBEE91	True	18	0	0		True	OK	
assets/SharedDataStrm-part5.pak	sharedassets/springboardentitites/datatables/questdata/conversationtopicdata_npc_16143.datasheet	0	141	141	3E14EAAA	3E14EAAA	True	18	0	0		True	OK	
assets/SharedDataStrm-part5.pak	sharedassets/springboardentitites/datatables/questdata/conversationtopicdata_npc_16155.datasheet	15	303	486	D6D5DCF6	D6D5DCF6	True	18	6	1	1	True	OK	
assets/SharedDataStrm-part5.pak	sharedassets/springboardentitites/datatables/questdata/conversationtopicdata_npc_16156.datasheet	0	141	141	17BB04DB	17BB04DB	True	18	0	0		True	OK	
assets/SharedDataStrm-part5.pak	sharedassets/springboardentitites/datatables/questdata/conversationtopicdata_npc_16158.datasheet	0	141	141	562B6702	562B6702	True	18	0	0		True	OK	
assets/SharedDataStrm-part5.pak	sharedassets/springboardentitites/datatables/questdata/conversationtopicdata_npc_16161.datasheet	0	141	141	449B039F	449B039F	True	18	0	0		True	OK	
assets/SharedDataStrm-part5.pak	sharedassets/springboardentitites/datatables/questdata/conversationtopicdata_npc_16162.datasheet	15	332	639	4A0FEFC5	4A0FEFC5	True	18	6	2	1	True	OK	
assets/SharedDataStrm-part5.pak	sharedassets/springboardentitites/datatables/questdata/conversationtopicdata_npc_16165.datasheet	0	141	141	BDCB9A54	BDCB9A54	True	18	0	0		True	OK	
assets/SharedDataStrm-part5.pak	sharedassets/springboardentitites/datatables/questdata/conversationtopicdata_npc_16176.datasheet	15	303	486	96D3B11C	96D3B11C	True	18	6	1	1	True	OK	
assets/SharedDataStrm-part5.pak	sharedassets/springboardentitites/datatables/questdata/conversationtopicdata_npc_16184.datasheet	15	303	486	B4515E39	B4515E39	True	18	6	1	1	True	OK	
assets/SharedDataStrm-part5.pak	sharedassets/springboardentitites/datatables/questdata/conversationtopicdata_npc_16187.datasheet	15	303	486	7F6452CE	7F6452CE	True	18	6	1	1	True	OK	
assets/SharedDataStrm-part5.pak	sharedassets/springboardentitites/datatables/questdata/conversationtopicdata_npc_16195.datasheet	15	303	486	6DC594E5	6DC594E5	True	18	6	1	1	True	OK	
assets/SharedDataStrm-part5.pak	sharedassets/springboardentitites/datatables/questdata/conversationtopicdata_npc_16204.datasheet	15	303	486	A74420EA	A74420EA	True	18	6	1	1	True	OK	
assets/SharedDataStrm-part5.pak	sharedassets/springboardentitites/datatables/questdata/conversationtopicdata_npc_18003.datasheet	15	303	486	FBA19134	FBA19134	True	18	6	1	1	True	OK	
assets/SharedDataStrm-part5.pak	sharedassets/springboardentitites/datatables/questdata/conversationtopicdata_npc_18008.datasheet	0	141	141	4D872C98	4D872C98	True	18	0	0		True	OK	
assets/SharedDataStrm-part5.pak	sharedassets/springboardentitites/datatables/questdata/conversationtopicdata_npc_18012.datasheet	0	141	141	808845F2	808845F2	True	18	0	0		True	OK	
assets/SharedDataStrm-part5.pak	sharedassets/springboardentitites/datatables/questdata/conversationtopicdata_npc_18013.datasheet	0	141	141	25B8A130	25B8A130	True	18	0	0		True	OK	
assets/SharedDataStrm-part5.pak	sharedassets/springboardentitites/datatables/questdata/conversationtopicdata_npc_18014.datasheet	0	141	141	E8C813FC	E8C813FC	True	18	0	0		True	OK	
assets/SharedDataStrm-part5.pak	sharedassets/springboardentitites/datatables/questdata/conversationtopicdata_npc_18015.datasheet	15	303	486	1E9BBD35	1E9BBD35	True	18	6	1	1	True	OK	
assets/SharedDataStrm-part5.pak	sharedassets/springboardentitites/datatables/questdata/conversationtopicdata_npc_18016.datasheet	0	141	141	79D8DC39	79D8DC39	True	18	0	0		True	OK	
assets/SharedDataStrm-part5.pak	sharedassets/springboardentitites/datatables/questdata/conversationtopicdata_npc_18018.datasheet	15	303	486	C24179C6	C24179C6	True	18	6	1	1	True	OK	
assets/SharedDataStrm-part5.pak	sharedassets/springboardentitites/datatables/questdata/conversationtopicdata_npc_18025.datasheet	15	303	486	3D89EF86	3D89EF86	True	18	6	1	1	True	OK	
assets/SharedDataStrm-part5.pak	sharedassets/springboardentitites/datatables/questdata/conversationtopicdata_npc_18026.datasheet	15	304	486	0EC50A23	0EC50A23	True	18	6	1	1	True	OK	
assets/SharedDataStrm-part5.pak	sharedassets/springboardentitites/datatables/questdata/conversationtopicdata_npc_18028.datasheet	15	304	486	192AC227	192AC227	True	18	6	1	1	True	OK	
assets/SharedDataStrm-part5.pak	sharedassets/springboardentitites/datatables/questdata/conversationtopicdata_npc_18030.datasheet	15	303	486	1386CF70	1386CF70	True	18	6	1	1	True	OK	
assets/SharedDataStrm-part5.pak	sharedassets/springboardentitites/datatables/questdata/conversationtopicdata_npc_18034.datasheet	0	141	141	0357350C	0357350C	True	18	0	0		True	OK	
assets/SharedDataStrm-part5.pak	sharedassets/springboardentitites/datatables/questdata/conversationtopicdata_npc_18035.datasheet	0	141	141	A667D1CE	A667D1CE	True	18	0	0		True	OK	
assets/SharedDataStrm-part5.pak	sharedassets/springboardentitites/datatables/questdata/conversationtopicdata_npc_18036.datasheet	15	303	486	5E9DD0DF	5E9DD0DF	True	18	6	1	1	True	OK	
assets/SharedDataStrm-part5.pak	sharedassets/springboardentitites/datatables/questdata/conversationtopicdata_npc_18038.datasheet	0	141	141	D3D79910	D3D79910	True	18	0	0		True	OK	
assets/SharedDataStrm-part5.pak	sharedassets/springboardentitites/datatables/questdata/conversationtopicdata_npc_18043.datasheet	15	303	486	36B6554F	36B6554F	True	18	6	1	1	True	OK	
assets/SharedDataStrm-part5.pak	sharedassets/springboardentitites/datatables/questdata/conversationtopicdata_npc_18050.datasheet	15	303	486	55A26A16	55A26A16	True	18	6	1	1	True	OK	
assets/SharedDataStrm-part5.pak	sharedassets/springboardentitites/datatables/questdata/conversationtopicdata_npc_18053.datasheet	15	300	486	9E9766E1	9E9766E1	True	18	6	1	1	True	OK	
assets/SharedDataStrm-part5.pak	sharedassets/springboardentitites/datatables/questdata/conversationtopicdata_npc_18056.datasheet	15	303	486	18B975B9	18B975B9	True	18	6	1	1	True	OK	
assets/SharedDataStrm-part5.pak	sharedassets/springboardentitites/datatables/questdata/conversationtopicdata_npc_18057.datasheet	15	303	486	5E558E14	5E558E14	True	18	6	1	1	True	OK	
assets/SharedDataStrm-part5.pak	sharedassets/springboardentitites/datatables/questdata/conversationtopicdata_npc_18059.datasheet	15	303	486	49BA4610	49BA4610	True	18	6	1	1	True	OK	
assets/SharedDataStrm-part5.pak	sharedassets/springboardentitites/datatables/questdata/conversationtopicdata_npc_18060.datasheet	0	141	141	8387741E	8387741E	True	18	0	0		True	OK	
assets/SharedDataStrm-part5.pak	sharedassets/springboardentitites/datatables/questdata/conversationtopicdata_npc_18062.datasheet	0	141	141	1297BBDB	1297BBDB	True	18	0	0		True	OK	
assets/SharedDataStrm-part5.pak	sharedassets/springboardentitites/datatables/questdata/conversationtopicdata_npc_18063.datasheet	15	303	486	BD853452	BD853452	True	18	6	1	1	True	OK	
assets/SharedDataStrm-part5.pak	sharedassets/springboardentitites/datatables/questdata/conversationtopicdata_npc_20003.datasheet	0	141	141	E1AC4019	E1AC4019	True	18	0	0		True	OK	
assets/SharedDataStrm-part5.pak	sharedassets/springboardentitites/datatables/questdata/conversationtopicdata_npc_20005.datasheet	0	141	141	89EC1617	89EC1617	True	18	0	0		True	OK	
assets/SharedDataStrm-part5.pak	sharedassets/springboardentitites/datatables/questdata/conversationtopicdata_npc_20007.datasheet	0	141	141	18FCD9D2	18FCD9D2	True	18	0	0		True	OK	
assets/SharedDataStrm-part5.pak	sharedassets/springboardentitites/datatables/questdata/conversationtopicdata_npc_28000.datasheet	0	141	141	79A858E0	79A858E0	True	18	0	0		True	OK	
assets/SharedDataStrm-part5.pak	sharedassets/springboardentitites/datatables/questdata/conversationtopicdata_npc_28002.datasheet	15	303	486	0161646D	0161646D	True	18	6	1	1	True	OK	
assets/SharedDataStrm-part5.pak	sharedassets/springboardentitites/datatables/questdata/conversationtopicdata_npc_28004.datasheet	15	303	486	BA6E798D	BA6E798D	True	18	6	1	1	True	OK	
assets/SharedDataStrm-part5.pak	sharedassets/springboardentitites/datatables/questdata/conversationtopicdata_npc_28006.datasheet	0	141	141	11E80EEE	11E80EEE	True	18	0	0		True	OK	
assets/SharedDataStrm-part5.pak	sharedassets/springboardentitites/datatables/questdata/conversationtopicdata_npc_28007.datasheet	0	141	141	B4D8EA2C	B4D8EA2C	True	18	0	0		True	OK	
assets/SharedDataStrm-part5.pak	sharedassets/springboardentitites/datatables/questdata/conversationtopicdata_npc_28011.datasheet	0	141	141	A9572F5A	A9572F5A	True	18	0	0		True	OK	
assets/SharedDataStrm-part5.pak	sharedassets/springboardentitites/datatables/questdata/conversationtopicdata_npc_28012.datasheet	0	141	141	9D77045D	9D77045D	True	18	0	0		True	OK	
assets/SharedDataStrm-part5.pak	sharedassets/springboardentitites/datatables/questdata/conversationtopicdata_npc_42001.datasheet	0	141	141	8DF3835D	8DF3835D	True	18	0	0		True	OK	
assets/SharedDataStrm-part5.pak	sharedassets/springboardentitites/datatables/questdata/npcdata_npc_03976.datasheet	15	253	431	7E5D53D9	7E5D53D9	True	18	6	1	1	True	OK	
assets/SharedDataStrm-part5.pak	sharedassets/springboardentitites/datatables/questdata/npcdata_npc_04291.datasheet	15	292	549	343143AF	343143AF	True	18	8	1	1	True	OK	
assets/SharedDataStrm-part5.pak	sharedassets/springboardentitites/datatables/questdata/npcdata_npc_16003.datasheet	15	352	620	C3760E14	C3760E14	True	18	9	1	1	True	OK	
assets/SharedDataStrm-part5.pak	sharedassets/springboardentitites/datatables/questdata/npcdata_npc_16004.datasheet	15	236	372	2ED72502	2ED72502	True	18	5	1	1	True	OK	
assets/SharedDataStrm-part5.pak	sharedassets/springboardentitites/datatables/questdata/npcdata_npc_16018.datasheet	15	214	313	1544A01C	1544A01C	True	18	4	1	1	True	OK	
assets/SharedDataStrm-part5.pak	sharedassets/springboardentitites/datatables/questdata/npcdata_npc_16020.datasheet	15	214	313	CB2E656C	CB2E656C	True	18	4	1	1	True	OK	
assets/SharedDataStrm-part5.pak	sharedassets/springboardentitites/datatables/questdata/npcdata_npc_16024.datasheet	15	236	372	C302D90E	C302D90E	True	18	5	1	1	True	OK	
assets/SharedDataStrm-part5.pak	sharedassets/springboardentitites/datatables/questdata/npcdata_npc_16025.datasheet	15	236	372	F5BD4F4E	F5BD4F4E	True	18	5	1	1	True	OK	
assets/SharedDataStrm-part5.pak	sharedassets/springboardentitites/datatables/questdata/npcdata_npc_16026.datasheet	15	214	313	C5E6CF37	C5E6CF37	True	18	4	1	1	True	OK	
assets/SharedDataStrm-part5.pak	sharedassets/springboardentitites/datatables/questdata/npcdata_npc_16027.datasheet	15	214	313	9C5282CC	9C5282CC	True	18	4	1	1	True	OK	
assets/SharedDataStrm-part5.pak	sharedassets/springboardentitites/datatables/questdata/npcdata_npc_16029.datasheet	15	214	313	32AB4D8C	32AB4D8C	True	18	4	1	1	True	OK	
assets/SharedDataStrm-part5.pak	sharedassets/springboardentitites/datatables/questdata/npcdata_npc_16030.datasheet	15	214	313	E118FAB5	E118FAB5	True	18	4	1	1	True	OK	
assets/SharedDataStrm-part5.pak	sharedassets/springboardentitites/datatables/questdata/npcdata_npc_16036.datasheet	15	214	313	EFD050EE	EFD050EE	True	18	4	1	1	True	OK	
assets/SharedDataStrm-part5.pak	sharedassets/springboardentitites/datatables/questdata/npcdata_npc_16037.datasheet	15	214	313	B6641D15	B6641D15	True	18	4	1	1	True	OK	
assets/SharedDataStrm-part5.pak	sharedassets/springboardentitites/datatables/questdata/npcdata_npc_16039.datasheet	15	214	313	189DD255	189DD255	True	18	4	1	1	True	OK	
assets/SharedDataStrm-part5.pak	sharedassets/springboardentitites/datatables/questdata/npcdata_npc_16053.datasheet	15	236	372	D9D9C69D	D9D9C69D	True	18	5	1	1	True	OK	
assets/SharedDataStrm-part5.pak	sharedassets/springboardentitites/datatables/questdata/npcdata_npc_16055.datasheet	15	214	313	F9BBC635	F9BBC635	True	18	4	1	1	True	OK	
assets/SharedDataStrm-part5.pak	sharedassets/springboardentitites/datatables/questdata/npcdata_npc_16058.datasheet	15	214	313	BD9EDF78	BD9EDF78	True	18	4	1	1	True	OK	
assets/SharedDataStrm-part5.pak	sharedassets/springboardentitites/datatables/questdata/npcdata_npc_16061.datasheet	15	214	313	3A4057F3	3A4057F3	True	18	4	1	1	True	OK	
assets/SharedDataStrm-part5.pak	sharedassets/springboardentitites/datatables/questdata/npcdata_npc_16062.datasheet	15	214	313	D09C81FE	D09C81FE	True	18	4	1	1	True	OK	
assets/SharedDataStrm-part5.pak	sharedassets/springboardentitites/datatables/questdata/npcdata_npc_16066.datasheet	15	236	372	AEA70BD7	AEA70BD7	True	18	5	1	1	True	OK	
assets/SharedDataStrm-part5.pak	sharedassets/springboardentitites/datatables/questdata/npcdata_npc_16067.datasheet	15	214	313	3488FDA8	3488FDA8	True	18	4	1	1	True	OK	
assets/SharedDataStrm-part5.pak	sharedassets/springboardentitites/datatables/questdata/npcdata_npc_16069.datasheet	15	214	313	9A7132E8	9A7132E8	True	18	4	1	1	True	OK	
assets/SharedDataStrm-part5.pak	sharedassets/springboardentitites/datatables/questdata/npcdata_npc_16082.datasheet	15	214	313	A6EE39A1	A6EE39A1	True	18	4	1	1	True	OK	
assets/SharedDataStrm-part5.pak	sharedassets/springboardentitites/datatables/questdata/npcdata_npc_16090.datasheet	15	236	372	83767EB6	83767EB6	True	18	5	1	1	True	OK	
assets/SharedDataStrm-part5.pak	sharedassets/springboardentitites/datatables/questdata/npcdata_npc_16091.datasheet	15	214	313	66047075	66047075	True	18	4	1	1	True	OK	
assets/SharedDataStrm-part5.pak	sharedassets/springboardentitites/datatables/questdata/npcdata_npc_16095.datasheet	15	214	313	DBA441D8	DBA441D8	True	18	4	1	1	True	OK	
assets/SharedDataStrm-part5.pak	sharedassets/springboardentitites/datatables/questdata/npcdata_npc_16135.datasheet	15	214	313	FA29DA0C	FA29DA0C	True	18	4	1	1	True	OK	
assets/SharedDataStrm-part5.pak	sharedassets/springboardentitites/datatables/questdata/npcdata_npc_16140.datasheet	15	214	313	C8BC7955	C8BC7955	True	18	4	1	1	True	OK	
assets/SharedDataStrm-part5.pak	sharedassets/springboardentitites/datatables/questdata/npcdata_npc_16142.datasheet	15	236	372	7099E110	7099E110	True	18	5	1	1	True	OK	
assets/SharedDataStrm-part5.pak	sharedassets/springboardentitites/datatables/questdata/npcdata_npc_16144.datasheet	15	236	372	C7189490	C7189490	True	18	5	1	1	True	OK	
assets/SharedDataStrm-part5.pak	sharedassets/springboardentitites/datatables/questdata/npcdata_npc_16145.datasheet	15	236	372	F1A702D0	F1A702D0	True	18	5	1	1	True	OK	
assets/SharedDataStrm-part5.pak	sharedassets/springboardentitites/datatables/questdata/npcdata_npc_16147.datasheet	15	214	313	9FC09EF5	9FC09EF5	True	18	4	1	1	True	OK	
assets/SharedDataStrm-part5.pak	sharedassets/springboardentitites/datatables/questdata/npcdata_npc_16152.datasheet	15	214	313	51E27D7A	51E27D7A	True	18	4	1	1	True	OK	
assets/SharedDataStrm-part5.pak	sharedassets/springboardentitites/datatables/questdata/npcdata_npc_16163.datasheet	15	236	372	ABF38B5C	ABF38B5C	True	18	5	1	1	True	OK	
assets/SharedDataStrm-part5.pak	sharedassets/springboardentitites/datatables/questdata/npcdata_npc_16166.datasheet	15	214	313	9219ECBC	9219ECBC	True	18	4	1	1	True	OK	
assets/SharedDataStrm-part5.pak	sharedassets/springboardentitites/datatables/questdata/npcdata_npc_16167.datasheet	15	214	313	CBADA147	CBADA147	True	18	4	1	1	True	OK	
assets/SharedDataStrm-part5.pak	sharedassets/springboardentitites/datatables/questdata/npcdata_npc_16174.datasheet	15	253	431	504B0693	504B0693	True	18	6	1	1	True	OK	
assets/SharedDataStrm-part5.pak	sharedassets/springboardentitites/datatables/questdata/npcdata_npc_16176.datasheet	15	236	372	3158BA1A	3158BA1A	True	18	5	1	1	True	OK	
assets/SharedDataStrm-part5.pak	sharedassets/springboardentitites/datatables/questdata/npcdata_npc_16180.datasheet	15	214	313	EAA3FEB8	EAA3FEB8	True	18	4	1	1	True	OK	
assets/SharedDataStrm-part5.pak	sharedassets/springboardentitites/datatables/questdata/npcdata_npc_16181.datasheet	15	214	313	AA0C8202	AA0C8202	True	18	4	1	1	True	OK	
assets/SharedDataStrm-part5.pak	sharedassets/springboardentitites/datatables/questdata/npcdata_npc_16184.datasheet	15	236	372	C677967B	C677967B	True	18	5	1	1	True	OK	
assets/SharedDataStrm-part5.pak	sharedassets/springboardentitites/datatables/questdata/npcdata_npc_16187.datasheet	15	236	372	9DB72CBB	9DB72CBB	True	18	5	1	1	True	OK	
assets/SharedDataStrm-part5.pak	sharedassets/springboardentitites/datatables/questdata/npcdata_npc_16188.datasheet	15	214	313	4A929BA3	4A929BA3	True	18	4	1	1	True	OK	
assets/SharedDataStrm-part5.pak	sharedassets/springboardentitites/datatables/questdata/npcdata_npc_16196.datasheet	15	214	313	CE5DCB3A	CE5DCB3A	True	18	4	1	1	True	OK	
assets/SharedDataStrm-part5.pak	sharedassets/springboardentitites/datatables/questdata/npcdata_npc_18000.datasheet	15	236	372	BF132A88	BF132A88	True	18	5	1	1	True	OK	
assets/SharedDataStrm-part5.pak	sharedassets/springboardentitites/datatables/questdata/npcdata_npc_18003.datasheet	15	236	372	E4D39048	E4D39048	True	18	5	1	1	True	OK	
assets/SharedDataStrm-part5.pak	sharedassets/springboardentitites/datatables/questdata/npcdata_npc_18004.datasheet	15	236	372	65ED7388	65ED7388	True	18	5	1	1	True	OK	
assets/SharedDataStrm-part5.pak	sharedassets/springboardentitites/datatables/questdata/npcdata_npc_18008.datasheet	15	236	372	D19E9EC9	D19E9EC9	True	18	5	1	1	True	OK	
assets/SharedDataStrm-part5.pak	sharedassets/springboardentitites/datatables/questdata/npcdata_npc_18009.datasheet	15	236	372	E7210889	E7210889	True	18	5	1	1	True	OK	
assets/SharedDataStrm-part5.pak	sharedassets/springboardentitites/datatables/questdata/npcdata_npc_18012.datasheet	15	236	372	A486F80E	A486F80E	True	18	5	1	1	True	OK	
assets/SharedDataStrm-part5.pak	sharedassets/springboardentitites/datatables/questdata/npcdata_npc_18017.datasheet	15	236	372	48C7374E	48C7374E	True	18	5	1	1	True	OK	
assets/SharedDataStrm-part5.pak	sharedassets/springboardentitites/datatables/questdata/npcdata_npc_18018.datasheet	15	236	372	A77460CF	A77460CF	True	18	5	1	1	True	OK	
assets/SharedDataStrm-part5.pak	sharedassets/springboardentitites/datatables/questdata/npcdata_npc_18025.datasheet	15	236	372	BE8719C4	BE8719C4	True	18	5	1	1	True	OK	
assets/SharedDataStrm-part5.pak	sharedassets/springboardentitites/datatables/questdata/npcdata_npc_18026.datasheet	15	236	372	E547A304	E547A304	True	18	5	1	1	True	OK	
assets/SharedDataStrm-part5.pak	sharedassets/springboardentitites/datatables/questdata/npcdata_npc_18032.datasheet	15	236	372	49530402	49530402	True	18	5	1	1	True	OK	
assets/SharedDataStrm-part5.pak	sharedassets/springboardentitites/datatables/questdata/npcdata_npc_18033.datasheet	15	236	372	7FEC9242	7FEC9242	True	18	5	1	1	True	OK	
assets/SharedDataStrm-part5.pak	sharedassets/springboardentitites/datatables/questdata/npcdata_npc_18038.datasheet	15	236	372	4AA19CC3	4AA19CC3	True	18	5	1	1	True	OK	
assets/SharedDataStrm-part5.pak	sharedassets/springboardentitites/datatables/questdata/npcdata_npc_18039.datasheet	15	236	372	7C1E0A83	7C1E0A83	True	18	5	1	1	True	OK	
assets/SharedDataStrm-part5.pak	sharedassets/springboardentitites/datatables/questdata/npcdata_npc_18043.datasheet	15	236	372	E4096E11	E4096E11	True	18	5	1	1	True	OK	
assets/SharedDataStrm-part5.pak	sharedassets/springboardentitites/datatables/questdata/npcdata_npc_18044.datasheet	15	236	372	65378DD1	65378DD1	True	18	5	1	1	True	OK	
assets/SharedDataStrm-part5.pak	sharedassets/springboardentitites/datatables/questdata/npcdata_npc_18046.datasheet	15	252	431	7C3BABF9	7C3BABF9	True	18	6	1	1	True	OK	
assets/SharedDataStrm-part5.pak	sharedassets/springboardentitites/datatables/questdata/npcdata_npc_18061.datasheet	15	252	431	AB57DAC6	AB57DAC6	True	18	6	1	1	True	OK	
assets/SharedDataStrm-part5.pak	sharedassets/springboardentitites/datatables/questdata/npcdata_npc_18062.datasheet	15	236	372	3F63045D	3F63045D	True	18	5	1	1	True	OK	
assets/SharedDataStrm-part5.pak	sharedassets/springboardentitites/datatables/questdata/npcdata_npc_18063.datasheet	15	253	431	D686AF05	D686AF05	True	18	6	1	1	True	OK	
assets/SharedDataStrm-part5.pak	sharedassets/springboardentitites/datatables/questdata/npcdata_npc_18067.datasheet	15	236	372	D322CB1D	D322CB1D	True	18	5	1	1	True	OK	
assets/SharedDataStrm-part5.pak	sharedassets/springboardentitites/datatables/questdata/npcdata_npc_18068.datasheet	15	214	313	3B5C7344	3B5C7344	True	18	4	1	1	True	OK	
assets/SharedDataStrm-part5.pak	sharedassets/springboardentitites/datatables/questdata/npcdata_npc_20004.datasheet	15	253	431	068E01D6	068E01D6	True	18	6	1	1	True	OK	
assets/SharedDataStrm-part5.pak	sharedassets/springboardentitites/datatables/questdata/npcdata_npc_20005.datasheet	15	272	490	D7111860	D7111860	True	18	7	1	1	True	OK	
assets/SharedDataStrm-part5.pak	sharedassets/springboardentitites/datatables/questdata/npcdata_npc_20006.datasheet	15	272	490	4C1FED32	4C1FED32	True	18	7	1	1	True	OK	
assets/SharedDataStrm-part5.pak	sharedassets/springboardentitites/datatables/questdata/objectives_quest_02793.datasheet	15	1034	2003	473213C7	473213C7	True	18	38	1	1	True	OK	
assets/SharedDataStrm-part5.pak	sharedassets/springboardentitites/datatables/questdata/objectives_quest_02795.datasheet	15	1034	2003	88722448	88722448	True	18	38	1	1	True	OK	
assets/SharedDataStrm-part5.pak	sharedassets/springboardentitites/datatables/questdata/objectives_quest_02802.datasheet	15	1038	2003	9384B48F	9384B48F	True	18	38	1	1	True	OK	
assets/SharedDataStrm-part5.pak	sharedassets/springboardentitites/datatables/questdata/objectives_quest_03189.datasheet	15	1033	1889	4FD0D7A7	4FD0D7A7	True	18	36	1	1	True	OK	
assets/SharedDataStrm-part5.pak	sharedassets/springboardentitites/datatables/questdata/objectives_quest_03190.datasheet	15	1032	1891	B254A806	B254A806	True	18	36	1	1	True	OK	
assets/SharedDataStrm-part5.pak	sharedassets/springboardentitites/datatables/questdata/objectives_quest_03197.datasheet	15	1038	1959	FDBA00B4	FDBA00B4	True	18	37	1	1	True	OK	
assets/SharedDataStrm-part5.pak	sharedassets/springboardentitites/datatables/questdata/objectives_quest_03200.datasheet	15	1037	1959	4C0EC04F	4C0EC04F	True	18	37	1	1	True	OK	
assets/SharedDataStrm-part5.pak	sharedassets/springboardentitites/datatables/questdata/objectives_quest_16005.datasheet	15	989	1872	9CD4C6A9	9CD4C6A9	True	18	36	1	1	True	OK	
assets/SharedDataStrm-part5.pak	sharedassets/springboardentitites/datatables/questdata/objectives_quest_16006.datasheet	15	989	1872	B02C2F1C	B02C2F1C	True	18	36	1	1	True	OK	
assets/SharedDataStrm-part5.pak	sharedassets/springboardentitites/datatables/questdata/objectives_quest_16007.datasheet	15	985	1872	F95ADFD0	F95ADFD0	True	18	36	1	1	True	OK	
assets/SharedDataStrm-part5.pak	sharedassets/springboardentitites/datatables/questdata/objectives_quest_16008.datasheet	15	990	1872	4F312077	4F312077	True	18	36	1	1	True	OK	
assets/SharedDataStrm-part5.pak	sharedassets/springboardentitites/datatables/questdata/objectives_quest_16013.datasheet	15	992	1875	2D0F6FC1	2D0F6FC1	True	18	36	1	1	True	OK	
assets/SharedDataStrm-part5.pak	sharedassets/springboardentitites/datatables/questdata/objectives_quest_16014.datasheet	15	940	1561	044E34E3	044E34E3	True	18	31	1	1	True	OK	
assets/SharedDataStrm-part5.pak	sharedassets/springboardentitites/datatables/questdata/objectives_quest_16016.datasheet	15	939	1560	9C8EA1A8	9C8EA1A8	True	18	31	1	1	True	OK	
assets/SharedDataStrm-part5.pak	sharedassets/springboardentitites/datatables/questdata/objectives_quest_16018.datasheet	15	991	1875	2F4AA913	2F4AA913	True	18	36	1	1	True	OK	
assets/SharedDataStrm-part5.pak	sharedassets/springboardentitites/datatables/questdata/objectives_quest_16019.datasheet	15	928	1532	0453448A	0453448A	True	18	31	1	1	True	OK	
assets/SharedDataStrm-part5.pak	sharedassets/springboardentitites/datatables/questdata/objectives_quest_16021.datasheet	15	993	1872	88C48405	88C48405	True	18	36	1	1	True	OK	
assets/SharedDataStrm-part5.pak	sharedassets/springboardentitites/datatables/questdata/objectives_quest_16022.datasheet	15	993	1872	762AC2C4	762AC2C4	True	18	36	1	1	True	OK	
assets/SharedDataStrm-part5.pak	sharedassets/springboardentitites/datatables/questdata/objectives_quest_16023.datasheet	15	993	1872	04A389EA	04A389EA	True	18	36	1	1	True	OK	
assets/SharedDataStrm-part5.pak	sharedassets/springboardentitites/datatables/questdata/objectives_quest_16024.datasheet	15	992	1872	957C71A3	957C71A3	True	18	36	1	1	True	OK	
assets/SharedDataStrm-part5.pak	sharedassets/springboardentitites/datatables/questdata/objectives_quest_16025.datasheet	15	940	1560	F9B183A8	F9B183A8	True	18	31	1	1	True	OK	
assets/SharedDataStrm-part5.pak	sharedassets/springboardentitites/datatables/questdata/objectives_quest_18008.datasheet	15	946	1782	1FF6B58F	1FF6B58F	True	18	34	1	1	True	OK	
assets/SharedDataStrm-part5.pak	sharedassets/springboardentitites/datatables/questdata/objectives_quest_18009.datasheet	15	1012	1888	DC9E472C	DC9E472C	True	18	36	1	1	True	OK	
assets/SharedDataStrm-part5.pak	sharedassets/springboardentitites/datatables/questdata/objectives_quest_18012.datasheet	15	996	1879	CC1ACF24	CC1ACF24	True	18	36	1	1	True	OK	
assets/SharedDataStrm-part5.pak	sharedassets/springboardentitites/datatables/questdata/objectives_quest_18018.datasheet	15	996	1879	68E13A05	68E13A05	True	18	36	1	1	True	OK	
assets/SharedDataStrm-part5.pak	sharedassets/springboardentitites/datatables/questdata/objectives_quest_18019.datasheet	15	996	1879	1AF3A5F5	1AF3A5F5	True	18	36	1	1	True	OK	
assets/SharedDataStrm-part5.pak	sharedassets/springboardentitites/datatables/questdata/objectives_quest_18023.datasheet	15	993	1879	863DC147	863DC147	True	18	36	1	1	True	OK	
assets/SharedDataStrm-part5.pak	sharedassets/springboardentitites/datatables/questdata/objectives_quest_18033.datasheet	15	1007	1890	FB961502	FB961502	True	18	36	1	1	True	OK	
assets/SharedDataStrm-part5.pak	sharedassets/springboardentitites/datatables/questdata/objectives_quest_28004.datasheet	15	990	1869	0636B9B1	0636B9B1	True	18	36	1	1	True	OK	
assets/SharedDataStrm-part5.pak	sharedassets/springboardentitites/datatables/questdata/objectives_quest_28007.datasheet	15	997	1870	91DE82DE	91DE82DE	True	18	36	1	1	True	OK	
assets/SharedDataStrm-part5.pak	sharedassets/springboardentitites/datatables/questdata/objectives_quest_42000.datasheet	15	988	1882	808802E2	808802E2	True	18	36	1	1	True	OK	
assets/SharedDataStrm-part5.pak	sharedassets/springboardentitites/datatables/questdata/objectivetasks_quest_02790.datasheet	15	1610	7172	055A6D4C	055A6D4C	True	18	46	13	1	True	OK	
assets/SharedDataStrm-part5.pak	sharedassets/springboardentitites/datatables/questdata/objectivetasks_quest_02797.datasheet	15	1419	4864	62067A96	62067A96	True	18	45	8	1	True	OK	
assets/SharedDataStrm-part5.pak	sharedassets/springboardentitites/datatables/questdata/objectivetasks_quest_02802.datasheet	15	1494	8176	4475D5CF	4475D5CF	True	18	43	18	1	True	OK	
assets/SharedDataStrm-part5.pak	sharedassets/springboardentitites/datatables/questdata/objectivetasks_quest_03194.datasheet	15	2106	12253	609E6F07	609E6F07	True	18	47	24	1	True	OK	
assets/SharedDataStrm-part5.pak	sharedassets/springboardentitites/datatables/questdata/objectivetasks_quest_03200.datasheet	15	1448	5468	C80360A8	C80360A8	True	18	45	9	1	True	OK	
assets/SharedDataStrm-part5.pak	sharedassets/springboardentitites/datatables/questdata/objectivetasks_quest_08016.datasheet	15	1100	2356	0B717DDE	0B717DDE	True	18	38	3	1	True	OK	
assets/SharedDataStrm-part5.pak	sharedassets/springboardentitites/datatables/questdata/objectivetasks_quest_16011.datasheet	15	1137	2499	A00D9F65	A00D9F65	True	18	39	3	1	True	OK	
assets/SharedDataStrm-part5.pak	sharedassets/springboardentitites/datatables/questdata/objectivetasks_quest_16019.datasheet	15	1658	7419	8BC195F7	8BC195F7	True	18	46	13	1	True	OK	
assets/SharedDataStrm-part5.pak	sharedassets/springboardentitites/datatables/questdata/objectivetasks_quest_16032.datasheet	15	2215	12290	EFD3BC69	EFD3BC69	True	18	55	20	1	True	OK	
assets/SharedDataStrm-part5.pak	sharedassets/springboardentitites/datatables/questdata/objectivetasks_quest_18003.datasheet	15	1401	4314	E5B8EB24	E5B8EB24	True	18	43	7	1	True	OK	
assets/SharedDataStrm-part5.pak	sharedassets/springboardentitites/datatables/questdata/objectivetasks_quest_18004.datasheet	15	1166	2448	F0985FA0	F0985FA0	True	18	39	3	1	True	OK	
assets/SharedDataStrm-part5.pak	sharedassets/springboardentitites/datatables/questdata/objectivetasks_quest_18005.datasheet	15	1437	5246	8F5FD7EC	8F5FD7EC	True	18	47	8	1	True	OK	
assets/SharedDataStrm-part5.pak	sharedassets/springboardentitites/datatables/questdata/objectivetasks_quest_18008.datasheet	15	1177	2572	9D09B238	9D09B238	True	18	41	3	1	True	OK	
assets/SharedDataStrm-part5.pak	sharedassets/springboardentitites/datatables/questdata/objectivetasks_quest_18010.datasheet	15	2092	11373	E0178EEA	E0178EEA	True	18	49	20	1	True	OK	
assets/SharedDataStrm-part5.pak	sharedassets/springboardentitites/datatables/questdata/objectivetasks_quest_18012.datasheet	15	1999	11000	5965482F	5965482F	True	18	53	18	1	True	OK	
assets/SharedDataStrm-part5.pak	sharedassets/springboardentitites/datatables/questdata/objectivetasks_quest_18013.datasheet	15	1390	4166	069A5F00	069A5F00	True	18	45	6	1	True	OK	
assets/SharedDataStrm-part5.pak	sharedassets/springboardentitites/datatables/questdata/objectivetasks_quest_18021.datasheet	15	1549	6067	5B4FB09E	5B4FB09E	True	18	49	9	1	True	OK	
assets/SharedDataStrm-part5.pak	sharedassets/springboardentitites/datatables/questdata/objectivetasks_quest_18025.datasheet	15	1512	5093	A2D1EEF7	A2D1EEF7	True	18	46	8	1	True	OK	
assets/SharedDataStrm-part5.pak	sharedassets/springboardentitites/datatables/questdata/objectivetasks_quest_18026.datasheet	15	1532	6906	9FC6C298	9FC6C298	True	18	48	11	1	True	OK	
assets/SharedDataStrm-part5.pak	sharedassets/springboardentitites/datatables/questdata/objectivetasks_quest_18028.datasheet	15	2006	9103	1BB42C3E	1BB42C3E	True	18	53	14	1	True	OK	
assets/SharedDataStrm-part5.pak	sharedassets/springboardentitites/datatables/questdata/objectivetasks_quest_20003.datasheet	15	1345	3448	622A5211	622A5211	True	18	41	5	1	True	OK	
assets/SharedDataStrm-part5.pak	sharedassets/springboardentitites/datatables/questdata/objectivetasks_quest_20004.datasheet	15	1299	3723	555A64CE	555A64CE	True	18	41	6	1	True	OK	
assets/SharedDataStrm-part5.pak	sharedassets/springboardentitites/datatables/questdata/objectivetasks_quest_28006.datasheet	15	2854	21120	41637A86	41637A86	True	18	52	39	1	True	OK	
assets/SharedDataStrm-part5.pak	sharedassets/springboardentitites/datatables/questdata/objectivetasks_quest_28008.datasheet	15	2348	23090	A95DB09E	A95DB09E	True	18	54	44	1	True	OK	
assets/SharedDataStrm-part5.pak	sharedassets/springboardentitites/datatables/questdata/objectivetasks_quest_28009.datasheet	15	1640	6783	DEE7CF5A	DEE7CF5A	True	18	49	11	1	True	OK	
assets/SharedDataStrm-part5.pak	sharedassets/springboardentitites/datatables/questdata/objectivetasks_quest_42000.datasheet	15	1096	2429	B4A09427	B4A09427	True	18	38	3	1	True	OK	
assets/SharedDataStrm-part5.pak	sharedassets/springboardentitites/datatables/questdata/objectivetasks_quest_42001.datasheet	15	1097	2429	62FEAF3E	62FEAF3E	True	18	38	3	1	True	OK	
assets/SharedDataStrm-part5.pak	sharedassets/springboardentitites/datatables/questgameevents/javelindata_02a_gameevents.datasheet	15	1618	7755	C43F26D9	C43F26D9	True	18	28	24	1,2,3	True	OK	
assets/SharedDataStrm-part5.pak	sharedassets/springboardentitites/datatables/questgameevents/javelindata_06_gameevents.datasheet	15	609	903	D50D6E56	D50D6E56	True	18	28	0	1,2,3	True	OK	
assets/SharedDataStrm-part5.pak	sharedassets/springboardentitites/datatables/questgameevents/javelindata_10a_gameevents.datasheet	15	1878	20517	DBFEB02C	DBFEB02C	True	18	29	76	1,2,3	True	OK	
assets/SharedDataStrm-part5.pak	sharedassets/springboardentitites/datatables/questgameevents/javelindata_75_gameevents.datasheet	15	825	1464	9EB5CFAD	9EB5CFAD	True	18	27	2	1,2,3	True	OK	
assets/SharedDataStrm-part5.pak	sharedassets/springboardentitites/datatables/questgameevents/javelindata_92_gameevents.datasheet	15	1702	12400	31D38F46	31D38F46	True	18	28	43	1,2,3	True	OK	
assets/SharedDataStrm-part5.pak	sharedassets/springboardentitites/datatables/questgameevents/javelindata_95_gameevents.datasheet	15	1785	9357	53B31D30	53B31D30	True	18	28	29	1,2,3	True	OK	
assets/SharedDataStrm-part5.pak	sharedassets/springboardentitites/datatables/questgameevents/javelindata_95a_gameevents.datasheet	15	1034	4493	4DD4FA59	4DD4FA59	True	18	28	14	1,2,3	True	OK	
assets/SharedDataStrm-part5.pak	sharedassets/springboardentitites/datatables/questgameevents/javelindata_99e_gameevents.datasheet	15	2340	25601	C84921D0	C84921D0	True	18	28	91	1,2,3	True	OK	
assets/SharedDataStrm-part5.pak	sharedassets/springboardentitites/datatables/questgameevents/javelindata_voicedlore_gameevents.datasheet	15	500	717	AAE7116B	AAE7116B	True	18	21	0	1,2,3	True	OK	
assets/SharedDataStrm-part5.pak	sharedassets/springboardentitites/datatables/quests/02_brightwood/javelindata_02_npcs.datasheet	15	399	892	A966E4F4	A966E4F4	True	18	24	0	1	True	OK	
assets/SharedDataStrm-part5.pak	sharedassets/springboardentitites/datatables/quests/12_monarchsbluffs/javelindata_12_npcs.datasheet	15	399	892	BD5CC1DB	BD5CC1DB	True	18	24	0	1	True	OK	
assets/SharedDataStrm-part5.pak	sharedassets/springboardentitites/datatables/quests/75_devworld_blue/javelindata_75_npcs.datasheet	15	697	2538	BCF65290	BCF65290	True	18	38	4	1	True	OK	
assets/SharedDataStrm-part5.pak	sharedassets/springboardentitites/datatables/quests/75_devworld_blue/javelindata_75_objectivetasks.datasheet	15	1533	4618	BBCA6DE2	BBCA6DE2	True	18	58	5	1,2,3	True	OK	
assets/SharedDataStrm-part5.pak	sharedassets/springboardentitites/datatables/quests/console/c02a_brightwood/javelindata_c02a_npcs.datasheet	15	2130	12661	61099DBA	61099DBA	True	18	24	42	1	True	OK	
assets/SharedDataStrm-part5.pak	sharedassets/springboardentitites/datatables/quests/console/c03_greatcleave/javelindata_c03_conversationstate.datasheet	15	3282	33654	A4F03F68	A4F03F68	True	18	34	97	1,2,3	True	OK	
assets/SharedDataStrm-part5.pak	sharedassets/springboardentitites/datatables/quests/console/c03_greatcleave/javelindata_c03_npcs.datasheet	15	1992	13637	B56D1D1F	B56D1D1F	True	18	24	50	1	True	OK	
assets/SharedDataStrm-part5.pak	sharedassets/springboardentitites/datatables/quests/console/c03_greatcleave/javelindata_c03_objectivetasks.datasheet	15	18720	419261	4B7403EB	4B7403EB	True	18	63	745	1,2,3	True	OK	
assets/SharedDataStrm-part5.pak	sharedassets/springboardentitites/datatables/quests/console/c04a_everfall/javelindata_c04a_conversationtopics.datasheet	15	1259	4783	12E0BE4B	12E0BE4B	True	18	7	24	1	True	OK	
assets/SharedDataStrm-part5.pak	sharedassets/springboardentitites/datatables/quests/console/c05_reekwater/javelindata_c05_objectivetasks.datasheet	15	14663	306442	9D203FD6	9D203FD6	True	18	65	525	1,2,3	True	OK	
assets/SharedDataStrm-part5.pak	sharedassets/springboardentitites/datatables/quests/console/c06a_windsward/javelindata_c06a_objectives.datasheet	15	5519	33606	0A3A2988	0A3A2988	True	18	44	50	1,2	True	OK	
assets/SharedDataStrm-part5.pak	sharedassets/springboardentitites/datatables/quests/console/c07_shatteredmoutain/javelindata_c07_objectivetasks.datasheet	15	16559	355337	256F33F9	256F33F9	True	18	64	620	1,2,3	True	OK	
assets/SharedDataStrm-part5.pak	sharedassets/springboardentitites/datatables/quests/console/c09a_firstlight/javelindata_c09a_conversationstate.datasheet	15	6240	69240	E0B9A6F9	E0B9A6F9	True	18	33	212	1,2,3	True	OK	
assets/SharedDataStrm-part5.pak	sharedassets/springboardentitites/datatables/quests/console/c09a_firstlight/javelindata_c09a_conversationtopics.datasheet	15	1399	6340	58FA463C	58FA463C	True	18	7	42	1	True	OK	
assets/SharedDataStrm-part5.pak	sharedassets/springboardentitites/datatables/quests/console/c11_mourningdale/javelindata_c11_conversationstate.datasheet	15	2772	27350	06E89386	06E89386	True	18	34	80	1,3	True	OK	
assets/SharedDataStrm-part5.pak	sharedassets/springboardentitites/datatables/quests/console/c12a_monarchsbluffs/javelindata_c12a_objectives.datasheet	15	6084	38781	B1872DEC	B1872DEC	True	18	44	57	1,2,3	True	OK	
assets/SharedDataStrm-part5.pak	sharedassets/springboardentitites/datatables/quests/console/c14_edengrove/javelindata_c14_objectivetasks.datasheet	15	19383	426547	E5F87ACE	E5F87ACE	True	18	65	736	1,2,3	True	OK	
assets/SharedDataStrm-part5.pak	sharedassets/springboardentitites/datatables/quests/console/c80_holidays/javelindata_c80_conversationstates.datasheet	15	1726	14930	E5A5E841	E5A5E841	True	18	34	38	1,2,3	True	OK	
assets/SharedDataStrm-part5.pak	sharedassets/springboardentitites/datatables/quests/console/c80_holidays/javelindata_c80_npcs.datasheet	15	1031	5278	9CABB438	9CABB438	True	18	25	13	1	True	OK	
assets/SharedDataStrm-part5.pak	sharedassets/springboardentitites/datatables/quests/console/c80_holidays/javelindata_c80_objectives.datasheet	15	1798	7510	AB1B94F5	AB1B94F5	True	18	42	9	1,2,3	True	OK	
assets/SharedDataStrm-part5.pak	sharedassets/springboardentitites/datatables/quests/console/c81_pushquests/javelindata_c81_npcs.datasheet	15	461	1163	58E3D8A7	58E3D8A7	True	18	24	1	1	True	OK	
assets/SharedDataStrm-part5.pak	sharedassets/springboardentitites/datatables/quests/console/c81_pushquests/javelindata_c81_objectivetasks.datasheet	15	2836	28016	D74F1437	D74F1437	True	18	65	44	1,2,3	True	OK	
assets/SharedDataStrm-part5.pak	sharedassets/springboardentitites/datatables/quests/console/c91_fishing/javelindata_c91_conversationstates.datasheet	15	1490	8730	606B9933	606B9933	True	18	34	22	1,3	True	OK	
assets/SharedDataStrm-part5.pak	sharedassets/springboardentitites/datatables/quests/console/c95_seasons/javelindata_c95_objectives.datasheet	15	1731	5919	FD32685E	FD32685E	True	18	43	6	1,2,3	True	OK	
assets/SharedDataStrm-part5.pak	sharedassets/springboardentitites/datatables/quests/console/c95_seasons/javelindata_c95_objectivetasks.datasheet	15	10332	195701	7646EA1E	7646EA1E	True	18	66	324	1,2,3	True	OK	
assets/SharedDataStrm-part5.pak	sharedassets/springboardentitites/datatables/quests/console/c95_seasons_s04/javelindata_c95_s04_conversationtopics.datasheet	15	549	1574	A4D3F78E	A4D3F78E	True	18	8	6	1	True	OK	
assets/SharedDataStrm-part5.pak	sharedassets/springboardentitites/datatables/quests/console/c95_seasons_s04/javelindata_c95_s04_npcs.datasheet	15	1152	4616	DEE6D849	DEE6D849	True	18	25	12	1	True	OK	
assets/SharedDataStrm-part5.pak	sharedassets/springboardentitites/datatables/quests/console/c95_seasons_s04/javelindata_c95_s04_objectives.datasheet	15	1360	3399	5324C10F	5324C10F	True	18	43	3	1,2	True	OK	
assets/SharedDataStrm-part5.pak	sharedassets/springboardentitites/datatables/quests/console/c95a_seasons_s02/javelindata_c95a_conversationstates.datasheet	15	1282	7007	F9ACE4A5	F9ACE4A5	True	18	34	17	1,2,3	True	OK	
assets/SharedDataStrm-part5.pak	sharedassets/springboardentitites/datatables/quests/console/c95a_seasons_s02/javelindata_c95a_objectivetasks.datasheet	15	5434	72472	F04F29B1	F04F29B1	True	18	66	116	1,2,3	True	OK	
assets/SharedDataStrm-part5.pak	sharedassets/springboardentitites/datatables/quests/console/c99a_msq/javelindata_c99a_conversationstates.datasheet	15	2445	19568	3EB93D15	3EB93D15	True	18	34	54	1,3	True	OK	
assets/SharedDataStrm-part5.pak	sharedassets/springboardentitites/datatables/quests/console/c99a_msq/javelindata_c99a_conversationtopics.datasheet	15	771	1962	5313A01F	5313A01F	True	18	7	10	1	True	OK	
assets/SharedDataStrm-part5.pak	sharedassets/springboardentitites/datatables/quests/console/c99a_msq/javelindata_c99a_npcs.datasheet	15	1067	4458	6A87F92D	6A87F92D	True	18	24	12	1	True	OK	
assets/SharedDataStrm-part5.pak	sharedassets/springboardentitites/datatables/quests/console/c99a_msq/javelindata_c99a_objectives.datasheet	15	2755	12651	ACC6EF01	ACC6EF01	True	18	42	16	1,2,3	True	OK	
assets/SharedDataStrm-part5.pak	sharedassets/springboardentitites/datatables/quests/console/c99a_msq/javelindata_c99a_objectivetasks.datasheet	15	12690	190165	58BE59FE	58BE59FE	True	18	64	321	1,2,3	True	OK	
assets/SharedDataStrm-part5.pak	sharedassets/springboardentitites/datatables/quests/console/c99b_msq_brightwood/javelindata_c99b_conversationstates.datasheet	15	3226	25695	542CA06C	542CA06C	True	18	35	67	1,3	True	OK	
assets/SharedDataStrm-part5.pak	sharedassets/springboardentitites/datatables/quests/console/c99b_msq_brightwood/javelindata_c99b_objectives.datasheet	15	2600	13478	2CD3277B	2CD3277B	True	18	42	20	1,2,3	True	OK	
assets/SharedDataStrm-part5.pak	sharedassets/springboardentitites/datatables/quests/console/c99b_msq_brightwood/javelindata_c99b_objectivetasks.datasheet	15	13243	208778	5E3C37D0	5E3C37D0	True	18	64	350	1,2,3	True	OK	
assets/SharedDataStrm-part5.pak	sharedassets/springboardentitites/datatables/quests/console/c99c_msq_weaversfen/javelindata_c99c_conversationtopics.datasheet	15	624	1595	21EC9DAB	21EC9DAB	True	18	7	7	1	True	OK	
assets/SharedDataStrm-part5.pak	sharedassets/springboardentitites/datatables/quests/console/c99d_msq_greatcleave/javelindata_c99d_conversationtopics.datasheet	15	847	2882	1B887587	1B887587	True	18	7	16	1	True	OK	
assets/SharedDataStrm-part5.pak	sharedassets/springboardentitites/datatables/quests/console/c99d_msq_greatcleave/javelindata_c99d_objectivetasks.datasheet	15	12531	221330	48FCDF35	48FCDF35	True	18	64	375	1,2,3	True	OK	
assets/SharedDataStrm-part5.pak	sharedassets/springboardentitites/datatables/quests/console/c99e_msq_edengrove/javelindata_c99e_npcs.datasheet	15	1340	11616	B985835E	B985835E	True	18	24	45	1	True	OK	
assets/SharedDataStrm-part5.pak	sharedassets/springboardentitites/datatables/quests/console/c99e_msq_edengrove/javelindata_c99e_objectivetasks.datasheet	15	17468	296710	2A8CE8CB	2A8CE8CB	True	18	64	500	1,2,3	True	OK	
assets/SharedDataStrm-part5.pak	sharedassets/springboardentitites/datatables/quests/console/c99f_msq_ebonscale/javelindata_c99f_conversationtopics.datasheet	15	1018	4580	8B4E75F2	8B4E75F2	True	18	7	24	1	True	OK	
assets/SharedDataStrm-part5.pak	sharedassets/springboardentitites/datatables/quests/console/c99f_msq_ebonscale/javelindata_c99f_npcs.datasheet	15	1325	10150	2A164A18	2A164A18	True	18	24	41	1	True	OK	
assets/SharedDataStrm-part5.pak	sharedassets/springboardentitites/datatables/quests/console/c99f_msq_ebonscale/javelindata_c99f_objectives.datasheet	15	2582	12693	D4CA6564	D4CA6564	True	18	42	19	1,2,3	True	OK	
assets/SharedDataStrm-part5.pak	sharedassets/springboardentitites/datatables/quests/console/c99g_msq_shattered/javelindata_c99g_conversationtopics.datasheet	15	1106	5091	17739814	17739814	True	18	7	26	1	True	OK	
assets/SharedDataStrm-part5.pak	sharedassets/springboardentitites/datatables/quests/console/c99g_msq_shattered/javelindata_c99g_objectivetasks.datasheet	15	14218	242998	2C764849	2C764849	True	18	64	408	1,2,3	True	OK	
assets/SharedDataStrm-part5.pak	sharedassets/springboardentitites/datatables/seasonsrewards/season1/javelindata_chapterdata_season1.datasheet	15	389	785	30904654	30904654	True	18	5	6	1,2	True	OK	
assets/SharedDataStrm-part5.pak	sharedassets/springboardentitites/datatables/seasonsrewards/season1/javelindata_seasonpassdata_season1.datasheet	15	991	9327	A1C7C7E4	A1C7C7E4	True	18	5	101	1,2	True	OK	
assets/SharedDataStrm-part5.pak	sharedassets/springboardentitites/datatables/seasonsrewards/season1/javelindata_seasonsrewardscarddata_s1.datasheet	15	235	338	2C81EBDA	2C81EBDA	True	18	5	1	1,2	True	OK	
assets/SharedDataStrm-part5.pak	sharedassets/springboardentitites/datatables/seasonsrewards/season10/javelindata_chapterdata_season10.datasheet	15	416	949	8E4CD2B2	8E4CD2B2	True	18	7	6	1,2	True	OK	
assets/SharedDataStrm-part5.pak	sharedassets/springboardentitites/datatables/seasonsrewards/season10/javelindata_seasonsrewardsactivitiesconfig_s10.datasheet	15	202	286	D3910580	D3910580	True	18	2	2	1,2	True	OK	
assets/SharedDataStrm-part5.pak	sharedassets/springboardentitites/datatables/seasonsrewards/season10/javelindata_seasonsrewardscarddata_s10.datasheet	15	237	338	887FB515	887FB515	True	18	5	1	1,2	True	OK	
assets/SharedDataStrm-part5.pak	sharedassets/springboardentitites/datatables/seasonsrewards/season10/javelindata_seasonsrewardsjourney_season10.datasheet	15	958	4507	E3F3765C	E3F3765C	True	18	5	45	1,2	True	OK	
assets/SharedDataStrm-part5.pak	sharedassets/springboardentitites/datatables/seasonsrewards/season2/javelindata_seasonpassdata_season2.datasheet	15	994	9327	5F3CDDBF	5F3CDDBF	True	18	5	101	1,2	True	OK	
assets/SharedDataStrm-part5.pak	sharedassets/springboardentitites/datatables/seasonsrewards/season2/javelindata_seasonsrewardscardtemplates_s2.datasheet	15	787	5170	74D33B82	74D33B82	True	18	13	40	1,2	True	OK	
assets/SharedDataStrm-part5.pak	sharedassets/springboardentitites/datatables/seasonsrewards/season3/javelindata_rewarddata_season3.datasheet	15	6041	36784	2A1A61B8	2A1A61B8	True	18	9	292	1,2	True	OK	
assets/SharedDataStrm-part5.pak	sharedassets/springboardentitites/datatables/seasonsrewards/season3/javelindata_seasonsrewardsactivitiesconfig_s3.datasheet	15	202	285	D6831896	D6831896	True	18	2	2	1,2	True	OK	
assets/SharedDataStrm-part5.pak	sharedassets/springboardentitites/datatables/seasonsrewards/season3/javelindata_seasonsrewardscardtemplates_s3.datasheet	15	787	5170	20F65453	20F65453	True	18	13	40	1,2	True	OK	
assets/SharedDataStrm-part5.pak	sharedassets/springboardentitites/datatables/seasonsrewards/season3/javelindata_seasonsrewardsjourney_season3.datasheet	15	2107	7355	EE3526AB	EE3526AB	True	18	5	70	1,2	True	OK	
assets/SharedDataStrm-part5.pak	sharedassets/springboardentitites/datatables/seasonsrewards/season4/javelindata_chapterdata_season4.datasheet	15	395	785	2F4AD810	2F4AD810	True	18	5	6	1,2	True	OK	
assets/SharedDataStrm-part5.pak	sharedassets/springboardentitites/datatables/seasonsrewards/season4/javelindata_seasonsrewardsactivitiesconfig_s4.datasheet	15	202	285	275BEE89	275BEE89	True	18	2	2	1,2	True	OK	
assets/SharedDataStrm-part5.pak	sharedassets/springboardentitites/datatables/seasonsrewards/season4/javelindata_seasonsrewardscardtemplates_s4.datasheet	15	786	5169	E7C2772E	E7C2772E	True	18	13	40	1,2	True	OK	
assets/SharedDataStrm-part5.pak	sharedassets/springboardentitites/datatables/seasonsrewards/season5/javelindata_chapterdata_season5.datasheet	15	395	785	8D6B71E5	8D6B71E5	True	18	5	6	1,2	True	OK	
assets/SharedDataStrm-part5.pak	sharedassets/springboardentitites/datatables/seasonsrewards/season5/javelindata_seasonsrewardsactivitiestasks_s5.datasheet	15	1905	6987	65575586	65575586	True	18	5	57	1	True	OK	
assets/SharedDataStrm-part5.pak	sharedassets/springboardentitites/datatables/seasonsrewards/season5/javelindata_seasonsrewardscarddata_s5.datasheet	15	236	337	9A980896	9A980896	True	18	5	1	1,2	True	OK	
assets/SharedDataStrm-part5.pak	sharedassets/springboardentitites/datatables/seasonsrewards/season6/javelindata_chapterdata_season6.datasheet	15	395	785	B0788DBB	B0788DBB	True	18	5	6	1,2	True	OK	
assets/SharedDataStrm-part5.pak	sharedassets/springboardentitites/datatables/seasonsrewards/season6/javelindata_seasonpassdata_season6.datasheet	15	992	9327	D2E9FCDA	D2E9FCDA	True	18	5	101	1,2	True	OK	
assets/SharedDataStrm-part5.pak	sharedassets/springboardentitites/datatables/seasonsrewards/season6/javelindata_seasonsrewardsactivitiestasks_s6.datasheet	15	1827	6437	A5BFC846	A5BFC846	True	18	5	53	1	True	OK	
assets/SharedDataStrm-part5.pak	sharedassets/springboardentitites/datatables/seasonsrewards/season7/javelindata_seasonpassdata_season7.datasheet	15	993	9327	8740F513	8740F513	True	18	5	101	1,2	True	OK	
assets/SharedDataStrm-part5.pak	sharedassets/springboardentitites/datatables/seasonsrewards/season7/javelindata_seasonsrewardsactivitiesconfig_s7.datasheet	15	202	285	09E88729	09E88729	True	18	2	2	1,2	True	OK	
assets/SharedDataStrm-part5.pak	sharedassets/springboardentitites/datatables/seasonsrewards/season7/javelindata_seasonsrewardsjourney_season7.datasheet	15	1607	9301	385E0490	385E0490	True	18	5	96	1,2	True	OK	
assets/SharedDataStrm-part5.pak	sharedassets/springboardentitites/datatables/seasonsrewards/season8/javelindata_seasonpassdata_season8.datasheet	15	996	9327	34B58AA6	34B58AA6	True	18	5	101	1,2	True	OK	
assets/SharedDataStrm-part5.pak	sharedassets/springboardentitites/datatables/seasonsrewards/season8/javelindata_seasonsrewardsactivitiesconfig_s8.datasheet	15	202	285	9D964809	9D964809	True	18	2	2	1,2	True	OK	
assets/SharedDataStrm-part5.pak	sharedassets/springboardentitites/datatables/seasonsrewards/season9/javelindata_chapterdata_season9.datasheet	15	429	942	57794830	57794830	True	18	7	6	1,2	True	OK	
assets/SharedDataStrm-part5.pak	sharedassets/springboardentitites/datatables/seasonsrewards/season9/javelindata_seasonsrewardsactivitiesconfig_s9.datasheet	15	202	285	31286D56	31286D56	True	18	2	2	1,2	True	OK	
assets/SharedDataStrm-part5.pak	sharedassets/springboardentitites/datatables/seasonsrewards/season9/javelindata_seasonsrewardscarddata_s9.datasheet	15	236	337	75A8EADD	75A8EADD	True	18	5	1	1,2	True	OK	
assets/SharedDataStrm-part5.pak	sharedassets/springboardentitites/datatables/seasonsrewards/javelindata_seasonsrewardsstats_achievements.datasheet	15	1491	5477	0FA97A69	0FA97A69	True	18	5	11	1,3	True	OK	
assets/SharedDataStrm-part5.pak	sharedassets/springboardentitites/datatables/seasonsrewards/javelindata_seasonsrewardsstats_activitycard.datasheet	0	236	236	399A6EC2	399A6EC2	True	18	2	1	1	True	OK	
assets/SharedDataStrm-part5.pak	sharedassets/springboardentitites/datatables/seasonsrewards/javelindata_seasonsrewardsstats_commitresource.datasheet	15	237	356	7DDC97E5	7DDC97E5	True	18	5	1	1,3	True	OK	
assets/SharedDataStrm-part5.pak	sharedassets/springboardentitites/datatables/seasonsrewards/javelindata_seasonsrewardsstats_duel.datasheet	15	212	302	EFAED630	EFAED630	True	18	3	2	1,3	True	OK	
assets/SharedDataStrm-part5.pak	sharedassets/springboardentitites/datatables/seasonsrewards/javelindata_seasonsrewardsstats_factioncontrol.datasheet	15	239	354	62D3A764	62D3A764	True	18	4	2	1	True	OK	
assets/SharedDataStrm-part5.pak	sharedassets/springboardentitites/datatables/seasonsrewards/javelindata_seasonsrewardsstats_level.datasheet	15	393	828	DBFD4C74	DBFD4C74	True	18	5	9	1,2,3	True	OK	
assets/SharedDataStrm-part5.pak	sharedassets/springboardentitites/datatables/seasonsrewards/javelindata_seasonsrewardstasks.datasheet	15	19562	93558	F9FE5386	F9FE5386	True	18	5	839	1,2	True	OK	
assets/SharedDataStrm-part5.pak	sharedassets/springboardentitites/datatables/timelines/javelindata_generictimelines.datasheet	0	246	246	AAC71A65	AAC71A65	True	18	3	0	1	True	OK	
assets/SharedDataStrm-part5.pak	sharedassets/springboardentitites/datatables/timelines/javelindata_whispertimelines.datasheet	15	1495	11544	2360EB34	2360EB34	True	18	3	104	1	True	OK	
assets/SharedDataStrm-part5.pak	sharedassets/springboardentitites/datatables/vitalstables/catacombs/javelindata_levelvariantvitals_catacombs.datasheet	15	3174	17371	AEEFAEDF	AEEFAEDF	True	18	4	159	1,2	True	OK	
assets/SharedDataStrm-part5.pak	sharedassets/springboardentitites/datatables/vitalstables/javelindata_basevitals_common.datasheet	15	152719	8499542	541F81DE	541F81DE	True	18	167	5816	1,2,3	True	OK	
assets/SharedDataStrm-part5.pak	sharedassets/springboardentitites/datatables/vitalstables/javelindata_basevitals_cutlasskeys.datasheet	15	18055	701976	C50DFBC5	C50DFBC5	True	18	165	476	1,2,3	True	OK	
assets/SharedDataStrm-part5.pak	sharedassets/springboardentitites/datatables/vitalstables/javelindata_basevitals_dunwood.datasheet	15	15796	481670	114AFDEC	114AFDEC	True	18	165	337	1,2,3	True	OK	
assets/SharedDataStrm-part5.pak	sharedassets/springboardentitites/datatables/vitalstables/javelindata_levelvariantvitals_cutlasskeys.datasheet	15	7102	50200	2C0D5FD0	2C0D5FD0	True	18	4	476	1,2	True	OK	
assets/SharedDataStrm-part5.pak	sharedassets/springboardentitites/datatables/vitalstables/javelindata_levelvariantvitals_dunwood.datasheet	15	6952	54094	1319AD5E	1319AD5E	True	18	4	769	1,2	True	OK	
assets/SharedDataStrm-part5.pak	sharedassets/springboardentitites/datatables/vitalstables/javelindata_levelvariantvitals_player.datasheet	15	993	3039	4226251F	4226251F	True	18	4	34	1,2	True	OK	
assets/SharedDataStrm-part5.pak	sharedassets/springboardentitites/datatables/weaponabilities/javelindata_ability_ai.datasheet	15	11990	336695	ABFE4BB9	ABFE4BB9	True	18	151	260	1,2,3	True	OK	
assets/SharedDataStrm-part5.pak	sharedassets/springboardentitites/datatables/weaponabilities/javelindata_ability_bow.datasheet	15	6748	108685	8ECCA3D1	8ECCA3D1	True	18	287	40	1,2,3	True	OK	
assets/SharedDataStrm-part5.pak	sharedassets/springboardentitites/datatables/weaponabilities/javelindata_ability_flail.datasheet	15	7871	142846	41365ECA	41365ECA	True	18	287	54	1,2,3	True	OK	
assets/SharedDataStrm-part5.pak	sharedassets/springboardentitites/datatables/weaponabilities/javelindata_ability_greataxe.datasheet	15	6297	104354	A1ABED03	A1ABED03	True	18	287	38	1,2,3	True	OK	
assets/SharedDataStrm-part5.pak	sharedassets/springboardentitites/datatables/weaponabilities/javelindata_ability_greatsword.datasheet	15	7846	140437	36A1DB68	36A1DB68	True	18	287	53	1,2,3	True	OK	
assets/SharedDataStrm-part5.pak	sharedassets/springboardentitites/datatables/weaponabilities/javelindata_ability_hatchet.datasheet	15	7250	111040	CDA2395B	CDA2395B	True	18	287	41	1,2,3	True	OK	
assets/SharedDataStrm-part5.pak	sharedassets/springboardentitites/datatables/weaponabilities/javelindata_ability_lifemagic.datasheet	15	6929	110499	12EBA847	12EBA847	True	18	287	40	1,2,3	True	OK	
assets/SharedDataStrm-part5.pak	sharedassets/springboardentitites/datatables/weaponabilities/javelindata_ability_perks.datasheet	15	18752	954206	6E701514	6E701514	True	18	287	400	1,2,3	True	OK	
assets/SharedDataStrm-part5.pak	sharedassets/springboardentitites/datatables/weaponabilities/javelindata_ability_perks2025.datasheet	15	17273	717281	BE9B1880	BE9B1880	True	18	287	297	1,2,3	True	OK	
assets/SharedDataStrm-part5.pak	sharedassets/springboardentitites/datatables/weaponabilities/javelindata_ability_rapier.datasheet	15	7103	102336	9F82D9E6	9F82D9E6	True	18	286	38	1,2,3	True	OK	
assets/SharedDataStrm-part5.pak	sharedassets/springboardentitites/datatables/weaponabilities/javelindata_ability_voidgauntlet.datasheet	15	7421	113431	00B89691	00B89691	True	18	287	41	1,2,3	True	OK	
assets/SharedDataStrm-part5.pak	sharedassets/springboardentitites/datatables/javelindata_achievementmetadata.datasheet	15	214	319	6BC3133D	6BC3133D	True	18	3	1	1	True	OK	
assets/SharedDataStrm-part5.pak	sharedassets/springboardentitites/datatables/javelindata_achievements_nonpersisted.datasheet	15	6649	43162	65CB55FB	65CB55FB	True	18	4	428	1	True	OK	
assets/SharedDataStrm-part5.pak	sharedassets/springboardentitites/datatables/javelindata_affinity_berlaurcurrency.datasheet	15	442	890	7D3293B0	7D3293B0	True	18	9	5	1,2	True	OK	
assets/SharedDataStrm-part5.pak	sharedassets/springboardentitites/datatables/javelindata_affixdefinitions.datasheet	15	863	2409	E58118D4	E58118D4	True	18	9	16	1,2	True	OK	
assets/SharedDataStrm-part5.pak	sharedassets/springboardentitites/datatables/javelindata_azothsaltcurrency.datasheet	15	318	436	B298DBC5	B298DBC5	True	18	8	1	1,2	True	OK	
assets/SharedDataStrm-part5.pak	sharedassets/springboardentitites/datatables/javelindata_battletokens.datasheet	15	309	426	CBE5AD9A	CBE5AD9A	True	18	8	1	1,2	True	OK	
assets/SharedDataStrm-part5.pak	sharedassets/springboardentitites/datatables/javelindata_camerashake.datasheet	15	1746	6976	6C0D029A	6C0D029A	True	18	17	40	1,2	True	OK	
assets/SharedDataStrm-part5.pak	sharedassets/springboardentitites/datatables/javelindata_catacombscurrency_silvers.datasheet	15	325	447	4AC9E347	4AC9E347	True	18	8	1	1,2	True	OK	
assets/SharedDataStrm-part5.pak	sharedassets/springboardentitites/datatables/javelindata_catacombswarboardaggregates.datasheet	15	324	713	F6CD7429	F6CD7429	True	18	3	12	1,3	True	OK	
assets/SharedDataStrm-part5.pak	sharedassets/springboardentitites/datatables/javelindata_crafting.datasheet	15	1083	1947	607F9B46	607F9B46	True	18	70	0	1	True	OK	
assets/SharedDataStrm-part5.pak	sharedassets/springboardentitites/datatables/javelindata_crafting_cooking.datasheet	15	8005	97719	AC5E17F2	AC5E17F2	True	18	70	158	1,2,3	True	OK	
assets/SharedDataStrm-part5.pak	sharedassets/springboardentitites/datatables/javelindata_crafting_refining.datasheet	15	17784	388955	C52277C6	C52277C6	True	18	70	598	1,2,3	True	OK	
assets/SharedDataStrm-part5.pak	sharedassets/springboardentitites/datatables/javelindata_crafting_specialtyshops.datasheet	15	4711	91296	26C6D663	26C6D663	True	18	70	146	1,2,3	True	OK	
assets/SharedDataStrm-part5.pak	sharedassets/springboardentitites/datatables/javelindata_damagetable_alligator.datasheet	15	1365	4543	24DEC2DD	24DEC2DD	True	18	49	7	1,2,3	True	OK	
assets/SharedDataStrm-part5.pak	sharedassets/springboardentitites/datatables/javelindata_damagetable_boar.datasheet	15	1217	3142	C59D6C41	C59D6C41	True	18	47	4	1,2,3	True	OK	
assets/SharedDataStrm-part5.pak	sharedassets/springboardentitites/datatables/javelindata_damagetable_dungeon.datasheet	15	1416	3907	33AFF09E	33AFF09E	True	18	46	6	1,2,3	True	OK	
assets/SharedDataStrm-part5.pak	sharedassets/springboardentitites/datatables/javelindata_damagetable_elk.datasheet	15	1157	3248	26AA5B11	26AA5B11	True	18	43	5	1,2,3	True	OK	
assets/SharedDataStrm-part5.pak	sharedassets/springboardentitites/datatables/javelindata_damagetable_perks.datasheet	15	1357	2614	3A0DA102	3A0DA102	True	18	65	1	1,2,3	True	OK	
assets/SharedDataStrm-part5.pak	sharedassets/springboardentitites/datatables/javelindata_damagetable_tendril_corrupted.datasheet	15	1665	5375	60619B2D	60619B2D	True	18	53	8	1,2,3	True	OK	
assets/SharedDataStrm-part5.pak	sharedassets/springboardentitites/datatables/javelindata_darkness.datasheet	15	452	614	1B8E77B7	1B8E77B7	True	18	9	1	1,2,3	True	OK	
assets/SharedDataStrm-part5.pak	sharedassets/springboardentitites/datatables/javelindata_datapoints.datasheet	15	991	4474	9947D2D7	9947D2D7	True	18	10	40	1,2	True	OK	
assets/SharedDataStrm-part5.pak	sharedassets/springboardentitites/datatables/javelindata_difficultyscaling_worldencounter_participants.datasheet	15	577	1111	529D2A2A	529D2A2A	True	18	8	8	1,2	True	OK	
assets/SharedDataStrm-part5.pak	sharedassets/springboardentitites/datatables/javelindata_divertedloot.datasheet	15	414	656	41DD1DCA	41DD1DCA	True	18	10	1	1,2	True	OK	
assets/SharedDataStrm-part5.pak	sharedassets/springboardentitites/datatables/javelindata_encumbrancelimits.datasheet	15	1275	7131	31D9A0EB	31D9A0EB	True	18	52	11	1,2	True	OK	
assets/SharedDataStrm-part5.pak	sharedassets/springboardentitites/datatables/javelindata_factioncontrol_buffs.datasheet	15	1835	5074	87924B1E	87924B1E	True	18	6	27	1,2,3	True	OK	
assets/SharedDataStrm-part5.pak	sharedassets/springboardentitites/datatables/javelindata_factionstatuseffects.datasheet	0	177	177	7C2A4AA0	7C2A4AA0	True	18	1	0	1	True	OK	
assets/SharedDataStrm-part5.pak	sharedassets/springboardentitites/datatables/javelindata_flexiblemissionboards.datasheet	15	577	959	EA84DB62	EA84DB62	True	18	13	2	1,2,3	True	OK	
assets/SharedDataStrm-part5.pak	sharedassets/springboardentitites/datatables/javelindata_flexiblemissionweights.datasheet	15	351	759	F8B30150	F8B30150	True	18	5	9	1,2	True	OK	
assets/SharedDataStrm-part5.pak	sharedassets/springboardentitites/datatables/javelindata_gameevents_dunwood.datasheet	15	2035	56598	726B851D	726B851D	True	18	39	157	1,2,3	True	OK	
assets/SharedDataStrm-part5.pak	sharedassets/springboardentitites/datatables/javelindata_gamemodedynamiccreaturedifficulty.datasheet	15	541	1620	D1424EAC	D1424EAC	True	18	15	6	1,2	True	OK	
assets/SharedDataStrm-part5.pak	sharedassets/springboardentitites/datatables/javelindata_gamemodescheduler.datasheet	15	1316	3527	7AB83865	7AB83865	True	18	7	16	1	True	OK	
assets/SharedDataStrm-part5.pak	sharedassets/springboardentitites/datatables/javelindata_housetypes.datasheet	15	958	4010	2E8B5F98	2E8B5F98	True	18	7	5	1,2	True	OK	
assets/SharedDataStrm-part5.pak	sharedassets/springboardentitites/datatables/javelindata_interactionanimations.datasheet	15	1322	3504	37D445D3	37D445D3	True	18	5	26	1	True	OK	
assets/SharedDataStrm-part5.pak	sharedassets/springboardentitites/datatables/javelindata_itemappearancedefinitions.datasheet	15	409256	6666626	FD89C965	FD89C965	True	18	56	8928	1,2	True	OK	
assets/SharedDataStrm-part5.pak	sharedassets/springboardentitites/datatables/javelindata_itemcurrencyconversion.datasheet	15	19450	340711	EC05268A	EC05268A	True	18	28	1222	1,2,3	True	OK	
assets/SharedDataStrm-part5.pak	sharedassets/springboardentitites/datatables/javelindata_itemdefinitions_ammo.datasheet	15	2716	12643	E314CA8C	E314CA8C	True	18	7	100	1,2	True	OK	
assets/SharedDataStrm-part5.pak	sharedassets/springboardentitites/datatables/javelindata_itemdefinitions_armor.datasheet	15	15951	1270792	9F8A490D	9F8A490D	True	18	94	1645	1,2	True	OK	
assets/SharedDataStrm-part5.pak	sharedassets/springboardentitites/datatables/javelindata_itemdefinitions_dye.datasheet	15	2636	7320	B58E3FC0	B58E3FC0	True	18	4	127	1,2	True	OK	
assets/SharedDataStrm-part5.pak	sharedassets/springboardentitites/datatables/javelindata_itemdefinitions_instrumentsappearances.datasheet	15	7966	119449	0DA1574B	0DA1574B	True	18	34	356	1,2	True	OK	
assets/SharedDataStrm-part5.pak	sharedassets/springboardentitites/datatables/javelindata_itemdefinitions_master_ai.datasheet	15	9761	368748	8169D87F	8169D87F	True	18	127	349	1,2	True	OK	
assets/SharedDataStrm-part5.pak	sharedassets/springboardentitites/datatables/javelindata_itemdefinitions_master_common.datasheet	15	86838	2574424	DD5A482B	DD5A482B	True	18	127	2242	1,2	True	OK	
assets/SharedDataStrm-part5.pak	sharedassets/springboardentitites/datatables/javelindata_itemdefinitions_master_omega.datasheet	15	36258	2989145	C2FA2CBA	C2FA2CBA	True	18	127	2824	1,2	True	OK	
assets/SharedDataStrm-part5.pak	sharedassets/springboardentitites/datatables/javelindata_itemdefinitions_mountdye.datasheet	15	909	2096	E663D107	E663D107	True	18	4	31	1,2	True	OK	
assets/SharedDataStrm-part5.pak	sharedassets/springboardentitites/datatables/javelindata_itemdefinitions_runes.datasheet	15	2151	10863	8CF7D605	8CF7D605	True	18	94	10	1,2	True	OK	
assets/SharedDataStrm-part5.pak	sharedassets/springboardentitites/datatables/javelindata_itemdefinitions_throwables.datasheet	15	909	2449	4CC9210E	4CC9210E	True	18	9	6	1,2,3	True	OK	
assets/SharedDataStrm-part5.pak	sharedassets/springboardentitites/datatables/javelindata_itemdefinitions_weaponaccessories.datasheet	15	12021	116770	8349B57F	8349B57F	True	18	14	457	1,2	True	OK	
assets/SharedDataStrm-part5.pak	sharedassets/springboardentitites/datatables/javelindata_itemdefinitions_weaponappearances_mountattachments.datasheet	15	9301	66009	F57E814F	F57E814F	True	18	40	95	1,2	True	OK	
assets/SharedDataStrm-part5.pak	sharedassets/springboardentitites/datatables/javelindata_itemdefinitions_weapons.datasheet	15	25378	501334	E6BABE7A	E6BABE7A	True	18	101	563	1,2,3	True	OK	
assets/SharedDataStrm-part5.pak	sharedassets/springboardentitites/datatables/javelindata_lootbuckets_battleroyale.datasheet	15	3829	83776	9C8684E1	9C8684E1	True	18	286	31	1,2	True	OK	
assets/SharedDataStrm-part5.pak	sharedassets/springboardentitites/datatables/javelindata_loottables.datasheet	15	86894	4910157	00FC3169	00FC3169	True	18	113	5237	1,2	True	OK	
assets/SharedDataStrm-part5.pak	sharedassets/springboardentitites/datatables/javelindata_loottables_salvage.datasheet	15	23406	1928165	D4B52B08	D4B52B08	True	18	109	2112	1,2	True	OK	
assets/SharedDataStrm-part5.pak	sharedassets/springboardentitites/datatables/javelindata_loottables_seasons.datasheet	15	20115	952695	B449FA4E	B449FA4E	True	18	112	1008	1,2	True	OK	
assets/SharedDataStrm-part5.pak	sharedassets/springboardentitites/datatables/javelindata_loreitems.datasheet	15	46664	486178	B0E53E96	B0E53E96	True	18	16	1848	1,2	True	OK	
assets/SharedDataStrm-part5.pak	sharedassets/springboardentitites/datatables/javelindata_npcs.datasheet	15	440	1027	0ACE1AE2	0ACE1AE2	True	18	37	0	1	True	OK	
assets/SharedDataStrm-part5.pak	sharedassets/springboardentitites/datatables/javelindata_objectives.datasheet	15	4619	61577	034AA149	034AA149	True	18	37	143	1,2,3	True	OK	
assets/SharedDataStrm-part5.pak	sharedassets/springboardentitites/datatables/javelindata_objectivesglobalreleasedata.datasheet	0	238	238	798B8A8C	798B8A8C	True	18	3	0	1	True	OK	
assets/SharedDataStrm-part5.pak	sharedassets/springboardentitites/datatables/javelindata_objectivetasks.datasheet	15	17082	404488	7398264E	7398264E	True	18	57	784	1,2,3	True	OK	
assets/SharedDataStrm-part5.pak	sharedassets/springboardentitites/datatables/javelindata_owg_progression_marauderstokens.datasheet	15	470	971	FBCFD19E	FBCFD19E	True	18	9	6	1,2	True	OK	
assets/SharedDataStrm-part5.pak	sharedassets/springboardentitites/datatables/javelindata_particledata.datasheet	15	11160	79749	BDF8914E	BDF8914E	True	18	6	936	1,2	True	OK	
assets/SharedDataStrm-part5.pak	sharedassets/springboardentitites/datatables/javelindata_perkexclusivelabels.datasheet	15	4172	20690	69EE4072	69EE4072	True	18	3	393	1,2	True	OK	
assets/SharedDataStrm-part5.pak	sharedassets/springboardentitites/datatables/javelindata_perks_deprecated.datasheet	15	2949	97517	38D1095E	38D1095E	True	18	38	300	1,2	True	OK	
assets/SharedDataStrm-part5.pak	sharedassets/springboardentitites/datatables/javelindata_perks_gems.datasheet	15	16449	209743	4BFCB139	4BFCB139	True	18	38	442	1,2	True	OK	
assets/SharedDataStrm-part5.pak	sharedassets/springboardentitites/datatables/javelindata_playermilestonemodals.datasheet	15	215	327	F9BD2FEB	F9BD2FEB	True	18	3	1	1	True	OK	
assets/SharedDataStrm-part5.pak	sharedassets/springboardentitites/datatables/javelindata_progression_event.datasheet	15	455	905	CD534C15	CD534C15	True	18	10	5	1,2,3	True	OK	
assets/SharedDataStrm-part5.pak	sharedassets/springboardentitites/datatables/javelindata_progression_repair_t1.datasheet	15	218	308	CD9D6A2C	CD9D6A2C	True	18	5	1	1,2	True	OK	
assets/SharedDataStrm-part5.pak	sharedassets/springboardentitites/datatables/javelindata_progression_repair_t2.datasheet	15	218	308	0D7282A4	0D7282A4	True	18	5	1	1,2	True	OK	
assets/SharedDataStrm-part5.pak	sharedassets/springboardentitites/datatables/javelindata_progression_springevent.datasheet	15	421	724	3A67ECBD	3A67ECBD	True	18	10	3	1,2,3	True	OK	
assets/SharedDataStrm-part5.pak	sharedassets/springboardentitites/datatables/javelindata_progression_summerevent.datasheet	15	471	947	AE4B1DEB	AE4B1DEB	True	18	10	5	1,2,3	True	OK	
assets/SharedDataStrm-part5.pak	sharedassets/springboardentitites/datatables/javelindata_pugactivityinfo.datasheet	15	1333	4350	F5540816	F5540816	True	18	15	12	1,2,3	True	OK	
assets/SharedDataStrm-part5.pak	sharedassets/springboardentitites/datatables/javelindata_pvparenawarboardaggregates.datasheet	15	819	2792	0721794F	0721794F	True	18	9	26	1,2,3	True	OK	
assets/SharedDataStrm-part5.pak	sharedassets/springboardentitites/datatables/javelindata_refiningrecipes.datasheet	15	683	1234	3D058282	3D058282	True	18	4	10	1	True	OK	
assets/SharedDataStrm-part5.pak	sharedassets/springboardentitites/datatables/javelindata_reusablescoreboard.datasheet	15	1244	2838	EBDBDED5	EBDBDED5	True	18	18	5	1,3	True	OK	
assets/SharedDataStrm-part5.pak	sharedassets/springboardentitites/datatables/javelindata_rewardmodifiers.datasheet	15	2470	14325	38992E8F	38992E8F	True	18	15	99	1,2	True	OK	
assets/SharedDataStrm-part5.pak	sharedassets/springboardentitites/datatables/javelindata_rewards.datasheet	15	3608	16012	6012D320	6012D320	True	18	23	70	2	True	OK	
assets/SharedDataStrm-part5.pak	sharedassets/springboardentitites/datatables/javelindata_schedules.datasheet	15	1905	5984	0B426689	0B426689	True	18	10	34	1,3	True	OK	
assets/SharedDataStrm-part5.pak	sharedassets/springboardentitites/datatables/javelindata_socketables.datasheet	0	218	218	F3F32A86	F3F32A86	True	18	3	1	1,2	True	OK	
assets/SharedDataStrm-part5.pak	sharedassets/springboardentitites/datatables/javelindata_spelltable.datasheet	15	1379	2432	948F8429	948F8429	True	18	82	0	1	True	OK	
assets/SharedDataStrm-part5.pak	sharedassets/springboardentitites/datatables/javelindata_spelltable_lifemagic.datasheet	15	4521	68847	5B71E5B6	5B71E5B6	True	18	87	86	1,2,3	True	OK	
assets/SharedDataStrm-part5.pak	sharedassets/springboardentitites/datatables/javelindata_spelltable_spear.datasheet	15	1234	2482	F98FAA36	F98FAA36	True	18	84	0	1	True	OK	
assets/SharedDataStrm-part5.pak	sharedassets/springboardentitites/datatables/javelindata_staminacosts_damned.datasheet	15	251	371	A3E8A959	A3E8A959	True	18	3	4	1,2	True	OK	
assets/SharedDataStrm-part5.pak	sharedassets/springboardentitites/datatables/javelindata_statuseffects.datasheet	15	4041	9420	C9E8AA53	C9E8AA53	True	18	328	0	1	True	OK	
assets/SharedDataStrm-part5.pak	sharedassets/springboardentitites/datatables/javelindata_statuseffects_bow.datasheet	15	6175	65734	FB121B30	FB121B30	True	18	335	20	1,2,3	True	OK	
assets/SharedDataStrm-part5.pak	sharedassets/springboardentitites/datatables/javelindata_statuseffects_flail.datasheet	15	7917	135310	8A1A07EF	8A1A07EF	True	18	335	45	1,2,3	True	OK	
assets/SharedDataStrm-part5.pak	sharedassets/springboardentitites/datatables/javelindata_statuseffects_icemagic.datasheet	15	7022	125473	031A0920	031A0920	True	18	335	42	1,2,3	True	OK	
assets/SharedDataStrm-part5.pak	sharedassets/springboardentitites/datatables/javelindata_statuseffects_musket.datasheet	15	6826	93093	33A70F4E	33A70F4E	True	18	335	30	1,2,3	True	OK	
assets/SharedDataStrm-part5.pak	sharedassets/springboardentitites/datatables/javelindata_statuseffects_perks.datasheet	15	19609	1178019	1AC713DA	1AC713DA	True	18	335	428	1,2,3	True	OK	
assets/SharedDataStrm-part5.pak	sharedassets/springboardentitites/datatables/javelindata_statuseffects_runes.datasheet	15	7819	141173	DE6DDA2B	DE6DDA2B	True	18	335	47	1,2,3	True	OK	
assets/SharedDataStrm-part5.pak	sharedassets/springboardentitites/datatables/javelindata_statuseffects_sword.datasheet	15	6822	99164	861ADFE0	861ADFE0	True	18	335	32	1,2,3	True	OK	
assets/SharedDataStrm-part5.pak	sharedassets/springboardentitites/datatables/javelindata_storeproducts.datasheet	15	54679	416993	91BB80B6	91BB80B6	True	18	10	940	1,2	True	OK	
assets/SharedDataStrm-part5.pak	sharedassets/springboardentitites/datatables/javelindata_territorydefinitions.datasheet	15	2997	50944	E689E2FB	E689E2FB	True	18	37	161	1,2,3	True	OK	
assets/SharedDataStrm-part5.pak	sharedassets/springboardentitites/datatables/javelindata_tradeskillcooking.datasheet	15	12944	85262	4F74B975	4F74B975	True	18	18	501	1,2,3	True	OK	
assets/SharedDataStrm-part5.pak	sharedassets/springboardentitites/datatables/javelindata_tradeskillleatherworking.datasheet	15	14193	85669	41EB617F	41EB617F	True	18	18	501	1,2,3	True	OK	
assets/SharedDataStrm-part5.pak	sharedassets/springboardentitites/datatables/javelindata_tradeskillskinning.datasheet	15	16419	105398	BC27A8B4	BC27A8B4	True	18	21	501	1,2,3	True	OK	
assets/SharedDataStrm-part5.pak	sharedassets/springboardentitites/datatables/javelindata_tradeskillweaponsmithing.datasheet	15	10688	112262	AB1D54DC	AB1D54DC	True	18	25	501	1,2,3	True	OK	
assets/SharedDataStrm-part5.pak	sharedassets/springboardentitites/datatables/javelindata_twitchtags.datasheet	15	1551	4372	EC6C8A5C	EC6C8A5C	True	18	4	42	1,2	True	OK	
assets/SharedDataStrm-part5.pak	sharedassets/springboardentitites/datatables/javelindata_umbralcurrency.datasheet	15	313	437	3532CC36	3532CC36	True	18	8	1	1,2	True	OK	
assets/SharedDataStrm-part5.pak	sharedassets/springboardentitites/datatables/javelindata_variations_gatherables_bushes.datasheet	15	9025	86062	3C480C25	3C480C25	True	18	22	264	1,2	True	OK	
assets/SharedDataStrm-part5.pak	sharedassets/springboardentitites/datatables/javelindata_variations_gatherables_carryme.datasheet	15	547	785	77EC0F1C	77EC0F1C	True	18	25	0	1,2,3	True	OK	
assets/SharedDataStrm-part5.pak	sharedassets/springboardentitites/datatables/javelindata_variations_gatherables_collectibles.datasheet	15	1034	2638	76E77234	76E77234	True	18	29	4	1,2	True	OK	
assets/SharedDataStrm-part5.pak	sharedassets/springboardentitites/datatables/javelindata_variations_gatherables_items.datasheet	15	595	988	EB83F2FB	EB83F2FB	True	18	9	4	1,2	True	OK	
assets/SharedDataStrm-part5.pak	sharedassets/springboardentitites/datatables/javelindata_variations_gatherables_logs.datasheet	15	1736	8223	DBBF79B1	DBBF79B1	True	18	19	24	1,2	True	OK	
assets/SharedDataStrm-part5.pak	sharedassets/springboardentitites/datatables/javelindata_variations_gatherables_lootcontainers.datasheet	15	9212	125400	B5EAB58F	B5EAB58F	True	18	34	328	1,2,3	True	OK	
assets/SharedDataStrm-part5.pak	sharedassets/springboardentitites/datatables/javelindata_variations_gatherables_trees.datasheet	15	12834	122454	8DD356E2	8DD356E2	True	18	22	408	1,2	True	OK	
assets/SharedDataStrm-part5.pak	sharedassets/springboardentitites/datatables/javelindata_variations_lootcontainers.datasheet	15	2452	11833	CB79C025	CB79C025	True	18	10	68	1,2	True	OK	
assets/SharedDataStrm-part5.pak	sharedassets/springboardentitites/datatables/javelindata_variations_npcs.datasheet	15	40526	406737	A74EB5E6	A74EB5E6	True	18	26	1360	1,2	True	OK	
assets/SharedDataStrm-part5.pak	sharedassets/springboardentitites/datatables/javelindata_variations_npcs_walkaway.datasheet	15	16281	145959	2A61596E	2A61596E	True	18	50	257	1,2	True	OK	
assets/SharedDataStrm-part5.pak	sharedassets/springboardentitites/datatables/javelindata_variations_randomencounters.datasheet	15	510	1894	E738387C	E738387C	True	18	8	12	1,2	True	OK	
assets/SharedDataStrm-part5.pak	sharedassets/springboardentitites/datatables/javelindata_vitalscategories.datasheet	15	174239	1964957	A0D97F16	A0D97F16	True	18	13	8283	1,2,3	True	OK	
assets/SharedDataStrm-part5.pak	sharedassets/springboardentitites/datatables/javelindata_vitalsleveldata.datasheet	15	4897	13635	E3E0859D	E3E0859D	True	18	13	80	1,2	True	OK	
assets/SharedDataStrm-part5.pak	sharedassets/springboardentitites/datatables/javelindata_weaponeffects.datasheet	15	1587	8806	BF90EBD1	BF90EBD1	True	18	8	35	1	True	OK	
assets/SharedDataStrm-part5.pak	sharedassets/springboardentitites/datatables/javelindata_weaponmastery.datasheet	15	715	1970	2B00FAD9	2B00FAD9	True	18	9	20	1,2,3	True	OK	
assets/SharedDataStrm-part5.pak	sharedassets/springboardentitites/datatables/javelindata_weapontiers.datasheet	15	361	592	3D2E8C56	3D2E8C56	True	18	3	7	1,2	True	OK	
assets/SharedDataStrm-part6.pak	sharedassets/springboardentitites/datatables/arenas/javelindata_arenadefinitions.datasheet	15	959	2331	BA176B76	BA176B76	True	18	20	6	1,2,3	True	OK	
assets/SharedDataStrm-part6.pak	sharedassets/springboardentitites/datatables/charactertables/ancientguardian_datatables/javelindata_damagetable_ag_ice_bowman.datasheet	15	1406	4554	81B7F77C	81B7F77C	True	18	44	8	1,2,3	True	OK	
assets/SharedDataStrm-part6.pak	sharedassets/springboardentitites/datatables/charactertables/ancientguardian_datatables/javelindata_damagetable_ag_ice_greatsword.datasheet	15	1489	5036	BDA18047	BDA18047	True	18	45	9	1,2,3	True	OK	
assets/SharedDataStrm-part6.pak	sharedassets/springboardentitites/datatables/charactertables/ancientguardian_datatables/javelindata_damagetable_ag_ice_warhammer.datasheet	15	1511	4889	CB159E0D	CB159E0D	True	18	44	9	1,2,3	True	OK	
assets/SharedDataStrm-part6.pak	sharedassets/springboardentitites/datatables/charactertables/ancientguardian_datatables/javelindata_damagetable_ancientgargoyle.datasheet	15	1540	4978	AC3ED2D7	AC3ED2D7	True	18	45	9	1,2,3	True	OK	
assets/SharedDataStrm-part6.pak	sharedassets/springboardentitites/datatables/charactertables/ancientguardian_datatables/javelindata_damagetable_ancientgargoyle_fodder.datasheet	15	1528	4960	20A1DCE7	20A1DCE7	True	18	49	8	1,2,3	True	OK	
assets/SharedDataStrm-part6.pak	sharedassets/springboardentitites/datatables/charactertables/anubianguardian_datatables/javelindata_damagetable_anubianguardian_brute.datasheet	15	2092	13211	325BD06B	325BD06B	True	18	43	32	1,2,3	True	OK	
assets/SharedDataStrm-part6.pak	sharedassets/springboardentitites/datatables/charactertables/bear_datatables/javelindata_damagetable_bear_cub.datasheet	15	1438	4766	04A90B8A	04A90B8A	True	18	43	9	1,2,3	True	OK	
assets/SharedDataStrm-part6.pak	sharedassets/springboardentitites/datatables/charactertables/bogmonster_datatables/javelindata_damagetable_bogmonster.datasheet	15	1801	7675	662D5A1B	662D5A1B	True	18	48	15	1,2,3	True	OK	
assets/SharedDataStrm-part6.pak	sharedassets/springboardentitites/datatables/charactertables/bomber_datatables/javelindata_damagetable_bloated_corpse.datasheet	15	1248	2852	5359A807	5359A807	True	18	48	3	1,2,3	True	OK	
assets/SharedDataStrm-part6.pak	sharedassets/springboardentitites/datatables/charactertables/boss_datatables/javelindata_damagetable_boss.datasheet	15	1046	1906	F2A3F8C3	F2A3F8C3	True	18	46	1	1,2,3	True	OK	
assets/SharedDataStrm-part6.pak	sharedassets/springboardentitites/datatables/charactertables/broken_datatables/javelindata_damagetable_brokenvillager_cleaver.datasheet	15	1603	7913	A1A389F8	A1A389F8	True	18	44	17	1,2,3	True	OK	
assets/SharedDataStrm-part6.pak	sharedassets/springboardentitites/datatables/charactertables/broken_datatables/javelindata_damagetable_brokenvillager_ladel.datasheet	15	1666	8003	3AC49D57	3AC49D57	True	18	44	17	1,2,3	True	OK	
assets/SharedDataStrm-part6.pak	sharedassets/springboardentitites/datatables/charactertables/broken_datatables/javelindata_damagetable_brokenvillager_sickle.datasheet	15	1608	7912	35B83E88	35B83E88	True	18	44	17	1,2,3	True	OK	
assets/SharedDataStrm-part6.pak	sharedassets/springboardentitites/datatables/charactertables/brother_umberto_datatables/javelindata_damagetable_brother_umberto.datasheet	15	2115	8630	411FCA62	411FCA62	True	18	53	15	1,2,3	True	OK	
assets/SharedDataStrm-part6.pak	sharedassets/springboardentitites/datatables/charactertables/brute_datatables/javelindata_damagetable_fulgoris.datasheet	15	2138	15269	0CBD4C72	0CBD4C72	True	18	45	36	1,2,3	True	OK	
assets/SharedDataStrm-part6.pak	sharedassets/springboardentitites/datatables/charactertables/catacombsboss_datatables/javelindata_damagetable_catacombs_agheavyboss.datasheet	15	2358	13278	103978DA	103978DA	True	18	50	27	1,2,3	True	OK	
assets/SharedDataStrm-part6.pak	sharedassets/springboardentitites/datatables/charactertables/catacombsboss_datatables/javelindata_damagetable_catacombs_dryad_siren.datasheet	15	2120	12551	4EE9A7E6	4EE9A7E6	True	18	51	25	1,2,3	True	OK	
assets/SharedDataStrm-part6.pak	sharedassets/springboardentitites/datatables/charactertables/catacombsboss_datatables/javelindata_damagetable_catacombs_flamekeeperboss.datasheet	15	1729	6774	E7A4501C	E7A4501C	True	18	49	12	1,2,3	True	OK	
assets/SharedDataStrm-part6.pak	sharedassets/springboardentitites/datatables/charactertables/catacombsboss_datatables/javelindata_damagetable_catacombs_gorillaelemental_boss.datasheet	15	2568	24195	71296A9A	71296A9A	True	18	47	56	1,2,3	True	OK	
assets/SharedDataStrm-part6.pak	sharedassets/springboardentitites/datatables/charactertables/catacombsboss_datatables/javelindata_damagetable_catacombs_icegolem.datasheet	15	1986	7807	6C7E3CCB	6C7E3CCB	True	18	47	15	1,2,3	True	OK	
assets/SharedDataStrm-part6.pak	sharedassets/springboardentitites/datatables/charactertables/catacombsboss_datatables/javelindata_damagetable_catacombs_naga_corrupted.datasheet	15	1894	8148	5346F1BA	5346F1BA	True	18	48	16	1,2,3	True	OK	
assets/SharedDataStrm-part6.pak	sharedassets/springboardentitites/datatables/charactertables/catacombsboss_datatables/javelindata_damagetable_catacombs_soulharvesterboss.datasheet	15	1629	5253	D0BAE68A	D0BAE68A	True	18	50	8	1,2,3	True	OK	
assets/SharedDataStrm-part6.pak	sharedassets/springboardentitites/datatables/charactertables/chameleon_datatables/javelindata_damagetable_chameleon.datasheet	15	1487	4350	7B95C637	7B95C637	True	18	51	6	1,2,3	True	OK	
assets/SharedDataStrm-part6.pak	sharedassets/springboardentitites/datatables/charactertables/corruptedleviathan_datatables/javelindata_damagetable_corrupted_leviathan.datasheet	15	1816	6801	AE1989F0	AE1989F0	True	18	53	11	1,2,3	True	OK	
assets/SharedDataStrm-part6.pak	sharedassets/springboardentitites/datatables/charactertables/corruptedleviathan_datatables/javelindata_damagetable_tendril_leviathan.datasheet	15	1578	4529	4897FEAB	4897FEAB	True	18	53	6	1,2,3	True	OK	
assets/SharedDataStrm-part6.pak	sharedassets/springboardentitites/datatables/charactertables/corruptionheavy_datatables/javelindata_damagetable_corruption_heavy.datasheet	15	1865	6763	346F2BDF	346F2BDF	True	18	49	12	1,2,3	True	OK	
assets/SharedDataStrm-part6.pak	sharedassets/springboardentitites/datatables/charactertables/corruptionheavy_datatables/javelindata_damagetable_dynasty_heavy.datasheet	15	2062	10119	146E9D7E	146E9D7E	True	18	49	20	1,2,3	True	OK	
assets/SharedDataStrm-part6.pak	sharedassets/springboardentitites/datatables/charactertables/damned_datatables/javelindata_damagetable_damned_priest.datasheet	15	1762	6609	EB1DBC97	EB1DBC97	True	18	51	11	1,2,3	True	OK	
assets/SharedDataStrm-part6.pak	sharedassets/springboardentitites/datatables/charactertables/dunephantom_datatables/javelindata_damagetable_dunephantom_huntress.datasheet	15	1517	4433	9126AC2F	9126AC2F	True	18	46	7	1,2,3	True	OK	
assets/SharedDataStrm-part6.pak	sharedassets/springboardentitites/datatables/charactertables/elk_datatables/javelindata_damagetable_elk_motherwell.datasheet	15	1780	6440	CE421B73	CE421B73	True	18	46	12	1,2,3	True	OK	
assets/SharedDataStrm-part6.pak	sharedassets/springboardentitites/datatables/charactertables/empress_datatables/javelindata_damagetable_empress_solo.datasheet	15	2017	9380	D8306766	D8306766	True	18	50	18	1,2,3	True	OK	
assets/SharedDataStrm-part6.pak	sharedassets/springboardentitites/datatables/charactertables/explosivesprout_datatables/javelindata_damagetable_explosivesprout_fire.datasheet	15	1320	4448	C5F94E24	C5F94E24	True	18	47	7	1,2	True	OK	
assets/SharedDataStrm-part6.pak	sharedassets/springboardentitites/datatables/charactertables/ghastly_datatables/javelindata_damagetable_ghastly_villager_shovel.datasheet	15	1496	5538	3655E78C	3655E78C	True	18	50	9	1,2,3	True	OK	
assets/SharedDataStrm-part6.pak	sharedassets/springboardentitites/datatables/charactertables/ghost_datatables/javelindata_damagetable_ghost_frozen.datasheet	15	1729	6553	52AB42D1	52AB42D1	True	18	48	12	1,2,3	True	OK	
assets/SharedDataStrm-part6.pak	sharedassets/springboardentitites/datatables/charactertables/grunt_datatables/javelindata_damagetable_abominable_liang.datasheet	15	1503	5501	9E512B1D	9E512B1D	True	18	47	10	1,2,3	True	OK	
assets/SharedDataStrm-part6.pak	sharedassets/springboardentitites/datatables/charactertables/grunt_datatables/javelindata_damagetable_grunt.datasheet	15	1525	6019	BEC903A4	BEC903A4	True	18	45	12	1,2,3	True	OK	
assets/SharedDataStrm-part6.pak	sharedassets/springboardentitites/datatables/charactertables/hercyne_datatables/javelindata_damagetable_hercynewolf.datasheet	15	1728	7166	685731A5	685731A5	True	18	47	14	1,2,3	True	OK	
assets/SharedDataStrm-part6.pak	sharedassets/springboardentitites/datatables/charactertables/human_datatables/javelindata_damagetable_evil_knight_flamekeeper.datasheet	15	1781	6500	A2847518	A2847518	True	18	47	12	1,2,3	True	OK	
assets/SharedDataStrm-part6.pak	sharedassets/springboardentitites/datatables/charactertables/human_datatables/javelindata_damagetable_evil_knight_swordice.datasheet	15	1415	4445	D83D5E2C	D83D5E2C	True	18	47	7	1,2,3	True	OK	
assets/SharedDataStrm-part6.pak	sharedassets/springboardentitites/datatables/charactertables/human_datatables/javelindata_damagetable_human_bow.datasheet	15	1357	4087	768E008B	768E008B	True	18	44	7	1,2,3	True	OK	
assets/SharedDataStrm-part6.pak	sharedassets/springboardentitites/datatables/charactertables/human_datatables/javelindata_damagetable_human_greataxe_icevariant.datasheet	15	1405	4376	BEDB3617	BEDB3617	True	18	47	7	1,2,3	True	OK	
assets/SharedDataStrm-part6.pak	sharedassets/springboardentitites/datatables/charactertables/human_datatables/javelindata_damagetable_human_heavy.datasheet	15	1792	6461	2D8FD804	2D8FD804	True	18	47	12	1,2,3	True	OK	
assets/SharedDataStrm-part6.pak	sharedassets/springboardentitites/datatables/charactertables/human_datatables/javelindata_damagetable_human_lifestaff.datasheet	15	1318	4068	BAC47DA1	BAC47DA1	True	18	44	7	1,2,3	True	OK	
assets/SharedDataStrm-part6.pak	sharedassets/springboardentitites/datatables/charactertables/human_datatables/javelindata_damagetable_human_rapier.datasheet	15	1428	5111	B03448A3	B03448A3	True	18	47	9	1,2,3	True	OK	
assets/SharedDataStrm-part6.pak	sharedassets/springboardentitites/datatables/charactertables/human_datatables/javelindata_damagetable_human_spear.datasheet	15	1792	5959	4E9AE702	4E9AE702	True	18	46	11	1,2,3	True	OK	
assets/SharedDataStrm-part6.pak	sharedassets/springboardentitites/datatables/charactertables/human_datatables/javelindata_damagetable_human_spellcaster.datasheet	15	1313	4072	3EDFB078	3EDFB078	True	18	44	7	1,2,3	True	OK	
assets/SharedDataStrm-part6.pak	sharedassets/springboardentitites/datatables/charactertables/human_datatables/javelindata_damagetable_human_sword.datasheet	15	1287	3576	F1FD8382	F1FD8382	True	18	47	5	1,2,3	True	OK	
assets/SharedDataStrm-part6.pak	sharedassets/springboardentitites/datatables/charactertables/human_datatables/javelindata_damagetable_human_warhammer.datasheet	15	1385	4103	EFC17090	EFC17090	True	18	44	7	1,2,3	True	OK	
assets/SharedDataStrm-part6.pak	sharedassets/springboardentitites/datatables/charactertables/ice_dragon/javelindata_damagetable_icedragon.datasheet	15	1689	6060	A07E551A	A07E551A	True	18	51	10	1,2,3	True	OK	
assets/SharedDataStrm-part6.pak	sharedassets/springboardentitites/datatables/charactertables/icedryad_datatables/javelindata_damagetable_icedryad_fiend_shivers_2.datasheet	15	1172	3170	205C5CDA	205C5CDA	True	18	42	5	1,2,3	True	OK	
assets/SharedDataStrm-part6.pak	sharedassets/springboardentitites/datatables/charactertables/icedryad_datatables/javelindata_damagetable_icedryad_frostgrip.datasheet	15	1643	4845	65B3493B	65B3493B	True	18	45	8	1,2,3	True	OK	
assets/SharedDataStrm-part6.pak	sharedassets/springboardentitites/datatables/charactertables/inquisitor_datatables/javelindata_damagetable_inquisitor_flamekeeper.datasheet	15	1602	6554	E6D599BC	E6D599BC	True	18	52	11	1,2,3	True	OK	
assets/SharedDataStrm-part6.pak	sharedassets/springboardentitites/datatables/charactertables/inquisitor_datatables/javelindata_damagetable_inquisitor_markswoman.datasheet	15	1505	5297	E1F890C4	E1F890C4	True	18	52	8	1,2,3	True	OK	
assets/SharedDataStrm-part6.pak	sharedassets/springboardentitites/datatables/charactertables/invasion_datatables/javelindata_damagetable_invasion_priest.datasheet	15	1893	8557	26EE00A5	26EE00A5	True	18	47	17	1,2,3	True	OK	
assets/SharedDataStrm-part6.pak	sharedassets/springboardentitites/datatables/charactertables/invasion_datatables/javelindata_damagetable_spriggan_invasion.datasheet	15	1524	5719	F0A65E84	F0A65E84	True	18	48	10	1,2,3	True	OK	
assets/SharedDataStrm-part6.pak	sharedassets/springboardentitites/datatables/charactertables/isabella_datatables/javelindata_damagetable_isabella_lair_phase1.datasheet	15	1801	9504	55F32B51	55F32B51	True	18	45	21	1,2,3	True	OK	
assets/SharedDataStrm-part6.pak	sharedassets/springboardentitites/datatables/charactertables/isabella_datatables/javelindata_damagetable_isabella_lair_phase2.datasheet	15	1798	8901	D29DC613	D29DC613	True	18	46	19	1,2,3	True	OK	
assets/SharedDataStrm-part6.pak	sharedassets/springboardentitites/datatables/charactertables/isleofnight_datatables/javelindata_damagetable_ion_lost_heiress.datasheet	15	2401	13408	E61E0B73	E61E0B73	True	18	51	26	1,2,3	True	OK	
assets/SharedDataStrm-part6.pak	sharedassets/springboardentitites/datatables/charactertables/isleofnight_datatables/javelindata_damagetable_jesteradd_ghastlyhatchet.datasheet	15	1549	4361	435E23A0	435E23A0	True	18	50	6	1,2,3	True	OK	
assets/SharedDataStrm-part6.pak	sharedassets/springboardentitites/datatables/charactertables/isleofnight_datatables/javelindata_damagetable_jesteradd_undeadnaga.datasheet	15	1446	5615	33C5F4CB	33C5F4CB	True	18	47	10	1,2,3	True	OK	
assets/SharedDataStrm-part6.pak	sharedassets/springboardentitites/datatables/charactertables/legion_datatables/javelindata_damagetable_legion_legionnaire.datasheet	15	1470	5216	E2EBF7BB	E2EBF7BB	True	18	47	9	1,2,3	True	OK	
assets/SharedDataStrm-part6.pak	sharedassets/springboardentitites/datatables/charactertables/lion_datatables/javelindata_damagetable_lion.datasheet	15	1478	5151	67518079	67518079	True	18	47	9	1,2,3	True	OK	
assets/SharedDataStrm-part6.pak	sharedassets/springboardentitites/datatables/charactertables/lost_thorpe_datatables/javelindata_damagetable_lost_thorpe.datasheet	15	3596	31381	EBA14AF0	EBA14AF0	True	18	52	65	1,2,3	True	OK	
assets/SharedDataStrm-part6.pak	sharedassets/springboardentitites/datatables/charactertables/lostknights_datatables/javelindata_damagetable_lost_monarch.datasheet	15	1751	5698	05F80C91	05F80C91	True	18	47	10	1,2,3	True	OK	
assets/SharedDataStrm-part6.pak	sharedassets/springboardentitites/datatables/charactertables/lostknights_datatables/javelindata_damagetable_medea.datasheet	15	1387	4452	07A8FA4C	07A8FA4C	True	18	44	8	1,2,3	True	OK	
assets/SharedDataStrm-part6.pak	sharedassets/springboardentitites/datatables/charactertables/lostsiren_datatables/javelindata_damagetable_lost_siren.datasheet	15	1977	11094	0A6195C8	0A6195C8	True	18	48	23	1,2,3	True	OK	
assets/SharedDataStrm-part6.pak	sharedassets/springboardentitites/datatables/charactertables/mammoth_datatables/javelindata_damagetable_mammoth.datasheet	15	1785	9033	D73947B8	D73947B8	True	18	44	20	1,2,3	True	OK	
assets/SharedDataStrm-part6.pak	sharedassets/springboardentitites/datatables/charactertables/medusa_datatables/javelindata_damagetable_medusa.datasheet	15	1740	8074	C7C1CE8F	C7C1CE8F	True	18	47	16	1,2,3	True	OK	
assets/SharedDataStrm-part6.pak	sharedassets/springboardentitites/datatables/charactertables/mordred_datatables/javelindata_damagetable_mordred.datasheet	15	1913	9338	ACE76FF4	ACE76FF4	True	18	53	17	1,2,3	True	OK	
assets/SharedDataStrm-part6.pak	sharedassets/springboardentitites/datatables/charactertables/naga_datatables/javelindata_damagetable_naga_ancientguardian.datasheet	15	1927	8036	2D068D2C	2D068D2C	True	18	47	16	1,2,3	True	OK	
assets/SharedDataStrm-part6.pak	sharedassets/springboardentitites/datatables/charactertables/naga_datatables/javelindata_damagetable_naga_angryearth.datasheet	15	1651	7558	9A9EA46D	9A9EA46D	True	18	47	15	1,2,3	True	OK	
assets/SharedDataStrm-part6.pak	sharedassets/springboardentitites/datatables/charactertables/naga_datatables/javelindata_damagetable_naga_withered.datasheet	15	907	1734	54CC94BA	54CC94BA	True	18	43	1	1,2	True	OK	
assets/SharedDataStrm-part6.pak	sharedassets/springboardentitites/datatables/charactertables/overgrownbeetle_datatables/javelindata_damagetable_overgrownbeetle.datasheet	15	1361	3790	4443B3C4	4443B3C4	True	18	50	5	1,2,3	True	OK	
assets/SharedDataStrm-part6.pak	sharedassets/springboardentitites/datatables/charactertables/questnpc_datatables/javelindata_damagetable_imhotep.datasheet	15	1283	4189	D0A599B6	D0A599B6	True	18	45	7	1,2,3	True	OK	
assets/SharedDataStrm-part6.pak	sharedassets/springboardentitites/datatables/charactertables/rat_datatables/javelindata_damagetable_rat_plaguerat.datasheet	15	1723	6797	67E18401	67E18401	True	18	46	13	1,2,3	True	OK	
assets/SharedDataStrm-part6.pak	sharedassets/springboardentitites/datatables/charactertables/risen_datatables/javelindata_damagetable_blightfiend.datasheet	15	1614	6440	2CA61DBA	2CA61DBA	True	18	42	14	1,2,3	True	OK	
assets/SharedDataStrm-part6.pak	sharedassets/springboardentitites/datatables/charactertables/risen_datatables/javelindata_damagetable_corruptionentity.datasheet	15	1687	6745	31713FCA	31713FCA	True	18	47	13	1,2,3	True	OK	
assets/SharedDataStrm-part6.pak	sharedassets/springboardentitites/datatables/charactertables/risen_datatables/javelindata_damagetable_withered_swarmancer.datasheet	15	1597	4562	8658792F	8658792F	True	18	48	7	1,2,3	True	OK	
assets/SharedDataStrm-part6.pak	sharedassets/springboardentitites/datatables/charactertables/sandelemental_datatables/javelindata_damagetable_sandelemental_shaman.datasheet	15	1465	5442	E647559E	E647559E	True	18	50	9	1,2,3	True	OK	
assets/SharedDataStrm-part6.pak	sharedassets/springboardentitites/datatables/charactertables/sandworm_datatables/javelindata_damagetable_sandworm.datasheet	15	1589	7573	A8E2B9F7	A8E2B9F7	True	18	53	13	1,2,3	True	OK	
assets/SharedDataStrm-part6.pak	sharedassets/springboardentitites/datatables/charactertables/scorpion_datatables/javelindata_damagetable_scorpion_impaler.datasheet	15	1335	5141	2963FD5B	2963FD5B	True	18	46	9	1,2,3	True	OK	
assets/SharedDataStrm-part6.pak	sharedassets/springboardentitites/datatables/charactertables/scorpion_datatables/javelindata_damagetable_scorpion_slinger.datasheet	15	1166	3128	19D28FF8	19D28FF8	True	18	46	4	1,2,3	True	OK	
assets/SharedDataStrm-part6.pak	sharedassets/springboardentitites/datatables/charactertables/scorpion_datatables/javelindata_damagetable_scorpion_sulfur.datasheet	15	1361	4686	F9BC9886	F9BC9886	True	18	46	8	1,2,3	True	OK	
assets/SharedDataStrm-part6.pak	sharedassets/springboardentitites/datatables/charactertables/seasons_datatables/season_02/javelindata_damagetable_babysandworm.datasheet	15	1498	6653	6C5B0394	6C5B0394	True	18	53	11	1,2,3	True	OK	
assets/SharedDataStrm-part6.pak	sharedassets/springboardentitites/datatables/charactertables/seasons_datatables/season_02/javelindata_damagetable_malek.datasheet	15	1444	5460	1F400D65	1F400D65	True	18	46	10	1,2,3	True	OK	
assets/SharedDataStrm-part6.pak	sharedassets/springboardentitites/datatables/charactertables/seasons_datatables/season_04/javelindata_damagetable_ag_iceguardianboss.datasheet	15	1692	8048	B637D404	B637D404	True	18	50	15	1,2,3	True	OK	
assets/SharedDataStrm-part6.pak	sharedassets/springboardentitites/datatables/charactertables/skeleton_datatables/javelindata_damagetable_ezraforgemaster.datasheet	15	1533	5802	DA1D4EF0	DA1D4EF0	True	18	45	11	1,2,3	True	OK	
assets/SharedDataStrm-part6.pak	sharedassets/springboardentitites/datatables/charactertables/skeleton_datatables/javelindata_damagetable_skeleton1hsword.datasheet	15	1592	5793	14EF19F2	14EF19F2	True	18	45	11	1,2,3	True	OK	
assets/SharedDataStrm-part6.pak	sharedassets/springboardentitites/datatables/charactertables/skeleton_datatables/javelindata_damagetable_skeletonmage.datasheet	15	1469	4069	E00B8650	E00B8650	True	18	47	6	1,2,3	True	OK	
assets/SharedDataStrm-part6.pak	sharedassets/springboardentitites/datatables/charactertables/skeleton_datatables/javelindata_damagetable_skeletonspear.datasheet	15	1584	5616	065652BD	065652BD	True	18	51	9	1,2,3	True	OK	
assets/SharedDataStrm-part6.pak	sharedassets/springboardentitites/datatables/charactertables/torsoboss_datatables/javelindata_damagetable_ice_torso_boss.datasheet	15	1781	9653	13B1F9B3	13B1F9B3	True	18	50	19	1,2,3	True	OK	
assets/SharedDataStrm-part6.pak	sharedassets/springboardentitites/datatables/charactertables/turkey_datatables/javelindata_damagetable_turkey.datasheet	15	1362	4901	C9ED56A7	C9ED56A7	True	18	48	8	1,2,3	True	OK	
assets/SharedDataStrm-part6.pak	sharedassets/springboardentitites/datatables/charactertables/undead_datatables/javelindata_damagetable_undead_berserker.datasheet	15	1724	6010	112E08B0	112E08B0	True	18	46	11	1,2,3	True	OK	
assets/SharedDataStrm-part6.pak	sharedassets/springboardentitites/datatables/charactertables/undead_datatables/javelindata_damagetable_undead_brute.datasheet	15	1621	5798	39476171	39476171	True	18	49	10	1,2,3	True	OK	
assets/SharedDataStrm-part6.pak	sharedassets/springboardentitites/datatables/charactertables/undead_datatables/javelindata_damagetable_undead_grenadier.datasheet	15	1618	6000	D6104428	D6104428	True	18	46	11	1,2,3	True	OK	
assets/SharedDataStrm-part6.pak	sharedassets/springboardentitites/datatables/charactertables/undead_datatables/javelindata_damagetable_undead_hunter.datasheet	15	1740	6070	D05A2C34	D05A2C34	True	18	46	11	1,2,3	True	OK	
assets/SharedDataStrm-part6.pak	sharedassets/springboardentitites/datatables/charactertables/undead_datatables/javelindata_damagetable_undead_navigator.datasheet	15	1651	6019	FB925876	FB925876	True	18	46	11	1,2,3	True	OK	
assets/SharedDataStrm-part6.pak	sharedassets/springboardentitites/datatables/charactertables/undead_datatables/javelindata_damagetable_undead_pistoleer.datasheet	15	1465	4012	E176977C	E176977C	True	18	46	6	1,2,3	True	OK	
assets/SharedDataStrm-part6.pak	sharedassets/springboardentitites/datatables/charactertables/undead_datatables/javelindata_damagetable_undead_shaman.datasheet	15	1570	4938	418DCBD4	418DCBD4	True	18	47	8	1,2,3	True	OK	
assets/SharedDataStrm-part6.pak	sharedassets/springboardentitites/datatables/charactertables/undeadnaga_datatables/javelindata_damagetable_undeadnaga.datasheet	15	1590	5606	0F4C6EA0	0F4C6EA0	True	18	47	10	1,2,3	True	OK	
assets/SharedDataStrm-part6.pak	sharedassets/springboardentitites/datatables/charactertables/upyr_datatables/javelindata_damagetable_upyrbaroness.datasheet	15	1780	7789	F069359D	F069359D	True	18	46	16	1,2,3	True	OK	
assets/SharedDataStrm-part6.pak	sharedassets/springboardentitites/datatables/charactertables/upyr_datatables/javelindata_damagetable_upyrconsort.datasheet	15	1655	6739	886FE132	886FE132	True	18	47	13	1,2,3	True	OK	
assets/SharedDataStrm-part6.pak	sharedassets/springboardentitites/datatables/charactertables/upyr_datatables/javelindata_damagetable_upyrguardian.datasheet	15	1711	7951	238CD141	238CD141	True	18	46	16	1,2	True	OK	
assets/SharedDataStrm-part6.pak	sharedassets/springboardentitites/datatables/charactertables/upyr_datatables/javelindata_damagetable_upyrmindthief.datasheet	15	1667	6667	11214FD3	11214FD3	True	18	46	13	1,2,3	True	OK	
assets/SharedDataStrm-part6.pak	sharedassets/springboardentitites/datatables/charactertables/upyr_datatables/javelindata_damagetable_upyrshade.datasheet	15	1777	6188	58EA8566	58EA8566	True	18	48	11	1,2,3	True	OK	
assets/SharedDataStrm-part6.pak	sharedassets/springboardentitites/datatables/charactertables/upyr_datatables/javelindata_damagetable_upyrthrall_soulhunter.datasheet	15	1413	4329	EA833BB1	EA833BB1	True	18	46	7	1,2,3	True	OK	
assets/SharedDataStrm-part6.pak	sharedassets/springboardentitites/datatables/charactertables/upyr_datatables/javelindata_damagetable_upyrthrallaggressor.datasheet	15	1790	8492	3A340AB2	3A340AB2	True	18	47	17	1,2,3	True	OK	
assets/SharedDataStrm-part6.pak	sharedassets/springboardentitites/datatables/charactertables/upyr_datatables/javelindata_damagetable_upyrthrallmeatbag.datasheet	15	1369	3908	A9A66294	A9A66294	True	18	46	6	1,2,3	True	OK	
assets/SharedDataStrm-part6.pak	sharedassets/springboardentitites/datatables/charactertables/wolf_datatables/named/javelindata_damagetable_wolf_barkimedes.datasheet	15	1449	4550	02DF2F9A	02DF2F9A	True	18	41	9	1,2,3	True	OK	
assets/SharedDataStrm-part6.pak	sharedassets/springboardentitites/datatables/charactertables/wolf_datatables/javelindata_damagetable_evil_knight_hound.datasheet	15	1734	6044	233E2048	233E2048	True	18	44	12	1,2,3	True	OK	
assets/SharedDataStrm-part6.pak	sharedassets/springboardentitites/datatables/charactertables/wolf_datatables/javelindata_damagetable_knight_wolf.datasheet	15	1749	6049	34D3F50D	34D3F50D	True	18	44	12	1,2,3	True	OK	
assets/SharedDataStrm-part6.pak	sharedassets/springboardentitites/datatables/charactertables/wolf_datatables/javelindata_damagetable_wolf_alpha.datasheet	15	1493	5125	D723AA9A	D723AA9A	True	18	43	10	1,2,3	True	OK	
assets/SharedDataStrm-part6.pak	sharedassets/springboardentitites/datatables/charactertables/wolf_datatables/javelindata_damagetable_wolf_white.datasheet	15	1450	4759	FBE9B23C	FBE9B23C	True	18	43	9	1,2,3	True	OK	
assets/SharedDataStrm-part6.pak	sharedassets/springboardentitites/datatables/charactertables/worldboss_datatables/javelindata_damagetable_anubianlotusscarab_worldboss.datasheet	15	1796	7030	239A5F1D	239A5F1D	True	18	48	13	1,2,3	True	OK	
assets/SharedDataStrm-part6.pak	sharedassets/springboardentitites/datatables/charactertables/worldboss_datatables/javelindata_damagetable_firechampion_worldboss.datasheet	15	1790	8485	9D099D8D	9D099D8D	True	18	47	17	1,2,3	True	OK	
assets/SharedDataStrm-part6.pak	sharedassets/springboardentitites/datatables/charactertables/worldboss_datatables/javelindata_damagetable_wb_mammoth_fl_mahantaram.datasheet	15	2397	17180	BEA6E55F	BEA6E55F	True	18	47	38	1,2,3	True	OK	
assets/SharedDataStrm-part6.pak	sharedassets/springboardentitites/datatables/charactertables/worldboss_datatables/javelindata_damagetable_wb_naga_fire.datasheet	15	1442	6334	DE729A9E	DE729A9E	True	18	47	12	1,2,3	True	OK	
assets/SharedDataStrm-part6.pak	sharedassets/springboardentitites/datatables/equipmentsetbonuses/javelindata_equipmentsets.datasheet	15	1027	3071	16552C18	16552C18	True	18	10	8	1,2	True	OK	
assets/SharedDataStrm-part6.pak	sharedassets/springboardentitites/datatables/equipmentsetbonuses/javelindata_perks_equipmentsetbonusesinfix.datasheet	15	2933	22607	766904E4	766904E4	True	18	37	42	1,2	True	OK	
assets/SharedDataStrm-part6.pak	sharedassets/springboardentitites/datatables/fishing/javelindata_fishing_catchables.datasheet	15	4356	20337	E57F9FD1	E57F9FD1	True	18	12	124	1,2,3	True	OK	
assets/SharedDataStrm-part6.pak	sharedassets/springboardentitites/datatables/fishing/javelindata_fishing_water.datasheet	15	279	507	F7C91F27	F7C91F27	True	18	3	6	1	True	OK	
assets/SharedDataStrm-part6.pak	sharedassets/springboardentitites/datatables/fishing/javelindata_lootbuckets_fishing.datasheet	15	5137	36395	45C6C16A	45C6C16A	True	18	196	16	1,2,3	True	OK	
assets/SharedDataStrm-part6.pak	sharedassets/springboardentitites/datatables/gamemodemutators/javelindata_cursemutations.datasheet	15	529	1228	B41AED99	B41AED99	True	18	7	4	1	True	OK	
assets/SharedDataStrm-part6.pak	sharedassets/springboardentitites/datatables/gamemodemutators/javelindata_elementalmutationperks.datasheet	15	596	1472	62DC6BAD	62DC6BAD	True	18	16	4	1	True	OK	
assets/SharedDataStrm-part6.pak	sharedassets/springboardentitites/datatables/gamemodemutators/javelindata_mutationdifficulty.datasheet	15	1489	3358	C3C4F5F7	C3C4F5F7	True	18	51	3	1,2,3	True	OK	
assets/SharedDataStrm-part6.pak	sharedassets/springboardentitites/datatables/gamemodemutators/javelindata_promotionmutations.datasheet	15	702	1413	BAD2F923	BAD2F923	True	18	9	4	1	True	OK	
assets/SharedDataStrm-part6.pak	sharedassets/springboardentitites/datatables/impactsystem/impactaudiotable_environment.datasheet	15	2724	22636	23DAE02A	23DAE02A	True	18	24	91	1	True	OK	
assets/SharedDataStrm-part6.pak	sharedassets/springboardentitites/datatables/impactsystem/impacttable_surfacealignment.datasheet	15	428	881	21B034FD	21B034FD	True	18	7	7	1,2,3	True	OK	
assets/SharedDataStrm-part6.pak	sharedassets/springboardentitites/datatables/invasion/javelindata_invasiondefinitions.datasheet	15	279	380	D3F99141	D3F99141	True	18	6	1	1,2,3	True	OK	
assets/SharedDataStrm-part6.pak	sharedassets/springboardentitites/datatables/isleofnight_tables/javelindata_spelltable_ai_isleofnight.datasheet	15	8630	133996	A8870A45	A8870A45	True	18	98	145	1,2,3	True	OK	
assets/SharedDataStrm-part6.pak	sharedassets/springboardentitites/datatables/isleofnight_tables/javelindata_statuseffects_common_isleofnight.datasheet	15	3620	9997	A240FFC0	A240FFC0	True	18	274	1	1,2,3	True	OK	
assets/SharedDataStrm-part6.pak	sharedassets/springboardentitites/datatables/mounts/javelindata_mount_movement.datasheet	15	8790	226474	35E2CE50	35E2CE50	True	18	121	208	1,2	True	OK	
assets/SharedDataStrm-part6.pak	sharedassets/springboardentitites/datatables/mounts/javelindata_mounts.datasheet	15	6574	47166	C42C5D1A	C42C5D1A	True	18	42	62	1,2,3	True	OK	
assets/SharedDataStrm-part6.pak	sharedassets/springboardentitites/datatables/mtx/javelindata_itemdefinitions_mtx_2023-01.datasheet	15	2696	20694	89F32451	89F32451	True	18	88	21	1,2	True	OK	
assets/SharedDataStrm-part6.pak	sharedassets/springboardentitites/datatables/mtx/javelindata_itemdefinitions_mtx_2023-04.datasheet	15	3009	27732	40E499B4	40E499B4	True	18	88	29	1,2	True	OK	
assets/SharedDataStrm-part6.pak	sharedassets/springboardentitites/datatables/mtx/javelindata_itemdefinitions_mtx_2023-06.datasheet	15	3759	34298	B2E00804	B2E00804	True	18	88	35	1,2	True	OK	
assets/SharedDataStrm-part6.pak	sharedassets/springboardentitites/datatables/mtx/javelindata_itemdefinitions_mtx_2023-12.datasheet	15	3149	30229	55A9C0A6	55A9C0A6	True	18	88	33	1,2	True	OK	
assets/SharedDataStrm-part6.pak	sharedassets/springboardentitites/datatables/mtx/javelindata_itemdefinitions_mtx_2024-3.datasheet	15	2700	21118	F989CAF6	F989CAF6	True	18	88	22	1,2	True	OK	
assets/SharedDataStrm-part6.pak	sharedassets/springboardentitites/datatables/mtx/javelindata_itemdefinitions_mtx_2024-4.datasheet	15	2324	11486	6F06E0F0	6F06E0F0	True	18	88	10	1,2	True	OK	
assets/SharedDataStrm-part6.pak	sharedassets/springboardentitites/datatables/mtx/javelindata_itemdefinitions_mtx_2024-5.datasheet	15	1300	2466	76A95CD9	76A95CD9	True	18	88	0	1	True	OK	
assets/SharedDataStrm-part6.pak	sharedassets/springboardentitites/datatables/mtx/javelindata_itemdefinitions_mtx_2024-season6.datasheet	15	1810	5939	23C288CB	23C288CB	True	18	88	4	1,2	True	OK	
assets/SharedDataStrm-part6.pak	sharedassets/springboardentitites/datatables/mtx/javelindata_itemdefinitions_mtx_2025-02.datasheet	15	2278	11156	E7B723B6	E7B723B6	True	18	88	10	1,2	True	OK	
assets/SharedDataStrm-part6.pak	sharedassets/springboardentitites/datatables/mtx/javelindata_itemdefinitions_mtx_2025-03.datasheet	15	2322	13076	34978109	34978109	True	18	88	12	1,2	True	OK	
assets/SharedDataStrm-part6.pak	sharedassets/springboardentitites/datatables/mtx/javelindata_itemdefinitions_mtx_generic.datasheet	15	1843	7497	E77677F1	E77677F1	True	18	88	6	1,2	True	OK	
assets/SharedDataStrm-part6.pak	sharedassets/springboardentitites/datatables/musicalactions/javelindata_instrumentslots.datasheet	15	383	783	B8DDAAE0	B8DDAAE0	True	18	3	5	1	True	OK	
assets/SharedDataStrm-part6.pak	sharedassets/springboardentitites/datatables/musicalactions/javelindata_musicalperformancerewards.datasheet	15	1018	2884	67F8DDA2	67F8DDA2	True	18	9	10	1,2	True	OK	
assets/SharedDataStrm-part6.pak	sharedassets/springboardentitites/datatables/musicalactions/javelindata_songbooksheets.datasheet	15	6193	47631	6FC37434	6FC37434	True	18	7	436	1	True	OK	
assets/SharedDataStrm-part6.pak	sharedassets/springboardentitites/datatables/playertutorials/javelindata_tutorialdata.datasheet	15	8709	47017	AE28CB48	AE28CB48	True	18	18	157	1,3	True	OK	
assets/SharedDataStrm-part6.pak	sharedassets/springboardentitites/datatables/pointofinterestdefinitions/javelindata_poidefinitions_01_02.datasheet	15	2816	14011	D9CE1D5F	D9CE1D5F	True	18	33	31	1,2,3	True	OK	
assets/SharedDataStrm-part6.pak	sharedassets/springboardentitites/datatables/pointofinterestdefinitions/javelindata_poidefinitions_02_03.datasheet	15	4344	24525	FC0D0A48	FC0D0A48	True	18	45	43	1,2,3	True	OK	
assets/SharedDataStrm-part6.pak	sharedassets/springboardentitites/datatables/pointofinterestdefinitions/javelindata_poidefinitions_03_04.datasheet	15	3200	14605	56C95D6E	56C95D6E	True	18	34	28	1,2,3	True	OK	
assets/SharedDataStrm-part6.pak	sharedassets/springboardentitites/datatables/pointofinterestdefinitions/javelindata_poidefinitions_04_02.datasheet	15	7024	45250	901294B7	901294B7	True	18	33	107	1,2,3	True	OK	
assets/SharedDataStrm-part6.pak	sharedassets/springboardentitites/datatables/pointofinterestdefinitions/javelindata_poidefinitions_04_04.datasheet	15	4424	21388	6F4D87A0	6F4D87A0	True	18	34	43	1,2,3	True	OK	
assets/SharedDataStrm-part6.pak	sharedassets/springboardentitites/datatables/pointofinterestdefinitions/javelindata_poidefinitions_06_03.datasheet	15	4151	25822	77DCBDDB	77DCBDDB	True	18	33	59	1,2,3	True	OK	
assets/SharedDataStrm-part6.pak	sharedassets/springboardentitites/datatables/pvp_rewardstrack/javelindata_loottables_pvp_rewards_track.datasheet	15	9754	623974	97D83BF1	97D83BF1	True	18	109	684	1,2	True	OK	
assets/SharedDataStrm-part6.pak	sharedassets/springboardentitites/datatables/pvpbalancetables/javelindata_pvpbalance_capturetheflag.datasheet	15	893	2132	0E522EF0	0E522EF0	True	18	12	12	1,2	True	OK	
assets/SharedDataStrm-part6.pak	sharedassets/springboardentitites/datatables/pvpbalancetables/javelindata_pvpbalance_duels.datasheet	15	884	2112	BCBF6BA3	BCBF6BA3	True	18	12	12	1,2	True	OK	
assets/SharedDataStrm-part6.pak	sharedassets/springboardentitites/datatables/pvpbalancetables/javelindata_pvpbalance_ffa.datasheet	15	886	2118	9FDC39FC	9FDC39FC	True	18	12	12	1,2	True	OK	
assets/SharedDataStrm-part6.pak	sharedassets/springboardentitites/datatables/pvpbalancetables/javelindata_pvpbalance_openworld.datasheet	15	887	2122	CB0947F2	CB0947F2	True	18	12	12	1,2	True	OK	
assets/SharedDataStrm-part6.pak	sharedassets/springboardentitites/datatables/pvpbalancetables/javelindata_pvpbalance_war.datasheet	15	883	2110	DB342008	DB342008	True	18	12	12	1,2	True	OK	
assets/SharedDataStrm-part6.pak	sharedassets/springboardentitites/datatables/questdata/conversationstatedata_npc_04288.datasheet	15	600	1484	A23B622C	A23B622C	True	18	13	5	1	True	OK	
assets/SharedDataStrm-part6.pak	sharedassets/springboardentitites/datatables/questdata/conversationstatedata_npc_04295.datasheet	15	500	937	DEAC6F82	DEAC6F82	True	18	10	3	1	True	OK	
assets/SharedDataStrm-part6.pak	sharedassets/springboardentitites/datatables/questdata/conversationstatedata_npc_04297.datasheet	15	500	937	2A7D44DA	2A7D44DA	True	18	10	3	1	True	OK	
assets/SharedDataStrm-part6.pak	sharedassets/springboardentitites/datatables/questdata/conversationstatedata_npc_04627.datasheet	15	678	1779	2DCEEE6B	2DCEEE6B	True	18	13	6	1	True	OK	
assets/SharedDataStrm-part6.pak	sharedassets/springboardentitites/datatables/questdata/conversationstatedata_npc_04628.datasheet	15	348	543	DA2FAC54	DA2FAC54	True	18	8	1	1	True	OK	
assets/SharedDataStrm-part6.pak	sharedassets/springboardentitites/datatables/questdata/conversationstatedata_npc_04632.datasheet	15	577	1346	A0C7DBBA	A0C7DBBA	True	18	13	4	1	True	OK	
assets/SharedDataStrm-part6.pak	sharedassets/springboardentitites/datatables/questdata/conversationstatedata_npc_04633.datasheet	15	540	1144	E19CFE43	E19CFE43	True	18	13	3	1	True	OK	
assets/SharedDataStrm-part6.pak	sharedassets/springboardentitites/datatables/questdata/conversationstatedata_npc_04635.datasheet	15	543	1144	0D412A82	0D412A82	True	18	13	3	1	True	OK	
assets/SharedDataStrm-part6.pak	sharedassets/springboardentitites/datatables/questdata/conversationstatedata_npc_16007.datasheet	15	446	778	4029DDCD	4029DDCD	True	18	10	2	1	True	OK	
assets/SharedDataStrm-part6.pak	sharedassets/springboardentitites/datatables/questdata/conversationstatedata_npc_16015.datasheet	15	348	543	41A3531F	41A3531F	True	18	8	1	1	True	OK	
assets/SharedDataStrm-part6.pak	sharedassets/springboardentitites/datatables/questdata/conversationstatedata_npc_16030.datasheet	15	348	543	021339E4	021339E4	True	18	8	1	1	True	OK	
assets/SharedDataStrm-part6.pak	sharedassets/springboardentitites/datatables/questdata/conversationstatedata_npc_16039.datasheet	15	348	543	352C26B0	352C26B0	True	18	8	1	1	True	OK	
assets/SharedDataStrm-part6.pak	sharedassets/springboardentitites/datatables/questdata/conversationstatedata_npc_16041.datasheet	15	449	778	1C44285E	1C44285E	True	18	10	2	1	True	OK	
assets/SharedDataStrm-part6.pak	sharedassets/springboardentitites/datatables/questdata/conversationstatedata_npc_16060.datasheet	15	348	543	F13EC5A3	F13EC5A3	True	18	8	1	1	True	OK	
assets/SharedDataStrm-part6.pak	sharedassets/springboardentitites/datatables/questdata/conversationstatedata_npc_16066.datasheet	15	449	778	88EA1BEC	88EA1BEC	True	18	10	2	1	True	OK	
assets/SharedDataStrm-part6.pak	sharedassets/springboardentitites/datatables/questdata/conversationstatedata_npc_16080.datasheet	15	348	543	B91FF6FF	B91FF6FF	True	18	8	1	1	True	OK	
assets/SharedDataStrm-part6.pak	sharedassets/springboardentitites/datatables/questdata/conversationstatedata_npc_16099.datasheet	15	468	802	EBB54746	EBB54746	True	18	10	2	1	True	OK	
assets/SharedDataStrm-part6.pak	sharedassets/springboardentitites/datatables/questdata/conversationstatedata_npc_16136.datasheet	15	348	543	D2F2013B	D2F2013B	True	18	8	1	1	True	OK	
assets/SharedDataStrm-part6.pak	sharedassets/springboardentitites/datatables/questdata/conversationstatedata_npc_16137.datasheet	15	348	543	271101EB	271101EB	True	18	8	1	1	True	OK	
assets/SharedDataStrm-part6.pak	sharedassets/springboardentitites/datatables/questdata/conversationstatedata_npc_16138.datasheet	15	348	543	41F7169C	41F7169C	True	18	8	1	1	True	OK	
assets/SharedDataStrm-part6.pak	sharedassets/springboardentitites/datatables/questdata/conversationstatedata_npc_16140.datasheet	15	348	543	A73B90B6	A73B90B6	True	18	8	1	1	True	OK	
assets/SharedDataStrm-part6.pak	sharedassets/springboardentitites/datatables/questdata/conversationstatedata_npc_16143.datasheet	15	348	543	626F9787	626F9787	True	18	8	1	1	True	OK	
assets/SharedDataStrm-part6.pak	sharedassets/springboardentitites/datatables/questdata/conversationstatedata_npc_16147.datasheet	15	348	543	03019845	03019845	True	18	8	1	1	True	OK	
assets/SharedDataStrm-part6.pak	sharedassets/springboardentitites/datatables/questdata/conversationstatedata_npc_16148.datasheet	15	348	543	65E78F32	65E78F32	True	18	8	1	1	True	OK	
assets/SharedDataStrm-part6.pak	sharedassets/springboardentitites/datatables/questdata/conversationstatedata_npc_16152.datasheet	15	348	543	11AAA683	11AAA683	True	18	8	1	1	True	OK	
assets/SharedDataStrm-part6.pak	sharedassets/springboardentitites/datatables/questdata/conversationstatedata_npc_16156.datasheet	15	348	543	70C4A941	70C4A941	True	18	8	1	1	True	OK	
assets/SharedDataStrm-part6.pak	sharedassets/springboardentitites/datatables/questdata/conversationstatedata_npc_16158.datasheet	15	348	543	E3C1BEE6	E3C1BEE6	True	18	8	1	1	True	OK	
assets/SharedDataStrm-part6.pak	sharedassets/springboardentitites/datatables/questdata/conversationstatedata_npc_18000.datasheet	15	491	919	4AC9359E	4AC9359E	True	18	12	2	1	True	OK	
assets/SharedDataStrm-part6.pak	sharedassets/springboardentitites/datatables/questdata/conversationstatedata_npc_18001.datasheet	15	455	781	20AA40A8	20AA40A8	True	18	10	2	1	True	OK	
assets/SharedDataStrm-part6.pak	sharedassets/springboardentitites/datatables/questdata/conversationstatedata_npc_18003.datasheet	15	489	919	7D294EB8	7D294EB8	True	18	12	2	1	True	OK	
assets/SharedDataStrm-part6.pak	sharedassets/springboardentitites/datatables/questdata/conversationstatedata_npc_18004.datasheet	15	493	921	48E0CF18	48E0CF18	True	18	12	2	1	True	OK	
assets/SharedDataStrm-part6.pak	sharedassets/springboardentitites/datatables/questdata/conversationstatedata_npc_18005.datasheet	15	455	781	2DC96815	2DC96815	True	18	10	2	1	True	OK	
assets/SharedDataStrm-part6.pak	sharedassets/springboardentitites/datatables/questdata/conversationstatedata_npc_18006.datasheet	15	491	919	4026C384	4026C384	True	18	12	2	1	True	OK	
assets/SharedDataStrm-part6.pak	sharedassets/springboardentitites/datatables/questdata/conversationstatedata_npc_18007.datasheet	15	491	919	72541A43	72541A43	True	18	12	2	1	True	OK	
assets/SharedDataStrm-part6.pak	sharedassets/springboardentitites/datatables/questdata/conversationstatedata_npc_18013.datasheet	15	455	781	2E112871	2E112871	True	18	10	2	1	True	OK	
assets/SharedDataStrm-part6.pak	sharedassets/springboardentitites/datatables/questdata/conversationstatedata_npc_18014.datasheet	15	455	781	248D0419	248D0419	True	18	10	2	1	True	OK	
assets/SharedDataStrm-part6.pak	sharedassets/springboardentitites/datatables/questdata/conversationstatedata_npc_18016.datasheet	15	455	781	FEB44A9A	FEB44A9A	True	18	10	2	1	True	OK	
assets/SharedDataStrm-part6.pak	sharedassets/springboardentitites/datatables/questdata/conversationstatedata_npc_18018.datasheet	15	491	919	ACF7D70A	ACF7D70A	True	18	12	2	1	True	OK	
assets/SharedDataStrm-part6.pak	sharedassets/springboardentitites/datatables/questdata/conversationstatedata_npc_18021.datasheet	15	490	919	12EE7A47	12EE7A47	True	18	12	2	1	True	OK	
assets/SharedDataStrm-part6.pak	sharedassets/springboardentitites/datatables/questdata/conversationstatedata_npc_18023.datasheet	15	414	722	D5AF9CE6	D5AF9CE6	True	18	9	2	1	True	OK	
assets/SharedDataStrm-part6.pak	sharedassets/springboardentitites/datatables/questdata/conversationstatedata_npc_18024.datasheet	15	491	919	E3056534	E3056534	True	18	12	2	1	True	OK	
assets/SharedDataStrm-part6.pak	sharedassets/springboardentitites/datatables/questdata/conversationstatedata_npc_18025.datasheet	15	490	919	4926856F	4926856F	True	18	12	2	1	True	OK	
assets/SharedDataStrm-part6.pak	sharedassets/springboardentitites/datatables/questdata/conversationstatedata_npc_18030.datasheet	15	492	920	0A347AA1	0A347AA1	True	18	12	2	1	True	OK	
assets/SharedDataStrm-part6.pak	sharedassets/springboardentitites/datatables/questdata/conversationstatedata_npc_18038.datasheet	15	422	723	0B751E08	0B751E08	True	18	9	2	1	True	OK	
assets/SharedDataStrm-part6.pak	sharedassets/springboardentitites/datatables/questdata/conversationstatedata_npc_18039.datasheet	15	413	727	1C14873B	1C14873B	True	18	9	2	1	True	OK	
assets/SharedDataStrm-part6.pak	sharedassets/springboardentitites/datatables/questdata/conversationstatedata_npc_18041.datasheet	15	414	722	094DC5C3	094DC5C3	True	18	9	2	1	True	OK	
assets/SharedDataStrm-part6.pak	sharedassets/springboardentitites/datatables/questdata/conversationstatedata_npc_18042.datasheet	15	480	862	4F4F7FF0	4F4F7FF0	True	18	11	2	1	True	OK	
assets/SharedDataStrm-part6.pak	sharedassets/springboardentitites/datatables/questdata/conversationstatedata_npc_18043.datasheet	15	480	861	320D17F6	320D17F6	True	18	11	2	1	True	OK	
assets/SharedDataStrm-part6.pak	sharedassets/springboardentitites/datatables/questdata/conversationstatedata_npc_18045.datasheet	15	491	919	27216C43	27216C43	True	18	12	2	1	True	OK	
assets/SharedDataStrm-part6.pak	sharedassets/springboardentitites/datatables/questdata/conversationstatedata_npc_18046.datasheet	15	559	1145	1A20ECD6	1A20ECD6	True	18	13	3	1	True	OK	
assets/SharedDataStrm-part6.pak	sharedassets/springboardentitites/datatables/questdata/conversationstatedata_npc_18047.datasheet	15	491	919	D96A3E85	D96A3E85	True	18	12	2	1	True	OK	
assets/SharedDataStrm-part6.pak	sharedassets/springboardentitites/datatables/questdata/conversationstatedata_npc_18048.datasheet	15	527	1078	7CA01BF2	7CA01BF2	True	18	12	3	1	True	OK	
assets/SharedDataStrm-part6.pak	sharedassets/springboardentitites/datatables/questdata/conversationstatedata_npc_18050.datasheet	15	519	1068	E2F42FF7	E2F42FF7	True	18	12	3	1	True	OK	
assets/SharedDataStrm-part6.pak	sharedassets/springboardentitites/datatables/questdata/conversationstatedata_npc_18051.datasheet	15	492	920	B6D3D286	B6D3D286	True	18	12	2	1	True	OK	
assets/SharedDataStrm-part6.pak	sharedassets/springboardentitites/datatables/questdata/conversationstatedata_npc_18052.datasheet	15	378	663	7F123772	7F123772	True	18	8	2	1	True	OK	
assets/SharedDataStrm-part6.pak	sharedassets/springboardentitites/datatables/questdata/conversationstatedata_npc_18054.datasheet	15	527	1078	DC757B5C	DC757B5C	True	18	12	3	1	True	OK	
assets/SharedDataStrm-part6.pak	sharedassets/springboardentitites/datatables/questdata/conversationstatedata_npc_18056.datasheet	15	493	921	7A6BD967	7A6BD967	True	18	12	2	1	True	OK	
assets/SharedDataStrm-part6.pak	sharedassets/springboardentitites/datatables/questdata/conversationstatedata_npc_18057.datasheet	15	495	923	A046A014	A046A014	True	18	12	2	1	True	OK	
assets/SharedDataStrm-part6.pak	sharedassets/springboardentitites/datatables/questdata/conversationstatedata_npc_18059.datasheet	15	492	920	EE07B21F	EE07B21F	True	18	12	2	1	True	OK	
assets/SharedDataStrm-part6.pak	sharedassets/springboardentitites/datatables/questdata/conversationstatedata_npc_18060.datasheet	15	455	781	F42F4E2B	F42F4E2B	True	18	10	2	1	True	OK	
assets/SharedDataStrm-part6.pak	sharedassets/springboardentitites/datatables/questdata/conversationstatedata_npc_18061.datasheet	15	560	1145	BF68B5C7	BF68B5C7	True	18	13	3	1	True	OK	
assets/SharedDataStrm-part6.pak	sharedassets/springboardentitites/datatables/questdata/conversationstatedata_npc_18063.datasheet	15	508	1003	E9B3AF40	E9B3AF40	True	18	11	3	1	True	OK	
assets/SharedDataStrm-part6.pak	sharedassets/springboardentitites/datatables/questdata/conversationstatedata_npc_18064.datasheet	15	348	543	398EF10E	398EF10E	True	18	8	1	1	True	OK	
assets/SharedDataStrm-part6.pak	sharedassets/springboardentitites/datatables/questdata/conversationstatedata_npc_18065.datasheet	15	455	781	F154CBA6	F154CBA6	True	18	10	2	1	True	OK	
assets/SharedDataStrm-part6.pak	sharedassets/springboardentitites/datatables/questdata/conversationstatedata_npc_18066.datasheet	15	455	781	823326FC	823326FC	True	18	10	2	1	True	OK	
assets/SharedDataStrm-part6.pak	sharedassets/springboardentitites/datatables/questdata/conversationstatedata_npc_18067.datasheet	15	490	919	DE020FEA	DE020FEA	True	18	12	2	1	True	OK	
assets/SharedDataStrm-part6.pak	sharedassets/springboardentitites/datatables/questdata/conversationstatedata_npc_18068.datasheet	15	348	543	9A3CE148	9A3CE148	True	18	8	1	1	True	OK	
assets/SharedDataStrm-part6.pak	sharedassets/springboardentitites/datatables/questdata/conversationstatedata_npc_20004.datasheet	15	490	931	50A2A56B	50A2A56B	True	18	10	3	1	True	OK	
assets/SharedDataStrm-part6.pak	sharedassets/springboardentitites/datatables/questdata/conversationstatedata_npc_20005.datasheet	15	493	1005	3F81BF85	3F81BF85	True	18	9	4	1	True	OK	
assets/SharedDataStrm-part6.pak	sharedassets/springboardentitites/datatables/questdata/conversationstatedata_npc_20006.datasheet	15	500	1010	39D3E90F	39D3E90F	True	18	9	4	1	True	OK	
assets/SharedDataStrm-part6.pak	sharedassets/springboardentitites/datatables/questdata/conversationstatedata_npc_28001.datasheet	15	567	1319	E3525FA0	E3525FA0	True	18	13	4	1	True	OK	
assets/SharedDataStrm-part6.pak	sharedassets/springboardentitites/datatables/questdata/conversationstatedata_npc_28004.datasheet	15	484	916	1F590E34	1F590E34	True	18	12	2	1	True	OK	
assets/SharedDataStrm-part6.pak	sharedassets/springboardentitites/datatables/questdata/conversationstatedata_npc_28008.datasheet	15	348	543	400B6E1C	400B6E1C	True	18	8	1	1	True	OK	
assets/SharedDataStrm-part6.pak	sharedassets/springboardentitites/datatables/questdata/conversationstatedata_npc_28009.datasheet	15	348	543	B5E86ECC	B5E86ECC	True	18	8	1	1	True	OK	
assets/SharedDataStrm-part6.pak	sharedassets/springboardentitites/datatables/questdata/conversationstatedata_npc_28013.datasheet	15	492	932	E0548055	E0548055	True	18	10	3	1	True	OK	
assets/SharedDataStrm-part6.pak	sharedassets/springboardentitites/datatables/questdata/conversationstatedata_npc_28015.datasheet	15	348	543	907C4F5E	907C4F5E	True	18	8	1	1	True	OK	
assets/SharedDataStrm-part6.pak	sharedassets/springboardentitites/datatables/questdata/conversationstatedata_npc_42001.datasheet	15	613	1486	74635EA8	74635EA8	True	18	13	5	1	True	OK	
assets/SharedDataStrm-part6.pak	sharedassets/springboardentitites/datatables/questdata/conversationtopicdata_npc_04289.datasheet	15	303	486	FA4FDC5D	FA4FDC5D	True	18	6	1	1	True	OK	
assets/SharedDataStrm-part6.pak	sharedassets/springboardentitites/datatables/questdata/conversationtopicdata_npc_04295.datasheet	0	141	141	19531822	19531822	True	18	0	0		True	OK	
assets/SharedDataStrm-part6.pak	sharedassets/springboardentitites/datatables/questdata/conversationtopicdata_npc_04627.datasheet	15	357	792	1754AC80	1754AC80	True	18	6	3	1	True	OK	
assets/SharedDataStrm-part6.pak	sharedassets/springboardentitites/datatables/questdata/conversationtopicdata_npc_16008.datasheet	15	303	486	5EFF400C	5EFF400C	True	18	6	1	1	True	OK	
assets/SharedDataStrm-part6.pak	sharedassets/springboardentitites/datatables/questdata/conversationtopicdata_npc_16077.datasheet	0	141	141	07BFF074	07BFF074	True	18	0	0		True	OK	
assets/SharedDataStrm-part6.pak	sharedassets/springboardentitites/datatables/questdata/conversationtopicdata_npc_16080.datasheet	0	141	141	404E2BD3	404E2BD3	True	18	0	0		True	OK	
assets/SharedDataStrm-part6.pak	sharedassets/springboardentitites/datatables/questdata/conversationtopicdata_npc_16131.datasheet	0	141	141	3D1BDB46	3D1BDB46	True	18	0	0		True	OK	
assets/SharedDataStrm-part6.pak	sharedassets/springboardentitites/datatables/questdata/conversationtopicdata_npc_16145.datasheet	0	141	141	5654BCA4	5654BCA4	True	18	0	0		True	OK	
assets/SharedDataStrm-part6.pak	sharedassets/springboardentitites/datatables/questdata/conversationtopicdata_npc_16146.datasheet	0	141	141	627497A3	627497A3	True	18	0	0		True	OK	
assets/SharedDataStrm-part6.pak	sharedassets/springboardentitites/datatables/questdata/conversationtopicdata_npc_16159.datasheet	0	141	141	F31B83C0	F31B83C0	True	18	0	0		True	OK	
assets/SharedDataStrm-part6.pak	sharedassets/springboardentitites/datatables/questdata/conversationtopicdata_npc_16160.datasheet	0	141	141	E1ABE75D	E1ABE75D	True	18	0	0		True	OK	
assets/SharedDataStrm-part6.pak	sharedassets/springboardentitites/datatables/questdata/conversationtopicdata_npc_16197.datasheet	0	141	141	A65A3CFA	A65A3CFA	True	18	0	0		True	OK	
assets/SharedDataStrm-part6.pak	sharedassets/springboardentitites/datatables/questdata/conversationtopicdata_npc_16200.datasheet	0	141	141	E586D1AB	E586D1AB	True	18	0	0		True	OK	
assets/SharedDataStrm-part6.pak	sharedassets/springboardentitites/datatables/questdata/conversationtopicdata_npc_18004.datasheet	15	303	486	F0567536	F0567536	True	18	6	1	1	True	OK	
assets/SharedDataStrm-part6.pak	sharedassets/springboardentitites/datatables/questdata/conversationtopicdata_npc_18007.datasheet	15	303	486	3B6379C1	3B6379C1	True	18	6	1	1	True	OK	
assets/SharedDataStrm-part6.pak	sharedassets/springboardentitites/datatables/questdata/conversationtopicdata_npc_18010.datasheet	15	303	486	98B5AE6D	98B5AE6D	True	18	6	1	1	True	OK	
assets/SharedDataStrm-part6.pak	sharedassets/springboardentitites/datatables/questdata/conversationtopicdata_npc_18011.datasheet	15	303	486	DE5955C0	DE5955C0	True	18	6	1	1	True	OK	
assets/SharedDataStrm-part6.pak	sharedassets/springboardentitites/datatables/questdata/conversationtopicdata_npc_18017.datasheet	15	303	486	93424A6F	93424A6F	True	18	6	1	1	True	OK	
assets/SharedDataStrm-part6.pak	sharedassets/springboardentitites/datatables/questdata/conversationtopicdata_npc_18019.datasheet	15	303	486	84AD826B	84AD826B	True	18	6	1	1	True	OK	
assets/SharedDataStrm-part6.pak	sharedassets/springboardentitites/datatables/questdata/conversationtopicdata_npc_18020.datasheet	0	141	141	8FC83FBF	8FC83FBF	True	18	0	0		True	OK	
assets/SharedDataStrm-part6.pak	sharedassets/springboardentitites/datatables/questdata/conversationtopicdata_npc_18021.datasheet	15	303	486	FD4B0773	FD4B0773	True	18	6	1	1	True	OK	
assets/SharedDataStrm-part6.pak	sharedassets/springboardentitites/datatables/questdata/conversationtopicdata_npc_18022.datasheet	0	141	141	1ED8F07A	1ED8F07A	True	18	0	0		True	OK	
assets/SharedDataStrm-part6.pak	sharedassets/springboardentitites/datatables/questdata/conversationtopicdata_npc_18023.datasheet	0	141	141	BBE814B8	BBE814B8	True	18	0	0		True	OK	
assets/SharedDataStrm-part6.pak	sharedassets/springboardentitites/datatables/questdata/conversationtopicdata_npc_18027.datasheet	0	141	141	42B88D73	42B88D73	True	18	0	0		True	OK	
assets/SharedDataStrm-part6.pak	sharedassets/springboardentitites/datatables/questdata/conversationtopicdata_npc_18033.datasheet	15	303	486	D8B3C387	D8B3C387	True	18	6	1	1	True	OK	
assets/SharedDataStrm-part6.pak	sharedassets/springboardentitites/datatables/questdata/conversationtopicdata_npc_18037.datasheet	0	141	141	37771E0B	37771E0B	True	18	0	0		True	OK	
assets/SharedDataStrm-part6.pak	sharedassets/springboardentitites/datatables/questdata/conversationtopicdata_npc_18039.datasheet	15	303	486	0F9EE376	0F9EE376	True	18	6	1	1	True	OK	
assets/SharedDataStrm-part6.pak	sharedassets/springboardentitites/datatables/questdata/conversationtopicdata_npc_18040.datasheet	15	303	486	FD8359B8	FD8359B8	True	18	6	1	1	True	OK	
assets/SharedDataStrm-part6.pak	sharedassets/springboardentitites/datatables/questdata/conversationtopicdata_npc_18041.datasheet	0	141	141	CD28B62C	CD28B62C	True	18	0	0		True	OK	
assets/SharedDataStrm-part6.pak	sharedassets/springboardentitites/datatables/questdata/conversationtopicdata_npc_18042.datasheet	15	303	486	705AAEE2	705AAEE2	True	18	6	1	1	True	OK	
assets/SharedDataStrm-part6.pak	sharedassets/springboardentitites/datatables/questdata/conversationtopicdata_npc_18044.datasheet	0	141	141	9148CB25	9148CB25	True	18	0	0		True	OK	
assets/SharedDataStrm-part6.pak	sharedassets/springboardentitites/datatables/questdata/conversationtopicdata_npc_18045.datasheet	15	303	486	7BAD4AE0	7BAD4AE0	True	18	6	1	1	True	OK	
assets/SharedDataStrm-part6.pak	sharedassets/springboardentitites/datatables/questdata/conversationtopicdata_npc_18046.datasheet	15	303	486	B0984617	B0984617	True	18	6	1	1	True	OK	
assets/SharedDataStrm-part6.pak	sharedassets/springboardentitites/datatables/questdata/conversationtopicdata_npc_18048.datasheet	15	303	486	A7778E13	A7778E13	True	18	6	1	1	True	OK	
assets/SharedDataStrm-part6.pak	sharedassets/springboardentitites/datatables/questdata/conversationtopicdata_npc_18049.datasheet	0	141	141	E4F883FB	E4F883FB	True	18	0	0		True	OK	
assets/SharedDataStrm-part6.pak	sharedassets/springboardentitites/datatables/questdata/conversationtopicdata_npc_18051.datasheet	15	303	486	134E91BB	134E91BB	True	18	6	1	1	True	OK	
assets/SharedDataStrm-part6.pak	sharedassets/springboardentitites/datatables/questdata/conversationtopicdata_npc_18055.datasheet	15	303	486	D38C794E	D38C794E	True	18	6	1	1	True	OK	
assets/SharedDataStrm-part6.pak	sharedassets/springboardentitites/datatables/questdata/conversationtopicdata_npc_18061.datasheet	15	303	486	305CC308	305CC308	True	18	6	1	1	True	OK	
assets/SharedDataStrm-part6.pak	sharedassets/springboardentitites/datatables/questdata/conversationtopicdata_npc_18064.datasheet	0	141	141	7AD7EDD5	7AD7EDD5	True	18	0	0		True	OK	
assets/SharedDataStrm-part6.pak	sharedassets/springboardentitites/datatables/questdata/conversationtopicdata_npc_18066.datasheet	0	141	141	EBC72210	EBC72210	True	18	0	0		True	OK	
assets/SharedDataStrm-part6.pak	sharedassets/springboardentitites/datatables/questdata/conversationtopicdata_npc_18067.datasheet	15	303	486	7D47DCA7	7D47DCA7	True	18	6	1	1	True	OK	
assets/SharedDataStrm-part6.pak	sharedassets/springboardentitites/datatables/questdata/conversationtopicdata_npc_28009.datasheet	0	141	141	F54889F5	F54889F5	True	18	0	0		True	OK	
assets/SharedDataStrm-part6.pak	sharedassets/springboardentitites/datatables/questdata/conversationtopicdata_npc_28014.datasheet	0	141	141	F5375253	F5375253	True	18	0	0		True	OK	
assets/SharedDataStrm-part6.pak	sharedassets/springboardentitites/datatables/questdata/conversationtopicdata_npc_28018.datasheet	0	141	141	25B7FE4F	25B7FE4F	True	18	0	0		True	OK	
assets/SharedDataStrm-part6.pak	sharedassets/springboardentitites/datatables/questdata/conversationtopicdata_npc_61000.datasheet	0	141	141	7638D245	7638D245	True	18	0	0		True	OK	
assets/SharedDataStrm-part6.pak	sharedassets/springboardentitites/datatables/questdata/npcdata_npc_04296.datasheet	15	253	431	AE5D94B0	AE5D94B0	True	18	6	1	1	True	OK	
assets/SharedDataStrm-part6.pak	sharedassets/springboardentitites/datatables/questdata/npcdata_npc_04628.datasheet	15	214	313	DFFD7865	DFFD7865	True	18	4	1	1	True	OK	
assets/SharedDataStrm-part6.pak	sharedassets/springboardentitites/datatables/questdata/npcdata_npc_04629.datasheet	15	253	431	C151FDF1	C151FDF1	True	18	6	1	1	True	OK	
assets/SharedDataStrm-part6.pak	sharedassets/springboardentitites/datatables/questdata/npcdata_npc_04630.datasheet	15	292	549	B0F18394	B0F18394	True	18	8	1	1	True	OK	
assets/SharedDataStrm-part6.pak	sharedassets/springboardentitites/datatables/questdata/npcdata_npc_04631.datasheet	15	214	313	0C4ECF5C	0C4ECF5C	True	18	4	1	1	True	OK	
assets/SharedDataStrm-part6.pak	sharedassets/springboardentitites/datatables/questdata/npcdata_npc_04632.datasheet	15	272	490	7A576715	7A576715	True	18	7	1	1	True	OK	
assets/SharedDataStrm-part6.pak	sharedassets/springboardentitites/datatables/questdata/npcdata_npc_04633.datasheet	15	253	431	3F2B97DA	3F2B97DA	True	18	6	1	1	True	OK	
assets/SharedDataStrm-part6.pak	sharedassets/springboardentitites/datatables/questdata/npcdata_npc_04634.datasheet	15	214	313	E85AB30A	E85AB30A	True	18	4	1	1	True	OK	
assets/SharedDataStrm-part6.pak	sharedassets/springboardentitites/datatables/questdata/npcdata_npc_04635.datasheet	15	253	431	EFA52DC5	EFA52DC5	True	18	6	1	1	True	OK	
assets/SharedDataStrm-part6.pak	sharedassets/springboardentitites/datatables/questdata/npcdata_npc_16005.datasheet	15	236	372	1868B342	1868B342	True	18	5	1	1	True	OK	
assets/SharedDataStrm-part6.pak	sharedassets/springboardentitites/datatables/questdata/npcdata_npc_16006.datasheet	15	236	372	43A80982	43A80982	True	18	5	1	1	True	OK	
assets/SharedDataStrm-part6.pak	sharedassets/springboardentitites/datatables/questdata/npcdata_npc_16009.datasheet	15	236	372	AC1B5E03	AC1B5E03	True	18	5	1	1	True	OK	
assets/SharedDataStrm-part6.pak	sharedassets/springboardentitites/datatables/questdata/npcdata_npc_16031.datasheet	15	214	313	B8ACB74E	B8ACB74E	True	18	4	1	1	True	OK	
assets/SharedDataStrm-part6.pak	sharedassets/springboardentitites/datatables/questdata/npcdata_npc_16032.datasheet	15	236	372	02695288	02695288	True	18	5	1	1	True	OK	
assets/SharedDataStrm-part6.pak	sharedassets/springboardentitites/datatables/questdata/npcdata_npc_16033.datasheet	15	214	313	0BC42CB8	0BC42CB8	True	18	4	1	1	True	OK	
assets/SharedDataStrm-part6.pak	sharedassets/springboardentitites/datatables/questdata/npcdata_npc_16035.datasheet	15	236	372	8357B148	8357B148	True	18	5	1	1	True	OK	
assets/SharedDataStrm-part6.pak	sharedassets/springboardentitites/datatables/questdata/npcdata_npc_16059.datasheet	15	214	313	E42A9283	E42A9283	True	18	4	1	1	True	OK	
assets/SharedDataStrm-part6.pak	sharedassets/springboardentitites/datatables/questdata/npcdata_npc_16060.datasheet	15	214	313	63F41A08	63F41A08	True	18	4	1	1	True	OK	
assets/SharedDataStrm-part6.pak	sharedassets/springboardentitites/datatables/questdata/npcdata_npc_16068.datasheet	15	214	313	C3C57F13	C3C57F13	True	18	4	1	1	True	OK	
assets/SharedDataStrm-part6.pak	sharedassets/springboardentitites/datatables/questdata/npcdata_npc_16070.datasheet	15	214	313	49C285D1	49C285D1	True	18	4	1	1	True	OK	
assets/SharedDataStrm-part6.pak	sharedassets/springboardentitites/datatables/questdata/npcdata_npc_16074.datasheet	15	236	372	B532D951	B532D951	True	18	5	1	1	True	OK	
assets/SharedDataStrm-part6.pak	sharedassets/springboardentitites/datatables/questdata/npcdata_npc_16086.datasheet	15	214	313	1B4E080C	1B4E080C	True	18	4	1	1	True	OK	
assets/SharedDataStrm-part6.pak	sharedassets/springboardentitites/datatables/questdata/npcdata_npc_16093.datasheet	15	236	372	D8B6C476	D8B6C476	True	18	5	1	1	True	OK	
assets/SharedDataStrm-part6.pak	sharedassets/springboardentitites/datatables/questdata/npcdata_npc_16097.datasheet	15	252	431	17DDBFE9	17DDBFE9	True	18	6	1	1	True	OK	
assets/SharedDataStrm-part6.pak	sharedassets/springboardentitites/datatables/questdata/npcdata_npc_16098.datasheet	15	214	313	9F815895	9F815895	True	18	4	1	1	True	OK	
assets/SharedDataStrm-part6.pak	sharedassets/springboardentitites/datatables/questdata/npcdata_npc_16146.datasheet	15	214	313	C674D30E	C674D30E	True	18	4	1	1	True	OK	
assets/SharedDataStrm-part6.pak	sharedassets/springboardentitites/datatables/questdata/npcdata_npc_16158.datasheet	15	214	313	42BB8397	42BB8397	True	18	4	1	1	True	OK	
assets/SharedDataStrm-part6.pak	sharedassets/springboardentitites/datatables/questdata/npcdata_npc_16171.datasheet	15	236	372	B06659DA	B06659DA	True	18	5	1	1	True	OK	
assets/SharedDataStrm-part6.pak	sharedassets/springboardentitites/datatables/questdata/npcdata_npc_16203.datasheet	15	214	313	50A4334C	50A4334C	True	18	4	1	1	True	OK	
assets/SharedDataStrm-part6.pak	sharedassets/springboardentitites/datatables/questdata/npcdata_npc_18001.datasheet	15	236	372	89ACBCC8	89ACBCC8	True	18	5	1	1	True	OK	
assets/SharedDataStrm-part6.pak	sharedassets/springboardentitites/datatables/questdata/npcdata_npc_18005.datasheet	15	236	372	5352E5C8	5352E5C8	True	18	5	1	1	True	OK	
assets/SharedDataStrm-part6.pak	sharedassets/springboardentitites/datatables/questdata/npcdata_npc_18006.datasheet	15	236	372	08925F08	08925F08	True	18	5	1	1	True	OK	
assets/SharedDataStrm-part6.pak	sharedassets/springboardentitites/datatables/questdata/npcdata_npc_18007.datasheet	15	236	372	3E2DC948	3E2DC948	True	18	5	1	1	True	OK	
assets/SharedDataStrm-part6.pak	sharedassets/springboardentitites/datatables/questdata/npcdata_npc_18010.datasheet	15	236	372	C9F9D48E	C9F9D48E	True	18	5	1	1	True	OK	
assets/SharedDataStrm-part6.pak	sharedassets/springboardentitites/datatables/questdata/npcdata_npc_18011.datasheet	15	236	372	FF4642CE	FF4642CE	True	18	5	1	1	True	OK	
assets/SharedDataStrm-part6.pak	sharedassets/springboardentitites/datatables/questdata/npcdata_npc_18013.datasheet	15	236	372	92396E4E	92396E4E	True	18	5	1	1	True	OK	
assets/SharedDataStrm-part6.pak	sharedassets/springboardentitites/datatables/questdata/npcdata_npc_18014.datasheet	15	236	372	13078D8E	13078D8E	True	18	5	1	1	True	OK	
assets/SharedDataStrm-part6.pak	sharedassets/springboardentitites/datatables/questdata/npcdata_npc_18015.datasheet	15	236	372	25B81BCE	25B81BCE	True	18	5	1	1	True	OK	
assets/SharedDataStrm-part6.pak	sharedassets/springboardentitites/datatables/questdata/npcdata_npc_18019.datasheet	15	236	372	91CBF68F	91CBF68F	True	18	5	1	1	True	OK	
assets/SharedDataStrm-part6.pak	sharedassets/springboardentitites/datatables/questdata/npcdata_npc_18020.datasheet	15	236	372	52C6D684	52C6D684	True	18	5	1	1	True	OK	
assets/SharedDataStrm-part6.pak	sharedassets/springboardentitites/datatables/questdata/npcdata_npc_18021.datasheet	15	236	372	647940C4	647940C4	True	18	5	1	1	True	OK	
assets/SharedDataStrm-part6.pak	sharedassets/springboardentitites/datatables/questdata/npcdata_npc_18023.datasheet	15	236	372	09066C44	09066C44	True	18	5	1	1	True	OK	
assets/SharedDataStrm-part6.pak	sharedassets/springboardentitites/datatables/questdata/npcdata_npc_18028.datasheet	15	236	372	3C4B62C5	3C4B62C5	True	18	5	1	1	True	OK	
assets/SharedDataStrm-part6.pak	sharedassets/springboardentitites/datatables/questdata/npcdata_npc_18029.datasheet	15	236	372	0AF4F485	0AF4F485	True	18	5	1	1	True	OK	
assets/SharedDataStrm-part6.pak	sharedassets/springboardentitites/datatables/questdata/npcdata_npc_18030.datasheet	15	236	372	242C2882	242C2882	True	18	5	1	1	True	OK	
assets/SharedDataStrm-part6.pak	sharedassets/springboardentitites/datatables/questdata/npcdata_npc_18031.datasheet	15	236	372	1293BEC2	1293BEC2	True	18	5	1	1	True	OK	
assets/SharedDataStrm-part6.pak	sharedassets/springboardentitites/datatables/questdata/npcdata_npc_18034.datasheet	15	236	372	FED27182	FED27182	True	18	5	1	1	True	OK	
assets/SharedDataStrm-part6.pak	sharedassets/springboardentitites/datatables/questdata/npcdata_npc_18041.datasheet	15	236	372	89764291	89764291	True	18	5	1	1	True	OK	
assets/SharedDataStrm-part6.pak	sharedassets/springboardentitites/datatables/questdata/npcdata_npc_18042.datasheet	15	236	372	D2B6F851	D2B6F851	True	18	5	1	1	True	OK	
assets/SharedDataStrm-part6.pak	sharedassets/springboardentitites/datatables/questdata/npcdata_npc_18045.datasheet	15	236	372	53881B91	53881B91	True	18	5	1	1	True	OK	
assets/SharedDataStrm-part6.pak	sharedassets/springboardentitites/datatables/questdata/npcdata_npc_18048.datasheet	15	252	431	FF02B24C	FF02B24C	True	18	6	1	1	True	OK	
assets/SharedDataStrm-part6.pak	sharedassets/springboardentitites/datatables/questdata/npcdata_npc_18049.datasheet	15	236	372	E7FBF6D0	E7FBF6D0	True	18	5	1	1	True	OK	
assets/SharedDataStrm-part6.pak	sharedassets/springboardentitites/datatables/questdata/npcdata_npc_18050.datasheet	15	253	431	F82DB3AD	F82DB3AD	True	18	6	1	1	True	OK	
assets/SharedDataStrm-part6.pak	sharedassets/springboardentitites/datatables/questdata/npcdata_npc_18052.datasheet	15	236	372	A45C0657	A45C0657	True	18	5	1	1	True	OK	
assets/SharedDataStrm-part6.pak	sharedassets/springboardentitites/datatables/questdata/npcdata_npc_18054.datasheet	15	252	431	55727C71	55727C71	True	18	6	1	1	True	OK	
assets/SharedDataStrm-part6.pak	sharedassets/springboardentitites/datatables/questdata/npcdata_npc_18055.datasheet	15	252	431	29D8C994	29D8C994	True	18	6	1	1	True	OK	
assets/SharedDataStrm-part6.pak	sharedassets/springboardentitites/datatables/questdata/npcdata_npc_18056.datasheet	15	236	372	7EA25F57	7EA25F57	True	18	5	1	1	True	OK	
assets/SharedDataStrm-part6.pak	sharedassets/springboardentitites/datatables/questdata/npcdata_npc_18064.datasheet	15	214	313	26CD27F2	26CD27F2	True	18	4	1	1	True	OK	
assets/SharedDataStrm-part6.pak	sharedassets/springboardentitites/datatables/questdata/npcdata_npc_18065.datasheet	15	236	372	BE5DE79D	BE5DE79D	True	18	5	1	1	True	OK	
assets/SharedDataStrm-part6.pak	sharedassets/springboardentitites/datatables/questdata/npcdata_npc_20003.datasheet	15	253	431	AAAA0E2C	AAAA0E2C	True	18	6	1	1	True	OK	
assets/SharedDataStrm-part6.pak	sharedassets/springboardentitites/datatables/questdata/npcdata_npc_20008.datasheet	15	214	313	88F0F051	88F0F051	True	18	4	1	1	True	OK	
assets/SharedDataStrm-part6.pak	sharedassets/springboardentitites/datatables/questdata/npcdata_npc_28001.datasheet	15	272	490	F500A955	F500A955	True	18	7	1	1	True	OK	
assets/SharedDataStrm-part6.pak	sharedassets/springboardentitites/datatables/questdata/npcdata_npc_28002.datasheet	15	309	608	7CCF0ED1	7CCF0ED1	True	18	9	1	1	True	OK	
assets/SharedDataStrm-part6.pak	sharedassets/springboardentitites/datatables/questdata/npcdata_npc_28004.datasheet	15	236	372	9056B37D	9056B37D	True	18	5	1	1	True	OK	
assets/SharedDataStrm-part6.pak	sharedassets/springboardentitites/datatables/questdata/npcdata_npc_28006.datasheet	15	214	313	7F2EECF8	7F2EECF8	True	18	4	1	1	True	OK	
assets/SharedDataStrm-part6.pak	sharedassets/springboardentitites/datatables/questdata/npcdata_npc_28007.datasheet	15	214	313	269AA103	269AA103	True	18	4	1	1	True	OK	
assets/SharedDataStrm-part6.pak	sharedassets/springboardentitites/datatables/questdata/npcdata_npc_28013.datasheet	15	253	431	7E76A38E	7E76A38E	True	18	6	1	1	True	OK	
assets/SharedDataStrm-part6.pak	sharedassets/springboardentitites/datatables/questdata/npcdata_npc_42001.datasheet	15	292	549	D78AC065	D78AC065	True	18	8	1	1	True	OK	
assets/SharedDataStrm-part6.pak	sharedassets/springboardentitites/datatables/questdata/npcdata_npc_61000.datasheet	15	253	431	9272402B	9272402B	True	18	6	1	1	True	OK	
assets/SharedDataStrm-part6.pak	sharedassets/springboardentitites/datatables/questdata/objectives_quest_02796.datasheet	15	993	1876	7000EC60	7000EC60	True	18	36	1	1	True	OK	
assets/SharedDataStrm-part6.pak	sharedassets/springboardentitites/datatables/questdata/objectives_quest_03194.datasheet	15	1007	1905	712F69AC	712F69AC	True	18	36	1	1	True	OK	
assets/SharedDataStrm-part6.pak	sharedassets/springboardentitites/datatables/questdata/objectives_quest_03195.datasheet	15	1038	1959	DB3CB6C2	DB3CB6C2	True	18	37	1	1	True	OK	
assets/SharedDataStrm-part6.pak	sharedassets/springboardentitites/datatables/questdata/objectives_quest_03199.datasheet	15	1038	1959	8E898B94	8E898B94	True	18	37	1	1	True	OK	
assets/SharedDataStrm-part6.pak	sharedassets/springboardentitites/datatables/questdata/objectives_quest_08015.datasheet	15	923	1761	5929BFB6	5929BFB6	True	18	34	1	1	True	OK	
assets/SharedDataStrm-part6.pak	sharedassets/springboardentitites/datatables/questdata/objectives_quest_16004.datasheet	15	1008	1874	FD1FC686	FD1FC686	True	18	36	1	1	True	OK	
assets/SharedDataStrm-part6.pak	sharedassets/springboardentitites/datatables/questdata/objectives_quest_16011.datasheet	15	939	1560	69386660	69386660	True	18	31	1	1	True	OK	
assets/SharedDataStrm-part6.pak	sharedassets/springboardentitites/datatables/questdata/objectives_quest_16012.datasheet	15	1014	1898	4460A6D7	4460A6D7	True	18	36	1	1	True	OK	
assets/SharedDataStrm-part6.pak	sharedassets/springboardentitites/datatables/questdata/objectives_quest_16015.datasheet	15	1014	1897	3DBFF65A	3DBFF65A	True	18	36	1	1	True	OK	
assets/SharedDataStrm-part6.pak	sharedassets/springboardentitites/datatables/questdata/objectives_quest_16027.datasheet	15	939	1560	27B613F9	27B613F9	True	18	31	1	1	True	OK	
assets/SharedDataStrm-part6.pak	sharedassets/springboardentitites/datatables/questdata/objectives_quest_16028.datasheet	15	1017	1896	2F6B5AB1	2F6B5AB1	True	18	36	1	1	True	OK	
assets/SharedDataStrm-part6.pak	sharedassets/springboardentitites/datatables/questdata/objectives_quest_16029.datasheet	15	939	1560	030ABAA4	030ABAA4	True	18	31	1	1	True	OK	
assets/SharedDataStrm-part6.pak	sharedassets/springboardentitites/datatables/questdata/objectives_quest_16031.datasheet	15	939	1560	921AD4AA	921AD4AA	True	18	31	1	1	True	OK	
assets/SharedDataStrm-part6.pak	sharedassets/springboardentitites/datatables/questdata/objectives_quest_18002.datasheet	15	993	1876	74CA897E	74CA897E	True	18	36	1	1	True	OK	
assets/SharedDataStrm-part6.pak	sharedassets/springboardentitites/datatables/questdata/objectives_quest_18013.datasheet	15	995	1879	2DDD5912	2DDD5912	True	18	36	1	1	True	OK	
assets/SharedDataStrm-part6.pak	sharedassets/springboardentitites/datatables/questdata/objectives_quest_18014.datasheet	15	994	1879	6D90EF11	6D90EF11	True	18	36	1	1	True	OK	
assets/SharedDataStrm-part6.pak	sharedassets/springboardentitites/datatables/questdata/objectives_quest_18016.datasheet	15	996	1879	DAB8AE08	DAB8AE08	True	18	36	1	1	True	OK	
assets/SharedDataStrm-part6.pak	sharedassets/springboardentitites/datatables/questdata/objectives_quest_18017.datasheet	15	996	1879	D4873ABF	D4873ABF	True	18	36	1	1	True	OK	
assets/SharedDataStrm-part6.pak	sharedassets/springboardentitites/datatables/questdata/objectives_quest_18022.datasheet	15	995	1879	C31F6F82	C31F6F82	True	18	36	1	1	True	OK	
assets/SharedDataStrm-part6.pak	sharedassets/springboardentitites/datatables/questdata/objectives_quest_18024.datasheet	15	996	1879	EA896330	EA896330	True	18	36	1	1	True	OK	
assets/SharedDataStrm-part6.pak	sharedassets/springboardentitites/datatables/questdata/objectives_quest_18028.datasheet	15	991	1876	BB5564A5	BB5564A5	True	18	36	1	1	True	OK	
assets/SharedDataStrm-part6.pak	sharedassets/springboardentitites/datatables/questdata/objectives_quest_18034.datasheet	15	999	1884	088BE039	088BE039	True	18	36	1	1	True	OK	
assets/SharedDataStrm-part6.pak	sharedassets/springboardentitites/datatables/questdata/objectives_quest_28001.datasheet	15	988	1869	B1CF9584	B1CF9584	True	18	36	1	1	True	OK	
assets/SharedDataStrm-part6.pak	sharedassets/springboardentitites/datatables/questdata/objectives_quest_28002.datasheet	15	988	1869	AB5E0CAD	AB5E0CAD	True	18	36	1	1	True	OK	
assets/SharedDataStrm-part6.pak	sharedassets/springboardentitites/datatables/questdata/objectives_quest_28003.datasheet	15	990	1869	4F91FD12	4F91FD12	True	18	36	1	1	True	OK	
assets/SharedDataStrm-part6.pak	sharedassets/springboardentitites/datatables/questdata/objectives_quest_28005.datasheet	15	990	1869	426C0600	426C0600	True	18	36	1	1	True	OK	
assets/SharedDataStrm-part6.pak	sharedassets/springboardentitites/datatables/questdata/objectives_quest_28006.datasheet	15	990	1869	34522D12	34522D12	True	18	36	1	1	True	OK	
assets/SharedDataStrm-part6.pak	sharedassets/springboardentitites/datatables/questdata/objectives_quest_42001.datasheet	15	993	1890	76D5EF0F	76D5EF0F	True	18	36	1	1	True	OK	
assets/SharedDataStrm-part6.pak	sharedassets/springboardentitites/datatables/questdata/objectives_quest_61000.datasheet	15	1004	1892	A43B890E	A43B890E	True	18	36	1	1	True	OK	
assets/SharedDataStrm-part6.pak	sharedassets/springboardentitites/datatables/questdata/objectivetasks_quest_02789.datasheet	15	1452	4324	616D4C60	616D4C60	True	18	46	6	1	True	OK	
assets/SharedDataStrm-part6.pak	sharedassets/springboardentitites/datatables/questdata/objectivetasks_quest_03190.datasheet	15	2203	13113	9C482AE5	9C482AE5	True	18	47	26	1	True	OK	
assets/SharedDataStrm-part6.pak	sharedassets/springboardentitites/datatables/questdata/objectivetasks_quest_03195.datasheet	15	1707	6886	1D6FBE01	1D6FBE01	True	18	49	11	1	True	OK	
assets/SharedDataStrm-part6.pak	sharedassets/springboardentitites/datatables/questdata/objectivetasks_quest_03198.datasheet	15	1537	5972	97DDD5BB	97DDD5BB	True	18	44	11	1	True	OK	
assets/SharedDataStrm-part6.pak	sharedassets/springboardentitites/datatables/questdata/objectivetasks_quest_16004.datasheet	15	2106	9836	EDE5ABEF	EDE5ABEF	True	18	53	15	1	True	OK	
assets/SharedDataStrm-part6.pak	sharedassets/springboardentitites/datatables/questdata/objectivetasks_quest_16008.datasheet	15	3016	21557	990B8BA7	990B8BA7	True	18	62	33	1	True	OK	
assets/SharedDataStrm-part6.pak	sharedassets/springboardentitites/datatables/questdata/objectivetasks_quest_16010.datasheet	15	3266	25236	F3E08665	F3E08665	True	18	61	40	1	True	OK	
assets/SharedDataStrm-part6.pak	sharedassets/springboardentitites/datatables/questdata/objectivetasks_quest_16020.datasheet	15	1959	8435	9912BF01	9912BF01	True	18	52	13	1	True	OK	
assets/SharedDataStrm-part6.pak	sharedassets/springboardentitites/datatables/questdata/objectivetasks_quest_16021.datasheet	15	1433	4828	E7664561	E7664561	True	18	47	7	1	True	OK	
assets/SharedDataStrm-part6.pak	sharedassets/springboardentitites/datatables/questdata/objectivetasks_quest_16026.datasheet	15	2283	15377	F075F0D4	F075F0D4	True	18	56	26	1	True	OK	
assets/SharedDataStrm-part6.pak	sharedassets/springboardentitites/datatables/questdata/objectivetasks_quest_18006.datasheet	15	1506	5711	A48CE523	A48CE523	True	18	49	9	1	True	OK	
assets/SharedDataStrm-part6.pak	sharedassets/springboardentitites/datatables/questdata/objectivetasks_quest_18009.datasheet	15	1266	3000	0511AA09	0511AA09	True	18	41	4	1	True	OK	
assets/SharedDataStrm-part6.pak	sharedassets/springboardentitites/datatables/questdata/objectivetasks_quest_18016.datasheet	15	1771	7205	8344EA57	8344EA57	True	18	48	12	1	True	OK	
assets/SharedDataStrm-part6.pak	sharedassets/springboardentitites/datatables/questdata/objectivetasks_quest_18019.datasheet	15	1482	4126	4AD4476F	4AD4476F	True	18	43	6	1	True	OK	
assets/SharedDataStrm-part6.pak	sharedassets/springboardentitites/datatables/questdata/objectivetasks_quest_18023.datasheet	15	1458	3893	1487FE38	1487FE38	True	18	46	5	1	True	OK	
assets/SharedDataStrm-part6.pak	sharedassets/springboardentitites/datatables/questdata/objectivetasks_quest_18024.datasheet	15	1817	7908	FD641199	FD641199	True	18	53	12	1	True	OK	
assets/SharedDataStrm-part6.pak	sharedassets/springboardentitites/datatables/questdata/objectivetasks_quest_18030.datasheet	15	1515	4983	FE6BE2B2	FE6BE2B2	True	18	48	7	1	True	OK	
assets/SharedDataStrm-part6.pak	sharedassets/springboardentitites/datatables/questdata/objectivetasks_quest_18031.datasheet	15	1684	6221	EE23D93C	EE23D93C	True	18	50	9	1	True	OK	
assets/SharedDataStrm-part6.pak	sharedassets/springboardentitites/datatables/questdata/objectivetasks_quest_28001.datasheet	15	1706	8206	1B31DF08	1B31DF08	True	18	49	14	1	True	OK	
assets/SharedDataStrm-part6.pak	sharedassets/springboardentitites/datatables/questdata/objectivetasks_quest_28003.datasheet	15	2363	14003	18B7A528	18B7A528	True	18	52	25	1	True	OK	
assets/SharedDataStrm-part6.pak	sharedassets/springboardentitites/datatables/questdata/objectivetasks_quest_28004.datasheet	15	2599	17840	2F03FB62	2F03FB62	True	18	58	29	1	True	OK	
assets/SharedDataStrm-part6.pak	sharedassets/springboardentitites/datatables/questdata/objectivetasks_quest_28007.datasheet	15	1213	2987	619CAF99	619CAF99	True	18	40	4	1	True	OK	
assets/SharedDataStrm-part6.pak	sharedassets/springboardentitites/datatables/questdata/objectivetasks_quest_61001.datasheet	15	1412	3761	9E5F4E33	9E5F4E33	True	18	44	5	1	True	OK	
assets/SharedDataStrm-part6.pak	sharedassets/springboardentitites/datatables/questgameevents/javelindata_04_gameevents.datasheet	15	2980	16807	48BF455F	48BF455F	True	18	28	58	1,2,3	True	OK	
assets/SharedDataStrm-part6.pak	sharedassets/springboardentitites/datatables/questgameevents/javelindata_04a_gameevents.datasheet	15	2903	25068	9EA1E92C	9EA1E92C	True	18	28	87	1,2,3	True	OK	
assets/SharedDataStrm-part6.pak	sharedassets/springboardentitites/datatables/questgameevents/javelindata_05_gameevents.datasheet	15	1078	3683	0B97B7B9	0B97B7B9	True	18	28	10	1,2,3	True	OK	
assets/SharedDataStrm-part6.pak	sharedassets/springboardentitites/datatables/questgameevents/javelindata_06a_gameevents.datasheet	15	3986	31358	1758C9B8	1758C9B8	True	18	28	110	1,2,3	True	OK	
assets/SharedDataStrm-part6.pak	sharedassets/springboardentitites/datatables/questgameevents/javelindata_07_gameevents.datasheet	15	2191	16433	53D1A3AF	53D1A3AF	True	18	28	58	1,2,3	True	OK	
assets/SharedDataStrm-part6.pak	sharedassets/springboardentitites/datatables/questgameevents/javelindata_09_gameevents.datasheet	15	3123	19516	94F119C9	94F119C9	True	18	28	69	1,2,3	True	OK	
assets/SharedDataStrm-part6.pak	sharedassets/springboardentitites/datatables/questgameevents/javelindata_09a_gameevents.datasheet	15	3863	53395	428827D1	428827D1	True	18	28	201	1,2,3	True	OK	
assets/SharedDataStrm-part6.pak	sharedassets/springboardentitites/datatables/questgameevents/javelindata_13_gameevents.datasheet	15	2452	16015	DCDD66B6	DCDD66B6	True	18	28	57	1,2,3	True	OK	
assets/SharedDataStrm-part6.pak	sharedassets/springboardentitites/datatables/questgameevents/javelindata_13a_gameevents.datasheet	15	1871	8460	C23498E7	C23498E7	True	18	28	26	1,2,3	True	OK	
assets/SharedDataStrm-part6.pak	sharedassets/springboardentitites/datatables/questgameevents/javelindata_14_gameevents.datasheet	15	2967	26841	61980FD6	61980FD6	True	18	28	98	1,2,3	True	OK	
assets/SharedDataStrm-part6.pak	sharedassets/springboardentitites/datatables/questgameevents/javelindata_15_gameevents.datasheet	15	2000	12175	273ED4EC	273ED4EC	True	18	28	42	1,2,3	True	OK	
assets/SharedDataStrm-part6.pak	sharedassets/springboardentitites/datatables/questgameevents/javelindata_17_iq_gameevents.datasheet	15	1562	17170	61CFF785	61CFF785	True	18	28	65	1,2,3	True	OK	
assets/SharedDataStrm-part6.pak	sharedassets/springboardentitites/datatables/questgameevents/javelindata_17zq_gameevents.datasheet	15	2817	44334	81FEDB9F	81FEDB9F	True	18	28	166	1,2,3	True	OK	
assets/SharedDataStrm-part6.pak	sharedassets/springboardentitites/datatables/questgameevents/javelindata_90_gameevents.datasheet	15	1032	3755	C4F36F46	C4F36F46	True	18	28	11	1,2,3	True	OK	
assets/SharedDataStrm-part6.pak	sharedassets/springboardentitites/datatables/questgameevents/javelindata_94_gameevents.datasheet	15	2166	17565	9B5B0579	9B5B0579	True	18	28	65	1,2,3	True	OK	
assets/SharedDataStrm-part6.pak	sharedassets/springboardentitites/datatables/questgameevents/javelindata_95_s04_gameevents.datasheet	15	1133	5469	94FEBDC8	94FEBDC8	True	18	22	22	1,2,3	True	OK	
assets/SharedDataStrm-part6.pak	sharedassets/springboardentitites/datatables/questgameevents/javelindata_99b_gameevents.datasheet	15	2182	21405	32B1ECAA	32B1ECAA	True	18	28	75	1,2,3	True	OK	
assets/SharedDataStrm-part6.pak	sharedassets/springboardentitites/datatables/questgameevents/javelindata_99c_gameevents.datasheet	15	1904	16154	C614B7B8	C614B7B8	True	18	28	56	1,2,3	True	OK	
assets/SharedDataStrm-part6.pak	sharedassets/springboardentitites/datatables/questgameevents/javelindata_99d_gameevents.datasheet	15	1881	19816	E0AB15B4	E0AB15B4	True	18	28	69	1,2,3	True	OK	
assets/SharedDataStrm-part6.pak	sharedassets/springboardentitites/datatables/questgameevents/javelindata_99f_gameevents.datasheet	15	1781	17031	3DA52C9F	3DA52C9F	True	18	28	60	1,2,3	True	OK	
assets/SharedDataStrm-part6.pak	sharedassets/springboardentitites/datatables/questgameevents/javelindata_99g_gameevents.datasheet	15	2103	24447	8B33145C	8B33145C	True	18	28	86	1,2,3	True	OK	
assets/SharedDataStrm-part6.pak	sharedassets/springboardentitites/datatables/quests/10_cutlasskeys/javelindata_10_npcs.datasheet	15	1177	7333	BC699546	BC699546	True	18	24	26	1	True	OK	
assets/SharedDataStrm-part6.pak	sharedassets/springboardentitites/datatables/quests/74_devworld_red/javelindata_74_conversationstate.datasheet	15	686	2010	563C1748	563C1748	True	18	21	5	1,2,3	True	OK	
assets/SharedDataStrm-part6.pak	sharedassets/springboardentitites/datatables/quests/75_devworld_blue/javelindata_75_objectives.datasheet	15	1053	2471	0942AEB3	0942AEB3	True	18	31	2	1,2,3	True	OK	
assets/SharedDataStrm-part6.pak	sharedassets/springboardentitites/datatables/quests/console/c01_starterbeach/javelindata_c01_conversationtopics.datasheet	15	574	1535	72B2271D	72B2271D	True	18	7	10	1	True	OK	
assets/SharedDataStrm-part6.pak	sharedassets/springboardentitites/datatables/quests/console/c01_starterbeach/javelindata_c01_npcs.datasheet	15	1178	8059	741862DD	741862DD	True	18	24	29	1	True	OK	
assets/SharedDataStrm-part6.pak	sharedassets/springboardentitites/datatables/quests/console/c01_starterbeach/javelindata_c01_objectives.datasheet	15	4747	51807	8DE0BD1E	8DE0BD1E	True	18	43	108	1,2,3	True	OK	
assets/SharedDataStrm-part6.pak	sharedassets/springboardentitites/datatables/quests/console/c02a_brightwood/javelindata_c02a_conversationstates.datasheet	15	3178	36259	3A6069A5	3A6069A5	True	18	34	103	1,2,3	True	OK	
assets/SharedDataStrm-part6.pak	sharedassets/springboardentitites/datatables/quests/console/c02a_brightwood/javelindata_c02a_objectives.datasheet	15	2910	14344	B30D450D	B30D450D	True	18	41	20	1,2,3	True	OK	
assets/SharedDataStrm-part6.pak	sharedassets/springboardentitites/datatables/quests/console/c02a_brightwood/javelindata_c02a_objectivetasks.datasheet	15	6590	85876	BADC3F94	BADC3F94	True	18	64	144	1,2,3	True	OK	
assets/SharedDataStrm-part6.pak	sharedassets/springboardentitites/datatables/quests/console/c04a_everfall/javelindata_c04a_conversationstates.datasheet	15	5962	62640	BFF3BF61	BFF3BF61	True	18	34	172	1,2,3	True	OK	
assets/SharedDataStrm-part6.pak	sharedassets/springboardentitites/datatables/quests/console/c04a_everfall/javelindata_c04a_objectives.datasheet	15	5576	53859	FC9CF6B0	FC9CF6B0	True	18	40	111	1,2,3	True	OK	
assets/SharedDataStrm-part6.pak	sharedassets/springboardentitites/datatables/quests/console/c05_reekwater/javelindata_c05_npcs.datasheet	15	1067	5430	AB8A17CE	AB8A17CE	True	18	24	17	1	True	OK	
assets/SharedDataStrm-part6.pak	sharedassets/springboardentitites/datatables/quests/console/c06a_windsward/javelindata_c06a_conversationstates.datasheet	15	6217	72444	254312A8	254312A8	True	18	34	204	1,2,3	True	OK	
assets/SharedDataStrm-part6.pak	sharedassets/springboardentitites/datatables/quests/console/c06a_windsward/javelindata_c06a_npcs.datasheet	15	2846	24200	A465AE0D	A465AE0D	True	18	24	85	1	True	OK	
assets/SharedDataStrm-part6.pak	sharedassets/springboardentitites/datatables/quests/console/c06a_windsward/javelindata_c06a_objectivetasks.datasheet	15	21378	389474	0C93D8E8	0C93D8E8	True	18	65	654	1,2,3	True	OK	
assets/SharedDataStrm-part6.pak	sharedassets/springboardentitites/datatables/quests/console/c07_shatteredmoutain/javelindata_c07_conversationstate.datasheet	15	2667	25297	317FF1F6	317FF1F6	True	18	34	70	1,2,3	True	OK	
assets/SharedDataStrm-part6.pak	sharedassets/springboardentitites/datatables/quests/console/c08_ebonscalereach/javelindata_c08_conversationstate.datasheet	15	3042	28253	1D10BD09	1D10BD09	True	18	34	81	1,2	True	OK	
assets/SharedDataStrm-part6.pak	sharedassets/springboardentitites/datatables/quests/console/c08_ebonscalereach/javelindata_c08_npcs.datasheet	15	1770	10365	D60AB8F8	D60AB8F8	True	18	24	36	1	True	OK	
assets/SharedDataStrm-part6.pak	sharedassets/springboardentitites/datatables/quests/console/c09a_firstlight/javelindata_c09a_npcs.datasheet	15	3561	27404	6DEFFE37	6DEFFE37	True	18	24	99	1	True	OK	
assets/SharedDataStrm-part6.pak	sharedassets/springboardentitites/datatables/quests/console/c09a_firstlight/javelindata_c09a_objectivetasks.datasheet	15	30094	569447	66E35942	66E35942	True	18	63	1015	1,2,3	True	OK	
assets/SharedDataStrm-part6.pak	sharedassets/springboardentitites/datatables/quests/console/c10a_cutlasskeys/javelindata_c10a_conversationstate.datasheet	15	3312	35351	1DCCC73C	1DCCC73C	True	18	32	111	1,2,3	True	OK	
assets/SharedDataStrm-part6.pak	sharedassets/springboardentitites/datatables/quests/console/c11_mourningdale/javelindata_c11_npcs.datasheet	15	1590	7893	08CEF5E8	08CEF5E8	True	18	24	23	1	True	OK	
assets/SharedDataStrm-part6.pak	sharedassets/springboardentitites/datatables/quests/console/c12a_monarchsbluffs/javelindata_c12a_conversationstates.datasheet	15	5256	56744	10B0D931	10B0D931	True	18	34	162	1,2,3	True	OK	
assets/SharedDataStrm-part6.pak	sharedassets/springboardentitites/datatables/quests/console/c12a_monarchsbluffs/javelindata_c12a_npcs.datasheet	15	2528	17304	85BA8BA3	85BA8BA3	True	18	24	58	1	True	OK	
assets/SharedDataStrm-part6.pak	sharedassets/springboardentitites/datatables/quests/console/c12a_monarchsbluffs/javelindata_c12a_objectivetasks.datasheet	15	22631	414118	EB7B995F	EB7B995F	True	18	65	693	1,2,3	True	OK	
assets/SharedDataStrm-part6.pak	sharedassets/springboardentitites/datatables/quests/console/c13a_weaversfen/javelindata_c13a_conversationstates.datasheet	15	2997	30298	E394B08F	E394B08F	True	18	34	86	1,2,3	True	OK	
assets/SharedDataStrm-part6.pak	sharedassets/springboardentitites/datatables/quests/console/c13a_weaversfen/javelindata_c13a_conversationtopics.datasheet	15	667	1951	E1F30F84	E1F30F84	True	18	7	11	1	True	OK	
assets/SharedDataStrm-part6.pak	sharedassets/springboardentitites/datatables/quests/console/c13a_weaversfen/javelindata_c13a_npcs.datasheet	15	1700	11798	44DDD42F	44DDD42F	True	18	24	42	1	True	OK	
assets/SharedDataStrm-part6.pak	sharedassets/springboardentitites/datatables/quests/console/c13a_weaversfen/javelindata_c13a_objectives.datasheet	15	3103	16315	F1160D07	F1160D07	True	18	41	22	1,2,3	True	OK	
assets/SharedDataStrm-part6.pak	sharedassets/springboardentitites/datatables/quests/console/c13a_weaversfen/javelindata_c13a_objectivetasks.datasheet	15	6399	78485	A7CEC9B1	A7CEC9B1	True	18	64	128	1,2,3	True	OK	
assets/SharedDataStrm-part6.pak	sharedassets/springboardentitites/datatables/quests/console/c14_edengrove/javelindata_c14_conversationstate.datasheet	15	3935	45138	F2C7B865	F2C7B865	True	18	34	133	1,2,3	True	OK	
assets/SharedDataStrm-part6.pak	sharedassets/springboardentitites/datatables/quests/console/c15_restlessshore/javelindata_c15_npcs.datasheet	15	1500	7663	5916B34E	5916B34E	True	18	24	22	1	True	OK	
assets/SharedDataStrm-part6.pak	sharedassets/springboardentitites/datatables/quests/console/c15_restlessshore/javelindata_c15_objectives.datasheet	15	4229	47205	E1BEE39F	E1BEE39F	True	18	43	103	1,2,3	True	OK	
assets/SharedDataStrm-part6.pak	sharedassets/springboardentitites/datatables/quests/console/c16_brimstonesands/javelindata_c16_conversationstate.datasheet	15	9869	114548	2291F52F	2291F52F	True	18	35	322	1,2,3	True	OK	
assets/SharedDataStrm-part6.pak	sharedassets/springboardentitites/datatables/quests/console/c81_pushquests/javelindata_c81_conversationstates.datasheet	15	604	1439	832621DC	832621DC	True	18	34	1	1,3	True	OK	
assets/SharedDataStrm-part6.pak	sharedassets/springboardentitites/datatables/quests/console/c81_pushquests/javelindata_c81_conversationtopics.datasheet	15	299	463	CC69E2A7	CC69E2A7	True	18	7	1	1	True	OK	
assets/SharedDataStrm-part6.pak	sharedassets/springboardentitites/datatables/quests/console/c81_pushquests/javelindata_c81_objectives.datasheet	15	1318	3873	191B874C	191B874C	True	18	47	4	1,2,3	True	OK	
assets/SharedDataStrm-part6.pak	sharedassets/springboardentitites/datatables/quests/console/c91_fishing/javelindata_c91_conversationtopics.datasheet	15	398	800	5BFC6515	5BFC6515	True	18	7	3	1	True	OK	
assets/SharedDataStrm-part6.pak	sharedassets/springboardentitites/datatables/quests/console/c91_fishing/javelindata_c91_npcs.datasheet	15	730	2901	DADD2E5E	DADD2E5E	True	18	24	7	1	True	OK	
assets/SharedDataStrm-part6.pak	sharedassets/springboardentitites/datatables/quests/console/c91_fishing/javelindata_c91_objectives.datasheet	15	2003	8700	445BC3DE	445BC3DE	True	18	41	12	1,2,3	True	OK	
assets/SharedDataStrm-part6.pak	sharedassets/springboardentitites/datatables/quests/console/c94_mounts/javelindata_c94_conversationstates.datasheet	15	2600	28372	7A13DAB3	7A13DAB3	True	18	34	84	1,2,3	True	OK	
assets/SharedDataStrm-part6.pak	sharedassets/springboardentitites/datatables/quests/console/c94_mounts/javelindata_c94_npcs.datasheet	15	1349	10018	C2DBD2E0	C2DBD2E0	True	18	24	36	1	True	OK	
assets/SharedDataStrm-part6.pak	sharedassets/springboardentitites/datatables/quests/console/c95_seasons/javelindata_c95_conversationstates.datasheet	15	2025	16058	1ED2BE33	1ED2BE33	True	18	34	41	1,2,3	True	OK	
assets/SharedDataStrm-part6.pak	sharedassets/springboardentitites/datatables/quests/console/c95_seasons/javelindata_c95_conversationtopics.datasheet	15	856	2777	8128DB6F	8128DB6F	True	18	8	11	1	True	OK	
assets/SharedDataStrm-part6.pak	sharedassets/springboardentitites/datatables/quests/console/c95_seasons_s04/javelindata_c95_s04_objectivetasks.datasheet	15	5896	82817	84412B9D	84412B9D	True	18	66	136	1,2,3	True	OK	
assets/SharedDataStrm-part6.pak	sharedassets/springboardentitites/datatables/quests/console/c95a_seasons_s02/javelindata_c95a_npcs.datasheet	15	550	1951	1391CCBC	1391CCBC	True	18	24	4	1	True	OK	
assets/SharedDataStrm-part6.pak	sharedassets/springboardentitites/datatables/quests/console/c95a_seasons_s02/javelindata_c95a_objectives.datasheet	15	1353	3543	1671199B	1671199B	True	18	42	3	1,2	True	OK	
assets/SharedDataStrm-part6.pak	sharedassets/springboardentitites/datatables/quests/console/c98_factions/javelindata_c98_conversationstates.datasheet	15	5545	72088	F68C26DC	F68C26DC	True	18	35	207	1,2,3	True	OK	
assets/SharedDataStrm-part6.pak	sharedassets/springboardentitites/datatables/quests/console/c98_factions/javelindata_c98_objectives.datasheet	15	7840	169328	15A46615	15A46615	True	18	42	407	1,2,3	True	OK	
assets/SharedDataStrm-part6.pak	sharedassets/springboardentitites/datatables/quests/console/c99c_msq_weaversfen/javelindata_c99c_conversationstates.datasheet	15	1938	14272	E4473480	E4473480	True	18	34	39	1,3	True	OK	
assets/SharedDataStrm-part6.pak	sharedassets/springboardentitites/datatables/quests/console/c99c_msq_weaversfen/javelindata_c99c_objectivetasks.datasheet	15	9374	144830	1C79D390	1C79D390	True	18	64	244	1,2,3	True	OK	
assets/SharedDataStrm-part6.pak	sharedassets/springboardentitites/datatables/quests/console/c99e_msq_edengrove/javelindata_c99e_conversationstates.datasheet	15	2923	27669	6B2FBC9A	6B2FBC9A	True	18	35	74	1,3	True	OK	
assets/SharedDataStrm-part6.pak	sharedassets/springboardentitites/datatables/quests/console/c99e_msq_edengrove/javelindata_c99e_conversationtopics.datasheet	15	1073	4629	AD601F37	AD601F37	True	18	7	25	1	True	OK	
assets/SharedDataStrm-part6.pak	sharedassets/springboardentitites/datatables/quests/console/c99e_msq_edengrove/javelindata_c99e_objectives.datasheet	15	2188	9301	3000B130	3000B130	True	18	42	11	1,2,3	True	OK	
assets/SharedDataStrm-part6.pak	sharedassets/springboardentitites/datatables/quests/console/c99f_msq_ebonscale/javelindata_c99f_conversationstates.datasheet	15	3003	29416	D8EFA186	D8EFA186	True	18	35	77	1,3	True	OK	
assets/SharedDataStrm-part6.pak	sharedassets/springboardentitites/datatables/quests/console/c99g_msq_shattered/javelindata_c99g_objectives.datasheet	15	2724	13836	6509DC2A	6509DC2A	True	18	42	21	1,2,3	True	OK	
assets/SharedDataStrm-part6.pak	sharedassets/springboardentitites/datatables/seasonsrewards/season1/javelindata_rewarddata_season1.datasheet	15	5447	34780	C66D061E	C66D061E	True	18	9	292	1,2	True	OK	
assets/SharedDataStrm-part6.pak	sharedassets/springboardentitites/datatables/seasonsrewards/season1/javelindata_seasonsrewardsactivitiesconfig_s1.datasheet	15	201	285	6D777F6C	6D777F6C	True	18	2	2	1,2	True	OK	
assets/SharedDataStrm-part6.pak	sharedassets/springboardentitites/datatables/seasonsrewards/season1/javelindata_seasonsrewardscardtemplates_s1.datasheet	15	787	5170	F8AE1A17	F8AE1A17	True	18	13	40	1,2	True	OK	
assets/SharedDataStrm-part6.pak	sharedassets/springboardentitites/datatables/seasonsrewards/season10/javelindata_rewarddata_season10.datasheet	15	6093	43948	905E11E5	905E11E5	True	18	12	291	1,2	True	OK	
assets/SharedDataStrm-part6.pak	sharedassets/springboardentitites/datatables/seasonsrewards/season10/javelindata_seasonsrewardscardtemplates_s10.datasheet	15	784	5170	174F0F2E	174F0F2E	True	18	13	40	1,2	True	OK	
assets/SharedDataStrm-part6.pak	sharedassets/springboardentitites/datatables/seasonsrewards/season2/javelindata_seasonsrewardsactivitiesconfig_s2.datasheet	15	202	285	7A3D3DC9	7A3D3DC9	True	18	2	2	1,2	True	OK	
assets/SharedDataStrm-part6.pak	sharedassets/springboardentitites/datatables/seasonsrewards/season3/javelindata_chapterdata_season3.datasheet	15	395	785	F74C8959	F74C8959	True	18	5	6	1,2	True	OK	
assets/SharedDataStrm-part6.pak	sharedassets/springboardentitites/datatables/seasonsrewards/season5/javelindata_seasonsrewardscardtemplates_s5.datasheet	15	786	5169	E1EF3A85	E1EF3A85	True	18	13	40	1,2	True	OK	
assets/SharedDataStrm-part6.pak	sharedassets/springboardentitites/datatables/seasonsrewards/season5/javelindata_seasonsrewardsjourney_season5.datasheet	15	1231	6647	A5591661	A5591661	True	18	5	70	1,2	True	OK	
assets/SharedDataStrm-part6.pak	sharedassets/springboardentitites/datatables/seasonsrewards/season6/javelindata_seasonsrewardsactivitiesconfig_s6.datasheet	15	202	285	A556A276	A556A276	True	18	2	2	1,2	True	OK	
assets/SharedDataStrm-part6.pak	sharedassets/springboardentitites/datatables/seasonsrewards/season6/javelindata_seasonsrewardscarddata_s6.datasheet	15	236	337	3A30F2B4	3A30F2B4	True	18	5	1	1,2	True	OK	
assets/SharedDataStrm-part6.pak	sharedassets/springboardentitites/datatables/seasonsrewards/season7/javelindata_seasonsrewardsactivitiestasks_s7.datasheet	15	1798	6345	699E9431	699E9431	True	18	5	52	1	True	OK	
assets/SharedDataStrm-part6.pak	sharedassets/springboardentitites/datatables/seasonsrewards/season7/javelindata_seasonsrewardscarddata_s7.datasheet	15	236	337	EC87A695	EC87A695	True	18	5	1	1,2	True	OK	
assets/SharedDataStrm-part6.pak	sharedassets/springboardentitites/datatables/seasonsrewards/season7/javelindata_seasonsrewardscardtemplates_s7.datasheet	15	786	5169	EDB5A1D3	EDB5A1D3	True	18	13	40	1,2	True	OK	
assets/SharedDataStrm-part6.pak	sharedassets/springboardentitites/datatables/seasonsrewards/season8/javelindata_rewarddata_season8.datasheet	15	6194	45198	C10C5474	C10C5474	True	18	12	307	1,2	True	OK	
assets/SharedDataStrm-part6.pak	sharedassets/springboardentitites/datatables/seasonsrewards/season8/javelindata_seasonsrewardscardtemplates_s8.datasheet	15	786	5169	CE1D2CDA	CE1D2CDA	True	18	13	40	1,2	True	OK	
assets/SharedDataStrm-part6.pak	sharedassets/springboardentitites/datatables/seasonsrewards/season8/javelindata_seasonsrewardsjourney_season8.datasheet	15	1489	7807	692A3F88	692A3F88	True	18	5	81	1,2	True	OK	
assets/SharedDataStrm-part6.pak	sharedassets/springboardentitites/datatables/seasonsrewards/season9/javelindata_rewarddata_season9.datasheet	15	5685	42218	CFCC21C7	CFCC21C7	True	18	12	291	1,2	True	OK	
assets/SharedDataStrm-part6.pak	sharedassets/springboardentitites/datatables/seasonsrewards/season9/javelindata_seasonsrewardscardtemplates_s9.datasheet	15	786	5169	C8306171	C8306171	True	18	13	40	1,2	True	OK	
assets/SharedDataStrm-part6.pak	sharedassets/springboardentitites/datatables/seasonsrewards/javelindata_seasondata.datasheet	15	789	2583	19466076	19466076	True	18	8	10	1,2	True	OK	
assets/SharedDataStrm-part6.pak	sharedassets/springboardentitites/datatables/seasonsrewards/javelindata_seasonsrewardsstats.datasheet	15	295	392	D6AC2B6B	D6AC2B6B	True	18	11	0	1	True	OK	
assets/SharedDataStrm-part6.pak	sharedassets/springboardentitites/datatables/seasonsrewards/javelindata_seasonsrewardsstats_arena.datasheet	15	296	476	D2A30845	D2A30845	True	18	4	4	1,3	True	OK	
assets/SharedDataStrm-part6.pak	sharedassets/springboardentitites/datatables/seasonsrewards/javelindata_seasonsrewardsstats_categoricalprogression.datasheet	15	1018	2934	BD9181F5	BD9181F5	True	18	7	17	1,3	True	OK	
assets/SharedDataStrm-part6.pak	sharedassets/springboardentitites/datatables/seasonsrewards/javelindata_seasonsrewardsstats_combat.datasheet	15	352	600	F182542A	F182542A	True	18	6	4	1,3	True	OK	
assets/SharedDataStrm-part6.pak	sharedassets/springboardentitites/datatables/seasonsrewards/javelindata_seasonsrewardsstats_consume.datasheet	15	485	949	090DB285	090DB285	True	18	8	5	1,2	True	OK	
assets/SharedDataStrm-part6.pak	sharedassets/springboardentitites/datatables/seasonsrewards/javelindata_seasonsrewardsstats_expedition.datasheet	15	1084	4853	591A194C	591A194C	True	18	12	33	1,2,3	True	OK	
assets/SharedDataStrm-part6.pak	sharedassets/springboardentitites/datatables/seasonsrewards/javelindata_seasonsrewardsstats_fishing.datasheet	15	709	1627	FAF94509	FAF94509	True	18	9	6	1,2,3	True	OK	
assets/SharedDataStrm-part6.pak	sharedassets/springboardentitites/datatables/seasonsrewards/javelindata_seasonsrewardsstats_kill.datasheet	15	3677	20475	F6649829	F6649829	True	18	15	104	1,2,3	True	OK	
assets/SharedDataStrm-part6.pak	sharedassets/springboardentitites/datatables/seasonsrewards/javelindata_seasonsrewardsstats_outpostrush.datasheet	15	269	466	E1062490	E1062490	True	18	4	4	1,2,3	True	OK	
assets/SharedDataStrm-part6.pak	sharedassets/springboardentitites/datatables/seasonsrewards/javelindata_seasonsrewardsstats_salvage.datasheet	15	368	584	631B5D94	631B5D94	True	18	6	2	1,2	True	OK	
assets/SharedDataStrm-part6.pak	sharedassets/springboardentitites/datatables/structuredata/javelindata_t0_wall_pieces.datasheet	15	736	2171	0FD347AE	0FD347AE	True	18	5	15	1	True	OK	
assets/SharedDataStrm-part6.pak	sharedassets/springboardentitites/datatables/timelines/javelindata_npc_votimelines.datasheet	15	352689	4146646	AEB7EA97	AEB7EA97	True	18	3	22341	1	True	OK	
assets/SharedDataStrm-part6.pak	sharedassets/springboardentitites/datatables/vitalstables/catacombs/javelindata_basevitals_catacombs.datasheet	15	10769	236808	65599AE2	65599AE2	True	18	166	159	1,2,3	True	OK	
assets/SharedDataStrm-part6.pak	sharedassets/springboardentitites/datatables/vitalstables/raids/javelindata_basevitals_raid_cutlasskeys.datasheet	15	5047	75695	A9ECCB93	A9ECCB93	True	18	165	49	1,2,3	True	OK	
assets/SharedDataStrm-part6.pak	sharedassets/springboardentitites/datatables/vitalstables/javelindata_basevitals_firstlight.datasheet	15	20176	609434	03E26973	03E26973	True	18	164	416	1,2,3	True	OK	
assets/SharedDataStrm-part6.pak	sharedassets/springboardentitites/datatables/vitalstables/javelindata_basevitals_worldboss.datasheet	15	6741	99433	37452389	37452389	True	18	166	64	1,2,3	True	OK	
assets/SharedDataStrm-part6.pak	sharedassets/springboardentitites/datatables/vitalstables/javelindata_levelvariantvitals_firstlight.datasheet	15	6691	42325	E2CF0408	E2CF0408	True	18	4	415	1,2	True	OK	
assets/SharedDataStrm-part6.pak	sharedassets/springboardentitites/datatables/vitalstables/javelindata_levelvariantvitals_worldboss.datasheet	15	1630	7115	A6A47620	A6A47620	True	18	4	64	1,2	True	OK	
assets/SharedDataStrm-part6.pak	sharedassets/springboardentitites/datatables/weaponabilities/javelindata_ability_ai_isleofnight.datasheet	15	4313	66397	02888A29	02888A29	True	18	150	48	1,2,3	True	OK	
assets/SharedDataStrm-part6.pak	sharedassets/springboardentitites/datatables/weaponabilities/javelindata_ability_artifacts.datasheet	15	10592	336554	4CEEEAD1	4CEEEAD1	True	18	287	137	1,2,3	True	OK	
assets/SharedDataStrm-part6.pak	sharedassets/springboardentitites/datatables/weaponabilities/javelindata_ability_blunderbuss.datasheet	15	6884	117701	D4EBAFC2	D4EBAFC2	True	18	287	44	1,2,3	True	OK	
assets/SharedDataStrm-part6.pak	sharedassets/springboardentitites/datatables/weaponabilities/javelindata_ability_icemagic.datasheet	15	6551	107292	D56AE52D	D56AE52D	True	18	287	40	1,2,3	True	OK	
assets/SharedDataStrm-part6.pak	sharedassets/springboardentitites/datatables/weaponabilities/javelindata_ability_items.datasheet	15	4100	21183	C90E7367	C90E7367	True	18	287	5	1,2,3	True	OK	
assets/SharedDataStrm-part6.pak	sharedassets/springboardentitites/datatables/weaponabilities/javelindata_ability_rune.datasheet	15	3958	32775	7AA426B6	7AA426B6	True	18	287	10	1,2,3	True	OK	
assets/SharedDataStrm-part6.pak	sharedassets/springboardentitites/datatables/weaponabilities/javelindata_ability_sword.datasheet	15	7117	127900	C2A9206F	C2A9206F	True	18	287	48	1,2,3	True	OK	
assets/SharedDataStrm-part6.pak	sharedassets/springboardentitites/datatables/javelindata_affinity_berlaurrep.datasheet	15	513	964	83E2CAFA	83E2CAFA	True	18	10	5	1,2,3	True	OK	
assets/SharedDataStrm-part6.pak	sharedassets/springboardentitites/datatables/javelindata_affinity_upyrrep.datasheet	15	511	946	0946380A	0946380A	True	18	10	5	1,2,3	True	OK	
assets/SharedDataStrm-part6.pak	sharedassets/springboardentitites/datatables/javelindata_affinitymissions.datasheet	15	1031	1726	9B18258E	9B18258E	True	18	49	0	1,2,3	True	OK	
assets/SharedDataStrm-part6.pak	sharedassets/springboardentitites/datatables/javelindata_appearancetransformdata.datasheet	15	293	550	5C91CECC	5C91CECC	True	18	5	2	1	True	OK	
assets/SharedDataStrm-part6.pak	sharedassets/springboardentitites/datatables/javelindata_attributeconstitution.datasheet	15	5668	122201	F006B552	F006B552	True	18	29	496	1,2	True	OK	
assets/SharedDataStrm-part6.pak	sharedassets/springboardentitites/datatables/javelindata_attributedexterity.datasheet	15	5510	126673	D20EDD20	D20EDD20	True	18	29	496	1,2	True	OK	
assets/SharedDataStrm-part6.pak	sharedassets/springboardentitites/datatables/javelindata_attributefocus.datasheet	15	9167	144059	6AC62BB1	6AC62BB1	True	18	31	496	1,2	True	OK	
assets/SharedDataStrm-part6.pak	sharedassets/springboardentitites/datatables/javelindata_attributeintelligence.datasheet	15	5540	122683	802BA103	802BA103	True	18	28	496	1,2	True	OK	
assets/SharedDataStrm-part6.pak	sharedassets/springboardentitites/datatables/javelindata_attributestrength.datasheet	15	5539	126690	1B22058A	1B22058A	True	18	29	496	1,2	True	OK	
assets/SharedDataStrm-part6.pak	sharedassets/springboardentitites/datatables/javelindata_backstorydata.datasheet	15	40077	649107	FAB81738	FAB81738	True	18	49	331	1,2,3	True	OK	
assets/SharedDataStrm-part6.pak	sharedassets/springboardentitites/datatables/javelindata_buffbuckets.datasheet	15	9537	167910	64A776A0	64A776A0	True	18	21	824	1,2	True	OK	
assets/SharedDataStrm-part6.pak	sharedassets/springboardentitites/datatables/javelindata_catacombsshop.datasheet	15	309	432	202D4AC3	202D4AC3	True	18	8	1	1,2	True	OK	
assets/SharedDataStrm-part6.pak	sharedassets/springboardentitites/datatables/javelindata_categoricalprogression.datasheet	15	4056	33787	4C64BBDD	4C64BBDD	True	18	26	127	1,2,3	True	OK	
assets/SharedDataStrm-part6.pak	sharedassets/springboardentitites/datatables/javelindata_cooldowns_player.datasheet	15	1764	6098	8843C5B4	8843C5B4	True	18	4	98	1,2	True	OK	
assets/SharedDataStrm-part6.pak	sharedassets/springboardentitites/datatables/javelindata_crafting_jeweler.datasheet	15	8333	143557	76C1553C	76C1553C	True	18	70	228	1,2,3	True	OK	
assets/SharedDataStrm-part6.pak	sharedassets/springboardentitites/datatables/javelindata_crafting_misc.datasheet	15	20990	347072	83F9EF10	83F9EF10	True	18	70	517	1,2,3	True	OK	
assets/SharedDataStrm-part6.pak	sharedassets/springboardentitites/datatables/javelindata_crestdata.datasheet	15	5851	49624	B2C99723	B2C99723	True	18	12	273	1,2,3	True	OK	
assets/SharedDataStrm-part6.pak	sharedassets/springboardentitites/datatables/javelindata_damagetable_damned_commander.datasheet	15	2673	14734	19F2C9A0	19F2C9A0	True	18	51	29	1,2,3	True	OK	
assets/SharedDataStrm-part6.pak	sharedassets/springboardentitites/datatables/javelindata_damagetable_goat.datasheet	15	1008	2097	70722E1D	70722E1D	True	18	42	2	1,2,3	True	OK	
assets/SharedDataStrm-part6.pak	sharedassets/springboardentitites/datatables/javelindata_damagetable_mutators.datasheet	15	1078	3450	8FB6DAE1	8FB6DAE1	True	18	44	5	1,2,3	True	OK	
assets/SharedDataStrm-part6.pak	sharedassets/springboardentitites/datatables/javelindata_damagetable_skeleton.datasheet	15	2097	15831	E32B731C	E32B731C	True	18	49	34	1,2,3	True	OK	
assets/SharedDataStrm-part6.pak	sharedassets/springboardentitites/datatables/javelindata_damagetable_structures.datasheet	15	2193	16765	54CCFB5F	54CCFB5F	True	18	49	36	1,2,3	True	OK	
assets/SharedDataStrm-part6.pak	sharedassets/springboardentitites/datatables/javelindata_damagetypes.datasheet	15	835	2293	7D10A856	7D10A856	True	18	11	16	1,2	True	OK	
assets/SharedDataStrm-part6.pak	sharedassets/springboardentitites/datatables/javelindata_defendobjectdefinitions.datasheet	15	592	925	2BB7B5F5	2BB7B5F5	True	18	11	2	1,2,3	True	OK	
assets/SharedDataStrm-part6.pak	sharedassets/springboardentitites/datatables/javelindata_emotedefinitions.datasheet	15	9869	56652	AB0B4187	AB0B4187	True	18	20	180	1,2	True	OK	
assets/SharedDataStrm-part6.pak	sharedassets/springboardentitites/datatables/javelindata_ftue_damagetable_undead_grenadier.datasheet	15	1617	5994	1E9FC334	1E9FC334	True	18	46	11	1,2,3	True	OK	
assets/SharedDataStrm-part6.pak	sharedassets/springboardentitites/datatables/javelindata_gameevents.datasheet	15	37494	724504	C8FE3B0F	C8FE3B0F	True	18	42	1942	1,2,3	True	OK	
assets/SharedDataStrm-part6.pak	sharedassets/springboardentitites/datatables/javelindata_gamemodemaps.datasheet	15	5944	24194	49DE8660	49DE8660	True	18	24	62	1,2,3	True	OK	
assets/SharedDataStrm-part6.pak	sharedassets/springboardentitites/datatables/javelindata_gatherablescatacombs.datasheet	15	3416	25719	087F85D2	087F85D2	True	18	50	48	1,2,3	True	OK	
assets/SharedDataStrm-part6.pak	sharedassets/springboardentitites/datatables/javelindata_gatherablesdunwood.datasheet	15	5151	80970	76084A28	76084A28	True	18	44	195	1,2,3	True	OK	
assets/SharedDataStrm-part6.pak	sharedassets/springboardentitites/datatables/javelindata_huntersight.datasheet	15	372	650	11239B46	11239B46	True	18	3	8	1	True	OK	
assets/SharedDataStrm-part6.pak	sharedassets/springboardentitites/datatables/javelindata_itemdefinitions_consumables.datasheet	15	8706	173035	782BDCB2	782BDCB2	True	18	32	586	1,2,3	True	OK	
assets/SharedDataStrm-part6.pak	sharedassets/springboardentitites/datatables/javelindata_itemdefinitions_lore.datasheet	15	870	2400	5076507C	5076507C	True	18	2	42	1	True	OK	
assets/SharedDataStrm-part6.pak	sharedassets/springboardentitites/datatables/javelindata_itemdefinitions_master_crafting.datasheet	15	237368	8611788	84D99934	84D99934	True	18	127	7591	1,2,3	True	OK	
assets/SharedDataStrm-part6.pak	sharedassets/springboardentitites/datatables/javelindata_itemdefinitions_master_faction.datasheet	15	83666	4474359	580001B8	580001B8	True	18	127	4121	1,2,3	True	OK	
assets/SharedDataStrm-part6.pak	sharedassets/springboardentitites/datatables/javelindata_itemdefinitions_master_makegoods.datasheet	15	4247	32996	3D5FBB43	3D5FBB43	True	18	129	23	1,2	True	OK	
assets/SharedDataStrm-part6.pak	sharedassets/springboardentitites/datatables/javelindata_itemdefinitions_master_named_depricated.datasheet	15	170573	3503535	2C45BA2D	2C45BA2D	True	18	127	3070	1,2	True	OK	
assets/SharedDataStrm-part6.pak	sharedassets/springboardentitites/datatables/javelindata_itemdefinitions_master_playtest.datasheet	15	51700	2478284	B83F8BEE	B83F8BEE	True	18	127	2280	1,2	True	OK	
assets/SharedDataStrm-part6.pak	sharedassets/springboardentitites/datatables/javelindata_itemdefinitions_master_quest.datasheet	15	154060	5414197	F1AD2FB4	F1AD2FB4	True	18	127	4884	1,2	True	OK	
assets/SharedDataStrm-part6.pak	sharedassets/springboardentitites/datatables/javelindata_itemdefinitions_master_seasons.datasheet	15	83207	2723210	CA082C29	CA082C29	True	18	127	2398	1,2	True	OK	
assets/SharedDataStrm-part6.pak	sharedassets/springboardentitites/datatables/javelindata_itemdefinitions_master_skins.datasheet	15	48606	1672609	4BF2C7EC	4BF2C7EC	True	18	127	1404	1,2	True	OK	
assets/SharedDataStrm-part6.pak	sharedassets/springboardentitites/datatables/javelindata_itemdefinitions_master_store.datasheet	15	34003	879077	151F78AF	151F78AF	True	18	127	758	1,2	True	OK	
assets/SharedDataStrm-part6.pak	sharedassets/springboardentitites/datatables/javelindata_itemdefinitions_sounds.datasheet	15	1236	4352	3FBC1893	3FBC1893	True	18	6	35	1	True	OK	
assets/SharedDataStrm-part6.pak	sharedassets/springboardentitites/datatables/javelindata_leaderboardrewards.datasheet	15	9007	103044	941B111D	941B111D	True	18	9	664	1,2	True	OK	
assets/SharedDataStrm-part6.pak	sharedassets/springboardentitites/datatables/javelindata_lootbuckets_pvp.datasheet	15	17594	534021	FF5B5277	FF5B5277	True	18	326	189	1,2,3	True	OK	
assets/SharedDataStrm-part6.pak	sharedassets/springboardentitites/datatables/javelindata_manacosts_player.datasheet	15	1145	2545	D7CCA238	D7CCA238	True	18	3	43	1,2	True	OK	
assets/SharedDataStrm-part6.pak	sharedassets/springboardentitites/datatables/javelindata_milestonerewards.datasheet	15	2075	8485	1DCF642E	1DCF642E	True	18	10	43	1,2	True	OK	
assets/SharedDataStrm-part6.pak	sharedassets/springboardentitites/datatables/javelindata_notifications.datasheet	15	2333	10713	739D204B	739D204B	True	18	13	54	1,2	True	OK	
assets/SharedDataStrm-part6.pak	sharedassets/springboardentitites/datatables/javelindata_orwarboardaggregates.datasheet	15	914	3379	AAC91D0C	AAC91D0C	True	18	11	27	1,2,3	True	OK	
assets/SharedDataStrm-part6.pak	sharedassets/springboardentitites/datatables/javelindata_owg_bounty.datasheet	15	543	1151	1143694E	1143694E	True	18	13	5	1,2,3	True	OK	
assets/SharedDataStrm-part6.pak	sharedassets/springboardentitites/datatables/javelindata_owg_explorer.datasheet	15	534	1053	A74F0207	A74F0207	True	18	10	6	1,2,3	True	OK	
assets/SharedDataStrm-part6.pak	sharedassets/springboardentitites/datatables/javelindata_owg_merchant.datasheet	15	533	1053	78B30843	78B30843	True	18	10	6	1,2,3	True	OK	
assets/SharedDataStrm-part6.pak	sharedassets/springboardentitites/datatables/javelindata_owg_mission.datasheet	15	58127	1313075	27423D1C	27423D1C	True	18	49	3046	1,2,3	True	OK	
assets/SharedDataStrm-part6.pak	sharedassets/springboardentitites/datatables/javelindata_owg_missionweights.datasheet	15	758	1813	2EA19631	2EA19631	True	18	5	25	1,2	True	OK	
assets/SharedDataStrm-part6.pak	sharedassets/springboardentitites/datatables/javelindata_perks.datasheet	15	29930	305638	5C661D7F	5C661D7F	True	18	38	659	1,2,3	True	OK	
assets/SharedDataStrm-part6.pak	sharedassets/springboardentitites/datatables/javelindata_perks_artifacts.datasheet	15	4677	44761	BCE5B7FC	BCE5B7FC	True	18	38	92	1,2	True	OK	
assets/SharedDataStrm-part6.pak	sharedassets/springboardentitites/datatables/javelindata_perks_infix.datasheet	15	1849	8706	DC58DA59	DC58DA59	True	18	38	14	1,2	True	OK	
assets/SharedDataStrm-part6.pak	sharedassets/springboardentitites/datatables/javelindata_playertitles_categories.datasheet	15	1801	4965	980F88CD	980F88CD	True	18	4	56	1,2	True	OK	
assets/SharedDataStrm-part6.pak	sharedassets/springboardentitites/datatables/javelindata_progression_camping.datasheet	15	466	1138	551F8601	551F8601	True	18	10	7	1,2,3	True	OK	
assets/SharedDataStrm-part6.pak	sharedassets/springboardentitites/datatables/javelindata_progression_halloweenevent.datasheet	15	412	729	8509785D	8509785D	True	18	10	3	1,2,3	True	OK	
assets/SharedDataStrm-part6.pak	sharedassets/springboardentitites/datatables/javelindata_progression_repair_t3.datasheet	15	218	308	ACE43E6F	ACE43E6F	True	18	5	1	1,2	True	OK	
assets/SharedDataStrm-part6.pak	sharedassets/springboardentitites/datatables/javelindata_progression_repair_t4.datasheet	15	218	308	7EE7049C	7EE7049C	True	18	5	1	1,2	True	OK	
assets/SharedDataStrm-part6.pak	sharedassets/springboardentitites/datatables/javelindata_progressionpointdata.datasheet	15	8409	114453	D90EB88A	D90EB88A	True	18	18	631	1,2	True	OK	
assets/SharedDataStrm-part6.pak	sharedassets/springboardentitites/datatables/javelindata_pugrewards.datasheet	15	587	1406	2FF99457	2FF99457	True	18	8	8	1,2	True	OK	
assets/SharedDataStrm-part6.pak	sharedassets/springboardentitites/datatables/javelindata_pvp_rank.datasheet	15	1658	25715	9BDFCC2F	9BDFCC2F	True	18	15	201	1,2	True	OK	
assets/SharedDataStrm-part6.pak	sharedassets/springboardentitites/datatables/javelindata_quickcoursenodetypes.datasheet	15	669	1843	A213826A	A213826A	True	18	6	20	1,2,3	True	OK	
assets/SharedDataStrm-part6.pak	sharedassets/springboardentitites/datatables/javelindata_shopdata.datasheet	15	1560	4468	10A5EDB2	10A5EDB2	True	18	24	11	1,3	True	OK	
assets/SharedDataStrm-part6.pak	sharedassets/springboardentitites/datatables/javelindata_skillexperience.datasheet	15	879	1427	DCC6C682	DCC6C682	True	18	2	50	2	True	OK	
assets/SharedDataStrm-part6.pak	sharedassets/springboardentitites/datatables/javelindata_specializationlevels.datasheet	15	2990	13285	7EB2B67F	7EB2B67F	True	18	13	101	2	True	OK	
assets/SharedDataStrm-part6.pak	sharedassets/springboardentitites/datatables/javelindata_spelltable_blunderbuss.datasheet	15	2504	11743	CEF59C61	CEF59C61	True	18	89	11	1,2,3	True	OK	
assets/SharedDataStrm-part6.pak	sharedassets/springboardentitites/datatables/javelindata_spelltable_bow.datasheet	15	2200	10463	241BA1A4	241BA1A4	True	18	86	10	1,2,3	True	OK	
assets/SharedDataStrm-part6.pak	sharedassets/springboardentitites/datatables/javelindata_spelltable_conquerorsitems.datasheet	15	2748	15427	B355A4A2	B355A4A2	True	18	88	15	1,2,3	True	OK	
assets/SharedDataStrm-part6.pak	sharedassets/springboardentitites/datatables/javelindata_spelltable_ctf.datasheet	15	1689	5547	7A0FAD37	7A0FAD37	True	18	98	3	1,2,3	True	OK	
assets/SharedDataStrm-part6.pak	sharedassets/springboardentitites/datatables/javelindata_spelltable_dagger.datasheet	15	3301	23715	E07BC858	E07BC858	True	18	91	25	1,2,3	True	OK	
assets/SharedDataStrm-part6.pak	sharedassets/springboardentitites/datatables/javelindata_spelltable_firemagic.datasheet	15	4221	54735	138E3232	138E3232	True	18	85	70	1,2,3	True	OK	
assets/SharedDataStrm-part6.pak	sharedassets/springboardentitites/datatables/javelindata_spelltable_flail.datasheet	15	2729	18179	A3D0D180	A3D0D180	True	18	89	19	1,2,3	True	OK	
assets/SharedDataStrm-part6.pak	sharedassets/springboardentitites/datatables/javelindata_spelltable_global.datasheet	15	5580	80756	853A6C7D	853A6C7D	True	18	95	92	1,2,3	True	OK	
assets/SharedDataStrm-part6.pak	sharedassets/springboardentitites/datatables/javelindata_spelltable_musket.datasheet	15	2107	10941	88A99DAF	88A99DAF	True	18	85	11	1,2,3	True	OK	
assets/SharedDataStrm-part6.pak	sharedassets/springboardentitites/datatables/javelindata_spelltable_rapier.datasheet	15	1835	6290	D2FD0B68	D2FD0B68	True	18	85	5	1,2,3	True	OK	
assets/SharedDataStrm-part6.pak	sharedassets/springboardentitites/datatables/javelindata_spelltable_runes.datasheet	15	2652	22009	8C3C07D6	8C3C07D6	True	18	88	25	1,2,3	True	OK	
assets/SharedDataStrm-part6.pak	sharedassets/springboardentitites/datatables/javelindata_spelltable_sword.datasheet	15	1878	8628	2FFD5086	2FFD5086	True	18	85	8	1,2,3	True	OK	
assets/SharedDataStrm-part6.pak	sharedassets/springboardentitites/datatables/javelindata_spelltable_throwables.datasheet	15	1897	7629	C40276CB	C40276CB	True	18	86	6	1,2,3	True	OK	
assets/SharedDataStrm-part6.pak	sharedassets/springboardentitites/datatables/javelindata_spelltable_warhammer.datasheet	15	2301	12804	47E4B814	47E4B814	True	18	85	13	1,2,3	True	OK	
assets/SharedDataStrm-part6.pak	sharedassets/springboardentitites/datatables/javelindata_staminacosts_player.datasheet	15	1087	3939	E9092D0E	E9092D0E	True	18	3	81	1,2	True	OK	
assets/SharedDataStrm-part6.pak	sharedassets/springboardentitites/datatables/javelindata_statmultipliers.datasheet	15	1143	3557	A240A4C1	A240A4C1	True	18	3	84	1,2	True	OK	
assets/SharedDataStrm-part6.pak	sharedassets/springboardentitites/datatables/javelindata_statuseffects_artifacts.datasheet	15	11136	268750	F6102F25	F6102F25	True	18	335	93	1,2,3	True	OK	
assets/SharedDataStrm-part6.pak	sharedassets/springboardentitites/datatables/javelindata_statuseffects_common.datasheet	15	34674	1682414	FAFB8F79	FAFB8F79	True	18	282	717	1,2,3	True	OK	
assets/SharedDataStrm-part6.pak	sharedassets/springboardentitites/datatables/javelindata_statuseffects_ctf.datasheet	15	5434	71056	FDD206EE	FDD206EE	True	18	328	23	1,2,3	True	OK	
assets/SharedDataStrm-part6.pak	sharedassets/springboardentitites/datatables/javelindata_statuseffects_dagger.datasheet	15	7046	114854	3C5F5528	3C5F5528	True	18	335	38	1,2,3	True	OK	
assets/SharedDataStrm-part6.pak	sharedassets/springboardentitites/datatables/javelindata_statuseffects_difficultyscaling.datasheet	15	4208	14775	E032992A	E032992A	True	18	328	2	1,2	True	OK	
assets/SharedDataStrm-part6.pak	sharedassets/springboardentitites/datatables/javelindata_statuseffects_firestaff.datasheet	15	7358	118194	A73FC832	A73FC832	True	18	335	39	1,2,3	True	OK	
assets/SharedDataStrm-part6.pak	sharedassets/springboardentitites/datatables/javelindata_statuseffects_greataxe.datasheet	15	5894	59943	C3D46083	C3D46083	True	18	335	18	1,2,3	True	OK	
assets/SharedDataStrm-part6.pak	sharedassets/springboardentitites/datatables/javelindata_statuseffects_greatsword.datasheet	15	7227	113025	189511D1	189511D1	True	18	335	37	1,2,3	True	OK	
assets/SharedDataStrm-part6.pak	sharedassets/springboardentitites/datatables/javelindata_statuseffects_hatchet.datasheet	15	7148	120277	BA5D56F5	BA5D56F5	True	18	335	40	1,2,3	True	OK	
assets/SharedDataStrm-part6.pak	sharedassets/springboardentitites/datatables/javelindata_statuseffects_item.datasheet	15	24135	1511155	4EE5EBB8	4EE5EBB8	True	18	335	540	1,2,3	True	OK	
assets/SharedDataStrm-part6.pak	sharedassets/springboardentitites/datatables/javelindata_statuseffects_jumppad.datasheet	15	4274	17391	59AE7EA7	59AE7EA7	True	18	328	3	1,2,3	True	OK	
assets/SharedDataStrm-part6.pak	sharedassets/springboardentitites/datatables/javelindata_statuseffects_lifestaff.datasheet	15	8611	195087	B797A4CC	B797A4CC	True	18	335	67	1,2,3	True	OK	
assets/SharedDataStrm-part6.pak	sharedassets/springboardentitites/datatables/javelindata_statuseffects_perks2025.datasheet	15	15886	570534	C30C7B7D	C30C7B7D	True	18	335	203	1,2,3	True	OK	
assets/SharedDataStrm-part6.pak	sharedassets/springboardentitites/datatables/javelindata_statuseffects_perksgems.datasheet	15	5845	71089	8D03C0BA	8D03C0BA	True	18	335	22	1,2,3	True	OK	
assets/SharedDataStrm-part6.pak	sharedassets/springboardentitites/datatables/javelindata_statuseffects_perksinfix.datasheet	15	5585	45898	6799ACDD	6799ACDD	True	18	335	13	1,2,3	True	OK	
assets/SharedDataStrm-part6.pak	sharedassets/springboardentitites/datatables/javelindata_statuseffects_spear.datasheet	15	5878	57291	605F259A	605F259A	True	18	335	17	1,2,3	True	OK	
assets/SharedDataStrm-part6.pak	sharedassets/springboardentitites/datatables/javelindata_storecategories.datasheet	15	1778	6345	A13312D0	A13312D0	True	18	8	24	1,2	True	OK	
assets/SharedDataStrm-part6.pak	sharedassets/springboardentitites/datatables/javelindata_territory_standing.datasheet	15	3504	34550	91981C4D	91981C4D	True	18	13	301	1,2,3	True	OK	
assets/SharedDataStrm-part6.pak	sharedassets/springboardentitites/datatables/javelindata_tradeskillmining.datasheet	15	14229	93454	B05E5034	B05E5034	True	18	19	501	1,2,3	True	OK	
assets/SharedDataStrm-part6.pak	sharedassets/springboardentitites/datatables/javelindata_tradeskillpostcap.datasheet	15	1802	10064	B4709DA6	B4709DA6	True	18	38	18	1,2	True	OK	
assets/SharedDataStrm-part6.pak	sharedassets/springboardentitites/datatables/javelindata_tradeskillriding.datasheet	15	2218	34806	BF881364	BF881364	True	18	16	251	1,2,3	True	OK	
assets/SharedDataStrm-part6.pak	sharedassets/springboardentitites/datatables/javelindata_umbralgsupgrades.datasheet	15	685	3090	CED8A6E4	CED8A6E4	True	18	3	100	1,2	True	OK	
assets/SharedDataStrm-part6.pak	sharedassets/springboardentitites/datatables/javelindata_variations_cuttrunks.datasheet	15	6670	63350	6C91FD74	6C91FD74	True	18	11	377	1,2	True	OK	
assets/SharedDataStrm-part6.pak	sharedassets/springboardentitites/datatables/javelindata_variations_darkness.datasheet	15	1698	17326	7EC7880B	7EC7880B	True	18	37	44	1,2	True	OK	
assets/SharedDataStrm-part6.pak	sharedassets/springboardentitites/datatables/javelindata_variations_gatherables_alchemy.datasheet	15	6915	62631	497E291F	497E291F	True	18	40	110	1,2,3	True	OK	
assets/SharedDataStrm-part6.pak	sharedassets/springboardentitites/datatables/javelindata_variations_gatherables_cyclic.datasheet	15	4281	23945	EA05C834	EA05C834	True	18	34	49	1,2	True	OK	
assets/SharedDataStrm-part6.pak	sharedassets/springboardentitites/datatables/javelindata_variations_gatherables_lockedgates.datasheet	15	597	1174	0E178F23	0E178F23	True	18	14	2	1,2	True	OK	
assets/SharedDataStrm-part6.pak	sharedassets/springboardentitites/datatables/javelindata_variations_gatherables_poiobjects.datasheet	15	1072	2689	E1F00CA9	E1F00CA9	True	18	25	6	1,2	True	OK	
assets/SharedDataStrm-part6.pak	sharedassets/springboardentitites/datatables/javelindata_variations_gatherables_quest.datasheet	15	54893	663515	B627D77E	B627D77E	True	18	39	1540	1,2,3	True	OK	
assets/SharedDataStrm-part6.pak	sharedassets/springboardentitites/datatables/javelindata_variations_gatherables_quest_ancientglyph.datasheet	15	6350	99555	3A137F74	3A137F74	True	18	34	258	1,2,3	True	OK	
assets/SharedDataStrm-part6.pak	sharedassets/springboardentitites/datatables/javelindata_variations_gatherables_quest_damageable.datasheet	15	8068	75168	22AACFDF	22AACFDF	True	18	45	151	1,2,3	True	OK	
assets/SharedDataStrm-part6.pak	sharedassets/springboardentitites/datatables/javelindata_vitalsmodifierdata.datasheet	15	1327	3096	B6FCE051	B6FCE051	True	18	5	50	1,2	True	OK	
assets/SharedDataStrm-part6.pak	sharedassets/springboardentitites/datatables/javelindata_whisperdata.datasheet	15	7099	49667	FC155378	FC155378	True	18	14	229	1,2,3	True	OK	
assets/SharedDataStrm-part6.pak	sharedassets/springboardentitites/datatables/javelindata_xpamountsbylevel.datasheet	15	3750	31974	56EA2963	56EA2963	True	18	51	70	1,2,3	True	OK	
assets/SharedDataStrm-part7.pak	sharedassets/springboardentitites/datatables/charactertables/broken_datatables/javelindata_damagetable_brokenvillager_hammer.datasheet	15	1607	8774	AA319119	AA319119	True	18	44	19	1,2,3	True	OK	
assets/SharedDataStrm-part7.pak	sharedassets/springboardentitites/datatables/charactertables/catacombsboss_datatables/javelindata_damagetable_catacombs_fulgoris.datasheet	15	2303	15917	E681A354	E681A354	True	18	47	36	1,2,3	True	OK	
assets/SharedDataStrm-part7.pak	sharedassets/springboardentitites/datatables/charactertables/dryad_datatables/javelindata_damagetable_dryadarcher.datasheet	15	1859	9060	B28C0FE9	B28C0FE9	True	18	44	20	1,2,3	True	OK	
assets/SharedDataStrm-part7.pak	sharedassets/springboardentitites/datatables/charactertables/dynasty_datatables/javelindata_damagetable_dynasty_summoner.datasheet	15	1538	6285	711512B0	711512B0	True	18	45	12	1,2,3	True	OK	
assets/SharedDataStrm-part7.pak	sharedassets/springboardentitites/datatables/charactertables/grunt_datatables/javelindata_damagetable_upyrgrunt.datasheet	15	1600	6160	8EFA4F37	8EFA4F37	True	18	46	12	1,2,3	True	OK	
assets/SharedDataStrm-part7.pak	sharedassets/springboardentitites/datatables/charactertables/hercyne_datatables/javelindata_damagetable_hercyneechidna.datasheet	15	1865	10637	554BEFB8	554BEFB8	True	18	53	20	1,2,3	True	OK	
assets/SharedDataStrm-part7.pak	sharedassets/springboardentitites/datatables/charactertables/icedryad_datatables/javelindata_damagetable_icedryad_frostfang.datasheet	15	1843	7781	5878F7C9	5878F7C9	True	18	47	15	1,2,3	True	OK	
assets/SharedDataStrm-part7.pak	sharedassets/springboardentitites/datatables/charactertables/sand_elemental_soldier/javelindata_damagetable_sand_elemental_soldier.datasheet	15	1552	5944	A5F7BBD0	A5F7BBD0	True	18	50	10	1,2,3	True	OK	
assets/SharedDataStrm-part7.pak	sharedassets/springboardentitites/datatables/charactertables/scorpion_datatables/javelindata_damagetable_scorpion.datasheet	15	1208	3113	F7F027E4	F7F027E4	True	18	46	4	1,2,3	True	OK	
assets/SharedDataStrm-part7.pak	sharedassets/springboardentitites/datatables/charactertables/undead_datatables/javelindata_damagetable_undead_cryptkeeper.datasheet	15	1781	6663	354A075D	354A075D	True	18	47	12	1,2,3	True	OK	
assets/SharedDataStrm-part7.pak	sharedassets/springboardentitites/datatables/charactertables/undead_datatables/javelindata_damagetable_undead_javelineer.datasheet	15	1675	5548	30419399	30419399	True	18	46	10	1,2,3	True	OK	
assets/SharedDataStrm-part7.pak	sharedassets/springboardentitites/datatables/contribution/javelindata_contribution_questencounter.datasheet	15	497	1108	7FEDD339	7FEDD339	True	18	5	13	1,2,3	True	OK	
assets/SharedDataStrm-part7.pak	sharedassets/springboardentitites/datatables/fishing/javelindata_fishing_bait.datasheet	15	600	1350	F3AE3254	F3AE3254	True	18	11	8	1,2,3	True	OK	
assets/SharedDataStrm-part7.pak	sharedassets/springboardentitites/datatables/isleofnight_tables/javelindata_itemdefinitions_ammo_isleofnight.datasheet	15	580	1175	6673CCBC	6673CCBC	True	18	7	5	1,2	True	OK	
assets/SharedDataStrm-part7.pak	sharedassets/springboardentitites/datatables/mtx/javelindata_itemdefinitions_mtx_2023-09.datasheet	15	3771	37403	CB474F54	CB474F54	True	18	88	39	1,2	True	OK	
assets/SharedDataStrm-part7.pak	sharedassets/springboardentitites/datatables/mtx/javelindata_itemdefinitions_mtx_2023-11.datasheet	15	3069	26807	8AA43AC4	8AA43AC4	True	18	88	27	1,2	True	OK	
assets/SharedDataStrm-part7.pak	sharedassets/springboardentitites/datatables/mtx/javelindata_itemdefinitions_mtx_2024-2.datasheet	15	2457	15643	2BEE458B	2BEE458B	True	18	88	15	1,2	True	OK	
assets/SharedDataStrm-part7.pak	sharedassets/springboardentitites/datatables/pointofinterestdefinitions/javelindata_poidefinitions_06_02.datasheet	15	3725	19907	067B0621	067B0621	True	18	33	45	1,2,3	True	OK	
assets/SharedDataStrm-part7.pak	sharedassets/springboardentitites/datatables/questdata/conversationstatedata_npc_04296.datasheet	15	500	937	110E59FA	110E59FA	True	18	10	3	1	True	OK	
assets/SharedDataStrm-part7.pak	sharedassets/springboardentitites/datatables/questdata/conversationstatedata_npc_16037.datasheet	15	348	543	A6293117	A6293117	True	18	8	1	1	True	OK	
assets/SharedDataStrm-part7.pak	sharedassets/springboardentitites/datatables/questdata/conversationstatedata_npc_16038.datasheet	15	348	543	C0CF2660	C0CF2660	True	18	8	1	1	True	OK	
assets/SharedDataStrm-part7.pak	sharedassets/springboardentitites/datatables/questdata/conversationstatedata_npc_16045.datasheet	15	449	778	558EE6DE	558EE6DE	True	18	10	2	1	True	OK	
assets/SharedDataStrm-part7.pak	sharedassets/springboardentitites/datatables/questdata/conversationstatedata_npc_16086.datasheet	15	348	543	E8C6FEDC	E8C6FEDC	True	18	8	1	1	True	OK	
assets/SharedDataStrm-part7.pak	sharedassets/springboardentitites/datatables/questdata/conversationstatedata_npc_16133.datasheet	15	449	778	774C572E	774C572E	True	18	10	2	1	True	OK	
assets/SharedDataStrm-part7.pak	sharedassets/springboardentitites/datatables/questdata/conversationstatedata_npc_16134.datasheet	15	475	858	A4BC4570	A4BC4570	True	18	11	2	1	True	OK	
assets/SharedDataStrm-part7.pak	sharedassets/springboardentitites/datatables/questdata/conversationstatedata_npc_16144.datasheet	15	449	778	3689DFE5	3689DFE5	True	18	10	2	1	True	OK	
assets/SharedDataStrm-part7.pak	sharedassets/springboardentitites/datatables/questdata/conversationstatedata_npc_16159.datasheet	15	348	543	1622BE36	1622BE36	True	18	8	1	1	True	OK	
assets/SharedDataStrm-part7.pak	sharedassets/springboardentitites/datatables/questdata/conversationstatedata_npc_16160.datasheet	15	348	543	7006F55F	7006F55F	True	18	8	1	1	True	OK	
assets/SharedDataStrm-part7.pak	sharedassets/springboardentitites/datatables/questdata/conversationstatedata_npc_16164.datasheet	15	348	543	1168FA9D	1168FA9D	True	18	8	1	1	True	OK	
assets/SharedDataStrm-part7.pak	sharedassets/springboardentitites/datatables/questdata/conversationstatedata_npc_16165.datasheet	15	348	543	E48BFA4D	E48BFA4D	True	18	8	1	1	True	OK	
assets/SharedDataStrm-part7.pak	sharedassets/springboardentitites/datatables/questdata/conversationstatedata_npc_16166.datasheet	15	348	543	21DFFD7C	21DFFD7C	True	18	8	1	1	True	OK	
assets/SharedDataStrm-part7.pak	sharedassets/springboardentitites/datatables/questdata/conversationstatedata_npc_16167.datasheet	15	348	543	D43CFDAC	D43CFDAC	True	18	8	1	1	True	OK	
assets/SharedDataStrm-part7.pak	sharedassets/springboardentitites/datatables/questdata/conversationstatedata_npc_16168.datasheet	15	348	543	B2DAEADB	B2DAEADB	True	18	8	1	1	True	OK	
assets/SharedDataStrm-part7.pak	sharedassets/springboardentitites/datatables/questdata/conversationstatedata_npc_18002.datasheet	15	455	781	095E765F	095E765F	True	18	10	2	1	True	OK	
assets/SharedDataStrm-part7.pak	sharedassets/springboardentitites/datatables/questdata/conversationstatedata_npc_18011.datasheet	15	491	919	6F7351D2	6F7351D2	True	18	12	2	1	True	OK	
assets/SharedDataStrm-part7.pak	sharedassets/springboardentitites/datatables/questdata/conversationstatedata_npc_18044.datasheet	15	455	781	F5AE5D05	F5AE5D05	True	18	10	2	1	True	OK	
assets/SharedDataStrm-part7.pak	sharedassets/springboardentitites/datatables/questdata/conversationstatedata_npc_28006.datasheet	15	348	543	D30E79BB	D30E79BB	True	18	8	1	1	True	OK	
assets/SharedDataStrm-part7.pak	sharedassets/springboardentitites/datatables/questdata/conversationstatedata_npc_28007.datasheet	15	348	543	26ED796B	26ED796B	True	18	8	1	1	True	OK	
assets/SharedDataStrm-part7.pak	sharedassets/springboardentitites/datatables/questdata/conversationtopicdata_npc_08012.datasheet	0	141	141	8BDD7A97	8BDD7A97	True	18	0	0		True	OK	
assets/SharedDataStrm-part7.pak	sharedassets/springboardentitites/datatables/questdata/conversationtopicdata_npc_16031.datasheet	0	141	141	63B0EDDB	63B0EDDB	True	18	0	0		True	OK	
assets/SharedDataStrm-part7.pak	sharedassets/springboardentitites/datatables/questdata/conversationtopicdata_npc_16067.datasheet	0	141	141	7270630C	7270630C	True	18	0	0		True	OK	
assets/SharedDataStrm-part7.pak	sharedassets/springboardentitites/datatables/questdata/conversationtopicdata_npc_16069.datasheet	0	141	141	33E000D5	33E000D5	True	18	0	0		True	OK	
assets/SharedDataStrm-part7.pak	sharedassets/springboardentitites/datatables/questdata/conversationtopicdata_npc_16084.datasheet	0	141	141	B91EB218	B91EB218	True	18	0	0		True	OK	
assets/SharedDataStrm-part7.pak	sharedassets/springboardentitites/datatables/questdata/conversationtopicdata_npc_16089.datasheet	0	141	141	CCAEFAC6	CCAEFAC6	True	18	0	0		True	OK	
assets/SharedDataStrm-part7.pak	sharedassets/springboardentitites/datatables/questdata/conversationtopicdata_npc_16090.datasheet	15	300	486	ED742ABE	ED742ABE	True	18	6	1	1	True	OK	
assets/SharedDataStrm-part7.pak	sharedassets/springboardentitites/datatables/questdata/conversationtopicdata_npc_16129.datasheet	0	141	141	61047DE9	61047DE9	True	18	0	0		True	OK	
assets/SharedDataStrm-part7.pak	sharedassets/springboardentitites/datatables/questdata/conversationtopicdata_npc_16132.datasheet	0	141	141	093BF041	093BF041	True	18	0	0		True	OK	
assets/SharedDataStrm-part7.pak	sharedassets/springboardentitites/datatables/questdata/conversationtopicdata_npc_16137.datasheet	0	141	141	555B8D48	555B8D48	True	18	0	0		True	OK	
assets/SharedDataStrm-part7.pak	sharedassets/springboardentitites/datatables/questdata/conversationtopicdata_npc_16138.datasheet	0	141	141	B1FB0A53	B1FB0A53	True	18	0	0		True	OK	
assets/SharedDataStrm-part7.pak	sharedassets/springboardentitites/datatables/questdata/conversationtopicdata_npc_16140.datasheet	0	141	141	0A34C1AD	0A34C1AD	True	18	0	0		True	OK	
assets/SharedDataStrm-part7.pak	sharedassets/springboardentitites/datatables/questdata/conversationtopicdata_npc_16141.datasheet	0	141	141	AF04256F	AF04256F	True	18	0	0		True	OK	
assets/SharedDataStrm-part7.pak	sharedassets/springboardentitites/datatables/questdata/conversationtopicdata_npc_16148.datasheet	0	141	141	23E4F47A	23E4F47A	True	18	0	0		True	OK	
assets/SharedDataStrm-part7.pak	sharedassets/springboardentitites/datatables/questdata/conversationtopicdata_npc_16151.datasheet	0	141	141	DACBB617	DACBB617	True	18	0	0		True	OK	
assets/SharedDataStrm-part7.pak	sharedassets/springboardentitites/datatables/questdata/conversationtopicdata_npc_16163.datasheet	0	141	141	D58BCC5A	D58BCC5A	True	18	0	0		True	OK	
assets/SharedDataStrm-part7.pak	sharedassets/springboardentitites/datatables/questdata/conversationtopicdata_npc_16198.datasheet	0	141	141	42FABBE1	42FABBE1	True	18	0	0		True	OK	
assets/SharedDataStrm-part7.pak	sharedassets/springboardentitites/datatables/questdata/conversationtopicdata_npc_18065.datasheet	0	141	141	DFE70917	DFE70917	True	18	0	0		True	OK	
assets/SharedDataStrm-part7.pak	sharedassets/springboardentitites/datatables/questdata/conversationtopicdata_npc_20004.datasheet	0	141	141	2CDCF2D5	2CDCF2D5	True	18	0	0		True	OK	
assets/SharedDataStrm-part7.pak	sharedassets/springboardentitites/datatables/questdata/conversationtopicdata_npc_28008.datasheet	0	141	141	50786D37	50786D37	True	18	0	0		True	OK	
assets/SharedDataStrm-part7.pak	sharedassets/springboardentitites/datatables/questdata/npcdata_npc_16010.datasheet	15	236	372	82C38204	82C38204	True	18	5	1	1	True	OK	
assets/SharedDataStrm-part7.pak	sharedassets/springboardentitites/datatables/questdata/npcdata_npc_16015.datasheet	15	214	313	5161B951	5161B951	True	18	4	1	1	True	OK	
assets/SharedDataStrm-part7.pak	sharedassets/springboardentitites/datatables/questdata/npcdata_npc_16034.datasheet	15	252	431	DF3AE256	DF3AE256	True	18	6	1	1	True	OK	
assets/SharedDataStrm-part7.pak	sharedassets/springboardentitites/datatables/questdata/npcdata_npc_16038.datasheet	15	214	313	41299FAE	41299FAE	True	18	4	1	1	True	OK	
assets/SharedDataStrm-part7.pak	sharedassets/springboardentitites/datatables/questdata/npcdata_npc_16040.datasheet	15	236	372	F4F3825B	F4F3825B	True	18	5	1	1	True	OK	
assets/SharedDataStrm-part7.pak	sharedassets/springboardentitites/datatables/questdata/npcdata_npc_16041.datasheet	15	236	372	C24C141B	C24C141B	True	18	5	1	1	True	OK	
assets/SharedDataStrm-part7.pak	sharedassets/springboardentitites/datatables/questdata/npcdata_npc_16043.datasheet	15	214	313	DD45F3B7	DD45F3B7	True	18	4	1	1	True	OK	
assets/SharedDataStrm-part7.pak	sharedassets/springboardentitites/datatables/questdata/npcdata_npc_16045.datasheet	15	236	372	18B24D1B	18B24D1B	True	18	5	1	1	True	OK	
assets/SharedDataStrm-part7.pak	sharedassets/springboardentitites/datatables/questdata/npcdata_npc_16046.datasheet	15	214	313	39518FE1	39518FE1	True	18	4	1	1	True	OK	
assets/SharedDataStrm-part7.pak	sharedassets/springboardentitites/datatables/questdata/npcdata_npc_16047.datasheet	15	214	313	60E5C21A	60E5C21A	True	18	4	1	1	True	OK	
assets/SharedDataStrm-part7.pak	sharedassets/springboardentitites/datatables/questdata/npcdata_npc_16048.datasheet	15	214	313	97A840A1	97A840A1	True	18	4	1	1	True	OK	
assets/SharedDataStrm-part7.pak	sharedassets/springboardentitites/datatables/questdata/npcdata_npc_16051.datasheet	15	236	372	B4A6EA1D	B4A6EA1D	True	18	5	1	1	True	OK	
assets/SharedDataStrm-part7.pak	sharedassets/springboardentitites/datatables/questdata/npcdata_npc_16063.datasheet	15	236	372	42E6C497	42E6C497	True	18	5	1	1	True	OK	
assets/SharedDataStrm-part7.pak	sharedassets/springboardentitites/datatables/questdata/npcdata_npc_16072.datasheet	15	236	372	02B3ACD1	02B3ACD1	True	18	5	1	1	True	OK	
assets/SharedDataStrm-part7.pak	sharedassets/springboardentitites/datatables/questdata/npcdata_npc_16092.datasheet	15	214	313	8CD8A678	8CD8A678	True	18	4	1	1	True	OK	
assets/SharedDataStrm-part7.pak	sharedassets/springboardentitites/datatables/questdata/npcdata_npc_16094.datasheet	15	214	313	82100C23	82100C23	True	18	4	1	1	True	OK	
assets/SharedDataStrm-part7.pak	sharedassets/springboardentitites/datatables/questdata/npcdata_npc_16099.datasheet	15	236	372	DB445CB7	DB445CB7	True	18	5	1	1	True	OK	
assets/SharedDataStrm-part7.pak	sharedassets/springboardentitites/datatables/questdata/npcdata_npc_16129.datasheet	15	214	313	CD8E1163	CD8E1163	True	18	4	1	1	True	OK	
assets/SharedDataStrm-part7.pak	sharedassets/springboardentitites/datatables/questdata/npcdata_npc_16130.datasheet	15	214	313	1E3DA65A	1E3DA65A	True	18	4	1	1	True	OK	
assets/SharedDataStrm-part7.pak	sharedassets/springboardentitites/datatables/questdata/npcdata_npc_16132.datasheet	15	214	313	AD553DAC	AD553DAC	True	18	4	1	1	True	OK	
assets/SharedDataStrm-part7.pak	sharedassets/springboardentitites/datatables/questdata/npcdata_npc_16134.datasheet	15	236	372	5CFD68C3	5CFD68C3	True	18	5	1	1	True	OK	
assets/SharedDataStrm-part7.pak	sharedassets/springboardentitites/datatables/questdata/npcdata_npc_16137.datasheet	15	214	313	494141FA	494141FA	True	18	4	1	1	True	OK	
assets/SharedDataStrm-part7.pak	sharedassets/springboardentitites/datatables/questdata/npcdata_npc_16141.datasheet	15	236	372	2B595BD0	2B595BD0	True	18	5	1	1	True	OK	
assets/SharedDataStrm-part7.pak	sharedassets/springboardentitites/datatables/questdata/npcdata_npc_16143.datasheet	15	214	313	2260AF58	2260AF58	True	18	4	1	1	True	OK	
assets/SharedDataStrm-part7.pak	sharedassets/springboardentitites/datatables/questdata/npcdata_npc_16150.datasheet	15	236	372	6B0C3396	6B0C3396	True	18	5	1	1	True	OK	
assets/SharedDataStrm-part7.pak	sharedassets/springboardentitites/datatables/questdata/npcdata_npc_16154.datasheet	15	236	372	B1F26A96	B1F26A96	True	18	5	1	1	True	OK	
assets/SharedDataStrm-part7.pak	sharedassets/springboardentitites/datatables/questdata/npcdata_npc_16170.datasheet	15	236	372	86D9CF9A	86D9CF9A	True	18	5	1	1	True	OK	
assets/SharedDataStrm-part7.pak	sharedassets/springboardentitites/datatables/questdata/npcdata_npc_16173.datasheet	15	236	372	DD19755A	DD19755A	True	18	5	1	1	True	OK	
assets/SharedDataStrm-part7.pak	sharedassets/springboardentitites/datatables/questdata/npcdata_npc_16191.datasheet	15	214	313	99212C9A	99212C9A	True	18	4	1	1	True	OK	
assets/SharedDataStrm-part7.pak	sharedassets/springboardentitites/datatables/questdata/npcdata_npc_16192.datasheet	15	214	313	73FDFA97	73FDFA97	True	18	4	1	1	True	OK	
assets/SharedDataStrm-part7.pak	sharedassets/springboardentitites/datatables/questdata/npcdata_npc_16195.datasheet	15	298	444	B7B26BE4	B7B26BE4	True	18	6	1	1	True	OK	
assets/SharedDataStrm-part7.pak	sharedassets/springboardentitites/datatables/questdata/npcdata_npc_16197.datasheet	15	214	313	97E986C1	97E986C1	True	18	4	1	1	True	OK	
assets/SharedDataStrm-part7.pak	sharedassets/springboardentitites/datatables/questdata/npcdata_npc_18016.datasheet	15	236	372	7E78A10E	7E78A10E	True	18	5	1	1	True	OK	
assets/SharedDataStrm-part7.pak	sharedassets/springboardentitites/datatables/questdata/npcdata_npc_18022.datasheet	15	236	372	3FB9FA04	3FB9FA04	True	18	5	1	1	True	OK	
assets/SharedDataStrm-part7.pak	sharedassets/springboardentitites/datatables/questdata/npcdata_npc_18060.datasheet	15	236	372	521C28DD	521C28DD	True	18	5	1	1	True	OK	
assets/SharedDataStrm-part7.pak	sharedassets/springboardentitites/datatables/questdata/npcdata_npc_18066.datasheet	15	236	372	E59D5D5D	E59D5D5D	True	18	5	1	1	True	OK	
assets/SharedDataStrm-part7.pak	sharedassets/springboardentitites/datatables/questdata/npcdata_npc_28018.datasheet	15	214	313	FBE1BC61	FBE1BC61	True	18	4	1	1	True	OK	
assets/SharedDataStrm-part7.pak	sharedassets/springboardentitites/datatables/questdata/objectivetasks_quest_02801.datasheet	15	1255	2701	E02A8646	E02A8646	True	18	42	3	1	True	OK	
assets/SharedDataStrm-part7.pak	sharedassets/springboardentitites/datatables/questdata/objectivetasks_quest_16024.datasheet	15	3021	23199	9CFFCC77	9CFFCC77	True	18	57	39	1	True	OK	
assets/SharedDataStrm-part7.pak	sharedassets/springboardentitites/datatables/questgameevents/javelindata_08_gameevents.datasheet	15	2350	16970	9ED1C3AA	9ED1C3AA	True	18	28	60	1,2,3	True	OK	
assets/SharedDataStrm-part7.pak	sharedassets/springboardentitites/datatables/questgameevents/javelindata_17_gameevents.datasheet	15	2226	21722	6AAD4959	6AAD4959	True	18	28	80	1,2,3	True	OK	
assets/SharedDataStrm-part7.pak	sharedassets/springboardentitites/datatables/questgameevents/javelindata_99a_gameevents.datasheet	15	2177	18540	9B0CDC16	9B0CDC16	True	18	28	64	1,2,3	True	OK	
assets/SharedDataStrm-part7.pak	sharedassets/springboardentitites/datatables/quests/09_firstlight/javelindata_09_npcs.datasheet	15	539	1887	7E49467F	7E49467F	True	18	24	4	1	True	OK	
assets/SharedDataStrm-part7.pak	sharedassets/springboardentitites/datatables/quests/75_devworld_blue/javelindata_75_conversationstate.datasheet	15	714	2231	5EAF74E1	5EAF74E1	True	18	21	6	1,2,3	True	OK	
assets/SharedDataStrm-part7.pak	sharedassets/springboardentitites/datatables/quests/console/c01_starterbeach/javelindata_c01_objectivetasks.datasheet	15	19201	406872	E7BD1968	E7BD1968	True	18	65	701	1,2,3	True	OK	
assets/SharedDataStrm-part7.pak	sharedassets/springboardentitites/datatables/quests/console/c04a_everfall/javelindata_c04a_npcs.datasheet	15	2802	16302	DC2632CA	DC2632CA	True	18	24	45	1	True	OK	
assets/SharedDataStrm-part7.pak	sharedassets/springboardentitites/datatables/quests/console/c04a_everfall/javelindata_c04a_objectivetasks.datasheet	15	18913	388870	BB0B5B51	BB0B5B51	True	18	65	669	1,2,3	True	OK	
assets/SharedDataStrm-part7.pak	sharedassets/springboardentitites/datatables/quests/console/c07_shatteredmoutain/javelindata_c07_objectives.datasheet	15	3734	35643	E7F4AF88	E7F4AF88	True	18	42	72	1,2,3	True	OK	
assets/SharedDataStrm-part7.pak	sharedassets/springboardentitites/datatables/quests/console/c08_ebonscalereach/javelindata_c08_objectivetasks.datasheet	15	10975	259489	44D7F4BA	44D7F4BA	True	18	64	464	1,2,3	True	OK	
assets/SharedDataStrm-part7.pak	sharedassets/springboardentitites/datatables/quests/console/c10a_cutlasskeys/javelindata_c10a_conversationtopics.datasheet	15	649	2781	EDE7BFED	EDE7BFED	True	18	7	18	1	True	OK	
assets/SharedDataStrm-part7.pak	sharedassets/springboardentitites/datatables/quests/console/c10a_cutlasskeys/javelindata_c10a_npcs.datasheet	15	1973	11905	9C73EAA0	9C73EAA0	True	18	24	39	1	True	OK	
assets/SharedDataStrm-part7.pak	sharedassets/springboardentitites/datatables/quests/console/c11_mourningdale/javelindata_c11_objectivetasks.datasheet	15	12780	301973	EDDF198A	EDDF198A	True	18	64	541	1,2	True	OK	
assets/SharedDataStrm-part7.pak	sharedassets/springboardentitites/datatables/quests/console/c14_edengrove/javelindata_c14_objectives.datasheet	15	4236	47068	D4FFF855	D4FFF855	True	18	42	102	1,2,3	True	OK	
assets/SharedDataStrm-part7.pak	sharedassets/springboardentitites/datatables/quests/console/c15_restlessshore/javelindata_c15_conversationstate.datasheet	15	2782	26027	68579DCC	68579DCC	True	18	34	72	1,2,3	True	OK	
assets/SharedDataStrm-part7.pak	sharedassets/springboardentitites/datatables/quests/console/c15_restlessshore/javelindata_c15_objectivetasks.datasheet	15	11233	293322	7DC2D25D	7DC2D25D	True	18	64	527	1,2,3	True	OK	
assets/SharedDataStrm-part7.pak	sharedassets/springboardentitites/datatables/quests/console/c16_brimstonesands/javelindata_c16_objectives.datasheet	15	9483	75455	F7A81A11	F7A81A11	True	18	43	138	1,2,3	True	OK	
assets/SharedDataStrm-part7.pak	sharedassets/springboardentitites/datatables/quests/console/c94_mounts/javelindata_c94_conversationtopics.datasheet	15	616	1503	147EB50B	147EB50B	True	18	7	10	1	True	OK	
assets/SharedDataStrm-part7.pak	sharedassets/springboardentitites/datatables/quests/console/c94_mounts/javelindata_c94_objectives.datasheet	15	3345	22227	AC17937E	AC17937E	True	18	41	43	1,2,3	True	OK	
assets/SharedDataStrm-part7.pak	sharedassets/springboardentitites/datatables/quests/console/c94_mounts/javelindata_c94_objectivetasks.datasheet	15	5642	97154	89A2B491	89A2B491	True	18	64	172	1,2,3	True	OK	
assets/SharedDataStrm-part7.pak	sharedassets/springboardentitites/datatables/quests/console/c98_factions/javelindata_c98_conversationtopics.datasheet	15	475	1147	2708E216	2708E216	True	18	7	5	1	True	OK	
assets/SharedDataStrm-part7.pak	sharedassets/springboardentitites/datatables/quests/console/c98_factions/javelindata_c98_npcs.datasheet	15	2714	15027	3CCAD5F1	3CCAD5F1	True	18	24	41	1	True	OK	
assets/SharedDataStrm-part7.pak	sharedassets/springboardentitites/datatables/quests/console/c99g_msq_shattered/javelindata_c99g_conversationstates.datasheet	15	3594	37111	3CC7D6C5	3CC7D6C5	True	18	35	100	1,3	True	OK	
assets/SharedDataStrm-part7.pak	sharedassets/springboardentitites/datatables/seasonsrewards/season6/javelindata_rewarddata_season6.datasheet	15	5868	35550	E64E56B3	E64E56B3	True	18	9	292	1,2	True	OK	
assets/SharedDataStrm-part7.pak	sharedassets/springboardentitites/datatables/weaponabilities/javelindata_ability_attributethreshold.datasheet	15	6637	199478	BA8317DC	BA8317DC	True	18	287	81	1,2,3	True	OK	
assets/SharedDataStrm-part7.pak	sharedassets/springboardentitites/datatables/weaponabilities/javelindata_ability_dagger.datasheet	15	8204	178931	1B3589EA	1B3589EA	True	18	287	70	1,2,3	True	OK	
assets/SharedDataStrm-part7.pak	sharedassets/springboardentitites/datatables/weaponabilities/javelindata_ability_gemperks.datasheet	15	6511	242474	C70812CD	C70812CD	True	18	287	100	1,2,3	True	OK	
assets/SharedDataStrm-part7.pak	sharedassets/springboardentitites/datatables/weaponabilities/javelindata_ability_warhammer.datasheet	15	6898	103606	7C2FB3E7	7C2FB3E7	True	18	287	38	1,2,3	True	OK	
assets/SharedDataStrm-part7.pak	sharedassets/springboardentitites/datatables/javelindata_achievements.datasheet	15	150743	1270866	97ECA714	97ECA714	True	18	5	17005	1,2	True	OK	
assets/SharedDataStrm-part7.pak	sharedassets/springboardentitites/datatables/javelindata_crafting_arcana.datasheet	15	10014	119458	D13CFFD9	D13CFFD9	True	18	70	180	1,2,3	True	OK	
assets/SharedDataStrm-part7.pak	sharedassets/springboardentitites/datatables/javelindata_crafting_seasonalserver.datasheet	15	11805	214674	8085A862	8085A862	True	18	71	322	1,2,3	True	OK	
assets/SharedDataStrm-part7.pak	sharedassets/springboardentitites/datatables/javelindata_crafting_seasons.datasheet	15	30248	690472	2A7D49F1	2A7D49F1	True	18	70	1055	1,2,3	True	OK	
assets/SharedDataStrm-part7.pak	sharedassets/springboardentitites/datatables/javelindata_crafting_weapon.datasheet	15	12984	180991	88431ABA	88431ABA	True	18	70	278	1,2,3	True	OK	
assets/SharedDataStrm-part7.pak	sharedassets/springboardentitites/datatables/javelindata_ctfwarboardaggregates.datasheet	15	664	1632	B314CAEA	B314CAEA	True	18	8	15	1,2,3	True	OK	
assets/SharedDataStrm-part7.pak	sharedassets/springboardentitites/datatables/javelindata_damagetable_undead.datasheet	15	3596	33639	33C49AE6	33C49AE6	True	18	50	74	1,2,3	True	OK	
assets/SharedDataStrm-part7.pak	sharedassets/springboardentitites/datatables/javelindata_difficulty_darkness.datasheet	15	615	3106	B342B92D	B342B92D	True	18	41	7	1,2	True	OK	
assets/SharedDataStrm-part7.pak	sharedassets/springboardentitites/datatables/javelindata_diminishingreturns.datasheet	15	466	1099	1C873664	1C873664	True	18	6	13	1,2	True	OK	
assets/SharedDataStrm-part7.pak	sharedassets/springboardentitites/datatables/javelindata_entitlements.datasheet	15	67729	659925	4DD37C62	4DD37C62	True	18	15	3342	1,2,3	True	OK	
assets/SharedDataStrm-part7.pak	sharedassets/springboardentitites/datatables/javelindata_expansions.datasheet	15	467	664	4EFFAECD	4EFFAECD	True	18	8	2	1,2	True	OK	
assets/SharedDataStrm-part7.pak	sharedassets/springboardentitites/datatables/javelindata_factiondata.datasheet	15	534	1032	5803F294	5803F294	True	18	9	4	1,2	True	OK	
assets/SharedDataStrm-part7.pak	sharedassets/springboardentitites/datatables/javelindata_itemdefinitions_blueprints.datasheet	15	10737	328278	C53DAD71	C53DAD71	True	18	99	390	1,2,3	True	OK	
assets/SharedDataStrm-part7.pak	sharedassets/springboardentitites/datatables/javelindata_itemdefinitions_master_battleroyale.datasheet	15	12954	245960	F02DB08D	F02DB08D	True	18	127	207	1,2,3	True	OK	
assets/SharedDataStrm-part7.pak	sharedassets/springboardentitites/datatables/javelindata_itemdefinitions_master_conquerorsitems.datasheet	15	8654	70794	41BF72F2	41BF72F2	True	18	127	50	1,2,3	True	OK	
assets/SharedDataStrm-part7.pak	sharedassets/springboardentitites/datatables/javelindata_itemskins.datasheet	15	37187	303555	EEFAABE8	EEFAABE8	True	18	10	2621	1,2,3	True	OK	
assets/SharedDataStrm-part7.pak	sharedassets/springboardentitites/datatables/javelindata_leaderboardstats.datasheet	15	4930	48463	E54C71BD	E54C71BD	True	18	11	385	1	True	OK	
assets/SharedDataStrm-part7.pak	sharedassets/springboardentitites/datatables/javelindata_loottables_omega.datasheet	15	25693	1266839	4589D920	4589D920	True	18	109	1317	1,2	True	OK	
assets/SharedDataStrm-part7.pak	sharedassets/springboardentitites/datatables/javelindata_owg_progression_syndicatetokens.datasheet	15	471	972	802AD541	802AD541	True	18	9	6	1,2	True	OK	
assets/SharedDataStrm-part7.pak	sharedassets/springboardentitites/datatables/javelindata_playertitles.datasheet	15	16748	148860	E382BBE0	E382BBE0	True	18	12	497	1,2	True	OK	
assets/SharedDataStrm-part7.pak	sharedassets/springboardentitites/datatables/javelindata_statuseffects_blunderbuss.datasheet	15	7422	117803	69659638	69659638	True	18	335	39	1,2,3	True	OK	
assets/SharedDataStrm-part7.pak	sharedassets/springboardentitites/datatables/javelindata_territorygovernance.datasheet	15	3198	13375	1C61DA2E	1C61DA2E	True	18	24	46	2	True	OK	
assets/SharedDataStrm-part7.pak	sharedassets/springboardentitites/datatables/javelindata_tradeskillengineering.datasheet	15	10863	112259	25EC4D22	25EC4D22	True	18	25	501	1,2,3	True	OK	
assets/SharedDataStrm-part7.pak	sharedassets/springboardentitites/datatables/javelindata_tradeskilljewelcrafting.datasheet	15	13367	114106	DBD8E2A6	DBD8E2A6	True	18	25	501	1,2,3	True	OK	
assets/SharedDataStrm-part7.pak	sharedassets/springboardentitites/datatables/javelindata_tradeskilllogging.datasheet	15	13078	92531	509160FC	509160FC	True	18	19	501	1,2,3	True	OK	
assets/SharedDataStrm-part7.pak	sharedassets/springboardentitites/datatables/javelindata_variations_gatherables_essences.datasheet	15	744	1910	680AB2C3	680AB2C3	True	18	11	7	1,2	True	OK	
assets/SharedDataStrm-part7.pak	sharedassets/springboardentitites/datatables/javelindata_variations_gatherables_quest_proximity.datasheet	15	6832	74483	64680B7B	64680B7B	True	18	29	240	1,2,3	True	OK	
assets/SharedDataStrm-part8.pak	sharedassets/springboardentitites/datatables/questdata/conversationstatedata_npc_16003.datasheet	15	622	1481	61204ED4	61204ED4	True	18	13	5	1	True	OK	
assets/SharedDataStrm-part8.pak	sharedassets/springboardentitites/datatables/questdata/conversationstatedata_npc_16009.datasheet	15	473	859	0D0D8F03	0D0D8F03	True	18	11	2	1	True	OK	
assets/SharedDataStrm-part8.pak	sharedassets/springboardentitites/datatables/questdata/conversationstatedata_npc_16051.datasheet	15	469	803	AA78BE24	AA78BE24	True	18	10	2	1	True	OK	
assets/SharedDataStrm-part8.pak	sharedassets/springboardentitites/datatables/questdata/conversationstatedata_npc_16053.datasheet	15	474	859	948A6A8E	948A6A8E	True	18	11	2	1	True	OK	
assets/SharedDataStrm-part8.pak	sharedassets/springboardentitites/datatables/questdata/conversationstatedata_npc_16063.datasheet	15	475	860	85058153	85058153	True	18	11	2	1	True	OK	
assets/SharedDataStrm-part8.pak	sharedassets/springboardentitites/datatables/questdata/conversationstatedata_npc_16078.datasheet	15	469	802	46EB56C0	46EB56C0	True	18	10	2	1	True	OK	
assets/SharedDataStrm-part8.pak	sharedassets/springboardentitites/datatables/questdata/conversationstatedata_npc_16139.datasheet	15	449	778	C644350B	C644350B	True	18	10	2	1	True	OK	
assets/SharedDataStrm-part8.pak	sharedassets/springboardentitites/datatables/questdata/conversationstatedata_npc_16141.datasheet	15	449	778	70DD1D61	70DD1D61	True	18	10	2	1	True	OK	
assets/SharedDataStrm-part8.pak	sharedassets/springboardentitites/datatables/questdata/conversationstatedata_npc_16142.datasheet	15	476	859	65A42748	65A42748	True	18	11	2	1	True	OK	
assets/SharedDataStrm-part8.pak	sharedassets/springboardentitites/datatables/questdata/conversationstatedata_npc_16145.datasheet	15	449	778	DCC350B4	DCC350B4	True	18	10	2	1	True	OK	
assets/SharedDataStrm-part8.pak	sharedassets/springboardentitites/datatables/questdata/conversationstatedata_npc_16149.datasheet	15	469	802	98290C2B	98290C2B	True	18	10	2	1	True	OK	
assets/SharedDataStrm-part8.pak	sharedassets/springboardentitites/datatables/questdata/conversationstatedata_npc_16150.datasheet	15	475	858	EC0E2A13	EC0E2A13	True	18	11	2	1	True	OK	
assets/SharedDataStrm-part8.pak	sharedassets/springboardentitites/datatables/questdata/conversationstatedata_npc_16155.datasheet	15	475	858	15C5FB0B	15C5FB0B	True	18	11	2	1	True	OK	
assets/SharedDataStrm-part8.pak	sharedassets/springboardentitites/datatables/questdata/conversationstatedata_npc_16163.datasheet	15	469	802	1FFBFD65	1FFBFD65	True	18	10	2	1	True	OK	
assets/SharedDataStrm-part8.pak	sharedassets/springboardentitites/datatables/questdata/conversationstatedata_npc_16170.datasheet	15	475	858	08843EE8	08843EE8	True	18	11	2	1	True	OK	
assets/SharedDataStrm-part8.pak	sharedassets/springboardentitites/datatables/questdata/conversationstatedata_npc_16172.datasheet	15	475	858	462D559D	462D559D	True	18	11	2	1	True	OK	
assets/SharedDataStrm-part8.pak	sharedassets/springboardentitites/datatables/questdata/conversationstatedata_npc_16174.datasheet	15	501	1010	E20C62CE	E20C62CE	True	18	11	3	1	True	OK	
assets/SharedDataStrm-part8.pak	sharedassets/springboardentitites/datatables/questdata/conversationstatedata_npc_16176.datasheet	15	468	858	110BD4C4	110BD4C4	True	18	11	2	1	True	OK	
assets/SharedDataStrm-part8.pak	sharedassets/springboardentitites/datatables/questdata/conversationstatedata_npc_16189.datasheet	15	475	858	EC587BF9	EC587BF9	True	18	11	2	1	True	OK	
assets/SharedDataStrm-part8.pak	sharedassets/springboardentitites/datatables/questdata/conversationstatedata_npc_28011.datasheet	15	409	654	8C0B6627	8C0B6627	True	18	10	1	1	True	OK	
assets/SharedDataStrm-part8.pak	sharedassets/springboardentitites/datatables/questdata/conversationstatedata_npc_28012.datasheet	15	409	654	798E7BED	798E7BED	True	18	10	1	1	True	OK	
assets/SharedDataStrm-part8.pak	sharedassets/springboardentitites/datatables/questdata/conversationtopicdata_npc_16003.datasheet	15	303	486	F867998F	F867998F	True	18	6	1	1	True	OK	
assets/SharedDataStrm-part8.pak	sharedassets/springboardentitites/datatables/questdata/conversationtopicdata_npc_16018.datasheet	0	141	141	04CF1A3E	04CF1A3E	True	18	0	0		True	OK	
assets/SharedDataStrm-part8.pak	sharedassets/springboardentitites/datatables/questdata/conversationtopicdata_npc_16024.datasheet	0	141	141	4A1F03AA	4A1F03AA	True	18	0	0		True	OK	
assets/SharedDataStrm-part8.pak	sharedassets/springboardentitites/datatables/questdata/conversationtopicdata_npc_16025.datasheet	15	303	486	0916E5E2	0916E5E2	True	18	6	1	1	True	OK	
assets/SharedDataStrm-part8.pak	sharedassets/springboardentitites/datatables/questdata/conversationtopicdata_npc_16045.datasheet	0	141	141	08FF8A39	08FF8A39	True	18	0	0		True	OK	
assets/SharedDataStrm-part8.pak	sharedassets/springboardentitites/datatables/questdata/conversationtopicdata_npc_16047.datasheet	0	141	141	99EF45FC	99EF45FC	True	18	0	0		True	OK	
assets/SharedDataStrm-part8.pak	sharedassets/springboardentitites/datatables/questdata/conversationtopicdata_npc_16048.datasheet	0	141	141	7D4FC2E7	7D4FC2E7	True	18	0	0		True	OK	
assets/SharedDataStrm-part8.pak	sharedassets/springboardentitites/datatables/questdata/conversationtopicdata_npc_16059.datasheet	0	141	141	ADB0B55D	ADB0B55D	True	18	0	0		True	OK	
assets/SharedDataStrm-part8.pak	sharedassets/springboardentitites/datatables/questdata/conversationtopicdata_npc_16076.datasheet	0	141	141	A28F14B6	A28F14B6	True	18	0	0		True	OK	
assets/SharedDataStrm-part8.pak	sharedassets/springboardentitites/datatables/questdata/conversationtopicdata_npc_16157.datasheet	15	303	486	9A412B3C	9A412B3C	True	18	6	1	1	True	OK	
assets/SharedDataStrm-part8.pak	sharedassets/springboardentitites/datatables/questdata/npcdata_npc_16159.datasheet	15	214	313	1B0FCE6C	1B0FCE6C	True	18	4	1	1	True	OK	
assets/SharedDataStrm-part8.pak	sharedassets/springboardentitites/datatables/questdata/objectives_quest_02798.datasheet	15	1034	2003	A18A24AC	A18A24AC	True	18	38	1	1	True	OK	
assets/SharedDataStrm-part8.pak	sharedassets/springboardentitites/datatables/questdata/objectives_quest_16010.datasheet	15	1013	1896	00AC31CA	00AC31CA	True	18	36	1	1	True	OK	
assets/SharedDataStrm-part8.pak	sharedassets/springboardentitites/datatables/questdata/objectives_quest_16017.datasheet	15	1015	1898	47A41BCB	47A41BCB	True	18	36	1	1	True	OK	
assets/SharedDataStrm-part8.pak	sharedassets/springboardentitites/datatables/questdata/objectives_quest_16030.datasheet	15	1016	1896	584EAA12	584EAA12	True	18	36	1	1	True	OK	
assets/SharedDataStrm-part8.pak	sharedassets/springboardentitites/datatables/questdata/objectives_quest_16032.datasheet	15	1016	1896	F77788F4	F77788F4	True	18	36	1	1	True	OK	
assets/SharedDataStrm-part8.pak	sharedassets/springboardentitites/datatables/questdata/objectivetasks_quest_16014.datasheet	15	1139	2499	B19D7AEC	B19D7AEC	True	18	39	3	1	True	OK	
assets/SharedDataStrm-part8.pak	sharedassets/springboardentitites/datatables/questdata/objectivetasks_quest_16022.datasheet	15	1622	5973	7ACCF16A	7ACCF16A	True	18	49	9	1	True	OK	
assets/SharedDataStrm-part8.pak	sharedassets/springboardentitites/datatables/questdata/objectivetasks_quest_16025.datasheet	15	1197	2467	27747D8A	27747D8A	True	18	39	3	1	True	OK	
assets/SharedDataStrm-part8.pak	sharedassets/springboardentitites/datatables/questdata/objectivetasks_quest_16027.datasheet	15	1197	2467	12A9F08D	12A9F08D	True	18	39	3	1	True	OK	
assets/SharedDataStrm-part8.pak	sharedassets/springboardentitites/datatables/questdata/objectivetasks_quest_16028.datasheet	15	3156	22725	63B3E7CA	63B3E7CA	True	18	60	36	1	True	OK	
assets/SharedDataStrm-part8.pak	sharedassets/springboardentitites/datatables/questdata/objectivetasks_quest_16029.datasheet	15	1197	2467	6C1FDEAA	6C1FDEAA	True	18	39	3	1	True	OK	
assets/SharedDataStrm-part8.pak	sharedassets/springboardentitites/datatables/questdata/objectivetasks_quest_16030.datasheet	15	1581	5526	EDCCB194	EDCCB194	True	18	49	8	1	True	OK	
assets/SharedDataStrm-part8.pak	sharedassets/springboardentitites/datatables/questdata/objectivetasks_quest_16031.datasheet	15	1193	2467	C82C4C24	C82C4C24	True	18	39	3	1	True	OK	
assets/SharedDataStrm-part9.pak	sharedassets/springboardentitites/datatables/questdata/conversationstatedata_npc_16004.datasheet	15	375	660	190EBD6C	190EBD6C	True	18	8	2	1	True	OK	
assets/SharedDataStrm-part9.pak	sharedassets/springboardentitites/datatables/questdata/conversationstatedata_npc_16005.datasheet	15	472	858	3A76F031	3A76F031	True	18	11	2	1	True	OK	
assets/SharedDataStrm-part9.pak	sharedassets/springboardentitites/datatables/questdata/conversationstatedata_npc_16006.datasheet	15	472	858	0A783A32	0A783A32	True	18	11	2	1	True	OK	
assets/SharedDataStrm-part9.pak	sharedassets/springboardentitites/datatables/questdata/conversationstatedata_npc_16008.datasheet	15	472	859	09584155	09584155	True	18	11	2	1	True	OK	
assets/SharedDataStrm-part9.pak	sharedassets/springboardentitites/datatables/questdata/conversationstatedata_npc_16010.datasheet	15	472	859	097843C3	097843C3	True	18	11	2	1	True	OK	
assets/SharedDataStrm-part9.pak	sharedassets/springboardentitites/datatables/questdata/conversationstatedata_npc_16018.datasheet	15	348	543	17F24389	17F24389	True	18	8	1	1	True	OK	
assets/SharedDataStrm-part9.pak	sharedassets/springboardentitites/datatables/questdata/conversationstatedata_npc_16022.datasheet	15	348	543	B4820FD1	B4820FD1	True	18	8	1	1	True	OK	
assets/SharedDataStrm-part9.pak	sharedassets/springboardentitites/datatables/questdata/conversationstatedata_npc_16025.datasheet	15	473	858	4D50A435	4D50A435	True	18	11	2	1	True	OK	
assets/SharedDataStrm-part9.pak	sharedassets/springboardentitites/datatables/questdata/conversationstatedata_npc_16028.datasheet	15	348	543	46E917B4	46E917B4	True	18	8	1	1	True	OK	
assets/SharedDataStrm-part9.pak	sharedassets/springboardentitites/datatables/questdata/conversationstatedata_npc_16032.datasheet	15	473	858	D016151C	D016151C	True	18	11	2	1	True	OK	
assets/SharedDataStrm-part9.pak	sharedassets/springboardentitites/datatables/questdata/conversationstatedata_npc_16033.datasheet	15	348	543	C7473ED5	C7473ED5	True	18	8	1	1	True	OK	
assets/SharedDataStrm-part9.pak	sharedassets/springboardentitites/datatables/questdata/conversationstatedata_npc_16035.datasheet	15	473	858	4D78302C	4D78302C	True	18	11	2	1	True	OK	
assets/SharedDataStrm-part9.pak	sharedassets/springboardentitites/datatables/questdata/conversationstatedata_npc_16036.datasheet	15	348	543	53CA31C7	53CA31C7	True	18	8	1	1	True	OK	
assets/SharedDataStrm-part9.pak	sharedassets/springboardentitites/datatables/questdata/conversationstatedata_npc_16040.datasheet	15	473	858	21EC29D9	21EC29D9	True	18	11	2	1	True	OK	
assets/SharedDataStrm-part9.pak	sharedassets/springboardentitites/datatables/questdata/conversationstatedata_npc_16042.datasheet	15	474	859	54FD365F	54FD365F	True	18	11	2	1	True	OK	
assets/SharedDataStrm-part9.pak	sharedassets/springboardentitites/datatables/questdata/conversationstatedata_npc_16043.datasheet	15	348	543	E357A77B	E357A77B	True	18	8	1	1	True	OK	
assets/SharedDataStrm-part9.pak	sharedassets/springboardentitites/datatables/questdata/conversationstatedata_npc_16044.datasheet	15	473	858	BCEB806C	BCEB806C	True	18	11	2	1	True	OK	
assets/SharedDataStrm-part9.pak	sharedassets/springboardentitites/datatables/questdata/conversationstatedata_npc_16046.datasheet	15	348	543	77DAA869	77DAA869	True	18	8	1	1	True	OK	
assets/SharedDataStrm-part9.pak	sharedassets/springboardentitites/datatables/questdata/conversationstatedata_npc_16049.datasheet	15	348	543	113CBF1E	113CBF1E	True	18	8	1	1	True	OK	
assets/SharedDataStrm-part9.pak	sharedassets/springboardentitites/datatables/questdata/conversationstatedata_npc_16050.datasheet	15	473	859	2A5FC94E	2A5FC94E	True	18	11	2	1	True	OK	
assets/SharedDataStrm-part9.pak	sharedassets/springboardentitites/datatables/questdata/conversationstatedata_npc_16052.datasheet	15	348	543	9092967F	9092967F	True	18	8	1	1	True	OK	
assets/SharedDataStrm-part9.pak	sharedassets/springboardentitites/datatables/questdata/conversationstatedata_npc_16055.datasheet	15	348	543	34A89E8C	34A89E8C	True	18	8	1	1	True	OK	
assets/SharedDataStrm-part9.pak	sharedassets/springboardentitites/datatables/questdata/conversationstatedata_npc_16065.datasheet	15	473	858	B977D5E6	B977D5E6	True	18	11	2	1	True	OK	
assets/SharedDataStrm-part9.pak	sharedassets/springboardentitites/datatables/questdata/conversationstatedata_npc_16072.datasheet	15	474	859	FA758C4E	FA758C4E	True	18	11	2	1	True	OK	
assets/SharedDataStrm-part9.pak	sharedassets/springboardentitites/datatables/questdata/conversationstatedata_npc_16074.datasheet	15	474	859	6DBDB039	6DBDB039	True	18	11	2	1	True	OK	
assets/SharedDataStrm-part9.pak	sharedassets/springboardentitites/datatables/questdata/conversationstatedata_npc_16088.datasheet	15	472	858	793773EE	793773EE	True	18	11	2	1	True	OK	
assets/SharedDataStrm-part9.pak	sharedassets/springboardentitites/datatables/questdata/conversationstatedata_npc_16090.datasheet	15	473	859	28DF47B3	28DF47B3	True	18	11	2	1	True	OK	
assets/SharedDataStrm-part9.pak	sharedassets/springboardentitites/datatables/questdata/conversationstatedata_npc_16093.datasheet	15	473	858	2F0A2180	2F0A2180	True	18	11	2	1	True	OK	
assets/SharedDataStrm-part9.pak	sharedassets/springboardentitites/datatables/questdata/conversationstatedata_npc_16097.datasheet	15	513	1046	4BFA4010	4BFA4010	True	18	11	3	1	True	OK	
assets/SharedDataStrm-part9.pak	sharedassets/springboardentitites/datatables/questdata/conversationstatedata_npc_16130.datasheet	15	348	543	832B0918	832B0918	True	18	8	1	1	True	OK	
assets/SharedDataStrm-part9.pak	sharedassets/springboardentitites/datatables/questdata/conversationstatedata_npc_16146.datasheet	15	348	543	F6E29895	F6E29895	True	18	8	1	1	True	OK	
assets/SharedDataStrm-part9.pak	sharedassets/springboardentitites/datatables/questdata/conversationstatedata_npc_16151.datasheet	15	348	543	D4FEA1B2	D4FEA1B2	True	18	8	1	1	True	OK	
assets/SharedDataStrm-part9.pak	sharedassets/springboardentitites/datatables/questdata/conversationstatedata_npc_16153.datasheet	15	348	543	E449A653	E449A653	True	18	8	1	1	True	OK	
assets/SharedDataStrm-part9.pak	sharedassets/springboardentitites/datatables/questdata/conversationstatedata_npc_16154.datasheet	15	476	859	2AF0456F	2AF0456F	True	18	11	2	1	True	OK	
assets/SharedDataStrm-part9.pak	sharedassets/springboardentitites/datatables/questdata/conversationstatedata_npc_16157.datasheet	15	565	1145	E9255292	E9255292	True	18	13	3	1	True	OK	
assets/SharedDataStrm-part9.pak	sharedassets/springboardentitites/datatables/questdata/conversationstatedata_npc_16162.datasheet	15	514	1046	30BF79B4	30BF79B4	True	18	11	3	1	True	OK	
assets/SharedDataStrm-part9.pak	sharedassets/springboardentitites/datatables/questdata/conversationstatedata_npc_16169.datasheet	15	348	543	4739EA0B	4739EA0B	True	18	8	1	1	True	OK	
assets/SharedDataStrm-part9.pak	sharedassets/springboardentitites/datatables/questdata/conversationstatedata_npc_16171.datasheet	15	477	860	87A3FC06	87A3FC06	True	18	11	2	1	True	OK	
assets/SharedDataStrm-part9.pak	sharedassets/springboardentitites/datatables/questdata/conversationstatedata_npc_16173.datasheet	15	476	859	ADB7B229	ADB7B229	True	18	11	2	1	True	OK	
assets/SharedDataStrm-part9.pak	sharedassets/springboardentitites/datatables/questdata/conversationstatedata_npc_16180.datasheet	15	348	543	3827C603	3827C603	True	18	8	1	1	True	OK	
assets/SharedDataStrm-part9.pak	sharedassets/springboardentitites/datatables/questdata/conversationstatedata_npc_16181.datasheet	15	348	543	80943E67	80943E67	True	18	8	1	1	True	OK	
assets/SharedDataStrm-part9.pak	sharedassets/springboardentitites/datatables/questdata/conversationstatedata_npc_16184.datasheet	15	479	862	36F9E333	36F9E333	True	18	11	2	1	True	OK	
assets/SharedDataStrm-part9.pak	sharedassets/springboardentitites/datatables/questdata/conversationstatedata_npc_16185.datasheet	15	476	859	EB940E65	EB940E65	True	18	11	2	1	True	OK	
assets/SharedDataStrm-part9.pak	sharedassets/springboardentitites/datatables/questdata/conversationstatedata_npc_16187.datasheet	15	476	859	E73EC9D0	E73EC9D0	True	18	11	2	1	True	OK	
assets/SharedDataStrm-part9.pak	sharedassets/springboardentitites/datatables/questdata/conversationstatedata_npc_16195.datasheet	15	476	859	DFC918E6	DFC918E6	True	18	11	2	1	True	OK	
assets/SharedDataStrm-part9.pak	sharedassets/springboardentitites/datatables/questdata/conversationstatedata_npc_16204.datasheet	15	476	859	43BF3604	43BF3604	True	18	11	2	1	True	OK	
assets/SharedDataStrm-part9.pak	sharedassets/springboardentitites/datatables/questdata/conversationtopicdata_npc_04296.datasheet	0	141	141	2D733325	2D733325	True	18	0	0		True	OK	
assets/SharedDataStrm-part9.pak	sharedassets/springboardentitites/datatables/questdata/conversationtopicdata_npc_16009.datasheet	15	303	486	1813BBA1	1813BBA1	True	18	6	1	1	True	OK	
assets/SharedDataStrm-part9.pak	sharedassets/springboardentitites/datatables/questdata/conversationtopicdata_npc_16042.datasheet	15	303	486	44C5A486	44C5A486	True	18	6	1	1	True	OK	
assets/SharedDataStrm-part9.pak	sharedassets/springboardentitites/datatables/questdata/conversationtopicdata_npc_16072.datasheet	15	303	486	67D7F635	67D7F635	True	18	6	1	1	True	OK	
assets/SharedDataStrm-part9.pak	sharedassets/springboardentitites/datatables/questdata/conversationtopicdata_npc_16154.datasheet	15	303	486	9039275B	9039275B	True	18	6	1	1	True	OK	
assets/SharedDataStrm-part9.pak	sharedassets/springboardentitites/datatables/questdata/npcdata_npc_16017.datasheet	15	214	313	E20922A7	E20922A7	True	18	4	1	1	True	OK	
assets/SharedDataStrm-part9.pak	sharedassets/springboardentitites/datatables/questdata/npcdata_npc_16071.datasheet	15	214	313	1076C82A	1076C82A	True	18	4	1	1	True	OK	
assets/SharedDataStrm-part9.pak	sharedassets/springboardentitites/datatables/questdata/npcdata_npc_16077.datasheet	15	214	313	1EBE6271	1EBE6271	True	18	4	1	1	True	OK	
assets/SharedDataStrm-part9.pak	sharedassets/springboardentitites/datatables/questdata/npcdata_npc_16080.datasheet	15	214	313	1586A257	1586A257	True	18	4	1	1	True	OK	
assets/SharedDataStrm-part9.pak	sharedassets/springboardentitites/datatables/questdata/npcdata_npc_16133.datasheet	15	236	372	DDC38B03	DDC38B03	True	18	5	1	1	True	OK	
assets/SharedDataStrm-part9.pak	sharedassets/springboardentitites/datatables/questdata/objectivetasks_quest_16009.datasheet	15	1330	4042	EDD697EA	EDD697EA	True	18	40	7	1	True	OK	
assets/SharedDataStrm-part9.pak	sharedassets/springboardentitites/datatables/questdata/objectivetasks_quest_16016.datasheet	15	1193	2467	BC39B2E5	BC39B2E5	True	18	39	3	1	True	OK	
assets/SharedDataStrm-part9.pak	sharedassets/springboardentitites/datatables/questdata/objectivetasks_quest_16017.datasheet	15	1403	5231	2E0B61D3	2E0B61D3	True	18	46	8	1	True	OK	
assets/SharedDataStrm-part9.pak	sharedassets/springboardentitites/datatables/questdata/objectivetasks_quest_16023.datasheet	15	1623	5750	69A4118A	69A4118A	True	18	50	8	1	True	OK	
assets/SharedDataStrm.pak	sharedassets/springboardentitites/datatables/questdata/conversationtopicdata_npc_04288.datasheet	15	303	486	4AB725BF	4AB725BF	True	18	6	1	1	True	OK	
assets/SharedDataStrm.pak	sharedassets/springboardentitites/datatables/questdata/conversationtopicdata_npc_16017.datasheet	0	141	141	E06F9D25	E06F9D25	True	18	0	0		True	OK	
assets/SharedDataStrm.pak	sharedassets/springboardentitites/datatables/questdata/conversationtopicdata_npc_16030.datasheet	0	141	141	C6800919	C6800919	True	18	0	0		True	OK	
assets/SharedDataStrm.pak	sharedassets/springboardentitites/datatables/questdata/conversationtopicdata_npc_16036.datasheet	0	141	141	AEC05F17	AEC05F17	True	18	0	0		True	OK	
assets/SharedDataStrm.pak	sharedassets/springboardentitites/datatables/questdata/conversationtopicdata_npc_16049.datasheet	0	141	141	D87F2625	D87F2625	True	18	0	0		True	OK	
assets/SharedDataStrm.pak	sharedassets/springboardentitites/datatables/questdata/conversationtopicdata_npc_16058.datasheet	0	141	141	0880519F	0880519F	True	18	0	0		True	OK	
assets/SharedDataStrm.pak	sharedassets/springboardentitites/datatables/questdata/conversationtopicdata_npc_16085.datasheet	0	141	141	1C2E56DA	1C2E56DA	True	18	0	0		True	OK	
assets/SharedDataStrm.pak	sharedassets/springboardentitites/datatables/questdata/conversationtopicdata_npc_16142.datasheet	15	303	486	75030B5A	75030B5A	True	18	6	1	1	True	OK	
assets/SharedDataStrm.pak	sharedassets/springboardentitites/datatables/questdata/npcdata_npc_16088.datasheet	15	236	372	9B1134F1	9B1134F1	True	18	5	1	1	True	OK	
assets/SharedDataStrm.pak	sharedassets/springboardentitites/datatables/questdata/objectives_quest_02790.datasheet	15	992	1885	E81CC290	E81CC290	True	18	36	1	1	True	OK	
assets/SharedDataStrm.pak	sharedassets/springboardentitites/datatables/questdata/objectives_quest_02799.datasheet	15	1038	2003	EC8122B3	EC8122B3	True	18	38	1	1	True	OK	
assets/SharedDataStrm.pak	sharedassets/springboardentitites/datatables/questdata/objectives_quest_18004.datasheet	15	993	1876	CC4718E1	CC4718E1	True	18	36	1	1	True	OK	
