name	type_idx	name_source	structural_status	problems	install_hook_addr	install_hook_addr_section	install_hook_addr_status	rtti_descriptor	rtti_descriptor_section	rtti_descriptor_status	stub	stub_section	stub_status	vftable_base	vftable_base_section	vftable_base_status	lambda_invoke	lambda_invoke_section	lambda_invoke_status	get_type_descriptor	get_type_descriptor_section	get_type_descriptor_status
RequestHubInfoForActorsMsg	194		STRUCTURALLY_CONSISTENT		0x14a136960	.data	OK	0x14a136950	.data	OK	0x1407d0860	.text	OK	0x147f47c28	.rdata	OK	0x1407d07d0	.text	OK	0x1407f3b80	.text	OK
RequestAllHubNamesMsg	198		STRUCTURALLY_CONSISTENT		0x14a1368e0	.data	OK	0x14a1368d0	.data	OK	0x1407d0c50	.text	OK	0x147f47d18	.rdata	OK	0x1407d0bc0	.text	OK	0x1407f3950	.text	OK
UpdateMsg	106		STRUCTURALLY_CONSISTENT		0x14a136300	.data	OK	0x14a1362f0	.data	OK	0x1407c2490	.text	OK	0x147f425c0	.rdata	OK	0x1407c2400	.text	OK	0x1407f7940	.text	OK
UpdateMsg	6483		STRUCTURALLY_CONSISTENT		0x14a135fa0	.data	OK	0x14a135f90	.data	OK	0x1407c5660	.text	OK	0x147f43ba8	.rdata	OK	0x1407c55d0	.text	OK	0x1407f7500	.text	OK
IsUsingBadWordsMsg	220		STRUCTURALLY_CONSISTENT		0x14a1355a0	.data	OK	0x14a135590	.data	OK	0x1407cd6c0	.text	OK	0x147f46b10	.rdata	OK	0x1407cd630	.text	OK	0x1407ef570	.text	OK
FilterTextMsg	277		STRUCTURALLY_CONSISTENT		0x14a135520	.data	OK	0x14a135510	.data	OK	0x1407cdf40	.text	OK	0x147f46f90	.rdata	OK	0x1407cdeb0	.text	OK	0x1407ee3f0	.text	OK
PingMsg	349		STRUCTURALLY_CONSISTENT		0x14a134c40	.data	OK	0x14a134c30	.data	OK	0x1407c28a0	.text	OK	0x147f42728	.rdata	OK	0x1407c2810	.text	OK	0x1407f0940	.text	OK
RegistrationRequestMsg	1		STRUCTURALLY_CONSISTENT		0x14a134bc0	.data	OK	0x14a134bb0	.data	OK	0x1407c31b0	.text	OK	0x147f42b30	.rdata	OK	0x1407c3120	.text	OK	0x1407f27f0	.text	OK
RegistrationRequestV2Msg	2		STRUCTURALLY_CONSISTENT		0x14a134b40	.data	OK	0x14a134b30	.data	OK	0x1407c3a70	.text	OK	0x147f42d78	.rdata	OK	0x1407c39e0	.text	OK	0x1407f2a20	.text	OK
RegistrationRequestV3Msg	19		STRUCTURALLY_CONSISTENT		0x14a134ac0	.data	OK	0x14a134ab0	.data	OK	0x1407c3eb0	.text	OK	0x147f42fa0	.rdata	OK	0x1407c3e20	.text	OK	0x1407f2c50	.text	OK
Aoi::PlayerManagerTrait::DebugRequestSpawnPlayerMsg	1665	javelin_rtti_static	STRUCTURALLY_CONSISTENT		0x14a14f4a0	.data	OK	0x14a14f490	.data	OK	0x14152c3c0	.text	OK	0x1480246f8	.rdata	OK	0x14152c330	.text	OK	0x1416cab20	.text	OK
Aoi::PlayerManagerDebugTrait::RunDebugCommandByHubIdMsg	1673	javelin_rtti_static	STRUCTURALLY_CONSISTENT		0x14a14e240	.data	OK	0x14a14e230	.data	OK	0x14153a6f0	.text	OK	0x148028b00	.rdata	OK	0x14153a660	.text	OK	0x1416fd320	.text	OK
Aoi::PlayerManagerDebugTrait::RunDebugCommandByHubIdxMsg	6460	javelin_rtti_static	STRUCTURALLY_CONSISTENT		0x14a14e0a0	.data	OK	0x14a14e090	.data	OK	0x14153c3d0	.text	OK	0x148029300	.rdata	OK	0x14153c340	.text	OK	0x1416fd520	.text	OK
Aoi::PlayerManagerDebugTrait::RunDebugCommandByInstaHubIdxMsg	6830	javelin_rtti_static	STRUCTURALLY_CONSISTENT		0x14a14df80	.data	OK	0x14a14df70	.data	OK	0x14153e4a0	.text	OK	0x148029e80	.rdata	OK	0x14153e410	.text	OK	0x1416fd720	.text	OK
Aoi::PlayerManagerDebugTrait::RunGmDebugCommandMsg	6671	javelin_rtti_static	STRUCTURALLY_CONSISTENT		0x14a14ddb0	.data	OK	0x14a14dda0	.data	OK	0x14153fff0	.text	OK	0x14802a8e8	.rdata	OK	0x14153ff50	.text	OK	0x1416fd920	.text	OK
Aoi::PlayerManagerDebugTrait::DebugSpawnSliceMsg	1675	javelin_rtti_static	STRUCTURALLY_CONSISTENT		0x14a14dc40	.data	OK	0x14a14dc30	.data	OK	0x141541fe0	.text	OK	0x14802b1b8	.rdata	OK	0x141541f50	.text	OK	0x1416cb320	.text	OK
Aoi::PlayerManagerDebugTrait::DebugSpawnSliceWithCallbackMsg	751	javelin_rtti_static	STRUCTURALLY_CONSISTENT		0x14a14d9f0	.data	OK	0x14a14d9e0	.data	OK	0x141544a70	.text	OK	0x14802bf18	.rdata	OK	0x1415449d0	.text	OK	0x1416cb520	.text	OK
Aoi::PlayerManagerDebugTrait::DebugStopActorMsg	1681	javelin_rtti_static	STRUCTURALLY_CONSISTENT		0x14a14d800	.data	OK	0x14a14d7f0	.data	OK	0x141546e60	.text	OK	0x14802ca08	.rdata	OK	0x141546dc0	.text	OK	0x141026c50	.text	OK
Javelin::ClientMessages::AoiComponentServerFacet_RequestDebugGridData	2021	javelin_rtti_static	STRUCTURALLY_CONSISTENT		0x14a145c00	.data	OK	0x14a145bf0	.data	OK	0x1414ce3c0	.text	OK	0x148006a30	.rdata	OK	0x1414ce2f0	.text	OK	0x1416c3720	.text	OK
Javelin::ClientMessages::AoiComponentClientFacet_RequestDebugGridDataResponse	2023	javelin_rtti_static	STRUCTURALLY_CONSISTENT		0x14a1458f0	.data	OK	0x14a1458e0	.data	OK	0x1414d16b0	.text	OK	0x148007610	.rdata	OK	0x1414d15e0	.text	OK	0x1416c2f20	.text	OK
Javelin::ClientMessages::AoiComponentServerFacet_RequestDebugGridLayerList	288	javelin_rtti_static	STRUCTURALLY_CONSISTENT		0x14a145610	.data	OK	0x14a145600	.data	OK	0x1414d3a80	.text	OK	0x148008488	.rdata	OK	0x1414d3980	.text	OK	0x1416c3920	.text	OK
Javelin::ClientMessages::AoiComponentClientFacet_RequestDebugGridLayerListResponse	2025	javelin_rtti_static	STRUCTURALLY_CONSISTENT		0x14a1453c0	.data	OK	0x14a1453b0	.data	OK	0x1414d5750	.text	OK	0x148008d98	.rdata	OK	0x1414d5670	.text	OK	0x1416c3120	.text	OK
Javelin::ClientMessages::AoiComponentServerFacet_DebugAssignGridLayer	643	javelin_rtti_static	STRUCTURALLY_CONSISTENT		0x14a15a840	.data	OK	0x14a15a830	.data	OK	0x1414d8f30	.text	OK	0x148009ab8	.rdata	OK	0x1414d8e70	.text	OK	0x1416c3320	.text	OK
Javelin::ClientMessages::AoiComponentServerFacet_DebugResetAoiTracking	1030	javelin_rtti_static	STRUCTURALLY_CONSISTENT		0x14a15a550	.data	OK	0x14a15a540	.data	OK	0x1414dccb0	.text	OK	0x14800a890	.rdata	OK	0x1414dcc20	.text	OK	0x1416c3520	.text	OK
Javelin::ClientMessages::CharacterComponentClientFacet_RequestEnableCollision	2039	javelin_rtti_static	STRUCTURALLY_CONSISTENT		0x14a156a90	.data	OK	0x14a156a80	.data	OK	0x14152d1d0	.text	OK	0x148024b38	.rdata	OK	0x14152d130	.text	OK	0x1416c6120	.text	OK
Javelin::ClientMessages::CharacterComponentClientFacet_RequestDisableCollision	1793	javelin_rtti_static	STRUCTURALLY_CONSISTENT		0x14a1567e0	.data	OK	0x14a1567d0	.data	OK	0x14152e990	.text	OK	0x148025348	.rdata	OK	0x14152e8f0	.text	OK	0x1416c5f20	.text	OK
Javelin::ClientMessages::CharacterComponentServerFacet_DebugRequestEnableCollision	235	javelin_rtti_static	STRUCTURALLY_CONSISTENT		0x14a156620	.data	OK	0x14a156610	.data	OK	0x141530850	.text	OK	0x148025af8	.rdata	OK	0x1415306b0	.text	OK	0x1416c6720	.text	OK
Javelin::ClientMessages::CharacterComponentServerFacet_DebugRequestDisableCollision	151	javelin_rtti_static	STRUCTURALLY_CONSISTENT		0x14a156460	.data	OK	0x14a156450	.data	OK	0x141532170	.text	OK	0x148026470	.rdata	OK	0x1415320d0	.text	OK	0x1416c6520	.text	OK
Javelin::ClientMessages::CharacterComponentServerFacet_DebugSetStepping	2046	javelin_rtti_static	STRUCTURALLY_CONSISTENT		0x14a156230	.data	OK	0x14a156220	.data	OK	0x141533d10	.text	OK	0x148026e88	.rdata	OK	0x141533bc0	.text	OK	0x1416c6920	.text	OK
Javelin::ClientMessages::CharacterComponentServerFacet_DebugUnregisterFromGrid	1839	javelin_rtti_static	STRUCTURALLY_CONSISTENT		0x14a155ff0	.data	OK	0x14a155fe0	.data	OK	0x141535a80	.text	OK	0x1480277a8	.rdata	OK	0x1415359e0	.text	OK	0x1416c6b20	.text	OK
Javelin::ClientMessages::CharacterComponentServerFacet_DebugChangeCharacterCollider	5874	javelin_rtti_static	STRUCTURALLY_CONSISTENT		0x14a155e30	.data	OK	0x14a155e20	.data	OK	0x1415381a0	.text	OK	0x148028138	.rdata	OK	0x1415380a0	.text	OK	0x1416c6320	.text	OK
Javelin::ClientMessages::DetectionVolumeComponentServerFacet_ToggleDebugRenderEnterExitEvents	6735	javelin_rtti_static	STRUCTURALLY_CONSISTENT		0x14a1547b0	.data	OK	0x14a1547a0	.data	OK	0x1414e5180	.text	OK	0x14800cc80	.rdata	OK	0x1414e5010	.text	OK	0x1416cc320	.text	OK
Javelin::ClientMessages::GridTrackingComponentServerFacet_ClientAckPhasingUpdate	6745	javelin_rtti_static	STRUCTURALLY_CONSISTENT		0x14a152480	.data	OK	0x14a152470	.data	OK	0x14150a460	.text	OK	0x148019e18	.rdata	OK	0x14150a3c0	.text	OK	0x1416d4920	.text	OK
Javelin::ClientMessages::GridTrackingComponentServerFacet_RequestDebugInfo	6335	javelin_rtti_static	STRUCTURALLY_CONSISTENT		0x14a1522e0	.data	OK	0x14a1522d0	.data	OK	0x14150c260	.text	OK	0x14801a9c0	.rdata	OK	0x14150c110	.text	OK	0x1416d5320	.text	OK
Javelin::ClientMessages::GridTrackingComponentServerFacet_ResetPhasingProvider	6334	javelin_rtti_static	STRUCTURALLY_CONSISTENT		0x14a152100	.data	OK	0x14a1520f0	.data	OK	0x14150d9a0	.text	OK	0x14801b0e8	.rdata	OK	0x14150d8f0	.text	OK	0x1416d5520	.text	OK
Javelin::ClientMessages::GridTrackingComponentClientFacet_ReceiveDebugInfo	6336	javelin_rtti_static	STRUCTURALLY_CONSISTENT		0x14a151ec0	.data	OK	0x14a151eb0	.data	OK	0x14150fba0	.text	OK	0x14801be20	.rdata	OK	0x14150fad0	.text	OK	0x1416d4520	.text	OK
Javelin::ClientMessages::GridTrackingComponentServerFacet_DebugSubscribePhaseStatus	6433	javelin_rtti_static	STRUCTURALLY_CONSISTENT		0x14a151c70	.data	OK	0x14a151c60	.data	OK	0x141512270	.text	OK	0x14801c790	.rdata	OK	0x1415121b0	.text	OK	0x1416d4f20	.text	OK
Javelin::ClientMessages::GridTrackingComponentServerFacet_DebugUnsubscribePhaseStatus	6434	javelin_rtti_static	STRUCTURALLY_CONSISTENT		0x14a151a10	.data	OK	0x14a151a00	.data	OK	0x141513b30	.text	OK	0x14801d228	.rdata	OK	0x141513760	.text	OK	0x1416d5120	.text	OK
Javelin::ClientMessages::GridTrackingComponentServerFacet_DebugCondemnPrimaryPhase	6539	javelin_rtti_static	STRUCTURALLY_CONSISTENT		0x14a1517c0	.data	OK	0x14a1517b0	.data	OK	0x141515580	.text	OK	0x14801db80	.rdata	OK	0x1415154f0	.text	OK	0x1416d4b20	.text	OK
Javelin::ClientMessages::GridTrackingComponentServerFacet_DebugRecordPrimaryGridPhysics	6802	javelin_rtti_static	STRUCTURALLY_CONSISTENT		0x14a151560	.data	OK	0x14a151550	.data	OK	0x1415176b0	.text	OK	0x14801e140	.rdata	OK	0x1415175b0	.text	OK	0x1416d4d20	.text	OK
Javelin::ClientMessages::GridTrackingComponentClientFacet_UpdatePhasing	6310	javelin_rtti_static	STRUCTURALLY_CONSISTENT		0x14a151300	.data	OK	0x14a1512f0	.data	OK	0x141519400	.text	OK	0x14801ea28	.rdata	OK	0x141519370	.text	OK	0x1416d4720	.text	OK
Javelin::ClientMessages::InterestComponentServerFacet_RequestDebugInfo	6464	javelin_rtti_static	STRUCTURALLY_CONSISTENT		0x14a150930	.data	OK	0x14a150920	.data	OK	0x141547f60	.text	OK	0x14802ce48	.rdata	OK	0x141547ec0	.text	OK	0x1416dc920	.text	OK
Javelin::ClientMessages::InterestComponentClientFacet_ReceiveDebugInfo	6465	javelin_rtti_static	STRUCTURALLY_CONSISTENT		0x14a150710	.data	OK	0x14a150700	.data	OK	0x141549840	.text	OK	0x14802d6e8	.rdata	OK	0x1415497b0	.text	OK	0x1416dc520	.text	OK
POISpawnerTrait::RequestSpawnLocationByPercentageMsg	2081	javelin_rtti_static	STRUCTURALLY_CONSISTENT		0x14a149000	.data	OK	0x14a148ff0	.data	OK	0x1414da180	.text	OK	0x14800a018	.rdata	OK	0x1414da0f0	.text	OK	0x1416fb720	.text	OK
POISpawnerTrait::RequestSpawnLocationByBoundsMsg	1001	javelin_rtti_static	STRUCTURALLY_CONSISTENT		0x14a148e60	.data	OK	0x14a148e50	.data	OK	0x1414dd940	.text	OK	0x14800ad18	.rdata	OK	0x1414dd890	.text	OK	0x1416fb120	.text	OK
POISpawnerTrait::RequestSpawnLocationByHubDistributionMsg	2084	javelin_rtti_static	STRUCTURALLY_CONSISTENT		0x14a148cc0	.data	OK	0x14a148cb0	.data	OK	0x1414e05e0	.text	OK	0x14800b818	.rdata	OK	0x1414e04e0	.text	OK	0x1416fb320	.text	OK
POISpawnerTrait::RequestSpawnLocationByHubMaskMsg	1803	javelin_rtti_static	STRUCTURALLY_CONSISTENT		0x14a148aa0	.data	OK	0x14a148a90	.data	OK	0x1414e2dd0	.text	OK	0x14800c3e8	.rdata	OK	0x1414e2b90	.text	OK	0x1416fb520	.text	OK
ClientMessages::ExampleFacetedComponentClientFacet_FunctionCalledFromTheServer	2089	javelin_rtti_static	STRUCTURALLY_CONSISTENT		0x14a147830	.data	OK	0x14a147820	.data	OK	0x1414fe2c0	.text	OK	0x148014c40	.rdata	OK	0x1414fe1d0	.text	OK	0x1416cd520	.text	OK
ClientMessages::ExampleFacetedComponentServerFacet_FunctionCalledFromTheClient	1570	javelin_rtti_static	STRUCTURALLY_CONSISTENT		0x14a147460	.data	OK	0x14a147450	.data	OK	0x141501d40	.text	OK	0x148016848	.rdata	OK	0x141501bd0	.text	OK	0x1416cdb20	.text	OK
ClientMessages::TestFacetedComponentServerFacet_FunctionCalledFromTheClient	1308	javelin_rtti_static	STRUCTURALLY_CONSISTENT		0x14a157820	.data	OK	0x14a157810	.data	OK	0x1414e1700	.text	OK	0x14800bec8	.rdata	OK	0x1414e1670	.text	OK	0x141707d20	.text	OK
ClientMessages::TestFacetedComponentServerFacet_GmFunction	1095	javelin_rtti_static	STRUCTURALLY_CONSISTENT		0x14a1575e0	.data	OK	0x14a1575d0	.data	OK	0x1414e3c50	.text	OK	0x14800c820	.rdata	OK	0x1414e3bc0	.text	OK	0x141707f20	.text	OK
ClientMessages::TestFacetedComponentServerFacet_DebugFunction	1036	javelin_rtti_static	STRUCTURALLY_CONSISTENT		0x14a157310	.data	OK	0x14a157300	.data	OK	0x1414e7d00	.text	OK	0x14800d510	.rdata	OK	0x1414e7c70	.text	OK	0x141707b20	.text	OK
ClientMessages::TestFacetedComponentServerFacet_ToggleReplicatedStateBool	2122	javelin_rtti_static	STRUCTURALLY_CONSISTENT		0x14a157060	.data	OK	0x14a157050	.data	OK	0x1414eaaa0	.text	OK	0x14800e200	.rdata	OK	0x1414eaa10	.text	OK	0x141708b20	.text	OK
ClientMessages::TestFacetedComponentServerFacet_SetUserString	1605	javelin_rtti_static	STRUCTURALLY_CONSISTENT		0x14a156e40	.data	OK	0x14a156e30	.data	OK	0x1414ed4a0	.text	OK	0x14800ebd0	.rdata	OK	0x1414ed3c0	.text	OK	0x141708920	.text	OK
ClientMessages::TestFacetedComponentServerFacet_PushUserString	1767	javelin_rtti_static	STRUCTURALLY_CONSISTENT		0x14a156bb0	.data	OK	0x14a156ba0	.data	OK	0x1414ef590	.text	OK	0x14800f390	.rdata	OK	0x1414ef3c0	.text	OK	0x141708120	.text	OK
ClientMessages::TestFacetedComponentServerFacet_RemoveUserString	2126	javelin_rtti_static	STRUCTURALLY_CONSISTENT		0x14a1568e0	.data	OK	0x14a1568d0	.data	OK	0x1414f1070	.text	OK	0x14800fcd8	.rdata	OK	0x1414f0fe0	.text	OK	0x141708520	.text	OK
ClientMessages::TestFacetedComponentServerFacet_SetUserMapPair	2128	javelin_rtti_static	STRUCTURALLY_CONSISTENT		0x14a1566d0	.data	OK	0x14a1566c0	.data	OK	0x1414f39a0	.text	OK	0x148010cf8	.rdata	OK	0x1414f3910	.text	OK	0x141708720	.text	OK
ClientMessages::TestFacetedComponentServerFacet_RemoveUserMapKey	2131	javelin_rtti_static	STRUCTURALLY_CONSISTENT		0x14a156510	.data	OK	0x14a156500	.data	OK	0x1414f5410	.text	OK	0x1480119c0	.rdata	OK	0x1414f5380	.text	OK	0x141708320	.text	OK
ClientMessages::TestFacetedComponentClientFacet_FunctionCalledFromTheServer	2119	javelin_rtti_static	STRUCTURALLY_CONSISTENT		0x14a1562d0	.data	OK	0x14a1562c0	.data	OK	0x1414f6f50	.text	OK	0x148012578	.rdata	OK	0x1414f6ec0	.text	OK	0x141707520	.text	OK
ClientMessages::TestFacetedComponentClientFacet_OnSync	2132	javelin_rtti_static	STRUCTURALLY_CONSISTENT		0x14a1560a0	.data	OK	0x14a156090	.data	OK	0x1414f7fa0	.text	OK	0x148012c40	.rdata	OK	0x1414f7f10	.text	OK	0x141707720	.text	OK
MB::ServerContext::MigrationTestMsg	2170	javelin_rtti_static	STRUCTURALLY_CONSISTENT		0x14a14efd0	.data	OK	0x14a14efc0	.data	OK	0x14153bca0	.text	OK	0x1480290a8	.rdata	OK	0x14153bc00	.text	OK	0x1416e0920	.text	OK
MB::ServerContext::SetBurningMigrationTestMsg	2171	javelin_rtti_static	STRUCTURALLY_CONSISTENT		0x14a14ecf0	.data	OK	0x14a14ece0	.data	OK	0x14153d650	.text	OK	0x1480298d0	.rdata	OK	0x14153d530	.text	OK	0x141027250	.text	OK
MB::ServerContext::ForceMigrateActorMsg	67	javelin_rtti_static	STRUCTURALLY_CONSISTENT		0x14a14ea50	.data	OK	0x14a14ea40	.data	OK	0x14153f760	.text	OK	0x14802a640	.rdata	OK	0x14153f6d0	.text	OK	0x1416ce520	.text	OK
MB::ServerContext::ForceMigrateAndCrashMsg	5047	javelin_rtti_static	STRUCTURALLY_CONSISTENT		0x14a14e790	.data	OK	0x14a14e780	.data	OK	0x1415411c0	.text	OK	0x14802ade0	.rdata	OK	0x141541120	.text	OK	0x1416ce720	.text	OK
MB::ServerContext::ForcePersistMsg	2173	javelin_rtti_static	STRUCTURALLY_CONSISTENT		0x14a14e2d0	.data	OK	0x14a14e2c0	.data	OK	0x141545820	.text	OK	0x14802c330	.rdata	OK	0x141545770	.text	OK	0x1416ce920	.text	OK
Javelin::ClientMessages::AIManagerComponentServerFacet_RegisterClientForDebug	6646	javelin_rtti_static	STRUCTURALLY_CONSISTENT		0x14a16b490	.data	OK	0x14a16b480	.data	OK	0x1425a3ba0	.text	OK	0x148093d08	.rdata	OK	0x1425a3b10	.text	OK	0x1425d21a0	.text	OK
Javelin::ClientMessages::AIManagerComponentServerFacet_UnregisterClientForDebug	6645	javelin_rtti_static	STRUCTURALLY_CONSISTENT		0x14a16b3e0	.data	OK	0x14a16b3d0	.data	OK	0x1425a3c50	.text	OK	0x148093d38	.rdata	OK	0x1425a3bc0	.text	OK	0x1425d23a0	.text	OK
Javelin::ClientMessages::AIManagerComponentServerFacet_GetDebugDataClientMessage	6648	javelin_rtti_static	STRUCTURALLY_CONSISTENT		0x14a16b330	.data	OK	0x14a16b320	.data	OK	0x1425a3df0	.text	OK	0x148093d90	.rdata	OK	0x1425a3d60	.text	OK	0x1425d1fa0	.text	OK
Javelin::ClientMessages::AIManagerComponentClientFacet_SyncDebugInfo	6644	javelin_rtti_static	STRUCTURALLY_CONSISTENT		0x14a16b290	.data	OK	0x14a16b280	.data	OK	0x1425a3ea0	.text	OK	0x148093df8	.rdata	OK	0x1425a3e10	.text	OK	0x1425d1da0	.text	OK
Javelin::ClientMessages::AITargetSelectorComponentClientFacet_ReceiveTargetInfo	2269	javelin_rtti_static	STRUCTURALLY_CONSISTENT		0x14a16b1e0	.data	OK	0x14a16b1d0	.data	OK	0x14259e350	.text	OK	0x148092528	.rdata	OK	0x14259e2c0	.text	OK	0x1425d2ba0	.text	OK
Javelin::ClientMessages::AITargetSelectorComponentClientFacet_ReceiveDetailedTargetInfo	2275	javelin_rtti_static	STRUCTURALLY_CONSISTENT		0x14a16b130	.data	OK	0x14a16b120	.data	OK	0x14259e6a0	.text	OK	0x148092670	.rdata	OK	0x14259e610	.text	OK	0x1425d27a0	.text	OK
Javelin::ClientMessages::AITargetSelectorComponentClientFacet_ReceiveAggroDelay	4903	javelin_rtti_static	STRUCTURALLY_CONSISTENT		0x14a16b080	.data	OK	0x14a16b070	.data	OK	0x14259e7c0	.text	OK	0x1480926e8	.rdata	OK	0x14259e730	.text	OK	0x1425d25a0	.text	OK
Javelin::ClientMessages::AITargetSelectorComponentClientFacet_ReceiveReachabilityRange	5369	javelin_rtti_static	STRUCTURALLY_CONSISTENT		0x14a16afd0	.data	OK	0x14a16afc0	.data	OK	0x14259eb50	.text	OK	0x148092808	.rdata	OK	0x14259eac0	.text	OK	0x1425d29a0	.text	OK
Javelin::ClientMessages::AITargetSelectorComponentServerFacet_StartDebugging	2279	javelin_rtti_static	STRUCTURALLY_CONSISTENT		0x14a16af30	.data	OK	0x14a16af20	.data	OK	0x14259ed60	.text	OK	0x1480928d0	.rdata	OK	0x14259ecd0	.text	OK	0x1425d2da0	.text	OK
Javelin::ClientMessages::AITargetSelectorComponentServerFacet_StopDebugging	1842	javelin_rtti_static	STRUCTURALLY_CONSISTENT		0x14a16ae90	.data	OK	0x14a16ae80	.data	OK	0x14259f3e0	.text	OK	0x148092a68	.rdata	OK	0x14259f2f0	.text	OK	0x1425d2fa0	.text	OK
Javelin::ClientMessages::BlackboardComponentClientFacet_SyncDebugData	4926	javelin_rtti_static	STRUCTURALLY_CONSISTENT		0x14a16adf0	.data	OK	0x14a16ade0	.data	OK	0x1425a1ee0	.text	OK	0x1480934b0	.rdata	OK	0x1425a1e50	.text	OK	0x1425d31a0	.text	OK
Javelin::ClientMessages::BossPhaseComponentServerFacet_DebugRequestPhaseChange	2285	javelin_rtti_static	STRUCTURALLY_CONSISTENT		0x14a16acc0	.data	OK	0x14a16acb0	.data	OK	0x1425a2490	.text	OK	0x148093708	.rdata	OK	0x1425a2400	.text	OK	0x1425d37a0	.text	OK
Javelin::ClientMessages::PositionalTicketingComponentClientFacet_SyncDebugData	1445	javelin_rtti_static	STRUCTURALLY_CONSISTENT		0x14a16d080	.data	OK	0x14a16d070	.data	OK	0x1425ef220	.text	OK	0x148099508	.rdata	OK	0x1425ef190	.text	OK	0x14260cd70	.text	OK
Javelin::ClientMessages::BehaviorTreeComponentClientMessages_ClientTestFunctionMsg	2311	javelin_rtti_static	STRUCTURALLY_CONSISTENT		0x14a16cfd0	.data	OK	0x14a16cfc0	.data	OK	0x1425f0620	.text	OK	0x148099ba8	.rdata	OK	0x1425f0590	.text	OK	0x14260b570	.text	OK
Javelin::ClientMessages::BehaviorTreeComponentServerFacet_RegisterClientForDebugSnapshots	301	javelin_rtti_static	STRUCTURALLY_CONSISTENT		0x14a16ce20	.data	OK	0x14a16ce10	.data	OK	0x1425ef610	.text	OK	0x148099670	.rdata	OK	0x1425ef580	.text	OK	0x14260c370	.text	OK
Javelin::ClientMessages::BehaviorTreeComponentServerFacet_UnregisterClientForDebugSnapshots	1113	javelin_rtti_static	STRUCTURALLY_CONSISTENT		0x14a16cd70	.data	OK	0x14a16cd60	.data	OK	0x1425ef6c0	.text	OK	0x1480996a0	.rdata	OK	0x1425ef630	.text	OK	0x14260c770	.text	OK
Javelin::ClientMessages::BehaviorTreeComponentServerFacet_InvalidatePlan	1902	javelin_rtti_static	STRUCTURALLY_CONSISTENT		0x14a16ccd0	.data	OK	0x14a16ccc0	.data	OK	0x1425efb60	.text	OK	0x1480996d0	.rdata	OK	0x1425efad0	.text	OK	0x14260bf70	.text	OK
Javelin::ClientMessages::BehaviorTreeComponentServerFacet_PauseTreeUpdates	2318	javelin_rtti_static	STRUCTURALLY_CONSISTENT		0x14a16cc30	.data	OK	0x14a16cc20	.data	OK	0x1425efd30	.text	OK	0x1480998c8	.rdata	OK	0x1425efca0	.text	OK	0x14260c170	.text	OK
Javelin::ClientMessages::BehaviorTreeComponentServerFacet_StepTreeUpdate	2319	javelin_rtti_static	STRUCTURALLY_CONSISTENT		0x14a16cb90	.data	OK	0x14a16cb80	.data	OK	0x1425eff90	.text	OK	0x148099990	.rdata	OK	0x1425eff00	.text	OK	0x14260c570	.text	OK
Javelin::ClientMessages::BehaviorTreeComponentServerFacet_DebugNode	6109	javelin_rtti_static	STRUCTURALLY_CONSISTENT		0x14a16caf0	.data	OK	0x14a16cae0	.data	OK	0x1425f0040	.text	OK	0x1480999c0	.rdata	OK	0x1425effb0	.text	OK	0x14260b970	.text	OK
Javelin::ClientMessages::BehaviorTreeComponentServerFacet_DebugAssignBehaviorTreeAsset	2320	javelin_rtti_static	STRUCTURALLY_CONSISTENT		0x14a16ca40	.data	OK	0x14a16ca30	.data	OK	0x1425f00f0	.text	OK	0x1480999f0	.rdata	OK	0x1425f0060	.text	OK	0x14260b770	.text	OK
Javelin::ClientMessages::BehaviorTreeComponentServerFacet_DebugSetBehaviorTreeNodeOverrideFlag	5646	javelin_rtti_static	STRUCTURALLY_CONSISTENT		0x14a16c980	.data	OK	0x14a16c970	.data	OK	0x1425f01a0	.text	OK	0x148099a20	.rdata	OK	0x1425f0110	.text	OK	0x14260bd70	.text	OK
Javelin::ClientMessages::BehaviorTreeComponentClientFacet_ReceiveDebugSnapshot	1549	javelin_rtti_static	STRUCTURALLY_CONSISTENT		0x14a16c8d0	.data	OK	0x14a16c8c0	.data	OK	0x1425f0250	.text	OK	0x148099a50	.rdata	OK	0x1425f01c0	.text	OK	0x14260af70	.text	OK
Javelin::ClientMessages::BehaviorTreeComponentClientFacet_SyncPausePlanning	6370	javelin_rtti_static	STRUCTURALLY_CONSISTENT		0x14a16c830	.data	OK	0x14a16c820	.data	OK	0x1425f0430	.text	OK	0x148099a80	.rdata	OK	0x1425f03a0	.text	OK	0x14260b170	.text	OK
Javelin::ClientMessages::BehaviorTreeComponentClientFacet_ClearDebugSnapshot	160	javelin_rtti_static	STRUCTURALLY_CONSISTENT		0x14a16c790	.data	OK	0x14a16c780	.data	OK	0x1425f0570	.text	OK	0x148099b78	.rdata	OK	0x1425f04e0	.text	OK	0x14260ad70	.text	OK
Javelin::ClientMessages::BehaviorTreeComponentServerFacet_DebugPositionSelection	2264	javelin_rtti_static	STRUCTURALLY_CONSISTENT		0x14a16c6e0	.data	OK	0x14a16c6d0	.data	OK	0x1425f06d0	.text	OK	0x148099bd8	.rdata	OK	0x1425f0640	.text	OK	0x14260bb70	.text	OK
Javelin::Spawner::ClientMessages::DarknessControllerComponentClientFacet_SyncRegistrationInformation	347	javelin_rtti_static	STRUCTURALLY_CONSISTENT		0x14a173a00	.data	OK	0x14a1739f0	.data	OK	0x1426b2180	.text	OK	0x1480aa8e0	.rdata	OK	0x1426b20f0	.text	OK	0x1426c75a0	.text	OK
Javelin::Spawner::ClientMessages::DarknessControllerComponentClientFacet_SyncStateInformation	466	javelin_rtti_static	STRUCTURALLY_CONSISTENT		0x14a173950	.data	OK	0x14a173940	.data	OK	0x1426b2230	.text	OK	0x1480aa910	.rdata	OK	0x1426b21a0	.text	OK	0x1426c77a0	.text	OK
Javelin::Spawner::ClientMessages::DarknessControllerComponentServerFacet_HardReset	2325	javelin_rtti_static	STRUCTURALLY_CONSISTENT		0x14a1738a0	.data	OK	0x14a173890	.data	OK	0x1426b22e0	.text	OK	0x1480aa940	.rdata	OK	0x1426b2250	.text	OK	0x1426c7ba0	.text	OK
Javelin::Spawner::ClientMessages::DarknessControllerComponentServerFacet_HardResetAll	644	javelin_rtti_static	STRUCTURALLY_CONSISTENT		0x14a1737f0	.data	OK	0x14a1737e0	.data	OK	0x1426b2390	.text	OK	0x1480aa970	.rdata	OK	0x1426b2300	.text	OK	0x1426c7da0	.text	OK
Javelin::Spawner::ClientMessages::DarknessControllerComponentServerFacet_SimulateDarknessForDurationDebug	2329	javelin_rtti_static	STRUCTURALLY_CONSISTENT		0x14a173730	.data	OK	0x14a173720	.data	OK	0x1426b2620	.text	OK	0x1480aaa80	.rdata	OK	0x1426b2590	.text	OK	0x1426c83a0	.text	OK
Javelin::Spawner::ClientMessages::DarknessControllerComponentServerFacet_ResetAndSetupForNewCycleDebug	2331	javelin_rtti_static	STRUCTURALLY_CONSISTENT		0x14a173670	.data	OK	0x14a173660	.data	OK	0x1426b2780	.text	OK	0x1480aaae0	.rdata	OK	0x1426b26f0	.text	OK	0x1426c81a0	.text	OK
Javelin::Spawner::ClientMessages::DarknessControllerComponentServerFacet_ActivateGroupDebug	2332	javelin_rtti_static	STRUCTURALLY_CONSISTENT		0x14a1735c0	.data	OK	0x14a1735b0	.data	OK	0x1426b2830	.text	OK	0x1480aab10	.rdata	OK	0x1426b27a0	.text	OK	0x1426c79a0	.text	OK
Javelin::Spawner::ClientMessages::DarknessControllerComponentServerFacet_RegisterClientForDebug	2335	javelin_rtti_static	STRUCTURALLY_CONSISTENT		0x14a173500	.data	OK	0x14a1734f0	.data	OK	0x1426b28e0	.text	OK	0x1480aab40	.rdata	OK	0x1426b2850	.text	OK	0x1426c7fa0	.text	OK
Javelin::Spawner::ClientMessages::DarknessControllerComponentServerFacet_UnregisterClientForDebug	628	javelin_rtti_static	STRUCTURALLY_CONSISTENT		0x14a173440	.data	OK	0x14a173430	.data	OK	0x1426b2990	.text	OK	0x1480aab70	.rdata	OK	0x1426b2900	.text	OK	0x1426c85a0	.text	OK
Javelin::ClientMessages::EncounterComponentClientFacet_SyncStateChange	1278	javelin_rtti_static	STRUCTURALLY_CONSISTENT		0x14a174000	.data	OK	0x14a173ff0	.data	OK	0x1426d61e0	.text	OK	0x1480ad640	.rdata	OK	0x1426d6150	.text	OK	0x1426eeab0	.text	OK
Javelin::ClientMessages::EncounterComponentServerFacet_DebugCompleteObjective	2337	javelin_rtti_static	STRUCTURALLY_CONSISTENT		0x14a173f60	.data	OK	0x14a173f50	.data	OK	0x1426d6290	.text	OK	0x1480ad670	.rdata	OK	0x1426d6200	.text	OK	0x1426eeeb0	.text	OK
Javelin::ClientMessages::EncounterManagerComponentClientFacet_SyncDebugInfo	2338	javelin_rtti_static	STRUCTURALLY_CONSISTENT		0x14a174e80	.data	OK	0x14a174e70	.data	OK	0x1426ff130	.text	OK	0x1480b1128	.rdata	OK	0x1426ff0a0	.text	OK	0x142716c10	.text	OK
Javelin::ClientMessages::EncounterManagerComponentServerFacet_DebugStartEncounter	2342	javelin_rtti_static	STRUCTURALLY_CONSISTENT		0x14a174dd0	.data	OK	0x14a174dc0	.data	OK	0x1426ff1e0	.text	OK	0x1480b1158	.rdata	OK	0x1426ff150	.text	OK	0x142717010	.text	OK
Javelin::ClientMessages::EncounterManagerComponentServerFacet_DebugResetEncounter	2178	javelin_rtti_static	STRUCTURALLY_CONSISTENT		0x14a174d20	.data	OK	0x14a174d10	.data	OK	0x1426ff290	.text	OK	0x1480b1188	.rdata	OK	0x1426ff200	.text	OK	0x142716e10	.text	OK
Javelin::ClientMessages::EncounterManagerComponentServerFacet_RegisterClientForDebug	2344	javelin_rtti_static	STRUCTURALLY_CONSISTENT		0x14a174c70	.data	OK	0x14a174c60	.data	OK	0x1426ff340	.text	OK	0x1480b11b8	.rdata	OK	0x1426ff2b0	.text	OK	0x142717210	.text	OK
Javelin::ClientMessages::EncounterManagerComponentServerFacet_UnregisterClientForDebug	2099	javelin_rtti_static	STRUCTURALLY_CONSISTENT		0x14a174bc0	.data	OK	0x14a174bb0	.data	OK	0x1426ff3f0	.text	OK	0x1480b11e8	.rdata	OK	0x1426ff360	.text	OK	0x142717410	.text	OK
Javelin::ClientMessages::EncounterRewardsComponentServerFacet_Debug_DistributeRewards	2167	javelin_rtti_static	STRUCTURALLY_CONSISTENT		0x14a174aa0	.data	OK	0x14a174a90	.data	OK	0x1426fc5d0	.text	OK	0x1480b0628	.rdata	OK	0x1426fc540	.text	OK	0x142717810	.text	OK
Javelin::ClientMessages::EncounterRewardsComponentClientFacet_OnSyncEncounterRewards	915	javelin_rtti_static	STRUCTURALLY_CONSISTENT		0x14a1749f0	.data	OK	0x14a1749e0	.data	OK	0x1426fc7d0	.text	OK	0x1480b06a0	.rdata	OK	0x1426fc740	.text	OK	0x142717610	.text	OK
Javelin::ClientMessages::ParticipantTrackerComponentClientFacet_SyncParticipantData	2363	javelin_rtti_static	STRUCTURALLY_CONSISTENT		0x14a1757f0	.data	OK	0x14a1757e0	.data	OK	0x142724170	.text	OK	0x1480b3bb0	.rdata	OK	0x1427240e0	.text	OK	0x14272f1b0	.text	OK
Javelin::ClientMessages::ParticipantTrackerComponentServerFacet_RegisterClientForDebug	1674	javelin_rtti_static	STRUCTURALLY_CONSISTENT		0x14a175740	.data	OK	0x14a175730	.data	OK	0x142724220	.text	OK	0x1480b3be0	.rdata	OK	0x142724190	.text	OK	0x14272f3b0	.text	OK
Javelin::ClientMessages::ParticipantTrackerComponentServerFacet_UnregisterClientForDebug	2365	javelin_rtti_static	STRUCTURALLY_CONSISTENT		0x14a175690	.data	OK	0x14a175680	.data	OK	0x1427243c0	.text	OK	0x1480b3c28	.rdata	OK	0x142724330	.text	OK	0x14272f5b0	.text	OK
Javelin::ClientMessages::ArenaComponentClientFacet_OnArenaActivateResult	2392	javelin_rtti_static	STRUCTURALLY_CONSISTENT		0x14a176410	.data	OK	0x14a176400	.data	OK	0x14274a130	.text	OK	0x1480b6f70	.rdata	OK	0x14274a0a0	.text	OK	0x142783390	.text	OK
Javelin::ClientMessages::PlayerArenaComponentClientFacet_OnArenaActivated	2400	javelin_rtti_static	STRUCTURALLY_CONSISTENT		0x14a1762f0	.data	OK	0x14a1762e0	.data	OK	0x142745090	.text	OK	0x1480b5600	.rdata	OK	0x142745000	.text	OK	0x142784590	.text	OK
Javelin::ClientMessages::PlayerArenaComponentServerFacet_ForfeitArena	926	javelin_rtti_static	STRUCTURALLY_CONSISTENT		0x14a176250	.data	OK	0x14a176240	.data	OK	0x142745140	.text	OK	0x1480b5630	.rdata	OK	0x1427450b0	.text	OK	0x142785190	.text	OK
Javelin::ClientMessages::PlayerArenaComponentServerFacet_TeleportIntoDungeon	946	javelin_rtti_static	STRUCTURALLY_CONSISTENT		0x14a1761b0	.data	OK	0x14a1761a0	.data	OK	0x1427451f0	.text	OK	0x1480b5660	.rdata	OK	0x142745160	.text	OK	0x142785990	.text	OK
Javelin::ClientMessages::PlayerArenaComponentServerFacet_RequestRemoteInteract	5039	javelin_rtti_static	STRUCTURALLY_CONSISTENT		0x14a176100	.data	OK	0x14a1760f0	.data	OK	0x1427452a0	.text	OK	0x1480b56f8	.rdata	OK	0x142745210	.text	OK	0x142785790	.text	OK
Javelin::ClientMessages::PlayerArenaComponentServerFacet_RequestRemoteEnterDungeon	5037	javelin_rtti_static	STRUCTURALLY_CONSISTENT		0x14a176050	.data	OK	0x14a176040	.data	OK	0x142745350	.text	OK	0x1480b5728	.rdata	OK	0x1427452c0	.text	OK	0x142785590	.text	OK
Javelin::ClientMessages::PlayerArenaComponentClientFacet_OnRemoteInteractResult	5038	javelin_rtti_static	STRUCTURALLY_CONSISTENT		0x14a175fa0	.data	OK	0x14a175f90	.data	OK	0x1427455d0	.text	OK	0x1480b57d8	.rdata	OK	0x142745540	.text	OK	0x142784b90	.text	OK
Javelin::ClientMessages::PlayerArenaComponentClientFacet_OnDungeonActivateRemoteResult	6776	javelin_rtti_static	STRUCTURALLY_CONSISTENT		0x14a175ef0	.data	OK	0x14a175ee0	.data	OK	0x142745940	.text	OK	0x1480b59c8	.rdata	OK	0x1427458b0	.text	OK	0x142784790	.text	OK
Javelin::ClientMessages::PlayerArenaComponentClientFacet_OnEnterDungeonRequestIgnoredMsg	6864	javelin_rtti_static	STRUCTURALLY_CONSISTENT		0x14a175e40	.data	OK	0x14a175e30	.data	OK	0x142745b30	.text	OK	0x1480b5bc0	.rdata	OK	0x142745aa0	.text	OK	0x142784990	.text	OK
Javelin::ClientMessages::PlayerArenaComponentServerFacet_DebugAdvanceEncounterToNextState	6058	javelin_rtti_static	STRUCTURALLY_CONSISTENT		0x14a175d90	.data	OK	0x14a175d80	.data	OK	0x142745c90	.text	OK	0x1480b5c20	.rdata	OK	0x142745c00	.text	OK	0x142784d90	.text	OK
Javelin::ClientMessages::PlayerArenaComponentServerFacet_DebugResetEncounters	6860	javelin_rtti_static	STRUCTURALLY_CONSISTENT		0x14a175cf0	.data	OK	0x14a175ce0	.data	OK	0x142745df0	.text	OK	0x1480b5c80	.rdata	OK	0x142745d60	.text	OK	0x142784f90	.text	OK
Javelin::ClientMessages::PlayerArenaComponentServerFacet_NotifyPlayerOfFtueQTECompletion	6638	javelin_rtti_static	STRUCTURALLY_CONSISTENT		0x14a175c40	.data	OK	0x14a175c30	.data	OK	0x142745fc0	.text	OK	0x1480b5cc8	.rdata	OK	0x142745f30	.text	OK	0x142785390	.text	OK
Javelin::ClientMessages::AttributeComponentServerFacet_DebugRequestAddAttributePoints	2408	javelin_rtti_static	STRUCTURALLY_CONSISTENT		0x14a1767f0	.data	OK	0x14a1767e0	.data	OK	0x142745520	.text	OK	0x1480b57a8	.rdata	OK	0x142745490	.text	OK	0x142783990	.text	OK
Javelin::ClientMessages::AttributeComponentServerFacet_DebugRequestMaxAttributes	182	javelin_rtti_static	STRUCTURALLY_CONSISTENT		0x14a176740	.data	OK	0x14a176730	.data	OK	0x142745830	.text	OK	0x1480b5960	.rdata	OK	0x1427457a0	.text	OK	0x142783b90	.text	OK
Javelin::ClientMessages::AttributeComponentServerFacet_RequestRefundSpentPoints	2409	javelin_rtti_static	STRUCTURALLY_CONSISTENT		0x14a176690	.data	OK	0x14a176680	.data	OK	0x142745a80	.text	OK	0x1480b5b90	.rdata	OK	0x1427459f0	.text	OK	0x142783d90	.text	OK
Javelin::ClientMessages::AttributeComponentServerFacet_SetPlacingBonusBehavior	6397	javelin_rtti_static	STRUCTURALLY_CONSISTENT		0x14a1765e0	.data	OK	0x14a1765d0	.data	OK	0x142745be0	.text	OK	0x1480b5bf0	.rdata	OK	0x142745b50	.text	OK	0x142784190	.text	OK
Javelin::ClientMessages::AttributeComponentServerFacet_RequestSpendAttributePoints	1502	javelin_rtti_static	STRUCTURALLY_CONSISTENT		0x14a176530	.data	OK	0x14a176520	.data	OK	0x142745d40	.text	OK	0x1480b5c50	.rdata	OK	0x142745cb0	.text	OK	0x142783f90	.text	OK
Javelin::ClientMessages::BotComponentClientFacet_ReceiveServerPickRandomEntityInAabbResponse	2413	javelin_rtti_static	STRUCTURALLY_CONSISTENT		0x14a179990	.data	OK	0x14a179980	.data	OK	0x1427d0d40	.text	OK	0x1480c6170	.rdata	OK	0x1427d0cb0	.text	OK	0x1427f7240	.text	OK
Javelin::ClientMessages::BotComponentClientFacet_ReceiveServerTransformChange	2414	javelin_rtti_static	STRUCTURALLY_CONSISTENT		0x14a1798f0	.data	OK	0x14a1798e0	.data	OK	0x1427d0f60	.text	OK	0x1480c6270	.rdata	OK	0x1427d0ed0	.text	OK	0x1427f7440	.text	OK
Javelin::ClientMessages::BotComponentClientFacet_ClientReceivePath	2416	javelin_rtti_static	STRUCTURALLY_CONSISTENT		0x14a179850	.data	OK	0x14a179840	.data	OK	0x1427d12d0	.text	OK	0x1480c62a8	.rdata	OK	0x1427d1240	.text	OK	0x1427f6840	.text	OK
Javelin::ClientMessages::BotComponentClientFacet_ClientReceiveClosestPtOnNavMesh	5736	javelin_rtti_static	STRUCTURALLY_CONSISTENT		0x14a1797a0	.data	OK	0x14a179790	.data	OK	0x1427d16b0	.text	OK	0x1480c6490	.rdata	OK	0x1427d1620	.text	OK	0x1427f6240	.text	OK
Javelin::ClientMessages::BotComponentClientFacet_ClientReceiveGridSpace	1817	javelin_rtti_static	STRUCTURALLY_CONSISTENT		0x14a179700	.data	OK	0x14a1796f0	.data	OK	0x1427d1a90	.text	OK	0x1480c65a0	.rdata	OK	0x1427d1a00	.text	OK	0x1427f6640	.text	OK
Javelin::ClientMessages::BotComponentClientFacet_ClientReceiveGridLayoutInfo	6126	javelin_rtti_static	STRUCTURALLY_CONSISTENT		0x14a179660	.data	OK	0x14a179650	.data	OK	0x1427d1b40	.text	OK	0x1480c65d0	.rdata	OK	0x1427d1ab0	.text	OK	0x1427f6440	.text	OK
Javelin::ClientMessages::BotComponentClientFacet_ClientBootstrapResponse	2044	javelin_rtti_static	STRUCTURALLY_CONSISTENT		0x14a1795c0	.data	OK	0x14a1795b0	.data	OK	0x1427d1bf0	.text	OK	0x1480c6600	.rdata	OK	0x1427d1b60	.text	OK	0x1427f6040	.text	OK
Javelin::ClientMessages::BotComponentClientFacet_PlayerTeleportExecuted	2417	javelin_rtti_static	STRUCTURALLY_CONSISTENT		0x14a179520	.data	OK	0x14a179510	.data	OK	0x1427d1cf0	.text	OK	0x1480c6630	.rdata	OK	0x1427d1c60	.text	OK	0x1427f6e40	.text	OK
Javelin::ClientMessages::BotComponentClientFacet_PlayerTeleportFailed	2038	javelin_rtti_static	STRUCTURALLY_CONSISTENT		0x14a179480	.data	OK	0x14a179470	.data	OK	0x1427d1f10	.text	OK	0x1480c6728	.rdata	OK	0x1427d1e80	.text	OK	0x1427f7040	.text	OK
Javelin::ClientMessages::BotComponentClientFacet_PlayerTeleportDenied	2419	javelin_rtti_static	STRUCTURALLY_CONSISTENT		0x14a1793e0	.data	OK	0x14a1793d0	.data	OK	0x1427d2380	.text	OK	0x1480c6828	.rdata	OK	0x1427d22f0	.text	OK	0x1427f6c40	.text	OK
Javelin::ClientMessages::BotComponentClientFacet_PlayerTeleportCanceled	309	javelin_rtti_static	STRUCTURALLY_CONSISTENT		0x14a179340	.data	OK	0x14a179330	.data	OK	0x1427d2430	.text	OK	0x1480c6858	.rdata	OK	0x1427d23a0	.text	OK	0x1427f6a40	.text	OK
Javelin::ClientMessages::BotComponentServerFacet_ServerRequestPath	2421	javelin_rtti_static	STRUCTURALLY_CONSISTENT		0x14a1792a0	.data	OK	0x14a179290	.data	OK	0x1427d26f0	.text	OK	0x1480c6960	.rdata	OK	0x1427d2660	.text	OK	0x1427f9840	.text	OK
Javelin::ClientMessages::BotComponentServerFacet_ServerRequestClosestPtOnNav	5734	javelin_rtti_static	STRUCTURALLY_CONSISTENT		0x14a179200	.data	OK	0x14a1791f0	.data	OK	0x1427d28e0	.text	OK	0x1480c69c0	.rdata	OK	0x1427d2850	.text	OK	0x1427f9240	.text	OK
Javelin::ClientMessages::BotComponentServerFacet_ServerRequestGridSpace	1789	javelin_rtti_static	STRUCTURALLY_CONSISTENT		0x14a179160	.data	OK	0x14a179150	.data	OK	0x1427d2ba0	.text	OK	0x1480c6a08	.rdata	OK	0x1427d2b10	.text	OK	0x1427f9640	.text	OK
Javelin::ClientMessages::BotComponentServerFacet_ServerRequestGridLayoutInfo	6127	javelin_rtti_static	STRUCTURALLY_CONSISTENT		0x14a1790c0	.data	OK	0x14a1790b0	.data	OK	0x1427d2fb0	.text	OK	0x1480c6b68	.rdata	OK	0x1427d2f20	.text	OK	0x1427f9440	.text	OK
Javelin::ClientMessages::BotComponentServerFacet_ServerReportBotTaskStart	6013	javelin_rtti_static	STRUCTURALLY_CONSISTENT		0x14a179020	.data	OK	0x14a179010	.data	OK	0x1427d31c0	.text	OK	0x1480c6bf8	.rdata	OK	0x1427d3130	.text	OK	0x1427f9040	.text	OK
Javelin::ClientMessages::BotComponentServerFacet_ServerReportBotTaskEnd	6014	javelin_rtti_static	STRUCTURALLY_CONSISTENT		0x14a178f80	.data	OK	0x14a178f70	.data	OK	0x1427d36f0	.text	OK	0x1480c6cd0	.rdata	OK	0x1427d3660	.text	OK	0x1427f8e40	.text	OK
Javelin::ClientMessages::BotComponentServerFacet_ServerProcessBotTaskReports	6015	javelin_rtti_static	STRUCTURALLY_CONSISTENT		0x14a178ee0	.data	OK	0x14a178ed0	.data	OK	0x1427d3a90	.text	OK	0x1480c6dd0	.rdata	OK	0x1427d3a00	.text	OK	0x1427f8c40	.text	OK
Javelin::ClientMessages::BotComponentServerFacet_ReceivePickRandomEntityInAabb	2059	javelin_rtti_static	STRUCTURALLY_CONSISTENT		0x14a178e30	.data	OK	0x14a178e20	.data	OK	0x1427d3e10	.text	OK	0x1480c6f00	.rdata	OK	0x1427d3d80	.text	OK	0x1427f8040	.text	OK
Javelin::ClientMessages::BotComponentServerFacet_ReceiveSubscribeToTransformChanges	2427	javelin_rtti_static	STRUCTURALLY_CONSISTENT		0x14a178d80	.data	OK	0x14a178d70	.data	OK	0x1427d40e0	.text	OK	0x1480c6f90	.rdata	OK	0x1427d4050	.text	OK	0x1427f8240	.text	OK
Javelin::ClientMessages::BotComponentServerFacet_ReceiveUnsubscribeFromTransformChanges	2428	javelin_rtti_static	STRUCTURALLY_CONSISTENT		0x14a178cd0	.data	OK	0x14a178cc0	.data	OK	0x1427c7610	.text	OK	0x1480c0e10	.rdata	OK	0x1427c7580	.text	OK	0x1427f8440	.text	OK
Javelin::ClientMessages::BotComponentServerFacet_SpawnSlice	1811	javelin_rtti_static	STRUCTURALLY_CONSISTENT		0x14a178c40	.data	OK	0x14a178c30	.data	OK	0x1427c7970	.text	OK	0x1480c0f40	.rdata	OK	0x1427c78e0	.text	OK	0x1427f9a40	.text	OK
Javelin::ClientMessages::BotComponentServerFacet_StopActors	6681	javelin_rtti_static	STRUCTURALLY_CONSISTENT		0x14a178bb0	.data	OK	0x14a178ba0	.data	OK	0x1427c7a20	.text	OK	0x1480c0f70	.rdata	OK	0x1427c7990	.text	OK	0x1427f9c40	.text	OK
Javelin::ClientMessages::BotComponentServerFacet_StopAllActors	6682	javelin_rtti_static	STRUCTURALLY_CONSISTENT		0x14a178b10	.data	OK	0x14a178b00	.data	OK	0x1427c7bb0	.text	OK	0x1480c0fd0	.rdata	OK	0x1427c7b20	.text	OK	0x1427f9e40	.text	OK
Javelin::ClientMessages::BotComponentServerFacet_RequestBootstrapAlongPath	2431	javelin_rtti_static	STRUCTURALLY_CONSISTENT		0x14a178a70	.data	OK	0x14a178a60	.data	OK	0x1427c7e70	.text	OK	0x1480c1050	.rdata	OK	0x1427c7de0	.text	OK	0x1427f8840	.text	OK
Javelin::ClientMessages::BotComponentServerFacet_RequestBootstrapAroundRadius	5733	javelin_rtti_static	STRUCTURALLY_CONSISTENT		0x14a1789d0	.data	OK	0x14a1789c0	.data	OK	0x1427c8550	.text	OK	0x1480c1160	.rdata	OK	0x1427c84c0	.text	OK	0x1427f8a40	.text	OK
Javelin::ClientMessages::BotComponentServerFacet_SyncClientRegistryFromServer	954	javelin_rtti_static	STRUCTURALLY_CONSISTENT		0x14a178930	.data	OK	0x14a178920	.data	OK	0x1427c8950	.text	OK	0x1480c1b58	.rdata	OK	0x1427c88c0	.text	OK	0x1427fa040	.text	OK
Javelin::ClientMessages::BotComponentServerFacet_SyncServerRegistryFromClient	1983	javelin_rtti_static	STRUCTURALLY_CONSISTENT		0x14a178890	.data	OK	0x14a178880	.data	OK	0x1427c8dc0	.text	OK	0x1480c1d70	.rdata	OK	0x1427c8d30	.text	OK	0x1427fa240	.text	OK
Javelin::ClientMessages::BotComponentClientFacet_ClReceiveServerRegistry	1154	javelin_rtti_static	STRUCTURALLY_CONSISTENT		0x14a1787f0	.data	OK	0x14a1787e0	.data	OK	0x1427c92b0	.text	OK	0x1480c1ed0	.rdata	OK	0x1427c9220	.text	OK	0x1427f5e40	.text	OK
Javelin::ClientMessages::BotComponentClientFacet_RemoteScriptDebugVictimGetStatus	6753	javelin_rtti_static	STRUCTURALLY_CONSISTENT		0x14a178740	.data	OK	0x14a178730	.data	OK	0x1427d2c50	.text	OK	0x1480c6a68	.rdata	OK	0x1427d2bc0	.text	OK	0x1427f7640	.text	OK
Javelin::ClientMessages::BotComponentServerFacet_RemoteScriptDebugVictimStatusResponse	6751	javelin_rtti_static	STRUCTURALLY_CONSISTENT		0x14a178690	.data	OK	0x14a178680	.data	OK	0x1427d3060	.text	OK	0x1480c6b98	.rdata	OK	0x1427d2fd0	.text	OK	0x1427f8640	.text	OK
Javelin::ClientMessages::BotComponentClientFacet_RemoteScriptDebuggerStatusResponse	6755	javelin_rtti_static	STRUCTURALLY_CONSISTENT		0x14a1785e0	.data	OK	0x14a1785d0	.data	OK	0x1427d32b0	.text	OK	0x1480c6c30	.rdata	OK	0x1427d3220	.text	OK	0x1427f7e40	.text	OK
Javelin::ClientMessages::BotComponentClientFacet_RemoteScriptDebugVictimStep	6756	javelin_rtti_static	STRUCTURALLY_CONSISTENT		0x14a178540	.data	OK	0x14a178530	.data	OK	0x1427d37b0	.text	OK	0x1480c6d40	.rdata	OK	0x1427d3720	.text	OK	0x1427f7a40	.text	OK
Javelin::ClientMessages::BotComponentClientFacet_RemoteScriptDebugVictimStart	6757	javelin_rtti_static	STRUCTURALLY_CONSISTENT		0x14a1784a0	.data	OK	0x14a178490	.data	OK	0x1427d3c20	.text	OK	0x1480c6e00	.rdata	OK	0x1427d3b90	.text	OK	0x1427f7840	.text	OK
Javelin::ClientMessages::BotComponentClientFacet_RemoteScriptDebugVictimStop	6738	javelin_rtti_static	STRUCTURALLY_CONSISTENT		0x14a178400	.data	OK	0x14a1783f0	.data	OK	0x1427d3ec0	.text	OK	0x1480c6f30	.rdata	OK	0x1427d3e30	.text	OK	0x1427f7c40	.text	OK
Javelin::ClientMessages::BotComponentServerFacet_ServerRegisterBot	2540	javelin_rtti_static	STRUCTURALLY_CONSISTENT		0x14a188020	.data	OK	0x14a188010	.data	OK	0x14294c6c0	.text	OK	0x1480eba38	.rdata	OK	0x14294c630	.text	OK	0x14296a390	.text	OK
Javelin::ClientMessages::BotComponentServerFacet_ReceiveClientHeartbeatResponse	2542	javelin_rtti_static	STRUCTURALLY_CONSISTENT		0x14a187f70	.data	OK	0x14a187f60	.data	OK	0x14294ccd0	.text	OK	0x1480ebac8	.rdata	OK	0x14294cc40	.text	OK	0x142968d90	.text	OK
Javelin::ClientMessages::BotComponentServerFacet_ReceiveRegisteredBotsRequestFromMyClient	1539	javelin_rtti_static	STRUCTURALLY_CONSISTENT		0x14a187ec0	.data	OK	0x14a187eb0	.data	OK	0x14294d0d0	.text	OK	0x1480ebca8	.rdata	OK	0x14294d040	.text	OK	0x142969790	.text	OK
Javelin::ClientMessages::BotComponentServerFacet_ReceiveBotLocationRequestFromMyClient	2543	javelin_rtti_static	STRUCTURALLY_CONSISTENT		0x14a187e10	.data	OK	0x14a187e00	.data	OK	0x14294d450	.text	OK	0x1480ebdd0	.rdata	OK	0x14294d3c0	.text	OK	0x142968b90	.text	OK
Javelin::ClientMessages::BotComponentServerFacet_ReceiveMessageHistoryResponseFromMyClient	2146	javelin_rtti_static	STRUCTURALLY_CONSISTENT		0x14a187d60	.data	OK	0x14a187d50	.data	OK	0x14294d900	.text	OK	0x1480ebec0	.rdata	OK	0x14294d870	.text	OK	0x142969590	.text	OK
Javelin::ClientMessages::BotComponentServerFacet_ReceiveMessageCountsResponseFromMyClient	2544	javelin_rtti_static	STRUCTURALLY_CONSISTENT		0x14a187cb0	.data	OK	0x14a187ca0	.data	OK	0x14294dc80	.text	OK	0x1480ec020	.rdata	OK	0x14294dbf0	.text	OK	0x142969190	.text	OK
Javelin::ClientMessages::BotComponentServerFacet_ReceiveMessageHistoryRequestFromMyClient	1052	javelin_rtti_static	STRUCTURALLY_CONSISTENT		0x14a187c00	.data	OK	0x14a187bf0	.data	OK	0x14294e190	.text	OK	0x1480ec128	.rdata	OK	0x14294e100	.text	OK	0x142969390	.text	OK
Javelin::ClientMessages::BotComponentServerFacet_ReceiveMessageCountsRequestFromMyClient	2545	javelin_rtti_static	STRUCTURALLY_CONSISTENT		0x14a187b50	.data	OK	0x14a187b40	.data	OK	0x14294e4b0	.text	OK	0x1480ec1f0	.rdata	OK	0x14294e420	.text	OK	0x142968f90	.text	OK
Javelin::ClientMessages::BotComponentServerFacet_RegisterBotForOrchestration	2547	javelin_rtti_static	STRUCTURALLY_CONSISTENT		0x14a187ab0	.data	OK	0x14a187aa0	.data	OK	0x14294e750	.text	OK	0x1480ec2b8	.rdata	OK	0x14294e6c0	.text	OK	0x142969990	.text	OK
Javelin::ClientMessages::BotComponentServerFacet_UnregisterBotForOrchestration	2550	javelin_rtti_static	STRUCTURALLY_CONSISTENT		0x14a187a00	.data	OK	0x14a1879f0	.data	OK	0x14294ee50	.text	OK	0x1480ec4d8	.rdata	OK	0x14294edc0	.text	OK	0x14296a790	.text	OK
Javelin::ClientMessages::BotComponentServerFacet_ClearAllBotGroups	5244	javelin_rtti_static	STRUCTURALLY_CONSISTENT		0x14a187960	.data	OK	0x14a187950	.data	OK	0x14294f0a0	.text	OK	0x1480ec568	.rdata	OK	0x14294f010	.text	OK	0x142967590	.text	OK
Javelin::ClientMessages::BotComponentServerFacet_AutoGroup	2552	javelin_rtti_static	STRUCTURALLY_CONSISTENT		0x14a1878d0	.data	OK	0x14a1878c0	.data	OK	0x14294f290	.text	OK	0x1480ec5c8	.rdata	OK	0x14294f200	.text	OK	0x142967190	.text	OK
Javelin::ClientMessages::BotComponentServerFacet_OrchestrationOnTaskCompletion	912	javelin_rtti_static	STRUCTURALLY_CONSISTENT		0x14a187820	.data	OK	0x14a187810	.data	OK	0x14294f430	.text	OK	0x1480ec628	.rdata	OK	0x14294f3a0	.text	OK	0x142968790	.text	OK
Javelin::ClientMessages::BotComponentServerFacet_SetGroupRegistryValue	2553	javelin_rtti_static	STRUCTURALLY_CONSISTENT		0x14a187780	.data	OK	0x14a187770	.data	OK	0x14294f560	.text	OK	0x1480ec660	.rdata	OK	0x14294f4d0	.text	OK	0x14296a590	.text	OK
Javelin::ClientMessages::BotComponentClientFacet_ClSetRegistryValueString	2555	javelin_rtti_static	STRUCTURALLY_CONSISTENT		0x14a1876e0	.data	OK	0x14a1876d0	.data	OK	0x142950340	.text	OK	0x1480ec800	.rdata	OK	0x1429502a0	.text	OK	0x142964b90	.text	OK
Javelin::ClientMessages::BotComponentClientFacet_ClSetRegistryValueVector	864	javelin_rtti_static	STRUCTURALLY_CONSISTENT		0x14a187640	.data	OK	0x14a187630	.data	OK	0x142950c60	.text	OK	0x1480ec9a0	.rdata	OK	0x142950bd0	.text	OK	0x142964d90	.text	OK
Javelin::ClientMessages::BotComponentClientFacet_ClSetRegistryValueGDERef	2560	javelin_rtti_static	STRUCTURALLY_CONSISTENT		0x14a1875a0	.data	OK	0x14a187590	.data	OK	0x142951030	.text	OK	0x1480ecb78	.rdata	OK	0x142950fa0	.text	OK	0x142964990	.text	OK
Javelin::ClientMessages::BotComponentClientFacet_ClHeartbeatRequest	270	javelin_rtti_static	STRUCTURALLY_CONSISTENT		0x14a187500	.data	OK	0x14a1874f0	.data	OK	0x1429516c0	.text	OK	0x1480ecd28	.rdata	OK	0x142951630	.text	OK	0x142964790	.text	OK
Javelin::ClientMessages::BotComponentClientFacet_ReceiveRegisteredBotsResponse	2426	javelin_rtti_static	STRUCTURALLY_CONSISTENT		0x14a187450	.data	OK	0x14a187440	.data	OK	0x1429518c0	.text	OK	0x1480ecde8	.rdata	OK	0x142951830	.text	OK	0x142966790	.text	OK
Javelin::ClientMessages::BotComponentClientFacet_ReceiveBotLocationResponse	2561	javelin_rtti_static	STRUCTURALLY_CONSISTENT		0x14a1873b0	.data	OK	0x14a1873a0	.data	OK	0x142951b60	.text	OK	0x1480ece78	.rdata	OK	0x142951ad0	.text	OK	0x142966590	.text	OK
Javelin::ClientMessages::BotComponentClientFacet_ReceiveServerMessageHistoryRequest	2563	javelin_rtti_static	STRUCTURALLY_CONSISTENT		0x14a187300	.data	OK	0x14a1872f0	.data	OK	0x142951cc0	.text	OK	0x1480eced8	.rdata	OK	0x142951c30	.text	OK	0x142966d90	.text	OK
Javelin::ClientMessages::BotComponentClientFacet_ReceiveServerMessageHistoryResponse	2272	javelin_rtti_static	STRUCTURALLY_CONSISTENT		0x14a187250	.data	OK	0x14a187240	.data	OK	0x142952130	.text	OK	0x1480ecf68	.rdata	OK	0x1429520a0	.text	OK	0x142966f90	.text	OK
Javelin::ClientMessages::BotComponentClientFacet_ReceiveServerMessageCountsRequest	2564	javelin_rtti_static	STRUCTURALLY_CONSISTENT		0x14a1871a0	.data	OK	0x14a187190	.data	OK	0x142952920	.text	OK	0x1480ed148	.rdata	OK	0x142952890	.text	OK	0x142966990	.text	OK
Javelin::ClientMessages::BotComponentClientFacet_ReceiveServerMessageCountsResponse	2565	javelin_rtti_static	STRUCTURALLY_CONSISTENT		0x14a1870f0	.data	OK	0x14a1870e0	.data	OK	0x142952ca0	.text	OK	0x1480ed2d8	.rdata	OK	0x142952c10	.text	OK	0x142966b90	.text	OK
Javelin::ClientMessages::BotComponentClientFacet_ClDebugSpawnSliceCallback	732	javelin_rtti_static	STRUCTURALLY_CONSISTENT		0x14a187050	.data	OK	0x14a187040	.data	OK	0x142952e00	.text	OK	0x1480ed368	.rdata	OK	0x142952d70	.text	OK	0x142964590	.text	OK
Javelin::ClientMessages::BotComponentServerFacet_CreateOrJoinDungeon	1192	javelin_rtti_static	STRUCTURALLY_CONSISTENT		0x14a186f00	.data	OK	0x14a186ef0	.data	OK	0x14294e8e0	.text	OK	0x1480ec2e8	.rdata	OK	0x14294e850	.text	OK	0x142967990	.text	OK
Javelin::ClientMessages::BotComponentServerFacet_DestroyDungeon	2503	javelin_rtti_static	STRUCTURALLY_CONSISTENT		0x14a186e60	.data	OK	0x14a186e50	.data	OK	0x14294ef00	.text	OK	0x1480ec508	.rdata	OK	0x14294ee70	.text	OK	0x142967f90	.text	OK
Javelin::ClientMessages::BotComponentServerFacet_DebugJoinDungeonQueue	4984	javelin_rtti_static	STRUCTURALLY_CONSISTENT		0x14a186dc0	.data	OK	0x14a186db0	.data	OK	0x14294f150	.text	OK	0x1480ec598	.rdata	OK	0x14294f0c0	.text	OK	0x142967b90	.text	OK
Javelin::ClientMessages::BotComponentClientFacet_ClientCheckGuildNameAvailableResponse	2569	javelin_rtti_static	STRUCTURALLY_CONSISTENT		0x14a186d10	.data	OK	0x14a186d00	.data	OK	0x142951970	.text	OK	0x1480ece18	.rdata	OK	0x1429518e0	.text	OK	0x142964f90	.text	OK
Javelin::ClientMessages::BotComponentClientFacet_ClientCreateGuildResponse	2574	javelin_rtti_static	STRUCTURALLY_CONSISTENT		0x14a186c70	.data	OK	0x14a186c60	.data	OK	0x142951c10	.text	OK	0x1480ecea8	.rdata	OK	0x142951b80	.text	OK	0x142965190	.text	OK
Javelin::ClientMessages::BotComponentClientFacet_ClientGetGuildResponse	764	javelin_rtti_static	STRUCTURALLY_CONSISTENT		0x14a186bd0	.data	OK	0x14a186bc0	.data	OK	0x142951d70	.text	OK	0x1480ecf08	.rdata	OK	0x142951ce0	.text	OK	0x142965990	.text	OK
Javelin::ClientMessages::BotComponentClientFacet_ClientPatchGuildResponse	2578	javelin_rtti_static	STRUCTURALLY_CONSISTENT		0x14a186b30	.data	OK	0x14a186b20	.data	OK	0x142952270	.text	OK	0x1480ed008	.rdata	OK	0x1429521d0	.text	OK	0x142966390	.text	OK
Javelin::ClientMessages::BotComponentClientFacet_ClientDeleteGuildResponse	2579	javelin_rtti_static	STRUCTURALLY_CONSISTENT		0x14a186a90	.data	OK	0x14a186a80	.data	OK	0x142952a50	.text	OK	0x1480ed210	.rdata	OK	0x1429529c0	.text	OK	0x142965390	.text	OK
Javelin::ClientMessages::BotComponentServerFacet_CheckGuildNameAvailable	995	javelin_rtti_static	STRUCTURALLY_CONSISTENT		0x14a1869f0	.data	OK	0x14a1869e0	.data	OK	0x142952d50	.text	OK	0x1480ed308	.rdata	OK	0x142952cc0	.text	OK	0x142967390	.text	OK
Javelin::ClientMessages::BotComponentServerFacet_CreateGuild	2585	javelin_rtti_static	STRUCTURALLY_CONSISTENT		0x14a186960	.data	OK	0x14a186950	.data	OK	0x142953010	.text	OK	0x1480ed398	.rdata	OK	0x142952f80	.text	OK	0x142967790	.text	OK
Javelin::ClientMessages::BotComponentServerFacet_GetGuild	375	javelin_rtti_static	STRUCTURALLY_CONSISTENT		0x14a1868d0	.data	OK	0x14a1868c0	.data	OK	0x142953100	.text	OK	0x1480ed3c8	.rdata	OK	0x142953070	.text	OK	0x142968590	.text	OK
Javelin::ClientMessages::BotComponentServerFacet_PatchGuild	1012	javelin_rtti_static	STRUCTURALLY_CONSISTENT		0x14a186840	.data	OK	0x14a186830	.data	OK	0x142953270	.text	OK	0x1480ed3f8	.rdata	OK	0x1429531e0	.text	OK	0x142968990	.text	OK
Javelin::ClientMessages::BotComponentServerFacet_DeleteGuild	2347	javelin_rtti_static	STRUCTURALLY_CONSISTENT		0x14a1867b0	.data	OK	0x14a1867a0	.data	OK	0x142953950	.text	OK	0x1480ed5b8	.rdata	OK	0x1429538c0	.text	OK	0x142967d90	.text	OK
Javelin::ClientMessages::BotComponentServerFacet_GetByContent	1776	javelin_rtti_static	STRUCTURALLY_CONSISTENT		0x14a186720	.data	OK	0x14a186710	.data	OK	0x142953f90	.text	OK	0x1480ed6f0	.rdata	OK	0x142953f00	.text	OK	0x142968190	.text	OK
Javelin::ClientMessages::BotComponentClientFacet_ClientGetByContentResponse	2592	javelin_rtti_static	STRUCTURALLY_CONSISTENT		0x14a186680	.data	OK	0x14a186670	.data	OK	0x1429543f0	.text	OK	0x1480ed890	.rdata	OK	0x142954360	.text	OK	0x142965590	.text	OK
Javelin::ClientMessages::BotComponentServerFacet_GetByOrdering	2594	javelin_rtti_static	STRUCTURALLY_CONSISTENT		0x14a1865e0	.data	OK	0x14a1865d0	.data	OK	0x142954840	.text	OK	0x1480ed920	.rdata	OK	0x1429547b0	.text	OK	0x142968390	.text	OK
Javelin::ClientMessages::BotComponentClientFacet_ClientGetByOrderingResponse	2159	javelin_rtti_static	STRUCTURALLY_CONSISTENT		0x14a1864d0	.data	OK	0x14a1864c0	.data	OK	0x142954ae0	.text	OK	0x1480eda58	.rdata	OK	0x142954a50	.text	OK	0x142965790	.text	OK
Javelin::ClientMessages::BotComponentClientFacet_ClientOnGetCharacterResponse	2598	javelin_rtti_static	STRUCTURALLY_CONSISTENT		0x14a1863c0	.data	OK	0x14a1863b0	.data	OK	0x142958200	.text	OK	0x1480ee6d8	.rdata	OK	0x142958170	.text	OK	0x142965b90	.text	OK
Javelin::ClientMessages::BotComponentClientFacet_ClientOnPublishCharacterMetadataResponse	2599	javelin_rtti_static	STRUCTURALLY_CONSISTENT		0x14a186310	.data	OK	0x14a186300	.data	OK	0x142958420	.text	OK	0x1480ee7e0	.rdata	OK	0x142958390	.text	OK	0x142965f90	.text	OK
Javelin::ClientMessages::BotComponentClientFacet_ClientOnPublishCharacterSocialDataResponse	278	javelin_rtti_static	STRUCTURALLY_CONSISTENT		0x14a186260	.data	OK	0x14a186250	.data	OK	0x1429588f0	.text	OK	0x1480ee8c0	.rdata	OK	0x142958860	.text	OK	0x142966190	.text	OK
Javelin::ClientMessages::BotComponentClientFacet_ClientOnNamePrefixSearchResponse	2600	javelin_rtti_static	STRUCTURALLY_CONSISTENT		0x14a1861b0	.data	OK	0x14a1861a0	.data	OK	0x142959050	.text	OK	0x1480eeb00	.rdata	OK	0x142958fc0	.text	OK	0x142965d90	.text	OK
Javelin::ClientMessages::BotComponentServerFacet_ServerGetCharacterData	2601	javelin_rtti_static	STRUCTURALLY_CONSISTENT		0x14a186110	.data	OK	0x14a186100	.data	OK	0x1429592c0	.text	OK	0x1480eeb90	.rdata	OK	0x142959230	.text	OK	0x142969b90	.text	OK
Javelin::ClientMessages::BotComponentServerFacet_ServerPublishCharacterMetadata	2301	javelin_rtti_static	STRUCTURALLY_CONSISTENT		0x14a186060	.data	OK	0x14a186050	.data	OK	0x142959500	.text	OK	0x1480eebc8	.rdata	OK	0x142959470	.text	OK	0x142969f90	.text	OK
Javelin::ClientMessages::BotComponentServerFacet_ServerPublishCharacterSocialData	2086	javelin_rtti_static	STRUCTURALLY_CONSISTENT		0x14a185fb0	.data	OK	0x14a185fa0	.data	OK	0x142959be0	.text	OK	0x1480eed00	.rdata	OK	0x142959b50	.text	OK	0x14296a190	.text	OK
Javelin::ClientMessages::BotComponentServerFacet_ServerNamePrefixSearch	1969	javelin_rtti_static	STRUCTURALLY_CONSISTENT		0x14a185f10	.data	OK	0x14a185f00	.data	OK	0x142959e70	.text	OK	0x1480eeda0	.rdata	OK	0x142959de0	.text	OK	0x142969d90	.text	OK
Javelin::ClientMessages::BotComponentServerFacet_InitTransaction	2065	javelin_rtti_static	STRUCTURALLY_CONSISTENT		0x14a188140	.data	OK	0x14a188130	.data	OK	0x1429727a0	.text	OK	0x1480ef938	.rdata	OK	0x142972710	.text	OK	0x142989a70	.text	OK
Javelin::ClientMessages::TerritoryDetectorComponentServerFacet_AttemptTerritoryUnlock	2297	javelin_rtti_static	STRUCTURALLY_CONSISTENT		0x14a1897d0	.data	OK	0x14a1897c0	.data	OK	0x1429c1490	.text	OK	0x1480f7348	.rdata	OK	0x1429c1400	.text	OK	0x1429f8c00	.text	OK
Javelin::ClientMessages::TerritoryDetectorComponentServerFacet_AttemptTerritoryExit	6416	javelin_rtti_static	STRUCTURALLY_CONSISTENT		0x14a189720	.data	OK	0x14a189710	.data	OK	0x1429c1790	.text	OK	0x1480f73a8	.rdata	OK	0x1429c1700	.text	OK	0x1429f8a00	.text	OK
Javelin::ClientMessages::TerritoryDetectorComponentClientFacet_OnReceiveServerDebugData	2690	javelin_rtti_static	STRUCTURALLY_CONSISTENT		0x14a189670	.data	OK	0x14a189660	.data	OK	0x1429c1930	.text	OK	0x1480f73f0	.rdata	OK	0x1429c18a0	.text	OK	0x1429f8800	.text	OK
Javelin::ClientMessages::TerritoryDetectorComponentServerFacet_DebugRequestServerData	2692	javelin_rtti_static	STRUCTURALLY_CONSISTENT		0x14a1895c0	.data	OK	0x14a1895b0	.data	OK	0x1429c1d10	.text	OK	0x1480f74b0	.rdata	OK	0x1429c1c80	.text	OK	0x1429f9200	.text	OK
Javelin::ClientMessages::TerritoryDetectorComponentServerFacet_DEBUG_ClaimCurrentTerritory	2696	javelin_rtti_static	STRUCTURALLY_CONSISTENT		0x14a189510	.data	OK	0x14a189500	.data	OK	0x1429c1eb0	.text	OK	0x1480f74f8	.rdata	OK	0x1429c1e20	.text	OK	0x1429f8e00	.text	OK
Javelin::ClientMessages::TerritoryDetectorComponentServerFacet_DEBUG_UnclaimCurrentTerritory	5081	javelin_rtti_static	STRUCTURALLY_CONSISTENT		0x14a189460	.data	OK	0x14a189450	.data	OK	0x1429c2050	.text	OK	0x1480f7540	.rdata	OK	0x1429c1fc0	.text	OK	0x1429f9000	.text	OK
Javelin::ClientMessages::ActionConditionCacheComponentServerFacet_SetCachingDisabled	2234	javelin_rtti_static	STRUCTURALLY_CONSISTENT		0x14a189320	.data	OK	0x14a189310	.data	OK	0x1429c0da0	.text	OK	0x1480f7060	.rdata	OK	0x1429c0d10	.text	OK	0x1429f8400	.text	OK
Javelin::ClientMessages::PlayerSettingsComponentServerFacet_ReceiveSettingsFromClient	2515	javelin_rtti_static	STRUCTURALLY_CONSISTENT		0x14a18bb50	.data	OK	0x14a18bb40	.data	OK	0x142a564a0	.text	OK	0x1481016e0	.rdata	OK	0x142a56410	.text	OK	0x142a620e0	.text	OK
Javelin::ClientMessages::PvPSpectatorCamControllerComponentServerFacet_RequestStopSpectating	6845	javelin_rtti_static	STRUCTURALLY_CONSISTENT		0x14a194600	.data	OK	0x14a1945f0	.data	OK	0x142ca9800	.text	OK	0x148133768	.rdata	OK	0x142ca9770	.text	OK	0x142cc5230	.text	OK
Javelin::ClientMessages::PlayerPositionTrackingComponentServerFacet_RequestAISpawnManagerDespawn	6635	javelin_rtti_static	STRUCTURALLY_CONSISTENT		0x14a1962c0	.data	OK	0x14a1962b0	.data	OK	0x142cd0be0	.text	OK	0x148137268	.rdata	OK	0x142cd0b50	.text	OK	0x142d078d0	.text	OK
Javelin::ClientMessages::PlayerPositionTrackingComponentServerFacet_RequestAISpawnManagerDebugInfo	2780	javelin_rtti_static	STRUCTURALLY_CONSISTENT		0x14a196200	.data	OK	0x14a1961f0	.data	OK	0x142cd0ff0	.text	OK	0x1481373d8	.rdata	OK	0x142cd0e60	.text	OK	0x142d076d0	.text	OK
Javelin::ClientMessages::PlayerPositionTrackingComponentClientFacet_ReceiveAISpawnManagerDebugInfo	357	javelin_rtti_static	STRUCTURALLY_CONSISTENT		0x14a196140	.data	OK	0x14a196130	.data	OK	0x142cd16d0	.text	OK	0x148137578	.rdata	OK	0x142cd1640	.text	OK	0x142d074d0	.text	OK
Javelin::ClientMessages::GlobalStorageComponentServerFacet_DebugRequestReplicateAllStorage	2933	javelin_rtti_static	STRUCTURALLY_CONSISTENT		0x14a196090	.data	OK	0x14a196080	.data	OK	0x142cd72f0	.text	OK	0x148138fc0	.rdata	OK	0x142cd7260	.text	OK	0x142d068d0	.text	OK
Javelin::ClientMessages::GlobalStorageComponentServerFacet_DebugRequestOpenStorageSession	2935	javelin_rtti_static	STRUCTURALLY_CONSISTENT		0x14a195fe0	.data	OK	0x14a195fd0	.data	OK	0x142cd75f0	.text	OK	0x148139080	.rdata	OK	0x142cd7560	.text	OK	0x142d066d0	.text	OK
Javelin::ClientMessages::GlobalStorageComponentServerFacet_DebugClearAllStorage	2937	javelin_rtti_static	STRUCTURALLY_CONSISTENT		0x14a195f30	.data	OK	0x14a195f20	.data	OK	0x142cd7870	.text	OK	0x1481390b8	.rdata	OK	0x142cd77e0	.text	OK	0x142d05ad0	.text	OK
Javelin::ClientMessages::GlobalStorageComponentServerFacet_DebugClearStorage	7000	javelin_rtti_static	STRUCTURALLY_CONSISTENT		0x14a195e90	.data	OK	0x14a195e80	.data	OK	0x142cd7d90	.text	OK	0x1481392c0	.rdata	OK	0x142cd7d00	.text	OK	0x142d05cd0	.text	OK
Javelin::ClientMessages::GlobalStorageComponentServerFacet_DebugCheckMergedStorage	6148	javelin_rtti_static	STRUCTURALLY_CONSISTENT		0x14a195de0	.data	OK	0x14a195dd0	.data	OK	0x142cd8020	.text	OK	0x148139398	.rdata	OK	0x142cd7f90	.text	OK	0x142d058d0	.text	OK
Javelin::ClientMessages::GlobalStorageComponentServerFacet_DebugRequestForcePersistenceDirty	6149	javelin_rtti_static	STRUCTURALLY_CONSISTENT		0x14a195d30	.data	OK	0x14a195d20	.data	OK	0x142cd82b0	.text	OK	0x148139420	.rdata	OK	0x142cd8220	.text	OK	0x142d062d0	.text	OK
Javelin::ClientMessages::GlobalStorageComponentServerFacet_DebugCreateItems	2698	javelin_rtti_static	STRUCTURALLY_CONSISTENT		0x14a195c90	.data	OK	0x14a195c80	.data	OK	0x142cd8360	.text	OK	0x148139450	.rdata	OK	0x142cd82d0	.text	OK	0x142d05ed0	.text	OK
Javelin::ClientMessages::GlobalStorageComponentServerFacet_DebugRemoveItems	6788	javelin_rtti_static	STRUCTURALLY_CONSISTENT		0x14a195bf0	.data	OK	0x14a195be0	.data	OK	0x142cd8510	.text	OK	0x148139498	.rdata	OK	0x142cd8480	.text	OK	0x142d060d0	.text	OK
Javelin::ClientMessages::GlobalStorageComponentServerFacet_SetReplicateStorage	387	javelin_rtti_static	STRUCTURALLY_CONSISTENT		0x14a195b40	.data	OK	0x14a195b30	.data	OK	0x142cd85c0	.text	OK	0x1481394c8	.rdata	OK	0x142cd8530	.text	OK	0x142d070d0	.text	OK
Javelin::ClientMessages::GlobalStorageComponentServerFacet_UpdateStorageSession	1512	javelin_rtti_static	STRUCTURALLY_CONSISTENT		0x14a195a90	.data	OK	0x14a195a80	.data	OK	0x142cd8760	.text	OK	0x148139510	.rdata	OK	0x142cd86d0	.text	OK	0x142d072d0	.text	OK
Javelin::ClientMessages::GlobalStorageComponentServerFacet_DebugAddItemsToStorage	5998	javelin_rtti_static	STRUCTURALLY_CONSISTENT		0x14a1959e0	.data	OK	0x14a1959d0	.data	OK	0x142cd8810	.text	OK	0x148136fd0	.rdata	OK	0x142cd8780	.text	OK	0x142d056d0	.text	OK
Javelin::ClientMessages::GlobalStorageComponentServerFacet_RequestSearchStorage	7044	javelin_rtti_static	STRUCTURALLY_CONSISTENT		0x14a195930	.data	OK	0x14a195920	.data	OK	0x142cd0420	.text	OK	0x148137088	.rdata	OK	0x142cd0390	.text	OK	0x142d06ed0	.text	OK
Javelin::ClientMessages::GlobalStorageComponentServerFacet_RemoveSimpleItemFromSearchResults	7045	javelin_rtti_static	STRUCTURALLY_CONSISTENT		0x14a195880	.data	OK	0x14a195870	.data	OK	0x142cd04d0	.text	OK	0x148137120	.rdata	OK	0x142cd0440	.text	OK	0x142d06ad0	.text	OK
Javelin::ClientMessages::GlobalStorageComponentServerFacet_RequestReplicateStorageSearchResults	7039	javelin_rtti_static	STRUCTURALLY_CONSISTENT		0x14a1957c0	.data	OK	0x14a1957b0	.data	OK	0x142cd0840	.text	OK	0x148137188	.rdata	OK	0x142cd07b0	.text	OK	0x142d06cd0	.text	OK
Javelin::ClientMessages::GlobalStorageComponentServerFacet_DebugRequestItemLocations	7042	javelin_rtti_static	STRUCTURALLY_CONSISTENT		0x14a195710	.data	OK	0x14a195700	.data	OK	0x142cd0e40	.text	OK	0x148137330	.rdata	OK	0x142cd0db0	.text	OK	0x142d064d0	.text	OK
Javelin::ClientMessages::GlobalStorageComponentClientFacet_ReceiveStorageSearchResults	7046	javelin_rtti_static	STRUCTURALLY_CONSISTENT		0x14a195660	.data	OK	0x14a195650	.data	OK	0x142cd13b0	.text	OK	0x148137408	.rdata	OK	0x142cd1320	.text	OK	0x142d052d0	.text	OK
Javelin::ClientMessages::GlobalStorageComponentClientFacet_OnStorageSearchResponseReady	7047	javelin_rtti_static	STRUCTURALLY_CONSISTENT		0x14a1955b0	.data	OK	0x14a1955a0	.data	OK	0x142cd1870	.text	OK	0x1481375f0	.rdata	OK	0x142cd17e0	.text	OK	0x142d04ed0	.text	OK
Javelin::ClientMessages::GlobalStorageComponentClientFacet_ReceiveStorageSearchItems	7048	javelin_rtti_static	STRUCTURALLY_CONSISTENT		0x14a195500	.data	OK	0x14a1954f0	.data	OK	0x142cd1a80	.text	OK	0x148137708	.rdata	OK	0x142cd19f0	.text	OK	0x142d050d0	.text	OK
Javelin::ClientMessages::GlobalStorageComponentClientFacet_DebugReceiveItemLocations	7043	javelin_rtti_static	STRUCTURALLY_CONSISTENT		0x14a195450	.data	OK	0x14a195440	.data	OK	0x142cd1fc0	.text	OK	0x148137808	.rdata	OK	0x142cd1f20	.text	OK	0x142d04cd0	.text	OK
Javelin::ClientMessages::ItemManagementComponentServerFacet_DebugSyncData	5436	javelin_rtti_static	STRUCTURALLY_CONSISTENT		0x14a196ba0	.data	OK	0x14a196b90	.data	OK	0x142d26bc0	.text	OK	0x14813d6b0	.rdata	OK	0x142d26b30	.text	OK	0x142d3e0e0	.text	OK
Javelin::ClientMessages::ItemManagementComponentServerFacet_DebugOwnedItemTransactionTest	5432	javelin_rtti_static	STRUCTURALLY_CONSISTENT		0x14a196af0	.data	OK	0x14a196ae0	.data	OK	0x142d26cb0	.text	OK	0x14813d6e0	.rdata	OK	0x142d26c20	.text	OK	0x142d3dee0	.text	OK
Javelin::ClientMessages::PlayerTradeComponentServerFacet_TakeAllItems	2939	javelin_rtti_static	STRUCTURALLY_CONSISTENT		0x14a198120	.data	OK	0x14a198110	.data	OK	0x142d528e0	.text	OK	0x148140c38	.rdata	OK	0x142d52850	.text	OK	0x142d84540	.text	OK
Javelin::ClientMessages::PlayerTradeComponentServerFacet_TakeItem	2942	javelin_rtti_static	STRUCTURALLY_CONSISTENT		0x14a198080	.data	OK	0x14a198070	.data	OK	0x142d52b80	.text	OK	0x148140cf8	.rdata	OK	0x142d52af0	.text	OK	0x142d84740	.text	OK
Javelin::ClientMessages::PlayerTradeComponentServerFacet_EquipItems	6928	javelin_rtti_static	STRUCTURALLY_CONSISTENT		0x14a197fe0	.data	OK	0x14a197fd0	.data	OK	0x142d52ce0	.text	OK	0x148140d58	.rdata	OK	0x142d52c50	.text	OK	0x142d83f40	.text	OK
Javelin::ClientMessages::PlayerTradeComponentServerFacet_UnequipItemToContainer	6949	javelin_rtti_static	STRUCTURALLY_CONSISTENT		0x14a197f30	.data	OK	0x14a197f20	.data	OK	0x142d52d90	.text	OK	0x148140d88	.rdata	OK	0x142d52d00	.text	OK	0x142d84d40	.text	OK
Javelin::ClientMessages::PlayerTradeComponentServerFacet_GiveItem	2801	javelin_rtti_static	STRUCTURALLY_CONSISTENT		0x14a197e90	.data	OK	0x14a197e80	.data	OK	0x142d52e40	.text	OK	0x148140db8	.rdata	OK	0x142d52db0	.text	OK	0x142d84140	.text	OK
Javelin::ClientMessages::PlayerTradeComponentServerFacet_TakeItemsByClass	2945	javelin_rtti_static	STRUCTURALLY_CONSISTENT		0x14a197df0	.data	OK	0x14a197de0	.data	OK	0x142d531e0	.text	OK	0x148140e68	.rdata	OK	0x142d53150	.text	OK	0x142d84940	.text	OK
Javelin::ClientMessages::PlayerTradeComponentServerFacet_GiveItemsByClass	2946	javelin_rtti_static	STRUCTURALLY_CONSISTENT		0x14a197d50	.data	OK	0x14a197d40	.data	OK	0x142d53290	.text	OK	0x148140e98	.rdata	OK	0x142d53200	.text	OK	0x142d84340	.text	OK
Javelin::ClientMessages::PlayerTradeComponentServerFacet_EquipItem	1461	javelin_rtti_static	STRUCTURALLY_CONSISTENT		0x14a197cb0	.data	OK	0x14a197ca0	.data	OK	0x142d53520	.text	OK	0x148140f38	.rdata	OK	0x142d53450	.text	OK	0x142d83d40	.text	OK
Javelin::ClientMessages::PlayerTradeComponentServerFacet_UnequipItem	2950	javelin_rtti_static	STRUCTURALLY_CONSISTENT		0x14a197c10	.data	OK	0x14a197c00	.data	OK	0x142d53870	.text	OK	0x1481410c0	.rdata	OK	0x142d537e0	.text	OK	0x142d84b40	.text	OK
Javelin::ClientMessages::ContractsComponentClientFacet_OnCreateContract	634	javelin_rtti_static	STRUCTURALLY_CONSISTENT		0x14a1990a0	.data	OK	0x14a199090	.data	OK	0x142d9ce60	.text	OK	0x148146a08	.rdata	OK	0x142d9cdd0	.text	OK	0x142dd14d0	.text	OK
Javelin::ClientMessages::ContractsComponentClientFacet_OnCreateContractId	1488	javelin_rtti_static	STRUCTURALLY_CONSISTENT		0x14a199000	.data	OK	0x14a198ff0	.data	OK	0x142d9d610	.text	OK	0x148146ba0	.rdata	OK	0x142d9d580	.text	OK	0x142dd16d0	.text	OK
Javelin::ClientMessages::ContractsComponentClientFacet_OnLookupContracts	223	javelin_rtti_static	STRUCTURALLY_CONSISTENT		0x14a198f60	.data	OK	0x14a198f50	.data	OK	0x142d9db80	.text	OK	0x148146db0	.rdata	OK	0x142d9daf0	.text	OK	0x142dd1ed0	.text	OK
Javelin::ClientMessages::ContractsComponentClientFacet_OnLookupContractsByParticipant	2278	javelin_rtti_static	STRUCTURALLY_CONSISTENT		0x14a198eb0	.data	OK	0x14a198ea0	.data	OK	0x142d9dd20	.text	OK	0x148146e78	.rdata	OK	0x142d9dc90	.text	OK	0x142dd20d0	.text	OK
Javelin::ClientMessages::ContractsComponentClientFacet_OnAcceptContract	2962	javelin_rtti_static	STRUCTURALLY_CONSISTENT		0x14a198e10	.data	OK	0x14a198e00	.data	OK	0x142d9deb0	.text	OK	0x148146f08	.rdata	OK	0x142d9de20	.text	OK	0x142dd0ed0	.text	OK
Javelin::ClientMessages::ContractsComponentClientFacet_OnPartiallyCompleteContract	2451	javelin_rtti_static	STRUCTURALLY_CONSISTENT		0x14a198d60	.data	OK	0x14a198d50	.data	OK	0x142d9e050	.text	OK	0x148146f38	.rdata	OK	0x142d9dfc0	.text	OK	0x142dd22d0	.text	OK
Javelin::ClientMessages::ContractsComponentClientFacet_OnFullyCompleteContract	2964	javelin_rtti_static	STRUCTURALLY_CONSISTENT		0x14a198cb0	.data	OK	0x14a198ca0	.data	OK	0x142d9e3d0	.text	OK	0x148146f98	.rdata	OK	0x142d9e340	.text	OK	0x142dd1cd0	.text	OK
Javelin::ClientMessages::ContractsComponentClientFacet_OnExpireContract	917	javelin_rtti_static	STRUCTURALLY_CONSISTENT		0x14a198c10	.data	OK	0x14a198c00	.data	OK	0x142d9e560	.text	OK	0x148147090	.rdata	OK	0x142d9e4d0	.text	OK	0x142dd18d0	.text	OK
Javelin::ClientMessages::ContractsComponentClientFacet_OnCancelContract	2965	javelin_rtti_static	STRUCTURALLY_CONSISTENT		0x14a198b70	.data	OK	0x14a198b60	.data	OK	0x142d9ea10	.text	OK	0x148147200	.rdata	OK	0x142d9e980	.text	OK	0x142dd10d0	.text	OK
Javelin::ClientMessages::ContractsComponentClientFacet_OnFailContract	2967	javelin_rtti_static	STRUCTURALLY_CONSISTENT		0x14a198ad0	.data	OK	0x14a198ac0	.data	OK	0x142d9f1e0	.text	OK	0x1481473e8	.rdata	OK	0x142d9f150	.text	OK	0x142dd1ad0	.text	OK
Javelin::ClientMessages::ContractsComponentClientFacet_OnResolveContract	1117	javelin_rtti_static	STRUCTURALLY_CONSISTENT		0x14a198a30	.data	OK	0x14a198a20	.data	OK	0x142d9f3c0	.text	OK	0x1481474d0	.rdata	OK	0x142d9f330	.text	OK	0x142dd24d0	.text	OK
Javelin::ClientMessages::ContractsComponentClientFacet_OnContractActionFailed	1298	javelin_rtti_static	STRUCTURALLY_CONSISTENT		0x14a198990	.data	OK	0x14a198980	.data	OK	0x142d9f530	.text	OK	0x148147500	.rdata	OK	0x142d9f4a0	.text	OK	0x142dd12d0	.text	OK
Javelin::ClientMessages::ContractsComponentClientFacet_OnSearchContracts	2538	javelin_rtti_static	STRUCTURALLY_CONSISTENT		0x14a1988f0	.data	OK	0x14a1988e0	.data	OK	0x142d9f740	.text	OK	0x1481475a8	.rdata	OK	0x142d9f6b0	.text	OK	0x142dd2ad0	.text	OK
Javelin::ClientMessages::ContractsComponentClientFacet_OnSearchAggregateTopHitsByFieldContracts	5210	javelin_rtti_static	STRUCTURALLY_CONSISTENT		0x14a19a070	.data	OK	0x14a19a060	.data	OK	0x142d9fd20	.text	OK	0x148147658	.rdata	OK	0x142d9fc90	.text	OK	0x142dd26d0	.text	OK
Javelin::ClientMessages::ContractsComponentClientFacet_OnSearchAggregateTopHitsByMatchContracts	5211	javelin_rtti_static	STRUCTURALLY_CONSISTENT		0x14a199fb0	.data	OK	0x14a199fa0	.data	OK	0x142da02a0	.text	OK	0x148147828	.rdata	OK	0x142da0210	.text	OK	0x142dd28d0	.text	OK
Javelin::ClientMessages::ContractsComponentClientFacet_OnTransferContract	5638	javelin_rtti_static	STRUCTURALLY_CONSISTENT		0x14a199f10	.data	OK	0x14a199f00	.data	OK	0x142da06c0	.text	OK	0x148147888	.rdata	OK	0x142da05d0	.text	OK	0x142dd2cd0	.text	OK
Javelin::ClientMessages::ContractsComponentServerFacet_CreateContractRequest	2972	javelin_rtti_static	STRUCTURALLY_CONSISTENT		0x14a199e70	.data	OK	0x14a199e60	.data	OK	0x142da0a40	.text	OK	0x148147a18	.rdata	OK	0x142da09b0	.text	OK	0x142dd34d0	.text	OK
Javelin::ClientMessages::ContractsComponentServerFacet_AcceptContractRequest	2068	javelin_rtti_static	STRUCTURALLY_CONSISTENT		0x14a199dd0	.data	OK	0x14a199dc0	.data	OK	0x142da0bb0	.text	OK	0x148147a78	.rdata	OK	0x142da0b20	.text	OK	0x142dd2ed0	.text	OK
Javelin::ClientMessages::ContractsComponentServerFacet_CompleteContractRequest	2212	javelin_rtti_static	STRUCTURALLY_CONSISTENT		0x14a199d20	.data	OK	0x14a199d10	.data	OK	0x142da0c60	.text	OK	0x148147aa8	.rdata	OK	0x142da0bd0	.text	OK	0x142dd30d0	.text	OK
Javelin::ClientMessages::ContractsComponentServerFacet_LookupContracts	2975	javelin_rtti_static	STRUCTURALLY_CONSISTENT		0x14a199c80	.data	OK	0x14a199c70	.data	OK	0x142da0ee0	.text	OK	0x148147b28	.rdata	OK	0x142da0e50	.text	OK	0x142dd3cd0	.text	OK
Javelin::ClientMessages::ContractsComponentServerFacet_LookupContractsByParticipant	2556	javelin_rtti_static	STRUCTURALLY_CONSISTENT		0x14a199bd0	.data	OK	0x14a199bc0	.data	OK	0x142da14d0	.text	OK	0x148147ca0	.rdata	OK	0x142da1440	.text	OK	0x142dd3ed0	.text	OK
Javelin::ClientMessages::ContractsComponentServerFacet_InitiateServerTransferCheck	5255	javelin_rtti_static	STRUCTURALLY_CONSISTENT		0x14a199b20	.data	OK	0x14a199b10	.data	OK	0x142da1880	.text	OK	0x148147da0	.rdata	OK	0x142da17f0	.text	OK	0x142dd3ad0	.text	OK
Javelin::ClientMessages::ContractsComponentServerFacet_SearchContracts	832	javelin_rtti_static	STRUCTURALLY_CONSISTENT		0x14a199a80	.data	OK	0x14a199a70	.data	OK	0x142da1930	.text	OK	0x148147e00	.rdata	OK	0x142da18a0	.text	OK	0x142dd40d0	.text	OK
Javelin::ClientMessages::ContractsComponentServerFacet_SearchTopHitsByFieldContracts	5209	javelin_rtti_static	STRUCTURALLY_CONSISTENT		0x14a1999d0	.data	OK	0x14a1999c0	.data	OK	0x142da1bc0	.text	OK	0x148147e50	.rdata	OK	0x142da1b30	.text	OK	0x142dd42d0	.text	OK
Javelin::ClientMessages::ContractsComponentServerFacet_SearchTopHitsByMatchContracts	5212	javelin_rtti_static	STRUCTURALLY_CONSISTENT		0x14a199920	.data	OK	0x14a199910	.data	OK	0x142da2110	.text	OK	0x148147f28	.rdata	OK	0x142da2080	.text	OK	0x142dd44d0	.text	OK
Javelin::ClientMessages::ContractsComponentServerFacet_TransferContract	5641	javelin_rtti_static	STRUCTURALLY_CONSISTENT		0x14a199880	.data	OK	0x14a199870	.data	OK	0x142da2430	.text	OK	0x148148008	.rdata	OK	0x142da23a0	.text	OK	0x142dd4ad0	.text	OK
Javelin::ClientMessages::ContractsComponentServerFacet_TestMakeGoodWorldTransfer	5667	javelin_rtti_static	STRUCTURALLY_CONSISTENT		0x14a1997d0	.data	OK	0x14a1997c0	.data	OK	0x142da2b10	.text	OK	0x148148140	.rdata	OK	0x142da2a80	.text	OK	0x142dd48d0	.text	OK
Javelin::ClientMessages::ContractsComponentServerFacet_CreateDebugContract	1088	javelin_rtti_static	STRUCTURALLY_CONSISTENT		0x14a199730	.data	OK	0x14a199720	.data	OK	0x142da2e60	.text	OK	0x148148258	.rdata	OK	0x142da2dd0	.text	OK	0x142dd36d0	.text	OK
Javelin::ClientMessages::ContractsComponentServerFacet_CompleteDebugContract	1225	javelin_rtti_static	STRUCTURALLY_CONSISTENT		0x14a199690	.data	OK	0x14a199680	.data	OK	0x142da3280	.text	OK	0x1481482c8	.rdata	OK	0x142da31f0	.text	OK	0x142dd32d0	.text	OK
Javelin::ClientMessages::ContractsComponentServerFacet_UpdateDebugContract	2976	javelin_rtti_static	STRUCTURALLY_CONSISTENT		0x14a1995f0	.data	OK	0x14a1995e0	.data	OK	0x142da34a0	.text	OK	0x1481483d0	.rdata	OK	0x142da3410	.text	OK	0x142dd4cd0	.text	OK
Javelin::ClientMessages::ContractsComponentServerFacet_SetDebugSendContractEventsToClient	2977	javelin_rtti_static	STRUCTURALLY_CONSISTENT		0x14a199540	.data	OK	0x14a199530	.data	OK	0x142da3850	.text	OK	0x1481484c8	.rdata	OK	0x142da37c0	.text	OK	0x142dd46d0	.text	OK
Javelin::ClientMessages::ContractsComponentServerFacet_DebugUpdateContractDuration	2978	javelin_rtti_static	STRUCTURALLY_CONSISTENT		0x14a199490	.data	OK	0x14a199480	.data	OK	0x142da3d70	.text	OK	0x148148510	.rdata	OK	0x142da3ce0	.text	OK	0x142dd38d0	.text	OK
Javelin::ClientMessages::CraftingComponentClientFacet_OnCraftingProgressUpdate	2993	javelin_rtti_static	STRUCTURALLY_CONSISTENT		0x14a19b5a0	.data	OK	0x14a19b590	.data	OK	0x142df1720	.text	OK	0x14814ceb0	.rdata	OK	0x142df1690	.text	OK	0x142e532c0	.text	OK
Javelin::ClientMessages::CraftingComponentClientFacet_OnSyncCraftingKits	296	javelin_rtti_static	STRUCTURALLY_CONSISTENT		0x14a19b500	.data	OK	0x14a19b4f0	.data	OK	0x142df1900	.text	OK	0x14814cf10	.rdata	OK	0x142df1870	.text	OK	0x142e534c0	.text	OK
Javelin::ClientMessages::CraftingComponentServerFacet_InitiateSalvage	1733	javelin_rtti_static	STRUCTURALLY_CONSISTENT		0x14a19b460	.data	OK	0x14a19b450	.data	OK	0x142df19b0	.text	OK	0x14814cf40	.rdata	OK	0x142df1920	.text	OK	0x142e544c0	.text	OK
Javelin::ClientMessages::CraftingComponentServerFacet_InitiateSalvageByClass	6024	javelin_rtti_static	STRUCTURALLY_CONSISTENT		0x14a19b3c0	.data	OK	0x14a19b3b0	.data	OK	0x142df1a60	.text	OK	0x14814d038	.rdata	OK	0x142df19d0	.text	OK	0x142e546c0	.text	OK
Javelin::ClientMessages::CraftingComponentServerFacet_SalvageItemsInInventory	6188	javelin_rtti_static	STRUCTURALLY_CONSISTENT		0x14a19b320	.data	OK	0x14a19b310	.data	OK	0x142df1b10	.text	OK	0x14814d068	.rdata	OK	0x142df1a80	.text	OK	0x142e548c0	.text	OK
Javelin::ClientMessages::CraftingComponentServerFacet_InitiatePaperdollDye	2224	javelin_rtti_static	STRUCTURALLY_CONSISTENT		0x14a19b280	.data	OK	0x14a19b270	.data	OK	0x142df1ce0	.text	OK	0x14814d0d8	.rdata	OK	0x142df1c50	.text	OK	0x142e542c0	.text	OK
Javelin::ClientMessages::CraftingComponentServerFacet_InitiateInventoryItemDye	2994	javelin_rtti_static	STRUCTURALLY_CONSISTENT		0x14a19b1d0	.data	OK	0x14a19b1c0	.data	OK	0x142df22c0	.text	OK	0x14814d1f8	.rdata	OK	0x142df2230	.text	OK	0x142e53ec0	.text	OK
Javelin::ClientMessages::CraftingComponentServerFacet_InitiateMountDye	6026	javelin_rtti_static	STRUCTURALLY_CONSISTENT		0x14a19b130	.data	OK	0x14a19b120	.data	OK	0x142df2460	.text	OK	0x14814d240	.rdata	OK	0x142df23d0	.text	OK	0x142e540c0	.text	OK
Javelin::ClientMessages::CraftingComponentServerFacet_SetCraftingDetails	2997	javelin_rtti_static	STRUCTURALLY_CONSISTENT		0x14a19b090	.data	OK	0x14a19b080	.data	OK	0x142df25c0	.text	OK	0x14814d2a0	.rdata	OK	0x142df2530	.text	OK	0x142e54ac0	.text	OK
Javelin::ClientMessages::CraftingComponentServerFacet_Debug_SetRequiredLevelLimit	2998	javelin_rtti_static	STRUCTURALLY_CONSISTENT		0x14a19afe0	.data	OK	0x14a19afd0	.data	OK	0x142df2670	.text	OK	0x14814d2d0	.rdata	OK	0x142df25e0	.text	OK	0x142e53cc0	.text	OK
Javelin::ClientMessages::CraftingComponentServerFacet_Debug_GiveRecipeItems	5119	javelin_rtti_static	STRUCTURALLY_CONSISTENT		0x14a19af40	.data	OK	0x14a19af30	.data	OK	0x142df28f0	.text	OK	0x14814d330	.rdata	OK	0x142df2860	.text	OK	0x142e53ac0	.text	OK
Javelin::ClientMessages::CraftingComponentServerFacet_Debug_ClearCooldown	5249	javelin_rtti_static	STRUCTURALLY_CONSISTENT		0x14a19aea0	.data	OK	0x14a19ae90	.data	OK	0x142df2d90	.text	OK	0x14814d480	.rdata	OK	0x142df2d00	.text	OK	0x142e538c0	.text	OK
Javelin::ClientMessages::CraftingComponentServerFacet_CancelCrafting	2999	javelin_rtti_static	STRUCTURALLY_CONSISTENT		0x14a19ae00	.data	OK	0x14a19adf0	.data	OK	0x142df2e40	.text	OK	0x14814d4b0	.rdata	OK	0x142df2db0	.text	OK	0x142e536c0	.text	OK
Javelin::ClientMessages::ItemRepairComponentServerFacet_InitiateRepair	3003	javelin_rtti_static	STRUCTURALLY_CONSISTENT		0x14a19c940	.data	OK	0x14a19c930	.data	OK	0x142e8d6f0	.text	OK	0x148154fc8	.rdata	OK	0x142e8d660	.text	OK	0x142eb3f00	.text	OK
Javelin::ClientMessages::ItemRepairComponentServerFacet_RequestSlotItemWithGem	2526	javelin_rtti_static	STRUCTURALLY_CONSISTENT		0x14a19c890	.data	OK	0x14a19c880	.data	OK	0x142e8d7a0	.text	OK	0x148154ff8	.rdata	OK	0x142e8d710	.text	OK	0x142eb4900	.text	OK
Javelin::ClientMessages::ItemRepairComponentServerFacet_RequestSlotItemWithCharm	6983	javelin_rtti_static	STRUCTURALLY_CONSISTENT		0x14a19c7e0	.data	OK	0x14a19c7d0	.data	OK	0x142e8d8a0	.text	OK	0x148155028	.rdata	OK	0x142e8d810	.text	OK	0x142eb4700	.text	OK
Javelin::ClientMessages::ItemRepairComponentServerFacet_ClearCharmRequests	7038	javelin_rtti_static	STRUCTURALLY_CONSISTENT		0x14a19c740	.data	OK	0x14a19c730	.data	OK	0x142e8dac0	.text	OK	0x148155158	.rdata	OK	0x142e8da30	.text	OK	0x142eb3d00	.text	OK
Javelin::ClientMessages::ItemRepairComponentServerFacet_RepairAllItemClass	2079	javelin_rtti_static	STRUCTURALLY_CONSISTENT		0x14a19c6a0	.data	OK	0x14a19c690	.data	OK	0x142e8dc60	.text	OK	0x148155278	.rdata	OK	0x142e8dbd0	.text	OK	0x142eb4300	.text	OK
Javelin::ClientMessages::ItemRepairComponentServerFacet_RepairAllEquipment	3007	javelin_rtti_static	STRUCTURALLY_CONSISTENT		0x14a19c600	.data	OK	0x14a19c5f0	.data	OK	0x142e8dd10	.text	OK	0x1481552a8	.rdata	OK	0x142e8dc80	.text	OK	0x142eb4100	.text	OK
Javelin::ClientMessages::ItemRepairComponentServerFacet_RequestSetLockState	2549	javelin_rtti_static	STRUCTURALLY_CONSISTENT		0x14a19c560	.data	OK	0x14a19c550	.data	OK	0x142e8ddc0	.text	OK	0x1481552d8	.rdata	OK	0x142e8dd30	.text	OK	0x142eb4500	.text	OK
Javelin::ClientMessages::ItemRepairComponentServerFacet_RequestUpgradeItemGearScore	3008	javelin_rtti_static	STRUCTURALLY_CONSISTENT		0x14a19c4b0	.data	OK	0x14a19c4a0	.data	OK	0x142e8e010	.text	OK	0x148155350	.rdata	OK	0x142e8df80	.text	OK	0x142eb4b00	.text	OK
Javelin::ClientMessages::PrefabRefineryComponentClientFacet_SetRefineryState	3010	javelin_rtti_static	STRUCTURALLY_CONSISTENT		0x14a19ca50	.data	OK	0x14a19ca40	.data	OK	0x142e8d4f0	.text	OK	0x148154f68	.rdata	OK	0x142e8d460	.text	OK	0x142eb4d00	.text	OK
Javelin::ClientMessages::PlayerCutsceneComponentServerFacet_OnClientRequestStartCutscene	6703	javelin_rtti_static	STRUCTURALLY_CONSISTENT		0x14a19d7d0	.data	OK	0x14a19d7c0	.data	OK	0x142ec57f0	.text	OK	0x148158bf0	.rdata	OK	0x142ec5760	.text	OK	0x142ef69f0	.text	OK
Javelin::ClientMessages::PlayerCutsceneComponentServerFacet_OnClientCutsceneStarted	6706	javelin_rtti_static	STRUCTURALLY_CONSISTENT		0x14a19d720	.data	OK	0x14a19d710	.data	OK	0x142ec58a0	.text	OK	0x148158c20	.rdata	OK	0x142ec5810	.text	OK	0x142ef67f0	.text	OK
Javelin::ClientMessages::PlayerCutsceneComponentServerFacet_OnClientCutsceneEnded	6705	javelin_rtti_static	STRUCTURALLY_CONSISTENT		0x14a19d670	.data	OK	0x14a19d660	.data	OK	0x142ec5950	.text	OK	0x148158c50	.rdata	OK	0x142ec58c0	.text	OK	0x142ef65f0	.text	OK
Javelin::ClientMessages::PlayerCutsceneComponentClientFacet_OnServerCutsceneRequestGranted	6707	javelin_rtti_static	STRUCTURALLY_CONSISTENT		0x14a19d5c0	.data	OK	0x14a19d5b0	.data	OK	0x142ec5d80	.text	OK	0x148158cc8	.rdata	OK	0x142ec5cf0	.text	OK	0x142ef5ff0	.text	OK
Javelin::ClientMessages::PlayerCutsceneComponentClientFacet_OnServerCutsceneCanceled	6708	javelin_rtti_static	STRUCTURALLY_CONSISTENT		0x14a19d510	.data	OK	0x14a19d500	.data	OK	0x142ec5e30	.text	OK	0x148158cf8	.rdata	OK	0x142ec5da0	.text	OK	0x142ef5bf0	.text	OK
Javelin::ClientMessages::PlayerCutsceneComponentClientFacet_OnServerCutsceneEndRequestFinalized	6709	javelin_rtti_static	STRUCTURALLY_CONSISTENT		0x14a19d450	.data	OK	0x14a19d440	.data	OK	0x142ec5fd0	.text	OK	0x148158d40	.rdata	OK	0x142ec5f40	.text	OK	0x142ef5df0	.text	OK
Javelin::ClientMessages::PlayerCutsceneComponentServerFacet_NotifyCinematicStarted	6606	javelin_rtti_static	STRUCTURALLY_CONSISTENT		0x14a19d3a0	.data	OK	0x14a19d390	.data	OK	0x142ec61f0	.text	OK	0x148158e20	.rdata	OK	0x142ec6160	.text	OK	0x142ef63f0	.text	OK
Javelin::ClientMessages::PlayerCutsceneComponentServerFacet_NotifyCinematicEnded	6542	javelin_rtti_static	STRUCTURALLY_CONSISTENT		0x14a19d2f0	.data	OK	0x14a19d2e0	.data	OK	0x142ec62a0	.text	OK	0x148158e78	.rdata	OK	0x142ec6210	.text	OK	0x142ef61f0	.text	OK
Javelin::ClientMessages::DebugComponentClientFacet_OnAiSpawnInfoResponce	1032	javelin_rtti_static	STRUCTURALLY_CONSISTENT		0x14a19e6b0	.data	OK	0x14a19e6a0	.data	OK	0x142f1a740	.text	OK	0x148160118	.rdata	OK	0x142f1a6b0	.text	OK	0x142f33ad0	.text	OK
Javelin::ClientMessages::DebugComponentClientFacet_OnAiSpawnInfoTimeout	3043	javelin_rtti_static	STRUCTURALLY_CONSISTENT		0x14a19e610	.data	OK	0x14a19e600	.data	OK	0x142f1a990	.text	OK	0x1481601d8	.rdata	OK	0x142f1a900	.text	OK	0x142f33cd0	.text	OK
Javelin::ClientMessages::DebugComponentServerFacet_StartLogging	3044	javelin_rtti_static	STRUCTURALLY_CONSISTENT		0x14a19e570	.data	OK	0x14a19e560	.data	OK	0x142f1aad0	.text	OK	0x148160250	.rdata	OK	0x142f1aa40	.text	OK	0x142f358d0	.text	OK
Javelin::ClientMessages::DebugComponentServerFacet_StopLogging	3045	javelin_rtti_static	STRUCTURALLY_CONSISTENT		0x14a19e4d0	.data	OK	0x14a19e4c0	.data	OK	0x142f1ab80	.text	OK	0x148160280	.rdata	OK	0x142f1aaf0	.text	OK	0x142f35ad0	.text	OK
Javelin::ClientMessages::DebugComponentServerFacet_UpdateLogChannels	3048	javelin_rtti_static	STRUCTURALLY_CONSISTENT		0x14a19e430	.data	OK	0x14a19e420	.data	OK	0x142f1ad00	.text	OK	0x1481602b0	.rdata	OK	0x142f1ac70	.text	OK	0x142f360d0	.text	OK
Javelin::ClientMessages::DebugComponentServerFacet_SyncCameraRelativeMotionFromClient	3049	javelin_rtti_static	STRUCTURALLY_CONSISTENT		0x14a19e380	.data	OK	0x14a19e370	.data	OK	0x142f1b090	.text	OK	0x148160470	.rdata	OK	0x142f1b000	.text	OK	0x142f35cd0	.text	OK
Javelin::ClientMessages::DebugComponentServerFacet_SetGodModeFromClient	5956	javelin_rtti_static	STRUCTURALLY_CONSISTENT		0x14a19e2e0	.data	OK	0x14a19e2d0	.data	OK	0x142f1b140	.text	OK	0x1481604a0	.rdata	OK	0x142f1b0b0	.text	OK	0x142f350d0	.text	OK
Javelin::ClientMessages::DebugComponentServerFacet_RespondGodModeRequest	5958	javelin_rtti_static	STRUCTURALLY_CONSISTENT		0x14a19e240	.data	OK	0x14a19e230	.data	OK	0x142f1b670	.text	OK	0x148160598	.rdata	OK	0x142f1b5e0	.text	OK	0x142f348d0	.text	OK
Javelin::ClientMessages::DebugComponentClientFacet_OnToggleGodModeReceived	5959	javelin_rtti_static	STRUCTURALLY_CONSISTENT		0x14a19e1a0	.data	OK	0x14a19e190	.data	OK	0x142f1b870	.text	OK	0x1481605e0	.rdata	OK	0x142f1b7e0	.text	OK	0x142f340d0	.text	OK
Javelin::ClientMessages::DebugComponentServerFacet_SetInvulnerabilityFromClient	5973	javelin_rtti_static	STRUCTURALLY_CONSISTENT		0x14a19e0f0	.data	OK	0x14a19e0e0	.data	OK	0x142f1b930	.text	OK	0x148160610	.rdata	OK	0x142f1b8a0	.text	OK	0x142f356d0	.text	OK
Javelin::ClientMessages::DebugComponentServerFacet_SetInvincibilityFromClient	5971	javelin_rtti_static	STRUCTURALLY_CONSISTENT		0x14a19efa0	.data	OK	0x14a19ef90	.data	OK	0x142f1bae0	.text	OK	0x148160658	.rdata	OK	0x142f1ba50	.text	OK	0x142f354d0	.text	OK
Javelin::ClientMessages::DebugComponentServerFacet_SetIgnoredByAIFromClient	1107	javelin_rtti_static	STRUCTURALLY_CONSISTENT		0x14a19ef00	.data	OK	0x14a19eef0	.data	OK	0x142f1bcb0	.text	OK	0x1481606a0	.rdata	OK	0x142f1bc20	.text	OK	0x142f352d0	.text	OK
Javelin::ClientMessages::DebugComponentServerFacet_RespondIgnoredByAIRequest	5277	javelin_rtti_static	STRUCTURALLY_CONSISTENT		0x14a19ee60	.data	OK	0x14a19ee50	.data	OK	0x142f1bfc0	.text	OK	0x1481607b8	.rdata	OK	0x142f1bf30	.text	OK	0x142f34ad0	.text	OK
Javelin::ClientMessages::DebugComponentClientFacet_OnIgnoredByAIReceived	5278	javelin_rtti_static	STRUCTURALLY_CONSISTENT		0x14a19edc0	.data	OK	0x14a19edb0	.data	OK	0x142f1c070	.text	OK	0x1481607e8	.rdata	OK	0x142f1bfe0	.text	OK	0x142f33ed0	.text	OK
Javelin::ClientMessages::DebugComponentServerFacet_ResetTradeSkillFromClient	1268	javelin_rtti_static	STRUCTURALLY_CONSISTENT		0x14a19ed20	.data	OK	0x14a19ed10	.data	OK	0x142f1c4c0	.text	OK	0x148160890	.rdata	OK	0x142f1c430	.text	OK	0x142f346d0	.text	OK
Javelin::ClientMessages::DebugComponentServerFacet_SendAiSpawnInfoRequest	3052	javelin_rtti_static	STRUCTURALLY_CONSISTENT		0x14a19ec80	.data	OK	0x14a19ec70	.data	OK	0x142f13a10	.text	OK	0x14815e520	.rdata	OK	0x142f13980	.text	OK	0x142f34cd0	.text	OK
Javelin::ClientMessages::DebugComponentServerFacet_FakeAISpawnRequests	6737	javelin_rtti_static	STRUCTURALLY_CONSISTENT		0x14a19ebe0	.data	OK	0x14a19ebd0	.data	OK	0x142f13c00	.text	OK	0x14815e598	.rdata	OK	0x142f13b70	.text	OK	0x142f344d0	.text	OK
Javelin::ClientMessages::DebugComponentServerFacet_TestHttpClientShutdown	4962	javelin_rtti_static	STRUCTURALLY_CONSISTENT		0x14a19eb40	.data	OK	0x14a19eb30	.data	OK	0x142f13e20	.text	OK	0x14815e6a0	.rdata	OK	0x142f13d90	.text	OK	0x142f35ed0	.text	OK
Javelin::ClientMessages::DebugComponentServerFacet_ServerGetStackConfig	4994	javelin_rtti_static	STRUCTURALLY_CONSISTENT		0x14a19eaa0	.data	OK	0x14a19ea90	.data	OK	0x142f13ed0	.text	OK	0x14815e6d0	.rdata	OK	0x142f13e40	.text	OK	0x142f34ed0	.text	OK
Javelin::ClientMessages::DebugComponentClientFacet_ReceiveConfigValue	4995	javelin_rtti_static	STRUCTURALLY_CONSISTENT		0x14a19ea00	.data	OK	0x14a19e9f0	.data	OK	0x142f14140	.text	OK	0x14815e7c8	.rdata	OK	0x142f140b0	.text	OK	0x142f342d0	.text	OK
Javelin::ClientMessages::DebugConsolePlayerComponentServerFacet_EnableReplication	6151	javelin_rtti_static	STRUCTURALLY_CONSISTENT		0x14a19e950	.data	OK	0x14a19e940	.data	OK	0x142f15c90	.text	OK	0x14815ee90	.rdata	OK	0x142f15c00	.text	OK	0x142f362d0	.text	OK
Javelin::ClientMessages::DebugConsolePlayerComponentServerFacet_TeleportToPlayer	6226	javelin_rtti_static	STRUCTURALLY_CONSISTENT		0x14a19e8a0	.data	OK	0x14a19e890	.data	OK	0x142f15e10	.text	OK	0x14815ef18	.rdata	OK	0x142f15d80	.text	OK	0x142f364d0	.text	OK
Javelin::ClientMessages::DebugVisualizationComponentClientFacet_AddShape	170	javelin_rtti_static	STRUCTURALLY_CONSISTENT		0x14a19e800	.data	OK	0x14a19e7f0	.data	OK	0x142f18a40	.text	OK	0x14815faa0	.rdata	OK	0x142f189b0	.text	OK	0x142f366d0	.text	OK
Javelin::ClientMessages::DebugVisualizationComponentClientFacet_ConfigScreenLogClient	1968	javelin_rtti_static	STRUCTURALLY_CONSISTENT		0x14a19e750	.data	OK	0x14a19e740	.data	OK	0x142f18af0	.text	OK	0x14815fad0	.rdata	OK	0x142f18a60	.text	OK	0x142f368d0	.text	OK
Javelin::ClientMessages::IComponentDebugHelperServer_RegisterClientForDebug	4852	javelin_rtti_static	STRUCTURALLY_CONSISTENT		0x14a19fbf0	.data	OK	0x14a19fbe0	.data	OK	0x142f47920	.text	OK	0x1481642f0	.rdata	OK	0x142f47890	.text	OK	0x142f558b0	.text	OK
Javelin::ClientMessages::IComponentDebugHelperServer_UnregisterClientForDebug	4849	javelin_rtti_static	STRUCTURALLY_CONSISTENT		0x14a19fb50	.data	OK	0x14a19fb40	.data	OK	0x142f479d0	.text	OK	0x148164360	.rdata	OK	0x142f47940	.text	OK	0x142f55ab0	.text	OK
Javelin::ClientMessages::DifficultyScaledByParticipantsComponentClientFacet_SyncDebugData	6851	javelin_rtti_static	STRUCTURALLY_CONSISTENT		0x14a19f9b0	.data	OK	0x14a19f9a0	.data	OK	0x142f455f0	.text	OK	0x148163b18	.rdata	OK	0x142f45560	.text	OK	0x142f554b0	.text	OK
Javelin::ClientMessages::LandClaimManagerComponentServerFacet_DebugRequestSetFactionControlPointOwner	6036	javelin_rtti_static	STRUCTURALLY_CONSISTENT		0x14a1a08d0	.data	OK	0x14a1a08c0	.data	OK	0x142f60360	.text	OK	0x148166fb0	.rdata	OK	0x142f602d0	.text	OK	0x142f825d0	.text	OK
Javelin::ClientMessages::SettlementComponentServerFacet_OnTerritoryProgressionUpdateDebug	3091	javelin_rtti_static	STRUCTURALLY_CONSISTENT		0x14a1a0720	.data	OK	0x14a1a0710	.data	OK	0x142f5e390	.text	OK	0x1481669c8	.rdata	OK	0x142f5e300	.text	OK	0x142f829d0	.text	OK
Javelin::ClientMessages::DungeonEntranceClientFacet_OnDungeonActivateResult	3094	javelin_rtti_static	STRUCTURALLY_CONSISTENT		0x14a1a1180	.data	OK	0x14a1a1170	.data	OK	0x142fa6300	.text	OK	0x14816aef8	.rdata	OK	0x142fa6270	.text	OK	0x142ff73e0	.text	OK
Javelin::ClientMessages::DungeonEntranceServerFacet_DebugUpdateRandomDungeon	1207	javelin_rtti_static	STRUCTURALLY_CONSISTENT		0x14a1a10e0	.data	OK	0x14a1a10d0	.data	OK	0x142fa63b0	.text	OK	0x14816af28	.rdata	OK	0x142fa6320	.text	OK	0x142ff79e0	.text	OK
Javelin::ClientMessages::DungeonEntranceServerFacet_DebugEnterMutatedDungeon	3104	javelin_rtti_static	STRUCTURALLY_CONSISTENT		0x14a1a1040	.data	OK	0x14a1a1030	.data	OK	0x142fa6460	.text	OK	0x14816af80	.rdata	OK	0x142fa63d0	.text	OK	0x142ff77e0	.text	OK
Javelin::ClientMessages::EconomyTrackerComponentServerFacet_Debug_SyncMonitorData	4840	javelin_rtti_static	STRUCTURALLY_CONSISTENT		0x14a1a1e60	.data	OK	0x14a1a1e50	.data	OK	0x143013910	.text	OK	0x1481717c8	.rdata	OK	0x143013820	.text	OK	0x143039b10	.text	OK
Javelin::ClientMessages::EconomyTrackerComponentServerFacet_Debug_ResetMonitorData	4841	javelin_rtti_static	STRUCTURALLY_CONSISTENT		0x14a1a1db0	.data	OK	0x14a1a1da0	.data	OK	0x143013b40	.text	OK	0x1481718f0	.rdata	OK	0x143013ab0	.text	OK	0x143039910	.text	OK
Javelin::ClientMessages::EconomyTrackerComponentClientFacet_Debug_OnSyncMonitorData	4839	javelin_rtti_static	STRUCTURALLY_CONSISTENT		0x14a1a1d00	.data	OK	0x14a1a1cf0	.data	OK	0x143013ce0	.text	OK	0x148171938	.rdata	OK	0x143013c50	.text	OK	0x143039710	.text	OK
Javelin::ClientMessages::EntitlementComponentClientFacet_DebugReceiveInitializeTransactionResult	3107	javelin_rtti_static	STRUCTURALLY_CONSISTENT		0x14a1a31f0	.data	OK	0x14a1a31e0	.data	OK	0x1430150b0	.text	OK	0x148171f18	.rdata	OK	0x143015020	.text	OK	0x143039d10	.text	OK
Javelin::ClientMessages::EntitlementComponentClientFacet_DebugReceiveTransactionResult	3110	javelin_rtti_static	STRUCTURALLY_CONSISTENT		0x14a1a3140	.data	OK	0x14a1a3130	.data	OK	0x1430153a0	.text	OK	0x148172048	.rdata	OK	0x143015310	.text	OK	0x14303a110	.text	OK
Javelin::ClientMessages::EntitlementComponentClientFacet_DebugReceiveRefundTransactionResult	6264	javelin_rtti_static	STRUCTURALLY_CONSISTENT		0x14a1a3090	.data	OK	0x14a1a3080	.data	OK	0x143015c90	.text	OK	0x148172268	.rdata	OK	0x143015bf0	.text	OK	0x143039f10	.text	OK
Javelin::ClientMessages::EntitlementComponentServerFacet_DebugRequestUnlockGameplayEntitlement	3112	javelin_rtti_static	STRUCTURALLY_CONSISTENT		0x14a1a2fd0	.data	OK	0x14a1a2fc0	.data	OK	0x143015f90	.text	OK	0x1481723a0	.rdata	OK	0x143015f00	.text	OK	0x14303c310	.text	OK
Javelin::ClientMessages::EntitlementComponentServerFacet_DebugRequestLockGameplayEntitlement	5253	javelin_rtti_static	STRUCTURALLY_CONSISTENT		0x14a1a2f20	.data	OK	0x14a1a2f10	.data	OK	0x143016270	.text	OK	0x148172460	.rdata	OK	0x1430161e0	.text	OK	0x14303c110	.text	OK
Javelin::ClientMessages::EntitlementComponentClientFacet_OnRequestSuccess	1285	javelin_rtti_static	STRUCTURALLY_CONSISTENT		0x14a1a2e80	.data	OK	0x14a1a2e70	.data	OK	0x143016320	.text	OK	0x148172490	.rdata	OK	0x143016290	.text	OK	0x14303ad10	.text	OK
Javelin::ClientMessages::EntitlementComponentClientFacet_OnRequestFail	3113	javelin_rtti_static	STRUCTURALLY_CONSISTENT		0x14a1a2de0	.data	OK	0x14a1a2dd0	.data	OK	0x1430164c0	.text	OK	0x1481724f0	.rdata	OK	0x143016430	.text	OK	0x14303a910	.text	OK
Javelin::ClientMessages::EntitlementComponentClientFacet_OnRequestInitialized	5936	javelin_rtti_static	STRUCTURALLY_CONSISTENT		0x14a1a2d40	.data	OK	0x14a1a2d30	.data	OK	0x1430165c0	.text	OK	0x148172550	.rdata	OK	0x143016530	.text	OK	0x14303ab10	.text	OK
Javelin::ClientMessages::EntitlementComponentClientFacet_OnShowPenaltyMessage	6696	javelin_rtti_static	STRUCTURALLY_CONSISTENT		0x14a1a2ca0	.data	OK	0x14a1a2c90	.data	OK	0x143016900	.text	OK	0x148172658	.rdata	OK	0x143016870	.text	OK	0x14303af10	.text	OK
Javelin::ClientMessages::EntitlementComponentClientFacet_OnMutePenaltyNotExpired	6695	javelin_rtti_static	STRUCTURALLY_CONSISTENT		0x14a1a2bf0	.data	OK	0x14a1a2be0	.data	OK	0x143016c10	.text	OK	0x1481726d8	.rdata	OK	0x143016b80	.text	OK	0x14303a710	.text	OK
Javelin::ClientMessages::EntitlementComponentServerFacet_RequestServerGetEntitlements	3118	javelin_rtti_static	STRUCTURALLY_CONSISTENT		0x14a1a2b40	.data	OK	0x14a1a2b30	.data	OK	0x143017220	.text	OK	0x1481728b8	.rdata	OK	0x143017190	.text	OK	0x14303d110	.text	OK
Javelin::ClientMessages::EntitlementComponentServerFacet_RequestServerSyncEntitlements	3120	javelin_rtti_static	STRUCTURALLY_CONSISTENT		0x14a1a2a90	.data	OK	0x14a1a2a80	.data	OK	0x1430173f0	.text	OK	0x148172918	.rdata	OK	0x143017360	.text	OK	0x14303d310	.text	OK
Javelin::ClientMessages::EntitlementComponentServerFacet_RequestResetEntitlements	4821	javelin_rtti_static	STRUCTURALLY_CONSISTENT		0x14a1a29e0	.data	OK	0x14a1a29d0	.data	OK	0x143017790	.text	OK	0x148172968	.rdata	OK	0x143017700	.text	OK	0x14303cf10	.text	OK
Javelin::ClientMessages::EntitlementComponentServerFacet_RequestSyncPrimeGaming	5005	javelin_rtti_static	STRUCTURALLY_CONSISTENT		0x14a1a2930	.data	OK	0x14a1a2920	.data	OK	0x143017c20	.text	OK	0x148172b20	.rdata	OK	0x143017b90	.text	OK	0x14303d510	.text	OK
Javelin::ClientMessages::EntitlementComponentServerFacet_ClientInitializeTransaction	898	javelin_rtti_static	STRUCTURALLY_CONSISTENT		0x14a1a2880	.data	OK	0x14a1a2870	.data	OK	0x143017dc0	.text	OK	0x148172d98	.rdata	OK	0x143017d30	.text	OK	0x14303b710	.text	OK
Javelin::ClientMessages::EntitlementComponentServerFacet_ConfirmTransactionWithClientTransactionId	5683	javelin_rtti_static	STRUCTURALLY_CONSISTENT		0x14a1a27c0	.data	OK	0x14a1a27b0	.data	OK	0x143017f70	.text	OK	0x148172e60	.rdata	OK	0x143017ee0	.text	OK	0x14303bb10	.text	OK
Javelin::ClientMessages::EntitlementComponentServerFacet_ClientConfirmTransaction	6666	javelin_rtti_static	STRUCTURALLY_CONSISTENT		0x14a1a2710	.data	OK	0x14a1a2700	.data	OK	0x143018120	.text	OK	0x148172ed8	.rdata	OK	0x143018090	.text	OK	0x14303b310	.text	OK
Javelin::ClientMessages::EntitlementComponentServerFacet_ClientDeleteTransaction	6668	javelin_rtti_static	STRUCTURALLY_CONSISTENT		0x14a1a2660	.data	OK	0x14a1a2650	.data	OK	0x143018430	.text	OK	0x148172fd8	.rdata	OK	0x1430183a0	.text	OK	0x14303b510	.text	OK
Javelin::ClientMessages::EntitlementComponentServerFacet_ClientTransactionCancelled	6667	javelin_rtti_static	STRUCTURALLY_CONSISTENT		0x14a1a25b0	.data	OK	0x14a1a25a0	.data	OK	0x1430186a0	.text	OK	0x148173080	.rdata	OK	0x143018610	.text	OK	0x14303b910	.text	OK
Javelin::ClientMessages::EntitlementComponentServerFacet_InitializeTransaction	3126	javelin_rtti_static	STRUCTURALLY_CONSISTENT		0x14a1a2500	.data	OK	0x14a1a24f0	.data	OK	0x143018750	.text	OK	0x1481730b0	.rdata	OK	0x1430186c0	.text	OK	0x14303c910	.text	OK
Javelin::ClientMessages::EntitlementComponentServerFacet_DebugSetEntitlement	3128	javelin_rtti_static	STRUCTURALLY_CONSISTENT		0x14a1a2460	.data	OK	0x14a1a2450	.data	OK	0x1430188d0	.text	OK	0x148173110	.rdata	OK	0x143018840	.text	OK	0x14303c510	.text	OK
Javelin::ClientMessages::EntitlementComponentServerFacet_DebugSetTransactionResponseReceiver	3129	javelin_rtti_static	STRUCTURALLY_CONSISTENT		0x14a1a23b0	.data	OK	0x14a1a23a0	.data	OK	0x143018af0	.text	OK	0x1481732c0	.rdata	OK	0x143018a60	.text	OK	0x14303c710	.text	OK
Javelin::ClientMessages::EntitlementComponentServerFacet_DebugRemoveAllConsumableEntitlements	5790	javelin_rtti_static	STRUCTURALLY_CONSISTENT		0x14a1a2300	.data	OK	0x14a1a22f0	.data	OK	0x143019020	.text	OK	0x148173388	.rdata	OK	0x143018f90	.text	OK	0x14303bf10	.text	OK
Javelin::ClientMessages::EntitlementComponentServerFacet_DebugRefundTransaction	6265	javelin_rtti_static	STRUCTURALLY_CONSISTENT		0x14a1a2250	.data	OK	0x14a1a2240	.data	OK	0x1430192b0	.text	OK	0x148173488	.rdata	OK	0x143019220	.text	OK	0x14303bd10	.text	OK
Javelin::ClientMessages::EntitlementComponentServerFacet_RequestClaimEntitlement	5107	javelin_rtti_static	STRUCTURALLY_CONSISTENT		0x14a1a21a0	.data	OK	0x14a1a2190	.data	OK	0x1430194d0	.text	OK	0x1481734e8	.rdata	OK	0x143019440	.text	OK	0x14303cb10	.text	OK
Javelin::ClientMessages::EntitlementComponentServerFacet_RequestMutePenaltyExpired	6697	javelin_rtti_static	STRUCTURALLY_CONSISTENT		0x14a1a20f0	.data	OK	0x14a1a20e0	.data	OK	0x143019580	.text	OK	0x148173518	.rdata	OK	0x1430194f0	.text	OK	0x14303cd10	.text	OK
Javelin::ClientMessages::EntitlementComponentClientFacet_OnClaimEntitlementFail	5108	javelin_rtti_static	STRUCTURALLY_CONSISTENT		0x14a1a2040	.data	OK	0x14a1a2030	.data	OK	0x143019710	.text	OK	0x148173578	.rdata	OK	0x143019680	.text	OK	0x14303a310	.text	OK
Javelin::ClientMessages::EntitlementComponentClientFacet_OnClaimEntitlementSuccess	5109	javelin_rtti_static	STRUCTURALLY_CONSISTENT		0x14a1a1f90	.data	OK	0x14a1a1f80	.data	OK	0x1430198b0	.text	OK	0x1481735d8	.rdata	OK	0x143019820	.text	OK	0x14303a510	.text	OK
Javelin::ClientMessages::TriggerEntityComponentClientFacet_SyncExecuteEntities	3135	javelin_rtti_static	STRUCTURALLY_CONSISTENT		0x14a1a3cc0	.data	OK	0x14a1a3cb0	.data	OK	0x143055cd0	.text	OK	0x1481771a8	.rdata	OK	0x143055c40	.text	OK	0x14306fba0	.text	OK
Javelin::ClientMessages::DelayedEventComponentClientFacet_SyncState	2412	javelin_rtti_static	STRUCTURALLY_CONSISTENT		0x14a1a3c20	.data	OK	0x14a1a3c10	.data	OK	0x143056240	.text	OK	0x148177308	.rdata	OK	0x1430561b0	.text	OK	0x14306efa0	.text	OK
Javelin::ClientMessages::EventTimelineComponentServerFacet_DebugSkipToTimelineIndex	1498	javelin_rtti_static	STRUCTURALLY_CONSISTENT		0x14a1a4c70	.data	OK	0x14a1a4c60	.data	OK	0x14307e0e0	.text	OK	0x14817b938	.rdata	OK	0x14307e050	.text	OK	0x14308be10	.text	OK
Javelin::ClientMessages::ExampleComponentClientFacet_ClientMethodCallableFromServerFacet	3151	javelin_rtti_static	STRUCTURALLY_CONSISTENT		0x14a1a4ac0	.data	OK	0x14a1a4ab0	.data	OK	0x14307e810	.text	OK	0x14817baa0	.rdata	OK	0x14307e780	.text	OK	0x14308c010	.text	OK
Javelin::ClientMessages::ExampleComponentServerFacet_ServerMethodCallableFromClientFacet	1516	javelin_rtti_static	STRUCTURALLY_CONSISTENT		0x14a1a4a10	.data	OK	0x14a1a4a00	.data	OK	0x14307e8c0	.text	OK	0x14817bad0	.rdata	OK	0x14307e830	.text	OK	0x14308c610	.text	OK
Javelin::ClientMessages::ExampleComponentServerFacet_ServerGmMethodCallableFromClientFacet	3153	javelin_rtti_static	STRUCTURALLY_CONSISTENT		0x14a1a4960	.data	OK	0x14a1a4950	.data	OK	0x14307e970	.text	OK	0x14817bb00	.rdata	OK	0x14307e8e0	.text	OK	0x14308c410	.text	OK
Javelin::ClientMessages::ExampleComponentServerFacet_ServerDebugMethodCallableFromClientFacet	3154	javelin_rtti_static	STRUCTURALLY_CONSISTENT		0x14a1a48b0	.data	OK	0x14a1a48a0	.data	OK	0x14307ea20	.text	OK	0x14817bb30	.rdata	OK	0x14307e990	.text	OK	0x14308c210	.text	OK
Javelin::ClientMessages::FactionComponentServerFacet_RequestSetFaction	3161	javelin_rtti_static	STRUCTURALLY_CONSISTENT		0x14a1a5ed0	.data	OK	0x14a1a5ec0	.data	OK	0x143097c40	.text	OK	0x14817f670	.rdata	OK	0x143097bb0	.text	OK	0x1430b4a00	.text	OK
Javelin::ClientMessages::FactionComponentServerFacet_RequestTogglePvpFlag	2525	javelin_rtti_static	STRUCTURALLY_CONSISTENT		0x14a1a5e30	.data	OK	0x14a1a5e20	.data	OK	0x143097cf0	.text	OK	0x14817f6a0	.rdata	OK	0x143097c60	.text	OK	0x1430b4c00	.text	OK
Javelin::ClientMessages::FactionComponentServerFacet_RequestEnablePvpFlagFromClient	1129	javelin_rtti_static	STRUCTURALLY_CONSISTENT		0x14a1a5d80	.data	OK	0x14a1a5d70	.data	OK	0x143097e90	.text	OK	0x14817f6e8	.rdata	OK	0x143097e00	.text	OK	0x1430b4800	.text	OK
Javelin::ClientMessages::FactionComponentClientFacet_OnHandleCrowdDispersalWarning	6490	javelin_rtti_static	STRUCTURALLY_CONSISTENT		0x14a1a5cd0	.data	OK	0x14a1a5cc0	.data	OK	0x143097f40	.text	OK	0x14817f718	.rdata	OK	0x143097eb0	.text	OK	0x1430b2e00	.text	OK
Javelin::ClientMessages::FactionComponentServerFacet_Debug_SetFaction	1932	javelin_rtti_static	STRUCTURALLY_CONSISTENT		0x14a1a5c30	.data	OK	0x14a1a5c20	.data	OK	0x143097ff0	.text	OK	0x14817f748	.rdata	OK	0x143097f60	.text	OK	0x1430b3e00	.text	OK
Javelin::ClientMessages::FactionComponentServerFacet_Debug_TogglePvpFlag	3162	javelin_rtti_static	STRUCTURALLY_CONSISTENT		0x14a1a5b90	.data	OK	0x14a1a5b80	.data	OK	0x1430980f0	.text	OK	0x14817f778	.rdata	OK	0x143098060	.text	OK	0x1430b4600	.text	OK
Javelin::ClientMessages::FactionComponentServerFacet_Debug_ResetFactionCooldown	2020	javelin_rtti_static	STRUCTURALLY_CONSISTENT		0x14a1a5ae0	.data	OK	0x14a1a5ad0	.data	OK	0x143098310	.text	OK	0x14817f878	.rdata	OK	0x143098280	.text	OK	0x1430b3c00	.text	OK
Javelin::ClientMessages::FactionComponentServerFacet_Debug_SetFactionChangeCount	819	javelin_rtti_static	STRUCTURALLY_CONSISTENT		0x14a1a5a30	.data	OK	0x14a1a5a20	.data	OK	0x143098500	.text	OK	0x14817f908	.rdata	OK	0x143098470	.text	OK	0x1430b4000	.text	OK
Javelin::ClientMessages::FactionComponentServerFacet_Debug_EnablePvpValueDebugging	3163	javelin_rtti_static	STRUCTURALLY_CONSISTENT		0x14a1a5980	.data	OK	0x14a1a5970	.data	OK	0x1430986e0	.text	OK	0x14817f950	.rdata	OK	0x143098650	.text	OK	0x1430b3600	.text	OK
Javelin::ClientMessages::FactionComponentServerFacet_Debug_ForcePvpValue	3164	javelin_rtti_static	STRUCTURALLY_CONSISTENT		0x14a1a58e0	.data	OK	0x14a1a58d0	.data	OK	0x143098790	.text	OK	0x14817f980	.rdata	OK	0x143098700	.text	OK	0x1430b3a00	.text	OK
Javelin::ClientMessages::FactionComponentServerFacet_Debug_ForcePvpTime	5231	javelin_rtti_static	STRUCTURALLY_CONSISTENT		0x14a1a5840	.data	OK	0x14a1a5830	.data	OK	0x143098840	.text	OK	0x14817f9d0	.rdata	OK	0x1430987b0	.text	OK	0x1430b3800	.text	OK
Javelin::ClientMessages::FactionComponentServerFacet_Debug_ToggleFFAFlag	6408	javelin_rtti_static	STRUCTURALLY_CONSISTENT		0x14a1a57a0	.data	OK	0x14a1a5790	.data	OK	0x1430989f0	.text	OK	0x14817fa48	.rdata	OK	0x143098960	.text	OK	0x1430b4400	.text	OK
Javelin::ClientMessages::FactionComponentServerFacet_Debug_ToggleFFACountdown	6409	javelin_rtti_static	STRUCTURALLY_CONSISTENT		0x14a1a5700	.data	OK	0x14a1a56f0	.data	OK	0x143098b70	.text	OK	0x14817faa0	.rdata	OK	0x143098ae0	.text	OK	0x1430b4200	.text	OK
Javelin::ClientMessages::FactionComponentServerFacet_DEBUG_SetNearbyPlayerCount	6491	javelin_rtti_static	STRUCTURALLY_CONSISTENT		0x14a1a5650	.data	OK	0x14a1a5640	.data	OK	0x143098de0	.text	OK	0x14817fb40	.rdata	OK	0x143098d50	.text	OK	0x1430b3200	.text	OK
Javelin::ClientMessages::FactionComponentServerFacet_DEBUG_SyncDispersalData	6492	javelin_rtti_static	STRUCTURALLY_CONSISTENT		0x14a1a55b0	.data	OK	0x14a1a55a0	.data	OK	0x143098e90	.text	OK	0x14817fb70	.rdata	OK	0x143098e00	.text	OK	0x1430b3400	.text	OK
Javelin::ClientMessages::FactionComponentClientFacet_DEBUG_OnSyncDispersalData	6493	javelin_rtti_static	STRUCTURALLY_CONSISTENT		0x14a1a5500	.data	OK	0x14a1a54f0	.data	OK	0x143099120	.text	OK	0x14817fbe8	.rdata	OK	0x143099090	.text	OK	0x1430b2c00	.text	OK
Javelin::ClientMessages::FishingComponentClientFacet_OnBobberPositionReceived	2444	javelin_rtti_static	STRUCTURALLY_CONSISTENT		0x14a1a70f0	.data	OK	0x14a1a70e0	.data	OK	0x1430c92e0	.text	OK	0x148184900	.rdata	OK	0x1430c9250	.text	OK	0x1430e8f90	.text	OK
Javelin::ClientMessages::FishingComponentClientFacet_OnFishingCatchDataReceived	3172	javelin_rtti_static	STRUCTURALLY_CONSISTENT		0x14a1a7040	.data	OK	0x14a1a7030	.data	OK	0x1430c9480	.text	OK	0x1481849a0	.rdata	OK	0x1430c93f0	.text	OK	0x1430e9190	.text	OK
Javelin::ClientMessages::FishingComponentClientFacet_OnBaitDataReceived	557	javelin_rtti_static	STRUCTURALLY_CONSISTENT		0x14a1a6fa0	.data	OK	0x14a1a6f90	.data	OK	0x1430c9530	.text	OK	0x1481849d0	.rdata	OK	0x1430c94a0	.text	OK	0x1430e8d90	.text	OK
Javelin::ClientMessages::FishingComponentClientFacet_OnNotifyPersonalBest	5398	javelin_rtti_static	STRUCTURALLY_CONSISTENT		0x14a1a6f00	.data	OK	0x14a1a6ef0	.data	OK	0x1430c95e0	.text	OK	0x148184a00	.rdata	OK	0x1430c9550	.text	OK	0x1430e9390	.text	OK
Javelin::ClientMessages::FishingComponentServerFacet_OpenBaitBoxAction	3173	javelin_rtti_static	STRUCTURALLY_CONSISTENT		0x14a1a6e60	.data	OK	0x14a1a6e50	.data	OK	0x1430c9690	.text	OK	0x148184a30	.rdata	OK	0x1430c9600	.text	OK	0x1430ead90	.text	OK
Javelin::ClientMessages::FishingComponentServerFacet_CloseBaitBoxAction	3175	javelin_rtti_static	STRUCTURALLY_CONSISTENT		0x14a1a6dc0	.data	OK	0x14a1a6db0	.data	OK	0x1430c9740	.text	OK	0x148184aa0	.rdata	OK	0x1430c96b0	.text	OK	0x1430e9990	.text	OK
Javelin::ClientMessages::FishingComponentServerFacet_ApplyBaitAction	2309	javelin_rtti_static	STRUCTURALLY_CONSISTENT		0x14a1a6d20	.data	OK	0x14a1a6d10	.data	OK	0x1430c97f0	.text	OK	0x148184ba8	.rdata	OK	0x1430c9760	.text	OK	0x1430e9790	.text	OK
Javelin::ClientMessages::FishingComponentServerFacet_OnFishingStateReceived	5339	javelin_rtti_static	STRUCTURALLY_CONSISTENT		0x14a1a6c80	.data	OK	0x14a1a6c70	.data	OK	0x1430c9a60	.text	OK	0x148184d00	.rdata	OK	0x1430c99d0	.text	OK	0x1430eab90	.text	OK
Javelin::ClientMessages::FishingComponentServerFacet_DebugOpenBaitBoxAction	3176	javelin_rtti_static	STRUCTURALLY_CONSISTENT		0x14a1a6be0	.data	OK	0x14a1a6bd0	.data	OK	0x1430c9b10	.text	OK	0x148185030	.rdata	OK	0x1430c9a80	.text	OK	0x1430e9f90	.text	OK
Javelin::ClientMessages::FishingComponentServerFacet_DebugApplyBaitAction	3178	javelin_rtti_static	STRUCTURALLY_CONSISTENT		0x14a1a6b40	.data	OK	0x14a1a6b30	.data	OK	0x1430c9bc0	.text	OK	0x148185060	.rdata	OK	0x1430c9b30	.text	OK	0x1430e9b90	.text	OK
Javelin::ClientMessages::FishingComponentServerFacet_DebugCloseBaitBoxAction	3179	javelin_rtti_static	STRUCTURALLY_CONSISTENT		0x14a1a6aa0	.data	OK	0x14a1a6a90	.data	OK	0x1430c9e70	.text	OK	0x148185090	.rdata	OK	0x1430c9de0	.text	OK	0x1430e9d90	.text	OK
Javelin::ClientMessages::FishingComponentServerFacet_DebugResetFishingAction	3181	javelin_rtti_static	STRUCTURALLY_CONSISTENT		0x14a1a6a00	.data	OK	0x14a1a69f0	.data	OK	0x1430ca090	.text	OK	0x148185190	.rdata	OK	0x1430ca000	.text	OK	0x1430ea190	.text	OK
Javelin::ClientMessages::FishingComponentServerFacet_DebugSetLootRollModifier	1905	javelin_rtti_static	STRUCTURALLY_CONSISTENT		0x14a1a6960	.data	OK	0x14a1a6950	.data	OK	0x1430ca140	.text	OK	0x1481851c0	.rdata	OK	0x1430ca0b0	.text	OK	0x1430ea790	.text	OK
Javelin::ClientMessages::FishingComponentServerFacet_DebugUpdateDebugParams	3006	javelin_rtti_static	STRUCTURALLY_CONSISTENT		0x14a1a68c0	.data	OK	0x14a1a68b0	.data	OK	0x1430ca3a0	.text	OK	0x148185280	.rdata	OK	0x1430ca300	.text	OK	0x1430ea990	.text	OK
Javelin::ClientMessages::FishingComponentServerFacet_DebugSetForcedFishId	3182	javelin_rtti_static	STRUCTURALLY_CONSISTENT		0x14a1a6820	.data	OK	0x14a1a6810	.data	OK	0x1430ca4d0	.text	OK	0x1481852f8	.rdata	OK	0x1430ca440	.text	OK	0x1430ea590	.text	OK
Javelin::ClientMessages::FishingComponentServerFacet_DebugSetForcedFishBehaviorId	1716	javelin_rtti_static	STRUCTURALLY_CONSISTENT		0x14a1a6770	.data	OK	0x14a1a6760	.data	OK	0x1430ca7e0	.text	OK	0x148185410	.rdata	OK	0x1430ca750	.text	OK	0x1430ea390	.text	OK
Javelin::ClientMessages::InvasionAgentComponentClientFacet_SyncDebugData	3196	javelin_rtti_static	STRUCTURALLY_CONSISTENT		0x14a1a9060	.data	OK	0x14a1a9050	.data	OK	0x143122290	.text	OK	0x14818eae0	.rdata	OK	0x143122200	.text	OK	0x143140e90	.text	OK
Javelin::ClientMessages::InvasionComponentServerFacet_DebugStartInvasion	3197	javelin_rtti_static	STRUCTURALLY_CONSISTENT		0x14a1a8fc0	.data	OK	0x14a1a8fb0	.data	OK	0x143122720	.text	OK	0x14818ec28	.rdata	OK	0x143122690	.text	OK	0x143141090	.text	OK
Javelin::ClientMessages::InvasionComponentServerFacet_DebugStopInvasion	238	javelin_rtti_static	STRUCTURALLY_CONSISTENT		0x14a1a8f20	.data	OK	0x14a1a8f10	.data	OK	0x1431227d0	.text	OK	0x14818ec58	.rdata	OK	0x143122740	.text	OK	0x143141290	.text	OK
Javelin::ClientMessages::InvasionObjectiveComponentServerFacet_RegisterClientForDebug	117	javelin_rtti_static	STRUCTURALLY_CONSISTENT		0x14a1a8e70	.data	OK	0x14a1a8e60	.data	OK	0x143122880	.text	OK	0x14818ec88	.rdata	OK	0x1431227f0	.text	OK	0x143141e90	.text	OK
Javelin::ClientMessages::InvasionObjectiveComponentServerFacet_UnregisterClientForDebug	60	javelin_rtti_static	STRUCTURALLY_CONSISTENT		0x14a1a8dc0	.data	OK	0x14a1a8db0	.data	OK	0x143122930	.text	OK	0x14818ecb8	.rdata	OK	0x1431228a0	.text	OK	0x143142090	.text	OK
Javelin::ClientMessages::InvasionObjectiveComponentClientFacet_SyncDebugData	3199	javelin_rtti_static	STRUCTURALLY_CONSISTENT		0x14a1a8d20	.data	OK	0x14a1a8d10	.data	OK	0x1431229e0	.text	OK	0x14818ece8	.rdata	OK	0x143122950	.text	OK	0x143141690	.text	OK
Javelin::ClientMessages::InvasionObjectiveComponentClientFacet_SyncSlotCounts	3200	javelin_rtti_static	STRUCTURALLY_CONSISTENT		0x14a1a8c80	.data	OK	0x14a1a8c70	.data	OK	0x143122aa0	.text	OK	0x14818ed18	.rdata	OK	0x143122a10	.text	OK	0x143141a90	.text	OK
Javelin::ClientMessages::InvasionObjectiveComponentClientFacet_SyncLaneType	3201	javelin_rtti_static	STRUCTURALLY_CONSISTENT		0x14a1a8be0	.data	OK	0x14a1a8bd0	.data	OK	0x143122b50	.text	OK	0x14818ed48	.rdata	OK	0x143122ac0	.text	OK	0x143141890	.text	OK
Javelin::ClientMessages::InvasionObjectiveComponentClientFacet_ToggleAssignmentDisplayClient	3202	javelin_rtti_static	STRUCTURALLY_CONSISTENT		0x14a1a8b30	.data	OK	0x14a1a8b20	.data	OK	0x143122cd0	.text	OK	0x14818eda8	.rdata	OK	0x143122c40	.text	OK	0x143141c90	.text	OK
Javelin::ClientMessages::AchievementComponentServerFacet_DebugSetAllAchievements	3208	javelin_rtti_static	STRUCTURALLY_CONSISTENT		0x14a1ab680	.data	OK	0x14a1ab670	.data	OK	0x143171080	.text	OK	0x1481995f0	.rdata	OK	0x143170f60	.text	OK	0x14318bcd0	.text	OK
Javelin::ClientMessages::AchievementComponentServerFacet_SetAchievementsByCategory	3111	javelin_rtti_static	STRUCTURALLY_CONSISTENT		0x14a1ab5d0	.data	OK	0x14a1ab5c0	.data	OK	0x143171170	.text	OK	0x148199620	.rdata	OK	0x1431710e0	.text	OK	0x14318c8d0	.text	OK
Javelin::ClientMessages::AchievementComponentServerFacet_DebugSetAchievement	3209	javelin_rtti_static	STRUCTURALLY_CONSISTENT		0x14a1ab530	.data	OK	0x14a1ab520	.data	OK	0x143171310	.text	OK	0x148199680	.rdata	OK	0x143171280	.text	OK	0x14318b8d0	.text	OK
Javelin::ClientMessages::AchievementComponentServerFacet_DebugSetAzothStaffAchievement	2124	javelin_rtti_static	STRUCTURALLY_CONSISTENT		0x14a1ab480	.data	OK	0x14a1ab470	.data	OK	0x143171520	.text	OK	0x1481996e0	.rdata	OK	0x143171490	.text	OK	0x14318bed0	.text	OK
Javelin::ClientMessages::AchievementComponentServerFacet_DebugSetFactionRankAchievements	4828	javelin_rtti_static	STRUCTURALLY_CONSISTENT		0x14a1ab3d0	.data	OK	0x14a1ab3c0	.data	OK	0x143171740	.text	OK	0x148199800	.rdata	OK	0x1431716b0	.text	OK	0x14318c2d0	.text	OK
Javelin::ClientMessages::AchievementComponentServerFacet_DebugSetCampingAchievement	5280	javelin_rtti_static	STRUCTURALLY_CONSISTENT		0x14a1ab320	.data	OK	0x14a1ab310	.data	OK	0x1431718c0	.text	OK	0x148199860	.rdata	OK	0x143171830	.text	OK	0x14318c0d0	.text	OK
Javelin::ClientMessages::AchievementComponentServerFacet_DebugSetAchievementsByLoreChapter	6978	javelin_rtti_static	STRUCTURALLY_CONSISTENT		0x14a1ab270	.data	OK	0x14a1ab260	.data	OK	0x143171a40	.text	OK	0x1481998c0	.rdata	OK	0x1431719b0	.text	OK	0x14318bad0	.text	OK
Javelin::ClientMessages::AchievementComponentServerFacet_RequestSetAchievementConditional	5224	javelin_rtti_static	STRUCTURALLY_CONSISTENT		0x14a1ab1c0	.data	OK	0x14a1ab1b0	.data	OK	0x143171da0	.text	OK	0x1481999f8	.rdata	OK	0x143171d10	.text	OK	0x14318c6d0	.text	OK
Javelin::ClientMessages::AchievementComponentServerFacet_DebugRequestIndividualNPAServerState	6896	javelin_rtti_static	STRUCTURALLY_CONSISTENT		0x14a1ab110	.data	OK	0x14a1ab100	.data	OK	0x143171f20	.text	OK	0x148199a50	.rdata	OK	0x143171e90	.text	OK	0x14318b6d0	.text	OK
Javelin::ClientMessages::AchievementComponentServerFacet_DebugRequestForceEvaluateIndividualNPA	6897	javelin_rtti_static	STRUCTURALLY_CONSISTENT		0x14a1ab050	.data	OK	0x14a1ab040	.data	OK	0x143172190	.text	OK	0x148199af0	.rdata	OK	0x143172100	.text	OK	0x14318b4d0	.text	OK
Javelin::ClientMessages::AchievementComponentServerFacet_DebugRequestForceEvaluateAllNPAs	6895	javelin_rtti_static	STRUCTURALLY_CONSISTENT		0x14a1aafa0	.data	OK	0x14a1aaf90	.data	OK	0x143172310	.text	OK	0x148199b50	.rdata	OK	0x143172280	.text	OK	0x14318b2d0	.text	OK
Javelin::ClientMessages::AchievementComponentServerFacet_DebugRequestAllEvaluatedNPAsServerState	6892	javelin_rtti_static	STRUCTURALLY_CONSISTENT		0x14a1aaee0	.data	OK	0x14a1aaed0	.data	OK	0x1431724b0	.text	OK	0x148199b98	.rdata	OK	0x143172420	.text	OK	0x14318b0d0	.text	OK
Javelin::ClientMessages::AchievementComponentServerFacet_RequestEndgameGuideAchievement	6046	javelin_rtti_static	STRUCTURALLY_CONSISTENT		0x14a1aae30	.data	OK	0x14a1aae20	.data	OK	0x143172630	.text	OK	0x148199bf8	.rdata	OK	0x1431725a0	.text	OK	0x14318c4d0	.text	OK
Javelin::ClientMessages::AchievementComponentClientFacet_DebugIndividualNPAServerStateResponse	6894	javelin_rtti_static	STRUCTURALLY_CONSISTENT		0x14a1aad70	.data	OK	0x14a1aad60	.data	OK	0x143172bc0	.text	OK	0x148199c70	.rdata	OK	0x143172ab0	.text	OK	0x14318acd0	.text	OK
Javelin::ClientMessages::AchievementComponentClientFacet_DebugAllNPAsServerStateResponse	6893	javelin_rtti_static	STRUCTURALLY_CONSISTENT		0x14a1aacc0	.data	OK	0x14a1aacb0	.data	OK	0x143172c80	.text	OK	0x148199d78	.rdata	OK	0x143172bf0	.text	OK	0x14318aad0	.text	OK
Javelin::ClientMessages::ContributionComponentServerFacet_DebugKillEvent	3212	javelin_rtti_static	STRUCTURALLY_CONSISTENT		0x14a1abe30	.data	OK	0x14a1abe20	.data	OK	0x143199c40	.text	OK	0x14819c6d0	.rdata	OK	0x143199bb0	.text	OK	0x1431bffa0	.text	OK
Javelin::ClientMessages::ContributionTrackerComponentClientFacet_DebugSyncClient	2576	javelin_rtti_static	STRUCTURALLY_CONSISTENT		0x14a1abd00	.data	OK	0x14a1abcf0	.data	OK	0x14319b3e0	.text	OK	0x14819cd10	.rdata	OK	0x14319b350	.text	OK	0x1431c01a0	.text	OK
Javelin::ClientMessages::ContributionTrackerComponentServerFacet_RequestDebugInfoEnabled	3231	javelin_rtti_static	STRUCTURALLY_CONSISTENT		0x14a1ac300	.data	OK	0x14a1ac2f0	.data	OK	0x14319b490	.text	OK	0x14819ce20	.rdata	OK	0x14319b400	.text	OK	0x1431c03a0	.text	OK
Javelin::ClientMessages::EventNotificationComponentClientFacet_RequestSendNotification	3233	javelin_rtti_static	STRUCTURALLY_CONSISTENT		0x14a1ac250	.data	OK	0x14a1ac240	.data	OK	0x1431974f0	.text	OK	0x14819be18	.rdata	OK	0x143197460	.text	OK	0x1431c05a0	.text	OK
Javelin::ClientMessages::EventNotificationComponentClientFacet_RequestSendNotificationWithReplacements	3234	javelin_rtti_static	STRUCTURALLY_CONSISTENT		0x14a1ac190	.data	OK	0x14a1ac180	.data	OK	0x1431975a0	.text	OK	0x14819be48	.rdata	OK	0x143197510	.text	OK	0x1431c07a0	.text	OK
Javelin::ClientMessages::EventNotificationComponentClientFacet_SyncNotifications	3236	javelin_rtti_static	STRUCTURALLY_CONSISTENT		0x14a1ac0e0	.data	OK	0x14a1ac0d0	.data	OK	0x143197740	.text	OK	0x14819be90	.rdata	OK	0x1431976b0	.text	OK	0x1431c09a0	.text	OK
Javelin::ClientMessages::EventNotificationComponentServerFacet_NotificationSent	3239	javelin_rtti_static	STRUCTURALLY_CONSISTENT		0x14a1ac030	.data	OK	0x14a1ac020	.data	OK	0x1431978d0	.text	OK	0x14819bef0	.rdata	OK	0x143197840	.text	OK	0x1431c0ba0	.text	OK
Javelin::ClientMessages::EventNotificationComponentServerFacet_RequestSetNotificationsEnabled	3240	javelin_rtti_static	STRUCTURALLY_CONSISTENT		0x14a1abf80	.data	OK	0x14a1abf70	.data	OK	0x143197980	.text	OK	0x14819bf20	.rdata	OK	0x1431978f0	.text	OK	0x1431c0fa0	.text	OK
Javelin::ClientMessages::EventNotificationComponentServerFacet_RequestClearNotifications	533	javelin_rtti_static	STRUCTURALLY_CONSISTENT		0x14a1abed0	.data	OK	0x14a1abec0	.data	OK	0x143197a30	.text	OK	0x14819bf50	.rdata	OK	0x1431979a0	.text	OK	0x1431c0da0	.text	OK
Javelin::ClientMessages::GameEventComponentServerFacet_ResetDailyBonuses	1777	javelin_rtti_static	STRUCTURALLY_CONSISTENT		0x14a1acf30	.data	OK	0x14a1acf20	.data	OK	0x1431d6270	.text	OK	0x1481a0b20	.rdata	OK	0x1431d61e0	.text	OK	0x1431f2c90	.text	OK
Javelin::ClientMessages::GameEventComponentServerFacet_DebugSetForceDropAICoin	2435	javelin_rtti_static	STRUCTURALLY_CONSISTENT		0x14a1ace80	.data	OK	0x14a1ace70	.data	OK	0x1431d6320	.text	OK	0x1481a0b50	.rdata	OK	0x1431d6290	.text	OK	0x1431f2a90	.text	OK
Javelin::ClientMessages::GameEventComponentServerFacet_DebugSetForceDropAIAzoth	3242	javelin_rtti_static	STRUCTURALLY_CONSISTENT		0x14a1acdd0	.data	OK	0x14a1acdc0	.data	OK	0x1431d63d0	.text	OK	0x1481a0b80	.rdata	OK	0x1431d6340	.text	OK	0x1431f2890	.text	OK
Javelin::ClientMessages::GameEventComponentServerFacet_DebugGrantEventRewards	3243	javelin_rtti_static	STRUCTURALLY_CONSISTENT		0x14a1acd30	.data	OK	0x14a1acd20	.data	OK	0x1431d6480	.text	OK	0x1481a0bb0	.rdata	OK	0x1431d63f0	.text	OK	0x1431f2690	.text	OK
Javelin::ClientMessages::GameMasterComponentServerFacet_SubscribeToRemotePlayerInventory	1582	javelin_rtti_static	STRUCTURALLY_CONSISTENT		0x14a1ae590	.data	OK	0x14a1ae580	.data	OK	0x143208e50	.text	OK	0x1481a4960	.rdata	OK	0x143208cf0	.text	OK	0x143254600	.text	OK
Javelin::ClientMessages::GameMasterComponentServerFacet_TeleportPlayerToCurrentLocation	2551	javelin_rtti_static	STRUCTURALLY_CONSISTENT		0x14a1ae4e0	.data	OK	0x14a1ae4d0	.data	OK	0x1432093e0	.text	OK	0x1481a4a90	.rdata	OK	0x143209350	.text	OK	0x143254800	.text	OK
Javelin::ClientMessages::GameMasterComponentServerFacet_ResetClaimOwnership	3246	javelin_rtti_static	STRUCTURALLY_CONSISTENT		0x14a1ae440	.data	OK	0x14a1ae430	.data	OK	0x143209600	.text	OK	0x1481a4cf0	.rdata	OK	0x143209570	.text	OK	0x143253e00	.text	OK
Javelin::ClientMessages::GameMasterComponentServerFacet_RemoveSubscriptionFromRemotePlayerInventory	1813	javelin_rtti_static	STRUCTURALLY_CONSISTENT		0x14a1ae380	.data	OK	0x14a1ae370	.data	OK	0x1432097e0	.text	OK	0x1481a4d20	.rdata	OK	0x143209750	.text	OK	0x143253c00	.text	OK
Javelin::ClientMessages::GameMasterComponentServerFacet_ResetPlaytestBroker	3248	javelin_rtti_static	STRUCTURALLY_CONSISTENT		0x14a1ae2e0	.data	OK	0x14a1ae2d0	.data	OK	0x143209960	.text	OK	0x1481a4d80	.rdata	OK	0x1432098d0	.text	OK	0x143254400	.text	OK
Javelin::ClientMessages::GameMasterComponentServerFacet_GiveGoldToPlayer	4815	javelin_rtti_static	STRUCTURALLY_CONSISTENT		0x14a1ae240	.data	OK	0x14a1ae230	.data	OK	0x143209b00	.text	OK	0x1481a4df8	.rdata	OK	0x143209a70	.text	OK	0x143253a00	.text	OK
Javelin::ClientMessages::GameMasterComponentClientFacet_OnWarDataReceived	3253	javelin_rtti_static	STRUCTURALLY_CONSISTENT		0x14a1ae1a0	.data	OK	0x14a1ae190	.data	OK	0x143209d50	.text	OK	0x1481a4e88	.rdata	OK	0x143209cc0	.text	OK	0x143253600	.text	OK
Javelin::ClientMessages::GameMasterComponentClientFacet_TeleportToPlayerFailed	2668	javelin_rtti_static	STRUCTURALLY_CONSISTENT		0x14a1ae0f0	.data	OK	0x14a1ae0e0	.data	OK	0x143209fc0	.text	OK	0x1481a4f80	.rdata	OK	0x143209f30	.text	OK	0x143253800	.text	OK
Javelin::ClientMessages::GameMasterComponentServerFacet_TeleportToPlayerByCharacterId	26	javelin_rtti_static	STRUCTURALLY_CONSISTENT		0x14a1ae040	.data	OK	0x14a1ae030	.data	OK	0x14320a160	.text	OK	0x1481a4fe0	.rdata	OK	0x14320a0d0	.text	OK	0x143254c00	.text	OK
Javelin::ClientMessages::GameMasterComponentServerFacet_TeleportPlayerToMeByCharacterId	6765	javelin_rtti_static	STRUCTURALLY_CONSISTENT		0x14a1adf90	.data	OK	0x14a1adf80	.data	OK	0x14320a470	.text	OK	0x1481a5118	.rdata	OK	0x14320a3e0	.text	OK	0x143254a00	.text	OK
Javelin::ClientMessages::GameMasterComponentServerFacet_ResetDailyWarCountForPlayer	5419	javelin_rtti_static	STRUCTURALLY_CONSISTENT		0x14a1adee0	.data	OK	0x14a1aded0	.data	OK	0x14320a620	.text	OK	0x1481a51a8	.rdata	OK	0x14320a590	.text	OK	0x143254200	.text	OK
Javelin::ClientMessages::GameMasterComponentServerFacet_ResetDailyWarCountForAllPlayers	5413	javelin_rtti_static	STRUCTURALLY_CONSISTENT		0x14a1ade30	.data	OK	0x14a1ade20	.data	OK	0x14320a810	.text	OK	0x1481a5250	.rdata	OK	0x14320a780	.text	OK	0x143254000	.text	OK
Javelin::ClientMessages::GameModeComponentServerFacet_RequestDebugStop	3269	javelin_rtti_static	STRUCTURALLY_CONSISTENT		0x14a1add90	.data	OK	0x14a1add80	.data	OK	0x14320b990	.text	OK	0x1481a5708	.rdata	OK	0x14320b900	.text	OK	0x143255c00	.text	OK
Javelin::ClientMessages::GameModeComponentServerFacet_RequestShowDebugMessage	1264	javelin_rtti_static	STRUCTURALLY_CONSISTENT		0x14a1adcf0	.data	OK	0x14a1adce0	.data	OK	0x14320baf0	.text	OK	0x1481a5768	.rdata	OK	0x14320ba60	.text	OK	0x143256000	.text	OK
Javelin::ClientMessages::GameModeComponentServerFacet_RequestSetBackfill	2348	javelin_rtti_static	STRUCTURALLY_CONSISTENT		0x14a1adc50	.data	OK	0x14a1adc40	.data	OK	0x14320bdc0	.text	OK	0x1481a57f8	.rdata	OK	0x14320bd30	.text	OK	0x143255e00	.text	OK
Javelin::ClientMessages::GameModeComponentServerFacet_DebugRequestGameModeEvent	4963	javelin_rtti_static	STRUCTURALLY_CONSISTENT		0x14a1adba0	.data	OK	0x14a1adb90	.data	OK	0x14320c050	.text	OK	0x1481a5828	.rdata	OK	0x14320bfc0	.text	OK	0x143255000	.text	OK
Javelin::ClientMessages::GameModeComponentServerFacet_DebugRequestSetScriptState	4978	javelin_rtti_static	STRUCTURALLY_CONSISTENT		0x14a1adaf0	.data	OK	0x14a1adae0	.data	OK	0x14320c510	.text	OK	0x1481a5a20	.rdata	OK	0x14320c480	.text	OK	0x143255200	.text	OK
Javelin::ClientMessages::GameModeComponentServerFacet_DebugSetReadiedUpStatus	6811	javelin_rtti_static	STRUCTURALLY_CONSISTENT		0x14a1ada50	.data	OK	0x14a1ada40	.data	OK	0x14320c850	.text	OK	0x1481a5b40	.rdata	OK	0x14320c7c0	.text	OK	0x143255a00	.text	OK
Javelin::ClientMessages::GameModeComponentServerFacet_DebugSetNumReadiedUpPlayersRequired	6823	javelin_rtti_static	STRUCTURALLY_CONSISTENT		0x14a1ad9a0	.data	OK	0x14a1ad990	.data	OK	0x14320c9c0	.text	OK	0x1481a5b88	.rdata	OK	0x14320c930	.text	OK	0x143255800	.text	OK
Javelin::ClientMessages::GameModeComponentServerFacet_DebugSaveProceduralGeneration	6953	javelin_rtti_static	STRUCTURALLY_CONSISTENT		0x14a1ad8f0	.data	OK	0x14a1ad8e0	.data	OK	0x14320cbe0	.text	OK	0x1481a5c90	.rdata	OK	0x14320cb50	.text	OK	0x143255400	.text	OK
Javelin::ClientMessages::GameModeComponentServerFacet_DebugSetDynamicDifficulty	7001	javelin_rtti_static	STRUCTURALLY_CONSISTENT		0x14a1ad840	.data	OK	0x14a1ad830	.data	OK	0x14320cc90	.text	OK	0x1481a5cc0	.rdata	OK	0x14320cc00	.text	OK	0x143255600	.text	OK
Javelin::ClientMessages::GameModeComponentClientFacet_OnReceivedDebugMessageFromServer	222	javelin_rtti_static	STRUCTURALLY_CONSISTENT		0x14a1ad790	.data	OK	0x14a1ad780	.data	OK	0x14320cd40	.text	OK	0x1481a5cf0	.rdata	OK	0x14320ccb0	.text	OK	0x143254e00	.text	OK
Javelin::ClientMessages::GameModeParticipantComponentServerFacet_DbgRequestAdvanceToNextState	3271	javelin_rtti_static	STRUCTURALLY_CONSISTENT		0x14a1b0dd0	.data	OK	0x14a1b0dc0	.data	OK	0x143276ce0	.text	OK	0x1481b25c0	.rdata	OK	0x143276bd0	.text	OK	0x1432afcd0	.text	OK
Javelin::ClientMessages::GameModeParticipantComponentServerFacet_DbgSetFlag	4830	javelin_rtti_static	STRUCTURALLY_CONSISTENT		0x14a1b0d30	.data	OK	0x14a1b0d20	.data	OK	0x143276e70	.text	OK	0x1481b2710	.rdata	OK	0x143276de0	.text	OK	0x1432b00d0	.text	OK
Javelin::ClientMessages::GameModeParticipantComponentServerFacet_DbgResetFlagOverride	4831	javelin_rtti_static	STRUCTURALLY_CONSISTENT		0x14a1b0c80	.data	OK	0x14a1b0c70	.data	OK	0x143277030	.text	OK	0x1481b2770	.rdata	OK	0x143276fa0	.text	OK	0x1432afed0	.text	OK
Javelin::ClientMessages::GameModeParticipantComponentServerFacet_RequestDebugGetPersistentData	2963	javelin_rtti_static	STRUCTURALLY_CONSISTENT		0x14a1b0bc0	.data	OK	0x14a1b0bb0	.data	OK	0x1432770e0	.text	OK	0x1481b27a0	.rdata	OK	0x143277050	.text	OK	0x1432b28d0	.text	OK
Javelin::ClientMessages::GameModeParticipantComponentServerFacet_RequestDebugSetMatchmakingRating	1127	javelin_rtti_static	STRUCTURALLY_CONSISTENT		0x14a1b0b00	.data	OK	0x14a1b0af0	.data	OK	0x143277440	.text	OK	0x1481b28e8	.rdata	OK	0x1432773b0	.text	OK	0x1432b30d0	.text	OK
Javelin::ClientMessages::GameModeParticipantComponentServerFacet_RequestDebugSetMRV2	6371	javelin_rtti_static	STRUCTURALLY_CONSISTENT		0x14a1b0a50	.data	OK	0x14a1b0a40	.data	OK	0x1432777d0	.text	OK	0x1481b2a10	.rdata	OK	0x143277740	.text	OK	0x1432b2ed0	.text	OK
Javelin::ClientMessages::GameModeParticipantComponentServerFacet_RequestDebugSyncMRV2	6372	javelin_rtti_static	STRUCTURALLY_CONSISTENT		0x14a1b09a0	.data	OK	0x14a1b0990	.data	OK	0x143277ed0	.text	OK	0x1481b2ce8	.rdata	OK	0x143277e40	.text	OK	0x1432b34d0	.text	OK
Javelin::ClientMessages::GameModeParticipantComponentServerFacet_RequestDebugQuickStart	3272	javelin_rtti_static	STRUCTURALLY_CONSISTENT		0x14a1b08f0	.data	OK	0x14a1b08e0	.data	OK	0x143278230	.text	OK	0x1481b2da0	.rdata	OK	0x1432781a0	.text	OK	0x1432b2ad0	.text	OK
Javelin::ClientMessages::GameModeParticipantComponentServerFacet_RequestDebugResetAllQueueEligibleTimes	509	javelin_rtti_static	STRUCTURALLY_CONSISTENT		0x14a1b0830	.data	OK	0x14a1b0820	.data	OK	0x1432785f0	.text	OK	0x1481b2f00	.rdata	OK	0x143278560	.text	OK	0x1432b2cd0	.text	OK
Javelin::ClientMessages::GameModeParticipantComponentServerFacet_RequestDebugSetQueueEligibleTime	5124	javelin_rtti_static	STRUCTURALLY_CONSISTENT		0x14a1b0770	.data	OK	0x14a1b0760	.data	OK	0x1432787f0	.text	OK	0x1481b2f68	.rdata	OK	0x143278760	.text	OK	0x1432b32d0	.text	OK
Javelin::ClientMessages::GameModeParticipantComponentServerFacet_DebugJoinMatchmakingServiceV2Queue	6267	javelin_rtti_static	STRUCTURALLY_CONSISTENT		0x14a1b06b0	.data	OK	0x14a1b06a0	.data	OK	0x143278ec0	.text	OK	0x1481b3080	.rdata	OK	0x143278e30	.text	OK	0x1432b08d0	.text	OK
Javelin::ClientMessages::GameModeParticipantComponentServerFacet_DebugDetermineAndGrantIncentiveRewards	6331	javelin_rtti_static	STRUCTURALLY_CONSISTENT		0x14a1b05f0	.data	OK	0x14a1b05e0	.data	OK	0x143279450	.text	OK	0x1481b30e0	.rdata	OK	0x1432793c0	.text	OK	0x1432b02d0	.text	OK
Javelin::ClientMessages::GameModeParticipantComponentServerFacet_DebugJoinMatchmakingServiceQueue	5445	javelin_rtti_static	STRUCTURALLY_CONSISTENT		0x14a1b0530	.data	OK	0x14a1b0520	.data	OK	0x1432796b0	.text	OK	0x1481b3140	.rdata	OK	0x143279620	.text	OK	0x1432b06d0	.text	OK
Javelin::ClientMessages::GameModeParticipantComponentServerFacet_DebugLeaveMatchmakingServiceQueue	5554	javelin_rtti_static	STRUCTURALLY_CONSISTENT		0x14a1b0470	.data	OK	0x14a1b0460	.data	OK	0x143279ec0	.text	OK	0x1481b32b8	.rdata	OK	0x143279e30	.text	OK	0x1432b0ad0	.text	OK
Javelin::ClientMessages::GameModeParticipantComponentServerFacet_DebugStartMatch	5993	javelin_rtti_static	STRUCTURALLY_CONSISTENT		0x14a1b03c0	.data	OK	0x14a1b03b0	.data	OK	0x14327a390	.text	OK	0x1481b3510	.rdata	OK	0x14327a300	.text	OK	0x1432b1cd0	.text	OK
Javelin::ClientMessages::GameModeParticipantComponentServerFacet_DebugSetMatchmakingRole	6319	javelin_rtti_static	STRUCTURALLY_CONSISTENT		0x14a1b0310	.data	OK	0x14a1b0300	.data	OK	0x14327a710	.text	OK	0x1481b3658	.rdata	OK	0x14327a680	.text	OK	0x1432b18d0	.text	OK
Javelin::ClientMessages::GameModeParticipantComponentServerFacet_DebugSetPlayerMetadata	6358	javelin_rtti_static	STRUCTURALLY_CONSISTENT		0x14a1b0260	.data	OK	0x14a1b0250	.data	OK	0x14327ab20	.text	OK	0x1481b37a8	.rdata	OK	0x14327aa90	.text	OK	0x1432b1ad0	.text	OK
Javelin::ClientMessages::GameModeParticipantComponentServerFacet_DebugResetPlayerMetadata	6357	javelin_rtti_static	STRUCTURALLY_CONSISTENT		0x14a1b01b0	.data	OK	0x14a1b01a0	.data	OK	0x14327ad40	.text	OK	0x1481b38b0	.rdata	OK	0x14327acb0	.text	OK	0x1432b16d0	.text	OK
Javelin::ClientMessages::GameModeParticipantComponentServerFacet_DebugGetQueuedActivities	6407	javelin_rtti_static	STRUCTURALLY_CONSISTENT		0x14a1b0100	.data	OK	0x14a1b00f0	.data	OK	0x14327b060	.text	OK	0x1481b3910	.rdata	OK	0x14327afd0	.text	OK	0x1432b04d0	.text	OK
Javelin::ClientMessages::GameModeParticipantComponentClientFacet_OnDebugQueuedActivitiesReceived	6410	javelin_rtti_static	STRUCTURALLY_CONSISTENT		0x14a1b0040	.data	OK	0x14a1b0030	.data	OK	0x14327b350	.text	OK	0x1481b3a50	.rdata	OK	0x14327b2c0	.text	OK	0x1432ad0d0	.text	OK
Javelin::ClientMessages::GameModeParticipantComponentClientFacet_OnDebugPersistentValuesMsg	3274	javelin_rtti_static	STRUCTURALLY_CONSISTENT		0x14a1aff90	.data	OK	0x14a1aff80	.data	OK	0x14327b660	.text	OK	0x1481b3b90	.rdata	OK	0x14327b590	.text	OK	0x1432aced0	.text	OK
Javelin::ClientMessages::GameModeParticipantComponentServerFacet_OnReceivedDebugClientEvent	4911	javelin_rtti_static	STRUCTURALLY_CONSISTENT		0x14a1afee0	.data	OK	0x14a1afed0	.data	OK	0x14327b710	.text	OK	0x1481b3bc0	.rdata	OK	0x14327b680	.text	OK	0x1432b22d0	.text	OK
Javelin::ClientMessages::GameModeParticipantComponentClientFacet_OnReceiveDebugSyncMRV2	6373	javelin_rtti_static	STRUCTURALLY_CONSISTENT		0x14a1afe30	.data	OK	0x14a1afe20	.data	OK	0x14327bcb0	.text	OK	0x1481b3df0	.rdata	OK	0x14327bc20	.text	OK	0x1432af0d0	.text	OK
Javelin::ClientMessages::GameModeParticipantComponentServerFacet_DebugRequestMG	6399	javelin_rtti_static	STRUCTURALLY_CONSISTENT		0x14a1afd80	.data	OK	0x14a1afd70	.data	OK	0x14327c170	.text	OK	0x1481b4020	.rdata	OK	0x14327c0e0	.text	OK	0x1432b12d0	.text	OK
Javelin::ClientMessages::GameModeParticipantComponentServerFacet_DebugRequestGameModeStatuses	6556	javelin_rtti_static	STRUCTURALLY_CONSISTENT		0x14a1afcd0	.data	OK	0x14a1afcc0	.data	OK	0x14327c400	.text	OK	0x1481b4130	.rdata	OK	0x14327c370	.text	OK	0x1432b10d0	.text	OK
Javelin::ClientMessages::GameModeParticipantComponentClientFacet_DebugReceiveGameModeStatus	6555	javelin_rtti_static	STRUCTURALLY_CONSISTENT		0x14a1afc20	.data	OK	0x14a1afc10	.data	OK	0x14327c580	.text	OK	0x1481b4190	.rdata	OK	0x14327c4f0	.text	OK	0x1432acad0	.text	OK
Javelin::ClientMessages::GameModeParticipantComponentClientFacet_OnReceiveDebugMRV2UpdateData	6789	javelin_rtti_static	STRUCTURALLY_CONSISTENT		0x14a1afb70	.data	OK	0x14a1afb60	.data	OK	0x14327c710	.text	OK	0x1481b41f0	.rdata	OK	0x14327c670	.text	OK	0x1432aecd0	.text	OK
Javelin::ClientMessages::GameModeParticipantComponentClientFacet_OnReceiveDebugDungeonMasterStatus	6793	javelin_rtti_static	STRUCTURALLY_CONSISTENT		0x14a1afab0	.data	OK	0x14a1afaa0	.data	OK	0x14327c9b0	.text	OK	0x1481b4328	.rdata	OK	0x14327c920	.text	OK	0x1432aead0	.text	OK
Javelin::ClientMessages::GameModeParticipantComponentClientFacet_DebugOnRecieveProceduralLevelJson	6961	javelin_rtti_static	STRUCTURALLY_CONSISTENT		0x14a1af9f0	.data	OK	0x14a1af9e0	.data	OK	0x14327caa0	.text	OK	0x1481b4358	.rdata	OK	0x14327ca10	.text	OK	0x1432ac8d0	.text	OK
Javelin::ClientMessages::GameModeParticipantComponentServerFacet_DebugRequestProceduralLevelJson	6955	javelin_rtti_static	STRUCTURALLY_CONSISTENT		0x14a1af930	.data	OK	0x14a1af920	.data	OK	0x14327d090	.text	OK	0x1481b46d8	.rdata	OK	0x14327cf40	.text	OK	0x1432b14d0	.text	OK
Javelin::ClientMessages::GameModeParticipantComponentServerFacet_DebugLoadProceduralLevelJson	6959	javelin_rtti_static	STRUCTURALLY_CONSISTENT		0x14a1af880	.data	OK	0x14a1af870	.data	OK	0x14327d950	.text	OK	0x1481b4a08	.rdata	OK	0x14327d8c0	.text	OK	0x1432b0cd0	.text	OK
Javelin::ClientMessages::GameModeParticipantComponentServerFacet_DebugReloadProceduralDatasheets	6958	javelin_rtti_static	STRUCTURALLY_CONSISTENT		0x14a1af7c0	.data	OK	0x14a1af7b0	.data	OK	0x14327da50	.text	OK	0x1481b4a38	.rdata	OK	0x14327d9c0	.text	OK	0x1432b0ed0	.text	OK
Javelin::ClientMessages::GameModeParticipantComponentClientFacet_OnStartCutsceneWithName	6969	javelin_rtti_static	STRUCTURALLY_CONSISTENT		0x14a1af710	.data	OK	0x14a1af700	.data	OK	0x14327deb0	.text	OK	0x1481b4c68	.rdata	OK	0x14327de20	.text	OK	0x1432af2d0	.text	OK
Javelin::ClientMessages::GameModeParticipantComponentClientFacet_OnStopCutsceneWithName	6970	javelin_rtti_static	STRUCTURALLY_CONSISTENT		0x14a1af660	.data	OK	0x14a1af650	.data	OK	0x14327e030	.text	OK	0x1481b4cc8	.rdata	OK	0x14327dfa0	.text	OK	0x1432af6d0	.text	OK
Javelin::ClientMessages::GameModeParticipantComponentClientFacet_OnQueueForGameModeFailedMsg	3310	javelin_rtti_static	STRUCTURALLY_CONSISTENT		0x14a1af5b0	.data	OK	0x14a1af5a0	.data	OK	0x14327e580	.text	OK	0x1481b4e38	.rdata	OK	0x14327e4b0	.text	OK	0x1432ae6d0	.text	OK
Javelin::ClientMessages::GameModeParticipantComponentClientFacet_OnQueueGroupRemovedMsg	1234	javelin_rtti_static	STRUCTURALLY_CONSISTENT		0x14a1af500	.data	OK	0x14a1af4f0	.data	OK	0x14327e6f0	.text	OK	0x1481b4e90	.rdata	OK	0x14327e660	.text	OK	0x1432ae8d0	.text	OK
Javelin::ClientMessages::GameModeParticipantComponentClientFacet_OnMatchmakingForGameModeFailedMsg	3311	javelin_rtti_static	STRUCTURALLY_CONSISTENT		0x14a1af440	.data	OK	0x14a1af430	.data	OK	0x14327eb60	.text	OK	0x1481b5000	.rdata	OK	0x14327ead0	.text	OK	0x1432adcd0	.text	OK
Javelin::ClientMessages::GameModeParticipantComponentClientFacet_OnLeftQueueForGameModeMsg	4970	javelin_rtti_static	STRUCTURALLY_CONSISTENT		0x14a1af390	.data	OK	0x14a1af380	.data	OK	0x14326dd90	.text	OK	0x1481af540	.rdata	OK	0x14326dd00	.text	OK	0x1432adad0	.text	OK
Javelin::ClientMessages::GameModeParticipantComponentClientFacet_OnInviteUpdateMsg	5100	javelin_rtti_static	STRUCTURALLY_CONSISTENT		0x14a1b2310	.data	OK	0x14a1b2300	.data	OK	0x14326dee0	.text	OK	0x1481af5b8	.rdata	OK	0x14326de50	.text	OK	0x1432ad8d0	.text	OK
Javelin::ClientMessages::GameModeParticipantComponentClientFacet_OnGameModePlayerRemovedUpdate	6414	javelin_rtti_static	STRUCTURALLY_CONSISTENT		0x14a1b2250	.data	OK	0x14a1b2240	.data	OK	0x14326e260	.text	OK	0x1481af700	.rdata	OK	0x14326e1d0	.text	OK	0x1432ad4d0	.text	OK
Javelin::ClientMessages::GameModeParticipantComponentClientFacet_OnMatchmakingLoginRequested	5449	javelin_rtti_static	STRUCTURALLY_CONSISTENT		0x14a1b21a0	.data	OK	0x14a1b2190	.data	OK	0x14326e8e0	.text	OK	0x1481af850	.rdata	OK	0x14326e850	.text	OK	0x1432aded0	.text	OK
Javelin::ClientMessages::GameModeParticipantComponentClientFacet_PlayGameModeCinematic	4941	javelin_rtti_static	STRUCTURALLY_CONSISTENT		0x14a1b20f0	.data	OK	0x14a1b20e0	.data	OK	0x14326ee30	.text	OK	0x1481afb40	.rdata	OK	0x14326eda0	.text	OK	0x1432af8d0	.text	OK
Javelin::ClientMessages::GameModeParticipantComponentClientFacet_OnMatchmakingPersistenceFailed	5601	javelin_rtti_static	STRUCTURALLY_CONSISTENT		0x14a1b2030	.data	OK	0x14a1b2020	.data	OK	0x14326ef20	.text	OK	0x1481afba8	.rdata	OK	0x14326ee90	.text	OK	0x1432ae2d0	.text	OK
Javelin::ClientMessages::GameModeParticipantComponentClientFacet_OnMatchmakingMatchCancelled	6228	javelin_rtti_static	STRUCTURALLY_CONSISTENT		0x14a1b1f80	.data	OK	0x14a1b1f70	.data	OK	0x14326f280	.text	OK	0x1481afe60	.rdata	OK	0x14326f1f0	.text	OK	0x1432ae0d0	.text	OK
Javelin::ClientMessages::GameModeParticipantComponentClientFacet_OnMatchmakingRoleSelectionPhaseCanceled	6296	javelin_rtti_static	STRUCTURALLY_CONSISTENT		0x14a1b1ec0	.data	OK	0x14a1b1eb0	.data	OK	0x14326f540	.text	OK	0x1481afed8	.rdata	OK	0x14326f4b0	.text	OK	0x1432ae4d0	.text	OK
Javelin::ClientMessages::GameModeParticipantComponentClientFacet_OnStartMatchmakingRoleSelection	6295	javelin_rtti_static	STRUCTURALLY_CONSISTENT		0x14a1b1e00	.data	OK	0x14a1b1df0	.data	OK	0x14326f730	.text	OK	0x1481aff68	.rdata	OK	0x14326f6a0	.text	OK	0x1432af4d0	.text	OK
Javelin::ClientMessages::GameModeParticipantComponentClientFacet_OnReceiveDebugRequestMGResponse	6404	javelin_rtti_static	STRUCTURALLY_CONSISTENT		0x14a1b1d40	.data	OK	0x14a1b1d30	.data	OK	0x14326fc80	.text	OK	0x1481b0098	.rdata	OK	0x14326fbf0	.text	OK	0x1432aeed0	.text	OK
Javelin::ClientMessages::GameModeParticipantComponentClientFacet_OnGameModeSchedulerRefreshed	6426	javelin_rtti_static	STRUCTURALLY_CONSISTENT		0x14a1b1c90	.data	OK	0x14a1b1c80	.data	OK	0x143270400	.text	OK	0x1481b0250	.rdata	OK	0x143270370	.text	OK	0x1432ad6d0	.text	OK
Javelin::ClientMessages::GameModeParticipantComponentClientFacet_OnGameModeLongTimeoutMsg	6800	javelin_rtti_static	STRUCTURALLY_CONSISTENT		0x14a1b1be0	.data	OK	0x14a1b1bd0	.data	OK	0x143270870	.text	OK	0x1481b04f0	.rdata	OK	0x1432707e0	.text	OK	0x1432ad2d0	.text	OK
Javelin::ClientMessages::GameModeParticipantComponentClientFacet_OnAcceptMatchmakingServiceMatchIgnoredMsg	6865	javelin_rtti_static	STRUCTURALLY_CONSISTENT		0x14a1b1b20	.data	OK	0x14a1b1b10	.data	OK	0x143270c00	.text	OK	0x1481b0550	.rdata	OK	0x143270b70	.text	OK	0x1432accd0	.text	OK
Javelin::ClientMessages::GameModeParticipantComponentServerFacet_OnRequestEndGameModeCinematic	4940	javelin_rtti_static	STRUCTURALLY_CONSISTENT		0x14a1b1a60	.data	OK	0x14a1b1a50	.data	OK	0x143271010	.text	OK	0x1481b06c8	.rdata	OK	0x143270f80	.text	OK	0x1432b24d0	.text	OK
Javelin::ClientMessages::GameModeParticipantComponentServerFacet_RequestJoinQueueForActivities	6254	javelin_rtti_static	STRUCTURALLY_CONSISTENT		0x14a1b19a0	.data	OK	0x14a1b1990	.data	OK	0x143271560	.text	OK	0x1481b0838	.rdata	OK	0x143271440	.text	OK	0x1432b36d0	.text	OK
Javelin::ClientMessages::GameModeParticipantComponentServerFacet_RequestJoinQueueForRandomActivities	6322	javelin_rtti_static	STRUCTURALLY_CONSISTENT		0x14a1b18e0	.data	OK	0x14a1b18d0	.data	OK	0x143271650	.text	OK	0x1481b0868	.rdata	OK	0x1432715c0	.text	OK	0x1432b3ad0	.text	OK
Javelin::ClientMessages::GameModeParticipantComponentServerFacet_RequestJoinQueueForGameMode	3109	javelin_rtti_static	STRUCTURALLY_CONSISTENT		0x14a1b1830	.data	OK	0x14a1b1820	.data	OK	0x143271990	.text	OK	0x1481b0910	.rdata	OK	0x143271900	.text	OK	0x1432b38d0	.text	OK
Javelin::ClientMessages::GameModeParticipantComponentServerFacet_RequestLeaveQueueForGameMode	1066	javelin_rtti_static	STRUCTURALLY_CONSISTENT		0x14a1b1780	.data	OK	0x14a1b1770	.data	OK	0x143272000	.text	OK	0x1481b0ae8	.rdata	OK	0x143271f70	.text	OK	0x1432b40d0	.text	OK
Javelin::ClientMessages::GameModeParticipantComponentServerFacet_RequestLeaveQueueForAllGameModes	2385	javelin_rtti_static	STRUCTURALLY_CONSISTENT		0x14a1b16c0	.data	OK	0x14a1b16b0	.data	OK	0x143272430	.text	OK	0x1481b0bd8	.rdata	OK	0x1432723a0	.text	OK	0x1432b3ed0	.text	OK
Javelin::ClientMessages::GameModeParticipantComponentServerFacet_AcceptMatchmakingServiceMatch	5741	javelin_rtti_static	STRUCTURALLY_CONSISTENT		0x14a1b1600	.data	OK	0x14a1b15f0	.data	OK	0x143272aa0	.text	OK	0x1481b1078	.rdata	OK	0x143272a10	.text	OK	0x1432afad0	.text	OK
Javelin::ClientMessages::GameModeParticipantComponentServerFacet_RequestLeaveGameMode	3309	javelin_rtti_static	STRUCTURALLY_CONSISTENT		0x14a1b1550	.data	OK	0x14a1b1540	.data	OK	0x143272e50	.text	OK	0x1481b1198	.rdata	OK	0x143272dc0	.text	OK	0x1432b3cd0	.text	OK
Javelin::ClientMessages::GameModeParticipantComponentServerFacet_RequestSetMatchmakingRole	6272	javelin_rtti_static	STRUCTURALLY_CONSISTENT		0x14a1b14a0	.data	OK	0x14a1b1490	.data	OK	0x143273420	.text	OK	0x1481b12e8	.rdata	OK	0x143273380	.text	OK	0x1432b44d0	.text	OK
Javelin::ClientMessages::GameModeParticipantComponentServerFacet_RequestCancelMatchmakingRoleSelectionPhase	6297	javelin_rtti_static	STRUCTURALLY_CONSISTENT		0x14a1b13e0	.data	OK	0x14a1b13d0	.data	OK	0x143273830	.text	OK	0x1481b1430	.rdata	OK	0x1432737a0	.text	OK	0x1432b26d0	.text	OK
Javelin::ClientMessages::GameModeParticipantComponentServerFacet_OnReceivedClientEvent	1980	javelin_rtti_static	STRUCTURALLY_CONSISTENT		0x14a1b1330	.data	OK	0x14a1b1320	.data	OK	0x143273d50	.text	OK	0x1481b14c0	.rdata	OK	0x143273cc0	.text	OK	0x1432b20d0	.text	OK
Javelin::ClientMessages::GameModeParticipantComponentServerFacet_RequestModifyGroupEligibilityDataSubscription	6211	javelin_rtti_static	STRUCTURALLY_CONSISTENT		0x14a1b1260	.data	OK	0x14a1b1250	.data	OK	0x143274280	.text	OK	0x1481b1710	.rdata	OK	0x1432741f0	.text	OK	0x1432b42d0	.text	OK
Javelin::ClientMessages::GameModeParticipantComponentServerFacet_OnMatchmakingLoginConfirmed	5450	javelin_rtti_static	STRUCTURALLY_CONSISTENT		0x14a1b11b0	.data	OK	0x14a1b11a0	.data	OK	0x143274440	.text	OK	0x1481b17b8	.rdata	OK	0x1432743b0	.text	OK	0x1432b1ed0	.text	OK
Javelin::ClientMessages::GameModeParticipantComponentServerFacet_SetReadiedUpStatus	6824	javelin_rtti_static	STRUCTURALLY_CONSISTENT		0x14a1b1100	.data	OK	0x14a1b10f0	.data	OK	0x143274ac0	.text	OK	0x1481b19c0	.rdata	OK	0x143274a30	.text	OK	0x1432b46d0	.text	OK
Javelin::ClientMessages::InstancedSlayerScriptComponentServerFacet_RequestDebugStart	6237	javelin_rtti_static	STRUCTURALLY_CONSISTENT		0x14a1b2ca0	.data	OK	0x14a1b2c90	.data	OK	0x1432ddd10	.text	OK	0x1481b9010	.rdata	OK	0x1432ddc80	.text	OK	0x1432ee760	.text	OK
Javelin::ClientMessages::InstancedSlayerScriptComponentServerFacet_RequestDebugRegisterScript	6274	javelin_rtti_static	STRUCTURALLY_CONSISTENT		0x14a1b2bf0	.data	OK	0x14a1b2be0	.data	OK	0x1432dddc0	.text	OK	0x1481b9040	.rdata	OK	0x1432ddd30	.text	OK	0x1432ee560	.text	OK
Javelin::ClientMessages::InstancedSlayerScriptComponentServerFacet_RequestDebugStop	6231	javelin_rtti_static	STRUCTURALLY_CONSISTENT		0x14a1b2b40	.data	OK	0x14a1b2b30	.data	OK	0x1432dde70	.text	OK	0x1481b9070	.rdata	OK	0x1432ddde0	.text	OK	0x1432ee960	.text	OK
Javelin::ClientMessages::InstancedSlayerScriptComponentServerFacet_DebugRequestSetScriptState	6232	javelin_rtti_static	STRUCTURALLY_CONSISTENT		0x14a1b2a90	.data	OK	0x14a1b2a80	.data	OK	0x1432ddf20	.text	OK	0x1481b90f0	.rdata	OK	0x1432dde90	.text	OK	0x1432ee360	.text	OK
Javelin::ClientMessages::InstancedSlayerScriptComponentServerFacet_DebugGetDebugData	6241	javelin_rtti_static	STRUCTURALLY_CONSISTENT		0x14a1b29e0	.data	OK	0x14a1b29d0	.data	OK	0x1432ddfd0	.text	OK	0x1481b9120	.rdata	OK	0x1432ddf40	.text	OK	0x1432ee160	.text	OK
Javelin::ClientMessages::InstancedSlayerScriptComponentClientFacet_ReceiveDebugData	6229	javelin_rtti_static	STRUCTURALLY_CONSISTENT		0x14a1b2930	.data	OK	0x14a1b2920	.data	OK	0x1432de080	.text	OK	0x1481b9150	.rdata	OK	0x1432ddff0	.text	OK	0x1432edf60	.text	OK
Javelin::ClientMessages::SlayerScriptClientFacet_SendEntityEvent	5322	javelin_rtti_static	STRUCTURALLY_CONSISTENT		0x14a1b33f0	.data	OK	0x14a1b33e0	.data	OK	0x1432f8fc0	.text	OK	0x1481bd068	.rdata	OK	0x1432f8f30	.text	OK	0x143316c20	.text	OK
Javelin::ClientMessages::GameModeMutationSchedulerComponentServerFacet_DEBUG_RequestRefreshMutationSchedule	2209	javelin_rtti_static	STRUCTURALLY_CONSISTENT		0x14a1b3d50	.data	OK	0x14a1b3d40	.data	OK	0x14332dae0	.text	OK	0x1481c0130	.rdata	OK	0x14332da50	.text	OK	0x14333fcb0	.text	OK
Javelin::ClientMessages::GameModeMutationSchedulerComponentServerFacet_DEBUG_RequestSetMutationForGameMode	3366	javelin_rtti_static	STRUCTURALLY_CONSISTENT		0x14a1b3c90	.data	OK	0x14a1b3c80	.data	OK	0x14332db90	.text	OK	0x1481c0160	.rdata	OK	0x14332db00	.text	OK	0x14333feb0	.text	OK
Javelin::ClientMessages::GameModeMutationSchedulerComponentServerFacet_DEBUG_RequestStartMutationCadenceTimers	4847	javelin_rtti_static	STRUCTURALLY_CONSISTENT		0x14a1b3bc0	.data	OK	0x14a1b3bb0	.data	OK	0x14332dc40	.text	OK	0x1481c0190	.rdata	OK	0x14332dbb0	.text	OK	0x1433400b0	.text	OK
Javelin::ClientMessages::GatherableControllerComponentClientFacet_GatheringInterrupted	2724	javelin_rtti_static	STRUCTURALLY_CONSISTENT		0x14a1b4700	.data	OK	0x14a1b46f0	.data	OK	0x14334f530	.text	OK	0x1481c2008	.rdata	OK	0x14334f4a0	.text	OK	0x14336e820	.text	OK
Javelin::ClientMessages::GatherableControllerComponentClientFacet_StartEmoteGathering	5192	javelin_rtti_static	STRUCTURALLY_CONSISTENT		0x14a1b4650	.data	OK	0x14a1b4640	.data	OK	0x14334f5e0	.text	OK	0x1481c2038	.rdata	OK	0x14334f550	.text	OK	0x14336ec20	.text	OK
Javelin::ClientMessages::GatherableControllerComponentClientFacet_RequestOpenStorage	6981	javelin_rtti_static	STRUCTURALLY_CONSISTENT		0x14a1b45a0	.data	OK	0x14a1b4590	.data	OK	0x14334f7b0	.text	OK	0x1481c2080	.rdata	OK	0x14334f720	.text	OK	0x14336ea20	.text	OK
Javelin::ClientMessages::GatherableControllerComponentServerFacet_SetStateDebugClient	851	javelin_rtti_static	STRUCTURALLY_CONSISTENT		0x14a1b44f0	.data	OK	0x14a1b44e0	.data	OK	0x14334f860	.text	OK	0x1481c20b0	.rdata	OK	0x14334f7d0	.text	OK	0x14336ee20	.text	OK
Javelin::ClientMessages::PlayerGenericInviteComponentClientFacet_OnInviteFailed	2454	javelin_rtti_static	STRUCTURALLY_CONSISTENT		0x14a1b5060	.data	OK	0x14a1b5050	.data	OK	0x1433862e0	.text	OK	0x1481c6a28	.rdata	OK	0x143386250	.text	OK	0x1433b6540	.text	OK
Javelin::ClientMessages::PlayerGenericInviteComponentServerFacet_RequestSendNewInvite	3404	javelin_rtti_static	STRUCTURALLY_CONSISTENT		0x14a1b4fb0	.data	OK	0x14a1b4fa0	.data	OK	0x1433865a0	.text	OK	0x1481c6b00	.rdata	OK	0x1433864b0	.text	OK	0x1433b6b40	.text	OK
Javelin::ClientMessages::PlayerGenericInviteComponentServerFacet_RequestReplyToInvite	3406	javelin_rtti_static	STRUCTURALLY_CONSISTENT		0x14a1b4f00	.data	OK	0x14a1b4ef0	.data	OK	0x143386780	.text	OK	0x1481c6b78	.rdata	OK	0x1433866f0	.text	OK	0x1433b6940	.text	OK
Javelin::ClientMessages::PlayerGenericInviteComponentServerFacet_SyncDisabledOptions	227	javelin_rtti_static	STRUCTURALLY_CONSISTENT		0x14a1b4e50	.data	OK	0x14a1b4e40	.data	OK	0x1433868f0	.text	OK	0x1481c6bf0	.rdata	OK	0x143386860	.text	OK	0x1433b6d40	.text	OK
Javelin::ClientMessages::PlayerGenericInviteComponentServerFacet_OnOptionChanged	3407	javelin_rtti_static	STRUCTURALLY_CONSISTENT		0x14a1b4da0	.data	OK	0x14a1b4d90	.data	OK	0x143386b30	.text	OK	0x1481c6cb0	.rdata	OK	0x143386aa0	.text	OK	0x1433b6740	.text	OK
Javelin::ClientMessages::GroupsComponentClientFacet_OnReceivedGroupInviteRemoved	1677	javelin_rtti_static	STRUCTURALLY_CONSISTENT		0x14a1b9bf0	.data	OK	0x14a1b9be0	.data	OK	0x1433fdc90	.text	OK	0x1481d14f0	.rdata	OK	0x1433fdc00	.text	OK	0x14343ddb0	.text	OK
Javelin::ClientMessages::GroupsComponentClientFacet_OnReceivedErrorMessage	3453	javelin_rtti_static	STRUCTURALLY_CONSISTENT		0x14a1b9b50	.data	OK	0x14a1b9b40	.data	OK	0x1433fe7f0	.text	OK	0x1481d1760	.rdata	OK	0x1433fe760	.text	OK	0x14343d9b0	.text	OK
Javelin::ClientMessages::GroupsComponentClientFacet_OnReceivedGameInviteErrorMessage	6766	javelin_rtti_static	STRUCTURALLY_CONSISTENT		0x14a1b9aa0	.data	OK	0x14a1b9a90	.data	OK	0x1433fed90	.text	OK	0x1481d1928	.rdata	OK	0x1433fecf0	.text	OK	0x14343dbb0	.text	OK
Javelin::ClientMessages::GroupsComponentClientFacet_OnReceivedPreRaidStatus	715	javelin_rtti_static	STRUCTURALLY_CONSISTENT		0x14a1b9a00	.data	OK	0x14a1b99f0	.data	OK	0x1433ff6a0	.text	OK	0x1481d1cd0	.rdata	OK	0x1433ff600	.text	OK	0x14343e1b0	.text	OK
Javelin::ClientMessages::GroupsComponentClientFacet_OnReceivedSiegeWarfareStarted	3454	javelin_rtti_static	STRUCTURALLY_CONSISTENT		0x14a1b9950	.data	OK	0x14a1b9940	.data	OK	0x1433fff50	.text	OK	0x1481d1ea8	.rdata	OK	0x1433ffe60	.text	OK	0x14343e5b0	.text	OK
Javelin::ClientMessages::GroupsComponentClientFacet_OnReceivedSiegeWarfareEnded	245	javelin_rtti_static	STRUCTURALLY_CONSISTENT		0x14a1b98a0	.data	OK	0x14a1b9890	.data	OK	0x143400660	.text	OK	0x1481d22e0	.rdata	OK	0x1434005d0	.text	OK	0x14343e3b0	.text	OK
Javelin::ClientMessages::GroupsComponentClientFacet_OnSiegeWarfareCompleted	3455	javelin_rtti_static	STRUCTURALLY_CONSISTENT		0x14a1b9800	.data	OK	0x14a1b97f0	.data	OK	0x143400c60	.text	OK	0x1481d23a0	.rdata	OK	0x143400bd0	.text	OK	0x14343e7b0	.text	OK
Javelin::ClientMessages::GroupsComponentClientFacet_OnConvertToRaidVoteInitiated	5311	javelin_rtti_static	STRUCTURALLY_CONSISTENT		0x14a1b9750	.data	OK	0x14a1b9740	.data	OK	0x143401180	.text	OK	0x1481d2508	.rdata	OK	0x1434010f0	.text	OK	0x1434387b0	.text	OK
Javelin::ClientMessages::GroupsComponentClientFacet_OnInitiateConvertToRaidFailed	5308	javelin_rtti_static	STRUCTURALLY_CONSISTENT		0x14a1b96a0	.data	OK	0x14a1b9690	.data	OK	0x1434017a0	.text	OK	0x1481d2698	.rdata	OK	0x143401710	.text	OK	0x14343cfb0	.text	OK
Javelin::ClientMessages::GroupsComponentClientFacet_OnSubmitConvertToRaidVoteFailed	5310	javelin_rtti_static	STRUCTURALLY_CONSISTENT		0x14a1b95f0	.data	OK	0x14a1b95e0	.data	OK	0x1434022f0	.text	OK	0x1481d2928	.rdata	OK	0x143402260	.text	OK	0x14343e9b0	.text	OK
Javelin::ClientMessages::GroupsComponentClientFacet_OnConvertToRaidVoteEnded	5309	javelin_rtti_static	STRUCTURALLY_CONSISTENT		0x14a1b9550	.data	OK	0x14a1b9540	.data	OK	0x143402d10	.text	OK	0x1481d2c98	.rdata	OK	0x143402c80	.text	OK	0x1434385b0	.text	OK
Javelin::ClientMessages::GroupsComponentClientFacet_OnKickVoteInitiated	3456	javelin_rtti_static	STRUCTURALLY_CONSISTENT		0x14a1b94b0	.data	OK	0x14a1b94a0	.data	OK	0x143403250	.text	OK	0x1481d2e20	.rdata	OK	0x1434031c0	.text	OK	0x14343d7b0	.text	OK
Javelin::ClientMessages::GroupsComponentClientFacet_OnInitiateKickVoteFailed	3457	javelin_rtti_static	STRUCTURALLY_CONSISTENT		0x14a1b9410	.data	OK	0x14a1b9400	.data	OK	0x143403a90	.text	OK	0x1481d3190	.rdata	OK	0x143403a00	.text	OK	0x14343d1b0	.text	OK
Javelin::ClientMessages::GroupsComponentClientFacet_OnSubmitKickVoteFailed	1151	javelin_rtti_static	STRUCTURALLY_CONSISTENT		0x14a1b9370	.data	OK	0x14a1b9360	.data	OK	0x143403eb0	.text	OK	0x1481d3298	.rdata	OK	0x143403e20	.text	OK	0x14343ebb0	.text	OK
Javelin::ClientMessages::GroupsComponentClientFacet_OnKickVoteEnded	3458	javelin_rtti_static	STRUCTURALLY_CONSISTENT		0x14a1b92d0	.data	OK	0x14a1b92c0	.data	OK	0x1434042e0	.text	OK	0x1481d3340	.rdata	OK	0x143404250	.text	OK	0x14343d5b0	.text	OK
Javelin::ClientMessages::GroupsComponentClientFacet_OnAbandonGameModeVoteStarted	6303	javelin_rtti_static	STRUCTURALLY_CONSISTENT		0x14a1b9220	.data	OK	0x14a1b9210	.data	OK	0x143404b90	.text	OK	0x1481d35a8	.rdata	OK	0x143404b00	.text	OK	0x1434381b0	.text	OK
Javelin::ClientMessages::GroupsComponentClientFacet_OnAbandonGameModeResult	6304	javelin_rtti_static	STRUCTURALLY_CONSISTENT		0x14a1b9180	.data	OK	0x14a1b9170	.data	OK	0x143405140	.text	OK	0x1481d3800	.rdata	OK	0x1434050b0	.text	OK	0x143437fb0	.text	OK
Javelin::ClientMessages::GroupsComponentClientFacet_PlatformGameInviteJoinGroupBypassFlow	6485	javelin_rtti_static	STRUCTURALLY_CONSISTENT		0x14a1b90d0	.data	OK	0x14a1b90c0	.data	OK	0x1434057d0	.text	OK	0x1481d3998	.rdata	OK	0x143405740	.text	OK	0x14343edb0	.text	OK
Javelin::ClientMessages::GroupsComponentClientFacet_OnReceivedGroupMemberRemoved	5283	javelin_rtti_static	STRUCTURALLY_CONSISTENT		0x14a1b9020	.data	OK	0x14a1b9010	.data	OK	0x143405db0	.text	OK	0x1481d3aa0	.rdata	OK	0x143405d20	.text	OK	0x14343dfb0	.text	OK
Javelin::ClientMessages::GroupsComponentClientFacet_OnGroupFinderCreateGroupSuccess	3374	javelin_rtti_static	STRUCTURALLY_CONSISTENT		0x14a1b8f70	.data	OK	0x14a1b8f60	.data	OK	0x1434065e0	.text	OK	0x1481d3e60	.rdata	OK	0x143406550	.text	OK	0x143439db0	.text	OK
Javelin::ClientMessages::GroupsComponentClientFacet_OnGroupFinderCreateGroupFailed	1089	javelin_rtti_static	STRUCTURALLY_CONSISTENT		0x14a1b8ec0	.data	OK	0x14a1b8eb0	.data	OK	0x143407290	.text	OK	0x1481d4140	.rdata	OK	0x1434071f0	.text	OK	0x143439bb0	.text	OK
Javelin::ClientMessages::GroupsComponentClientFacet_OnGroupFinderUpdateGroupSuccess	3219	javelin_rtti_static	STRUCTURALLY_CONSISTENT		0x14a1b8e10	.data	OK	0x14a1b8e00	.data	OK	0x143407990	.text	OK	0x1481d4400	.rdata	OK	0x1434078c0	.text	OK	0x14343c9b0	.text	OK
Javelin::ClientMessages::GroupsComponentClientFacet_OnGroupFinderUpdateGroupFailed	1499	javelin_rtti_static	STRUCTURALLY_CONSISTENT		0x14a1b8d60	.data	OK	0x14a1b8d50	.data	OK	0x143407e50	.text	OK	0x1481d4560	.rdata	OK	0x143407d20	.text	OK	0x14343c7b0	.text	OK
Javelin::ClientMessages::GroupsComponentClientFacet_OnGroupFinderRemoveGroupSuccess	3459	javelin_rtti_static	STRUCTURALLY_CONSISTENT		0x14a1b8cb0	.data	OK	0x14a1b8ca0	.data	OK	0x143408300	.text	OK	0x1481d4790	.rdata	OK	0x143408270	.text	OK	0x14343bdb0	.text	OK
Javelin::ClientMessages::GroupsComponentClientFacet_OnGroupFinderRemoveGroupFailed	1037	javelin_rtti_static	STRUCTURALLY_CONSISTENT		0x14a1b8c00	.data	OK	0x14a1b8bf0	.data	OK	0x143408570	.text	OK	0x1481d4848	.rdata	OK	0x1434084e0	.text	OK	0x14343bbb0	.text	OK
Javelin::ClientMessages::GroupsComponentClientFacet_OnGroupFinderGetGroupSuccess	2010	javelin_rtti_static	STRUCTURALLY_CONSISTENT		0x14a1b8b50	.data	OK	0x14a1b8b40	.data	OK	0x143408930	.text	OK	0x1481d4a48	.rdata	OK	0x1434088a0	.text	OK	0x14343abb0	.text	OK
Javelin::ClientMessages::GroupsComponentClientFacet_OnGroupFinderGetGroupFailed	1730	javelin_rtti_static	STRUCTURALLY_CONSISTENT		0x14a1b8aa0	.data	OK	0x14a1b8a90	.data	OK	0x143409030	.text	OK	0x1481d4cf0	.rdata	OK	0x143408fa0	.text	OK	0x14343a5b0	.text	OK
Javelin::ClientMessages::GroupsComponentClientFacet_OnGroupFinderGetGroupListSuccess	3461	javelin_rtti_static	STRUCTURALLY_CONSISTENT		0x14a1b89f0	.data	OK	0x14a1b89e0	.data	OK	0x143409f60	.text	OK	0x1481d5090	.rdata	OK	0x143409ed0	.text	OK	0x14343a9b0	.text	OK
Javelin::ClientMessages::GroupsComponentClientFacet_OnGroupFinderGetGroupListFailed	3462	javelin_rtti_static	STRUCTURALLY_CONSISTENT		0x14a1b8940	.data	OK	0x14a1b8930	.data	OK	0x14340a190	.text	OK	0x1481d5240	.rdata	OK	0x14340a100	.text	OK	0x14343a7b0	.text	OK
Javelin::ClientMessages::GroupsComponentClientFacet_OnGroupFinderSubmitApplicationSuccess	861	javelin_rtti_static	STRUCTURALLY_CONSISTENT		0x14a1b8890	.data	OK	0x14a1b8880	.data	OK	0x14340a560	.text	OK	0x1481d52d0	.rdata	OK	0x14340a4d0	.text	OK	0x14343c5b0	.text	OK
Javelin::ClientMessages::GroupsComponentClientFacet_OnGroupFinderSubmitApplicationFailed	3463	javelin_rtti_static	STRUCTURALLY_CONSISTENT		0x14a1b87e0	.data	OK	0x14a1b87d0	.data	OK	0x14340ae90	.text	OK	0x1481d5568	.rdata	OK	0x14340ae00	.text	OK	0x14343c3b0	.text	OK
Javelin::ClientMessages::GroupsComponentClientFacet_OnGroupFinderRemoveApplicationSuccess	3465	javelin_rtti_static	STRUCTURALLY_CONSISTENT		0x14a1b8730	.data	OK	0x14a1b8720	.data	OK	0x14340b980	.text	OK	0x1481d5890	.rdata	OK	0x14340b8f0	.text	OK	0x14343b9b0	.text	OK
Javelin::ClientMessages::GroupsComponentClientFacet_OnGroupFinderRemoveApplicationFailed	3466	javelin_rtti_static	STRUCTURALLY_CONSISTENT		0x14a1b8680	.data	OK	0x14a1b8670	.data	OK	0x14340c040	.text	OK	0x1481d59e8	.rdata	OK	0x14340bfb0	.text	OK	0x14343b7b0	.text	OK
Javelin::ClientMessages::GroupsComponentClientFacet_OnGroupFinderRemoveAllApplicationsSuccess	3468	javelin_rtti_static	STRUCTURALLY_CONSISTENT		0x14a1b85d0	.data	OK	0x14a1b85c0	.data	OK	0x14340c560	.text	OK	0x1481d5b80	.rdata	OK	0x14340c4d0	.text	OK	0x14343b5b0	.text	OK
Javelin::ClientMessages::GroupsComponentClientFacet_OnGroupFinderRemoveAllApplicationsFailed	3469	javelin_rtti_static	STRUCTURALLY_CONSISTENT		0x14a1b8520	.data	OK	0x14a1b8510	.data	OK	0x14340ca70	.text	OK	0x1481d5c68	.rdata	OK	0x14340c9e0	.text	OK	0x14343b3b0	.text	OK
Javelin::ClientMessages::GroupsComponentClientFacet_OnGroupFinderAcceptApplicationSuccess	3470	javelin_rtti_static	STRUCTURALLY_CONSISTENT		0x14a1b8470	.data	OK	0x14a1b8460	.data	OK	0x14340cf90	.text	OK	0x1481d5eb0	.rdata	OK	0x14340cf00	.text	OK	0x143438bb0	.text	OK
Javelin::ClientMessages::GroupsComponentClientFacet_OnGroupFinderAcceptApplicationFailed	2584	javelin_rtti_static	STRUCTURALLY_CONSISTENT		0x14a1b83c0	.data	OK	0x14a1b83b0	.data	OK	0x14340db50	.text	OK	0x1481d60c0	.rdata	OK	0x14340dac0	.text	OK	0x1434389b0	.text	OK
Javelin::ClientMessages::GroupsComponentClientFacet_OnGroupFinderRejectApplicationSuccess	3473	javelin_rtti_static	STRUCTURALLY_CONSISTENT		0x14a1b8310	.data	OK	0x14a1b8300	.data	OK	0x14340e1e0	.text	OK	0x1481d63c8	.rdata	OK	0x14340e150	.text	OK	0x14343b1b0	.text	OK
Javelin::ClientMessages::GroupsComponentClientFacet_OnGroupFinderRejectApplicationFailed	3273	javelin_rtti_static	STRUCTURALLY_CONSISTENT		0x14a1b8260	.data	OK	0x14a1b8250	.data	OK	0x14340e920	.text	OK	0x1481d6568	.rdata	OK	0x14340e890	.text	OK	0x14343afb0	.text	OK
Javelin::ClientMessages::GroupsComponentClientFacet_OnGroupFinderConfirmApplicationInviteSuccess	1708	javelin_rtti_static	STRUCTURALLY_CONSISTENT		0x14a1b81a0	.data	OK	0x14a1b8190	.data	OK	0x14340f090	.text	OK	0x1481d68a8	.rdata	OK	0x14340f000	.text	OK	0x1434397b0	.text	OK
Javelin::ClientMessages::GroupsComponentClientFacet_OnGroupFinderConfirmApplicationInviteFailed	3474	javelin_rtti_static	STRUCTURALLY_CONSISTENT		0x14a1b80e0	.data	OK	0x14a1b80d0	.data	OK	0x14340faf0	.text	OK	0x1481d6ad8	.rdata	OK	0x14340fa50	.text	OK	0x1434395b0	.text	OK
Javelin::ClientMessages::GroupsComponentClientFacet_OnGroupFinderDeclineApplicationInviteSuccess	3475	javelin_rtti_static	STRUCTURALLY_CONSISTENT		0x14a1b8020	.data	OK	0x14a1b8010	.data	OK	0x14340fff0	.text	OK	0x1481d6cd0	.rdata	OK	0x14340ff60	.text	OK	0x14343a3b0	.text	OK
Javelin::ClientMessages::GroupsComponentClientFacet_OnGroupFinderDeclineApplicationInviteFailed	658	javelin_rtti_static	STRUCTURALLY_CONSISTENT		0x14a1b7f60	.data	OK	0x14a1b7f50	.data	OK	0x143410830	.text	OK	0x1481d6eb0	.rdata	OK	0x1434107a0	.text	OK	0x14343a1b0	.text	OK
Javelin::ClientMessages::GroupsComponentClientFacet_OnGroupFinderDeclineApplicationInvite	5294	javelin_rtti_static	STRUCTURALLY_CONSISTENT		0x14a1b7eb0	.data	OK	0x14a1b7ea0	.data	OK	0x143410cb0	.text	OK	0x1481d7090	.rdata	OK	0x143410c20	.text	OK	0x143439fb0	.text	OK
Javelin::ClientMessages::GroupsComponentClientFacet_OnGroupFinderAddMemberSuccess	3477	javelin_rtti_static	STRUCTURALLY_CONSISTENT		0x14a1b7e00	.data	OK	0x14a1b7df0	.data	OK	0x143411620	.text	OK	0x1481d7338	.rdata	OK	0x143411590	.text	OK	0x143438fb0	.text	OK
Javelin::ClientMessages::GroupsComponentClientFacet_OnGroupFinderAddMemberFailed	2223	javelin_rtti_static	STRUCTURALLY_CONSISTENT		0x14a1b7d50	.data	OK	0x14a1b7d40	.data	OK	0x143411a30	.text	OK	0x1481d7450	.rdata	OK	0x1434119a0	.text	OK	0x143438db0	.text	OK
Javelin::ClientMessages::GroupsComponentClientFacet_OnGroupFinderUpdateMemberSuccess	3480	javelin_rtti_static	STRUCTURALLY_CONSISTENT		0x14a1b7ca0	.data	OK	0x14a1b7c90	.data	OK	0x143412190	.text	OK	0x1481d76d0	.rdata	OK	0x143412100	.text	OK	0x14343cdb0	.text	OK
Javelin::ClientMessages::GroupsComponentClientFacet_OnGroupFinderUpdateMemberFailed	3481	javelin_rtti_static	STRUCTURALLY_CONSISTENT		0x14a1b7b60	.data	OK	0x14a1b7b50	.data	OK	0x143412860	.text	OK	0x1481d78b0	.rdata	OK	0x1434127d0	.text	OK	0x14343cbb0	.text	OK
Javelin::ClientMessages::GroupsComponentClientFacet_OnGroupFinderRemoveMemberSuccess	3482	javelin_rtti_static	STRUCTURALLY_CONSISTENT		0x14a1b7a30	.data	OK	0x14a1b7a20	.data	OK	0x143412b90	.text	OK	0x1481d7940	.rdata	OK	0x143412af0	.text	OK	0x14343c1b0	.text	OK
Javelin::ClientMessages::GroupsComponentClientFacet_OnGroupFinderRemoveMemberFailed	3483	javelin_rtti_static	STRUCTURALLY_CONSISTENT		0x14a1b7980	.data	OK	0x14a1b7970	.data	OK	0x143413130	.text	OK	0x1481d7a98	.rdata	OK	0x1434130a0	.text	OK	0x14343bfb0	.text	OK
Javelin::ClientMessages::GroupsComponentClientFacet_OnGroupFinderApplicationAccepted	3485	javelin_rtti_static	STRUCTURALLY_CONSISTENT		0x14a1b78d0	.data	OK	0x14a1b78c0	.data	OK	0x143413720	.text	OK	0x1481d7db8	.rdata	OK	0x143413690	.text	OK	0x1434391b0	.text	OK
Javelin::ClientMessages::GroupsComponentClientFacet_OnGroupFinderApplicationRejected	2985	javelin_rtti_static	STRUCTURALLY_CONSISTENT		0x14a1b7820	.data	OK	0x14a1b7810	.data	OK	0x143413c80	.text	OK	0x1481d7f50	.rdata	OK	0x143413bf0	.text	OK	0x1434393b0	.text	OK
Javelin::ClientMessages::GroupsComponentClientFacet_OnGroupFinderConvertToGroupFailed	4726	javelin_rtti_static	STRUCTURALLY_CONSISTENT		0x14a1b76f0	.data	OK	0x14a1b76e0	.data	OK	0x143413ff0	.text	OK	0x1481d80c8	.rdata	OK	0x143413f60	.text	OK	0x1434399b0	.text	OK
Javelin::ClientMessages::GroupsComponentClientFacet_OnGroupFinderKickedFromGroup	5239	javelin_rtti_static	STRUCTURALLY_CONSISTENT		0x14a1b7640	.data	OK	0x14a1b7630	.data	OK	0x1434147d0	.text	OK	0x1481d8240	.rdata	OK	0x143414740	.text	OK	0x14343adb0	.text	OK
Javelin::ClientMessages::GroupsComponentClientFacet_OnAllActivityJoinableLobbyCountsReceived	5459	javelin_rtti_static	STRUCTURALLY_CONSISTENT		0x14a1b7590	.data	OK	0x14a1b7580	.data	OK	0x143414d40	.text	OK	0x1481d8600	.rdata	OK	0x143414cb0	.text	OK	0x1434383b0	.text	OK
Javelin::ClientMessages::GroupsComponentClientFacet_OnJoinableLobbyCountsForActivityReceived	5458	javelin_rtti_static	STRUCTURALLY_CONSISTENT		0x14a1b74e0	.data	OK	0x14a1b74d0	.data	OK	0x143415280	.text	OK	0x1481d88d8	.rdata	OK	0x1434151f0	.text	OK	0x14343d3b0	.text	OK
Javelin::ClientMessages::GroupsComponentServerFacet_RequestPing	2407	javelin_rtti_static	STRUCTURALLY_CONSISTENT		0x14a1b7440	.data	OK	0x14a1b7430	.data	OK	0x1434155d0	.text	OK	0x1481d8968	.rdata	OK	0x143415530	.text	OK	0x143443fb0	.text	OK
Javelin::ClientMessages::GroupsComponentServerFacet_CancelPing	3486	javelin_rtti_static	STRUCTURALLY_CONSISTENT		0x14a1b73a0	.data	OK	0x14a1b7390	.data	OK	0x143415cd0	.text	OK	0x1481d8ca0	.rdata	OK	0x143415c40	.text	OK	0x14343f3b0	.text	OK
Javelin::ClientMessages::GroupsComponentServerFacet_RequestTargetPing	3490	javelin_rtti_static	STRUCTURALLY_CONSISTENT		0x14a1b7300	.data	OK	0x14a1b72f0	.data	OK	0x143416300	.text	OK	0x1481d8ea0	.rdata	OK	0x143416270	.text	OK	0x1434461b0	.text	OK
Javelin::ClientMessages::GroupsComponentServerFacet_CancelTargetPing	3491	javelin_rtti_static	STRUCTURALLY_CONSISTENT		0x14a1b7260	.data	OK	0x14a1b7250	.data	OK	0x1433f84a0	.text	OK	0x1481cf7a8	.rdata	OK	0x1433f8410	.text	OK	0x14343f5b0	.text	OK
Javelin::ClientMessages::GroupsComponentServerFacet_RequestGroupInvite	3492	javelin_rtti_static	STRUCTURALLY_CONSISTENT		0x14a1b71c0	.data	OK	0x14a1b71b0	.data	OK	0x1433f8b10	.text	OK	0x1481cf988	.rdata	OK	0x1433f8a80	.text	OK	0x143442fb0	.text	OK
Javelin::ClientMessages::GroupsComponentServerFacet_RequestBatchGroupInvites	2340	javelin_rtti_static	STRUCTURALLY_CONSISTENT		0x14a1b7120	.data	OK	0x14a1b7110	.data	OK	0x1433f9210	.text	OK	0x1481cfbd0	.rdata	OK	0x1433f9170	.text	OK	0x1434415b0	.text	OK
Javelin::ClientMessages::GroupsComponentServerFacet_RequestReplyToGroupInvite	3495	javelin_rtti_static	STRUCTURALLY_CONSISTENT		0x14a1b7080	.data	OK	0x14a1b7070	.data	OK	0x1433f9a20	.text	OK	0x1481cff38	.rdata	OK	0x1433f9990	.text	OK	0x143444db0	.text	OK
Javelin::ClientMessages::GroupsComponentServerFacet_RequestWithdrawInvites	3471	javelin_rtti_static	STRUCTURALLY_CONSISTENT		0x14a1b6fe0	.data	OK	0x14a1b6fd0	.data	OK	0x1433fa080	.text	OK	0x1481d0010	.rdata	OK	0x1433f9ff0	.text	OK	0x1434467b0	.text	OK
Javelin::ClientMessages::GroupsComponentServerFacet_RequestInitiateConvertToRaid	5317	javelin_rtti_static	STRUCTURALLY_CONSISTENT		0x14a1b6f30	.data	OK	0x14a1b6f20	.data	OK	0x1433fa650	.text	OK	0x1481d0310	.rdata	OK	0x1433fa5c0	.text	OK	0x1434431b0	.text	OK
Javelin::ClientMessages::GroupsComponentServerFacet_RequestConvertToRaidVote	5318	javelin_rtti_static	STRUCTURALLY_CONSISTENT		0x14a1b6e90	.data	OK	0x14a1b6e80	.data	OK	0x1433faab0	.text	OK	0x1481d04a0	.rdata	OK	0x1433fa9c0	.text	OK	0x1434421b0	.text	OK
Javelin::ClientMessages::GroupsComponentServerFacet_RequestInitiateKickVotePlayer	3498	javelin_rtti_static	STRUCTURALLY_CONSISTENT		0x14a1b6de0	.data	OK	0x14a1b6dd0	.data	OK	0x1433fb030	.text	OK	0x1481d05f0	.rdata	OK	0x1433fae60	.text	OK	0x1434433b0	.text	OK
Javelin::ClientMessages::GroupsComponentServerFacet_RequestStartAbandonGameMode	6305	javelin_rtti_static	STRUCTURALLY_CONSISTENT		0x14a1b6c90	.data	OK	0x14a1b6c80	.data	OK	0x1433fbd10	.text	OK	0x1481d0a40	.rdata	OK	0x1433fbbf0	.text	OK	0x143445bb0	.text	OK
Javelin::ClientMessages::GroupsComponentServerFacet_RequestCastAbandonVote	6291	javelin_rtti_static	STRUCTURALLY_CONSISTENT		0x14a1b6bf0	.data	OK	0x14a1b6be0	.data	OK	0x1433fc760	.text	OK	0x1481d0d78	.rdata	OK	0x1433fc6c0	.text	OK	0x1434417b0	.text	OK
Javelin::ClientMessages::GroupsComponentServerFacet_RequestLeaveGroup	2252	javelin_rtti_static	STRUCTURALLY_CONSISTENT		0x14a1b6b50	.data	OK	0x14a1b6b40	.data	OK	0x1433fce80	.text	OK	0x1481d0fa8	.rdata	OK	0x1433fcdf0	.text	OK	0x1434439b0	.text	OK
Javelin::ClientMessages::GroupsComponentServerFacet_RequestChooseRole	5390	javelin_rtti_static	STRUCTURALLY_CONSISTENT		0x14a1b6ab0	.data	OK	0x14a1b6aa0	.data	OK	0x1433fd590	.text	OK	0x1481d12b0	.rdata	OK	0x1433fd500	.text	OK	0x1434419b0	.text	OK
Javelin::ClientMessages::GroupsComponentServerFacet_RequestRemoveRaidMember	3500	javelin_rtti_static	STRUCTURALLY_CONSISTENT		0x14a1b6a10	.data	OK	0x14a1b6a00	.data	OK	0x1433fd8d0	.text	OK	0x1481d13c8	.rdata	OK	0x1433fd840	.text	OK	0x143444bb0	.text	OK
Javelin::ClientMessages::GroupsComponentServerFacet_RequestMoveRaidMember	3501	javelin_rtti_static	STRUCTURALLY_CONSISTENT		0x14a1b6970	.data	OK	0x14a1b6960	.data	OK	0x1433fdbd0	.text	OK	0x1481d1460	.rdata	OK	0x1433fdab0	.text	OK	0x143443db0	.text	OK
Javelin::ClientMessages::GroupsComponentServerFacet_RequestSwapRaidMembers	541	javelin_rtti_static	STRUCTURALLY_CONSISTENT		0x14a1b68d0	.data	OK	0x14a1b68c0	.data	OK	0x1433fe620	.text	OK	0x1481d15d8	.rdata	OK	0x1433fe530	.text	OK	0x143445fb0	.text	OK
Javelin::ClientMessages::GroupsComponentServerFacet_RequestSetRaidMemberPermission	2422	javelin_rtti_static	STRUCTURALLY_CONSISTENT		0x14a1bb880	.data	OK	0x14a1bb870	.data	OK	0x1433fead0	.text	OK	0x1481d18c8	.rdata	OK	0x1433fea40	.text	OK	0x1434459b0	.text	OK
Javelin::ClientMessages::GroupsComponentServerFacet_RequestSetGroupLeader	3502	javelin_rtti_static	STRUCTURALLY_CONSISTENT		0x14a1bb7e0	.data	OK	0x14a1bb7d0	.data	OK	0x1433ff430	.text	OK	0x1481d1c30	.rdata	OK	0x1433ff340	.text	OK	0x1434453b0	.text	OK
Javelin::ClientMessages::GroupsComponentServerFacet_RequestSetGroupName	2196	javelin_rtti_static	STRUCTURALLY_CONSISTENT		0x14a1bb740	.data	OK	0x14a1bb730	.data	OK	0x1433ffc00	.text	OK	0x1481d1e40	.rdata	OK	0x1433ffb70	.text	OK	0x1434455b0	.text	OK
Javelin::ClientMessages::GroupsComponentServerFacet_RequestSetGroupIcon	3504	javelin_rtti_static	STRUCTURALLY_CONSISTENT		0x14a1bb6a0	.data	OK	0x14a1bb690	.data	OK	0x1434005b0	.text	OK	0x1481d22b0	.rdata	OK	0x143400520	.text	OK	0x1434451b0	.text	OK
Javelin::ClientMessages::GroupsComponentServerFacet_RequestSetGroupColor	3505	javelin_rtti_static	STRUCTURALLY_CONSISTENT		0x14a1bb600	.data	OK	0x14a1bb5f0	.data	OK	0x143400bb0	.text	OK	0x1481d2370	.rdata	OK	0x143400b20	.text	OK	0x143444fb0	.text	OK
Javelin::ClientMessages::GroupsComponentServerFacet_RequestSetGroupObjective	3507	javelin_rtti_static	STRUCTURALLY_CONSISTENT		0x14a1bb560	.data	OK	0x14a1bb550	.data	OK	0x1434010d0	.text	OK	0x1481d24d8	.rdata	OK	0x143401040	.text	OK	0x1434457b0	.text	OK
Javelin::ClientMessages::GroupsComponentServerFacet_RequestCreateGroupFinderGroup	3509	javelin_rtti_static	STRUCTURALLY_CONSISTENT		0x14a1bb4b0	.data	OK	0x14a1bb4a0	.data	OK	0x143401670	.text	OK	0x1481d2668	.rdata	OK	0x1434015e0	.text	OK	0x1434423b0	.text	OK
Javelin::ClientMessages::GroupsComponentServerFacet_RequestUpdateGroupFinderGroup	2872	javelin_rtti_static	STRUCTURALLY_CONSISTENT		0x14a1bb400	.data	OK	0x14a1bb3f0	.data	OK	0x143402090	.text	OK	0x1481d28c8	.rdata	OK	0x143402000	.text	OK	0x1434463b0	.text	OK
Javelin::ClientMessages::GroupsComponentServerFacet_RequestRemoveGroupFinderGroup	1683	javelin_rtti_static	STRUCTURALLY_CONSISTENT		0x14a1bb350	.data	OK	0x14a1bb340	.data	OK	0x143402c60	.text	OK	0x1481d2c68	.rdata	OK	0x143402bd0	.text	OK	0x1434447b0	.text	OK
Javelin::ClientMessages::GroupsComponentServerFacet_RequestGetGroupFinderGroup	1147	javelin_rtti_static	STRUCTURALLY_CONSISTENT		0x14a1bb2a0	.data	OK	0x14a1bb290	.data	OK	0x1434030d0	.text	OK	0x1481d2df0	.rdata	OK	0x143403040	.text	OK	0x1434429b0	.text	OK
Javelin::ClientMessages::GroupsComponentServerFacet_RequestGetGroupFinderGroupList	1960	javelin_rtti_static	STRUCTURALLY_CONSISTENT		0x14a1bb1f0	.data	OK	0x14a1bb1e0	.data	OK	0x143403910	.text	OK	0x1481d3160	.rdata	OK	0x143403880	.text	OK	0x143442bb0	.text	OK
Javelin::ClientMessages::GroupsComponentServerFacet_RequestGetGroupFinderGroupListUnfiltered	5495	javelin_rtti_static	STRUCTURALLY_CONSISTENT		0x14a1bb140	.data	OK	0x14a1bb130	.data	OK	0x143403d30	.text	OK	0x1481d3268	.rdata	OK	0x143403ca0	.text	OK	0x143442db0	.text	OK
Javelin::ClientMessages::GroupsComponentServerFacet_RequestModifyGroupFinderApplicationSubscription	5355	javelin_rtti_static	STRUCTURALLY_CONSISTENT		0x14a1bb080	.data	OK	0x14a1bb070	.data	OK	0x143404150	.text	OK	0x1481d3310	.rdata	OK	0x1434040c0	.text	OK	0x143443bb0	.text	OK
Javelin::ClientMessages::GroupsComponentServerFacet_RequestSubmitGroupFinderApplication	3510	javelin_rtti_static	STRUCTURALLY_CONSISTENT		0x14a1bafd0	.data	OK	0x14a1bafc0	.data	OK	0x1434049f0	.text	OK	0x1481d3578	.rdata	OK	0x143404960	.text	OK	0x143445db0	.text	OK
Javelin::ClientMessages::GroupsComponentServerFacet_RequestRemoveGroupFinderApplication	3513	javelin_rtti_static	STRUCTURALLY_CONSISTENT		0x14a1baf20	.data	OK	0x14a1baf10	.data	OK	0x143405090	.text	OK	0x1481d37d0	.rdata	OK	0x143405000	.text	OK	0x1434445b0	.text	OK
Javelin::ClientMessages::GroupsComponentServerFacet_RequestRemoveAllGroupFinderApplications	1553	javelin_rtti_static	STRUCTURALLY_CONSISTENT		0x14a1bae70	.data	OK	0x14a1bae60	.data	OK	0x1434055e0	.text	OK	0x1481d3908	.rdata	OK	0x143405550	.text	OK	0x1434443b0	.text	OK
Javelin::ClientMessages::GroupsComponentServerFacet_RequestAcceptGroupFinderApplication	3515	javelin_rtti_static	STRUCTURALLY_CONSISTENT		0x14a1badc0	.data	OK	0x14a1badb0	.data	OK	0x143405ba0	.text	OK	0x1481d39f8	.rdata	OK	0x143405b10	.text	OK	0x143440fb0	.text	OK
Javelin::ClientMessages::GroupsComponentServerFacet_RequestRejectGroupFinderApplication	1383	javelin_rtti_static	STRUCTURALLY_CONSISTENT		0x14a1bad10	.data	OK	0x14a1bad00	.data	OK	0x143406530	.text	OK	0x1481d3dc0	.rdata	OK	0x1434064a0	.text	OK	0x1434441b0	.text	OK
Javelin::ClientMessages::GroupsComponentServerFacet_RequestConfirmGroupFinderApplicationInvite	105	javelin_rtti_static	STRUCTURALLY_CONSISTENT		0x14a1bac50	.data	OK	0x14a1bac40	.data	OK	0x1434070a0	.text	OK	0x1481d3fb0	.rdata	OK	0x143407010	.text	OK	0x143441db0	.text	OK
Javelin::ClientMessages::GroupsComponentServerFacet_RequestDeclineGroupFinderApplicationInvite	3245	javelin_rtti_static	STRUCTURALLY_CONSISTENT		0x14a1bab90	.data	OK	0x14a1bab80	.data	OK	0x1434077e0	.text	OK	0x1481d43a8	.rdata	OK	0x143407750	.text	OK	0x1434427b0	.text	OK
Javelin::ClientMessages::GroupsComponentServerFacet_RequestAddMemberToGroupFinderGroup	3517	javelin_rtti_static	STRUCTURALLY_CONSISTENT		0x14a1baae0	.data	OK	0x14a1baad0	.data	OK	0x143407c50	.text	OK	0x1481d4530	.rdata	OK	0x143407bc0	.text	OK	0x1434411b0	.text	OK
Javelin::ClientMessages::GroupsComponentServerFacet_RequestUpdateMemberInGroupFinderGroup	3518	javelin_rtti_static	STRUCTURALLY_CONSISTENT		0x14a1baa30	.data	OK	0x14a1baa20	.data	OK	0x143408250	.text	OK	0x1481d4760	.rdata	OK	0x1434081c0	.text	OK	0x1434465b0	.text	OK
Javelin::ClientMessages::GroupsComponentServerFacet_RequestRemoveMemberFromGroupFinderGroup	3519	javelin_rtti_static	STRUCTURALLY_CONSISTENT		0x14a1ba980	.data	OK	0x14a1ba970	.data	OK	0x1434084c0	.text	OK	0x1481d47f0	.rdata	OK	0x143408430	.text	OK	0x1434449b0	.text	OK
Javelin::ClientMessages::GroupsComponentServerFacet_RequestConvertGroupFinderGroupToGroup	4723	javelin_rtti_static	STRUCTURALLY_CONSISTENT		0x14a1ba8d0	.data	OK	0x14a1ba8c0	.data	OK	0x143408830	.text	OK	0x1481d4a18	.rdata	OK	0x1434087a0	.text	OK	0x143441fb0	.text	OK
Javelin::ClientMessages::GroupsComponentServerFacet_RequestConfirmConvertGroupFinderGroupToGroup	4739	javelin_rtti_static	STRUCTURALLY_CONSISTENT		0x14a1ba810	.data	OK	0x14a1ba800	.data	OK	0x143408e10	.text	OK	0x1481d4c90	.rdata	OK	0x143408d80	.text	OK	0x143441bb0	.text	OK
Javelin::ClientMessages::GroupsComponentServerFacet_RequestDeclineConvertGroupFinderGroupToGroup	4744	javelin_rtti_static	STRUCTURALLY_CONSISTENT		0x14a1ba750	.data	OK	0x14a1ba740	.data	OK	0x143409c40	.text	OK	0x1481d4ee8	.rdata	OK	0x143409bb0	.text	OK	0x1434425b0	.text	OK
Javelin::ClientMessages::GroupsComponentServerFacet_RequestAllActivityJoinableLobbyCounts	5461	javelin_rtti_static	STRUCTURALLY_CONSISTENT		0x14a1ba6a0	.data	OK	0x14a1ba690	.data	OK	0x14340a0e0	.text	OK	0x1481d5210	.rdata	OK	0x14340a050	.text	OK	0x1434413b0	.text	OK
Javelin::ClientMessages::GroupsComponentServerFacet_RequestJoinableLobbyCountsForActivity	5463	javelin_rtti_static	STRUCTURALLY_CONSISTENT		0x14a1ba5f0	.data	OK	0x14a1ba5e0	.data	OK	0x14340a3d0	.text	OK	0x1481d52a0	.rdata	OK	0x14340a340	.text	OK	0x1434435b0	.text	OK
Javelin::ClientMessages::GroupsComponentServerFacet_DebugClearGroupFinderGroups	4906	javelin_rtti_static	STRUCTURALLY_CONSISTENT		0x14a1ba540	.data	OK	0x14a1ba530	.data	OK	0x14340ac30	.text	OK	0x1481d5538	.rdata	OK	0x14340aba0	.text	OK	0x14343fbb0	.text	OK
Javelin::ClientMessages::GroupsComponentServerFacet_DebugCreateGroup	5965	javelin_rtti_static	STRUCTURALLY_CONSISTENT		0x14a1ba4a0	.data	OK	0x14a1ba490	.data	OK	0x14340b770	.text	OK	0x1481d57a8	.rdata	OK	0x14340b6e0	.text	OK	0x14343fdb0	.text	OK
Javelin::ClientMessages::GroupsComponentServerFacet_DebugChooseRole	5564	javelin_rtti_static	STRUCTURALLY_CONSISTENT		0x14a1ba400	.data	OK	0x14a1ba3f0	.data	OK	0x14340be00	.text	OK	0x1481d5948	.rdata	OK	0x14340bd70	.text	OK	0x14343f9b0	.text	OK
Javelin::ClientMessages::GroupsComponentServerFacet_DebugCreateRaid	3521	javelin_rtti_static	STRUCTURALLY_CONSISTENT		0x14a1ba360	.data	OK	0x14a1ba350	.data	OK	0x14340c4b0	.text	OK	0x1481d5b20	.rdata	OK	0x14340c410	.text	OK	0x14343ffb0	.text	OK
Javelin::ClientMessages::GroupsComponentServerFacet_DebugDestroyRaid	3523	javelin_rtti_static	STRUCTURALLY_CONSISTENT		0x14a1ba2c0	.data	OK	0x14a1ba2b0	.data	OK	0x14340c8e0	.text	OK	0x1481d5c38	.rdata	OK	0x14340c850	.text	OK	0x1434401b0	.text	OK
Javelin::ClientMessages::GroupsComponentServerFacet_DebugForceGroupPristine	6872	javelin_rtti_static	STRUCTURALLY_CONSISTENT		0x14a1ba220	.data	OK	0x14a1ba210	.data	OK	0x14340cee0	.text	OK	0x1481d5e80	.rdata	OK	0x14340ce50	.text	OK	0x1434403b0	.text	OK
Javelin::ClientMessages::GroupsComponentServerFacet_DebugJoinRaid	1800	javelin_rtti_static	STRUCTURALLY_CONSISTENT		0x14a1ba180	.data	OK	0x14a1ba170	.data	OK	0x14340d7f0	.text	OK	0x1481d6090	.rdata	OK	0x14340d760	.text	OK	0x143440bb0	.text	OK
Javelin::ClientMessages::GroupsComponentServerFacet_DebugAcceptAllInvites	1538	javelin_rtti_static	STRUCTURALLY_CONSISTENT		0x14a1ba0e0	.data	OK	0x14a1ba0d0	.data	OK	0x14340e130	.text	OK	0x1481d6398	.rdata	OK	0x14340e0a0	.text	OK	0x14343f7b0	.text	OK
Javelin::ClientMessages::GroupsComponentServerFacet_DebugGroupFinderFailConversion	5364	javelin_rtti_static	STRUCTURALLY_CONSISTENT		0x14a1b9f80	.data	OK	0x14a1b9f70	.data	OK	0x14340eee0	.text	OK	0x1481d6848	.rdata	OK	0x14340ee50	.text	OK	0x1434405b0	.text	OK
Javelin::ClientMessages::GroupsComponentServerFacet_DebugGroupFinderFailRemoveLobby	5363	javelin_rtti_static	STRUCTURALLY_CONSISTENT		0x14a1b9ed0	.data	OK	0x14a1b9ec0	.data	OK	0x14340f910	.text	OK	0x1481d6a08	.rdata	OK	0x14340f880	.text	OK	0x1434407b0	.text	OK
Javelin::ClientMessages::GroupsComponentServerFacet_DebugGroupFinderFailUpdateMember	5365	javelin_rtti_static	STRUCTURALLY_CONSISTENT		0x14a1b9e20	.data	OK	0x14a1b9e10	.data	OK	0x14340fe70	.text	OK	0x1481d6c70	.rdata	OK	0x14340fde0	.text	OK	0x1434409b0	.text	OK
Javelin::ClientMessages::GuildsComponentClientFacet_OnGuildDataUpdated	5429	javelin_rtti_static	STRUCTURALLY_CONSISTENT		0x14a1be5c0	.data	OK	0x14a1be5b0	.data	OK	0x143472fd0	.text	OK	0x1481df3d0	.rdata	OK	0x143472f40	.text	OK	0x1434a2a60	.text	OK
Javelin::ClientMessages::GuildsComponentClientFacet_OnGuildInviteRespondedMsg	3247	javelin_rtti_static	STRUCTURALLY_CONSISTENT		0x14a1be520	.data	OK	0x14a1be510	.data	OK	0x1434732a0	.text	OK	0x1481df448	.rdata	OK	0x143473210	.text	OK	0x1434a2c60	.text	OK
Javelin::ClientMessages::GuildsComponentClientFacet_OnSentGuildInviteRejectedMsg	183	javelin_rtti_static	STRUCTURALLY_CONSISTENT		0x14a1be470	.data	OK	0x14a1be460	.data	OK	0x143473600	.text	OK	0x1481df518	.rdata	OK	0x143473570	.text	OK	0x1434a4260	.text	OK
Javelin::ClientMessages::GuildsComponentClientFacet_OnKickedFromGuildMsg	3598	javelin_rtti_static	STRUCTURALLY_CONSISTENT		0x14a1be3d0	.data	OK	0x14a1be3c0	.data	OK	0x143473960	.text	OK	0x1481df680	.rdata	OK	0x1434738d0	.text	OK	0x1434a3460	.text	OK
Javelin::ClientMessages::GuildsComponentClientFacet_OnGuildCreatedFailedMsg	3542	javelin_rtti_static	STRUCTURALLY_CONSISTENT		0x14a1be330	.data	OK	0x14a1be320	.data	OK	0x143473c50	.text	OK	0x1481df778	.rdata	OK	0x143473bc0	.text	OK	0x1434a2860	.text	OK
Javelin::ClientMessages::GuildsComponentClientFacet_OnInviteCreatedFailedMsg	3599	javelin_rtti_static	STRUCTURALLY_CONSISTENT		0x14a1be290	.data	OK	0x14a1be280	.data	OK	0x143473f20	.text	OK	0x1481df860	.rdata	OK	0x143473e90	.text	OK	0x1434a3260	.text	OK
Javelin::ClientMessages::GuildsComponentClientFacet_OnGetInvitesFailedMsg	195	javelin_rtti_static	STRUCTURALLY_CONSISTENT		0x14a1be1f0	.data	OK	0x14a1be1e0	.data	OK	0x1434742a0	.text	OK	0x1481dfa08	.rdata	OK	0x143474210	.text	OK	0x1434a2260	.text	OK
Javelin::ClientMessages::GuildsComponentClientFacet_OnRespondToGuildInviteFailedMsg	286	javelin_rtti_static	STRUCTURALLY_CONSISTENT		0x14a1be140	.data	OK	0x14a1be130	.data	OK	0x143474690	.text	OK	0x1481dfbc0	.rdata	OK	0x143474600	.text	OK	0x1434a4060	.text	OK
Javelin::ClientMessages::GuildsComponentClientFacet_OnRemoveGuildInviteFailedMsg	2145	javelin_rtti_static	STRUCTURALLY_CONSISTENT		0x14a1be090	.data	OK	0x14a1be080	.data	OK	0x143474b30	.text	OK	0x1481dfc98	.rdata	OK	0x143474aa0	.text	OK	0x1434a3a60	.text	OK
Javelin::ClientMessages::GuildsComponentClientFacet_OnRemoveAllGuildInvitesFailedMsg	308	javelin_rtti_static	STRUCTURALLY_CONSISTENT		0x14a1bdfe0	.data	OK	0x14a1bdfd0	.data	OK	0x143474e50	.text	OK	0x1481dfd98	.rdata	OK	0x143474d40	.text	OK	0x1434a3860	.text	OK
Javelin::ClientMessages::GuildsComponentClientFacet_OnLeaveGuildFailedMsg	3600	javelin_rtti_static	STRUCTURALLY_CONSISTENT		0x14a1bdf40	.data	OK	0x14a1bdf30	.data	OK	0x143475010	.text	OK	0x1481dfec8	.rdata	OK	0x143474f80	.text	OK	0x1434a3660	.text	OK
Javelin::ClientMessages::GuildsComponentClientFacet_OnEditGuildNameFailedMsg	3602	javelin_rtti_static	STRUCTURALLY_CONSISTENT		0x14a1bdea0	.data	OK	0x14a1bde90	.data	OK	0x143475290	.text	OK	0x1481dff28	.rdata	OK	0x143475200	.text	OK	0x1434a1c60	.text	OK
Javelin::ClientMessages::GuildsComponentClientFacet_OnEditGuildCrestSucceededMsg	1598	javelin_rtti_static	STRUCTURALLY_CONSISTENT		0x14a1bddf0	.data	OK	0x14a1bdde0	.data	OK	0x143475550	.text	OK	0x1481e0058	.rdata	OK	0x1434754c0	.text	OK	0x1434a1860	.text	OK
Javelin::ClientMessages::GuildsComponentClientFacet_OnEditGuildCrestFailedMsg	3467	javelin_rtti_static	STRUCTURALLY_CONSISTENT		0x14a1bdd50	.data	OK	0x14a1bdd40	.data	OK	0x143475b00	.text	OK	0x1481e01f8	.rdata	OK	0x143475a70	.text	OK	0x1434a1660	.text	OK
Javelin::ClientMessages::GuildsComponentClientFacet_OnEditGuildMOTDFailedMsg	1305	javelin_rtti_static	STRUCTURALLY_CONSISTENT		0x14a1bdcb0	.data	OK	0x14a1bdca0	.data	OK	0x143476420	.text	OK	0x1481e04b0	.rdata	OK	0x143476390	.text	OK	0x1434a1a60	.text	OK
Javelin::ClientMessages::GuildsComponentClientFacet_OnSetGuildMemberRankFailedMsg	3603	javelin_rtti_static	STRUCTURALLY_CONSISTENT		0x14a1bdc00	.data	OK	0x14a1bdbf0	.data	OK	0x1434768e0	.text	OK	0x1481e05e8	.rdata	OK	0x143476850	.text	OK	0x1434a4460	.text	OK
Javelin::ClientMessages::GuildsComponentClientFacet_OnSetGuildMemberRankFailedReasonMsg	3604	javelin_rtti_static	STRUCTURALLY_CONSISTENT		0x14a1bdb50	.data	OK	0x14a1bdb40	.data	OK	0x143476df0	.text	OK	0x1481e0740	.rdata	OK	0x143476d00	.text	OK	0x1434a4660	.text	OK
Javelin::ClientMessages::GuildsComponentClientFacet_OnRemoveGuildMemberFailedMsg	3100	javelin_rtti_static	STRUCTURALLY_CONSISTENT		0x14a1bdaa0	.data	OK	0x14a1bda90	.data	OK	0x143477020	.text	OK	0x1481e0870	.rdata	OK	0x143476f90	.text	OK	0x1434a3c60	.text	OK
Javelin::ClientMessages::GuildsComponentClientFacet_OnRemovePastGuildMemberFailedMsg	1832	javelin_rtti_static	STRUCTURALLY_CONSISTENT		0x14a1bd9f0	.data	OK	0x14a1bd9e0	.data	OK	0x1434771a0	.text	OK	0x1481e08d0	.rdata	OK	0x143477110	.text	OK	0x1434a3e60	.text	OK
Javelin::ClientMessages::GuildsComponentClientFacet_OnSetSiegeWindowFailedMsg	326	javelin_rtti_static	STRUCTURALLY_CONSISTENT		0x14a1bd950	.data	OK	0x14a1bd940	.data	OK	0x143477320	.text	OK	0x1481e0930	.rdata	OK	0x143477290	.text	OK	0x1434a4a60	.text	OK
Javelin::ClientMessages::GuildsComponentClientFacet_OnDepositGuildTreasuryFundsMsg	5201	javelin_rtti_static	STRUCTURALLY_CONSISTENT		0x14a1bd8a0	.data	OK	0x14a1bd890	.data	OK	0x1434776f0	.text	OK	0x1481e0a00	.rdata	OK	0x143477660	.text	OK	0x1434a1460	.text	OK
Javelin::ClientMessages::GuildsComponentClientFacet_OnDepositGuildTreasuryFundsFailedMsg	3605	javelin_rtti_static	STRUCTURALLY_CONSISTENT		0x14a1bd7f0	.data	OK	0x14a1bd7e0	.data	OK	0x143477c40	.text	OK	0x1481e0c70	.rdata	OK	0x143477bb0	.text	OK	0x1434a1260	.text	OK
Javelin::ClientMessages::GuildsComponentClientFacet_OnWithdrawGuildTreasuryFundsMsg	5200	javelin_rtti_static	STRUCTURALLY_CONSISTENT		0x14a1bd740	.data	OK	0x14a1bd730	.data	OK	0x143478310	.text	OK	0x1481e0e10	.rdata	OK	0x143478280	.text	OK	0x1434a4e60	.text	OK
Javelin::ClientMessages::GuildsComponentClientFacet_OnWithdrawGuildTreasuryFundsFailedMsg	3460	javelin_rtti_static	STRUCTURALLY_CONSISTENT		0x14a1bd690	.data	OK	0x14a1bd680	.data	OK	0x1434785d0	.text	OK	0x1481e0f70	.rdata	OK	0x143478540	.text	OK	0x1434a4c60	.text	OK
Javelin::ClientMessages::GuildsComponentClientFacet_OnGetGuildTreasuryFailedMsg	651	javelin_rtti_static	STRUCTURALLY_CONSISTENT		0x14a1bd5e0	.data	OK	0x14a1bd5d0	.data	OK	0x1434788c0	.text	OK	0x1481e10a8	.rdata	OK	0x143478830	.text	OK	0x1434a1e60	.text	OK
Javelin::ClientMessages::GuildsComponentClientFacet_OnGetGuildTreasuryWithdrawalLimitFailedMsg	3607	javelin_rtti_static	STRUCTURALLY_CONSISTENT		0x14a1bd520	.data	OK	0x14a1bd510	.data	OK	0x143478be0	.text	OK	0x1481e1108	.rdata	OK	0x143478b50	.text	OK	0x1434a2060	.text	OK
Javelin::ClientMessages::GuildsComponentClientFacet_OnSetGuildTreasuryWithdrawalLimitFailedMsg	1469	javelin_rtti_static	STRUCTURALLY_CONSISTENT		0x14a1bd460	.data	OK	0x14a1bd450	.data	OK	0x1434792f0	.text	OK	0x1481e1238	.rdata	OK	0x143479260	.text	OK	0x1434a4860	.text	OK
Javelin::ClientMessages::GuildsComponentClientFacet_OnDataRequestFailedMsg	3608	javelin_rtti_static	STRUCTURALLY_CONSISTENT		0x14a1bd3c0	.data	OK	0x14a1bd3b0	.data	OK	0x1434797b0	.text	OK	0x1481e1370	.rdata	OK	0x143479720	.text	OK	0x1434a1060	.text	OK
Javelin::ClientMessages::GuildsComponentClientFacet_OnGuildNameAvailableMsg	2386	javelin_rtti_static	STRUCTURALLY_CONSISTENT		0x14a1bd320	.data	OK	0x14a1bd310	.data	OK	0x143479bf0	.text	OK	0x1481e1578	.rdata	OK	0x143479b60	.text	OK	0x1434a2e60	.text	OK
Javelin::ClientMessages::GuildsComponentClientFacet_OnGetOrderedGuildsMsg	1410	javelin_rtti_static	STRUCTURALLY_CONSISTENT		0x14a1bd280	.data	OK	0x14a1bd270	.data	OK	0x14347a110	.text	OK	0x1481e1678	.rdata	OK	0x14347a080	.text	OK	0x1434a2460	.text	OK
Javelin::ClientMessages::GuildsComponentClientFacet_OnGetUnorderedGuildsMsg	3610	javelin_rtti_static	STRUCTURALLY_CONSISTENT		0x14a1bd1e0	.data	OK	0x14a1bd1d0	.data	OK	0x143468060	.text	OK	0x1481dbbb0	.rdata	OK	0x143467fd0	.text	OK	0x1434a2660	.text	OK
Javelin::ClientMessages::GuildsComponentClientFacet_OnGuildRequestErrorMsg	3087	javelin_rtti_static	STRUCTURALLY_CONSISTENT		0x14a1bd140	.data	OK	0x14a1bd130	.data	OK	0x143468340	.text	OK	0x1481dbc10	.rdata	OK	0x1434682b0	.text	OK	0x1434a3060	.text	OK
Javelin::ClientMessages::GuildsComponentServerFacet_RequestCreateGuild	3611	javelin_rtti_static	STRUCTURALLY_CONSISTENT		0x14a1bd0a0	.data	OK	0x14a1bd090	.data	OK	0x143468630	.text	OK	0x1481dbda0	.rdata	OK	0x1434685a0	.text	OK	0x1434a7460	.text	OK
Javelin::ClientMessages::GuildsComponentServerFacet_RequestCreateGuildInvite	3612	javelin_rtti_static	STRUCTURALLY_CONSISTENT		0x14a1bd000	.data	OK	0x14a1bcff0	.data	OK	0x143468820	.text	OK	0x1481dbe00	.rdata	OK	0x143468790	.text	OK	0x1434a7660	.text	OK
Javelin::ClientMessages::GuildsComponentServerFacet_RequestBatchCreateGuildInvites	40	javelin_rtti_static	STRUCTURALLY_CONSISTENT		0x14a1bcf50	.data	OK	0x14a1bcf40	.data	OK	0x143468c00	.text	OK	0x1481dbf28	.rdata	OK	0x143468b70	.text	OK	0x1434a7260	.text	OK
Javelin::ClientMessages::GuildsComponentServerFacet_RequestGetGuildInvites	3613	javelin_rtti_static	STRUCTURALLY_CONSISTENT		0x14a1bceb0	.data	OK	0x14a1bcea0	.data	OK	0x143469060	.text	OK	0x1481dc178	.rdata	OK	0x143468fd0	.text	OK	0x1434a8260	.text	OK
Javelin::ClientMessages::GuildsComponentServerFacet_RequestRespondToGuildInvite	118	javelin_rtti_static	STRUCTURALLY_CONSISTENT		0x14a1bce00	.data	OK	0x14a1bcdf0	.data	OK	0x1434693c0	.text	OK	0x1481dc290	.rdata	OK	0x143469330	.text	OK	0x1434a9460	.text	OK
Javelin::ClientMessages::GuildsComponentServerFacet_RequestLeaveGuild	3543	javelin_rtti_static	STRUCTURALLY_CONSISTENT		0x14a1bcd60	.data	OK	0x14a1bcd50	.data	OK	0x143469e00	.text	OK	0x1481dc5e8	.rdata	OK	0x143469d70	.text	OK	0x1434a8860	.text	OK
Javelin::ClientMessages::GuildsComponentServerFacet_RequestDeleteAllGuildInvites	2104	javelin_rtti_static	STRUCTURALLY_CONSISTENT		0x14a1bccb0	.data	OK	0x14a1bcca0	.data	OK	0x14346a230	.text	OK	0x1481dc6b0	.rdata	OK	0x14346a1a0	.text	OK	0x1434a7860	.text	OK
Javelin::ClientMessages::GuildsComponentServerFacet_RequestEditGuildName	3614	javelin_rtti_static	STRUCTURALLY_CONSISTENT		0x14a1bcc10	.data	OK	0x14a1bcc00	.data	OK	0x14346a520	.text	OK	0x1481dc7e0	.rdata	OK	0x14346a490	.text	OK	0x1434a8060	.text	OK
Javelin::ClientMessages::GuildsComponentServerFacet_RequestEditGuildIcon	696	javelin_rtti_static	STRUCTURALLY_CONSISTENT		0x14a1bcb70	.data	OK	0x14a1bcb60	.data	OK	0x14346a6d0	.text	OK	0x1481dc840	.rdata	OK	0x14346a640	.text	OK	0x1434a7c60	.text	OK
Javelin::ClientMessages::GuildsComponentServerFacet_RequestEditGuildMOTD	3348	javelin_rtti_static	STRUCTURALLY_CONSISTENT		0x14a1bcad0	.data	OK	0x14a1bcac0	.data	OK	0x14346a9c0	.text	OK	0x1481dc9a0	.rdata	OK	0x14346a930	.text	OK	0x1434a7e60	.text	OK
Javelin::ClientMessages::GuildsComponentServerFacet_RequestSetGuildMemberRank	2591	javelin_rtti_static	STRUCTURALLY_CONSISTENT		0x14a1bc9b0	.data	OK	0x14a1bc9a0	.data	OK	0x14346adb0	.text	OK	0x1481dcad8	.rdata	OK	0x14346ad20	.text	OK	0x1434a9660	.text	OK
Javelin::ClientMessages::GuildsComponentServerFacet_RequestRemoveGuildMember	2485	javelin_rtti_static	STRUCTURALLY_CONSISTENT		0x14a1bc910	.data	OK	0x14a1bc900	.data	OK	0x14346b2b0	.text	OK	0x1481dcc28	.rdata	OK	0x14346b220	.text	OK	0x1434a9260	.text	OK
Javelin::ClientMessages::GuildsComponentServerFacet_RequestSetGuildSiegeWindow	3615	javelin_rtti_static	STRUCTURALLY_CONSISTENT		0x14a1bc860	.data	OK	0x14a1bc850	.data	OK	0x14346b920	.text	OK	0x1481dce40	.rdata	OK	0x14346b890	.text	OK	0x1434a9860	.text	OK
Javelin::ClientMessages::GuildsComponentServerFacet_RequestDepositGuildTreasuryFunds	3618	javelin_rtti_static	STRUCTURALLY_CONSISTENT		0x14a1bc740	.data	OK	0x14a1bc730	.data	OK	0x14346bec0	.text	OK	0x1481dd030	.rdata	OK	0x14346be30	.text	OK	0x1434a7a60	.text	OK
Javelin::ClientMessages::GuildsComponentServerFacet_RequestWithdrawGuildTreasuryFunds	3620	javelin_rtti_static	STRUCTURALLY_CONSISTENT		0x14a1bc690	.data	OK	0x14a1bc680	.data	OK	0x14346c050	.text	OK	0x1481dd0b8	.rdata	OK	0x14346bfc0	.text	OK	0x1434a9c60	.text	OK
Javelin::ClientMessages::GuildsComponentServerFacet_RequestSetGuildTreasuryWithdrawalLimit	3621	javelin_rtti_static	STRUCTURALLY_CONSISTENT		0x14a1bc5e0	.data	OK	0x14a1bc5d0	.data	OK	0x14346c4a0	.text	OK	0x1481dd178	.rdata	OK	0x14346c410	.text	OK	0x1434a9a60	.text	OK
Javelin::ClientMessages::GuildsComponentServerFacet_DebugJoinGuildByName	3622	javelin_rtti_static	STRUCTURALLY_CONSISTENT		0x14a1bc540	.data	OK	0x14a1bc530	.data	OK	0x14346c820	.text	OK	0x1481dd2a8	.rdata	OK	0x14346c790	.text	OK	0x1434a5260	.text	OK
Javelin::ClientMessages::GuildsComponentServerFacet_DebugRequestSetGuildTreasuryCurrentFunds	1175	javelin_rtti_static	STRUCTURALLY_CONSISTENT		0x14a1bc490	.data	OK	0x14a1bc480	.data	OK	0x14346cb10	.text	OK	0x1481dd3d0	.rdata	OK	0x14346ca80	.text	OK	0x1434a6060	.text	OK
Javelin::ClientMessages::GuildsComponentServerFacet_DebugRequestResetGuildTreasuryDailyWithdrawalLimit	3623	javelin_rtti_static	STRUCTURALLY_CONSISTENT		0x14a1bc3d0	.data	OK	0x14a1bc3c0	.data	OK	0x14346d020	.text	OK	0x1481dd588	.rdata	OK	0x14346cf90	.text	OK	0x1434a5a60	.text	OK
Javelin::ClientMessages::GuildsComponentServerFacet_DebugRequestSetDailyWithdrawDateToYesterday	2489	javelin_rtti_static	STRUCTURALLY_CONSISTENT		0x14a1bc310	.data	OK	0x14a1bc300	.data	OK	0x14346d6c0	.text	OK	0x1481dd7c0	.rdata	OK	0x14346d5d0	.text	OK	0x1434a5e60	.text	OK
Javelin::ClientMessages::GuildsComponentServerFacet_DebugRequestCheckGuildMasterStatus	5036	javelin_rtti_static	STRUCTURALLY_CONSISTENT		0x14a1bc260	.data	OK	0x14a1bc250	.data	OK	0x14346d900	.text	OK	0x1481dd920	.rdata	OK	0x14346d870	.text	OK	0x1434a5460	.text	OK
Javelin::ClientMessages::GuildsComponentServerFacet_DebugRequestResetSiegeWindowCooldown	1333	javelin_rtti_static	STRUCTURALLY_CONSISTENT		0x14a1bc130	.data	OK	0x14a1bc120	.data	OK	0x14346dab0	.text	OK	0x1481dd980	.rdata	OK	0x14346da20	.text	OK	0x1434a5c60	.text	OK
Javelin::ClientMessages::GuildsComponentServerFacet_DebugRequestResetGuildRejoiningCooldowns	3627	javelin_rtti_static	STRUCTURALLY_CONSISTENT		0x14a1bc080	.data	OK	0x14a1bc070	.data	OK	0x14346dc70	.text	OK	0x1481dd9b0	.rdata	OK	0x14346dbe0	.text	OK	0x1434a5860	.text	OK
Javelin::ClientMessages::GuildsComponentServerFacet_DebugRequestDisableCreationThrottle	3628	javelin_rtti_static	STRUCTURALLY_CONSISTENT		0x14a1bbfd0	.data	OK	0x14a1bbfc0	.data	OK	0x14346e090	.text	OK	0x1481ddab0	.rdata	OK	0x14346e000	.text	OK	0x1434a5660	.text	OK
Javelin::ClientMessages::GuildsComponentServerFacet_GmRequestJoinGuild	3629	javelin_rtti_static	STRUCTURALLY_CONSISTENT		0x14a1bbf30	.data	OK	0x14a1bbf20	.data	OK	0x14346e460	.text	OK	0x1481ddbf8	.rdata	OK	0x14346e3d0	.text	OK	0x1434a6c60	.text	OK
Javelin::ClientMessages::GuildsComponentServerFacet_GmRequestJoinGuildByName	3630	javelin_rtti_static	STRUCTURALLY_CONSISTENT		0x14a1bbe90	.data	OK	0x14a1bbe80	.data	OK	0x14346e760	.text	OK	0x1481ddc80	.rdata	OK	0x14346e6d0	.text	OK	0x1434a6e60	.text	OK
Javelin::ClientMessages::GuildsComponentServerFacet_GmRequestForceGuildRename	156	javelin_rtti_static	STRUCTURALLY_CONSISTENT		0x14a1bbdf0	.data	OK	0x14a1bbde0	.data	OK	0x14346edf0	.text	OK	0x1481ddfd0	.rdata	OK	0x14346ed60	.text	OK	0x1434a6860	.text	OK
Javelin::ClientMessages::GuildsComponentServerFacet_GmRequestForceGuildRenameByName	789	javelin_rtti_static	STRUCTURALLY_CONSISTENT		0x14a1bece0	.data	OK	0x14a1becd0	.data	OK	0x14346f480	.text	OK	0x1481de298	.rdata	OK	0x14346f3f0	.text	OK	0x1434a6a60	.text	OK
Javelin::ClientMessages::GuildsComponentServerFacet_GmForceGuildTeleport	1387	javelin_rtti_static	STRUCTURALLY_CONSISTENT		0x14a1bec40	.data	OK	0x14a1bec30	.data	OK	0x14346f6f0	.text	OK	0x1481de2e0	.rdata	OK	0x14346f650	.text	OK	0x1434a6460	.text	OK
Javelin::ClientMessages::GuildsComponentServerFacet_GmForceGuildTeleportByName	3047	javelin_rtti_static	STRUCTURALLY_CONSISTENT		0x14a1beb90	.data	OK	0x14a1beb80	.data	OK	0x14346f870	.text	OK	0x1481de408	.rdata	OK	0x14346f7e0	.text	OK	0x1434a6660	.text	OK
Javelin::ClientMessages::GuildsComponentServerFacet_GmForceGuildIntoWarByName	103	javelin_rtti_static	STRUCTURALLY_CONSISTENT		0x14a1beaf0	.data	OK	0x14a1beae0	.data	OK	0x14346f9d0	.text	OK	0x1481de490	.rdata	OK	0x14346f940	.text	OK	0x1434a6260	.text	OK
Javelin::ClientMessages::GuildsComponentServerFacet_GmRequestResetGuildLeaveCooldowns	5368	javelin_rtti_static	STRUCTURALLY_CONSISTENT		0x14a1bea40	.data	OK	0x14a1bea30	.data	OK	0x14346fd20	.text	OK	0x1481de548	.rdata	OK	0x14346fc90	.text	OK	0x1434a7060	.text	OK
Javelin::ClientMessages::GuildsComponentServerFacet_RequestGuildNameAvailability	3632	javelin_rtti_static	STRUCTURALLY_CONSISTENT		0x14a1be990	.data	OK	0x14a1be980	.data	OK	0x14346ffb0	.text	OK	0x1481de608	.rdata	OK	0x14346ff10	.text	OK	0x1434a8660	.text	OK
Javelin::ClientMessages::GuildsComponentServerFacet_RequestListGuildsByName	3633	javelin_rtti_static	STRUCTURALLY_CONSISTENT		0x14a1be8f0	.data	OK	0x14a1be8e0	.data	OK	0x1434708f0	.text	OK	0x1481de838	.rdata	OK	0x143470840	.text	OK	0x1434a8e60	.text	OK
Javelin::ClientMessages::GuildsComponentServerFacet_RequestListGuildsByMembers	3635	javelin_rtti_static	STRUCTURALLY_CONSISTENT		0x14a1be840	.data	OK	0x14a1be830	.data	OK	0x143470d70	.text	OK	0x1481dea60	.rdata	OK	0x143470ce0	.text	OK	0x1434a8c60	.text	OK
Javelin::ClientMessages::GuildsComponentServerFacet_RequestListGuildsByClaims	3638	javelin_rtti_static	STRUCTURALLY_CONSISTENT		0x14a1be7a0	.data	OK	0x14a1be790	.data	OK	0x143471160	.text	OK	0x1481deb38	.rdata	OK	0x1434710d0	.text	OK	0x1434a8a60	.text	OK
Javelin::ClientMessages::GuildsComponentServerFacet_RequestGetGuilds	3639	javelin_rtti_static	STRUCTURALLY_CONSISTENT		0x14a1be700	.data	OK	0x14a1be6f0	.data	OK	0x143471ac0	.text	OK	0x1481ded18	.rdata	OK	0x143471a30	.text	OK	0x1434a8460	.text	OK
Javelin::ClientMessages::GuildsComponentServerFacet_RequestRefreshGuildData	5492	javelin_rtti_static	STRUCTURALLY_CONSISTENT		0x14a1be660	.data	OK	0x14a1be650	.data	OK	0x1434720a0	.text	OK	0x1481dee70	.rdata	OK	0x143472010	.text	OK	0x1434a9060	.text	OK
Javelin::ClientMessages::HomeComponentClientFacet_ReceiveBoundPlayersList	6779	javelin_rtti_static	STRUCTURALLY_CONSISTENT		0x14a1bfc40	.data	OK	0x14a1bfc30	.data	OK	0x1434d2420	.text	OK	0x1481e7190	.rdata	OK	0x1434d2390	.text	OK	0x1434edc80	.text	OK
Javelin::ClientMessages::HomeComponentServerFacet_DebugRequestAllBoundPlayers	6778	javelin_rtti_static	STRUCTURALLY_CONSISTENT		0x14a1bfba0	.data	OK	0x14a1bfb90	.data	OK	0x1434d24d0	.text	OK	0x1481e71c0	.rdata	OK	0x1434d2440	.text	OK	0x1434ede80	.text	OK
Javelin::ClientMessages::PlayerHomeComponentClientFacet_OnRespawnRequestFailed	491	javelin_rtti_static	STRUCTURALLY_CONSISTENT		0x14a1bfaf0	.data	OK	0x14a1bfae0	.data	OK	0x1434d0330	.text	OK	0x1481e6760	.rdata	OK	0x1434d02a0	.text	OK	0x1434ee280	.text	OK
Javelin::ClientMessages::PlayerHomeComponentServerFacet_DebugSetCooldown	3646	javelin_rtti_static	STRUCTURALLY_CONSISTENT		0x14a1bfa50	.data	OK	0x14a1bfa40	.data	OK	0x1434d03e0	.text	OK	0x1481e6790	.rdata	OK	0x1434d0350	.text	OK	0x1434eec80	.text	OK
Javelin::ClientMessages::PlayerHomeComponentServerFacet_DebugResetRespawnPointCoolDownForType	3648	javelin_rtti_static	STRUCTURALLY_CONSISTENT		0x14a1bf9a0	.data	OK	0x14a1bf990	.data	OK	0x1434d0b00	.text	OK	0x1481e6968	.rdata	OK	0x1434d0a60	.text	OK	0x1434eea80	.text	OK
Javelin::ClientMessages::PlayerHomeComponentServerFacet_DebugRemoveHomePoint	3651	javelin_rtti_static	STRUCTURALLY_CONSISTENT		0x14a1bf900	.data	OK	0x14a1bf8f0	.data	OK	0x1434d0c30	.text	OK	0x1481e69f8	.rdata	OK	0x1434d0ba0	.text	OK	0x1434ee680	.text	OK
Javelin::ClientMessages::PlayerHomeComponentServerFacet_DebugRequestRespawn	5053	javelin_rtti_static	STRUCTURALLY_CONSISTENT		0x14a1bf860	.data	OK	0x14a1bf850	.data	OK	0x1434d0ee0	.text	OK	0x1481e6a70	.rdata	OK	0x1434d0e50	.text	OK	0x1434ee880	.text	OK
Javelin::ClientMessages::HouseDataComponentServerFacet_DebugPlaceItemUnrestricted	3654	javelin_rtti_static	STRUCTURALLY_CONSISTENT		0x14a1c0a10	.data	OK	0x14a1c0a00	.data	OK	0x143503cb0	.text	OK	0x1481eab98	.rdata	OK	0x143503c20	.text	OK	0x143526210	.text	OK
Javelin::ClientMessages::HouseDataComponentServerFacet_DebugMoveItemUnrestricted	3655	javelin_rtti_static	STRUCTURALLY_CONSISTENT		0x14a1c0960	.data	OK	0x14a1c0950	.data	OK	0x143503e50	.text	OK	0x1481eac10	.rdata	OK	0x143503dc0	.text	OK	0x143526010	.text	OK
Javelin::ClientMessages::HouseDataComponentServerFacet_DebugRemoveItemUnrestricted	2891	javelin_rtti_static	STRUCTURALLY_CONSISTENT		0x14a1c08b0	.data	OK	0x14a1c08a0	.data	OK	0x143503f00	.text	OK	0x1481eac40	.rdata	OK	0x143503e70	.text	OK	0x143526810	.text	OK
Javelin::ClientMessages::HouseDataComponentServerFacet_DebugRemoveAllItemsUnrestricted	3656	javelin_rtti_static	STRUCTURALLY_CONSISTENT		0x14a1c0800	.data	OK	0x14a1c07f0	.data	OK	0x143504060	.text	OK	0x1481eacb8	.rdata	OK	0x143503fd0	.text	OK	0x143526610	.text	OK
Javelin::ClientMessages::HouseDataComponentServerFacet_DebugRequestItemScores	5634	javelin_rtti_static	STRUCTURALLY_CONSISTENT		0x14a1c0760	.data	OK	0x14a1c0750	.data	OK	0x143504200	.text	OK	0x1481ead30	.rdata	OK	0x143504170	.text	OK	0x143526a10	.text	OK
Javelin::ClientMessages::HouseDataComponentServerFacet_DebugRefillHouse	3657	javelin_rtti_static	STRUCTURALLY_CONSISTENT		0x14a1c06c0	.data	OK	0x14a1c06b0	.data	OK	0x1435042b0	.text	OK	0x1481ead60	.rdata	OK	0x143504220	.text	OK	0x143526410	.text	OK
Javelin::ClientMessages::HouseDataComponentClientFacet_DebugReceiveItemScores	5633	javelin_rtti_static	STRUCTURALLY_CONSISTENT		0x14a1c0620	.data	OK	0x14a1c0610	.data	OK	0x143504360	.text	OK	0x1481ead90	.rdata	OK	0x1435042d0	.text	OK	0x143525e10	.text	OK
Javelin::ClientMessages::HousingPlotComponentClientFacet_ReceiveUpdatedHouse	2439	javelin_rtti_static	STRUCTURALLY_CONSISTENT		0x14a1c40e0	.data	OK	0x14a1c40d0	.data	OK	0x143544400	.text	OK	0x1481ef850	.rdata	OK	0x143544370	.text	OK	0x14357d7f0	.text	OK
Javelin::ClientMessages::HousingPlotComponentClientFacet_ReceivePeacockTimeRemaining	252	javelin_rtti_static	STRUCTURALLY_CONSISTENT		0x14a1c4030	.data	OK	0x14a1c4020	.data	OK	0x1435447e0	.text	OK	0x1481ef920	.rdata	OK	0x1435446f0	.text	OK	0x14357d1f0	.text	OK
Javelin::ClientMessages::HousingPlotComponentClientFacet_ReceiveTopHouses	3213	javelin_rtti_static	STRUCTURALLY_CONSISTENT		0x14a1c3f90	.data	OK	0x14a1c3f80	.data	OK	0x143544c10	.text	OK	0x1481efab0	.rdata	OK	0x143544b80	.text	OK	0x14357d5f0	.text	OK
Javelin::ClientMessages::HousingPlotComponentClientFacet_ReceivePingRequestForHouse	3664	javelin_rtti_static	STRUCTURALLY_CONSISTENT		0x14a1c3ee0	.data	OK	0x14a1c3ed0	.data	OK	0x143545070	.text	OK	0x1481efc10	.rdata	OK	0x143544fe0	.text	OK	0x14357d3f0	.text	OK
Javelin::ClientMessages::HousingPlotComponentClientFacet_GenericHousingPlotRequestResponse	3665	javelin_rtti_static	STRUCTURALLY_CONSISTENT		0x14a1c3e30	.data	OK	0x14a1c3e20	.data	OK	0x1435453c0	.text	OK	0x1481efcd0	.rdata	OK	0x143545330	.text	OK	0x14357cdf0	.text	OK
Javelin::ClientMessages::HousingPlotComponentClientFacet_ReceiveMonikerKey	3321	javelin_rtti_static	STRUCTURALLY_CONSISTENT		0x14a1c3d90	.data	OK	0x14a1c3d80	.data	OK	0x143545860	.text	OK	0x1481efdf0	.rdata	OK	0x1435457d0	.text	OK	0x14357cff0	.text	OK
Javelin::ClientMessages::HousingPlotComponentServerFacet_DebugBuyHome	2887	javelin_rtti_static	STRUCTURALLY_CONSISTENT		0x14a1c3cf0	.data	OK	0x14a1c3ce0	.data	OK	0x143545ea0	.text	OK	0x1481f0020	.rdata	OK	0x143545e10	.text	OK	0x14357ddf0	.text	OK
Javelin::ClientMessages::HousingPlotComponentServerFacet_DebugAbandonHome	3447	javelin_rtti_static	STRUCTURALLY_CONSISTENT		0x14a1c3c50	.data	OK	0x14a1c3c40	.data	OK	0x1435462e0	.text	OK	0x1481f0188	.rdata	OK	0x143546210	.text	OK	0x14357d9f0	.text	OK
Javelin::ClientMessages::HousingPlotComponentServerFacet_DebugFastTravelPlot	3682	javelin_rtti_static	STRUCTURALLY_CONSISTENT		0x14a1c3bb0	.data	OK	0x14a1c3ba0	.data	OK	0x143546750	.text	OK	0x1481f02e8	.rdata	OK	0x1435466c0	.text	OK	0x14357e3f0	.text	OK
Javelin::ClientMessages::HousingPlotComponentServerFacet_DebugEnterPlot	3232	javelin_rtti_static	STRUCTURALLY_CONSISTENT		0x14a1c3b10	.data	OK	0x14a1c3b00	.data	OK	0x143546cc0	.text	OK	0x1481f03f0	.rdata	OK	0x143546c30	.text	OK	0x14357dff0	.text	OK
Javelin::ClientMessages::HousingPlotComponentServerFacet_DebugExitPlot	323	javelin_rtti_static	STRUCTURALLY_CONSISTENT		0x14a1c3a70	.data	OK	0x14a1c3a60	.data	OK	0x1435473c0	.text	OK	0x1481f0570	.rdata	OK	0x143547330	.text	OK	0x14357e1f0	.text	OK
Javelin::ClientMessages::HousingPlotComponentServerFacet_DebugRemoveAllFurniture	5493	javelin_rtti_static	STRUCTURALLY_CONSISTENT		0x14a1c39c0	.data	OK	0x14a1c39b0	.data	OK	0x143547cb0	.text	OK	0x1481f0748	.rdata	OK	0x143547c20	.text	OK	0x14357ebf0	.text	OK
Javelin::ClientMessages::HousingPlotComponentServerFacet_DebugRequestAllHousesOnPlot	3683	javelin_rtti_static	STRUCTURALLY_CONSISTENT		0x14a1c3910	.data	OK	0x14a1c3900	.data	OK	0x1435487a0	.text	OK	0x1481f0988	.rdata	OK	0x143548710	.text	OK	0x14357eff0	.text	OK
Javelin::ClientMessages::HousingPlotComponentServerFacet_DebugRequestTopHouses	3130	javelin_rtti_static	STRUCTURALLY_CONSISTENT		0x14a1c3860	.data	OK	0x14a1c3850	.data	OK	0x143548fb0	.text	OK	0x1481f0cd0	.rdata	OK	0x143548f20	.text	OK	0x14357fbf0	.text	OK
Javelin::ClientMessages::HousingPlotComponentServerFacet_DebugAddFakeHouseData	725	javelin_rtti_static	STRUCTURALLY_CONSISTENT		0x14a1c37b0	.data	OK	0x14a1c37a0	.data	OK	0x143549310	.text	OK	0x1481f0e08	.rdata	OK	0x143549280	.text	OK	0x14357dbf0	.text	OK
Javelin::ClientMessages::HousingPlotComponentServerFacet_DebugRequestPingHouse	3684	javelin_rtti_static	STRUCTURALLY_CONSISTENT		0x14a1c3700	.data	OK	0x14a1c36f0	.data	OK	0x1435495f0	.text	OK	0x1481f0e98	.rdata	OK	0x143549560	.text	OK	0x14357f7f0	.text	OK
Javelin::ClientMessages::HousingPlotComponentServerFacet_DebugRemoveAllHouses	3685	javelin_rtti_static	STRUCTURALLY_CONSISTENT		0x14a1c3660	.data	OK	0x14a1c3650	.data	OK	0x143549800	.text	OK	0x1481f0f28	.rdata	OK	0x143549770	.text	OK	0x14357edf0	.text	OK
Javelin::ClientMessages::HousingPlotComponentServerFacet_DebugRemoveAllCaches	5101	javelin_rtti_static	STRUCTURALLY_CONSISTENT		0x14a1c35c0	.data	OK	0x14a1c35b0	.data	OK	0x143549bb0	.text	OK	0x1481f1138	.rdata	OK	0x143549b20	.text	OK	0x14357e9f0	.text	OK
Javelin::ClientMessages::HousingPlotComponentServerFacet_DebugRequestGetMonikerKey	3686	javelin_rtti_static	STRUCTURALLY_CONSISTENT		0x14a1c3510	.data	OK	0x14a1c3500	.data	OK	0x14354a070	.text	OK	0x1481f12c0	.rdata	OK	0x143549fe0	.text	OK	0x14357f3f0	.text	OK
Javelin::ClientMessages::HousingPlotComponentServerFacet_RandomizePeacockScores	3660	javelin_rtti_static	STRUCTURALLY_CONSISTENT		0x14a1c3460	.data	OK	0x14a1c3450	.data	OK	0x14354a3e0	.text	OK	0x1481f1320	.rdata	OK	0x14354a350	.text	OK	0x14357fdf0	.text	OK
Javelin::ClientMessages::HousingPlotComponentServerFacet_DebugRequestDestroyHouse	3299	javelin_rtti_static	STRUCTURALLY_CONSISTENT		0x14a1c33b0	.data	OK	0x14a1c33a0	.data	OK	0x14354ad30	.text	OK	0x1481f16a0	.rdata	OK	0x14354aca0	.text	OK	0x14357f1f0	.text	OK
Javelin::ClientMessages::HousingPlotComponentServerFacet_DebugRequestPeacockTimeRemaining	3687	javelin_rtti_static	STRUCTURALLY_CONSISTENT		0x14a1c3300	.data	OK	0x14a1c32f0	.data	OK	0x14354b320	.text	OK	0x1481f17c8	.rdata	OK	0x14354b290	.text	OK	0x14357f5f0	.text	OK
Javelin::ClientMessages::HousingPlotComponentServerFacet_DebugForcePeacockScoresRecalculation	3401	javelin_rtti_static	STRUCTURALLY_CONSISTENT		0x14a1c3250	.data	OK	0x14a1c3240	.data	OK	0x14354b780	.text	OK	0x1481f19c8	.rdata	OK	0x14354b6f0	.text	OK	0x14357e5f0	.text	OK
Javelin::ClientMessages::HousingPlotComponentServerFacet_DebugRequestSetTerritoryStanding	5632	javelin_rtti_static	STRUCTURALLY_CONSISTENT		0x14a1c31a0	.data	OK	0x14a1c3190	.data	OK	0x14354ba40	.text	OK	0x1481f1a88	.rdata	OK	0x14354b9b0	.text	OK	0x14357f9f0	.text	OK
Javelin::ClientMessages::HousingPlotComponentServerFacet_DebugReloadAllHouses	5943	javelin_rtti_static	STRUCTURALLY_CONSISTENT		0x14a1c3100	.data	OK	0x14a1c30f0	.data	OK	0x14354bcd0	.text	OK	0x1481f1b28	.rdata	OK	0x14354bc40	.text	OK	0x14357e7f0	.text	OK
Javelin::ClientMessages::PlayerHousingComponentClientFacet_PlaceNewItemResult	3691	javelin_rtti_static	STRUCTURALLY_CONSISTENT		0x14a1c2fe0	.data	OK	0x14a1c2fd0	.data	OK	0x14354f0c0	.text	OK	0x1481f2b80	.rdata	OK	0x14354f030	.text	OK	0x1435815f0	.text	OK
Javelin::ClientMessages::PlayerHousingComponentClientFacet_OnHousingItemInteractBeginRemoteClient	2462	javelin_rtti_static	STRUCTURALLY_CONSISTENT		0x14a1c2f20	.data	OK	0x14a1c2f10	.data	OK	0x14354f2e0	.text	OK	0x1481f2c80	.rdata	OK	0x14354f250	.text	OK	0x143580bf0	.text	OK
Javelin::ClientMessages::PlayerHousingComponentClientFacet_OnHousingItemInteractEndRemoteClient	2684	javelin_rtti_static	STRUCTURALLY_CONSISTENT		0x14a1c2e60	.data	OK	0x14a1c2e50	.data	OK	0x14354f700	.text	OK	0x1481f2d50	.rdata	OK	0x14354f670	.text	OK	0x143580df0	.text	OK
Javelin::ClientMessages::PlayerHousingComponentClientFacet_MoveItemResult	892	javelin_rtti_static	STRUCTURALLY_CONSISTENT		0x14a1c2dc0	.data	OK	0x14a1c2db0	.data	OK	0x14354f920	.text	OK	0x1481f2ec0	.rdata	OK	0x14354f890	.text	OK	0x1435807f0	.text	OK
Javelin::ClientMessages::PlayerHousingComponentClientFacet_RemoveItemResult	3046	javelin_rtti_static	STRUCTURALLY_CONSISTENT		0x14a1c2d20	.data	OK	0x14a1c2d10	.data	OK	0x14354fe90	.text	OK	0x1481f3050	.rdata	OK	0x14354fe00	.text	OK	0x1435819f0	.text	OK
Javelin::ClientMessages::PlayerHousingComponentClientFacet_OnHouseInfoResponse	3692	javelin_rtti_static	STRUCTURALLY_CONSISTENT		0x14a1c2c70	.data	OK	0x14a1c2c60	.data	OK	0x143550260	.text	OK	0x1481f3158	.rdata	OK	0x1435501d0	.text	OK	0x1435809f0	.text	OK
Javelin::ClientMessages::PlayerHousingComponentClientFacet_ClientReceiveTaxesDue	3694	javelin_rtti_static	STRUCTURALLY_CONSISTENT		0x14a1c2bc0	.data	OK	0x14a1c2bb0	.data	OK	0x143550610	.text	OK	0x1481f3268	.rdata	OK	0x143550580	.text	OK	0x1435801f0	.text	OK
Javelin::ClientMessages::PlayerHousingComponentClientFacet_OnResidentDataReceived	3695	javelin_rtti_static	STRUCTURALLY_CONSISTENT		0x14a1c2b10	.data	OK	0x14a1c2b00	.data	OK	0x143550900	.text	OK	0x1481f3318	.rdata	OK	0x143550870	.text	OK	0x1435811f0	.text	OK
Javelin::ClientMessages::PlayerHousingComponentClientFacet_PreloadFastTravelLocation	6796	javelin_rtti_static	STRUCTURALLY_CONSISTENT		0x14a1c2a60	.data	OK	0x14a1c2a50	.data	OK	0x143550df0	.text	OK	0x1481f35f8	.rdata	OK	0x143550d60	.text	OK	0x1435817f0	.text	OK
Javelin::ClientMessages::PlayerHousingComponentClientFacet_FastTravelRequestFailed	3042	javelin_rtti_static	STRUCTURALLY_CONSISTENT		0x14a1c29b0	.data	OK	0x14a1c29a0	.data	OK	0x143551280	.text	OK	0x1481f36a0	.rdata	OK	0x1435511f0	.text	OK	0x1435805f0	.text	OK
Javelin::ClientMessages::PlayerHousingComponentClientFacet_FastTravelChannelingCompleted	3696	javelin_rtti_static	STRUCTURALLY_CONSISTENT		0x14a1c2900	.data	OK	0x14a1c28f0	.data	OK	0x143551720	.text	OK	0x1481f3878	.rdata	OK	0x143551690	.text	OK	0x1435803f0	.text	OK
Javelin::ClientMessages::PlayerHousingComponentClientFacet_PayTaxRequestFinished	952	javelin_rtti_static	STRUCTURALLY_CONSISTENT		0x14a1c2850	.data	OK	0x14a1c2840	.data	OK	0x143551c10	.text	OK	0x1481f3a00	.rdata	OK	0x143551b80	.text	OK	0x1435813f0	.text	OK
Javelin::ClientMessages::PlayerHousingComponentServerFacet_DebugClearHasPurchasedHouse	3699	javelin_rtti_static	STRUCTURALLY_CONSISTENT		0x14a1c27a0	.data	OK	0x14a1c2790	.data	OK	0x14353cf40	.text	OK	0x1481ed708	.rdata	OK	0x14353ceb0	.text	OK	0x1435841f0	.text	OK
Javelin::ClientMessages::PlayerHousingComponentServerFacet_ClearFastTravelCooldown	353	javelin_rtti_static	STRUCTURALLY_CONSISTENT		0x14a1c26f0	.data	OK	0x14a1c26e0	.data	OK	0x14353d660	.text	OK	0x1481ed8d0	.rdata	OK	0x14353d5d0	.text	OK	0x1435825f0	.text	OK
Javelin::ClientMessages::PlayerHousingComponentServerFacet_DebugForceHandshake	4857	javelin_rtti_static	STRUCTURALLY_CONSISTENT		0x14a1c2640	.data	OK	0x14a1c2630	.data	OK	0x14353d7b0	.text	OK	0x1481ed9d0	.rdata	OK	0x14353d720	.text	OK	0x1435847f0	.text	OK
Javelin::ClientMessages::PlayerHousingComponentServerFacet_DebugReloadBuffItems	4856	javelin_rtti_static	STRUCTURALLY_CONSISTENT		0x14a1c2590	.data	OK	0x14a1c2580	.data	OK	0x14353dbf0	.text	OK	0x1481edb00	.rdata	OK	0x14353db60	.text	OK	0x143584bf0	.text	OK
Javelin::ClientMessages::PlayerHousingComponentServerFacet_DebugForceRestore	4858	javelin_rtti_static	STRUCTURALLY_CONSISTENT		0x14a1c24f0	.data	OK	0x14a1c24e0	.data	OK	0x14353ddb0	.text	OK	0x1481edb90	.rdata	OK	0x14353dd20	.text	OK	0x1435849f0	.text	OK
Javelin::ClientMessages::PlayerHousingComponentServerFacet_DebugDumpHousingInfo	4859	javelin_rtti_static	STRUCTURALLY_CONSISTENT		0x14a1c2440	.data	OK	0x14a1c2430	.data	OK	0x14353e2c0	.text	OK	0x1481edde8	.rdata	OK	0x14353e220	.text	OK	0x1435845f0	.text	OK
Javelin::ClientMessages::PlayerHousingComponentServerFacet_DebugClearStanding	5102	javelin_rtti_static	STRUCTURALLY_CONSISTENT		0x14a1c23a0	.data	OK	0x14a1c2390	.data	OK	0x14353e900	.text	OK	0x1481ee058	.rdata	OK	0x14353e830	.text	OK	0x1435843f0	.text	OK
Javelin::ClientMessages::PlayerHousingComponentServerFacet_DebugUnloadAllHouses	6966	javelin_rtti_static	STRUCTURALLY_CONSISTENT		0x14a1c22f0	.data	OK	0x14a1c22e0	.data	OK	0x14353eb00	.text	OK	0x1481ee0c8	.rdata	OK	0x14353ea70	.text	OK	0x143584df0	.text	OK
Javelin::ClientMessages::PlayerHousingComponentServerFacet_ClientRequestBuyHome	3700	javelin_rtti_static	STRUCTURALLY_CONSISTENT		0x14a1c2240	.data	OK	0x14a1c2230	.data	OK	0x14353f0d0	.text	OK	0x1481ee160	.rdata	OK	0x14353efc0	.text	OK	0x1435829f0	.text	OK
Javelin::ClientMessages::PlayerHousingComponentServerFacet_ClientRequestAbandonHome	3701	javelin_rtti_static	STRUCTURALLY_CONSISTENT		0x14a1c2190	.data	OK	0x14a1c2180	.data	OK	0x14353f280	.text	OK	0x1481ee2a0	.rdata	OK	0x14353f1f0	.text	OK	0x1435827f0	.text	OK
Javelin::ClientMessages::PlayerHousingComponentServerFacet_ClientRequestEnterPlot	544	javelin_rtti_static	STRUCTURALLY_CONSISTENT		0x14a1c20e0	.data	OK	0x14a1c20d0	.data	OK	0x14353f730	.text	OK	0x1481ee370	.rdata	OK	0x14353f6a0	.text	OK	0x143582df0	.text	OK
Javelin::ClientMessages::PlayerHousingComponentServerFacet_ClientRequestExitPlot	2149	javelin_rtti_static	STRUCTURALLY_CONSISTENT		0x14a1c2030	.data	OK	0x14a1c2020	.data	OK	0x14353fca0	.text	OK	0x1481ee4d0	.rdata	OK	0x14353fc10	.text	OK	0x143582ff0	.text	OK
Javelin::ClientMessages::PlayerHousingComponentServerFacet_EnterPlot	3708	javelin_rtti_static	STRUCTURALLY_CONSISTENT		0x14a1c1f90	.data	OK	0x14a1c1f80	.data	OK	0x143540370	.text	OK	0x1481ee640	.rdata	OK	0x1435402e0	.text	OK	0x143584ff0	.text	OK
Javelin::ClientMessages::PlayerHousingComponentServerFacet_ExitPlot	3710	javelin_rtti_static	STRUCTURALLY_CONSISTENT		0x14a1c1ef0	.data	OK	0x14a1c1ee0	.data	OK	0x143541130	.text	OK	0x1481ee958	.rdata	OK	0x1435410a0	.text	OK	0x1435851f0	.text	OK
Javelin::ClientMessages::PlayerHousingComponentServerFacet_ClientRequestFastTravelHome	3712	javelin_rtti_static	STRUCTURALLY_CONSISTENT		0x14a1c1e40	.data	OK	0x14a1c1e30	.data	OK	0x1435413b0	.text	OK	0x1481eeb78	.rdata	OK	0x143541320	.text	OK	0x1435831f0	.text	OK
Javelin::ClientMessages::PlayerHousingComponentServerFacet_ClientRequestFastTravelTerritory	1409	javelin_rtti_static	STRUCTURALLY_CONSISTENT		0x14a1c1d90	.data	OK	0x14a1c1d80	.data	OK	0x143541a90	.text	OK	0x1481eec20	.rdata	OK	0x1435419a0	.text	OK	0x1435833f0	.text	OK
Javelin::ClientMessages::PlayerHousingComponentServerFacet_ClientRequestFastTravelTerritoryLandmark	3713	javelin_rtti_static	STRUCTURALLY_CONSISTENT		0x14a1c1cd0	.data	OK	0x14a1c1cc0	.data	OK	0x143541e70	.text	OK	0x1481eee20	.rdata	OK	0x143541de0	.text	OK	0x1435835f0	.text	OK
Javelin::ClientMessages::PlayerHousingComponentServerFacet_ClientRequestResetCooldown	1998	javelin_rtti_static	STRUCTURALLY_CONSISTENT		0x14a1c1c20	.data	OK	0x14a1c1c10	.data	OK	0x1435421f0	.text	OK	0x1481eeec8	.rdata	OK	0x143542160	.text	OK	0x143583df0	.text	OK
Javelin::ClientMessages::PlayerHousingComponentServerFacet_ClientRequestCancelFastTravel	6701	javelin_rtti_static	STRUCTURALLY_CONSISTENT		0x14a1c1b70	.data	OK	0x14a1c1b60	.data	OK	0x1435422a0	.text	OK	0x1481eeef8	.rdata	OK	0x143542210	.text	OK	0x143582bf0	.text	OK
Javelin::ClientMessages::PlayerHousingComponentServerFacet_ClientRequestPayTaxes	3716	javelin_rtti_static	STRUCTURALLY_CONSISTENT		0x14a1c1ac0	.data	OK	0x14a1c1ab0	.data	OK	0x143542700	.text	OK	0x1481eefe8	.rdata	OK	0x143542670	.text	OK	0x1435839f0	.text	OK
Javelin::ClientMessages::PlayerHousingComponentServerFacet_ClientRequestTaxesDue	3081	javelin_rtti_static	STRUCTURALLY_CONSISTENT		0x14a1c1a10	.data	OK	0x14a1c1a00	.data	OK	0x143542e10	.text	OK	0x1481ef160	.rdata	OK	0x143542d80	.text	OK	0x143583ff0	.text	OK
Javelin::ClientMessages::PlayerHousingComponentServerFacet_ClientRequestInteractingPlotAdditionalInfo	3717	javelin_rtti_static	STRUCTURALLY_CONSISTENT		0x14a1c1950	.data	OK	0x14a1c1940	.data	OK	0x1435437a0	.text	OK	0x1481ef590	.rdata	OK	0x143543710	.text	OK	0x1435837f0	.text	OK
Javelin::ClientMessages::PlayerHousingComponentServerFacet_PlaceNewItem	3277	javelin_rtti_static	STRUCTURALLY_CONSISTENT		0x14a1c18b0	.data	OK	0x14a1c18a0	.data	OK	0x1435440e0	.text	OK	0x1481ef778	.rdata	OK	0x143544050	.text	OK	0x1435859f0	.text	OK
Javelin::ClientMessages::PlayerHousingComponentServerFacet_MoveItem	3723	javelin_rtti_static	STRUCTURALLY_CONSISTENT		0x14a1c1810	.data	OK	0x14a1c1800	.data	OK	0x1435446b0	.text	OK	0x1481ef8f0	.rdata	OK	0x143544620	.text	OK	0x1435855f0	.text	OK
Javelin::ClientMessages::PlayerHousingComponentServerFacet_RemoveItem	1435	javelin_rtti_static	STRUCTURALLY_CONSISTENT		0x14a1c1770	.data	OK	0x14a1c1760	.data	OK	0x143544b20	.text	OK	0x1481efa80	.rdata	OK	0x143544a90	.text	OK	0x143585bf0	.text	OK
Javelin::ClientMessages::PlayerHousingComponentServerFacet_InteractWithHousingItem	3730	javelin_rtti_static	STRUCTURALLY_CONSISTENT		0x14a1c16c0	.data	OK	0x14a1c16b0	.data	OK	0x143544fc0	.text	OK	0x1481efb50	.rdata	OK	0x143544f30	.text	OK	0x1435853f0	.text	OK
Javelin::ClientMessages::PlayerHousingComponentServerFacet_OnInteractWithHousingItemEnded	695	javelin_rtti_static	STRUCTURALLY_CONSISTENT		0x14a1c1610	.data	OK	0x14a1c1600	.data	OK	0x143545310	.text	OK	0x1481efca0	.rdata	OK	0x143545280	.text	OK	0x1435857f0	.text	OK
Javelin::ClientMessages::PlayerHousingComponentServerFacet_RequestTerritoryResidentData	3606	javelin_rtti_static	STRUCTURALLY_CONSISTENT		0x14a1c1560	.data	OK	0x14a1c1550	.data	OK	0x143545720	.text	OK	0x1481efd18	.rdata	OK	0x143545690	.text	OK	0x143585df0	.text	OK
Javelin::ClientMessages::PlayerHousingComponentClientFacet_SendHouseRefundedNotification	3732	javelin_rtti_static	STRUCTURALLY_CONSISTENT		0x14a1c14b0	.data	OK	0x14a1c14a0	.data	OK	0x143545df0	.text	OK	0x1481efff0	.rdata	OK	0x143545d60	.text	OK	0x143581ff0	.text	OK
Javelin::ClientMessages::PlayerHousingComponentClientFacet_SendItemsRefundedNotification	3733	javelin_rtti_static	STRUCTURALLY_CONSISTENT		0x14a1c1400	.data	OK	0x14a1c13f0	.data	OK	0x143546110	.text	OK	0x1481f0100	.rdata	OK	0x143546080	.text	OK	0x1435821f0	.text	OK
Javelin::ClientMessages::PlayerHousingComponentClientFacet_SendHouseRecoveredNotification	4719	javelin_rtti_static	STRUCTURALLY_CONSISTENT		0x14a1c1350	.data	OK	0x14a1c1340	.data	OK	0x143546690	.text	OK	0x1481f0258	.rdata	OK	0x143546600	.text	OK	0x143581df0	.text	OK
Javelin::ClientMessages::PlayerHousingComponentClientFacet_SendHouseNotRecoveredNotification	4715	javelin_rtti_static	STRUCTURALLY_CONSISTENT		0x14a1c12a0	.data	OK	0x14a1c1290	.data	OK	0x143546b10	.text	OK	0x1481f0390	.rdata	OK	0x143546a80	.text	OK	0x143581bf0	.text	OK
Javelin::ClientMessages::PlayerHousingComponentClientFacet_SetHouseRefundCost	5927	javelin_rtti_static	STRUCTURALLY_CONSISTENT		0x14a1c1200	.data	OK	0x14a1c11f0	.data	OK	0x143547270	.text	OK	0x1481f0498	.rdata	OK	0x1435471d0	.text	OK	0x1435823f0	.text	OK
Javelin::ClientMessages::PlayerHousingComponentServerFacet_ClientRequestRemoveAllFurniture	5490	javelin_rtti_static	STRUCTURALLY_CONSISTENT		0x14a1c1150	.data	OK	0x14a1c1140	.data	OK	0x143547b40	.text	OK	0x1481f06f0	.rdata	OK	0x143547a70	.text	OK	0x143583bf0	.text	OK
Javelin::ClientMessages::PlayerHousingComponentClientFacet_OnRequestExitPlotFailed	5991	javelin_rtti_static	STRUCTURALLY_CONSISTENT		0x14a1c10a0	.data	OK	0x14a1c1090	.data	OK	0x143548340	.text	OK	0x1481f0890	.rdata	OK	0x1435482b0	.text	OK	0x143580ff0	.text	OK
Javelin::ClientMessages::PlayerHousingComponentServerFacet_SendFastTravelTimeoutTelemetry	6782	javelin_rtti_static	STRUCTURALLY_CONSISTENT		0x14a1c0ff0	.data	OK	0x14a1c0fe0	.data	OK	0x143548f00	.text	OK	0x1481f0ca0	.rdata	OK	0x143548e70	.text	OK	0x143585ff0	.text	OK
Javelin::ClientMessages::HunterSightComponentClientFacet_SyncData	138	javelin_rtti_static	STRUCTURALLY_CONSISTENT		0x14a1c4c00	.data	OK	0x14a1c4bf0	.data	OK	0x1435a74d0	.text	OK	0x1481f8c30	.rdata	OK	0x1435a7440	.text	OK	0x1435ca950	.text	OK
Javelin::ClientMessages::HunterSightComponentClientFacet_OnHunterSightStarted	1246	javelin_rtti_static	STRUCTURALLY_CONSISTENT		0x14a1c4b60	.data	OK	0x14a1c4b50	.data	OK	0x1435a77c0	.text	OK	0x1481f8d30	.rdata	OK	0x1435a7730	.text	OK	0x1435ca750	.text	OK
Javelin::ClientMessages::HunterSightComponentClientFacet_OnHunterSightEnded	2654	javelin_rtti_static	STRUCTURALLY_CONSISTENT		0x14a1c4ac0	.data	OK	0x14a1c4ab0	.data	OK	0x1435a7960	.text	OK	0x1481f8d78	.rdata	OK	0x1435a78d0	.text	OK	0x1435ca550	.text	OK
Javelin::ClientMessages::OwnershipComponentServerFacet_DebugTransferOwnership	3754	javelin_rtti_static	STRUCTURALLY_CONSISTENT		0x14a1c6af0	.data	OK	0x14a1c6ae0	.data	OK	0x1435f32b0	.text	OK	0x148200268	.rdata	OK	0x1435f3220	.text	OK	0x1436180c0	.text	OK
Javelin::ClientMessages::OwnershipComponentServerFacet_DebugSetPermissions	3757	javelin_rtti_static	STRUCTURALLY_CONSISTENT		0x14a1c6a50	.data	OK	0x14a1c6a40	.data	OK	0x1435f3570	.text	OK	0x148200328	.rdata	OK	0x1435f34e0	.text	OK	0x143617ec0	.text	OK
Javelin::ClientMessages::OwnershipComponentServerFacet_DebugSetPermissionOption	6803	javelin_rtti_static	STRUCTURALLY_CONSISTENT		0x14a1c69a0	.data	OK	0x14a1c6990	.data	OK	0x1435f3830	.text	OK	0x148200430	.rdata	OK	0x1435f37a0	.text	OK	0x143617cc0	.text	OK
Javelin::ClientMessages::InventoriesComponentServerFacet_ReadyRegionalOwnerData	5766	javelin_rtti_static	STRUCTURALLY_CONSISTENT		0x14a1c6870	.data	OK	0x14a1c6860	.data	OK	0x1435ef3c0	.text	OK	0x1481ff058	.rdata	OK	0x1435ef330	.text	OK	0x143616ec0	.text	OK
Javelin::ClientMessages::InventoriesComponentServerFacet_ReadyGlobalOwnerData	5791	javelin_rtti_static	STRUCTURALLY_CONSISTENT		0x14a1c67d0	.data	OK	0x14a1c67c0	.data	OK	0x1435ef470	.text	OK	0x1481ff088	.rdata	OK	0x1435ef3e0	.text	OK	0x143616cc0	.text	OK
Javelin::ClientMessages::InventoriesComponentServerFacet_CreateItemBatch	5761	javelin_rtti_static	STRUCTURALLY_CONSISTENT		0x14a1c6730	.data	OK	0x14a1c6720	.data	OK	0x1435ef520	.text	OK	0x1481ff0e0	.rdata	OK	0x1435ef490	.text	OK	0x1436160c0	.text	OK
Javelin::ClientMessages::InventoriesComponentServerFacet_UpdateItemBatch	5773	javelin_rtti_static	STRUCTURALLY_CONSISTENT		0x14a1c6690	.data	OK	0x14a1c6680	.data	OK	0x1435ef5d0	.text	OK	0x1481ff110	.rdata	OK	0x1435ef540	.text	OK	0x1436172c0	.text	OK
Javelin::ClientMessages::InventoriesComponentServerFacet_DeleteItemBatch	5768	javelin_rtti_static	STRUCTURALLY_CONSISTENT		0x14a1c65f0	.data	OK	0x14a1c65e0	.data	OK	0x1435ef8f0	.text	OK	0x1481ff178	.rdata	OK	0x1435ef860	.text	OK	0x1436166c0	.text	OK
Javelin::ClientMessages::InventoriesComponentServerFacet_UpdateLinks	5758	javelin_rtti_static	STRUCTURALLY_CONSISTENT		0x14a1c6550	.data	OK	0x14a1c6540	.data	OK	0x1435efc30	.text	OK	0x1481ff2d8	.rdata	OK	0x1435efba0	.text	OK	0x1436174c0	.text	OK
Javelin::ClientMessages::InventoriesComponentServerFacet_TransactWriteItems	5774	javelin_rtti_static	STRUCTURALLY_CONSISTENT		0x14a1c64b0	.data	OK	0x14a1c64a0	.data	OK	0x1435f0180	.text	OK	0x1481ff380	.rdata	OK	0x1435f00f0	.text	OK	0x1436170c0	.text	OK
Javelin::ClientMessages::InventoriesComponentServerFacet_GetItems	5755	javelin_rtti_static	STRUCTURALLY_CONSISTENT		0x14a1c6410	.data	OK	0x14a1c6400	.data	OK	0x1435f0430	.text	OK	0x1481ff450	.rdata	OK	0x1435f03a0	.text	OK	0x1436168c0	.text	OK
Javelin::ClientMessages::InventoriesComponentServerFacet_QueryInventories	5789	javelin_rtti_static	STRUCTURALLY_CONSISTENT		0x14a1c6370	.data	OK	0x14a1c6360	.data	OK	0x1435f0940	.text	OK	0x1481ff588	.rdata	OK	0x1435f08b0	.text	OK	0x143616ac0	.text	OK
Javelin::ClientMessages::InventoriesComponentServerFacet_DebugFlushCaches	5870	javelin_rtti_static	STRUCTURALLY_CONSISTENT		0x14a1c62d0	.data	OK	0x14a1c62c0	.data	OK	0x1435f0ac0	.text	OK	0x1481ff5b8	.rdata	OK	0x1435f0a30	.text	OK	0x1436162c0	.text	OK
Javelin::ClientMessages::InventoriesComponentServerFacet_DebugFlushPersistence	5900	javelin_rtti_static	STRUCTURALLY_CONSISTENT		0x14a1c6220	.data	OK	0x14a1c6210	.data	OK	0x1435f0c80	.text	OK	0x1481ff600	.rdata	OK	0x1435f0bf0	.text	OK	0x1436164c0	.text	OK
Javelin::ClientMessages::InventoriesComponentClientFacet_OnGetItems	5771	javelin_rtti_static	STRUCTURALLY_CONSISTENT		0x14a1c6180	.data	OK	0x14a1c6170	.data	OK	0x1435f0d30	.text	OK	0x1481ff630	.rdata	OK	0x1435f0ca0	.text	OK	0x143615cc0	.text	OK
Javelin::ClientMessages::InventoriesComponentClientFacet_OnQueryInventories	5792	javelin_rtti_static	STRUCTURALLY_CONSISTENT		0x14a1c60e0	.data	OK	0x14a1c60d0	.data	OK	0x1435f0de0	.text	OK	0x1481ff660	.rdata	OK	0x1435f0d50	.text	OK	0x143615ec0	.text	OK
Javelin::ClientMessages::ItemSkinningComponentServerFacet_EnableItemSkin	2277	javelin_rtti_static	STRUCTURALLY_CONSISTENT		0x14a1c8080	.data	OK	0x14a1c8070	.data	OK	0x143642470	.text	OK	0x148207bf8	.rdata	OK	0x1436423e0	.text	OK	0x143654a90	.text	OK
Javelin::ClientMessages::ItemSkinningComponentServerFacet_DisableItemSkin	3764	javelin_rtti_static	STRUCTURALLY_CONSISTENT		0x14a1c7fe0	.data	OK	0x14a1c7fd0	.data	OK	0x143642600	.text	OK	0x148207c70	.rdata	OK	0x143642570	.text	OK	0x143654890	.text	OK
Javelin::ClientMessages::LeaderboardComponentServerFacet_DebugUpdateStat	5151	javelin_rtti_static	STRUCTURALLY_CONSISTENT		0x14a1c9950	.data	OK	0x14a1c9940	.data	OK	0x1436a9370	.text	OK	0x14820ee58	.rdata	OK	0x1436a92e0	.text	OK	0x1436cef00	.text	OK
Javelin::ClientMessages::LeaderboardComponentServerFacet_OnClientLeaderboardDataRequest	5166	javelin_rtti_static	STRUCTURALLY_CONSISTENT		0x14a1ca390	.data	OK	0x14a1ca380	.data	OK	0x1436a9420	.text	OK	0x14820ee88	.rdata	OK	0x1436a9390	.text	OK	0x1436cf100	.text	OK
Javelin::ClientMessages::LeaderboardComponentServerFacet_OnClientLeaderboardStatDataRequest	5425	javelin_rtti_static	STRUCTURALLY_CONSISTENT		0x14a1ca2e0	.data	OK	0x14a1ca2d0	.data	OK	0x1436a94d0	.text	OK	0x14820eee8	.rdata	OK	0x1436a9440	.text	OK	0x1436cf300	.text	OK
Javelin::ClientMessages::LeaderboardComponentServerFacet_DebugUpdateLeaderboardOffset	5172	javelin_rtti_static	STRUCTURALLY_CONSISTENT		0x14a1ca230	.data	OK	0x14a1ca220	.data	OK	0x1436a9580	.text	OK	0x14820efe0	.rdata	OK	0x1436a94f0	.text	OK	0x1436ced00	.text	OK
Javelin::ClientMessages::LeaderboardComponentServerFacet_DebugGrantLeaderboardReward	5175	javelin_rtti_static	STRUCTURALLY_CONSISTENT		0x14a1ca180	.data	OK	0x14a1ca170	.data	OK	0x1436a9630	.text	OK	0x14820f010	.rdata	OK	0x1436a95a0	.text	OK	0x1436ce700	.text	OK
Javelin::ClientMessages::LeaderboardComponentServerFacet_DebugProcessRotationRewards	5190	javelin_rtti_static	STRUCTURALLY_CONSISTENT		0x14a1ca0d0	.data	OK	0x14a1ca0c0	.data	OK	0x1436a96e0	.text	OK	0x14820f040	.rdata	OK	0x1436a9650	.text	OK	0x1436ce900	.text	OK
Javelin::ClientMessages::LeaderboardComponentServerFacet_DebugGetLastProcessRotations	5186	javelin_rtti_static	STRUCTURALLY_CONSISTENT		0x14a1ca020	.data	OK	0x14a1ca010	.data	OK	0x1436a9790	.text	OK	0x14820f070	.rdata	OK	0x1436a9700	.text	OK	0x1436ce300	.text	OK
Javelin::ClientMessages::LeaderboardComponentServerFacet_DebugClearProcessedRotations	5188	javelin_rtti_static	STRUCTURALLY_CONSISTENT		0x14a1c9f70	.data	OK	0x14a1c9f60	.data	OK	0x1436a9840	.text	OK	0x14820f0a0	.rdata	OK	0x1436a97b0	.text	OK	0x1436ce100	.text	OK
Javelin::ClientMessages::LeaderboardComponentServerFacet_DebugSetPersonalBest	5377	javelin_rtti_static	STRUCTURALLY_CONSISTENT		0x14a1c9ed0	.data	OK	0x14a1c9ec0	.data	OK	0x1436a99c0	.text	OK	0x14820f118	.rdata	OK	0x1436a9930	.text	OK	0x1436ceb00	.text	OK
Javelin::ClientMessages::LeaderboardComponentServerFacet_DebugGetServerRotationData	5565	javelin_rtti_static	STRUCTURALLY_CONSISTENT		0x14a1c9e20	.data	OK	0x14a1c9e10	.data	OK	0x1436a9a70	.text	OK	0x14820f148	.rdata	OK	0x1436a99e0	.text	OK	0x1436ce500	.text	OK
Javelin::ClientMessages::LeaderboardComponentClientFacet_OnReceiveLeaderboardDataFromServer	5165	javelin_rtti_static	STRUCTURALLY_CONSISTENT		0x14a1c9d70	.data	OK	0x14a1c9d60	.data	OK	0x1436abba0	.text	OK	0x14820fd60	.rdata	OK	0x1436abb10	.text	OK	0x1436cdb00	.text	OK
Javelin::ClientMessages::LeaderboardComponentClientFacet_OnReceiveLeaderboardStatDataFromServer	5423	javelin_rtti_static	STRUCTURALLY_CONSISTENT		0x14a1c9cb0	.data	OK	0x14a1c9ca0	.data	OK	0x1436abc50	.text	OK	0x14820fd90	.rdata	OK	0x1436abbc0	.text	OK	0x1436cdd00	.text	OK
Javelin::ClientMessages::LeaderboardComponentClientFacet_OnReceiveDebugRotationInfo	5187	javelin_rtti_static	STRUCTURALLY_CONSISTENT		0x14a1c9c00	.data	OK	0x14a1c9bf0	.data	OK	0x1436abd00	.text	OK	0x14820fdc0	.rdata	OK	0x1436abc70	.text	OK	0x1436cd700	.text	OK
Javelin::ClientMessages::LeaderboardComponentClientFacet_OnLeaderboardEntitlementComplete	5484	javelin_rtti_static	STRUCTURALLY_CONSISTENT		0x14a1c9b50	.data	OK	0x14a1c9b40	.data	OK	0x1436abe00	.text	OK	0x14820fdf0	.rdata	OK	0x1436abd70	.text	OK	0x1436cd300	.text	OK
Javelin::ClientMessages::LeaderboardComponentClientFacet_OnLeaderboardRotationComplete	5486	javelin_rtti_static	STRUCTURALLY_CONSISTENT		0x14a1c9aa0	.data	OK	0x14a1c9a90	.data	OK	0x1436ac110	.text	OK	0x14820ff28	.rdata	OK	0x1436ac080	.text	OK	0x1436cd500	.text	OK
Javelin::ClientMessages::LeaderboardComponentClientFacet_OnReceiveDebugRotationTimes	5566	javelin_rtti_static	STRUCTURALLY_CONSISTENT		0x14a1c99f0	.data	OK	0x14a1c99e0	.data	OK	0x1436ac1c0	.text	OK	0x14820ff58	.rdata	OK	0x1436ac130	.text	OK	0x1436cd900	.text	OK
Javelin::ClientMessages::LootTrackerComponentServerFacet_ResetLoot	2531	javelin_rtti_static	STRUCTURALLY_CONSISTENT		0x14a1cc660	.data	OK	0x14a1cc650	.data	OK	0x1437031b0	.text	OK	0x148215478	.rdata	OK	0x143703120	.text	OK	0x1437568c0	.text	OK
Javelin::ClientMessages::LootTrackerComponentServerFacet_SetResetTime	3771	javelin_rtti_static	STRUCTURALLY_CONSISTENT		0x14a1cc510	.data	OK	0x14a1cc500	.data	OK	0x143703420	.text	OK	0x148215548	.rdata	OK	0x143703390	.text	OK	0x143756ac0	.text	OK
Javelin::ClientMessages::LootTrackerComponentServerFacet_DebugSetForceDropAILoot	1356	javelin_rtti_static	STRUCTURALLY_CONSISTENT		0x14a1cc3b0	.data	OK	0x14a1cc3a0	.data	OK	0x143703830	.text	OK	0x148215620	.rdata	OK	0x1437037a0	.text	OK	0x143755ec0	.text	OK
Javelin::ClientMessages::LootTrackerComponentServerFacet_DebugSetFailedRollBonusPercent	1076	javelin_rtti_static	STRUCTURALLY_CONSISTENT		0x14a1cc250	.data	OK	0x14a1cc240	.data	OK	0x143703b20	.text	OK	0x148215750	.rdata	OK	0x143703a90	.text	OK	0x143755cc0	.text	OK
Javelin::ClientMessages::LootTrackerComponentServerFacet_DebugResetCollectible	3617	javelin_rtti_static	STRUCTURALLY_CONSISTENT		0x14a1cc0f0	.data	OK	0x14a1cc0e0	.data	OK	0x143703cd0	.text	OK	0x1482157b0	.rdata	OK	0x143703c40	.text	OK	0x1437554c0	.text	OK
Javelin::ClientMessages::LootTrackerComponentServerFacet_DebugSyncGlobalRollMod	4763	javelin_rtti_static	STRUCTURALLY_CONSISTENT		0x14a1cbf90	.data	OK	0x14a1cbf80	.data	OK	0x143704130	.text	OK	0x1482158f8	.rdata	OK	0x1437040a0	.text	OK	0x1437564c0	.text	OK
Javelin::ClientMessages::LootTrackerComponentServerFacet_DebugSyncActiveLootTags	4764	javelin_rtti_static	STRUCTURALLY_CONSISTENT		0x14a1cbee0	.data	OK	0x14a1cbed0	.data	OK	0x1437044a0	.text	OK	0x1482159a0	.rdata	OK	0x143704410	.text	OK	0x1437562c0	.text	OK
Javelin::ClientMessages::LootTrackerComponentServerFacet_DebugSyncLootLimits	4761	javelin_rtti_static	STRUCTURALLY_CONSISTENT		0x14a1cbe40	.data	OK	0x14a1cbe30	.data	OK	0x143704740	.text	OK	0x148215a60	.rdata	OK	0x1437046b0	.text	OK	0x1437566c0	.text	OK
Javelin::ClientMessages::LootTrackerComponentServerFacet_DebugExpireLimit	4760	javelin_rtti_static	STRUCTURALLY_CONSISTENT		0x14a1cbda0	.data	OK	0x14a1cbd90	.data	OK	0x143704b70	.text	OK	0x148215bb8	.rdata	OK	0x143704ae0	.text	OK	0x143754ec0	.text	OK
Javelin::ClientMessages::LootTrackerComponentServerFacet_DebugEraseLimit	6324	javelin_rtti_static	STRUCTURALLY_CONSISTENT		0x14a1cbd00	.data	OK	0x14a1cbcf0	.data	OK	0x143705030	.text	OK	0x148215d20	.rdata	OK	0x143704fa0	.text	OK	0x143754cc0	.text	OK
Javelin::ClientMessages::LootTrackerComponentServerFacet_DebugResetDropCooldown	4765	javelin_rtti_static	STRUCTURALLY_CONSISTENT		0x14a1cbc50	.data	OK	0x14a1cbc40	.data	OK	0x1437052b0	.text	OK	0x148215de8	.rdata	OK	0x143705220	.text	OK	0x1437556c0	.text	OK
Javelin::ClientMessages::LootTrackerComponentServerFacet_DebugSetLootDivertLevel	4823	javelin_rtti_static	STRUCTURALLY_CONSISTENT		0x14a1cbba0	.data	OK	0x14a1cbb90	.data	OK	0x143705710	.text	OK	0x148215f98	.rdata	OK	0x143705670	.text	OK	0x1437560c0	.text	OK
Javelin::ClientMessages::LootTrackerComponentServerFacet_DebugResetLootDivertActionCount	4825	javelin_rtti_static	STRUCTURALLY_CONSISTENT		0x14a1cbaf0	.data	OK	0x14a1cbae0	.data	OK	0x143705f20	.text	OK	0x1482161a0	.rdata	OK	0x143705e90	.text	OK	0x1437558c0	.text	OK
Javelin::ClientMessages::LootTrackerComponentServerFacet_DebugFakeLootDivertAction	4827	javelin_rtti_static	STRUCTURALLY_CONSISTENT		0x14a1cba40	.data	OK	0x14a1cba30	.data	OK	0x143706240	.text	OK	0x148216278	.rdata	OK	0x1437061b0	.text	OK	0x1437550c0	.text	OK
Javelin::ClientMessages::LootTrackerComponentServerFacet_DebugPauseLootDivert	4838	javelin_rtti_static	STRUCTURALLY_CONSISTENT		0x14a1cb9a0	.data	OK	0x14a1cb990	.data	OK	0x1437062f0	.text	OK	0x1482162a8	.rdata	OK	0x143706260	.text	OK	0x1437552c0	.text	OK
Javelin::ClientMessages::LootTrackerComponentServerFacet_DebugResumeLootDivert	4844	javelin_rtti_static	STRUCTURALLY_CONSISTENT		0x14a1cb8f0	.data	OK	0x14a1cb8e0	.data	OK	0x143706470	.text	OK	0x148216308	.rdata	OK	0x1437063e0	.text	OK	0x143755ac0	.text	OK
Javelin::ClientMessages::LootTrackerComponentClientFacet_SyncGlobalRollMod	4766	javelin_rtti_static	STRUCTURALLY_CONSISTENT		0x14a1cb850	.data	OK	0x14a1cb840	.data	OK	0x143706790	.text	OK	0x1482163d8	.rdata	OK	0x143706700	.text	OK	0x1437544c0	.text	OK
Javelin::ClientMessages::LootTrackerComponentClientFacet_SyncLootLimits	4762	javelin_rtti_static	STRUCTURALLY_CONSISTENT		0x14a1cb7b0	.data	OK	0x14a1cb7a0	.data	OK	0x1437068f0	.text	OK	0x148216460	.rdata	OK	0x143706860	.text	OK	0x1437546c0	.text	OK
Javelin::ClientMessages::LootTrackerComponentClientFacet_SyncActiveLootTags	4767	javelin_rtti_static	STRUCTURALLY_CONSISTENT		0x14a1cb710	.data	OK	0x14a1cb700	.data	OK	0x143706be0	.text	OK	0x148216598	.rdata	OK	0x143706b50	.text	OK	0x1437542c0	.text	OK
Javelin::ClientMessages::LootTrackerComponentClientFacet_TriggerLootLimitNofitication	5232	javelin_rtti_static	STRUCTURALLY_CONSISTENT		0x14a1cb660	.data	OK	0x14a1cb650	.data	OK	0x143706c90	.text	OK	0x1482165c8	.rdata	OK	0x143706c00	.text	OK	0x1437548c0	.text	OK
Javelin::ClientMessages::RewardTrackComponentServerFacet_DebugSetTrackCount	4912	javelin_rtti_static	STRUCTURALLY_CONSISTENT		0x14a1cb540	.data	OK	0x14a1cb530	.data	OK	0x143703f90	.text	OK	0x1482157f8	.rdata	OK	0x143703ea0	.text	OK	0x1437572c0	.text	OK
Javelin::ClientMessages::RewardTrackComponentServerFacet_DebugRefreshRewards	4933	javelin_rtti_static	STRUCTURALLY_CONSISTENT		0x14a1cb4a0	.data	OK	0x14a1cb490	.data	OK	0x1437043f0	.text	OK	0x148215970	.rdata	OK	0x143704360	.text	OK	0x1437570c0	.text	OK
Javelin::ClientMessages::RewardTrackComponentServerFacet_DebugForceSpecificRewards	4945	javelin_rtti_static	STRUCTURALLY_CONSISTENT		0x14a1cb3f0	.data	OK	0x14a1cb3e0	.data	OK	0x143704600	.text	OK	0x148215a00	.rdata	OK	0x143704570	.text	OK	0x143756ec0	.text	OK
Javelin::ClientMessages::RewardTrackComponentServerFacet_DebugSyncExcludedTags	5017	javelin_rtti_static	STRUCTURALLY_CONSISTENT		0x14a1cb340	.data	OK	0x14a1cb330	.data	OK	0x143704ac0	.text	OK	0x148215b30	.rdata	OK	0x143704a30	.text	OK	0x1437574c0	.text	OK
Javelin::ClientMessages::RewardTrackComponentServerFacet_RequestResetRewardTrack	4910	javelin_rtti_static	STRUCTURALLY_CONSISTENT		0x14a1cb290	.data	OK	0x14a1cb280	.data	OK	0x143704d40	.text	OK	0x148215c18	.rdata	OK	0x143704cb0	.text	OK	0x1437578c0	.text	OK
Javelin::ClientMessages::RewardTrackComponentServerFacet_RequestPurchaseReward	4932	javelin_rtti_static	STRUCTURALLY_CONSISTENT		0x14a1cb1e0	.data	OK	0x14a1cb1d0	.data	OK	0x143705200	.text	OK	0x148215db8	.rdata	OK	0x143705170	.text	OK	0x1437576c0	.text	OK
Javelin::ClientMessages::ConversationComponentServerFacet_RequestConversationTopicFromClient	3158	javelin_rtti_static	STRUCTURALLY_CONSISTENT		0x14a1cc7c0	.data	OK	0x14a1cc7b0	.data	OK	0x143704550	.text	OK	0x1482159d0	.rdata	OK	0x1437044c0	.text	OK	0x143753ec0	.text	OK
Javelin::ClientMessages::ConversationComponentServerFacet_OnFinishedConversationTopicsFromClient	5397	javelin_rtti_static	STRUCTURALLY_CONSISTENT		0x14a1cc700	.data	OK	0x14a1cc6f0	.data	OK	0x1437048a0	.text	OK	0x148215a90	.rdata	OK	0x143704810	.text	OK	0x1437538c0	.text	OK
Javelin::ClientMessages::ConversationComponentServerFacet_RequestAcceptObjective	3772	javelin_rtti_static	STRUCTURALLY_CONSISTENT		0x14a1cc5b0	.data	OK	0x14a1cc5a0	.data	OK	0x143704c20	.text	OK	0x148215be8	.rdata	OK	0x143704b90	.text	OK	0x143753ac0	.text	OK
Javelin::ClientMessages::ConversationComponentServerFacet_RequestCompleteObjective	794	javelin_rtti_static	STRUCTURALLY_CONSISTENT		0x14a1cc460	.data	OK	0x14a1cc450	.data	OK	0x1437050e0	.text	OK	0x148215d78	.rdata	OK	0x143705050	.text	OK	0x143753cc0	.text	OK
Javelin::ClientMessages::ConversationComponentServerFacet_RequestDebugConversation	3773	javelin_rtti_static	STRUCTURALLY_CONSISTENT		0x14a1cc300	.data	OK	0x14a1cc2f0	.data	OK	0x1437053e0	.text	OK	0x148215e18	.rdata	OK	0x143705350	.text	OK	0x1437540c0	.text	OK
Javelin::ClientMessages::ConversationComponentServerFacet_DebugUnlockPrerequisites	3774	javelin_rtti_static	STRUCTURALLY_CONSISTENT		0x14a1cc1a0	.data	OK	0x14a1cc190	.data	OK	0x143705800	.text	OK	0x148216010	.rdata	OK	0x143705770	.text	OK	0x1437536c0	.text	OK
Javelin::ClientMessages::ConversationComponentServerFacet_DebugSetAchievementConditional	5421	javelin_rtti_static	STRUCTURALLY_CONSISTENT		0x14a1cc040	.data	OK	0x14a1cc030	.data	OK	0x143705fd0	.text	OK	0x1482161d0	.rdata	OK	0x143705f40	.text	OK	0x1437534c0	.text	OK
Javelin::ClientMessages::LoreReaderComponentServerFacet_RequestDebugReadLoreItem	2429	javelin_rtti_static	STRUCTURALLY_CONSISTENT		0x14a1cd2a0	.data	OK	0x14a1cd290	.data	OK	0x143783920	.text	OK	0x14821d5f8	.rdata	OK	0x143783890	.text	OK	0x1437ae4a0	.text	OK
Javelin::ClientMessages::CurrencyComponentServerFacet_GmSetCurrency	3783	javelin_rtti_static	STRUCTURALLY_CONSISTENT		0x14a1cdf30	.data	OK	0x14a1cdf20	.data	OK	0x1437bebb0	.text	OK	0x148222430	.rdata	OK	0x1437beb20	.text	OK	0x14381df20	.text	OK
Javelin::ClientMessages::CurrencyComponentClientFacet_OnCurrencyLost	3785	javelin_rtti_static	STRUCTURALLY_CONSISTENT		0x14a1cde90	.data	OK	0x14a1cde80	.data	OK	0x1437bee30	.text	OK	0x148222460	.rdata	OK	0x1437beda0	.text	OK	0x14381d920	.text	OK
Javelin::ClientMessages::CurrencyComponentClientFacet_OnCurrencyTransferRefund	3769	javelin_rtti_static	STRUCTURALLY_CONSISTENT		0x14a1cdde0	.data	OK	0x14a1cddd0	.data	OK	0x1437bf050	.text	OK	0x148222578	.rdata	OK	0x1437befc0	.text	OK	0x14381db20	.text	OK
Javelin::ClientMessages::CurrencyConversionComponentServerFacet_RequestExecuteTradingPostTransaction	439	javelin_rtti_static	STRUCTURALLY_CONSISTENT		0x14a1cdca0	.data	OK	0x14a1cdc90	.data	OK	0x1437c1980	.text	OK	0x148223028	.rdata	OK	0x1437c18f0	.text	OK	0x14381e320	.text	OK
Javelin::ClientMessages::CurrencyConversionComponentServerFacet_RequestCurrencyConversion	2030	javelin_rtti_static	STRUCTURALLY_CONSISTENT		0x14a1cdbf0	.data	OK	0x14a1cdbe0	.data	OK	0x1437c1b40	.text	OK	0x148223070	.rdata	OK	0x1437c1ab0	.text	OK	0x14381e120	.text	OK
Javelin::ClientMessages::MetaAchievementComponentServerFacet_ServerRequestMetaAchievementsProgressForCategory	3794	javelin_rtti_static	STRUCTURALLY_CONSISTENT		0x14a1d0600	.data	OK	0x14a1d05f0	.data	OK	0x143882ce0	.text	OK	0x14822eb88	.rdata	OK	0x143882c50	.text	OK	0x1438a3b50	.text	OK
Javelin::ClientMessages::MetaAchievementComponentServerFacet_ServerRequestMetaAchievementsSummary	3092	javelin_rtti_static	STRUCTURALLY_CONSISTENT		0x14a1d0540	.data	OK	0x14a1d0530	.data	OK	0x143882e20	.text	OK	0x14822ebe8	.rdata	OK	0x143882d90	.text	OK	0x1438a3d50	.text	OK
Javelin::ClientMessages::MetaAchievementComponentServerFacet_ServerRequestGetPendingMetaAchievements	843	javelin_rtti_static	STRUCTURALLY_CONSISTENT		0x14a1d0480	.data	OK	0x14a1d0470	.data	OK	0x143883000	.text	OK	0x14822ec30	.rdata	OK	0x143882f70	.text	OK	0x1438a3950	.text	OK
Javelin::ClientMessages::MetaAchievementComponentServerFacet_ServerRequestClearPendingMetaAchievements	3227	javelin_rtti_static	STRUCTURALLY_CONSISTENT		0x14a1d03c0	.data	OK	0x14a1d03b0	.data	OK	0x143883270	.text	OK	0x14822eca8	.rdata	OK	0x1438831e0	.text	OK	0x1438a3750	.text	OK
Javelin::ClientMessages::MetaAchievementComponentServerFacet_DEBUG_ServerSetMetaAchievementProgress	3795	javelin_rtti_static	STRUCTURALLY_CONSISTENT		0x14a1d0300	.data	OK	0x14a1d02f0	.data	OK	0x1438836e0	.text	OK	0x14822ed68	.rdata	OK	0x143883640	.text	OK	0x1438a2f50	.text	OK
Javelin::ClientMessages::MetaAchievementComponentServerFacet_DEBUG_ServerSendAllMetaAchievementsProgress	744	javelin_rtti_static	STRUCTURALLY_CONSISTENT		0x14a1d0240	.data	OK	0x14a1d0230	.data	OK	0x143883cf0	.text	OK	0x14822ef00	.rdata	OK	0x143883c60	.text	OK	0x1438a2d50	.text	OK
Javelin::ClientMessages::MetaAchievementComponentServerFacet_DEBUG_ForceClientSynchronization	3796	javelin_rtti_static	STRUCTURALLY_CONSISTENT		0x14a1d0190	.data	OK	0x14a1d0180	.data	OK	0x143883f60	.text	OK	0x14822efa0	.rdata	OK	0x143883ed0	.text	OK	0x1438a2b50	.text	OK
Javelin::ClientMessages::MetaAchievementComponentServerFacet_DEBUG_ClearMetaAchievementProgress	1108	javelin_rtti_static	STRUCTURALLY_CONSISTENT		0x14a1d00d0	.data	OK	0x14a1d00c0	.data	OK	0x143884010	.text	OK	0x14822f048	.rdata	OK	0x143883f80	.text	OK	0x1438a2750	.text	OK
Javelin::ClientMessages::MetaAchievementComponentServerFacet_DEBUG_ClearMetaAchievementsProgress	1695	javelin_rtti_static	STRUCTURALLY_CONSISTENT		0x14a1d0010	.data	OK	0x14a1d0000	.data	OK	0x1438840c0	.text	OK	0x14822f078	.rdata	OK	0x143884030	.text	OK	0x1438a2950	.text	OK
Javelin::ClientMessages::MetaAchievementComponentServerFacet_DEBUG_UnlockSteamAchievements	3797	javelin_rtti_static	STRUCTURALLY_CONSISTENT		0x14a1cff60	.data	OK	0x14a1cff50	.data	OK	0x143884170	.text	OK	0x14822f0a8	.rdata	OK	0x1438840e0	.text	OK	0x1438a3150	.text	OK
Javelin::ClientMessages::MetaAchievementComponentServerFacet_RequestGetCompletedMetaAchievementsForAccount	3784	javelin_rtti_static	STRUCTURALLY_CONSISTENT		0x14a1cfea0	.data	OK	0x14a1cfe90	.data	OK	0x143884220	.text	OK	0x14822f0d8	.rdata	OK	0x143884190	.text	OK	0x1438a3350	.text	OK
Javelin::ClientMessages::MetaAchievementComponentServerFacet_RequestUnlockMetaAchievementForAccount	625	javelin_rtti_static	STRUCTURALLY_CONSISTENT		0x14a1cfde0	.data	OK	0x14a1cfdd0	.data	OK	0x1438845f0	.text	OK	0x14822f190	.rdata	OK	0x143884560	.text	OK	0x1438a3550	.text	OK
Javelin::ClientMessages::MetaAchievementComponentClientFacet_DEBUG_ClientReceiveAllMetaAchievementsProgress	3799	javelin_rtti_static	STRUCTURALLY_CONSISTENT		0x14a1cfd20	.data	OK	0x14a1cfd10	.data	OK	0x143881840	.text	OK	0x14822e5c0	.rdata	OK	0x1438817b0	.text	OK	0x1438a2550	.text	OK
Javelin::ClientMessages::MetaAchievementComponentClientFacet_ClientReceiveMetaAchievementsProgress	3800	javelin_rtti_static	STRUCTURALLY_CONSISTENT		0x14a1cfc60	.data	OK	0x14a1cfc50	.data	OK	0x1438819c0	.text	OK	0x14822e620	.rdata	OK	0x143881930	.text	OK	0x1438a1f50	.text	OK
Javelin::ClientMessages::MetaAchievementComponentClientFacet_ClientOnChangedProgressStatus	331	javelin_rtti_static	STRUCTURALLY_CONSISTENT		0x14a1cfbb0	.data	OK	0x14a1cfba0	.data	OK	0x143881d80	.text	OK	0x14822e740	.rdata	OK	0x143881cf0	.text	OK	0x1438a1b50	.text	OK
Javelin::ClientMessages::MetaAchievementComponentClientFacet_ClientReceiveMetaAchievementsSummaryInformation	1679	javelin_rtti_static	STRUCTURALLY_CONSISTENT		0x14a1cfaf0	.data	OK	0x14a1cfae0	.data	OK	0x143882130	.text	OK	0x14822e798	.rdata	OK	0x1438820a0	.text	OK	0x1438a2150	.text	OK
Javelin::ClientMessages::MetaAchievementComponentClientFacet_ClientMetaAchievementsReceived	3649	javelin_rtti_static	STRUCTURALLY_CONSISTENT		0x14a1cfa40	.data	OK	0x14a1cfa30	.data	OK	0x143882420	.text	OK	0x14822e8f0	.rdata	OK	0x143882390	.text	OK	0x1438a1750	.text	OK
Javelin::ClientMessages::MetaAchievementComponentClientFacet_ClientMetaAchievementsUnlocked	3801	javelin_rtti_static	STRUCTURALLY_CONSISTENT		0x14a1cf990	.data	OK	0x14a1cf980	.data	OK	0x1438825a0	.text	OK	0x14822e950	.rdata	OK	0x143882510	.text	OK	0x1438a1950	.text	OK
Javelin::ClientMessages::MetaAchievementComponentClientFacet_ClientOnReceiveRewardPendingMetaAchievements	3802	javelin_rtti_static	STRUCTURALLY_CONSISTENT		0x14a1cf8d0	.data	OK	0x14a1cf8c0	.data	OK	0x143882720	.text	OK	0x14822e9b0	.rdata	OK	0x143882690	.text	OK	0x1438a1d50	.text	OK
Javelin::ClientMessages::MetaAchievementComponentClientFacet_ClientUnlockPlatformAchievements	6462	javelin_rtti_static	STRUCTURALLY_CONSISTENT		0x14a1cf820	.data	OK	0x14a1cf810	.data	OK	0x143882820	.text	OK	0x14822e9e0	.rdata	OK	0x143882790	.text	OK	0x1438a2350	.text	OK
Javelin::ClientMessages::MetaAchievementComponentClientFacet_ClientFixupPlatformAchievements	6461	javelin_rtti_static	STRUCTURALLY_CONSISTENT		0x14a1cf770	.data	OK	0x14a1cf760	.data	OK	0x143882b10	.text	OK	0x14822eb28	.rdata	OK	0x143882a80	.text	OK	0x1438a1550	.text	OK
Javelin::ClientMessages::MountComponentServerFacet_OnRequestChangeMount	5619	javelin_rtti_static	STRUCTURALLY_CONSISTENT		0x14a1d1d20	.data	OK	0x14a1d1d10	.data	OK	0x1438ba1b0	.text	OK	0x1482337b0	.rdata	OK	0x1438ba0e0	.text	OK	0x1438ea9b0	.text	OK
Javelin::ClientMessages::MountComponentServerFacet_SummonMount	5750	javelin_rtti_static	STRUCTURALLY_CONSISTENT		0x14a1d1c80	.data	OK	0x14a1d1c70	.data	OK	0x1438ba420	.text	OK	0x148233858	.rdata	OK	0x1438ba390	.text	OK	0x1438eafb0	.text	OK
Javelin::ClientMessages::MountComponentServerFacet_DismissMount	5751	javelin_rtti_static	STRUCTURALLY_CONSISTENT		0x14a1d1be0	.data	OK	0x14a1d1bd0	.data	OK	0x1438ba650	.text	OK	0x1482338d0	.rdata	OK	0x1438ba5c0	.text	OK	0x1438e9db0	.text	OK
Javelin::ClientMessages::MountComponentServerFacet_RenameMount	5972	javelin_rtti_static	STRUCTURALLY_CONSISTENT		0x14a1d1b40	.data	OK	0x14a1d1b30	.data	OK	0x1438ba8c0	.text	OK	0x1482339f0	.rdata	OK	0x1438ba830	.text	OK	0x1438eadb0	.text	OK
Javelin::ClientMessages::MountComponentServerFacet_OnRequestCompleteSummon	6068	javelin_rtti_static	STRUCTURALLY_CONSISTENT		0x14a1d1aa0	.data	OK	0x14a1d1a90	.data	OK	0x1438bacd0	.text	OK	0x148233b10	.rdata	OK	0x1438bac40	.text	OK	0x1438eabb0	.text	OK
Javelin::ClientMessages::MountComponentServerFacet_OnMountDashToggleChanged	6268	javelin_rtti_static	STRUCTURALLY_CONSISTENT		0x14a1d1a00	.data	OK	0x14a1d19f0	.data	OK	0x1438bae70	.text	OK	0x148233b70	.rdata	OK	0x1438bade0	.text	OK	0x1438ea5b0	.text	OK
Javelin::ClientMessages::MountComponentServerFacet_OnMountSlowWalkChanged	6271	javelin_rtti_static	STRUCTURALLY_CONSISTENT		0x14a1d1960	.data	OK	0x14a1d1950	.data	OK	0x1438baf20	.text	OK	0x148233ba0	.rdata	OK	0x1438bae90	.text	OK	0x1438ea7b0	.text	OK
Javelin::ClientMessages::MountComponentServerFacet_OnEnableMounts	2764	javelin_rtti_static	STRUCTURALLY_CONSISTENT		0x14a1d18c0	.data	OK	0x14a1d18b0	.data	OK	0x1438bb0a0	.text	OK	0x148233c00	.rdata	OK	0x1438bb010	.text	OK	0x1438ea3b0	.text	OK
Javelin::ClientMessages::MountComponentServerFacet_OnDebugMaxSpeedChanged	5612	javelin_rtti_static	STRUCTURALLY_CONSISTENT		0x14a1d1820	.data	OK	0x14a1d1810	.data	OK	0x1438bb340	.text	OK	0x148233c78	.rdata	OK	0x1438bb2b0	.text	OK	0x1438ea1b0	.text	OK
Javelin::ClientMessages::MountComponentServerFacet_OnDebugDye	6008	javelin_rtti_static	STRUCTURALLY_CONSISTENT		0x14a1d1790	.data	OK	0x14a1d1780	.data	OK	0x1438bb660	.text	OK	0x148233da8	.rdata	OK	0x1438bb540	.text	OK	0x1438e9fb0	.text	OK
Javelin::ClientMessages::MountComponentServerFacet_DebugWritePersistenceToFile	6125	javelin_rtti_static	STRUCTURALLY_CONSISTENT		0x14a1d16e0	.data	OK	0x14a1d16d0	.data	OK	0x1438bba60	.text	OK	0x148233dd8	.rdata	OK	0x1438bb9d0	.text	OK	0x1438e9bb0	.text	OK
Javelin::ClientMessages::MountComponentServerFacet_DebugPopulateMountPersistence	6246	javelin_rtti_static	STRUCTURALLY_CONSISTENT		0x14a1d1630	.data	OK	0x14a1d1620	.data	OK	0x1438bbd50	.text	OK	0x148233f08	.rdata	OK	0x1438bbcc0	.text	OK	0x1438e99b0	.text	OK
Javelin::ClientMessages::MountComponentClientFacet_OnSummonMountCancelled	5752	javelin_rtti_static	STRUCTURALLY_CONSISTENT		0x14a1d1590	.data	OK	0x14a1d1580	.data	OK	0x1438bbed0	.text	OK	0x148233fd8	.rdata	OK	0x1438bbe40	.text	OK	0x1438e8bb0	.text	OK
Javelin::ClientMessages::MountComponentClientFacet_OnSummonMountPending	5747	javelin_rtti_static	STRUCTURALLY_CONSISTENT		0x14a1d14f0	.data	OK	0x14a1d14e0	.data	OK	0x1438bc0a0	.text	OK	0x148234008	.rdata	OK	0x1438bc010	.text	OK	0x1438e8db0	.text	OK
Javelin::ClientMessages::MountComponentClientFacet_UpdateMountedState	5753	javelin_rtti_static	STRUCTURALLY_CONSISTENT		0x14a1d1450	.data	OK	0x14a1d1440	.data	OK	0x1438bc230	.text	OK	0x148234068	.rdata	OK	0x1438bc1a0	.text	OK	0x1438e95b0	.text	OK
Javelin::ClientMessages::MountComponentClientFacet_ScheduleDismount	5816	javelin_rtti_static	STRUCTURALLY_CONSISTENT		0x14a1d13b0	.data	OK	0x14a1d13a0	.data	OK	0x1438bc3d0	.text	OK	0x1482340c8	.rdata	OK	0x1438bc340	.text	OK	0x1438e8fb0	.text	OK
Javelin::ClientMessages::MountComponentClientFacet_CancelScheduledDismount	5812	javelin_rtti_static	STRUCTURALLY_CONSISTENT		0x14a1d1310	.data	OK	0x14a1d1300	.data	OK	0x1438bc480	.text	OK	0x148234128	.rdata	OK	0x1438bc3f0	.text	OK	0x1438e83b0	.text	OK
Javelin::ClientMessages::MountComponentClientFacet_ShowDismountNotification	5937	javelin_rtti_static	STRUCTURALLY_CONSISTENT		0x14a1d1270	.data	OK	0x14a1d1260	.data	OK	0x1438bc840	.text	OK	0x148234218	.rdata	OK	0x1438bc7b0	.text	OK	0x1438e93b0	.text	OK
Javelin::ClientMessages::MountComponentClientFacet_SendMountRenameNotification	5969	javelin_rtti_static	STRUCTURALLY_CONSISTENT		0x14a1d11c0	.data	OK	0x14a1d11b0	.data	OK	0x1438bcc70	.text	OK	0x148234360	.rdata	OK	0x1438bcbe0	.text	OK	0x1438e91b0	.text	OK
Javelin::ClientMessages::MountComponentClientFacet_OnMountTrampleNotification	6731	javelin_rtti_static	STRUCTURALLY_CONSISTENT		0x14a1d1120	.data	OK	0x14a1d1110	.data	OK	0x1438bcf20	.text	OK	0x1482343d8	.rdata	OK	0x1438bce90	.text	OK	0x1438e89b0	.text	OK
Javelin::ClientMessages::MountComponentClientFacet_OnEnableMounts	2749	javelin_rtti_static	STRUCTURALLY_CONSISTENT		0x14a1d1080	.data	OK	0x14a1d1070	.data	OK	0x1438bd4e0	.text	OK	0x1482344f8	.rdata	OK	0x1438bd450	.text	OK	0x1438e87b0	.text	OK
Javelin::ClientMessages::MountComponentClientFacet_OnDebugMaxSpeedChanged	6261	javelin_rtti_static	STRUCTURALLY_CONSISTENT		0x14a1d0fe0	.data	OK	0x14a1d0fd0	.data	OK	0x1438bd770	.text	OK	0x148234570	.rdata	OK	0x1438bd6e0	.text	OK	0x1438e85b0	.text	OK
Javelin::ClientMessages::MusicalPerformanceComponentServerFacet_DEBUG_SetPerformanceState	4883	javelin_rtti_static	STRUCTURALLY_CONSISTENT		0x14a1d42b0	.data	OK	0x14a1d42a0	.data	OK	0x143927800	.text	OK	0x14823f780	.rdata	OK	0x143927770	.text	OK	0x143948ea0	.text	OK
Javelin::ClientMessages::MusicalPerformanceComponentServerFacet_DEBUG_JoinPerformance	4884	javelin_rtti_static	STRUCTURALLY_CONSISTENT		0x14a1d4200	.data	OK	0x14a1d41f0	.data	OK	0x143927db0	.text	OK	0x14823f810	.rdata	OK	0x143927c10	.text	OK	0x143948aa0	.text	OK
Javelin::ClientMessages::MusicalPerformanceComponentServerFacet_DEBUG_SetCurrentReward	5016	javelin_rtti_static	STRUCTURALLY_CONSISTENT		0x14a1d4150	.data	OK	0x14a1d4140	.data	OK	0x143927fd0	.text	OK	0x14823f918	.rdata	OK	0x143927f40	.text	OK	0x143948ca0	.text	OK
Javelin::ClientMessages::MusicalPerformanceComponentServerFacet_DEBUG_EndPerformanceWithRank	5059	javelin_rtti_static	STRUCTURALLY_CONSISTENT		0x14a1d40a0	.data	OK	0x14a1d4090	.data	OK	0x143928150	.text	OK	0x14823f978	.rdata	OK	0x1439280c0	.text	OK	0x1439488a0	.text	OK
Javelin::ClientMessages::MusicalPerformancePlayerComponentClientFacet_PerformanceCreated	4869	javelin_rtti_static	STRUCTURALLY_CONSISTENT		0x14a1d3de0	.data	OK	0x14a1d3dd0	.data	OK	0x14392b6a0	.text	OK	0x148240ab0	.rdata	OK	0x14392b610	.text	OK	0x14394a0a0	.text	OK
Javelin::ClientMessages::MusicalPerformancePlayerComponentClientFacet_FailedAddToPerformance	4863	javelin_rtti_static	STRUCTURALLY_CONSISTENT		0x14a1d3d30	.data	OK	0x14a1d3d20	.data	OK	0x14392b750	.text	OK	0x148240ae0	.rdata	OK	0x14392b6c0	.text	OK	0x1439496a0	.text	OK
Javelin::ClientMessages::MusicalPerformancePlayerComponentClientFacet_FailedPerformanceCreated	4889	javelin_rtti_static	STRUCTURALLY_CONSISTENT		0x14a1d3c70	.data	OK	0x14a1d3c60	.data	OK	0x14392b970	.text	OK	0x148240bf0	.rdata	OK	0x14392b8e0	.text	OK	0x1439498a0	.text	OK
Javelin::ClientMessages::MusicalPerformancePlayerComponentClientFacet_FailedSongSelected	4877	javelin_rtti_static	STRUCTURALLY_CONSISTENT		0x14a1d3bc0	.data	OK	0x14a1d3bb0	.data	OK	0x14392ba90	.text	OK	0x148240c20	.rdata	OK	0x14392ba00	.text	OK	0x143949aa0	.text	OK
Javelin::ClientMessages::MusicalPerformancePlayerComponentClientFacet_FailedStartPerformance	4872	javelin_rtti_static	STRUCTURALLY_CONSISTENT		0x14a1d3b10	.data	OK	0x14a1d3b00	.data	OK	0x143924b30	.text	OK	0x14823e150	.rdata	OK	0x143924aa0	.text	OK	0x143949ea0	.text	OK
Javelin::ClientMessages::MusicalPerformancePlayerComponentClientFacet_FailedSongSheetSelected	4890	javelin_rtti_static	STRUCTURALLY_CONSISTENT		0x14a1d3a60	.data	OK	0x14a1d3a50	.data	OK	0x143924be0	.text	OK	0x14823e180	.rdata	OK	0x143924b50	.text	OK	0x143949ca0	.text	OK
Javelin::ClientMessages::MusicalPerformancePlayerComponentServerFacet_RequestCreatePerformance	4891	javelin_rtti_static	STRUCTURALLY_CONSISTENT		0x14a1d39a0	.data	OK	0x14a1d3990	.data	OK	0x143924d80	.text	OK	0x14823e318	.rdata	OK	0x143924cf0	.text	OK	0x14394a6a0	.text	OK
Javelin::ClientMessages::MusicalPerformancePlayerComponentServerFacet_RequestLeavePerformance	4881	javelin_rtti_static	STRUCTURALLY_CONSISTENT		0x14a1d38f0	.data	OK	0x14a1d38e0	.data	OK	0x143924e30	.text	OK	0x14823e348	.rdata	OK	0x143924da0	.text	OK	0x14394aaa0	.text	OK
Javelin::ClientMessages::MusicalPerformancePlayerComponentServerFacet_RequestAbortCurrentSong	5417	javelin_rtti_static	STRUCTURALLY_CONSISTENT		0x14a1d3840	.data	OK	0x14a1d3830	.data	OK	0x143925010	.text	OK	0x14823e3c8	.rdata	OK	0x143924f80	.text	OK	0x14394a4a0	.text	OK
Javelin::ClientMessages::MusicalPerformancePlayerComponentServerFacet_RequestValidateInput	4892	javelin_rtti_static	STRUCTURALLY_CONSISTENT		0x14a1d3790	.data	OK	0x14a1d3780	.data	OK	0x1439250c0	.text	OK	0x14823e4a0	.rdata	OK	0x143925030	.text	OK	0x14394b6a0	.text	OK
Javelin::ClientMessages::MusicalPerformancePlayerComponentServerFacet_RequestStartPerformance	4865	javelin_rtti_static	STRUCTURALLY_CONSISTENT		0x14a1d36e0	.data	OK	0x14a1d36d0	.data	OK	0x1439253a0	.text	OK	0x14823e570	.rdata	OK	0x143925310	.text	OK	0x14394b4a0	.text	OK
Javelin::ClientMessages::MusicalPerformancePlayerComponentServerFacet_RequestSetCurrentSong	4867	javelin_rtti_static	STRUCTURALLY_CONSISTENT		0x14a1d3630	.data	OK	0x14a1d3620	.data	OK	0x1439255c0	.text	OK	0x14823e658	.rdata	OK	0x143925530	.text	OK	0x14394b0a0	.text	OK
Javelin::ClientMessages::MusicalPerformancePlayerComponentServerFacet_RequestSetCurrentSongSheet	4879	javelin_rtti_static	STRUCTURALLY_CONSISTENT		0x14a1d3570	.data	OK	0x14a1d3560	.data	OK	0x143925780	.text	OK	0x14823e6c8	.rdata	OK	0x1439256f0	.text	OK	0x14394b2a0	.text	OK
Javelin::ClientMessages::MusicalPerformancePlayerComponentServerFacet_RequestSetCurrentReward	5022	javelin_rtti_static	STRUCTURALLY_CONSISTENT		0x14a1d34c0	.data	OK	0x14a1d34b0	.data	OK	0x1439259b0	.text	OK	0x14823e6f8	.rdata	OK	0x143925920	.text	OK	0x14394aea0	.text	OK
Javelin::ClientMessages::MusicalPerformancePlayerComponentServerFacet_RequestSetClientReady	5091	javelin_rtti_static	STRUCTURALLY_CONSISTENT		0x14a1d3410	.data	OK	0x14a1d3400	.data	OK	0x143925c10	.text	OK	0x14823e828	.rdata	OK	0x143925b80	.text	OK	0x14394aca0	.text	OK
Javelin::ClientMessages::MusicalPerformancePlayerComponentServerFacet_RequestEndPostShow	5233	javelin_rtti_static	STRUCTURALLY_CONSISTENT		0x14a1d3360	.data	OK	0x14a1d3350	.data	OK	0x143925cc0	.text	OK	0x14823e858	.rdata	OK	0x143925c30	.text	OK	0x14394a8a0	.text	OK
Javelin::ClientMessages::MusicalPerformancePlayerComponentServerFacet_DEBUG_SetNextPerformanceTime	5062	javelin_rtti_static	STRUCTURALLY_CONSISTENT		0x14a1d32a0	.data	OK	0x14a1d3290	.data	OK	0x143925e70	.text	OK	0x14823e8a0	.rdata	OK	0x143925de0	.text	OK	0x14394a2a0	.text	OK
Javelin::ClientMessages::PathingComponentClientFacet_SyncDebugInfo	841	javelin_rtti_static	STRUCTURALLY_CONSISTENT		0x14a1d6830	.data	OK	0x14a1d6820	.data	OK	0x1439a9af0	.text	OK	0x14824aa30	.rdata	OK	0x1439a9a60	.text	OK	0x1439d1300	.text	OK
Javelin::ClientMessages::PathingComponentClientFacet_SyncPathFollowerInfo	3596	javelin_rtti_static	STRUCTURALLY_CONSISTENT		0x14a1d6790	.data	OK	0x14a1d6780	.data	OK	0x1439a9c90	.text	OK	0x14824aa78	.rdata	OK	0x1439a9c00	.text	OK	0x1439d1500	.text	OK
Javelin::ClientMessages::PathingComponentClientFacet_SyncSteeringDebugInfo	3804	javelin_rtti_static	STRUCTURALLY_CONSISTENT		0x14a1d66f0	.data	OK	0x14a1d66e0	.data	OK	0x1439a9e30	.text	OK	0x14824aaf0	.rdata	OK	0x1439a9da0	.text	OK	0x1439d1700	.text	OK
Javelin::ClientMessages::PathingComponentClientFacet_SyncStuckDetectionAndResolutionConfigInfo	4816	javelin_rtti_static	STRUCTURALLY_CONSISTENT		0x14a1d6630	.data	OK	0x14a1d6620	.data	OK	0x1439a9fd0	.text	OK	0x14824ab68	.rdata	OK	0x1439a9f40	.text	OK	0x1439d1900	.text	OK
Javelin::ClientMessages::PathingComponentClientFacet_SyncStuckDetectionAndResolutionDebugData	4817	javelin_rtti_static	STRUCTURALLY_CONSISTENT		0x14a1d6580	.data	OK	0x14a1d6570	.data	OK	0x1439aa260	.text	OK	0x14824abe0	.rdata	OK	0x1439aa1d0	.text	OK	0x1439d1b00	.text	OK
Javelin::ClientMessages::PathingComponentServerFacet_SetDrawReachabilityRaycast	5196	javelin_rtti_static	STRUCTURALLY_CONSISTENT		0x14a1d64d0	.data	OK	0x14a1d64c0	.data	OK	0x1439aa400	.text	OK	0x14824ac58	.rdata	OK	0x1439aa370	.text	OK	0x1439d2300	.text	OK
Javelin::ClientMessages::PathingComponentServerFacet_RegisterClientForDebug	3807	javelin_rtti_static	STRUCTURALLY_CONSISTENT		0x14a1d6430	.data	OK	0x14a1d6420	.data	OK	0x1439aa560	.text	OK	0x14824acb8	.rdata	OK	0x1439aa4d0	.text	OK	0x1439d1d00	.text	OK
Javelin::ClientMessages::PathingComponentServerFacet_UnregisterClientForDebug	425	javelin_rtti_static	STRUCTURALLY_CONSISTENT		0x14a1d6390	.data	OK	0x14a1d6380	.data	OK	0x1439aa9f0	.text	OK	0x14824ae30	.rdata	OK	0x1439aa960	.text	OK	0x1439d2500	.text	OK
Javelin::ClientMessages::PathingComponentServerFacet_RequestDebugPath	3324	javelin_rtti_static	STRUCTURALLY_CONSISTENT		0x14a1d62f0	.data	OK	0x14a1d62e0	.data	OK	0x1439aacb0	.text	OK	0x14824ae90	.rdata	OK	0x1439aac20	.text	OK	0x1439d2100	.text	OK
Javelin::ClientMessages::PathingComponentServerFacet_RequestDebugCorridorPath	3422	javelin_rtti_static	STRUCTURALLY_CONSISTENT		0x14a1d6250	.data	OK	0x14a1d6240	.data	OK	0x1439aae10	.text	OK	0x14824aef0	.rdata	OK	0x1439aad80	.text	OK	0x1439d1f00	.text	OK
Javelin::ClientMessages::NotificationServiceComponentServerFacet_StartListening	3809	javelin_rtti_static	STRUCTURALLY_CONSISTENT		0x14a1d6110	.data	OK	0x14a1d6100	.data	OK	0x1439b0b90	.text	OK	0x14824c9a0	.rdata	OK	0x1439b0b00	.text	OK	0x1439d0b00	.text	OK
Javelin::ClientMessages::NotificationServiceComponentServerFacet_StopListening	3810	javelin_rtti_static	STRUCTURALLY_CONSISTENT		0x14a1d6060	.data	OK	0x14a1d6050	.data	OK	0x1439b0d30	.text	OK	0x14824ca58	.rdata	OK	0x1439b0ca0	.text	OK	0x1439d0d00	.text	OK
Javelin::ClientMessages::NotificationServiceComponentServerFacet_ClearNotifications	2833	javelin_rtti_static	STRUCTURALLY_CONSISTENT		0x14a1d6bb0	.data	OK	0x14a1d6ba0	.data	OK	0x1439b0de0	.text	OK	0x14824cdc0	.rdata	OK	0x1439b0d50	.text	OK	0x1439d0900	.text	OK
Javelin::ClientMessages::NWTagComponentClientFacet_SyncDebugData	2333	javelin_rtti_static	STRUCTURALLY_CONSISTENT		0x14a1d6a10	.data	OK	0x14a1d6a00	.data	OK	0x1439aad60	.text	OK	0x14824aec0	.rdata	OK	0x1439aacd0	.text	OK	0x1439d0100	.text	OK
Javelin::ClientMessages::NWTagComponentServerFacet_DebugAddTag	5488	javelin_rtti_static	STRUCTURALLY_CONSISTENT		0x14a1d6970	.data	OK	0x14a1d6960	.data	OK	0x1439aaec0	.text	OK	0x14824af20	.rdata	OK	0x1439aae30	.text	OK	0x1439d0300	.text	OK
Javelin::ClientMessages::NWTagComponentServerFacet_DebugRemoveTag	5489	javelin_rtti_static	STRUCTURALLY_CONSISTENT		0x14a1d68d0	.data	OK	0x14a1d68c0	.data	OK	0x1439ab360	.text	OK	0x14824b020	.rdata	OK	0x1439ab2d0	.text	OK	0x1439d0500	.text	OK
Javelin::ClientMessages::ObjectivesComponentServerFacet_AbandonCurrentMission	2637	javelin_rtti_static	STRUCTURALLY_CONSISTENT		0x14a1d9030	.data	OK	0x14a1d9020	.data	OK	0x1439f22e0	.text	OK	0x148254518	.rdata	OK	0x1439f2250	.text	OK	0x143a39160	.text	OK
Javelin::ClientMessages::ObjectivesComponentServerFacet_AbandonSingleObjective	3836	javelin_rtti_static	STRUCTURALLY_CONSISTENT		0x14a1d8f80	.data	OK	0x14a1d8f70	.data	OK	0x1439f2470	.text	OK	0x148254578	.rdata	OK	0x1439f23e0	.text	OK	0x143a39560	.text	OK
Javelin::ClientMessages::ObjectivesComponentServerFacet_AbandonAllRecipes	3837	javelin_rtti_static	STRUCTURALLY_CONSISTENT		0x14a1d8ee0	.data	OK	0x14a1d8ed0	.data	OK	0x1439f2620	.text	OK	0x1482545f0	.rdata	OK	0x1439f2590	.text	OK	0x143a38f60	.text	OK
Javelin::ClientMessages::ObjectivesComponentServerFacet_ResetObjective	5600	javelin_rtti_static	STRUCTURALLY_CONSISTENT		0x14a1d8e40	.data	OK	0x14a1d8e30	.data	OK	0x1439f27a0	.text	OK	0x148254620	.rdata	OK	0x1439f2710	.text	OK	0x143a3c360	.text	OK
Javelin::ClientMessages::ObjectivesComponentServerFacet_NotifyOpenUiScreen	2617	javelin_rtti_static	STRUCTURALLY_CONSISTENT		0x14a1d8da0	.data	OK	0x14a1d8d90	.data	OK	0x1439f2a80	.text	OK	0x148254698	.rdata	OK	0x1439f29f0	.text	OK	0x143a3bf60	.text	OK
Javelin::ClientMessages::ObjectivesComponentServerFacet_RequestShareObjectiveWithGroup	3839	javelin_rtti_static	STRUCTURALLY_CONSISTENT		0x14a1d8cf0	.data	OK	0x14a1d8ce0	.data	OK	0x1439f2ca0	.text	OK	0x148254798	.rdata	OK	0x1439f2c10	.text	OK	0x143a3c160	.text	OK
Javelin::ClientMessages::ObjectivesComponentServerFacet_SetObjectiveAutoPinning	2709	javelin_rtti_static	STRUCTURALLY_CONSISTENT		0x14a1d8c40	.data	OK	0x14a1d8c30	.data	OK	0x1439f2ff0	.text	OK	0x1482548e8	.rdata	OK	0x1439f2f60	.text	OK	0x143a3c560	.text	OK
Javelin::ClientMessages::ObjectivesComponentClientFacet_OnObjectiveWarning	3435	javelin_rtti_static	STRUCTURALLY_CONSISTENT		0x14a1d8ba0	.data	OK	0x14a1d8b90	.data	OK	0x1439e8770	.text	OK	0x148250df0	.rdata	OK	0x1439e86e0	.text	OK	0x143a38960	.text	OK
Javelin::ClientMessages::ObjectivesComponentClientFacet_OnMilestoneCorrection	5407	javelin_rtti_static	STRUCTURALLY_CONSISTENT		0x14a1d8b00	.data	OK	0x14a1d8af0	.data	OK	0x1439e8c50	.text	OK	0x148250e50	.rdata	OK	0x1439e8bc0	.text	OK	0x143a38760	.text	OK
Javelin::ClientMessages::ObjectivesComponentClientFacet_SetObjectiveInstanceDisabled	5684	javelin_rtti_static	STRUCTURALLY_CONSISTENT		0x14a1d8a50	.data	OK	0x14a1d8a40	.data	OK	0x1439e8fe0	.text	OK	0x148251020	.rdata	OK	0x1439e8f50	.text	OK	0x143a38b60	.text	OK
Javelin::ClientMessages::ObjectivesComponentClientFacet_DebugReceiveScheduledObjectiveInformation	6097	javelin_rtti_static	STRUCTURALLY_CONSISTENT		0x14a1d8990	.data	OK	0x14a1d8980	.data	OK	0x1439e91a0	.text	OK	0x148251098	.rdata	OK	0x1439e9110	.text	OK	0x143a38560	.text	OK
Javelin::ClientMessages::ObjectivesComponentServerFacet_DebugSetItemObjectiveCompletion	6129	javelin_rtti_static	STRUCTURALLY_CONSISTENT		0x14a1d88e0	.data	OK	0x14a1d88d0	.data	OK	0x1439e92c0	.text	OK	0x148251598	.rdata	OK	0x1439e9230	.text	OK	0x143a3ab60	.text	OK
Javelin::ClientMessages::ObjectivesComponentServerFacet_DebugResetRepeatableObjectives	6862	javelin_rtti_static	STRUCTURALLY_CONSISTENT		0x14a1d8830	.data	OK	0x14a1d8820	.data	OK	0x1439e9600	.text	OK	0x148251638	.rdata	OK	0x1439e9570	.text	OK	0x143a3a960	.text	OK
Javelin::ClientMessages::ObjectivesComponentServerFacet_AddObjectiveByIDDebug	3295	javelin_rtti_static	STRUCTURALLY_CONSISTENT		0x14a1d8790	.data	OK	0x14a1d8780	.data	OK	0x1439e9a00	.text	OK	0x148251818	.rdata	OK	0x1439e9970	.text	OK	0x143a39960	.text	OK
Javelin::ClientMessages::ObjectivesComponentServerFacet_HandleSpecificQuestItemPersistenceValidation	3841	javelin_rtti_static	STRUCTURALLY_CONSISTENT		0x14a1d86d0	.data	OK	0x14a1d86c0	.data	OK	0x1439e9c70	.text	OK	0x148251930	.rdata	OK	0x1439e9be0	.text	OK	0x143a3bd60	.text	OK
Javelin::ClientMessages::ObjectivesComponentServerFacet_HandleFactionProgressionPersistenceValidation	467	javelin_rtti_static	STRUCTURALLY_CONSISTENT		0x14a1d8610	.data	OK	0x14a1d8600	.data	OK	0x1439ea130	.text	OK	0x148251a80	.rdata	OK	0x1439ea090	.text	OK	0x143a3b960	.text	OK
Javelin::ClientMessages::ObjectivesComponentServerFacet_HandleCampingProgressionPersistenceValidation	4982	javelin_rtti_static	STRUCTURALLY_CONSISTENT		0x14a1d8550	.data	OK	0x14a1d8540	.data	OK	0x1439ea3d0	.text	OK	0x148251bc8	.rdata	OK	0x1439ea340	.text	OK	0x143a3b760	.text	OK
Javelin::ClientMessages::ObjectivesComponentServerFacet_HandleScheduledQuestResetting	6100	javelin_rtti_static	STRUCTURALLY_CONSISTENT		0x14a1d84a0	.data	OK	0x14a1d8490	.data	OK	0x1439ea550	.text	OK	0x148251c28	.rdata	OK	0x1439ea4c0	.text	OK	0x143a3bb60	.text	OK
Javelin::ClientMessages::ObjectivesComponentServerFacet_AddMissionByIDDebug	3842	javelin_rtti_static	STRUCTURALLY_CONSISTENT		0x14a1d8400	.data	OK	0x14a1d83f0	.data	OK	0x1439ea600	.text	OK	0x148251d28	.rdata	OK	0x1439ea570	.text	OK	0x143a39760	.text	OK
Javelin::ClientMessages::ObjectivesComponentServerFacet_UnlockPrerequisitesByIDDebug	3843	javelin_rtti_static	STRUCTURALLY_CONSISTENT		0x14a1d8350	.data	OK	0x14a1d8340	.data	OK	0x1439ea7a0	.text	OK	0x148251f78	.rdata	OK	0x1439ea710	.text	OK	0x143a3c760	.text	OK
Javelin::ClientMessages::ObjectivesComponentServerFacet_CompleteObjectiveDebug	2401	javelin_rtti_static	STRUCTURALLY_CONSISTENT		0x14a1d82a0	.data	OK	0x14a1d8290	.data	OK	0x1439eab50	.text	OK	0x148252228	.rdata	OK	0x1439eaac0	.text	OK	0x143a39d60	.text	OK
Javelin::ClientMessages::ObjectivesComponentServerFacet_CompleteObjectiveTaskDebug	3846	javelin_rtti_static	STRUCTURALLY_CONSISTENT		0x14a1d81f0	.data	OK	0x14a1d81e0	.data	OK	0x1439eaee0	.text	OK	0x148252340	.rdata	OK	0x1439eae50	.text	OK	0x143a39f60	.text	OK
Javelin::ClientMessages::ObjectivesComponentServerFacet_AbandonObjectiveDebug	2921	javelin_rtti_static	STRUCTURALLY_CONSISTENT		0x14a1d8150	.data	OK	0x14a1d8140	.data	OK	0x1439eb210	.text	OK	0x148252470	.rdata	OK	0x1439eb180	.text	OK	0x143a39360	.text	OK
Javelin::ClientMessages::ObjectivesComponentServerFacet_FailObjectiveDebug	3847	javelin_rtti_static	STRUCTURALLY_CONSISTENT		0x14a1d80b0	.data	OK	0x14a1d80a0	.data	OK	0x1439eb340	.text	OK	0x1482524a0	.rdata	OK	0x1439eb2b0	.text	OK	0x143a3b360	.text	OK
Javelin::ClientMessages::ObjectivesComponentServerFacet_ForceCompleteTasksDebug	6650	javelin_rtti_static	STRUCTURALLY_CONSISTENT		0x14a1d8000	.data	OK	0x14a1d7ff0	.data	OK	0x1439eb560	.text	OK	0x148252598	.rdata	OK	0x1439eb4d0	.text	OK	0x143a3b560	.text	OK
Javelin::ClientMessages::ObjectivesComponentServerFacet_DebugClearCompletedObjectives	3849	javelin_rtti_static	STRUCTURALLY_CONSISTENT		0x14a1d7f50	.data	OK	0x14a1d7f40	.data	OK	0x1439eb610	.text	OK	0x1482525c8	.rdata	OK	0x1439eb580	.text	OK	0x143a3a160	.text	OK
Javelin::ClientMessages::ObjectivesComponentServerFacet_DebugValidateAndFixDeprecatedPersistence	3850	javelin_rtti_static	STRUCTURALLY_CONSISTENT		0x14a1d7e90	.data	OK	0x14a1d7e80	.data	OK	0x1439eb720	.text	OK	0x148252600	.rdata	OK	0x1439eb690	.text	OK	0x143a3ad60	.text	OK
Javelin::ClientMessages::ObjectivesComponentServerFacet_DebugDisableReleaseForObjectiveInstanceId	3484	javelin_rtti_static	STRUCTURALLY_CONSISTENT		0x14a1d7dd0	.data	OK	0x14a1d7dc0	.data	OK	0x1439ebbc0	.text	OK	0x148252738	.rdata	OK	0x1439ebb30	.text	OK	0x143a3a360	.text	OK
Javelin::ClientMessages::ObjectivesComponentServerFacet_DebugEnableReleaseForObjectiveInstanceId	1436	javelin_rtti_static	STRUCTURALLY_CONSISTENT		0x14a1d7d10	.data	OK	0x14a1d7d00	.data	OK	0x1439ebe60	.text	OK	0x1482527d8	.rdata	OK	0x1439ebdd0	.text	OK	0x143a3a560	.text	OK
Javelin::ClientMessages::ObjectivesComponentServerFacet_DebugRequestScheduledObjectiveInformation	6101	javelin_rtti_static	STRUCTURALLY_CONSISTENT		0x14a1d7c50	.data	OK	0x14a1d7c40	.data	OK	0x1439ebf10	.text	OK	0x1482528a8	.rdata	OK	0x1439ebe80	.text	OK	0x143a3a760	.text	OK
Javelin::ClientMessages::ObjectivesComponentServerFacet_AddObjectiveFromRecipe	1814	javelin_rtti_static	STRUCTURALLY_CONSISTENT		0x14a1d7ba0	.data	OK	0x14a1d7b90	.data	OK	0x1439ec120	.text	OK	0x148252968	.rdata	OK	0x1439ec090	.text	OK	0x143a39b60	.text	OK
Javelin::ClientMessages::ObjectivesComponentServerFacet_UpdateTrackedObjectives	1458	javelin_rtti_static	STRUCTURALLY_CONSISTENT		0x14a1d7af0	.data	OK	0x14a1d7ae0	.data	OK	0x1439ec510	.text	OK	0x148252aa0	.rdata	OK	0x1439ec480	.text	OK	0x143a3c960	.text	OK
Javelin::ClientMessages::ObjectivesComponentServerFacet_EnteredTerritoryFallback	6733	javelin_rtti_static	STRUCTURALLY_CONSISTENT		0x14a1d7a40	.data	OK	0x14a1d7a30	.data	OK	0x1439ec860	.text	OK	0x148252c08	.rdata	OK	0x1439ec7d0	.text	OK	0x143a3af60	.text	OK
Javelin::ClientMessages::ObjectivesComponentServerFacet_ExitedTerritoryFallback	6734	javelin_rtti_static	STRUCTURALLY_CONSISTENT		0x14a1d7990	.data	OK	0x14a1d7980	.data	OK	0x1439eca40	.text	OK	0x148252c50	.rdata	OK	0x1439ec9b0	.text	OK	0x143a3b160	.text	OK
Javelin::ClientMessages::OwnershipMessageComponentClientFacet_OnOwnershipMessage	1188	javelin_rtti_static	STRUCTURALLY_CONSISTENT		0x14a1dd850	.data	OK	0x14a1dd840	.data	OK	0x143b339a0	.text	OK	0x14827ea10	.rdata	OK	0x143b33910	.text	OK	0x143b40ac0	.text	OK
Javelin::ClientMessages::AIPatrolComponentServerFacet_RegisterClientForDebugOption	3911	javelin_rtti_static	STRUCTURALLY_CONSISTENT		0x14a1de080	.data	OK	0x14a1de070	.data	OK	0x143b49780	.text	OK	0x148281120	.rdata	OK	0x143b496f0	.text	OK	0x143b66900	.text	OK
Javelin::ClientMessages::AIPatrolComponentServerFacet_SetNextWaypoint	3912	javelin_rtti_static	STRUCTURALLY_CONSISTENT		0x14a1ddfe0	.data	OK	0x14a1ddfd0	.data	OK	0x143b49930	.text	OK	0x148281180	.rdata	OK	0x143b498a0	.text	OK	0x143b66b00	.text	OK
Javelin::ClientMessages::AIPatrolComponentClientFacet_SyncAllWaypoints	3914	javelin_rtti_static	STRUCTURALLY_CONSISTENT		0x14a1ddf40	.data	OK	0x14a1ddf30	.data	OK	0x143b49bb0	.text	OK	0x148281210	.rdata	OK	0x143b49b20	.text	OK	0x143b66700	.text	OK
Javelin::ClientMessages::AITargetableComponentClientFacet_OnSelectedAsTarget	2415	javelin_rtti_static	STRUCTURALLY_CONSISTENT		0x14a1de4f0	.data	OK	0x14a1de4e0	.data	OK	0x143b4d9d0	.text	OK	0x1482821b0	.rdata	OK	0x143b4d940	.text	OK	0x143b66f00	.text	OK
Javelin::ClientMessages::AITargetableComponentClientFacet_OnUnSelectedAsTarget	3916	javelin_rtti_static	STRUCTURALLY_CONSISTENT		0x14a1de440	.data	OK	0x14a1de430	.data	OK	0x143b4da80	.text	OK	0x1482821e0	.rdata	OK	0x143b4d9f0	.text	OK	0x143b67100	.text	OK
Javelin::ClientMessages::AITargetableComponentServerFacet_DebugIgnoreCharacter	1389	javelin_rtti_static	STRUCTURALLY_CONSISTENT		0x14a1de390	.data	OK	0x14a1de380	.data	OK	0x143b4db30	.text	OK	0x148282210	.rdata	OK	0x143b4daa0	.text	OK	0x143b67500	.text	OK
Javelin::ClientMessages::AITargetableComponentServerFacet_DebugStopIgnoringCharacter	2572	javelin_rtti_static	STRUCTURALLY_CONSISTENT		0x14a1de2e0	.data	OK	0x14a1de2d0	.data	OK	0x143b4dcb0	.text	OK	0x148282270	.rdata	OK	0x143b4dc20	.text	OK	0x143b67700	.text	OK
Javelin::ClientMessages::AITargetableComponentClientFacet_SyncDebugData	2073	javelin_rtti_static	STRUCTURALLY_CONSISTENT		0x14a1de240	.data	OK	0x14a1de230	.data	OK	0x143b4dfb0	.text	OK	0x1482823a8	.rdata	OK	0x143b4df20	.text	OK	0x143b67300	.text	OK
Javelin::ClientMessages::AITargetCollectorComponentClientFacet_SyncDebugData	3918	javelin_rtti_static	STRUCTURALLY_CONSISTENT		0x14a1de1a0	.data	OK	0x14a1de190	.data	OK	0x143b4aa10	.text	OK	0x148281798	.rdata	OK	0x143b4a980	.text	OK	0x143b66d00	.text	OK
Javelin::ClientMessages::NavMeshDebugComponentServerFacet_ReceiveSamplePathClientRequest	3441	javelin_rtti_static	STRUCTURALLY_CONSISTENT		0x14a1dfd50	.data	OK	0x14a1dfd40	.data	OK	0x143b7aa00	.text	OK	0x148287560	.rdata	OK	0x143b7a970	.text	OK	0x143b9c140	.text	OK
Javelin::ClientMessages::NavMeshDebugComponentServerFacet_ReceiveNavMeshDataClientRequest	3925	javelin_rtti_static	STRUCTURALLY_CONSISTENT		0x14a1dfca0	.data	OK	0x14a1dfc90	.data	OK	0x143b7aca0	.text	OK	0x148287668	.rdata	OK	0x143b7ac10	.text	OK	0x143b9b940	.text	OK
Javelin::ClientMessages::NavMeshDebugComponentServerFacet_ReceiveSaveInputHFRequest	3393	javelin_rtti_static	STRUCTURALLY_CONSISTENT		0x14a1dfbf0	.data	OK	0x14a1dfbe0	.data	OK	0x143b7ad70	.text	OK	0x148287698	.rdata	OK	0x143b7ace0	.text	OK	0x143b9c340	.text	OK
Javelin::ClientMessages::NavMeshDebugComponentServerFacet_SendNavMeshDataResponseToClient	192	javelin_rtti_static	STRUCTURALLY_CONSISTENT		0x14a1dfb40	.data	OK	0x14a1dfb30	.data	OK	0x143b7ae30	.text	OK	0x1482876c8	.rdata	OK	0x143b7ada0	.text	OK	0x143b9cb40	.text	OK
Javelin::ClientMessages::NavMeshDebugComponentServerFacet_DebugRequestTileGen	2582	javelin_rtti_static	STRUCTURALLY_CONSISTENT		0x14a1dfaa0	.data	OK	0x14a1dfa90	.data	OK	0x143b7aee0	.text	OK	0x1482876f8	.rdata	OK	0x143b7ae50	.text	OK	0x143b9b540	.text	OK
Javelin::ClientMessages::NavMeshDebugComponentServerFacet_LogObstaclesInCurrentTile	6699	javelin_rtti_static	STRUCTURALLY_CONSISTENT		0x14a1df9f0	.data	OK	0x14a1df9e0	.data	OK	0x143b7af90	.text	OK	0x148287728	.rdata	OK	0x143b7af00	.text	OK	0x143b9b740	.text	OK
Javelin::ClientMessages::NavMeshDebugComponentServerFacet_RequestQueryManagerDebugStats	2899	javelin_rtti_static	STRUCTURALLY_CONSISTENT		0x14a1df940	.data	OK	0x14a1df930	.data	OK	0x143b7b260	.text	OK	0x148287830	.rdata	OK	0x143b7b1d0	.text	OK	0x143b9c740	.text	OK
Javelin::ClientMessages::NavMeshDebugComponentClientFacet_ReceiveQueryManagerDebugStats	1322	javelin_rtti_static	STRUCTURALLY_CONSISTENT		0x14a1df890	.data	OK	0x14a1df880	.data	OK	0x143b7b310	.text	OK	0x148287860	.rdata	OK	0x143b7b280	.text	OK	0x143b9a940	.text	OK
Javelin::ClientMessages::NavMeshDebugComponentServerFacet_RequestTileManagerDebugStats	1797	javelin_rtti_static	STRUCTURALLY_CONSISTENT		0x14a1df7e0	.data	OK	0x14a1df7d0	.data	OK	0x143b7b450	.text	OK	0x148287890	.rdata	OK	0x143b7b3c0	.text	OK	0x143b9c940	.text	OK
Javelin::ClientMessages::NavMeshDebugComponentServerFacet_ReceiveQueryPolysRequest	1241	javelin_rtti_static	STRUCTURALLY_CONSISTENT		0x14a1df730	.data	OK	0x14a1df720	.data	OK	0x143b7b670	.text	OK	0x148287998	.rdata	OK	0x143b7b5e0	.text	OK	0x143b9bf40	.text	OK
Javelin::ClientMessages::NavMeshDebugComponentServerFacet_ReceiveQueryPathRequest	4948	javelin_rtti_static	STRUCTURALLY_CONSISTENT		0x14a1df680	.data	OK	0x14a1df670	.data	OK	0x143b75230	.text	OK	0x148285ae0	.rdata	OK	0x143b751a0	.text	OK	0x143b9bd40	.text	OK
Javelin::ClientMessages::NavMeshDebugComponentClientFacet_ReceiveTileManagerDebugStats	3926	javelin_rtti_static	STRUCTURALLY_CONSISTENT		0x14a1df5d0	.data	OK	0x14a1df5c0	.data	OK	0x143b75340	.text	OK	0x148285b40	.rdata	OK	0x143b752b0	.text	OK	0x143b9ad40	.text	OK
Javelin::ClientMessages::NavMeshDebugComponentClientFacet_SendServerRequestSamplePath	3927	javelin_rtti_static	STRUCTURALLY_CONSISTENT		0x14a1df520	.data	OK	0x14a1df510	.data	OK	0x143b75450	.text	OK	0x148285ba0	.rdata	OK	0x143b753c0	.text	OK	0x143b9af40	.text	OK
Javelin::ClientMessages::NavMeshDebugComponentClientFacet_ReceiveSamplePathResponseFromServer	3928	javelin_rtti_static	STRUCTURALLY_CONSISTENT		0x14a1df470	.data	OK	0x14a1df460	.data	OK	0x143b75500	.text	OK	0x148285bd0	.rdata	OK	0x143b75470	.text	OK	0x143b9ab40	.text	OK
Javelin::ClientMessages::NavMeshDebugComponentClientFacet_ReceiveNavMeshDataResponseFromServer	3929	javelin_rtti_static	STRUCTURALLY_CONSISTENT		0x14a1df3b0	.data	OK	0x14a1df3a0	.data	OK	0x143b756d0	.text	OK	0x148285c48	.rdata	OK	0x143b75640	.text	OK	0x143b9a740	.text	OK
Javelin::ClientMessages::NavMeshDebugComponentServerFacet_ReceiveQueryManagerDebugStats	1343	javelin_rtti_static	STRUCTURALLY_CONSISTENT		0x14a1df300	.data	OK	0x14a1df2f0	.data	OK	0x143b75860	.text	OK	0x148285c78	.rdata	OK	0x143b757d0	.text	OK	0x143b9bb40	.text	OK
Javelin::ClientMessages::NavMeshDebugComponentServerFacet_ReceiveTileManagerDebugStats	3711	javelin_rtti_static	STRUCTURALLY_CONSISTENT		0x14a1df250	.data	OK	0x14a1df240	.data	OK	0x143b75e10	.text	OK	0x148285e40	.rdata	OK	0x143b75d80	.text	OK	0x143b9c540	.text	OK
Javelin::ClientMessages::NavMeshDebugComponentClientFacet_SyncQueryPolysResultsToClient	975	javelin_rtti_static	STRUCTURALLY_CONSISTENT		0x14a1df1a0	.data	OK	0x14a1df190	.data	OK	0x143b764c0	.text	OK	0x148286030	.rdata	OK	0x143b76430	.text	OK	0x143b9b340	.text	OK
Javelin::ClientMessages::NavMeshDebugComponentClientFacet_SyncQueryPathResultsToClient	4951	javelin_rtti_static	STRUCTURALLY_CONSISTENT		0x14a1df0f0	.data	OK	0x14a1df0e0	.data	OK	0x143b76750	.text	OK	0x1482860c0	.rdata	OK	0x143b766c0	.text	OK	0x143b9b140	.text	OK
Javelin::ClientMessages::POIManagerComponentServerFacet_RegisterClientForDebugSnapshots	3986	javelin_rtti_static	STRUCTURALLY_CONSISTENT		0x14a1e1ae0	.data	OK	0x14a1e1ad0	.data	OK	0x143bc7250	.text	OK	0x14828dab8	.rdata	OK	0x143bc71c0	.text	OK	0x143be6f00	.text	OK
Javelin::ClientMessages::POIManagerComponentServerFacet_UnregisterClientForDebugSnapshots	3987	javelin_rtti_static	STRUCTURALLY_CONSISTENT		0x14a1e1a30	.data	OK	0x14a1e1a20	.data	OK	0x143bc7410	.text	OK	0x14828db00	.rdata	OK	0x143bc7380	.text	OK	0x143be7100	.text	OK
Javelin::ClientMessages::POIManagerComponentClientFacet_ReceiveDebugSnapshot	3257	javelin_rtti_static	STRUCTURALLY_CONSISTENT		0x14a1e1990	.data	OK	0x14a1e1980	.data	OK	0x143bc7b10	.text	OK	0x14828dc48	.rdata	OK	0x143bc7a80	.text	OK	0x143be6d00	.text	OK
Javelin::Spawner::ClientMessages::PointSpawnerComponentServerFacet_ToggleDebugRender	3988	javelin_rtti_static	STRUCTURALLY_CONSISTENT		0x14a1e18e0	.data	OK	0x14a1e18d0	.data	OK	0x143bc83d0	.text	OK	0x14828de00	.rdata	OK	0x143bc8340	.text	OK	0x143be7300	.text	OK
Javelin::ClientMessages::PrefabSpawnerComponentServerFacet_RespawnPrefabClientDebugMsg	3697	javelin_rtti_static	STRUCTURALLY_CONSISTENT		0x14a1e1d70	.data	OK	0x14a1e1d60	.data	OK	0x143bc6980	.text	OK	0x14828d7b0	.rdata	OK	0x143bc68f0	.text	OK	0x143be7900	.text	OK
Javelin::ClientMessages::PrefabSpawnerComponentServerFacet_RequestServerAuthPrefabIdMsg	4769	javelin_rtti_static	STRUCTURALLY_CONSISTENT		0x14a1e1cc0	.data	OK	0x14a1e1cb0	.data	OK	0x143bc6bf0	.text	OK	0x14828d870	.rdata	OK	0x143bc6b60	.text	OK	0x143be7700	.text	OK
Javelin::ClientMessages::PrefabSpawnerComponentClientFacet_RequestServerAuthPrefabIdResponseMsg	4768	javelin_rtti_static	STRUCTURALLY_CONSISTENT		0x14a1e1c00	.data	OK	0x14a1e1bf0	.data	OK	0x143bc6d90	.text	OK	0x14828d8e8	.rdata	OK	0x143bc6d00	.text	OK	0x143be7500	.text	OK
Javelin::Spawner::ClientMessages::SpawnerComponentClientFacet_SyncDebugData	5000	javelin_rtti_static	STRUCTURALLY_CONSISTENT		0x14a1e3000	.data	OK	0x14a1e2ff0	.data	OK	0x143bfb820	.text	OK	0x1482938b0	.rdata	OK	0x143bfb790	.text	OK	0x143c10a80	.text	OK
Javelin::Spawner::ClientMessages::SpawnerComponentServerFacet_DebugSpawn	770	javelin_rtti_static	STRUCTURALLY_CONSISTENT		0x14a1e2f60	.data	OK	0x14a1e2f50	.data	OK	0x143bfb9f0	.text	OK	0x1482938f8	.rdata	OK	0x143bfb960	.text	OK	0x143c11680	.text	OK
Javelin::Spawner::ClientMessages::SpawnerComponentServerFacet_AliasDebugSpawn	2713	javelin_rtti_static	STRUCTURALLY_CONSISTENT		0x14a1e2ec0	.data	OK	0x14a1e2eb0	.data	OK	0x143bfbaa0	.text	OK	0x148293928	.rdata	OK	0x143bfba10	.text	OK	0x143c10e80	.text	OK
Javelin::Spawner::ClientMessages::SpawnerComponentServerFacet_RemoveAllSpawns	612	javelin_rtti_static	STRUCTURALLY_CONSISTENT		0x14a1e2e20	.data	OK	0x14a1e2e10	.data	OK	0x143bfbb50	.text	OK	0x148293980	.rdata	OK	0x143bfbac0	.text	OK	0x143c11a80	.text	OK
Javelin::Spawner::ClientMessages::SpawnerComponentServerFacet_ToggleDebugRender	4003	javelin_rtti_static	STRUCTURALLY_CONSISTENT		0x14a1e2d70	.data	OK	0x14a1e2d60	.data	OK	0x143bfbc00	.text	OK	0x1482939b0	.rdata	OK	0x143bfbb70	.text	OK	0x143c11e80	.text	OK
Javelin::Spawner::ClientMessages::SpawnerComponentServerFacet_DebugEnableSpawner	796	javelin_rtti_static	STRUCTURALLY_CONSISTENT		0x14a1e2cc0	.data	OK	0x14a1e2cb0	.data	OK	0x143bfbcb0	.text	OK	0x1482939e0	.rdata	OK	0x143bfbc20	.text	OK	0x143c11280	.text	OK
Javelin::Spawner::ClientMessages::SpawnerComponentServerFacet_SetGridSpawnLevel	4004	javelin_rtti_static	STRUCTURALLY_CONSISTENT		0x14a1e2c10	.data	OK	0x14a1e2c00	.data	OK	0x143bfbd60	.text	OK	0x148293a10	.rdata	OK	0x143bfbcd0	.text	OK	0x143c11c80	.text	OK
Javelin::Spawner::ClientMessages::SpawnerComponentServerFacet_RefreshSpawners	1254	javelin_rtti_static	STRUCTURALLY_CONSISTENT		0x14a1e2b70	.data	OK	0x14a1e2b60	.data	OK	0x143bfbf80	.text	OK	0x148293b08	.rdata	OK	0x143bfbef0	.text	OK	0x143c11880	.text	OK
Javelin::Spawner::ClientMessages::SpawnerComponentServerFacet_DebugSetSelfAsAILocationRestrictedSpawnData	6820	javelin_rtti_static	STRUCTURALLY_CONSISTENT		0x14a1e2ab0	.data	OK	0x14a1e2aa0	.data	OK	0x143bfc030	.text	OK	0x148293b38	.rdata	OK	0x143bfbfa0	.text	OK	0x143c11480	.text	OK
Javelin::Spawner::ClientMessages::SpawnerComponentServerFacet_DebugDisableAILocationRestrictedSpawning	6821	javelin_rtti_static	STRUCTURALLY_CONSISTENT		0x14a1e29f0	.data	OK	0x14a1e29e0	.data	OK	0x143bfc1e0	.text	OK	0x148293bf8	.rdata	OK	0x143bfc150	.text	OK	0x143c11080	.text	OK
Javelin::Spawner::ClientMessages::AreaSpawnerComponentClientFacet_InitialDebugInfo	4010	javelin_rtti_static	STRUCTURALLY_CONSISTENT		0x14a1e3d70	.data	OK	0x14a1e3d60	.data	OK	0x143c205e0	.text	OK	0x148297a60	.rdata	OK	0x143c20550	.text	OK	0x143c2e4e0	.text	OK
Javelin::Spawner::ClientMessages::AreaSpawnerComponentClientFacet_SyncDebugInfo	2225	javelin_rtti_static	STRUCTURALLY_CONSISTENT		0x14a1e3cc0	.data	OK	0x14a1e3cb0	.data	OK	0x143c20690	.text	OK	0x148297a90	.rdata	OK	0x143c20600	.text	OK	0x143c2e6e0	.text	OK
Javelin::Spawner::ClientMessages::AreaSpawnerComponentServerFacet_RegisterClientForDebug	4012	javelin_rtti_static	STRUCTURALLY_CONSISTENT		0x14a1e3c10	.data	OK	0x14a1e3c00	.data	OK	0x143c20920	.text	OK	0x148297ac0	.rdata	OK	0x143c20890	.text	OK	0x143c2eee0	.text	OK
Javelin::Spawner::ClientMessages::AreaSpawnerComponentServerFacet_UnregisterClientForDebug	2471	javelin_rtti_static	STRUCTURALLY_CONSISTENT		0x14a1e3b60	.data	OK	0x14a1e3b50	.data	OK	0x143c20b40	.text	OK	0x148297bb8	.rdata	OK	0x143c20ab0	.text	OK	0x143c2f2e0	.text	OK
Javelin::Spawner::ClientMessages::AreaSpawnerComponentServerFacet_ToggleDebugRender	4013	javelin_rtti_static	STRUCTURALLY_CONSISTENT		0x14a1e3ab0	.data	OK	0x14a1e3aa0	.data	OK	0x143c1d1b0	.text	OK	0x148296be8	.rdata	OK	0x143c1d120	.text	OK	0x143c2f0e0	.text	OK
Javelin::Spawner::ClientMessages::AreaSpawnerComponentServerFacet_DebugUpdateLiveCount	4014	javelin_rtti_static	STRUCTURALLY_CONSISTENT		0x14a1e3a00	.data	OK	0x14a1e39f0	.data	OK	0x143c1d260	.text	OK	0x148296c18	.rdata	OK	0x143c1d1d0	.text	OK	0x143c2eae0	.text	OK
Javelin::Spawner::ClientMessages::AreaSpawnerComponentServerFacet_DebugUpdateRespawnTime	1381	javelin_rtti_static	STRUCTURALLY_CONSISTENT		0x14a1e3950	.data	OK	0x14a1e3940	.data	OK	0x143c1d310	.text	OK	0x148296c48	.rdata	OK	0x143c1d280	.text	OK	0x143c2ece0	.text	OK
Javelin::Spawner::ClientMessages::AreaSpawnerComponentServerFacet_DebugResetRespawnTime	4015	javelin_rtti_static	STRUCTURALLY_CONSISTENT		0x14a1e38a0	.data	OK	0x14a1e3890	.data	OK	0x143c1d3c0	.text	OK	0x148296c78	.rdata	OK	0x143c1d330	.text	OK	0x143c2e8e0	.text	OK
Javelin::Spawner::ClientMessages::PointLocationComponentClientFacet_SyncDebugData	5608	javelin_rtti_static	STRUCTURALLY_CONSISTENT		0x14a1e60f0	.data	OK	0x14a1e60e0	.data	OK	0x143c74e30	.text	OK	0x1482a2878	.rdata	OK	0x143c74da0	.text	OK	0x143c86ed0	.text	OK
Javelin::ClientMessages::GraphBasedSpawnNodeComponentClientFacet_SyncDebugData	7010	javelin_rtti_static	STRUCTURALLY_CONSISTENT		0x14a1e6ea0	.data	OK	0x14a1e6e90	.data	OK	0x143c918e0	.text	OK	0x1482a7050	.rdata	OK	0x143c91850	.text	OK	0x143cb57a0	.text	OK
Javelin::ClientMessages::CategoricalProgressionComponentServerFacet_DebugClearCategoricalProgression	2161	javelin_rtti_static	STRUCTURALLY_CONSISTENT		0x14a1e7970	.data	OK	0x14a1e7960	.data	OK	0x143c8eae0	.text	OK	0x1482a62b8	.rdata	OK	0x143c8ea50	.text	OK	0x143cb39a0	.text	OK
Javelin::ClientMessages::CategoricalProgressionComponentServerFacet_DebugModifyProgression	4032	javelin_rtti_static	STRUCTURALLY_CONSISTENT		0x14a1e78c0	.data	OK	0x14a1e78b0	.data	OK	0x143c8eb90	.text	OK	0x1482a62e8	.rdata	OK	0x143c8eb00	.text	OK	0x143cb4da0	.text	OK
Javelin::ClientMessages::CategoricalProgressionComponentServerFacet_DebugPurchaseRankIncrease	2996	javelin_rtti_static	STRUCTURALLY_CONSISTENT		0x14a1e7810	.data	OK	0x14a1e7800	.data	OK	0x143c8ec40	.text	OK	0x1482a6340	.rdata	OK	0x143c8ebb0	.text	OK	0x143cb4fa0	.text	OK
Javelin::ClientMessages::CategoricalProgressionComponentServerFacet_DebugSetProgressionRank	43	javelin_rtti_static	STRUCTURALLY_CONSISTENT		0x14a1e7760	.data	OK	0x14a1e7750	.data	OK	0x143c8eeb0	.text	OK	0x1482a63e0	.rdata	OK	0x143c8ee20	.text	OK	0x143cb51a0	.text	OK
Javelin::ClientMessages::CategoricalProgressionComponentServerFacet_DebugMaxTradeskills	2981	javelin_rtti_static	STRUCTURALLY_CONSISTENT		0x14a1e76b0	.data	OK	0x14a1e76a0	.data	OK	0x143c8f330	.text	OK	0x1482a64f0	.rdata	OK	0x143c8f2a0	.text	OK	0x143cb49a0	.text	OK
Javelin::ClientMessages::CategoricalProgressionComponentServerFacet_DebugMaxTerritoryStanding	4033	javelin_rtti_static	STRUCTURALLY_CONSISTENT		0x14a1e7600	.data	OK	0x14a1e75f0	.data	OK	0x143c8f3e0	.text	OK	0x1482a6590	.rdata	OK	0x143c8f350	.text	OK	0x143cb47a0	.text	OK
Javelin::ClientMessages::CategoricalProgressionComponentServerFacet_DebugMaxWeaponMastery	4034	javelin_rtti_static	STRUCTURALLY_CONSISTENT		0x14a1e7550	.data	OK	0x14a1e7540	.data	OK	0x143c8f690	.text	OK	0x1482a6668	.rdata	OK	0x143c8f600	.text	OK	0x143cb4ba0	.text	OK
Javelin::ClientMessages::CategoricalProgressionComponentServerFacet_DebugMaxFactionStanding	3344	javelin_rtti_static	STRUCTURALLY_CONSISTENT		0x14a1e74a0	.data	OK	0x14a1e7490	.data	OK	0x143c8f8b0	.text	OK	0x1482a6728	.rdata	OK	0x143c8f820	.text	OK	0x143cb41a0	.text	OK
Javelin::ClientMessages::CategoricalProgressionComponentServerFacet_DebugMaxAllFactionStanding	5297	javelin_rtti_static	STRUCTURALLY_CONSISTENT		0x14a1e73e0	.data	OK	0x14a1e73d0	.data	OK	0x143c8f960	.text	OK	0x1482a6758	.rdata	OK	0x143c8f8d0	.text	OK	0x143cb3da0	.text	OK
Javelin::ClientMessages::CategoricalProgressionComponentServerFacet_DebugMaxRepairParts	2158	javelin_rtti_static	STRUCTURALLY_CONSISTENT		0x14a1e7330	.data	OK	0x14a1e7320	.data	OK	0x143c8fa10	.text	OK	0x1482a6788	.rdata	OK	0x143c8f980	.text	OK	0x143cb45a0	.text	OK
Javelin::ClientMessages::CategoricalProgressionComponentServerFacet_DebugMaxAllProgression	4035	javelin_rtti_static	STRUCTURALLY_CONSISTENT		0x14a1e7280	.data	OK	0x14a1e7270	.data	OK	0x143c8fc90	.text	OK	0x1482a6828	.rdata	OK	0x143c8fc00	.text	OK	0x143cb3fa0	.text	OK
Javelin::ClientMessages::CategoricalProgressionComponentServerFacet_DebugClearProgression	5370	javelin_rtti_static	STRUCTURALLY_CONSISTENT		0x14a1e71d0	.data	OK	0x14a1e71c0	.data	OK	0x143c8fd50	.text	OK	0x1482a68d0	.rdata	OK	0x143c8fcc0	.text	OK	0x143cb3ba0	.text	OK
Javelin::ClientMessages::CategoricalProgressionComponentServerFacet_DebugMaxOrClearAffinityProgressions	6952	javelin_rtti_static	STRUCTURALLY_CONSISTENT		0x14a1e7110	.data	OK	0x14a1e7100	.data	OK	0x143c8fed0	.text	OK	0x1482a6930	.rdata	OK	0x143c8fe40	.text	OK	0x143cb43a0	.text	OK
Javelin::ClientMessages::CategoricalProgressionComponentServerFacet_DebugWritePersistenceToFile	6080	javelin_rtti_static	STRUCTURALLY_CONSISTENT		0x14a1e7050	.data	OK	0x14a1e7040	.data	OK	0x143c90240	.text	OK	0x1482a6a68	.rdata	OK	0x143c901a0	.text	OK	0x143cb53a0	.text	OK
Javelin::ClientMessages::ProgressionComponentServerFacet_Debug_ModifyExp	2855	javelin_rtti_static	STRUCTURALLY_CONSISTENT		0x14a1e9260	.data	OK	0x14a1e9250	.data	OK	0x143cca9c0	.text	OK	0x1482ab9c8	.rdata	OK	0x143cca930	.text	OK	0x143ceec40	.text	OK
Javelin::ClientMessages::ProgressionComponentServerFacet_Debug_SetPlayerLevel	3342	javelin_rtti_static	STRUCTURALLY_CONSISTENT		0x14a1e91c0	.data	OK	0x14a1e91b0	.data	OK	0x143ccaa70	.text	OK	0x1482ab9f8	.rdata	OK	0x143cca9e0	.text	OK	0x143ceee40	.text	OK
Javelin::ClientMessages::ProgressionComponentServerFacet_Debug_ClearExperience	4037	javelin_rtti_static	STRUCTURALLY_CONSISTENT		0x14a1e9110	.data	OK	0x14a1e9100	.data	OK	0x143ccac40	.text	OK	0x1482abaa0	.rdata	OK	0x143ccabb0	.text	OK	0x143cee840	.text	OK
Javelin::ClientMessages::ProgressionComponentServerFacet_Debug_ClearRestedExp	392	javelin_rtti_static	STRUCTURALLY_CONSISTENT		0x14a1e9070	.data	OK	0x14a1e9060	.data	OK	0x143ccaf80	.text	OK	0x1482abb90	.rdata	OK	0x143ccaef0	.text	OK	0x143ceea40	.text	OK
Javelin::ClientMessages::ProgressionComponentServerFacet_ComputeRestedExp	1047	javelin_rtti_static	STRUCTURALLY_CONSISTENT		0x14a1e8fd0	.data	OK	0x14a1e8fc0	.data	OK	0x143ccb1d0	.text	OK	0x1482abc38	.rdata	OK	0x143ccb140	.text	OK	0x143cee640	.text	OK
Javelin::ClientMessages::ProgressionPointComponentServerFacet_DebugRefundAllPoolPoints	33	javelin_rtti_static	STRUCTURALLY_CONSISTENT		0x14a1e8ea0	.data	OK	0x14a1e8e90	.data	OK	0x143ccdac0	.text	OK	0x1482aca90	.rdata	OK	0x143ccda30	.text	OK	0x143cef840	.text	OK
Javelin::ClientMessages::ProgressionPointComponentServerFacet_DebugAddPoolPoints	1490	javelin_rtti_static	STRUCTURALLY_CONSISTENT		0x14a1e8df0	.data	OK	0x14a1e8de0	.data	OK	0x143ccdc70	.text	OK	0x1482acaf0	.rdata	OK	0x143ccdbe0	.text	OK	0x143cef240	.text	OK
Javelin::ClientMessages::ProgressionPointComponentServerFacet_DebugAddPoints	3520	javelin_rtti_static	STRUCTURALLY_CONSISTENT		0x14a1e8d50	.data	OK	0x14a1e8d40	.data	OK	0x143ccddc0	.text	OK	0x1482acb50	.rdata	OK	0x143ccdd30	.text	OK	0x143cef040	.text	OK
Javelin::ClientMessages::ProgressionPointComponentServerFacet_DebugAssignPoolPoints	593	javelin_rtti_static	STRUCTURALLY_CONSISTENT		0x14a1e8ca0	.data	OK	0x14a1e8c90	.data	OK	0x143ccdf40	.text	OK	0x1482acbb0	.rdata	OK	0x143ccdeb0	.text	OK	0x143cef440	.text	OK
Javelin::ClientMessages::ProgressionPointComponentServerFacet_DebugRefundPoints	4038	javelin_rtti_static	STRUCTURALLY_CONSISTENT		0x14a1e8bf0	.data	OK	0x14a1e8be0	.data	OK	0x143cc75d0	.text	OK	0x1482aa898	.rdata	OK	0x143cc74d0	.text	OK	0x143cefa40	.text	OK
Javelin::ClientMessages::ProgressionPointComponentServerFacet_DebugClearPointsAndPools	4039	javelin_rtti_static	STRUCTURALLY_CONSISTENT		0x14a1e8b40	.data	OK	0x14a1e8b30	.data	OK	0x143cc78d0	.text	OK	0x1482aa9a0	.rdata	OK	0x143cc7840	.text	OK	0x143cef640	.text	OK
Javelin::ClientMessages::ProgressionPointComponentServerFacet_RequestRefundPoints	1914	javelin_rtti_static	STRUCTURALLY_CONSISTENT		0x14a1e8a90	.data	OK	0x14a1e8a80	.data	OK	0x143cc7980	.text	OK	0x1482aa9d0	.rdata	OK	0x143cc78f0	.text	OK	0x143cefe40	.text	OK
Javelin::ClientMessages::ProgressionPointComponentServerFacet_RequestAssignPoolPoints	1112	javelin_rtti_static	STRUCTURALLY_CONSISTENT		0x14a1e89e0	.data	OK	0x14a1e89d0	.data	OK	0x143cc7a30	.text	OK	0x1482aaa00	.rdata	OK	0x143cc79a0	.text	OK	0x143cefc40	.text	OK
Javelin::ClientMessages::ProgressionPointComponentServerFacet_RequestSpendTerritoryStandingPoint	4040	javelin_rtti_static	STRUCTURALLY_CONSISTENT		0x14a1e8920	.data	OK	0x14a1e8910	.data	OK	0x143cc7ae0	.text	OK	0x1482aaa30	.rdata	OK	0x143cc7a50	.text	OK	0x143cf0040	.text	OK
Javelin::ClientMessages::PlayerQuickCourseComponentClientFacet_OnQuickCourseEnded	6065	javelin_rtti_static	STRUCTURALLY_CONSISTENT		0x14a1e87f0	.data	OK	0x14a1e87e0	.data	OK	0x143ccab20	.text	OK	0x1482aba28	.rdata	OK	0x143ccaa90	.text	OK	0x143ced640	.text	OK
Javelin::ClientMessages::PlayerQuickCourseComponentClientFacet_OnSecondTimedQuickCourseAttempted	6081	javelin_rtti_static	STRUCTURALLY_CONSISTENT		0x14a1e8730	.data	OK	0x14a1e8720	.data	OK	0x143ccacf0	.text	OK	0x1482abad0	.rdata	OK	0x143ccac60	.text	OK	0x143ced840	.text	OK
Javelin::ClientMessages::PlayerQuickCourseComponentClientFacet_OnTeleportRequestDeclined	6290	javelin_rtti_static	STRUCTURALLY_CONSISTENT		0x14a1e8680	.data	OK	0x14a1e8670	.data	OK	0x143ccb070	.text	OK	0x1482abbc0	.rdata	OK	0x143ccafe0	.text	OK	0x143ceda40	.text	OK
Javelin::ClientMessages::PlayerQuickCourseComponentServerFacet_ClientRequestTeleportToQuickCourseStart	6308	javelin_rtti_static	STRUCTURALLY_CONSISTENT		0x14a1e85c0	.data	OK	0x14a1e85b0	.data	OK	0x143ccb2f0	.text	OK	0x1482abc68	.rdata	OK	0x143ccb260	.text	OK	0x143cee040	.text	OK
Javelin::ClientMessages::PlayerQuickCourseComponentServerFacet_ClientCancelOrCompleteTeleportToQuickCourseStart	6309	javelin_rtti_static	STRUCTURALLY_CONSISTENT		0x14a1e84f0	.data	OK	0x14a1e84e0	.data	OK	0x143ccb650	.text	OK	0x1482abd20	.rdata	OK	0x143ccb5c0	.text	OK	0x143cede40	.text	OK
Javelin::ClientMessages::PlayerQuickCourseComponentServerFacet_DebugRequestForceProgression	6104	javelin_rtti_static	STRUCTURALLY_CONSISTENT		0x14a1e8440	.data	OK	0x14a1e8430	.data	OK	0x143ccb870	.text	OK	0x1482abea8	.rdata	OK	0x143ccb7e0	.text	OK	0x143cee240	.text	OK
Javelin::ClientMessages::RaidSetupComponentClientFacet_OnReceivedRaidIDs	4041	javelin_rtti_static	STRUCTURALLY_CONSISTENT		0x14a1e9fd0	.data	OK	0x14a1e9fc0	.data	OK	0x143d088d0	.text	OK	0x1482b0f18	.rdata	OK	0x143d08840	.text	OK	0x143d52610	.text	OK
Javelin::ClientMessages::RaidSetupComponentServerFacet_DEBUG_ClearLists	4055	javelin_rtti_static	STRUCTURALLY_CONSISTENT		0x14a1e9f30	.data	OK	0x14a1e9f20	.data	OK	0x143d08980	.text	OK	0x1482b0f48	.rdata	OK	0x143d088f0	.text	OK	0x143d52810	.text	OK
Javelin::ClientMessages::RaidSetupComponentServerFacet_DEBUG_SendInvites	4056	javelin_rtti_static	STRUCTURALLY_CONSISTENT		0x14a1e9e90	.data	OK	0x14a1e9e80	.data	OK	0x143d08c10	.text	OK	0x1482b0fa8	.rdata	OK	0x143d08b80	.text	OK	0x143d52c10	.text	OK
Javelin::ClientMessages::RaidSetupComponentServerFacet_DEBUG_GetRaidIDs	1393	javelin_rtti_static	STRUCTURALLY_CONSISTENT		0x14a1e9df0	.data	OK	0x14a1e9de0	.data	OK	0x143d08cc0	.text	OK	0x1482b0fd8	.rdata	OK	0x143d08c30	.text	OK	0x143d52a10	.text	OK
Javelin::ClientMessages::SeasonsRewardsComponentServerFacet_ActivitiesRequestNewCard	5647	javelin_rtti_static	STRUCTURALLY_CONSISTENT		0x14a1ebc60	.data	OK	0x14a1ebc50	.data	OK	0x143d6f9c0	.text	OK	0x1482b5f90	.rdata	OK	0x143d6f930	.text	OK	0x143d83a40	.text	OK
Javelin::ClientMessages::SeasonsRewardsComponentServerFacet_ActivitiesRequestStampSquare	5645	javelin_rtti_static	STRUCTURALLY_CONSISTENT		0x14a1ebbb0	.data	OK	0x14a1ebba0	.data	OK	0x143d6fa70	.text	OK	0x1482b5fc0	.rdata	OK	0x143d6f9e0	.text	OK	0x143d84040	.text	OK
Javelin::ClientMessages::SeasonsRewardsComponentServerFacet_ActivitiesRequestReroll	5648	javelin_rtti_static	STRUCTURALLY_CONSISTENT		0x14a1ebb00	.data	OK	0x14a1ebaf0	.data	OK	0x143d6fb90	.text	OK	0x1482b5ff0	.rdata	OK	0x143d6fb00	.text	OK	0x143d83e40	.text	OK
Javelin::ClientMessages::SeasonsRewardsComponentServerFacet_ActivitiesRequestNewCardDEBUG	5586	javelin_rtti_static	STRUCTURALLY_CONSISTENT		0x14a1eba50	.data	OK	0x14a1eba40	.data	OK	0x143d6fdb0	.text	OK	0x1482b60f8	.rdata	OK	0x143d6fd20	.text	OK	0x143d83c40	.text	OK
Javelin::ClientMessages::SeasonsRewardsComponentServerFacet_ActivitiesRequestStampSquareDEBUG	5587	javelin_rtti_static	STRUCTURALLY_CONSISTENT		0x14a1eb9a0	.data	OK	0x14a1eb990	.data	OK	0x143d6fe60	.text	OK	0x1482b6128	.rdata	OK	0x143d6fdd0	.text	OK	0x143d84240	.text	OK
Javelin::ClientMessages::SeasonsRewardsComponentServerFacet_ActivitiesRerollTasksDEBUG	5630	javelin_rtti_static	STRUCTURALLY_CONSISTENT		0x14a1eb8f0	.data	OK	0x14a1eb8e0	.data	OK	0x143d6ff10	.text	OK	0x1482b6158	.rdata	OK	0x143d6fe80	.text	OK	0x143d84440	.text	OK
Javelin::ClientMessages::SeasonsRewardsComponentServerFacet_ActivitiesRerollTasksForFreeDEBUG	5707	javelin_rtti_static	STRUCTURALLY_CONSISTENT		0x14a1eb840	.data	OK	0x14a1eb830	.data	OK	0x143d6ffc0	.text	OK	0x1482b6188	.rdata	OK	0x143d6ff30	.text	OK	0x143d84640	.text	OK
Javelin::ClientMessages::SeasonsRewardsComponentServerFacet_ActivitiesResetPersistenceDEBUG	5668	javelin_rtti_static	STRUCTURALLY_CONSISTENT		0x14a1eb790	.data	OK	0x14a1eb780	.data	OK	0x143d70070	.text	OK	0x1482b61b8	.rdata	OK	0x143d6ffe0	.text	OK	0x143d84840	.text	OK
Javelin::ClientMessages::SeasonsRewardsComponentServerFacet_ActivitiesAddWildStampsDEBUG	6091	javelin_rtti_static	STRUCTURALLY_CONSISTENT		0x14a1eb6e0	.data	OK	0x14a1eb6d0	.data	OK	0x143d70120	.text	OK	0x1482b61e8	.rdata	OK	0x143d70090	.text	OK	0x143d83840	.text	OK
Javelin::ClientMessages::SeasonsRewardsComponentServerFacet_ActivitiesResetWildStampsDEBUG	6092	javelin_rtti_static	STRUCTURALLY_CONSISTENT		0x14a1eb630	.data	OK	0x14a1eb620	.data	OK	0x143d70220	.text	OK	0x1482b6218	.rdata	OK	0x143d70190	.text	OK	0x143d84a40	.text	OK
Javelin::ClientMessages::SeasonsRewardsComponentServerFacet_ActivitiesSetWildStampRolloverDEBUG	6089	javelin_rtti_static	STRUCTURALLY_CONSISTENT		0x14a1eb570	.data	OK	0x14a1eb560	.data	OK	0x143d70440	.text	OK	0x1482b63f0	.rdata	OK	0x143d703b0	.text	OK	0x143d84c40	.text	OK
Javelin::ClientMessages::SeasonsRewardsComponentClientFacet_OnActivitiesStampResponse	5686	javelin_rtti_static	STRUCTURALLY_CONSISTENT		0x14a1eb4c0	.data	OK	0x14a1eb4b0	.data	OK	0x143d704f0	.text	OK	0x1482b6420	.rdata	OK	0x143d70460	.text	OK	0x143d83640	.text	OK
Javelin::ClientMessages::SeasonsRewardsComponentClientFacet_OnActivitiesNewCardResponse	5687	javelin_rtti_static	STRUCTURALLY_CONSISTENT		0x14a1eb410	.data	OK	0x14a1eb400	.data	OK	0x143d705a0	.text	OK	0x1482b6450	.rdata	OK	0x143d70510	.text	OK	0x143d83240	.text	OK
Javelin::ClientMessages::SeasonsRewardsComponentClientFacet_OnActivitiesRerollResponse	5688	javelin_rtti_static	STRUCTURALLY_CONSISTENT		0x14a1eb360	.data	OK	0x14a1eb350	.data	OK	0x143d70820	.text	OK	0x1482b6480	.rdata	OK	0x143d70790	.text	OK	0x143d83440	.text	OK
Javelin::ClientMessages::SeasonsRewardsComponentClientFacet_OnLevelPurchased	5708	javelin_rtti_static	STRUCTURALLY_CONSISTENT		0x14a1ec210	.data	OK	0x14a1ec200	.data	OK	0x143d900f0	.text	OK	0x1482b8d30	.rdata	OK	0x143d90060	.text	OK	0x143db2e60	.text	OK
Javelin::ClientMessages::SeasonsRewardsComponentServerFacet_DEBUG_RequestAddSeasonsXP	5984	javelin_rtti_static	STRUCTURALLY_CONSISTENT		0x14a1ec160	.data	OK	0x14a1ec150	.data	OK	0x143d90270	.text	OK	0x1482b8db8	.rdata	OK	0x143d901e0	.text	OK	0x143db4e60	.text	OK
Javelin::ClientMessages::SeasonsRewardsComponentServerFacet_RequestRedeemSeasonsReward	5611	javelin_rtti_static	STRUCTURALLY_CONSISTENT		0x14a1ed4b0	.data	OK	0x14a1ed4a0	.data	OK	0x143d91620	.text	OK	0x1482b97d0	.rdata	OK	0x143d91590	.text	OK	0x143db6060	.text	OK
Javelin::ClientMessages::SeasonsRewardsComponentServerFacet_DEBUG_ResetAllTrackedStats	5674	javelin_rtti_static	STRUCTURALLY_CONSISTENT		0x14a1ed400	.data	OK	0x14a1ed3f0	.data	OK	0x143d91910	.text	OK	0x1482b9908	.rdata	OK	0x143d91880	.text	OK	0x143db5a60	.text	OK
Javelin::ClientMessages::SeasonsRewardsComponentServerFacet_DEBUG_RequestPurchaseLevel	5704	javelin_rtti_static	STRUCTURALLY_CONSISTENT		0x14a1ed350	.data	OK	0x14a1ed340	.data	OK	0x143d91c10	.text	OK	0x1482b99f8	.rdata	OK	0x143d91b80	.text	OK	0x143db5260	.text	OK
Javelin::ClientMessages::SeasonsRewardsComponentServerFacet_DEBUG_RequestBuyPremium	5705	javelin_rtti_static	STRUCTURALLY_CONSISTENT		0x14a1ed2a0	.data	OK	0x14a1ed290	.data	OK	0x143d91e60	.text	OK	0x1482b9ae8	.rdata	OK	0x143d91dd0	.text	OK	0x143db5060	.text	OK
Javelin::ClientMessages::SeasonsRewardsComponentServerFacet_DEBUG_RequestUpdateAccountXp	5711	javelin_rtti_static	STRUCTURALLY_CONSISTENT		0x14a1ed1f0	.data	OK	0x14a1ed1e0	.data	OK	0x143d91fe0	.text	OK	0x1482b9b18	.rdata	OK	0x143d91f50	.text	OK	0x143db5860	.text	OK
Javelin::ClientMessages::SeasonsRewardsComponentServerFacet_DEBUG_ResetSeasonsPersistence	5724	javelin_rtti_static	STRUCTURALLY_CONSISTENT		0x14a1ed140	.data	OK	0x14a1ed130	.data	OK	0x143d920e0	.text	OK	0x1482b9b70	.rdata	OK	0x143d92050	.text	OK	0x143db5e60	.text	OK
Javelin::ClientMessages::SeasonsRewardsComponentServerFacet_DEBUG_RequestSeasonsReport	5864	javelin_rtti_static	STRUCTURALLY_CONSISTENT		0x14a1ed090	.data	OK	0x14a1ed080	.data	OK	0x143d92560	.text	OK	0x1482b9da0	.rdata	OK	0x143d924d0	.text	OK	0x143db5660	.text	OK
Javelin::ClientMessages::SeasonsRewardsComponentServerFacet_DEBUG_IMGUICrashEntitlementInit	5995	javelin_rtti_static	STRUCTURALLY_CONSISTENT		0x14a1ecfe0	.data	OK	0x14a1ecfd0	.data	OK	0x143d92700	.text	OK	0x1482b9de8	.rdata	OK	0x143d92670	.text	OK	0x143db4460	.text	OK
Javelin::ClientMessages::SeasonsRewardsComponentServerFacet_DEBUG_IMGUICrashEntitlementConfirm	5994	javelin_rtti_static	STRUCTURALLY_CONSISTENT		0x14a1ecf20	.data	OK	0x14a1ecf10	.data	OK	0x143d92890	.text	OK	0x1482b9e18	.rdata	OK	0x143d92800	.text	OK	0x143db4260	.text	OK
Javelin::ClientMessages::SeasonsRewardsComponentServerFacet_DEBUG_IMGUICrashTransactionPrepare	5996	javelin_rtti_static	STRUCTURALLY_CONSISTENT		0x14a1ece60	.data	OK	0x14a1ece50	.data	OK	0x143d92b30	.text	OK	0x1482b9f38	.rdata	OK	0x143d92aa0	.text	OK	0x143db4a60	.text	OK
Javelin::ClientMessages::SeasonsRewardsComponentServerFacet_DEBUG_IMGUICrashTransactionCommit	5997	javelin_rtti_static	STRUCTURALLY_CONSISTENT		0x14a1ecdb0	.data	OK	0x14a1ecda0	.data	OK	0x143d92d50	.text	OK	0x1482ba038	.rdata	OK	0x143d92cc0	.text	OK	0x143db4860	.text	OK
Javelin::ClientMessages::SeasonsRewardsComponentServerFacet_DEBUG_IMGUIAlwaysAbortTransaction	6023	javelin_rtti_static	STRUCTURALLY_CONSISTENT		0x14a1ecd00	.data	OK	0x14a1eccf0	.data	OK	0x143d92ef0	.text	OK	0x1482ba080	.rdata	OK	0x143d92e60	.text	OK	0x143db3e60	.text	OK
Javelin::ClientMessages::SeasonsRewardsComponentServerFacet_DEBUG_IMGUICrashPrepareSocialBroker	6050	javelin_rtti_static	STRUCTURALLY_CONSISTENT		0x14a1ecc40	.data	OK	0x14a1ecc30	.data	OK	0x143d92fa0	.text	OK	0x1482ba0b0	.rdata	OK	0x143d92f10	.text	OK	0x143db4660	.text	OK
Javelin::ClientMessages::SeasonsRewardsComponentServerFacet_DEBUG_IMGUICrashCommitSocialBroker	6047	javelin_rtti_static	STRUCTURALLY_CONSISTENT		0x14a1ecb80	.data	OK	0x14a1ecb70	.data	OK	0x143d93530	.text	OK	0x1482ba310	.rdata	OK	0x143d934a0	.text	OK	0x143db4060	.text	OK
Javelin::ClientMessages::SeasonsRewardsComponentServerFacet_DEBUG_IMGUISetEscrowBit	6320	javelin_rtti_static	STRUCTURALLY_CONSISTENT		0x14a1ecad0	.data	OK	0x14a1ecac0	.data	OK	0x143d935e0	.text	OK	0x1482ba340	.rdata	OK	0x143d93550	.text	OK	0x143db4c60	.text	OK
Javelin::ClientMessages::SeasonsRewardsComponentClientFacet_DEBUG_OnRequestUpdateAccountXp	5714	javelin_rtti_static	STRUCTURALLY_CONSISTENT		0x14a1eca20	.data	OK	0x14a1eca10	.data	OK	0x143d936b0	.text	OK	0x1482ba370	.rdata	OK	0x143d93620	.text	OK	0x143db2c60	.text	OK
Javelin::ClientMessages::SeasonsRewardsComponentServerFacet_DEBUG_RequestResetFirstCharacterConnectTime	6669	javelin_rtti_static	STRUCTURALLY_CONSISTENT		0x14a1ec960	.data	OK	0x14a1ec950	.data	OK	0x143d938b0	.text	OK	0x1482ba478	.rdata	OK	0x143d93820	.text	OK	0x143db5460	.text	OK
Javelin::ClientMessages::SeasonsRewardsComponentClientFacet_OnRedeemSeasonsRewardResponse	5629	javelin_rtti_static	STRUCTURALLY_CONSISTENT		0x14a1ec8b0	.data	OK	0x14a1ec8a0	.data	OK	0x143d93960	.text	OK	0x1482ba4a8	.rdata	OK	0x143d938d0	.text	OK	0x143db3460	.text	OK
Javelin::ClientMessages::SeasonsRewardsComponentClientFacet_OnReceivedClearSeasonsResponse	5722	javelin_rtti_static	STRUCTURALLY_CONSISTENT		0x14a1ec800	.data	OK	0x14a1ec7f0	.data	OK	0x143d93a10	.text	OK	0x1482ba4d8	.rdata	OK	0x143d93980	.text	OK	0x143db3060	.text	OK
Javelin::ClientMessages::SeasonsRewardsComponentClientFacet_OnReceivedSeasonsReport	5869	javelin_rtti_static	STRUCTURALLY_CONSISTENT		0x14a1ec750	.data	OK	0x14a1ec740	.data	OK	0x143d93ac0	.text	OK	0x1482ba508	.rdata	OK	0x143d93a30	.text	OK	0x143db3260	.text	OK
Javelin::ClientMessages::SeasonsRewardsComponentClientFacet_DEBUG_OnPremiumStatusChanged	5806	javelin_rtti_static	STRUCTURALLY_CONSISTENT		0x14a1ec6a0	.data	OK	0x14a1ec690	.data	OK	0x143d93ce0	.text	OK	0x1482ba620	.rdata	OK	0x143d93c50	.text	OK	0x143db2a60	.text	OK
Javelin::ClientMessages::SeasonsRewardsComponentServerFacet_DEBUG_ResetJourneyTasks	5609	javelin_rtti_static	STRUCTURALLY_CONSISTENT		0x14a1ec5f0	.data	OK	0x14a1ec5e0	.data	OK	0x143d8ec00	.text	OK	0x1482b85d8	.rdata	OK	0x143d8eb70	.text	OK	0x143db5c60	.text	OK
Javelin::ClientMessages::SeasonsRewardsComponentServerFacet_DEBUG_FinishChapterTasks	5672	javelin_rtti_static	STRUCTURALLY_CONSISTENT		0x14a1ec540	.data	OK	0x14a1ec530	.data	OK	0x143d8eda0	.text	OK	0x1482b8620	.rdata	OK	0x143d8ed10	.text	OK	0x143db3a60	.text	OK
Javelin::ClientMessages::SeasonsRewardsComponentServerFacet_DEBUG_FinishJourneyTasks	5675	javelin_rtti_static	STRUCTURALLY_CONSISTENT		0x14a1ec490	.data	OK	0x14a1ec480	.data	OK	0x143d8f030	.text	OK	0x1482b8728	.rdata	OK	0x143d8efa0	.text	OK	0x143db3c60	.text	OK
Javelin::ClientMessages::SeasonsRewardsComponentServerFacet_DEBUG_AddTaskProgress	5631	javelin_rtti_static	STRUCTURALLY_CONSISTENT		0x14a1ec3e0	.data	OK	0x14a1ec3d0	.data	OK	0x143d8f250	.text	OK	0x1482b8840	.rdata	OK	0x143d8f1c0	.text	OK	0x143db3860	.text	OK
Javelin::ClientMessages::SeasonsRewardsComponentServerFacet_DEBUG_AddAllTaskProgress	5703	javelin_rtti_static	STRUCTURALLY_CONSISTENT		0x14a1ec330	.data	OK	0x14a1ec320	.data	OK	0x143d8f410	.text	OK	0x1482b8870	.rdata	OK	0x143d8f380	.text	OK	0x143db3660	.text	OK
Javelin::ClientMessages::ServerTransferComponentServerFacet_RequestTransferCharacter	3122	javelin_rtti_static	STRUCTURALLY_CONSISTENT		0x14a1eebe0	.data	OK	0x14a1eebd0	.data	OK	0x143de2d40	.text	OK	0x1482c0c88	.rdata	OK	0x143de2cb0	.text	OK	0x143dfa6c0	.text	OK
Javelin::ClientMessages::ServerTransferComponentClientFacet_OnTransferCharacterResponse	1186	javelin_rtti_static	STRUCTURALLY_CONSISTENT		0x14a1eeb30	.data	OK	0x14a1eeb20	.data	OK	0x143de2df0	.text	OK	0x1482c0cb8	.rdata	OK	0x143de2d60	.text	OK	0x143df9ac0	.text	OK
Javelin::ClientMessages::ServerTransferComponentServerFacet_ClientFinalizeCharacterTransfer	4931	javelin_rtti_static	STRUCTURALLY_CONSISTENT		0x14a1eea80	.data	OK	0x14a1eea70	.data	OK	0x143de3080	.text	OK	0x1482c0dd8	.rdata	OK	0x143de2ff0	.text	OK	0x143df9cc0	.text	OK
Javelin::ClientMessages::ServerTransferComponentServerFacet_DebugCheckTransferRequirementsOnServer	5261	javelin_rtti_static	STRUCTURALLY_CONSISTENT		0x14a1ee9c0	.data	OK	0x14a1ee9b0	.data	OK	0x143de3130	.text	OK	0x1482c0e08	.rdata	OK	0x143de30a0	.text	OK	0x143df9ec0	.text	OK
Javelin::ClientMessages::ServerTransferComponentClientFacet_DebugReceiveServerTransferRequirementErrors	5258	javelin_rtti_static	STRUCTURALLY_CONSISTENT		0x14a1ee900	.data	OK	0x14a1ee8f0	.data	OK	0x143de31e0	.text	OK	0x1482c0e38	.rdata	OK	0x143de3150	.text	OK	0x143df98c0	.text	OK
Javelin::ClientMessages::ServerTransferComponentServerFacet_DebugCleanupCharacterForTransfer	5262	javelin_rtti_static	STRUCTURALLY_CONSISTENT		0x14a1ee850	.data	OK	0x14a1ee840	.data	OK	0x143de3290	.text	OK	0x1482c0e68	.rdata	OK	0x143de3200	.text	OK	0x143dfa0c0	.text	OK
Javelin::ClientMessages::ServerTransferComponentServerFacet_DebugClearTransferCooldownByCharacterId	6815	javelin_rtti_static	STRUCTURALLY_CONSISTENT		0x14a1ee790	.data	OK	0x14a1ee780	.data	OK	0x143de3390	.text	OK	0x1482c0e98	.rdata	OK	0x143de3300	.text	OK	0x143dfa2c0	.text	OK
Javelin::ClientMessages::ServerTransferComponentServerFacet_DebugClearTransferCooldownByPersonaId	6816	javelin_rtti_static	STRUCTURALLY_CONSISTENT		0x14a1ee6d0	.data	OK	0x14a1ee6c0	.data	OK	0x143de35b0	.text	OK	0x1482c0fa0	.rdata	OK	0x143de3520	.text	OK	0x143dfa4c0	.text	OK
Javelin::ClientMessages::CapturePointComponentClientFacet_OnSiegeBegan	4062	javelin_rtti_static	STRUCTURALLY_CONSISTENT		0x14a1ee630	.data	OK	0x14a1ee620	.data	OK	0x143ddfc70	.text	OK	0x1482bfc68	.rdata	OK	0x143ddfbe0	.text	OK	0x143df86c0	.text	OK
Javelin::ClientMessages::CapturePointComponentClientFacet_OnSiegeEnded	4063	javelin_rtti_static	STRUCTURALLY_CONSISTENT		0x14a1ee590	.data	OK	0x14a1ee580	.data	OK	0x143ddffd0	.text	OK	0x1482bfd10	.rdata	OK	0x143ddff40	.text	OK	0x143df88c0	.text	OK
Javelin::ClientMessages::CapturePointComponentServerFacet_DEBUG_Unlock	3952	javelin_rtti_static	STRUCTURALLY_CONSISTENT		0x14a1ee4f0	.data	OK	0x14a1ee4e0	.data	OK	0x143de0150	.text	OK	0x1482bfd70	.rdata	OK	0x143de00c0	.text	OK	0x143df96c0	.text	OK
Javelin::ClientMessages::CapturePointComponentServerFacet_DEBUG_SetCapturePointFlag	5836	javelin_rtti_static	STRUCTURALLY_CONSISTENT		0x14a1ee440	.data	OK	0x14a1ee430	.data	OK	0x143de03c0	.text	OK	0x1482bfde8	.rdata	OK	0x143de0330	.text	OK	0x143df94c0	.text	OK
Javelin::ClientMessages::CapturePointComponentServerFacet_DEBUG_CaptureForAttackers	1411	javelin_rtti_static	STRUCTURALLY_CONSISTENT		0x14a1ee390	.data	OK	0x14a1ee380	.data	OK	0x143de0680	.text	OK	0x1482bfe48	.rdata	OK	0x143de05f0	.text	OK	0x143df8ac0	.text	OK
Javelin::ClientMessages::CapturePointComponentServerFacet_DEBUG_CaptureForDefenders	3704	javelin_rtti_static	STRUCTURALLY_CONSISTENT		0x14a1ee2e0	.data	OK	0x14a1ee2d0	.data	OK	0x143de0a10	.text	OK	0x1482bff80	.rdata	OK	0x143de0980	.text	OK	0x143df8cc0	.text	OK
Javelin::ClientMessages::CapturePointComponentServerFacet_DEBUG_CaptureForFaction1	3811	javelin_rtti_static	STRUCTURALLY_CONSISTENT		0x14a1ee230	.data	OK	0x14a1ee220	.data	OK	0x143de0f40	.text	OK	0x1482c00c0	.rdata	OK	0x143de0e70	.text	OK	0x143df8ec0	.text	OK
Javelin::ClientMessages::CapturePointComponentServerFacet_DEBUG_CaptureForFaction2	4064	javelin_rtti_static	STRUCTURALLY_CONSISTENT		0x14a1ee180	.data	OK	0x14a1ee170	.data	OK	0x143de0ff0	.text	OK	0x1482c0118	.rdata	OK	0x143de0f60	.text	OK	0x143df90c0	.text	OK
Javelin::ClientMessages::CapturePointComponentServerFacet_DEBUG_CaptureForFaction3	4065	javelin_rtti_static	STRUCTURALLY_CONSISTENT		0x14a1ee0d0	.data	OK	0x14a1ee0c0	.data	OK	0x143de1290	.text	OK	0x1482c0190	.rdata	OK	0x143de1200	.text	OK	0x143df92c0	.text	OK
Javelin::ClientMessages::DestroyOnSiegeWarfareComponentServerFacet_DEBUG_TestOnSiegeBegan	4069	javelin_rtti_static	STRUCTURALLY_CONSISTENT		0x14a1ef600	.data	OK	0x14a1ef5f0	.data	OK	0x143e05d80	.text	OK	0x1482c4010	.rdata	OK	0x143e05cf0	.text	OK	0x143e15210	.text	OK
Javelin::ClientMessages::DestroyOnSiegeWarfareComponentServerFacet_DEBUG_TestOnSiegeEnded	4070	javelin_rtti_static	STRUCTURALLY_CONSISTENT		0x14a1ef550	.data	OK	0x14a1ef540	.data	OK	0x143e05f60	.text	OK	0x1482c4058	.rdata	OK	0x143e05ed0	.text	OK	0x143e15410	.text	OK
Javelin::ClientMessages::SiegeWarfareComponentServerFacet_DEBUG_SetFortSpawnSettlementProgressionCategoryOverride	4090	javelin_rtti_static	STRUCTURALLY_CONSISTENT		0x14a1f0110	.data	OK	0x14a1f0100	.data	OK	0x143e1cb70	.text	OK	0x1482c76d0	.rdata	OK	0x143e1cae0	.text	OK	0x143e2bdc0	.text	OK
Javelin::ClientMessages::SiegeWarfareComponentServerFacet_DEBUG_ResetFortSpawn	1230	javelin_rtti_static	STRUCTURALLY_CONSISTENT		0x14a1f0060	.data	OK	0x14a1f0050	.data	OK	0x143e1cd20	.text	OK	0x1482c7790	.rdata	OK	0x143e1cc90	.text	OK	0x143e2bbc0	.text	OK
Javelin::ClientMessages::SiegeWarfareComponentServerFacet_DEBUG_SetFortSpawnVulnerability	4091	javelin_rtti_static	STRUCTURALLY_CONSISTENT		0x14a1effb0	.data	OK	0x14a1effa0	.data	OK	0x143e1cf90	.text	OK	0x1482c7850	.rdata	OK	0x143e1cf00	.text	OK	0x143e2bfc0	.text	OK
Javelin::ClientMessages::SiegeWarfareVulnerableComponentServerFacet_DEBUG_TestOnSiegeBegan	620	javelin_rtti_static	STRUCTURALLY_CONSISTENT		0x14a1f0a50	.data	OK	0x14a1f0a40	.data	OK	0x143e37000	.text	OK	0x1482ca5d8	.rdata	OK	0x143e36f70	.text	OK	0x143e4bc70	.text	OK
Javelin::ClientMessages::SiegeWarfareVulnerableComponentServerFacet_DEBUG_TestOnSiegeEnded	4105	javelin_rtti_static	STRUCTURALLY_CONSISTENT		0x14a1f09a0	.data	OK	0x14a1f0990	.data	OK	0x143e370b0	.text	OK	0x1482ca608	.rdata	OK	0x143e37020	.text	OK	0x143e4be70	.text	OK
Javelin::ClientMessages::ChatComponentClientFacet_ReceiveBatchedChatMessages	293	javelin_rtti_static	STRUCTURALLY_CONSISTENT		0x14a1f2330	.data	OK	0x14a1f2320	.data	OK	0x143e60030	.text	OK	0x1482ce8e0	.rdata	OK	0x143e5ffa0	.text	OK	0x143e79400	.text	OK
Javelin::ClientMessages::ChatComponentClientFacet_ReceiveChatMessage	4118	javelin_rtti_static	STRUCTURALLY_CONSISTENT		0x14a1f2290	.data	OK	0x14a1f2280	.data	OK	0x143e603a0	.text	OK	0x1482cea00	.rdata	OK	0x143e60310	.text	OK	0x143e79600	.text	OK
Javelin::ClientMessages::ChatComponentClientFacet_ReceiveLocalizedSystemChatMessage	1886	javelin_rtti_static	STRUCTURALLY_CONSISTENT		0x14a1f21e0	.data	OK	0x14a1f21d0	.data	OK	0x143e60530	.text	OK	0x1482cea60	.rdata	OK	0x143e604a0	.text	OK	0x143e79800	.text	OK
Javelin::ClientMessages::ChatComponentClientFacet_OnChatMuteSet	1866	javelin_rtti_static	STRUCTURALLY_CONSISTENT		0x14a1f2140	.data	OK	0x14a1f2130	.data	OK	0x143e60670	.text	OK	0x1482ceac0	.rdata	OK	0x143e605e0	.text	OK	0x143e79000	.text	OK
Javelin::ClientMessages::ChatComponentClientFacet_OnChatMuteCleared	1629	javelin_rtti_static	STRUCTURALLY_CONSISTENT		0x14a1f20a0	.data	OK	0x14a1f2090	.data	OK	0x143e60890	.text	OK	0x1482ceb08	.rdata	OK	0x143e60800	.text	OK	0x143e78e00	.text	OK
Javelin::ClientMessages::ChatComponentServerFacet_AddSubscription	85	javelin_rtti_static	STRUCTURALLY_CONSISTENT		0x14a1f2000	.data	OK	0x14a1f1ff0	.data	OK	0x143e60be0	.text	OK	0x1482cec50	.rdata	OK	0x143e60b50	.text	OK	0x143e79a00	.text	OK
Javelin::ClientMessages::ChatComponentServerFacet_AddSubscriptions	4119	javelin_rtti_static	STRUCTURALLY_CONSISTENT		0x14a1f1f60	.data	OK	0x14a1f1f50	.data	OK	0x143e60d90	.text	OK	0x1482cec98	.rdata	OK	0x143e60d00	.text	OK	0x143e79c00	.text	OK
Javelin::ClientMessages::ChatComponentServerFacet_RemoveSubscription	4120	javelin_rtti_static	STRUCTURALLY_CONSISTENT		0x14a1f1ec0	.data	OK	0x14a1f1eb0	.data	OK	0x143e60f10	.text	OK	0x1482cecf8	.rdata	OK	0x143e60e80	.text	OK	0x143e7a200	.text	OK
Javelin::ClientMessages::ChatComponentServerFacet_SendChatMessage	1291	javelin_rtti_static	STRUCTURALLY_CONSISTENT		0x14a1f1e20	.data	OK	0x14a1f1e10	.data	OK	0x143e610b0	.text	OK	0x1482ced40	.rdata	OK	0x143e61020	.text	OK	0x143e7ac00	.text	OK
Javelin::ClientMessages::ChatComponentServerFacet_SetGmPermissions	1623	javelin_rtti_static	STRUCTURALLY_CONSISTENT		0x14a1f1d80	.data	OK	0x14a1f1d70	.data	OK	0x143e61230	.text	OK	0x1482ceda0	.rdata	OK	0x143e611a0	.text	OK	0x143e7b200	.text	OK
Javelin::ClientMessages::ChatComponentServerFacet_ClearGmPermissions	4121	javelin_rtti_static	STRUCTURALLY_CONSISTENT		0x14a1f1ce0	.data	OK	0x14a1f1cd0	.data	OK	0x143e612e0	.text	OK	0x1482cedd0	.rdata	OK	0x143e61250	.text	OK	0x143e79e00	.text	OK
Javelin::ClientMessages::ChatComponentServerFacet_RequestSetChatMute	1015	javelin_rtti_static	STRUCTURALLY_CONSISTENT		0x14a1f1c40	.data	OK	0x14a1f1c30	.data	OK	0x143e615c0	.text	OK	0x1482cee30	.rdata	OK	0x143e61530	.text	OK	0x143e7a600	.text	OK
Javelin::ClientMessages::ChatComponentServerFacet_RequestClearChatMuteFromClient	4124	javelin_rtti_static	STRUCTURALLY_CONSISTENT		0x14a1f1b90	.data	OK	0x14a1f1b80	.data	OK	0x143e61a10	.text	OK	0x1482cf020	.rdata	OK	0x143e61980	.text	OK	0x143e7a400	.text	OK
Javelin::ClientMessages::ChatComponentServerFacet_SetProfanityFilterEnabled	4125	javelin_rtti_static	STRUCTURALLY_CONSISTENT		0x14a1f1af0	.data	OK	0x14a1f1ae0	.data	OK	0x143e61b00	.text	OK	0x1482cf050	.rdata	OK	0x143e61a70	.text	OK	0x143e7b600	.text	OK
Javelin::ClientMessages::ChatComponentServerFacet_SetLanguageEnum	4126	javelin_rtti_static	STRUCTURALLY_CONSISTENT		0x14a1f1a50	.data	OK	0x14a1f1a40	.data	OK	0x143e61c80	.text	OK	0x1482cf0b0	.rdata	OK	0x143e61bf0	.text	OK	0x143e7b400	.text	OK
Javelin::ClientMessages::ChatComponentServerFacet_SendChatThrottlingCommand	4127	javelin_rtti_static	STRUCTURALLY_CONSISTENT		0x14a1f19b0	.data	OK	0x14a1f19a0	.data	OK	0x143e61dc0	.text	OK	0x1482cf0e0	.rdata	OK	0x143e61d30	.text	OK	0x143e7ae00	.text	OK
Javelin::ClientMessages::ChatComponentServerFacet_SendChatErrorMessage	4129	javelin_rtti_static	STRUCTURALLY_CONSISTENT		0x14a1f1910	.data	OK	0x14a1f1900	.data	OK	0x143e620b0	.text	OK	0x1482cf218	.rdata	OK	0x143e62020	.text	OK	0x143e7a800	.text	OK
Javelin::ClientMessages::ChatComponentServerFacet_SendChatErrorMessageToOther	3359	javelin_rtti_static	STRUCTURALLY_CONSISTENT		0x14a1f1870	.data	OK	0x14a1f1860	.data	OK	0x143e5abc0	.text	OK	0x1482cd1f0	.rdata	OK	0x143e5ab30	.text	OK	0x143e7aa00	.text	OK
Javelin::ClientMessages::ChatComponentServerFacet_DebugRequestCrossWorldChatSubscriptions	5862	javelin_rtti_static	STRUCTURALLY_CONSISTENT		0x14a1f17c0	.data	OK	0x14a1f17b0	.data	OK	0x143e5ae00	.text	OK	0x1482cd250	.rdata	OK	0x143e5ad40	.text	OK	0x143e7a000	.text	OK
Javelin::ClientMessages::ChatComponentClientFacet_OnCrossWorldChatSubscriptionsResponse	5863	javelin_rtti_static	STRUCTURALLY_CONSISTENT		0x14a1f1710	.data	OK	0x14a1f1700	.data	OK	0x143e5b090	.text	OK	0x1482cd2f0	.rdata	OK	0x143e5b000	.text	OK	0x143e79200	.text	OK
Javelin::ClientMessages::ChatComponentServerFacet_SetCrossplayCommunicationEnabled	6527	javelin_rtti_static	STRUCTURALLY_CONSISTENT		0x14a1f1660	.data	OK	0x14a1f1650	.data	OK	0x143e5b320	.text	OK	0x1482cd3f0	.rdata	OK	0x143e5b290	.text	OK	0x143e7b000	.text	OK
Javelin::ClientMessages::SocialComponentClientFacet_ReceiveDebugTitles	3405	javelin_rtti_static	STRUCTURALLY_CONSISTENT		0x14a1f6930	.data	OK	0x14a1f6920	.data	OK	0x143ea6e40	.text	OK	0x1482d4a70	.rdata	OK	0x143ea6db0	.text	OK	0x143ee8220	.text	OK
Javelin::ClientMessages::SocialComponentClientFacet_OnErrorMessage	4132	javelin_rtti_static	STRUCTURALLY_CONSISTENT		0x14a1f6890	.data	OK	0x14a1f6880	.data	OK	0x143ea73c0	.text	OK	0x1482d4b30	.rdata	OK	0x143ea7330	.text	OK	0x143ee5420	.text	OK
Javelin::ClientMessages::SocialComponentClientFacet_OnPlayerNameChange	4133	javelin_rtti_static	STRUCTURALLY_CONSISTENT		0x14a1f67f0	.data	OK	0x14a1f67e0	.data	OK	0x143ea7940	.text	OK	0x1482d4cd0	.rdata	OK	0x143ea78b0	.text	OK	0x143ee6020	.text	OK
Javelin::ClientMessages::SocialComponentClientFacet_OnPlayerOnlineStateChange	4128	javelin_rtti_static	STRUCTURALLY_CONSISTENT		0x14a1f6750	.data	OK	0x14a1f6740	.data	OK	0x143ea7e30	.text	OK	0x1482d4e68	.rdata	OK	0x143ea7da0	.text	OK	0x143ee6220	.text	OK
Javelin::ClientMessages::SocialComponentClientFacet_OnWaveTimedOut	4134	javelin_rtti_static	STRUCTURALLY_CONSISTENT		0x14a1f66b0	.data	OK	0x14a1f66a0	.data	OK	0x143ea8430	.text	OK	0x1482d5038	.rdata	OK	0x143ea83a0	.text	OK	0x143ee7620	.text	OK
Javelin::ClientMessages::SocialComponentClientFacet_OnAlignmentUpdate	4135	javelin_rtti_static	STRUCTURALLY_CONSISTENT		0x14a1f6610	.data	OK	0x14a1f6600	.data	OK	0x143ea8900	.text	OK	0x1482d5150	.rdata	OK	0x143ea8870	.text	OK	0x143ee4820	.text	OK
Javelin::ClientMessages::SocialComponentClientFacet_OnWaveRequestReceived	4136	javelin_rtti_static	STRUCTURALLY_CONSISTENT		0x14a1f6570	.data	OK	0x14a1f6560	.data	OK	0x143ea9630	.text	OK	0x1482d5458	.rdata	OK	0x143ea95a0	.text	OK	0x143ee7220	.text	OK
Javelin::ClientMessages::SocialComponentClientFacet_OnWaveRequestSent	4137	javelin_rtti_static	STRUCTURALLY_CONSISTENT		0x14a1f64d0	.data	OK	0x14a1f64c0	.data	OK	0x143ea9f10	.text	OK	0x1482d56d8	.rdata	OK	0x143ea9e80	.text	OK	0x143ee7420	.text	OK
Javelin::ClientMessages::SocialComponentClientFacet_OnFriendInviteRejected	4138	javelin_rtti_static	STRUCTURALLY_CONSISTENT		0x14a1f6430	.data	OK	0x14a1f6420	.data	OK	0x143eaa570	.text	OK	0x1482d5938	.rdata	OK	0x143eaa4e0	.text	OK	0x143ee5620	.text	OK
Javelin::ClientMessages::SocialComponentClientFacet_OnBuildableAttacked	1854	javelin_rtti_static	STRUCTURALLY_CONSISTENT		0x14a1f6390	.data	OK	0x14a1f6380	.data	OK	0x143eaa930	.text	OK	0x1482d5a90	.rdata	OK	0x143eaa8a0	.text	OK	0x143ee4a20	.text	OK
Javelin::ClientMessages::SocialComponentClientFacet_OnEnemyLandClaimDestroyed	3861	javelin_rtti_static	STRUCTURALLY_CONSISTENT		0x14a1f62f0	.data	OK	0x14a1f62e0	.data	OK	0x143eaac70	.text	OK	0x1482d5b20	.rdata	OK	0x143eaabe0	.text	OK	0x143ee5220	.text	OK
Javelin::ClientMessages::SocialComponentClientFacet_OnLockedLandClaimTaken	2803	javelin_rtti_static	STRUCTURALLY_CONSISTENT		0x14a1f6250	.data	OK	0x14a1f6240	.data	OK	0x143eab3b0	.text	OK	0x1482d5d18	.rdata	OK	0x143eab320	.text	OK	0x143ee5a20	.text	OK
Javelin::ClientMessages::SocialComponentClientFacet_OnLandClaimAttacked	275	javelin_rtti_static	STRUCTURALLY_CONSISTENT		0x14a1f61b0	.data	OK	0x14a1f61a0	.data	OK	0x143eab680	.text	OK	0x1482d5e08	.rdata	OK	0x143eab5f0	.text	OK	0x143ee5820	.text	OK
Javelin::ClientMessages::SocialComponentClientFacet_OnCampAttacked	1044	javelin_rtti_static	STRUCTURALLY_CONSISTENT		0x14a1f6110	.data	OK	0x14a1f6100	.data	OK	0x143eabc50	.text	OK	0x1482d5f08	.rdata	OK	0x143eabbb0	.text	OK	0x143ee4c20	.text	OK
Javelin::ClientMessages::SocialComponentClientFacet_OnWarDeclarationFailed	941	javelin_rtti_static	STRUCTURALLY_CONSISTENT		0x14a1f6070	.data	OK	0x14a1f6060	.data	OK	0x143eac430	.text	OK	0x1482d6298	.rdata	OK	0x143eac3a0	.text	OK	0x143ee6a20	.text	OK
Javelin::ClientMessages::SocialComponentClientFacet_OnWarRequestErrorMessage	4139	javelin_rtti_static	STRUCTURALLY_CONSISTENT		0x14a1f5fd0	.data	OK	0x14a1f5fc0	.data	OK	0x143eac650	.text	OK	0x1482d62f8	.rdata	OK	0x143eac5c0	.text	OK	0x143ee6c20	.text	OK
Javelin::ClientMessages::SocialComponentClientFacet_OnWarRequestPending	1737	javelin_rtti_static	STRUCTURALLY_CONSISTENT		0x14a1f5f30	.data	OK	0x14a1f5f20	.data	OK	0x143eacb70	.text	OK	0x1482d64f0	.rdata	OK	0x143eacae0	.text	OK	0x143ee6e20	.text	OK
Javelin::ClientMessages::SocialComponentClientFacet_OnWarRequestSuccessful	193	javelin_rtti_static	STRUCTURALLY_CONSISTENT		0x14a1f5e90	.data	OK	0x14a1f5e80	.data	OK	0x143ead210	.text	OK	0x1482d65f0	.rdata	OK	0x143ead180	.text	OK	0x143ee7020	.text	OK
Javelin::ClientMessages::SocialComponentClientFacet_SocialPhasingFailedToPvpFlag	6519	javelin_rtti_static	STRUCTURALLY_CONSISTENT		0x14a1f5de0	.data	OK	0x14a1f5dd0	.data	OK	0x143ead750	.text	OK	0x1482d6778	.rdata	OK	0x143ead6c0	.text	OK	0x143ee8820	.text	OK
Javelin::ClientMessages::SocialComponentClientFacet_SocialPhasingEnterSectorFailedRetry	6689	javelin_rtti_static	STRUCTURALLY_CONSISTENT		0x14a1f5d30	.data	OK	0x14a1f5d20	.data	OK	0x143eadbc0	.text	OK	0x1482d68d0	.rdata	OK	0x143eadb30	.text	OK	0x143ee8620	.text	OK
Javelin::ClientMessages::SocialComponentClientFacet_PlayerDataResponse	4140	javelin_rtti_static	STRUCTURALLY_CONSISTENT		0x14a1f5c90	.data	OK	0x14a1f5c80	.data	OK	0x143eae230	.text	OK	0x1482d69d8	.rdata	OK	0x143eae1a0	.text	OK	0x143ee7820	.text	OK
Javelin::ClientMessages::SocialComponentClientFacet_LandClaimScoreDataForGuildResponse	4141	javelin_rtti_static	STRUCTURALLY_CONSISTENT		0x14a1f5be0	.data	OK	0x14a1f5bd0	.data	OK	0x143eae700	.text	OK	0x1482d6c28	.rdata	OK	0x143eae670	.text	OK	0x143ee4620	.text	OK
Javelin::ClientMessages::SocialComponentClientFacet_PlayersPhaseIdResponse	6453	javelin_rtti_static	STRUCTURALLY_CONSISTENT		0x14a1f5b40	.data	OK	0x14a1f5b30	.data	OK	0x143eaed10	.text	OK	0x1482d6d68	.rdata	OK	0x143eaec80	.text	OK	0x143ee7c20	.text	OK
Javelin::ClientMessages::SocialComponentClientFacet_PlayersPhaseDataResponse	6675	javelin_rtti_static	STRUCTURALLY_CONSISTENT		0x14a1f5aa0	.data	OK	0x14a1f5a90	.data	OK	0x143eaf4a0	.text	OK	0x1482d6f70	.rdata	OK	0x143eaf410	.text	OK	0x143ee7a20	.text	OK
Javelin::ClientMessages::SocialComponentClientFacet_DebugOnPrivacySettingsUpdate	6641	javelin_rtti_static	STRUCTURALLY_CONSISTENT		0x14a1f59f0	.data	OK	0x14a1f59e0	.data	OK	0x143eaf8b0	.text	OK	0x1482d7108	.rdata	OK	0x143eaf820	.text	OK	0x143ee4020	.text	OK
Javelin::ClientMessages::SocialComponentClientFacet_DebugOnReceiveServerPrivacySettings	6642	javelin_rtti_static	STRUCTURALLY_CONSISTENT		0x14a1f5940	.data	OK	0x14a1f5930	.data	OK	0x143eafbb0	.text	OK	0x1482d7290	.rdata	OK	0x143eafb20	.text	OK	0x143ee4220	.text	OK
Javelin::ClientMessages::SocialComponentServerFacet_RequestStreamerModeDataSync	4142	javelin_rtti_static	STRUCTURALLY_CONSISTENT		0x14a1f5890	.data	OK	0x14a1f5880	.data	OK	0x143eafde0	.text	OK	0x1482d72f0	.rdata	OK	0x143eafd50	.text	OK	0x143eee420	.text	OK
Javelin::ClientMessages::SocialComponentServerFacet_RequestCrossplayPermissionsDataSync	6444	javelin_rtti_static	STRUCTURALLY_CONSISTENT		0x14a1f57e0	.data	OK	0x14a1f57d0	.data	OK	0x143eb0410	.text	OK	0x1482d7418	.rdata	OK	0x143eb0380	.text	OK	0x143eec220	.text	OK
Javelin::ClientMessages::SocialComponentClientFacet_OnRequestFailed	1926	javelin_rtti_static	STRUCTURALLY_CONSISTENT		0x14a1f5740	.data	OK	0x14a1f5730	.data	OK	0x143eb0700	.text	OK	0x1482d7550	.rdata	OK	0x143eb0670	.text	OK	0x143ee6420	.text	OK
Javelin::ClientMessages::SocialComponentServerFacet_RequestSetTitle	2474	javelin_rtti_static	STRUCTURALLY_CONSISTENT		0x14a1f56a0	.data	OK	0x14a1f5690	.data	OK	0x143eb0f40	.text	OK	0x1482d76a0	.rdata	OK	0x143eb0e60	.text	OK	0x143eee220	.text	OK
Javelin::ClientMessages::SocialComponentServerFacet_SendAvailableTitlesToClient	4143	javelin_rtti_static	STRUCTURALLY_CONSISTENT		0x14a1f55f0	.data	OK	0x14a1f55e0	.data	OK	0x143eb1440	.text	OK	0x1482d78c0	.rdata	OK	0x143eb13b0	.text	OK	0x143eee820	.text	OK
Javelin::ClientMessages::SocialComponentServerFacet_SendDebugTitlesToClient	4722	javelin_rtti_static	STRUCTURALLY_CONSISTENT		0x14a1f5550	.data	OK	0x14a1f5540	.data	OK	0x143eb17a0	.text	OK	0x1482d7938	.rdata	OK	0x143eb1710	.text	OK	0x143eeea20	.text	OK
Javelin::ClientMessages::SocialComponentServerFacet_ClearNewTitles	4144	javelin_rtti_static	STRUCTURALLY_CONSISTENT		0x14a1f54b0	.data	OK	0x14a1f54a0	.data	OK	0x143eb1d30	.text	OK	0x1482d7a60	.rdata	OK	0x143eb1ca0	.text	OK	0x143ee8c20	.text	OK
Javelin::ClientMessages::SocialComponentClientFacet_OnTitleUnlock	4146	javelin_rtti_static	STRUCTURALLY_CONSISTENT		0x14a1f5410	.data	OK	0x14a1f5400	.data	OK	0x143eb2160	.text	OK	0x1482d7b98	.rdata	OK	0x143eb20d0	.text	OK	0x143ee6620	.text	OK
Javelin::ClientMessages::SocialComponentClientFacet_OnTitlesUnlock	3585	javelin_rtti_static	STRUCTURALLY_CONSISTENT		0x14a1f5370	.data	OK	0x14a1f5360	.data	OK	0x143eb2620	.text	OK	0x1482d7cd0	.rdata	OK	0x143eb2590	.text	OK	0x143ee6820	.text	OK
Javelin::ClientMessages::SocialComponentClientFacet_OnCurrentTitleExpired	962	javelin_rtti_static	STRUCTURALLY_CONSISTENT		0x14a1f52d0	.data	OK	0x14a1f52c0	.data	OK	0x143eb3040	.text	OK	0x1482d7f50	.rdata	OK	0x143eb2fb0	.text	OK	0x143ee4e20	.text	OK
Javelin::ClientMessages::SocialComponentClientFacet_ReceiveAvailableTitles	4147	javelin_rtti_static	STRUCTURALLY_CONSISTENT		0x14a1f5230	.data	OK	0x14a1f5220	.data	OK	0x143eb3440	.text	OK	0x1482d80a0	.rdata	OK	0x143eb33b0	.text	OK	0x143ee8020	.text	OK
Javelin::ClientMessages::SocialComponentClientFacet_RequestJoinCharacterPhaseResponse	6388	javelin_rtti_static	STRUCTURALLY_CONSISTENT		0x14a1f5180	.data	OK	0x14a1f5170	.data	OK	0x143eb3c40	.text	OK	0x1482d8338	.rdata	OK	0x143eb3bb0	.text	OK	0x143ee8420	.text	OK
Javelin::ClientMessages::SocialComponentClientFacet_ChangePhaseWarningMessage	6680	javelin_rtti_static	STRUCTURALLY_CONSISTENT		0x14a1f50e0	.data	OK	0x14a1f50d0	.data	OK	0x143eb4170	.text	OK	0x1482d8488	.rdata	OK	0x143eb40e0	.text	OK	0x143ee3e20	.text	OK
Javelin::ClientMessages::SocialComponentClientFacet_OnPhaseInviteAcceptedResponse	6564	javelin_rtti_static	STRUCTURALLY_CONSISTENT		0x14a1f5030	.data	OK	0x14a1f5020	.data	OK	0x143eb4500	.text	OK	0x1482d8590	.rdata	OK	0x143eb4460	.text	OK	0x143ee5c20	.text	OK
Javelin::ClientMessages::SocialComponentClientFacet_PrimaryGridPhaseShuttingDown	6506	javelin_rtti_static	STRUCTURALLY_CONSISTENT		0x14a1f4f80	.data	OK	0x14a1f4f70	.data	OK	0x143eb4ba0	.text	OK	0x1482d87e0	.rdata	OK	0x143eb4b10	.text	OK	0x143ee7e20	.text	OK
Javelin::ClientMessages::SocialComponentClientFacet_DebugReceivePhaseSelectionResult	6398	javelin_rtti_static	STRUCTURALLY_CONSISTENT		0x14a1f4ed0	.data	OK	0x14a1f4ec0	.data	OK	0x143eb4ea0	.text	OK	0x1482d8920	.rdata	OK	0x143eb4e10	.text	OK	0x143ee4420	.text	OK
Javelin::ClientMessages::SocialComponentServerFacet_DebugUnlockTitle	3211	javelin_rtti_static	STRUCTURALLY_CONSISTENT		0x14a1f4e30	.data	OK	0x14a1f4e20	.data	OK	0x143eb5b10	.text	OK	0x1482d8c90	.rdata	OK	0x143eb5a80	.text	OK	0x143eeb420	.text	OK
Javelin::ClientMessages::SocialComponentServerFacet_DebugLockTitle	4148	javelin_rtti_static	STRUCTURALLY_CONSISTENT		0x14a1f4d90	.data	OK	0x14a1f4d80	.data	OK	0x143eb61f0	.text	OK	0x1482d9068	.rdata	OK	0x143eb6160	.text	OK	0x143ee9a20	.text	OK
Javelin::ClientMessages::SocialComponentServerFacet_DebugLockAllDebugTitles	4149	javelin_rtti_static	STRUCTURALLY_CONSISTENT		0x14a1f4cf0	.data	OK	0x14a1f4ce0	.data	OK	0x143eb63a0	.text	OK	0x1482d90c8	.rdata	OK	0x143eb6310	.text	OK	0x143ee9820	.text	OK
Javelin::ClientMessages::SocialComponentServerFacet_GetServerVpcValues	6643	javelin_rtti_static	STRUCTURALLY_CONSISTENT		0x14a1f4c50	.data	OK	0x14a1f4c40	.data	OK	0x143eb6530	.text	OK	0x1482d9128	.rdata	OK	0x143eb64a0	.text	OK	0x143eeb620	.text	OK
Javelin::ClientMessages::SocialComponentServerFacet_DebugRequestServerVpcRefresh	6640	javelin_rtti_static	STRUCTURALLY_CONSISTENT		0x14a1f4ba0	.data	OK	0x14a1f4b90	.data	OK	0x143eb6a20	.text	OK	0x1482d9218	.rdata	OK	0x143eb6990	.text	OK	0x143eea420	.text	OK
Javelin::ClientMessages::SocialComponentServerFacet_DebugSetP2PCommunicationRestriction	6626	javelin_rtti_static	STRUCTURALLY_CONSISTENT		0x14a1f4a70	.data	OK	0x14a1f4a60	.data	OK	0x143eb78a0	.text	OK	0x1482d9460	.rdata	OK	0x143eb7800	.text	OK	0x143eeac20	.text	OK
Javelin::ClientMessages::SocialComponentServerFacet_DebugSetGroupCommunicationRestriction	6627	javelin_rtti_static	STRUCTURALLY_CONSISTENT		0x14a1f49c0	.data	OK	0x14a1f49b0	.data	OK	0x143eb8170	.text	OK	0x1482d9618	.rdata	OK	0x143eb8060	.text	OK	0x143eeaa20	.text	OK
Javelin::ClientMessages::SocialComponentServerFacet_DebugSetViewPresenceRestriction	6624	javelin_rtti_static	STRUCTURALLY_CONSISTENT		0x14a1f4910	.data	OK	0x14a1f4900	.data	OK	0x143eb88f0	.text	OK	0x1482d9908	.rdata	OK	0x143eb8860	.text	OK	0x143eeae20	.text	OK
Javelin::ClientMessages::SocialComponentServerFacet_DebugSetVoiceCommunicationRestriction	6628	javelin_rtti_static	STRUCTURALLY_CONSISTENT		0x14a1f4860	.data	OK	0x14a1f4850	.data	OK	0x143eb8d90	.text	OK	0x1482d9ae0	.rdata	OK	0x143eb8d00	.text	OK	0x143eeb020	.text	OK
Javelin::ClientMessages::SocialComponentServerFacet_DebugSetFriendInviteRestriction	6629	javelin_rtti_static	STRUCTURALLY_CONSISTENT		0x14a1f47b0	.data	OK	0x14a1f47a0	.data	OK	0x143eb9010	.text	OK	0x1482d9b88	.rdata	OK	0x143eb8f80	.text	OK	0x143eea820	.text	OK
Javelin::ClientMessages::SocialComponentServerFacet_RequestGetPlayers	4150	javelin_rtti_static	STRUCTURALLY_CONSISTENT		0x14a1f4710	.data	OK	0x14a1f4700	.data	OK	0x143eb9680	.text	OK	0x1482d9cd8	.rdata	OK	0x143eb95f0	.text	OK	0x143eeca20	.text	OK
Javelin::ClientMessages::SocialComponentServerFacet_RequestGetPlayersByAccountId	6516	javelin_rtti_static	STRUCTURALLY_CONSISTENT		0x14a1f4660	.data	OK	0x14a1f4650	.data	OK	0x143eb9f80	.text	OK	0x1482d9ec8	.rdata	OK	0x143eb9df0	.text	OK	0x143eecc20	.text	OK
Javelin::ClientMessages::SocialComponentServerFacet_RequestSearchPlayers	1185	javelin_rtti_static	STRUCTURALLY_CONSISTENT		0x14a1f45c0	.data	OK	0x14a1f45b0	.data	OK	0x143eba450	.text	OK	0x1482da0f0	.rdata	OK	0x143eba3c0	.text	OK	0x143eedc20	.text	OK
Javelin::ClientMessages::SocialComponentServerFacet_RequestLandClaimScoreDataForGuild	4153	javelin_rtti_static	STRUCTURALLY_CONSISTENT		0x14a1f4510	.data	OK	0x14a1f4500	.data	OK	0x143eba760	.text	OK	0x1482da230	.rdata	OK	0x143eba6d0	.text	OK	0x143eed020	.text	OK
Javelin::ClientMessages::SocialComponentServerFacet_RequestPlayerPhaseId	6454	javelin_rtti_static	STRUCTURALLY_CONSISTENT		0x14a1f4470	.data	OK	0x14a1f4460	.data	OK	0x143ea07e0	.text	OK	0x1482d29e8	.rdata	OK	0x143ea0750	.text	OK	0x143eed420	.text	OK
Javelin::ClientMessages::SocialComponentServerFacet_RequestReportPlayer	1600	javelin_rtti_static	STRUCTURALLY_CONSISTENT		0x14a1f43d0	.data	OK	0x14a1f43c0	.data	OK	0x143ea0ee0	.text	OK	0x1482d2de0	.rdata	OK	0x143ea0e50	.text	OK	0x143eeda20	.text	OK
Javelin::ClientMessages::SocialComponentServerFacet_RequestWave	4155	javelin_rtti_static	STRUCTURALLY_CONSISTENT		0x14a1f4330	.data	OK	0x14a1f4320	.data	OK	0x143ea14e0	.text	OK	0x1482d3038	.rdata	OK	0x143ea1450	.text	OK	0x143eee620	.text	OK
Javelin::ClientMessages::SocialComponentServerFacet_RequestSetChattingState	2507	javelin_rtti_static	STRUCTURALLY_CONSISTENT		0x14a1f4290	.data	OK	0x14a1f4280	.data	OK	0x143ea1c50	.text	OK	0x1482d3298	.rdata	OK	0x143ea1bc0	.text	OK	0x143eede20	.text	OK
Javelin::ClientMessages::SocialComponentServerFacet_RequestFriendStatusChangeFromClient	6533	javelin_rtti_static	STRUCTURALLY_CONSISTENT		0x14a1f41e0	.data	OK	0x14a1f41d0	.data	OK	0x143ea1dd0	.text	OK	0x1482d3358	.rdata	OK	0x143ea1d40	.text	OK	0x143eec820	.text	OK
Javelin::ClientMessages::SocialComponentServerFacet_RequestRemoveAllFriends	4158	javelin_rtti_static	STRUCTURALLY_CONSISTENT		0x14a1f4140	.data	OK	0x14a1f4130	.data	OK	0x143ea21a0	.text	OK	0x1482d33b8	.rdata	OK	0x143ea2110	.text	OK	0x143eed820	.text	OK
Javelin::ClientMessages::SocialComponentServerFacet_RequestRemoveAllFriendInvites	4159	javelin_rtti_static	STRUCTURALLY_CONSISTENT		0x14a1f4090	.data	OK	0x14a1f4080	.data	OK	0x143ea2660	.text	OK	0x1482d3698	.rdata	OK	0x143ea25d0	.text	OK	0x143eed620	.text	OK
Javelin::ClientMessages::SocialComponentServerFacet_DebugAcceptAllFriendInvites	5543	javelin_rtti_static	STRUCTURALLY_CONSISTENT		0x14a1f3fe0	.data	OK	0x14a1f3fd0	.data	OK	0x143ea2b60	.text	OK	0x1482d37c8	.rdata	OK	0x143ea2ad0	.text	OK	0x143ee8e20	.text	OK
Javelin::ClientMessages::SocialComponentServerFacet_RequestDeclareWar	2920	javelin_rtti_static	STRUCTURALLY_CONSISTENT		0x14a1f3f40	.data	OK	0x14a1f3f30	.data	OK	0x143ea35b0	.text	OK	0x1482d3ac0	.rdata	OK	0x143ea3520	.text	OK	0x143eec420	.text	OK
Javelin::ClientMessages::SocialComponentServerFacet_DebugDeclareWar	2802	javelin_rtti_static	STRUCTURALLY_CONSISTENT		0x14a1f3ea0	.data	OK	0x14a1f3e90	.data	OK	0x143ea3bd0	.text	OK	0x1482d3c88	.rdata	OK	0x143ea3b40	.text	OK	0x143ee9220	.text	OK
Javelin::ClientMessages::SocialComponentServerFacet_DebugSelectWarDeclaration	4160	javelin_rtti_static	STRUCTURALLY_CONSISTENT		0x14a1f3e00	.data	OK	0x14a1f3df0	.data	OK	0x143ea3dd0	.text	OK	0x1482d3d50	.rdata	OK	0x143ea3d40	.text	OK	0x143eea620	.text	OK
Javelin::ClientMessages::SocialComponentServerFacet_DebugDeclareInvasion	1482	javelin_rtti_static	STRUCTURALLY_CONSISTENT		0x14a1f3d60	.data	OK	0x14a1f3d50	.data	OK	0x143ea4190	.text	OK	0x1482d3eb8	.rdata	OK	0x143ea4100	.text	OK	0x143ee9020	.text	OK
Javelin::ClientMessages::SocialComponentServerFacet_RequestEndWar	1610	javelin_rtti_static	STRUCTURALLY_CONSISTENT		0x14a1f3cc0	.data	OK	0x14a1f3cb0	.data	OK	0x143ea4510	.text	OK	0x1482d3f18	.rdata	OK	0x143ea4480	.text	OK	0x143eec620	.text	OK
Javelin::ClientMessages::SocialComponentServerFacet_GmCancelWar	4161	javelin_rtti_static	STRUCTURALLY_CONSISTENT		0x14a1f3c20	.data	OK	0x14a1f3c10	.data	OK	0x143ea50a0	.text	OK	0x1482d4208	.rdata	OK	0x143ea5010	.text	OK	0x143eeb820	.text	OK
Javelin::ClientMessages::SocialComponentServerFacet_DebugFastForwardWar	2001	javelin_rtti_static	STRUCTURALLY_CONSISTENT		0x14a1f3b80	.data	OK	0x14a1f3b70	.data	OK	0x143ea5c80	.text	OK	0x1482d4600	.rdata	OK	0x143ea5bf0	.text	OK	0x143ee9420	.text	OK
Javelin::ClientMessages::SocialComponentServerFacet_DebugSimulateMaintenanceModeForWars	4959	javelin_rtti_static	STRUCTURALLY_CONSISTENT		0x14a1f3ad0	.data	OK	0x14a1f3ac0	.data	OK	0x143ea63a0	.text	OK	0x1482d4690	.rdata	OK	0x143ea6310	.text	OK	0x143eeb220	.text	OK
Javelin::ClientMessages::SocialComponentServerFacet_DebugForceEndWar	6248	javelin_rtti_static	STRUCTURALLY_CONSISTENT		0x14a1f3a30	.data	OK	0x14a1f3a20	.data	OK	0x143ea6900	.text	OK	0x1482d48b8	.rdata	OK	0x143ea6870	.text	OK	0x143ee9620	.text	OK
Javelin::ClientMessages::SocialComponentServerFacet_SetSocialBlock	2799	javelin_rtti_static	STRUCTURALLY_CONSISTENT		0x14a1f3990	.data	OK	0x14a1f3980	.data	OK	0x143ea6d90	.text	OK	0x1482d4a40	.rdata	OK	0x143ea6d00	.text	OK	0x143eeec20	.text	OK
Javelin::ClientMessages::SocialComponentServerFacet_RequestClearSocialBlock	2770	javelin_rtti_static	STRUCTURALLY_CONSISTENT		0x14a1f38f0	.data	OK	0x14a1f38e0	.data	OK	0x143ea7250	.text	OK	0x1482d4b00	.rdata	OK	0x143ea71c0	.text	OK	0x143eec020	.text	OK
Javelin::ClientMessages::SocialComponentServerFacet_ClearAllSocialBlocks	3412	javelin_rtti_static	STRUCTURALLY_CONSISTENT		0x14a1f3850	.data	OK	0x14a1f3840	.data	OK	0x143ea7800	.text	OK	0x1482d4ca0	.rdata	OK	0x143ea7770	.text	OK	0x143ee8a20	.text	OK
Javelin::ClientMessages::SocialComponentServerFacet_OnBlocklistChanged	6565	javelin_rtti_static	STRUCTURALLY_CONSISTENT		0x14a1f37b0	.data	OK	0x14a1f37a0	.data	OK	0x143ea7c90	.text	OK	0x1482d4e38	.rdata	OK	0x143ea7c00	.text	OK	0x143eebc20	.text	OK
Javelin::ClientMessages::SocialComponentServerFacet_RequestKickPlayerForBannedLocation	6884	javelin_rtti_static	STRUCTURALLY_CONSISTENT		0x14a1f3700	.data	OK	0x14a1f36f0	.data	OK	0x143ea82f0	.text	OK	0x1482d4f98	.rdata	OK	0x143ea8260	.text	OK	0x143eece20	.text	OK
Javelin::ClientMessages::SocialComponentServerFacet_JoinCharacterPhase	6386	javelin_rtti_static	STRUCTURALLY_CONSISTENT		0x14a1f3660	.data	OK	0x14a1f3650	.data	OK	0x143ea8850	.text	OK	0x1482d5120	.rdata	OK	0x143ea87c0	.text	OK	0x143eeba20	.text	OK
Javelin::ClientMessages::SocialComponentServerFacet_DebugReassignPhasePvPEnabled	6513	javelin_rtti_static	STRUCTURALLY_CONSISTENT		0x14a1f35b0	.data	OK	0x14a1f35a0	.data	OK	0x143ea9580	.text	OK	0x1482d53e8	.rdata	OK	0x143ea94f0	.text	OK	0x143ee9e20	.text	OK
Javelin::ClientMessages::SocialComponentServerFacet_DebugNotifyEarlyRelocate	6545	javelin_rtti_static	STRUCTURALLY_CONSISTENT		0x14a1f3510	.data	OK	0x14a1f3500	.data	OK	0x143ea9e40	.text	OK	0x1482d56a8	.rdata	OK	0x143ea9db0	.text	OK	0x143ee9c20	.text	OK
Javelin::ClientMessages::SocialComponentServerFacet_RequestSetPronounType	4751	javelin_rtti_static	STRUCTURALLY_CONSISTENT		0x14a1f3470	.data	OK	0x14a1f3460	.data	OK	0x143eaa4c0	.text	OK	0x1482d58e0	.rdata	OK	0x143eaa430	.text	OK	0x143eee020	.text	OK
Javelin::ClientMessages::SocialComponentClientFacet_OnPlatformFriendOnlineStateChange	6655	javelin_rtti_static	STRUCTURALLY_CONSISTENT		0x14a1f33c0	.data	OK	0x14a1f33b0	.data	OK	0x143eaa880	.text	OK	0x1482d5a60	.rdata	OK	0x143eaa7f0	.text	OK	0x143ee5e20	.text	OK
Javelin::ClientMessages::SocialComponentServerFacet_RequestAddPlatformFriendsToOnlineStateChangeListener	6657	javelin_rtti_static	STRUCTURALLY_CONSISTENT		0x14a1f3300	.data	OK	0x14a1f32f0	.data	OK	0x143eaabc0	.text	OK	0x1482d5af0	.rdata	OK	0x143eaab30	.text	OK	0x143eebe20	.text	OK
Javelin::ClientMessages::SocialComponentServerFacet_DebugRequestPlatformFriendsList	6658	javelin_rtti_static	STRUCTURALLY_CONSISTENT		0x14a1f3250	.data	OK	0x14a1f3240	.data	OK	0x143eab120	.text	OK	0x1482d5c78	.rdata	OK	0x143eab080	.text	OK	0x143eea220	.text	OK
Javelin::ClientMessages::SocialComponentClientFacet_OnDebugPlatformFriendsListResponse	6659	javelin_rtti_static	STRUCTURALLY_CONSISTENT		0x14a1f31a0	.data	OK	0x14a1f3190	.data	OK	0x143eab4b0	.text	OK	0x1482d5dd8	.rdata	OK	0x143eab420	.text	OK	0x143ee5020	.text	OK
Javelin::ClientMessages::SocialComponentServerFacet_DebugRequestAddPlatformFriend	6660	javelin_rtti_static	STRUCTURALLY_CONSISTENT		0x14a1f30f0	.data	OK	0x14a1f30e0	.data	OK	0x143eabaf0	.text	OK	0x1482d5e68	.rdata	OK	0x143eaba60	.text	OK	0x143eea020	.text	OK
Javelin::ClientMessages::SocialComponentServerFacet_RequestPlayerPhaseData	6676	javelin_rtti_static	STRUCTURALLY_CONSISTENT		0x14a1f3050	.data	OK	0x14a1f3040	.data	OK	0x143eac380	.text	OK	0x1482d6268	.rdata	OK	0x143eac2f0	.text	OK	0x143eed220	.text	OK
Javelin::ClientMessages::TwitchComponentClientFacet_ReceiveEnableSpotlightResponse	636	javelin_rtti_static	STRUCTURALLY_CONSISTENT		0x14a1f95d0	.data	OK	0x14a1f95c0	.data	OK	0x143f27e90	.text	OK	0x1482e1528	.rdata	OK	0x143f27e00	.text	OK	0x143f52680	.text	OK
Javelin::ClientMessages::TwitchComponentClientFacet_ReceiveValidationResponse	4177	javelin_rtti_static	STRUCTURALLY_CONSISTENT		0x14a1f9530	.data	OK	0x14a1f9520	.data	OK	0x143f281f0	.text	OK	0x1482e15a0	.rdata	OK	0x143f28160	.text	OK	0x143f53080	.text	OK
Javelin::ClientMessages::TwitchComponentClientFacet_ReceiveJoinableSubArmies	4178	javelin_rtti_static	STRUCTURALLY_CONSISTENT		0x14a1f9490	.data	OK	0x14a1f9480	.data	OK	0x143f28500	.text	OK	0x1482e16b8	.rdata	OK	0x143f28470	.text	OK	0x143f52a80	.text	OK
Javelin::ClientMessages::TwitchComponentClientFacet_ReceiveStartSubArmyResponse	2314	javelin_rtti_static	STRUCTURALLY_CONSISTENT		0x14a1f93e0	.data	OK	0x14a1f93d0	.data	OK	0x143f28630	.text	OK	0x1482e1708	.rdata	OK	0x143f285a0	.text	OK	0x143f52c80	.text	OK
Javelin::ClientMessages::TwitchComponentClientFacet_ReceiveJoinSubArmyResponse	4179	javelin_rtti_static	STRUCTURALLY_CONSISTENT		0x14a1f9330	.data	OK	0x14a1f9320	.data	OK	0x143f289c0	.text	OK	0x1482e18d8	.rdata	OK	0x143f28930	.text	OK	0x143f52880	.text	OK
Javelin::ClientMessages::TwitchComponentClientFacet_ReceiveSubArmyJoinList	4180	javelin_rtti_static	STRUCTURALLY_CONSISTENT		0x14a1f9290	.data	OK	0x14a1f9280	.data	OK	0x143f28a70	.text	OK	0x1482e1960	.rdata	OK	0x143f289e0	.text	OK	0x143f52e80	.text	OK
Javelin::ClientMessages::TwitchComponentServerFacet_ToggleStreamerSpotlight	673	javelin_rtti_static	STRUCTURALLY_CONSISTENT		0x14a1f91f0	.data	OK	0x14a1f91e0	.data	OK	0x143f28c90	.text	OK	0x1482e1a38	.rdata	OK	0x143f28c00	.text	OK	0x143f54a80	.text	OK
Javelin::ClientMessages::TwitchComponentServerFacet_StartTwitchUserValidation	135	javelin_rtti_static	STRUCTURALLY_CONSISTENT		0x14a1f9150	.data	OK	0x14a1f9140	.data	OK	0x143f28f00	.text	OK	0x1482e1a90	.rdata	OK	0x143f28e70	.text	OK	0x143f54880	.text	OK
Javelin::ClientMessages::TwitchComponentServerFacet_RevokeTwitchUserValidation	2785	javelin_rtti_static	STRUCTURALLY_CONSISTENT		0x14a1f90a0	.data	OK	0x14a1f9090	.data	OK	0x143f291a0	.text	OK	0x1482e1cb8	.rdata	OK	0x143f29110	.text	OK	0x143f53a80	.text	OK
Javelin::ClientMessages::TwitchComponentServerFacet_RequestJoinableSubArmies	2776	javelin_rtti_static	STRUCTURALLY_CONSISTENT		0x14a1f9000	.data	OK	0x14a1f8ff0	.data	OK	0x143f29410	.text	OK	0x1482e1da0	.rdata	OK	0x143f29380	.text	OK	0x143f53880	.text	OK
Javelin::ClientMessages::TwitchComponentServerFacet_StartSubArmy	4182	javelin_rtti_static	STRUCTURALLY_CONSISTENT		0x14a1f8f60	.data	OK	0x14a1f8f50	.data	OK	0x143f29540	.text	OK	0x1482e1e40	.rdata	OK	0x143f294b0	.text	OK	0x143f54680	.text	OK
Javelin::ClientMessages::TwitchComponentServerFacet_EndSubArmy	3375	javelin_rtti_static	STRUCTURALLY_CONSISTENT		0x14a1f8ec0	.data	OK	0x14a1f8eb0	.data	OK	0x143f29900	.text	OK	0x1482e1ee0	.rdata	OK	0x143f29860	.text	OK	0x143f53280	.text	OK
Javelin::ClientMessages::TwitchComponentServerFacet_RequestJoinSubArmy	4184	javelin_rtti_static	STRUCTURALLY_CONSISTENT		0x14a1f8e20	.data	OK	0x14a1f8e10	.data	OK	0x143f29bb0	.text	OK	0x1482e2038	.rdata	OK	0x143f29b20	.text	OK	0x143f53680	.text	OK
Javelin::ClientMessages::TwitchComponentServerFacet_RequestJoinList	4185	javelin_rtti_static	STRUCTURALLY_CONSISTENT		0x14a1f8d80	.data	OK	0x14a1f8d70	.data	OK	0x143f29dd0	.text	OK	0x1482e2138	.rdata	OK	0x143f29d40	.text	OK	0x143f53480	.text	OK
Javelin::ClientMessages::TwitchComponentServerFacet_UpdateJoinEntry	3898	javelin_rtti_static	STRUCTURALLY_CONSISTENT		0x14a1f8ce0	.data	OK	0x14a1f8cd0	.data	OK	0x143f29e80	.text	OK	0x1482e2168	.rdata	OK	0x143f29df0	.text	OK	0x143f54c80	.text	OK
Javelin::ClientMessages::TwitchComponentServerFacet_SetOverrideGameId	3758	javelin_rtti_static	STRUCTURALLY_CONSISTENT		0x14a1f8c40	.data	OK	0x14a1f8c30	.data	OK	0x143f2a1c0	.text	OK	0x1482e2278	.rdata	OK	0x143f2a130	.text	OK	0x143f53c80	.text	OK
Javelin::ClientMessages::TwitchComponentServerFacet_SetOverrideUserId	2568	javelin_rtti_static	STRUCTURALLY_CONSISTENT		0x14a1f8ba0	.data	OK	0x14a1f8b90	.data	OK	0x143f2a270	.text	OK	0x1482e22a8	.rdata	OK	0x143f2a1e0	.text	OK	0x143f53e80	.text	OK
Javelin::ClientMessages::TwitchComponentServerFacet_SetStreamerTagByStringId	3123	javelin_rtti_static	STRUCTURALLY_CONSISTENT		0x14a1f8b00	.data	OK	0x14a1f8af0	.data	OK	0x143f2a320	.text	OK	0x1482e22d8	.rdata	OK	0x143f2a290	.text	OK	0x143f54080	.text	OK
Javelin::ClientMessages::TwitchComponentServerFacet_SetTwitchDropByStringIdIntValue	4194	javelin_rtti_static	STRUCTURALLY_CONSISTENT		0x14a1f8a50	.data	OK	0x14a1f8a40	.data	OK	0x143f2a8b0	.text	OK	0x1482e23d8	.rdata	OK	0x143f2a820	.text	OK	0x143f54280	.text	OK
Javelin::ClientMessages::TwitchComponentServerFacet_SetTwitchDropByStringIdStringValue	1069	javelin_rtti_static	STRUCTURALLY_CONSISTENT		0x14a1f89a0	.data	OK	0x14a1f8990	.data	OK	0x143f2b3a0	.text	OK	0x1482e2688	.rdata	OK	0x143f2b310	.text	OK	0x143f54480	.text	OK
Javelin::ClientMessages::VoiceChatComponentClientFacet_OnVoiceChatServiceRegistered	4199	javelin_rtti_static	STRUCTURALLY_CONSISTENT		0x14a1f8880	.data	OK	0x14a1f8870	.data	OK	0x143f249f0	.text	OK	0x1482e0540	.rdata	OK	0x143f24960	.text	OK	0x143f55680	.text	OK
Javelin::ClientMessages::VoiceChatComponentClientFacet_OnVoiceChatServiceUnregistered	1604	javelin_rtti_static	STRUCTURALLY_CONSISTENT		0x14a1f87d0	.data	OK	0x14a1f87c0	.data	OK	0x143f24db0	.text	OK	0x1482e06a0	.rdata	OK	0x143f24d20	.text	OK	0x143f55880	.text	OK
Javelin::ClientMessages::VoiceChatComponentClientFacet_On3dChannelUrisReceived	405	javelin_rtti_static	STRUCTURALLY_CONSISTENT		0x14a1f8680	.data	OK	0x14a1f8670	.data	OK	0x143f254d0	.text	OK	0x1482e0898	.rdata	OK	0x143f25440	.text	OK	0x143f55080	.text	OK
Javelin::ClientMessages::VoiceChatComponentClientFacet_On2dChannelUriReceived	4200	javelin_rtti_static	STRUCTURALLY_CONSISTENT		0x14a1f85e0	.data	OK	0x14a1f85d0	.data	OK	0x143f25590	.text	OK	0x1482e08f8	.rdata	OK	0x143f25500	.text	OK	0x143f54e80	.text	OK
Javelin::ClientMessages::VoiceChatComponentClientFacet_OnEchoChannelUriReceived	655	javelin_rtti_static	STRUCTURALLY_CONSISTENT		0x14a1f8530	.data	OK	0x14a1f8520	.data	OK	0x143f259b0	.text	OK	0x1482e09f8	.rdata	OK	0x143f25920	.text	OK	0x143f55480	.text	OK
Javelin::ClientMessages::VoiceChatComponentServerFacet_RegisterVoiceChatService	1643	javelin_rtti_static	STRUCTURALLY_CONSISTENT		0x14a1f8480	.data	OK	0x14a1f8470	.data	OK	0x143f25b50	.text	OK	0x1482e0a88	.rdata	OK	0x143f25ac0	.text	OK	0x143f56080	.text	OK
Javelin::ClientMessages::VoiceChatComponentServerFacet_GenerateLoginAccessToken	2077	javelin_rtti_static	STRUCTURALLY_CONSISTENT		0x14a1f83d0	.data	OK	0x14a1f83c0	.data	OK	0x143f25e40	.text	OK	0x1482e0b88	.rdata	OK	0x143f25db0	.text	OK	0x143f55c80	.text	OK
Javelin::ClientMessages::VoiceChatComponentServerFacet_GenerateJoinAccessToken	2934	javelin_rtti_static	STRUCTURALLY_CONSISTENT		0x14a1f8320	.data	OK	0x14a1f8310	.data	OK	0x143f261d0	.text	OK	0x1482e0c18	.rdata	OK	0x143f26140	.text	OK	0x143f55a80	.text	OK
Javelin::ClientMessages::VoiceChatComponentServerFacet_GenerateTranscriptionAccessToken	4203	javelin_rtti_static	STRUCTURALLY_CONSISTENT		0x14a1f8270	.data	OK	0x14a1f8260	.data	OK	0x143f265d0	.text	OK	0x1482e0d58	.rdata	OK	0x143f26540	.text	OK	0x143f55e80	.text	OK
Javelin::ClientMessages::VoiceChatComponentServerFacet_SyncVoiceChatClientActivationState	188	javelin_rtti_static	STRUCTURALLY_CONSISTENT		0x14a1f81c0	.data	OK	0x14a1f81b0	.data	OK	0x143f268f0	.text	OK	0x1482e0e18	.rdata	OK	0x143f26860	.text	OK	0x143f56a80	.text	OK
Javelin::ClientMessages::VoiceChatComponentServerFacet_RequestWorldChannelUris	2805	javelin_rtti_static	STRUCTURALLY_CONSISTENT		0x14a1f8110	.data	OK	0x14a1f8100	.data	OK	0x143f26a10	.text	OK	0x1482e0e70	.rdata	OK	0x143f26980	.text	OK	0x143f56880	.text	OK
Javelin::ClientMessages::VoiceChatComponentServerFacet_RequestGroupChannelUri	4204	javelin_rtti_static	STRUCTURALLY_CONSISTENT		0x14a1f8070	.data	OK	0x14a1f8060	.data	OK	0x143f27010	.text	OK	0x1482e1130	.rdata	OK	0x143f26f80	.text	OK	0x143f56680	.text	OK
Javelin::ClientMessages::VoiceChatComponentServerFacet_RequestEchoChannelUri	1963	javelin_rtti_static	STRUCTURALLY_CONSISTENT		0x14a1f7fd0	.data	OK	0x14a1f7fc0	.data	OK	0x143f27230	.text	OK	0x1482e11b8	.rdata	OK	0x143f271a0	.text	OK	0x143f56480	.text	OK
Javelin::ClientMessages::VoiceChatComponentServerFacet_ReportError	4205	javelin_rtti_static	STRUCTURALLY_CONSISTENT		0x14a1f7f30	.data	OK	0x14a1f7f20	.data	OK	0x143f275e0	.text	OK	0x1482e1290	.rdata	OK	0x143f27550	.text	OK	0x143f56280	.text	OK
Javelin::ClientMessages::WarDataComponentServerFacet_DebugScheduleInfluenceRaces	5891	javelin_rtti_static	STRUCTURALLY_CONSISTENT		0x14a1f7e80	.data	OK	0x14a1f7e70	.data	OK	0x143f21d70	.text	OK	0x1482df9c8	.rdata	OK	0x143f21ce0	.text	OK	0x143f57480	.text	OK
Javelin::ClientMessages::WarDataComponentServerFacet_DebugScheduleInfluenceRace	5896	javelin_rtti_static	STRUCTURALLY_CONSISTENT		0x14a1f7dd0	.data	OK	0x14a1f7dc0	.data	OK	0x143f21e20	.text	OK	0x1482df9f8	.rdata	OK	0x143f21d90	.text	OK	0x143f57280	.text	OK
Javelin::ClientMessages::WarDataComponentServerFacet_DebugEndInfluenceRace	5897	javelin_rtti_static	STRUCTURALLY_CONSISTENT		0x14a1f7d30	.data	OK	0x14a1f7d20	.data	OK	0x143f220b0	.text	OK	0x1482dfa88	.rdata	OK	0x143f22020	.text	OK	0x143f56e80	.text	OK
Javelin::ClientMessages::WarDataComponentServerFacet_DebugForceSyncInfluenceRaces	5960	javelin_rtti_static	STRUCTURALLY_CONSISTENT		0x14a1f7c80	.data	OK	0x14a1f7c70	.data	OK	0x143f22160	.text	OK	0x1482dfab8	.rdata	OK	0x143f220d0	.text	OK	0x143f57080	.text	OK
Javelin::ClientMessages::JavSpectatorCameraComponentClientFacet_SetLocalCharacter	4208	javelin_rtti_static	STRUCTURALLY_CONSISTENT		0x14a1fbc90	.data	OK	0x14a1fbc80	.data	OK	0x143f969c0	.text	OK	0x1482e9f50	.rdata	OK	0x143f96930	.text	OK	0x143fa8f20	.text	OK
Javelin::ClientMessages::JavSpectatorCameraComponentClientFacet_SetState	3679	javelin_rtti_static	STRUCTURALLY_CONSISTENT		0x14a1fbbf0	.data	OK	0x14a1fbbe0	.data	OK	0x143f96a70	.text	OK	0x1482e9fa8	.rdata	OK	0x143f969e0	.text	OK	0x143fa9120	.text	OK
Javelin::ClientMessages::JavSpectatorCameraComponentClientFacet_SetViewData	4209	javelin_rtti_static	STRUCTURALLY_CONSISTENT		0x14a1fbb50	.data	OK	0x14a1fbb40	.data	OK	0x143f96c90	.text	OK	0x1482ea008	.rdata	OK	0x143f96c00	.text	OK	0x143fa9320	.text	OK
Javelin::ClientMessages::JavSpectatorCameraComponentClientFacet_SetDisplayedVitals	4210	javelin_rtti_static	STRUCTURALLY_CONSISTENT		0x14a1fbaa0	.data	OK	0x14a1fba90	.data	OK	0x143f96eb0	.text	OK	0x1482ea110	.rdata	OK	0x143f96e20	.text	OK	0x143fa8d20	.text	OK
Javelin::ClientMessages::JavSpectatorCameraComponentServerFacet_OnRequestClientStateInformation	1334	javelin_rtti_static	STRUCTURALLY_CONSISTENT		0x14a1fb9e0	.data	OK	0x14a1fb9d0	.data	OK	0x143f970b0	.text	OK	0x1482ea170	.rdata	OK	0x143f97020	.text	OK	0x143fa9520	.text	OK
Javelin::ClientMessages::JavSpectatorCameraComponentServerFacet_SetInputData	4212	javelin_rtti_static	STRUCTURALLY_CONSISTENT		0x14a1fb940	.data	OK	0x14a1fb930	.data	OK	0x143f975a0	.text	OK	0x1482ea210	.rdata	OK	0x143f97510	.text	OK	0x143fa9d20	.text	OK
Javelin::ClientMessages::JavSpectatorCameraComponentServerFacet_RequestTeleport	3329	javelin_rtti_static	STRUCTURALLY_CONSISTENT		0x14a1fb890	.data	OK	0x14a1fb880	.data	OK	0x143f97770	.text	OK	0x1482ea2d0	.rdata	OK	0x143f976e0	.text	OK	0x143fa9720	.text	OK
Javelin::ClientMessages::JavSpectatorCameraComponentServerFacet_RestoreHotspot	4213	javelin_rtti_static	STRUCTURALLY_CONSISTENT		0x14a1fb7e0	.data	OK	0x14a1fb7d0	.data	OK	0x143f97820	.text	OK	0x1482ea300	.rdata	OK	0x143f97790	.text	OK	0x143fa9920	.text	OK
Javelin::ClientMessages::JavSpectatorCameraComponentServerFacet_SetCollisionEnabled	2793	javelin_rtti_static	STRUCTURALLY_CONSISTENT		0x14a1fb730	.data	OK	0x14a1fb720	.data	OK	0x143f979b0	.text	OK	0x1482ea360	.rdata	OK	0x143f97920	.text	OK	0x143fa9b20	.text	OK
Javelin::IPositionReceiver::ReceivePlayerPositionClientMsg	4216	javelin_rtti_static	STRUCTURALLY_CONSISTENT		0x14a1fb530	.data	OK	0x14a1fb520	.data	OK	0x143f9a070	.text	OK	0x1482ead00	.rdata	OK	0x143f99fe0	.text	OK	0x143fa9f20	.text	OK
Javelin::IPositionReceiver::ReceivePlayerPositionWithCameraClientMsg	4217	javelin_rtti_static	STRUCTURALLY_CONSISTENT		0x14a1fb490	.data	OK	0x14a1fb480	.data	OK	0x143f9a120	.text	OK	0x1482ead30	.rdata	OK	0x143f9a090	.text	OK	0x143faa120	.text	OK
Javelin::ClientMessages::SpectatedPlayerComponentServerFacet_SetIsPublic	4122	javelin_rtti_static	STRUCTURALLY_CONSISTENT		0x14a1fb3f0	.data	OK	0x14a1fb3e0	.data	OK	0x143f9a410	.text	OK	0x1482ead60	.rdata	OK	0x143f9a380	.text	OK	0x143faa320	.text	OK
Javelin::ClientMessages::SpectatorModeComponentClientFacet_IsSpectatorModePermittedReply	417	javelin_rtti_static	STRUCTURALLY_CONSISTENT		0x14a1fd110	.data	OK	0x14a1fd100	.data	OK	0x143fb42a0	.text	OK	0x1482eccd0	.rdata	OK	0x143fb4210	.text	OK	0x143fc6b50	.text	OK
Javelin::ClientMessages::SpectatorModeComponentClientFacet_IsCharacterSpectatableReply	4219	javelin_rtti_static	STRUCTURALLY_CONSISTENT		0x14a1fd060	.data	OK	0x14a1fd050	.data	OK	0x143fb4350	.text	OK	0x1482ecd00	.rdata	OK	0x143fb42c0	.text	OK	0x143fc6950	.text	OK
Javelin::ClientMessages::SpectatorModeComponentClientFacet_GetSpectatablePlayerReply	2093	javelin_rtti_static	STRUCTURALLY_CONSISTENT		0x14a1fcfb0	.data	OK	0x14a1fcfa0	.data	OK	0x143fb4400	.text	OK	0x1482ecd58	.rdata	OK	0x143fb4370	.text	OK	0x143fc6550	.text	OK
Javelin::ClientMessages::SpectatorModeComponentClientFacet_GetNextSpectatablePlayerReply	918	javelin_rtti_static	STRUCTURALLY_CONSISTENT		0x14a1fcf00	.data	OK	0x14a1fcef0	.data	OK	0x143fb47d0	.text	OK	0x1482ecdb8	.rdata	OK	0x143fb4740	.text	OK	0x143fc6350	.text	OK
Javelin::ClientMessages::SpectatorModeComponentClientFacet_HasDevPermissionsReply	4221	javelin_rtti_static	STRUCTURALLY_CONSISTENT		0x14a1fce50	.data	OK	0x14a1fce40	.data	OK	0x143fb4ad0	.text	OK	0x1482ecf30	.rdata	OK	0x143fb4a40	.text	OK	0x143fc6750	.text	OK
Javelin::ClientMessages::SpectatorModeComponentServerFacet_RequestEnterSpectatorModeMsg	4222	javelin_rtti_static	STRUCTURALLY_CONSISTENT		0x14a1fcda0	.data	OK	0x14a1fcd90	.data	OK	0x143fb4c50	.text	OK	0x1482ed088	.rdata	OK	0x143fb4bc0	.text	OK	0x143fc7350	.text	OK
Javelin::ClientMessages::SpectatorModeComponentServerFacet_RequestChangeSpectatorModeStateMsg	1324	javelin_rtti_static	STRUCTURALLY_CONSISTENT		0x14a1fccf0	.data	OK	0x14a1fcce0	.data	OK	0x143fb4e30	.text	OK	0x1482ed0d0	.rdata	OK	0x143fb4da0	.text	OK	0x143fc6d50	.text	OK
Javelin::ClientMessages::SpectatorModeComponentServerFacet_RequestExitSpectatorModeMsg	1243	javelin_rtti_static	STRUCTURALLY_CONSISTENT		0x14a1fcc40	.data	OK	0x14a1fcc30	.data	OK	0x143fb4fe0	.text	OK	0x1482ed130	.rdata	OK	0x143fb4f50	.text	OK	0x143fc7550	.text	OK
Javelin::ClientMessages::SpectatorModeComponentServerFacet_RequestCycleFocusedPlayerMsg	91	javelin_rtti_static	STRUCTURALLY_CONSISTENT		0x14a1fcb90	.data	OK	0x14a1fcb80	.data	OK	0x143fb5240	.text	OK	0x1482ed1a8	.rdata	OK	0x143fb50f0	.text	OK	0x143fc6f50	.text	OK
Javelin::ClientMessages::SpectatorModeComponentServerFacet_RequestIsSpectatorModePermitted	2840	javelin_rtti_static	STRUCTURALLY_CONSISTENT		0x14a1fcae0	.data	OK	0x14a1fcad0	.data	OK	0x143fb5330	.text	OK	0x1482ed1d8	.rdata	OK	0x143fb52a0	.text	OK	0x143fc7f50	.text	OK
Javelin::ClientMessages::SpectatorModeComponentServerFacet_RequestIsCharacterSpectatable	3589	javelin_rtti_static	STRUCTURALLY_CONSISTENT		0x14a1fca30	.data	OK	0x14a1fca20	.data	OK	0x143fb5650	.text	OK	0x1482ed250	.rdata	OK	0x143fb55c0	.text	OK	0x143fc7d50	.text	OK
Javelin::ClientMessages::SpectatorModeComponentServerFacet_RequestGetSpectatablePlayer	2743	javelin_rtti_static	STRUCTURALLY_CONSISTENT		0x14a1fc980	.data	OK	0x14a1fc970	.data	OK	0x143fb5870	.text	OK	0x1482ed360	.rdata	OK	0x143fb57e0	.text	OK	0x143fc7950	.text	OK
Javelin::ClientMessages::SpectatorModeComponentServerFacet_RequestGetNextSpectatablePlayer	3449	javelin_rtti_static	STRUCTURALLY_CONSISTENT		0x14a1fc8d0	.data	OK	0x14a1fc8c0	.data	OK	0x143fb5a20	.text	OK	0x1482ed3c0	.rdata	OK	0x143fb5990	.text	OK	0x143fc7750	.text	OK
Javelin::ClientMessages::SpectatorModeComponentServerFacet_RequestHasDevPermissions	2706	javelin_rtti_static	STRUCTURALLY_CONSISTENT		0x14a1fc820	.data	OK	0x14a1fc810	.data	OK	0x143fb5ad0	.text	OK	0x1482ed3f0	.rdata	OK	0x143fb5a40	.text	OK	0x143fc7b50	.text	OK
Javelin::ClientMessages::SpectatorModeComponentServerFacet_RequestDevPermissions	4224	javelin_rtti_static	STRUCTURALLY_CONSISTENT		0x14a1fc770	.data	OK	0x14a1fc760	.data	OK	0x143fb5c80	.text	OK	0x1482ed450	.rdata	OK	0x143fb5bf0	.text	OK	0x143fc7150	.text	OK
Javelin::ClientMessages::StatusEffectsComponentClientFacet_AdjustFXScripts	608	javelin_rtti_static	STRUCTURALLY_CONSISTENT		0x14a1ff010	.data	OK	0x14a1ff000	.data	OK	0x143ffc2c0	.text	OK	0x1482f6080	.rdata	OK	0x143ffc230	.text	OK	0x144025650	.text	OK
Javelin::ClientMessages::StatusEffectsComponentServerFacet_Debug_AddStatusEffects	3962	javelin_rtti_static	STRUCTURALLY_CONSISTENT		0x14a1fef60	.data	OK	0x14a1fef50	.data	OK	0x143ffc6a0	.text	OK	0x1482f60e0	.rdata	OK	0x143ffc610	.text	OK	0x144026650	.text	OK
Javelin::ClientMessages::StatusEffectsComponentServerFacet_Debug_RemoveStatusEffects	4231	javelin_rtti_static	STRUCTURALLY_CONSISTENT		0x14a1feeb0	.data	OK	0x14a1feea0	.data	OK	0x143ffc8c0	.text	OK	0x1482f61e8	.rdata	OK	0x143ffc830	.text	OK	0x144027250	.text	OK
Javelin::ClientMessages::StatusEffectsComponentServerFacet_Debug_RemoveStatusEffectStack	4024	javelin_rtti_static	STRUCTURALLY_CONSISTENT		0x14a1fee00	.data	OK	0x14a1fedf0	.data	OK	0x143ff6ac0	.text	OK	0x1482f4248	.rdata	OK	0x143ff6a30	.text	OK	0x144027050	.text	OK
Javelin::ClientMessages::StatusEffectsComponentServerFacet_Debug_RemoveAllStatusEffects	5380	javelin_rtti_static	STRUCTURALLY_CONSISTENT		0x14a1fed50	.data	OK	0x14a1fed40	.data	OK	0x143ff6b70	.text	OK	0x1482f42a0	.rdata	OK	0x143ff6ae0	.text	OK	0x144026e50	.text	OK
Javelin::ClientMessages::StatusEffectsComponentServerFacet_Debug_PauseStatusEffects	5729	javelin_rtti_static	STRUCTURALLY_CONSISTENT		0x14a1feca0	.data	OK	0x14a1fec90	.data	OK	0x143ff6c20	.text	OK	0x1482f42d0	.rdata	OK	0x143ff6b90	.text	OK	0x144026c50	.text	OK
Javelin::ClientMessages::StatusEffectsComponentServerFacet_Debug_UnpauseStatusEffects	5727	javelin_rtti_static	STRUCTURALLY_CONSISTENT		0x14a1febf0	.data	OK	0x14a1febe0	.data	OK	0x143ff6f50	.text	OK	0x1482f4420	.rdata	OK	0x143ff6ec0	.text	OK	0x144027450	.text	OK
Javelin::ClientMessages::StatusEffectsComponentServerFacet_DEBUG_SetDebuggerOptions	5056	javelin_rtti_static	STRUCTURALLY_CONSISTENT		0x14a1feb40	.data	OK	0x14a1feb30	.data	OK	0x143ff7140	.text	OK	0x1482f44e0	.rdata	OK	0x143ff70b0	.text	OK	0x144026250	.text	OK
Javelin::ClientMessages::StatusEffectsComponentServerFacet_DEBUG_TrackReplicatedUpdateCounts	5087	javelin_rtti_static	STRUCTURALLY_CONSISTENT		0x14a1fea90	.data	OK	0x14a1fea80	.data	OK	0x143ff72e0	.text	OK	0x1482f4558	.rdata	OK	0x143ff7250	.text	OK	0x144026450	.text	OK
Javelin::ClientMessages::StatusEffectsComponentServerFacet_DEBUG_RequestSyncStatusEffects	5293	javelin_rtti_static	STRUCTURALLY_CONSISTENT		0x14a1fe9e0	.data	OK	0x14a1fe9d0	.data	OK	0x143ff7410	.text	OK	0x1482f4670	.rdata	OK	0x143ff7380	.text	OK	0x144026050	.text	OK
Javelin::ClientMessages::StatusEffectsComponentServerFacet_DEBUG_RequestSyncPausedStatusEffects	5730	javelin_rtti_static	STRUCTURALLY_CONSISTENT		0x14a1fe920	.data	OK	0x14a1fe910	.data	OK	0x143ff76a0	.text	OK	0x1482f4730	.rdata	OK	0x143ff7610	.text	OK	0x144025e50	.text	OK
Javelin::ClientMessages::StatusEffectsComponentClientFacet_Debug_SyncStatusEffects	5291	javelin_rtti_static	STRUCTURALLY_CONSISTENT		0x14a1fe870	.data	OK	0x14a1fe860	.data	OK	0x143ff7910	.text	OK	0x1482f4820	.rdata	OK	0x143ff7880	.text	OK	0x144025a50	.text	OK
Javelin::ClientMessages::StatusEffectsComponentClientFacet_Debug_SyncPausedStatusEffects	5731	javelin_rtti_static	STRUCTURALLY_CONSISTENT		0x14a1fe7c0	.data	OK	0x14a1fe7b0	.data	OK	0x143ff7a90	.text	OK	0x1482f4850	.rdata	OK	0x143ff7a00	.text	OK	0x144025850	.text	OK
Javelin::ClientMessages::StatusEffectsComponentServerFacet_RequestTokenDebit	5818	javelin_rtti_static	STRUCTURALLY_CONSISTENT		0x14a1fe720	.data	OK	0x14a1fe710	.data	OK	0x143ff7dc0	.text	OK	0x1482f4960	.rdata	OK	0x143ff7d30	.text	OK	0x144027650	.text	OK
Javelin::ClientMessages::StatusEffectsComponentServerFacet_Debug_IgnorePvpHealingBalance	6159	javelin_rtti_static	STRUCTURALLY_CONSISTENT		0x14a1fe670	.data	OK	0x14a1fe660	.data	OK	0x143ff7f80	.text	OK	0x1482f4a50	.rdata	OK	0x143ff7ef0	.text	OK	0x144026850	.text	OK
Javelin::ClientMessages::StatusEffectsComponentServerFacet_Debug_IgnorePvpStatusEffectBalance	6161	javelin_rtti_static	STRUCTURALLY_CONSISTENT		0x14a1fe5c0	.data	OK	0x14a1fe5b0	.data	OK	0x143ff8290	.text	OK	0x1482f4ba8	.rdata	OK	0x143ff8200	.text	OK	0x144026a50	.text	OK
Javelin::ClientMessages::DetectionVolumeTeleportComponentClientFacet_SyncDebugData	5001	javelin_rtti_static	STRUCTURALLY_CONSISTENT		0x14a200250	.data	OK	0x14a200240	.data	OK	0x14404d450	.text	OK	0x1482f9c60	.rdata	OK	0x14404d3c0	.text	OK	0x1440623f0	.text	OK
Javelin::ClientMessages::TemporaryAffiliationComponentServerFacet_SetAffiliation	4239	javelin_rtti_static	STRUCTURALLY_CONSISTENT		0x14a200120	.data	OK	0x14a200110	.data	OK	0x14404f060	.text	OK	0x1482fa330	.rdata	OK	0x14404efd0	.text	OK	0x1440629f0	.text	OK
Javelin::ClientMessages::TemporaryAffiliationComponentServerFacet_ClearAffiliation	4240	javelin_rtti_static	STRUCTURALLY_CONSISTENT		0x14a200070	.data	OK	0x14a200060	.data	OK	0x14404f2f0	.text	OK	0x1482fa3f0	.rdata	OK	0x14404f260	.text	OK	0x1440627f0	.text	OK
Javelin::ClientMessages::PlayerTimeComponentServerFacet_Debug_SetPlayerAgeDuration	6723	javelin_rtti_static	STRUCTURALLY_CONSISTENT		0x14a200e20	.data	OK	0x14a200e10	.data	OK	0x14406e310	.text	OK	0x1482fdab8	.rdata	OK	0x14406e280	.text	OK	0x144085390	.text	OK
Javelin::ClientMessages::TimeComponentClientFacet_SyncTimeChange	4246	javelin_rtti_static	STRUCTURALLY_CONSISTENT		0x14a2010b0	.data	OK	0x14a2010a0	.data	OK	0x144070a50	.text	OK	0x1482fe860	.rdata	OK	0x1440709c0	.text	OK	0x144085990	.text	OK
Javelin::ClientMessages::TimeComponentClientFacet_SyncDayPhase	4247	javelin_rtti_static	STRUCTURALLY_CONSISTENT		0x14a201010	.data	OK	0x14a201000	.data	OK	0x144070ca0	.text	OK	0x1482fe8a8	.rdata	OK	0x144070c10	.text	OK	0x144085590	.text	OK
Javelin::ClientMessages::TimeComponentClientFacet_SyncTimeAndPhase	7036	javelin_rtti_static	STRUCTURALLY_CONSISTENT		0x14a200f70	.data	OK	0x14a200f60	.data	OK	0x144070ec0	.text	OK	0x1482fe9b0	.rdata	OK	0x144070e30	.text	OK	0x144085790	.text	OK
Javelin::ClientMessages::TimeComponentServerFacet_SyncToClient	4248	javelin_rtti_static	STRUCTURALLY_CONSISTENT		0x14a200ed0	.data	OK	0x14a200ec0	.data	OK	0x144070f70	.text	OK	0x1482fe9e0	.rdata	OK	0x144070ee0	.text	OK	0x144085b90	.text	OK
Javelin::ClientMessages::CampingComponentClientFacet_CampReconnectFailure	4249	javelin_rtti_static	STRUCTURALLY_CONSISTENT		0x14a203500	.data	OK	0x14a2034f0	.data	OK	0x1440ae500	.text	OK	0x148306890	.rdata	OK	0x1440ae470	.text	OK	0x1440d62c0	.text	OK
Javelin::ClientMessages::CampingComponentClientFacet_DemolishCamp	6760	javelin_rtti_static	STRUCTURALLY_CONSISTENT		0x14a203460	.data	OK	0x14a203450	.data	OK	0x1440ae6a0	.text	OK	0x1483068d8	.rdata	OK	0x1440ae610	.text	OK	0x1440d64c0	.text	OK
Javelin::ClientMessages::CampingComponentServerFacet_RequestDemolishCamp	721	javelin_rtti_static	STRUCTURALLY_CONSISTENT		0x14a2033c0	.data	OK	0x14a2033b0	.data	OK	0x1440ae750	.text	OK	0x148306908	.rdata	OK	0x1440ae6c0	.text	OK	0x1440d6cc0	.text	OK
Javelin::ClientMessages::CampingComponentServerFacet_RequestSetCampSkinId	742	javelin_rtti_static	STRUCTURALLY_CONSISTENT		0x14a203320	.data	OK	0x14a203310	.data	OK	0x1440ae800	.text	OK	0x148306938	.rdata	OK	0x1440ae770	.text	OK	0x1440d6ec0	.text	OK
Javelin::ClientMessages::CampingComponentServerFacet_RequestDebugInstantBuildCamp	6106	javelin_rtti_static	STRUCTURALLY_CONSISTENT		0x14a203270	.data	OK	0x14a203260	.data	OK	0x1440ae8b0	.text	OK	0x148306968	.rdata	OK	0x1440ae820	.text	OK	0x1440d68c0	.text	OK
Javelin::ClientMessages::CampingComponentServerFacet_RequestDebugResetCampBindCooldown	6835	javelin_rtti_static	STRUCTURALLY_CONSISTENT		0x14a2031c0	.data	OK	0x14a2031b0	.data	OK	0x1440ae960	.text	OK	0x148306998	.rdata	OK	0x1440ae8d0	.text	OK	0x1440d6ac0	.text	OK
Javelin::ClientMessages::P2PTradeComponentServerFacet_UpdateOfferedItems	1437	javelin_rtti_static	STRUCTURALLY_CONSISTENT		0x14a203020	.data	OK	0x14a203010	.data	OK	0x1440aab40	.text	OK	0x148305570	.rdata	OK	0x1440aaab0	.text	OK	0x1440d8cc0	.text	OK
Javelin::ClientMessages::P2PTradeComponentServerFacet_UpdateOfferedCoin	122	javelin_rtti_static	STRUCTURALLY_CONSISTENT		0x14a202f80	.data	OK	0x14a202f70	.data	OK	0x1440aace0	.text	OK	0x1483055e8	.rdata	OK	0x1440aac50	.text	OK	0x1440d8ac0	.text	OK
Javelin::ClientMessages::P2PTradeComponentServerFacet_CancelOfferLockIn	5263	javelin_rtti_static	STRUCTURALLY_CONSISTENT		0x14a202ee0	.data	OK	0x14a202ed0	.data	OK	0x1440ab050	.text	OK	0x148305678	.rdata	OK	0x1440aafc0	.text	OK	0x1440d82c0	.text	OK
Javelin::ClientMessages::P2PTradeComponentServerFacet_LockInOffer	4202	javelin_rtti_static	STRUCTURALLY_CONSISTENT		0x14a202e40	.data	OK	0x14a202e30	.data	OK	0x1440ab360	.text	OK	0x1483057b8	.rdata	OK	0x1440ab2d0	.text	OK	0x1440d88c0	.text	OK
Javelin::ClientMessages::P2PTradeComponentServerFacet_ConfirmTrade	495	javelin_rtti_static	STRUCTURALLY_CONSISTENT		0x14a202da0	.data	OK	0x14a202d90	.data	OK	0x1440ab580	.text	OK	0x148305818	.rdata	OK	0x1440ab4f0	.text	OK	0x1440d86c0	.text	OK
Javelin::ClientMessages::P2PTradeComponentServerFacet_CancelTrade	4252	javelin_rtti_static	STRUCTURALLY_CONSISTENT		0x14a202d00	.data	OK	0x14a202cf0	.data	OK	0x1440ab910	.text	OK	0x1483059e0	.rdata	OK	0x1440ab880	.text	OK	0x1440d84c0	.text	OK
Javelin::ClientMessages::P2PTradeComponentClientFacet_OnTradeSessionStarted	2652	javelin_rtti_static	STRUCTURALLY_CONSISTENT		0x14a202c60	.data	OK	0x14a202c50	.data	OK	0x1440abcd0	.text	OK	0x148305a70	.rdata	OK	0x1440abc40	.text	OK	0x1440d7cc0	.text	OK
Javelin::ClientMessages::P2PTradeComponentClientFacet_OnUpdateOfferedItemsResponse	688	javelin_rtti_static	STRUCTURALLY_CONSISTENT		0x14a202bb0	.data	OK	0x14a202ba0	.data	OK	0x1440abf60	.text	OK	0x148305b70	.rdata	OK	0x1440abed0	.text	OK	0x1440d80c0	.text	OK
Javelin::ClientMessages::P2PTradeComponentClientFacet_OnUpdateOfferedCoinResponse	4253	javelin_rtti_static	STRUCTURALLY_CONSISTENT		0x14a202b00	.data	OK	0x14a202af0	.data	OK	0x1440ac0e0	.text	OK	0x148305bd0	.rdata	OK	0x1440ac050	.text	OK	0x1440d7ec0	.text	OK
Javelin::ClientMessages::P2PTradeComponentClientFacet_OnCancelOfferLockInResponse	5264	javelin_rtti_static	STRUCTURALLY_CONSISTENT		0x14a202a50	.data	OK	0x14a202a40	.data	OK	0x1440ac220	.text	OK	0x148305c30	.rdata	OK	0x1440ac190	.text	OK	0x1440d70c0	.text	OK
Javelin::ClientMessages::P2PTradeComponentClientFacet_OnLockInOfferResponse	3364	javelin_rtti_static	STRUCTURALLY_CONSISTENT		0x14a2029b0	.data	OK	0x14a2029a0	.data	OK	0x1440ac310	.text	OK	0x148305c60	.rdata	OK	0x1440ac280	.text	OK	0x1440d76c0	.text	OK
Javelin::ClientMessages::P2PTradeComponentClientFacet_OnConfirmTradeResponse	4254	javelin_rtti_static	STRUCTURALLY_CONSISTENT		0x14a202910	.data	OK	0x14a202900	.data	OK	0x1440ac500	.text	OK	0x148305cc0	.rdata	OK	0x1440ac470	.text	OK	0x1440d72c0	.text	OK
Javelin::ClientMessages::P2PTradeComponentClientFacet_OnOtherPlayerConfirmed	3506	javelin_rtti_static	STRUCTURALLY_CONSISTENT		0x14a202870	.data	OK	0x14a202860	.data	OK	0x1440ac980	.text	OK	0x148305ea8	.rdata	OK	0x1440ac8f0	.text	OK	0x1440d78c0	.text	OK
Javelin::ClientMessages::P2PTradeComponentClientFacet_OnTradeSessionEnded	2179	javelin_rtti_static	STRUCTURALLY_CONSISTENT		0x14a2027d0	.data	OK	0x14a2027c0	.data	OK	0x1440acb00	.text	OK	0x148305f08	.rdata	OK	0x1440aca70	.text	OK	0x1440d7ac0	.text	OK
Javelin::ClientMessages::P2PTradeComponentClientFacet_OnItemsOverflowed	4255	javelin_rtti_static	STRUCTURALLY_CONSISTENT		0x14a202730	.data	OK	0x14a202720	.data	OK	0x1440acf50	.text	OK	0x148306038	.rdata	OK	0x1440acec0	.text	OK	0x1440d74c0	.text	OK
Javelin::ClientMessages::TestTransactorComponentServerFacet_StartTrade	4259	javelin_rtti_static	STRUCTURALLY_CONSISTENT		0x14a202690	.data	OK	0x14a202680	.data	OK	0x1440aa430	.text	OK	0x148305368	.rdata	OK	0x1440aa3a0	.text	OK	0x1440d94c0	.text	OK
Javelin::ClientMessages::TestTransactorComponentServerFacet_StartTradeWithActor	3869	javelin_rtti_static	STRUCTURALLY_CONSISTENT		0x14a2025e0	.data	OK	0x14a2025d0	.data	OK	0x1440aa680	.text	OK	0x1483053f8	.rdata	OK	0x1440aa5f0	.text	OK	0x1440d96c0	.text	OK
Javelin::ClientMessages::TestTransactorComponentServerFacet_TakeAllFromActor	4220	javelin_rtti_static	STRUCTURALLY_CONSISTENT		0x14a202540	.data	OK	0x14a202530	.data	OK	0x1440aaa00	.text	OK	0x148305510	.rdata	OK	0x1440aa970	.text	OK	0x1440d98c0	.text	OK
Javelin::ClientMessages::TestTransactorComponentServerFacet_StartAbortingTradeWithActor	4260	javelin_rtti_static	STRUCTURALLY_CONSISTENT		0x14a202490	.data	OK	0x14a202480	.data	OK	0x1440aac30	.text	OK	0x1483055a0	.rdata	OK	0x1440aaba0	.text	OK	0x1440d92c0	.text	OK
Javelin::ClientMessages::TestTransactorComponentServerFacet_ResetAborts	4261	javelin_rtti_static	STRUCTURALLY_CONSISTENT		0x14a2023f0	.data	OK	0x14a2023e0	.data	OK	0x1440aaf10	.text	OK	0x148305648	.rdata	OK	0x1440aae80	.text	OK	0x1440d90c0	.text	OK
Javelin::ClientMessages::TransactionComponentServerFacet_AddBouncer	537	javelin_rtti_static	STRUCTURALLY_CONSISTENT		0x14a203f50	.data	OK	0x14a203f40	.data	OK	0x1440f19f0	.text	OK	0x14830c230	.rdata	OK	0x1440f1960	.text	OK	0x14411f9b0	.text	OK
Javelin::ClientMessages::TransactionComponentServerFacet_RemoveBouncer	3356	javelin_rtti_static	STRUCTURALLY_CONSISTENT		0x14a203eb0	.data	OK	0x14a203ea0	.data	OK	0x1440f1d20	.text	OK	0x14830c328	.rdata	OK	0x1440f1c90	.text	OK	0x14411ffb0	.text	OK
Javelin::ClientMessages::TransactionComponentServerFacet_DebugSetFailJoinTransactions	5110	javelin_rtti_static	STRUCTURALLY_CONSISTENT		0x14a203e00	.data	OK	0x14a203df0	.data	OK	0x1440f2070	.text	OK	0x14830c358	.rdata	OK	0x1440f1fe0	.text	OK	0x14411fdb0	.text	OK
Javelin::ClientMessages::TransactionComponentServerFacet_DebugSetFailCommitTransactions	5105	javelin_rtti_static	STRUCTURALLY_CONSISTENT		0x14a203d50	.data	OK	0x14a203d40	.data	OK	0x1440f22d0	.text	OK	0x14830c460	.rdata	OK	0x1440f2240	.text	OK	0x14411fbb0	.text	OK
Javelin::ClientMessages::TransmogComponentServerFacet_EnableItemSkin	5692	javelin_rtti_static	STRUCTURALLY_CONSISTENT		0x14a205100	.data	OK	0x14a2050f0	.data	OK	0x1440f3c20	.text	OK	0x14830cd80	.rdata	OK	0x1440f3b90	.text	OK	0x1441223b0	.text	OK
Javelin::ClientMessages::TransmogComponentServerFacet_DisableItemSkin	5693	javelin_rtti_static	STRUCTURALLY_CONSISTENT		0x14a205060	.data	OK	0x14a205050	.data	OK	0x1440f3d80	.text	OK	0x14830cde0	.rdata	OK	0x1440f3cf0	.text	OK	0x1441221b0	.text	OK
Javelin::ClientMessages::TransmogComponentServerFacet_UnlockTransmogSkin	5787	javelin_rtti_static	STRUCTURALLY_CONSISTENT		0x14a204fc0	.data	OK	0x14a204fb0	.data	OK	0x1440f3f60	.text	OK	0x14830ce40	.rdata	OK	0x1440f3ed0	.text	OK	0x1441225b0	.text	OK
Javelin::ClientMessages::TransmogComponentClientFacet_OnEnableSkinError	5694	javelin_rtti_static	STRUCTURALLY_CONSISTENT		0x14a204f20	.data	OK	0x14a204f10	.data	OK	0x1440f43a0	.text	OK	0x14830d050	.rdata	OK	0x1440f4310	.text	OK	0x1441201b0	.text	OK
Javelin::ClientMessages::TransmogComponentClientFacet_OnEnableSkinSuccess	5985	javelin_rtti_static	STRUCTURALLY_CONSISTENT		0x14a204e80	.data	OK	0x14a204e70	.data	OK	0x1440f4710	.text	OK	0x14830d148	.rdata	OK	0x1440f4680	.text	OK	0x1441203b0	.text	OK
Javelin::ClientMessages::TransmogComponentClientFacet_OnUnlockTransmogSkin	5700	javelin_rtti_static	STRUCTURALLY_CONSISTENT		0x14a204de0	.data	OK	0x14a204dd0	.data	OK	0x1440f47c0	.text	OK	0x14830d178	.rdata	OK	0x1440f4730	.text	OK	0x1441209b0	.text	OK
Javelin::ClientMessages::TransmogComponentClientFacet_OnSkinDye	6147	javelin_rtti_static	STRUCTURALLY_CONSISTENT		0x14a204d40	.data	OK	0x14a204d30	.data	OK	0x1440f4870	.text	OK	0x14830d1a8	.rdata	OK	0x1440f47e0	.text	OK	0x1441207b0	.text	OK
Javelin::ClientMessages::TransmogComponentClientFacet_OnReceivedTransmogData	6282	javelin_rtti_static	STRUCTURALLY_CONSISTENT		0x14a204ca0	.data	OK	0x14a204c90	.data	OK	0x1440f4a80	.text	OK	0x14830d268	.rdata	OK	0x1440f49f0	.text	OK	0x1441205b0	.text	OK
Javelin::ClientMessages::TransmogComponentServerFacet_DebugCaptureAllSkins	5739	javelin_rtti_static	STRUCTURALLY_CONSISTENT		0x14a204c00	.data	OK	0x14a204bf0	.data	OK	0x1440f4e00	.text	OK	0x14830d340	.rdata	OK	0x1440f4d70	.text	OK	0x144120db0	.text	OK
Javelin::ClientMessages::TransmogComponentServerFacet_DebugOwnAllSkins	5839	javelin_rtti_static	STRUCTURALLY_CONSISTENT		0x14a204b60	.data	OK	0x14a204b50	.data	OK	0x1440f4f20	.text	OK	0x14830d370	.rdata	OK	0x1440f4e90	.text	OK	0x1441215b0	.text	OK
Javelin::ClientMessages::TransmogComponentServerFacet_DebugCaptureRandomSkins	5951	javelin_rtti_static	STRUCTURALLY_CONSISTENT		0x14a204ac0	.data	OK	0x14a204ab0	.data	OK	0x1440f53a0	.text	OK	0x14830d598	.rdata	OK	0x1440f5310	.text	OK	0x144120fb0	.text	OK
Javelin::ClientMessages::TransmogComponentServerFacet_DebugOwnRandomSkins	5950	javelin_rtti_static	STRUCTURALLY_CONSISTENT		0x14a204a20	.data	OK	0x14a204a10	.data	OK	0x1440f5450	.text	OK	0x14830d790	.rdata	OK	0x1440f53c0	.text	OK	0x1441217b0	.text	OK
Javelin::ClientMessages::TransmogComponentServerFacet_DebugCaptureSkin	5931	javelin_rtti_static	STRUCTURALLY_CONSISTENT		0x14a204980	.data	OK	0x14a204970	.data	OK	0x1440ec210	.text	OK	0x14830a7e8	.rdata	OK	0x1440ec180	.text	OK	0x1441211b0	.text	OK
Javelin::ClientMessages::TransmogComponentServerFacet_DebugUnlockSkin	5939	javelin_rtti_static	STRUCTURALLY_CONSISTENT		0x14a2048e0	.data	OK	0x14a2048d0	.data	OK	0x1440ec390	.text	OK	0x14830a848	.rdata	OK	0x1440ec300	.text	OK	0x144121fb0	.text	OK
Javelin::ClientMessages::TransmogComponentServerFacet_DebugServiceCaptureSkin	5932	javelin_rtti_static	STRUCTURALLY_CONSISTENT		0x14a204840	.data	OK	0x14a204830	.data	OK	0x1440ec440	.text	OK	0x14830a878	.rdata	OK	0x1440ec3b0	.text	OK	0x144121bb0	.text	OK
Javelin::ClientMessages::TransmogComponentServerFacet_DebugServiceUnlockSkin	5940	javelin_rtti_static	STRUCTURALLY_CONSISTENT		0x14a2047a0	.data	OK	0x14a204790	.data	OK	0x1440ec5c0	.text	OK	0x14830a8d8	.rdata	OK	0x1440ec530	.text	OK	0x144121db0	.text	OK
Javelin::ClientMessages::TransmogComponentServerFacet_DebugConvertData	5999	javelin_rtti_static	STRUCTURALLY_CONSISTENT		0x14a204700	.data	OK	0x14a2046f0	.data	OK	0x1440ec6e0	.text	OK	0x14830a908	.rdata	OK	0x1440ec650	.text	OK	0x1441213b0	.text	OK
Javelin::ClientMessages::TransmogComponentServerFacet_DebugRequestTransmogData	6283	javelin_rtti_static	STRUCTURALLY_CONSISTENT		0x14a204650	.data	OK	0x14a204640	.data	OK	0x1440eccc0	.text	OK	0x14830ab38	.rdata	OK	0x1440ecc30	.text	OK	0x1441219b0	.text	OK
Javelin::ClientMessages::SlopeSliderComponentClientFacet_ClientSyncServerState	3669	javelin_rtti_static	STRUCTURALLY_CONSISTENT		0x14a204520	.data	OK	0x14a204510	.data	OK	0x1440f3770	.text	OK	0x14830cc08	.rdata	OK	0x1440f36e0	.text	OK	0x14411ebb0	.text	OK
Javelin::ClientMessages::SlopeSliderComponentClientFacet_ClientForceSyncServerState	4266	javelin_rtti_static	STRUCTURALLY_CONSISTENT		0x14a204470	.data	OK	0x14a204460	.data	OK	0x1440f3830	.text	OK	0x14830cc38	.rdata	OK	0x1440f37a0	.text	OK	0x14411e9b0	.text	OK
Javelin::ClientMessages::SlopeSliderComponentServerFacet_ForceServerSyncRequestedFromClient	4267	javelin_rtti_static	STRUCTURALLY_CONSISTENT		0x14a2043c0	.data	OK	0x14a2043b0	.data	OK	0x1440f38e0	.text	OK	0x14830cc68	.rdata	OK	0x1440f3850	.text	OK	0x14411f5b0	.text	OK
Javelin::ClientMessages::SlopeSliderComponentServerFacet_DebugOnSlopeYawSmoothTimeChanged	4268	javelin_rtti_static	STRUCTURALLY_CONSISTENT		0x14a204310	.data	OK	0x14a204300	.data	OK	0x1440f3a80	.text	OK	0x14830cd08	.rdata	OK	0x1440f39f0	.text	OK	0x14411f1b0	.text	OK
Javelin::ClientMessages::SlopeSliderComponentServerFacet_DebugOnSlopePitchSmoothTimeChanged	855	javelin_rtti_static	STRUCTURALLY_CONSISTENT		0x14a204260	.data	OK	0x14a204250	.data	OK	0x1440f3cd0	.text	OK	0x14830cdb0	.rdata	OK	0x1440f3c40	.text	OK	0x14411edb0	.text	OK
Javelin::ClientMessages::SlopeSliderComponentServerFacet_DebugOnlySlideOnTerrainChanged	332	javelin_rtti_static	STRUCTURALLY_CONSISTENT		0x14a2041b0	.data	OK	0x14a2041a0	.data	OK	0x1440f3eb0	.text	OK	0x14830ce10	.rdata	OK	0x1440f3e20	.text	OK	0x14411f3b0	.text	OK
Javelin::ClientMessages::SlopeSliderComponentServerFacet_DebugOnSlopeRelativeMotionDataChanged	4270	javelin_rtti_static	STRUCTURALLY_CONSISTENT		0x14a2040f0	.data	OK	0x14a2040e0	.data	OK	0x1440f42f0	.text	OK	0x14830cff8	.rdata	OK	0x1440f4260	.text	OK	0x14411efb0	.text	OK
Javelin::ClientMessages::TraversalComponentServerFacet_ReceiveUseTraversalRaycastFromClient	3920	javelin_rtti_static	STRUCTURALLY_CONSISTENT		0x14a205fe0	.data	OK	0x14a205fd0	.data	OK	0x1441490d0	.text	OK	0x148311ef8	.rdata	OK	0x144149040	.text	OK	0x144162fd0	.text	OK
Javelin::ClientMessages::TraversalComponentServerFacet_SyncIsAutoTraversalEnabled	4272	javelin_rtti_static	STRUCTURALLY_CONSISTENT		0x14a205f30	.data	OK	0x14a205f20	.data	OK	0x144149360	.text	OK	0x148311fb8	.rdata	OK	0x1441492d0	.text	OK	0x1441631d0	.text	OK
Javelin::ClientMessages::PlayerTurretComponentServerFacet_ReceiveInput	4273	javelin_rtti_static	STRUCTURALLY_CONSISTENT		0x14a205e90	.data	OK	0x14a205e80	.data	OK	0x144145570	.text	OK	0x148311070	.rdata	OK	0x1441454e0	.text	OK	0x1441625d0	.text	OK
Javelin::ClientMessages::PlayerTurretComponentServerFacet_FireProjectile	4274	javelin_rtti_static	STRUCTURALLY_CONSISTENT		0x14a205df0	.data	OK	0x14a205de0	.data	OK	0x144145710	.text	OK	0x1483110b8	.rdata	OK	0x144145680	.text	OK	0x1441623d0	.text	OK
Javelin::ClientMessages::PlayerTurretComponentServerFacet_ReceiveRepeaterInput	4145	javelin_rtti_static	STRUCTURALLY_CONSISTENT		0x14a205d40	.data	OK	0x14a205d30	.data	OK	0x1441457c0	.text	OK	0x1483110e8	.rdata	OK	0x144145730	.text	OK	0x1441629d0	.text	OK
Javelin::ClientMessages::PlayerTurretComponentServerFacet_ReceiveRepeaterFireInput	2834	javelin_rtti_static	STRUCTURALLY_CONSISTENT		0x14a205c90	.data	OK	0x14a205c80	.data	OK	0x144145990	.text	OK	0x148311130	.rdata	OK	0x144145900	.text	OK	0x1441627d0	.text	OK
Javelin::ClientMessages::PlayerTurretComponentServerFacet_RequestFireSpeedChange	3017	javelin_rtti_static	STRUCTURALLY_CONSISTENT		0x14a205be0	.data	OK	0x14a205bd0	.data	OK	0x144145a40	.text	OK	0x148311160	.rdata	OK	0x1441459b0	.text	OK	0x144162dd0	.text	OK
Javelin::ClientMessages::PlayerTurretComponentServerFacet_RequestAmmoRefill	2175	javelin_rtti_static	STRUCTURALLY_CONSISTENT		0x14a205b40	.data	OK	0x14a205b30	.data	OK	0x144145af0	.text	OK	0x148311190	.rdata	OK	0x144145a60	.text	OK	0x144162bd0	.text	OK
Javelin::ClientMessages::TurretComponentServerFacet_DEBUG_DrawProjectileSpawner	4275	javelin_rtti_static	STRUCTURALLY_CONSISTENT		0x14a206130	.data	OK	0x14a206120	.data	OK	0x144146e10	.text	OK	0x1483115f8	.rdata	OK	0x144146d80	.text	OK	0x1441635d0	.text	OK
Javelin::ClientMessages::TurretComponentClientFacet_OnHitscanServerResult	2720	javelin_rtti_static	STRUCTURALLY_CONSISTENT		0x14a206090	.data	OK	0x14a206080	.data	OK	0x144146ec0	.text	OK	0x148311628	.rdata	OK	0x144146e30	.text	OK	0x1441633d0	.text	OK
Javelin::ClientMessages::TutorialAIComponentClientFacet_OnPlayerSeenByAI	955	javelin_rtti_static	STRUCTURALLY_CONSISTENT		0x14a206b00	.data	OK	0x14a206af0	.data	OK	0x144172880	.text	OK	0x148315870	.rdata	OK	0x1441727f0	.text	OK	0x144181450	.text	OK
Javelin::ClientMessages::TutorialAIComponentServerFacet_SetBehavior	1884	javelin_rtti_static	STRUCTURALLY_CONSISTENT		0x14a206a60	.data	OK	0x14a206a50	.data	OK	0x144172930	.text	OK	0x1483158a0	.rdata	OK	0x1441728a0	.text	OK	0x144181850	.text	OK
Javelin::ClientMessages::TutorialAIComponentServerFacet_MoveLootTowardsPlayer	2287	javelin_rtti_static	STRUCTURALLY_CONSISTENT		0x14a2069c0	.data	OK	0x14a2069b0	.data	OK	0x1441729e0	.text	OK	0x1483158d0	.rdata	OK	0x144172950	.text	OK	0x144181650	.text	OK
Javelin::ClientMessages::UIActionManagerComponentServerFacet_RequestUIActionChange	4279	javelin_rtti_static	STRUCTURALLY_CONSISTENT		0x14a207430	.data	OK	0x14a207420	.data	OK	0x144189d20	.text	OK	0x148318388	.rdata	OK	0x144189c90	.text	OK	0x14419ef60	.text	OK
Javelin::ClientMessages::VariationDataComponentServerFacet_RequestVariantChange	3004	javelin_rtti_static	STRUCTURALLY_CONSISTENT		0x14a20b270	.data	OK	0x14a20b260	.data	OK	0x1442b8da0	.text	OK	0x1483285b0	.rdata	OK	0x1442b8d10	.text	OK	0x1442ce280	.text	OK
Javelin::ClientMessages::VariationDataComponentClientFacet_OnVariantChangedServerToClient	3631	javelin_rtti_static	STRUCTURALLY_CONSISTENT		0x14a20b1c0	.data	OK	0x14a20b1b0	.data	OK	0x1442b8e50	.text	OK	0x1483285e0	.rdata	OK	0x1442b8dc0	.text	OK	0x1442ce080	.text	OK
Javelin::ClientMessages::WarboardComponentClientFacet_OnUpdateWarboardManifest	2968	javelin_rtti_static	STRUCTURALLY_CONSISTENT		0x14a20bf80	.data	OK	0x14a20bf70	.data	OK	0x1442dfbc0	.text	OK	0x14832bf40	.rdata	OK	0x1442dfb30	.text	OK	0x1442f7d60	.text	OK
Javelin::ClientMessages::WarboardComponentClientFacet_OnUpdateFullWarboardManifest	3530	javelin_rtti_static	STRUCTURALLY_CONSISTENT		0x14a20bed0	.data	OK	0x14a20bec0	.data	OK	0x1442dfc70	.text	OK	0x14832bf70	.rdata	OK	0x1442dfbe0	.text	OK	0x1442f7b60	.text	OK
Javelin::ClientMessages::WarboardComponentClientFacet_OnUpdateWarboardStats	839	javelin_rtti_static	STRUCTURALLY_CONSISTENT		0x14a20be30	.data	OK	0x14a20be20	.data	OK	0x1442dfe30	.text	OK	0x14832bfb8	.rdata	OK	0x1442dfda0	.text	OK	0x1442f7f60	.text	OK
Javelin::ClientMessages::WaterLevelComponentServerFacet_SetKeepInteraction	4318	javelin_rtti_static	STRUCTURALLY_CONSISTENT		0x14a20c0b0	.data	OK	0x14a20c0a0	.data	OK	0x1442de230	.text	OK	0x14832b830	.rdata	OK	0x1442de1a0	.text	OK	0x1442f8360	.text	OK
Javelin::ClientMessages::WaypointsComponentServerFacet_RequestSetWaypoint	2728	javelin_rtti_static	STRUCTURALLY_CONSISTENT		0x14a20c870	.data	OK	0x14a20c860	.data	OK	0x144306070	.text	OK	0x14832fc18	.rdata	OK	0x144305fe0	.text	OK	0x14430f570	.text	OK
Javelin::ClientMessages::WhisperPlayerComponentClientFacet_RequestStartWhisper	5070	javelin_rtti_static	STRUCTURALLY_CONSISTENT		0x14a20c740	.data	OK	0x14a20c730	.data	OK	0x144305d90	.text	OK	0x14832fb58	.rdata	OK	0x144305d00	.text	OK	0x14430f970	.text	OK
Javelin::ClientMessages::WhisperPlayerComponentServerFacet_RequestStartWhisper	5235	javelin_rtti_static	STRUCTURALLY_CONSISTENT		0x14a20c690	.data	OK	0x14a20c680	.data	OK	0x144305e40	.text	OK	0x14832fb88	.rdata	OK	0x144305db0	.text	OK	0x14430fb70	.text	OK
Javelin::ClientMessages::BuildableControllerClientFacet_SyncOnUpgradeComplete	2613	javelin_rtti_static	STRUCTURALLY_CONSISTENT		0x14a220df0	.data	OK	0x14a220de0	.data	OK	0x144792fb0	.text	OK	0x148377c98	.rdata	OK	0x144792f20	.text	OK	0x1447a7fb0	.text	OK
Javelin::ClientMessages::BuildableControllerClientFacet_OnCompletionBlockedStatusChanged	5361	javelin_rtti_static	STRUCTURALLY_CONSISTENT		0x14a220d40	.data	OK	0x14a220d30	.data	OK	0x144793060	.text	OK	0x148377cc8	.rdata	OK	0x144792fd0	.text	OK	0x1447a7db0	.text	OK
Javelin::ClientMessages::BuildableControllerServerFacet_RequestAutoCommitResources	2624	javelin_rtti_static	STRUCTURALLY_CONSISTENT		0x14a220c90	.data	OK	0x14a220c80	.data	OK	0x144793110	.text	OK	0x148377cf8	.rdata	OK	0x144793080	.text	OK	0x1447a81b0	.text	OK
Javelin::ClientMessages::BuilderComponentClientFacet_SyncData	2645	javelin_rtti_static	STRUCTURALLY_CONSISTENT		0x14a2217f0	.data	OK	0x14a2217e0	.data	OK	0x1447bb920	.text	OK	0x14837acd8	.rdata	OK	0x1447bb890	.text	OK	0x1447c8f60	.text	OK
Javelin::ClientMessages::BuilderComponentClientFacet_SyncPlacementRequestResults	441	javelin_rtti_static	STRUCTURALLY_CONSISTENT		0x14a221740	.data	OK	0x14a221730	.data	OK	0x1447bb9d0	.text	OK	0x14837ad08	.rdata	OK	0x1447bb940	.text	OK	0x1447c9160	.text	OK
Javelin::ClientMessages::BuilderComponentServerFacet_RequestCancelPlacingStructure	1507	javelin_rtti_static	STRUCTURALLY_CONSISTENT		0x14a221690	.data	OK	0x14a221680	.data	OK	0x1447bba80	.text	OK	0x14837ad38	.rdata	OK	0x1447bb9f0	.text	OK	0x1447c9960	.text	OK
Javelin::ClientMessages::BuilderComponentServerFacet_RequestPlaceStructure	2236	javelin_rtti_static	STRUCTURALLY_CONSISTENT		0x14a2215f0	.data	OK	0x14a2215e0	.data	OK	0x1447bbb30	.text	OK	0x14837ad68	.rdata	OK	0x1447bbaa0	.text	OK	0x1447c9b60	.text	OK
Javelin::ClientMessages::BuilderComponentServerFacet_RequestBuildDefensiveStructure	2646	javelin_rtti_static	STRUCTURALLY_CONSISTENT		0x14a221540	.data	OK	0x14a221530	.data	OK	0x1447bbd20	.text	OK	0x14837ad98	.rdata	OK	0x1447bbc90	.text	OK	0x1447c9760	.text	OK
Javelin::ClientMessages::BuilderComponentServerFacet_OnClientRequestStopApplyingResources	2656	javelin_rtti_static	STRUCTURALLY_CONSISTENT		0x14a221490	.data	OK	0x14a221480	.data	OK	0x1447bbf40	.text	OK	0x14837aea0	.rdata	OK	0x1447bbeb0	.text	OK	0x1447c9560	.text	OK
Javelin::ClientMessages::BuilderComponentServerFacet_DebugRequestEnableFreeCamps	5607	javelin_rtti_static	STRUCTURALLY_CONSISTENT		0x14a2213e0	.data	OK	0x14a2213d0	.data	OK	0x1447bbff0	.text	OK	0x14837afb0	.rdata	OK	0x1447bbf60	.text	OK	0x1447c9360	.text	OK
Javelin::ClientMessages::TerritoryComponentClientFacet_ClaimTerritory	1633	javelin_rtti_static	STRUCTURALLY_CONSISTENT		0x14a221f70	.data	OK	0x14a221f60	.data	OK	0x1447d45e0	.text	OK	0x14837d288	.rdata	OK	0x1447d4550	.text	OK	0x1447dc420	.text	OK
Javelin::ClientMessages::TerritoryComponentClientFacet_UnclaimTerritory	1741	javelin_rtti_static	STRUCTURALLY_CONSISTENT		0x14a221ed0	.data	OK	0x14a221ec0	.data	OK	0x1447d4690	.text	OK	0x14837d2b8	.rdata	OK	0x1447d4600	.text	OK	0x1447dc620	.text	OK
Javelin::ClientMessages::TerritoryComponentServerFacet_UnclaimTerritory	2679	javelin_rtti_static	STRUCTURALLY_CONSISTENT		0x14a221e30	.data	OK	0x14a221e20	.data	OK	0x1447d4740	.text	OK	0x14837d2e8	.rdata	OK	0x1447d46b0	.text	OK	0x1447dc820	.text	OK
Javelin::ClientMessages::TerritoryInteractorComponentClientFacet_OnServerFacetReady	2722	javelin_rtti_static	STRUCTURALLY_CONSISTENT		0x14a222840	.data	OK	0x14a222830	.data	OK	0x1447ed690	.text	OK	0x148382158	.rdata	OK	0x1447ed600	.text	OK	0x144805390	.text	OK
Javelin::ClientMessages::TerritoryInteractorComponentClientFacet_OnSignupResponseReceived	2169	javelin_rtti_static	STRUCTURALLY_CONSISTENT		0x14a222790	.data	OK	0x14a222780	.data	OK	0x1447ed980	.text	OK	0x1483822b0	.rdata	OK	0x1447ed8f0	.text	OK	0x144805d90	.text	OK
Javelin::ClientMessages::TerritoryInteractorComponentClientFacet_OnSignupListReceived	2726	javelin_rtti_static	STRUCTURALLY_CONSISTENT		0x14a2226e0	.data	OK	0x14a2226d0	.data	OK	0x1447edc10	.text	OK	0x1483823c8	.rdata	OK	0x1447edb80	.text	OK	0x144805b90	.text	OK
Javelin::ClientMessages::TerritoryInteractorComponentClientFacet_OnSignupCountReceived	2729	javelin_rtti_static	STRUCTURALLY_CONSISTENT		0x14a222630	.data	OK	0x14a222620	.data	OK	0x1447edf00	.text	OK	0x148382500	.rdata	OK	0x1447ede70	.text	OK	0x144805990	.text	OK
Javelin::ClientMessages::TerritoryInteractorComponentClientFacet_OnSetRosterResponseReceived	2733	javelin_rtti_static	STRUCTURALLY_CONSISTENT		0x14a222580	.data	OK	0x14a222570	.data	OK	0x1447edfb0	.text	OK	0x148382530	.rdata	OK	0x1447edf20	.text	OK	0x144805790	.text	OK
Javelin::ClientMessages::TerritoryInteractorComponentClientFacet_OnSetBackfillEnabledResponseReceived	2734	javelin_rtti_static	STRUCTURALLY_CONSISTENT		0x14a2224c0	.data	OK	0x14a2224b0	.data	OK	0x1447ee130	.text	OK	0x148382590	.rdata	OK	0x1447ee0a0	.text	OK	0x144805590	.text	OK
Javelin::ClientMessages::TerritoryInteractorComponentClientFacet_OnLeaveResponseReceived	2230	javelin_rtti_static	STRUCTURALLY_CONSISTENT		0x14a222410	.data	OK	0x14a222400	.data	OK	0x1447ee7f0	.text	OK	0x148382640	.rdata	OK	0x1447ee6e0	.text	OK	0x144805190	.text	OK
Javelin::ClientMessages::TerritoryInteractorComponentServerFacet_RequestPayUpkeepCost	2738	javelin_rtti_static	STRUCTURALLY_CONSISTENT		0x14a222360	.data	OK	0x14a222350	.data	OK	0x1447eec40	.text	OK	0x148382870	.rdata	OK	0x1447eebb0	.text	OK	0x14480a190	.text	OK
Javelin::ClientMessages::TerritoryInteractorComponentServerFacet_RequestStartProject	453	javelin_rtti_static	STRUCTURALLY_CONSISTENT		0x14a2222b0	.data	OK	0x14a2222a0	.data	OK	0x1447ef180	.text	OK	0x148382980	.rdata	OK	0x1447ef0f0	.text	OK	0x14480b790	.text	OK
Javelin::ClientMessages::TerritoryInteractorComponentServerFacet_RequestCancelProject	2739	javelin_rtti_static	STRUCTURALLY_CONSISTENT		0x14a224be0	.data	OK	0x14a224bd0	.data	OK	0x1447ef4d0	.text	OK	0x148382ad8	.rdata	OK	0x1447ef440	.text	OK	0x144809790	.text	OK
Javelin::ClientMessages::TerritoryInteractorComponentServerFacet_SetTaxOrFee	2519	javelin_rtti_static	STRUCTURALLY_CONSISTENT		0x14a224b40	.data	OK	0x14a224b30	.data	OK	0x1447ef830	.text	OK	0x148382bf0	.rdata	OK	0x1447ef7a0	.text	OK	0x14480bb90	.text	OK
Javelin::ClientMessages::TerritoryInteractorComponentServerFacet_DEBUG_RequestAddFactionInfluence	2740	javelin_rtti_static	STRUCTURALLY_CONSISTENT		0x14a224a80	.data	OK	0x14a224a70	.data	OK	0x1447efb50	.text	OK	0x148382c78	.rdata	OK	0x1447efac0	.text	OK	0x144806790	.text	OK
Javelin::ClientMessages::TerritoryInteractorComponentServerFacet_DEBUG_RequestResetFactionInfluence	2741	javelin_rtti_static	STRUCTURALLY_CONSISTENT		0x14a2249c0	.data	OK	0x14a2249b0	.data	OK	0x1447f02e0	.text	OK	0x148382e18	.rdata	OK	0x1447f01d0	.text	OK	0x144807590	.text	OK
Javelin::ClientMessages::TerritoryInteractorComponentServerFacet_DEBUG_RequestSyncFactionInfluenceValues	6132	javelin_rtti_static	STRUCTURALLY_CONSISTENT		0x14a224900	.data	OK	0x14a2248f0	.data	OK	0x1447f08e0	.text	OK	0x148382f68	.rdata	OK	0x1447f07f0	.text	OK	0x144808790	.text	OK
Javelin::ClientMessages::TerritoryInteractorComponentClientFacet_DEBUG_OnSyncFactionInfluenceValues	6133	javelin_rtti_static	STRUCTURALLY_CONSISTENT		0x14a224840	.data	OK	0x14a224830	.data	OK	0x1447f0b30	.text	OK	0x1483830a8	.rdata	OK	0x1447f0aa0	.text	OK	0x144804b90	.text	OK
Javelin::ClientMessages::TerritoryInteractorComponentServerFacet_DEBUG_SetTaxOrFee	2742	javelin_rtti_static	STRUCTURALLY_CONSISTENT		0x14a224790	.data	OK	0x14a224780	.data	OK	0x1447f0cd0	.text	OK	0x148383108	.rdata	OK	0x1447f0c40	.text	OK	0x144809190	.text	OK
Javelin::ClientMessages::TerritoryInteractorComponentServerFacet_DEBUG_DowngradeRandomPrevProject	2746	javelin_rtti_static	STRUCTURALLY_CONSISTENT		0x14a2246d0	.data	OK	0x14a2246c0	.data	OK	0x1447f0e50	.text	OK	0x148383168	.rdata	OK	0x1447f0dc0	.text	OK	0x144805f90	.text	OK
Javelin::ClientMessages::TerritoryInteractorComponentServerFacet_DEBUG_OnGovernanceUpkeepPenalty	2747	javelin_rtti_static	STRUCTURALLY_CONSISTENT		0x14a224610	.data	OK	0x14a224600	.data	OK	0x1447e0dc0	.text	OK	0x14837e460	.rdata	OK	0x1447e0d30	.text	OK	0x144806390	.text	OK
Javelin::ClientMessages::TerritoryInteractorComponentServerFacet_DEBUG_OnInvasionFailure	2751	javelin_rtti_static	STRUCTURALLY_CONSISTENT		0x14a224560	.data	OK	0x14a224550	.data	OK	0x1447e1130	.text	OK	0x14837e5c0	.rdata	OK	0x1447e1050	.text	OK	0x144806590	.text	OK
Javelin::ClientMessages::TerritoryInteractorComponentServerFacet_DEBUG_OnGovernanceOwnershipChangePenalty	2753	javelin_rtti_static	STRUCTURALLY_CONSISTENT		0x14a2244a0	.data	OK	0x14a224490	.data	OK	0x1447e1700	.text	OK	0x14837e6d8	.rdata	OK	0x1447e1670	.text	OK	0x144806190	.text	OK
Javelin::ClientMessages::TerritoryInteractorComponentServerFacet_DEBUG_TriggerTerritoryControlStreakScoring	5418	javelin_rtti_static	STRUCTURALLY_CONSISTENT		0x14a2243e0	.data	OK	0x14a2243d0	.data	OK	0x1447e19a0	.text	OK	0x14837e778	.rdata	OK	0x1447e1910	.text	OK	0x144809390	.text	OK
Javelin::ClientMessages::TerritoryInteractorComponentServerFacet_DEBUG_RequestSetUpkeepTimeRemaining	2754	javelin_rtti_static	STRUCTURALLY_CONSISTENT		0x14a224320	.data	OK	0x14a224310	.data	OK	0x1447e1d30	.text	OK	0x14837e848	.rdata	OK	0x1447e1c90	.text	OK	0x144808190	.text	OK
Javelin::ClientMessages::TerritoryInteractorComponentServerFacet_DEBUG_RequestTransferOwnership	878	javelin_rtti_static	STRUCTURALLY_CONSISTENT		0x14a224260	.data	OK	0x14a224250	.data	OK	0x1447e1ec0	.text	OK	0x14837e920	.rdata	OK	0x1447e1e30	.text	OK	0x144808b90	.text	OK
Javelin::ClientMessages::TerritoryInteractorComponentServerFacet_DEBUG_RequestSetConflictState	2757	javelin_rtti_static	STRUCTURALLY_CONSISTENT		0x14a2241a0	.data	OK	0x14a224190	.data	OK	0x1447e2310	.text	OK	0x14837ea78	.rdata	OK	0x1447e2280	.text	OK	0x144807b90	.text	OK
Javelin::ClientMessages::TerritoryInteractorComponentServerFacet_DEBUG_RequestClearConflictState	427	javelin_rtti_static	STRUCTURALLY_CONSISTENT		0x14a2240e0	.data	OK	0x14a2240d0	.data	OK	0x1447e2c20	.text	OK	0x14837ec40	.rdata	OK	0x1447e2b90	.text	OK	0x144806990	.text	OK
Javelin::ClientMessages::TerritoryInteractorComponentServerFacet_DEBUG_RequestSignup	1505	javelin_rtti_static	STRUCTURALLY_CONSISTENT		0x14a224030	.data	OK	0x14a224020	.data	OK	0x1447e3590	.text	OK	0x14837ed90	.rdata	OK	0x1447e3500	.text	OK	0x144808390	.text	OK
Javelin::ClientMessages::TerritoryInteractorComponentServerFacet_DEBUG_RequestPerformBackfill	1971	javelin_rtti_static	STRUCTURALLY_CONSISTENT		0x14a223f80	.data	OK	0x14a223f70	.data	OK	0x1447e39d0	.text	OK	0x14837efd8	.rdata	OK	0x1447e3940	.text	OK	0x144807390	.text	OK
Javelin::ClientMessages::TerritoryInteractorComponentServerFacet_DEBUG_RequestGetConflictPauseState	1360	javelin_rtti_static	STRUCTURALLY_CONSISTENT		0x14a223ec0	.data	OK	0x14a223eb0	.data	OK	0x1447e3f10	.text	OK	0x14837f1f8	.rdata	OK	0x1447e3e80	.text	OK	0x144807190	.text	OK
Javelin::ClientMessages::TerritoryInteractorComponentServerFacet_DEBUG_RequestSimulateMaintenanceMode	5019	javelin_rtti_static	STRUCTURALLY_CONSISTENT		0x14a223e00	.data	OK	0x14a223df0	.data	OK	0x1447e4270	.text	OK	0x14837f258	.rdata	OK	0x1447e41e0	.text	OK	0x144808590	.text	OK
Javelin::ClientMessages::TerritoryInteractorComponentClientFacet_DEBUG_RequestGetConflictPauseStateResponse	2759	javelin_rtti_static	STRUCTURALLY_CONSISTENT		0x14a223d40	.data	OK	0x14a223d30	.data	OK	0x1447e4490	.text	OK	0x14837f3a0	.rdata	OK	0x1447e4400	.text	OK	0x144804f90	.text	OK
Javelin::ClientMessages::TerritoryInteractorComponentServerFacet_DEBUG_RequestEndProject	1118	javelin_rtti_static	STRUCTURALLY_CONSISTENT		0x14a223c90	.data	OK	0x14a223c80	.data	OK	0x1447e46a0	.text	OK	0x14837f400	.rdata	OK	0x1447e4610	.text	OK	0x144806f90	.text	OK
Javelin::ClientMessages::TerritoryInteractorComponentServerFacet_DEBUG_RequestCompleteProject	2744	javelin_rtti_static	STRUCTURALLY_CONSISTENT		0x14a223be0	.data	OK	0x14a223bd0	.data	OK	0x1447e4d40	.text	OK	0x14837f468	.rdata	OK	0x1447e4cb0	.text	OK	0x144806b90	.text	OK
Javelin::ClientMessages::TerritoryInteractorComponentServerFacet_DEBUG_RequestSetRemainingTimeMinutes	438	javelin_rtti_static	STRUCTURALLY_CONSISTENT		0x14a223b20	.data	OK	0x14a223b10	.data	OK	0x1447e5360	.text	OK	0x14837f778	.rdata	OK	0x1447e52c0	.text	OK	0x144807f90	.text	OK
Javelin::ClientMessages::TerritoryInteractorComponentServerFacet_DEBUG_RequestSetProjectProgression	2745	javelin_rtti_static	STRUCTURALLY_CONSISTENT		0x14a223a60	.data	OK	0x14a223a50	.data	OK	0x1447e5630	.text	OK	0x14837f8c8	.rdata	OK	0x1447e55a0	.text	OK	0x144807d90	.text	OK
Javelin::ClientMessages::TerritoryInteractorComponentServerFacet_DEBUG_RequestSetCompletedProjects	2755	javelin_rtti_static	STRUCTURALLY_CONSISTENT		0x14a2239a0	.data	OK	0x14a223990	.data	OK	0x1447e5a20	.text	OK	0x14837f9f0	.rdata	OK	0x1447e5990	.text	OK	0x144807990	.text	OK
Javelin::ClientMessages::TerritoryInteractorComponentServerFacet_DEBUG_SetRemainingTerritoryEffectTime	2155	javelin_rtti_static	STRUCTURALLY_CONSISTENT		0x14a2238e0	.data	OK	0x14a2238d0	.data	OK	0x1447e5c30	.text	OK	0x14837faa8	.rdata	OK	0x1447e5ba0	.text	OK	0x144808f90	.text	OK
Javelin::ClientMessages::TerritoryInteractorComponentServerFacet_DEBUG_RequestSyncGovernanceBrokerData	5325	javelin_rtti_static	STRUCTURALLY_CONSISTENT		0x14a223820	.data	OK	0x14a223810	.data	OK	0x1447e5dd0	.text	OK	0x14837fb08	.rdata	OK	0x1447e5d40	.text	OK	0x144808990	.text	OK
Javelin::ClientMessages::TerritoryInteractorComponentServerFacet_DEBUG_RequestDistributePooledEarnings	5324	javelin_rtti_static	STRUCTURALLY_CONSISTENT		0x14a223760	.data	OK	0x14a223750	.data	OK	0x1447e6590	.text	OK	0x14837fbe8	.rdata	OK	0x1447e6500	.text	OK	0x144806d90	.text	OK
Javelin::ClientMessages::TerritoryInteractorComponentClientFacet_DEBUG_OnSyncGovernanceBrokerData	5330	javelin_rtti_static	STRUCTURALLY_CONSISTENT		0x14a2236a0	.data	OK	0x14a223690	.data	OK	0x1447e6920	.text	OK	0x14837fd98	.rdata	OK	0x1447e6890	.text	OK	0x144804d90	.text	OK
Javelin::ClientMessages::TerritoryInteractorComponentClientFacet_DEBUG_OnReceiveServerDebugData	224	javelin_rtti_static	STRUCTURALLY_CONSISTENT		0x14a2235e0	.data	OK	0x14a2235d0	.data	OK	0x1447e6af0	.text	OK	0x14837fe20	.rdata	OK	0x1447e6a60	.text	OK	0x144804990	.text	OK
Javelin::ClientMessages::TerritoryInteractorComponentServerFacet_DEBUG_RequestServerSideDebugData	2558	javelin_rtti_static	STRUCTURALLY_CONSISTENT		0x14a223520	.data	OK	0x14a223510	.data	OK	0x1447e6f10	.text	OK	0x14837ffc0	.rdata	OK	0x1447e6e80	.text	OK	0x144807790	.text	OK
Javelin::ClientMessages::TerritoryInteractorComponentServerFacet_RequestSignup	2762	javelin_rtti_static	STRUCTURALLY_CONSISTENT		0x14a223470	.data	OK	0x14a223460	.data	OK	0x1447e7200	.text	OK	0x1483800f8	.rdata	OK	0x1447e7170	.text	OK	0x14480b190	.text	OK
Javelin::ClientMessages::TerritoryInteractorComponentServerFacet_RequestSignupList	2767	javelin_rtti_static	STRUCTURALLY_CONSISTENT		0x14a2233c0	.data	OK	0x14a2233b0	.data	OK	0x1447e7380	.text	OK	0x148380158	.rdata	OK	0x1447e72f0	.text	OK	0x14480b590	.text	OK
Javelin::ClientMessages::TerritoryInteractorComponentServerFacet_RequestSignupCount	2771	javelin_rtti_static	STRUCTURALLY_CONSISTENT		0x14a223310	.data	OK	0x14a223300	.data	OK	0x1447e7430	.text	OK	0x148380188	.rdata	OK	0x1447e73a0	.text	OK	0x14480b390	.text	OK
Javelin::ClientMessages::TerritoryInteractorComponentServerFacet_RequestRoster	2772	javelin_rtti_static	STRUCTURALLY_CONSISTENT		0x14a223260	.data	OK	0x14a223250	.data	OK	0x1447e7890	.text	OK	0x1483801e8	.rdata	OK	0x1447e7700	.text	OK	0x14480a790	.text	OK
Javelin::ClientMessages::TerritoryInteractorComponentServerFacet_RequestSetBackfillEnabled	2775	javelin_rtti_static	STRUCTURALLY_CONSISTENT		0x14a2231b0	.data	OK	0x14a2231a0	.data	OK	0x1447e7f40	.text	OK	0x1483804e8	.rdata	OK	0x1447e7eb0	.text	OK	0x14480a990	.text	OK
Javelin::ClientMessages::TerritoryInteractorComponentServerFacet_RequestSetRoster	246	javelin_rtti_static	STRUCTURALLY_CONSISTENT		0x14a223100	.data	OK	0x14a2230f0	.data	OK	0x1447e8110	.text	OK	0x148380518	.rdata	OK	0x1447e8080	.text	OK	0x14480af90	.text	OK
Javelin::ClientMessages::TerritoryInteractorComponentServerFacet_RequestFillRoster	2777	javelin_rtti_static	STRUCTURALLY_CONSISTENT		0x14a223050	.data	OK	0x14a223040	.data	OK	0x1447e8400	.text	OK	0x148380658	.rdata	OK	0x1447e8370	.text	OK	0x144809990	.text	OK
Javelin::ClientMessages::TerritoryInteractorComponentServerFacet_RequestAddPlayerToRoster	2779	javelin_rtti_static	STRUCTURALLY_CONSISTENT		0x14a222fa0	.data	OK	0x14a222f90	.data	OK	0x1447e8620	.text	OK	0x148380770	.rdata	OK	0x1447e8590	.text	OK	0x144809590	.text	OK
Javelin::ClientMessages::TerritoryInteractorComponentServerFacet_RequestRemovePlayerFromRoster	2781	javelin_rtti_static	STRUCTURALLY_CONSISTENT		0x14a222ee0	.data	OK	0x14a222ed0	.data	OK	0x1447e8c80	.text	OK	0x1483807d0	.rdata	OK	0x1447e8bf0	.text	OK	0x14480a590	.text	OK
Javelin::ClientMessages::TerritoryInteractorComponentServerFacet_RequestKickPlayer	1892	javelin_rtti_static	STRUCTURALLY_CONSISTENT		0x14a222e30	.data	OK	0x14a222e20	.data	OK	0x1447e9010	.text	OK	0x1483809b8	.rdata	OK	0x1447e8f80	.text	OK	0x144809b90	.text	OK
Javelin::ClientMessages::TerritoryInteractorComponentServerFacet_RequestMovePlayer	1676	javelin_rtti_static	STRUCTURALLY_CONSISTENT		0x14a222d80	.data	OK	0x14a222d70	.data	OK	0x1447e9220	.text	OK	0x148380a18	.rdata	OK	0x1447e9190	.text	OK	0x144809f90	.text	OK
Javelin::ClientMessages::TerritoryInteractorComponentServerFacet_RequestSwapPlayers	1871	javelin_rtti_static	STRUCTURALLY_CONSISTENT		0x14a222cd0	.data	OK	0x14a222cc0	.data	OK	0x1447e92d0	.text	OK	0x148380a48	.rdata	OK	0x1447e9240	.text	OK	0x14480b990	.text	OK
Javelin::ClientMessages::TerritoryInteractorComponentServerFacet_RequestSetPlayerPermissions	2782	javelin_rtti_static	STRUCTURALLY_CONSISTENT		0x14a222c20	.data	OK	0x14a222c10	.data	OK	0x1447e95e0	.text	OK	0x148380aa8	.rdata	OK	0x1447e9550	.text	OK	0x14480ad90	.text	OK
Javelin::ClientMessages::TerritoryInteractorComponentServerFacet_RequestSetGroupData	1727	javelin_rtti_static	STRUCTURALLY_CONSISTENT		0x14a222b70	.data	OK	0x14a222b60	.data	OK	0x1447e9cf0	.text	OK	0x148380cd8	.rdata	OK	0x1447e9c50	.text	OK	0x14480ab90	.text	OK
Javelin::ClientMessages::TerritoryInteractorComponentServerFacet_RequestLeave	2784	javelin_rtti_static	STRUCTURALLY_CONSISTENT		0x14a222ad0	.data	OK	0x14a222ac0	.data	OK	0x1447ea2a0	.text	OK	0x148381008	.rdata	OK	0x1447ea210	.text	OK	0x144809d90	.text	OK
Javelin::ClientMessages::TerritoryInteractorComponentServerFacet_DEBUG_SendRaidInvites	2789	javelin_rtti_static	STRUCTURALLY_CONSISTENT		0x14a222a20	.data	OK	0x14a222a10	.data	OK	0x1447ea5b0	.text	OK	0x148381068	.rdata	OK	0x1447ea520	.text	OK	0x144808d90	.text	OK
Javelin::ClientMessages::TerritoryInteractorComponentServerFacet_RequestRemoteInteract	2791	javelin_rtti_static	STRUCTURALLY_CONSISTENT		0x14a222970	.data	OK	0x14a222960	.data	OK	0x1447ea750	.text	OK	0x148381170	.rdata	OK	0x1447ea6c0	.text	OK	0x14480a390	.text	OK
Javelin::ClientMessages::ActionListComponentServerFacet_DEBUG_SetFlyingMode	2810	javelin_rtti_static	STRUCTURALLY_CONSISTENT		0x14a2254c0	.data	OK	0x14a2254b0	.data	OK	0x14481b130	.text	OK	0x148385390	.rdata	OK	0x14481b0a0	.text	OK	0x14483cc40	.text	OK
Javelin::ClientMessages::ActionListComponentServerFacet_DEBUG_SetPreventSpeedHacking	2811	javelin_rtti_static	STRUCTURALLY_CONSISTENT		0x14a225410	.data	OK	0x14a225400	.data	OK	0x14481b2c0	.text	OK	0x1483853f0	.rdata	OK	0x14481b230	.text	OK	0x14483d040	.text	OK
Javelin::ClientMessages::ActionListComponentServerFacet_DEBUG_SetInputTimeOut	2629	javelin_rtti_static	STRUCTURALLY_CONSISTENT		0x14a225370	.data	OK	0x14a225360	.data	OK	0x14481b550	.text	OK	0x1483854f0	.rdata	OK	0x14481b4c0	.text	OK	0x14483ce40	.text	OK
Javelin::ClientMessages::ActionListComponentServerFacet_DEBUG_SetACKTimeOut	2812	javelin_rtti_static	STRUCTURALLY_CONSISTENT		0x14a2252d0	.data	OK	0x14a2252c0	.data	OK	0x14481b6d0	.text	OK	0x148385548	.rdata	OK	0x14481b640	.text	OK	0x14483ca40	.text	OK
Javelin::ClientMessages::ActionListComponentServerFacet_QueueAction	2814	javelin_rtti_static	STRUCTURALLY_CONSISTENT		0x14a225230	.data	OK	0x14a225220	.data	OK	0x14481b990	.text	OK	0x1483855a8	.rdata	OK	0x14481b900	.text	OK	0x14483d240	.text	OK
Javelin::ClientMessages::ActionListComponentClientFacet_OnActionStarted	2817	javelin_rtti_static	STRUCTURALLY_CONSISTENT		0x14a225190	.data	OK	0x14a225180	.data	OK	0x14481ba40	.text	OK	0x1483855d8	.rdata	OK	0x14481b9b0	.text	OK	0x14483c840	.text	OK
Javelin::ClientMessages::ActionListComponentClientFacet_ClientSyncDetailedReaction	2818	javelin_rtti_static	STRUCTURALLY_CONSISTENT		0x14a2250e0	.data	OK	0x14a2250d0	.data	OK	0x14481bbb0	.text	OK	0x148385638	.rdata	OK	0x14481bb20	.text	OK	0x14483c640	.text	OK
Javelin::ClientMessages::ActionListComponentServerFacet_RequestSpreadshot	2719	javelin_rtti_static	STRUCTURALLY_CONSISTENT		0x14a225040	.data	OK	0x14a225030	.data	OK	0x14481bc70	.text	OK	0x148385668	.rdata	OK	0x14481bbe0	.text	OK	0x14483d440	.text	OK
Javelin::ClientMessages::ActionListComponentServerFacet_DEBUG_SetAsyncFixedStep	1654	javelin_rtti_static	STRUCTURALLY_CONSISTENT		0x14a225ab0	.data	OK	0x14a225aa0	.data	OK	0x144850620	.text	OK	0x148389378	.rdata	OK	0x144850590	.text	OK	0x144859d40	.text	OK
Javelin::ClientMessages::ActionListComponentServerFacet_DEBUG_SetInputsThrottled	569	javelin_rtti_static	STRUCTURALLY_CONSISTENT		0x14a225a00	.data	OK	0x14a2259f0	.data	OK	0x1448506d0	.text	OK	0x1483893a8	.rdata	OK	0x144850640	.text	OK	0x144859f40	.text	OK
Javelin::ClientMessages::ActionListComponentServerFacet_SetInputsThrottled	998	javelin_rtti_static	STRUCTURALLY_CONSISTENT		0x14a225960	.data	OK	0x14a225950	.data	OK	0x144850780	.text	OK	0x1483893d8	.rdata	OK	0x1448506f0	.text	OK	0x14485a140	.text	OK
Javelin::ClientMessages::ActionListComponentServerFacet_ReceiveInputFromClient	1589	javelin_rtti_static	STRUCTURALLY_CONSISTENT		0x14a225d90	.data	OK	0x14a225d80	.data	OK	0x1448678e0	.text	OK	0x14838a6e0	.rdata	OK	0x144867850	.text	OK	0x14486af70	.text	OK
Javelin::ClientMessages::ActionListComponentServerFacet_DEBUG_SetParam	2819	javelin_rtti_static	STRUCTURALLY_CONSISTENT		0x14a226ab0	.data	OK	0x14a226aa0	.data	OK	0x144873940	.text	OK	0x14838b9c0	.rdata	OK	0x1448738b0	.text	OK	0x144878df0	.text	OK
Javelin::ClientMessages::ActionListComponentServerFacet_DEBUG_SetParamFloat	2482	javelin_rtti_static	STRUCTURALLY_CONSISTENT		0x14a226a10	.data	OK	0x14a226a00	.data	OK	0x1448739f0	.text	OK	0x14838b9f0	.rdata	OK	0x144873960	.text	OK	0x144878ff0	.text	OK
Javelin::ClientMessages::ActionListComponentServerFacet_DEBUG_SetOneHitKillMode	1460	javelin_rtti_static	STRUCTURALLY_CONSISTENT		0x14a226960	.data	OK	0x14a226950	.data	OK	0x144873aa0	.text	OK	0x14838ba20	.rdata	OK	0x144873a10	.text	OK	0x144878bf0	.text	OK
Javelin::ClientMessages::ActionListComponentServerFacet_DEBUG_SetUseMeleeShapeCastLosCheckQueries	2823	javelin_rtti_static	STRUCTURALLY_CONSISTENT		0x14a2268a0	.data	OK	0x14a226890	.data	OK	0x144873b50	.text	OK	0x14838ba50	.rdata	OK	0x144873ac0	.text	OK	0x1448793f0	.text	OK
Javelin::ClientMessages::ActionListComponentServerFacet_DEBUG_SetAttackDeceleration	2825	javelin_rtti_static	STRUCTURALLY_CONSISTENT		0x14a2267f0	.data	OK	0x14a2267e0	.data	OK	0x144873dd0	.text	OK	0x14838baf0	.rdata	OK	0x144873d40	.text	OK	0x1448781f0	.text	OK
Javelin::ClientMessages::ActionListComponentServerFacet_DEBUG_SetUseHitScan	805	javelin_rtti_static	STRUCTURALLY_CONSISTENT		0x14a226750	.data	OK	0x14a226740	.data	OK	0x144873e90	.text	OK	0x14838bb78	.rdata	OK	0x144873e00	.text	OK	0x1448791f0	.text	OK
Javelin::ClientMessages::ActionListComponentServerFacet_DEBUG_SetDrawGroundNormal	656	javelin_rtti_static	STRUCTURALLY_CONSISTENT		0x14a2266a0	.data	OK	0x14a226690	.data	OK	0x1448740a0	.text	OK	0x14838bba8	.rdata	OK	0x144874010	.text	OK	0x1448785f0	.text	OK
Javelin::ClientMessages::ActionListComponentServerFacet_DEBUG_SetDrawLastValidNavPos	2826	javelin_rtti_static	STRUCTURALLY_CONSISTENT		0x14a2265f0	.data	OK	0x14a2265e0	.data	OK	0x1448741e0	.text	OK	0x14838bca8	.rdata	OK	0x144874150	.text	OK	0x1448789f0	.text	OK
Javelin::ClientMessages::ActionListComponentServerFacet_DEBUG_SetDrawLastServerPos	5023	javelin_rtti_static	STRUCTURALLY_CONSISTENT		0x14a226540	.data	OK	0x14a226530	.data	OK	0x144874290	.text	OK	0x14838bcd8	.rdata	OK	0x144874200	.text	OK	0x1448787f0	.text	OK
Javelin::ClientMessages::ActionListComponentServerFacet_DEBUG_SetDrawClipToNavmeshRaycast	5024	javelin_rtti_static	STRUCTURALLY_CONSISTENT		0x14a226490	.data	OK	0x14a226480	.data	OK	0x144874340	.text	OK	0x14838bd08	.rdata	OK	0x1448742b0	.text	OK	0x1448783f0	.text	OK
Javelin::ClientMessages::ActionListComponentServerFacet_DEBUG_ForcePersistLocation	2828	javelin_rtti_static	STRUCTURALLY_CONSISTENT		0x14a2263e0	.data	OK	0x14a2263d0	.data	OK	0x1448743f0	.text	OK	0x14838bd38	.rdata	OK	0x144874360	.text	OK	0x1448779f0	.text	OK
Javelin::ClientMessages::ActionListComponentServerFacet_DebugHitScan	2075	javelin_rtti_static	STRUCTURALLY_CONSISTENT		0x14a226340	.data	OK	0x14a226330	.data	OK	0x144874580	.text	OK	0x14838bd68	.rdata	OK	0x1448744f0	.text	OK	0x1448795f0	.text	OK
Javelin::ClientMessages::ActionListComponentServerFacet_RequestDebugInfo	2829	javelin_rtti_static	STRUCTURALLY_CONSISTENT		0x14a2262a0	.data	OK	0x14a226290	.data	OK	0x1448746c0	.text	OK	0x14838be60	.rdata	OK	0x144874630	.text	OK	0x144879bf0	.text	OK
Javelin::ClientMessages::ActionListComponentServerFacet_RequestEntityDebugInfo	5099	javelin_rtti_static	STRUCTURALLY_CONSISTENT		0x14a2261f0	.data	OK	0x14a2261e0	.data	OK	0x1448747e0	.text	OK	0x14838be90	.rdata	OK	0x144874750	.text	OK	0x144879df0	.text	OK
Javelin::ClientMessages::ActionListComponentServerFacet_DEBUG_ReloadMannequin	1619	javelin_rtti_static	STRUCTURALLY_CONSISTENT		0x14a226150	.data	OK	0x14a226140	.data	OK	0x144874ad0	.text	OK	0x14838bfc0	.rdata	OK	0x144874a40	.text	OK	0x144877df0	.text	OK
Javelin::ClientMessages::ActionListComponentServerFacet_ReceiveDisplayReactionWindow	2831	javelin_rtti_static	STRUCTURALLY_CONSISTENT		0x14a2260a0	.data	OK	0x14a226090	.data	OK	0x144874b80	.text	OK	0x14838bff0	.rdata	OK	0x144874af0	.text	OK	0x1448797f0	.text	OK
Javelin::ClientMessages::ActionListComponentServerFacet_ReceiveStateCaptureAction	2242	javelin_rtti_static	STRUCTURALLY_CONSISTENT		0x14a225ff0	.data	OK	0x14a225fe0	.data	OK	0x144874d00	.text	OK	0x14838c050	.rdata	OK	0x144874c70	.text	OK	0x1448799f0	.text	OK
Javelin::ClientMessages::ActionListComponentServerFacet_DEBUG_GetAfkTimer	5599	javelin_rtti_static	STRUCTURALLY_CONSISTENT		0x14a225f50	.data	OK	0x14a225f40	.data	OK	0x144874e40	.text	OK	0x14838c0b0	.rdata	OK	0x144874db0	.text	OK	0x144877bf0	.text	OK
Javelin::ClientMessages::ActionListComponentServerFacet_DEBUG_SetAfkTimer	5597	javelin_rtti_static	STRUCTURALLY_CONSISTENT		0x14a225eb0	.data	OK	0x14a225ea0	.data	OK	0x144874f30	.text	OK	0x14838c0e0	.rdata	OK	0x144874ea0	.text	OK	0x144877ff0	.text	OK
Javelin::ClientMessages::ActionListComponentClientFacet_PlayHitScanEffects	2832	javelin_rtti_static	STRUCTURALLY_CONSISTENT		0x14a226de0	.data	OK	0x14a226dd0	.data	OK	0x14487b930	.text	OK	0x14838d520	.rdata	OK	0x14487b8a0	.text	OK	0x144882500	.text	OK
Javelin::ClientMessages::ActionListComponentClientFacet_OnServerSpreadshotProcessed	2570	javelin_rtti_static	STRUCTURALLY_CONSISTENT		0x14a226d30	.data	OK	0x14a226d20	.data	OK	0x14487b9e0	.text	OK	0x14838d550	.rdata	OK	0x14487b950	.text	OK	0x144882300	.text	OK
Javelin::ClientMessages::ActionListComponentClientFacet_AFKWarning	2139	javelin_rtti_static	STRUCTURALLY_CONSISTENT		0x14a226c90	.data	OK	0x14a226c80	.data	OK	0x14487bc80	.text	OK	0x14838d9d0	.rdata	OK	0x14487bbf0	.text	OK	0x144881f00	.text	OK
Javelin::ClientMessages::ActionListComponentClientFacet_DEBUG_SetAfkTimer	5595	javelin_rtti_static	STRUCTURALLY_CONSISTENT		0x14a226bf0	.data	OK	0x14a226be0	.data	OK	0x14487bea0	.text	OK	0x14838dad0	.rdata	OK	0x14487be10	.text	OK	0x144882100	.text	OK
Javelin::ClientMessages::ActionListComponentServerFacet_FireProjectile	1597	javelin_rtti_static	STRUCTURALLY_CONSISTENT		0x14a226b50	.data	OK	0x14a226b40	.data	OK	0x14487bf50	.text	OK	0x14838db00	.rdata	OK	0x14487bec0	.text	OK	0x144882700	.text	OK
Javelin::ClientMessages::ContainerComponentServerFacet_ServerUseItem	2917	javelin_rtti_static	STRUCTURALLY_CONSISTENT		0x14a229160	.data	OK	0x14a229150	.data	OK	0x1448b5770	.text	OK	0x148392090	.rdata	OK	0x1448b56e0	.text	OK	0x1448d2a40	.text	OK
Javelin::ClientMessages::ContainerComponentServerFacet_ServerDropItem	2031	javelin_rtti_static	STRUCTURALLY_CONSISTENT		0x14a2290c0	.data	OK	0x14a2290b0	.data	OK	0x1448b5870	.text	OK	0x1483920c0	.rdata	OK	0x1448b57e0	.text	OK	0x1448d2840	.text	OK
Javelin::ClientMessages::ContainerComponentServerFacet_SetNextItemChrono	1346	javelin_rtti_static	STRUCTURALLY_CONSISTENT		0x14a229020	.data	OK	0x14a229010	.data	OK	0x1448b5a90	.text	OK	0x1483921b8	.rdata	OK	0x1448b5a00	.text	OK	0x1448d2c40	.text	OK
Javelin::ClientMessages::ContainerComponentClientFacet_OnItemsConverted	6526	javelin_rtti_static	STRUCTURALLY_CONSISTENT		0x14a228f80	.data	OK	0x14a228f70	.data	OK	0x1448b5b40	.text	OK	0x1483921e8	.rdata	OK	0x1448b5ab0	.text	OK	0x1448d1840	.text	OK
Javelin::ClientMessages::ContainerComponentServerFacet_DEBUG_ServerCreateItem	1049	javelin_rtti_static	STRUCTURALLY_CONSISTENT		0x14a228ee0	.data	OK	0x14a228ed0	.data	OK	0x1448b5bf0	.text	OK	0x148392218	.rdata	OK	0x1448b5b60	.text	OK	0x1448d1a40	.text	OK
Javelin::ClientMessages::ContainerComponentServerFacet_DEBUG_ServerCreateItems	2922	javelin_rtti_static	STRUCTURALLY_CONSISTENT		0x14a228e30	.data	OK	0x14a228e20	.data	OK	0x1448b5ca0	.text	OK	0x148392248	.rdata	OK	0x1448b5c10	.text	OK	0x1448d1e40	.text	OK
Javelin::ClientMessages::ContainerComponentServerFacet_DEBUG_ServerCreateItemList	5123	javelin_rtti_static	STRUCTURALLY_CONSISTENT		0x14a228d80	.data	OK	0x14a228d70	.data	OK	0x1448b5e70	.text	OK	0x148392308	.rdata	OK	0x1448b5de0	.text	OK	0x1448d1c40	.text	OK
Javelin::ClientMessages::ContainerComponentServerFacet_DEBUG_ServerRemoveItems	6787	javelin_rtti_static	STRUCTURALLY_CONSISTENT		0x14a228cd0	.data	OK	0x14a228cc0	.data	OK	0x1448b6490	.text	OK	0x148392498	.rdata	OK	0x1448b6400	.text	OK	0x1448d2240	.text	OK
Javelin::ClientMessages::ContainerComponentServerFacet_DEBUG_ServerDamageAllItems	791	javelin_rtti_static	STRUCTURALLY_CONSISTENT		0x14a228c20	.data	OK	0x14a228c10	.data	OK	0x1448b6540	.text	OK	0x148392510	.rdata	OK	0x1448b64b0	.text	OK	0x1448d2040	.text	OK
Javelin::ClientMessages::ContainerComponentServerFacet_DEBUG_ServerResetMSG	2923	javelin_rtti_static	STRUCTURALLY_CONSISTENT		0x14a228b80	.data	OK	0x14a228b70	.data	OK	0x1448b65f0	.text	OK	0x148392540	.rdata	OK	0x1448b6560	.text	OK	0x1448d2440	.text	OK
Javelin::ClientMessages::ContainerComponentServerFacet_DEBUG_SetItemInstanceId	5964	javelin_rtti_static	STRUCTURALLY_CONSISTENT		0x14a229200	.data	OK	0x14a2291f0	.data	OK	0x1448b66a0	.text	OK	0x148392570	.rdata	OK	0x1448b6610	.text	OK	0x1448d2640	.text	OK
Javelin::ClientMessages::GatheringComponentServerFacet_SetKeepInteraction	3379	javelin_rtti_static	STRUCTURALLY_CONSISTENT		0x14a229930	.data	OK	0x14a229920	.data	OK	0x1448ee1d0	.text	OK	0x1483958e8	.rdata	OK	0x1448ee140	.text	OK	0x1448fea60	.text	OK
Javelin::ClientMessages::GatheringComponentClientFacet_OnEnteredProximityGatherable	5078	javelin_rtti_static	STRUCTURALLY_CONSISTENT		0x14a229880	.data	OK	0x14a229870	.data	OK	0x1448ee3a0	.text	OK	0x148395930	.rdata	OK	0x1448ee310	.text	OK	0x1448fe260	.text	OK
Javelin::ClientMessages::GatheringComponentClientFacet_OnExitedProximityGatherable	5118	javelin_rtti_static	STRUCTURALLY_CONSISTENT		0x14a2297d0	.data	OK	0x14a2297c0	.data	OK	0x1448ee450	.text	OK	0x148395960	.rdata	OK	0x1448ee3c0	.text	OK	0x1448fe460	.text	OK
Javelin::ClientMessages::GatheringComponentClientFacet_StartEmoteGathering	5195	javelin_rtti_static	STRUCTURALLY_CONSISTENT		0x14a229730	.data	OK	0x14a229720	.data	OK	0x1448ee570	.text	OK	0x148395990	.rdata	OK	0x1448ee4e0	.text	OK	0x1448fe860	.text	OK
Javelin::ClientMessages::GatheringComponentClientFacet_OnResourcesNotGranted	6941	javelin_rtti_static	STRUCTURALLY_CONSISTENT		0x14a229690	.data	OK	0x14a229680	.data	OK	0x1448ee790	.text	OK	0x148395a90	.rdata	OK	0x1448ee700	.text	OK	0x1448fe660	.text	OK
Javelin::ClientMessages::InteractorComponentClientFacet_SyncInteractionValidationResult	3743	javelin_rtti_static	STRUCTURALLY_CONSISTENT		0x14a229ea0	.data	OK	0x14a229e90	.data	OK	0x1449060c0	.text	OK	0x1483974b0	.rdata	OK	0x144906030	.text	OK	0x1449116c0	.text	OK
Javelin::ClientMessages::InteractorComponentClientFacet_CancelCurrentInteraction	3746	javelin_rtti_static	STRUCTURALLY_CONSISTENT		0x14a229df0	.data	OK	0x14a229de0	.data	OK	0x1449061c0	.text	OK	0x1483974e0	.rdata	OK	0x144906130	.text	OK	0x1449112c0	.text	OK
Javelin::ClientMessages::InteractorComponentServerFacet_RequestCancelCommittedInteractionFromClient	2473	javelin_rtti_static	STRUCTURALLY_CONSISTENT		0x14a229d30	.data	OK	0x14a229d20	.data	OK	0x1449063e0	.text	OK	0x1483975e0	.rdata	OK	0x144906350	.text	OK	0x1449118c0	.text	OK
Javelin::ClientMessages::InteractorComponentClientFacet_OnCommittedInteractionTimeout	5178	javelin_rtti_static	STRUCTURALLY_CONSISTENT		0x14a229c80	.data	OK	0x14a229c70	.data	OK	0x144906490	.text	OK	0x148397610	.rdata	OK	0x144906400	.text	OK	0x1449114c0	.text	OK
Javelin::ClientMessages::ObjectiveInteractorComponentServerFacet_OnObjectiveSelectionRequest	3816	javelin_rtti_static	STRUCTURALLY_CONSISTENT		0x14a22ae20	.data	OK	0x14a22ae10	.data	OK	0x144948520	.text	OK	0x14839b6c0	.rdata	OK	0x144948490	.text	OK	0x144957420	.text	OK
Javelin::ClientMessages::ObjectiveInteractorComponentServerFacet_OnObjectiveCompletionRequest	2461	javelin_rtti_static	STRUCTURALLY_CONSISTENT		0x14a22ad70	.data	OK	0x14a22ad60	.data	OK	0x1449485d0	.text	OK	0x14839b728	.rdata	OK	0x144948540	.text	OK	0x144957220	.text	OK
Javelin::ClientMessages::ObjectiveInteractorComponentServerFacet_OnPurchaseItemRequest	3741	javelin_rtti_static	STRUCTURALLY_CONSISTENT		0x14a22acc0	.data	OK	0x14a22acb0	.data	OK	0x144948680	.text	OK	0x14839b758	.rdata	OK	0x1449485f0	.text	OK	0x144957620	.text	OK
Javelin::ClientMessages::ObjectiveInteractorComponentServerFacet_OnPurchaseRankRequest	3817	javelin_rtti_static	STRUCTURALLY_CONSISTENT		0x14a22ac10	.data	OK	0x14a22ac00	.data	OK	0x144948730	.text	OK	0x14839b788	.rdata	OK	0x1449486a0	.text	OK	0x144957820	.text	OK
Javelin::ClientMessages::ObjectiveInteractorComponentServerFacet_OnPvpMissionSelectionRequest	3818	javelin_rtti_static	STRUCTURALLY_CONSISTENT		0x14a22ab60	.data	OK	0x14a22ab50	.data	OK	0x1449488d0	.text	OK	0x14839b7d0	.rdata	OK	0x144948840	.text	OK	0x144957a20	.text	OK
Javelin::ClientMessages::ObjectiveInteractorComponentServerFacet_OnCommunityGoalSelectionRequest	3819	javelin_rtti_static	STRUCTURALLY_CONSISTENT		0x14a22aaa0	.data	OK	0x14a22aa90	.data	OK	0x144948980	.text	OK	0x14839b800	.rdata	OK	0x1449488f0	.text	OK	0x144957020	.text	OK
Javelin::ClientMessages::ObjectiveInteractorComponentServerFacet_DebugForceRefresh	3824	javelin_rtti_static	STRUCTURALLY_CONSISTENT		0x14a22a9f0	.data	OK	0x14a22a9e0	.data	OK	0x144948b90	.text	OK	0x14839b8a0	.rdata	OK	0x144948b00	.text	OK	0x144956e20	.text	OK
Javelin::ClientMessages::ObjectiveInteractorComponentClientFacet_DEBUG_OnReceiveServerDebugData	3826	javelin_rtti_static	STRUCTURALLY_CONSISTENT		0x14a22a930	.data	OK	0x14a22a920	.data	OK	0x144948db0	.text	OK	0x14839b9a8	.rdata	OK	0x144948d20	.text	OK	0x144956620	.text	OK
Javelin::ClientMessages::ObjectiveInteractorComponentServerFacet_DEBUG_RequestServerSideDebugData	3827	javelin_rtti_static	STRUCTURALLY_CONSISTENT		0x14a22a870	.data	OK	0x14a22a860	.data	OK	0x144948fa0	.text	OK	0x14839b9f0	.rdata	OK	0x144948f10	.text	OK	0x144956c20	.text	OK
Javelin::ClientMessages::ObjectiveInteractorComponentServerFacet_DEBUG_RequestForceUpdateReplicatedState	3828	javelin_rtti_static	STRUCTURALLY_CONSISTENT		0x14a22a7b0	.data	OK	0x14a22a7a0	.data	OK	0x144949050	.text	OK	0x14839ba20	.rdata	OK	0x144948fc0	.text	OK	0x144956a20	.text	OK
Javelin::ClientMessages::ObjectiveInteractorComponentServerFacet_DEBUG_RequestClearUnavailableMissions	5152	javelin_rtti_static	STRUCTURALLY_CONSISTENT		0x14a22a6f0	.data	OK	0x14a22a6e0	.data	OK	0x144949210	.text	OK	0x14839ba68	.rdata	OK	0x144949180	.text	OK	0x144956820	.text	OK
Javelin::ClientMessages::DebugRenderComponentClientFacet_AddShapes	3054	javelin_rtti_static	STRUCTURALLY_CONSISTENT		0x14a22c5f0	.data	OK	0x14a22c5e0	.data	OK	0x145ad5750	.text	OK	0x148451fd8	.rdata	OK	0x145ad56c0	.text	OK	0x145c4dde0	.text	OK
Javelin::ClientMessages::AIObjectiveManagerComponentServerFacet_ToggleAssignmentDisplay	1757	javelin_rtti_static	STRUCTURALLY_CONSISTENT		0x14a233050	.data	OK	0x14a233040	.data	OK	0x145d44e80	.text	OK	0x148477800	.rdata	OK	0x145d44df0	.text	OK	0x145d78480	.text	OK
Javelin::ClientMessages::AIObjectiveManagerComponentServerFacet_DebugSetRaidId	2291	javelin_rtti_static	STRUCTURALLY_CONSISTENT		0x14a232fa0	.data	OK	0x14a232f90	.data	OK	0x145d44fe0	.text	OK	0x148477860	.rdata	OK	0x145d44f50	.text	OK	0x145d78280	.text	OK
Javelin::AI::ClientMessages::HubLocalCacheComponentServerFacet_RegisterClientForDebugSnapshots	2368	javelin_rtti_static	STRUCTURALLY_CONSISTENT		0x14a232ef0	.data	OK	0x14a232ee0	.data	OK	0x145d400b0	.text	OK	0x148476098	.rdata	OK	0x145d40020	.text	OK	0x145d78e80	.text	OK
Javelin::AI::ClientMessages::HubLocalCacheComponentServerFacet_UnregisterClientForDebugSnapshots	2369	javelin_rtti_static	STRUCTURALLY_CONSISTENT		0x14a232e30	.data	OK	0x14a232e20	.data	OK	0x145d40160	.text	OK	0x1484760c8	.rdata	OK	0x145d400d0	.text	OK	0x145d79280	.text	OK
Javelin::AI::ClientMessages::HubLocalCacheComponentServerFacet_DebugChangeRefreshRate	2370	javelin_rtti_static	STRUCTURALLY_CONSISTENT		0x14a232d80	.data	OK	0x14a232d70	.data	OK	0x145d40210	.text	OK	0x1484760f8	.rdata	OK	0x145d40180	.text	OK	0x145d78c80	.text	OK
Javelin::AI::ClientMessages::HubLocalCacheComponentClientFacet_ReceiveDebugSnapshot	807	javelin_rtti_static	STRUCTURALLY_CONSISTENT		0x14a232cd0	.data	OK	0x14a232cc0	.data	OK	0x145d403e0	.text	OK	0x148476140	.rdata	OK	0x145d40350	.text	OK	0x145d78680	.text	OK
Javelin::AI::ClientMessages::HubLocalCacheComponentClientFacet_ReceiveDetectorOverrides	5501	javelin_rtti_static	STRUCTURALLY_CONSISTENT		0x14a232c20	.data	OK	0x14a232c10	.data	OK	0x145d405f0	.text	OK	0x1484762e0	.rdata	OK	0x145d40560	.text	OK	0x145d78880	.text	OK
Javelin::AI::ClientMessages::HubLocalCacheComponentServerFacet_RegisterForHLCActorUpdates	4798	javelin_rtti_static	STRUCTURALLY_CONSISTENT		0x14a232b70	.data	OK	0x14a232b60	.data	OK	0x145d40840	.text	OK	0x1484763e8	.rdata	OK	0x145d407b0	.text	OK	0x145d79080	.text	OK
Javelin::AI::ClientMessages::HubLocalCacheComponentServerFacet_UnregisterFromHLCActorUpdates	4799	javelin_rtti_static	STRUCTURALLY_CONSISTENT		0x14a232ac0	.data	OK	0x14a232ab0	.data	OK	0x145d40ca0	.text	OK	0x148476580	.rdata	OK	0x145d40c10	.text	OK	0x145d79480	.text	OK
Javelin::AI::ClientMessages::HubLocalCacheComponentClientFacet_ReceiveHLCActorDebugInfo	4800	javelin_rtti_static	STRUCTURALLY_CONSISTENT		0x14a232a10	.data	OK	0x14a232a00	.data	OK	0x145d40d50	.text	OK	0x1484765d8	.rdata	OK	0x145d40cc0	.text	OK	0x145d78a80	.text	OK
Javelin::ClientMessages::PerceptionComponentClientFacet_SyncDebugInfo	2371	javelin_rtti_static	STRUCTURALLY_CONSISTENT		0x14a233870	.data	OK	0x14a233860	.data	OK	0x145d44c30	.text	OK	0x148477788	.rdata	OK	0x145d44ba0	.text	OK	0x145d79680	.text	OK
Javelin::ClientMessages::PerceptionComponentServerFacet_RegisterClientForDebug	1523	javelin_rtti_static	STRUCTURALLY_CONSISTENT		0x14a2337c0	.data	OK	0x14a2337b0	.data	OK	0x145d44dd0	.text	OK	0x1484777d0	.rdata	OK	0x145d44d40	.text	OK	0x145d79880	.text	OK
Javelin::ClientMessages::PerceptionComponentServerFacet_UnregisterClientForDebug	2054	javelin_rtti_static	STRUCTURALLY_CONSISTENT		0x14a233710	.data	OK	0x14a233700	.data	OK	0x145d44f30	.text	OK	0x148477830	.rdata	OK	0x145d44ea0	.text	OK	0x145d79c80	.text	OK
Javelin::ClientMessages::PerceptionComponentServerFacet_ToggleLOSRaycastDebug	5276	javelin_rtti_static	STRUCTURALLY_CONSISTENT		0x14a233670	.data	OK	0x14a233660	.data	OK	0x145d45090	.text	OK	0x148477890	.rdata	OK	0x145d45000	.text	OK	0x145d79a80	.text	OK
Javelin::ClientMessages::StimulusComponentClientFacet_SyncDebugInfo	2380	javelin_rtti_static	STRUCTURALLY_CONSISTENT		0x14a2335d0	.data	OK	0x14a2335c0	.data	OK	0x145d3dd90	.text	OK	0x1484757b8	.rdata	OK	0x145d3dd00	.text	OK	0x145d7a080	.text	OK
Javelin::ClientMessages::StimulusComponentClientFacet_SyncThreatValues	1276	javelin_rtti_static	STRUCTURALLY_CONSISTENT		0x14a233530	.data	OK	0x14a233520	.data	OK	0x145d3e2a0	.text	OK	0x148475928	.rdata	OK	0x145d3e210	.text	OK	0x145d7a280	.text	OK
Javelin::ClientMessages::StimulusComponentClientFacet_ClearDebugInfo	712	javelin_rtti_static	STRUCTURALLY_CONSISTENT		0x14a233490	.data	OK	0x14a233480	.data	OK	0x145d3e530	.text	OK	0x148475a08	.rdata	OK	0x145d3e4a0	.text	OK	0x145d79e80	.text	OK
Javelin::ClientMessages::StimulusComponentServerFacet_RegisterClientForDebug	2382	javelin_rtti_static	STRUCTURALLY_CONSISTENT		0x14a2333f0	.data	OK	0x14a2333e0	.data	OK	0x145d3e810	.text	OK	0x148475a50	.rdata	OK	0x145d3e780	.text	OK	0x145d7a680	.text	OK
Javelin::ClientMessages::StimulusComponentServerFacet_UnregisterClientForDebug	2101	javelin_rtti_static	STRUCTURALLY_CONSISTENT		0x14a233340	.data	OK	0x14a233330	.data	OK	0x145d3ebd0	.text	OK	0x148475af8	.rdata	OK	0x145d3eb40	.text	OK	0x145d7aa80	.text	OK
Javelin::ClientMessages::StimulusComponentServerFacet_RenderPositions	2387	javelin_rtti_static	STRUCTURALLY_CONSISTENT		0x14a2332a0	.data	OK	0x14a233290	.data	OK	0x145d3eea0	.text	OK	0x148475bc0	.rdata	OK	0x145d3ee10	.text	OK	0x145d7a880	.text	OK
Javelin::ClientMessages::StimulusComponentServerFacet_DebugThreat	2388	javelin_rtti_static	STRUCTURALLY_CONSISTENT		0x14a233200	.data	OK	0x14a2331f0	.data	OK	0x145d3ef60	.text	OK	0x148475c58	.rdata	OK	0x145d3eed0	.text	OK	0x145d7a480	.text	OK
Javelin::ClientMessages::AlignToTerrainComponentServerFacet_DEBUG_RequestServerInfo	2843	javelin_rtti_static	STRUCTURALLY_CONSISTENT		0x14a247f50	.data	OK	0x14a247f40	.data	OK	0x1465668f0	.text	OK	0x148517320	.rdata	OK	0x146566860	.text	OK	0x1468045e0	.text	OK
Javelin::ClientMessages::AlignToTerrainComponentClientFacet_DEBUG_RequestServerInfoResponse	2846	javelin_rtti_static	STRUCTURALLY_CONSISTENT		0x14a247d50	.data	OK	0x14a247d40	.data	OK	0x146567ac0	.text	OK	0x1485179b0	.rdata	OK	0x146567a10	.text	OK	0x146803fe0	.text	OK
Javelin::ClientMessages::AlignToTerrainComponentServerFacet_DEBUG_EnableDrawServerGroundNormal	2848	javelin_rtti_static	STRUCTURALLY_CONSISTENT		0x14a247b40	.data	OK	0x14a247b30	.data	OK	0x146568e10	.text	OK	0x148517f10	.rdata	OK	0x146568d80	.text	OK	0x1468043e0	.text	OK
Javelin::ClientMessages::PlayerAppearanceComponentServerFacet_DebugSetAppearance	6412	javelin_rtti_static	STRUCTURALLY_CONSISTENT		0x14a249ba0	.data	OK	0x14a249b90	.data	OK	0x14656d600	.text	OK	0x148519108	.rdata	OK	0x14656d460	.text	OK	0x146813be0	.text	OK
Javelin::ClientMessages::PlayerAppearanceComponentServerFacet_PurchaseAppearanceChange	6420	javelin_rtti_static	STRUCTURALLY_CONSISTENT		0x14a249af0	.data	OK	0x14a249ae0	.data	OK	0x14656eb10	.text	OK	0x1485198b0	.rdata	OK	0x14656ea70	.text	OK	0x146813de0	.text	OK
Javelin::ClientMessages::PlayerAppearanceComponentClientFacet_OnPurchaseError	6436	javelin_rtti_static	STRUCTURALLY_CONSISTENT		0x14a2499a0	.data	OK	0x14a249990	.data	OK	0x146570180	.text	OK	0x148519f38	.rdata	OK	0x1465700f0	.text	OK	0x1468135e0	.text	OK
Javelin::ClientMessages::PlayerAppearanceComponentClientFacet_OnPurchaseSuccess	6855	javelin_rtti_static	STRUCTURALLY_CONSISTENT		0x14a249870	.data	OK	0x14a249860	.data	OK	0x146571be0	.text	OK	0x14851a640	.rdata	OK	0x146571b50	.text	OK	0x1468137e0	.text	OK
Javelin::ClientMessages::AbilityComponentServerFacet_RequestApplyAbilityPoints	2857	javelin_rtti_static	STRUCTURALLY_CONSISTENT		0x14a2476e0	.data	OK	0x14a2476d0	.data	OK	0x1465b3ca0	.text	OK	0x14852d3e0	.rdata	OK	0x1465b3c10	.text	OK	0x1468035e0	.text	OK
Javelin::ClientMessages::AbilityComponentServerFacet_RequestRefundSpentPoints	2259	javelin_rtti_static	STRUCTURALLY_CONSISTENT		0x14a2475a0	.data	OK	0x14a247590	.data	OK	0x1465b5730	.text	OK	0x14852dad8	.rdata	OK	0x1465b5670	.text	OK	0x146803de0	.text	OK
Javelin::ClientMessages::AbilityComponentServerFacet_RequestChangeSelectedTable	1150	javelin_rtti_static	STRUCTURALLY_CONSISTENT		0x14a2473c0	.data	OK	0x14a2473b0	.data	OK	0x1465b6280	.text	OK	0x14852dde8	.rdata	OK	0x1465b6180	.text	OK	0x1468039e0	.text	OK
Javelin::ClientMessages::AbilityComponentServerFacet_RequestChangeMappedAbility	2701	javelin_rtti_static	STRUCTURALLY_CONSISTENT		0x14a2472a0	.data	OK	0x14a247290	.data	OK	0x1465b7ef0	.text	OK	0x14852e618	.rdata	OK	0x1465b7e60	.text	OK	0x1468037e0	.text	OK
Javelin::ClientMessages::AbilityComponentServerFacet_RequestMasteryTreeRespec	186	javelin_rtti_static	STRUCTURALLY_CONSISTENT		0x14a247180	.data	OK	0x14a247170	.data	OK	0x1465b9900	.text	OK	0x14852ed18	.rdata	OK	0x1465b9870	.text	OK	0x146803be0	.text	OK
Javelin::ClientMessages::AbilityComponentClientFacet_MasteryTreeRespecResponse	2858	javelin_rtti_static	STRUCTURALLY_CONSISTENT		0x14a246f80	.data	OK	0x14a246f70	.data	OK	0x1465bae20	.text	OK	0x14852f440	.rdata	OK	0x1465baca0	.text	OK	0x146802be0	.text	OK
Javelin::ClientMessages::AbilityComponentServerFacet_DebugRequestAddAbilityPoints	1662	javelin_rtti_static	STRUCTURALLY_CONSISTENT		0x14a246d60	.data	OK	0x14a246d50	.data	OK	0x1465bc020	.text	OK	0x14852fa78	.rdata	OK	0x1465bbf50	.text	OK	0x146802fe0	.text	OK
Javelin::ClientMessages::AbilityComponentServerFacet_Debug_IgnorePvpHealingBalance	6160	javelin_rtti_static	STRUCTURALLY_CONSISTENT		0x14a246b60	.data	OK	0x14a246b50	.data	OK	0x146561d30	.text	OK	0x148515cc8	.rdata	OK	0x146561ca0	.text	OK	0x1468033e0	.text	OK
Javelin::ClientMessages::AbilityComponentServerFacet_Debug_IgnorePvpCooldownBalance	6791	javelin_rtti_static	STRUCTURALLY_CONSISTENT		0x14a246a00	.data	OK	0x14a2469f0	.data	OK	0x146562f30	.text	OK	0x1485162b0	.rdata	OK	0x146562e90	.text	OK	0x1468031e0	.text	OK
Javelin::ClientMessages::AutoSpellComponentClientFacet_OnLifetimeExpire	2863	javelin_rtti_static	STRUCTURALLY_CONSISTENT		0x14a250900	.data	OK	0x14a2508f0	.data	OK	0x14658f7b0	.text	OK	0x1485234f0	.rdata	OK	0x14658f720	.text	OK	0x1468047e0	.text	OK
Javelin::ClientMessages::AutoSpellComponentClientFacet_OnSpellCast	38	javelin_rtti_static	STRUCTURALLY_CONSISTENT		0x14a2507b0	.data	OK	0x14a2507a0	.data	OK	0x1465919b0	.text	OK	0x148523c10	.rdata	OK	0x146591920	.text	OK	0x1468049e0	.text	OK
Javelin::ClientMessages::HomingComponentClientFacet_SetHomingOverrideTarget	1790	javelin_rtti_static	STRUCTURALLY_CONSISTENT		0x14a24fd10	.data	OK	0x14a24fd00	.data	OK	0x1465a3be0	.text	OK	0x148528a90	.rdata	OK	0x1465a3b50	.text	OK	0x146808de0	.text	OK
Javelin::ClientMessages::IncapacitatedCharacterComponentServerFacet_TestActivate	2633	javelin_rtti_static	STRUCTURALLY_CONSISTENT		0x14a24f430	.data	OK	0x14a24f420	.data	OK	0x1465b69e0	.text	OK	0x14852def0	.rdata	OK	0x1465b6950	.text	OK	0x1468097e0	.text	OK
Javelin::ClientMessages::ProjectileSpawnerComponentClientFacet_OnServerSpawn	2900	javelin_rtti_static	STRUCTURALLY_CONSISTENT		0x14a24e6d0	.data	OK	0x14a24e6c0	.data	OK	0x146580120	.text	OK	0x14851ed78	.rdata	OK	0x146580090	.text	OK	0x14681cfe0	.text	OK
Javelin::ClientMessages::ProjectileSpawnerComponentClientFacet_OnServerSpawnAuthoritativeProjectile	327	javelin_rtti_static	STRUCTURALLY_CONSISTENT		0x14a24e4c0	.data	OK	0x14a24e4b0	.data	OK	0x146581b10	.text	OK	0x14851f518	.rdata	OK	0x146581a80	.text	OK	0x14681d1e0	.text	OK
Javelin::ClientMessages::ProjectileSpawnerComponentServerFacet_DEBUG_Spawn	1931	javelin_rtti_static	STRUCTURALLY_CONSISTENT		0x14a24e2d0	.data	OK	0x14a24e2c0	.data	OK	0x146582620	.text	OK	0x14851f930	.rdata	OK	0x146582590	.text	OK	0x14681d5e0	.text	OK
Javelin::ClientMessages::ProjectileSpawnerComponentServerFacet_DEBUG_FireAtTarget	752	javelin_rtti_static	STRUCTURALLY_CONSISTENT		0x14a24e0e0	.data	OK	0x14a24e0d0	.data	OK	0x146583830	.text	OK	0x14851fe40	.rdata	OK	0x146583790	.text	OK	0x14681d3e0	.text	OK
Javelin::ClientMessages::SpellComponentClientFacet_ClientSpawnSiphon	2909	javelin_rtti_static	STRUCTURALLY_CONSISTENT		0x14a24ce40	.data	OK	0x14a24ce30	.data	OK	0x14659dca0	.text	OK	0x148527150	.rdata	OK	0x14659dc10	.text	OK	0x14681dde0	.text	OK
Javelin::ClientMessages::SpellComponentClientFacet_ClientTriggerEventDataOnAttachedEntityLost	5064	javelin_rtti_static	STRUCTURALLY_CONSISTENT		0x14a24cc20	.data	OK	0x14a24cc10	.data	OK	0x14659f070	.text	OK	0x1485276d0	.rdata	OK	0x14659ef70	.text	OK	0x14681dfe0	.text	OK
Javelin::ClientMessages::BeamAttackComponentServerFacet_SetBeamActive	3012	javelin_rtti_static	STRUCTURALLY_CONSISTENT		0x14a24b1d0	.data	OK	0x14a24b1c0	.data	OK	0x1465691d0	.text	OK	0x148517fa0	.rdata	OK	0x146569140	.text	OK	0x146804de0	.text	OK
Javelin::ClientMessages::CombatTextComponentClientFacet_AddCombatTextData	3013	javelin_rtti_static	STRUCTURALLY_CONSISTENT		0x14a24ad80	.data	OK	0x14a24ad70	.data	OK	0x14657b9e0	.text	OK	0x14851d8b8	.rdata	OK	0x14657b950	.text	OK	0x146805fe0	.text	OK
Javelin::ClientMessages::CombatTextComponentClientFacet_AddCombatValidationData	3014	javelin_rtti_static	STRUCTURALLY_CONSISTENT		0x14a24ac30	.data	OK	0x14a24ac20	.data	OK	0x14657c6f0	.text	OK	0x14851dc38	.rdata	OK	0x14657c660	.text	OK	0x1468061e0	.text	OK
Javelin::ClientMessages::CombatTextComponentServerFacet_ToggleCombatValidationData	3015	javelin_rtti_static	STRUCTURALLY_CONSISTENT		0x14a24aae0	.data	OK	0x14a24aad0	.data	OK	0x14657d310	.text	OK	0x14851dfa8	.rdata	OK	0x14657d280	.text	OK	0x1468063e0	.text	OK
Javelin::ClientMessages::DamageReceiverComponentClientFacet_OnDamageDealt	2071	javelin_rtti_static	STRUCTURALLY_CONSISTENT		0x14a24a6e0	.data	OK	0x14a24a6d0	.data	OK	0x14658f9d0	.text	OK	0x148523538	.rdata	OK	0x14658f940	.text	OK	0x1468077e0	.text	OK
Javelin::ClientMessages::DamageReceiverComponentClientFacet_HandleMeleeDamage	2218	javelin_rtti_static	STRUCTURALLY_CONSISTENT		0x14a24a590	.data	OK	0x14a24a580	.data	OK	0x146591ad0	.text	OK	0x148523c88	.rdata	OK	0x146591a40	.text	OK	0x1468075e0	.text	OK
Javelin::ClientMessages::DamageReceiverComponentClientFacet_DisplayImmuneText	1924	javelin_rtti_static	STRUCTURALLY_CONSISTENT		0x14a24a450	.data	OK	0x14a24a440	.data	OK	0x146593130	.text	OK	0x148524380	.rdata	OK	0x1465930a0	.text	OK	0x1468073e0	.text	OK
Javelin::ClientMessages::DamageReceiverComponentServerFacet_DebugHandleDamage	20	javelin_rtti_static	STRUCTURALLY_CONSISTENT		0x14a24a300	.data	OK	0x14a24a2f0	.data	OK	0x1465942f0	.text	OK	0x1485247d8	.rdata	OK	0x1465941e0	.text	OK	0x146807be0	.text	OK
Javelin::ClientMessages::MomentaryOffenseComponentClientFacet_OnDamageDealt	3031	javelin_rtti_static	STRUCTURALLY_CONSISTENT		0x14a249cd0	.data	OK	0x14a249cc0	.data	OK	0x1465aed70	.text	OK	0x14852bc78	.rdata	OK	0x1465aece0	.text	OK	0x14680ebe0	.text	OK
Javelin::ClientMessages::OffenseCollisionComponentClientFacet_OnDamageDamageable	3034	javelin_rtti_static	STRUCTURALLY_CONSISTENT		0x14a249a40	.data	OK	0x14a249a30	.data	OK	0x1465b5e90	.text	OK	0x14852dcb8	.rdata	OK	0x1465b5e00	.text	OK	0x14680ede0	.text	OK
Javelin::ClientMessages::PaperdollComponentServerFacet_ServerEquipItem	3895	javelin_rtti_static	STRUCTURALLY_CONSISTENT		0x14a249660	.data	OK	0x14a249650	.data	OK	0x1465705d0	.text	OK	0x14851a050	.rdata	OK	0x146570540	.text	OK	0x1468121e0	.text	OK
Javelin::ClientMessages::PaperdollComponentServerFacet_ServerUnequipItem	3896	javelin_rtti_static	STRUCTURALLY_CONSISTENT		0x14a2495c0	.data	OK	0x14a2495b0	.data	OK	0x146571fc0	.text	OK	0x14851a898	.rdata	OK	0x146571f30	.text	OK	0x1468125e0	.text	OK
Javelin::ClientMessages::PaperdollComponentServerFacet_ToggleSheath	3899	javelin_rtti_static	STRUCTURALLY_CONSISTENT		0x14a249520	.data	OK	0x14a249510	.data	OK	0x146573480	.text	OK	0x14851af40	.rdata	OK	0x146573390	.text	OK	0x146812fe0	.text	OK
Javelin::ClientMessages::PaperdollComponentServerFacet_ServerSwapItems	3900	javelin_rtti_static	STRUCTURALLY_CONSISTENT		0x14a249480	.data	OK	0x14a249470	.data	OK	0x146574a00	.text	OK	0x14851b790	.rdata	OK	0x146574970	.text	OK	0x1468123e0	.text	OK
Javelin::ClientMessages::PaperdollComponentServerFacet_ServerUseItem	663	javelin_rtti_static	STRUCTURALLY_CONSISTENT		0x14a249360	.data	OK	0x14a249350	.data	OK	0x1465756c0	.text	OK	0x14851baa0	.rdata	OK	0x146575630	.text	OK	0x1468127e0	.text	OK
Javelin::ClientMessages::PaperdollComponentServerFacet_SetPreviewActive	5302	javelin_rtti_static	STRUCTURALLY_CONSISTENT		0x14a2492c0	.data	OK	0x14a2492b0	.data	OK	0x1465764e0	.text	OK	0x14851bdd8	.rdata	OK	0x146576360	.text	OK	0x146812be0	.text	OK
Javelin::ClientMessages::PaperdollComponentServerFacet_ServerCycleWeapon	3902	javelin_rtti_static	STRUCTURALLY_CONSISTENT		0x14a249220	.data	OK	0x14a249210	.data	OK	0x146577c80	.text	OK	0x14851c400	.rdata	OK	0x146577bd0	.text	OK	0x146811de0	.text	OK
Javelin::ClientMessages::PaperdollComponentServerFacet_SetWeaponMannequinTags	3776	javelin_rtti_static	STRUCTURALLY_CONSISTENT		0x14a249180	.data	OK	0x14a249170	.data	OK	0x146578f70	.text	OK	0x14851cc20	.rdata	OK	0x146578ee0	.text	OK	0x146812de0	.text	OK
Javelin::ClientMessages::PaperdollComponentServerFacet_RequestAddLoadout	5441	javelin_rtti_static	STRUCTURALLY_CONSISTENT		0x14a249040	.data	OK	0x14a249030	.data	OK	0x14657a3f0	.text	OK	0x14851d230	.rdata	OK	0x14657a340	.text	OK	0x146810be0	.text	OK
Javelin::ClientMessages::PaperdollComponentServerFacet_RequestRemoveLoadout	5438	javelin_rtti_static	STRUCTURALLY_CONSISTENT		0x14a248f00	.data	OK	0x14a248ef0	.data	OK	0x14657b1c0	.text	OK	0x14851d668	.rdata	OK	0x14657b130	.text	OK	0x1468113e0	.text	OK
Javelin::ClientMessages::PaperdollComponentServerFacet_RequestSwitchToLoadout	5442	javelin_rtti_static	STRUCTURALLY_CONSISTENT		0x14a248db0	.data	OK	0x14a248da0	.data	OK	0x14657bf80	.text	OK	0x14851d9e8	.rdata	OK	0x14657bef0	.text	OK	0x146811be0	.text	OK
Javelin::ClientMessages::PaperdollComponentServerFacet_RequestRenameLoadout	5487	javelin_rtti_static	STRUCTURALLY_CONSISTENT		0x14a248c60	.data	OK	0x14a248c50	.data	OK	0x14657cc90	.text	OK	0x14851ddb0	.rdata	OK	0x14657cbc0	.text	OK	0x1468115e0	.text	OK
Javelin::ClientMessages::PaperdollComponentServerFacet_RequestAddItemToLoadouts	5579	javelin_rtti_static	STRUCTURALLY_CONSISTENT		0x14a248a90	.data	OK	0x14a248a80	.data	OK	0x14657da60	.text	OK	0x14851e078	.rdata	OK	0x14657d8c0	.text	OK	0x1468109e0	.text	OK
Javelin::ClientMessages::PaperdollComponentServerFacet_RequestRemoveItemFromLoadout	5430	javelin_rtti_static	STRUCTURALLY_CONSISTENT		0x14a2488a0	.data	OK	0x14a248890	.data	OK	0x14657ee60	.text	OK	0x14851e5e0	.rdata	OK	0x14657edd0	.text	OK	0x1468111e0	.text	OK
Javelin::ClientMessages::PaperdollComponentServerFacet_RequestRemoveAllItemsFromLoadout	5427	javelin_rtti_static	STRUCTURALLY_CONSISTENT		0x14a2487f0	.data	OK	0x14a2487e0	.data	OK	0x146580200	.text	OK	0x14851edd0	.rdata	OK	0x146580150	.text	OK	0x146810de0	.text	OK
Javelin::ClientMessages::PaperdollComponentServerFacet_RequestRemoveItemFromAllLoadouts	5443	javelin_rtti_static	STRUCTURALLY_CONSISTENT		0x14a248740	.data	OK	0x14a248730	.data	OK	0x146581bb0	.text	OK	0x14851f580	.rdata	OK	0x146581b20	.text	OK	0x146810fe0	.text	OK
Javelin::ClientMessages::PaperdollComponentServerFacet_RequestSavePaperdollToLoadout	5542	javelin_rtti_static	STRUCTURALLY_CONSISTENT		0x14a248690	.data	OK	0x14a248680	.data	OK	0x1465826d0	.text	OK	0x14851f960	.rdata	OK	0x146582630	.text	OK	0x1468117e0	.text	OK
Javelin::ClientMessages::PaperdollComponentServerFacet_RequestSetIsLoadoutPanelOpen	5578	javelin_rtti_static	STRUCTURALLY_CONSISTENT		0x14a2485e0	.data	OK	0x14a2485d0	.data	OK	0x146583960	.text	OK	0x14851fe70	.rdata	OK	0x146583850	.text	OK	0x1468119e0	.text	OK
Javelin::ClientMessages::PaperdollComponentServerFacet_SetHidingSkinOnSlot	5978	javelin_rtti_static	STRUCTURALLY_CONSISTENT		0x14a248540	.data	OK	0x14a248530	.data	OK	0x146584770	.text	OK	0x148520370	.rdata	OK	0x1465846a0	.text	OK	0x1468129e0	.text	OK
Javelin::ClientMessages::PaperdollComponentClientFacet_SendLoadoutStatusNotification	5497	javelin_rtti_static	STRUCTURALLY_CONSISTENT		0x14a248490	.data	OK	0x14a248480	.data	OK	0x1465854d0	.text	OK	0x148520748	.rdata	OK	0x146585440	.text	OK	0x14680f9e0	.text	OK
Javelin::ClientMessages::PaperdollComponentServerFacet_UnequipAllItems	1253	javelin_rtti_static	STRUCTURALLY_CONSISTENT		0x14a2483f0	.data	OK	0x14a2483e0	.data	OK	0x146586710	.text	OK	0x148520c48	.rdata	OK	0x146586600	.text	OK	0x1468131e0	.text	OK
Javelin::ClientMessages::PaperdollComponentServerFacet_DebugSetDurability	3903	javelin_rtti_static	STRUCTURALLY_CONSISTENT		0x14a248350	.data	OK	0x14a248340	.data	OK	0x146588930	.text	OK	0x148521588	.rdata	OK	0x1465888a0	.text	OK	0x1468103e0	.text	OK
Javelin::ClientMessages::PaperdollComponentServerFacet_DebugSetIgnoreDurabilityLoss	6124	javelin_rtti_static	STRUCTURALLY_CONSISTENT		0x14a2482a0	.data	OK	0x14a248290	.data	OK	0x146589de0	.text	OK	0x148521d70	.rdata	OK	0x146589d50	.text	OK	0x1468105e0	.text	OK
Javelin::ClientMessages::PaperdollComponentServerFacet_DebugForceItemFixed	1807	javelin_rtti_static	STRUCTURALLY_CONSISTENT		0x14a248200	.data	OK	0x14a2481f0	.data	OK	0x14658acb0	.text	OK	0x148522188	.rdata	OK	0x14658ac20	.text	OK	0x14680ffe0	.text	OK
Javelin::ClientMessages::PaperdollComponentServerFacet_DebugRequestSyncAverageArmorGS	1407	javelin_rtti_static	STRUCTURALLY_CONSISTENT		0x14a2480a0	.data	OK	0x14a248090	.data	OK	0x14658c220	.text	OK	0x148522620	.rdata	OK	0x14658c190	.text	OK	0x1468101e0	.text	OK
Javelin::ClientMessages::PaperdollComponentClientFacet_DebugSyncAverageArmorGS	3690	javelin_rtti_static	STRUCTURALLY_CONSISTENT		0x14a247ea0	.data	OK	0x14a247e90	.data	OK	0x14658daa0	.text	OK	0x148522bb8	.rdata	OK	0x14658da10	.text	OK	0x14680f1e0	.text	OK
Javelin::ClientMessages::PaperdollComponentServerFacet_DebugConsumeLoadedAmmo	4814	javelin_rtti_static	STRUCTURALLY_CONSISTENT		0x14a247cb0	.data	OK	0x14a247ca0	.data	OK	0x14658e770	.text	OK	0x148523078	.rdata	OK	0x14658e6e0	.text	OK	0x14680fde0	.text	OK
Javelin::ClientMessages::PaperdollComponentServerFacet_DebugSetLoadedAmmo	4813	javelin_rtti_static	STRUCTURALLY_CONSISTENT		0x14a247aa0	.data	OK	0x14a247a90	.data	OK	0x14658fb00	.text	OK	0x148523598	.rdata	OK	0x14658fa50	.text	OK	0x1468107e0	.text	OK
Javelin::ClientMessages::PaperdollComponentServerFacet_ServerEquipAllItems	5515	javelin_rtti_static	STRUCTURALLY_CONSISTENT		0x14a2478d0	.data	OK	0x14a2478c0	.data	OK	0x146591d20	.text	OK	0x148523d58	.rdata	OK	0x146591c90	.text	OK	0x146811fe0	.text	OK
Javelin::ClientMessages::PaperdollComponentClientFacet_PlayItemSoundFromRoot	3904	javelin_rtti_static	STRUCTURALLY_CONSISTENT		0x14a247790	.data	OK	0x14a247780	.data	OK	0x146593280	.text	OK	0x148524440	.rdata	OK	0x1465931f0	.text	OK	0x14680f7e0	.text	OK
Javelin::ClientMessages::PaperdollComponentClientFacet_OnEquipItemFail	3626	javelin_rtti_static	STRUCTURALLY_CONSISTENT		0x14a247640	.data	OK	0x14a247630	.data	OK	0x146594540	.text	OK	0x148524878	.rdata	OK	0x1465944b0	.text	OK	0x14680f5e0	.text	OK
Javelin::ClientMessages::PaperdollComponentClientFacet_HandleThrowableWarningExpire	5323	javelin_rtti_static	STRUCTURALLY_CONSISTENT		0x14a247470	.data	OK	0x14a247460	.data	OK	0x146595720	.text	OK	0x148524d78	.rdata	OK	0x146595670	.text	OK	0x14680f3e0	.text	OK
Javelin::ClientMessages::HitVolumeComponentServerFacet_DEBUG_SetEnabled	2557	javelin_rtti_static	STRUCTURALLY_CONSISTENT		0x14a2489f0	.data	OK	0x14a2489e0	.data	OK	0x14656cdf0	.text	OK	0x148518fa8	.rdata	OK	0x14656ccf0	.text	OK	0x146808be0	.text	OK
Javelin::ClientMessages::ItemDropComponentServerFacet_DropInventoryItems	1838	javelin_rtti_static	STRUCTURALLY_CONSISTENT		0x14a247030	.data	OK	0x14a247020	.data	OK	0x1465b3be0	.text	OK	0x14852d3a8	.rdata	OK	0x1465b3b50	.text	OK	0x146809be0	.text	OK
Javelin::ClientMessages::ItemDropComponentServerFacet_DropInventoryItemsByClass	3938	javelin_rtti_static	STRUCTURALLY_CONSISTENT		0x14a246e10	.data	OK	0x14a246e00	.data	OK	0x1465b5590	.text	OK	0x14852d9e8	.rdata	OK	0x1465b5500	.text	OK	0x146809de0	.text	OK
Javelin::ClientMessages::ItemDropComponentServerFacet_DropPaperdollItem	826	javelin_rtti_static	STRUCTURALLY_CONSISTENT		0x14a246c10	.data	OK	0x14a246c00	.data	OK	0x1465b6120	.text	OK	0x14852ddb8	.rdata	OK	0x1465b6090	.text	OK	0x146809fe0	.text	OK
Javelin::ClientMessages::LocalPlayerDebugComponentServerFacet_ReloadDataTables	3939	javelin_rtti_static	STRUCTURALLY_CONSISTENT		0x14a2467f0	.data	OK	0x14a2467e0	.data	OK	0x14657dea0	.text	OK	0x14851e168	.rdata	OK	0x14657de10	.text	OK	0x14680b9e0	.text	OK
Javelin::ClientMessages::LocalPlayerDebugComponentServerFacet_ForceDestroyStructure	3940	javelin_rtti_static	STRUCTURALLY_CONSISTENT		0x14a2466c0	.data	OK	0x14a2466b0	.data	OK	0x14657f860	.text	OK	0x14851e858	.rdata	OK	0x14657f7d0	.text	OK	0x14680b5e0	.text	OK
Javelin::ClientMessages::LocalPlayerDebugComponentServerFacet_SyncRemoteStatusModData	1888	javelin_rtti_static	STRUCTURALLY_CONSISTENT		0x14a2465a0	.data	OK	0x14a246590	.data	OK	0x146580ad0	.text	OK	0x14851f110	.rdata	OK	0x146580a10	.text	OK	0x14680cfe0	.text	OK
Javelin::ClientMessages::LocalPlayerDebugComponentServerFacet_SyncRemoteStatusEffects	5290	javelin_rtti_static	STRUCTURALLY_CONSISTENT		0x14a246450	.data	OK	0x14a246440	.data	OK	0x146582100	.text	OK	0x14851f670	.rdata	OK	0x146581ff0	.text	OK	0x14680cde0	.text	OK
Javelin::ClientMessages::LocalPlayerDebugComponentServerFacet_DebugTeleportPlayer	3941	javelin_rtti_static	STRUCTURALLY_CONSISTENT		0x14a2462f0	.data	OK	0x14a2462e0	.data	OK	0x146582d00	.text	OK	0x14851fbc8	.rdata	OK	0x146582c70	.text	OK	0x14680b1e0	.text	OK
Javelin::ClientMessages::LocalPlayerDebugComponentServerFacet_DebugTeleportPlayerGM	1033	javelin_rtti_static	STRUCTURALLY_CONSISTENT		0x14a2461a0	.data	OK	0x14a246190	.data	OK	0x146583e10	.text	OK	0x148520118	.rdata	OK	0x146583d80	.text	OK	0x14680b3e0	.text	OK
Javelin::ClientMessages::LocalPlayerDebugComponentServerFacet_ResetAoi	3942	javelin_rtti_static	STRUCTURALLY_CONSISTENT		0x14a245fd0	.data	OK	0x14a245fc0	.data	OK	0x146584bb0	.text	OK	0x1485204d0	.rdata	OK	0x146584b20	.text	OK	0x14680bde0	.text	OK
Javelin::ClientMessages::LocalPlayerDebugComponentServerFacet_XperfCapture	5712	javelin_rtti_static	STRUCTURALLY_CONSISTENT		0x14a245e90	.data	OK	0x14a245e80	.data	OK	0x146585a40	.text	OK	0x148520848	.rdata	OK	0x146585950	.text	OK	0x14680d7e0	.text	OK
Javelin::ClientMessages::LocalPlayerDebugComponentServerFacet_RequestServerNetTrackDebugInfo	5797	javelin_rtti_static	STRUCTURALLY_CONSISTENT		0x14a245d30	.data	OK	0x14a245d20	.data	OK	0x146587940	.text	OK	0x148521120	.rdata	OK	0x1465878a0	.text	OK	0x14680bbe0	.text	OK
Javelin::ClientMessages::LocalPlayerDebugComponentServerFacet_UpdateServerNetTrackDebugInfo	5804	javelin_rtti_static	STRUCTURALLY_CONSISTENT		0x14a245c80	.data	OK	0x14a245c70	.data	OK	0x1465892c0	.text	OK	0x148521860	.rdata	OK	0x146589230	.text	OK	0x14680d5e0	.text	OK
Javelin::ClientMessages::LocalPlayerDebugComponentServerFacet_ToggleLootResults	3944	javelin_rtti_static	STRUCTURALLY_CONSISTENT		0x14a2509a0	.data	OK	0x14a250990	.data	OK	0x14658a340	.text	OK	0x148521ea8	.rdata	OK	0x14658a2b0	.text	OK	0x14680d3e0	.text	OK
Javelin::ClientMessages::LocalPlayerDebugComponentServerFacet_SetDebugLootTags	1586	javelin_rtti_static	STRUCTURALLY_CONSISTENT		0x14a250850	.data	OK	0x14a250840	.data	OK	0x14658b100	.text	OK	0x1485222d8	.rdata	OK	0x14658b070	.text	OK	0x14680c5e0	.text	OK
Javelin::ClientMessages::LocalPlayerDebugComponentServerFacet_SetDebugTableRolls	450	javelin_rtti_static	STRUCTURALLY_CONSISTENT		0x14a250680	.data	OK	0x14a250670	.data	OK	0x14658cdf0	.text	OK	0x148522980	.rdata	OK	0x14658cd60	.text	OK	0x14680c9e0	.text	OK
Javelin::ClientMessages::LocalPlayerDebugComponentServerFacet_SetDebugGlobalRollBonus	5193	javelin_rtti_static	STRUCTURALLY_CONSISTENT		0x14a2505d0	.data	OK	0x14a2505c0	.data	OK	0x14658df30	.text	OK	0x148522de8	.rdata	OK	0x14658dea0	.text	OK	0x14680c3e0	.text	OK
Javelin::ClientMessages::LocalPlayerDebugComponentServerFacet_SetDebugLuckBonus	5197	javelin_rtti_static	STRUCTURALLY_CONSISTENT		0x14a250520	.data	OK	0x14a250510	.data	OK	0x14658ecb0	.text	OK	0x148523248	.rdata	OK	0x14658ec20	.text	OK	0x14680c7e0	.text	OK
Javelin::ClientMessages::LocalPlayerDebugComponentServerFacet_ToggleDebugPerkRolls	5354	javelin_rtti_static	STRUCTURALLY_CONSISTENT		0x14a250400	.data	OK	0x14a2503f0	.data	OK	0x146590810	.text	OK	0x148523740	.rdata	OK	0x146590780	.text	OK	0x14680d1e0	.text	OK
Javelin::ClientMessages::LocalPlayerDebugComponentServerFacet_SetDebugForceLootBiasing	6113	javelin_rtti_static	STRUCTURALLY_CONSISTENT		0x14a250350	.data	OK	0x14a250340	.data	OK	0x1465923e0	.text	OK	0x148523f18	.rdata	OK	0x146592340	.text	OK	0x14680c1e0	.text	OK
Javelin::ClientMessages::LocalPlayerDebugComponentServerFacet_SetDebugAccountProbationOverrideState	4774	javelin_rtti_static	STRUCTURALLY_CONSISTENT		0x14a250210	.data	OK	0x14a250200	.data	OK	0x1465938c0	.text	OK	0x1485245d0	.rdata	OK	0x146593830	.text	OK	0x14680bfe0	.text	OK
Javelin::ClientMessages::LocalPlayerDebugComponentServerFacet_HideMe	2064	javelin_rtti_static	STRUCTURALLY_CONSISTENT		0x14a250170	.data	OK	0x14a250160	.data	OK	0x146594930	.text	OK	0x1485249b8	.rdata	OK	0x146594880	.text	OK	0x14680b7e0	.text	OK
Javelin::ClientMessages::LocalPlayerDebugComponentClientFacet_SetLootResults	1082	javelin_rtti_static	STRUCTURALLY_CONSISTENT		0x14a2500d0	.data	OK	0x14a2500c0	.data	OK	0x1465962f0	.text	OK	0x148525070	.rdata	OK	0x1465960b0	.text	OK	0x14680a5e0	.text	OK
Javelin::ClientMessages::LocalPlayerDebugComponentClientFacet_AddDebugPerkRollData	5353	javelin_rtti_static	STRUCTURALLY_CONSISTENT		0x14a24ffa0	.data	OK	0x14a24ff90	.data	OK	0x146597a70	.text	OK	0x1485256e8	.rdata	OK	0x1465979e0	.text	OK	0x14680a1e0	.text	OK
Javelin::ClientMessages::LocalPlayerDebugComponentClientFacet_UpdateHideState	3949	javelin_rtti_static	STRUCTURALLY_CONSISTENT		0x14a24ff00	.data	OK	0x14a24fef0	.data	OK	0x146598d00	.text	OK	0x148525a90	.rdata	OK	0x146598c70	.text	OK	0x14680afe0	.text	OK
Javelin::ClientMessages::LocalPlayerDebugComponentClientFacet_SyncToggleLootResults	5671	javelin_rtti_static	STRUCTURALLY_CONSISTENT		0x14a24fdb0	.data	OK	0x14a24fda0	.data	OK	0x146599fb0	.text	OK	0x148525e90	.rdata	OK	0x146599ec0	.text	OK	0x14680a9e0	.text	OK
Javelin::ClientMessages::LocalPlayerDebugComponentClientFacet_SyncTogglePerkResults	5669	javelin_rtti_static	STRUCTURALLY_CONSISTENT		0x14a24fbc0	.data	OK	0x14a24fbb0	.data	OK	0x14659b400	.text	OK	0x148526570	.rdata	OK	0x14659b300	.text	OK	0x14680abe0	.text	OK
Javelin::ClientMessages::LocalPlayerDebugComponentClientFacet_SyncDebugForceLootBiasing	6115	javelin_rtti_static	STRUCTURALLY_CONSISTENT		0x14a24fa70	.data	OK	0x14a24fa60	.data	OK	0x14659c7a0	.text	OK	0x148526b30	.rdata	OK	0x14659c700	.text	OK	0x14680a7e0	.text	OK
Javelin::ClientMessages::LocalPlayerDebugComponentClientFacet_UpdateClientNetTrackDebugInfo	5805	javelin_rtti_static	STRUCTURALLY_CONSISTENT		0x14a24f910	.data	OK	0x14a24f900	.data	OK	0x14659da40	.text	OK	0x1485270f0	.rdata	OK	0x14659d950	.text	OK	0x14680ade0	.text	OK
Javelin::ClientMessages::LocalPlayerDebugComponentServerFacet_SpawnSlice	6356	javelin_rtti_static	STRUCTURALLY_CONSISTENT		0x14a24f7d0	.data	OK	0x14a24f7c0	.data	OK	0x14659ecf0	.text	OK	0x148527600	.rdata	OK	0x14659ebd0	.text	OK	0x14680cbe0	.text	OK
Javelin::ClientMessages::LocalPlayerDebugComponentClientFacet_DebugMessageBox	5840	javelin_rtti_static	STRUCTURALLY_CONSISTENT		0x14a24f690	.data	OK	0x14a24f680	.data	OK	0x1465a02a0	.text	OK	0x148527b30	.rdata	OK	0x1465a01f0	.text	OK	0x14680a3e0	.text	OK
Javelin::ClientMessages::PlayerComponentServerFacet_OnAckLevelInfoChanged	5181	javelin_rtti_static	STRUCTURALLY_CONSISTENT		0x14a24ef80	.data	OK	0x14a24ef70	.data	OK	0x146576b90	.text	OK	0x14851bfa0	.rdata	OK	0x146576a80	.text	OK	0x1468195e0	.text	OK
Javelin::ClientMessages::PlayerComponentClientFacet_OnPlayerDeath	3950	javelin_rtti_static	STRUCTURALLY_CONSISTENT		0x14a24edc0	.data	OK	0x14a24edb0	.data	OK	0x1465786f0	.text	OK	0x14851c6b8	.rdata	OK	0x146578600	.text	OK	0x1468151e0	.text	OK
Javelin::ClientMessages::PlayerComponentClientFacet_OnReturnToMainWorld	2062	javelin_rtti_static	STRUCTURALLY_CONSISTENT		0x14a24ec90	.data	OK	0x14a24ec80	.data	OK	0x146579a10	.text	OK	0x14851ce08	.rdata	OK	0x146579980	.text	OK	0x1468155e0	.text	OK
Javelin::ClientMessages::PlayerComponentClientFacet_OnTeleportWithLoadingScreen	3951	javelin_rtti_static	STRUCTURALLY_CONSISTENT		0x14a24eb30	.data	OK	0x14a24eb20	.data	OK	0x14657a9f0	.text	OK	0x14851d2e8	.rdata	OK	0x14657a900	.text	OK	0x146815be0	.text	OK
Javelin::ClientMessages::PlayerComponentClientFacet_OnTeleportWithFade	3953	javelin_rtti_static	STRUCTURALLY_CONSISTENT		0x14a24e9f0	.data	OK	0x14a24e9e0	.data	OK	0x14657b770	.text	OK	0x14851d870	.rdata	OK	0x14657b6e0	.text	OK	0x1468159e0	.text	OK
Javelin::ClientMessages::PlayerComponentClientFacet_OnPlayerTeleport	3954	javelin_rtti_static	STRUCTURALLY_CONSISTENT		0x14a24e830	.data	OK	0x14a24e820	.data	OK	0x14657c400	.text	OK	0x14851db78	.rdata	OK	0x14657c370	.text	OK	0x1468153e0	.text	OK
Javelin::ClientMessages::PlayerComponentClientFacet_OnDisplayPopup	5983	javelin_rtti_static	STRUCTURALLY_CONSISTENT		0x14a24e630	.data	OK	0x14a24e620	.data	OK	0x14657d0a0	.text	OK	0x14851df00	.rdata	OK	0x14657d010	.text	OK	0x1468149e0	.text	OK
Javelin::ClientMessages::PlayerComponentServerFacet_OnTelemetryOptionsDataChanged	4854	javelin_rtti_static	STRUCTURALLY_CONSISTENT		0x14a24e410	.data	OK	0x14a24e400	.data	OK	0x14657e000	.text	OK	0x14851e1c8	.rdata	OK	0x14657df70	.text	OK	0x146819fe0	.text	OK
Javelin::ClientMessages::PlayerComponentServerFacet_RequestGmPermissions	3956	javelin_rtti_static	STRUCTURALLY_CONSISTENT		0x14a24e230	.data	OK	0x14a24e220	.data	OK	0x14657fac0	.text	OK	0x14851ea38	.rdata	OK	0x14657fa20	.text	OK	0x14681a3e0	.text	OK
Javelin::ClientMessages::PlayerComponentServerFacet_DebugRequestTeleport	3957	javelin_rtti_static	STRUCTURALLY_CONSISTENT		0x14a24e040	.data	OK	0x14a24e030	.data	OK	0x146580d50	.text	OK	0x14851f170	.rdata	OK	0x146580c20	.text	OK	0x1468181e0	.text	OK
Javelin::ClientMessages::PlayerComponentServerFacet_DebugCancelTeleportRequest	3736	javelin_rtti_static	STRUCTURALLY_CONSISTENT		0x14a24def0	.data	OK	0x14a24dee0	.data	OK	0x146582250	.text	OK	0x14851f750	.rdata	OK	0x1465821c0	.text	OK	0x1468165e0	.text	OK
Javelin::ClientMessages::PlayerComponentServerFacet_DebugSetHomeWorldId	5745	javelin_rtti_static	STRUCTURALLY_CONSISTENT		0x14a24ddb0	.data	OK	0x14a24dda0	.data	OK	0x146582e60	.text	OK	0x14851fc38	.rdata	OK	0x146582dd0	.text	OK	0x1468189e0	.text	OK
Javelin::ClientMessages::PlayerComponentServerFacet_DebugSetMatchId	5955	javelin_rtti_static	STRUCTURALLY_CONSISTENT		0x14a24dc70	.data	OK	0x14a24dc60	.data	OK	0x146583f40	.text	OK	0x148520148	.rdata	OK	0x146583eb0	.text	OK	0x146818be0	.text	OK
Javelin::ClientMessages::PlayerComponentServerFacet_DebugSetSrcWorldId	5715	javelin_rtti_static	STRUCTURALLY_CONSISTENT		0x14a24db20	.data	OK	0x14a24db10	.data	OK	0x146584f30	.text	OK	0x148520560	.rdata	OK	0x146584ea0	.text	OK	0x146818de0	.text	OK
Javelin::ClientMessages::PlayerComponentClientFacet_OnTeleportRequestFailedOrCancelled	7022	javelin_rtti_static	STRUCTURALLY_CONSISTENT		0x14a24d950	.data	OK	0x14a24d940	.data	OK	0x146585bc0	.text	OK	0x148520930	.rdata	OK	0x146585b30	.text	OK	0x1468157e0	.text	OK
Javelin::ClientMessages::PlayerComponentServerFacet_RequestRespawn	1938	javelin_rtti_static	STRUCTURALLY_CONSISTENT		0x14a24d810	.data	OK	0x14a24d800	.data	OK	0x146587b50	.text	OK	0x148521208	.rdata	OK	0x146587ac0	.text	OK	0x14681a9e0	.text	OK
Javelin::ClientMessages::PlayerComponentServerFacet_SetIsFreeTrialPlayer	6804	javelin_rtti_static	STRUCTURALLY_CONSISTENT		0x14a24d6d0	.data	OK	0x14a24d6c0	.data	OK	0x146589470	.text	OK	0x148521990	.rdata	OK	0x1465893e0	.text	OK	0x14681c3e0	.text	OK
Javelin::ClientMessages::PlayerComponentServerFacet_DebugTriggerOverpopulationTeleport	2051	javelin_rtti_static	STRUCTURALLY_CONSISTENT		0x14a24d580	.data	OK	0x14a24d570	.data	OK	0x14658a5b0	.text	OK	0x148521ed8	.rdata	OK	0x14658a520	.text	OK	0x1468191e0	.text	OK
Javelin::ClientMessages::PlayerComponentClientFacet_OnOverpopulationTeleportNotification	3963	javelin_rtti_static	STRUCTURALLY_CONSISTENT		0x14a24d320	.data	OK	0x14a24d310	.data	OK	0x14658b1f0	.text	OK	0x148522308	.rdata	OK	0x14658b160	.text	OK	0x146814fe0	.text	OK
Javelin::ClientMessages::PlayerComponentClientFacet_OnForcedOverpopulationTeleportNotification	3964	javelin_rtti_static	STRUCTURALLY_CONSISTENT		0x14a24d150	.data	OK	0x14a24d140	.data	OK	0x14658cfc0	.text	OK	0x148522a20	.rdata	OK	0x14658ceb0	.text	OK	0x146814de0	.text	OK
Javelin::ClientMessages::PlayerComponentServerFacet_RequestImmediateOverpopulationTeleport	2479	javelin_rtti_static	STRUCTURALLY_CONSISTENT		0x14a24cf80	.data	OK	0x14a24cf70	.data	OK	0x14658e150	.text	OK	0x148522ec8	.rdata	OK	0x14658e0c0	.text	OK	0x14681a5e0	.text	OK
Javelin::ClientMessages::PlayerComponentServerFacet_DebugRequestOverpopulationTeleportMetadata	961	javelin_rtti_static	STRUCTURALLY_CONSISTENT		0x14a24cd80	.data	OK	0x14a24cd70	.data	OK	0x14658ede0	.text	OK	0x148523278	.rdata	OK	0x14658ed50	.text	OK	0x146817be0	.text	OK
Javelin::ClientMessages::PlayerComponentClientFacet_DebugReceiveOverpopulationTeleportMetadata	3966	javelin_rtti_static	STRUCTURALLY_CONSISTENT		0x14a24cb60	.data	OK	0x14a24cb50	.data	OK	0x146590ba0	.text	OK	0x148523898	.rdata	OK	0x146590b10	.text	OK	0x1468143e0	.text	OK
Javelin::ClientMessages::PlayerComponentServerFacet_OnCullLimitPctChangeRequest	3967	javelin_rtti_static	STRUCTURALLY_CONSISTENT		0x14a24ca10	.data	OK	0x14a24ca00	.data	OK	0x146592560	.text	OK	0x148523f70	.rdata	OK	0x1465924d0	.text	OK	0x1468199e0	.text	OK
Javelin::ClientMessages::PlayerComponentServerFacet_SyncPlayerTypeFromClient	3609	javelin_rtti_static	STRUCTURALLY_CONSISTENT		0x14a24c8c0	.data	OK	0x14a24c8b0	.data	OK	0x146593ad0	.text	OK	0x148524600	.rdata	OK	0x1465939a0	.text	OK	0x14681c5e0	.text	OK
Javelin::ClientMessages::PlayerComponentServerFacet_RequestRandomRespawn	373	javelin_rtti_static	STRUCTURALLY_CONSISTENT		0x14a24c780	.data	OK	0x14a24c770	.data	OK	0x146594c10	.text	OK	0x148524a70	.rdata	OK	0x1465949f0	.text	OK	0x14681a7e0	.text	OK
Javelin::ClientMessages::PlayerComponentServerFacet_DebugForceTokenRefresh	6557	javelin_rtti_static	STRUCTURALLY_CONSISTENT		0x14a24c640	.data	OK	0x14a24c630	.data	OK	0x146596570	.text	OK	0x148525100	.rdata	OK	0x146596480	.text	OK	0x146816be0	.text	OK
Javelin::ClientMessages::PlayerComponentServerFacet_DebugForceTokenRevoke	6792	javelin_rtti_static	STRUCTURALLY_CONSISTENT		0x14a24c480	.data	OK	0x14a24c470	.data	OK	0x146597b30	.text	OK	0x148525748	.rdata	OK	0x146597aa0	.text	OK	0x146816de0	.text	OK
Javelin::ClientMessages::PlayerComponentServerFacet_RequestServerReport	3968	javelin_rtti_static	STRUCTURALLY_CONSISTENT		0x14a24c340	.data	OK	0x14a24c330	.data	OK	0x146598e80	.text	OK	0x148525b18	.rdata	OK	0x146598df0	.text	OK	0x14681abe0	.text	OK
Javelin::ClientMessages::PlayerComponentServerFacet_RequestSetIsLookingThroughLoadout	3970	javelin_rtti_static	STRUCTURALLY_CONSISTENT		0x14a24c1e0	.data	OK	0x14a24c1d0	.data	OK	0x14659a340	.text	OK	0x148525f30	.rdata	OK	0x14659a250	.text	OK	0x14681b5e0	.text	OK
Javelin::ClientMessages::PlayerComponentServerFacet_RequestSetIsInStore	4908	javelin_rtti_static	STRUCTURALLY_CONSISTENT		0x14a24c010	.data	OK	0x14a24c000	.data	OK	0x14659b540	.text	OK	0x1485265a0	.rdata	OK	0x14659b4a0	.text	OK	0x14681b3e0	.text	OK
Javelin::ClientMessages::PlayerComponentServerFacet_RequestSetIsChangingMount	6066	javelin_rtti_static	STRUCTURALLY_CONSISTENT		0x14a24bec0	.data	OK	0x14a24beb0	.data	OK	0x14659c850	.text	OK	0x148526b90	.rdata	OK	0x14659c7c0	.text	OK	0x14681afe0	.text	OK
Javelin::ClientMessages::PlayerComponentServerFacet_RequestSetIsTransmogStationScreenOpen	6463	javelin_rtti_static	STRUCTURALLY_CONSISTENT		0x14a24bd60	.data	OK	0x14a24bd50	.data	OK	0x14659dc00	.text	OK	0x148527120	.rdata	OK	0x14659db70	.text	OK	0x14681b9e0	.text	OK
Javelin::ClientMessages::PlayerComponentServerFacet_RequestSetIsTransmogScreenOpen	6105	javelin_rtti_static	STRUCTURALLY_CONSISTENT		0x14a24bc00	.data	OK	0x14a24bbf0	.data	OK	0x14659ee40	.text	OK	0x148527648	.rdata	OK	0x14659edb0	.text	OK	0x14681b7e0	.text	OK
Javelin::ClientMessages::PlayerComponentServerFacet_RequestSetIsInMountAttachmentMode	6392	javelin_rtti_static	STRUCTURALLY_CONSISTENT		0x14a24baa0	.data	OK	0x14a24ba90	.data	OK	0x1465a0470	.text	OK	0x148527bf0	.rdata	OK	0x1465a0360	.text	OK	0x14681b1e0	.text	OK
Javelin::ClientMessages::PlayerComponentServerFacet_RequestSetIsArmorDyeingOpen	6486	javelin_rtti_static	STRUCTURALLY_CONSISTENT		0x14a24b9f0	.data	OK	0x14a24b9e0	.data	OK	0x1465a18e0	.text	OK	0x148528090	.rdata	OK	0x1465a1850	.text	OK	0x14681ade0	.text	OK
Javelin::ClientMessages::PlayerComponentServerFacet_DebugFillAllInventories	1051	javelin_rtti_static	STRUCTURALLY_CONSISTENT		0x14a24b950	.data	OK	0x14a24b940	.data	OK	0x1465a2920	.text	OK	0x148528610	.rdata	OK	0x1465a2890	.text	OK	0x1468169e0	.text	OK
Javelin::ClientMessages::PlayerComponentServerFacet_ChangePlayerBackstory	3971	javelin_rtti_static	STRUCTURALLY_CONSISTENT		0x14a24b8b0	.data	OK	0x14a24b8a0	.data	OK	0x1465a41f0	.text	OK	0x148528b68	.rdata	OK	0x1465a40e0	.text	OK	0x1468163e0	.text	OK
Javelin::ClientMessages::PlayerComponentServerFacet_ReturnToMainWorld	502	javelin_rtti_static	STRUCTURALLY_CONSISTENT		0x14a24b810	.data	OK	0x14a24b800	.data	OK	0x1465a5200	.text	OK	0x148529028	.rdata	OK	0x1465a5170	.text	OK	0x14681c1e0	.text	OK
Javelin::ClientMessages::PlayerComponentServerFacet_OnSetBandwidthModeRequest	1094	javelin_rtti_static	STRUCTURALLY_CONSISTENT		0x14a24b770	.data	OK	0x14a24b760	.data	OK	0x1465a6cc0	.text	OK	0x1485295e8	.rdata	OK	0x1465a6bd0	.text	OK	0x146819de0	.text	OK
Javelin::ClientMessages::PlayerComponentClientFacet_DarknessAdjustmentNotification	937	javelin_rtti_static	STRUCTURALLY_CONSISTENT		0x14a24b6c0	.data	OK	0x14a24b6b0	.data	OK	0x1465a81c0	.text	OK	0x148529cb0	.rdata	OK	0x1465a8130	.text	OK	0x146813fe0	.text	OK
Javelin::ClientMessages::PlayerComponentServerFacet_TriggerAreaEntityPassthrough	560	javelin_rtti_static	STRUCTURALLY_CONSISTENT		0x14a24b610	.data	OK	0x14a24b600	.data	OK	0x1465a9880	.text	OK	0x14852a410	.rdata	OK	0x1465a97e0	.text	OK	0x14681c7e0	.text	OK
Javelin::ClientMessages::PlayerComponentServerFacet_RequestSwitchPVPActiveToThisCharacter	5526	javelin_rtti_static	STRUCTURALLY_CONSISTENT		0x14a24b560	.data	OK	0x14a24b550	.data	OK	0x1465aa830	.text	OK	0x14852a7a8	.rdata	OK	0x1465aa700	.text	OK	0x14681bbe0	.text	OK
Javelin::ClientMessages::PlayerComponentServerFacet_DebugResetPVPActiveTimer	5525	javelin_rtti_static	STRUCTURALLY_CONSISTENT		0x14a24b4c0	.data	OK	0x14a24b4b0	.data	OK	0x1465abdb0	.text	OK	0x14852af40	.rdata	OK	0x1465abd20	.text	OK	0x1468183e0	.text	OK
Javelin::ClientMessages::PlayerComponentServerFacet_DebugMakePVPInactive	5530	javelin_rtti_static	STRUCTURALLY_CONSISTENT		0x14a24b3a0	.data	OK	0x14a24b390	.data	OK	0x1465aca80	.text	OK	0x14852b1e0	.rdata	OK	0x1465ac9e0	.text	OK	0x1468171e0	.text	OK
Javelin::ClientMessages::PlayerComponentServerFacet_DebugForceUpdateDailyWarCount	5556	javelin_rtti_static	STRUCTURALLY_CONSISTENT		0x14a24b270	.data	OK	0x14a24b260	.data	OK	0x1465adea0	.text	OK	0x14852b990	.rdata	OK	0x1465ade10	.text	OK	0x146816fe0	.text	OK
Javelin::ClientMessages::PlayerComponentServerFacet_DebugSpawnGhostClient	3975	javelin_rtti_static	STRUCTURALLY_CONSISTENT		0x14a24b130	.data	OK	0x14a24b120	.data	OK	0x1465aeeb0	.text	OK	0x14852bd70	.rdata	OK	0x1465aee20	.text	OK	0x146818fe0	.text	OK
Javelin::ClientMessages::PlayerComponentServerFacet_DebugDespawnGhostClient	447	javelin_rtti_static	STRUCTURALLY_CONSISTENT		0x14a24b090	.data	OK	0x14a24b080	.data	OK	0x1465b09b0	.text	OK	0x14852c4f0	.rdata	OK	0x1465b08f0	.text	OK	0x1468167e0	.text	OK
Javelin::ClientMessages::PlayerComponentServerFacet_DebugOrphanGhostClient	1939	javelin_rtti_static	STRUCTURALLY_CONSISTENT		0x14a24aff0	.data	OK	0x14a24afe0	.data	OK	0x1465b2750	.text	OK	0x14852cea8	.rdata	OK	0x1465b26c0	.text	OK	0x1468173e0	.text	OK
Javelin::ClientMessages::PlayerComponentServerFacet_DebugSendLevelInfo	3616	javelin_rtti_static	STRUCTURALLY_CONSISTENT		0x14a24af50	.data	OK	0x14a24af40	.data	OK	0x1465b3730	.text	OK	0x14852d308	.rdata	OK	0x1465b3650	.text	OK	0x1468185e0	.text	OK
Javelin::ClientMessages::PlayerComponentServerFacet_DebugReportAnalyticsSnapshot	4808	javelin_rtti_static	STRUCTURALLY_CONSISTENT		0x14a24ae20	.data	OK	0x14a24ae10	.data	OK	0x1465b5380	.text	OK	0x14852d9b8	.rdata	OK	0x1465b51f0	.text	OK	0x1468175e0	.text	OK
Javelin::ClientMessages::PlayerComponentClientFacet_OnDebugReceiveAccountAge	4843	javelin_rtti_static	STRUCTURALLY_CONSISTENT		0x14a24ace0	.data	OK	0x14a24acd0	.data	OK	0x1465b6070	.text	OK	0x14852dd48	.rdata	OK	0x1465b5fd0	.text	OK	0x1468147e0	.text	OK
Javelin::ClientMessages::PlayerComponentServerFacet_DebugRequestAccountAge	4842	javelin_rtti_static	STRUCTURALLY_CONSISTENT		0x14a24ab90	.data	OK	0x14a24ab80	.data	OK	0x1465b7c20	.text	OK	0x14852e428	.rdata	OK	0x1465b7b80	.text	OK	0x1468177e0	.text	OK
Javelin::ClientMessages::PlayerComponentServerFacet_DebugSetAccountAge	4845	javelin_rtti_static	STRUCTURALLY_CONSISTENT		0x14a24aa40	.data	OK	0x14a24aa30	.data	OK	0x1465b94d0	.text	OK	0x14852ebf0	.rdata	OK	0x1465b9440	.text	OK	0x1468187e0	.text	OK
Javelin::ClientMessages::PlayerComponentServerFacet_DebugRequestKick	4997	javelin_rtti_static	STRUCTURALLY_CONSISTENT		0x14a24a9a0	.data	OK	0x14a24a990	.data	OK	0x1465ba9a0	.text	OK	0x14852f370	.rdata	OK	0x1465ba910	.text	OK	0x1468179e0	.text	OK
Javelin::ClientMessages::PlayerComponentClientFacet_OnFCPOverpopulationTeleportNotification	1564	javelin_rtti_static	STRUCTURALLY_CONSISTENT		0x14a24a8f0	.data	OK	0x14a24a8e0	.data	OK	0x1465bbde0	.text	OK	0x14852f930	.rdata	OK	0x1465bbd50	.text	OK	0x146814be0	.text	OK
Javelin::ClientMessages::PlayerComponentClientFacet_OnCancelFCPOverpopulationTeleportNotification	3977	javelin_rtti_static	STRUCTURALLY_CONSISTENT		0x14a24a830	.data	OK	0x14a24a820	.data	OK	0x146561b40	.text	OK	0x148515c80	.rdata	OK	0x146561ab0	.text	OK	0x1468145e0	.text	OK
Javelin::ClientMessages::PlayerComponentServerFacet_DebugTriggerPersistenceEmergency	4954	javelin_rtti_static	STRUCTURALLY_CONSISTENT		0x14a24a780	.data	OK	0x14a24a770	.data	OK	0x146562a80	.text	OK	0x148516038	.rdata	OK	0x1465629f0	.text	OK	0x1468193e0	.text	OK
Javelin::ClientMessages::PlayerComponentServerFacet_DebugRequestSendMessageOfSize	5041	javelin_rtti_static	STRUCTURALLY_CONSISTENT		0x14a24a630	.data	OK	0x14a24a620	.data	OK	0x146563ca0	.text	OK	0x1485167c0	.rdata	OK	0x146563c10	.text	OK	0x146817fe0	.text	OK
Javelin::ClientMessages::PlayerComponentClientFacet_DebugReceiveMessageOfSize	5042	javelin_rtti_static	STRUCTURALLY_CONSISTENT		0x14a24a4f0	.data	OK	0x14a24a4e0	.data	OK	0x146565590	.text	OK	0x148516dd0	.rdata	OK	0x1465654f0	.text	OK	0x1468141e0	.text	OK
Javelin::ClientMessages::PlayerComponentServerFacet_DebugRequestReconnectCrossWorld	6053	javelin_rtti_static	STRUCTURALLY_CONSISTENT		0x14a24a3a0	.data	OK	0x14a24a390	.data	OK	0x146566c10	.text	OK	0x148517398	.rdata	OK	0x146566b80	.text	OK	0x146817de0	.text	OK
Javelin::ClientMessages::PlayerComponentServerFacet_OnReplicationDataCaptureAction	4772	javelin_rtti_static	STRUCTURALLY_CONSISTENT		0x14a24a250	.data	OK	0x14a24a240	.data	OK	0x146567db0	.text	OK	0x148517a10	.rdata	OK	0x146567cc0	.text	OK	0x146819be0	.text	OK
Javelin::ClientMessages::PlayerComponentServerFacet_RequestUnlockMilestoneModal	5929	javelin_rtti_static	STRUCTURALLY_CONSISTENT		0x14a24a1a0	.data	OK	0x14a24a190	.data	OK	0x146569080	.text	OK	0x148517f70	.rdata	OK	0x146568ff0	.text	OK	0x14681bfe0	.text	OK
Javelin::ClientMessages::PlayerComponentServerFacet_RequestSyncGatherBanEnd	6470	javelin_rtti_static	STRUCTURALLY_CONSISTENT		0x14a24a100	.data	OK	0x14a24a0f0	.data	OK	0x146569f70	.text	OK	0x148518438	.rdata	OK	0x146569ee0	.text	OK	0x14681bde0	.text	OK
Javelin::ClientMessages::PlayerComponentServerFacet_RequestClearGatherBan	6497	javelin_rtti_static	STRUCTURALLY_CONSISTENT		0x14a24a060	.data	OK	0x14a24a050	.data	OK	0x14656b1a0	.text	OK	0x148518850	.rdata	OK	0x14656b110	.text	OK	0x14681a1e0	.text	OK
Javelin::ClientMessages::PlayerComponentClientFacet_SyncGatherBanEnd	6498	javelin_rtti_static	STRUCTURALLY_CONSISTENT		0x14a249fc0	.data	OK	0x14a249fb0	.data	OK	0x14656c8c0	.text	OK	0x148518ce8	.rdata	OK	0x14656c760	.text	OK	0x146815fe0	.text	OK
Javelin::ClientMessages::PlayerComponentClientFacet_RefreshClientToken	6558	javelin_rtti_static	STRUCTURALLY_CONSISTENT		0x14a249f20	.data	OK	0x14a249f10	.data	OK	0x14656e2e0	.text	OK	0x1485195e8	.rdata	OK	0x14656e210	.text	OK	0x146815de0	.text	OK
Javelin::ClientMessages::PlayerComponentServerFacet_OnClientAuthTokenCompleted	6553	javelin_rtti_static	STRUCTURALLY_CONSISTENT		0x14a249df0	.data	OK	0x14a249de0	.data	OK	0x14656f730	.text	OK	0x148519c40	.rdata	OK	0x14656f6a0	.text	OK	0x1468197e0	.text	OK
Javelin::ClientMessages::PlayerDataBroadcastComponentServerFacet_OnWarboardEnabled	3206	javelin_rtti_static	STRUCTURALLY_CONSISTENT		0x14a2497c0	.data	OK	0x14a2497b0	.data	OK	0x146595700	.text	OK	0x148524d48	.rdata	OK	0x146595580	.text	OK	0x14681cbe0	.text	OK
Javelin::ClientMessages::PlayerDataBroadcastComponentServerFacet_OnUpdateWarboardManifestReceived	5953	javelin_rtti_static	STRUCTURALLY_CONSISTENT		0x14a249700	.data	OK	0x14a2496f0	.data	OK	0x146597410	.text	OK	0x148525510	.rdata	OK	0x146597380	.text	OK	0x14681c9e0	.text	OK
Javelin::ClientMessages::UnstuckComponentClientFacet_OnUnstuckRequestAccepted	3980	javelin_rtti_static	STRUCTURALLY_CONSISTENT		0x14a2490e0	.data	OK	0x14a2490d0	.data	OK	0x1465ac4d0	.text	OK	0x14852b090	.rdata	OK	0x1465ac400	.text	OK	0x14681f1e0	.text	OK
Javelin::ClientMessages::UnstuckComponentClientFacet_OnUnstuckRequestDenied	2774	javelin_rtti_static	STRUCTURALLY_CONSISTENT		0x14a248fa0	.data	OK	0x14a248f90	.data	OK	0x1465ad690	.text	OK	0x14852b648	.rdata	OK	0x1465ad600	.text	OK	0x14681f3e0	.text	OK
Javelin::ClientMessages::UnstuckComponentClientFacet_OnUnstuckTeleportComplete	2190	javelin_rtti_static	STRUCTURALLY_CONSISTENT		0x14a248e50	.data	OK	0x14a248e40	.data	OK	0x1465ae320	.text	OK	0x14852ba98	.rdata	OK	0x1465ae290	.text	OK	0x14681f7e0	.text	OK
Javelin::ClientMessages::UnstuckComponentClientFacet_OnUnstuckTeleportCancelled	3981	javelin_rtti_static	STRUCTURALLY_CONSISTENT		0x14a248d00	.data	OK	0x14a248cf0	.data	OK	0x1465af640	.text	OK	0x14852bf20	.rdata	OK	0x1465af580	.text	OK	0x14681f5e0	.text	OK
Javelin::ClientMessages::UnstuckComponentClientFacet_SyncBreadcrumbs	1201	javelin_rtti_static	STRUCTURALLY_CONSISTENT		0x14a248b40	.data	OK	0x14a248b30	.data	OK	0x1465b1b20	.text	OK	0x14852ca98	.rdata	OK	0x1465b1a90	.text	OK	0x14681f9e0	.text	OK
Javelin::ClientMessages::UnstuckComponentServerFacet_OnClientRequestUnstuck	388	javelin_rtti_static	STRUCTURALLY_CONSISTENT		0x14a248950	.data	OK	0x14a248940	.data	OK	0x1465b2ed0	.text	OK	0x14852d130	.rdata	OK	0x1465b2e00	.text	OK	0x14681fbe0	.text	OK
Javelin::ClientMessages::ChargeComponentClientFacet_ClientForceSyncServerStateRemote	5265	javelin_rtti_static	STRUCTURALLY_CONSISTENT		0x14a248150	.data	OK	0x14a248140	.data	OK	0x14656cce0	.text	OK	0x148518ed8	.rdata	OK	0x14656cbf0	.text	OK	0x146804fe0	.text	OK
Javelin::ClientMessages::ChargeComponentClientFacet_ClientSyncMaxCharge	5251	javelin_rtti_static	STRUCTURALLY_CONSISTENT		0x14a248000	.data	OK	0x14a247ff0	.data	OK	0x14656e7d0	.text	OK	0x148519700	.rdata	OK	0x14656e740	.text	OK	0x1468051e0	.text	OK
Javelin::ClientMessages::ChargeComponentClientFacet_ClientSyncServerState	5266	javelin_rtti_static	STRUCTURALLY_CONSISTENT		0x14a247e00	.data	OK	0x14a247df0	.data	OK	0x14656fcc0	.text	OK	0x148519db0	.rdata	OK	0x14656fc30	.text	OK	0x1468053e0	.text	OK
Javelin::ClientMessages::ChargeComponentServerFacet_ForceServerSyncRequestedFromClient	5267	javelin_rtti_static	STRUCTURALLY_CONSISTENT		0x14a247c00	.data	OK	0x14a247bf0	.data	OK	0x146571400	.text	OK	0x14851a378	.rdata	OK	0x146571350	.text	OK	0x146805be0	.text	OK
Javelin::ClientMessages::ChargeComponentServerFacet_Debug_OnChargeGodModeChanged	5254	javelin_rtti_static	STRUCTURALLY_CONSISTENT		0x14a247970	.data	OK	0x14a247960	.data	OK	0x146572960	.text	OK	0x14851ac18	.rdata	OK	0x1465728d0	.text	OK	0x1468057e0	.text	OK
Javelin::ClientMessages::ChargeComponentServerFacet_Debug_SetCurrentCharge	5268	javelin_rtti_static	STRUCTURALLY_CONSISTENT		0x14a247830	.data	OK	0x14a247820	.data	OK	0x1465743a0	.text	OK	0x14851b508	.rdata	OK	0x146574310	.text	OK	0x1468059e0	.text	OK
Javelin::ClientMessages::CooldownTimersComponentClientFacet_ClientForceSyncServerState	4280	javelin_rtti_static	STRUCTURALLY_CONSISTENT		0x14a2470d0	.data	OK	0x14a2470c0	.data	OK	0x146583600	.text	OK	0x14851fe10	.rdata	OK	0x146583570	.text	OK	0x1468065e0	.text	OK
Javelin::ClientMessages::CooldownTimersComponentServerFacet_ForceServerSyncRequestedFromClient	3159	javelin_rtti_static	STRUCTURALLY_CONSISTENT		0x14a246ec0	.data	OK	0x14a246eb0	.data	OK	0x1465845d0	.text	OK	0x1485202c8	.rdata	OK	0x146584540	.text	OK	0x1468071e0	.text	OK
Javelin::ClientMessages::CooldownTimersComponentServerFacet_Debug_OnCooldownsGodModeChanged	4281	javelin_rtti_static	STRUCTURALLY_CONSISTENT		0x14a246cb0	.data	OK	0x14a246ca0	.data	OK	0x1465853e0	.text	OK	0x1485206f0	.rdata	OK	0x146585350	.text	OK	0x146806de0	.text	OK
Javelin::ClientMessages::CooldownTimersComponentServerFacet_Debug_ClearAllCooldowns	3653	javelin_rtti_static	STRUCTURALLY_CONSISTENT		0x14a246ab0	.data	OK	0x14a246aa0	.data	OK	0x146586410	.text	OK	0x148520aa8	.rdata	OK	0x146586380	.text	OK	0x146806be0	.text	OK
Javelin::ClientMessages::CooldownTimersComponentServerFacet_Debug_ResetGeneralCooldown	4810	javelin_rtti_static	STRUCTURALLY_CONSISTENT		0x14a246950	.data	OK	0x14a246940	.data	OK	0x1465887a0	.text	OK	0x148521450	.rdata	OK	0x146588710	.text	OK	0x146806fe0	.text	OK
Javelin::ClientMessages::CooldownTimersComponentClientFacet_ClientSyncServerState	3252	javelin_rtti_static	STRUCTURALLY_CONSISTENT		0x14a2468a0	.data	OK	0x14a246890	.data	OK	0x146589b90	.text	OK	0x148521cd0	.rdata	OK	0x146589b00	.text	OK	0x1468067e0	.text	OK
Javelin::ClientMessages::GritComponentClientFacet_ClientForceSyncServerState	4110	javelin_rtti_static	STRUCTURALLY_CONSISTENT		0x14a246500	.data	OK	0x14a2464f0	.data	OK	0x1465a20c0	.text	OK	0x148528250	.rdata	OK	0x1465a1fc0	.text	OK	0x146807de0	.text	OK
Javelin::ClientMessages::GritComponentClientFacet_ClientForceSyncServerStateRemote	1751	javelin_rtti_static	STRUCTURALLY_CONSISTENT		0x14a2463a0	.data	OK	0x14a246390	.data	OK	0x1465a3110	.text	OK	0x1485287d0	.rdata	OK	0x1465a3070	.text	OK	0x146807fe0	.text	OK
Javelin::ClientMessages::GritComponentClientFacet_ClientSyncServerState	440	javelin_rtti_static	STRUCTURALLY_CONSISTENT		0x14a246250	.data	OK	0x14a246240	.data	OK	0x1465a4af0	.text	OK	0x148528df0	.rdata	OK	0x1465a4a60	.text	OK	0x1468081e0	.text	OK
Javelin::ClientMessages::GritComponentServerFacet_ForceServerSyncRequestedFromClient	4282	javelin_rtti_static	STRUCTURALLY_CONSISTENT		0x14a246070	.data	OK	0x14a246060	.data	OK	0x1465a5760	.text	OK	0x1485290d0	.rdata	OK	0x1465a5650	.text	OK	0x1468085e0	.text	OK
Javelin::ClientMessages::GritComponentServerFacet_EnableReplication	302	javelin_rtti_static	STRUCTURALLY_CONSISTENT		0x14a245f30	.data	OK	0x14a245f20	.data	OK	0x1465a7190	.text	OK	0x1485297e8	.rdata	OK	0x1465a7100	.text	OK	0x1468083e0	.text	OK
Javelin::ClientMessages::GritComponentServerFacet_ReceiveImGuiCompDataChangeFromClient	1495	javelin_rtti_static	STRUCTURALLY_CONSISTENT		0x14a245de0	.data	OK	0x14a245dd0	.data	OK	0x1465a8920	.text	OK	0x148529e90	.rdata	OK	0x1465a8870	.text	OK	0x1468087e0	.text	OK
Javelin::ClientMessages::ManaComponentClientFacet_ClientForceSyncServerState	4289	javelin_rtti_static	STRUCTURALLY_CONSISTENT		0x14a24fe60	.data	OK	0x14a24fe50	.data	OK	0x1465700c0	.text	OK	0x148519ed0	.rdata	OK	0x14656fff0	.text	OK	0x14680dde0	.text	OK
Javelin::ClientMessages::ManaComponentClientFacet_ClientSyncMaxMana	4290	javelin_rtti_static	STRUCTURALLY_CONSISTENT		0x14a24fc70	.data	OK	0x14a24fc60	.data	OK	0x1465718d0	.text	OK	0x14851a520	.rdata	OK	0x1465716f0	.text	OK	0x14680dfe0	.text	OK
Javelin::ClientMessages::ManaComponentClientFacet_ClientSyncServerState	4291	javelin_rtti_static	STRUCTURALLY_CONSISTENT		0x14a24fb20	.data	OK	0x14a24fb10	.data	OK	0x146572db0	.text	OK	0x14851ad08	.rdata	OK	0x146572d20	.text	OK	0x14680e1e0	.text	OK
Javelin::ClientMessages::ManaComponentServerFacet_ForceServerSyncRequestedFromClient	4293	javelin_rtti_static	STRUCTURALLY_CONSISTENT		0x14a24f9c0	.data	OK	0x14a24f9b0	.data	OK	0x146574490	.text	OK	0x14851b5e8	.rdata	OK	0x146574400	.text	OK	0x14680e9e0	.text	OK
Javelin::ClientMessages::ManaComponentServerFacet_Debug_OnManaGodModeChanged	4294	javelin_rtti_static	STRUCTURALLY_CONSISTENT		0x14a24f870	.data	OK	0x14a24f860	.data	OK	0x146575170	.text	OK	0x14851b9e0	.rdata	OK	0x1465750e0	.text	OK	0x14680e5e0	.text	OK
Javelin::ClientMessages::ManaComponentServerFacet_Debug_SetCurrentMana	4295	javelin_rtti_static	STRUCTURALLY_CONSISTENT		0x14a24f730	.data	OK	0x14a24f720	.data	OK	0x146575f40	.text	OK	0x14851bc50	.rdata	OK	0x146575eb0	.text	OK	0x14680e7e0	.text	OK
Javelin::ClientMessages::StaminaComponentClientFacet_ClientForceSyncServerStateRemote	473	javelin_rtti_static	STRUCTURALLY_CONSISTENT		0x14a24f4e0	.data	OK	0x14a24f4d0	.data	OK	0x146582f40	.text	OK	0x14851fc68	.rdata	OK	0x146582e70	.text	OK	0x14681e3e0	.text	OK
Javelin::ClientMessages::StaminaComponentServerFacet_Debug_EnableStaminaRegen	1229	javelin_rtti_static	STRUCTURALLY_CONSISTENT		0x14a24f2e0	.data	OK	0x14a24f2d0	.data	OK	0x146585000	.text	OK	0x1485205d8	.rdata	OK	0x146584f40	.text	OK	0x14681e7e0	.text	OK
Javelin::ClientMessages::StaminaComponentServerFacet_Debug_ResetStaminaRegen	4296	javelin_rtti_static	STRUCTURALLY_CONSISTENT		0x14a24f240	.data	OK	0x14a24f230	.data	OK	0x146585c70	.text	OK	0x148520960	.rdata	OK	0x146585bd0	.text	OK	0x14681ede0	.text	OK
Javelin::ClientMessages::StaminaComponentServerFacet_Debug_RemoveStamina	5644	javelin_rtti_static	STRUCTURALLY_CONSISTENT		0x14a24f1a0	.data	OK	0x14a24f190	.data	OK	0x146587bf0	.text	OK	0x148521260	.rdata	OK	0x146587b60	.text	OK	0x14681ebe0	.text	OK
Javelin::ClientMessages::VitalsComponentServerFacet_OnRequestRevive	3823	javelin_rtti_static	STRUCTURALLY_CONSISTENT		0x14a24eee0	.data	OK	0x14a24eed0	.data	OK	0x1465a4ce0	.text	OK	0x148528ee8	.rdata	OK	0x1465a4c40	.text	OK	0x1468225e0	.text	OK
Javelin::ClientMessages::VitalsComponentClientFacet_OnDamage	3601	javelin_rtti_static	STRUCTURALLY_CONSISTENT		0x14a24ed30	.data	OK	0x14a24ed20	.data	OK	0x1465a5ef0	.text	OK	0x148529218	.rdata	OK	0x1465a5e50	.text	OK	0x1468207e0	.text	OK
Javelin::ClientMessages::VitalsComponentClientFacet_NotifyDamageNumberBusOnTrueDamageReceived	5269	javelin_rtti_static	STRUCTURALLY_CONSISTENT		0x14a24ebe0	.data	OK	0x14a24ebd0	.data	OK	0x1465a7a20	.text	OK	0x148529a08	.rdata	OK	0x1465a7990	.text	OK	0x1468205e0	.text	OK
Javelin::ClientMessages::VitalsComponentClientFacet_OnHealedPlayer	4298	javelin_rtti_static	STRUCTURALLY_CONSISTENT		0x14a24ea90	.data	OK	0x14a24ea80	.data	OK	0x1465a8e50	.text	OK	0x14852a038	.rdata	OK	0x1465a8d90	.text	OK	0x146820be0	.text	OK
Javelin::ClientMessages::VitalsComponentClientFacet_ClientSyncDeathRecap	4299	javelin_rtti_static	STRUCTURALLY_CONSISTENT		0x14a24e950	.data	OK	0x14a24e940	.data	OK	0x1465a9f80	.text	OK	0x14852a660	.rdata	OK	0x1465a9ef0	.text	OK	0x14681fde0	.text	OK
Javelin::ClientMessages::VitalsComponentClientFacet_ClientSyncDeathRecapForAllGameModeParticipants	4977	javelin_rtti_static	STRUCTURALLY_CONSISTENT		0x14a24e770	.data	OK	0x14a24e760	.data	OK	0x1465ab990	.text	OK	0x14852ad28	.rdata	OK	0x1465ab880	.text	OK	0x14681ffe0	.text	OK
Javelin::ClientMessages::VitalsComponentClientFacet_OnEnteredDeathsDoorInSiegeWarfare	2643	javelin_rtti_static	STRUCTURALLY_CONSISTENT		0x14a24e580	.data	OK	0x14a24e570	.data	OK	0x1465ac620	.text	OK	0x14852b150	.rdata	OK	0x1465ac590	.text	OK	0x1468209e0	.text	OK
Javelin::ClientMessages::VitalsComponentServerFacet_RequestDamageSelf	1085	javelin_rtti_static	STRUCTURALLY_CONSISTENT		0x14a24e370	.data	OK	0x14a24e360	.data	OK	0x1465ada00	.text	OK	0x14852b790	.rdata	OK	0x1465ad970	.text	OK	0x1468229e0	.text	OK
Javelin::ClientMessages::VitalsComponentServerFacet_RequestDoAfflictionDamage	1377	javelin_rtti_static	STRUCTURALLY_CONSISTENT		0x14a24e190	.data	OK	0x14a24e180	.data	OK	0x1465ae790	.text	OK	0x14852bb00	.rdata	OK	0x1465ae700	.text	OK	0x146822be0	.text	OK
Javelin::ClientMessages::VitalsComponentServerFacet_RequestSetCurrentHealth	6277	javelin_rtti_static	STRUCTURALLY_CONSISTENT		0x14a24dfa0	.data	OK	0x14a24df90	.data	OK	0x1465afb80	.text	OK	0x14852c008	.rdata	OK	0x1465afa20	.text	OK	0x1468231e0	.text	OK
Javelin::ClientMessages::VitalsComponentServerFacet_RequestSetStatValue	2103	javelin_rtti_static	STRUCTURALLY_CONSISTENT		0x14a24de50	.data	OK	0x14a24de40	.data	OK	0x1465b1d90	.text	OK	0x14852cb10	.rdata	OK	0x1465b1cf0	.text	OK	0x1468237e0	.text	OK
Javelin::ClientMessages::VitalsComponentServerFacet_RequestResetDeathsDoorDelay	3450	javelin_rtti_static	STRUCTURALLY_CONSISTENT		0x14a24dbc0	.data	OK	0x14a24dbb0	.data	OK	0x1465b4600	.text	OK	0x14852d7a0	.rdata	OK	0x1465b4560	.text	OK	0x146822de0	.text	OK
Javelin::ClientMessages::VitalsComponentServerFacet_DebugRequestSuicide	4302	javelin_rtti_static	STRUCTURALLY_CONSISTENT		0x14a24da80	.data	OK	0x14a24da70	.data	OK	0x1465b5c80	.text	OK	0x14852dc70	.rdata	OK	0x1465b5bf0	.text	OK	0x1468213e0	.text	OK
Javelin::ClientMessages::VitalsComponentServerFacet_DebugRequestRevive	4303	javelin_rtti_static	STRUCTURALLY_CONSISTENT		0x14a24d8b0	.data	OK	0x14a24d8a0	.data	OK	0x1465b70f0	.text	OK	0x14852dfa8	.rdata	OK	0x1465b7050	.text	OK	0x1468211e0	.text	OK
Javelin::ClientMessages::VitalsComponentServerFacet_RequestSuicide	3897	javelin_rtti_static	STRUCTURALLY_CONSISTENT		0x14a24d770	.data	OK	0x14a24d760	.data	OK	0x1465b8800	.text	OK	0x14852e8e8	.rdata	OK	0x1465b8710	.text	OK	0x1468239e0	.text	OK
Javelin::ClientMessages::VitalsComponentServerFacet_RequestSetInvulnerability	92	javelin_rtti_static	STRUCTURALLY_CONSISTENT		0x14a24d630	.data	OK	0x14a24d620	.data	OK	0x1465ba340	.text	OK	0x14852f120	.rdata	OK	0x1465ba2b0	.text	OK	0x1468233e0	.text	OK
Javelin::ClientMessages::VitalsComponentServerFacet_RequestResetInvulnerability	4019	javelin_rtti_static	STRUCTURALLY_CONSISTENT		0x14a24d450	.data	OK	0x14a24d440	.data	OK	0x1465bb830	.text	OK	0x14852f638	.rdata	OK	0x1465bb7a0	.text	OK	0x146822fe0	.text	OK
Javelin::ClientMessages::VitalsComponentServerFacet_RegisterListener	4310	javelin_rtti_static	STRUCTURALLY_CONSISTENT		0x14a24d280	.data	OK	0x14a24d270	.data	OK	0x1465616e0	.text	OK	0x148515b20	.rdata	OK	0x1465bc6b0	.text	OK	0x1468227e0	.text	OK
Javelin::ClientMessages::VitalsComponentServerFacet_UnregisterListener	4312	javelin_rtti_static	STRUCTURALLY_CONSISTENT		0x14a24d0b0	.data	OK	0x14a24d0a0	.data	OK	0x146562110	.text	OK	0x148515de0	.rdata	OK	0x146562080	.text	OK	0x1468241e0	.text	OK
Javelin::ClientMessages::VitalsComponentServerFacet_Debug_OnTakeHealth	4313	javelin_rtti_static	STRUCTURALLY_CONSISTENT		0x14a24cee0	.data	OK	0x14a24ced0	.data	OK	0x1465636f0	.text	OK	0x148516598	.rdata	OK	0x146563660	.text	OK	0x1468219e0	.text	OK
Javelin::ClientMessages::VitalsComponentServerFacet_Debug_SetReceivingModifiedDamage	4112	javelin_rtti_static	STRUCTURALLY_CONSISTENT		0x14a24ccd0	.data	OK	0x14a24ccc0	.data	OK	0x146564a00	.text	OK	0x148516978	.rdata	OK	0x146564910	.text	OK	0x1468221e0	.text	OK
Javelin::ClientMessages::VitalsComponentClientFacet_OnRequestRevive	1335	javelin_rtti_static	STRUCTURALLY_CONSISTENT		0x14a24cac0	.data	OK	0x14a24cab0	.data	OK	0x1465661a0	.text	OK	0x1485171e8	.rdata	OK	0x146566110	.text	OK	0x146820de0	.text	OK
Javelin::ClientMessages::VitalsComponentServerFacet_Debug_ToggleInfiniteDeathsDoor	887	javelin_rtti_static	STRUCTURALLY_CONSISTENT		0x14a24c960	.data	OK	0x14a24c950	.data	OK	0x146567790	.text	OK	0x148517880	.rdata	OK	0x146567700	.text	OK	0x1468223e0	.text	OK
Javelin::ClientMessages::VitalsComponentServerFacet_DebugSetInvincible	1013	javelin_rtti_static	STRUCTURALLY_CONSISTENT		0x14a24c820	.data	OK	0x14a24c810	.data	OK	0x146568990	.text	OK	0x148517e08	.rdata	OK	0x1465687f0	.text	OK	0x1468215e0	.text	OK
Javelin::ClientMessages::VitalsComponentServerFacet_SaveSnapshot	352	javelin_rtti_static	STRUCTURALLY_CONSISTENT		0x14a24c6e0	.data	OK	0x14a24c6d0	.data	OK	0x146569bf0	.text	OK	0x1485182b0	.rdata	OK	0x146569b50	.text	OK	0x146823fe0	.text	OK
Javelin::ClientMessages::VitalsComponentServerFacet_RestoreSnapshot	4315	javelin_rtti_static	STRUCTURALLY_CONSISTENT		0x14a24c5a0	.data	OK	0x14a24c590	.data	OK	0x14656aae0	.text	OK	0x148518750	.rdata	OK	0x14656a970	.text	OK	0x146823de0	.text	OK
Javelin::ClientMessages::VitalsComponentServerFacet_ResetPrimaryStats	4316	javelin_rtti_static	STRUCTURALLY_CONSISTENT		0x14a24c3e0	.data	OK	0x14a24c3d0	.data	OK	0x14656bb60	.text	OK	0x148518b38	.rdata	OK	0x14656bad0	.text	OK	0x146823be0	.text	OK
Javelin::ClientMessages::VitalsComponentClientFacet_Debug_SyncStatusModVitalsData	4256	javelin_rtti_static	STRUCTURALLY_CONSISTENT		0x14a24c290	.data	OK	0x14a24c280	.data	OK	0x14656d830	.text	OK	0x148519240	.rdata	OK	0x14656d790	.text	OK	0x1468201e0	.text	OK
Javelin::ClientMessages::VitalsComponentServerFacet_Debug_RequestSyncStatusModVitalsData	4317	javelin_rtti_static	STRUCTURALLY_CONSISTENT		0x14a24c0b0	.data	OK	0x14a24c0a0	.data	OK	0x14656f190	.text	OK	0x1485199f0	.rdata	OK	0x14656f100	.text	OK	0x146821de0	.text	OK
Javelin::ClientMessages::VitalsComponentServerFacet_Debug_ReApplyBuffBucketOverrides	5298	javelin_rtti_static	STRUCTURALLY_CONSISTENT		0x14a24bf60	.data	OK	0x14a24bf50	.data	OK	0x146570340	.text	OK	0x148519fa8	.rdata	OK	0x1465702b0	.text	OK	0x146821be0	.text	OK
Javelin::ClientMessages::VitalsComponentServerFacet_Debug_IgnorePvpDamageBalance	6158	javelin_rtti_static	STRUCTURALLY_CONSISTENT		0x14a24be10	.data	OK	0x14a24be00	.data	OK	0x146571e30	.text	OK	0x14851a7e8	.rdata	OK	0x146571da0	.text	OK	0x1468217e0	.text	OK
Javelin::ClientMessages::VitalsComponentClientFacet_Debug_SyncVitalsSifficulty	7030	javelin_rtti_static	STRUCTURALLY_CONSISTENT		0x14a24bcb0	.data	OK	0x14a24bca0	.data	OK	0x1465731e0	.text	OK	0x14851aec8	.rdata	OK	0x146573150	.text	OK	0x1468203e0	.text	OK
Javelin::ClientMessages::VitalsComponentServerFacet_Debug_RequestVitalsDifficulty	7031	javelin_rtti_static	STRUCTURALLY_CONSISTENT		0x14a24bb50	.data	OK	0x14a24bb40	.data	OK	0x1465748c0	.text	OK	0x14851b730	.rdata	OK	0x146574740	.text	OK	0x146821fe0	.text	OK
TimeoutMigrationsMsg	4996		STRUCTURALLY_CONSISTENT		0x14a264800	.data	OK	0x14a2647f0	.data	OK	0x146a33e20	.text	OK	0x148574070	.rdata	OK	0x146a33d90	.text	OK	0x146adbb90	.text	OK
TimeoutMigrationsAtCommitMsg	5343		STRUCTURALLY_CONSISTENT		0x14a264700	.data	OK	0x14a2646f0	.data	OK	0x146a34260	.text	OK	0x148574330	.rdata	OK	0x146a341d0	.text	OK	0x146adb950	.text	OK
DelayMigrationsMsg	5033		STRUCTURALLY_CONSISTENT		0x14a264600	.data	OK	0x14a2645f0	.data	OK	0x146a34490	.text	OK	0x148574420	.rdata	OK	0x146a34400	.text	OK	0x146ac4450	.text	OK
ToHubDebugMsg	5346		STRUCTURALLY_CONSISTENT		0x14a2631a0	.data	OK	0x14a263190	.data	OK	0x146a3e3e0	.text	OK	0x148576690	.rdata	OK	0x146a3e310	.text	OK	0x146adbdc0	.text	OK
ClientActorRoutingAuthorizationTrait	112		STRUCTURALLY_CONSISTENT		0x14a134270	.data	OK	0x14a134260	.data	OK	0x1407c6d40	.text	OK	0x147f44388	.rdata	OK	0x1407c6cb0	.text	OK	0x1407ebc90	.text	OK
ClientActorRoutingAuthorizationTrait::State	127		STRUCTURALLY_CONSISTENT		0x14a1341f0	.data	OK	0x14a1341e0	.data	OK	0x1407c7360	.text	OK	0x147f44580	.rdata	OK	0x1407c72d0	.text	OK	0x1407f3ff0	.text	OK
AddEntryMsg	149		STRUCTURALLY_CONSISTENT		0x14a134160	.data	OK	0x14a134150	.data	OK	0x1407c7730	.text	OK	0x147f446a0	.rdata	OK	0x1407c76a0	.text	OK	0x1407eb830	.text	OK
RemoveEntryMsg	159		STRUCTURALLY_CONSISTENT		0x14a1340d0	.data	OK	0x14a1340c0	.data	OK	0x1407c7a80	.text	OK	0x147f447b8	.rdata	OK	0x1407c79f0	.text	OK	0x1407f32e0	.text	OK
ClientAddEntryMsg	164		STRUCTURALLY_CONSISTENT		0x14a1371a0	.data	OK	0x14a137190	.data	OK	0x1407c7da0	.text	OK	0x147f44848	.rdata	OK	0x1407c7d10	.text	OK	0x1407ebec0	.text	OK
ClientRemoveEntryMsg	168		STRUCTURALLY_CONSISTENT		0x14a137110	.data	OK	0x14a137100	.data	OK	0x1407c8240	.text	OK	0x147f44998	.rdata	OK	0x1407c81b0	.text	OK	0x1407ec780	.text	OK
NotifyClientMessageMetadataMsg	5035		STRUCTURALLY_CONSISTENT		0x14a137070	.data	OK	0x14a137060	.data	OK	0x1407c8700	.text	OK	0x147f44ad8	.rdata	OK	0x1407c8670	.text	OK	0x1407f04d0	.text	OK
CrossWorldReconnectNotifierTrait	5867		STRUCTURALLY_CONSISTENT		0x14a136ff0	.data	OK	0x14a136fe0	.data	OK	0x1407c99a0	.text	OK	0x147f45228	.rdata	OK	0x1407c9910	.text	OK	0x1407ece30	.text	OK
CrossWorldReconnectNotifierTrait::State	5866		STRUCTURALLY_CONSISTENT		0x14a136f70	.data	OK	0x14a136f60	.data	OK	0x1407c9b00	.text	OK	0x147f452f8	.rdata	OK	0x1407c9a70	.text	OK	0x1407f46b0	.text	OK
OnCrossWorldReconnectStatusUpdateMsg	5865		STRUCTURALLY_CONSISTENT		0x14a136ed0	.data	OK	0x14a136ec0	.data	OK	0x1407c9d00	.text	OK	0x147f45368	.rdata	OK	0x1407c9c70	.text	OK	0x1407f0710	.text	OK
CrossWorldReconnectTrait	5622		STRUCTURALLY_CONSISTENT		0x14a136e10	.data	OK	0x14a136e00	.data	OK	0x1407ca760	.text	OK	0x147f45530	.rdata	OK	0x1407ca6d0	.text	OK	0x1407ed060	.text	OK
CrossWorldReconnectTrait::State	5623		STRUCTURALLY_CONSISTENT		0x14a136d90	.data	OK	0x14a136d80	.data	OK	0x1407ca950	.text	OK	0x147f455e8	.rdata	OK	0x1407ca8c0	.text	OK	0x1407f4900	.text	OK
InitiateReconnectCrossWorldMsg	5624		STRUCTURALLY_CONSISTENT		0x14a136d00	.data	OK	0x14a136cf0	.data	OK	0x1407cac50	.text	OK	0x147f45828	.rdata	OK	0x1407cabc0	.text	OK	0x1407ef330	.text	OK
FinalizeReconnectCrossWorldMsg	5625		STRUCTURALLY_CONSISTENT		0x14a136c70	.data	OK	0x14a136c60	.data	OK	0x1407cb0c0	.text	OK	0x147f45970	.rdata	OK	0x1407cb030	.text	OK	0x1407eea60	.text	OK
HubIdDebugTrait	172		STRUCTURALLY_CONSISTENT		0x14a136b50	.data	OK	0x14a136b40	.data	OK	0x1407cf440	.text	OK	0x147f476c8	.rdata	OK	0x1407cf3b0	.text	OK	0x1407ef100	.text	OK
HubIdDebugTrait::State	184		STRUCTURALLY_CONSISTENT		0x14a136ae0	.data	OK	0x14a136ad0	.data	OK	0x1407cf730	.text	OK	0x147f47728	.rdata	OK	0x1407cf6a0	.text	OK	0x1407f5450	.text	OK
ReceiveHubInfoForActorsMsg	187		STRUCTURALLY_CONSISTENT		0x14a136a60	.data	OK	0x14a136a50	.data	OK	0x1407cf890	.text	OK	0x147f477f0	.rdata	OK	0x1407cf800	.text	OK	0x1407f2370	.text	OK
ReceiveAllHubNamesMsg	191		STRUCTURALLY_CONSISTENT		0x14a1369e0	.data	OK	0x14a1369d0	.data	OK	0x1407cff30	.text	OK	0x147f47a20	.rdata	OK	0x1407cfea0	.text	OK	0x1407f1cc0	.text	OK
ExecuteDebugCommandMsg	5474		STRUCTURALLY_CONSISTENT		0x14a136860	.data	OK	0x14a136850	.data	OK	0x1407d0f80	.text	OK	0x147f47da8	.rdata	OK	0x1407d0ef0	.text	OK	0x1407edd70	.text	OK
ConfigOverridesDebugTrait	200		STRUCTURALLY_CONSISTENT		0x14a1367f0	.data	OK	0x14a1367e0	.data	OK	0x1407d1390	.text	OK	0x147f481c8	.rdata	OK	0x1407d1300	.text	OK	0x1407ecbf0	.text	OK
ConfigOverridesDebugTrait::State	30		STRUCTURALLY_CONSISTENT		0x14a136770	.data	OK	0x14a136760	.data	OK	0x1407d17b0	.text	OK	0x147f48300	.rdata	OK	0x1407d1720	.text	OK	0x1407f4480	.text	OK
SendConfigOverridesMsg	171		STRUCTURALLY_CONSISTENT		0x14a1366e0	.data	OK	0x14a1366d0	.data	OK	0x1407d1b60	.text	OK	0x147f48600	.rdata	OK	0x1407d1ad0	.text	OK	0x1407f3dc0	.text	OK
ConfigOverridesDebugResponseTrait	208		STRUCTURALLY_CONSISTENT		0x14a136660	.data	OK	0x14a136650	.data	OK	0x1407d2250	.text	OK	0x147f48878	.rdata	OK	0x1407d21c0	.text	OK	0x1407ec9b0	.text	OK
ConfigOverridesDebugResponseTrait::State	123		STRUCTURALLY_CONSISTENT		0x14a1365e0	.data	OK	0x14a1365d0	.data	OK	0x1407d23e0	.text	OK	0x147f48b68	.rdata	OK	0x1407d2350	.text	OK	0x1407f4240	.text	OK
ReceiveConfigOverridesMsg	154		STRUCTURALLY_CONSISTENT		0x14a136550	.data	OK	0x14a136540	.data	OK	0x1407d24e0	.text	OK	0x147f41d08	.rdata	OK	0x1407d2450	.text	OK	0x1407f2130	.text	OK
ReceiveConfigOverridesKeyValuePairsMsg	226		STRUCTURALLY_CONSISTENT		0x14a1364b0	.data	OK	0x14a1364a0	.data	OK	0x1407c0c90	.text	OK	0x147f41f38	.rdata	OK	0x1407c0c00	.text	OK	0x1407f1ef0	.text	OK
EasyAntiCheatTrait	234		STRUCTURALLY_CONSISTENT		0x14a1363f0	.data	OK	0x14a1363e0	.data	OK	0x1407c1980	.text	OK	0x147f42360	.rdata	OK	0x1407c18f0	.text	OK	0x1407ed930	.text	OK
EasyAntiCheatTrait::State	239		STRUCTURALLY_CONSISTENT		0x14a136380	.data	OK	0x14a136370	.data	OK	0x1407c1ed0	.text	OK	0x147f424d0	.rdata	OK	0x1407c1e40	.text	OK	0x1407f5210	.text	OK
EasyAntiCheatClientTrait	58		STRUCTURALLY_CONSISTENT		0x14a136240	.data	OK	0x14a136230	.data	OK	0x1407c3b10	.text	OK	0x147f42da8	.rdata	OK	0x1407c3a80	.text	OK	0x1407ed700	.text	OK
EasyAntiCheatClientTrait::State	46		STRUCTURALLY_CONSISTENT		0x14a1361c0	.data	OK	0x14a1361b0	.data	OK	0x1407c3da0	.text	OK	0x147f42e70	.rdata	OK	0x1407c3d10	.text	OK	0x1407f4fc0	.text	OK
UpdateMsg	249		STRUCTURALLY_CONSISTENT		0x14a136140	.data	OK	0x14a136130	.data	OK	0x1407c41a0	.text	OK	0x147f43230	.rdata	OK	0x1407c4110	.text	OK	0x1407f7720	.text	OK
EOSAntiCheatTrait	6481		STRUCTURALLY_CONSISTENT		0x14a136080	.data	OK	0x14a136070	.data	OK	0x1407c5190	.text	OK	0x147f43758	.rdata	OK	0x1407c5100	.text	OK	0x1407ed4d0	.text	OK
EOSAntiCheatTrait::State	6482		STRUCTURALLY_CONSISTENT		0x14a136010	.data	OK	0x14a136000	.data	OK	0x1407c5450	.text	OK	0x147f43a38	.rdata	OK	0x1407c53c0	.text	OK	0x1407f4d90	.text	OK
ClientAliveMsg	6885		STRUCTURALLY_CONSISTENT		0x14a135f20	.data	OK	0x14a135f10	.data	OK	0x1407c59f0	.text	OK	0x147f43d60	.rdata	OK	0x1407c5960	.text	OK	0x1407ec0f0	.text	OK
EOSAntiCheatClientTrait	6467		STRUCTURALLY_CONSISTENT		0x14a135e60	.data	OK	0x14a135e50	.data	OK	0x1407c6890	.text	OK	0x147f44210	.rdata	OK	0x1407c6800	.text	OK	0x1407ed290	.text	OK
EOSAntiCheatClientTrait::State	6479		STRUCTURALLY_CONSISTENT		0x14a135de0	.data	OK	0x14a135dd0	.data	OK	0x1407c6c90	.text	OK	0x147f44358	.rdata	OK	0x1407c6c00	.text	OK	0x1407f4b50	.text	OK
UpdateMsg	6484		STRUCTURALLY_CONSISTENT		0x14a135d60	.data	OK	0x14a135d50	.data	OK	0x1407c71c0	.text	OK	0x147f44550	.rdata	OK	0x1407c7130	.text	OK	0x1407f72e0	.text	OK
BaseGameChatMessage	257		STRUCTURALLY_CONSISTENT		0x14a135cf0	.data	OK	0x14a135ce0	.data	OK	0x1407c79d0	.text	OK	0x147f44788	.rdata	OK	0x1407c7940	.text	OK	0x1407eba50	.text	OK
LocalizedSystemChatMessage	150		STRUCTURALLY_CONSISTENT		0x14a135c70	.data	OK	0x14a135c60	.data	OK	0x1407c7ef0	.text	OK	0x147f448a8	.rdata	OK	0x1407c7e20	.text	OK	0x1407f0290	.text	OK
GameChatMessage	197		STRUCTURALLY_CONSISTENT		0x14a135c00	.data	OK	0x14a135bf0	.data	OK	0x1407c82f0	.text	OK	0x147f449c8	.rdata	OK	0x1407c8260	.text	OK	0x1407eeed0	.text	OK
KickClientTrait	130		STRUCTURALLY_CONSISTENT		0x14a135b50	.data	OK	0x14a135b40	.data	OK	0x1407c9a50	.text	OK	0x147f45258	.rdata	OK	0x1407c99c0	.text	OK	0x1407f0060	.text	OK
KickClientTrait::State	259		STRUCTURALLY_CONSISTENT		0x14a135ae0	.data	OK	0x14a135ad0	.data	OK	0x1407c9bb0	.text	OK	0x147f45328	.rdata	OK	0x1407c9b20	.text	OK	0x1407f5680	.text	OK
KickClientMsg	271		STRUCTURALLY_CONSISTENT		0x14a135a60	.data	OK	0x14a135a50	.data	OK	0x1407c9e20	.text	OK	0x147f45398	.rdata	OK	0x1407c9d90	.text	OK	0x1407efe40	.text	OK
WarnClientMsg	280		STRUCTURALLY_CONSISTENT		0x14a1359e0	.data	OK	0x14a1359d0	.data	OK	0x1407ca330	.text	OK	0x147f45470	.rdata	OK	0x1407ca2a0	.text	OK	0x1407f7b60	.text	OK
KickClientFromRepMsg	254		STRUCTURALLY_CONSISTENT		0x14a135960	.data	OK	0x14a135950	.data	OK	0x1407ca570	.text	OK	0x147f45500	.rdata	OK	0x1407ca4e0	.text	OK	0x1407efc10	.text	OK
PingTrait	300		STRUCTURALLY_CONSISTENT		0x14a1358c0	.data	OK	0x14a1358b0	.data	OK	0x1407cb180	.text	OK	0x147f459a0	.rdata	OK	0x1407cb0e0	.text	OK	0x1407f0fb0	.text	OK
PingTrait::State	303		STRUCTURALLY_CONSISTENT		0x14a135850	.data	OK	0x14a135840	.data	OK	0x1407cb460	.text	OK	0x147f45ad8	.rdata	OK	0x1407cb3d0	.text	OK	0x1407f58b0	.text	OK
PingRequestMsg	209		STRUCTURALLY_CONSISTENT		0x14a1357e0	.data	OK	0x14a1357d0	.data	OK	0x1407cb700	.text	OK	0x147f45ce8	.rdata	OK	0x1407cb670	.text	OK	0x1407f0b60	.text	OK
PingResponseMsg	310		STRUCTURALLY_CONSISTENT		0x14a135770	.data	OK	0x14a135760	.data	OK	0x1407cb830	.text	OK	0x147f45e58	.rdata	OK	0x1407cb7a0	.text	OK	0x1407f0d80	.text	OK
ProfanityFilterClientTrait	203		STRUCTURALLY_CONSISTENT		0x14a1356b0	.data	OK	0x14a1356a0	.data	OK	0x1407ccad0	.text	OK	0x147f46698	.rdata	OK	0x1407cca40	.text	OK	0x1407f11d0	.text	OK
ProfanityFilterClientTrait::State	140		STRUCTURALLY_CONSISTENT		0x14a135630	.data	OK	0x14a135620	.data	OK	0x1407cd1d0	.text	OK	0x147f46930	.rdata	OK	0x1407ccfb0	.text	OK	0x1407f5ad0	.text	OK
IsUsingBadWordsResponseMsg	230		STRUCTURALLY_CONSISTENT		0x14a135490	.data	OK	0x14a135480	.data	OK	0x1407ce560	.text	OK	0x147f471b0	.rdata	OK	0x1407ce4d0	.text	OK	0x1407ef9d0	.text	OK
FilterTextResponseMsg	313		STRUCTURALLY_CONSISTENT		0x14a135400	.data	OK	0x14a1353f0	.data	OK	0x1407cea70	.text	OK	0x147f47298	.rdata	OK	0x1407ce9e0	.text	OK	0x1407ee830	.text	OK
FilterChatResponseMsg	317		STRUCTURALLY_CONSISTENT		0x14a135370	.data	OK	0x14a135360	.data	OK	0x1407ceb20	.text	OK	0x147f47320	.rdata	OK	0x1407cea90	.text	OK	0x1407ee1c0	.text	OK
ProfanityFilterTrait	243		STRUCTURALLY_CONSISTENT		0x14a1352b0	.data	OK	0x14a1352a0	.data	OK	0x1407cf200	.text	OK	0x147f47668	.rdata	OK	0x1407cf170	.text	OK	0x1407f1640	.text	OK
ProfanityFilterTrait::State	80		STRUCTURALLY_CONSISTENT		0x14a135240	.data	OK	0x14a135230	.data	OK	0x1407cf680	.text	OK	0x147f476f8	.rdata	OK	0x1407cf5f0	.text	OK	0x1407f5d10	.text	OK
IsUsingBadWordsMsg	268		STRUCTURALLY_CONSISTENT		0x14a1351c0	.data	OK	0x14a1351b0	.data	OK	0x1407cf7e0	.text	OK	0x147f477c0	.rdata	OK	0x1407cf750	.text	OK	0x1407ef7a0	.text	OK
FilterTextMsg	319		STRUCTURALLY_CONSISTENT		0x14a135140	.data	OK	0x14a135130	.data	OK	0x1407cfc90	.text	OK	0x147f47938	.rdata	OK	0x1407cfc00	.text	OK	0x1407ee610	.text	OK
FilterChatMsg	322		STRUCTURALLY_CONSISTENT		0x14a1350c0	.data	OK	0x14a1350b0	.data	OK	0x1407d0580	.text	OK	0x147f47b68	.rdata	OK	0x1407d04f0	.text	OK	0x1407edfa0	.text	OK
ProfanityFilterRequest	324		STRUCTURALLY_CONSISTENT		0x14a135040	.data	OK	0x14a135030	.data	OK	0x1407d0ba0	.text	OK	0x147f47ce8	.rdata	OK	0x1407d0b10	.text	OK	0x1407f1410	.text	OK
RegistryClient	325		STRUCTURALLY_CONSISTENT		0x14a134f90	.data	OK	0x14a134f80	.data	OK	0x1407d1650	.text	OK	0x147f48278	.rdata	OK	0x1407d15c0	.text	OK	0x1407f30c0	.text	OK
RegistryClient::State	328		STRUCTURALLY_CONSISTENT		0x14a134f20	.data	OK	0x14a134f10	.data	OK	0x1407d1ab0	.text	OK	0x147f48598	.rdata	OK	0x1407d1a20	.text	OK	0x1407f63b0	.text	OK
EventMsg	334		STRUCTURALLY_CONSISTENT		0x14a134eb0	.data	OK	0x14a134ea0	.data	OK	0x1407d1dd0	.text	OK	0x147f486c8	.rdata	OK	0x1407d1d40	.text	OK	0x1407edb60	.text	OK
REPClient	236		STRUCTURALLY_CONSISTENT		0x14a134e10	.data	OK	0x14a134e00	.data	OK	0x1407c1150	.text	OK	0x147f42210	.rdata	OK	0x1407c10c0	.text	OK	0x1407f1870	.text	OK
REPClient::State	157		STRUCTURALLY_CONSISTENT		0x14a134da0	.data	OK	0x14a134d90	.data	OK	0x1407c1370	.text	OK	0x147f422a0	.rdata	OK	0x1407c12e0	.text	OK	0x1407f5f50	.text	OK
TimeSynchMsg	335		STRUCTURALLY_CONSISTENT		0x14a134d30	.data	OK	0x14a134d20	.data	OK	0x1407c1a30	.text	OK	0x147f42390	.rdata	OK	0x1407c19a0	.text	OK	0x1407f6a30	.text	OK
RegistrationResponseMsg	3		STRUCTURALLY_CONSISTENT		0x14a134cb0	.data	OK	0x14a134ca0	.data	OK	0x1407c2300	.text	OK	0x147f42530	.rdata	OK	0x1407c2270	.text	OK	0x1407f2e80	.text	OK
REPConnectionListener	362		STRUCTURALLY_CONSISTENT		0x14a134a00	.data	OK	0x14a1349f0	.data	OK	0x1407c50e0	.text	OK	0x147f43718	.rdata	OK	0x1407c5050	.text	OK	0x1407f1a90	.text	OK
REPConnectionListener::State	368		STRUCTURALLY_CONSISTENT		0x14a134990	.data	OK	0x14a134980	.data	OK	0x1407c52d0	.text	OK	0x147f43850	.rdata	OK	0x1407c5230	.text	OK	0x1407f6170	.text	OK
ClientConnectionMsg	374		STRUCTURALLY_CONSISTENT		0x14a134910	.data	OK	0x14a134900	.data	OK	0x1407c5570	.text	OK	0x147f43b50	.rdata	OK	0x1407c54e0	.text	OK	0x1407ec310	.text	OK
ClientDisconnectionMsg	376		STRUCTURALLY_CONSISTENT		0x14a134880	.data	OK	0x14a134870	.data	OK	0x1407c58b0	.text	OK	0x147f43cb0	.rdata	OK	0x1407c5820	.text	OK	0x1407ec550	.text	OK
ASC_RegisterAllFragmentsAccess	306		STRUCTURALLY_CONSISTENT		0x14a1347c0	.data	OK	0x14a1347b0	.data	OK	0x1407c6500	.text	OK	0x147f44148	.rdata	OK	0x1407c6470	.text	OK	0x1407eb3c0	.text	OK
ASC_UnregisterAllFragmentsAccess	389		STRUCTURALLY_CONSISTENT		0x14a134740	.data	OK	0x14a134730	.data	OK	0x1407c6be0	.text	OK	0x147f442e8	.rdata	OK	0x1407c6b50	.text	OK	0x1407eb600	.text	OK
Replicate	391		STRUCTURALLY_CONSISTENT		0x14a1346e0	.data	OK	0x14a1346d0	.data	OK	0x1407c7110	.text	OK	0x147f444b8	.rdata	OK	0x1407c7080	.text	OK	0x1407f3500	.text	OK
Replicate::State	394		STRUCTURALLY_CONSISTENT		0x14a134670	.data	OK	0x14a134660	.data	OK	0x1407c7640	.text	OK	0x147f44658	.rdata	OK	0x1407c75b0	.text	OK	0x1407f65e0	.text	OK
RegisterFragmentAccessMsg	397		STRUCTURALLY_CONSISTENT		0x14a1345f0	.data	OK	0x14a1345e0	.data	OK	0x1407c7920	.text	OK	0x147f44758	.rdata	OK	0x1407c7890	.text	OK	0x1407f25b0	.text	OK
UnregisterFragmentAccessMsg	399		STRUCTURALLY_CONSISTENT		0x14a134570	.data	OK	0x14a134560	.data	OK	0x1407c7b30	.text	OK	0x147f447e8	.rdata	OK	0x1407c7aa0	.text	OK	0x1407f6e70	.text	OK
UnregisterProxyMsg	401		STRUCTURALLY_CONSISTENT		0x14a1344f0	.data	OK	0x14a1344e0	.data	OK	0x1407c7fa0	.text	OK	0x147f448d8	.rdata	OK	0x1407c7f10	.text	OK	0x1407f70b0	.text	OK
ReplicateClient	407		STRUCTURALLY_CONSISTENT		0x14a134440	.data	OK	0x14a134430	.data	OK	0x1407c8ba0	.text	OK	0x147f44d08	.rdata	OK	0x1407c8b10	.text	OK	0x1407f3720	.text	OK
ReplicateClient::State	409		STRUCTURALLY_CONSISTENT		0x14a1343d0	.data	OK	0x14a1343c0	.data	OK	0x1407c8df0	.text	OK	0x147f44dc0	.rdata	OK	0x1407c8d60	.text	OK	0x1407f6800	.text	OK
FragmentUpdateMsg	422		STRUCTURALLY_CONSISTENT		0x14a134350	.data	OK	0x14a134340	.data	OK	0x1407c9370	.text	OK	0x147f44fe8	.rdata	OK	0x1407c92e0	.text	OK	0x1407eeca0	.text	OK
INavMeshBootstrapReceiver	1038	javelin_rtti_static	STRUCTURALLY_CONSISTENT		0x14a1404a0	.data	OK	0x14a140490	.data	OK	0x141177170	.text	OK	0x147fe1f80	.rdata	OK	0x1411770e0	.text	OK	0x14117d8a0	.text	OK
ICoatlicueExternalDebugMessages	1058	javelin_rtti_static	STRUCTURALLY_CONSISTENT		0x14a140420	.data	OK	0x14a140410	.data	OK	0x141177360	.text	OK	0x147fe1fe0	.rdata	OK	0x1411772d0	.text	OK	0x14117d4a0	.text	OK
ICoatlicueExternalSpawnListener	1061	javelin_rtti_static	STRUCTURALLY_CONSISTENT		0x14a1403a0	.data	OK	0x14a140390	.data	OK	0x141177410	.text	OK	0x147fe2010	.rdata	OK	0x141177380	.text	OK	0x14117d6a0	.text	OK
Javelin::IPlayerNotifications	1070	javelin_rtti_static	STRUCTURALLY_CONSISTENT		0x14a140510	.data	OK	0x14a140500	.data	OK	0x1411767a0	.text	OK	0x147fe1c30	.rdata	OK	0x141176710	.text	OK	0x14117daa0	.text	OK
Javelin::CharacterServiceProxyTrait	1170	javelin_rtti_static	STRUCTURALLY_CONSISTENT		0x14a159d00	.data	OK	0x14a159cf0	.data	OK	0x1414ca9d0	.text	OK	0x148005818	.rdata	OK	0x1414ca730	.text	OK	0x1416c6f20	.text	OK
Javelin::CharacterServiceProxyTrait::State	1577	javelin_rtti_static	STRUCTURALLY_CONSISTENT		0x14a159a60	.data	OK	0x14a159a50	.data	OK	0x1414cce40	.text	OK	0x148006410	.rdata	OK	0x1414ccd90	.text	OK	0x141700b20	.text	OK
Javelin::CharacterServiceProxyTrait::GetCharacterDataMsg	1579	javelin_rtti_static	STRUCTURALLY_CONSISTENT		0x14a1597b0	.data	OK	0x14a1597a0	.data	OK	0x1414cf570	.text	OK	0x148006ed8	.rdata	OK	0x1414cf4e0	.text	OK	0x1416cff20	.text	OK
Javelin::CharacterServiceProxyTrait::BatchGetCharacterDataMsg	959	javelin_rtti_static	STRUCTURALLY_CONSISTENT		0x14a1595c0	.data	OK	0x14a1595b0	.data	OK	0x1414d2c00	.text	OK	0x148008080	.rdata	OK	0x1414d2b70	.text	OK	0x1416c4d20	.text	OK
Javelin::CharacterServiceProxyTrait::PrecheckWorldTransferMsg	4898	javelin_rtti_static	STRUCTURALLY_CONSISTENT		0x14a1593e0	.data	OK	0x14a1593d0	.data	OK	0x1414d5260	.text	OK	0x148008bc0	.rdata	OK	0x1414d5130	.text	OK	0x1416ecb20	.text	OK
Javelin::CharacterServiceProxyTrait::PatchCharacterAsTransferrableMsg	5230	javelin_rtti_static	STRUCTURALLY_CONSISTENT		0x14a159200	.data	OK	0x14a1591f0	.data	OK	0x1414d8e60	.text	OK	0x148009a88	.rdata	OK	0x1414d8dc0	.text	OK	0x1416e9b20	.text	OK
Javelin::CharacterServiceProxyTrait::PatchCharacterWorldIdMsg	211	javelin_rtti_static	STRUCTURALLY_CONSISTENT		0x14a159100	.data	OK	0x14a1590f0	.data	OK	0x1414dcc10	.text	OK	0x14800a838	.rdata	OK	0x1414dcb80	.text	OK	0x1416e9f20	.text	OK
Javelin::CharacterServiceProxyTrait::PublishCharacterMetadataMsg	1581	javelin_rtti_static	STRUCTURALLY_CONSISTENT		0x14a158f00	.data	OK	0x14a158ef0	.data	OK	0x1414df1e0	.text	OK	0x14800b480	.rdata	OK	0x1414df0f0	.text	OK	0x1416ed520	.text	OK
Javelin::CharacterServiceProxyTrait::PublishCharacterSocialDataMsg	1584	javelin_rtti_static	STRUCTURALLY_CONSISTENT		0x14a158d70	.data	OK	0x14a158d60	.data	OK	0x1414e2980	.text	OK	0x14800c300	.rdata	OK	0x1414e28f0	.text	OK	0x1416edb20	.text	OK
Javelin::CharacterServiceProxyTrait::NamePrefixSearchMsg	1588	javelin_rtti_static	STRUCTURALLY_CONSISTENT		0x14a158be0	.data	OK	0x14a158bd0	.data	OK	0x1414e7180	.text	OK	0x14800d288	.rdata	OK	0x1414e6f70	.text	OK	0x1416e1b20	.text	OK
Javelin::CharacterServiceProxyTrait::OnGetCharacterDataResponseMsg	1593	javelin_rtti_static	STRUCTURALLY_CONSISTENT		0x14a158a60	.data	OK	0x14a158a50	.data	OK	0x1414eaa00	.text	OK	0x14800e1a8	.rdata	OK	0x1414ea970	.text	OK	0x1416e3920	.text	OK
Javelin::CharacterServiceProxyTrait::OnPublishCharacterMetadataResponseMsg	147	javelin_rtti_static	STRUCTURALLY_CONSISTENT		0x14a158860	.data	OK	0x14a158850	.data	OK	0x1414ed6d0	.text	OK	0x14800ed10	.rdata	OK	0x1414ed640	.text	OK	0x1416e7320	.text	OK
Javelin::CharacterServiceProxyTrait::OnPublishCharacterSocialDataResponseMsg	1595	javelin_rtti_static	STRUCTURALLY_CONSISTENT		0x14a158640	.data	OK	0x14a158630	.data	OK	0x1414eff30	.text	OK	0x14800f728	.rdata	OK	0x1414efea0	.text	OK	0x1416e7520	.text	OK
Javelin::CharacterServiceProxyTrait::OnNamePrefixSearchResponseMsg	1197	javelin_rtti_static	STRUCTURALLY_CONSISTENT		0x14a1583d0	.data	OK	0x14a1583c0	.data	OK	0x1414f1f20	.text	OK	0x1480100d0	.rdata	OK	0x1414f1e90	.text	OK	0x1416e5720	.text	OK
Javelin::CharacterServiceProxyTrait::OnPrecheckWorldTransferResponseMsg	4899	javelin_rtti_static	STRUCTURALLY_CONSISTENT		0x14a158140	.data	OK	0x14a158130	.data	OK	0x1414f49e0	.text	OK	0x1480115c0	.rdata	OK	0x1414f48c0	.text	OK	0x1416e7120	.text	OK
Javelin::CharacterServiceProxyTrait::OnPatchCharacterWorldResponseMsg	1580	javelin_rtti_static	STRUCTURALLY_CONSISTENT		0x14a157f20	.data	OK	0x14a157f10	.data	OK	0x1414f69b0	.text	OK	0x1480122f8	.rdata	OK	0x1414f6800	.text	OK	0x1416e5f20	.text	OK
Javelin::CharacterServiceProxyTrait::OnPlayerDisconnectedForCrossWorldMsg	5909	javelin_rtti_static	STRUCTURALLY_CONSISTENT		0x14a157d70	.data	OK	0x14a157d60	.data	OK	0x1414f7c60	.text	OK	0x148012b68	.rdata	OK	0x1414f7bd0	.text	OK	0x1416e6720	.text	OK
Javelin::CharacterServiceProxyTrait::DebugGenerateCharacterDataMsg	1599	javelin_rtti_static	STRUCTURALLY_CONSISTENT		0x14a157bd0	.data	OK	0x14a157bc0	.data	OK	0x1414f93c0	.text	OK	0x148013338	.rdata	OK	0x1414f91d0	.text	OK	0x1416c9120	.text	OK
Javelin::CharacterServiceProxyTrait::DebugFlushCachesMsg	1454	javelin_rtti_static	STRUCTURALLY_CONSISTENT		0x14a1579b0	.data	OK	0x14a1579a0	.data	OK	0x1414faf80	.text	OK	0x148013ce8	.rdata	OK	0x1414fae90	.text	OK	0x1416c8f20	.text	OK
Javelin::CharacterServiceProxyTrait::DebugClearTransferCooldownByCharacterIdMsg	6813	javelin_rtti_static	STRUCTURALLY_CONSISTENT		0x14a157770	.data	OK	0x14a157760	.data	OK	0x1414fc800	.text	OK	0x148014560	.rdata	OK	0x1414fc730	.text	OK	0x1416c8120	.text	OK
Javelin::CharacterServiceProxyTrait::DebugClearTransferCooldownByPersonaIdMsg	6814	javelin_rtti_static	STRUCTURALLY_CONSISTENT		0x14a157540	.data	OK	0x14a157530	.data	OK	0x1414fea90	.text	OK	0x148014e48	.rdata	OK	0x1414fea00	.text	OK	0x1416c8320	.text	OK
Javelin::CharacterServiceProxyActor	1489	javelin_rtti_static	STRUCTURALLY_CONSISTENT		0x14a157290	.data	OK	0x14a157280	.data	OK	0x141500580	.text	OK	0x148015a60	.rdata	OK	0x1415004f0	.text	OK	0x1416c6d20	.text	OK
Javelin::CharacterServiceProxyActor::InitMsg	1606	javelin_rtti_static	STRUCTURALLY_CONSISTENT		0x14a156b30	.data	OK	0x14a156b20	.data	OK	0x141509520	.text	OK	0x148019808	.rdata	OK	0x141509490	.text	OK	0x1416da120	.text	OK
Javelin::EditorManagerTrait	45	javelin_rtti_static	STRUCTURALLY_CONSISTENT		0x14a1563f0	.data	OK	0x14a1563e0	.data	OK	0x14150ed00	.text	OK	0x14801b670	.rdata	OK	0x14150eb40	.text	OK	0x1416ccd20	.text	OK
Javelin::EditorManagerTrait::State	1607	javelin_rtti_static	STRUCTURALLY_CONSISTENT		0x14a1561b0	.data	OK	0x14a1561a0	.data	OK	0x1415114c0	.text	OK	0x14801c350	.rdata	OK	0x141511340	.text	OK	0x141701520	.text	OK
Javelin::EditorManagerTrait::RegisterEditorGDEMsg	520	javelin_rtti_static	STRUCTURALLY_CONSISTENT		0x14a155f60	.data	OK	0x14a155f50	.data	OK	0x141512fd0	.text	OK	0x14801d000	.rdata	OK	0x141512f40	.text	OK	0x1416f4d20	.text	OK
Javelin::EditorManagerTrait::DestroyEditorGDEsMsg	753	javelin_rtti_static	STRUCTURALLY_CONSISTENT		0x14a155da0	.data	OK	0x14a155d90	.data	OK	0x141514d00	.text	OK	0x14801d9d0	.rdata	OK	0x141514c70	.text	OK	0x1416cbf20	.text	OK
Javelin::EditorManagerTrait::LoadVirtualSliceMsg	1609	javelin_rtti_static	STRUCTURALLY_CONSISTENT		0x14a155c90	.data	OK	0x14a155c80	.data	OK	0x141517220	.text	OK	0x14801e020	.rdata	OK	0x141516ff0	.text	OK	0x1416df520	.text	OK
Javelin::EditorManagerActor	1611	javelin_rtti_static	STRUCTURALLY_CONSISTENT		0x14a155b30	.data	OK	0x14a155b20	.data	OK	0x141518d10	.text	OK	0x14801e858	.rdata	OK	0x141518c80	.text	OK	0x1416ccb20	.text	OK
Javelin::EditorManagerActor::InitMsg	1093	javelin_rtti_static	STRUCTURALLY_CONSISTENT		0x14a155820	.data	OK	0x14a155810	.data	OK	0x14151d620	.text	OK	0x148020100	.rdata	OK	0x14151d550	.text	OK	0x1416da320	.text	OK
Javelin::ClientViewListenerTrait	1612	javelin_rtti_static	STRUCTURALLY_CONSISTENT		0x14a154e30	.data	OK	0x14a154e20	.data	OK	0x1414c20c0	.text	OK	0x148002c88	.rdata	OK	0x1414c2030	.text	OK	0x1416c7520	.text	OK
Javelin::ClientViewListenerTrait::State	848	javelin_rtti_static	STRUCTURALLY_CONSISTENT		0x14a154ca0	.data	OK	0x14a154c90	.data	OK	0x1414c4170	.text	OK	0x148003750	.rdata	OK	0x1414c4080	.text	OK	0x141700f20	.text	OK
Javelin::ClientMessagesTrait	471	javelin_rtti_static	STRUCTURALLY_CONSISTENT		0x14a154a80	.data	OK	0x14a154a70	.data	OK	0x1414c58c0	.text	OK	0x148004038	.rdata	OK	0x1414c5830	.text	OK	0x1416c7320	.text	OK
Javelin::ClientMessagesTrait::State	47	javelin_rtti_static	STRUCTURALLY_CONSISTENT		0x14a154860	.data	OK	0x14a154850	.data	OK	0x1414c7510	.text	OK	0x148004868	.rdata	OK	0x1414c73c0	.text	OK	0x141700d20	.text	OK
Javelin::ClientViewListenerTrait::ReceivePlayerSpawnPointMsg	1617	javelin_rtti_static	STRUCTURALLY_CONSISTENT		0x14a154580	.data	OK	0x14a154570	.data	OK	0x1414c9ba0	.text	OK	0x148005280	.rdata	OK	0x1414c98a0	.text	OK	0x1416f3320	.text	OK
Javelin::ClientViewListenerTrait::WaitingForPlayerSpawnPointMsg	1164	javelin_rtti_static	STRUCTURALLY_CONSISTENT		0x14a1543c0	.data	OK	0x14a1543b0	.data	OK	0x1414cbf70	.text	OK	0x148005ef8	.rdata	OK	0x1414cbed0	.text	OK	0x14170d120	.text	OK
Javelin::ClientViewListenerTrait::WaitingForGhostClientMsg	1626	javelin_rtti_static	STRUCTURALLY_CONSISTENT		0x14a154190	.data	OK	0x14a154180	.data	OK	0x1414ce9e0	.text	OK	0x148006a78	.rdata	OK	0x1414ce860	.text	OK	0x14170cf20	.text	OK
Javelin::ClientMessagesTrait::PlayerManagerSelfIdentificationMsg	1628	javelin_rtti_static	STRUCTURALLY_CONSISTENT		0x14a153fd0	.data	OK	0x14a153fc0	.data	OK	0x1414d17c0	.text	OK	0x1480076c0	.rdata	OK	0x1414d16e0	.text	OK	0x1416ebd20	.text	OK
Javelin::ClientMessagesTrait::PlayerManagerRejectedMsg	1630	javelin_rtti_static	STRUCTURALLY_CONSISTENT		0x14a153db0	.data	OK	0x14a153da0	.data	OK	0x1414d4370	.text	OK	0x148008750	.rdata	OK	0x1414d42e0	.text	OK	0x1416ebb20	.text	OK
Javelin::ClientMessagesTrait::LevelInfoChangedMsg	1635	javelin_rtti_static	STRUCTURALLY_CONSISTENT		0x14a153b20	.data	OK	0x14a153b10	.data	OK	0x1414d6aa0	.text	OK	0x1480093c8	.rdata	OK	0x1414d6a00	.text	OK	0x1416df320	.text	OK
Javelin::ClientMessagesTrait::RemoteConfigChangedMsg	1639	javelin_rtti_static	STRUCTURALLY_CONSISTENT		0x14a153890	.data	OK	0x14a153880	.data	OK	0x1414db720	.text	OK	0x14800a418	.rdata	OK	0x1414db650	.text	OK	0x1416f6520	.text	OK
Javelin::ClientMessagesTrait::DebugCommandResponseMsg	102	javelin_rtti_static	STRUCTURALLY_CONSISTENT		0x14a153610	.data	OK	0x14a153600	.data	OK	0x1414de1a0	.text	OK	0x14800afa0	.rdata	OK	0x1414de110	.text	OK	0x1416c8520	.text	OK
PersistenceSpawnerTrait	1632	javelin_rtti_static	STRUCTURALLY_CONSISTENT		0x14a1533b0	.data	OK	0x14a1533a0	.data	OK	0x1414e7540	.text	OK	0x14800d390	.rdata	OK	0x1414e74b0	.text	OK	0x1416ea520	.text	OK
PersistenceSpawnerTrait::State	1642	javelin_rtti_static	STRUCTURALLY_CONSISTENT		0x14a1531b0	.data	OK	0x14a1531a0	.data	OK	0x1414ea400	.text	OK	0x14800e060	.rdata	OK	0x1414ea360	.text	OK	0x141703b20	.text	OK
PersistenceSpawnerTrait::RestoreActorByActorIdMsg	972	javelin_rtti_static	STRUCTURALLY_CONSISTENT		0x14a152f30	.data	OK	0x14a152f20	.data	OK	0x1414ecf00	.text	OK	0x14800ea50	.rdata	OK	0x1414ecbd0	.text	OK	0x1416fcb20	.text	OK
PersistenceSpawnerTrait::RestoreActorsByMonikerIndexMsg	555	javelin_rtti_static	STRUCTURALLY_CONSISTENT		0x14a152cb0	.data	OK	0x14a152ca0	.data	OK	0x1414ef840	.text	OK	0x14800f428	.rdata	OK	0x1414ef7b0	.text	OK	0x1416fcd20	.text	OK
PersistenceSpawnerTrait::RestoreOrSpawnActorsByMonikerIndexMsg	728	javelin_rtti_static	STRUCTURALLY_CONSISTENT		0x14a152a90	.data	OK	0x14a152a80	.data	OK	0x1414f1d80	.text	OK	0x14800fec0	.rdata	OK	0x1414f1b90	.text	OK	0x1416fd120	.text	OK
PersistenceSpawnerTrait::RestoreActorsBySpatialIndexMsg	1060	javelin_rtti_static	STRUCTURALLY_CONSISTENT		0x14a152870	.data	OK	0x14a152860	.data	OK	0x1414f49f0	.text	OK	0x1480115f0	.rdata	OK	0x1414f4950	.text	OK	0x1416fcf20	.text	OK
PersistenceSpawnerHelper::SpawnNewPersistentActorClosure	1644	javelin_rtti_static	STRUCTURALLY_CONSISTENT		0x14a1526f0	.data	OK	0x14a1526e0	.data	OK	0x1414f67f0	.text	OK	0x1480122c8	.rdata	OK	0x1414f6750	.text	OK	0x1416fed20	.text	OK
Aoi::PlayerManagerTrait	812	javelin_rtti_static	STRUCTURALLY_CONSISTENT		0x14a152570	.data	OK	0x14a152560	.data	OK	0x1414fd1a0	.text	OK	0x1480147a0	.rdata	OK	0x1414fd090	.text	OK	0x1416ebf20	.text	OK
Aoi::PlayerManagerTrait::KickAllPlayersOutOfWorldMsg	4797	javelin_rtti_static	STRUCTURALLY_CONSISTENT		0x14a1521b0	.data	OK	0x14a1521a0	.data	OK	0x141500fe0	.text	OK	0x148015ce8	.rdata	OK	0x141500f00	.text	OK	0x1416ddb20	.text	OK
Aoi::PlayerManagerTrait::DebugSpawnServerBotMsg	5517	javelin_rtti_static	STRUCTURALLY_CONSISTENT		0x14a151f60	.data	OK	0x14a151f50	.data	OK	0x1415026a0	.text	OK	0x148016ac8	.rdata	OK	0x141502580	.text	OK	0x1416cb120	.text	OK
Aoi::PlayerManagerTrait::ReceiveCharacterMetadataMsg	166	javelin_rtti_static	STRUCTURALLY_CONSISTENT		0x14a151d20	.data	OK	0x14a151d10	.data	OK	0x1415044e0	.text	OK	0x148017730	.rdata	OK	0x141504450	.text	OK	0x1416f2720	.text	OK
Aoi::PlayerManagerTrait::RequestLocationRespawnActivePlayerMsg	6739	javelin_rtti_static	STRUCTURALLY_CONSISTENT		0x14a151ac0	.data	OK	0x14a151ab0	.data	OK	0x141505eb0	.text	OK	0x148018390	.rdata	OK	0x141505e10	.text	OK	0x1416f9320	.text	OK
Aoi::PlayerManagerTrait::ProcessSpawnQueueMsg	5901	javelin_rtti_static	STRUCTURALLY_CONSISTENT		0x14a151870	.data	OK	0x14a151860	.data	OK	0x1415072d0	.text	OK	0x148018ba0	.rdata	OK	0x141507240	.text	OK	0x1416ed120	.text	OK
Aoi::PlayerManagerTrait::RequestRandomRespawnActivePlayerMsg	1114	javelin_rtti_static	STRUCTURALLY_CONSISTENT		0x14a151610	.data	OK	0x14a151600	.data	OK	0x141508ff0	.text	OK	0x148019688	.rdata	OK	0x141508f40	.text	OK	0x1416f9d20	.text	OK
Aoi::PlayerManagerTrait::RequestShutdownCharacterMsg	1364	javelin_rtti_static	STRUCTURALLY_CONSISTENT		0x14a1513a0	.data	OK	0x14a151390	.data	OK	0x14150a2b0	.text	OK	0x148019d38	.rdata	OK	0x14150a220	.text	OK	0x1416faf20	.text	OK
Aoi::PlayerManagerTrait::DeregisterCharacterMsg	1646	javelin_rtti_static	STRUCTURALLY_CONSISTENT		0x14a151140	.data	OK	0x14a151130	.data	OK	0x14150c5b0	.text	OK	0x14801aa90	.rdata	OK	0x14150c520	.text	OK	0x1416cbd20	.text	OK
Aoi::PlayerManagerTrait::OnFinalPersistFinishedMsg	1330	javelin_rtti_static	STRUCTURALLY_CONSISTENT		0x14a150fa0	.data	OK	0x14a150f90	.data	OK	0x14150dac0	.text	OK	0x14801b168	.rdata	OK	0x14150da30	.text	OK	0x1416e3120	.text	OK
Aoi::PlayerManagerTrait::DebugTriggerPersistenceSaveCallbackMsg	4952	javelin_rtti_static	STRUCTURALLY_CONSISTENT		0x14a150e60	.data	OK	0x14a150e50	.data	OK	0x1415104e0	.text	OK	0x14801c010	.rdata	OK	0x141510340	.text	OK	0x1416cb720	.text	OK
Aoi::PlayerManagerTrait::OnPublishedCharacterMetadataMsg	4771	javelin_rtti_static	STRUCTURALLY_CONSISTENT		0x14a150dd0	.data	OK	0x14a150dc0	.data	OK	0x1415126d0	.text	OK	0x14801ce10	.rdata	OK	0x141512630	.text	OK	0x1416e7720	.text	OK
Aoi::PlayerManagerTrait::OnPlayerActorStatusChangedMsg	1651	javelin_rtti_static	STRUCTURALLY_CONSISTENT		0x14a150d40	.data	OK	0x14a150d30	.data	OK	0x141514610	.text	OK	0x14801d7b0	.rdata	OK	0x141514450	.text	OK	0x1416e6520	.text	OK
Aoi::PlayerManagerTrait::OnHubConnectionChangedMsg	5721	javelin_rtti_static	STRUCTURALLY_CONSISTENT		0x14a150c00	.data	OK	0x14a150bf0	.data	OK	0x141516e50	.text	OK	0x14801df90	.rdata	OK	0x141516dc0	.text	OK	0x1416e5120	.text	OK
Aoi::PlayerManagerTrait::RequestRejectClientConnectionMsg	1653	javelin_rtti_static	STRUCTURALLY_CONSISTENT		0x14a150b00	.data	OK	0x14a150af0	.data	OK	0x141518c70	.text	OK	0x14801e800	.rdata	OK	0x141518bd0	.text	OK	0x1416fa520	.text	OK
Aoi::PlayerManagerTrait::RequestRemoteGDERefForPlayerMsg	1477	javelin_rtti_static	STRUCTURALLY_CONSISTENT		0x14a1508a0	.data	OK	0x14a150890	.data	OK	0x14151b0b0	.text	OK	0x14801f2e8	.rdata	OK	0x14151af40	.text	OK	0x1416fa720	.text	OK
Aoi::PlayerManagerTrait::DebugPrintRegistryMsg	89	javelin_rtti_static	STRUCTURALLY_CONSISTENT		0x14a150680	.data	OK	0x14a150670	.data	OK	0x14151d230	.text	OK	0x14801fd98	.rdata	OK	0x14151d1a0	.text	OK	0x1416c9920	.text	OK
Aoi::PlayerManagerTrait::DebugResetRegistryMsg	5518	javelin_rtti_static	STRUCTURALLY_CONSISTENT		0x14a150420	.data	OK	0x14a150410	.data	OK	0x14151eeb0	.text	OK	0x148020880	.rdata	OK	0x14151ee10	.text	OK	0x1416cad20	.text	OK
Aoi::PlayerManagerTrait::DebugRequestGameModeStatusesMsg	6548	javelin_rtti_static	STRUCTURALLY_CONSISTENT		0x14a1502b0	.data	OK	0x14a1502a0	.data	OK	0x1415207b0	.text	OK	0x148020ff8	.rdata	OK	0x141520720	.text	OK	0x1416ca920	.text	OK
Aoi::PlayerManagerTrait::RequestReconnectCrossWorldMsg	5627	javelin_rtti_static	STRUCTURALLY_CONSISTENT		0x14a150120	.data	OK	0x14a150110	.data	OK	0x141522470	.text	OK	0x1480216b8	.rdata	OK	0x1415223e0	.text	OK	0x1416fa320	.text	OK
Aoi::PlayerManagerTrait::NotifyConfigChangedMsg	1655	javelin_rtti_static	STRUCTURALLY_CONSISTENT		0x14a14fec0	.data	OK	0x14a14feb0	.data	OK	0x1415249e0	.text	OK	0x148022368	.rdata	OK	0x141524870	.text	OK	0x1416e2320	.text	OK
Aoi::PlayerManagerTrait::SetRestrictedLocationTotalsMsg	1659	javelin_rtti_static	STRUCTURALLY_CONSISTENT		0x14a14fc20	.data	OK	0x14a14fc10	.data	OK	0x141526dd0	.text	OK	0x1480230c0	.rdata	OK	0x141526d00	.text	OK	0x1416fe320	.text	OK
Aoi::PlayerManagerTrait::OnFirstTerritoryForPlayerMsg	1660	javelin_rtti_static	STRUCTURALLY_CONSISTENT		0x14a14f9b0	.data	OK	0x14a14f9a0	.data	OK	0x141528a90	.text	OK	0x148023748	.rdata	OK	0x141528a00	.text	OK	0x1416e3320	.text	OK
Aoi::PlayerManagerTrait::KickCharacterForTicketErrorMsg	1165	javelin_rtti_static	STRUCTURALLY_CONSISTENT		0x14a14f730	.data	OK	0x14a14f720	.data	OK	0x14152a8e0	.text	OK	0x148023f10	.rdata	OK	0x14152a830	.text	OK	0x1416ddd20	.text	OK
Aoi::PlayerManagerTrait::RequestPlayerRefsMsg	265	javelin_rtti_static	STRUCTURALLY_CONSISTENT		0x14a14f1d0	.data	OK	0x14a14f1c0	.data	OK	0x14152e560	.text	OK	0x148025108	.rdata	OK	0x14152e430	.text	OK	0x1416f9720	.text	OK
Aoi::PlayerManagerTrait::BanPlayerMsg	930	javelin_rtti_static	STRUCTURALLY_CONSISTENT		0x14a14ef50	.data	OK	0x14a14ef40	.data	OK	0x141530840	.text	OK	0x148025b28	.rdata	OK	0x141530620	.text	OK	0x1416c3f20	.text	OK
Aoi::PlayerManagerTrait::OnCriticalPersistenceErrorListChangedMsg	4953	javelin_rtti_static	STRUCTURALLY_CONSISTENT		0x14a14ec50	.data	OK	0x14a14ec40	.data	OK	0x141532840	.text	OK	0x148026688	.rdata	OK	0x1415327b0	.text	OK	0x1416e2d20	.text	OK
Aoi::PlayerManagerDebugTrait	1671	javelin_rtti_static	STRUCTURALLY_CONSISTENT		0x14a14e9e0	.data	OK	0x14a14e9d0	.data	OK	0x1415342e0	.text	OK	0x148027050	.rdata	OK	0x141534180	.text	OK	0x1416eb720	.text	OK
Aoi::PlayerManagerDebugTrait::State	538	javelin_rtti_static	STRUCTURALLY_CONSISTENT		0x14a14e710	.data	OK	0x14a14e700	.data	OK	0x141536190	.text	OK	0x148027960	.rdata	OK	0x141536100	.text	OK	0x141704520	.text	OK
Aoi::PlayerManagerDebugTrait::OnPersistenceTestStartedMsg	93	javelin_rtti_static	STRUCTURALLY_CONSISTENT		0x14a14e420	.data	OK	0x14a14e410	.data	OK	0x141538880	.text	OK	0x1480282f8	.rdata	OK	0x1415387f0	.text	OK	0x1416e6320	.text	OK
Aoi::PlayerManagerActor	565	javelin_rtti_static	STRUCTURALLY_CONSISTENT		0x14a14d620	.data	OK	0x14a14d610	.data	OK	0x141548650	.text	OK	0x14802d098	.rdata	OK	0x1415485c0	.text	OK	0x1416eb520	.text	OK
Aoi::PlayerManagerActor::InitMsg	1685	javelin_rtti_static	STRUCTURALLY_CONSISTENT		0x14a14d280	.data	OK	0x14a14d270	.data	OK	0x1414bf040	.text	OK	0x148001f70	.rdata	OK	0x1414beef0	.text	OK	0x1416daf20	.text	OK
Javelin::PlayerManagerRedirectorTrait::State	1691	javelin_rtti_static	STRUCTURALLY_CONSISTENT		0x14a14cae0	.data	OK	0x14a14cad0	.data	OK	0x1414c6530	.text	OK	0x1480044a0	.rdata	OK	0x1414c64a0	.text	OK	0x141704720	.text	OK
Javelin::PlayerManagerRedirectorTrait::OnAcceptConnectionMsg	1692	javelin_rtti_static	STRUCTURALLY_CONSISTENT		0x14a14c830	.data	OK	0x14a14c820	.data	OK	0x1414c88a0	.text	OK	0x148004cc0	.rdata	OK	0x1414c86d0	.text	OK	0x1416e2520	.text	OK
Aoi::PlayerManagerResponses::OnGetCharacterResponse	1319	javelin_rtti_static	STRUCTURALLY_CONSISTENT		0x14a14c570	.data	OK	0x14a14c560	.data	OK	0x1414cb650	.text	OK	0x148005b60	.rdata	OK	0x1414cb5b0	.text	OK	0x1416e3b20	.text	OK
Aoi::PlayerReceiverTrait	963	javelin_rtti_static	STRUCTURALLY_CONSISTENT		0x14a14bbb0	.data	OK	0x14a14bba0	.data	OK	0x1414d3820	.text	OK	0x1480083b0	.rdata	OK	0x1414d3780	.text	OK	0x1416ec520	.text	OK
Aoi::PlayerReceiverTrait::State	1697	javelin_rtti_static	STRUCTURALLY_CONSISTENT		0x14a14b900	.data	OK	0x14a14b8f0	.data	OK	0x1414d5590	.text	OK	0x148008cd8	.rdata	OK	0x1414d5500	.text	OK	0x141704d20	.text	OK
Aoi::PlayerReceiverTrait::ReceivePlayerRefsMsg	531	javelin_rtti_static	STRUCTURALLY_CONSISTENT		0x14a14b600	.data	OK	0x14a14b5f0	.data	OK	0x1414d8930	.text	OK	0x148009950	.rdata	OK	0x1414d87b0	.text	OK	0x1416f2f20	.text	OK
SpawnerNotificationTrait	1700	javelin_rtti_static	STRUCTURALLY_CONSISTENT		0x14a14a850	.data	OK	0x14a14a840	.data	OK	0x1414e9690	.text	OK	0x14800dbb8	.rdata	OK	0x1414e95b0	.text	OK	0x1416ff720	.text	OK
SpawnerNotificationTrait::State	1701	javelin_rtti_static	STRUCTURALLY_CONSISTENT		0x14a14a4c0	.data	OK	0x14a14a4b0	.data	OK	0x1414eb6f0	.text	OK	0x14800e660	.rdata	OK	0x1414eb660	.text	OK	0x141705f20	.text	OK
SpawnerNotificationTrait::OnSlicesSpawnedMsg	1702	javelin_rtti_static	STRUCTURALLY_CONSISTENT		0x14a14a170	.data	OK	0x14a14a160	.data	OK	0x1414ee350	.text	OK	0x14800ef48	.rdata	OK	0x1414ee2b0	.text	OK	0x1416e8120	.text	OK
SpawnerTrait	1620	javelin_rtti_static	STRUCTURALLY_CONSISTENT		0x14a149df0	.data	OK	0x14a149de0	.data	OK	0x1414f0300	.text	OK	0x14800f8e0	.rdata	OK	0x1414f01c0	.text	OK	0x1416ff920	.text	OK
SpawnerTrait::State	1703	javelin_rtti_static	STRUCTURALLY_CONSISTENT		0x14a149c00	.data	OK	0x14a149bf0	.data	OK	0x1414f2610	.text	OK	0x148010208	.rdata	OK	0x1414f2540	.text	OK	0x141706120	.text	OK
SpawnerTrait::SpawnSliceLocallyMsg	1705	javelin_rtti_static	STRUCTURALLY_CONSISTENT		0x14a149990	.data	OK	0x14a149980	.data	OK	0x1414f48b0	.text	OK	0x148011560	.rdata	OK	0x1414f4820	.text	OK	0x1416ff320	.text	OK
SpawnerTrait::SpawnSlicesLocallyMsg	1706	javelin_rtti_static	STRUCTURALLY_CONSISTENT		0x14a149710	.data	OK	0x14a149700	.data	OK	0x1414f6a50	.text	OK	0x148012328	.rdata	OK	0x1414f69c0	.text	OK	0x1416ff520	.text	OK
SpawnerTrait::SpawnActorLocallyMsg	1709	javelin_rtti_static	STRUCTURALLY_CONSISTENT		0x14a1494a0	.data	OK	0x14a149490	.data	OK	0x1414f7bc0	.text	OK	0x148012b38	.rdata	OK	0x1414f7af0	.text	OK	0x1416feb20	.text	OK
Javelin::AI::Navigation::TileReceiver	1713	javelin_rtti_static	STRUCTURALLY_CONSISTENT		0x14a148660	.data	OK	0x14a148650	.data	OK	0x141534c10	.text	OK	0x1480272a0	.rdata	OK	0x141534b10	.text	OK	0x141708f20	.text	OK
Javelin::AI::Navigation::TileReceiver::State	1715	javelin_rtti_static	STRUCTURALLY_CONSISTENT		0x14a148440	.data	OK	0x14a148430	.data	OK	0x1415364c0	.text	OK	0x148027aa0	.rdata	OK	0x141536430	.text	OK	0x141706720	.text	OK
Javelin::AI::Navigation::TileReceiver::ReceiveNavAreaTileRefsMsg	1719	javelin_rtti_static	STRUCTURALLY_CONSISTENT		0x14a148200	.data	OK	0x14a1481f0	.data	OK	0x141539040	.text	OK	0x148028528	.rdata	OK	0x141538f90	.text	OK	0x1416f2b20	.text	OK
Aoi::BasePhasingSocialData	6255	javelin_rtti_static	STRUCTURALLY_CONSISTENT		0x14a147fb0	.data	OK	0x14a147fa0	.data	OK	0x141549920	.text	OK	0x14802d718	.rdata	OK	0x141549890	.text	OK	0x1416c4520	.text	OK
Aoi::QueryResponseTrait::State	1369	javelin_rtti_static	STRUCTURALLY_CONSISTENT		0x14a147ae0	.data	OK	0x14a147ad0	.data	OK	0x1414bfda0	.text	OK	0x148002418	.rdata	OK	0x1414bfd10	.text	OK	0x141705520	.text	OK
Aoi::QueryResponseTrait::ResponseMsg	1724	javelin_rtti_static	STRUCTURALLY_CONSISTENT		0x14a1478e0	.data	OK	0x14a1478d0	.data	OK	0x1414c1d30	.text	OK	0x148002ac8	.rdata	OK	0x1414c1ca0	.text	OK	0x1416fc920	.text	OK
Aoi::CastQueryResponseTrait	1725	javelin_rtti_static	STRUCTURALLY_CONSISTENT		0x14a1476b0	.data	OK	0x14a1476a0	.data	OK	0x1414c3ba0	.text	OK	0x148003648	.rdata	OK	0x1414c3b10	.text	OK	0x1416c5520	.text	OK
Aoi::CastQueryResponseTrait::State	1266	javelin_rtti_static	STRUCTURALLY_CONSISTENT		0x14a147510	.data	OK	0x14a147500	.data	OK	0x1414c5550	.text	OK	0x148003d80	.rdata	OK	0x1414c54c0	.text	OK	0x141700920	.text	OK
Aoi::CastQueryResponseTrait::ResponseMsg	1728	javelin_rtti_static	STRUCTURALLY_CONSISTENT		0x14a1472e0	.data	OK	0x14a1472d0	.data	OK	0x1414c6bb0	.text	OK	0x148004748	.rdata	OK	0x1414c6ad0	.text	OK	0x1416fc720	.text	OK
Aoi::BatchCastQueryResponseTrait	624	javelin_rtti_static	STRUCTURALLY_CONSISTENT		0x14a147160	.data	OK	0x14a147150	.data	OK	0x1414c9460	.text	OK	0x148004f78	.rdata	OK	0x1414c93c0	.text	OK	0x1416c4b20	.text	OK
Aoi::BatchCastQueryResponseTrait::State	1731	javelin_rtti_static	STRUCTURALLY_CONSISTENT		0x14a146fe0	.data	OK	0x14a146fd0	.data	OK	0x1414cbc40	.text	OK	0x148005cc8	.rdata	OK	0x1414cbb30	.text	OK	0x141700720	.text	OK
Aoi::BatchCastQueryResponseTrait::BatchResponseMsg	587	javelin_rtti_static	STRUCTURALLY_CONSISTENT		0x14a146e50	.data	OK	0x14a146e40	.data	OK	0x1414cda30	.text	OK	0x148006710	.rdata	OK	0x1414cd9a0	.text	OK	0x1416c5120	.text	OK
Aoi::BaseQueryResponseTrait	413	javelin_rtti_static	STRUCTURALLY_CONSISTENT		0x14a146c70	.data	OK	0x14a146c60	.data	OK	0x1414d1010	.text	OK	0x148007448	.rdata	OK	0x1414d0f80	.text	OK	0x1416c4720	.text	OK
Aoi::BaseQueryResponseTrait::State	1735	javelin_rtti_static	STRUCTURALLY_CONSISTENT		0x14a146af0	.data	OK	0x14a146ae0	.data	OK	0x1414d36f0	.text	OK	0x148008308	.rdata	OK	0x1414d3660	.text	OK	0x141700320	.text	OK
Aoi::BaseQueryResponseTrait::ReceiveGridsMsg	1738	javelin_rtti_static	STRUCTURALLY_CONSISTENT		0x14a146890	.data	OK	0x14a146880	.data	OK	0x1414d5430	.text	OK	0x148008c78	.rdata	OK	0x1414d5370	.text	OK	0x1416f2920	.text	OK
Aoi::BaseQueryResponseTrait::DebugReceiveGridPhysicsStatsMsg	1744	javelin_rtti_static	STRUCTURALLY_CONSISTENT		0x14a146680	.data	OK	0x14a146670	.data	OK	0x1414d8840	.text	OK	0x1480098f8	.rdata	OK	0x1414d8680	.text	OK	0x1416ca120	.text	OK
Aoi::BaseQueryResponseTrait::DebugReceiveServerTelemetryStatsMsg	1657	javelin_rtti_static	STRUCTURALLY_CONSISTENT		0x14a146460	.data	OK	0x14a146450	.data	OK	0x1414dcda0	.text	OK	0x14800a8f0	.rdata	OK	0x1414dcd10	.text	OK	0x1416ca320	.text	OK
Aoi::BaseQueryResponseTrait::DebugReceiveGridAoiStatsMsg	87	javelin_rtti_static	STRUCTURALLY_CONSISTENT		0x14a1462d0	.data	OK	0x14a1462c0	.data	OK	0x1414dfa00	.text	OK	0x14800b5a8	.rdata	OK	0x1414df780	.text	OK	0x1416c9b20	.text	OK
Aoi::BaseQueryResponseTrait::DebugReceiveGridLoadStatsMsg	5903	javelin_rtti_static	STRUCTURALLY_CONSISTENT		0x14a1460e0	.data	OK	0x14a1460d0	.data	OK	0x1414e2480	.text	OK	0x14800c178	.rdata	OK	0x1414e23d0	.text	OK	0x1416c9f20	.text	OK
Aoi::BaseQueryResponseTrait::DebugReceiveGridDetectionStatsMsg	1748	javelin_rtti_static	STRUCTURALLY_CONSISTENT		0x14a145f30	.data	OK	0x14a145f20	.data	OK	0x1414e6c00	.text	OK	0x14800cfe8	.rdata	OK	0x1414e6b70	.text	OK	0x1416c9d20	.text	OK
Aoi::BaseQueryResponseTrait::DebugReceiveTopMemoryUsageCallstacksFromServerMsg	578	javelin_rtti_static	STRUCTURALLY_CONSISTENT		0x14a145d70	.data	OK	0x14a145d60	.data	OK	0x1414e9ac0	.text	OK	0x14800dde0	.rdata	OK	0x1414e9a30	.text	OK	0x1416ca520	.text	OK
Aoi::BaseQueryTrait	1601	javelin_rtti_static	STRUCTURALLY_CONSISTENT		0x14a145a90	.data	OK	0x14a145a80	.data	OK	0x1414ec000	.text	OK	0x14800e8e8	.rdata	OK	0x1414ebe30	.text	OK	0x1416c4920	.text	OK
Aoi::BaseQueryTrait::State	1753	javelin_rtti_static	STRUCTURALLY_CONSISTENT		0x14a1457f0	.data	OK	0x14a1457e0	.data	OK	0x1414eee00	.text	OK	0x14800f108	.rdata	OK	0x1414eed70	.text	OK	0x141700520	.text	OK
Aoi::BaseQueryTrait::QueryAabbMsg	1756	javelin_rtti_static	STRUCTURALLY_CONSISTENT		0x14a1454f0	.data	OK	0x14a1454e0	.data	OK	0x1414f0990	.text	OK	0x14800fb00	.rdata	OK	0x1414f0900	.text	OK	0x1416ee120	.text	OK
Aoi::BaseQueryTrait::QueryRayCastBatchMsg	638	javelin_rtti_static	STRUCTURALLY_CONSISTENT		0x14a15a660	.data	OK	0x14a15a650	.data	OK	0x1414f5980	.text	OK	0x148011ae8	.rdata	OK	0x1414f58e0	.text	OK	0x1416ef120	.text	OK
Aoi::BaseQueryTrait::QueryLinearShapeCastMsg	1720	javelin_rtti_static	STRUCTURALLY_CONSISTENT		0x14a15a450	.data	OK	0x14a15a440	.data	OK	0x1414f7760	.text	OK	0x148012850	.rdata	OK	0x1414f76d0	.text	OK	0x1416ee720	.text	OK
Aoi::BaseQueryTrait::QueryNonlinearShapeCastMsg	1759	javelin_rtti_static	STRUCTURALLY_CONSISTENT		0x14a15a250	.data	OK	0x14a15a240	.data	OK	0x1414f8a50	.text	OK	0x148013030	.rdata	OK	0x1414f89c0	.text	OK	0x1416eed20	.text	OK
Aoi::BaseQueryTrait::QueryLinearShapeCastBatchMsg	416	javelin_rtti_static	STRUCTURALLY_CONSISTENT		0x14a15a030	.data	OK	0x14a15a020	.data	OK	0x1414fa860	.text	OK	0x148013a70	.rdata	OK	0x1414fa7d0	.text	OK	0x1416ee520	.text	OK
Aoi::BaseQueryTrait::QueryNonlinearShapeCastBatchMsg	1761	javelin_rtti_static	STRUCTURALLY_CONSISTENT		0x14a159e80	.data	OK	0x14a159e70	.data	OK	0x1414fc360	.text	OK	0x148014308	.rdata	OK	0x1414fc2b0	.text	OK	0x1416eeb20	.text	OK
Aoi::BaseQueryTrait::QueryMeleeAttackMsg	1763	javelin_rtti_static	STRUCTURALLY_CONSISTENT		0x14a159bf0	.data	OK	0x14a159be0	.data	OK	0x1414fe6f0	.text	OK	0x148014da8	.rdata	OK	0x1414fe650	.text	OK	0x1416ee920	.text	OK
Aoi::BaseQueryTrait::QueryProjectileRayCastMsg	1521	javelin_rtti_static	STRUCTURALLY_CONSISTENT		0x14a159930	.data	OK	0x14a159920	.data	OK	0x141500840	.text	OK	0x148015b30	.rdata	OK	0x1415007b0	.text	OK	0x1416eef20	.text	OK
Aoi::BaseQueryTrait::QueryRayCastDetailedMsg	1220	javelin_rtti_static	STRUCTURALLY_CONSISTENT		0x14a159730	.data	OK	0x14a159720	.data	OK	0x1415026b0	.text	OK	0x148016af8	.rdata	OK	0x141502610	.text	OK	0x1416ef320	.text	OK
Aoi::PassiveQueryTrait	964	javelin_rtti_static	STRUCTURALLY_CONSISTENT		0x14a159550	.data	OK	0x14a159540	.data	OK	0x141503960	.text	OK	0x1480174a0	.rdata	OK	0x1415038d0	.text	OK	0x1416e9920	.text	OK
Aoi::PassiveQueryTrait::State	1067	javelin_rtti_static	STRUCTURALLY_CONSISTENT		0x14a159370	.data	OK	0x14a159360	.data	OK	0x1415057a0	.text	OK	0x1480180c0	.rdata	OK	0x141505710	.text	OK	0x141703720	.text	OK
Aoi::PassiveCastQueryTrait	1766	javelin_rtti_static	STRUCTURALLY_CONSISTENT		0x14a159190	.data	OK	0x14a159180	.data	OK	0x141506b10	.text	OK	0x148018870	.rdata	OK	0x141506a80	.text	OK	0x1416e9320	.text	OK
Aoi::PassiveCastQueryTrait::State	709	javelin_rtti_static	STRUCTURALLY_CONSISTENT		0x14a158ff0	.data	OK	0x14a158fe0	.data	OK	0x141508000	.text	OK	0x148018ff0	.rdata	OK	0x141507f70	.text	OK	0x141703520	.text	OK
Aoi::PassiveBatchCastQueryTrait	1769	javelin_rtti_static	STRUCTURALLY_CONSISTENT		0x14a158e80	.data	OK	0x14a158e70	.data	OK	0x1415095c0	.text	OK	0x1480198a8	.rdata	OK	0x141509530	.text	OK	0x1416e8f20	.text	OK
Aoi::PassiveBatchCastQueryTrait::State	1750	javelin_rtti_static	STRUCTURALLY_CONSISTENT		0x14a158cf0	.data	OK	0x14a158ce0	.data	OK	0x14150ab10	.text	OK	0x14801a0b8	.rdata	OK	0x14150aa80	.text	OK	0x141703320	.text	OK
Aoi::PassiveQueryActor	1520	javelin_rtti_static	STRUCTURALLY_CONSISTENT		0x14a158b70	.data	OK	0x14a158b60	.data	OK	0x14150c8f0	.text	OK	0x14801ab90	.rdata	OK	0x14150c860	.text	OK	0x1416e9720	.text	OK
Aoi::PassiveQueryActor::InitComponentMsg	1770	javelin_rtti_static	STRUCTURALLY_CONSISTENT		0x14a1587e0	.data	OK	0x14a1587d0	.data	OK	0x1415114d0	.text	OK	0x14801c380	.rdata	OK	0x1415113d0	.text	OK	0x1416d9f20	.text	OK
Aoi::PassiveCastQueryActor	1139	javelin_rtti_static	STRUCTURALLY_CONSISTENT		0x14a158560	.data	OK	0x14a158550	.data	OK	0x1415134c0	.text	OK	0x14801d168	.rdata	OK	0x1415132e0	.text	OK	0x1416e9120	.text	OK
Aoi::PassiveCastQueryActor::InitComponentMsg	1772	javelin_rtti_static	STRUCTURALLY_CONSISTENT		0x14a1580c0	.data	OK	0x14a1580b0	.data	OK	0x141517b70	.text	OK	0x14801e3e8	.rdata	OK	0x141517ae0	.text	OK	0x1416d9d20	.text	OK
Aoi::PassiveBatchCastQueryActor	1774	javelin_rtti_static	STRUCTURALLY_CONSISTENT		0x14a157e10	.data	OK	0x14a157e00	.data	OK	0x14151a2e0	.text	OK	0x14801ec68	.rdata	OK	0x14151a240	.text	OK	0x1416e8d20	.text	OK
Aoi::PassiveBatchCastQueryActor::InitComponentMsg	1775	javelin_rtti_static	STRUCTURALLY_CONSISTENT		0x14a157ab0	.data	OK	0x14a157aa0	.data	OK	0x14151eb20	.text	OK	0x148020700	.rdata	OK	0x14151ea80	.text	OK	0x1416d9b20	.text	OK
Aoi::GridChangeListenerTrait	1785	javelin_rtti_static	STRUCTURALLY_CONSISTENT		0x14a1578c0	.data	OK	0x14a1578b0	.data	OK	0x141521a90	.text	OK	0x1480213e8	.rdata	OK	0x141521a00	.text	OK	0x1416d3120	.text	OK
Aoi::GridChangeListenerTrait::State	1699	javelin_rtti_static	STRUCTURALLY_CONSISTENT		0x14a157670	.data	OK	0x14a157660	.data	OK	0x141523b30	.text	OK	0x148021fd8	.rdata	OK	0x141523980	.text	OK	0x141701f20	.text	OK
Aoi::GridChangeListenerTrait::OnGridVersionChangedMsg	1788	javelin_rtti_static	STRUCTURALLY_CONSISTENT		0x14a1573b0	.data	OK	0x14a1573a0	.data	OK	0x1415256a0	.text	OK	0x148022728	.rdata	OK	0x141525610	.text	OK	0x1416e4320	.text	OK
Aoi::GlobalEntityListenerTrait	661	javelin_rtti_static	STRUCTURALLY_CONSISTENT		0x14a157100	.data	OK	0x14a1570f0	.data	OK	0x141527e40	.text	OK	0x1480233d8	.rdata	OK	0x141527da0	.text	OK	0x1416d1f20	.text	OK
Aoi::GlobalEntityListenerTrait::State	365	javelin_rtti_static	STRUCTURALLY_CONSISTENT		0x14a156ee0	.data	OK	0x14a156ed0	.data	OK	0x141529b10	.text	OK	0x148023a68	.rdata	OK	0x141529a80	.text	OK	0x141701d20	.text	OK
Aoi::GlobalEntityListenerTrait::GlobalAddActorMsg	1405	javelin_rtti_static	STRUCTURALLY_CONSISTENT		0x14a156c50	.data	OK	0x14a156c40	.data	OK	0x14152b0d0	.text	OK	0x148024298	.rdata	OK	0x14152b030	.text	OK	0x1416d1b20	.text	OK
Aoi::GlobalEntityListenerTrait::GlobalRemoveActorMsg	1791	javelin_rtti_static	STRUCTURALLY_CONSISTENT		0x14a156980	.data	OK	0x14a156970	.data	OK	0x14152d7f0	.text	OK	0x148024cb8	.rdata	OK	0x14152d6f0	.text	OK	0x1416d2120	.text	OK
Aoi::GhostBaseTrait	370	javelin_rtti_static	STRUCTURALLY_CONSISTENT		0x14a156770	.data	OK	0x14a156760	.data	OK	0x14152eb80	.text	OK	0x148025400	.rdata	OK	0x14152eaf0	.text	OK	0x1416d1520	.text	OK
Aoi::GhostBaseTrait::State	1792	javelin_rtti_static	STRUCTURALLY_CONSISTENT		0x14a1565b0	.data	OK	0x14a1565a0	.data	OK	0x141530b90	.text	OK	0x148025cb8	.rdata	OK	0x141530b00	.text	OK	0x141701920	.text	OK
Aoi::GhostBaseTrait::GridAddActorMsg	1245	javelin_rtti_static	STRUCTURALLY_CONSISTENT		0x14a156370	.data	OK	0x14a156360	.data	OK	0x141532630	.text	OK	0x1480265d0	.rdata	OK	0x141532550	.text	OK	0x1416d2720	.text	OK
Aoi::GhostBaseTrait::GridRemoveActorMsg	566	javelin_rtti_static	STRUCTURALLY_CONSISTENT		0x14a156130	.data	OK	0x14a156120	.data	OK	0x141534610	.text	OK	0x1480270f8	.rdata	OK	0x141534580	.text	OK	0x1416d3f20	.text	OK
Aoi::GhostBaseTrait::GridAddActorsBatchMsg	714	javelin_rtti_static	STRUCTURALLY_CONSISTENT		0x14a155ee0	.data	OK	0x14a155ed0	.data	OK	0x141536250	.text	OK	0x1480279b8	.rdata	OK	0x1415361b0	.text	OK	0x1416d2b20	.text	OK
Aoi::GhostBaseTrait::GridRemoveActorsBatchMsg	1414	javelin_rtti_static	STRUCTURALLY_CONSISTENT		0x14a155d20	.data	OK	0x14a155d10	.data	OK	0x141539340	.text	OK	0x148028608	.rdata	OK	0x1415392b0	.text	OK	0x1416d4320	.text	OK
Aoi::GhostBaseTrait::MoveMsg	1794	javelin_rtti_static	STRUCTURALLY_CONSISTENT		0x14a155c20	.data	OK	0x14a155c10	.data	OK	0x14153afd0	.text	OK	0x148028c88	.rdata	OK	0x14153af10	.text	OK	0x1416e1720	.text	OK
Aoi::GhostBaseTrait::MovePositionMsg	1638	javelin_rtti_static	STRUCTURALLY_CONSISTENT		0x14a155ab0	.data	OK	0x14a155aa0	.data	OK	0x14153c8b0	.text	OK	0x148029510	.rdata	OK	0x14153c800	.text	OK	0x1416e1920	.text	OK
Aoi::GhostBaseTrait::UpdateShapeMsg	1796	javelin_rtti_static	STRUCTURALLY_CONSISTENT		0x14a155930	.data	OK	0x14a155920	.data	OK	0x14153e620	.text	OK	0x148029ff8	.rdata	OK	0x14153e580	.text	OK	0x14170cb20	.text	OK
Aoi::GhostBaseTrait::MigrateToHubMsg	1798	javelin_rtti_static	STRUCTURALLY_CONSISTENT		0x14a1557a0	.data	OK	0x14a155790	.data	OK	0x141540810	.text	OK	0x14802ab00	.rdata	OK	0x141540720	.text	OK	0x1416e0720	.text	OK
Aoi::GhostExTrait	945	javelin_rtti_static	STRUCTURALLY_CONSISTENT		0x14a155620	.data	OK	0x14a155610	.data	OK	0x141543100	.text	OK	0x14802b618	.rdata	OK	0x141542f70	.text	OK	0x1416d1920	.text	OK
Aoi::GhostExTrait::State	96	javelin_rtti_static	STRUCTURALLY_CONSISTENT		0x14a155450	.data	OK	0x14a155440	.data	OK	0x141545090	.text	OK	0x14802c0d8	.rdata	OK	0x141544fe0	.text	OK	0x141701b20	.text	OK
Aoi::GhostExTrait::AddExceptionMsg	501	javelin_rtti_static	STRUCTURALLY_CONSISTENT		0x14a155340	.data	OK	0x14a155330	.data	OK	0x141546f40	.text	OK	0x14802ca38	.rdata	OK	0x141546ea0	.text	OK	0x1416c2320	.text	OK
Aoi::GhostExTrait::RemoveExceptionMsg	1804	javelin_rtti_static	STRUCTURALLY_CONSISTENT		0x14a155230	.data	OK	0x14a155220	.data	OK	0x141548b10	.text	OK	0x14802d140	.rdata	OK	0x1415489b0	.text	OK	0x1416f6920	.text	OK
Aoi::GhostExTrait::AddExceptionsBatchMsg	1809	javelin_rtti_static	STRUCTURALLY_CONSISTENT		0x14a155050	.data	OK	0x14a155040	.data	OK	0x14154a970	.text	OK	0x14802da38	.rdata	OK	0x14154a7e0	.text	OK	0x1416c2520	.text	OK
Aoi::GhostExTrait::RemoveExceptionsBatchMsg	1815	javelin_rtti_static	STRUCTURALLY_CONSISTENT		0x14a154f40	.data	OK	0x14a154f30	.data	OK	0x1414be730	.text	OK	0x148001e58	.rdata	OK	0x1414be6a0	.text	OK	0x1416f6b20	.text	OK
Aoi::GhostExTrait::GridAddActorAoiMsg	421	javelin_rtti_static	STRUCTURALLY_CONSISTENT		0x14a154db0	.data	OK	0x14a154da0	.data	OK	0x1414c0820	.text	OK	0x1480026f8	.rdata	OK	0x1414c0790	.text	OK	0x1416d2520	.text	OK
Aoi::GhostExTrait::GridRemoveActorAoiMsg	1517	javelin_rtti_static	STRUCTURALLY_CONSISTENT		0x14a154c20	.data	OK	0x14a154c10	.data	OK	0x1414c2e00	.text	OK	0x148003210	.rdata	OK	0x1414c2d20	.text	OK	0x1416d3d20	.text	OK
Aoi::GhostExTrait::GridAddActorsAoiBatchMsg	1816	javelin_rtti_static	STRUCTURALLY_CONSISTENT		0x14a154980	.data	OK	0x14a154970	.data	OK	0x1414c4b90	.text	OK	0x148003a40	.rdata	OK	0x1414c4b00	.text	OK	0x1416d2920	.text	OK
Aoi::GhostExTrait::GridRemoveActorsAoiBatchMsg	161	javelin_rtti_static	STRUCTURALLY_CONSISTENT		0x14a154720	.data	OK	0x14a154710	.data	OK	0x1414c6660	.text	OK	0x148004520	.rdata	OK	0x1414c65d0	.text	OK	0x1416d4120	.text	OK
Aoi::GhostExTrait::OnCullLimitPctChangeRequestMsg	1818	javelin_rtti_static	STRUCTURALLY_CONSISTENT		0x14a1544f0	.data	OK	0x14a1544e0	.data	OK	0x1414c8c60	.text	OK	0x148004de8	.rdata	OK	0x1414c8bd0	.text	OK	0x1416e2f20	.text	OK
Aoi::GhostExTrait::OnSetBandwidthModeRequestMsg	1596	javelin_rtti_static	STRUCTURALLY_CONSISTENT		0x14a1542b0	.data	OK	0x14a1542a0	.data	OK	0x1414cb4e0	.text	OK	0x148005b30	.rdata	OK	0x1414cb440	.text	OK	0x1416e7f20	.text	OK
Aoi::GhostExTrait::OnReplicationDataCaptureActionMsg	4770	javelin_rtti_static	STRUCTURALLY_CONSISTENT		0x14a154100	.data	OK	0x14a1540f0	.data	OK	0x1414cd6f0	.text	OK	0x148006528	.rdata	OK	0x1414cd660	.text	OK	0x1416e7920	.text	OK
Aoi::GhostExTrait::OnSetBandwidthModeOverrideRequestMsg	546	javelin_rtti_static	STRUCTURALLY_CONSISTENT		0x14a153f40	.data	OK	0x14a153f30	.data	OK	0x1414d0340	.text	OK	0x148007220	.rdata	OK	0x1414d01b0	.text	OK	0x1416e7d20	.text	OK
Aoi::GhostExTrait::OnOwnerChangedMsg	1694	javelin_rtti_static	STRUCTURALLY_CONSISTENT		0x14a153d30	.data	OK	0x14a153d20	.data	OK	0x1414d35f0	.text	OK	0x1480082d8	.rdata	OK	0x1414d3560	.text	OK	0x1416e5d20	.text	OK
Aoi::GhostActor	1828	javelin_rtti_static	STRUCTURALLY_CONSISTENT		0x14a153ab0	.data	OK	0x14a153aa0	.data	OK	0x1414d5360	.text	OK	0x148008c20	.rdata	OK	0x1414d5290	.text	OK	0x1416d1320	.text	OK
Aoi::GhostActor::InitMsg	1704	javelin_rtti_static	STRUCTURALLY_CONSISTENT		0x14a1535a0	.data	OK	0x14a153590	.data	OK	0x1414dd2f0	.text	OK	0x14800aac8	.rdata	OK	0x1414dd1d0	.text	OK	0x1416da520	.text	OK
Aoi::GhostClientActor	400	javelin_rtti_static	STRUCTURALLY_CONSISTENT		0x14a153340	.data	OK	0x14a153330	.data	OK	0x1414e06a0	.text	OK	0x14800b860	.rdata	OK	0x1414e05f0	.text	OK	0x1416d1720	.text	OK
Aoi::GhostClientActor::InitMsg	1830	javelin_rtti_static	STRUCTURALLY_CONSISTENT		0x14a152eb0	.data	OK	0x14a152ea0	.data	OK	0x1414e8220	.text	OK	0x14800d598	.rdata	OK	0x1414e8190	.text	OK	0x1416da720	.text	OK
Aoi::GlobalEntityListener	6155	javelin_rtti_static	STRUCTURALLY_CONSISTENT		0x14a152c40	.data	OK	0x14a152c30	.data	OK	0x1414eb2e0	.text	OK	0x14800e488	.rdata	OK	0x1414eb140	.text	OK	0x1416d1d20	.text	OK
Aoi::GridTrait	231	javelin_rtti_static	STRUCTURALLY_CONSISTENT		0x14a150040	.data	OK	0x14a150030	.data	OK	0x141519f80	.text	OK	0x14801eb58	.rdata	OK	0x141519e80	.text	OK	0x1416d5720	.text	OK
Aoi::GridTrait::State	1837	javelin_rtti_static	STRUCTURALLY_CONSISTENT		0x14a14fdd0	.data	OK	0x14a14fdc0	.data	OK	0x14151bd60	.text	OK	0x14801f6a0	.rdata	OK	0x14151bcd0	.text	OK	0x141702520	.text	OK
Aoi::PhysicsTrait	1259	javelin_rtti_static	STRUCTURALLY_CONSISTENT		0x14a14fb20	.data	OK	0x14a14fb10	.data	OK	0x14151d890	.text	OK	0x148020160	.rdata	OK	0x14151d700	.text	OK	0x1416eaf20	.text	OK
Aoi::PhysicsTrait::State	1840	javelin_rtti_static	STRUCTURALLY_CONSISTENT		0x14a14f8b0	.data	OK	0x14a14f8a0	.data	OK	0x14151f430	.text	OK	0x1480209c8	.rdata	OK	0x14151f330	.text	OK	0x141704320	.text	OK
Aoi::PhysicsTrait::QueryWorldAabbMsg	1843	javelin_rtti_static	STRUCTURALLY_CONSISTENT		0x14a14f620	.data	OK	0x14a14f610	.data	OK	0x141520a00	.text	OK	0x148021158	.rdata	OK	0x141520970	.text	OK	0x1416f0920	.text	OK
Aoi::PhysicsTrait::QueryWorldRayCastMsg	128	javelin_rtti_static	STRUCTURALLY_CONSISTENT		0x14a14f350	.data	OK	0x14a14f340	.data	OK	0x141523460	.text	OK	0x148021a18	.rdata	OK	0x1415233c0	.text	OK	0x1416f1b20	.text	OK
Aoi::PhysicsTrait::QueryWorldRayCastBatchMsg	1740	javelin_rtti_static	STRUCTURALLY_CONSISTENT		0x14a14f0c0	.data	OK	0x14a14f0b0	.data	OK	0x141525260	.text	OK	0x148022620	.rdata	OK	0x1415251c0	.text	OK	0x1416f1720	.text	OK
Aoi::PhysicsTrait::QueryWorldLinearShapeCastMsg	1576	javelin_rtti_static	STRUCTURALLY_CONSISTENT		0x14a14ede0	.data	OK	0x14a14edd0	.data	OK	0x141527e30	.text	OK	0x1480233a8	.rdata	OK	0x141527cb0	.text	OK	0x1416f0d20	.text	OK
Aoi::PhysicsTrait::QueryWorldLinearShapeCastBatchMsg	508	javelin_rtti_static	STRUCTURALLY_CONSISTENT		0x14a14eb40	.data	OK	0x14a14eb30	.data	OK	0x141529ee0	.text	OK	0x148023ba0	.rdata	OK	0x141529d90	.text	OK	0x1416f0b20	.text	OK
Aoi::PhysicsTrait::QueryWorldNonlinearShapeCastMsg	385	javelin_rtti_static	STRUCTURALLY_CONSISTENT		0x14a14e8d0	.data	OK	0x14a14e8c0	.data	OK	0x14152bb30	.text	OK	0x1480244d0	.rdata	OK	0x14152ba90	.text	OK	0x1416f1320	.text	OK
Aoi::PhysicsTrait::QueryWorldNonlinearShapeCastBatchMsg	507	javelin_rtti_static	STRUCTURALLY_CONSISTENT		0x14a14e5f0	.data	OK	0x14a14e5e0	.data	OK	0x14152dd10	.text	OK	0x148024f00	.rdata	OK	0x14152dc70	.text	OK	0x1416f1120	.text	OK
Aoi::PhysicsTrait::QueryWorldMeleeAttackMsg	1846	javelin_rtti_static	STRUCTURALLY_CONSISTENT		0x14a14e3a0	.data	OK	0x14a14e390	.data	OK	0x14152fe00	.text	OK	0x148025890	.rdata	OK	0x14152fd70	.text	OK	0x1416f0f20	.text	OK
Aoi::PhysicsTrait::QueryWorldProjectileRayCastMsg	1723	javelin_rtti_static	STRUCTURALLY_CONSISTENT		0x14a14e1b0	.data	OK	0x14a14e1a0	.data	OK	0x141531a10	.text	OK	0x148026320	.rdata	OK	0x141531980	.text	OK	0x1416f1520	.text	OK
Aoi::PhysicsTrait::QueryWorldRayCastDetailedMsg	1847	javelin_rtti_static	STRUCTURALLY_CONSISTENT		0x14a14e010	.data	OK	0x14a14e000	.data	OK	0x141533bb0	.text	OK	0x148026e58	.rdata	OK	0x141533b10	.text	OK	0x1416f1920	.text	OK
Aoi::PhysicsTrait::RecordPhysicsMsg	1799	javelin_rtti_static	STRUCTURALLY_CONSISTENT		0x14a14deb0	.data	OK	0x14a14dea0	.data	OK	0x1415359c0	.text	OK	0x148027778	.rdata	OK	0x141535930	.text	OK	0x1416f3b20	.text	OK
Aoi::PhysicsTrait::RegisterHitVolumeBatchMsg	1853	javelin_rtti_static	STRUCTURALLY_CONSISTENT		0x14a14dcd0	.data	OK	0x14a14dcc0	.data	OK	0x141538650	.text	OK	0x148028268	.rdata	OK	0x1415385c0	.text	OK	0x1416f5320	.text	OK
Aoi::PhysicsTrait::UnregisterHitVolumeBatchMsg	1585	javelin_rtti_static	STRUCTURALLY_CONSISTENT		0x14a14db00	.data	OK	0x14a14daf0	.data	OK	0x14153b1b0	.text	OK	0x148028d60	.rdata	OK	0x14153b090	.text	OK	0x14170a920	.text	OK
Aoi::PhysicsTrait::EnableHitVolumeMsg	1550	javelin_rtti_static	STRUCTURALLY_CONSISTENT		0x14a14d970	.data	OK	0x14a14d960	.data	OK	0x14153c990	.text	OK	0x148029540	.rdata	OK	0x14153c8e0	.text	OK	0x1416cd120	.text	OK
Aoi::PhysicsTrait::DisableHitVolumeMsg	1856	javelin_rtti_static	STRUCTURALLY_CONSISTENT		0x14a14d780	.data	OK	0x14a14d770	.data	OK	0x14153eb50	.text	OK	0x14802a270	.rdata	OK	0x14153ea10	.text	OK	0x1416cc720	.text	OK
Aoi::PhysicsTrait::UpdateHitVolumeBatchMsg	1205	javelin_rtti_static	STRUCTURALLY_CONSISTENT		0x14a14d5a0	.data	OK	0x14a14d590	.data	OK	0x141540b00	.text	OK	0x14802abc8	.rdata	OK	0x141540a20	.text	OK	0x14170bb20	.text	OK
Aoi::PhysicsTrait::ChangeHitVolumeShapeMsg	342	javelin_rtti_static	STRUCTURALLY_CONSISTENT		0x14a14d3d0	.data	OK	0x14a14d3c0	.data	OK	0x1415438c0	.text	OK	0x14802b930	.rdata	OK	0x1415437d0	.text	OK	0x1416c5b20	.text	OK
Aoi::PhysicsTrait::ChangeHitVolumeShapeBatchMsg	1857	javelin_rtti_static	STRUCTURALLY_CONSISTENT		0x14a14d1f0	.data	OK	0x14a14d1e0	.data	OK	0x141545bf0	.text	OK	0x14802c420	.rdata	OK	0x141545ac0	.text	OK	0x1416c5920	.text	OK
Aoi::PhysicsTrait::RegisterRigidBodyMsg	542	javelin_rtti_static	STRUCTURALLY_CONSISTENT		0x14a14d020	.data	OK	0x14a14d010	.data	OK	0x141547d40	.text	OK	0x14802ce18	.rdata	OK	0x141547ca0	.text	OK	0x1416f5d20	.text	OK
Aoi::PhysicsTrait::RegisterDebugTerrainMsg	948	javelin_rtti_static	STRUCTURALLY_CONSISTENT		0x14a14ce50	.data	OK	0x14a14ce40	.data	OK	0x141549e80	.text	OK	0x14802d7e0	.rdata	OK	0x141549df0	.text	OK	0x1416f4720	.text	OK
Aoi::PhysicsTrait::RegisterRigidBodyByAssetMsg	1858	javelin_rtti_static	STRUCTURALLY_CONSISTENT		0x14a14ccc0	.data	OK	0x14a14ccb0	.data	OK	0x1414bdd70	.text	OK	0x148001a20	.rdata	OK	0x1414bdcb0	.text	OK	0x1416f5b20	.text	OK
Aoi::PhysicsTrait::UnregisterRigidBodyMsg	250	javelin_rtti_static	STRUCTURALLY_CONSISTENT		0x14a14ca60	.data	OK	0x14a14ca50	.data	OK	0x1414c06d0	.text	OK	0x148002620	.rdata	OK	0x1414c0630	.text	OK	0x14170ad20	.text	OK
Aoi::PhysicsTrait::UpdateRigidBodyMsg	690	javelin_rtti_static	STRUCTURALLY_CONSISTENT		0x14a14c7b0	.data	OK	0x14a14c7a0	.data	OK	0x1414c2240	.text	OK	0x148002e38	.rdata	OK	0x1414c21a0	.text	OK	0x14170c720	.text	OK
Aoi::PhysicsTrait::UpdateRigidBodyFilterMsg	1378	javelin_rtti_static	STRUCTURALLY_CONSISTENT		0x14a14c4a0	.data	OK	0x14a14c490	.data	OK	0x1414c4560	.text	OK	0x148003820	.rdata	OK	0x1414c44c0	.text	OK	0x14170c520	.text	OK
Aoi::PhysicsTrait::UpdateRigidBodyRaidIdMsg	5057	javelin_rtti_static	STRUCTURALLY_CONSISTENT		0x14a14c190	.data	OK	0x14a14c180	.data	OK	0x1414c5e20	.text	OK	0x148004100	.rdata	OK	0x1414c5d40	.text	OK	0x14170c920	.text	OK
Aoi::PhysicsTrait::RegisterCharacterMsg	1860	javelin_rtti_static	STRUCTURALLY_CONSISTENT		0x14a14bf70	.data	OK	0x14a14bf60	.data	OK	0x1414c7da0	.text	OK	0x1480049a8	.rdata	OK	0x1414c7d10	.text	OK	0x1416f4120	.text	OK
Aoi::PhysicsTrait::RegisterCharacterWithRepulsorsMsg	1861	javelin_rtti_static	STRUCTURALLY_CONSISTENT		0x14a14bcb0	.data	OK	0x14a14bca0	.data	OK	0x1414cad70	.text	OK	0x148005970	.rdata	OK	0x1414cacd0	.text	OK	0x1416f4320	.text	OK
Aoi::PhysicsTrait::UnregisterCharacterMsg	1862	javelin_rtti_static	STRUCTURALLY_CONSISTENT		0x14a14ba10	.data	OK	0x14a14ba00	.data	OK	0x1414cd940	.text	OK	0x148006648	.rdata	OK	0x1414cd810	.text	OK	0x141709f20	.text	OK
Aoi::PhysicsTrait::UpdateCharacterFilterMsg	1865	javelin_rtti_static	STRUCTURALLY_CONSISTENT		0x14a14b720	.data	OK	0x14a14b710	.data	OK	0x1414d0a00	.text	OK	0x1480072e8	.rdata	OK	0x1414d0970	.text	OK	0x14170b520	.text	OK
Aoi::PhysicsTrait::RequestCharacterPositionDeltaMsg	1760	javelin_rtti_static	STRUCTURALLY_CONSISTENT		0x14a14b410	.data	OK	0x14a14b400	.data	OK	0x1414d3220	.text	OK	0x148008228	.rdata	OK	0x1414d3190	.text	OK	0x1416f7b20	.text	OK
Aoi::PhysicsTrait::RequestCharacterPositionDeltaWithOrientationMsg	1802	javelin_rtti_static	STRUCTURALLY_CONSISTENT		0x14a14b1c0	.data	OK	0x14a14b1b0	.data	OK	0x1414d5660	.text	OK	0x148008d68	.rdata	OK	0x1414d55d0	.text	OK	0x1416f7d20	.text	OK
Aoi::PhysicsTrait::RequestCharacterSetPositionMsg	1019	javelin_rtti_static	STRUCTURALLY_CONSISTENT		0x14a14af40	.data	OK	0x14a14af30	.data	OK	0x1414d9e40	.text	OK	0x148009ea8	.rdata	OK	0x1414d9d30	.text	OK	0x1416f8320	.text	OK
Aoi::PhysicsTrait::RequestCharacterSetPositionWithOrientationMsg	1868	javelin_rtti_static	STRUCTURALLY_CONSISTENT		0x14a14ac90	.data	OK	0x14a14ac80	.data	OK	0x1414dd670	.text	OK	0x14800abb8	.rdata	OK	0x1414dd5c0	.text	OK	0x1416f8520	.text	OK
Aoi::PhysicsTrait::RequestCharacterResizeMsg	873	javelin_rtti_static	STRUCTURALLY_CONSISTENT		0x14a14a9e0	.data	OK	0x14a14a9d0	.data	OK	0x1414dff20	.text	OK	0x14800b6b0	.rdata	OK	0x1414dfe10	.text	OK	0x1416f7f20	.text	OK
Aoi::PhysicsTrait::RequestIsCharacterReadyMsg	1344	javelin_rtti_static	STRUCTURALLY_CONSISTENT		0x14a14a6b0	.data	OK	0x14a14a6a0	.data	OK	0x1414e25b0	.text	OK	0x14800c1d8	.rdata	OK	0x1414e2490	.text	OK	0x1416f8f20	.text	OK
Aoi::PhysicsTrait::RequestCharacterSetHaltMotionOnCollisionMsg	48	javelin_rtti_static	STRUCTURALLY_CONSISTENT		0x14a14a300	.data	OK	0x14a14a2f0	.data	OK	0x1414e6a90	.text	OK	0x14800cf28	.rdata	OK	0x1414e69d0	.text	OK	0x1416f8120	.text	OK
Aoi::PhysicsTrait::EnableCharacterRepulsorMsg	1872	javelin_rtti_static	STRUCTURALLY_CONSISTENT		0x14a149fc0	.data	OK	0x14a149fb0	.data	OK	0x1414e9e60	.text	OK	0x14800dea8	.rdata	OK	0x1414e9dd0	.text	OK	0x1416ccf20	.text	OK
Aoi::PhysicsTrait::ChangeCharacterColliderMsg	5873	javelin_rtti_static	STRUCTURALLY_CONSISTENT		0x14a149d70	.data	OK	0x14a149d60	.data	OK	0x1414ed1c0	.text	OK	0x14800eb30	.rdata	OK	0x1414ed000	.text	OK	0x1416c5720	.text	OK
Aoi::PhysicsTrait::RegisterGhostMsg	298	javelin_rtti_static	STRUCTURALLY_CONSISTENT		0x14a149b80	.data	OK	0x14a149b70	.data	OK	0x1414ef1b0	.text	OK	0x14800f218	.rdata	OK	0x1414ef110	.text	OK	0x1416f5120	.text	OK
Aoi::PhysicsTrait::UnregisterGhostMsg	957	javelin_rtti_static	STRUCTURALLY_CONSISTENT		0x14a149910	.data	OK	0x14a149900	.data	OK	0x1414f1410	.text	OK	0x14800fdb8	.rdata	OK	0x1414f1380	.text	OK	0x14170a720	.text	OK
Aoi::PhysicsTrait::UpdateGhostMsg	1877	javelin_rtti_static	STRUCTURALLY_CONSISTENT		0x14a149690	.data	OK	0x14a149680	.data	OK	0x1414f3ab0	.text	OK	0x148010eb8	.rdata	OK	0x1414f3a20	.text	OK	0x14170b720	.text	OK
Aoi::PhysicsTrait::UpdateGhostShapeMsg	4900	javelin_rtti_static	STRUCTURALLY_CONSISTENT		0x14a1493d0	.data	OK	0x14a1493c0	.data	OK	0x1414f57b0	.text	OK	0x148011ab8	.rdata	OK	0x1414f5710	.text	OK	0x14170b920	.text	OK
Aoi::PhysicsTrait::RegisterTerrainChunkMsg	1661	javelin_rtti_static	STRUCTURALLY_CONSISTENT		0x14a1491b0	.data	OK	0x14a1491a0	.data	OK	0x1414f7580	.text	OK	0x148012728	.rdata	OK	0x1414f74f0	.text	OK	0x1416f6120	.text	OK
Aoi::PhysicsTrait::UnregisterTerrainChunkMsg	155	javelin_rtti_static	STRUCTURALLY_CONSISTENT		0x14a148f80	.data	OK	0x14a148f70	.data	OK	0x1414f89a0	.text	OK	0x148012f58	.rdata	OK	0x1414f8910	.text	OK	0x14170b120	.text	OK
Aoi::PhysicsTrait::RequestTerrainLoadingMsg	1881	javelin_rtti_static	STRUCTURALLY_CONSISTENT		0x14a148de0	.data	OK	0x14a148dd0	.data	OK	0x1414fa260	.text	OK	0x148013668	.rdata	OK	0x1414fa1d0	.text	OK	0x1416fbb20	.text	OK
Aoi::PhysicsTrait::UpdateTerrainChunksMsg	1882	javelin_rtti_static	STRUCTURALLY_CONSISTENT		0x14a148c40	.data	OK	0x14a148c30	.data	OK	0x1414fb770	.text	OK	0x148013f40	.rdata	OK	0x1414fb6e0	.text	OK	0x14170cd20	.text	OK
Aoi::PhysicsTrait::RegisterAoiObservableMsg	853	javelin_rtti_static	STRUCTURALLY_CONSISTENT		0x14a1489c0	.data	OK	0x14a1489b0	.data	OK	0x1414fce80	.text	OK	0x148014678	.rdata	OK	0x1414fcde0	.text	OK	0x1416f3d20	.text	OK
Aoi::PhysicsTrait::MoveAoiObservableMsg	1464	javelin_rtti_static	STRUCTURALLY_CONSISTENT		0x14a148790	.data	OK	0x14a148780	.data	OK	0x141501280	.text	OK	0x148015f40	.rdata	OK	0x1415011e0	.text	OK	0x1416e0f20	.text	OK
Aoi::PhysicsTrait::UpdateMetadataAoiObservableMsg	5271	javelin_rtti_static	STRUCTURALLY_CONSISTENT		0x14a148550	.data	OK	0x14a148540	.data	OK	0x1415028f0	.text	OK	0x148016e10	.rdata	OK	0x141502860	.text	OK	0x14170c120	.text	OK
Aoi::PhysicsTrait::ResizeAoiObservableMsg	1444	javelin_rtti_static	STRUCTURALLY_CONSISTENT		0x14a148340	.data	OK	0x14a148330	.data	OK	0x141504930	.text	OK	0x148017810	.rdata	OK	0x1415047b0	.text	OK	0x1416fbd20	.text	OK
Aoi::PhysicsTrait::LegacyRegisterAoiObserverMsg	1885	javelin_rtti_static	STRUCTURALLY_CONSISTENT		0x14a1480d0	.data	OK	0x14a1480c0	.data	OK	0x141505ea0	.text	OK	0x148018360	.rdata	OK	0x141505c50	.text	OK	0x1416de720	.text	OK
Aoi::PhysicsTrait::LegacyUnregisterAoiObserverMsg	274	javelin_rtti_static	STRUCTURALLY_CONSISTENT		0x14a147e30	.data	OK	0x14a147e20	.data	OK	0x141507110	.text	OK	0x148018b20	.rdata	OK	0x141507080	.text	OK	0x1416def20	.text	OK
Aoi::PhysicsTrait::LegacyMoveAoiObserverMsg	1890	javelin_rtti_static	STRUCTURALLY_CONSISTENT		0x14a147bd0	.data	OK	0x14a147bc0	.data	OK	0x141508a90	.text	OK	0x1480194a0	.rdata	OK	0x141508a00	.text	OK	0x1416de320	.text	OK
Aoi::PhysicsTrait::LegacyResizeAoiObserverMsg	1834	javelin_rtti_static	STRUCTURALLY_CONSISTENT		0x14a1479f0	.data	OK	0x14a1479e0	.data	OK	0x141509c80	.text	OK	0x148019a68	.rdata	OK	0x141509bf0	.text	OK	0x1416deb20	.text	OK
Aoi::PhysicsTrait::RegisterAoiObserverMsg	6175	javelin_rtti_static	STRUCTURALLY_CONSISTENT		0x14a1477b0	.data	OK	0x14a1477a0	.data	OK	0x14150b6f0	.text	OK	0x14801a758	.rdata	OK	0x14150b660	.text	OK	0x1416f3f20	.text	OK
Aoi::PhysicsTrait::UnregisterAoiObserverMsg	6178	javelin_rtti_static	STRUCTURALLY_CONSISTENT		0x14a147590	.data	OK	0x14a147580	.data	OK	0x14150d4a0	.text	OK	0x14801b018	.rdata	OK	0x14150d410	.text	OK	0x141709d20	.text	OK
Aoi::PhysicsTrait::MoveAoiObserverMsg	6176	javelin_rtti_static	STRUCTURALLY_CONSISTENT		0x14a1473e0	.data	OK	0x14a1473d0	.data	OK	0x14150fa40	.text	OK	0x14801bd88	.rdata	OK	0x14150f890	.text	OK	0x1416e1120	.text	OK
Aoi::PhysicsTrait::ResizeAoiObserverMsg	6179	javelin_rtti_static	STRUCTURALLY_CONSISTENT		0x14a147260	.data	OK	0x14a147250	.data	OK	0x141511ff0	.text	OK	0x14801c5f0	.rdata	OK	0x141511f60	.text	OK	0x1416fbf20	.text	OK
Aoi::PhysicsTrait::RegisterDetectableMsg	6177	javelin_rtti_static	STRUCTURALLY_CONSISTENT		0x14a1470e0	.data	OK	0x14a1470d0	.data	OK	0x141513d60	.text	OK	0x14801d300	.rdata	OK	0x141513ba0	.text	OK	0x1416f4920	.text	OK
Aoi::PhysicsTrait::UnregisterDetectableMsg	1899	javelin_rtti_static	STRUCTURALLY_CONSISTENT		0x14a146f60	.data	OK	0x14a146f50	.data	OK	0x141515f00	.text	OK	0x14801dd70	.rdata	OK	0x141515cd0	.text	OK	0x14170a320	.text	OK
Aoi::PhysicsTrait::MoveDetectableMsg	1900	javelin_rtti_static	STRUCTURALLY_CONSISTENT		0x14a146d60	.data	OK	0x14a146d50	.data	OK	0x141518150	.text	OK	0x14801e548	.rdata	OK	0x1415180a0	.text	OK	0x1416e1320	.text	OK
Aoi::PhysicsTrait::ResizeDetectableMsg	1869	javelin_rtti_static	STRUCTURALLY_CONSISTENT		0x14a146bf0	.data	OK	0x14a146be0	.data	OK	0x14151a550	.text	OK	0x14801ed88	.rdata	OK	0x14151a4c0	.text	OK	0x1416fc120	.text	OK
Aoi::PhysicsTrait::MoveAndResizeDetectableMsg	1903	javelin_rtti_static	STRUCTURALLY_CONSISTENT		0x14a146990	.data	OK	0x14a146980	.data	OK	0x14151c1e0	.text	OK	0x14801f848	.rdata	OK	0x14151c0e0	.text	OK	0x1416e0b20	.text	OK
Aoi::PhysicsTrait::LegacyRegisterDetectorMsg	984	javelin_rtti_static	STRUCTURALLY_CONSISTENT		0x14a146790	.data	OK	0x14a146780	.data	OK	0x14151e6a0	.text	OK	0x148020560	.rdata	OK	0x14151e610	.text	OK	0x1416de920	.text	OK
Aoi::PhysicsTrait::LegacyUnregisterDetectorMsg	1906	javelin_rtti_static	STRUCTURALLY_CONSISTENT		0x14a1465f0	.data	OK	0x14a1465e0	.data	OK	0x1415203f0	.text	OK	0x148020ec8	.rdata	OK	0x141520340	.text	OK	0x1416df120	.text	OK
Aoi::PhysicsTrait::LegacyMoveDetectorMsg	1909	javelin_rtti_static	STRUCTURALLY_CONSISTENT		0x14a1463e0	.data	OK	0x14a1463d0	.data	OK	0x141521e30	.text	OK	0x1480214f0	.rdata	OK	0x141521da0	.text	OK	0x1416de520	.text	OK
Aoi::PhysicsTrait::LegacyResizeDetectorMsg	144	javelin_rtti_static	STRUCTURALLY_CONSISTENT		0x14a146250	.data	OK	0x14a146240	.data	OK	0x1415241d0	.text	OK	0x148022098	.rdata	OK	0x141524140	.text	OK	0x1416ded20	.text	OK
Aoi::PhysicsTrait::LegacyMoveAndResizeDetectorMsg	800	javelin_rtti_static	STRUCTURALLY_CONSISTENT		0x14a146050	.data	OK	0x14a146040	.data	OK	0x141526730	.text	OK	0x148022d40	.rdata	OK	0x1415265d0	.text	OK	0x1416de120	.text	OK
Aoi::PhysicsTrait::RegisterDetectorMsg	6073	javelin_rtti_static	STRUCTURALLY_CONSISTENT		0x14a145eb0	.data	OK	0x14a145ea0	.data	OK	0x1415286c0	.text	OK	0x1480235a8	.rdata	OK	0x141528630	.text	OK	0x1416f4b20	.text	OK
Aoi::PhysicsTrait::UnregisterDetectorMsg	6074	javelin_rtti_static	STRUCTURALLY_CONSISTENT		0x14a145ca0	.data	OK	0x14a145c90	.data	OK	0x14152aa60	.text	OK	0x148023f70	.rdata	OK	0x14152a980	.text	OK	0x14170a520	.text	OK
Aoi::PhysicsTrait::MoveDetectorMsg	6075	javelin_rtti_static	STRUCTURALLY_CONSISTENT		0x14a145a10	.data	OK	0x14a145a00	.data	OK	0x14152ca50	.text	OK	0x1480248b0	.rdata	OK	0x14152c9c0	.text	OK	0x1416e1520	.text	OK
Aoi::PhysicsTrait::ResizeDetectorMsg	6072	javelin_rtti_static	STRUCTURALLY_CONSISTENT		0x14a145720	.data	OK	0x14a145710	.data	OK	0x14152e8b0	.text	OK	0x1480252b0	.rdata	OK	0x14152e820	.text	OK	0x1416fc320	.text	OK
Aoi::PhysicsTrait::MoveAndResizeDetectorMsg	6076	javelin_rtti_static	STRUCTURALLY_CONSISTENT		0x14a145470	.data	OK	0x14a145460	.data	OK	0x141530590	.text	OK	0x148025a58	.rdata	OK	0x141530500	.text	OK	0x1416e0d20	.text	OK
Aoi::PhysicsTrait::OnActorStatusChangedMsg	1910	javelin_rtti_static	STRUCTURALLY_CONSISTENT		0x14a15a8e0	.data	OK	0x14a15a8d0	.data	OK	0x1415323f0	.text	OK	0x148026588	.rdata	OK	0x141532350	.text	OK	0x1416e2720	.text	OK
Aoi::PhysicsStatusListener	1911	javelin_rtti_static	STRUCTURALLY_CONSISTENT		0x14a15a5f0	.data	OK	0x14a15a5e0	.data	OK	0x141534020	.text	OK	0x148026f70	.rdata	OK	0x141533f20	.text	OK	0x1416ead20	.text	OK
Aoi::PhysicsStatusListener::State	240	javelin_rtti_static	STRUCTURALLY_CONSISTENT		0x14a15a3d0	.data	OK	0x14a15a3c0	.data	OK	0x141535ea0	.text	OK	0x148027850	.rdata	OK	0x141535c30	.text	OK	0x141704120	.text	OK
Aoi::PhysicsStatusListener::GridLoadUpdateMsg	1912	javelin_rtti_static	STRUCTURALLY_CONSISTENT		0x14a15a150	.data	OK	0x14a15a140	.data	OK	0x141538410	.text	OK	0x148028198	.rdata	OK	0x141538380	.text	OK	0x1416d3520	.text	OK
Aoi::TerrainReadinessListener	1913	javelin_rtti_static	STRUCTURALLY_CONSISTENT		0x14a159fb0	.data	OK	0x14a159fa0	.data	OK	0x14153a850	.text	OK	0x148028b30	.rdata	OK	0x14153a700	.text	OK	0x141707320	.text	OK
Aoi::TerrainReadinessListener::State	1916	javelin_rtti_static	STRUCTURALLY_CONSISTENT		0x14a159e00	.data	OK	0x14a159df0	.data	OK	0x14153bf40	.text	OK	0x1480291a8	.rdata	OK	0x14153beb0	.text	OK	0x141706520	.text	OK
Aoi::TerrainReadinessListener::OnTerrainReadyMsg	678	javelin_rtti_static	STRUCTURALLY_CONSISTENT		0x14a159b60	.data	OK	0x14a159b50	.data	OK	0x14153d9b0	.text	OK	0x148029a80	.rdata	OK	0x14153d920	.text	OK	0x1416e8320	.text	OK
Aoi::GridActor	1341	javelin_rtti_static	STRUCTURALLY_CONSISTENT		0x14a159840	.data	OK	0x14a159830	.data	OK	0x14153f8f0	.text	OK	0x14802a690	.rdata	OK	0x14153f860	.text	OK	0x1416d2320	.text	OK
Aoi::GridActor::InitMsg	1575	javelin_rtti_static	STRUCTURALLY_CONSISTENT		0x14a159470	.data	OK	0x14a159460	.data	OK	0x141544840	.text	OK	0x14802be70	.rdata	OK	0x141544790	.text	OK	0x1416da920	.text	OK
Aoi::GridManagerPublic	372	javelin_rtti_static	STRUCTURALLY_CONSISTENT		0x14a158b00	.data	OK	0x14a158af0	.data	OK	0x1414c3690	.text	OK	0x1480034b8	.rdata	OK	0x1414c35c0	.text	OK	0x1416d3920	.text	OK
Aoi::GridManagerPublic::State	214	javelin_rtti_static	STRUCTURALLY_CONSISTENT		0x14a158980	.data	OK	0x14a158970	.data	OK	0x1414c51e0	.text	OK	0x148003bf8	.rdata	OK	0x1414c50c0	.text	OK	0x141702120	.text	OK
Aoi::GridManagerPublicDynamic	1917	javelin_rtti_static	STRUCTURALLY_CONSISTENT		0x14a158760	.data	OK	0x14a158750	.data	OK	0x1414c6760	.text	OK	0x1480045f8	.rdata	OK	0x1414c6680	.text	OK	0x1416d3b20	.text	OK
Aoi::GridManagerPublicDynamic::State	1922	javelin_rtti_static	STRUCTURALLY_CONSISTENT		0x14a1584e0	.data	OK	0x14a1584d0	.data	OK	0x1414c8ef0	.text	OK	0x148004e80	.rdata	OK	0x1414c8e60	.text	OK	0x141702320	.text	OK
Aoi::GridManagerPublic::OnPeerChangedMsg	1923	javelin_rtti_static	STRUCTURALLY_CONSISTENT		0x14a1582e0	.data	OK	0x14a1582d0	.data	OK	0x1414cb4d0	.text	OK	0x148005b00	.rdata	OK	0x1414cb310	.text	OK	0x1416e6120	.text	OK
Aoi::GridManagerPublic::OnGlobalAoiChangedMsg	1928	javelin_rtti_static	STRUCTURALLY_CONSISTENT		0x14a158040	.data	OK	0x14a158030	.data	OK	0x1414cdb10	.text	OK	0x148006760	.rdata	OK	0x1414cda50	.text	OK	0x1416e3d20	.text	OK
Aoi::GridManagerPublic::HubConnectionChangedMsg	647	javelin_rtti_static	STRUCTURALLY_CONSISTENT		0x14a157e90	.data	OK	0x14a157e80	.data	OK	0x1414d0d70	.text	OK	0x148007398	.rdata	OK	0x1414d0ce0	.text	OK	0x1416d6b20	.text	OK
Aoi::GridManagerPublic::OnGameplayReadyMsg	77	javelin_rtti_static	STRUCTURALLY_CONSISTENT		0x14a157cf0	.data	OK	0x14a157ce0	.data	OK	0x1414d3520	.text	OK	0x148008280	.rdata	OK	0x1414d3490	.text	OK	0x1416e3520	.text	OK
Aoi::GridManagerPublic::OnNavAOIActorCreatedMsg	356	javelin_rtti_static	STRUCTURALLY_CONSISTENT		0x14a157b40	.data	OK	0x14a157b30	.data	OK	0x1414d5270	.text	OK	0x148008bf0	.rdata	OK	0x1414d51d0	.text	OK	0x1416e5920	.text	OK
Aoi::GridManagerPublic::DebugDumpLayoutMsg	1930	javelin_rtti_static	STRUCTURALLY_CONSISTENT		0x14a157930	.data	OK	0x14a157920	.data	OK	0x1414d77b0	.text	OK	0x148009720	.rdata	OK	0x1414d7720	.text	OK	0x1416c8b20	.text	OK
Aoi::GridManagerPublic::DebugDumpLoadMsg	1934	javelin_rtti_static	STRUCTURALLY_CONSISTENT		0x14a1576f0	.data	OK	0x14a1576e0	.data	OK	0x1414dbda0	.text	OK	0x14800a608	.rdata	OK	0x1414dbb00	.text	OK	0x1416c8d20	.text	OK
Aoi::GridManagerPublicDynamic::AddGridLayerMsg	1787	javelin_rtti_static	STRUCTURALLY_CONSISTENT		0x14a157440	.data	OK	0x14a157430	.data	OK	0x1414de400	.text	OK	0x14800b120	.rdata	OK	0x1414de2a0	.text	OK	0x1416c2720	.text	OK
Aoi::GridManagerPublicDynamic::RemoveGridLayerMsg	1941	javelin_rtti_static	STRUCTURALLY_CONSISTENT		0x14a157180	.data	OK	0x14a157170	.data	OK	0x1414e15a0	.text	OK	0x14800be68	.rdata	OK	0x1414e14a0	.text	OK	0x1416f6d20	.text	OK
Aoi::GridManagerActor	1946	javelin_rtti_static	STRUCTURALLY_CONSISTENT		0x14a156f60	.data	OK	0x14a156f50	.data	OK	0x1414e3a70	.text	OK	0x14800c778	.rdata	OK	0x1414e39e0	.text	OK	0x1416d3720	.text	OK
Aoi::GridManagerActor::InitMsg	693	javelin_rtti_static	STRUCTURALLY_CONSISTENT		0x14a156a10	.data	OK	0x14a156a00	.data	OK	0x1414eb530	.text	OK	0x14800e598	.rdata	OK	0x1414eb4a0	.text	OK	0x1416dab20	.text	OK
Aoi::PhasingGridCoordinatorTrait	6164	javelin_rtti_static	STRUCTURALLY_CONSISTENT		0x14a155ba0	.data	OK	0x14a155b90	.data	OK	0x1415079f0	.text	OK	0x148018e78	.rdata	OK	0x1415078f0	.text	OK	0x1416ea920	.text	OK
Aoi::PhasingGridCoordinatorTrait::State	6166	javelin_rtti_static	STRUCTURALLY_CONSISTENT		0x14a155a30	.data	OK	0x14a155a20	.data	OK	0x141509290	.text	OK	0x1480197b8	.rdata	OK	0x141509200	.text	OK	0x141703d20	.text	OK
Aoi::PhasingGridCoordinatorTrait::RequestEnterSectorMsg	6167	javelin_rtti_static	STRUCTURALLY_CONSISTENT		0x14a155710	.data	OK	0x14a155700	.data	OK	0x14150c100	.text	OK	0x14801a968	.rdata	OK	0x14150c040	.text	OK	0x1416f8920	.text	OK
Aoi::PhasingGridCoordinatorTrait::RequestExitSectorMsg	6162	javelin_rtti_static	STRUCTURALLY_CONSISTENT		0x14a155590	.data	OK	0x14a155580	.data	OK	0x14150e270	.text	OK	0x14801b390	.rdata	OK	0x14150e140	.text	OK	0x1416f8b20	.text	OK
Aoi::PhasingGridCoordinatorTrait::RequestSectorSelectionMsg	6741	javelin_rtti_static	STRUCTURALLY_CONSISTENT		0x14a1553c0	.data	OK	0x14a1553b0	.data	OK	0x141510a30	.text	OK	0x14801c188	.rdata	OK	0x141510990	.text	OK	0x1416fad20	.text	OK
Aoi::PhasingGridCoordinatorTrait::DebugJoinPhaseMsg	6447	javelin_rtti_static	STRUCTURALLY_CONSISTENT		0x14a1552b0	.data	OK	0x14a1552a0	.data	OK	0x1415132c0	.text	OK	0x14801d108	.rdata	OK	0x1415131a0	.text	OK	0x1416c9320	.text	OK
Aoi::PhasingGridCoordinatorTrait::QueuePhaseStartupMsg	6604	javelin_rtti_static	STRUCTURALLY_CONSISTENT		0x14a155150	.data	OK	0x14a155140	.data	OK	0x1415154a0	.text	OK	0x14801db50	.rdata	OK	0x141515410	.text	OK	0x1416f1d20	.text	OK
Aoi::PhasingGridCoordinatorTrait::DequeuePhaseStartupMsg	6602	javelin_rtti_static	STRUCTURALLY_CONSISTENT		0x14a154fc0	.data	OK	0x14a154fb0	.data	OK	0x1415177d0	.text	OK	0x14801e170	.rdata	OK	0x1415176d0	.text	OK	0x1416cbb20	.text	OK
Aoi::PhasingGridCoordinatorTrait::PhaseReadyMsg	6168	javelin_rtti_static	STRUCTURALLY_CONSISTENT		0x14a154eb0	.data	OK	0x14a154ea0	.data	OK	0x141519650	.text	OK	0x14801ea80	.rdata	OK	0x141519580	.text	OK	0x1416ea720	.text	OK
Aoi::PhasingGridCoordinatorTrait::ExtendPhaseLifetimeMsg	6422	javelin_rtti_static	STRUCTURALLY_CONSISTENT		0x14a154d20	.data	OK	0x14a154d10	.data	OK	0x14151be00	.text	OK	0x14801f6d0	.rdata	OK	0x14151bd70	.text	OK	0x1416ce120	.text	OK
Aoi::PhasingGridCoordinatorTrait::SocialChangeMsg	6369	javelin_rtti_static	STRUCTURALLY_CONSISTENT		0x14a154b90	.data	OK	0x14a154b80	.data	OK	0x14151dc90	.text	OK	0x1480201d8	.rdata	OK	0x14151da20	.text	OK	0x1416fe920	.text	OK
Aoi::PhasingGridCoordinatorTrait::RequestJoinCharacterPhaseMsg	6384	javelin_rtti_static	STRUCTURALLY_CONSISTENT		0x14a1548e0	.data	OK	0x14a1548d0	.data	OK	0x14151f930	.text	OK	0x148020b68	.rdata	OK	0x14151f7c0	.text	OK	0x1416f9120	.text	OK
Aoi::PhasingGridCoordinatorTrait::RequestPlayersPhaseIdMsg	6449	javelin_rtti_static	STRUCTURALLY_CONSISTENT		0x14a154690	.data	OK	0x14a154680	.data	OK	0x1415218a0	.text	OK	0x1480213a0	.rdata	OK	0x141521800	.text	OK	0x1416f9b20	.text	OK
Aoi::PhasingGridCoordinatorTrait::NotifyCanEarlyRelocateMsg	6390	javelin_rtti_static	STRUCTURALLY_CONSISTENT		0x14a154460	.data	OK	0x14a154450	.data	OK	0x141524130	.text	OK	0x148022068	.rdata	OK	0x1415240a0	.text	OK	0x1416e2120	.text	OK
Aoi::PhasingGridCoordinatorTrait::RequestReassignmentMsg	6511	javelin_rtti_static	STRUCTURALLY_CONSISTENT		0x14a154220	.data	OK	0x14a154210	.data	OK	0x141525df0	.text	OK	0x148022bb0	.rdata	OK	0x141525d00	.text	OK	0x1416fa120	.text	OK
Aoi::PhasingGridCoordinatorTrait::SubscribePhaseStatusMsg	6430	javelin_rtti_static	STRUCTURALLY_CONSISTENT		0x14a154070	.data	OK	0x14a154060	.data	OK	0x141528580	.text	OK	0x148023578	.rdata	OK	0x1415284d0	.text	OK	0x141706b20	.text	OK
Aoi::PhasingGridCoordinatorTrait::UnsubscribePhaseStatusMsg	6432	javelin_rtti_static	STRUCTURALLY_CONSISTENT		0x14a153eb0	.data	OK	0x14a153ea0	.data	OK	0x14152a4b0	.text	OK	0x148023d58	.rdata	OK	0x14152a420	.text	OK	0x14170b320	.text	OK
Aoi::PhasingGridCoordinatorTrait::AddOmnipresentToGridMsg	6472	javelin_rtti_static	STRUCTURALLY_CONSISTENT		0x14a153c20	.data	OK	0x14a153c10	.data	OK	0x14152c070	.text	OK	0x148024578	.rdata	OK	0x14152bfc0	.text	OK	0x1416c2920	.text	OK
Aoi::PhasingGridCoordinatorTrait::RemoveOmnipresentFromGridMsg	6474	javelin_rtti_static	STRUCTURALLY_CONSISTENT		0x14a153a10	.data	OK	0x14a153a00	.data	OK	0x14152df60	.text	OK	0x148025018	.rdata	OK	0x14152de70	.text	OK	0x1416f6f20	.text	OK
Aoi::PhasingGridCoordinatorTrait::GridAddedAckMsg	6475	javelin_rtti_static	STRUCTURALLY_CONSISTENT		0x14a153790	.data	OK	0x14a153780	.data	OK	0x14152fd60	.text	OK	0x1480257b8	.rdata	OK	0x14152fcd0	.text	OK	0x1416d2d20	.text	OK
Aoi::PhasingGridCoordinatorTrait::DebugCondemnPhaseMsg	6540	javelin_rtti_static	STRUCTURALLY_CONSISTENT		0x14a153510	.data	OK	0x14a153500	.data	OK	0x141531620	.text	OK	0x1480261d8	.rdata	OK	0x141531590	.text	OK	0x1416c8720	.text	OK
Aoi::PhasingGridCoordinatorTrait::RelocatePhaseMsg	6881	javelin_rtti_static	STRUCTURALLY_CONSISTENT		0x14a1532b0	.data	OK	0x14a1532a0	.data	OK	0x141533710	.text	OK	0x148026c60	.rdata	OK	0x141533680	.text	OK	0x1416f6320	.text	OK
Aoi::PhasingGridCoordinatorTrait::GetBasePhaseInfoMsg	6905	javelin_rtti_static	STRUCTURALLY_CONSISTENT		0x14a1530b0	.data	OK	0x14a1530a0	.data	OK	0x1415352c0	.text	OK	0x1480275e0	.rdata	OK	0x141535230	.text	OK	0x1416cfd20	.text	OK
Aoi::PhasingGridCoordinatorTrait::LockPhaseCostMsg	6911	javelin_rtti_static	STRUCTURALLY_CONSISTENT		0x14a152e20	.data	OK	0x14a152e10	.data	OK	0x141537c20	.text	OK	0x148027fb8	.rdata	OK	0x141537b80	.text	OK	0x1416df920	.text	OK
Aoi::PhasingGridCoordinatorTrait::UnlockPhaseCostMsg	6925	javelin_rtti_static	STRUCTURALLY_CONSISTENT		0x14a152bb0	.data	OK	0x14a152ba0	.data	OK	0x14153a360	.text	OK	0x1480289a0	.rdata	OK	0x14153a2c0	.text	OK	0x141709920	.text	OK
Aoi::PhasingGridResponsesTrait	6907	javelin_rtti_static	STRUCTURALLY_CONSISTENT		0x14a152990	.data	OK	0x14a152980	.data	OK	0x14153bde0	.text	OK	0x148029178	.rdata	OK	0x14153bd50	.text	OK	0x1416eab20	.text	OK
Aoi::PhasingGridResponsesTrait::State	6908	javelin_rtti_static	STRUCTURALLY_CONSISTENT		0x14a1527f0	.data	OK	0x14a1527e0	.data	OK	0x14153d7f0	.text	OK	0x148029958	.rdata	OK	0x14153d760	.text	OK	0x141703f20	.text	OK
Aoi::PhasingGridResponsesTrait::OnBasePhaseInfoMsg	6906	javelin_rtti_static	STRUCTURALLY_CONSISTENT		0x14a152660	.data	OK	0x14a152650	.data	OK	0x14153f570	.text	OK	0x14802a548	.rdata	OK	0x14153f4d0	.text	OK	0x1416e2920	.text	OK
Aoi::PlayerSpawnPointRequestTrait	790	javelin_rtti_static	STRUCTURALLY_CONSISTENT		0x14a152080	.data	OK	0x14a152070	.data	OK	0x1414dd930	.text	OK	0x14800ace8	.rdata	OK	0x1414dd800	.text	OK	0x1416ec720	.text	OK
Aoi::PlayerSpawnPointRequestTrait::State	1392	javelin_rtti_static	STRUCTURALLY_CONSISTENT		0x14a151db0	.data	OK	0x14a151da0	.data	OK	0x1414e0330	.text	OK	0x14800b7a8	.rdata	OK	0x1414e02a0	.text	OK	0x141704f20	.text	OK
Aoi::PlayerSpawnPointResponseTrait	1301	javelin_rtti_static	STRUCTURALLY_CONSISTENT		0x14a151b60	.data	OK	0x14a151b50	.data	OK	0x1414e25c0	.text	OK	0x14800c1a8	.rdata	OK	0x1414e2520	.text	OK	0x1416ec920	.text	OK
Aoi::PlayerSpawnPointRequestTrait::RequestPlayerSpawnPointMsg	527	javelin_rtti_static	STRUCTURALLY_CONSISTENT		0x14a1516a0	.data	OK	0x14a151690	.data	OK	0x1414e9640	.text	OK	0x14800db88	.rdata	OK	0x1414e94d0	.text	OK	0x1416f9920	.text	OK
Aoi::PlayerSpawnPointRequestTrait::RequestFtueInstanceCreationMsg	682	javelin_rtti_static	STRUCTURALLY_CONSISTENT		0x14a151430	.data	OK	0x14a151420	.data	OK	0x1414eb940	.text	OK	0x14800e748	.rdata	OK	0x1414eb870	.text	OK	0x1416f8d20	.text	OK
Aoi::PlayerSpawnPointResponseTrait::ReceivePlayerSpawnPointSuccessMsg	1781	javelin_rtti_static	STRUCTURALLY_CONSISTENT		0x14a1511d0	.data	OK	0x14a1511c0	.data	OK	0x1414eec40	.text	OK	0x14800f0c0	.rdata	OK	0x1414eeba0	.text	OK	0x1416f3520	.text	OK
Aoi::PlayerSpawnPointResponseTrait::ReceivePlayerSpawnPointFailureMsg	614	javelin_rtti_static	STRUCTURALLY_CONSISTENT		0x14a151030	.data	OK	0x14a151020	.data	OK	0x1414f0cd0	.text	OK	0x14800fc78	.rdata	OK	0x1414f0c00	.text	OK	0x1416f3120	.text	OK
Aoi::PlayerSpawnPointResponseTrait::ResponseFtueInstanceCreationMsg	1782	javelin_rtti_static	STRUCTURALLY_CONSISTENT		0x14a150f00	.data	OK	0x14a150ef0	.data	OK	0x1414f3b70	.text	OK	0x148010ef8	.rdata	OK	0x1414f3ac0	.text	OK	0x1416fc520	.text	OK
Aoi::SectorDataNotifierTrait	6661	javelin_rtti_static	STRUCTURALLY_CONSISTENT		0x14a150a20	.data	OK	0x14a150a10	.data	OK	0x141505bc0	.text	OK	0x148018248	.rdata	OK	0x141505b30	.text	OK	0x1416fe120	.text	OK
Aoi::SectorDataNotifierTrait::State	6662	javelin_rtti_static	STRUCTURALLY_CONSISTENT		0x14a1507b0	.data	OK	0x14a1507a0	.data	OK	0x141506ed0	.text	OK	0x148018970	.rdata	OK	0x141506e20	.text	OK	0x141705920	.text	OK
Aoi::SectorDataNotifierTrait::OnSectorDataReloadedMsg	6663	javelin_rtti_static	STRUCTURALLY_CONSISTENT		0x14a150580	.data	OK	0x14a150570	.data	OK	0x1415084c0	.text	OK	0x148019158	.rdata	OK	0x141508430	.text	OK	0x1416e7b20	.text	OK
Aoi::SpawnPointRequestTrait	1947	javelin_rtti_static	STRUCTURALLY_CONSISTENT		0x14a1503b0	.data	OK	0x14a1503a0	.data	OK	0x141509a80	.text	OK	0x148019a08	.rdata	OK	0x1415099f0	.text	OK	0x1416fef20	.text	OK
Aoi::SpawnPointRequestTrait::State	279	javelin_rtti_static	STRUCTURALLY_CONSISTENT		0x14a150230	.data	OK	0x14a150220	.data	OK	0x14150b130	.text	OK	0x14801a540	.rdata	OK	0x14150b090	.text	OK	0x141705b20	.text	OK
Aoi::SpawnPointResponseTrait	355	javelin_rtti_static	STRUCTURALLY_CONSISTENT		0x14a1500b0	.data	OK	0x14a1500a0	.data	OK	0x14150cda0	.text	OK	0x14801ae28	.rdata	OK	0x14150cd10	.text	OK	0x1416ff120	.text	OK
Aoi::SpawnPointResponseTrait::State	1950	javelin_rtti_static	STRUCTURALLY_CONSISTENT		0x14a14fe40	.data	OK	0x14a14fe30	.data	OK	0x14150ea40	.text	OK	0x14801b610	.rdata	OK	0x14150e9a0	.text	OK	0x141705d20	.text	OK
Aoi::SpawnPointRequestTrait::SubscribeToSpawnPointChangeMsg	1952	javelin_rtti_static	STRUCTURALLY_CONSISTENT		0x14a14fb90	.data	OK	0x14a14fb80	.data	OK	0x141511180	.text	OK	0x14801c2f0	.rdata	OK	0x1415110f0	.text	OK	0x141706d20	.text	OK
Aoi::SpawnPointRequestTrait::RequestRandomSpawnPointMsg	1953	javelin_rtti_static	STRUCTURALLY_CONSISTENT		0x14a14f920	.data	OK	0x14a14f910	.data	OK	0x141512f00	.text	OK	0x14801cf78	.rdata	OK	0x141512e70	.text	OK	0x1416f9f20	.text	OK
Aoi::SpawnPointRequestTrait::RegisterLocationBoundsMsg	1955	javelin_rtti_static	STRUCTURALLY_CONSISTENT		0x14a14f6a0	.data	OK	0x14a14f690	.data	OK	0x141514c50	.text	OK	0x14801d9a0	.rdata	OK	0x141514b10	.text	OK	0x1416f5520	.text	OK
Aoi::SpawnPointRequestTrait::SignalIfReadyMsg	5394	javelin_rtti_static	STRUCTURALLY_CONSISTENT		0x14a14f3d0	.data	OK	0x14a14f3c0	.data	OK	0x141517490	.text	OK	0x14801e0f8	.rdata	OK	0x141517400	.text	OK	0x1416fe520	.text	OK
Aoi::SpawnPointResponseTrait::ReceiveSpawnPointsMsg	1203	javelin_rtti_static	STRUCTURALLY_CONSISTENT		0x14a14f140	.data	OK	0x14a14f130	.data	OK	0x141518fd0	.text	OK	0x14801e9a8	.rdata	OK	0x141518f20	.text	OK	0x1416f3920	.text	OK
Aoi::SpawnPointResponseTrait::ReceiveSpawnPointMsg	1958	javelin_rtti_static	STRUCTURALLY_CONSISTENT		0x14a14ee70	.data	OK	0x14a14ee60	.data	OK	0x14151b530	.text	OK	0x14801f318	.rdata	OK	0x14151b440	.text	OK	0x1416f3720	.text	OK
Aoi::TerrainCollisionMeshProducerTrait	244	javelin_rtti_static	STRUCTURALLY_CONSISTENT		0x14a14ebd0	.data	OK	0x14a14ebc0	.data	OK	0x14151d530	.text	OK	0x1480200d0	.rdata	OK	0x14151d4a0	.text	OK	0x141707120	.text	OK
Aoi::TerrainCollisionMeshProducerTrait::State	1961	javelin_rtti_static	STRUCTURALLY_CONSISTENT		0x14a14e960	.data	OK	0x14a14e950	.data	OK	0x14151f1a0	.text	OK	0x148020980	.rdata	OK	0x14151f110	.text	OK	0x141706320	.text	OK
Aoi::TerrainCollisionMeshProducerTrait::RequestMeshesMsg	1678	javelin_rtti_static	STRUCTURALLY_CONSISTENT		0x14a14e680	.data	OK	0x14a14e670	.data	OK	0x1415208f0	.text	OK	0x148021080	.rdata	OK	0x141520860	.text	OK	0x1416f9520	.text	OK
Javelin::DungeonMasterTrait	1548	javelin_rtti_static	STRUCTURALLY_CONSISTENT		0x14a14cfb0	.data	OK	0x14a14cfa0	.data	OK	0x14153a070	.text	OK	0x1480288d8	.rdata	OK	0x141539fe0	.text	OK	0x1416cc920	.text	OK
Javelin::DungeonMasterTrait::State	1964	javelin_rtti_static	STRUCTURALLY_CONSISTENT		0x14a14cdd0	.data	OK	0x14a14cdc0	.data	OK	0x14153b6a0	.text	OK	0x148028f80	.rdata	OK	0x14153b600	.text	OK	0x141701320	.text	OK
Javelin::DungeonMasterTrait::PlayerJoinMsg	1540	javelin_rtti_static	STRUCTURALLY_CONSISTENT		0x14a14c9e0	.data	OK	0x14a14c9d0	.data	OK	0x14153e960	.text	OK	0x14802a228	.rdata	OK	0x14153e8d0	.text	OK	0x1416eb320	.text	OK
Javelin::DungeonMasterTrait::PlayerQuitMsg	1350	javelin_rtti_static	STRUCTURALLY_CONSISTENT		0x14a14c730	.data	OK	0x14a14c720	.data	OK	0x141540c30	.text	OK	0x14802ac28	.rdata	OK	0x141540b90	.text	OK	0x1416ec320	.text	OK
Javelin::DungeonMasterTrait::OnPlayerUnteleportMsg	1970	javelin_rtti_static	STRUCTURALLY_CONSISTENT		0x14a14c3a0	.data	OK	0x14a14c390	.data	OK	0x141543750	.text	OK	0x14802b8d8	.rdata	OK	0x141543670	.text	OK	0x1416e6f20	.text	OK
Javelin::DungeonMasterTrait::RegisterOutOfBandPlayerJoinMsg	760	javelin_rtti_static	STRUCTURALLY_CONSISTENT		0x14a14c080	.data	OK	0x14a14c070	.data	OK	0x1415455b0	.text	OK	0x14802c300	.rdata	OK	0x141545500	.text	OK	0x1416f5720	.text	OK
Javelin::DungeonMasterTrait::RegisterChildActorMsg	1976	javelin_rtti_static	STRUCTURALLY_CONSISTENT		0x14a14bee0	.data	OK	0x14a14bed0	.data	OK	0x1415471f0	.text	OK	0x14802caa8	.rdata	OK	0x141547120	.text	OK	0x1416f4520	.text	OK
Javelin::DungeonMasterTrait::UnregisterChildActorMsg	1979	javelin_rtti_static	STRUCTURALLY_CONSISTENT		0x14a14bc20	.data	OK	0x14a14bc10	.data	OK	0x141548b20	.text	OK	0x14802d170	.rdata	OK	0x141548a40	.text	OK	0x14170a120	.text	OK
Javelin::DungeonMasterTrait::OnChildActorChangedMsg	1988	javelin_rtti_static	STRUCTURALLY_CONSISTENT		0x14a14b980	.data	OK	0x14a14b970	.data	OK	0x14154a980	.text	OK	0x14802da08	.rdata	OK	0x14154a870	.text	OK	0x1416e2b20	.text	OK
Javelin::DungeonMasterTrait::OnGridActorChangedMsg	1990	javelin_rtti_static	STRUCTURALLY_CONSISTENT		0x14a14b690	.data	OK	0x14a14b680	.data	OK	0x1414be0c0	.text	OK	0x148001bd8	.rdata	OK	0x1414be030	.text	OK	0x1416e3f20	.text	OK
Javelin::DungeonMasterTrait::OnHubCapacityRequestedMsg	1992	javelin_rtti_static	STRUCTURALLY_CONSISTENT		0x14a14b380	.data	OK	0x14a14b370	.data	OK	0x1414c06c0	.text	OK	0x1480025f0	.rdata	OK	0x1414c05a0	.text	OK	0x1416e4d20	.text	OK
Javelin::DungeonMasterTrait::OnHubCapacityRequestFoundHubMsg	1918	javelin_rtti_static	STRUCTURALLY_CONSISTENT		0x14a14b130	.data	OK	0x14a14b120	.data	OK	0x1414c2230	.text	OK	0x148002cd8	.rdata	OK	0x1414c20d0	.text	OK	0x1416e4920	.text	OK
Javelin::DungeonMasterTrait::OnHubCapacityRequestFailedMsg	1239	javelin_rtti_static	STRUCTURALLY_CONSISTENT		0x14a14aeb0	.data	OK	0x14a14aea0	.data	OK	0x1414c4550	.text	OK	0x1480037f0	.rdata	OK	0x1414c4410	.text	OK	0x1416e4720	.text	OK
Javelin::DungeonMasterTrait::OnHubCapacityRequestWaitMsg	1993	javelin_rtti_static	STRUCTURALLY_CONSISTENT		0x14a14ac00	.data	OK	0x14a14abf0	.data	OK	0x1414c5dd0	.text	OK	0x1480040d0	.rdata	OK	0x1414c5c90	.text	OK	0x1416e4b20	.text	OK
Javelin::DungeonMasterTrait::OnHubCapacityReservationWaitMsg	5604	javelin_rtti_static	STRUCTURALLY_CONSISTENT		0x14a14a950	.data	OK	0x14a14a940	.data	OK	0x1414c8210	.text	OK	0x148004b98	.rdata	OK	0x1414c8180	.text	OK	0x1416e4f20	.text	OK
Javelin::DungeonMasterTrait::OnHubCapacityReleasedMsg	1718	javelin_rtti_static	STRUCTURALLY_CONSISTENT		0x14a14a5d0	.data	OK	0x14a14a5c0	.data	OK	0x1414cad60	.text	OK	0x148005940	.rdata	OK	0x1414cac40	.text	OK	0x1416e4520	.text	OK
Javelin::DungeonMasterTrait::OnOmnipresentAddedToGridMsg	6473	javelin_rtti_static	STRUCTURALLY_CONSISTENT		0x14a14a270	.data	OK	0x14a14a260	.data	OK	0x1414cd170	.text	OK	0x148006440	.rdata	OK	0x1414cd0e0	.text	OK	0x1416e5b20	.text	OK
Javelin::DungeonMasterTrait::ClearHubThrottleMsg	6605	javelin_rtti_static	STRUCTURALLY_CONSISTENT		0x14a149f30	.data	OK	0x14a149f20	.data	OK	0x1414cf6d0	.text	OK	0x148006f20	.rdata	OK	0x1414cf640	.text	OK	0x1416c7120	.text	OK
Javelin::DungeonMasterTrait::TransferOmnipresentActorsMsg	6891	javelin_rtti_static	STRUCTURALLY_CONSISTENT		0x14a149ce0	.data	OK	0x14a149cd0	.data	OK	0x1414d2620	.text	OK	0x148007f80	.rdata	OK	0x1414d2590	.text	OK	0x141709720	.text	OK
Javelin::DungeonMasterTrait::ReceiveOmnipresentActorsMsg	6889	javelin_rtti_static	STRUCTURALLY_CONSISTENT		0x14a149af0	.data	OK	0x14a149ae0	.data	OK	0x1414d47a0	.text	OK	0x148008948	.rdata	OK	0x1414d4710	.text	OK	0x1416f2d20	.text	OK
Javelin::BaseDungeonMasterActor	343	javelin_rtti_static	STRUCTURALLY_CONSISTENT		0x14a149890	.data	OK	0x14a149880	.data	OK	0x1414d9480	.text	OK	0x148009cd8	.rdata	OK	0x1414d93a0	.text	OK	0x1416c4120	.text	OK
Javelin::SampleDungeonMaster	1997	javelin_rtti_static	STRUCTURALLY_CONSISTENT		0x14a149620	.data	OK	0x14a149610	.data	OK	0x1414e0980	.text	OK	0x14800b8e8	.rdata	OK	0x1414e08f0	.text	OK	0x1416fdd20	.text	OK
Javelin::SampleDungeonMaster::InitMsg	1999	javelin_rtti_static	STRUCTURALLY_CONSISTENT		0x14a149130	.data	OK	0x14a149120	.data	OK	0x1414e8390	.text	OK	0x14800d640	.rdata	OK	0x1414e8300	.text	OK	0x1416db320	.text	OK
Javelin::EntitlementRemoteMessages	889	javelin_rtti_static	STRUCTURALLY_CONSISTENT		0x14a148b30	.data	OK	0x14a148b20	.data	OK	0x1414f3cd0	.text	OK	0x1480110a8	.rdata	OK	0x1414f3c40	.text	OK	0x1416cd320	.text	OK
Aoi::ISingleCastQueryListener	2026	javelin_rtti_static	STRUCTURALLY_CONSISTENT		0x14a1598b0	.data	OK	0x14a1598a0	.data	OK	0x1414fb810	.text	OK	0x148013f70	.rdata	OK	0x1414fb780	.text	OK	0x1416d9520	.text	OK
Aoi::IBatchCastQueryListener	1361	javelin_rtti_static	STRUCTURALLY_CONSISTENT		0x14a1596c0	.data	OK	0x14a1596b0	.data	OK	0x1414fcf20	.text	OK	0x1480146a8	.rdata	OK	0x1414fce90	.text	OK	0x1416d6d20	.text	OK
Aoi::ISingleQueryListener	31	javelin_rtti_static	STRUCTURALLY_CONSISTENT		0x14a1594e0	.data	OK	0x14a1594d0	.data	OK	0x1414ff160	.text	OK	0x148015188	.rdata	OK	0x1414ff0d0	.text	OK	0x1416d9720	.text	OK
AoiExceptionInfo	2035	javelin_rtti_static	STRUCTURALLY_CONSISTENT		0x14a1585d0	.data	OK	0x14a1585c0	.data	OK	0x14150e4a0	.text	OK	0x14801b508	.rdata	OK	0x14150e400	.text	OK	0x1416c3b20	.text	OK
Aoi::ComponentRequestHandler	811	javelin_rtti_static	STRUCTURALLY_CONSISTENT		0x14a158360	.data	OK	0x14a158350	.data	OK	0x141511460	.text	OK	0x14801c320	.rdata	OK	0x141511250	.text	OK	0x1416c7920	.text	OK
Aoi::IGridLayerCreatorTrait	1563	javelin_rtti_static	STRUCTURALLY_CONSISTENT		0x14a1574d0	.data	OK	0x14a1574c0	.data	OK	0x14151f640	.text	OK	0x148020ad8	.rdata	OK	0x14151f5b0	.text	OK	0x1416d7b20	.text	OK
Aoi::IGridLayerCreatorTrait::State	404	javelin_rtti_static	STRUCTURALLY_CONSISTENT		0x14a157210	.data	OK	0x14a157200	.data	OK	0x141520f20	.text	OK	0x1480211e8	.rdata	OK	0x141520e90	.text	OK	0x141702920	.text	OK
Aoi::IGridLayerCreatorTrait::OnGridLayerCreatedMsg	1439	javelin_rtti_static	STRUCTURALLY_CONSISTENT		0x14a156fd0	.data	OK	0x14a156fc0	.data	OK	0x141523030	.text	OK	0x1480219a8	.rdata	OK	0x141522e60	.text	OK	0x1416e4120	.text	OK
Aoi::BaseGridActorClient	6286	javelin_rtti_static	STRUCTURALLY_CONSISTENT		0x14a156dd0	.data	OK	0x14a156dc0	.data	OK	0x141526740	.text	OK	0x148022ce0	.rdata	OK	0x141526660	.text	OK	0x1416c4320	.text	OK
Javelin::ICharacterComponentRequestListener	5480	javelin_rtti_static	STRUCTURALLY_CONSISTENT		0x14a155510	.data	OK	0x14a155500	.data	OK	0x1414c4870	.text	OK	0x148003978	.rdata	OK	0x1414c47e0	.text	OK	0x1416d6f20	.text	OK
Javelin::IDetectionNotifications	2048	javelin_rtti_static	STRUCTURALLY_CONSISTENT		0x14a154a00	.data	OK	0x14a1549f0	.data	OK	0x1414e2300	.text	OK	0x14800c0f0	.rdata	OK	0x1414e2270	.text	OK	0x1416d7120	.text	OK
Aoi::DetectorGridActorClient	6288	javelin_rtti_static	STRUCTURALLY_CONSISTENT		0x14a153e40	.data	OK	0x14a153e30	.data	OK	0x1414f66b0	.text	OK	0x148012120	.rdata	OK	0x1414f65c0	.text	OK	0x1416cc520	.text	OK
Javelin::IGridSubscriber	6378	javelin_rtti_static	STRUCTURALLY_CONSISTENT		0x14a1534a0	.data	OK	0x14a153490	.data	OK	0x1414fdd50	.text	OK	0x148014ab0	.rdata	OK	0x1414fdad0	.text	OK	0x1416d8120	.text	OK
Javelin::IGridProducer	6380	javelin_rtti_static	STRUCTURALLY_CONSISTENT		0x14a152fc0	.data	OK	0x14a152fb0	.data	OK	0x141502570	.text	OK	0x148016a98	.rdata	OK	0x1415024e0	.text	OK	0x1416d7d20	.text	OK
Aoi::IGridProvider	6122	javelin_rtti_static	STRUCTURALLY_CONSISTENT		0x14a1510d0	.data	OK	0x14a1510c0	.data	OK	0x14153b830	.text	OK	0x148028fb0	.rdata	OK	0x14153b6f0	.text	OK	0x1416d7f20	.text	OK
Javelin::InterestComponentMessageInterface	6140	javelin_rtti_static	STRUCTURALLY_CONSISTENT		0x14a1504b0	.data	OK	0x14a1504a0	.data	OK	0x1414c2780	.text	OK	0x148003010	.rdata	OK	0x1414c26f0	.text	OK	0x1416dc720	.text	OK
Aoi::RemoteGridProducerRef	6382	javelin_rtti_static	STRUCTURALLY_CONSISTENT		0x14a14ffd0	.data	OK	0x14a14ffc0	.data	OK	0x1414d7030	.text	OK	0x1480094a0	.rdata	OK	0x1414d6f70	.text	OK	0x1416f6720	.text	OK
Aoi::PassivePhasingGridSet::GridWithProducerRefs	6374	javelin_rtti_static	STRUCTURALLY_CONSISTENT		0x14a14fd40	.data	OK	0x14a14fd30	.data	OK	0x1414db860	.text	OK	0x14800a4c8	.rdata	OK	0x1414db790	.text	OK	0x1416d5b20	.text	OK
Aoi::PassivePhasingGridSet	6383	javelin_rtti_static	STRUCTURALLY_CONSISTENT		0x14a14fab0	.data	OK	0x14a14faa0	.data	OK	0x1414de870	.text	OK	0x14800b1a8	.rdata	OK	0x1414de7e0	.text	OK	0x1416e9520	.text	OK
QueryShapeBase	2056	javelin_rtti_static	STRUCTURALLY_CONSISTENT		0x14a14f840	.data	OK	0x14a14f830	.data	OK	0x1414e6f60	.text	OK	0x14800d200	.rdata	OK	0x1414e6ed0	.text	OK	0x1416efb20	.text	OK
QueryShapeBox	2057	javelin_rtti_static	STRUCTURALLY_CONSISTENT		0x14a14f5b0	.data	OK	0x14a14f5a0	.data	OK	0x1414ea3f0	.text	OK	0x14800e018	.rdata	OK	0x1414ea140	.text	OK	0x1416efd20	.text	OK
QueryShapeAabb	2060	javelin_rtti_static	STRUCTURALLY_CONSISTENT		0x14a14f2e0	.data	OK	0x14a14f2d0	.data	OK	0x1414ed2f0	.text	OK	0x14800eb88	.rdata	OK	0x1414ed260	.text	OK	0x1416ef920	.text	OK
QueryShapeSphere	1063	javelin_rtti_static	STRUCTURALLY_CONSISTENT		0x14a14f050	.data	OK	0x14a14f040	.data	OK	0x1414ef300	.text	OK	0x14800f2c8	.rdata	OK	0x1414ef230	.text	OK	0x1416f0720	.text	OK
QueryShapeCapsule	2063	javelin_rtti_static	STRUCTURALLY_CONSISTENT		0x14a14ed70	.data	OK	0x14a14ed60	.data	OK	0x1414f11d0	.text	OK	0x14800fd08	.rdata	OK	0x1414f1140	.text	OK	0x1416eff20	.text	OK
QueryShapeCylinder	2066	javelin_rtti_static	STRUCTURALLY_CONSISTENT		0x14a14ead0	.data	OK	0x14a14eac0	.data	OK	0x1414f3e20	.text	OK	0x148011130	.rdata	OK	0x1414f3d40	.text	OK	0x1416f0120	.text	OK
QueryShapePolygonPrismTEMP	477	javelin_rtti_static	STRUCTURALLY_CONSISTENT		0x14a14e860	.data	OK	0x14a14e850	.data	OK	0x1414f5e30	.text	OK	0x148011c90	.rdata	OK	0x1414f5da0	.text	OK	0x1416f0520	.text	OK
QueryShapePoint	850	javelin_rtti_static	STRUCTURALLY_CONSISTENT		0x14a14e580	.data	OK	0x14a14e570	.data	OK	0x1414f7910	.text	OK	0x1480128b0	.rdata	OK	0x1414f7880	.text	OK	0x1416f0320	.text	OK
AoiGhostListenSettings	1513	javelin_rtti_static	STRUCTURALLY_CONSISTENT		0x14a14de40	.data	OK	0x14a14de30	.data	OK	0x141501120	.text	OK	0x148015eb8	.rdata	OK	0x141501090	.text	OK	0x1416c3d20	.text	OK
CharacterActionTestSettings	158	javelin_rtti_static	STRUCTURALLY_CONSISTENT		0x14a14c430	.data	OK	0x14a14c420	.data	OK	0x14151c8d0	.text	OK	0x14801fa30	.rdata	OK	0x14151c7a0	.text	OK	0x1416c5d20	.text	OK
Javelin::BotComponentInterface	2069	javelin_rtti_static	STRUCTURALLY_CONSISTENT		0x14a14c110	.data	OK	0x14a14c100	.data	OK	0x14151f4d0	.text	OK	0x1480209f8	.rdata	OK	0x14151f440	.text	OK	0x1416c5320	.text	OK
Javelin::GetCharacterDataResponseListener	1299	javelin_rtti_static	STRUCTURALLY_CONSISTENT		0x14a14ab80	.data	OK	0x14a14ab70	.data	OK	0x14153e560	.text	OK	0x148029f30	.rdata	OK	0x14153e4d0	.text	OK	0x1416d0120	.text	OK
Javelin::PublishCharacterMetadataResponseListener	125	javelin_rtti_static	STRUCTURALLY_CONSISTENT		0x14a14a8c0	.data	OK	0x14a14a8b0	.data	OK	0x141540140	.text	OK	0x14802a9a0	.rdata	OK	0x1415400a0	.text	OK	0x1416ed920	.text	OK
Javelin::PublishCharacterSocialDataResponseListener	414	javelin_rtti_static	STRUCTURALLY_CONSISTENT		0x14a14a540	.data	OK	0x14a14a530	.data	OK	0x141542350	.text	OK	0x14802b210	.rdata	OK	0x141542230	.text	OK	0x1416edd20	.text	OK
Javelin::NamePrefixSearchResponseListener	797	javelin_rtti_static	STRUCTURALLY_CONSISTENT		0x14a14a1f0	.data	OK	0x14a14a1e0	.data	OK	0x141544820	.text	OK	0x14802be40	.rdata	OK	0x1415446f0	.text	OK	0x1416e1f20	.text	OK
DebugSpawnSliceParams	5849	javelin_rtti_static	STRUCTURALLY_CONSISTENT		0x14a149ec0	.data	OK	0x14a149eb0	.data	OK	0x141546d40	.text	OK	0x14802c9c0	.rdata	OK	0x141546c50	.text	OK	0x141026a50	.text	OK
POISpawnerTrait	2080	javelin_rtti_static	STRUCTURALLY_CONSISTENT		0x14a149790	.data	OK	0x14a149780	.data	OK	0x1414d1d50	.text	OK	0x148007af8	.rdata	OK	0x1414d1c90	.text	OK	0x1416e8b20	.text	OK
POISpawnerTrait::State	1870	javelin_rtti_static	STRUCTURALLY_CONSISTENT		0x14a149520	.data	OK	0x14a149510	.data	OK	0x1414d4260	.text	OK	0x1480086a0	.rdata	OK	0x1414d41d0	.text	OK	0x141703120	.text	OK
POISpawnerTrait::RegisterPOIMetadataMsg	1232	javelin_rtti_static	STRUCTURALLY_CONSISTENT		0x14a149230	.data	OK	0x14a149220	.data	OK	0x1414d5e30	.text	OK	0x148009020	.rdata	OK	0x1414d5da0	.text	OK	0x1416f5920	.text	OK
Javelin::DebugConsoleClientMessages	6139	javelin_rtti_static	STRUCTURALLY_CONSISTENT		0x14a1485e0	.data	OK	0x14a1485d0	.data	OK	0x1414ee430	.text	OK	0x14800efa8	.rdata	OK	0x1414ee360	.text	OK	0x1416c8920	.text	OK
Javelin::DebugConsoleClientMessages::State	6142	javelin_rtti_static	STRUCTURALLY_CONSISTENT		0x14a1483c0	.data	OK	0x14a1483b0	.data	OK	0x1414f04c0	.text	OK	0x14800f958	.rdata	OK	0x1414f0320	.text	OK	0x141701120	.text	OK
Javelin::DebugConsoleClientMessages::OnUpdateDebugConsolePlayerInfoMsg	6137	javelin_rtti_static	STRUCTURALLY_CONSISTENT		0x14a148160	.data	OK	0x14a148150	.data	OK	0x1414f26c0	.text	OK	0x1480102b8	.rdata	OK	0x1414f2620	.text	OK	0x1416e8720	.text	OK
Javelin::DebugConsoleClientMessages::OnUpdateDebugConsoleDMInfoMsg	6345	javelin_rtti_static	STRUCTURALLY_CONSISTENT		0x14a147f10	.data	OK	0x14a147f00	.data	OK	0x1414f4c50	.text	OK	0x148011720	.rdata	OK	0x1414f4bc0	.text	OK	0x1416e8520	.text	OK
Coat::EbusMessages::DebugSpawnInfoReceiverInterface_ReceiveAISpawnManagerDebugInfo	6634	javelin_rtti_static	STRUCTURALLY_CONSISTENT		0x14a147c50	.data	OK	0x14a147c40	.data	OK	0x1414f9740	.text	OK	0x1480135b0	.rdata	OK	0x1414f9620	.text	OK	0x1416caf20	.text	OK
ExampleInterface	2085	javelin_rtti_static	STRUCTURALLY_CONSISTENT		0x14a147a70	.data	OK	0x14a147a60	.data	OK	0x1414fc4f0	.text	OK	0x148014438	.rdata	OK	0x1414fc420	.text	OK	0x1416cdd20	.text	OK
MB::ExampleFacetedComponentReplicatedState	2092	javelin_rtti_static	STRUCTURALLY_CONSISTENT		0x14a146a70	.data	OK	0x14a146a60	.data	OK	0x141512420	.text	OK	0x14801cb30	.rdata	OK	0x141512340	.text	OK	0x1416cd920	.text	OK
Javelin::IFtueIslandManagerNotifications	2094	javelin_rtti_static	STRUCTURALLY_CONSISTENT		0x14a146810	.data	OK	0x14a146800	.data	OK	0x141514da0	.text	OK	0x14801da58	.rdata	OK	0x141514d10	.text	OK	0x1416d7520	.text	OK
CrossWorldPlayerData	5573	javelin_rtti_static	STRUCTURALLY_CONSISTENT		0x14a145b90	.data	OK	0x14a145b80	.data	OK	0x141528be0	.text	OK	0x148023778	.rdata	OK	0x141528aa0	.text	OK	0x1416c7d20	.text	OK
Javelin::InitialPersistedPlayerData	6636	javelin_rtti_static	STRUCTURALLY_CONSISTENT		0x14a145990	.data	OK	0x14a145980	.data	OK	0x14152c680	.text	OK	0x1480247a0	.rdata	OK	0x14152c5f0	.text	OK	0x1416dbb20	.text	OK
InitialPlayerData	1310	javelin_rtti_static	STRUCTURALLY_CONSISTENT		0x14a1456b0	.data	OK	0x14a1456a0	.data	OK	0x14152e600	.text	OK	0x148025138	.rdata	OK	0x14152e570	.text	OK	0x1416dbd20	.text	OK
PlayerClientHostData	6790	javelin_rtti_static	STRUCTURALLY_CONSISTENT		0x14a145350	.data	OK	0x14a145340	.data	OK	0x141530980	.text	OK	0x148025b58	.rdata	OK	0x1415308f0	.text	OK	0x1416eb120	.text	OK
Javelin::IPlayerConnectionNotifications	484	javelin_rtti_static	STRUCTURALLY_CONSISTENT		0x14a15a760	.data	OK	0x14a15a750	.data	OK	0x141533020	.text	OK	0x148026948	.rdata	OK	0x141532f40	.text	OK	0x1416d8920	.text	OK
Javelin::IPlayerDebugMessages	5822	javelin_rtti_static	STRUCTURALLY_CONSISTENT		0x14a15a1d0	.data	OK	0x14a15a1c0	.data	OK	0x1415387e0	.text	OK	0x1480282c8	.rdata	OK	0x1415386b0	.text	OK	0x1416d8b20	.text	OK
Javelin::IPlayerLookUpRemoteResponces	504	javelin_rtti_static	STRUCTURALLY_CONSISTENT		0x14a159d80	.data	OK	0x14a159d70	.data	OK	0x14153ccf0	.text	OK	0x1480295e0	.rdata	OK	0x14153cbd0	.text	OK	0x1416d8d20	.text	OK
Javelin::IPlayerRemoteMessages	318	javelin_rtti_static	STRUCTURALLY_CONSISTENT		0x14a159ae0	.data	OK	0x14a159ad0	.data	OK	0x14153e870	.text	OK	0x14802a0b8	.rdata	OK	0x14153e7e0	.text	OK	0x1416d8f20	.text	OK
Javelin::S2STokenRefreshMessages	6501	javelin_rtti_static	STRUCTURALLY_CONSISTENT		0x14a1592a0	.data	OK	0x14a159290	.data	OK	0x1415470e0	.text	OK	0x14802ca78	.rdata	OK	0x141546fc0	.text	OK	0x1416fdb20	.text	OK
Javelin::AggroDelayParameter	4904	javelin_rtti_static	STRUCTURALLY_CONSISTENT		0x14a158e10	.data	OK	0x14a158e00	.data	OK	0x14154baa0	.text	OK	0x148001880	.rdata	OK	0x14154b990	.text	OK	0x1416c2d20	.text	OK
Javelin::Spawner::AIVariantParameter	2111	javelin_rtti_static	STRUCTURALLY_CONSISTENT		0x14a158c70	.data	OK	0x14a158c60	.data	OK	0x1414bfa60	.text	OK	0x1480022a8	.rdata	OK	0x1414bf9d0	.text	OK	0x141026650	.text	OK
Javelin::LastDamagingActorParameter	5409	javelin_rtti_static	STRUCTURALLY_CONSISTENT		0x14a158900	.data	OK	0x14a1588f0	.data	OK	0x1414c4af0	.text	OK	0x148003a10	.rdata	OK	0x1414c4a50	.text	OK	0x1416ddf20	.text	OK
Javelin::InitialDisplayProperties	2113	javelin_rtti_static	STRUCTURALLY_CONSISTENT		0x14a1586e0	.data	OK	0x14a1586d0	.data	OK	0x1414c6180	.text	OK	0x148004278	.rdata	OK	0x1414c60f0	.text	OK	0x1416db720	.text	OK
Javelin::InitialSpawnerInfo	967	javelin_rtti_static	STRUCTURALLY_CONSISTENT		0x14a158470	.data	OK	0x14a158460	.data	OK	0x1414c8670	.text	OK	0x148004c48	.rdata	OK	0x1414c85c0	.text	OK	0x1416dc120	.text	OK
Javelin::InitialSpawnTimeInfo	2115	javelin_rtti_static	STRUCTURALLY_CONSISTENT		0x14a1581e0	.data	OK	0x14a1581d0	.data	OK	0x1414cb070	.text	OK	0x148005a88	.rdata	OK	0x1414caec0	.text	OK	0x1416dbf20	.text	OK
Javelin::IPrefabSpawnerEventsListener	1849	javelin_rtti_static	STRUCTURALLY_CONSISTENT		0x14a157fc0	.data	OK	0x14a157fb0	.data	OK	0x1414cd950	.text	OK	0x148006618	.rdata	OK	0x1414cd8a0	.text	OK	0x1416d9320	.text	OK
TestInterface	2120	javelin_rtti_static	STRUCTURALLY_CONSISTENT		0x14a157a40	.data	OK	0x14a157a30	.data	OK	0x1414dea40	.text	OK	0x14800b250	.rdata	OK	0x1414de9b0	.text	OK	0x141708d20	.text	OK
MB::TestFacetedComponentReplicatedState	41	javelin_rtti_static	STRUCTURALLY_CONSISTENT		0x14a155690	.data	OK	0x14a155680	.data	OK	0x141509120	.text	OK	0x148019708	.rdata	OK	0x141509090	.text	OK	0x141707920	.text	OK
Javelin::ITransformNotifications	79	javelin_rtti_static	STRUCTURALLY_CONSISTENT		0x14a1550d0	.data	OK	0x14a1550c0	.data	OK	0x141513600	.text	OK	0x14801d1c8	.rdata	OK	0x141513530	.text	OK	0x1416d9920	.text	OK
Javelin::IGDERootTransformPublisher	2141	javelin_rtti_static	STRUCTURALLY_CONSISTENT		0x14a154610	.data	OK	0x14a154600	.data	OK	0x141521f70	.text	OK	0x1480215d8	.rdata	OK	0x141521ed0	.text	OK	0x1416d7720	.text	OK
Javelin::IGDERootTransformSubscriber	2142	javelin_rtti_static	STRUCTURALLY_CONSISTENT		0x14a154340	.data	OK	0x14a154330	.data	OK	0x1415242e0	.text	OK	0x1480220c8	.rdata	OK	0x141524200	.text	OK	0x1416d7920	.text	OK
InitialGridInfo	6368	javelin_rtti_static	STRUCTURALLY_CONSISTENT		0x14a153bb0	.data	OK	0x14a153ba0	.data	OK	0x14152bc60	.text	OK	0x148024500	.rdata	OK	0x14152bbd0	.text	OK	0x1416db920	.text	OK
InitialLocationInTheWorld	358	javelin_rtti_static	STRUCTURALLY_CONSISTENT		0x14a153920	.data	OK	0x14a153910	.data	OK	0x14152e0a0	.text	OK	0x148025048	.rdata	OK	0x14152e010	.text	OK	0x141027050	.text	OK
VariantParameterData	2152	javelin_rtti_static	STRUCTURALLY_CONSISTENT		0x14a1536a0	.data	OK	0x14a153690	.data	OK	0x141530390	.text	OK	0x148025978	.rdata	OK	0x141530300	.text	OK	0x141027450	.text	OK
Javelin::GameplayReadyTrait	6360	javelin_rtti_static	STRUCTURALLY_CONSISTENT		0x14a152db0	.data	OK	0x14a152da0	.data	OK	0x141535ff0	.text	OK	0x1480278d8	.rdata	OK	0x141535f60	.text	OK	0x1416cf920	.text	OK
Javelin::GameplayReadyTrait::State	6362	javelin_rtti_static	STRUCTURALLY_CONSISTENT		0x14a152b30	.data	OK	0x14a152b20	.data	OK	0x141538530	.text	OK	0x1480281c8	.rdata	OK	0x141538420	.text	OK	0x141701720	.text	OK
Javelin::GameplayReadyTrait::OnPlayerManagerGameplayReadyMsg	6361	javelin_rtti_static	STRUCTURALLY_CONSISTENT		0x14a152900	.data	OK	0x14a1528f0	.data	OK	0x14153a400	.text	OK	0x1480289d0	.rdata	OK	0x14153a370	.text	OK	0x1416e6920	.text	OK
Javelin::CharacterServiceProxy::GetCharacterResponse	2153	javelin_rtti_static	STRUCTURALLY_CONSISTENT		0x14a151e30	.data	OK	0x14a151e20	.data	OK	0x1414cfce0	.text	OK	0x1480070f0	.rdata	OK	0x1414cfbc0	.text	OK	0x1416d0320	.text	OK
Javelin::CharacterServiceProxy::BatchGetCharacterResponse	1418	javelin_rtti_static	STRUCTURALLY_CONSISTENT		0x14a151be0	.data	OK	0x14a151bd0	.data	OK	0x1414d2ce0	.text	OK	0x1480080c8	.rdata	OK	0x1414d2c50	.text	OK	0x1416c4f20	.text	OK
Javelin::CharacterServiceProxy::PublishCharacterMetadataResponse	361	javelin_rtti_static	STRUCTURALLY_CONSISTENT		0x14a151970	.data	OK	0x14a151960	.data	OK	0x1414d4d40	.text	OK	0x148008a00	.rdata	OK	0x1414d4cb0	.text	OK	0x1416ed720	.text	OK
Javelin::CharacterServiceProxy::NamePrefixSearchResponse	553	javelin_rtti_static	STRUCTURALLY_CONSISTENT		0x14a151730	.data	OK	0x14a151720	.data	OK	0x1414d7180	.text	OK	0x148009528	.rdata	OK	0x1414d70e0	.text	OK	0x1416e1d20	.text	OK
Javelin::CharacterServiceProxy::PatchCharacterResponse	1138	javelin_rtti_static	STRUCTURALLY_CONSISTENT		0x14a1514d0	.data	OK	0x14a1514c0	.data	OK	0x1414db640	.text	OK	0x14800a368	.rdata	OK	0x1414db570	.text	OK	0x1416e9d20	.text	OK
MB::GDEInstantiationLambda	816	javelin_rtti_static	STRUCTURALLY_CONSISTENT		0x14a150cd0	.data	OK	0x14a150cc0	.data	OK	0x14151aef0	.text	OK	0x14801f220	.rdata	OK	0x14151ad80	.text	OK	0x1416cef20	.text	OK
GDEIsDiscoverable	987	javelin_rtti_static	STRUCTURALLY_CONSISTENT		0x14a150b90	.data	OK	0x14a150b80	.data	OK	0x14151cdc0	.text	OK	0x14801fbe8	.rdata	OK	0x14151ccb0	.text	OK	0x1416cf120	.text	OK
GDEIsPersistent	176	javelin_rtti_static	STRUCTURALLY_CONSISTENT		0x14a150a90	.data	OK	0x14a150a80	.data	OK	0x14151ec40	.text	OK	0x1480207a8	.rdata	OK	0x14151ebb0	.text	OK	0x141026e50	.text	OK
MB::GDEPlugin	2163	javelin_rtti_static	STRUCTURALLY_CONSISTENT		0x14a150830	.data	OK	0x14a150820	.data	OK	0x141520680	.text	OK	0x148020fc8	.rdata	OK	0x1415205f0	.text	OK	0x1416cf320	.text	OK
MB::GDEPluginsInfo	273	javelin_rtti_static	STRUCTURALLY_CONSISTENT		0x14a150610	.data	OK	0x14a150600	.data	OK	0x141522190	.text	OK	0x148021658	.rdata	OK	0x141522100	.text	OK	0x1416cf520	.text	OK
MB::ReplicatedState	2164	javelin_rtti_static	STRUCTURALLY_CONSISTENT		0x14a150340	.data	OK	0x14a150330	.data	OK	0x14152c590	.text	OK	0x148024728	.rdata	OK	0x14152c3d0	.text	OK	0x1416f7520	.text	OK
MB::ServerContext::InitializeMsg	1873	javelin_rtti_static	STRUCTURALLY_CONSISTENT		0x14a1501b0	.data	OK	0x14a1501a0	.data	OK	0x14152de50	.text	OK	0x148024fb8	.rdata	OK	0x14152ddc0	.text	OK	0x1416dc320	.text	OK
MB::ServerContext::ScriptGarbageCollectMsg	1487	javelin_rtti_static	STRUCTURALLY_CONSISTENT		0x14a14ff50	.data	OK	0x14a14ff40	.data	OK	0x1415300b0	.text	OK	0x148025948	.rdata	OK	0x141530020	.text	OK	0x1416fdf20	.text	OK
MB::ServerContext::RequestReportDirtyPersistedStatesMsg	1764	javelin_rtti_static	STRUCTURALLY_CONSISTENT		0x14a14fcb0	.data	OK	0x14a14fca0	.data	OK	0x1415316e0	.text	OK	0x148026248	.rdata	OK	0x141531640	.text	OK	0x1416fa920	.text	OK
MB::ServerContext::PulseMsg	1956	javelin_rtti_static	STRUCTURALLY_CONSISTENT		0x14a14fa40	.data	OK	0x14a14fa30	.data	OK	0x1415337c0	.text	OK	0x148026cc0	.rdata	OK	0x141533730	.text	OK	0x1416edf20	.text	OK
MB::ServerContext::StackConfigChangedMsg	5536	javelin_rtti_static	STRUCTURALLY_CONSISTENT		0x14a14f7c0	.data	OK	0x14a14f7b0	.data	OK	0x1415355f0	.text	OK	0x148027668	.rdata	OK	0x141535540	.text	OK	0x1416ffb20	.text	OK
MB::ServerContext::AddPortrayalToClientsMsg	2150	javelin_rtti_static	STRUCTURALLY_CONSISTENT		0x14a14f530	.data	OK	0x14a14f520	.data	OK	0x141537de0	.text	OK	0x148028090	.rdata	OK	0x141537d50	.text	OK	0x1416c2b20	.text	OK
MB::ServerContext::RemovePortrayalFromClientsMsg	2168	javelin_rtti_static	STRUCTURALLY_CONSISTENT		0x14a14f250	.data	OK	0x14a14f240	.data	OK	0x14153a4a0	.text	OK	0x148028a00	.rdata	OK	0x14153a410	.text	OK	0x1416f7120	.text	OK
MB::GdeMetadataReplicatedState	10	javelin_rtti_static	STRUCTURALLY_CONSISTENT		0x14a14e130	.data	OK	0x14a14e120	.data	OK	0x141547420	.text	OK	0x14802cb70	.rdata	OK	0x141547380	.text	OK	0x1416cfb20	.text	OK
Javelin::MaintenanceModeNotifierTrait	4991	javelin_rtti_static	STRUCTURALLY_CONSISTENT		0x14a14da80	.data	OK	0x14a14da70	.data	OK	0x1414d9f20	.text	OK	0x148009f20	.rdata	OK	0x1414d9e90	.text	OK	0x1416dfb20	.text	OK
Javelin::MaintenanceModeNotifierTrait::State	4992	javelin_rtti_static	STRUCTURALLY_CONSISTENT		0x14a14d890	.data	OK	0x14a14d880	.data	OK	0x1414dd1c0	.text	OK	0x14800aa98	.rdata	OK	0x1414dd130	.text	OK	0x141702d20	.text	OK
Javelin::MaintenanceModeNotifierTrait::OnMaintenanceModeStatusUpdateMsg	4989	javelin_rtti_static	STRUCTURALLY_CONSISTENT		0x14a14d690	.data	OK	0x14a14d680	.data	OK	0x1414df650	.text	OK	0x14800b538	.rdata	OK	0x1414df410	.text	OK	0x1416e5320	.text	OK
Javelin::WorldMetadataNotifierTrait	4987	javelin_rtti_static	STRUCTURALLY_CONSISTENT		0x14a14d300	.data	OK	0x14a14d2f0	.data	OK	0x1414f76c0	.text	OK	0x1480127b0	.rdata	OK	0x1414f75b0	.text	OK	0x14170d320	.text	OK
Javelin::WorldMetadataNotifierTrait::State	4993	javelin_rtti_static	STRUCTURALLY_CONSISTENT		0x14a14d110	.data	OK	0x14a14d100	.data	OK	0x1414f8690	.text	OK	0x148012e18	.rdata	OK	0x1414f8600	.text	OK	0x141706920	.text	OK
Javelin::WorldMetadataNotifierTrait::OnWorldMetadataUpdateMsg	4990	javelin_rtti_static	STRUCTURALLY_CONSISTENT		0x14a14cf20	.data	OK	0x14a14cf10	.data	OK	0x1414f9750	.text	OK	0x1480135e0	.rdata	OK	0x1414f96b0	.text	OK	0x1416e8920	.text	OK
Javelin::PrefabSpawnRequestTrait	2176	javelin_rtti_static	STRUCTURALLY_CONSISTENT		0x14a14c960	.data	OK	0x14a14c950	.data	OK	0x14150b320	.text	OK	0x14801a5a0	.rdata	OK	0x14150b280	.text	OK	0x1416ecf20	.text	OK
Javelin::PrefabSpawnRequestTrait::State	1097	javelin_rtti_static	STRUCTURALLY_CONSISTENT		0x14a14c6b0	.data	OK	0x14a14c6a0	.data	OK	0x14150cee0	.text	OK	0x14801aea0	.rdata	OK	0x14150ce40	.text	OK	0x141705320	.text	OK
Javelin::PrefabSpawnRequestTrait::RequestSpawnPrefabMsg	882	javelin_rtti_static	STRUCTURALLY_CONSISTENT		0x14a14c310	.data	OK	0x14a14c300	.data	OK	0x14150ed20	.text	OK	0x14801b6a0	.rdata	OK	0x14150ec60	.text	OK	0x1416fb920	.text	OK
Javelin::PlayerPresenceTrackingTrait	5851	javelin_rtti_static	STRUCTURALLY_CONSISTENT		0x14a14bd80	.data	OK	0x14a14bd70	.data	OK	0x1415147e0	.text	OK	0x14801d848	.rdata	OK	0x141514750	.text	OK	0x1416ec120	.text	OK
Javelin::PlayerPresenceTrackingTrait::State	5852	javelin_rtti_static	STRUCTURALLY_CONSISTENT		0x14a14ba90	.data	OK	0x14a14ba80	.data	OK	0x141516a50	.text	OK	0x14801df18	.rdata	OK	0x141516900	.text	OK	0x141704b20	.text	OK
Javelin::PlayerPresenceTrackingTrait::RegisterSubscriberMsg	5841	javelin_rtti_static	STRUCTURALLY_CONSISTENT		0x14a14b7a0	.data	OK	0x14a14b790	.data	OK	0x1415187d0	.text	OK	0x14801e590	.rdata	OK	0x141518740	.text	OK	0x1416f5f20	.text	OK
Javelin::PlayerPresenceTrackingTrait::UnregisterSubscriberMsg	5846	javelin_rtti_static	STRUCTURALLY_CONSISTENT		0x14a14b4a0	.data	OK	0x14a14b490	.data	OK	0x14151a4b0	.text	OK	0x14801ed30	.rdata	OK	0x14151a410	.text	OK	0x14170af20	.text	OK
Javelin::PlayerPresenceTrackingTrait::ForwardMessageToCharacterMsg	5853	javelin_rtti_static	STRUCTURALLY_CONSISTENT		0x14a14b260	.data	OK	0x14a14b250	.data	OK	0x14151c0d0	.text	OK	0x14801f818	.rdata	OK	0x14151c040	.text	OK	0x1416ced20	.text	OK
Javelin::PlayerPresenceTrackingTrait::DebugAddLocalPresenceMsg	6269	javelin_rtti_static	STRUCTURALLY_CONSISTENT		0x14a14b010	.data	OK	0x14a14b000	.data	OK	0x14151e780	.text	OK	0x1480205e8	.rdata	OK	0x14151e6f0	.text	OK	0x1416c7f20	.text	OK
Javelin::PlayerPresenceTrackingTrait::DebugRemoveLocalPresenceMsg	6270	javelin_rtti_static	STRUCTURALLY_CONSISTENT		0x14a14ad80	.data	OK	0x14a14ad70	.data	OK	0x1415204d0	.text	OK	0x148020f50	.rdata	OK	0x141520440	.text	OK	0x1416ca720	.text	OK
Javelin::PlayerPresenceTrackingTrait::UpdateRemotePresenceMsg	5844	javelin_rtti_static	STRUCTURALLY_CONSISTENT		0x14a14aa60	.data	OK	0x14a14aa50	.data	OK	0x1415220f0	.text	OK	0x148021628	.rdata	OK	0x141522020	.text	OK	0x14170c320	.text	OK
Javelin::PlayerPresenceTrackingTrait::RemoveRemotePresenceMsg	5854	javelin_rtti_static	STRUCTURALLY_CONSISTENT		0x14a14a730	.data	OK	0x14a14a720	.data	OK	0x141524390	.text	OK	0x148022120	.rdata	OK	0x141524300	.text	OK	0x1416f7320	.text	OK
Javelin::PlayerPresenceTrackingTrait::DebugPrintAllMsg	5855	javelin_rtti_static	STRUCTURALLY_CONSISTENT		0x14a14a3a0	.data	OK	0x14a14a390	.data	OK	0x141525fa0	.text	OK	0x148022c30	.rdata	OK	0x141525f10	.text	OK	0x1416c9720	.text	OK
Javelin::PlayerPresenceTrackingTrait::DebugMessageBoxMsg	5847	javelin_rtti_static	STRUCTURALLY_CONSISTENT		0x14a14a040	.data	OK	0x14a14a030	.data	OK	0x1415283d0	.text	OK	0x148023548	.rdata	OK	0x141528340	.text	OK	0x1416c9520	.text	OK
Javelin::PlayerPresenceUtils::MessageReceiptHandlerTrait	5856	javelin_rtti_static	STRUCTURALLY_CONSISTENT		0x14a148930	.data	OK	0x14a148920	.data	OK	0x1414d0240	.text	OK	0x1480071c0	.rdata	OK	0x1414d0020	.text	OK	0x1416e0520	.text	OK
Javelin::PlayerPresenceUtils::MessageReceiptHandlerTrait::State	5857	javelin_rtti_static	STRUCTURALLY_CONSISTENT		0x14a148810	.data	OK	0x14a148800	.data	OK	0x1414d30b0	.text	OK	0x1480081f8	.rdata	OK	0x1414d2f60	.text	OK	0x141702f20	.text	OK
Javelin::PlayerPresenceUtils::MessageReceiptHandlerTrait::OnMessageDeliveredMsg	5858	javelin_rtti_static	STRUCTURALLY_CONSISTENT		0x14a1486e0	.data	OK	0x14a1486d0	.data	OK	0x1414d4f80	.text	OK	0x148008aa8	.rdata	OK	0x1414d4ec0	.text	OK	0x1416e5520	.text	OK
Javelin::PlayerPresenceUtils::LocalPresenceSubscriberTrait	5859	javelin_rtti_static	STRUCTURALLY_CONSISTENT		0x14a1484c0	.data	OK	0x14a1484b0	.data	OK	0x1414d82f0	.text	OK	0x1480097f8	.rdata	OK	0x1414d7880	.text	OK	0x1416df720	.text	OK
Javelin::PlayerPresenceUtils::LocalPresenceSubscriberTrait::State	5860	javelin_rtti_static	STRUCTURALLY_CONSISTENT		0x14a1482a0	.data	OK	0x14a148290	.data	OK	0x1414dc1f0	.text	OK	0x14800a690	.rdata	OK	0x1414dc160	.text	OK	0x141702b20	.text	OK
Javelin::PlayerPresenceUtils::LocalPresenceSubscriberTrait::OnPlayerPresenceChangedMsg	5842	javelin_rtti_static	STRUCTURALLY_CONSISTENT		0x14a148020	.data	OK	0x14a148010	.data	OK	0x1414de680	.text	OK	0x14800b178	.rdata	OK	0x1414de5f0	.text	OK	0x1416e6b20	.text	OK
Javelin::PlayerPresenceUtils::LocalPresenceSubscriberTrait::OnPlayerPresenceTrackingTraitRefMsg	5845	javelin_rtti_static	STRUCTURALLY_CONSISTENT		0x14a147d70	.data	OK	0x14a147d60	.data	OK	0x1414e1bf0	.text	OK	0x14800bf38	.rdata	OK	0x1414e1b60	.text	OK	0x1416e6d20	.text	OK
Javelin::GuildListElement	2180	javelin_rtti_static	STRUCTURALLY_CONSISTENT		0x14a147b60	.data	OK	0x14a147b50	.data	OK	0x1414fad10	.text	OK	0x148013c68	.rdata	OK	0x1414fac80	.text	OK	0x1416d5d20	.text	OK
Javelin::IGuildServiceClient::GetContentByOrderingResponse	2182	javelin_rtti_static	STRUCTURALLY_CONSISTENT		0x14a147960	.data	OK	0x14a147950	.data	OK	0x1414fc970	.text	OK	0x1480145c8	.rdata	OK	0x1414fc8e0	.text	OK	0x1416d0520	.text	OK
Javelin::IGuildServiceClient::GuildListElementWithStatus	1973	javelin_rtti_static	STRUCTURALLY_CONSISTENT		0x14a147720	.data	OK	0x14a147710	.data	OK	0x1414ff050	.text	OK	0x148015100	.rdata	OK	0x1414fefc0	.text	OK	0x1416d5f20	.text	OK
Javelin::InventoryService::RequestAware	5877	javelin_rtti_static	STRUCTURALLY_CONSISTENT		0x14a147360	.data	OK	0x14a147350	.data	OK	0x14151aa00	.text	OK	0x14801f090	.rdata	OK	0x14151a970	.text	OK	0x1416f7920	.text	OK
Javelin::InventoryService::RequestResponse	6032	javelin_rtti_static	STRUCTURALLY_CONSISTENT		0x14a1471e0	.data	OK	0x14a1471d0	.data	OK	0x14151ca70	.text	OK	0x14801fa88	.rdata	OK	0x14151c9e0	.text	OK	0x1416fab20	.text	OK
Javelin::InventoryService::ItemVersionData	5762	javelin_rtti_static	STRUCTURALLY_CONSISTENT		0x14a147060	.data	OK	0x14a147050	.data	OK	0x14151e900	.text	OK	0x148020678	.rdata	OK	0x14151e870	.text	OK	0x1416dd720	.text	OK
Javelin::InventoryService::Item	5763	javelin_rtti_static	STRUCTURALLY_CONSISTENT		0x14a146ee0	.data	OK	0x14a146ed0	.data	OK	0x1415202f0	.text	OK	0x148020e40	.rdata	OK	0x141520210	.text	OK	0x1416dd120	.text	OK
Javelin::InventoryService::Inventory	5764	javelin_rtti_static	STRUCTURALLY_CONSISTENT		0x14a146ce0	.data	OK	0x14a146cd0	.data	OK	0x141521d40	.text	OK	0x148021478	.rdata	OK	0x141521c40	.text	OK	0x1416dcd20	.text	OK
Javelin::InventoryService::ItemDataType	5948	javelin_rtti_static	STRUCTURALLY_CONSISTENT		0x14a146b70	.data	OK	0x14a146b60	.data	OK	0x141523fc0	.text	OK	0x148022038	.rdata	OK	0x141523f20	.text	OK	0x1416dd320	.text	OK
Javelin::InventoryService::ExampleItemData	5949	javelin_rtti_static	STRUCTURALLY_CONSISTENT		0x14a146910	.data	OK	0x14a146900	.data	OK	0x141525b50	.text	OK	0x148022920	.rdata	OK	0x141525ac0	.text	OK	0x1416cdf20	.text	OK
Javelin::InventoryService::JsonItemData	5946	javelin_rtti_static	STRUCTURALLY_CONSISTENT		0x14a146710	.data	OK	0x14a146700	.data	OK	0x141527ee0	.text	OK	0x148023408	.rdata	OK	0x141527e50	.text	OK	0x1416dd920	.text	OK
Javelin::InventoryService::ItemTransactionsRequest	5827	javelin_rtti_static	STRUCTURALLY_CONSISTENT		0x14a146500	.data	OK	0x14a1464f0	.data	OK	0x141529bb0	.text	OK	0x148023a98	.rdata	OK	0x141529b20	.text	OK	0x1416dd520	.text	OK
Javelin::InventoryService::RequestContext	5828	javelin_rtti_static	STRUCTURALLY_CONSISTENT		0x14a146360	.data	OK	0x14a146350	.data	OK	0x14152b190	.text	OK	0x1480242c8	.rdata	OK	0x14152b0e0	.text	OK	0x1416f8720	.text	OK
Javelin::InventoryService::TransactionContext	6189	javelin_rtti_static	STRUCTURALLY_CONSISTENT		0x14a1461d0	.data	OK	0x14a1461c0	.data	OK	0x14152d410	.text	OK	0x148024c08	.rdata	OK	0x14152d2c0	.text	OK	0x141709520	.text	OK
Javelin::InventoryService::UpdateLinksRequest	5878	javelin_rtti_static	STRUCTURALLY_CONSISTENT		0x14a145fd0	.data	OK	0x14a145fc0	.data	OK	0x14152ead0	.text	OK	0x148025378	.rdata	OK	0x14152e9e0	.text	OK	0x14170bf20	.text	OK
Javelin::InventoryService::TransactWriteItemsRequest	5879	javelin_rtti_static	STRUCTURALLY_CONSISTENT		0x14a145e20	.data	OK	0x14a145e10	.data	OK	0x141530a20	.text	OK	0x148025b88	.rdata	OK	0x141530990	.text	OK	0x141709320	.text	OK
Javelin::InventoryService::ReadyOwnerDataRequest	6019	javelin_rtti_static	STRUCTURALLY_CONSISTENT		0x14a145b00	.data	OK	0x14a145af0	.data	OK	0x141532340	.text	OK	0x1480264d0	.rdata	OK	0x141532190	.text	OK	0x1416f2320	.text	OK
Javelin::InventoryService::InventoriesQueryRequest	6020	javelin_rtti_static	STRUCTURALLY_CONSISTENT		0x14a145860	.data	OK	0x14a145850	.data	OK	0x141533e70	.text	OK	0x148026f40	.rdata	OK	0x141533de0	.text	OK	0x1416dcb20	.text	OK
Javelin::InventoryService::GetUnacknowledgedTransactionsRequest	6018	javelin_rtti_static	STRUCTURALLY_CONSISTENT		0x14a145570	.data	OK	0x14a145560	.data	OK	0x141535bc0	.text	OK	0x148027820	.rdata	OK	0x141535b30	.text	OK	0x1416d0f20	.text	OK
Javelin::InventoryService::AcknowledgeTransactionsRequest	6022	javelin_rtti_static	STRUCTURALLY_CONSISTENT		0x14a1452c0	.data	OK	0x14a1452b0	.data	OK	0x141538370	.text	OK	0x148028168	.rdata	OK	0x1415382e0	.text	OK	0x1416c1b20	.text	OK
Javelin::InventoryService::GetItemsRequest	6021	javelin_rtti_static	STRUCTURALLY_CONSISTENT		0x14a15a6e0	.data	OK	0x14a15a6d0	.data	OK	0x14153a2b0	.text	OK	0x148028970	.rdata	OK	0x14153a220	.text	OK	0x1416d0920	.text	OK
Javelin::InventoryService::GetItemsResponse	6033	javelin_rtti_static	STRUCTURALLY_CONSISTENT		0x14a15a4d0	.data	OK	0x14a15a4c0	.data	OK	0x14153baf0	.text	OK	0x148029048	.rdata	OK	0x14153ba60	.text	OK	0x1416d0b20	.text	OK
Javelin::InventoryService::ReadyOwnerDataResponse	6028	javelin_rtti_static	STRUCTURALLY_CONSISTENT		0x14a15a340	.data	OK	0x14a15a330	.data	OK	0x14153d440	.text	OK	0x148029818	.rdata	OK	0x14153d3a0	.text	OK	0x1416f2520	.text	OK
Javelin::InventoryService::QueryInventoriesResponse	6034	javelin_rtti_static	STRUCTURALLY_CONSISTENT		0x14a15a0c0	.data	OK	0x14a15a0b0	.data	OK	0x14153f240	.text	OK	0x14802a460	.rdata	OK	0x14153ef30	.text	OK	0x1416ee320	.text	OK
Javelin::InventoryService::GetUnacknowledgedTransactionsResponse	6035	javelin_rtti_static	STRUCTURALLY_CONSISTENT		0x14a159f10	.data	OK	0x14a159f00	.data	OK	0x141540df0	.text	OK	0x14802ac58	.rdata	OK	0x141540c50	.text	OK	0x1416d1120	.text	OK
Javelin::InventoryService::AcknowledgeTransactionsResponse	6031	javelin_rtti_static	STRUCTURALLY_CONSISTENT		0x14a159c70	.data	OK	0x14a159c60	.data	OK	0x1415435f0	.text	OK	0x14802b7f8	.rdata	OK	0x141543550	.text	OK	0x1416c1d20	.text	OK
Javelin::InventoryService::InventoryTransactionRequestResponse	6029	javelin_rtti_static	STRUCTURALLY_CONSISTENT		0x14a1599c0	.data	OK	0x14a1599b0	.data	OK	0x1415454a0	.text	OK	0x14802c278	.rdata	OK	0x1415453c0	.text	OK	0x1416dcf20	.text	OK
Javelin::MatchmakingService::IMatchmakingNotificationHandler	5410	javelin_rtti_static	STRUCTURALLY_CONSISTENT		0x14a159070	.data	OK	0x14a159060	.data	OK	0x1414ed550	.text	OK	0x14800ec58	.rdata	OK	0x1414ed4c0	.text	OK	0x1416d8320	.text	OK
Javelin::NotificationService::HandlerRegistryRequester	1897	javelin_rtti_static	STRUCTURALLY_CONSISTENT		0x14a14d450	.data	OK	0x14a14d440	.data	OK	0x1414cae50	.text	OK	0x1480059a0	.rdata	OK	0x1414cad80	.text	OK	0x1416d6320	.text	OK
Javelin::NotificationService::HandlerRegistrySingletonTrait	2184	javelin_rtti_static	STRUCTURALLY_CONSISTENT		0x14a14cbb0	.data	OK	0x14a14cba0	.data	OK	0x1414d75e0	.text	OK	0x148009690	.rdata	OK	0x1414d7540	.text	OK	0x1416d6720	.text	OK
Javelin::NotificationService::HandlerRegistrySingletonTrait::State	1223	javelin_rtti_static	STRUCTURALLY_CONSISTENT		0x14a14c8c0	.data	OK	0x14a14c8b0	.data	OK	0x1414db9e0	.text	OK	0x14800a520	.rdata	OK	0x1414db870	.text	OK	0x141702720	.text	OK
Javelin::NotificationService::HandlerRegistrySingletonTrait::RegisterGdeDebugListenerMsg	2186	javelin_rtti_static	STRUCTURALLY_CONSISTENT		0x14a14c600	.data	OK	0x14a14c5f0	.data	OK	0x1414de100	.text	OK	0x14800af70	.rdata	OK	0x1414de050	.text	OK	0x1416f4f20	.text	OK
Javelin::NotificationService::HandlerRegistrySingletonTrait::UnregisterListenersMsg	2189	javelin_rtti_static	STRUCTURALLY_CONSISTENT		0x14a14c210	.data	OK	0x14a14c200	.data	OK	0x1414e1440	.text	OK	0x14800bd50	.rdata	OK	0x1414e13b0	.text	OK	0x14170ab20	.text	OK
Javelin::NotificationService::HandlerRegistrySingletonActor	2197	javelin_rtti_static	STRUCTURALLY_CONSISTENT		0x14a14bff0	.data	OK	0x14a14bfe0	.data	OK	0x1414e3e20	.text	OK	0x14800c850	.rdata	OK	0x1414e3d70	.text	OK	0x1416d6520	.text	OK
Javelin::NotificationService::HandlerRegistrySingletonActor::InitMsg	2198	javelin_rtti_static	STRUCTURALLY_CONSISTENT		0x14a14bb10	.data	OK	0x14a14bb00	.data	OK	0x1414eb640	.text	OK	0x14800e600	.rdata	OK	0x1414eb550	.text	OK	0x1416dad20	.text	OK
Javelin::NotificationService::Message	512	javelin_rtti_static	STRUCTURALLY_CONSISTENT		0x14a14b830	.data	OK	0x14a14b820	.data	OK	0x1414effd0	.text	OK	0x14800f778	.rdata	OK	0x1414eff40	.text	OK	0x1416e0320	.text	OK
Javelin::NotificationService::SimpleMessage	2199	javelin_rtti_static	STRUCTURALLY_CONSISTENT		0x14a14b530	.data	OK	0x14a14b520	.data	OK	0x1414f2080	.text	OK	0x148010100	.rdata	OK	0x1414f1f30	.text	OK	0x1416fe720	.text	OK
Javelin::NotificationService::FcsMessage	2202	javelin_rtti_static	STRUCTURALLY_CONSISTENT		0x14a14b300	.data	OK	0x14a14b2f0	.data	OK	0x1414f40d0	.text	OK	0x148011328	.rdata	OK	0x1414f4040	.text	OK	0x1416ce320	.text	OK
Javelin::NotificationService::PenaltyMessage	2203	javelin_rtti_static	STRUCTURALLY_CONSISTENT		0x14a14b0b0	.data	OK	0x14a14b0a0	.data	OK	0x1414f6130	.text	OK	0x148011e10	.rdata	OK	0x1414f6010	.text	OK	0x1416ea120	.text	OK
Javelin::NotificationService::CompanyCompensateMessage	4855	javelin_rtti_static	STRUCTURALLY_CONSISTENT		0x14a14ae20	.data	OK	0x14a14ae10	.data	OK	0x1414f7870	.text	OK	0x148012880	.rdata	OK	0x1414f77a0	.text	OK	0x1416c7720	.text	OK
Javelin::NotificationService::PublicWorldStatusChangedMessage	6549	javelin_rtti_static	STRUCTURALLY_CONSISTENT		0x14a14aaf0	.data	OK	0x14a14aae0	.data	OK	0x1414f88c0	.text	OK	0x148012e70	.rdata	OK	0x1414f87c0	.text	OK	0x1416ed320	.text	OK
Javelin::NotificationService::MatchmakingPlayerUpdateMessage	5412	javelin_rtti_static	STRUCTURALLY_CONSISTENT		0x14a14a7c0	.data	OK	0x14a14a7b0	.data	OK	0x1414f98a0	.text	OK	0x148013638	.rdata	OK	0x1414f9800	.text	OK	0x1416dff20	.text	OK
Javelin::NotificationService::MatchmakingMatchUpdateMessage	5574	javelin_rtti_static	STRUCTURALLY_CONSISTENT		0x14a14a430	.data	OK	0x14a14a420	.data	OK	0x1414fb510	.text	OK	0x148013ed8	.rdata	OK	0x1414fb460	.text	OK	0x1416dfd20	.text	OK
Javelin::NotificationService::MatchmakingSimulationResultMessage	6411	javelin_rtti_static	STRUCTURALLY_CONSISTENT		0x14a14a0d0	.data	OK	0x14a14a0c0	.data	OK	0x1414fccc0	.text	OK	0x148014648	.rdata	OK	0x1414fcc00	.text	OK	0x1416e0120	.text	OK
Javelin::NotificationService::QueuePollingTrait	2204	javelin_rtti_static	STRUCTURALLY_CONSISTENT		0x14a149a60	.data	OK	0x14a149a50	.data	OK	0x141509b80	.text	OK	0x148019a38	.rdata	OK	0x141509af0	.text	OK	0x1416f2120	.text	OK
Javelin::NotificationService::QueuePollingTrait::State	1071	javelin_rtti_static	STRUCTURALLY_CONSISTENT		0x14a149800	.data	OK	0x14a1497f0	.data	OK	0x14150b310	.text	OK	0x14801a570	.rdata	OK	0x14150b140	.text	OK	0x141705720	.text	OK
Javelin::NotificationService::QueuePollingTrait::GetQueueMsg	2208	javelin_rtti_static	STRUCTURALLY_CONSISTENT		0x14a149590	.data	OK	0x14a149580	.data	OK	0x14150ced0	.text	OK	0x14801ae70	.rdata	OK	0x14150cdb0	.text	OK	0x1416d0d20	.text	OK
Javelin::NotificationService::QueuePollingTrait::HandleQueueMessagesMsg	207	javelin_rtti_static	STRUCTURALLY_CONSISTENT		0x14a1492b0	.data	OK	0x14a1492a0	.data	OK	0x14150ecf0	.text	OK	0x14801b640	.rdata	OK	0x14150ea50	.text	OK	0x1416d6120	.text	OK
Javelin::NotificationService::QueuePollingActor	2067	javelin_rtti_static	STRUCTURALLY_CONSISTENT		0x14a148ef0	.data	OK	0x14a148ee0	.data	OK	0x1415132d0	.text	OK	0x14801d138	.rdata	OK	0x141513230	.text	OK	0x1416f1f20	.text	OK
Javelin::NotificationService::QueuePollingActor::InitMsg	879	javelin_rtti_static	STRUCTURALLY_CONSISTENT		0x14a148bb0	.data	OK	0x14a148ba0	.data	OK	0x141517ad0	.text	OK	0x14801e388	.rdata	OK	0x141517a40	.text	OK	0x1416db120	.text	OK
MB::AbilityInstanceTrackingComponentReplicatedState	2267	javelin_rtti_static	STRUCTURALLY_CONSISTENT		0x14a16a880	.data	OK	0x14a16a870	.data	OK	0x142589d90	.text	OK	0x1480905f8	.rdata	OK	0x142589d00	.text	OK	0x142596e80	.text	OK
Javelin::AIDebugSpawnParameter	5116	javelin_rtti_static	STRUCTURALLY_CONSISTENT		0x14a16a800	.data	OK	0x14a16a7f0	.data	OK	0x142589e40	.text	OK	0x148090628	.rdata	OK	0x142589db0	.text	OK	0x142596c80	.text	OK
Javelin::BossPhaseComponentReplicatedState	403	javelin_rtti_static	STRUCTURALLY_CONSISTENT		0x14a16ad70	.data	OK	0x14a16ad60	.data	OK	0x1425a23e0	.text	OK	0x1480936d8	.rdata	OK	0x1425a2350	.text	OK	0x1425d35a0	.text	OK
Javelin::BehaviorTreeComponentServerMessages	980	javelin_rtti_static	STRUCTURALLY_CONSISTENT		0x14a16cf50	.data	OK	0x14a16cf40	.data	OK	0x1425ef2d0	.text	OK	0x148099538	.rdata	OK	0x1425ef240	.text	OK	0x14260c970	.text	OK
Javelin::BehaviorTreeComponentClientMessages	2315	javelin_rtti_static	STRUCTURALLY_CONSISTENT		0x14a16ced0	.data	OK	0x14a16cec0	.data	OK	0x1425ef3f0	.text	OK	0x148099568	.rdata	OK	0x1425ef360	.text	OK	0x14260b370	.text	OK
Javelin::BlackboardParameterData	997	javelin_rtti_static	STRUCTURALLY_CONSISTENT		0x14a173b40	.data	OK	0x14a173b30	.data	OK	0x1426b26d0	.text	OK	0x1480aaab0	.rdata	OK	0x1426b2640	.text	OK	0x1425d33a0	.text	OK
Javelin::IBlackboardComponentRemoteInterface	5538	javelin_rtti_static	STRUCTURALLY_CONSISTENT		0x14a173ac0	.data	OK	0x14a173ab0	.data	OK	0x1426b2a40	.text	OK	0x1480aaba0	.rdata	OK	0x1426b29b0	.text	OK	0x1425d3ba0	.text	OK
MB::EncounterComponentReplicatedState	2133	javelin_rtti_static	STRUCTURALLY_CONSISTENT		0x14a173ee0	.data	OK	0x14a173ed0	.data	OK	0x1426d6870	.text	OK	0x1480ad718	.rdata	OK	0x1426d67e0	.text	OK	0x1426eecb0	.text	OK
MB::EncounterManagerComponentReplicatedState	6786	javelin_rtti_static	STRUCTURALLY_CONSISTENT		0x14a173e60	.data	OK	0x14a173e50	.data	OK	0x1426d6990	.text	OK	0x1480ad790	.rdata	OK	0x1426d6900	.text	OK	0x1426ef0b0	.text	OK
Javelin::EncounterParameter	2345	javelin_rtti_static	STRUCTURALLY_CONSISTENT		0x14a174b50	.data	OK	0x14a174b40	.data	OK	0x1426fc200	.text	OK	0x1480b0450	.rdata	OK	0x1426fc170	.text	OK	0x1425d39a0	.text	OK
Javelin::IEncounterAgentRemoteInterface	2349	javelin_rtti_static	STRUCTURALLY_CONSISTENT		0x14a174970	.data	OK	0x14a174960	.data	OK	0x1426fd5e0	.text	OK	0x1480b0a68	.rdata	OK	0x1426fd550	.text	OK	0x1425d41a0	.text	OK
Javelin::IEncounterManagerRemoteInterface	2358	javelin_rtti_static	STRUCTURALLY_CONSISTENT		0x14a1758a0	.data	OK	0x14a175890	.data	OK	0x142723690	.text	OK	0x1480b3958	.rdata	OK	0x142723600	.text	OK	0x142717a10	.text	OK
Javelin::ArenaReplicatedState	1296	javelin_rtti_static	STRUCTURALLY_CONSISTENT		0x14a176390	.data	OK	0x14a176380	.data	OK	0x14274aab0	.text	OK	0x1480b7310	.rdata	OK	0x14274aa20	.text	OK	0x142783590	.text	OK
Javelin::PlayerArenaReplicatedState	2406	javelin_rtti_static	STRUCTURALLY_CONSISTENT		0x14a175bc0	.data	OK	0x14a175bb0	.data	OK	0x142748340	.text	OK	0x1480b66b0	.rdata	OK	0x1427482b0	.text	OK	0x142785b90	.text	OK
MB::AttributeComponentReplicatedState	129	javelin_rtti_static	STRUCTURALLY_CONSISTENT		0x14a1764b0	.data	OK	0x14a1764a0	.data	OK	0x142749730	.text	OK	0x1480b6c20	.rdata	OK	0x1427496a0	.text	OK	0x142783790	.text	OK
MB::AudioProxyComponentReplicatedState	603	javelin_rtti_static	STRUCTURALLY_CONSISTENT		0x14a177870	.data	OK	0x14a177860	.data	OK	0x1427a80c0	.text	OK	0x1480bd588	.rdata	OK	0x1427a8030	.text	OK	0x1427bc820	.text	OK
Javelin::BotTask	2432	javelin_rtti_static	STRUCTURALLY_CONSISTENT		0x14a178390	.data	OK	0x14a178380	.data	OK	0x1427caf30	.text	OK	0x1480c24e0	.rdata	OK	0x1427caea0	.text	OK	0x1427fa840	.text	OK
Javelin::EbusMessages::RemoteScriptDebugVictimRequests_RemoteScriptDebugVictimGetStatus	6758	javelin_rtti_static	STRUCTURALLY_CONSISTENT		0x14a17aab0	.data	OK	0x14a17aaa0	.data	OK	0x142813e80	.text	OK	0x1480ca060	.rdata	OK	0x142813df0	.text	OK	0x142817e50	.text	OK
Javelin::EbusMessages::RemoteScriptDebugVictimRequests_RemoteScriptDebugVictimStep	6748	javelin_rtti_static	STRUCTURALLY_CONSISTENT		0x14a17aa00	.data	OK	0x14a17a9f0	.data	OK	0x142813f30	.text	OK	0x1480ca090	.rdata	OK	0x142813ea0	.text	OK	0x142818250	.text	OK
Javelin::EbusMessages::RemoteScriptDebugVictimRequests_RemoteScriptDebugVictimStart	6759	javelin_rtti_static	STRUCTURALLY_CONSISTENT		0x14a17a950	.data	OK	0x14a17a940	.data	OK	0x142813fe0	.text	OK	0x1480ca0c0	.rdata	OK	0x142813f50	.text	OK	0x142818050	.text	OK
Javelin::EbusMessages::RemoteScriptDebugVictimRequests_RemoteScriptDebugVictimStop	6750	javelin_rtti_static	STRUCTURALLY_CONSISTENT		0x14a17a8a0	.data	OK	0x14a17a890	.data	OK	0x142814090	.text	OK	0x1480ca0f0	.rdata	OK	0x142814000	.text	OK	0x142818450	.text	OK
Javelin::BotConditional	2434	javelin_rtti_static	STRUCTURALLY_CONSISTENT		0x14a17a830	.data	OK	0x14a17a820	.data	OK	0x142814150	.text	OK	0x1480ca120	.rdata	OK	0x1428140c0	.text	OK	0x1427fa440	.text	OK
Javelin::BotConditionalMultiChild	1603	javelin_rtti_static	STRUCTURALLY_CONSISTENT		0x14a17a7b0	.data	OK	0x14a17a7a0	.data	OK	0x142814200	.text	OK	0x1480ca168	.rdata	OK	0x142814170	.text	OK	0x1427fa640	.text	OK
Javelin::BotConditionalIfAbilityOnCooldown	2438	javelin_rtti_static	STRUCTURALLY_CONSISTENT		0x14a17a730	.data	OK	0x14a17a720	.data	OK	0x1428155f0	.text	OK	0x1480ca2d8	.rdata	OK	0x142815560	.text	OK	0x142817a50	.text	OK
Javelin::BotConditionalIfComparison	6318	javelin_rtti_static	STRUCTURALLY_CONSISTENT		0x14a17a6b0	.data	OK	0x14a17a6a0	.data	OK	0x1428156a0	.text	OK	0x1480ca308	.rdata	OK	0x142815610	.text	OK	0x142817c50	.text	OK
Javelin::BotConditionalIfInFaction	6599	javelin_rtti_static	STRUCTURALLY_CONSISTENT		0x14a17b130	.data	OK	0x14a17b120	.data	OK	0x14281ba90	.text	OK	0x1480cac98	.rdata	OK	0x14281ba00	.text	OK	0x14281d440	.text	OK
Javelin::BotConditionalIfInGameMode	5962	javelin_rtti_static	STRUCTURALLY_CONSISTENT		0x14a17b0b0	.data	OK	0x14a17b0a0	.data	OK	0x14281bb40	.text	OK	0x1480cacc8	.rdata	OK	0x14281bab0	.text	OK	0x14281d640	.text	OK
Javelin::BotConditionalIfInGridLayer	1181	javelin_rtti_static	STRUCTURALLY_CONSISTENT		0x14a17b030	.data	OK	0x14a17b020	.data	OK	0x14281a800	.text	OK	0x1480ca738	.rdata	OK	0x14281a770	.text	OK	0x14281d840	.text	OK
Javelin::BotConditionalIfInGroup	2442	javelin_rtti_static	STRUCTURALLY_CONSISTENT		0x14a17afb0	.data	OK	0x14a17afa0	.data	OK	0x14281a8b0	.text	OK	0x1480ca768	.rdata	OK	0x14281a820	.text	OK	0x14281da40	.text	OK
Javelin::BotConditionalIfInQueue	5963	javelin_rtti_static	STRUCTURALLY_CONSISTENT		0x14a17af30	.data	OK	0x14a17af20	.data	OK	0x14281aaa0	.text	OK	0x1480ca818	.rdata	OK	0x14281aa10	.text	OK	0x14281dc40	.text	OK
Javelin::BotConditionalIfIsMounted	5701	javelin_rtti_static	STRUCTURALLY_CONSISTENT		0x14a17aeb0	.data	OK	0x14a17aea0	.data	OK	0x14281b490	.text	OK	0x1480caa20	.rdata	OK	0x14281b400	.text	OK	0x14281de40	.text	OK
Javelin::BotConditionalIfIsSummoningMount	5957	javelin_rtti_static	STRUCTURALLY_CONSISTENT		0x14a17ae30	.data	OK	0x14a17ae20	.data	OK	0x14281b590	.text	OK	0x1480caac0	.rdata	OK	0x14281b500	.text	OK	0x14281e040	.text	OK
Javelin::BotConditionalIfItemInInventory	2445	javelin_rtti_static	STRUCTURALLY_CONSISTENT		0x14a17adb0	.data	OK	0x14a17ada0	.data	OK	0x14281b9e0	.text	OK	0x1480cac68	.rdata	OK	0x14281b950	.text	OK	0x14281e240	.text	OK
Javelin::BotConditionalIfItemSheathed	1734	javelin_rtti_static	STRUCTURALLY_CONSISTENT		0x14a17b6d0	.data	OK	0x14a17b6c0	.data	OK	0x14281f130	.text	OK	0x1480cb038	.rdata	OK	0x14281f0a0	.text	OK	0x1428236b0	.text	OK
Javelin::BotConditionalIfMannequinTag	5004	javelin_rtti_static	STRUCTURALLY_CONSISTENT		0x14a17b650	.data	OK	0x14a17b640	.data	OK	0x14281f680	.text	OK	0x1480cb0a8	.rdata	OK	0x14281f5f0	.text	OK	0x1428238b0	.text	OK
Javelin::BotConditionalIfPositionWithinRange	2313	javelin_rtti_static	STRUCTURALLY_CONSISTENT		0x14a17b5d0	.data	OK	0x14a17b5c0	.data	OK	0x14281f7c0	.text	OK	0x1480cb120	.rdata	OK	0x14281f730	.text	OK	0x142823ab0	.text	OK
Javelin::BotConditionalIfQuestIncomplete	6317	javelin_rtti_static	STRUCTURALLY_CONSISTENT		0x14a17b550	.data	OK	0x14a17b540	.data	OK	0x14281f870	.text	OK	0x1480cb150	.rdata	OK	0x14281f7e0	.text	OK	0x142823cb0	.text	OK
Javelin::BotConditionalIfRegistryEntity	1337	javelin_rtti_static	STRUCTURALLY_CONSISTENT		0x14a17b4d0	.data	OK	0x14a17b4c0	.data	OK	0x14281fc60	.text	OK	0x1480cb278	.rdata	OK	0x14281fbd0	.text	OK	0x142823eb0	.text	OK
Javelin::BotConditionalIfRegistryEntityDead	2446	javelin_rtti_static	STRUCTURALLY_CONSISTENT		0x14a17b450	.data	OK	0x14a17b440	.data	OK	0x14281fd10	.text	OK	0x1480cb2a8	.rdata	OK	0x14281fc80	.text	OK	0x1428240b0	.text	OK
Javelin::BotConditionalIfRegistryEntityInRange	2447	javelin_rtti_static	STRUCTURALLY_CONSISTENT		0x14a17b3c0	.data	OK	0x14a17b3b0	.data	OK	0x142820200	.text	OK	0x1480cb358	.rdata	OK	0x142820170	.text	OK	0x1428242b0	.text	OK
Javelin::BotConditionalIfRegistryEntityValid	1320	javelin_rtti_static	STRUCTURALLY_CONSISTENT		0x14a17b340	.data	OK	0x14a17b330	.data	OK	0x1428202e0	.text	OK	0x1480cb3a0	.rdata	OK	0x142820250	.text	OK	0x1428244b0	.text	OK
Javelin::BotConditionalIfRegistryValueFloat	2448	javelin_rtti_static	STRUCTURALLY_CONSISTENT		0x14a17bda0	.data	OK	0x14a17bd90	.data	OK	0x1428274a0	.text	OK	0x1480cbd88	.rdata	OK	0x142827410	.text	OK	0x14282ade0	.text	OK
Javelin::BotConditionalIfRegistryValueString	2453	javelin_rtti_static	STRUCTURALLY_CONSISTENT		0x14a17bd20	.data	OK	0x14a17bd10	.data	OK	0x142827550	.text	OK	0x1480cbdb8	.rdata	OK	0x1428274c0	.text	OK	0x14282afe0	.text	OK
Javelin::BotConditionalIfRegistryVectorValid	445	javelin_rtti_static	STRUCTURALLY_CONSISTENT		0x14a17bca0	.data	OK	0x14a17bc90	.data	OK	0x142827b90	.text	OK	0x1480cbe78	.rdata	OK	0x142827b00	.text	OK	0x14282b1e0	.text	OK
Javelin::BotConditionalIfReturnValueFloat	2455	javelin_rtti_static	STRUCTURALLY_CONSISTENT		0x14a17bc20	.data	OK	0x14a17bc10	.data	OK	0x142827c40	.text	OK	0x1480cbea8	.rdata	OK	0x142827bb0	.text	OK	0x14282b3e0	.text	OK
Javelin::BotConditionalIfReturnValueString	549	javelin_rtti_static	STRUCTURALLY_CONSISTENT		0x14a17bba0	.data	OK	0x14a17bb90	.data	OK	0x142827cf0	.text	OK	0x1480cbed8	.rdata	OK	0x142827c60	.text	OK	0x14282b5e0	.text	OK
Javelin::BotConditionalIfServerBot	5113	javelin_rtti_static	STRUCTURALLY_CONSISTENT		0x14a17bb20	.data	OK	0x14a17bb10	.data	OK	0x142827da0	.text	OK	0x1480cbf08	.rdata	OK	0x142827d10	.text	OK	0x14282b7e0	.text	OK
Javelin::BotConditionalIfStatBelowThreshold	2457	javelin_rtti_static	STRUCTURALLY_CONSISTENT		0x14a17baa0	.data	OK	0x14a17ba90	.data	OK	0x142827e50	.text	OK	0x1480cbf38	.rdata	OK	0x142827dc0	.text	OK	0x14282b9e0	.text	OK
Javelin::BotConditionalIfTerritoryCondition	626	javelin_rtti_static	STRUCTURALLY_CONSISTENT		0x14a17c4c0	.data	OK	0x14a17c4b0	.data	OK	0x14282ea10	.text	OK	0x1480cc2b0	.rdata	OK	0x14282e980	.text	OK	0x142834f00	.text	OK
Javelin::BotConditionalIfWarCondition	2292	javelin_rtti_static	STRUCTURALLY_CONSISTENT		0x14a17c440	.data	OK	0x14a17c430	.data	OK	0x14282f5e0	.text	OK	0x1480cc4b0	.rdata	OK	0x14282f550	.text	OK	0x142835100	.text	OK
Javelin::BotTaskDo	5977	javelin_rtti_static	STRUCTURALLY_CONSISTENT		0x14a17c3d0	.data	OK	0x14a17c3c0	.data	OK	0x14282f690	.text	OK	0x1480cc4e0	.rdata	OK	0x14282f600	.text	OK	0x1427faa40	.text	OK
Javelin::BotTaskFor	5976	javelin_rtti_static	STRUCTURALLY_CONSISTENT		0x14a17c360	.data	OK	0x14a17c350	.data	OK	0x14282f740	.text	OK	0x1480cc510	.rdata	OK	0x14282f6b0	.text	OK	0x1427fac40	.text	OK
Javelin::BotTaskForEach	5990	javelin_rtti_static	STRUCTURALLY_CONSISTENT		0x14a17c2f0	.data	OK	0x14a17c2e0	.data	OK	0x14282f7f0	.text	OK	0x1480cc540	.rdata	OK	0x14282f760	.text	OK	0x1427fae40	.text	OK
Javelin::BotTaskWhile	6190	javelin_rtti_static	STRUCTURALLY_CONSISTENT		0x14a17c280	.data	OK	0x14a17c270	.data	OK	0x14282f8a0	.text	OK	0x1480cc570	.rdata	OK	0x14282f810	.text	OK	0x1427fb440	.text	OK
Javelin::BotTaskActivateCameraLock	2459	javelin_rtti_static	STRUCTURALLY_CONSISTENT		0x14a17c200	.data	OK	0x14a17c1f0	.data	OK	0x14282f950	.text	OK	0x1480cc5a0	.rdata	OK	0x14282f8c0	.text	OK	0x142835300	.text	OK
Javelin::BotTaskAddItemsToStorage	6002	javelin_rtti_static	STRUCTURALLY_CONSISTENT		0x14a17c180	.data	OK	0x14a17c170	.data	OK	0x142830960	.text	OK	0x1480cc6f8	.rdata	OK	0x1428308d0	.text	OK	0x142835500	.text	OK
Javelin::BotTaskAdjustStatusEffect	1615	javelin_rtti_static	STRUCTURALLY_CONSISTENT		0x14a17cba0	.data	OK	0x14a17cb90	.data	OK	0x14283a670	.text	OK	0x1480cd5a0	.rdata	OK	0x14283a5e0	.text	OK	0x142842b60	.text	OK
Javelin::BotTaskAdvanceDungeon	2464	javelin_rtti_static	STRUCTURALLY_CONSISTENT		0x14a17cb20	.data	OK	0x14a17cb10	.data	OK	0x14283bfe0	.text	OK	0x1480cd800	.rdata	OK	0x14283bf50	.text	OK	0x142842d60	.text	OK
Javelin::BotTaskAdvanceEncounter	6061	javelin_rtti_static	STRUCTURALLY_CONSISTENT		0x14a17caa0	.data	OK	0x14a17ca90	.data	OK	0x14283c090	.text	OK	0x1480cd830	.rdata	OK	0x14283c000	.text	OK	0x142842f60	.text	OK
Javelin::BotTaskAltCharacter	5548	javelin_rtti_static	STRUCTURALLY_CONSISTENT		0x14a17c850	.data	OK	0x14a17c840	.data	OK	0x142838720	.text	OK	0x1480ccf60	.rdata	OK	0x142838690	.text	OK	0x142843160	.text	OK
Javelin::BotTaskApplyResources	2465	javelin_rtti_static	STRUCTURALLY_CONSISTENT		0x14a17c7d0	.data	OK	0x14a17c7c0	.data	OK	0x142838bf0	.text	OK	0x1480cd128	.rdata	OK	0x142838b60	.text	OK	0x142843360	.text	OK
Javelin::BotTaskBuildItem	1851	javelin_rtti_static	STRUCTURALLY_CONSISTENT		0x14a17c760	.data	OK	0x14a17c750	.data	OK	0x142838ca0	.text	OK	0x1480cd158	.rdata	OK	0x142838c10	.text	OK	0x142843560	.text	OK
Javelin::BotTaskCacheCurrentInventory	1468	javelin_rtti_static	STRUCTURALLY_CONSISTENT		0x14a17c6e0	.data	OK	0x14a17c6d0	.data	OK	0x14283a720	.text	OK	0x1480cd5d0	.rdata	OK	0x14283a690	.text	OK	0x142843760	.text	OK
Javelin::BotTaskCacheCurrentPosition	1527	javelin_rtti_static	STRUCTURALLY_CONSISTENT		0x14a17c660	.data	OK	0x14a17c650	.data	OK	0x14283a8d0	.text	OK	0x1480cd630	.rdata	OK	0x14283a840	.text	OK	0x142843960	.text	OK
Javelin::BotTaskCameraControl	2466	javelin_rtti_static	STRUCTURALLY_CONSISTENT		0x14a17cd90	.data	OK	0x14a17cd80	.data	OK	0x1428450b0	.text	OK	0x1480ce6a0	.rdata	OK	0x142845020	.text	OK	0x14284d970	.text	OK
Javelin::BotTaskCameraOverride	6332	javelin_rtti_static	STRUCTURALLY_CONSISTENT		0x14a17cd10	.data	OK	0x14a17cd00	.data	OK	0x142845160	.text	OK	0x1480ce6d0	.rdata	OK	0x1428450d0	.text	OK	0x14284db70	.text	OK
Javelin::BotTaskChangeMountDye	6251	javelin_rtti_static	STRUCTURALLY_CONSISTENT		0x14a17d320	.data	OK	0x14a17d310	.data	OK	0x1428458e0	.text	OK	0x1480ce8a0	.rdata	OK	0x142845850	.text	OK	0x14284dd70	.text	OK
Javelin::BotTaskChangeMountMsgSpam	6103	javelin_rtti_static	STRUCTURALLY_CONSISTENT		0x14a17d2a0	.data	OK	0x14a17d290	.data	OK	0x142845990	.text	OK	0x1480ce8d0	.rdata	OK	0x142845900	.text	OK	0x14284df70	.text	OK
Javelin::BotTaskClearGlobalRegistry	6311	javelin_rtti_static	STRUCTURALLY_CONSISTENT		0x14a17d220	.data	OK	0x14a17d210	.data	OK	0x142845a40	.text	OK	0x1480ce900	.rdata	OK	0x1428459b0	.text	OK	0x14284e170	.text	OK
Javelin::BotTaskConnectCrossWorld	5626	javelin_rtti_static	STRUCTURALLY_CONSISTENT		0x14a17cfc0	.data	OK	0x14a17cfb0	.data	OK	0x142848660	.text	OK	0x1480cee20	.rdata	OK	0x1428485d0	.text	OK	0x14284e370	.text	OK
Javelin::BotTaskConsoleCommand	2467	javelin_rtti_static	STRUCTURALLY_CONSISTENT		0x14a17cf40	.data	OK	0x14a17cf30	.data	OK	0x142848710	.text	OK	0x1480cee50	.rdata	OK	0x142848680	.text	OK	0x14284e570	.text	OK
Javelin::BotTaskCraftItem	2468	javelin_rtti_static	STRUCTURALLY_CONSISTENT		0x14a17ced0	.data	OK	0x14a17cec0	.data	OK	0x142849db0	.text	OK	0x1480cf358	.rdata	OK	0x142849d20	.text	OK	0x14284e770	.text	OK
Javelin::BotTaskCreateSlice	443	javelin_rtti_static	STRUCTURALLY_CONSISTENT		0x14a17d590	.data	OK	0x14a17d580	.data	OK	0x142855270	.text	OK	0x1480d0850	.rdata	OK	0x1428551e0	.text	OK	0x14285dc60	.text	OK
Javelin::BotTaskDestroySlice	1173	javelin_rtti_static	STRUCTURALLY_CONSISTENT		0x14a17d520	.data	OK	0x14a17d510	.data	OK	0x142855320	.text	OK	0x1480d0880	.rdata	OK	0x142855290	.text	OK	0x14285e060	.text	OK
Javelin::BotTaskCreateDungeon	2469	javelin_rtti_static	STRUCTURALLY_CONSISTENT		0x14a17dbb0	.data	OK	0x14a17dba0	.data	OK	0x142853ef0	.text	OK	0x1480d0500	.rdata	OK	0x142853e60	.text	OK	0x14285da60	.text	OK
Javelin::BotTaskJoinDungeonQueue	311	javelin_rtti_static	STRUCTURALLY_CONSISTENT		0x14a17db30	.data	OK	0x14a17db20	.data	OK	0x142853fa0	.text	OK	0x1480d0530	.rdata	OK	0x142853f10	.text	OK	0x14285ec60	.text	OK
Javelin::BotTaskAcceptDungeonInvite	2472	javelin_rtti_static	STRUCTURALLY_CONSISTENT		0x14a17dab0	.data	OK	0x14a17daa0	.data	OK	0x142854050	.text	OK	0x1480d0560	.rdata	OK	0x142853fc0	.text	OK	0x14285d860	.text	OK
Javelin::BotTaskDestroyDungeon	2475	javelin_rtti_static	STRUCTURALLY_CONSISTENT		0x14a17da30	.data	OK	0x14a17da20	.data	OK	0x142854100	.text	OK	0x1480d0590	.rdata	OK	0x142854070	.text	OK	0x14285de60	.text	OK
Javelin::BotTaskDropItem	1867	javelin_rtti_static	STRUCTURALLY_CONSISTENT		0x14a17d9c0	.data	OK	0x14a17d9b0	.data	OK	0x1428563e0	.text	OK	0x1480d0a20	.rdata	OK	0x142856350	.text	OK	0x14285e260	.text	OK
Javelin::BotTaskDropMultipleItems	5928	javelin_rtti_static	STRUCTURALLY_CONSISTENT		0x14a17d940	.data	OK	0x14a17d930	.data	OK	0x142856490	.text	OK	0x1480d0a70	.rdata	OK	0x142856400	.text	OK	0x14285e460	.text	OK
Javelin::BotTaskEditStorage	7050	javelin_rtti_static	STRUCTURALLY_CONSISTENT		0x14a17d820	.data	OK	0x14a17d810	.data	OK	0x14284f7c0	.text	OK	0x1480cfa60	.rdata	OK	0x14284f730	.text	OK	0x14285e660	.text	OK
Javelin::BotTaskEquipItem	2476	javelin_rtti_static	STRUCTURALLY_CONSISTENT		0x14a17d7b0	.data	OK	0x14a17d7a0	.data	OK	0x14284ff20	.text	OK	0x1480cfb78	.rdata	OK	0x14284fe90	.text	OK	0x14285e860	.text	OK
Javelin::BotTaskEstablishExplorationPattern	2376	javelin_rtti_static	STRUCTURALLY_CONSISTENT		0x14a17d730	.data	OK	0x14a17d720	.data	OK	0x142854800	.text	OK	0x1480d0640	.rdata	OK	0x142854770	.text	OK	0x14285ea60	.text	OK
Javelin::BotTaskExitToMainMenu	6525	javelin_rtti_static	STRUCTURALLY_CONSISTENT		0x14a17de50	.data	OK	0x14a17de40	.data	OK	0x1428607b0	.text	OK	0x1480d1598	.rdata	OK	0x142860720	.text	OK	0x1428682b0	.text	OK
Javelin::BotTaskFakeAISpawns	6736	javelin_rtti_static	STRUCTURALLY_CONSISTENT		0x14a17dde0	.data	OK	0x14a17ddd0	.data	OK	0x1428604d0	.text	OK	0x1480d14d8	.rdata	OK	0x142860440	.text	OK	0x1428686b0	.text	OK
Javelin::BotTaskFindEntity	1441	javelin_rtti_static	STRUCTURALLY_CONSISTENT		0x14a17e400	.data	OK	0x14a17e3f0	.data	OK	0x142860250	.text	OK	0x1480d1478	.rdata	OK	0x1428601c0	.text	OK	0x1428688b0	.text	OK
Javelin::BotTaskForceMigration	6805	javelin_rtti_static	STRUCTURALLY_CONSISTENT		0x14a17e380	.data	OK	0x14a17e370	.data	OK	0x142860610	.text	OK	0x1480d1538	.rdata	OK	0x142860580	.text	OK	0x142868ab0	.text	OK
Javelin::BotTaskForfeitArena	1450	javelin_rtti_static	STRUCTURALLY_CONSISTENT		0x14a17e310	.data	OK	0x14a17e300	.data	OK	0x142860700	.text	OK	0x1480d1568	.rdata	OK	0x142860670	.text	OK	0x142868cb0	.text	OK
Javelin::BotTaskFPSTracker	2477	javelin_rtti_static	STRUCTURALLY_CONSISTENT		0x14a17e2a0	.data	OK	0x14a17e290	.data	OK	0x142860860	.text	OK	0x1480d15c8	.rdata	OK	0x1428607d0	.text	OK	0x1428684b0	.text	OK
Javelin::BotTaskGetActiveTaskNamesFromPoiQuest	6874	javelin_rtti_static	STRUCTURALLY_CONSISTENT		0x14a17e210	.data	OK	0x14a17e200	.data	OK	0x142860910	.text	OK	0x1480d15f8	.rdata	OK	0x142860880	.text	OK	0x142868eb0	.text	OK
Javelin::BotTaskGetActiveTaskNamesFromQuest	6330	javelin_rtti_static	STRUCTURALLY_CONSISTENT		0x14a17e190	.data	OK	0x14a17e180	.data	OK	0x1428609e0	.text	OK	0x1480d1648	.rdata	OK	0x142860950	.text	OK	0x1428690b0	.text	OK
Javelin::BotTaskGetElementFromList	6085	javelin_rtti_static	STRUCTURALLY_CONSISTENT		0x14a17eb50	.data	OK	0x14a17eb40	.data	OK	0x14286e710	.text	OK	0x1480d3110	.rdata	OK	0x14286e680	.text	OK	0x14286fa40	.text	OK
Javelin::BotTaskGetListLength	6086	javelin_rtti_static	STRUCTURALLY_CONSISTENT		0x14a17ead0	.data	OK	0x14a17eac0	.data	OK	0x14286e9d0	.text	OK	0x1480d3170	.rdata	OK	0x14286e940	.text	OK	0x14286fc40	.text	OK
Javelin::BotTaskGetLocalQuestLocations	6329	javelin_rtti_static	STRUCTURALLY_CONSISTENT		0x14a17ea50	.data	OK	0x14a17ea40	.data	OK	0x14286bbc0	.text	OK	0x1480d2560	.rdata	OK	0x14286bb30	.text	OK	0x14286fe40	.text	OK
Javelin::BotTaskGetLocalQuestsNames	6328	javelin_rtti_static	STRUCTURALLY_CONSISTENT		0x14a17e9d0	.data	OK	0x14a17e9c0	.data	OK	0x14286bc70	.text	OK	0x1480d25e0	.rdata	OK	0x14286bbe0	.text	OK	0x142870040	.text	OK
Javelin::BotTaskGetPoiQuestsNames	6873	javelin_rtti_static	STRUCTURALLY_CONSISTENT		0x14a17e950	.data	OK	0x14a17e940	.data	OK	0x14286bd20	.text	OK	0x1480d2610	.rdata	OK	0x14286bc90	.text	OK	0x142870240	.text	OK
Javelin::BotTaskGetPositionOffset	6550	javelin_rtti_static	STRUCTURALLY_CONSISTENT		0x14a17e8d0	.data	OK	0x14a17e8c0	.data	OK	0x14286bdd0	.text	OK	0x1480d2640	.rdata	OK	0x14286bd40	.text	OK	0x142870440	.text	OK
Javelin::BotTaskGetRandomNumberFromRange	6087	javelin_rtti_static	STRUCTURALLY_CONSISTENT		0x14a17e850	.data	OK	0x14a17e840	.data	OK	0x14286bec0	.text	OK	0x1480d26b0	.rdata	OK	0x14286be30	.text	OK	0x142870640	.text	OK
Javelin::BotTaskGetScriptsList	6084	javelin_rtti_static	STRUCTURALLY_CONSISTENT		0x14a17e7d0	.data	OK	0x14a17e7c0	.data	OK	0x14286c3d0	.text	OK	0x1480d27c0	.rdata	OK	0x14286c340	.text	OK	0x142870840	.text	OK
Javelin::BotTaskGiveItems	1978	javelin_rtti_static	STRUCTURALLY_CONSISTENT		0x14a17ef20	.data	OK	0x14a17ef10	.data	OK	0x142875160	.text	OK	0x1480d3a70	.rdata	OK	0x1428750d0	.text	OK	0x1428828d0	.text	OK
Javelin::BotTaskGroupFinderAction	5341	javelin_rtti_static	STRUCTURALLY_CONSISTENT		0x14a17f2e0	.data	OK	0x14a17f2d0	.data	OK	0x142878d70	.text	OK	0x1480d3e08	.rdata	OK	0x142878ce0	.text	OK	0x142882ad0	.text	OK
Javelin::BotTaskGuildServiceScaleTest	2312	javelin_rtti_static	STRUCTURALLY_CONSISTENT		0x14a17f260	.data	OK	0x14a17f250	.data	OK	0x142879020	.text	OK	0x1480d3fe0	.rdata	OK	0x142878f90	.text	OK	0x142882cd0	.text	OK
Javelin::BotTaskHouseDecorationAction	1729	javelin_rtti_static	STRUCTURALLY_CONSISTENT		0x14a17f1e0	.data	OK	0x14a17f1d0	.data	OK	0x142879100	.text	OK	0x1480d4110	.rdata	OK	0x142879070	.text	OK	0x142882ed0	.text	OK
Javelin::BotTaskHousePlotAction	2480	javelin_rtti_static	STRUCTURALLY_CONSISTENT		0x14a17f160	.data	OK	0x14a17f150	.data	OK	0x1428791b0	.text	OK	0x1480d4140	.rdata	OK	0x142879120	.text	OK	0x1428830d0	.text	OK
Javelin::BotTaskIdle	2260	javelin_rtti_static	STRUCTURALLY_CONSISTENT		0x14a17f0f0	.data	OK	0x14a17f0e0	.data	OK	0x14287a020	.text	OK	0x1480d42d8	.rdata	OK	0x142879f90	.text	OK	0x1428832d0	.text	OK
Javelin::BotTaskIfThenElseExecute	1072	javelin_rtti_static	STRUCTURALLY_CONSISTENT		0x14a17f070	.data	OK	0x14a17f060	.data	OK	0x14287a1b0	.text	OK	0x1480d4308	.rdata	OK	0x14287a120	.text	OK	0x1427fb040	.text	OK
Javelin::BotTaskInfluenceRaceAction	6088	javelin_rtti_static	STRUCTURALLY_CONSISTENT		0x14a17eff0	.data	OK	0x14a17efe0	.data	OK	0x142871990	.text	OK	0x1480d34a8	.rdata	OK	0x142871900	.text	OK	0x1428834d0	.text	OK
Javelin::BotTaskInstantGather	2481	javelin_rtti_static	STRUCTURALLY_CONSISTENT		0x14a17f7c0	.data	OK	0x14a17f7b0	.data	OK	0x142885a50	.text	OK	0x1480d4e78	.rdata	OK	0x1428859c0	.text	OK	0x14288dc50	.text	OK
Javelin::BotTaskInteract	2483	javelin_rtti_static	STRUCTURALLY_CONSISTENT		0x14a17f750	.data	OK	0x14a17f740	.data	OK	0x142886640	.text	OK	0x1480d5138	.rdata	OK	0x1428865b0	.text	OK	0x14288de50	.text	OK
Javelin::BotTaskLandClaim	474	javelin_rtti_static	STRUCTURALLY_CONSISTENT		0x14a17f570	.data	OK	0x14a17f560	.data	OK	0x14288a150	.text	OK	0x1480d59e8	.rdata	OK	0x14288a0c0	.text	OK	0x14288e050	.text	OK
Javelin::BotTaskLeaderboardQueryBoard	5431	javelin_rtti_static	STRUCTURALLY_CONSISTENT		0x14a17f4f0	.data	OK	0x14a17f4e0	.data	OK	0x14288a2d0	.text	OK	0x1480d5a58	.rdata	OK	0x14288a240	.text	OK	0x14288e250	.text	OK
Javelin::BotTaskLeaderboardQueryStat	5433	javelin_rtti_static	STRUCTURALLY_CONSISTENT		0x14a17f8c0	.data	OK	0x14a17f8b0	.data	OK	0x1428859a0	.text	OK	0x1480d4e48	.rdata	OK	0x142885910	.text	OK	0x14288e450	.text	OK
Javelin::BotTaskLeaderboardReward	5434	javelin_rtti_static	STRUCTURALLY_CONSISTENT		0x14a17f840	.data	OK	0x14a17f830	.data	OK	0x142886420	.text	OK	0x1480d4f18	.rdata	OK	0x142886390	.text	OK	0x14288e650	.text	OK
Javelin::BotTaskLeaderboardSendStat	5360	javelin_rtti_static	STRUCTURALLY_CONSISTENT		0x14a17fca0	.data	OK	0x14a17fc90	.data	OK	0x142894640	.text	OK	0x1480d6928	.rdata	OK	0x1428945b0	.text	OK	0x142899200	.text	OK
Javelin::BotTaskLogText	1551	javelin_rtti_static	STRUCTURALLY_CONSISTENT		0x14a17fc30	.data	OK	0x14a17fc20	.data	OK	0x142892700	.text	OK	0x1480d6360	.rdata	OK	0x142892670	.text	OK	0x142899400	.text	OK
Javelin::BotTaskLootItem	72	javelin_rtti_static	STRUCTURALLY_CONSISTENT		0x14a17ff20	.data	OK	0x14a17ff10	.data	OK	0x142894570	.text	OK	0x1480d68d8	.rdata	OK	0x1428944e0	.text	OK	0x142899600	.text	OK
Javelin::BotTaskMakeCamp	1434	javelin_rtti_static	STRUCTURALLY_CONSISTENT		0x14a17feb0	.data	OK	0x14a17fea0	.data	OK	0x142890200	.text	OK	0x1480d5ef0	.rdata	OK	0x142890170	.text	OK	0x142899800	.text	OK
Javelin::BotTaskMetaAchievementGetProgressForCategory	2484	javelin_rtti_static	STRUCTURALLY_CONSISTENT		0x14a17fe20	.data	OK	0x14a17fe10	.data	OK	0x142890360	.text	OK	0x1480d5f40	.rdata	OK	0x1428902d0	.text	OK	0x142899a00	.text	OK
Javelin::BotTaskMetaAchievementReset	756	javelin_rtti_static	STRUCTURALLY_CONSISTENT		0x14a17fda0	.data	OK	0x14a17fd90	.data	OK	0x142890410	.text	OK	0x1480d5f70	.rdata	OK	0x142890380	.text	OK	0x142899c00	.text	OK
Javelin::BotTaskMetaAchievementTest	572	javelin_rtti_static	STRUCTURALLY_CONSISTENT		0x14a17fd20	.data	OK	0x14a17fd10	.data	OK	0x1428904c0	.text	OK	0x1480d5fa0	.rdata	OK	0x142890430	.text	OK	0x142899e00	.text	OK
Javelin::BotTaskMetaAchievementTestNotify	1215	javelin_rtti_static	STRUCTURALLY_CONSISTENT		0x14a180460	.data	OK	0x14a180450	.data	OK	0x1428a2c60	.text	OK	0x1480d7718	.rdata	OK	0x1428a2bd0	.text	OK	0x1428ae100	.text	OK
Javelin::BotTaskMetaAchievementUnlock	2488	javelin_rtti_static	STRUCTURALLY_CONSISTENT		0x14a1803e0	.data	OK	0x14a1803d0	.data	OK	0x1428a2d10	.text	OK	0x1480d7748	.rdata	OK	0x1428a2c80	.text	OK	0x1428ae300	.text	OK
Javelin::BotTaskModifyObjectives	2490	javelin_rtti_static	STRUCTURALLY_CONSISTENT		0x14a180360	.data	OK	0x14a180350	.data	OK	0x1428a2e10	.text	OK	0x1480d7b28	.rdata	OK	0x1428a2d80	.text	OK	0x1428ae500	.text	OK
Javelin::BotTaskMoveByName	2491	javelin_rtti_static	STRUCTURALLY_CONSISTENT		0x14a1802f0	.data	OK	0x14a1802e0	.data	OK	0x1428a3a60	.text	OK	0x1480d7e28	.rdata	OK	0x1428a39d0	.text	OK	0x1428ae700	.text	OK
Javelin::BotTaskMoveByOffset	2296	javelin_rtti_static	STRUCTURALLY_CONSISTENT		0x14a180280	.data	OK	0x14a180270	.data	OK	0x1428a3de0	.text	OK	0x1480d7e88	.rdata	OK	0x1428a3d50	.text	OK	0x1428ae900	.text	OK
Javelin::BotTaskMoveInCircle	190	javelin_rtti_static	STRUCTURALLY_CONSISTENT		0x14a180210	.data	OK	0x14a180200	.data	OK	0x1428a3e90	.text	OK	0x1480d7eb8	.rdata	OK	0x1428a3e00	.text	OK	0x1428aeb00	.text	OK
Javelin::BotTaskMoveTo	547	javelin_rtti_static	STRUCTURALLY_CONSISTENT		0x14a1801a0	.data	OK	0x14a180190	.data	OK	0x1428a3f40	.text	OK	0x1480d7ee8	.rdata	OK	0x1428a3eb0	.text	OK	0x1428aed00	.text	OK
Javelin::BotTaskMoveToArea	2494	javelin_rtti_static	STRUCTURALLY_CONSISTENT		0x14a180130	.data	OK	0x14a180120	.data	OK	0x1428a3ff0	.text	OK	0x1480d7f18	.rdata	OK	0x1428a3f60	.text	OK	0x1428aef00	.text	OK
Javelin::BotTaskMoveToEntity	2496	javelin_rtti_static	STRUCTURALLY_CONSISTENT		0x14a180dd0	.data	OK	0x14a180dc0	.data	OK	0x1428b7080	.text	OK	0x1480da980	.rdata	OK	0x1428b6ff0	.text	OK	0x1428ba7b0	.text	OK
Javelin::BotTaskMoveToEntityInteractable	1099	javelin_rtti_static	STRUCTURALLY_CONSISTENT		0x14a180d50	.data	OK	0x14a180d40	.data	OK	0x1428b3110	.text	OK	0x1480d9a30	.rdata	OK	0x1428b3080	.text	OK	0x1428ba9b0	.text	OK
Javelin::BotTaskMoveToPosition	2498	javelin_rtti_static	STRUCTURALLY_CONSISTENT		0x14a180c70	.data	OK	0x14a180c60	.data	OK	0x1428b31c0	.text	OK	0x1480d9a60	.rdata	OK	0x1428b3130	.text	OK	0x1428af100	.text	OK
Javelin::BotTaskMoveToRandomPosition	423	javelin_rtti_static	STRUCTURALLY_CONSISTENT		0x14a180bf0	.data	OK	0x14a180be0	.data	OK	0x1428b3270	.text	OK	0x1480d9a90	.rdata	OK	0x1428b31e0	.text	OK	0x1428babb0	.text	OK
Javelin::BotTaskMTXStorePurchaseConsumable	2499	javelin_rtti_static	STRUCTURALLY_CONSISTENT		0x14a180b70	.data	OK	0x14a180b60	.data	OK	0x1428b52e0	.text	OK	0x1480da2b0	.rdata	OK	0x1428b5250	.text	OK	0x1428ba3b0	.text	OK
Javelin::BotTaskMTXStoreUseConsumable	2500	javelin_rtti_static	STRUCTURALLY_CONSISTENT		0x14a180af0	.data	OK	0x14a180ae0	.data	OK	0x1428b5390	.text	OK	0x1480da2e0	.rdata	OK	0x1428b5300	.text	OK	0x1428ba5b0	.text	OK
Javelin::BotTaskTransferCharacter	2501	javelin_rtti_static	STRUCTURALLY_CONSISTENT		0x14a180a70	.data	OK	0x14a180a60	.data	OK	0x1428b5440	.text	OK	0x1480da310	.rdata	OK	0x1428b53b0	.text	OK	0x1428bafb0	.text	OK
Javelin::BotTaskMultiChild	253	javelin_rtti_static	STRUCTURALLY_CONSISTENT		0x14a180a00	.data	OK	0x14a1809f0	.data	OK	0x1428b54f0	.text	OK	0x1480da340	.rdata	OK	0x1428b5460	.text	OK	0x1427fb240	.text	OK
Javelin::BotTaskNavigateToPosition	1432	javelin_rtti_static	STRUCTURALLY_CONSISTENT		0x14a180980	.data	OK	0x14a180970	.data	OK	0x1428b55a0	.text	OK	0x1480da370	.rdata	OK	0x1428b5510	.text	OK	0x1428badb0	.text	OK
Javelin::BotTaskPerformCategoricalProgressionAction	2504	javelin_rtti_static	STRUCTURALLY_CONSISTENT		0x14a181290	.data	OK	0x14a181280	.data	OK	0x1428bc8d0	.text	OK	0x1480daf28	.rdata	OK	0x1428bc840	.text	OK	0x1428d3950	.text	OK
Javelin::BotTaskPerformContractsAction	2506	javelin_rtti_static	STRUCTURALLY_CONSISTENT		0x14a1811a0	.data	OK	0x14a181190	.data	OK	0x1428c5470	.text	OK	0x1480dc000	.rdata	OK	0x1428c53e0	.text	OK	0x1428d3b50	.text	OK
Javelin::BotTaskPerformFactionAction	1806	javelin_rtti_static	STRUCTURALLY_CONSISTENT		0x14a181120	.data	OK	0x14a181110	.data	OK	0x1428bc820	.text	OK	0x1480daef8	.rdata	OK	0x1428bc790	.text	OK	0x1428d3d50	.text	OK
Javelin::BotTaskPerformFishingAction	2509	javelin_rtti_static	STRUCTURALLY_CONSISTENT		0x14a1810a0	.data	OK	0x14a181090	.data	OK	0x1428bd3d0	.text	OK	0x1480db0a0	.rdata	OK	0x1428bd340	.text	OK	0x1428d3f50	.text	OK
Javelin::BotTaskPerformFriendAction	2510	javelin_rtti_static	STRUCTURALLY_CONSISTENT		0x14a181550	.data	OK	0x14a181540	.data	OK	0x1428bdd30	.text	OK	0x1480db318	.rdata	OK	0x1428bdca0	.text	OK	0x1428d4150	.text	OK
Javelin::BotTaskPerformGameModeAction	2288	javelin_rtti_static	STRUCTURALLY_CONSISTENT		0x14a1814d0	.data	OK	0x14a1814c0	.data	OK	0x1428bf670	.text	OK	0x1480db5c8	.rdata	OK	0x1428bf5e0	.text	OK	0x1428d4350	.text	OK
Javelin::BotTaskPerformGroupAction	2359	javelin_rtti_static	STRUCTURALLY_CONSISTENT		0x14a181a30	.data	OK	0x14a181a20	.data	OK	0x1428e2d60	.text	OK	0x1480df1b8	.rdata	OK	0x1428e2cd0	.text	OK	0x1428f0a10	.text	OK
Javelin::BotTaskPerformGuildAction	2353	javelin_rtti_static	STRUCTURALLY_CONSISTENT		0x14a181ec0	.data	OK	0x14a181eb0	.data	OK	0x1428da850	.text	OK	0x1480de268	.rdata	OK	0x1428da7c0	.text	OK	0x1428f0c10	.text	OK
Javelin::BotTaskPerformInnAction	6512	javelin_rtti_static	STRUCTURALLY_CONSISTENT		0x14a181e40	.data	OK	0x14a181e30	.data	OK	0x1428dd4c0	.text	OK	0x1480de6c0	.rdata	OK	0x1428dd430	.text	OK	0x1428f0e10	.text	OK
Javelin::BotTaskPerformInventoryAction	2511	javelin_rtti_static	STRUCTURALLY_CONSISTENT		0x14a181dc0	.data	OK	0x14a181db0	.data	OK	0x1428e2970	.text	OK	0x1480deec0	.rdata	OK	0x1428e28e0	.text	OK	0x1428f1010	.text	OK
Javelin::BotTaskPerformMusicAction	5275	javelin_rtti_static	STRUCTURALLY_CONSISTENT		0x14a181d40	.data	OK	0x14a181d30	.data	OK	0x1428e2f10	.text	OK	0x1480df218	.rdata	OK	0x1428e2e80	.text	OK	0x1428f1210	.text	OK
Javelin::BotTaskPerformPhasingAction	6541	javelin_rtti_static	STRUCTURALLY_CONSISTENT		0x14a181cc0	.data	OK	0x14a181cb0	.data	OK	0x1428e30d0	.text	OK	0x1480df278	.rdata	OK	0x1428e3040	.text	OK	0x1428f1410	.text	OK
Javelin::BotTaskPerformProgressionAction	2512	javelin_rtti_static	STRUCTURALLY_CONSISTENT		0x14a181c40	.data	OK	0x14a181c30	.data	OK	0x1428e3b00	.text	OK	0x1480df3b0	.rdata	OK	0x1428e3a70	.text	OK	0x1428f1610	.text	OK
Javelin::BotTaskPlayWhisper	5383	javelin_rtti_static	STRUCTURALLY_CONSISTENT		0x14a181bd0	.data	OK	0x14a181bc0	.data	OK	0x1428e3c70	.text	OK	0x1480dddc8	.rdata	OK	0x1428e3be0	.text	OK	0x1428f1810	.text	OK
Javelin::BotTaskPopulateMountPersistence	6236	javelin_rtti_static	STRUCTURALLY_CONSISTENT		0x14a182910	.data	OK	0x14a182900	.data	OK	0x1428f5e30	.text	OK	0x1480e1070	.rdata	OK	0x1428f5da0	.text	OK	0x142900d40	.text	OK
Javelin::BotTaskPressInput	1894	javelin_rtti_static	STRUCTURALLY_CONSISTENT		0x14a1828a0	.data	OK	0x14a182890	.data	OK	0x1428f7b90	.text	OK	0x1480e1448	.rdata	OK	0x1428f7b00	.text	OK	0x142900f40	.text	OK
Javelin::BotTaskProfileRecordingName	6423	javelin_rtti_static	STRUCTURALLY_CONSISTENT		0x14a182820	.data	OK	0x14a182810	.data	OK	0x1428f7c40	.text	OK	0x1480e1478	.rdata	OK	0x1428f7bb0	.text	OK	0x142901140	.text	OK
Javelin::BotTaskRadCapOnHitch	2514	javelin_rtti_static	STRUCTURALLY_CONSISTENT		0x14a1827a0	.data	OK	0x14a182790	.data	OK	0x1428f8220	.text	OK	0x1480e15a0	.rdata	OK	0x1428f8190	.text	OK	0x142901340	.text	OK
Javelin::BotTaskRaidAction	305	javelin_rtti_static	STRUCTURALLY_CONSISTENT		0x14a182730	.data	OK	0x14a182720	.data	OK	0x1428f8440	.text	OK	0x1480e1660	.rdata	OK	0x1428f83b0	.text	OK	0x142901540	.text	OK
Javelin::BotTaskRandomizeMatchmakingRating	6391	javelin_rtti_static	STRUCTURALLY_CONSISTENT		0x14a1826b0	.data	OK	0x14a1826a0	.data	OK	0x1428f8e20	.text	OK	0x1480e1820	.rdata	OK	0x1428f8d90	.text	OK	0x142901740	.text	OK
Javelin::BotTaskReadyUp	6825	javelin_rtti_static	STRUCTURALLY_CONSISTENT		0x14a182640	.data	OK	0x14a182630	.data	OK	0x1428f8ed0	.text	OK	0x1480e1850	.rdata	OK	0x1428f8e40	.text	OK	0x142901940	.text	OK
Javelin::BotTaskRegisterToGroup	2516	javelin_rtti_static	STRUCTURALLY_CONSISTENT		0x14a1825c0	.data	OK	0x14a1825b0	.data	OK	0x1428f8f80	.text	OK	0x1480e1880	.rdata	OK	0x1428f8ef0	.text	OK	0x142901b40	.text	OK
Javelin::BotTaskRemoveItems	1962	javelin_rtti_static	STRUCTURALLY_CONSISTENT		0x14a182f60	.data	OK	0x14a182f50	.data	OK	0x142907da0	.text	OK	0x1480e2d88	.rdata	OK	0x142907d10	.text	OK	0x142916410	.text	OK
Javelin::BotTaskRepairItem	2518	javelin_rtti_static	STRUCTURALLY_CONSISTENT		0x14a182ef0	.data	OK	0x14a182ee0	.data	OK	0x1429080a0	.text	OK	0x1480e2ed0	.rdata	OK	0x142908010	.text	OK	0x142916610	.text	OK
Javelin::BotTaskResetEncounter	6861	javelin_rtti_static	STRUCTURALLY_CONSISTENT		0x14a182e70	.data	OK	0x14a182e60	.data	OK	0x142908330	.text	OK	0x1480e2f30	.rdata	OK	0x1429082a0	.text	OK	0x142916810	.text	OK
Javelin::BotTaskRespawnWhenDead	337	javelin_rtti_static	STRUCTURALLY_CONSISTENT		0x14a182d30	.data	OK	0x14a182d20	.data	OK	0x14290a080	.text	OK	0x1480e31e0	.rdata	OK	0x142909ff0	.text	OK	0x142916a10	.text	OK
Javelin::BotTaskRunBMS	314	javelin_rtti_static	STRUCTURALLY_CONSISTENT		0x14a182cc0	.data	OK	0x14a182cb0	.data	OK	0x14290a1a0	.text	OK	0x1480e3230	.rdata	OK	0x14290a110	.text	OK	0x142916c10	.text	OK
Javelin::BotTaskSalvageItem	2522	javelin_rtti_static	STRUCTURALLY_CONSISTENT		0x14a182c50	.data	OK	0x14a182c40	.data	OK	0x14290a600	.text	OK	0x1480e32a8	.rdata	OK	0x14290a570	.text	OK	0x142916e10	.text	OK
Javelin::BotTaskSeasonsRewards	5702	javelin_rtti_static	STRUCTURALLY_CONSISTENT		0x14a182bd0	.data	OK	0x14a182bc0	.data	OK	0x1429036a0	.text	OK	0x1480e2628	.rdata	OK	0x142903610	.text	OK	0x142917010	.text	OK
Javelin::BotTaskSelectWeapon	2523	javelin_rtti_static	STRUCTURALLY_CONSISTENT		0x14a182b60	.data	OK	0x14a182b50	.data	OK	0x142903e90	.text	OK	0x1480e2768	.rdata	OK	0x142903e00	.text	OK	0x142917210	.text	OK
Javelin::BotTaskSendChatMessage	2524	javelin_rtti_static	STRUCTURALLY_CONSISTENT		0x14a1838f0	.data	OK	0x14a1838e0	.data	OK	0x14291c5e0	.text	OK	0x1480e5ba0	.rdata	OK	0x14291c550	.text	OK	0x14291ea70	.text	OK
Javelin::BotTaskServerAttack	1864	javelin_rtti_static	STRUCTURALLY_CONSISTENT		0x14a183880	.data	OK	0x14a183870	.data	OK	0x14291a7e0	.text	OK	0x1480e51c0	.rdata	OK	0x14291a750	.text	OK	0x14291ec70	.text	OK
Javelin::BotTaskServerAttackRanged	1302	javelin_rtti_static	STRUCTURALLY_CONSISTENT		0x14a183800	.data	OK	0x14a1837f0	.data	OK	0x14291a8f0	.text	OK	0x1480e5250	.rdata	OK	0x14291a860	.text	OK	0x14291ee70	.text	OK
Javelin::BotTaskSetBackstory	2527	javelin_rtti_static	STRUCTURALLY_CONSISTENT		0x14a183610	.data	OK	0x14a183600	.data	OK	0x14291c0f0	.text	OK	0x1480e5998	.rdata	OK	0x14291c060	.text	OK	0x14291f070	.text	OK
Javelin::BotTaskSetDurability	6123	javelin_rtti_static	STRUCTURALLY_CONSISTENT		0x14a183590	.data	OK	0x14a183580	.data	OK	0x142919450	.text	OK	0x1480e4cd8	.rdata	OK	0x1429193c0	.text	OK	0x14291f270	.text	OK
Javelin::BotTaskSetEntitlement	6128	javelin_rtti_static	STRUCTURALLY_CONSISTENT		0x14a183510	.data	OK	0x14a183500	.data	OK	0x142919500	.text	OK	0x1480e4d78	.rdata	OK	0x142919470	.text	OK	0x14291f470	.text	OK
Javelin::BotTaskSetGodMode	637	javelin_rtti_static	STRUCTURALLY_CONSISTENT		0x14a1834a0	.data	OK	0x14a183490	.data	OK	0x1429195b0	.text	OK	0x1480e4da8	.rdata	OK	0x142919520	.text	OK	0x14291f670	.text	OK
Javelin::BotTaskSetGroupRegistryKey	2181	javelin_rtti_static	STRUCTURALLY_CONSISTENT		0x14a183420	.data	OK	0x14a183410	.data	OK	0x142919660	.text	OK	0x1480e4dd8	.rdata	OK	0x1429195d0	.text	OK	0x14291f870	.text	OK
Javelin::BotTaskSetIgnoredByAI	2352	javelin_rtti_static	STRUCTURALLY_CONSISTENT		0x14a183ba0	.data	OK	0x14a183b90	.data	OK	0x142921ac0	.text	OK	0x1480e6248	.rdata	OK	0x142921a30	.text	OK	0x142924720	.text	OK
Javelin::BotTaskSetIgnoreDurabilityLoss	6116	javelin_rtti_static	STRUCTURALLY_CONSISTENT		0x14a183b20	.data	OK	0x14a183b10	.data	OK	0x142921b70	.text	OK	0x1480e6278	.rdata	OK	0x142921ae0	.text	OK	0x142924520	.text	OK
Javelin::BotTaskSetMountDebugSpeed	6263	javelin_rtti_static	STRUCTURALLY_CONSISTENT		0x14a183ff0	.data	OK	0x14a183fe0	.data	OK	0x142922870	.text	OK	0x1480e65f0	.rdata	OK	0x1429227e0	.text	OK	0x142924920	.text	OK
Javelin::BotTaskSetMountType	5981	javelin_rtti_static	STRUCTURALLY_CONSISTENT		0x14a183f80	.data	OK	0x14a183f70	.data	OK	0x142920bb0	.text	OK	0x1480e5e30	.rdata	OK	0x142920b20	.text	OK	0x142924b20	.text	OK
Javelin::BotTaskSetProbation	5934	javelin_rtti_static	STRUCTURALLY_CONSISTENT		0x14a183e50	.data	OK	0x14a183e40	.data	OK	0x1429218b0	.text	OK	0x1480e61b8	.rdata	OK	0x142921820	.text	OK	0x142924d20	.text	OK
Javelin::BotTaskSetRegistryByName	1177	javelin_rtti_static	STRUCTURALLY_CONSISTENT		0x14a183dd0	.data	OK	0x14a183dc0	.data	OK	0x142921960	.text	OK	0x1480e61e8	.rdata	OK	0x1429218d0	.text	OK	0x142924f20	.text	OK
Javelin::BotTaskSetRemoteBotRegistryValue	2528	javelin_rtti_static	STRUCTURALLY_CONSISTENT		0x14a183d50	.data	OK	0x14a183d40	.data	OK	0x142921a10	.text	OK	0x1480e6218	.rdata	OK	0x142921980	.text	OK	0x142925120	.text	OK
Javelin::BotTaskSetTradeSkill	5918	javelin_rtti_static	STRUCTURALLY_CONSISTENT		0x14a1843b0	.data	OK	0x14a1843a0	.data	OK	0x1429291a0	.text	OK	0x1480e70f8	.rdata	OK	0x142929110	.text	OK	0x14292cee0	.text	OK
Javelin::BotTaskSnapToNavMesh	5737	javelin_rtti_static	STRUCTURALLY_CONSISTENT		0x14a184330	.data	OK	0x14a184320	.data	OK	0x14292a830	.text	OK	0x1480e7628	.rdata	OK	0x14292a7a0	.text	OK	0x14292d0e0	.text	OK
Javelin::BotTaskSocialDataScaleTest	2529	javelin_rtti_static	STRUCTURALLY_CONSISTENT		0x14a1842b0	.data	OK	0x14a1842a0	.data	OK	0x14292a8e0	.text	OK	0x1480e7658	.rdata	OK	0x14292a850	.text	OK	0x14292d2e0	.text	OK
Javelin::BotTaskSpawnServerBot	2530	javelin_rtti_static	STRUCTURALLY_CONSISTENT		0x14a184230	.data	OK	0x14a184220	.data	OK	0x14292a990	.text	OK	0x1480e7688	.rdata	OK	0x14292a900	.text	OK	0x14292d4e0	.text	OK
Javelin::BotTaskStartEmote	2532	javelin_rtti_static	STRUCTURALLY_CONSISTENT		0x14a1847e0	.data	OK	0x14a1847d0	.data	OK	0x142928260	.text	OK	0x1480e6ed8	.rdata	OK	0x1429281d0	.text	OK	0x14292d6e0	.text	OK
Javelin::BotTaskStorageSearch	7051	javelin_rtti_static	STRUCTURALLY_CONSISTENT		0x14a184760	.data	OK	0x14a184750	.data	OK	0x14292a230	.text	OK	0x1480e7538	.rdata	OK	0x14292a1a0	.text	OK	0x14292d8e0	.text	OK
Javelin::BotTaskSummonMount	6623	javelin_rtti_static	STRUCTURALLY_CONSISTENT		0x14a1846f0	.data	OK	0x14a1846e0	.data	OK	0x14292a6d0	.text	OK	0x1480e75c8	.rdata	OK	0x14292a640	.text	OK	0x14292dae0	.text	OK
Javelin::BotTaskSwitchLoadout	5506	javelin_rtti_static	STRUCTURALLY_CONSISTENT		0x14a184670	.data	OK	0x14a184660	.data	OK	0x14292a780	.text	OK	0x1480e75f8	.rdata	OK	0x14292a6f0	.text	OK	0x14292dce0	.text	OK
Javelin::BotTaskSyncGlobalRegistry	2326	javelin_rtti_static	STRUCTURALLY_CONSISTENT		0x14a184fb0	.data	OK	0x14a184fa0	.data	OK	0x14292f430	.text	OK	0x1480e7cc0	.rdata	OK	0x14292f3a0	.text	OK	0x142934f90	.text	OK
Javelin::BotTaskTakePerfSnapshot	4820	javelin_rtti_static	STRUCTURALLY_CONSISTENT		0x14a184f30	.data	OK	0x14a184f20	.data	OK	0x14292fec0	.text	OK	0x1480e7d80	.rdata	OK	0x14292fe30	.text	OK	0x142935190	.text	OK
Javelin::BotTaskTakeRegionPerfSnapshot	6094	javelin_rtti_static	STRUCTURALLY_CONSISTENT		0x14a184eb0	.data	OK	0x14a184ea0	.data	OK	0x142930510	.text	OK	0x1480e8030	.rdata	OK	0x142930480	.text	OK	0x142935390	.text	OK
Javelin::BotTaskTeleport	6688	javelin_rtti_static	STRUCTURALLY_CONSISTENT		0x14a184e40	.data	OK	0x14a184e30	.data	OK	0x142930920	.text	OK	0x1480e81a8	.rdata	OK	0x142930890	.text	OK	0x142935590	.text	OK
Javelin::BotTaskToggleInventory	571	javelin_rtti_static	STRUCTURALLY_CONSISTENT		0x14a184dc0	.data	OK	0x14a184db0	.data	OK	0x142930a10	.text	OK	0x1480e82e8	.rdata	OK	0x142930980	.text	OK	0x142935790	.text	OK
Javelin::BotTaskToggleUIState	6102	javelin_rtti_static	STRUCTURALLY_CONSISTENT		0x14a184d40	.data	OK	0x14a184d30	.data	OK	0x142930ae0	.text	OK	0x1480e8338	.rdata	OK	0x142930a50	.text	OK	0x142935990	.text	OK
Javelin::BotTaskTransactionsScaleTest	1133	javelin_rtti_static	STRUCTURALLY_CONSISTENT		0x14a184cc0	.data	OK	0x14a184cb0	.data	OK	0x142930b90	.text	OK	0x1480e8368	.rdata	OK	0x142930b00	.text	OK	0x142935b90	.text	OK
Javelin::BotTaskTransmogEquipSkin	6001	javelin_rtti_static	STRUCTURALLY_CONSISTENT		0x14a184c40	.data	OK	0x14a184c30	.data	OK	0x1429321e0	.text	OK	0x1480e8708	.rdata	OK	0x142932150	.text	OK	0x142935f90	.text	OK
Javelin::BotTaskTransmogUnlockSkin	6000	javelin_rtti_static	STRUCTURALLY_CONSISTENT		0x14a184bc0	.data	OK	0x14a184bb0	.data	OK	0x142932290	.text	OK	0x1480e8738	.rdata	OK	0x142932200	.text	OK	0x142936190	.text	OK
Javelin::BotTaskTransmogConvertData	6003	javelin_rtti_static	STRUCTURALLY_CONSISTENT		0x14a184b40	.data	OK	0x14a184b30	.data	OK	0x142932340	.text	OK	0x1480e8768	.rdata	OK	0x1429322b0	.text	OK	0x142935d90	.text	OK
Javelin::BotTaskTurnTowards	4983	javelin_rtti_static	STRUCTURALLY_CONSISTENT		0x14a185150	.data	OK	0x14a185140	.data	OK	0x142939bf0	.text	OK	0x1480e9680	.rdata	OK	0x142939b60	.text	OK	0x14293fd30	.text	OK
Javelin::BotTaskUnequipItem	6004	javelin_rtti_static	STRUCTURALLY_CONSISTENT		0x14a185740	.data	OK	0x14a185730	.data	OK	0x142936ff0	.text	OK	0x1480e8e28	.rdata	OK	0x142936f60	.text	OK	0x14293ff30	.text	OK
Javelin::BotTaskUnlockAbility	2271	javelin_rtti_static	STRUCTURALLY_CONSISTENT		0x14a1856c0	.data	OK	0x14a1856b0	.data	OK	0x142937ba0	.text	OK	0x1480e90c8	.rdata	OK	0x142937b10	.text	OK	0x142940130	.text	OK
Javelin::BotTaskUnlockAchievement	5987	javelin_rtti_static	STRUCTURALLY_CONSISTENT		0x14a185640	.data	OK	0x14a185630	.data	OK	0x142938cd0	.text	OK	0x1480e9278	.rdata	OK	0x142938c40	.text	OK	0x142940330	.text	OK
Javelin::BotTaskUnlockSteamAchievement	2533	javelin_rtti_static	STRUCTURALLY_CONSISTENT		0x14a1855c0	.data	OK	0x14a1855b0	.data	OK	0x142938d80	.text	OK	0x1480e92a8	.rdata	OK	0x142938cf0	.text	OK	0x142940530	.text	OK
Javelin::BotTaskUnregisterFromGroup	5580	javelin_rtti_static	STRUCTURALLY_CONSISTENT		0x14a185540	.data	OK	0x14a185530	.data	OK	0x142938e30	.text	OK	0x1480e92d8	.rdata	OK	0x142938da0	.text	OK	0x142940730	.text	OK
Javelin::BotTaskUseItem	1017	javelin_rtti_static	STRUCTURALLY_CONSISTENT		0x14a1854d0	.data	OK	0x14a1854c0	.data	OK	0x142939680	.text	OK	0x1480e9578	.rdata	OK	0x1429395f0	.text	OK	0x142940930	.text	OK
Javelin::BotTaskVerifyItemQuantity	1483	javelin_rtti_static	STRUCTURALLY_CONSISTENT		0x14a185450	.data	OK	0x14a185440	.data	OK	0x142939770	.text	OK	0x1480e95c8	.rdata	OK	0x1429396e0	.text	OK	0x142940b30	.text	OK
Javelin::BotTaskWaitForAssetsToLoad	5048	javelin_rtti_static	STRUCTURALLY_CONSISTENT		0x14a185da0	.data	OK	0x14a185d90	.data	OK	0x1429439e0	.text	OK	0x1480ea428	.rdata	OK	0x142943950	.text	OK	0x142947480	.text	OK
Javelin::BotTaskWaitForAttackFinish	4985	javelin_rtti_static	STRUCTURALLY_CONSISTENT		0x14a185d20	.data	OK	0x14a185d10	.data	OK	0x142943bc0	.text	OK	0x1480ea488	.rdata	OK	0x142943b30	.text	OK	0x142947680	.text	OK
Javelin::BotTaskWaitForGridLayer	2299	javelin_rtti_static	STRUCTURALLY_CONSISTENT		0x14a185ca0	.data	OK	0x14a185c90	.data	OK	0x142941680	.text	OK	0x1480e9c90	.rdata	OK	0x1429415f0	.text	OK	0x142947880	.text	OK
Javelin::BotTaskWaitForGroup	2535	javelin_rtti_static	STRUCTURALLY_CONSISTENT		0x14a185c30	.data	OK	0x14a185c20	.data	OK	0x142941810	.text	OK	0x1480e9d58	.rdata	OK	0x142941780	.text	OK	0x142947a80	.text	OK
Javelin::BotTaskWarAction	2536	javelin_rtti_static	STRUCTURALLY_CONSISTENT		0x14a185aa0	.data	OK	0x14a185a90	.data	OK	0x142941500	.text	OK	0x1480e9c30	.rdata	OK	0x142941470	.text	OK	0x142947c80	.text	OK
Javelin::BotTaskWarSignUp	2539	javelin_rtti_static	STRUCTURALLY_CONSISTENT		0x14a1859d0	.data	OK	0x14a1859c0	.data	OK	0x142943c70	.text	OK	0x1480ea4b8	.rdata	OK	0x142943be0	.text	OK	0x142947e80	.text	OK
Javelin::BotTaskWhisperReset	5392	javelin_rtti_static	STRUCTURALLY_CONSISTENT		0x14a185960	.data	OK	0x14a185950	.data	OK	0x142943d20	.text	OK	0x1480ea4e8	.rdata	OK	0x142943c90	.text	OK	0x142948080	.text	OK
Javelin::BotTaskConcatenate	6011	javelin_rtti_static	STRUCTURALLY_CONSISTENT		0x14a186570	.data	OK	0x14a186560	.data	OK	0x142956d00	.text	OK	0x1480ee118	.rdata	OK	0x142956c10	.text	OK	0x14296a990	.text	OK
Javelin::BotTaskMath	6069	javelin_rtti_static	STRUCTURALLY_CONSISTENT		0x14a186460	.data	OK	0x14a186450	.data	OK	0x142957090	.text	OK	0x1480ee288	.rdata	OK	0x142957000	.text	OK	0x14296ab90	.text	OK
Javelin::BotTaskSetRegistryByItemNameFilter	6025	javelin_rtti_static	STRUCTURALLY_CONSISTENT		0x14a185e20	.data	OK	0x14a185e10	.data	OK	0x142957c90	.text	OK	0x1480ee5a0	.rdata	OK	0x142957b80	.text	OK	0x14296ad90	.text	OK
MB::BuildableGridComponentReplicatedState	2134	javelin_rtti_static	STRUCTURALLY_CONSISTENT		0x14a1880c0	.data	OK	0x14a1880b0	.data	OK	0x142971250	.text	OK	0x1480ef4e8	.rdata	OK	0x1429711c0	.text	OK	0x142989c70	.text	OK
Javelin::IBuildableGridListener	2110	javelin_rtti_static	STRUCTURALLY_CONSISTENT		0x14a188a40	.data	OK	0x14a188a30	.data	OK	0x14299f4d0	.text	OK	0x1480f3220	.rdata	OK	0x14299f440	.text	OK	0x1429aba50	.text	OK
Javelin::IBuilderNotifications	189	javelin_rtti_static	STRUCTURALLY_CONSISTENT		0x14a1889c0	.data	OK	0x14a1889b0	.data	OK	0x14299f580	.text	OK	0x1480f3250	.rdata	OK	0x14299f4f0	.text	OK	0x1429abc50	.text	OK
MB::PlacementObstructionComponentReplicatedState	2187	javelin_rtti_static	STRUCTURALLY_CONSISTENT		0x14a188ac0	.data	OK	0x14a188ab0	.data	OK	0x14299f630	.text	OK	0x1480f3280	.rdata	OK	0x14299f5a0	.text	OK	0x1429abe50	.text	OK
Javelin::StructureCreatorInfo	1686	javelin_rtti_static	STRUCTURALLY_CONSISTENT		0x14a1890e0	.data	OK	0x14a1890d0	.data	OK	0x1429b3dc0	.text	OK	0x1480f4f68	.rdata	OK	0x1429b3d30	.text	OK	0x1429ba570	.text	OK
Javelin::TerritoryDataMessageHandler	6502	javelin_rtti_static	STRUCTURALLY_CONSISTENT		0x14a189060	.data	OK	0x14a189050	.data	OK	0x1429b3e70	.text	OK	0x1480f4f98	.rdata	OK	0x1429b3de0	.text	OK	0x1429ba770	.text	OK
MB::TerritoryInterfaceComponentReplicatedState	1746	javelin_rtti_static	STRUCTURALLY_CONSISTENT		0x14a1893d0	.data	OK	0x14a1893c0	.data	OK	0x1429bf8c0	.text	OK	0x1480f69d0	.rdata	OK	0x1429bf830	.text	OK	0x1429f9400	.text	OK
Javelin::ActionState	2247	javelin_rtti_static	STRUCTURALLY_CONSISTENT		0x14a18a880	.data	OK	0x14a18a870	.data	OK	0x142a14ab0	.text	OK	0x1480fdbd8	.rdata	OK	0x142a14a20	.text	OK	0x142a26e20	.text	OK
MB::ALCReplicatedState	11	javelin_rtti_static	STRUCTURALLY_CONSISTENT		0x14a18abc0	.data	OK	0x14a18abb0	.data	OK	0x142a32bc0	.text	OK	0x1480fec28	.rdata	OK	0x142a32b30	.text	OK	0x142a3c2f0	.text	OK
Javelin::IClientValidationResponseHandler	1752	javelin_rtti_static	STRUCTURALLY_CONSISTENT		0x14a18bc00	.data	OK	0x14a18bbf0	.data	OK	0x142a55450	.text	OK	0x148101060	.rdata	OK	0x142a553c0	.text	OK	0x142a61ee0	.text	OK
Javelin::PvPSpectatorCamControllerReplicatedState	6817	javelin_rtti_static	STRUCTURALLY_CONSISTENT		0x14a1946b0	.data	OK	0x14a1946a0	.data	OK	0x142ca9660	.text	OK	0x148133720	.rdata	OK	0x142ca95d0	.text	OK	0x142cc5430	.text	OK
Javelin::CameraPositionListener	2856	javelin_rtti_static	STRUCTURALLY_CONSISTENT		0x14a196380	.data	OK	0x14a196370	.data	OK	0x142cd0790	.text	OK	0x148137158	.rdata	OK	0x142cd0700	.text	OK	0x142d04ad0	.text	OK
MB::GlobalStorageComponentReplicatedState	2938	javelin_rtti_static	STRUCTURALLY_CONSISTENT		0x14a1953d0	.data	OK	0x14a1953c0	.data	OK	0x142cd5990	.text	OK	0x1481387e8	.rdata	OK	0x142cd5900	.text	OK	0x142d054d0	.text	OK
Javelin::StorageItem	7041	javelin_rtti_static	STRUCTURALLY_CONSISTENT		0x14a196da0	.data	OK	0x14a196d90	.data	OK	0x142d24a10	.text	OK	0x14813cdb8	.rdata	OK	0x142d24980	.text	OK	0x142d3e4e0	.text	OK
Javelin::StorageItemSimple	7049	javelin_rtti_static	STRUCTURALLY_CONSISTENT		0x14a196d30	.data	OK	0x14a196d20	.data	OK	0x142d24ac0	.text	OK	0x14813ce58	.rdata	OK	0x142d24a30	.text	OK	0x142d3e8e0	.text	OK
Javelin::StorageItemDetailed	7040	javelin_rtti_static	STRUCTURALLY_CONSISTENT		0x14a196cc0	.data	OK	0x14a196cb0	.data	OK	0x142d24b70	.text	OK	0x14813ce88	.rdata	OK	0x142d24ae0	.text	OK	0x142d3e6e0	.text	OK
Javelin::InitialContainerContents	2125	javelin_rtti_static	STRUCTURALLY_CONSISTENT		0x14a196c40	.data	OK	0x14a196c30	.data	OK	0x142d24d60	.text	OK	0x14813cf40	.rdata	OK	0x142d24cd0	.text	OK	0x142d3dae0	.text	OK
MB::ItemManagementComponentReplicatedState	5437	javelin_rtti_static	STRUCTURALLY_CONSISTENT		0x14a196ee0	.data	OK	0x14a196ed0	.data	OK	0x142d24410	.text	OK	0x14813cc78	.rdata	OK	0x142d24380	.text	OK	0x142d3dce0	.text	OK
MB::LootDropReplicatedState	2027	javelin_rtti_static	STRUCTURALLY_CONSISTENT		0x14a196e10	.data	OK	0x14a196e00	.data	OK	0x142d24960	.text	OK	0x14813cd60	.rdata	OK	0x142d248d0	.text	OK	0x142d3e2e0	.text	OK
MB::AggregateContractCountComponentReplicatedState	1742	javelin_rtti_static	STRUCTURALLY_CONSISTENT		0x14a197b80	.data	OK	0x14a197b70	.data	OK	0x142d52c30	.text	OK	0x148140d28	.rdata	OK	0x142d52ba0	.text	OK	0x142d82140	.text	OK
Javelin::BuyContract	2957	javelin_rtti_static	STRUCTURALLY_CONSISTENT		0x14a197b10	.data	OK	0x14a197b00	.data	OK	0x142d53100	.text	OK	0x148140e18	.rdata	OK	0x142d53070	.text	OK	0x142d82340	.text	OK
Javelin::ContractBase	2609	javelin_rtti_static	STRUCTURALLY_CONSISTENT		0x14a197aa0	.data	OK	0x14a197a90	.data	OK	0x142d53ee0	.text	OK	0x148141300	.rdata	OK	0x142d53e50	.text	OK	0x142d83340	.text	OK
Javelin::Contract	312	javelin_rtti_static	STRUCTURALLY_CONSISTENT		0x14a197a30	.data	OK	0x14a197a20	.data	OK	0x142d54080	.text	OK	0x148141388	.rdata	OK	0x142d53ff0	.text	OK	0x142d82540	.text	OK
Javelin::ContractActionParams	451	javelin_rtti_static	STRUCTURALLY_CONSISTENT		0x14a1979b0	.data	OK	0x14a1979a0	.data	OK	0x142d55060	.text	OK	0x1481417b8	.rdata	OK	0x142d54fd0	.text	OK	0x142d82740	.text	OK
Javelin::ContractActionParamsWithReason	2958	javelin_rtti_static	STRUCTURALLY_CONSISTENT		0x14a197930	.data	OK	0x14a197920	.data	OK	0x142d551e0	.text	OK	0x148141860	.rdata	OK	0x142d55150	.text	OK	0x142d83140	.text	OK
Javelin::ContractActionParamsWithDuration	2830	javelin_rtti_static	STRUCTURALLY_CONSISTENT		0x14a1978b0	.data	OK	0x14a1978a0	.data	OK	0x142d555f0	.text	OK	0x1481418a8	.rdata	OK	0x142d55560	.text	OK	0x142d82f40	.text	OK
Javelin::ContractActionParamsSellCompletion	29	javelin_rtti_static	STRUCTURALLY_CONSISTENT		0x14a197830	.data	OK	0x14a197820	.data	OK	0x142d55a30	.text	OK	0x148141a40	.rdata	OK	0x142d559a0	.text	OK	0x142d82d40	.text	OK
Javelin::ContractActionParamsBuyCompletion	2961	javelin_rtti_static	STRUCTURALLY_CONSISTENT		0x14a1977b0	.data	OK	0x14a1977a0	.data	OK	0x142d55ae0	.text	OK	0x148141a70	.rdata	OK	0x142d55a50	.text	OK	0x142d82940	.text	OK
Javelin::ContractActionParamsMakeGoodCompletion	5524	javelin_rtti_static	STRUCTURALLY_CONSISTENT		0x14a197720	.data	OK	0x14a197710	.data	OK	0x142d4dfd0	.text	OK	0x14813fc60	.rdata	OK	0x142d4df40	.text	OK	0x142d82b40	.text	OK
Javelin::ContractLookupData	5395	javelin_rtti_static	STRUCTURALLY_CONSISTENT		0x14a1976b0	.data	OK	0x14a1976a0	.data	OK	0x142d4e2e0	.text	OK	0x14813fd08	.rdata	OK	0x142d4e250	.text	OK	0x142d83940	.text	OK
Javelin::ContractsJsonDataWrapper	5204	javelin_rtti_static	STRUCTURALLY_CONSISTENT		0x14a199220	.data	OK	0x14a199210	.data	OK	0x142d9cbd0	.text	OK	0x1481469a8	.rdata	OK	0x142d9cab0	.text	OK	0x1428d4d50	.text	OK
Javelin::ContractItemFilter	5208	javelin_rtti_static	STRUCTURALLY_CONSISTENT		0x14a199140	.data	OK	0x14a199130	.data	OK	0x142d9d410	.text	OK	0x148146b70	.rdata	OK	0x142d9d380	.text	OK	0x142d83540	.text	OK
Javelin::ContractItemSimpleData	2982	javelin_rtti_static	STRUCTURALLY_CONSISTENT		0x14a199410	.data	OK	0x14a199400	.data	OK	0x142d9c1a0	.text	OK	0x1481467d0	.rdata	OK	0x142d9c110	.text	OK	0x142d83740	.text	OK
Javelin::ContractCreationParams	2988	javelin_rtti_static	STRUCTURALLY_CONSISTENT		0x14a199390	.data	OK	0x14a199380	.data	OK	0x142d9c600	.text	OK	0x148146890	.rdata	OK	0x142d9c570	.text	OK	0x1428d4750	.text	OK
Javelin::ContractParams	478	javelin_rtti_static	STRUCTURALLY_CONSISTENT		0x14a199320	.data	OK	0x14a199310	.data	OK	0x142d9cfd0	.text	OK	0x148146ae8	.rdata	OK	0x142d9cf40	.text	OK	0x1428d4950	.text	OK
Javelin::ContractSearchLogicModifiers	5170	javelin_rtti_static	STRUCTURALLY_CONSISTENT		0x14a1992a0	.data	OK	0x14a199290	.data	OK	0x142d9da10	.text	OK	0x148146cb0	.rdata	OK	0x142d9d920	.text	OK	0x1428d4b50	.text	OK
Javelin::MakeGoodContract	5483	javelin_rtti_static	STRUCTURALLY_CONSISTENT		0x14a1991b0	.data	OK	0x14a1991a0	.data	OK	0x142d9e630	.text	OK	0x148147108	.rdata	OK	0x142d9e5a0	.text	OK	0x142dd4ed0	.text	OK
Javelin::SearchAggregateContractsRequestPayload	2990	javelin_rtti_static	STRUCTURALLY_CONSISTENT		0x14a19ad70	.data	OK	0x14a19ad60	.data	OK	0x142df6c00	.text	OK	0x14814e6c0	.rdata	OK	0x142df6b70	.text	OK	0x142d84f40	.text	OK
Javelin::ContractTopHitsSortField	5213	javelin_rtti_static	STRUCTURALLY_CONSISTENT		0x14a19acf0	.data	OK	0x14a19ace0	.data	OK	0x142defaa0	.text	OK	0x14814c680	.rdata	OK	0x142defa10	.text	OK	0x142dd0cd0	.text	OK
Javelin::ContractTopHitsAgg	5206	javelin_rtti_static	STRUCTURALLY_CONSISTENT		0x14a19ac80	.data	OK	0x14a19ac70	.data	OK	0x142defb80	.text	OK	0x14814c6d8	.rdata	OK	0x142defaf0	.text	OK	0x142dd04d0	.text	OK
Javelin::ContractTopHitsByMatchAgg	5205	javelin_rtti_static	STRUCTURALLY_CONSISTENT		0x14a19ac00	.data	OK	0x14a19abf0	.data	OK	0x142defe10	.text	OK	0x14814c7d8	.rdata	OK	0x142defd80	.text	OK	0x142dd08d0	.text	OK
Javelin::PresetLastEvaluatingIndexKeyPair	5207	javelin_rtti_static	STRUCTURALLY_CONSISTENT		0x14a19ab80	.data	OK	0x14a19ab70	.data	OK	0x142deffb0	.text	OK	0x14814c820	.rdata	OK	0x142deff20	.text	OK	0x142e550c0	.text	OK
Javelin::SearchAggregateTopHitsContractsRequestPayload	5214	javelin_rtti_static	STRUCTURALLY_CONSISTENT		0x14a19aaf0	.data	OK	0x14a19aae0	.data	OK	0x142df0060	.text	OK	0x14814c850	.rdata	OK	0x142deffd0	.text	OK	0x142e556c0	.text	OK
Javelin::SearchAggregateTopHitsByFieldContractsRequestPayload	5215	javelin_rtti_static	STRUCTURALLY_CONSISTENT		0x14a19aa50	.data	OK	0x14a19aa40	.data	OK	0x142df0200	.text	OK	0x14814c898	.rdata	OK	0x142df0170	.text	OK	0x142e552c0	.text	OK
Javelin::SearchAggregateTopHitsByMatchContractsRequestPayload	5202	javelin_rtti_static	STRUCTURALLY_CONSISTENT		0x14a19a9b0	.data	OK	0x14a19a9a0	.data	OK	0x142df0320	.text	OK	0x14814c910	.rdata	OK	0x142df0290	.text	OK	0x142e554c0	.text	OK
Javelin::SellContract	2991	javelin_rtti_static	STRUCTURALLY_CONSISTENT		0x14a19b750	.data	OK	0x14a19b740	.data	OK	0x142df2510	.text	OK	0x14814d270	.rdata	OK	0x142df2480	.text	OK	0x142e558c0	.text	OK
Javelin::CraftingStationPropertiesReference	6468	javelin_rtti_static	STRUCTURALLY_CONSISTENT		0x14a19b6d0	.data	OK	0x14a19b6c0	.data	OK	0x142df45f0	.text	OK	0x14814db00	.rdata	OK	0x142df4560	.text	OK	0x142e54cc0	.text	OK
Javelin::ICraftingNotifications	2992	javelin_rtti_static	STRUCTURALLY_CONSISTENT		0x14a19b650	.data	OK	0x14a19b640	.data	OK	0x142df1670	.text	OK	0x14814ce80	.rdata	OK	0x142df15e0	.text	OK	0x142e54ec0	.text	OK
MB::CraftingComponentReplicatedState	205	javelin_rtti_static	STRUCTURALLY_CONSISTENT		0x14a19bf20	.data	OK	0x14a19bf10	.data	OK	0x142e72440	.text	OK	0x148153540	.rdata	OK	0x142e723b0	.text	OK	0x142e807e0	.text	OK
MB::ItemGenerationComponentReplicatedState	3002	javelin_rtti_static	STRUCTURALLY_CONSISTENT		0x14a19bea0	.data	OK	0x14a19be90	.data	OK	0x142e72390	.text	OK	0x148153510	.rdata	OK	0x142e72300	.text	OK	0x142e809e0	.text	OK
Javelin::RepairNotifications	2107	javelin_rtti_static	STRUCTURALLY_CONSISTENT		0x14a19c9e0	.data	OK	0x14a19c9d0	.data	OK	0x142e8e6b0	.text	OK	0x148155528	.rdata	OK	0x142e8e620	.text	OK	0x142eb4f00	.text	OK
Javelin::IComponentDebugHelperClient	4850	javelin_rtti_static	STRUCTURALLY_CONSISTENT		0x14a19fd10	.data	OK	0x14a19fd00	.data	OK	0x142f477c0	.text	OK	0x148164270	.rdata	OK	0x142f47730	.text	OK	0x1425d3da0	.text	OK
Javelin::IComponentDebugHelperServer	4851	javelin_rtti_static	STRUCTURALLY_CONSISTENT		0x14a19fc90	.data	OK	0x14a19fc80	.data	OK	0x142f47870	.text	OK	0x1481642a0	.rdata	OK	0x142f477e0	.text	OK	0x1425d3fa0	.text	OK
Javelin::SpawnDebugInfo	1835	javelin_rtti_static	STRUCTURALLY_CONSISTENT		0x14a19fae0	.data	OK	0x14a19fad0	.data	OK	0x142f44940	.text	OK	0x1481635f8	.rdata	OK	0x142f448b0	.text	OK	0x1427fba40	.text	OK
Javelin::DetectedTargetInfoResponseHandler	462	javelin_rtti_static	STRUCTURALLY_CONSISTENT		0x14a19fa60	.data	OK	0x14a19fa50	.data	OK	0x142f44bc0	.text	OK	0x148163628	.rdata	OK	0x142f44b30	.text	OK	0x142f552b0	.text	OK
MB::LandClaimComponentReplicatedState	62	javelin_rtti_static	STRUCTURALLY_CONSISTENT		0x14a1a06a0	.data	OK	0x14a1a0690	.data	OK	0x142f5f4b0	.text	OK	0x148166c30	.rdata	OK	0x142f5f420	.text	OK	0x142f821d0	.text	OK
MB::LandClaimManagerComponentReplicatedState	3086	javelin_rtti_static	STRUCTURALLY_CONSISTENT		0x14a1a0850	.data	OK	0x14a1a0840	.data	OK	0x142f608a0	.text	OK	0x1481671a0	.rdata	OK	0x142f60810	.text	OK	0x142f823d0	.text	OK
Javelin::LandClaimUpgradeInfo	2012	javelin_rtti_static	STRUCTURALLY_CONSISTENT		0x14a1a07d0	.data	OK	0x14a1a07c0	.data	OK	0x142f5dcd0	.text	OK	0x148166888	.rdata	OK	0x142f5dc40	.text	OK	0x142f827d0	.text	OK
Javelin::SettlementProgressionParams	3093	javelin_rtti_static	STRUCTURALLY_CONSISTENT		0x14a1a0f40	.data	OK	0x14a1a0f30	.data	OK	0x142fa7e50	.text	OK	0x14816b758	.rdata	OK	0x142fa7dc0	.text	OK	0x142f82bd0	.text	OK
MB::DoorComponentReplicatedState	2330	javelin_rtti_static	STRUCTURALLY_CONSISTENT		0x14a1a0ec0	.data	OK	0x14a1a0eb0	.data	OK	0x142fa6d40	.text	OK	0x14816b2a0	.rdata	OK	0x142fa6cb0	.text	OK	0x142ff71e0	.text	OK
Javelin::DungeonEntranceReplicatedState	3105	javelin_rtti_static	STRUCTURALLY_CONSISTENT		0x14a1a0fc0	.data	OK	0x14a1a0fb0	.data	OK	0x142fa6b60	.text	OK	0x14816b258	.rdata	OK	0x142fa6ad0	.text	OK	0x142ff75e0	.text	OK
MB::EntitlementComponentReplicatedState	3133	javelin_rtti_static	STRUCTURALLY_CONSISTENT		0x14a1a1f10	.data	OK	0x14a1a1f00	.data	OK	0x1430135a0	.text	OK	0x148171780	.rdata	OK	0x143013510	.text	OK	0x14303b110	.text	OK
MB::DelayedEventComponentReplicatedState	3139	javelin_rtti_static	STRUCTURALLY_CONSISTENT		0x14a1a3ba0	.data	OK	0x14a1a3b90	.data	OK	0x1430562f0	.text	OK	0x148177338	.rdata	OK	0x143056260	.text	OK	0x14306f1a0	.text	OK
Javelin::DetectionVolumeEventNotifications	3141	javelin_rtti_static	STRUCTURALLY_CONSISTENT		0x14a1a3b20	.data	OK	0x14a1a3b10	.data	OK	0x143054ca0	.text	OK	0x148176e40	.rdata	OK	0x143054c10	.text	OK	0x14306f3a0	.text	OK
MB::DetectionVolumeEventReplicatedState	366	javelin_rtti_static	STRUCTURALLY_CONSISTENT		0x14a1a4d20	.data	OK	0x14a1a4d10	.data	OK	0x14307dbf0	.text	OK	0x14817b8a8	.rdata	OK	0x14307db60	.text	OK	0x14308ba10	.text	OK
MB::EventTimelineComponentReplicatedState	363	javelin_rtti_static	STRUCTURALLY_CONSISTENT		0x14a1a4bf0	.data	OK	0x14a1a4be0	.data	OK	0x14307e3a0	.text	OK	0x14817b9e0	.rdata	OK	0x14307e310	.text	OK	0x14308bc10	.text	OK
Javelin::IExampleComponentRemoteInterface	3149	javelin_rtti_static	STRUCTURALLY_CONSISTENT		0x14a1a4b70	.data	OK	0x14a1a4b60	.data	OK	0x14307e520	.text	OK	0x14817ba40	.rdata	OK	0x14307e490	.text	OK	0x14308c810	.text	OK
MB::FactionComponentReplicatedState	3152	javelin_rtti_static	STRUCTURALLY_CONSISTENT		0x14a1a5480	.data	OK	0x14a1a5470	.data	OK	0x143096910	.text	OK	0x14817ee90	.rdata	OK	0x143096880	.text	OK	0x1430b3000	.text	OK
Javelin::FactionResponseHandler	2456	javelin_rtti_static	STRUCTURALLY_CONSISTENT		0x14a1a5400	.data	OK	0x14a1a53f0	.data	OK	0x1430969c0	.text	OK	0x14817ef80	.rdata	OK	0x143096930	.text	OK	0x1430b4e00	.text	OK
Javelin::IFactionRemoteListener	1269	javelin_rtti_static	STRUCTURALLY_CONSISTENT		0x14a1a5380	.data	OK	0x14a1a5370	.data	OK	0x143096c30	.text	OK	0x14817f108	.rdata	OK	0x143096ba0	.text	OK	0x14306f5a0	.text	OK
Javelin::IFactionControlMessageHandler	3170	javelin_rtti_static	STRUCTURALLY_CONSISTENT		0x14a1a7190	.data	OK	0x14a1a7180	.data	OK	0x1430c7360	.text	OK	0x148183f38	.rdata	OK	0x1430c72d0	.text	OK	0x1430b5000	.text	OK
MB::FishingComponentReplicatedState	5338	javelin_rtti_static	STRUCTURALLY_CONSISTENT		0x14a1a66f0	.data	OK	0x14a1a66e0	.data	OK	0x1430c7a10	.text	OK	0x1481841e0	.rdata	OK	0x1430c7980	.text	OK	0x1430e9590	.text	OK
MB::FtueDetectionVolumeTeleportReplicatedState	1055	javelin_rtti_static	STRUCTURALLY_CONSISTENT		0x14a1a7f80	.data	OK	0x14a1a7f70	.data	OK	0x143102980	.text	OK	0x14818ad90	.rdata	OK	0x1431028f0	.text	OK	0x143117790	.text	OK
MB::FtueIslandComponentReplicatedState	3194	javelin_rtti_static	STRUCTURALLY_CONSISTENT		0x14a1a7f00	.data	OK	0x14a1a7ef0	.data	OK	0x1431005c0	.text	OK	0x14818a570	.rdata	OK	0x143100530	.text	OK	0x143117990	.text	OK
MB::VoidDestroyerComponentReplicatedState	3204	javelin_rtti_static	STRUCTURALLY_CONSISTENT		0x14a1aa060	.data	OK	0x14a1aa050	.data	OK	0x143150d30	.text	OK	0x148194a00	.rdata	OK	0x143150ca0	.text	OK	0x143162420	.text	OK
MB::AchievementComponentReplicatedState	3210	javelin_rtti_static	STRUCTURALLY_CONSISTENT		0x14a1aac40	.data	OK	0x14a1aac30	.data	OK	0x14316cd60	.text	OK	0x148198278	.rdata	OK	0x14316ccd0	.text	OK	0x14318aed0	.text	OK
MB::ContributionComponentReplicatedState	1982	javelin_rtti_static	STRUCTURALLY_CONSISTENT		0x14a1abdb0	.data	OK	0x14a1abda0	.data	OK	0x14319a790	.text	OK	0x14819c960	.rdata	OK	0x14319a700	.text	OK	0x1431bfda0	.text	OK
Javelin::IHomesteadingNotificationsHack	3241	javelin_rtti_static	STRUCTURALLY_CONSISTENT		0x14a1acfd0	.data	OK	0x14a1acfc0	.data	OK	0x1431d61c0	.text	OK	0x1481a0af0	.rdata	OK	0x1431d6130	.text	OK	0x1431f2e90	.text	OK
Javelin::DailyBonus	3244	javelin_rtti_static	STRUCTURALLY_CONSISTENT		0x14a1accc0	.data	OK	0x14a1accb0	.data	OK	0x1431d6960	.text	OK	0x1481a0cb8	.rdata	OK	0x1431d68d0	.text	OK	0x1431f2290	.text	OK
Javelin::GameEventComponentReplicatedState	497	javelin_rtti_static	STRUCTURALLY_CONSISTENT		0x14a1acc40	.data	OK	0x14a1acc30	.data	OK	0x1431d6d10	.text	OK	0x1481a0dd8	.rdata	OK	0x1431d6c80	.text	OK	0x1431f2490	.text	OK
Javelin::GameModeResults	5242	javelin_rtti_static	STRUCTURALLY_CONSISTENT		0x14a1ad720	.data	OK	0x14a1ad710	.data	OK	0x143209ca0	.text	OK	0x1481a4e58	.rdata	OK	0x143209c10	.text	OK	0x143256200	.text	OK
Javelin::GameModeParticipantReplicatedState	3312	javelin_rtti_static	STRUCTURALLY_CONSISTENT		0x14a1b1080	.data	OK	0x14a1b1070	.data	OK	0x1432725e0	.text	OK	0x1481b0c38	.rdata	OK	0x143272550	.text	OK	0x1432b48d0	.text	OK
Javelin::GameModeReplicatedState	2343	javelin_rtti_static	STRUCTURALLY_CONSISTENT		0x14a1b1000	.data	OK	0x14a1b0ff0	.data	OK	0x1432746a0	.text	OK	0x1481b1818	.rdata	OK	0x143274610	.text	OK	0x1432b4ad0	.text	OK
Javelin::IGameModeComponentExternalEventsHandler	3314	javelin_rtti_static	STRUCTURALLY_CONSISTENT		0x14a1b0f70	.data	OK	0x14a1b0f60	.data	OK	0x143274d00	.text	OK	0x1481b1a90	.rdata	OK	0x143274c70	.text	OK	0x143256400	.text	OK
Javelin::IGameModeQueueListener	3317	javelin_rtti_static	STRUCTURALLY_CONSISTENT		0x14a1b0ef0	.data	OK	0x14a1b0ee0	.data	OK	0x143275450	.text	OK	0x1481b1dd0	.rdata	OK	0x1432753c0	.text	OK	0x1432b4ed0	.text	OK
Javelin::IGameModeQueueStatusResponseHandler	1819	javelin_rtti_static	STRUCTURALLY_CONSISTENT		0x14a1b2d50	.data	OK	0x14a1b2d40	.data	OK	0x1432dfdd0	.text	OK	0x1481b99c8	.rdata	OK	0x1432dfd40	.text	OK	0x1432edb60	.text	OK
Javelin::InstancedSlayerScriptReplicatedState	6234	javelin_rtti_static	STRUCTURALLY_CONSISTENT		0x14a1b28a0	.data	OK	0x14a1b2890	.data	OK	0x1432de420	.text	OK	0x1481b92a0	.rdata	OK	0x1432de390	.text	OK	0x1432eeb60	.text	OK
Javelin::IPlayerGameModeNotifications	4937	javelin_rtti_static	STRUCTURALLY_CONSISTENT		0x14a1b2820	.data	OK	0x14a1b2810	.data	OK	0x1432de7f0	.text	OK	0x1481b93e8	.rdata	OK	0x1432de5e0	.text	OK	0x1432edd60	.text	OK
Javelin::MutationDataMessageHandler	6353	javelin_rtti_static	STRUCTURALLY_CONSISTENT		0x14a1b27a0	.data	OK	0x14a1b2790	.data	OK	0x1432decb0	.text	OK	0x1481b94c0	.rdata	OK	0x1432dec20	.text	OK	0x1432b52d0	.text	OK
MB::SlayerScriptReplicatedState	3362	javelin_rtti_static	STRUCTURALLY_CONSISTENT		0x14a1b3370	.data	OK	0x14a1b3360	.data	OK	0x1432f8310	.text	OK	0x1481bcce0	.rdata	OK	0x1432f8280	.text	OK	0x143316e20	.text	OK
Javelin::IGameModeMutationListener	3363	javelin_rtti_static	STRUCTURALLY_CONSISTENT		0x14a1b3e10	.data	OK	0x14a1b3e00	.data	OK	0x14332d280	.text	OK	0x1481bfdf8	.rdata	OK	0x14332d1f0	.text	OK	0x1433404b0	.text	OK
Javelin::GameModeMutationSchedulerReplicatedState	2201	javelin_rtti_static	STRUCTURALLY_CONSISTENT		0x14a1b3b30	.data	OK	0x14a1b3b20	.data	OK	0x14332e180	.text	OK	0x1481c0300	.rdata	OK	0x14332e0f0	.text	OK	0x1433402b0	.text	OK
Javelin::GenericInviteGDEInstantiation	2870	javelin_rtti_static	STRUCTURALLY_CONSISTENT		0x14a1b5190	.data	OK	0x14a1b5180	.data	OK	0x143385b20	.text	OK	0x1481c67c0	.rdata	OK	0x143385a90	.text	OK	0x1433b6140	.text	OK
Javelin::IGenericInviteHandler	255	javelin_rtti_static	STRUCTURALLY_CONSISTENT		0x14a1b5110	.data	OK	0x14a1b5100	.data	OK	0x143386140	.text	OK	0x1481c69b0	.rdata	OK	0x1433860b0	.text	OK	0x1433b6340	.text	OK
Javelin::PlayerGenericInviteReplicatedState	3408	javelin_rtti_static	STRUCTURALLY_CONSISTENT		0x14a1b5210	.data	OK	0x14a1b5200	.data	OK	0x143384b00	.text	OK	0x1481c6450	.rdata	OK	0x143384a70	.text	OK	0x1433b6f40	.text	OK
Javelin::GenericParameter	1668	javelin_rtti_static	STRUCTURALLY_CONSISTENT		0x14a1b60b0	.data	OK	0x14a1b60a0	.data	OK	0x1433c81a0	.text	OK	0x1481cc130	.rdata	OK	0x1433c8110	.text	OK	0x1433e5890	.text	OK
Javelin::BooleanParameter	3072	javelin_rtti_static	STRUCTURALLY_CONSISTENT		0x14a1b6040	.data	OK	0x14a1b6030	.data	OK	0x1433c8380	.text	OK	0x1481cc188	.rdata	OK	0x1433c82f0	.text	OK	0x1433e5090	.text	OK
Javelin::FloatParameter	3410	javelin_rtti_static	STRUCTURALLY_CONSISTENT		0x14a1b5fd0	.data	OK	0x14a1b5fc0	.data	OK	0x1433c8430	.text	OK	0x1481cc1e0	.rdata	OK	0x1433c83a0	.text	OK	0x1433e5490	.text	OK
Javelin::IntegerParameter	3411	javelin_rtti_static	STRUCTURALLY_CONSISTENT		0x14a1b5f60	.data	OK	0x14a1b5f50	.data	OK	0x1433c84e0	.text	OK	0x1481cc210	.rdata	OK	0x1433c8450	.text	OK	0x1433e6290	.text	OK
Javelin::StringParameter	830	javelin_rtti_static	STRUCTURALLY_CONSISTENT		0x14a1b5ef0	.data	OK	0x14a1b5ee0	.data	OK	0x1433c8590	.text	OK	0x1481cc240	.rdata	OK	0x1433c8500	.text	OK	0x1433e6c90	.text	OK
Javelin::GenericValue	3413	javelin_rtti_static	STRUCTURALLY_CONSISTENT		0x14a1b5e80	.data	OK	0x14a1b5e70	.data	OK	0x1433c8640	.text	OK	0x1481cc270	.rdata	OK	0x1433c85b0	.text	OK	0x1433e5a90	.text	OK
Javelin::BooleanValue	1571	javelin_rtti_static	STRUCTURALLY_CONSISTENT		0x14a1b5e10	.data	OK	0x14a1b5e00	.data	OK	0x1433c86f0	.text	OK	0x1481cc2a0	.rdata	OK	0x1433c8660	.text	OK	0x1433e5290	.text	OK
Javelin::FloatValue	2867	javelin_rtti_static	STRUCTURALLY_CONSISTENT		0x14a1b5da0	.data	OK	0x14a1b5d90	.data	OK	0x1433c87a0	.text	OK	0x1481cc2d0	.rdata	OK	0x1433c8710	.text	OK	0x1433e5690	.text	OK
Javelin::IntegerValue	1878	javelin_rtti_static	STRUCTURALLY_CONSISTENT		0x14a1b5d30	.data	OK	0x14a1b5d20	.data	OK	0x1433c8850	.text	OK	0x1481cc3d0	.rdata	OK	0x1433c87c0	.text	OK	0x1433e6490	.text	OK
Javelin::StringValue	3414	javelin_rtti_static	STRUCTURALLY_CONSISTENT		0x14a1b5cc0	.data	OK	0x14a1b5cb0	.data	OK	0x1433c8900	.text	OK	0x1481cc400	.rdata	OK	0x1433c8870	.text	OK	0x1433e6e90	.text	OK
Javelin::GroupDataComponentReplicatedState	3451	javelin_rtti_static	STRUCTURALLY_CONSISTENT		0x14a1b6120	.data	OK	0x14a1b6110	.data	OK	0x1433c9860	.text	OK	0x1481cc620	.rdata	OK	0x1433c97d0	.text	OK	0x1433e5c90	.text	OK
Javelin::GroupFinderGroupDataComponentReplicatedState	1091	javelin_rtti_static	STRUCTURALLY_CONSISTENT		0x14a1b7c10	.data	OK	0x14a1b7c00	.data	OK	0x143410700	.text	OK	0x1481d6e10	.rdata	OK	0x143410670	.text	OK	0x1434379b0	.text	OK
Javelin::GroupFinderGroupGDEInstantiation	2886	javelin_rtti_static	STRUCTURALLY_CONSISTENT		0x14a1b7ae0	.data	OK	0x14a1b7ad0	.data	OK	0x1434118e0	.text	OK	0x1481d7420	.rdata	OK	0x143411760	.text	OK	0x143437bb0	.text	OK
Javelin::GroupGDEInstantiation	2864	javelin_rtti_static	STRUCTURALLY_CONSISTENT		0x14a1b77a0	.data	OK	0x14a1b7790	.data	OK	0x1433fdbe0	.text	OK	0x1481d1490	.rdata	OK	0x1433fdb40	.text	OK	0x143437db0	.text	OK
Javelin::IGroupsComponentNotifications	3452	javelin_rtti_static	STRUCTURALLY_CONSISTENT		0x14a1b9ca0	.data	OK	0x14a1b9c90	.data	OK	0x1433fd980	.text	OK	0x1481d13f8	.rdata	OK	0x1433fd8f0	.text	OK	0x143446bb0	.text	OK
Javelin::GroupsComponentReplicatedState	1994	javelin_rtti_static	STRUCTURALLY_CONSISTENT		0x14a1b9da0	.data	OK	0x14a1b9d90	.data	OK	0x14340ed80	.text	OK	0x1481d6758	.rdata	OK	0x14340ecf0	.text	OK	0x14343efb0	.text	OK
Javelin::GroupsComponentResponseHandler	3497	javelin_rtti_static	STRUCTURALLY_CONSISTENT		0x14a1b9d20	.data	OK	0x14a1b9d10	.data	OK	0x14340f600	.text	OK	0x1481d69b0	.rdata	OK	0x14340f570	.text	OK	0x14343f1b0	.text	OK
Javelin::IGroupDataEventHandler	3548	javelin_rtti_static	STRUCTURALLY_CONSISTENT		0x14a1bca50	.data	OK	0x14a1bca40	.data	OK	0x14346c3f0	.text	OK	0x1481dd148	.rdata	OK	0x14346c360	.text	OK	0x142784390	.text	OK
Javelin::IRaidListener	377	javelin_rtti_static	STRUCTURALLY_CONSISTENT		0x14a1bc7f0	.data	OK	0x14a1bc7e0	.data	OK	0x14346cbc0	.text	OK	0x1481dd430	.rdata	OK	0x14346cb30	.text	OK	0x1434aa460	.text	OK
Javelin::RaidDataComponentReplicatedState	28	javelin_rtti_static	STRUCTURALLY_CONSISTENT		0x14a1bc1e0	.data	OK	0x14a1bc1d0	.data	OK	0x143476270	.text	OK	0x1481e03a0	.rdata	OK	0x1434761e0	.text	OK	0x1434aa660	.text	OK
Javelin::GuildsComponentReplicatedState	3147	javelin_rtti_static	STRUCTURALLY_CONSISTENT		0x14a1bfce0	.data	OK	0x14a1bfcd0	.data	OK	0x1434d2740	.text	OK	0x1481e7368	.rdata	OK	0x1434d26b0	.text	OK	0x1434a5060	.text	OK
MB::PlayerHomeComponentReplicatedState	3652	javelin_rtti_static	STRUCTURALLY_CONSISTENT		0x14a1bf7e0	.data	OK	0x14a1bf7d0	.data	OK	0x1434d1db0	.text	OK	0x1481e6ed8	.rdata	OK	0x1434d1d20	.text	OK	0x1434ee480	.text	OK
Javelin::RespawnInfo	359	javelin_rtti_static	STRUCTURALLY_CONSISTENT		0x14a1bf770	.data	OK	0x14a1bf760	.data	OK	0x1434d2020	.text	OK	0x1481e6f38	.rdata	OK	0x1434d1f90	.text	OK	0x1434eee80	.text	OK
Javelin::HouseDataReplicatedState	3663	javelin_rtti_static	STRUCTURALLY_CONSISTENT		0x14a1c05a0	.data	OK	0x14a1c0590	.data	OK	0x143504bf0	.text	OK	0x1481eaf50	.rdata	OK	0x143504b60	.text	OK	0x143526c10	.text	OK
MB::HousingPlotReplicatedState	3055	javelin_rtti_static	STRUCTURALLY_CONSISTENT		0x14a1c3080	.data	OK	0x14a1c3070	.data	OK	0x143540420	.text	OK	0x1481ee670	.rdata	OK	0x143540390	.text	OK	0x14357fff0	.text	OK
MB::PlayerHousingReplicatedState	2768	javelin_rtti_static	STRUCTURALLY_CONSISTENT		0x14a1c0f70	.data	OK	0x14a1c0f60	.data	OK	0x14353f1d0	.text	OK	0x1481ee270	.rdata	OK	0x14353f140	.text	OK	0x1435861f0	.text	OK
Javelin::InteractCondition	3738	javelin_rtti_static	STRUCTURALLY_CONSISTENT		0x14a1c4a50	.data	OK	0x14a1c4a40	.data	OK	0x1435a6350	.text	OK	0x1481f87a8	.rdata	OK	0x1435a62c0	.text	OK	0x1435cab50	.text	OK
Javelin::DefaultCondition	3739	javelin_rtti_static	STRUCTURALLY_CONSISTENT		0x14a1c49e0	.data	OK	0x14a1c49d0	.data	OK	0x1435a67a0	.text	OK	0x1481f88b0	.rdata	OK	0x1435a6710	.text	OK	0x1435ca150	.text	OK
Javelin::GatherableCondition	2750	javelin_rtti_static	STRUCTURALLY_CONSISTENT		0x14a1c4970	.data	OK	0x14a1c4960	.data	OK	0x1435a6a30	.text	OK	0x1481f8970	.rdata	OK	0x1435a69a0	.text	OK	0x1435ca350	.text	OK
Javelin::ApplyResourcesCondition	3740	javelin_rtti_static	STRUCTURALLY_CONSISTENT		0x14a1c48f0	.data	OK	0x14a1c48e0	.data	OK	0x1435a6bd0	.text	OK	0x1481f89d0	.rdata	OK	0x1435a6b40	.text	OK	0x1435c9f50	.text	OK
MB::InteractReplicatedState	2930	javelin_rtti_static	STRUCTURALLY_CONSISTENT		0x14a1c5bf0	.data	OK	0x14a1c5be0	.data	OK	0x1435db3b0	.text	OK	0x1481fcf70	.rdata	OK	0x1435db320	.text	OK	0x1435e6280	.text	OK
MB::OwnershipComponentReplicatedState	3217	javelin_rtti_static	STRUCTURALLY_CONSISTENT		0x14a1c6920	.data	OK	0x14a1c6910	.data	OK	0x1435f4e90	.text	OK	0x148200960	.rdata	OK	0x1435f4e00	.text	OK	0x143617ac0	.text	OK
Javelin::Ammo	2436	javelin_rtti_static	STRUCTURALLY_CONSISTENT		0x14a1c6070	.data	OK	0x14a1c6060	.data	OK	0x1435f3050	.text	OK	0x148200128	.rdata	OK	0x1435f2fc0	.text	OK	0x1436158c0	.text	OK
Javelin::Armor	419	javelin_rtti_static	STRUCTURALLY_CONSISTENT		0x14a1c79b0	.data	OK	0x14a1c79a0	.data	OK	0x14362bd10	.text	OK	0x1482054b8	.rdata	OK	0x14362bc80	.text	OK	0x1436396a0	.text	OK
Javelin::Blueprint	3759	javelin_rtti_static	STRUCTURALLY_CONSISTENT		0x14a1c7940	.data	OK	0x14a1c7930	.data	OK	0x14362bdc0	.text	OK	0x1482054e8	.rdata	OK	0x14362bd30	.text	OK	0x1436398a0	.text	OK
Javelin::Consumable	3761	javelin_rtti_static	STRUCTURALLY_CONSISTENT		0x14a1c78d0	.data	OK	0x14a1c78c0	.data	OK	0x14362bf90	.text	OK	0x1482055b8	.rdata	OK	0x14362bf00	.text	OK	0x143639aa0	.text	OK
Javelin::Dye	881	javelin_rtti_static	STRUCTURALLY_CONSISTENT		0x14a1c7870	.data	OK	0x14a1c7860	.data	OK	0x14362a410	.text	OK	0x148204f50	.rdata	OK	0x14362a380	.text	OK	0x143639ca0	.text	OK
Javelin::MountDye	6095	javelin_rtti_static	STRUCTURALLY_CONSISTENT		0x14a1c7800	.data	OK	0x14a1c77f0	.data	OK	0x14362a4c0	.text	OK	0x148204f80	.rdata	OK	0x14362a430	.text	OK	0x143639ea0	.text	OK
Javelin::HousingItem	2513	javelin_rtti_static	STRUCTURALLY_CONSISTENT		0x14a1c8120	.data	OK	0x14a1c8110	.data	OK	0x143642300	.text	OK	0x148207b40	.rdata	OK	0x143642270	.text	OK	0x143654490	.text	OK
MB::ItemSkinningComponentReplicatedState	3765	javelin_rtti_static	STRUCTURALLY_CONSISTENT		0x14a1c7f60	.data	OK	0x14a1c7f50	.data	OK	0x143642b90	.text	OK	0x148207ef0	.rdata	OK	0x143642b00	.text	OK	0x143654690	.text	OK
Javelin::WeaponState	3766	javelin_rtti_static	STRUCTURALLY_CONSISTENT		0x14a1c7ef0	.data	OK	0x14a1c7ee0	.data	OK	0x143642c40	.text	OK	0x148207f20	.rdata	OK	0x143642bb0	.text	OK	0x143655290	.text	OK
Javelin::WeaponStateDurability	3270	javelin_rtti_static	STRUCTURALLY_CONSISTENT		0x14a1c7e70	.data	OK	0x14a1c7e60	.data	OK	0x143642cf0	.text	OK	0x148207f50	.rdata	OK	0x143642c60	.text	OK	0x143655490	.text	OK
Javelin::Kit	3767	javelin_rtti_static	STRUCTURALLY_CONSISTENT		0x14a1c7e10	.data	OK	0x14a1c7e00	.data	OK	0x143642dd0	.text	OK	0x148207fb8	.rdata	OK	0x143642d40	.text	OK	0x143654c90	.text	OK
Javelin::Lore	1227	javelin_rtti_static	STRUCTURALLY_CONSISTENT		0x14a1c86b0	.data	OK	0x14a1c86a0	.data	OK	0x143660c70	.text	OK	0x14820aa60	.rdata	OK	0x143660be0	.text	OK	0x143654e90	.text	OK
Javelin::Resource	1000	javelin_rtti_static	STRUCTURALLY_CONSISTENT		0x14a1c8800	.data	OK	0x14a1c87f0	.data	OK	0x1436620b0	.text	OK	0x14820b378	.rdata	OK	0x143662020	.text	OK	0x143655090	.text	OK
Javelin::ThrowableItem	5227	javelin_rtti_static	STRUCTURALLY_CONSISTENT		0x14a1c8790	.data	OK	0x14a1c8780	.data	OK	0x143662160	.text	OK	0x14820b3a8	.rdata	OK	0x1436620d0	.text	OK	0x143691070	.text	OK
Javelin::Weapon	847	javelin_rtti_static	STRUCTURALLY_CONSISTENT		0x14a1c8720	.data	OK	0x14a1c8710	.data	OK	0x143660d20	.text	OK	0x14820ab18	.rdata	OK	0x143660c90	.text	OK	0x143691270	.text	OK
MB::LootTrackerComponentReplicatedState	982	javelin_rtti_static	STRUCTURALLY_CONSISTENT		0x14a1cb5e0	.data	OK	0x14a1cb5d0	.data	OK	0x14370a120	.text	OK	0x1482174d0	.rdata	OK	0x14370a090	.text	OK	0x143754ac0	.text	OK
MB::RewardTrackComponentReplicatedState	4913	javelin_rtti_static	STRUCTURALLY_CONSISTENT		0x14a1cb160	.data	OK	0x14a1cb150	.data	OK	0x14370ad20	.text	OK	0x1482179c8	.rdata	OK	0x14370ac90	.text	OK	0x143756cc0	.text	OK
Javelin::GlobalMapDataManagerComponentReplicatedState	3780	javelin_rtti_static	STRUCTURALLY_CONSISTENT		0x14a1cdb60	.data	OK	0x14a1cdb50	.data	OK	0x1437c09e0	.text	OK	0x148222c88	.rdata	OK	0x1437c0950	.text	OK	0x14381e520	.text	OK
MB::CurrencyComponentReplicatedState	3786	javelin_rtti_static	STRUCTURALLY_CONSISTENT		0x14a1cdd60	.data	OK	0x14a1cdd50	.data	OK	0x1437bfa10	.text	OK	0x148222748	.rdata	OK	0x1437bf980	.text	OK	0x14381dd20	.text	OK
MB::TradingPostComponentReplicatedState	3791	javelin_rtti_static	STRUCTURALLY_CONSISTENT		0x14a1cea80	.data	OK	0x14a1cea70	.data	OK	0x143837ef0	.text	OK	0x148228590	.rdata	OK	0x143837e60	.text	OK	0x14384cf90	.text	OK
Javelin::IAttachmentMeshNotifications	3793	javelin_rtti_static	STRUCTURALLY_CONSISTENT		0x14a1cefc0	.data	OK	0x14a1cefb0	.data	OK	0x14385d630	.text	OK	0x14822ae18	.rdata	OK	0x14385d5a0	.text	OK	0x143874540	.text	OK
MB::MountComponentReplicatedState	5620	javelin_rtti_static	STRUCTURALLY_CONSISTENT		0x14a1d0f60	.data	OK	0x14a1d0f50	.data	OK	0x1438c0b50	.text	OK	0x148235d78	.rdata	OK	0x1438c0ac0	.text	OK	0x1438e97b0	.text	OK
Javelin::InitialMusicalPerformancePlayerData	4882	javelin_rtti_static	STRUCTURALLY_CONSISTENT		0x14a1d2c70	.data	OK	0x14a1d2c60	.data	OK	0x143908ae0	.text	OK	0x14823b508	.rdata	OK	0x143908a50	.text	OK	0x14391ea00	.text	OK
Javelin::MusicalPerformanceListenerMessages	4971	javelin_rtti_static	STRUCTURALLY_CONSISTENT		0x14a1d4020	.data	OK	0x14a1d4010	.data	OK	0x143929dc0	.text	OK	0x148240178	.rdata	OK	0x143929d30	.text	OK	0x1439490a0	.text	OK
Javelin::MusicalPerformanceResponseMessages	5011	javelin_rtti_static	STRUCTURALLY_CONSISTENT		0x14a1d3fa0	.data	OK	0x14a1d3f90	.data	OK	0x143929f60	.text	OK	0x1482401d8	.rdata	OK	0x143929ed0	.text	OK	0x14394bea0	.text	OK
Javelin::MusicalPerformanceNotificationMessages	5088	javelin_rtti_static	STRUCTURALLY_CONSISTENT		0x14a1d3f10	.data	OK	0x14a1d3f00	.data	OK	0x14392a1a0	.text	OK	0x148240238	.rdata	OK	0x14392a110	.text	OK	0x1439494a0	.text	OK
Javelin::MusicalPerformanceMessages	4876	javelin_rtti_static	STRUCTURALLY_CONSISTENT		0x14a1d3e90	.data	OK	0x14a1d3e80	.data	OK	0x14392a4f0	.text	OK	0x148240420	.rdata	OK	0x14392a460	.text	OK	0x1439492a0	.text	OK
Javelin::MusicalPerformancePlayerRequestMessages	5007	javelin_rtti_static	STRUCTURALLY_CONSISTENT		0x14a1d3210	.data	OK	0x14a1d3200	.data	OK	0x143929680	.text	OK	0x14823ffa8	.rdata	OK	0x1439295f0	.text	OK	0x14394baa0	.text	OK
Javelin::MusicalPerformancePlayerNotificationMessages	5015	javelin_rtti_static	STRUCTURALLY_CONSISTENT		0x14a1d3180	.data	OK	0x14a1d3170	.data	OK	0x143929eb0	.text	OK	0x1482401a8	.rdata	OK	0x143929e20	.text	OK	0x14394b8a0	.text	OK
Javelin::MusicalPerformancePlayerResponseMessages	5006	javelin_rtti_static	STRUCTURALLY_CONSISTENT		0x14a1d30f0	.data	OK	0x14a1d30e0	.data	OK	0x14392a010	.text	OK	0x148240208	.rdata	OK	0x143929f80	.text	OK	0x14394bca0	.text	OK
Javelin::MusicalPerformancePlayerComponentReplicatedState	4878	javelin_rtti_static	STRUCTURALLY_CONSISTENT		0x14a1d5120	.data	OK	0x14a1d5110	.data	OK	0x143961940	.text	OK	0x148244d98	.rdata	OK	0x1439618b0	.text	OK	0x1439681c0	.text	OK
Javelin::MusicalPerformanceReplicatedState	4896	javelin_rtti_static	STRUCTURALLY_CONSISTENT		0x14a1d50a0	.data	OK	0x14a1d5090	.data	OK	0x143961c00	.text	OK	0x148244df8	.rdata	OK	0x143961b70	.text	OK	0x1439683c0	.text	OK
Javelin::MusicalPerformanceStateMessages	4866	javelin_rtti_static	STRUCTURALLY_CONSISTENT		0x14a1d5020	.data	OK	0x14a1d5010	.data	OK	0x143961cb0	.text	OK	0x148244e28	.rdata	OK	0x143961c20	.text	OK	0x14394c0a0	.text	OK
MB::ClientPathingComponentReplicatedState	5915	javelin_rtti_static	STRUCTURALLY_CONSISTENT		0x14a1d5e00	.data	OK	0x14a1d5df0	.data	OK	0x143989770	.text	OK	0x148247bd0	.rdata	OK	0x1439896e0	.text	OK	0x14399c450	.text	OK
Javelin::NPCWaypointSetInitParams	6495	javelin_rtti_static	STRUCTURALLY_CONSISTENT		0x14a1d5d80	.data	OK	0x14a1d5d70	.data	OK	0x14398a580	.text	OK	0x148247f60	.rdata	OK	0x14398a4f0	.text	OK	0x14399c850	.text	OK
Javelin::PathReceiverPathingComponentDelegate	798	javelin_rtti_static	STRUCTURALLY_CONSISTENT		0x14a1d61c0	.data	OK	0x14a1d61b0	.data	OK	0x1439ab810	.text	OK	0x14824b0c8	.rdata	OK	0x1439ab780	.text	OK	0x1439d1100	.text	OK
MB::NotificationServiceComponentReplicatedState	3340	javelin_rtti_static	STRUCTURALLY_CONSISTENT		0x14a1d6b20	.data	OK	0x14a1d6b10	.data	OK	0x1439aa1b0	.text	OK	0x14824abb0	.rdata	OK	0x1439aa120	.text	OK	0x1439d0700	.text	OK
Javelin::INWTagListener	3812	javelin_rtti_static	STRUCTURALLY_CONSISTENT		0x14a1d6ab0	.data	OK	0x14a1d6aa0	.data	OK	0x1439aa4b0	.text	OK	0x14824ac88	.rdata	OK	0x1439aa420	.text	OK	0x1439cff00	.text	OK
Javelin::Objective	3815	javelin_rtti_static	STRUCTURALLY_CONSISTENT		0x14a1d7920	.data	OK	0x14a1d7910	.data	OK	0x1439eb930	.text	OK	0x148252630	.rdata	OK	0x1439eb8a0	.text	OK	0x143a38160	.text	OK
MB::ObjectiveInteractorComponentReplicatedState	3829	javelin_rtti_static	STRUCTURALLY_CONSISTENT		0x14a1d90d0	.data	OK	0x14a1d90c0	.data	OK	0x1439e9700	.text	OK	0x1482516c8	.rdata	OK	0x1439e9670	.text	OK	0x143a38360	.text	OK
Javelin::ObjectivesComponentReplicatedState	3857	javelin_rtti_static	STRUCTURALLY_CONSISTENT		0x14a1d9160	.data	OK	0x14a1d9150	.data	OK	0x1439ec650	.text	OK	0x148252b60	.rdata	OK	0x1439ec5c0	.text	OK	0x143a38d60	.text	OK
Javelin::IObjectiveReward	3859	javelin_rtti_static	STRUCTURALLY_CONSISTENT		0x14a1da830	.data	OK	0x14a1da820	.data	OK	0x143ab8dc0	.text	OK	0x148264ff8	.rdata	OK	0x143ab8d30	.text	OK	0x143abf080	.text	OK
Javelin::ObjectiveRewardCategoricalProgression	3860	javelin_rtti_static	STRUCTURALLY_CONSISTENT		0x14a1da7a0	.data	OK	0x14a1da790	.data	OK	0x143ab8a20	.text	OK	0x148264ee0	.rdata	OK	0x143ab8990	.text	OK	0x143abf280	.text	OK
Javelin::ObjectiveRewardExp	3862	javelin_rtti_static	STRUCTURALLY_CONSISTENT		0x14a1da730	.data	OK	0x14a1da720	.data	OK	0x143ab8c00	.text	OK	0x148264f70	.rdata	OK	0x143ab8b70	.text	OK	0x143abf480	.text	OK
Javelin::ObjectiveRewardItem	78	javelin_rtti_static	STRUCTURALLY_CONSISTENT		0x14a1da6c0	.data	OK	0x14a1da6b0	.data	OK	0x143ab9190	.text	OK	0x1482650b8	.rdata	OK	0x143ab9100	.text	OK	0x143abf680	.text	OK
Javelin::ObjectiveRewardObjective	1148	javelin_rtti_static	STRUCTURALLY_CONSISTENT		0x14a1da640	.data	OK	0x14a1da630	.data	OK	0x143ab7dc0	.text	OK	0x148264b10	.rdata	OK	0x143ab7d30	.text	OK	0x143abf880	.text	OK
Javelin::ConsecutiveTaskContainer	3790	javelin_rtti_static	STRUCTURALLY_CONSISTENT		0x14a1da5c0	.data	OK	0x14a1da5b0	.data	OK	0x143ab7e70	.text	OK	0x148264b40	.rdata	OK	0x143ab7de0	.text	OK	0x143abee80	.text	OK
Javelin::ObjectiveTask	2815	javelin_rtti_static	STRUCTURALLY_CONSISTENT		0x14a1dafd0	.data	OK	0x14a1dafc0	.data	OK	0x143ac4700	.text	OK	0x148267000	.rdata	OK	0x143ac4670	.text	OK	0x143abfa80	.text	OK
Javelin::ObjectiveTaskContainer	3863	javelin_rtti_static	STRUCTURALLY_CONSISTENT		0x14a1daf50	.data	OK	0x14a1daf40	.data	OK	0x143ac48a0	.text	OK	0x148267080	.rdata	OK	0x143ac4810	.text	OK	0x143abfc80	.text	OK
Javelin::PartialTaskContainer	3864	javelin_rtti_static	STRUCTURALLY_CONSISTENT		0x14a1daed0	.data	OK	0x14a1daec0	.data	OK	0x143ac4a40	.text	OK	0x1482670c8	.rdata	OK	0x143ac49b0	.text	OK	0x143ad40d0	.text	OK
Javelin::SimpleTaskContainer	3865	javelin_rtti_static	STRUCTURALLY_CONSISTENT		0x14a1dae60	.data	OK	0x14a1dae50	.data	OK	0x143ac4da0	.text	OK	0x148267240	.rdata	OK	0x143ac4d10	.text	OK	0x143ad42d0	.text	OK
Javelin::TaskAchievement	3867	javelin_rtti_static	STRUCTURALLY_CONSISTENT		0x14a1dadf0	.data	OK	0x14a1dade0	.data	OK	0x143ac5000	.text	OK	0x1482672b8	.rdata	OK	0x143ac4f70	.text	OK	0x143ad44d0	.text	OK
Javelin::TaskBuildStructure	3868	javelin_rtti_static	STRUCTURALLY_CONSISTENT		0x14a1dad80	.data	OK	0x14a1dad70	.data	OK	0x143ac5380	.text	OK	0x148267318	.rdata	OK	0x143ac52f0	.text	OK	0x143ad46d0	.text	OK
Javelin::TaskBuySell	3580	javelin_rtti_static	STRUCTURALLY_CONSISTENT		0x14a1dad10	.data	OK	0x14a1dad00	.data	OK	0x143ac3290	.text	OK	0x1482669f0	.rdata	OK	0x143ac3200	.text	OK	0x143ad48d0	.text	OK
Javelin::TaskChooseFaction	2905	javelin_rtti_static	STRUCTURALLY_CONSISTENT		0x14a1daca0	.data	OK	0x14a1dac90	.data	OK	0x143ac3430	.text	OK	0x148266a50	.rdata	OK	0x143ac33a0	.text	OK	0x143ad4ad0	.text	OK
Javelin::TaskCinematicComplete	6544	javelin_rtti_static	STRUCTURALLY_CONSISTENT		0x14a1db590	.data	OK	0x14a1db580	.data	OK	0x143ae0260	.text	OK	0x14826b660	.rdata	OK	0x143ae01d0	.text	OK	0x143ae7050	.text	OK
Javelin::TaskCinematicStart	6601	javelin_rtti_static	STRUCTURALLY_CONSISTENT		0x14a1db520	.data	OK	0x14a1db510	.data	OK	0x143ae06d0	.text	OK	0x14826b7f0	.rdata	OK	0x143ae0640	.text	OK	0x143ae7250	.text	OK
Javelin::TaskClaimButton	4702	javelin_rtti_static	STRUCTURALLY_CONSISTENT		0x14a1db4b0	.data	OK	0x14a1db4a0	.data	OK	0x143ae0970	.text	OK	0x14826b850	.rdata	OK	0x143ae08e0	.text	OK	0x143ae7450	.text	OK
Javelin::TaskCompleteDungeon	4754	javelin_rtti_static	STRUCTURALLY_CONSISTENT		0x14a1db440	.data	OK	0x14a1db430	.data	OK	0x143ae0a20	.text	OK	0x14826b8a0	.rdata	OK	0x143ae0990	.text	OK	0x143ae7650	.text	OK
Javelin::TaskCompleteObjectiveType	4737	javelin_rtti_static	STRUCTURALLY_CONSISTENT		0x14a1db3c0	.data	OK	0x14a1db3b0	.data	OK	0x143ae0c80	.text	OK	0x14826b928	.rdata	OK	0x143ae0bf0	.text	OK	0x143ae7850	.text	OK
Javelin::TaskControlPoint	3870	javelin_rtti_static	STRUCTURALLY_CONSISTENT		0x14a1db700	.data	OK	0x14a1db6f0	.data	OK	0x143adedc0	.text	OK	0x14826ad28	.rdata	OK	0x143aded30	.text	OK	0x143ae7a50	.text	OK
Javelin::TaskConversation	2049	javelin_rtti_static	STRUCTURALLY_CONSISTENT		0x14a1db690	.data	OK	0x14a1db680	.data	OK	0x143adef60	.text	OK	0x14826ad70	.rdata	OK	0x143adeed0	.text	OK	0x143ad4cd0	.text	OK
Javelin::TaskConversationState	3871	javelin_rtti_static	STRUCTURALLY_CONSISTENT		0x14a1db610	.data	OK	0x14a1db600	.data	OK	0x143adf100	.text	OK	0x14826ae10	.rdata	OK	0x143adf070	.text	OK	0x143ae7c50	.text	OK
Javelin::TaskConversationTopic	3873	javelin_rtti_static	STRUCTURALLY_CONSISTENT		0x14a1dbd90	.data	OK	0x14a1dbd80	.data	OK	0x143aeb0a0	.text	OK	0x14826e1f0	.rdata	OK	0x143aeb010	.text	OK	0x143af3e70	.text	OK
Javelin::TaskCrafting	412	javelin_rtti_static	STRUCTURALLY_CONSISTENT		0x14a1dbd20	.data	OK	0x14a1dbd10	.data	OK	0x143aeb240	.text	OK	0x14826e238	.rdata	OK	0x143aeb1b0	.text	OK	0x143ad4ed0	.text	OK
Javelin::TaskCraftMultipleRecipes	6876	javelin_rtti_static	STRUCTURALLY_CONSISTENT		0x14a1dbca0	.data	OK	0x14a1dbc90	.data	OK	0x143aeb580	.text	OK	0x14826e368	.rdata	OK	0x143aeb4f0	.text	OK	0x143af4070	.text	OK
Javelin::TaskCraftRecipe	3874	javelin_rtti_static	STRUCTURALLY_CONSISTENT		0x14a1dbc30	.data	OK	0x14a1dbc20	.data	OK	0x143aeb720	.text	OK	0x14826e3b0	.rdata	OK	0x143aeb690	.text	OK	0x143af4270	.text	OK
Javelin::TaskCutsceneComplete	6341	javelin_rtti_static	STRUCTURALLY_CONSISTENT		0x14a1dbbb0	.data	OK	0x14a1dbba0	.data	OK	0x143aeba20	.text	OK	0x14826e428	.rdata	OK	0x143aeb990	.text	OK	0x143af4470	.text	OK
Javelin::TaskDie	3875	javelin_rtti_static	STRUCTURALLY_CONSISTENT		0x14a1dbb40	.data	OK	0x14a1dbb30	.data	OK	0x143aebad0	.text	OK	0x14826e458	.rdata	OK	0x143aeba40	.text	OK	0x143af4670	.text	OK
Javelin::TaskEquipItem	3540	javelin_rtti_static	STRUCTURALLY_CONSISTENT		0x14a1dbad0	.data	OK	0x14a1dbac0	.data	OK	0x143aeae50	.text	OK	0x14826e178	.rdata	OK	0x143aeadc0	.text	OK	0x143af4870	.text	OK
Javelin::TaskFishing	3876	javelin_rtti_static	STRUCTURALLY_CONSISTENT		0x14a1dba60	.data	OK	0x14a1dba50	.data	OK	0x143aeaff0	.text	OK	0x14826e1c0	.rdata	OK	0x143aeaf60	.text	OK	0x143af4a70	.text	OK
Javelin::TaskGameEvent	3877	javelin_rtti_static	STRUCTURALLY_CONSISTENT		0x14a1dc2e0	.data	OK	0x14a1dc2d0	.data	OK	0x143afc6e0	.text	OK	0x148271978	.rdata	OK	0x143afc650	.text	OK	0x143b05e60	.text	OK
Javelin::TaskGameMode	1196	javelin_rtti_static	STRUCTURALLY_CONSISTENT		0x14a1dc270	.data	OK	0x14a1dc260	.data	OK	0x143afc900	.text	OK	0x148271a18	.rdata	OK	0x143afc870	.text	OK	0x143b06060	.text	OK
Javelin::TaskGatherCyclicState	4773	javelin_rtti_static	STRUCTURALLY_CONSISTENT		0x14a1dc1f0	.data	OK	0x14a1dc1e0	.data	OK	0x143afc9b0	.text	OK	0x148271a70	.rdata	OK	0x143afc920	.text	OK	0x143b06260	.text	OK
Javelin::TaskGiveItem	1417	javelin_rtti_static	STRUCTURALLY_CONSISTENT		0x14a1dc510	.data	OK	0x14a1dc500	.data	OK	0x143afbfb0	.text	OK	0x148271760	.rdata	OK	0x143afbf20	.text	OK	0x143b06460	.text	OK
Javelin::TaskGoTo	2534	javelin_rtti_static	STRUCTURALLY_CONSISTENT		0x14a1dc4a0	.data	OK	0x14a1dc490	.data	OK	0x143afc060	.text	OK	0x148271790	.rdata	OK	0x143afbfd0	.text	OK	0x143ae7e50	.text	OK
Javelin::TaskGoToDuration	3878	javelin_rtti_static	STRUCTURALLY_CONSISTENT		0x14a1dc430	.data	OK	0x14a1dc420	.data	OK	0x143afc200	.text	OK	0x1482717d8	.rdata	OK	0x143afc170	.text	OK	0x143b06660	.text	OK
Javelin::TaskHaveItems	241	javelin_rtti_static	STRUCTURALLY_CONSISTENT		0x14a1dc3c0	.data	OK	0x14a1dc3b0	.data	OK	0x143afc2b0	.text	OK	0x148271808	.rdata	OK	0x143afc220	.text	OK	0x143b06860	.text	OK
Javelin::TaskHaveLevel	3228	javelin_rtti_static	STRUCTURALLY_CONSISTENT		0x14a1dc350	.data	OK	0x14a1dc340	.data	OK	0x143afc360	.text	OK	0x148271870	.rdata	OK	0x143afc2d0	.text	OK	0x143b06a60	.text	OK
Javelin::TaskHouseScore	3662	javelin_rtti_static	STRUCTURALLY_CONSISTENT		0x14a1dca30	.data	OK	0x14a1dca20	.data	OK	0x143b0ef70	.text	OK	0x148275648	.rdata	OK	0x143b0eee0	.text	OK	0x143b16260	.text	OK
Javelin::TaskInteract	2360	javelin_rtti_static	STRUCTURALLY_CONSISTENT		0x14a1dc9c0	.data	OK	0x14a1dc9b0	.data	OK	0x143b0f200	.text	OK	0x148275748	.rdata	OK	0x143b0f170	.text	OK	0x143b16460	.text	OK
Javelin::TaskInventory	3134	javelin_rtti_static	STRUCTURALLY_CONSISTENT		0x14a1dc950	.data	OK	0x14a1dc940	.data	OK	0x143b0d840	.text	OK	0x148275268	.rdata	OK	0x143b0d7b0	.text	OK	0x143b06c60	.text	OK
Javelin::TaskJoinGuild	3848	javelin_rtti_static	STRUCTURALLY_CONSISTENT		0x14a1dc8e0	.data	OK	0x14a1dc8d0	.data	OK	0x143b0d8f0	.text	OK	0x148275298	.rdata	OK	0x143b0d860	.text	OK	0x143b16660	.text	OK
Javelin::TaskKill	3879	javelin_rtti_static	STRUCTURALLY_CONSISTENT		0x14a1dc870	.data	OK	0x14a1dc860	.data	OK	0x143b0d9a0	.text	OK	0x1482752c8	.rdata	OK	0x143b0d910	.text	OK	0x143b16860	.text	OK
Javelin::TaskKillContribution	904	javelin_rtti_static	STRUCTURALLY_CONSISTENT		0x14a1dc7f0	.data	OK	0x14a1dc7e0	.data	OK	0x143b0da50	.text	OK	0x1482752f8	.rdata	OK	0x143b0d9c0	.text	OK	0x143b16a60	.text	OK
Javelin::TaskObjective	3881	javelin_rtti_static	STRUCTURALLY_CONSISTENT		0x14a1dc780	.data	OK	0x14a1dc770	.data	OK	0x143b0dd20	.text	OK	0x148275358	.rdata	OK	0x143b0dc90	.text	OK	0x143b16c60	.text	OK
Javelin::TaskOpenUiScreen	3882	javelin_rtti_static	STRUCTURALLY_CONSISTENT		0x14a1dcf80	.data	OK	0x14a1dcf70	.data	OK	0x143b1b330	.text	OK	0x148277fc8	.rdata	OK	0x143b1b2a0	.text	OK	0x143b22820	.text	OK
Javelin::TaskPerform	5117	javelin_rtti_static	STRUCTURALLY_CONSISTENT		0x14a1dcf10	.data	OK	0x14a1dcf00	.data	OK	0x143b1b850	.text	OK	0x1482780c0	.rdata	OK	0x143b1b7c0	.text	OK	0x143b22a20	.text	OK
Javelin::TaskQuickCourse	6043	javelin_rtti_static	STRUCTURALLY_CONSISTENT		0x14a1dcea0	.data	OK	0x14a1dce90	.data	OK	0x143b1bad0	.text	OK	0x148278158	.rdata	OK	0x143b1ba40	.text	OK	0x143b22c20	.text	OK
Javelin::TaskReadLore	1420	javelin_rtti_static	STRUCTURALLY_CONSISTENT		0x14a1dce30	.data	OK	0x14a1dce20	.data	OK	0x143b1bc70	.text	OK	0x1482781a0	.rdata	OK	0x143b1bbe0	.text	OK	0x143b22e20	.text	OK
Javelin::TaskRecipePinned	3883	javelin_rtti_static	STRUCTURALLY_CONSISTENT		0x14a1dcdc0	.data	OK	0x14a1dcdb0	.data	OK	0x143b1bd20	.text	OK	0x1482781d0	.rdata	OK	0x143b1bc90	.text	OK	0x143b23020	.text	OK
Javelin::TaskRemoveItem	3885	javelin_rtti_static	STRUCTURALLY_CONSISTENT		0x14a1dcd50	.data	OK	0x14a1dcd40	.data	OK	0x143b1af30	.text	OK	0x148277f08	.rdata	OK	0x143b1aea0	.text	OK	0x143b23220	.text	OK
Javelin::TaskRepairItem	3886	javelin_rtti_static	STRUCTURALLY_CONSISTENT		0x14a1dcce0	.data	OK	0x14a1dccd0	.data	OK	0x143b1afe0	.text	OK	0x148277f50	.rdata	OK	0x143b1af50	.text	OK	0x143b23420	.text	OK
Javelin::TaskRequireGatherItems	3887	javelin_rtti_static	STRUCTURALLY_CONSISTENT		0x14a1dd510	.data	OK	0x14a1dd500	.data	OK	0x143b262a0	.text	OK	0x14827b1f0	.rdata	OK	0x143b26210	.text	OK	0x143b2e9b0	.text	OK
Javelin::TaskSalvageItem	3888	javelin_rtti_static	STRUCTURALLY_CONSISTENT		0x14a1dd4a0	.data	OK	0x14a1dd490	.data	OK	0x143b26440	.text	OK	0x14827b238	.rdata	OK	0x143b263b0	.text	OK	0x143b2ebb0	.text	OK
Javelin::TaskSlayerScript	6247	javelin_rtti_static	STRUCTURALLY_CONSISTENT		0x14a1dd430	.data	OK	0x14a1dd420	.data	OK	0x143b265e0	.text	OK	0x14827b280	.rdata	OK	0x143b26550	.text	OK	0x143b2edb0	.text	OK
Javelin::TaskSpecificInteract	1743	javelin_rtti_static	STRUCTURALLY_CONSISTENT		0x14a1dd3b0	.data	OK	0x14a1dd3a0	.data	OK	0x143b268b0	.text	OK	0x14827b2e0	.rdata	OK	0x143b26820	.text	OK	0x143b2efb0	.text	OK
Javelin::TaskTimer	282	javelin_rtti_static	STRUCTURALLY_CONSISTENT		0x14a1dd340	.data	OK	0x14a1dd330	.data	OK	0x143b26960	.text	OK	0x14827b310	.rdata	OK	0x143b268d0	.text	OK	0x143b2f1b0	.text	OK
Javelin::TaskTriggerArea	3891	javelin_rtti_static	STRUCTURALLY_CONSISTENT		0x14a1dd2d0	.data	OK	0x14a1dd2c0	.data	OK	0x143b26e60	.text	OK	0x14827b3b8	.rdata	OK	0x143b26dd0	.text	OK	0x143b2f3b0	.text	OK
Javelin::TaskUnlockAchievement	3892	javelin_rtti_static	STRUCTURALLY_CONSISTENT		0x14a1dd250	.data	OK	0x14a1dd240	.data	OK	0x143b27290	.text	OK	0x14827b418	.rdata	OK	0x143b27200	.text	OK	0x143b2f5b0	.text	OK
Javelin::TaskUseItems	3893	javelin_rtti_static	STRUCTURALLY_CONSISTENT		0x14a1dd1e0	.data	OK	0x14a1dd1d0	.data	OK	0x143b27fd0	.text	OK	0x14827b6e8	.rdata	OK	0x143b27f40	.text	OK	0x143b2f7b0	.text	OK
Javelin::AIPathParameterData	558	javelin_rtti_static	STRUCTURALLY_CONSISTENT		0x14a1de130	.data	OK	0x14a1de120	.data	OK	0x143b49690	.text	OK	0x1482810f0	.rdata	OK	0x143b49600	.text	OK	0x143b66500	.text	OK
Javelin::QueryManagerActorDebugListener	3924	javelin_rtti_static	STRUCTURALLY_CONSISTENT		0x14a1dfe80	.data	OK	0x14a1dfe70	.data	OK	0x143b7a5e0	.text	OK	0x148287400	.rdata	OK	0x143b7a550	.text	OK	0x143b9cd40	.text	OK
Javelin::TileManagerActorDebugListener	3522	javelin_rtti_static	STRUCTURALLY_CONSISTENT		0x14a1dfe00	.data	OK	0x14a1dfdf0	.data	OK	0x143b7a950	.text	OK	0x148287530	.rdata	OK	0x143b7a8c0	.text	OK	0x143b9d140	.text	OK
Javelin::PointsAccumulatorComponentReplicatedState	6951	javelin_rtti_static	STRUCTURALLY_CONSISTENT		0x14a1e1040	.data	OK	0x14a1e1030	.data	OK	0x143baaf10	.text	OK	0x14828adc0	.rdata	OK	0x143baae80	.text	OK	0x143bbcbe0	.text	OK
Javelin::Spawner::BuffBucketsParameter	3984	javelin_rtti_static	STRUCTURALLY_CONSISTENT		0x14a1e0fc0	.data	OK	0x14a1e0fb0	.data	OK	0x143bab390	.text	OK	0x14828ae50	.rdata	OK	0x143bab300	.text	OK	0x143bbc9e0	.text	OK
Javelin::RandomSeedInfo	2827	javelin_rtti_static	STRUCTURALLY_CONSISTENT		0x14a1e1b90	.data	OK	0x14a1e1b80	.data	OK	0x143bc7f00	.text	OK	0x14828dd58	.rdata	OK	0x143bc7e70	.text	OK	0x1426ef4b0	.text	OK
Javelin::SpawnBoostingParameter	3744	javelin_rtti_static	STRUCTURALLY_CONSISTENT		0x14a1e30a0	.data	OK	0x14a1e3090	.data	OK	0x143bf91f0	.text	OK	0x148292d98	.rdata	OK	0x143bf9160	.text	OK	0x143c10680	.text	OK
MB::SpawnerComponentReplicatedState	4005	javelin_rtti_static	STRUCTURALLY_CONSISTENT		0x14a1e2970	.data	OK	0x14a1e2960	.data	OK	0x143bf93d0	.text	OK	0x148292dc8	.rdata	OK	0x143bf9340	.text	OK	0x143c10c80	.text	OK
Javelin::Spawner::SpawnerTagParameter	3554	javelin_rtti_static	STRUCTURALLY_CONSISTENT		0x14a1e3f20	.data	OK	0x14a1e3f10	.data	OK	0x143c1e3c0	.text	OK	0x1482970c0	.rdata	OK	0x143c1e330	.text	OK	0x142717c10	.text	OK
Javelin::SpawnPriorityParameter	4008	javelin_rtti_static	STRUCTURALLY_CONSISTENT		0x14a1e3ea0	.data	OK	0x14a1e3e90	.data	OK	0x143c1e470	.text	OK	0x1482970f0	.rdata	OK	0x143c1e3e0	.text	OK	0x143c10880	.text	OK
Javelin::TargetAgentParameter	4009	javelin_rtti_static	STRUCTURALLY_CONSISTENT		0x14a1e3e20	.data	OK	0x14a1e3e10	.data	OK	0x143c1e520	.text	OK	0x148297120	.rdata	OK	0x143c1e490	.text	OK	0x142717e10	.text	OK
Javelin::ISpawnCapListener	4023	javelin_rtti_static	STRUCTURALLY_CONSISTENT		0x14a1e4680	.data	OK	0x14a1e4670	.data	OK	0x143c39cc0	.text	OK	0x14829a680	.rdata	OK	0x143c39c30	.text	OK	0x143c49b80	.text	OK
Javelin::ISpawnCapManager	4026	javelin_rtti_static	STRUCTURALLY_CONSISTENT		0x14a1e4610	.data	OK	0x14a1e4600	.data	OK	0x143c39e80	.text	OK	0x14829a6c8	.rdata	OK	0x143c39df0	.text	OK	0x143c10480	.text	OK
Javelin::ISpawnCountListener	4027	javelin_rtti_static	STRUCTURALLY_CONSISTENT		0x14a1e45a0	.data	OK	0x14a1e4590	.data	OK	0x143c373a0	.text	OK	0x148299d70	.rdata	OK	0x143c37310	.text	OK	0x143be6b00	.text	OK
Javelin::Spawner::NavReceiverPathingComponentDelegate	4030	javelin_rtti_static	STRUCTURALLY_CONSISTENT		0x14a1e52b0	.data	OK	0x14a1e52a0	.data	OK	0x143c55280	.text	OK	0x14829e2a8	.rdata	OK	0x143c551f0	.text	OK	0x143c69790	.text	OK
Javelin::SpawnCapInstantiationParameter	2959	javelin_rtti_static	STRUCTURALLY_CONSISTENT		0x14a1e5230	.data	OK	0x14a1e5220	.data	OK	0x143c52dd0	.text	OK	0x14829d8b0	.rdata	OK	0x143c52d40	.text	OK	0x143c69990	.text	OK
Javelin::Spawner::InvasionLaneParameter	2493	javelin_rtti_static	STRUCTURALLY_CONSISTENT		0x14a1e61a0	.data	OK	0x14a1e6190	.data	OK	0x143c74a70	.text	OK	0x1482a2800	.rdata	OK	0x143c749e0	.text	OK	0x143141490	.text	OK
Javelin::Spawner::MinionVitalsParameter	4031	javelin_rtti_static	STRUCTURALLY_CONSISTENT		0x14a1e6070	.data	OK	0x14a1e6060	.data	OK	0x143c72920	.text	OK	0x1482a21d8	.rdata	OK	0x143c72890	.text	OK	0x1425d43a0	.text	OK
Javelin::GraphBasedSpawnerParam	7005	javelin_rtti_static	STRUCTURALLY_CONSISTENT		0x14a1e6f50	.data	OK	0x14a1e6f40	.data	OK	0x143c90b80	.text	OK	0x1482a6d28	.rdata	OK	0x143c90af0	.text	OK	0x143cb59a0	.text	OK
Javelin::IGraphBaseSpawnerRemoteInterface	7011	javelin_rtti_static	STRUCTURALLY_CONSISTENT		0x14a1e6e20	.data	OK	0x14a1e6e10	.data	OK	0x143c930b0	.text	OK	0x1482a7698	.rdata	OK	0x143c93020	.text	OK	0x143c69390	.text	OK
Javelin::IGraphBaseSpawnNodeRemoteInterface	7009	javelin_rtti_static	STRUCTURALLY_CONSISTENT		0x14a1e7a30	.data	OK	0x14a1e7a20	.data	OK	0x143c93380	.text	OK	0x1482a76f8	.rdata	OK	0x143c932f0	.text	OK	0x143cb5ba0	.text	OK
MB::CategoricalProgressionReplicatedState	911	javelin_rtti_static	STRUCTURALLY_CONSISTENT		0x14a1e6fd0	.data	OK	0x14a1e6fc0	.data	OK	0x143c93f60	.text	OK	0x1482a7ae8	.rdata	OK	0x143c93ed0	.text	OK	0x143cb55a0	.text	OK
MB::ProgressionComponentReplicatedState	899	javelin_rtti_static	STRUCTURALLY_CONSISTENT		0x14a1e8f50	.data	OK	0x14a1e8f40	.data	OK	0x143ccd130	.text	OK	0x1482ac790	.rdata	OK	0x143ccd0a0	.text	OK	0x143cee440	.text	OK
MB::ProgressionPointReplicatedState	3681	javelin_rtti_static	STRUCTURALLY_CONSISTENT		0x14a1e88a0	.data	OK	0x14a1e8890	.data	OK	0x143cca4d0	.text	OK	0x1482ab7e0	.rdata	OK	0x143cca440	.text	OK	0x143cf0240	.text	OK
MB::PlayerQuickCourseComponentReplicatedState	6044	javelin_rtti_static	STRUCTURALLY_CONSISTENT		0x14a1e83b0	.data	OK	0x14a1e83a0	.data	OK	0x143cccdf0	.text	OK	0x1482ac638	.rdata	OK	0x143cccd60	.text	OK	0x143cedc40	.text	OK
Javelin::SeasonsRewardsReplicatedState	5485	javelin_rtti_static	STRUCTURALLY_CONSISTENT		0x14a1ec2b0	.data	OK	0x14a1ec2a0	.data	OK	0x143d8fe90	.text	OK	0x1482b8c38	.rdata	OK	0x143d8fe00	.text	OK	0x143db6260	.text	OK
Javelin::SeasonsRewardsTrackedStatReplicatedState	5606	javelin_rtti_static	STRUCTURALLY_CONSISTENT		0x14a1edb50	.data	OK	0x14a1edb40	.data	OK	0x143dc7000	.text	OK	0x1482bd2c8	.rdata	OK	0x143dc6f70	.text	OK	0x143dd9f90	.text	OK
Javelin::TaskSeasonsObjectiveTask	6082	javelin_rtti_static	STRUCTURALLY_CONSISTENT		0x14a1eec90	.data	OK	0x14a1eec80	.data	OK	0x143ddff20	.text	OK	0x1482bfce0	.rdata	OK	0x143ddfe90	.text	OK	0x143dfa8c0	.text	OK
Javelin::CapturePointReplicatedState	333	javelin_rtti_static	STRUCTURALLY_CONSISTENT		0x14a1ef7c0	.data	OK	0x14a1ef7b0	.data	OK	0x143e054b0	.text	OK	0x1482c3df0	.rdata	OK	0x143e05420	.text	OK	0x143e14c10	.text	OK
Javelin::CapturePointReplicatedState_ColdData	4066	javelin_rtti_static	STRUCTURALLY_CONSISTENT		0x14a1ef730	.data	OK	0x14a1ef720	.data	OK	0x143e05560	.text	OK	0x1482c3e20	.rdata	OK	0x143e054d0	.text	OK	0x143e14e10	.text	OK
Javelin::CapturePointReplicatedState_HotData	4068	javelin_rtti_static	STRUCTURALLY_CONSISTENT		0x14a1ef6b0	.data	OK	0x14a1ef6a0	.data	OK	0x143e05610	.text	OK	0x1482c3e50	.rdata	OK	0x143e05580	.text	OK	0x143e15010	.text	OK
Javelin::FortRefMessageHandler	4071	javelin_rtti_static	STRUCTURALLY_CONSISTENT		0x14a1ef4d0	.data	OK	0x14a1ef4c0	.data	OK	0x143e067c0	.text	OK	0x1482c42c8	.rdata	OK	0x143e06730	.text	OK	0x143e15610	.text	OK
Javelin::InitialCapturePointData	4072	javelin_rtti_static	STRUCTURALLY_CONSISTENT		0x14a1f0450	.data	OK	0x14a1f0440	.data	OK	0x143e1c420	.text	OK	0x1482c7438	.rdata	OK	0x143e1c390	.text	OK	0x143e2b7c0	.text	OK
Javelin::InitialFortSpawnData	3677	javelin_rtti_static	STRUCTURALLY_CONSISTENT		0x14a1f03d0	.data	OK	0x14a1f03c0	.data	OK	0x143e1c4d0	.text	OK	0x1482c7468	.rdata	OK	0x143e1c440	.text	OK	0x1434ee080	.text	OK
Javelin::InitialSiegeData	4073	javelin_rtti_static	STRUCTURALLY_CONSISTENT		0x14a1f0360	.data	OK	0x14a1f0350	.data	OK	0x143e1c580	.text	OK	0x1482c7498	.rdata	OK	0x143e1c4f0	.text	OK	0x143e2b9c0	.text	OK
Javelin::ISiegeWarfareDataMessageHandler	615	javelin_rtti_static	STRUCTURALLY_CONSISTENT		0x14a1f02e0	.data	OK	0x14a1f02d0	.data	OK	0x143e1c630	.text	OK	0x1482c74d8	.rdata	OK	0x143e1c5a0	.text	OK	0x1427fb640	.text	OK
Javelin::ISiegeWarfareMessageHandler	2061	javelin_rtti_static	STRUCTURALLY_CONSISTENT		0x14a1f0260	.data	OK	0x14a1f0250	.data	OK	0x143e1c930	.text	OK	0x1482c75e0	.rdata	OK	0x143e1c8a0	.text	OK	0x1433e6090	.text	OK
Javelin::SiegeWarfareRemoteListener	3872	javelin_rtti_static	STRUCTURALLY_CONSISTENT		0x14a1f01e0	.data	OK	0x14a1f01d0	.data	OK	0x143e1cac0	.text	OK	0x1482c76a0	.rdata	OK	0x143e1ca30	.text	OK	0x143e2c1c0	.text	OK
Javelin::SiegeWarfareDataComponentServerMessages	1693	javelin_rtti_static	STRUCTURALLY_CONSISTENT		0x14a1f0b80	.data	OK	0x14a1f0b70	.data	OK	0x143e36240	.text	OK	0x1482ca1f8	.rdata	OK	0x143e361a0	.text	OK	0x143e4b870	.text	OK
MB::SiegeWarfareDataReplicatedState	4103	javelin_rtti_static	STRUCTURALLY_CONSISTENT		0x14a1f0b00	.data	OK	0x14a1f0af0	.data	OK	0x143e36960	.text	OK	0x1482ca468	.rdata	OK	0x143e368d0	.text	OK	0x143e4ba70	.text	OK
Javelin::WarMessageHandler	4111	javelin_rtti_static	STRUCTURALLY_CONSISTENT		0x14a1f1580	.data	OK	0x14a1f1570	.data	OK	0x143e5b3d0	.text	OK	0x1482cd420	.rdata	OK	0x143e5b340	.text	OK	0x1426c87a0	.text	OK
Javelin::SlayerSpawnableInstantiationParams	4724	javelin_rtti_static	STRUCTURALLY_CONSISTENT		0x14a1f1500	.data	OK	0x14a1f14f0	.data	OK	0x143e5b750	.text	OK	0x1482cd538	.rdata	OK	0x143e5b6c0	.text	OK	0x1426ef6b0	.text	OK
Javelin::IChatComponentListener	4117	javelin_rtti_static	STRUCTURALLY_CONSISTENT		0x14a1f23d0	.data	OK	0x14a1f23c0	.data	OK	0x143e5feb0	.text	OK	0x1482ce880	.rdata	OK	0x143e5fe20	.text	OK	0x14291fa70	.text	OK
MB::ChatReplicatedState	1566	javelin_rtti_static	STRUCTURALLY_CONSISTENT		0x14a1f15f0	.data	OK	0x14a1f15e0	.data	OK	0x143e5dbc0	.text	OK	0x1482cdf78	.rdata	OK	0x143e5db30	.text	OK	0x143e7b800	.text	OK
MB::PlayerNameTagComponentReplicatedState	100	javelin_rtti_static	STRUCTURALLY_CONSISTENT		0x14a1f4b20	.data	OK	0x14a1f4b10	.data	OK	0x143eacef0	.text	OK	0x1482d6550	.rdata	OK	0x143eace60	.text	OK	0x143ee3c20	.text	OK
Javelin::SocialComponentResponses::OnNamePrefixSearchResponse	2191	javelin_rtti_static	STRUCTURALLY_CONSISTENT		0x14a1f6b00	.data	OK	0x14a1f6af0	.data	OK	0x143ea5bd0	.text	OK	0x1482d45a8	.rdata	OK	0x143ea5b40	.text	OK	0x143ee3820	.text	OK
Javelin::SocialComponentResponses::OnBlockedCharacterResponse	4131	javelin_rtti_static	STRUCTURALLY_CONSISTENT		0x14a1f6a70	.data	OK	0x14a1f6a60	.data	OK	0x143ea64b0	.text	OK	0x1482d46c0	.rdata	OK	0x143ea6420	.text	OK	0x143ee3620	.text	OK
Javelin::SocialComponentResponses::OnPVPActiveCharacterStillActive	5793	javelin_rtti_static	STRUCTURALLY_CONSISTENT		0x14a1f69d0	.data	OK	0x14a1f69c0	.data	OK	0x143ea69b0	.text	OK	0x1482d48e8	.rdata	OK	0x143ea6920	.text	OK	0x143ee3a20	.text	OK
MB::SocialReplicatedState	4176	javelin_rtti_static	STRUCTURALLY_CONSISTENT		0x14a1f2fe0	.data	OK	0x14a1f2fd0	.data	OK	0x143ea8a20	.text	OK	0x1482d5180	.rdata	OK	0x143ea8990	.text	OK	0x143eeee20	.text	OK
MB::SocialReplicatedState::ChattingStateMessageType	2004	javelin_rtti_static	STRUCTURALLY_CONSISTENT		0x14a1f2f50	.data	OK	0x14a1f2f40	.data	OK	0x143ea9990	.text	OK	0x1482d54b0	.rdata	OK	0x143ea9900	.text	OK	0x143ee3020	.text	OK
Javelin::UIGameChatMessage	4198	javelin_rtti_static	STRUCTURALLY_CONSISTENT		0x14a1f8930	.data	OK	0x14a1f8920	.data	OK	0x143f24450	.text	OK	0x1482e03b0	.rdata	OK	0x143f243c0	.text	OK	0x143e7ba00	.text	OK
MB::WarDataComponentReplicatedState	1739	javelin_rtti_static	STRUCTURALLY_CONSISTENT		0x14a1f7c00	.data	OK	0x14a1f7bf0	.data	OK	0x143f26680	.text	OK	0x1482e0d88	.rdata	OK	0x143f265f0	.text	OK	0x143f56c80	.text	OK
MB::TwitchStreamReplicatedState	610	javelin_rtti_static	STRUCTURALLY_CONSISTENT		0x14a1fa120	.data	OK	0x14a1fa110	.data	OK	0x143f7b740	.text	OK	0x1482e6d60	.rdata	OK	0x143f7b6b0	.text	OK	0x143f8b590	.text	OK
InitialSpectatorCameraSettings	890	javelin_rtti_static	STRUCTURALLY_CONSISTENT		0x14a1fb370	.data	OK	0x14a1fb360	.data	OK	0x143f999b0	.text	OK	0x1482eaae8	.rdata	OK	0x143f99920	.text	OK	0x143fa8b20	.text	OK
Javelin::ISpectatedVitalsListener	3643	javelin_rtti_static	STRUCTURALLY_CONSISTENT		0x14a1fb6b0	.data	OK	0x14a1fb6a0	.data	OK	0x143f99e60	.text	OK	0x1482eac70	.rdata	OK	0x143f99dd0	.text	OK	0x143fa8920	.text	OK
Javelin::ISpectabilityListener	4214	javelin_rtti_static	STRUCTURALLY_CONSISTENT		0x14a1fb630	.data	OK	0x14a1fb620	.data	OK	0x143f99f10	.text	OK	0x1482eaca0	.rdata	OK	0x143f99e80	.text	OK	0x143fa8720	.text	OK
Javelin::IPositionReceiver	2334	javelin_rtti_static	STRUCTURALLY_CONSISTENT		0x14a1fb5c0	.data	OK	0x14a1fb5b0	.data	OK	0x143f99fc0	.text	OK	0x1482eacd0	.rdata	OK	0x143f99f30	.text	OK	0x143fa8520	.text	OK
MB::StatMultiplierTableComponentReplicatedState	1525	javelin_rtti_static	STRUCTURALLY_CONSISTENT		0x14a1fd990	.data	OK	0x14a1fd980	.data	OK	0x143fd26a0	.text	OK	0x1482f0580	.rdata	OK	0x143fd2610	.text	OK	0x143fea680	.text	OK
Javelin::IStatusEffectsRemoteListener	2700	javelin_rtti_static	STRUCTURALLY_CONSISTENT		0x14a1fd910	.data	OK	0x14a1fd900	.data	OK	0x143fd37c0	.text	OK	0x1482f0a28	.rdata	OK	0x143fd3730	.text	OK	0x1431f3090	.text	OK
Javelin::StatusEffectDetails	4230	javelin_rtti_static	STRUCTURALLY_CONSISTENT		0x14a1fe4d0	.data	OK	0x14a1fe4c0	.data	OK	0x143ffc5f0	.text	OK	0x1482f60b0	.rdata	OK	0x143ffc560	.text	OK	0x144025250	.text	OK
MB::StatusEffectsComponentReplicatedState	4236	javelin_rtti_static	STRUCTURALLY_CONSISTENT		0x14a1fe540	.data	OK	0x14a1fe530	.data	OK	0x143ffbe70	.text	OK	0x1482f5ca0	.rdata	OK	0x143ffbde0	.text	OK	0x144025c50	.text	OK
MB::StealthInvisibilityComponentReplicatedState	6883	javelin_rtti_static	STRUCTURALLY_CONSISTENT		0x14a1fff60	.data	OK	0x14a1fff50	.data	OK	0x14404f770	.text	OK	0x1482fa520	.rdata	OK	0x14404f6e0	.text	OK	0x1440625f0	.text	OK
Javelin::ITemporaryAffiliationRemoteListener	1707	javelin_rtti_static	STRUCTURALLY_CONSISTENT		0x14a2001d0	.data	OK	0x14a2001c0	.data	OK	0x14404e9b0	.text	OK	0x1482fa210	.rdata	OK	0x14404e920	.text	OK	0x14306f7a0	.text	OK
MB::TemporaryAffiliationReplicatedState	3563	javelin_rtti_static	STRUCTURALLY_CONSISTENT		0x14a1ffff0	.data	OK	0x14a1fffe0	.data	OK	0x14404f910	.text	OK	0x1482fa598	.rdata	OK	0x14404f880	.text	OK	0x144062df0	.text	OK
MB::PlayerTimeComponentReplicatedState	3290	javelin_rtti_static	STRUCTURALLY_CONSISTENT		0x14a200da0	.data	OK	0x14a200d90	.data	OK	0x14406f030	.text	OK	0x1482fdf98	.rdata	OK	0x14406ef90	.text	OK	0x144085190	.text	OK
Javelin::TimeUpdateListenerComponentDelegate	4245	javelin_rtti_static	STRUCTURALLY_CONSISTENT		0x14a2011c0	.data	OK	0x14a2011b0	.data	OK	0x1440708f0	.text	OK	0x1482fe800	.rdata	OK	0x144070860	.text	OK	0x144085f90	.text	OK
Javelin::ITimeListener	2885	javelin_rtti_static	STRUCTURALLY_CONSISTENT		0x14a201150	.data	OK	0x14a201140	.data	OK	0x1440709a0	.text	OK	0x1482fe830	.rdata	OK	0x144070910	.text	OK	0x143256600	.text	OK
MB::TippingPoolComponentReplicatedState	5027	javelin_rtti_static	STRUCTURALLY_CONSISTENT		0x14a201e60	.data	OK	0x14a201e50	.data	OK	0x144090290	.text	OK	0x1483023d0	.rdata	OK	0x144090200	.text	OK	0x1440a0840	.text	OK
MB::CampingComponentReplicatedState	1292	javelin_rtti_static	STRUCTURALLY_CONSISTENT		0x14a203140	.data	OK	0x14a203130	.data	OK	0x1440a7a20	.text	OK	0x148304700	.rdata	OK	0x1440a7990	.text	OK	0x1440d66c0	.text	OK
Javelin::P2PTradeReplicatedState	4251	javelin_rtti_static	STRUCTURALLY_CONSISTENT		0x14a2030c0	.data	OK	0x14a2030b0	.data	OK	0x1440aa380	.text	OK	0x148305338	.rdata	OK	0x1440aa2f0	.text	OK	0x1440d8ec0	.text	OK
MB::TestTransactorComponentReplicatedState	4263	javelin_rtti_static	STRUCTURALLY_CONSISTENT		0x14a204070	.data	OK	0x14a204060	.data	OK	0x1440f2920	.text	OK	0x14830c690	.rdata	OK	0x1440f2890	.text	OK	0x14411f7b0	.text	OK
Javelin::ITransactionListener	1698	javelin_rtti_static	STRUCTURALLY_CONSISTENT		0x14a203ff0	.data	OK	0x14a203fe0	.data	OK	0x1440f16f0	.text	OK	0x14830c170	.rdata	OK	0x1440f1660	.text	OK	0x1427fb840	.text	OK
MB::TransmogComponentReplicatedState	5691	javelin_rtti_static	STRUCTURALLY_CONSISTENT		0x14a2045d0	.data	OK	0x14a2045c0	.data	OK	0x1440f27e0	.text	OK	0x14830c588	.rdata	OK	0x1440f2750	.text	OK	0x144120bb0	.text	OK
Javelin::TurretMessageHandler	55	javelin_rtti_static	STRUCTURALLY_CONSISTENT		0x14a206c10	.data	OK	0x14a206c00	.data	OK	0x144172bc0	.text	OK	0x148315918	.rdata	OK	0x144172b30	.text	OK	0x1441637d0	.text	OK
MB::TurretReplicatedState	4276	javelin_rtti_static	STRUCTURALLY_CONSISTENT		0x14a206ba0	.data	OK	0x14a206b90	.data	OK	0x144172f90	.text	OK	0x148315a38	.rdata	OK	0x144172f00	.text	OK	0x144181250	.text	OK
MB::VariationComponentReplicatedState	14	javelin_rtti_static	STRUCTURALLY_CONSISTENT		0x14a20b320	.data	OK	0x14a20b310	.data	OK	0x1442b8360	.text	OK	0x1483283a0	.rdata	OK	0x1442b82d0	.text	OK	0x1442cde80	.text	OK
MB::WaterLevelComponentReplicatedState	4320	javelin_rtti_static	STRUCTURALLY_CONSISTENT		0x14a20c030	.data	OK	0x14a20c020	.data	OK	0x1442deab0	.text	OK	0x14832bba8	.rdata	OK	0x1442dea20	.text	OK	0x1442f8160	.text	OK
MB::WaypointsComponentReplicatedState	4321	javelin_rtti_static	STRUCTURALLY_CONSISTENT		0x14a20c7f0	.data	OK	0x14a20c7e0	.data	OK	0x144306370	.text	OK	0x14832fc90	.rdata	OK	0x1443062e0	.text	OK	0x14430f370	.text	OK
Javelin::WhisperMessages	5073	javelin_rtti_static	STRUCTURALLY_CONSISTENT		0x14a20c620	.data	OK	0x14a20c610	.data	OK	0x144305fc0	.text	OK	0x14832fbe8	.rdata	OK	0x144305f30	.text	OK	0x14430f770	.text	OK
AsyncHttp::IAsyncHttpRequester	1317	javelin_rtti_static	STRUCTURALLY_CONSISTENT		0x14a20de20	.data	OK	0x14a20de10	.data	OK	0x144330670	.text	OK	0x148333278	.rdata	OK	0x1443305e0	.text	OK	0x1438a1350	.text	OK
BotBrokerTrait	1820	javelin_rtti_static	STRUCTURALLY_CONSISTENT		0x14a20dd20	.data	OK	0x14a20dd10	.data	OK	0x1443344b0	.text	OK	0x148333ec0	.rdata	OK	0x144334420	.text	OK	0x1443645d0	.text	OK
BotBrokerTrait::State	3593	javelin_rtti_static	STRUCTURALLY_CONSISTENT		0x14a20dcb0	.data	OK	0x14a20dca0	.data	OK	0x144334ce0	.text	OK	0x148334058	.rdata	OK	0x144334b40	.text	OK	0x1443667d0	.text	OK
OrchestrationTrait	4326	javelin_rtti_static	STRUCTURALLY_CONSISTENT		0x14a20dc40	.data	OK	0x14a20dc30	.data	OK	0x144335560	.text	OK	0x1483341c0	.rdata	OK	0x1443354d0	.text	OK	0x1443653d0	.text	OK
OrchestrationTrait::State	3880	javelin_rtti_static	STRUCTURALLY_CONSISTENT		0x14a20dbd0	.data	OK	0x14a20dbc0	.data	OK	0x144335c20	.text	OK	0x1483343d8	.rdata	OK	0x144335aa0	.text	OK	0x1443669d0	.text	OK
BotBrokerTrait::RegisterBotMsg	4327	javelin_rtti_static	STRUCTURALLY_CONSISTENT		0x14a20db50	.data	OK	0x14a20db40	.data	OK	0x144335e30	.text	OK	0x148334468	.rdata	OK	0x144335da0	.text	OK	0x1443657d0	.text	OK
BotBrokerTrait::ReceiveHeartbeatResponseMsg	3115	javelin_rtti_static	STRUCTURALLY_CONSISTENT		0x14a20dad0	.data	OK	0x14a20dac0	.data	OK	0x144335ee0	.text	OK	0x148334498	.rdata	OK	0x144335e50	.text	OK	0x1443655d0	.text	OK
BotBrokerTrait::RequestRegisteredBotsMsg	1421	javelin_rtti_static	STRUCTURALLY_CONSISTENT		0x14a20da50	.data	OK	0x14a20da40	.data	OK	0x144335f90	.text	OK	0x1483344c8	.rdata	OK	0x144335f00	.text	OK	0x1443663d0	.text	OK
BotBrokerTrait::RequestBotLocationMsg	2847	javelin_rtti_static	STRUCTURALLY_CONSISTENT		0x14a20d9d0	.data	OK	0x14a20d9c0	.data	OK	0x144336040	.text	OK	0x1483344f8	.rdata	OK	0x144335fb0	.text	OK	0x144365dd0	.text	OK
BotBrokerTrait::RequestMessageHistoryMsg	4328	javelin_rtti_static	STRUCTURALLY_CONSISTENT		0x14a20d950	.data	OK	0x14a20d940	.data	OK	0x1443360f0	.text	OK	0x148334528	.rdata	OK	0x144336060	.text	OK	0x1443661d0	.text	OK
BotBrokerTrait::RequestMessageCountsMsg	4329	javelin_rtti_static	STRUCTURALLY_CONSISTENT		0x14a20d8d0	.data	OK	0x14a20d8c0	.data	OK	0x1443362d0	.text	OK	0x148334558	.rdata	OK	0x144336240	.text	OK	0x144365fd0	.text	OK
OrchestrationTrait::RegisterToGroupMsg	4330	javelin_rtti_static	STRUCTURALLY_CONSISTENT		0x14a20d850	.data	OK	0x14a20d840	.data	OK	0x144336380	.text	OK	0x148334588	.rdata	OK	0x1443362f0	.text	OK	0x1443659d0	.text	OK
OrchestrationTrait::UnregisterFromGroupMsg	4331	javelin_rtti_static	STRUCTURALLY_CONSISTENT		0x14a20d7d0	.data	OK	0x14a20d7c0	.data	OK	0x144336430	.text	OK	0x1483346a0	.rdata	OK	0x1443363a0	.text	OK	0x144366dd0	.text	OK
OrchestrationTrait::ClearAllBotGroupsMsg	5245	javelin_rtti_static	STRUCTURALLY_CONSISTENT		0x14a20d750	.data	OK	0x14a20d740	.data	OK	0x1443364e0	.text	OK	0x1483346d0	.rdata	OK	0x144336450	.text	OK	0x1443649d0	.text	OK
OrchestrationTrait::AutoGroupMsg	4333	javelin_rtti_static	STRUCTURALLY_CONSISTENT		0x14a20d6d0	.data	OK	0x14a20d6c0	.data	OK	0x144336680	.text	OK	0x148334718	.rdata	OK	0x1443365f0	.text	OK	0x1443641d0	.text	OK
OrchestrationTrait::GetTargetInGroupMsg	4334	javelin_rtti_static	STRUCTURALLY_CONSISTENT		0x14a20d650	.data	OK	0x14a20d640	.data	OK	0x14432ecb0	.text	OK	0x148332a78	.rdata	OK	0x14432ec20	.text	OK	0x144364bd0	.text	OK
OrchestrationTrait::RegistrationLoopMsg	4335	javelin_rtti_static	STRUCTURALLY_CONSISTENT		0x14a20d5d0	.data	OK	0x14a20d5c0	.data	OK	0x14432ed60	.text	OK	0x148332b20	.rdata	OK	0x14432ecd0	.text	OK	0x144365bd0	.text	OK
OrchestrationTrait::TaskTimeoutLoopMsg	2596	javelin_rtti_static	STRUCTURALLY_CONSISTENT		0x14a20d550	.data	OK	0x14a20d540	.data	OK	0x14432ee10	.text	OK	0x148332bc8	.rdata	OK	0x14432ed80	.text	OK	0x144366bd0	.text	OK
OrchestrationTrait::NotifyAllTaskCompletionMsg	4336	javelin_rtti_static	STRUCTURALLY_CONSISTENT		0x14a20d4c0	.data	OK	0x14a20d4b0	.data	OK	0x14432eec0	.text	OK	0x148332c70	.rdata	OK	0x14432ee30	.text	OK	0x144364fd0	.text	OK
OrchestrationTrait::OnBotTaskCompletionMsg	4337	javelin_rtti_static	STRUCTURALLY_CONSISTENT		0x14a20d440	.data	OK	0x14a20d430	.data	OK	0x14432ef70	.text	OK	0x148332d10	.rdata	OK	0x14432eee0	.text	OK	0x1443651d0	.text	OK
OrchestrationTrait::CheckForGroupTaskCompletionMsg	4338	javelin_rtti_static	STRUCTURALLY_CONSISTENT		0x14a20d3b0	.data	OK	0x14a20d3a0	.data	OK	0x14432ff00	.text	OK	0x148332d98	.rdata	OK	0x14432fe70	.text	OK	0x1443647d0	.text	OK
OrchestrationTrait::SetGroupRegistryValueMsg	657	javelin_rtti_static	STRUCTURALLY_CONSISTENT		0x14a20d330	.data	OK	0x14a20d320	.data	OK	0x14432ffb0	.text	OK	0x148332e48	.rdata	OK	0x14432ff20	.text	OK	0x1443665d0	.text	OK
BotBrokerActor	4340	javelin_rtti_static	STRUCTURALLY_CONSISTENT		0x14a20d2c0	.data	OK	0x14a20d2b0	.data	OK	0x144330060	.text	OK	0x148332e78	.rdata	OK	0x14432ffd0	.text	OK	0x1443643d0	.text	OK
BotBrokerActor::InitMsg	3180	javelin_rtti_static	STRUCTURALLY_CONSISTENT		0x14a20d1e0	.data	OK	0x14a20d1d0	.data	OK	0x144330410	.text	OK	0x1483331d8	.rdata	OK	0x144330380	.text	OK	0x144364dd0	.text	OK
ChatBrokerResponses::OnNamePrefixSearchResponseChat	5989	javelin_rtti_static	STRUCTURALLY_CONSISTENT		0x14a20f340	.data	OK	0x14a20f330	.data	OK	0x144374800	.text	OK	0x148337138	.rdata	OK	0x144374770	.text	OK	0x1443869a0	.text	OK
ChatBroker	4341	javelin_rtti_static	STRUCTURALLY_CONSISTENT		0x14a20f2e0	.data	OK	0x14a20f2d0	.data	OK	0x144374ee0	.text	OK	0x1483374a0	.rdata	OK	0x144374e50	.text	OK	0x1443855a0	.text	OK
ChatBroker::State	4342	javelin_rtti_static	STRUCTURALLY_CONSISTENT		0x14a20f270	.data	OK	0x14a20f260	.data	OK	0x144375040	.text	OK	0x1483375b0	.rdata	OK	0x144374fb0	.text	OK	0x1443885a0	.text	OK
ChatBroker::OnPlayerConnectMsg	4343	javelin_rtti_static	STRUCTURALLY_CONSISTENT		0x14a20f1f0	.data	OK	0x14a20f1e0	.data	OK	0x1443751a0	.text	OK	0x148337610	.rdata	OK	0x144375110	.text	OK	0x144386ba0	.text	OK
ChatBroker::OnPlayerDisconnectMsg	4344	javelin_rtti_static	STRUCTURALLY_CONSISTENT		0x14a20f170	.data	OK	0x14a20f160	.data	OK	0x144375bc0	.text	OK	0x148337720	.rdata	OK	0x144375b30	.text	OK	0x144386da0	.text	OK
ChatBroker::RequestCrossWorldChatSubscriptionsMsg	5848	javelin_rtti_static	STRUCTURALLY_CONSISTENT		0x14a20f0e0	.data	OK	0x14a20f0d0	.data	OK	0x144376460	.text	OK	0x148337a50	.rdata	OK	0x1443763d0	.text	OK	0x144387fa0	.text	OK
ChatBroker::SetProfanityFilterEnabledMsg	4345	javelin_rtti_static	STRUCTURALLY_CONSISTENT		0x14a20f060	.data	OK	0x14a20f050	.data	OK	0x144376510	.text	OK	0x148337a80	.rdata	OK	0x144376480	.text	OK	0x1443883a0	.text	OK
ChatBroker::AddSubscriptionMsg	4347	javelin_rtti_static	STRUCTURALLY_CONSISTENT		0x14a20efe0	.data	OK	0x14a20efd0	.data	OK	0x1443765c0	.text	OK	0x148337ab0	.rdata	OK	0x144376530	.text	OK	0x1443851a0	.text	OK
ChatBroker::AddSubscriptionsMsg	1808	javelin_rtti_static	STRUCTURALLY_CONSISTENT		0x14a20ef60	.data	OK	0x14a20ef50	.data	OK	0x144376670	.text	OK	0x148337ae0	.rdata	OK	0x1443765e0	.text	OK	0x1443853a0	.text	OK
ChatBroker::RemoveSubscriptionMsg	4348	javelin_rtti_static	STRUCTURALLY_CONSISTENT		0x14a20eee0	.data	OK	0x14a20eed0	.data	OK	0x144376720	.text	OK	0x148337b10	.rdata	OK	0x144376690	.text	OK	0x144387ba0	.text	OK
ChatBroker::RemoveSubscriptionsMsg	4349	javelin_rtti_static	STRUCTURALLY_CONSISTENT		0x14a20ee60	.data	OK	0x14a20ee50	.data	OK	0x1443769e0	.text	OK	0x148337b70	.rdata	OK	0x144376950	.text	OK	0x144387da0	.text	OK
ChatBroker::OnSendChatMessageMsg	4350	javelin_rtti_static	STRUCTURALLY_CONSISTENT		0x14a20ede0	.data	OK	0x14a20edd0	.data	OK	0x144376a90	.text	OK	0x148337ba0	.rdata	OK	0x144376a00	.text	OK	0x1443871a0	.text	OK
ChatBroker::OnPublishChatMessageMsg	4351	javelin_rtti_static	STRUCTURALLY_CONSISTENT		0x14a20ed60	.data	OK	0x14a20ed50	.data	OK	0x144376b40	.text	OK	0x148337bd0	.rdata	OK	0x144376ab0	.text	OK	0x144386fa0	.text	OK
ChatBroker::OnSendLocalizedSystemChatMessageMsg	4353	javelin_rtti_static	STRUCTURALLY_CONSISTENT		0x14a20ecd0	.data	OK	0x14a20ecc0	.data	OK	0x144376bf0	.text	OK	0x148337c00	.rdata	OK	0x144376b60	.text	OK	0x1443873a0	.text	OK
ChatBroker::OnLogChatMessageMsg	3760	javelin_rtti_static	STRUCTURALLY_CONSISTENT		0x14a20ec50	.data	OK	0x14a20ec40	.data	OK	0x144376ca0	.text	OK	0x148337c80	.rdata	OK	0x144376c10	.text	OK	0x1443865a0	.text	OK
ChatBroker::OnLogStringMsg	4241	javelin_rtti_static	STRUCTURALLY_CONSISTENT		0x14a20ebe0	.data	OK	0x14a20ebd0	.data	OK	0x144376e70	.text	OK	0x148337cc8	.rdata	OK	0x144376de0	.text	OK	0x1443867a0	.text	OK
ChatBroker::AddGlobalChatSubscriptionMsg	5798	javelin_rtti_static	STRUCTURALLY_CONSISTENT		0x14a20eb60	.data	OK	0x14a20eb50	.data	OK	0x144376f20	.text	OK	0x148337cf8	.rdata	OK	0x144376e90	.text	OK	0x144384fa0	.text	OK
ChatBroker::RemoveGlobalChatSubscriptionMsg	5796	javelin_rtti_static	STRUCTURALLY_CONSISTENT		0x14a20eae0	.data	OK	0x14a20ead0	.data	OK	0x1443770c0	.text	OK	0x148337dd8	.rdata	OK	0x144377030	.text	OK	0x1443879a0	.text	OK
ChatBroker::HandleCrossWorldChatMessageMsg	5800	javelin_rtti_static	STRUCTURALLY_CONSISTENT		0x14a20ea60	.data	OK	0x14a20ea50	.data	OK	0x1443772f0	.text	OK	0x148337f60	.rdata	OK	0x144377260	.text	OK	0x144385da0	.text	OK
ChatBroker::PublishGlobalChatMessageMsg	5807	javelin_rtti_static	STRUCTURALLY_CONSISTENT		0x14a20e9e0	.data	OK	0x14a20e9d0	.data	OK	0x1443773a0	.text	OK	0x148337f90	.rdata	OK	0x144377310	.text	OK	0x1443875a0	.text	OK
ChatBrokerActor	4354	javelin_rtti_static	STRUCTURALLY_CONSISTENT		0x14a20e970	.data	OK	0x14a20e960	.data	OK	0x144377450	.text	OK	0x148337fc0	.rdata	OK	0x1443773c0	.text	OK	0x1443857a0	.text	OK
ChatBrokerActor::InitMsg	4355	javelin_rtti_static	STRUCTURALLY_CONSISTENT		0x14a20e890	.data	OK	0x14a20e880	.data	OK	0x14437b6d0	.text	OK	0x148338518	.rdata	OK	0x14437b640	.text	OK	0x1443861a0	.text	OK
ChatBrokerActor::SetDisabledCWChannelsMsg	6767	javelin_rtti_static	STRUCTURALLY_CONSISTENT		0x14a20e810	.data	OK	0x14a20e800	.data	OK	0x14437bda0	.text	OK	0x148338650	.rdata	OK	0x14437bd10	.text	OK	0x1443881a0	.text	OK
DarknessBrokerTrait	2571	javelin_rtti_static	STRUCTURALLY_CONSISTENT		0x14a20e750	.data	OK	0x14a20e740	.data	OK	0x14437f8d0	.text	OK	0x148339330	.rdata	OK	0x14437f840	.text	OK	0x144385ba0	.text	OK
DarknessBrokerTrait::State	2137	javelin_rtti_static	STRUCTURALLY_CONSISTENT		0x14a20e6e0	.data	OK	0x14a20e6d0	.data	OK	0x14437fe40	.text	OK	0x1483370e0	.rdata	OK	0x14437fdb0	.text	OK	0x1443887a0	.text	OK
DarknessBrokerTrait::RegisterDarknessControllerMsg	722	javelin_rtti_static	STRUCTURALLY_CONSISTENT		0x14a20e650	.data	OK	0x14a20e640	.data	OK	0x1443748b0	.text	OK	0x1483371b8	.rdata	OK	0x144374820	.text	OK	0x1443877a0	.text	OK
DarknessBrokerTrait::UnRegisterDarknessControllerMsg	1714	javelin_rtti_static	STRUCTURALLY_CONSISTENT		0x14a20e5c0	.data	OK	0x14a20e5b0	.data	OK	0x144374a00	.text	OK	0x1483372a0	.rdata	OK	0x144374970	.text	OK	0x1443889a0	.text	OK
DarknessBrokerTrait::HardResetAllMsg	3489	javelin_rtti_static	STRUCTURALLY_CONSISTENT		0x14a20e540	.data	OK	0x14a20e530	.data	OK	0x144374ab0	.text	OK	0x148337320	.rdata	OK	0x144374a20	.text	OK	0x144385fa0	.text	OK
DarknessBrokerActor	4356	javelin_rtti_static	STRUCTURALLY_CONSISTENT		0x14a20e4d0	.data	OK	0x14a20e4c0	.data	OK	0x144374e20	.text	OK	0x1483373d0	.rdata	OK	0x144374d90	.text	OK	0x1443859a0	.text	OK
DarknessBrokerActor::InitMsg	4357	javelin_rtti_static	STRUCTURALLY_CONSISTENT		0x14a20e3f0	.data	OK	0x14a20e3e0	.data	OK	0x1443750e0	.text	OK	0x1483375e0	.rdata	OK	0x144375050	.text	OK	0x1443863a0	.text	OK
Javelin::IGroupsBrokerResponseHandler	4402	javelin_rtti_static	STRUCTURALLY_CONSISTENT		0x14a20e370	.data	OK	0x14a20e360	.data	OK	0x144375240	.text	OK	0x148337640	.rdata	OK	0x1443751b0	.text	OK	0x1432b50d0	.text	OK
Javelin::GDEDataRegistry	6912	javelin_rtti_static	STRUCTURALLY_CONSISTENT		0x14a20ff00	.data	OK	0x14a20fef0	.data	OK	0x14438b650	.text	OK	0x148339d90	.rdata	OK	0x14438b5c0	.text	OK	0x14336e420	.text	OK
Javelin::GDEDataRegistry::State	6915	javelin_rtti_static	STRUCTURALLY_CONSISTENT		0x14a20fe80	.data	OK	0x14a20fe70	.data	OK	0x14438b700	.text	OK	0x148339dc0	.rdata	OK	0x14438b670	.text	OK	0x14336f420	.text	OK
Javelin::GDEDataRegistry::SetGDEDataMsg	6914	javelin_rtti_static	STRUCTURALLY_CONSISTENT		0x14a20fe00	.data	OK	0x14a20fdf0	.data	OK	0x14438bd20	.text	OK	0x148339e48	.rdata	OK	0x14438bc90	.text	OK	0x14336f220	.text	OK
Javelin::GDEDataRegistry::GetGDEDataMsg	6916	javelin_rtti_static	STRUCTURALLY_CONSISTENT		0x14a20fd80	.data	OK	0x14a20fd70	.data	OK	0x14438bdd0	.text	OK	0x148339eb8	.rdata	OK	0x14438bd40	.text	OK	0x144393aa0	.text	OK
Javelin::GDEDataRegistryActor	6917	javelin_rtti_static	STRUCTURALLY_CONSISTENT		0x14a20fd00	.data	OK	0x14a20fcf0	.data	OK	0x14438be80	.text	OK	0x148339ee8	.rdata	OK	0x14438bdf0	.text	OK	0x14336e620	.text	OK
Javelin::GDEDataRegistryActor::InitMsg	6913	javelin_rtti_static	STRUCTURALLY_CONSISTENT		0x14a20fc00	.data	OK	0x14a20fbf0	.data	OK	0x14438c1e0	.text	OK	0x14833a060	.rdata	OK	0x14438c150	.text	OK	0x1443940a0	.text	OK
Javelin::IGDEDataRegistrySubscriber	6918	javelin_rtti_static	STRUCTURALLY_CONSISTENT		0x14a20fb80	.data	OK	0x14a20fb70	.data	OK	0x14438c5f0	.text	OK	0x14833a140	.rdata	OK	0x14438c560	.text	OK	0x14336f020	.text	OK
Javelin::GovernanceBroker	5331	javelin_rtti_static	STRUCTURALLY_CONSISTENT		0x14a20fac0	.data	OK	0x14a20fab0	.data	OK	0x14438c960	.text	OK	0x14833a268	.rdata	OK	0x14438c8d0	.text	OK	0x144393ca0	.text	OK
Javelin::GovernanceBroker::State	5332	javelin_rtti_static	STRUCTURALLY_CONSISTENT		0x14a20fa40	.data	OK	0x14a20fa30	.data	OK	0x14438ca10	.text	OK	0x14833a298	.rdata	OK	0x14438c980	.text	OK	0x1443946a0	.text	OK
Javelin::GovernanceBroker::AddEarningsToPoolMsg	5333	javelin_rtti_static	STRUCTURALLY_CONSISTENT		0x14a20f9b0	.data	OK	0x14a20f9a0	.data	OK	0x14438cac0	.text	OK	0x14833a380	.rdata	OK	0x14438ca30	.text	OK	0x1443932a0	.text	OK
Javelin::GovernanceBroker::DistributeEarningsMsg	5327	javelin_rtti_static	STRUCTURALLY_CONSISTENT		0x14a20f920	.data	OK	0x14a20f910	.data	OK	0x14438cc20	.text	OK	0x14833a3b0	.rdata	OK	0x14438cb90	.text	OK	0x1443936a0	.text	OK
Javelin::GovernanceBroker::OnTerritoryReceivedEarningsMsg	5334	javelin_rtti_static	STRUCTURALLY_CONSISTENT		0x14a20f890	.data	OK	0x14a20f880	.data	OK	0x14438ccd0	.text	OK	0x14833a3e0	.rdata	OK	0x14438cc40	.text	OK	0x1443944a0	.text	OK
Javelin::GovernanceBroker::EmitUndeliveredEarningsMsg	5349	javelin_rtti_static	STRUCTURALLY_CONSISTENT		0x14a20f800	.data	OK	0x14a20f7f0	.data	OK	0x14438cd80	.text	OK	0x14833a450	.rdata	OK	0x14438ccf0	.text	OK	0x1443938a0	.text	OK
Javelin::GovernanceBroker::Debug_RequestGovernanceBrokerDataMsg	5335	javelin_rtti_static	STRUCTURALLY_CONSISTENT		0x14a20f760	.data	OK	0x14a20f750	.data	OK	0x14438ce30	.text	OK	0x14833a4d0	.rdata	OK	0x14438cda0	.text	OK	0x1443934a0	.text	OK
Javelin::GovernanceBrokerActor	5336	javelin_rtti_static	STRUCTURALLY_CONSISTENT		0x14a20f6e0	.data	OK	0x14a20f6d0	.data	OK	0x14438cee0	.text	OK	0x14833a578	.rdata	OK	0x14438ce50	.text	OK	0x144393ea0	.text	OK
Javelin::GovernanceBrokerActor::InitMsg	5337	javelin_rtti_static	STRUCTURALLY_CONSISTENT		0x14a20f5e0	.data	OK	0x14a20f5d0	.data	OK	0x14438d420	.text	OK	0x14833a7a0	.rdata	OK	0x14438d390	.text	OK	0x1443942a0	.text	OK
PlayerTeleportBroker	4457	javelin_rtti_static	STRUCTURALLY_CONSISTENT		0x14a210380	.data	OK	0x14a210370	.data	OK	0x14439a580	.text	OK	0x14833b9d8	.rdata	OK	0x14439a4f0	.text	OK	0x1443b8460	.text	OK
PlayerTeleportBroker::State	4458	javelin_rtti_static	STRUCTURALLY_CONSISTENT		0x14a210310	.data	OK	0x14a210300	.data	OK	0x14439a630	.text	OK	0x14833ba18	.rdata	OK	0x14439a5a0	.text	OK	0x1443b8c60	.text	OK
PlayerTeleportBroker::QueueTeleportRequestMsg	4459	javelin_rtti_static	STRUCTURALLY_CONSISTENT		0x14a210280	.data	OK	0x14a210270	.data	OK	0x14439a6e0	.text	OK	0x14833ba98	.rdata	OK	0x14439a650	.text	OK	0x1443b8a60	.text	OK
PlayerTeleportBroker::CancelTeleportRequestMsg	4051	javelin_rtti_static	STRUCTURALLY_CONSISTENT		0x14a2101f0	.data	OK	0x14a2101e0	.data	OK	0x144397cc0	.text	OK	0x14833ae70	.rdata	OK	0x144397c30	.text	OK	0x1443b7e60	.text	OK
PlayerTeleportBroker::ProcessTeleportQueueMsg	3581	javelin_rtti_static	STRUCTURALLY_CONSISTENT		0x14a210160	.data	OK	0x14a210150	.data	OK	0x144397d70	.text	OK	0x14833aea0	.rdata	OK	0x144397ce0	.text	OK	0x1443b8860	.text	OK
PlayerTeleportBrokerActor	4460	javelin_rtti_static	STRUCTURALLY_CONSISTENT		0x14a2100f0	.data	OK	0x14a2100e0	.data	OK	0x144397e20	.text	OK	0x14833aed0	.rdata	OK	0x144397d90	.text	OK	0x1443b8660	.text	OK
PlayerTeleportBrokerActor::InitMsg	4461	javelin_rtti_static	STRUCTURALLY_CONSISTENT		0x14a20fff0	.data	OK	0x14a20ffe0	.data	OK	0x1443980d0	.text	OK	0x14833b0a8	.rdata	OK	0x144398040	.text	OK	0x1443b8260	.text	OK
Javelin::IPlayerTeleportBrokerHandler	2317	javelin_rtti_static	STRUCTURALLY_CONSISTENT		0x14a20ff70	.data	OK	0x14a20ff60	.data	OK	0x144398180	.text	OK	0x14833b0d8	.rdata	OK	0x1443980f0	.text	OK	0x1443b8060	.text	OK
Javelin::IFriendsDataManagerNotifications	4464	javelin_rtti_static	STRUCTURALLY_CONSISTENT		0x14a211130	.data	OK	0x14a211120	.data	OK	0x1443fe0c0	.text	OK	0x148341a48	.rdata	OK	0x1443fe030	.text	OK	0x1444036a0	.text	OK
Javelin::IGameModeDungeonMasterSpawnResponseHandler	2931	javelin_rtti_static	STRUCTURALLY_CONSISTENT		0x14a2133c0	.data	OK	0x14a2133b0	.data	OK	0x1444e9500	.text	OK	0x14834cf80	.rdata	OK	0x1444e9470	.text	OK	0x142ff7be0	.text	OK
Javelin::InitialWarDungeonData	5133	javelin_rtti_static	STRUCTURALLY_CONSISTENT		0x14a213880	.data	OK	0x14a213870	.data	OK	0x1444efc40	.text	OK	0x14834dd28	.rdata	OK	0x1444efbb0	.text	OK	0x1444efef0	.text	OK
Javelin::WarDungeonMasterSpawnResponseHandler	5154	javelin_rtti_static	STRUCTURALLY_CONSISTENT		0x14a213790	.data	OK	0x14a213780	.data	OK	0x1444ef700	.text	OK	0x14834dba0	.rdata	OK	0x1444ef670	.text	OK	0x1444f08f0	.text	OK
Javelin::WarDungeonMasterSpawnResponseHandler::State	5157	javelin_rtti_static	STRUCTURALLY_CONSISTENT		0x14a213700	.data	OK	0x14a2136f0	.data	OK	0x1444ef8f0	.text	OK	0x14834dc30	.rdata	OK	0x1444ef860	.text	OK	0x1444f06f0	.text	OK
Javelin::WarDungeonMasterSpawnResponseHandler::OnWarDungeonReadyMsg	5158	javelin_rtti_static	STRUCTURALLY_CONSISTENT		0x14a213660	.data	OK	0x14a213650	.data	OK	0x1444ef9a0	.text	OK	0x14834dc60	.rdata	OK	0x1444ef910	.text	OK	0x1444f02f0	.text	OK
Javelin::WarDungeonMasterSpawnResponseHandler::OnWarDungeonFailedMsg	5127	javelin_rtti_static	STRUCTURALLY_CONSISTENT		0x14a2135c0	.data	OK	0x14a2135b0	.data	OK	0x1444efa50	.text	OK	0x14834dc90	.rdata	OK	0x1444ef9c0	.text	OK	0x1444f00f0	.text	OK
Javelin::WarDungeonMasterSpawnResponseHandler::OnWarDungeonShuttingDownMsg	5159	javelin_rtti_static	STRUCTURALLY_CONSISTENT		0x14a213520	.data	OK	0x14a213510	.data	OK	0x1444efb00	.text	OK	0x14834dcc0	.rdata	OK	0x1444efa70	.text	OK	0x1444f04f0	.text	OK
Javelin::IGroupFinderNotificationHandler	942	javelin_rtti_static	STRUCTURALLY_CONSISTENT		0x14a213cd0	.data	OK	0x14a213cc0	.data	OK	0x1444fbd40	.text	OK	0x14834f308	.rdata	OK	0x1444fbcb0	.text	OK	0x1433e5e90	.text	OK
Javelin::IGroupFinderResponseHandler	4514	javelin_rtti_static	STRUCTURALLY_CONSISTENT		0x14a213c50	.data	OK	0x14a213c40	.data	OK	0x1444fbdf0	.text	OK	0x14834f338	.rdata	OK	0x1444fbd60	.text	OK	0x1434469b0	.text	OK
Javelin::IGuildAsyncHandler	4163	javelin_rtti_static	STRUCTURALLY_CONSISTENT		0x14a213e20	.data	OK	0x14a213e10	.data	OK	0x1444fdde0	.text	OK	0x14834f658	.rdata	OK	0x1444fdd50	.text	OK	0x1434a9e60	.text	OK
Javelin::IGuildDataResponseHandler	4584	javelin_rtti_static	STRUCTURALLY_CONSISTENT		0x14a214140	.data	OK	0x14a214130	.data	OK	0x1445103f0	.text	OK	0x148350b58	.rdata	OK	0x144510360	.text	OK	0x1434aa060	.text	OK
Javelin::IGuildListener	3890	javelin_rtti_static	STRUCTURALLY_CONSISTENT		0x14a2140d0	.data	OK	0x14a2140c0	.data	OK	0x14450fcb0	.text	OK	0x148350a38	.rdata	OK	0x14450fc20	.text	OK	0x1434aa260	.text	OK
Javelin::IGuildLogicResponseHandler	4601	javelin_rtti_static	STRUCTURALLY_CONSISTENT		0x14a214050	.data	OK	0x14a214040	.data	OK	0x14450fe80	.text	OK	0x148350a80	.rdata	OK	0x14450fdf0	.text	OK	0x1429f8600	.text	OK
Javelin::IGuildWarDataHandler	196	javelin_rtti_static	STRUCTURALLY_CONSISTENT		0x14a213fd0	.data	OK	0x14a213fc0	.data	OK	0x144510170	.text	OK	0x148350ae0	.rdata	OK	0x1445100e0	.text	OK	0x143f52480	.text	OK
Javelin::IGuildWarResponseHandler	2583	javelin_rtti_static	STRUCTURALLY_CONSISTENT		0x14a213f50	.data	OK	0x14a213f40	.data	OK	0x144510340	.text	OK	0x148350b28	.rdata	OK	0x1445102b0	.text	OK	0x143ee3220	.text	OK
Javelin::InventoryServiceHandler	5756	javelin_rtti_static	STRUCTURALLY_CONSISTENT		0x14a2145d0	.data	OK	0x14a2145c0	.data	OK	0x14451e780	.text	OK	0x148351448	.rdata	OK	0x14451e6f0	.text	OK	0x1436176c0	.text	OK
Javelin::IGameModeMatchmakingResponseHandler	1795	javelin_rtti_static	STRUCTURALLY_CONSISTENT		0x14a214710	.data	OK	0x14a214700	.data	OK	0x144522890	.text	OK	0x148351910	.rdata	OK	0x144522800	.text	OK	0x1432b4cd0	.text	OK
Javelin::PlayerPhasingSocialData	6256	javelin_rtti_static	STRUCTURALLY_CONSISTENT		0x14a2149b0	.data	OK	0x14a2149a0	.data	OK	0x14453d440	.text	OK	0x1483525c8	.rdata	OK	0x14453d3b0	.text	OK	0x144592e00	.text	OK
Soda::SodaServiceBase	4656	javelin_rtti_static	STRUCTURALLY_CONSISTENT		0x14a2159a0	.data	OK	0x14a215990	.data	OK	0x1445e8270	.text	OK	0x148360880	.rdata	OK	0x1445e81e0	.text	OK	0x144607c40	.text	OK
Soda::SodaServiceBase::State	4657	javelin_rtti_static	STRUCTURALLY_CONSISTENT		0x14a215930	.data	OK	0x14a215920	.data	OK	0x1445e84b0	.text	OK	0x148360a40	.rdata	OK	0x1445e8420	.text	OK	0x144607e40	.text	OK
Soda::SodaServiceBase::HandleRequestResultMsg	4658	javelin_rtti_static	STRUCTURALLY_CONSISTENT		0x14a2158b0	.data	OK	0x14a2158a0	.data	OK	0x1445e86c0	.text	OK	0x148360ba8	.rdata	OK	0x1445e8630	.text	OK	0x144607a40	.text	OK
Soda::SodaServiceBase::HandleRequestErrorMsg	402	javelin_rtti_static	STRUCTURALLY_CONSISTENT		0x14a215830	.data	OK	0x14a215820	.data	OK	0x1445e8aa0	.text	OK	0x148360cc8	.rdata	OK	0x1445e8a10	.text	OK	0x144607840	.text	OK
Soda::SodaServiceBase::FlushShortTermRetriesMsg	4352	javelin_rtti_static	STRUCTURALLY_CONSISTENT		0x14a2157a0	.data	OK	0x14a215790	.data	OK	0x1445e8d40	.text	OK	0x148360dd0	.rdata	OK	0x1445e8c60	.text	OK	0x144607640	.text	OK
Soda::SodaServiceBase::FlushLongTermRetriesMsg	2253	javelin_rtti_static	STRUCTURALLY_CONSISTENT		0x14a215710	.data	OK	0x14a215700	.data	OK	0x1445e9060	.text	OK	0x148360ea8	.rdata	OK	0x1445e8fd0	.text	OK	0x144607440	.text	OK
Javelin::IContractsServiceHandler	4671	javelin_rtti_static	STRUCTURALLY_CONSISTENT		0x14a215b90	.data	OK	0x14a215b80	.data	OK	0x1446212a0	.text	OK	0x148364ae0	.rdata	OK	0x144621210	.text	OK	0x142d83b40	.text	OK
Javelin::ContractTopHitIdentifier	5223	javelin_rtti_static	STRUCTURALLY_CONSISTENT		0x14a215c10	.data	OK	0x14a215c00	.data	OK	0x144621350	.text	OK	0x148364b50	.rdata	OK	0x1446212c0	.text	OK	0x142dd02d0	.text	OK
Javelin::ISodaTestServiceHandler	4679	javelin_rtti_static	STRUCTURALLY_CONSISTENT		0x14a215c90	.data	OK	0x14a215c80	.data	OK	0x144623c00	.text	OK	0x148364c58	.rdata	OK	0x144623b70	.text	OK	0x143ee3420	.text	OK
Javelin::ActorStatusSafeExecutionTrait	5372	javelin_rtti_static	STRUCTURALLY_CONSISTENT		0x14a215e30	.data	OK	0x14a215e20	.data	OK	0x1446245e0	.text	OK	0x148364f50	.rdata	OK	0x144624550	.text	OK	0x144628040	.text	OK
Javelin::ActorStatusSafeExecutionTrait::State	5375	javelin_rtti_static	STRUCTURALLY_CONSISTENT		0x14a215db0	.data	OK	0x14a215da0	.data	OK	0x144624690	.text	OK	0x148364f80	.rdata	OK	0x144624600	.text	OK	0x144628440	.text	OK
Javelin::ActorStatusSafeExecutionTrait::OnRemoteActorStatusChangedMsg	5371	javelin_rtti_static	STRUCTURALLY_CONSISTENT		0x14a215d10	.data	OK	0x14a215d00	.data	OK	0x144624740	.text	OK	0x148364fb0	.rdata	OK	0x1446246b0	.text	OK	0x144628240	.text	OK
Javelin::WorldEventCoordinatorTrait	6194	javelin_rtti_static	STRUCTURALLY_CONSISTENT		0x14a216c80	.data	OK	0x14a216c70	.data	OK	0x144632ec0	.text	OK	0x148366cf0	.rdata	OK	0x144632e30	.text	OK	0x14463c120	.text	OK
Javelin::WorldEventCoordinatorTrait::State	6200	javelin_rtti_static	STRUCTURALLY_CONSISTENT		0x14a216c00	.data	OK	0x14a216bf0	.data	OK	0x1446330e0	.text	OK	0x148366e28	.rdata	OK	0x144633050	.text	OK	0x14463b920	.text	OK
Javelin::WorldEventCoordinatorDebugTrait	6198	javelin_rtti_static	STRUCTURALLY_CONSISTENT		0x14a216b80	.data	OK	0x14a216b70	.data	OK	0x1446332f0	.text	OK	0x148366fc8	.rdata	OK	0x144633260	.text	OK	0x14463bf20	.text	OK
Javelin::WorldEventCoordinatorDebugTrait::State	6199	javelin_rtti_static	STRUCTURALLY_CONSISTENT		0x14a216af0	.data	OK	0x14a216ae0	.data	OK	0x1446333a0	.text	OK	0x148367020	.rdata	OK	0x144633310	.text	OK	0x14463b720	.text	OK
Javelin::WorldEventCoordinator	6201	javelin_rtti_static	STRUCTURALLY_CONSISTENT		0x14a216a70	.data	OK	0x14a216a60	.data	OK	0x144633450	.text	OK	0x148367050	.rdata	OK	0x1446333c0	.text	OK	0x14463bd20	.text	OK
Javelin::WorldEventCoordinator::InitMsg	6202	javelin_rtti_static	STRUCTURALLY_CONSISTENT		0x14a216970	.data	OK	0x14a216960	.data	OK	0x14462b600	.text	OK	0x1483659a8	.rdata	OK	0x14462b570	.text	OK	0x144639f20	.text	OK
Javelin::WorldEventCoordinatorTrait::OnSpawnRequestedMsg	6203	javelin_rtti_static	STRUCTURALLY_CONSISTENT		0x14a2168e0	.data	OK	0x14a2168d0	.data	OK	0x14462b810	.text	OK	0x148365b30	.rdata	OK	0x14462b780	.text	OK	0x14463a920	.text	OK
Javelin::WorldEventCoordinatorTrait::OnPassTokenMsg	6197	javelin_rtti_static	STRUCTURALLY_CONSISTENT		0x14a216850	.data	OK	0x14a216840	.data	OK	0x14462b930	.text	OK	0x148365c58	.rdata	OK	0x14462b8a0	.text	OK	0x14463a520	.text	OK
Javelin::WorldEventCoordinatorTrait::OnSyncBlockerMsg	6196	javelin_rtti_static	STRUCTURALLY_CONSISTENT		0x14a2167c0	.data	OK	0x14a2167b0	.data	OK	0x14462b9e0	.text	OK	0x148365c88	.rdata	OK	0x14462b950	.text	OK	0x14463ab20	.text	OK
Javelin::WorldEventCoordinatorTrait::SyncEventDataMsg	6204	javelin_rtti_static	STRUCTURALLY_CONSISTENT		0x14a216730	.data	OK	0x14a216720	.data	OK	0x14462ba90	.text	OK	0x148365d80	.rdata	OK	0x14462ba00	.text	OK	0x14463bb20	.text	OK
Javelin::WorldEventCoordinatorTrait::RegisterSpawnerMsg	6205	javelin_rtti_static	STRUCTURALLY_CONSISTENT		0x14a2166a0	.data	OK	0x14a216690	.data	OK	0x14462bb40	.text	OK	0x148365e28	.rdata	OK	0x14462bab0	.text	OK	0x14463ad20	.text	OK
Javelin::WorldEventCoordinatorTrait::RequestSpawnMsg	6206	javelin_rtti_static	STRUCTURALLY_CONSISTENT		0x14a216610	.data	OK	0x14a216600	.data	OK	0x14462bbf0	.text	OK	0x148365e80	.rdata	OK	0x14462bb60	.text	OK	0x14463b120	.text	OK
Javelin::WorldEventCoordinatorTrait::OnSpawnDestroyedMsg	6193	javelin_rtti_static	STRUCTURALLY_CONSISTENT		0x14a216580	.data	OK	0x14a216570	.data	OK	0x14462bca0	.text	OK	0x148365eb0	.rdata	OK	0x14462bc10	.text	OK	0x14463a720	.text	OK
Javelin::WorldEventCoordinatorTrait::OnConstraintValidationResultMsg	6207	javelin_rtti_static	STRUCTURALLY_CONSISTENT		0x14a2164e0	.data	OK	0x14a2164d0	.data	OK	0x14462bd50	.text	OK	0x148365ee0	.rdata	OK	0x14462bcc0	.text	OK	0x14463a320	.text	OK
Javelin::WorldEventCoordinatorTrait::OnConfigChangedMsg	6208	javelin_rtti_static	STRUCTURALLY_CONSISTENT		0x14a216450	.data	OK	0x14a216440	.data	OK	0x14462be00	.text	OK	0x148365f10	.rdata	OK	0x14462bd70	.text	OK	0x14463a120	.text	OK
Javelin::WorldEventCoordinatorTrait::AddBlockerMsg	6258	javelin_rtti_static	STRUCTURALLY_CONSISTENT		0x14a2163c0	.data	OK	0x14a2163b0	.data	OK	0x14462beb0	.text	OK	0x148365f40	.rdata	OK	0x14462be20	.text	OK	0x144639920	.text	OK
Javelin::WorldEventCoordinatorTrait::RemoveBlockerMsg	6260	javelin_rtti_static	STRUCTURALLY_CONSISTENT		0x14a216330	.data	OK	0x14a216320	.data	OK	0x14462bf60	.text	OK	0x148365f70	.rdata	OK	0x14462bed0	.text	OK	0x14463af20	.text	OK
Javelin::WorldEventCoordinatorDebugTrait::DebugPrintJsonMsg	6275	javelin_rtti_static	STRUCTURALLY_CONSISTENT		0x14a2162a0	.data	OK	0x14a216290	.data	OK	0x14462c010	.text	OK	0x148365fa0	.rdata	OK	0x14462bf80	.text	OK	0x144639b20	.text	OK
Javelin::WorldEventCoordinatorDebugTrait::DebugRemovePendingRequestMsg	6276	javelin_rtti_static	STRUCTURALLY_CONSISTENT		0x14a216200	.data	OK	0x14a2161f0	.data	OK	0x14462c0c0	.text	OK	0x148365fd0	.rdata	OK	0x14462c030	.text	OK	0x144639d20	.text	OK
Javelin::IWorldEventCoordinatorEventListener	6209	javelin_rtti_static	STRUCTURALLY_CONSISTENT		0x14a216180	.data	OK	0x14a216170	.data	OK	0x14462c170	.text	OK	0x148366000	.rdata	OK	0x14462c0e0	.text	OK	0x143c49d80	.text	OK
Javelin::CampInstantiationParameters	2610	javelin_rtti_static	STRUCTURALLY_CONSISTENT		0x14a220e90	.data	OK	0x14a220e80	.data	OK	0x144792df0	.text	OK	0x148377c50	.rdata	OK	0x144792d60	.text	OK	0x1447a83b0	.text	OK
MB::BuildableControllerReplicatedState	1594	javelin_rtti_static	STRUCTURALLY_CONSISTENT		0x14a2212f0	.data	OK	0x14a2212e0	.data	OK	0x1447b7240	.text	OK	0x14837a9a8	.rdata	OK	0x1447b71b0	.text	OK	0x1447b8f10	.text	OK
MB::BuilderComponentReplicatedState	2270	javelin_rtti_static	STRUCTURALLY_CONSISTENT		0x14a221cc0	.data	OK	0x14a221cb0	.data	OK	0x1447d2fa0	.text	OK	0x14837cca0	.rdata	OK	0x1447d2f10	.text	OK	0x1447d3130	.text	OK
MB::TerritoryInteractorReplicatedState	1880	javelin_rtti_static	STRUCTURALLY_CONSISTENT		0x14a2228f0	.data	OK	0x14a2228e0	.data	OK	0x1447ed240	.text	OK	0x148381ff0	.rdata	OK	0x1447ed1b0	.text	OK	0x14480bd90	.text	OK
MB::ContainerComponentReplicatedState	1755	javelin_rtti_static	STRUCTURALLY_CONSISTENT		0x14a2295a0	.data	OK	0x14a229590	.data	OK	0x1448ea970	.text	OK	0x1483950b8	.rdata	OK	0x1448ea8e0	.text	OK	0x1448ebaa0	.text	OK
MB::GatheringComponentReplicatedState	81	javelin_rtti_static	STRUCTURALLY_CONSISTENT		0x14a229b90	.data	OK	0x14a229b80	.data	OK	0x144904960	.text	OK	0x148397030	.rdata	OK	0x1449048d0	.text	OK	0x144904ee0	.text	OK
MB::InteractorComponentReplicatedState	3752	javelin_rtti_static	STRUCTURALLY_CONSISTENT		0x14a22a1f0	.data	OK	0x14a22a1e0	.data	OK	0x144918f60	.text	OK	0x1483987e8	.rdata	OK	0x144918ed0	.text	OK	0x144919780	.text	OK
MB::MarkerComponentReplicatedState	5399	javelin_rtti_static	STRUCTURALLY_CONSISTENT		0x14a22a580	.data	OK	0x14a22a570	.data	OK	0x144947080	.text	OK	0x14839b478	.rdata	OK	0x144946ff0	.text	OK	0x144947420	.text	OK
Javelin::IAIObjectiveManagerRemoteInterface	653	javelin_rtti_static	STRUCTURALLY_CONSISTENT		0x14a22cce0	.data	OK	0x14a22ccd0	.data	OK	0x145adc5e0	.text	OK	0x148453658	.rdata	OK	0x145adc550	.text	OK	0x145c4e1e0	.text	OK
Javelin::IAIObjectiveReceiverRemoteInterface	1535	javelin_rtti_static	STRUCTURALLY_CONSISTENT		0x14a22cbe0	.data	OK	0x14a22cbd0	.data	OK	0x145add610	.text	OK	0x148453c80	.rdata	OK	0x145add580	.text	OK	0x143140a90	.text	OK
Javelin::IAIObjectiveRemoteInterface	2295	javelin_rtti_static	STRUCTURALLY_CONSISTENT		0x14a22cb60	.data	OK	0x14a22cb50	.data	OK	0x145ade430	.text	OK	0x148453f00	.rdata	OK	0x145ade3a0	.text	OK	0x143140c90	.text	OK
Javelin::IHomingTargetValidationRequestListener	5477	javelin_rtti_static	STRUCTURALLY_CONSISTENT		0x14a22d3e0	.data	OK	0x14a22d3d0	.data	OK	0x145ad82b0	.text	OK	0x1484528d0	.rdata	OK	0x145ad8220	.text	OK	0x142c8f610	.text	OK
Javelin::IHomingTargetValidationResponseListener	5482	javelin_rtti_static	STRUCTURALLY_CONSISTENT		0x14a22d350	.data	OK	0x14a22d340	.data	OK	0x145ad86c0	.text	OK	0x148452980	.rdata	OK	0x145ad8630	.text	OK	0x144882900	.text	OK
Javelin::ProjectileFiringDetails	2898	javelin_rtti_static	STRUCTURALLY_CONSISTENT		0x14a22d2d0	.data	OK	0x14a22d2c0	.data	OK	0x145ad8ff0	.text	OK	0x148452ae0	.rdata	OK	0x145ad8f60	.text	OK	0x145c4e5e0	.text	OK
Javelin::SpawnedAttackSourceInfo	3035	javelin_rtti_static	STRUCTURALLY_CONSISTENT		0x14a22d250	.data	OK	0x14a22d240	.data	OK	0x145ad66f0	.text	OK	0x148452328	.rdata	OK	0x145ad6660	.text	OK	0x143b40cc0	.text	OK
Javelin::DetectedTargetInfoRequestHandler	3058	javelin_rtti_static	STRUCTURALLY_CONSISTENT		0x14a22d1d0	.data	OK	0x14a22d1c0	.data	OK	0x145ad69b0	.text	OK	0x1484523b0	.rdata	OK	0x145ad6920	.text	OK	0x143615ac0	.text	OK
Javelin::DynamicScalingDetails	6847	javelin_rtti_static	STRUCTURALLY_CONSISTENT		0x14a22d150	.data	OK	0x14a22d140	.data	OK	0x145ad78f0	.text	OK	0x148452728	.rdata	OK	0x145ad7860	.text	OK	0x142f556b0	.text	OK
Javelin::GameModeInstantiationParams	3313	javelin_rtti_static	STRUCTURALLY_CONSISTENT		0x14a22d0d0	.data	OK	0x14a22d0c0	.data	OK	0x145ad8770	.text	OK	0x1484529b0	.rdata	OK	0x145ad86e0	.text	OK	0x1432ac4d0	.text	OK
Javelin::GameModeActorSpawnInstantiationParams	6471	javelin_rtti_static	STRUCTURALLY_CONSISTENT		0x14a22d040	.data	OK	0x14a22d030	.data	OK	0x145ad8ad0	.text	OK	0x148452a68	.rdata	OK	0x145ad8a40	.text	OK	0x14260cb70	.text	OK
MB::GatherableControllerReplicatedState	12	javelin_rtti_static	STRUCTURALLY_CONSISTENT		0x14a22cfc0	.data	OK	0x14a22cfb0	.data	OK	0x145ad90a0	.text	OK	0x148452b10	.rdata	OK	0x145ad9010	.text	OK	0x145c4dfe0	.text	OK
Javelin::ThrowableGatherableDetails	5259	javelin_rtti_static	STRUCTURALLY_CONSISTENT		0x14a22cf40	.data	OK	0x14a22cf30	.data	OK	0x145ad99a0	.text	OK	0x148452c30	.rdata	OK	0x145ad98f0	.text	OK	0x145c4e9e0	.text	OK
Javelin::RaidGDEInstantiation	3579	javelin_rtti_static	STRUCTURALLY_CONSISTENT		0x14a22cec0	.data	OK	0x14a22ceb0	.data	OK	0x145adb7f0	.text	OK	0x148453248	.rdata	OK	0x145adb760	.text	OK	0x145c4e7e0	.text	OK
Javelin::RaidCreationDetails	1189	javelin_rtti_static	STRUCTURALLY_CONSISTENT		0x14a22ce50	.data	OK	0x14a22ce40	.data	OK	0x145adbd50	.text	OK	0x148453338	.rdata	OK	0x145adbcc0	.text	OK	0x142835700	.text	OK
Javelin::Item	3762	javelin_rtti_static	STRUCTURALLY_CONSISTENT		0x14a22cde0	.data	OK	0x14a22cdd0	.data	OK	0x145addba0	.text	OK	0x148453db0	.rdata	OK	0x145addb10	.text	OK	0x1436178c0	.text	OK
Javelin::InitialInstancedLootData	3768	javelin_rtti_static	STRUCTURALLY_CONSISTENT		0x14a22cd60	.data	OK	0x14a22cd50	.data	OK	0x145acc330	.text	OK	0x14844ec60	.rdata	OK	0x145acc2a0	.text	OK	0x1436f9800	.text	OK
Javelin::InitialOwnershipDetails	1951	javelin_rtti_static	STRUCTURALLY_CONSISTENT		0x14a22cc60	.data	OK	0x14a22cc50	.data	OK	0x145acf560	.text	OK	0x148450858	.rdata	OK	0x145acf4d0	.text	OK	0x142eb3b00	.text	OK
Javelin::SpawnForwardingInfo	4007	javelin_rtti_static	STRUCTURALLY_CONSISTENT		0x14a22caf0	.data	OK	0x14a22cae0	.data	OK	0x145ad5800	.text	OK	0x148452008	.rdata	OK	0x145ad5770	.text	OK	0x143be7b00	.text	OK
Javelin::BeamEntryParameter	5673	javelin_rtti_static	STRUCTURALLY_CONSISTENT		0x14a22ca80	.data	OK	0x14a22ca70	.data	OK	0x145ad5f70	.text	OK	0x148452190	.rdata	OK	0x145ad5ee0	.text	OK	0x145c4dbe0	.text	OK
Javelin::RemoveStatusEffectsFlags	6992	javelin_rtti_static	STRUCTURALLY_CONSISTENT		0x14a22ca00	.data	OK	0x14a22c9f0	.data	OK	0x145ae2970	.text	OK	0x148456a78	.rdata	OK	0x145ae28e0	.text	OK	0x14265e700	.text	OK
Javelin::StatusEffectSource	4229	javelin_rtti_static	STRUCTURALLY_CONSISTENT		0x14a22c990	.data	OK	0x14a22c980	.data	OK	0x145ae2cc0	.text	OK	0x148456af0	.rdata	OK	0x145ae2bd0	.text	OK	0x14265e900	.text	OK
Javelin::StatusEffectSourceInternal	339	javelin_rtti_static	STRUCTURALLY_CONSISTENT		0x14a22c910	.data	OK	0x14a22c900	.data	OK	0x145ae37e0	.text	OK	0x148456d40	.rdata	OK	0x145ae3750	.text	OK	0x144025450	.text	OK
Javelin::PingRequestData	4277	javelin_rtti_static	STRUCTURALLY_CONSISTENT		0x14a22c8a0	.data	OK	0x14a22c890	.data	OK	0x145acc560	.text	OK	0x14844f638	.rdata	OK	0x145acc4d0	.text	OK	0x1433e6690	.text	OK
Javelin::ReplicatedPingData	4278	javelin_rtti_static	STRUCTURALLY_CONSISTENT		0x14a22c830	.data	OK	0x14a22c820	.data	OK	0x145accbb0	.text	OK	0x14844f778	.rdata	OK	0x145accb20	.text	OK	0x1433e6a90	.text	OK
Javelin::ReplicatedLeaderPingData	5743	javelin_rtti_static	STRUCTURALLY_CONSISTENT		0x14a22c7b0	.data	OK	0x14a22c7a0	.data	OK	0x145acd390	.text	OK	0x14844f968	.rdata	OK	0x145acd300	.text	OK	0x1433e6890	.text	OK
Javelin::Transactions::TransactionItemPaperdollMetadata	5439	javelin_rtti_static	STRUCTURALLY_CONSISTENT		0x14a22c690	.data	OK	0x14a22c680	.data	OK	0x145ad5ec0	.text	OK	0x148452148	.rdata	OK	0x145ad5e30	.text	OK	0x145c4efe0	.text	OK
Javelin::IEventNotifications	3143	javelin_rtti_static	STRUCTURALLY_CONSISTENT		0x14a22c580	.data	OK	0x14a22c570	.data	OK	0x145ada160	.text	OK	0x148452e60	.rdata	OK	0x145ada0d0	.text	OK	0x1426ef2b0	.text	OK
MB::PositionInTheWorldReplicatedState	13	javelin_rtti_static	STRUCTURALLY_CONSISTENT		0x14a22c500	.data	OK	0x14a22c4f0	.data	OK	0x145ae2a20	.text	OK	0x148456aa8	.rdata	OK	0x145ae2990	.text	OK	0x145c4e3e0	.text	OK
MB::TimelineComponentReplicatedState	1647	javelin_rtti_static	STRUCTURALLY_CONSISTENT		0x14a22c480	.data	OK	0x14a22c470	.data	OK	0x145ad2dd0	.text	OK	0x148451758	.rdata	OK	0x145ad2d40	.text	OK	0x145c4ebe0	.text	OK
MB::ServerContext	2166	javelin_rtti_static	STRUCTURALLY_CONSISTENT		0x14a231d40	.data	OK	0x14a231d30	.data	OK	0x145d277a0	.text	OK	0x148474210	.rdata	OK	0x145d27710	.text	OK	0x145d35910	.text	OK
Javelin::TemporaryAffiliationInstantiationParams	1077	javelin_rtti_static	STRUCTURALLY_CONSISTENT		0x14a231cb0	.data	OK	0x14a231ca0	.data	OK	0x145d28b80	.text	OK	0x148474478	.rdata	OK	0x145d28af0	.text	OK	0x144062bf0	.text	OK
Javelin::FTUE::FtueDungeonMasterTrait	1100	javelin_rtti_static	STRUCTURALLY_CONSISTENT		0x14a232810	.data	OK	0x14a232800	.data	OK	0x145d26090	.text	OK	0x148473938	.rdata	OK	0x145d26000	.text	OK	0x145d34910	.text	OK
Javelin::FTUE::FtueDungeonMasterTrait::State	517	javelin_rtti_static	STRUCTURALLY_CONSISTENT		0x14a232790	.data	OK	0x14a232780	.data	OK	0x145d26260	.text	OK	0x148473980	.rdata	OK	0x145d261d0	.text	OK	0x145d35d10	.text	OK
Javelin::FTUE::FtueDungeonMasterTrait::ReceiveSpawnRequestMsg	1103	javelin_rtti_static	STRUCTURALLY_CONSISTENT		0x14a232700	.data	OK	0x14a2326f0	.data	OK	0x145d26390	.text	OK	0x1484739d0	.rdata	OK	0x145d26300	.text	OK	0x145d35710	.text	OK
Javelin::FTUE::FtueDungeonMasterActor	1106	javelin_rtti_static	STRUCTURALLY_CONSISTENT		0x14a232680	.data	OK	0x14a232670	.data	OK	0x145d26440	.text	OK	0x148473a00	.rdata	OK	0x145d263b0	.text	OK	0x145d34710	.text	OK
Javelin::FTUE::FtueDungeonMasterActor::InitMsg	1120	javelin_rtti_static	STRUCTURALLY_CONSISTENT		0x14a232500	.data	OK	0x14a2324f0	.data	OK	0x145d26690	.text	OK	0x148473b88	.rdata	OK	0x145d26600	.text	OK	0x145d35110	.text	OK
Javelin::FtueDungeonBuilderTrait	1122	javelin_rtti_static	STRUCTURALLY_CONSISTENT		0x14a232400	.data	OK	0x14a2323f0	.data	OK	0x145d26740	.text	OK	0x148473bb8	.rdata	OK	0x145d266b0	.text	OK	0x145d34510	.text	OK
Javelin::FtueDungeonBuilderTrait::State	1124	javelin_rtti_static	STRUCTURALLY_CONSISTENT		0x14a232380	.data	OK	0x14a232370	.data	OK	0x145d267f0	.text	OK	0x148473be8	.rdata	OK	0x145d26760	.text	OK	0x145d35b10	.text	OK
Javelin::FtueDungeonBuilderTrait::OnFtueDungeonReadyMsg	1126	javelin_rtti_static	STRUCTURALLY_CONSISTENT		0x14a2322f0	.data	OK	0x14a2322e0	.data	OK	0x145d268a0	.text	OK	0x148473c18	.rdata	OK	0x145d26810	.text	OK	0x145d35510	.text	OK
Javelin::FtueDungeonBuilderTrait::OnFtueDungeonChangedMsg	815	javelin_rtti_static	STRUCTURALLY_CONSISTENT		0x14a232260	.data	OK	0x14a232250	.data	OK	0x145d26950	.text	OK	0x148473c48	.rdata	OK	0x145d268c0	.text	OK	0x145d35310	.text	OK
Javelin::FtueDungeonBuilderTrait::DebugReserveFtuesMsg	1131	javelin_rtti_static	STRUCTURALLY_CONSISTENT		0x14a2321d0	.data	OK	0x14a2321c0	.data	OK	0x145d26a00	.text	OK	0x148473c78	.rdata	OK	0x145d26970	.text	OK	0x145d34110	.text	OK
Javelin::FtueDungeonBuilderActor	1134	javelin_rtti_static	STRUCTURALLY_CONSISTENT		0x14a232150	.data	OK	0x14a232140	.data	OK	0x145d26ab0	.text	OK	0x148473ca8	.rdata	OK	0x145d26a20	.text	OK	0x145d34310	.text	OK
Javelin::FtueDungeonBuilderActor::InitMsg	1137	javelin_rtti_static	STRUCTURALLY_CONSISTENT		0x14a232050	.data	OK	0x14a232040	.data	OK	0x145d26c10	.text	OK	0x148473d08	.rdata	OK	0x145d26b80	.text	OK	0x145d34f10	.text	OK
Javelin::Spawner::HubLocalCacheSpawnParameter	5500	javelin_rtti_static	STRUCTURALLY_CONSISTENT		0x14a231fd0	.data	OK	0x14a231fc0	.data	OK	0x145d26cc0	.text	OK	0x148473d38	.rdata	OK	0x145d26c30	.text	OK	0x145d34b10	.text	OK
Javelin::IHLCComponentRemoteInterface	4794	javelin_rtti_static	STRUCTURALLY_CONSISTENT		0x14a231f50	.data	OK	0x14a231f40	.data	OK	0x145d26d80	.text	OK	0x148473d68	.rdata	OK	0x145d26cf0	.text	OK	0x145d34d10	.text	OK
Javelin::AI::Navigation::PathReceiver	1021	javelin_rtti_static	STRUCTURALLY_CONSISTENT		0x14a231ed0	.data	OK	0x14a231ec0	.data	OK	0x145d26ec0	.text	OK	0x148473dd0	.rdata	OK	0x145d26e30	.text	OK	0x1439d0f00	.text	OK
Javelin::AI::Navigation::QueryManagerDebugListener	1260	javelin_rtti_static	STRUCTURALLY_CONSISTENT		0x14a231e40	.data	OK	0x14a231e30	.data	OK	0x145d26f70	.text	OK	0x148473e00	.rdata	OK	0x145d26ee0	.text	OK	0x143b9cf40	.text	OK
Javelin::AI::Navigation::TileManagerDebugListener	1312	javelin_rtti_static	STRUCTURALLY_CONSISTENT		0x14a231db0	.data	OK	0x14a231da0	.data	OK	0x145d27030	.text	OK	0x148473e48	.rdata	OK	0x145d26fa0	.text	OK	0x143b9d340	.text	OK
MB::TransformLinkComponentReplicatedState	5980	javelin_rtti_static	STRUCTURALLY_CONSISTENT		0x14a233180	.data	OK	0x14a233170	.data	OK	0x145d40e00	.text	OK	0x148476608	.rdata	OK	0x145d40d70	.text	OK	0x145d7ac80	.text	OK
Javelin::TransformLinkSpawnerInfo	6041	javelin_rtti_static	STRUCTURALLY_CONSISTENT		0x14a233100	.data	OK	0x14a2330f0	.data	OK	0x145d40fa0	.text	OK	0x148476650	.rdata	OK	0x145d40f10	.text	OK	0x145d7ae80	.text	OK
Amazon::Hub::IFragment	743	javelin_rtti_static	STRUCTURALLY_CONSISTENT		0x14a238170	.data	OK	0x14a238160	.data	OK	0x14613a7a0	.text	OK	0x1484c7cb0	.rdata	OK	0x14613a720	.text	OK	0x1416d7320	.text	OK
Amazon::Hub::IMessage	360	javelin_rtti_static	STRUCTURALLY_CONSISTENT		0x14a238100	.data	OK	0x14a2380f0	.data	OK	0x14613a9e0	.text	OK	0x1484c7ea0	.rdata	OK	0x14613a960	.text	OK	0x1416d8520	.text	OK
Amazon::Hub::IPolymorphic	1325	javelin_rtti_static	STRUCTURALLY_CONSISTENT		0x14a238090	.data	OK	0x14a238080	.data	OK	0x14613aa80	.text	OK	0x1484c7f18	.rdata	OK	0x14613aa00	.text	OK	0x1416d9120	.text	OK
TraitState	989		STRUCTURALLY_CONSISTENT		0x14a238020	.data	OK	0x14a238010	.data	OK	0x14613ab20	.text	OK	0x1484c7fb0	.rdata	OK	0x14613aaa0	.text	OK	0x1407f6c50	.text	OK
MB::AlignToTerrainComponentReplicatedState	2850	javelin_rtti_static	STRUCTURALLY_CONSISTENT		0x14a247520	.data	OK	0x14a247510	.data	OK	0x1465727f0	.text	OK	0x14851abb0	.rdata	OK	0x146572760	.text	OK	0x1468041e0	.text	OK
MB::LookTargetingComponentReplicatedState	2443	javelin_rtti_static	STRUCTURALLY_CONSISTENT		0x14a24d500	.data	OK	0x14a24d4f0	.data	OK	0x146592bc0	.text	OK	0x148524110	.rdata	OK	0x146592b30	.text	OK	0x14680d9e0	.text	OK
Javelin::PlayerAppearanceNotifications	2851	javelin_rtti_static	STRUCTURALLY_CONSISTENT		0x14a249c50	.data	OK	0x14a249c40	.data	OK	0x14656b9e0	.text	OK	0x148518ab0	.rdata	OK	0x14656b950	.text	OK	0x1427bca20	.text	OK
MB::PlayerAppearanceComponentReplicatedState	1195	javelin_rtti_static	STRUCTURALLY_CONSISTENT		0x14a249400	.data	OK	0x14a2493f0	.data	OK	0x14659d930	.text	OK	0x1485270c0	.rdata	OK	0x14659d890	.text	OK	0x1468139e0	.text	OK
MB::AbilityComponentReplicatedState	185	javelin_rtti_static	STRUCTURALLY_CONSISTENT		0x14a246120	.data	OK	0x14a246110	.data	OK	0x146585810	.text	OK	0x148520818	.rdata	OK	0x146585760	.text	OK	0x146802de0	.text	OK
Javelin::IMagicComponentRemoteListener	1561	javelin_rtti_static	STRUCTURALLY_CONSISTENT		0x14a24f610	.data	OK	0x14a24f600	.data	OK	0x1465b3520	.text	OK	0x14852d2d8	.rdata	OK	0x1465b3490	.text	OK	0x144025050	.text	OK
MB::IncapacitatedReplicatedState	670	javelin_rtti_static	STRUCTURALLY_CONSISTENT		0x14a24f120	.data	OK	0x14a24f110	.data	OK	0x1465684e0	.text	OK	0x148517c48	.rdata	OK	0x146568450	.text	OK	0x1468099e0	.text	OK
MB::MagicComponentReplicatedState	2895	javelin_rtti_static	STRUCTURALLY_CONSISTENT		0x14a24ee60	.data	OK	0x14a24ee50	.data	OK	0x1465754f0	.text	OK	0x14851ba58	.rdata	OK	0x146575460	.text	OK	0x14680dbe0	.text	OK
MB::ProjectileReplicatedState	16	javelin_rtti_static	STRUCTURALLY_CONSISTENT		0x14a24e8d0	.data	OK	0x14a24e8c0	.data	OK	0x14657df40	.text	OK	0x14851e198	.rdata	OK	0x14657deb0	.text	OK	0x14681cde0	.text	OK
MB::ProjectileSpawnerReplicatedState	57	javelin_rtti_static	STRUCTURALLY_CONSISTENT		0x14a24da00	.data	OK	0x14a24d9f0	.data	OK	0x14658ef50	.text	OK	0x1485232a8	.rdata	OK	0x14658eec0	.text	OK	0x14681d7e0	.text	OK
MB::ReactionTrackingReplicatedState	1927	javelin_rtti_static	STRUCTURALLY_CONSISTENT		0x14a24d3d0	.data	OK	0x14a24d3c0	.data	OK	0x146598600	.text	OK	0x148525998	.rdata	OK	0x146598570	.text	OK	0x14681d9e0	.text	OK
Javelin::SpellCastDetails	2655	javelin_rtti_static	STRUCTURALLY_CONSISTENT		0x14a24d210	.data	OK	0x14a24d200	.data	OK	0x14659aeb0	.text	OK	0x148526468	.rdata	OK	0x14659ae20	.text	OK	0x14681dbe0	.text	OK
Javelin::StuckToEntityInstantiatonParams	6853	javelin_rtti_static	STRUCTURALLY_CONSISTENT		0x14a24d030	.data	OK	0x14a24d020	.data	OK	0x14659c790	.text	OK	0x148526b00	.rdata	OK	0x14659c670	.text	OK	0x14681efe0	.text	OK
Javelin::ISpellsRemoteListener	2082	javelin_rtti_static	STRUCTURALLY_CONSISTENT		0x14a24c520	.data	OK	0x14a24c510	.data	OK	0x1465aa0c0	.text	OK	0x14852a6d8	.rdata	OK	0x1465aa030	.text	OK	0x1468093e0	.text	OK
MB::SpellComponentReplicatedState	2912	javelin_rtti_static	STRUCTURALLY_CONSISTENT		0x14a24c160	.data	OK	0x14a24c150	.data	OK	0x1465ad280	.text	OK	0x14852b4d0	.rdata	OK	0x1465ad160	.text	OK	0x14681e1e0	.text	OK
MB::CombatStatusComponentReplicatedState	2913	javelin_rtti_static	STRUCTURALLY_CONSISTENT		0x14a24b320	.data	OK	0x14a24b310	.data	OK	0x1465656f0	.text	OK	0x148516e40	.rdata	OK	0x146565660	.text	OK	0x146805de0	.text	OK
MB::BeamAttackComponentReplicatedState	2947	javelin_rtti_static	STRUCTURALLY_CONSISTENT		0x14a24aed0	.data	OK	0x14a24aec0	.data	OK	0x1465750d0	.text	OK	0x14851b9b0	.rdata	OK	0x146575040	.text	OK	0x146804be0	.text	OK
MB::DamageReceiverComponentReplicatedState	1528	javelin_rtti_static	STRUCTURALLY_CONSISTENT		0x14a249ea0	.data	OK	0x14a249e90	.data	OK	0x1465a53d0	.text	OK	0x148529058	.rdata	OK	0x1465a5340	.text	OK	0x1468079e0	.text	OK
Javelin::IDamageReceiverRemoteListener	3030	javelin_rtti_static	STRUCTURALLY_CONSISTENT		0x14a249d70	.data	OK	0x14a249d60	.data	OK	0x1465ac000	.text	OK	0x14852af88	.rdata	OK	0x1465abf50	.text	OK	0x146808fe0	.text	OK
MB::PaperdollComponentReplicatedState	3183	javelin_rtti_static	STRUCTURALLY_CONSISTENT		0x14a248be0	.data	OK	0x14a248bd0	.data	OK	0x14656a490	.text	OK	0x1485184b0	.rdata	OK	0x14656a400	.text	OK	0x14680fbe0	.text	OK
Javelin::ITranslationNotifications	1943	javelin_rtti_static	STRUCTURALLY_CONSISTENT		0x14a247a20	.data	OK	0x14a247a10	.data	OK	0x146580a00	.text	OK	0x14851f0e0	.rdata	OK	0x146580970	.text	OK	0x1468095e0	.text	OK
Javelin::IPlayerListener	3932	javelin_rtti_static	STRUCTURALLY_CONSISTENT		0x14a247350	.data	OK	0x14a247340	.data	OK	0x1465ac6d0	.text	OK	0x14852b1b0	.rdata	OK	0x1465ac640	.text	OK	0x1442f7960	.text	OK
Javelin::OnPlayerMetadataPublishedClosure	2458	javelin_rtti_static	STRUCTURALLY_CONSISTENT		0x14a24f0a0	.data	OK	0x14a24f090	.data	OK	0x146575b80	.text	OK	0x14851bb90	.rdata	OK	0x146575af0	.text	OK	0x14680efe0	.text	OK
MB::PlayerComponentReplicatedState	3935	javelin_rtti_static	STRUCTURALLY_CONSISTENT		0x14a249920	.data	OK	0x14a249910	.data	OK	0x146593c20	.text	OK	0x148524630	.rdata	OK	0x146593b90	.text	OK	0x1468161e0	.text	OK
MB::ChargeComponentReplicatedState	5257	javelin_rtti_static	STRUCTURALLY_CONSISTENT		0x14a247220	.data	OK	0x14a247210	.data	OK	0x14657e0a0	.text	OK	0x14851e210	.rdata	OK	0x14657e010	.text	OK	0x1468055e0	.text	OK
MB::CooldownTimersComponentReplicatedState	2932	javelin_rtti_static	STRUCTURALLY_CONSISTENT		0x14a246770	.data	OK	0x14a246760	.data	OK	0x14659e010	.text	OK	0x148527258	.rdata	OK	0x14659df70	.text	OK	0x1468069e0	.text	OK
MB::GritReplicatedState	17	javelin_rtti_static	STRUCTURALLY_CONSISTENT		0x14a246650	.data	OK	0x14a246640	.data	OK	0x1465a0280	.text	OK	0x148527b00	.rdata	OK	0x1465a0160	.text	OK	0x1468089e0	.text	OK
Javelin::IGritComponentListener	1624	javelin_rtti_static	STRUCTURALLY_CONSISTENT		0x14a250730	.data	OK	0x14a250720	.data	OK	0x146562730	.text	OK	0x148515f50	.rdata	OK	0x146562530	.text	OK	0x1468091e0	.text	OK
Javelin::IKillsListener	4283	javelin_rtti_static	STRUCTURALLY_CONSISTENT		0x14a2504b0	.data	OK	0x14a2504a0	.data	OK	0x146565fb0	.text	OK	0x148517148	.rdata	OK	0x146565df0	.text	OK	0x1436cd100	.text	OK
Javelin::IStaminaComponentListener	4284	javelin_rtti_static	STRUCTURALLY_CONSISTENT		0x14a2502d0	.data	OK	0x14a2502c0	.data	OK	0x1465692d0	.text	OK	0x148518000	.rdata	OK	0x146569230	.text	OK	0x1448fec60	.text	OK
Javelin::IVitalsRemoteListener	4286	javelin_rtti_static	STRUCTURALLY_CONSISTENT		0x14a250050	.data	OK	0x14a250040	.data	OK	0x14656bfa0	.text	OK	0x148518c58	.rdata	OK	0x14656bf10	.text	OK	0x14306f9a0	.text	OK
MB::ManaComponentReplicatedState	1652	javelin_rtti_static	STRUCTURALLY_CONSISTENT		0x14a24f590	.data	OK	0x14a24f580	.data	OK	0x146581710	.text	OK	0x14851f3b8	.rdata	OK	0x146581680	.text	OK	0x14680e3e0	.text	OK
MB::StaminaComponentReplicatedState	4297	javelin_rtti_static	STRUCTURALLY_CONSISTENT		0x14a24f020	.data	OK	0x14a24f010	.data	OK	0x14659e0d0	.text	OK	0x148527288	.rdata	OK	0x14659e030	.text	OK	0x14681e5e0	.text	OK
MB::VitalsComponentReplicatedState	15	javelin_rtti_static	STRUCTURALLY_CONSISTENT		0x14a24b440	.data	OK	0x14a24b430	.data	OK	0x1465b27f0	.text	OK	0x14852ced8	.rdata	OK	0x1465b2760	.text	OK	0x146820fe0	.text	OK
Coat::TimeUpdateListener	1031	javelin_rtti_static	STRUCTURALLY_CONSISTENT		0x14a25ae00	.data	OK	0x14a25adf0	.data	OK	0x1469a5e30	.text	OK	0x14856d268	.rdata	OK	0x1469a5da0	.text	OK	0x144085d90	.text	OK
CoatlicueClientMessages	999	javelin_rtti_static	STRUCTURALLY_CONSISTENT		0x14a25ad90	.data	OK	0x14a25ad80	.data	OK	0x1469a4be0	.text	OK	0x14856c9d0	.rdata	OK	0x1469a4b50	.text	OK	0x146436670	.text	OK
CoatlicueClientMessages::State	701	javelin_rtti_static	STRUCTURALLY_CONSISTENT		0x14a25ad10	.data	OK	0x14a25ad00	.data	OK	0x1469a4c90	.text	OK	0x14856ca00	.rdata	OK	0x1469a4c00	.text	OK	0x146437470	.text	OK
CoatlicueClientMessages::CalendarConnectedMsg	1034	javelin_rtti_static	STRUCTURALLY_CONSISTENT		0x14a25ac80	.data	OK	0x14a25ac70	.data	OK	0x1469a4d40	.text	OK	0x14856ca30	.rdata	OK	0x1469a4cb0	.text	OK	0x146436470	.text	OK
CoatlicueClientMessages::CoatlicueTimingConfigurationConnectedMsg	446	javelin_rtti_static	STRUCTURALLY_CONSISTENT		0x14a25abe0	.data	OK	0x14a25abd0	.data	OK	0x1469a4df0	.text	OK	0x14856ca60	.rdata	OK	0x1469a4d60	.text	OK	0x146436870	.text	OK
CoatlicueClientMessages::DistributionManagerConnectedMsg	697	javelin_rtti_static	STRUCTURALLY_CONSISTENT		0x14a25ab50	.data	OK	0x14a25ab40	.data	OK	0x1469a4f90	.text	OK	0x14856cae8	.rdata	OK	0x1469a4f00	.text	OK	0x146436a70	.text	OK
CoatlicueClientMessages::MessageReceiptMsg	1035	javelin_rtti_static	STRUCTURALLY_CONSISTENT		0x14a25aad0	.data	OK	0x14a25aac0	.data	OK	0x1469a5040	.text	OK	0x14856cb18	.rdata	OK	0x1469a4fb0	.text	OK	0x146436c70	.text	OK
CoatlicueClientMessages::TerrainGlobalManagerConnectedMsg	686	javelin_rtti_static	STRUCTURALLY_CONSISTENT		0x14a25aa40	.data	OK	0x14a25aa30	.data	OK	0x1469a50f0	.text	OK	0x14856cb48	.rdata	OK	0x1469a5060	.text	OK	0x146437670	.text	OK
CoatlicueClientMessages::TractGlobalManagerConnectedMsg	648	javelin_rtti_static	STRUCTURALLY_CONSISTENT		0x14a25a9b0	.data	OK	0x14a25a9a0	.data	OK	0x1469a52c0	.text	OK	0x14856cb90	.rdata	OK	0x1469a5230	.text	OK	0x146437870	.text	OK
CoatlicueClientMessages::WorldQueryConnectedMsg	68	javelin_rtti_static	STRUCTURALLY_CONSISTENT		0x14a25a920	.data	OK	0x14a25a910	.data	OK	0x1469a5370	.text	OK	0x14856cbc0	.rdata	OK	0x1469a52e0	.text	OK	0x146437a70	.text	OK
Amazon::Hub::ActorInitListenerTrait	456	javelin_rtti_static	STRUCTURALLY_CONSISTENT		0x14a265170	.data	OK	0x14a265160	.data	OK	0x146a3e7b0	.text	OK	0x148576730	.rdata	OK	0x146a3e720	.text	OK	0x1416c2120	.text	OK
Amazon::Hub::ActorInitListenerTrait::State	461	javelin_rtti_static	STRUCTURALLY_CONSISTENT		0x14a265070	.data	OK	0x14a265060	.data	OK	0x146a3efa0	.text	OK	0x1485769e0	.rdata	OK	0x146a3ef10	.text	OK	0x141700120	.text	OK
Amazon::Hub::ActorInitListenerCounter	465	javelin_rtti_static	STRUCTURALLY_CONSISTENT		0x14a264f80	.data	OK	0x14a264f70	.data	OK	0x146a3f530	.text	OK	0x148576be0	.rdata	OK	0x146a3f4a0	.text	OK	0x1416c1f20	.text	OK
Amazon::Hub::ActorInitListenerCounter::State	470	javelin_rtti_static	STRUCTURALLY_CONSISTENT		0x14a264e30	.data	OK	0x14a264e20	.data	OK	0x146a3fcd0	.text	OK	0x148576ef8	.rdata	OK	0x146a3fc40	.text	OK	0x1416fff20	.text	OK
OnInitCompletedMessageMsg	475		STRUCTURALLY_CONSISTENT		0x14a264d20	.data	OK	0x14a264d10	.data	OK	0x146a407a0	.text	OK	0x148577158	.rdata	OK	0x146a40710	.text	OK	0x146acbe50	.text	OK
Amazon::Hub::ActorInstantiationParameter	5531	javelin_rtti_static	STRUCTURALLY_CONSISTENT		0x14a264c30	.data	OK	0x14a264c20	.data	OK	0x146a41940	.text	OK	0x148577530	.rdata	OK	0x146a418a0	.text	OK	0x141026850	.text	OK
Shuffler	486		STRUCTURALLY_CONSISTENT		0x14a2643b0	.data	OK	0x14a2643a0	.data	OK	0x146a5e9a0	.text	OK	0x148582388	.rdata	OK	0x146a5e910	.text	OK	0x146ad6300	.text	OK
Shuffler::State	492		STRUCTURALLY_CONSISTENT		0x14a2642d0	.data	OK	0x14a2642c0	.data	OK	0x146a5ef60	.text	OK	0x1485825f8	.rdata	OK	0x146a5eed0	.text	OK	0x146ada7d0	.text	OK
MoveAnActorMsg	84		STRUCTURALLY_CONSISTENT		0x14a2641e0	.data	OK	0x14a2641d0	.data	OK	0x146a5f830	.text	OK	0x1485828c8	.rdata	OK	0x146a5f7a0	.text	OK	0x146aca1c0	.text	OK
OnMoveCoordinatorChangedMsg	351		STRUCTURALLY_CONSISTENT		0x14a2640e0	.data	OK	0x14a2640d0	.data	OK	0x146a32210	.text	OK	0x148572d60	.rdata	OK	0x146a32180	.text	OK	0x146acc500	.text	OK
ActorShuffler	503		STRUCTURALLY_CONSISTENT		0x14a264070	.data	OK	0x14a264060	.data	OK	0x146a328e0	.text	OK	0x1485731c8	.rdata	OK	0x146a32840	.text	OK	0x146ac0250	.text	OK
InitMsg	505		STRUCTURALLY_CONSISTENT		0x14a263e60	.data	OK	0x14a263e50	.data	OK	0x146a33c80	.text	OK	0x148573fa8	.rdata	OK	0x146a33bf0	.text	OK	0x146ac7b20	.text	OK
ActorStateCacheProxyTrait	511		STRUCTURALLY_CONSISTENT		0x14a2635a0	.data	OK	0x14a263590	.data	OK	0x146a54920	.text	OK	0x14857de60	.rdata	OK	0x146a54890	.text	OK	0x146ac06a0	.text	OK
ActorStateCacheProxyTrait::State	514		STRUCTURALLY_CONSISTENT		0x14a2634b0	.data	OK	0x14a2634a0	.data	OK	0x146a55230	.text	OK	0x14857e220	.rdata	OK	0x146a551a0	.text	OK	0x146ad78c0	.text	OK
FragmentUpdateMsg	516		STRUCTURALLY_CONSISTENT		0x14a263330	.data	OK	0x14a263320	.data	OK	0x146a55a90	.text	OK	0x14857e600	.rdata	OK	0x146a55a00	.text	OK	0x146ac5390	.text	OK
FragmentUpdatesMsg	7		STRUCTURALLY_CONSISTENT		0x14a263220	.data	OK	0x14a263210	.data	OK	0x146a56040	.text	OK	0x14857e9b0	.rdata	OK	0x146a55fb0	.text	OK	0x146ac55c0	.text	OK
NoFragmentsPresentMsg	178		STRUCTURALLY_CONSISTENT		0x14a263110	.data	OK	0x14a263100	.data	OK	0x146a56ba0	.text	OK	0x14857eeb8	.rdata	OK	0x146a56b10	.text	OK	0x146aca840	.text	OK
StartObservingFragmentMsg	532		STRUCTURALLY_CONSISTENT		0x14a263080	.data	OK	0x14a263070	.data	OK	0x146a57ec0	.text	OK	0x14857f300	.rdata	OK	0x146a57df0	.text	OK	0x146ad6df0	.text	OK
StopObservingFragmentMsg	534		STRUCTURALLY_CONSISTENT		0x14a262ff0	.data	OK	0x14a262fe0	.data	OK	0x146a58ae0	.text	OK	0x14857f810	.rdata	OK	0x146a58a50	.text	OK	0x146adb0a0	.text	OK
StopObservingFragment2Msg	540		STRUCTURALLY_CONSISTENT		0x14a262ef0	.data	OK	0x14a262ee0	.data	OK	0x146a59890	.text	OK	0x14857fb28	.rdata	OK	0x146a59800	.text	OK	0x146adae60	.text	OK
ActorStateCacheProxy	267		STRUCTURALLY_CONSISTENT		0x14a262e00	.data	OK	0x14a262df0	.data	OK	0x146a5ac10	.text	OK	0x148580200	.rdata	OK	0x146a5ab80	.text	OK	0x146ac0470	.text	OK
InitMsg	548		STRUCTURALLY_CONSISTENT		0x14a262b20	.data	OK	0x14a262b10	.data	OK	0x146a5c360	.text	OK	0x148580d40	.rdata	OK	0x146a5c2d0	.text	OK	0x146ac7d40	.text	OK
ClientProxy	551		STRUCTURALLY_CONSISTENT		0x14a261be0	.data	OK	0x14a261bd0	.data	OK	0x146a5d190	.text	OK	0x148581310	.rdata	OK	0x146a5d100	.text	OK	0x146ac1a50	.text	OK
ClientRegistryActor	556		STRUCTURALLY_CONSISTENT		0x14a2617f0	.data	OK	0x14a2617e0	.data	OK	0x146a3f470	.text	OK	0x148576bb0	.rdata	OK	0x146a3f3e0	.text	OK	0x146ac1c70	.text	OK
InitMsg	559		STRUCTURALLY_CONSISTENT		0x14a261610	.data	OK	0x14a261600	.data	OK	0x146a40ed0	.text	OK	0x148577240	.rdata	OK	0x146a40e40	.text	OK	0x146ac7f60	.text	OK
ClientRegistryActorTraits	469		STRUCTURALLY_CONSISTENT		0x14a261520	.data	OK	0x14a261510	.data	OK	0x146a419f0	.text	OK	0x148577560	.rdata	OK	0x146a41950	.text	OK	0x146ac1eb0	.text	OK
ClientRegistryActorTraits::State	561		STRUCTURALLY_CONSISTENT		0x14a261420	.data	OK	0x14a261410	.data	OK	0x146a44fb0	.text	OK	0x1485779a0	.rdata	OK	0x146a44e70	.text	OK	0x146ad7af0	.text	OK
SendClockSyncMsg	563		STRUCTURALLY_CONSISTENT		0x14a261310	.data	OK	0x14a261300	.data	OK	0x146a45cf0	.text	OK	0x148577c40	.rdata	OK	0x146a45c50	.text	OK	0x146ad55d0	.text	OK
OnListenerChangedMsg	237		STRUCTURALLY_CONSISTENT		0x14a2611f0	.data	OK	0x14a2611e0	.data	OK	0x146a46220	.text	OK	0x148577d60	.rdata	OK	0x146a46180	.text	OK	0x146acc090	.text	OK
DebugCommandActorBridge	568		STRUCTURALLY_CONSISTENT		0x14a260f00	.data	OK	0x14a260ef0	.data	OK	0x146a4f0f0	.text	OK	0x14857b7c8	.rdata	OK	0x146a4f060	.text	OK	0x146ac3940	.text	OK
DebugCommandActorBridge::State	575		STRUCTURALLY_CONSISTENT		0x14a260e00	.data	OK	0x14a260df0	.data	OK	0x146a4fbe0	.text	OK	0x14857be78	.rdata	OK	0x146a4fb50	.text	OK	0x146ad7d20	.text	OK
ResponseMsg	583		STRUCTURALLY_CONSISTENT		0x14a260d00	.data	OK	0x14a260cf0	.data	OK	0x146a50890	.text	OK	0x14857c1f0	.rdata	OK	0x146a50800	.text	OK	0x146ad1a50	.text	OK
DebugCommandActorBridgeActor	586		STRUCTURALLY_CONSISTENT		0x14a260c80	.data	OK	0x14a260c70	.data	OK	0x146a51520	.text	OK	0x14857c5d8	.rdata	OK	0x146a51490	.text	OK	0x146ac3b80	.text	OK
InitMsg	479		STRUCTURALLY_CONSISTENT		0x14a260b80	.data	OK	0x14a260b70	.data	OK	0x146a52b70	.text	OK	0x14857ce00	.rdata	OK	0x146a52ae0	.text	OK	0x146ac8180	.text	OK
HubLifecyclePeeringTrait	589		STRUCTURALLY_CONSISTENT		0x14a260a50	.data	OK	0x14a260a40	.data	OK	0x146a46c50	.text	OK	0x1485780c8	.rdata	OK	0x146a46bc0	.text	OK	0x146ac69c0	.text	OK
HubLifecyclePeeringTrait::State	590		STRUCTURALLY_CONSISTENT		0x14a2609d0	.data	OK	0x14a2609c0	.data	OK	0x146a474c0	.text	OK	0x148578570	.rdata	OK	0x146a47430	.text	OK	0x146ad81a0	.text	OK
ExitPeeringMsg	591		STRUCTURALLY_CONSISTENT		0x14a2608e0	.data	OK	0x14a2608d0	.data	OK	0x146a48220	.text	OK	0x1485789f0	.rdata	OK	0x146a48190	.text	OK	0x146ac4d10	.text	OK
UpdateHubLifecycleStepMsg	596		STRUCTURALLY_CONSISTENT		0x14a260840	.data	OK	0x14a260830	.data	OK	0x146a491e0	.text	OK	0x148579098	.rdata	OK	0x146a49150	.text	OK	0x146adc690	.text	OK
AckHubLifecycleStepUpdateMsg	6438		STRUCTURALLY_CONSISTENT		0x14a2607a0	.data	OK	0x14a260790	.data	OK	0x146a4a120	.text	OK	0x1485796a0	.rdata	OK	0x146a4a090	.text	OK	0x146abf310	.text	OK
VerifyPeersAckedStepUpdateMsg	6437		STRUCTURALLY_CONSISTENT		0x14a2606b0	.data	OK	0x14a2606a0	.data	OK	0x146a4b480	.text	OK	0x148579bb0	.rdata	OK	0x146a4b3f0	.text	OK	0x146adcf50	.text	OK
UpdatePeerStateMsg	6439		STRUCTURALLY_CONSISTENT		0x14a260620	.data	OK	0x14a260610	.data	OK	0x146a4be70	.text	OK	0x14857a1c8	.rdata	OK	0x146a4bde0	.text	OK	0x146adc8d0	.text	OK
UpgradeVersionMsg	371		STRUCTURALLY_CONSISTENT		0x14a260510	.data	OK	0x14a260500	.data	OK	0x146a4c490	.text	OK	0x14857a548	.rdata	OK	0x146a4c3f0	.text	OK	0x146adcd20	.text	OK
PeerPresenceAckMsg	598		STRUCTURALLY_CONSISTENT		0x14a260400	.data	OK	0x14a2603f0	.data	OK	0x146a4cc30	.text	OK	0x14857a7a0	.rdata	OK	0x146a4cb80	.text	OK	0x146acdf10	.text	OK
ForgetPeerMsg	604		STRUCTURALLY_CONSISTENT		0x14a2602e0	.data	OK	0x14a2602d0	.data	OK	0x146a4d780	.text	OK	0x14857adb8	.rdata	OK	0x146a4d6f0	.text	OK	0x146ac4f30	.text	OK
OnPeerChangedMsg	605		STRUCTURALLY_CONSISTENT		0x14a2601c0	.data	OK	0x14a2601b0	.data	OK	0x146a4e150	.text	OK	0x14857b1f8	.rdata	OK	0x146a4e0c0	.text	OK	0x146accb90	.text	OK
HubLifecyclePeeringActor	609		STRUCTURALLY_CONSISTENT		0x14a2600c0	.data	OK	0x14a2600b0	.data	OK	0x146a4eb60	.text	OK	0x14857b568	.rdata	OK	0x146a4ead0	.text	OK	0x146ac6790	.text	OK
InitMsg	611		STRUCTURALLY_CONSISTENT		0x14a25fec0	.data	OK	0x14a25feb0	.data	OK	0x146a50740	.text	OK	0x14857c0c0	.rdata	OK	0x146a506b0	.text	OK	0x146ac83a0	.text	OK
HubLifecycleStateRequestTrait	613		STRUCTURALLY_CONSISTENT		0x14a25fad0	.data	OK	0x14a25fac0	.data	OK	0x146a538b0	.text	OK	0x14857d6f0	.rdata	OK	0x146a53820	.text	OK	0x146ac6e30	.text	OK
HubLifecycleStateRequestTrait::State	141		STRUCTURALLY_CONSISTENT		0x14a25f9b0	.data	OK	0x14a25f9a0	.data	OK	0x146a53f70	.text	OK	0x14857da40	.rdata	OK	0x146a53e70	.text	OK	0x146ad8630	.text	OK
HubLifecycleStateListenerTrait	616		STRUCTURALLY_CONSISTENT		0x14a25f890	.data	OK	0x14a25f880	.data	OK	0x146a546c0	.text	OK	0x14857dd70	.rdata	OK	0x146a54630	.text	OK	0x146ac6bf0	.text	OK
HubLifecycleStateListenerTrait::State	621		STRUCTURALLY_CONSISTENT		0x14a25f770	.data	OK	0x14a25f760	.data	OK	0x146a55180	.text	OK	0x14857e1b8	.rdata	OK	0x146a550f0	.text	OK	0x146ad83f0	.text	OK
RequestStateMsg	623		STRUCTURALLY_CONSISTENT		0x14a25f640	.data	OK	0x14a25f630	.data	OK	0x146a55830	.text	OK	0x14857e4f8	.rdata	OK	0x146a557a0	.text	OK	0x146ad11c0	.text	OK
OnStateChangedMsg	629		STRUCTURALLY_CONSISTENT		0x14a25f520	.data	OK	0x14a25f510	.data	OK	0x146a55ec0	.text	OK	0x14857e8b8	.rdata	OK	0x146a55e30	.text	OK	0x146acd650	.text	OK
HubReconnectListener	633		STRUCTURALLY_CONSISTENT		0x14a25efd0	.data	OK	0x14a25efc0	.data	OK	0x146a323d0	.text	OK	0x148572fe0	.rdata	OK	0x146a32330	.text	OK	0x146ac7070	.text	OK
HubReconnectListener::State	635		STRUCTURALLY_CONSISTENT		0x14a25eec0	.data	OK	0x14a25eeb0	.data	OK	0x146a32a40	.text	OK	0x148573278	.rdata	OK	0x146a32920	.text	OK	0x146ad8860	.text	OK
OnNewHubInfoMsg	641		STRUCTURALLY_CONSISTENT		0x14a25eda0	.data	OK	0x14a25ed90	.data	OK	0x146a33170	.text	OK	0x148573d48	.rdata	OK	0x146a33040	.text	OK	0x146acc740	.text	OK
IActor	646		STRUCTURALLY_CONSISTENT		0x14a25ed30	.data	OK	0x14a25ed20	.data	OK	0x146a33b20	.text	OK	0x148573f28	.rdata	OK	0x146a33a90	.text	OK	0x146ac72a0	.text	OK
MessageLayerTrait	650		STRUCTURALLY_CONSISTENT		0x14a25e940	.data	OK	0x14a25e930	.data	OK	0x146a48fb0	.text	OK	0x148578fe0	.rdata	OK	0x146a48f20	.text	OK	0x146ac9b40	.text	OK
MessageLayerTrait::State	295		STRUCTURALLY_CONSISTENT		0x14a25e7d0	.data	OK	0x14a25e7c0	.data	OK	0x146a49f00	.text	OK	0x1485793a8	.rdata	OK	0x146a49e70	.text	OK	0x146ad8cf0	.text	OK
IdentifierMsg	4		STRUCTURALLY_CONSISTENT		0x14a25e650	.data	OK	0x14a25e640	.data	OK	0x146a4aeb0	.text	OK	0x1485799d0	.rdata	OK	0x146a4ae20	.text	OK	0x146ac7900	.text	OK
IdentifierAckMsg	5		STRUCTURALLY_CONSISTENT		0x14a25e4e0	.data	OK	0x14a25e4d0	.data	OK	0x146a4bb70	.text	OK	0x14857a0a8	.rdata	OK	0x146a4bae0	.text	OK	0x146ac74b0	.text	OK
IdentifierCompleteMsg	6		STRUCTURALLY_CONSISTENT		0x14a25e3e0	.data	OK	0x14a25e3d0	.data	OK	0x146a4c2b0	.text	OK	0x14857a470	.rdata	OK	0x146a4c220	.text	OK	0x146ac76d0	.text	OK
HubEndpointSharingTrait	689		STRUCTURALLY_CONSISTENT		0x14a25e270	.data	OK	0x14a25e260	.data	OK	0x146a4c9b0	.text	OK	0x14857a710	.rdata	OK	0x146a4c8e0	.text	OK	0x146ac6550	.text	OK
HubEndpointSharingTrait::State	691		STRUCTURALLY_CONSISTENT		0x14a25e0e0	.data	OK	0x14a25e0d0	.data	OK	0x146a4d340	.text	OK	0x14857aac0	.rdata	OK	0x146a4d2b0	.text	OK	0x146ad7f60	.text	OK
AddEndpointsMsg	692		STRUCTURALLY_CONSISTENT		0x14a25df70	.data	OK	0x14a25df60	.data	OK	0x146a4db50	.text	OK	0x14857afd0	.rdata	OK	0x146a4dac0	.text	OK	0x146ac0d50	.text	OK
RemoveEndpointsMsg	700		STRUCTURALLY_CONSISTENT		0x14a25ddf0	.data	OK	0x14a25dde0	.data	OK	0x146a4e930	.text	OK	0x14857b478	.rdata	OK	0x146a4e8a0	.text	OK	0x146ad0040	.text	OK
NotifyHubCrashTrait	705		STRUCTURALLY_CONSISTENT		0x14a25dc80	.data	OK	0x14a25dc70	.data	OK	0x146a4f2e0	.text	OK	0x14857bab8	.rdata	OK	0x146a4f250	.text	OK	0x146acaed0	.text	OK
NotifyHubCrashTrait::State	496		STRUCTURALLY_CONSISTENT		0x14a266340	.data	OK	0x14a266330	.data	OK	0x146a502a0	.text	OK	0x14857bf20	.rdata	OK	0x146a50210	.text	OK	0x146ad8f20	.text	OK
NotifyHubCrashMsg	294		STRUCTURALLY_CONSISTENT		0x14a2661d0	.data	OK	0x14a2661c0	.data	OK	0x146a50a90	.text	OK	0x14857c2a8	.rdata	OK	0x146a50a00	.text	OK	0x146acaca0	.text	OK
ActorMover	706		STRUCTURALLY_CONSISTENT		0x14a265b20	.data	OK	0x14a265b10	.data	OK	0x146a59290	.text	OK	0x14857f9b0	.rdata	OK	0x146a59200	.text	OK	0x146abf9b0	.text	OK
ActorMover::State	27		STRUCTURALLY_CONSISTENT		0x14a2659f0	.data	OK	0x14a2659e0	.data	OK	0x146a5a740	.text	OK	0x14857ffb8	.rdata	OK	0x146a5a6b0	.text	OK	0x146ad7690	.text	OK
MoveActorMsg	710		STRUCTURALLY_CONSISTENT		0x14a265900	.data	OK	0x14a2658f0	.data	OK	0x146a5aff0	.text	OK	0x1485804d0	.rdata	OK	0x146a5af60	.text	OK	0x146ac9d70	.text	OK
MoveActorToHubMsg	718		STRUCTURALLY_CONSISTENT		0x14a265810	.data	OK	0x14a265800	.data	OK	0x146a5bbf0	.text	OK	0x148580910	.rdata	OK	0x146a5bb60	.text	OK	0x146ac9f90	.text	OK
ProcessDeferredMovementRequestsMsg	723		STRUCTURALLY_CONSISTENT		0x14a265700	.data	OK	0x14a2656f0	.data	OK	0x146a5c540	.text	OK	0x148580e28	.rdata	OK	0x146a5c4a0	.text	OK	0x146acf530	.text	OK
StartMovementCommunicationMsg	726		STRUCTURALLY_CONSISTENT		0x14a265600	.data	OK	0x14a2655f0	.data	OK	0x146a5cd00	.text	OK	0x148581158	.rdata	OK	0x146a5cc70	.text	OK	0x146ad6bb0	.text	OK
MovementTimeoutMsg	736		STRUCTURALLY_CONSISTENT		0x14a265500	.data	OK	0x14a2654f0	.data	OK	0x146a5d330	.text	OK	0x148581398	.rdata	OK	0x146a5d2a0	.text	OK	0x146aca610	.text	OK
AckMovementMsg	739		STRUCTURALLY_CONSISTENT		0x14a265400	.data	OK	0x14a2653f0	.data	OK	0x146a5d9f0	.text	OK	0x148581b68	.rdata	OK	0x146a5d960	.text	OK	0x146abf550	.text	OK
CancelMovementMsg	5342		STRUCTURALLY_CONSISTENT		0x14a2652f0	.data	OK	0x14a2652e0	.data	OK	0x146a5dcc0	.text	OK	0x148581e70	.rdata	OK	0x146a5dc30	.text	OK	0x146ac11a0	.text	OK
ReceiveActorMsg	522		STRUCTURALLY_CONSISTENT		0x14a2651f0	.data	OK	0x14a2651e0	.data	OK	0x146a5e1f0	.text	OK	0x148582078	.rdata	OK	0x146a5e160	.text	OK	0x146acf9b0	.text	OK
CommitMovementMsg	740		STRUCTURALLY_CONSISTENT		0x14a2650f0	.data	OK	0x14a2650e0	.data	OK	0x146a5e830	.text	OK	0x148582320	.rdata	OK	0x146a5e7a0	.text	OK	0x146ac20f0	.text	OK
AbortMovementMsg	745		STRUCTURALLY_CONSISTENT		0x14a265000	.data	OK	0x14a264ff0	.data	OK	0x146a5ee80	.text	OK	0x1485825c8	.rdata	OK	0x146a5edf0	.text	OK	0x146abf0f0	.text	OK
CheckMovementStatusMsg	747		STRUCTURALLY_CONSISTENT		0x14a264eb0	.data	OK	0x14a264ea0	.data	OK	0x146a5f780	.text	OK	0x148582898	.rdata	OK	0x146a5f6f0	.text	OK	0x146ac13d0	.text	OK
CompleteDelayedMigrationsMsg	5032		STRUCTURALLY_CONSISTENT		0x14a264db0	.data	OK	0x14a264da0	.data	OK	0x146a322c0	.text	OK	0x148572e50	.rdata	OK	0x146a32230	.text	OK	0x146ac2320	.text	OK
OnPeerChangedMsg	748		STRUCTURALLY_CONSISTENT		0x14a264cb0	.data	OK	0x14a264ca0	.data	OK	0x146a32a50	.text	OK	0x148573248	.rdata	OK	0x146a329b0	.text	OK	0x146acc970	.text	OK
CrashMoveActorMsg	5044		STRUCTURALLY_CONSISTENT		0x14a264b40	.data	OK	0x14a264b30	.data	OK	0x146a33180	.text	OK	0x148573d18	.rdata	OK	0x146a330d0	.text	OK	0x146ac3070	.text	OK
CrashMoveActorToHubMsg	5045		STRUCTURALLY_CONSISTENT		0x14a264a40	.data	OK	0x14a264a30	.data	OK	0x146a33600	.text	OK	0x148573e48	.rdata	OK	0x146a33530	.text	OK	0x146ac32a0	.text	OK
CrashReceiveActorMsg	5046		STRUCTURALLY_CONSISTENT		0x14a264940	.data	OK	0x14a264930	.data	OK	0x146a33bd0	.text	OK	0x148573f78	.rdata	OK	0x146a33b40	.text	OK	0x146ac3710	.text	OK
MoveCoordinator	573		STRUCTURALLY_CONSISTENT		0x14a264500	.data	OK	0x14a2644f0	.data	OK	0x146a34970	.text	OK	0x148574698	.rdata	OK	0x146a348e0	.text	OK	0x146aca3e0	.text	OK
InitMsg	755		STRUCTURALLY_CONSISTENT		0x14a264340	.data	OK	0x14a264330	.data	OK	0x146a36f50	.text	OK	0x148574c28	.rdata	OK	0x146a36ec0	.text	OK	0x146ac87e0	.text	OK
PrepareMoveMessage	761		STRUCTURALLY_CONSISTENT		0x14a264250	.data	OK	0x14a264240	.data	OK	0x146a37600	.text	OK	0x148574ef8	.rdata	OK	0x146a37560	.text	OK	0x146acf300	.text	OK
ResolveMoveMessage	762		STRUCTURALLY_CONSISTENT		0x14a264160	.data	OK	0x14a264150	.data	OK	0x146a393c0	.text	OK	0x1485751e0	.rdata	OK	0x146a39330	.text	OK	0x146ad1820	.text	OK
PersistenceNotificationReceiver	766		STRUCTURALLY_CONSISTENT		0x14a263d60	.data	OK	0x14a263d50	.data	OK	0x146a460c0	.text	OK	0x148577d00	.rdata	OK	0x146a46030	.text	OK	0x146ace140	.text	OK
PersistenceNotificationReceiver::State	98		STRUCTURALLY_CONSISTENT		0x14a263c60	.data	OK	0x14a263c50	.data	OK	0x146a46570	.text	OK	0x148577e98	.rdata	OK	0x146a464e0	.text	OK	0x146ad9160	.text	OK
NotifyPersistenceLoadedMsg	769		STRUCTURALLY_CONSISTENT		0x14a263b60	.data	OK	0x14a263b50	.data	OK	0x146a46d90	.text	OK	0x1485782c0	.rdata	OK	0x146a46d00	.text	OK	0x146acb350	.text	OK
DebugPingMessage	774		STRUCTURALLY_CONSISTENT		0x14a2637e0	.data	OK	0x14a2637d0	.data	OK	0x146a375f0	.text	OK	0x148574e88	.rdata	OK	0x146a374d0	.text	OK	0x146ac3ff0	.text	OK
DebugInvalidWriteMessage	6273		STRUCTURALLY_CONSISTENT		0x14a2636e0	.data	OK	0x14a2636d0	.data	OK	0x146a394d0	.text	OK	0x148575248	.rdata	OK	0x146a39440	.text	OK	0x146ac3dc0	.text	OK
RepForwardingTrait	5344		STRUCTURALLY_CONSISTENT		0x14a2633b0	.data	OK	0x14a2633a0	.data	OK	0x146a3d120	.text	OK	0x1485762e8	.rdata	OK	0x146a3d090	.text	OK	0x146ad0270	.text	OK
RepForwardingTrait::State	5345		STRUCTURALLY_CONSISTENT		0x14a2632b0	.data	OK	0x14a2632a0	.data	OK	0x146a3e1c0	.text	OK	0x1485765d8	.rdata	OK	0x146a3e130	.text	OK	0x146ad95e0	.text	OK
Amazon::Hub::SingletonPeeringTrait	779	javelin_rtti_static	STRUCTURALLY_CONSISTENT		0x14a262d10	.data	OK	0x14a262d00	.data	OK	0x146a4af70	.text	OK	0x148579a30	.rdata	OK	0x146a4aee0	.text	OK	0x14463b320	.text	OK
Amazon::Hub::SingletonPeeringTrait::State	783	javelin_rtti_static	STRUCTURALLY_CONSISTENT		0x14a262ba0	.data	OK	0x14a262b90	.data	OK	0x146a4ba70	.text	OK	0x148579ff0	.rdata	OK	0x146a4b9e0	.text	OK	0x14463b520	.text	OK
OnPeerChangedMsg	788		STRUCTURALLY_CONSISTENT		0x14a262a10	.data	OK	0x14a262a00	.data	OK	0x146a4c110	.text	OK	0x14857a388	.rdata	OK	0x146a4c080	.text	OK	0x146acd1f0	.text	OK
Amazon::Hub::SystemMessage	772	javelin_rtti_static	STRUCTURALLY_CONSISTENT		0x14a262910	.data	OK	0x14a262900	.data	OK	0x146a4d000	.text	OK	0x14857a938	.rdata	OK	0x146a4cf70	.text	OK	0x141706f20	.text	OK
HighPrioritySystemMessage	792		STRUCTURALLY_CONSISTENT		0x14a262810	.data	OK	0x14a262800	.data	OK	0x146a4d8b0	.text	OK	0x14857ae10	.rdata	OK	0x146a4d7a0	.text	OK	0x146ac60d0	.text	OK
StopActorImmediateMessage	5301		STRUCTURALLY_CONSISTENT		0x14a262710	.data	OK	0x14a262700	.data	OK	0x146a4e2a0	.text	OK	0x14857b228	.rdata	OK	0x146a4e210	.text	OK	0x146adaa00	.text	OK
StopActorMessage	799		STRUCTURALLY_CONSISTENT		0x14a262610	.data	OK	0x14a262600	.data	OK	0x146a4ec60	.text	OK	0x14857b5f0	.rdata	OK	0x146a4ebd0	.text	OK	0x146adac40	.text	OK
ActorStatusNotificationMessage	449		STRUCTURALLY_CONSISTENT		0x14a262510	.data	OK	0x14a262500	.data	OK	0x146a4f7e0	.text	OK	0x14857bc50	.rdata	OK	0x146a4f710	.text	OK	0x146ac08e0	.text	OK
PersistenceRestoreActorMessage	810		STRUCTURALLY_CONSISTENT		0x14a262410	.data	OK	0x14a262400	.data	OK	0x146a50510	.text	OK	0x14857c008	.rdata	OK	0x146a50480	.text	OK	0x146ace7f0	.text	OK
ReportCompletePersistenceDataMessage	814		STRUCTURALLY_CONSISTENT		0x14a262300	.data	OK	0x14a2622f0	.data	OK	0x146a50d60	.text	OK	0x14857c398	.rdata	OK	0x146a50cd0	.text	OK	0x146ad06d0	.text	OK
ActorInitializedMessage	818		STRUCTURALLY_CONSISTENT		0x14a262200	.data	OK	0x14a2621f0	.data	OK	0x146a51bb0	.text	OK	0x14857c7e0	.rdata	OK	0x146a51b20	.text	OK	0x146abf770	.text	OK
SetInitListenerMessage	6394		STRUCTURALLY_CONSISTENT		0x14a2620a0	.data	OK	0x14a262090	.data	OK	0x146a52110	.text	OK	0x14857caa0	.rdata	OK	0x146a52080	.text	OK	0x146ad5a30	.text	OK
SetUpstreamDependencyMessage	6393		STRUCTURALLY_CONSISTENT		0x14a261f90	.data	OK	0x14a261f80	.data	OK	0x146a52a30	.text	OK	0x14857ccc8	.rdata	OK	0x146a529a0	.text	OK	0x146ad60c0	.text	OK
ReportActorDependenciesStatusMessage	679		STRUCTURALLY_CONSISTENT		0x14a261e80	.data	OK	0x14a261e70	.data	OK	0x146a53500	.text	OK	0x14857d3f0	.rdata	OK	0x146a53470	.text	OK	0x146ad04a0	.text	OK
UnregisterStateAccessProxyMessage	6354		STRUCTURALLY_CONSISTENT		0x14a261d70	.data	OK	0x14a261d60	.data	OK	0x146a53b10	.text	OK	0x14857d7d8	.rdata	OK	0x146a53a80	.text	OK	0x146adc450	.text	OK
Amazon::Hub::TraitActor	116	javelin_rtti_static	STRUCTURALLY_CONSISTENT		0x14a261a50	.data	OK	0x14a261a40	.data	OK	0x146a5b590	.text	OK	0x1485806b8	.rdata	OK	0x146a5b4f0	.text	OK	0x141709120	.text	OK
InterestAgentWorkerTrait	437		STRUCTURALLY_CONSISTENT		0x14a261590	.data	OK	0x14a261580	.data	OK	0x146a3eb60	.text	OK	0x148576820	.rdata	OK	0x146a3ead0	.text	OK	0x146ac96e0	.text	OK
InterestAgentWorkerTrait::State	232		STRUCTURALLY_CONSISTENT		0x14a2614a0	.data	OK	0x14a261490	.data	OK	0x146a3f240	.text	OK	0x148576b50	.rdata	OK	0x146a3f1b0	.text	OK	0x146ad8aa0	.text	OK
StartUpdatingMsg	822		STRUCTURALLY_CONSISTENT		0x14a261390	.data	OK	0x14a261380	.data	OK	0x146a3faf0	.text	OK	0x148576c98	.rdata	OK	0x146a3fa60	.text	OK	0x146ad7470	.text	OK
StopUpdatingMsg	827		STRUCTURALLY_CONSISTENT		0x14a261280	.data	OK	0x14a261270	.data	OK	0x146a40480	.text	OK	0x1485770d0	.rdata	OK	0x146a403f0	.text	OK	0x146adb2d0	.text	OK
InterestAgentWorker	829		STRUCTURALLY_CONSISTENT		0x14a261170	.data	OK	0x14a261160	.data	OK	0x146a417f0	.text	OK	0x1485773c0	.rdata	OK	0x146a41760	.text	OK	0x146ac94a0	.text	OK
InitMsg	836		STRUCTURALLY_CONSISTENT		0x14a261070	.data	OK	0x14a261060	.data	OK	0x146a45c40	.text	OK	0x148577c10	.rdata	OK	0x146a45bb0	.text	OK	0x146ac85c0	.text	OK
Amazon::Hub::ReplicationPerformanceData	18	javelin_rtti_static	STRUCTURALLY_CONSISTENT		0x14a260ff0	.data	OK	0x14a260fe0	.data	OK	0x146a4b760	.text	OK	0x148579d30	.rdata	OK	0x146a4b6d0	.text	OK	0x1416f7720	.text	OK
Amazon::Hub::ReplicatedStateBundle	8	javelin_rtti_static	STRUCTURALLY_CONSISTENT		0x14a260f70	.data	OK	0x14a260f60	.data	OK	0x146a4c060	.text	OK	0x14857a2b0	.rdata	OK	0x146a4bfd0	.text	OK	0x146437070	.text	OK
Amazon::Hub::ReplicationControl	9	javelin_rtti_static	STRUCTURALLY_CONSISTENT		0x14a260e80	.data	OK	0x14a260e70	.data	OK	0x146a4c8d0	.text	OK	0x14857a6e0	.rdata	OK	0x146a4c840	.text	OK	0x146437270	.text	OK
Amazon::Hub::PriorityQueueDebugPayload	5234	javelin_rtti_static	STRUCTURALLY_CONSISTENT		0x14a260d80	.data	OK	0x14a260d70	.data	OK	0x146a50c90	.text	OK	0x14857c338	.rdata	OK	0x146a50b70	.text	OK	0x146436e70	.text	OK
ActorPersistenceData	842		STRUCTURALLY_CONSISTENT		0x14a25f050	.data	OK	0x14a25f040	.data	OK	0x146a3aad0	.text	OK	0x148575690	.rdata	OK	0x146a3aa30	.text	OK	0x146abfbd0	.text	OK
TraitActorPersistenceData	844		STRUCTURALLY_CONSISTENT		0x14a25ef40	.data	OK	0x14a25ef30	.data	OK	0x146a3b800	.text	OK	0x148575b18	.rdata	OK	0x146a3b770	.text	OK	0x146adc210	.text	OK
ServerContextPersistenceData	849		STRUCTURALLY_CONSISTENT		0x14a25ee30	.data	OK	0x14a25ee20	.data	OK	0x146a3bec0	.text	OK	0x148575e38	.rdata	OK	0x146a3be30	.text	OK	0x146ad57f0	.text	OK
PersistencePingMessage	272		STRUCTURALLY_CONSISTENT		0x14a25ebc0	.data	OK	0x14a25ebb0	.data	OK	0x146a48310	.text	OK	0x148578a58	.rdata	OK	0x146a48230	.text	OK	0x146ace390	.text	OK
PersistencePongMessage	785		STRUCTURALLY_CONSISTENT		0x14a25eb40	.data	OK	0x14a25eb30	.data	OK	0x146a49280	.text	OK	0x1485790c8	.rdata	OK	0x146a491f0	.text	OK	0x146ace5c0	.text	OK
PersistenceScaleTestMessage	854		STRUCTURALLY_CONSISTENT		0x14a25eac0	.data	OK	0x14a25eab0	.data	OK	0x146a4a070	.text	OK	0x1485795a0	.rdata	OK	0x146a49fe0	.text	OK	0x146acec80	.text	OK
CrashPersistenceMessage	858		STRUCTURALLY_CONSISTENT		0x14a25ea40	.data	OK	0x14a25ea30	.data	OK	0x146a4b190	.text	OK	0x148579ac0	.rdata	OK	0x146a4b040	.text	OK	0x146ac34d0	.text	OK
TogglePersistenceHeapProfilerMessage	862		STRUCTURALLY_CONSISTENT		0x14a25e9b0	.data	OK	0x14a25e9a0	.data	OK	0x146a4bca0	.text	OK	0x14857a0d8	.rdata	OK	0x146a4bc10	.text	OK	0x146adbfe0	.text	OK
DumpPersistenceHeapProfilerMessage	731		STRUCTURALLY_CONSISTENT		0x14a25e840	.data	OK	0x14a25e830	.data	OK	0x146a4c1c0	.text	OK	0x14857a410	.rdata	OK	0x146a4c130	.text	OK	0x146ac48b0	.text	OK
RestoreActorsSpatialMessage	863		STRUCTURALLY_CONSISTENT		0x14a25e6d0	.data	OK	0x14a25e6c0	.data	OK	0x146a4ca60	.text	OK	0x14857a740	.rdata	OK	0x146a4c9d0	.text	OK	0x146ad1eb0	.text	OK
QueryActorsMonikerMessage	866		STRUCTURALLY_CONSISTENT		0x14a25e560	.data	OK	0x14a25e550	.data	OK	0x146a4d480	.text	OK	0x14857ab10	.rdata	OK	0x146a4d3f0	.text	OK	0x146acf770	.text	OK
RestoreActorMonikerMessage	488		STRUCTURALLY_CONSISTENT		0x14a25e460	.data	OK	0x14a25e450	.data	OK	0x146a4dca0	.text	OK	0x14857b060	.rdata	OK	0x146a4dc10	.text	OK	0x146ad1c70	.text	OK
RestoreCustomizedDataMessage	867		STRUCTURALLY_CONSISTENT		0x14a25e2e0	.data	OK	0x14a25e2d0	.data	OK	0x146a4e870	.text	OK	0x14857b448	.rdata	OK	0x146a4e7a0	.text	OK	0x146ad20f0	.text	OK
Amazon::IPC::StartRestoringActorsByMonikerMessage	248	javelin_rtti_static	STRUCTURALLY_CONSISTENT		0x14a25e160	.data	OK	0x14a25e150	.data	OK	0x146a4f1b0	.text	OK	0x14857b7f8	.rdata	OK	0x146a4f120	.text	OK	0x1416ffd20	.text	OK
RestoredActorByMonikerMessage	877		STRUCTURALLY_CONSISTENT		0x14a25dff0	.data	OK	0x14a25dfe0	.data	OK	0x146a50010	.text	OK	0x14857bea8	.rdata	OK	0x146a4ff80	.text	OK	0x146ad2330	.text	OK
RestoredCustomizedDataMessage	880		STRUCTURALLY_CONSISTENT		0x14a25de70	.data	OK	0x14a25de60	.data	OK	0x146a50950	.text	OK	0x14857c220	.rdata	OK	0x146a508c0	.text	OK	0x146ad2570	.text	OK
SavedActorMessage	885		STRUCTURALLY_CONSISTENT		0x14a25dcf0	.data	OK	0x14a25dce0	.data	OK	0x146a510b0	.text	OK	0x14857c518	.rdata	OK	0x146a51020	.text	OK	0x146ad4690	.text	OK
SavedCustomizedDataMessage	894		STRUCTURALLY_CONSISTENT		0x14a2663b0	.data	OK	0x14a2663a0	.data	OK	0x146a51dc0	.text	OK	0x14857c980	.rdata	OK	0x146a51d30	.text	OK	0x146ad48c0	.text	OK
SaveActorMessage	490		STRUCTURALLY_CONSISTENT		0x14a266250	.data	OK	0x14a266240	.data	OK	0x146a526f0	.text	OK	0x14857cbf8	.rdata	OK	0x146a52660	.text	OK	0x146ad4000	.text	OK
HighPrioritySaveActorMessage	900		STRUCTURALLY_CONSISTENT		0x14a266150	.data	OK	0x14a266140	.data	OK	0x146a52e20	.text	OK	0x14857d148	.rdata	OK	0x146a52d90	.text	OK	0x146ac5a10	.text	OK
SaveComponentsMessage	903		STRUCTURALLY_CONSISTENT		0x14a266050	.data	OK	0x14a266040	.data	OK	0x146a53760	.text	OK	0x14857d648	.rdata	OK	0x146a536d0	.text	OK	0x146ad4220	.text	OK
HighPrioritySaveComponentsMessage	905		STRUCTURALLY_CONSISTENT		0x14a265f30	.data	OK	0x14a265f20	.data	OK	0x146a53e40	.text	OK	0x14857d9e8	.rdata	OK	0x146a53db0	.text	OK	0x146ac5c50	.text	OK
SaveCustomizedDataMessage	338		STRUCTURALLY_CONSISTENT		0x14a265eb0	.data	OK	0x14a265ea0	.data	OK	0x146a544c0	.text	OK	0x14857dd40	.rdata	OK	0x146a54390	.text	OK	0x146ad4450	.text	OK
HighPrioritySaveCustomizedDataMessage	913		STRUCTURALLY_CONSISTENT		0x14a265e20	.data	OK	0x14a265e10	.data	OK	0x146a55090	.text	OK	0x14857e140	.rdata	OK	0x146a55000	.text	OK	0x146ac5e90	.text	OK
DeleteActorMessage	919		STRUCTURALLY_CONSISTENT		0x14a265da0	.data	OK	0x14a265d90	.data	OK	0x146a55670	.text	OK	0x14857e430	.rdata	OK	0x146a555e0	.text	OK	0x146ac4680	.text	OK
AddActorMessage	121		STRUCTURALLY_CONSISTENT		0x14a265d30	.data	OK	0x14a265d20	.data	OK	0x146a55c80	.text	OK	0x14857e798	.rdata	OK	0x146a55bf0	.text	OK	0x146ac0b20	.text	OK
NotifyActorMigrationCompletedMessage	921		STRUCTURALLY_CONSISTENT		0x14a265ca0	.data	OK	0x14a265c90	.data	OK	0x146a56210	.text	OK	0x14857eac8	.rdata	OK	0x146a56180	.text	OK	0x146acaa70	.text	OK
NotifyHubPersistenceLifecycleEventMessage	922		STRUCTURALLY_CONSISTENT		0x14a265c10	.data	OK	0x14a265c00	.data	OK	0x146a56c40	.text	OK	0x14857eee8	.rdata	OK	0x146a56bb0	.text	OK	0x146acb110	.text	OK
NotifyPersistenceStartupResultMessage	929		STRUCTURALLY_CONSISTENT		0x14a265b80	.data	OK	0x14a265b70	.data	OK	0x146a57d10	.text	OK	0x14857f2d0	.rdata	OK	0x146a57c80	.text	OK	0x146acb590	.text	OK
SetPersistenceWorldIDMessage	104		STRUCTURALLY_CONSISTENT		0x14a265aa0	.data	OK	0x14a265a90	.data	OK	0x146a589b0	.text	OK	0x14857f7b0	.rdata	OK	0x146a58920	.text	OK	0x146ad5c60	.text	OK
RetroactiveFinalSaveMessage	5933		STRUCTURALLY_CONSISTENT		0x14a265970	.data	OK	0x14a265960	.data	OK	0x146a59620	.text	OK	0x14857faa0	.rdata	OK	0x146a59590	.text	OK	0x146ad29d0	.text	OK
PersistenceRestoreTrait	933	javelin_rtti_static	STRUCTURALLY_CONSISTENT		0x14a265890	.data	OK	0x14a265880	.data	OK	0x146a5cb40	.text	OK	0x148581128	.rdata	OK	0x146a5cab0	.text	OK	0x1416ea320	.text	OK
PersistenceRestoreTrait::State	934	javelin_rtti_static	STRUCTURALLY_CONSISTENT		0x14a265790	.data	OK	0x14a265780	.data	OK	0x146a5d240	.text	OK	0x148581368	.rdata	OK	0x146a5d1b0	.text	OK	0x141703920	.text	OK
PersistenceRestoreListenerTrait	25		STRUCTURALLY_CONSISTENT		0x14a265680	.data	OK	0x14a265670	.data	OK	0x146a5d800	.text	OK	0x148581678	.rdata	OK	0x146a5d760	.text	OK	0x146acea30	.text	OK
PersistenceRestoreListenerTrait::State	936		STRUCTURALLY_CONSISTENT		0x14a265580	.data	OK	0x14a265570	.data	OK	0x146a5db50	.text	OK	0x148581d58	.rdata	OK	0x146a5dab0	.text	OK	0x146ad93a0	.text	OK
SpawnRestoredMonikerActorMsg	42		STRUCTURALLY_CONSISTENT		0x14a265470	.data	OK	0x14a265460	.data	OK	0x146a5dd70	.text	OK	0x148581f18	.rdata	OK	0x146a5dce0	.text	OK	0x146ad6730	.text	OK
SpawnRestoredSpatialActorMsg	938		STRUCTURALLY_CONSISTENT		0x14a265370	.data	OK	0x14a265360	.data	OK	0x146a5e4b0	.text	OK	0x1485821c8	.rdata	OK	0x146a5e420	.text	OK	0x146ad6970	.text	OK
OnSpatialRestoreFinishedMsg	939		STRUCTURALLY_CONSISTENT		0x14a265260	.data	OK	0x14a265250	.data	OK	0x146a5eb10	.text	OK	0x1485824f8	.rdata	OK	0x146a5ea80	.text	OK	0x146acd410	.text	OK
RoutingSubActor	951		STRUCTURALLY_CONSISTENT		0x14a264bc0	.data	OK	0x14a264bb0	.data	OK	0x146a3fba0	.text	OK	0x148576e20	.rdata	OK	0x146a3fb10	.text	OK	0x146ad2c10	.text	OK
InitMsg	622		STRUCTURALLY_CONSISTENT		0x14a2649c0	.data	OK	0x14a2649b0	.data	OK	0x146a41a90	.text	OK	0x148577590	.rdata	OK	0x146a41a00	.text	OK	0x146ac8a00	.text	OK
HubConnectionChangedMsg	953		STRUCTURALLY_CONSISTENT		0x14a264880	.data	OK	0x14a264870	.data	OK	0x146a45090	.text	OK	0x1485779d0	.rdata	OK	0x146a44fc0	.text	OK	0x146ac6310	.text	OK
RoutingSubListener	958		STRUCTURALLY_CONSISTENT		0x14a264780	.data	OK	0x14a264770	.data	OK	0x146a45e40	.text	OK	0x148577ca0	.rdata	OK	0x146a45db0	.text	OK	0x146ad2e40	.text	OK
RoutingSubListener::State	22		STRUCTURALLY_CONSISTENT		0x14a264680	.data	OK	0x14a264670	.data	OK	0x146a46440	.text	OK	0x148577df0	.rdata	OK	0x146a463b0	.text	OK	0x146ad9820	.text	OK
OnHubAvailableMsg	485		STRUCTURALLY_CONSISTENT		0x14a264570	.data	OK	0x14a264560	.data	OK	0x146a46940	.text	OK	0x148578028	.rdata	OK	0x146a468b0	.text	OK	0x146acba00	.text	OK
OnHubCrashMsg	965		STRUCTURALLY_CONSISTENT		0x14a264480	.data	OK	0x14a264470	.data	OK	0x146a47240	.text	OK	0x148578498	.rdata	OK	0x146a471b0	.text	OK	0x146acbc30	.text	OK
RoutingTrait	281		STRUCTURALLY_CONSISTENT		0x14a264000	.data	OK	0x14a263ff0	.data	OK	0x146a59940	.text	OK	0x14857fc30	.rdata	OK	0x146a598b0	.text	OK	0x146ad3bb0	.text	OK
RoutingTrait::State	966		STRUCTURALLY_CONSISTENT		0x14a263ed0	.data	OK	0x14a263ec0	.data	OK	0x146a5ab70	.text	OK	0x1485801d0	.rdata	OK	0x146a5aae0	.text	OK	0x146ad9ee0	.text	OK
RequestRecordsMsg	247		STRUCTURALLY_CONSISTENT		0x14a263de0	.data	OK	0x14a263dd0	.data	OK	0x146a5b300	.text	OK	0x148580608	.rdata	OK	0x146a5b270	.text	OK	0x146ad0b30	.text	OK
UpdateRecordsMsg	970		STRUCTURALLY_CONSISTENT		0x14a263ce0	.data	OK	0x14a263cd0	.data	OK	0x146a5bf20	.text	OK	0x148580c50	.rdata	OK	0x146a5bd90	.text	OK	0x146adcb00	.text	OK
ResetRecordMsg	6279		STRUCTURALLY_CONSISTENT		0x14a263bf0	.data	OK	0x14a263be0	.data	OK	0x146a5ca90	.text	OK	0x148581038	.rdata	OK	0x146a5ca00	.text	OK	0x146ad1600	.text	OK
ConfirmRecordRequestMsg	674		STRUCTURALLY_CONSISTENT		0x14a263ae0	.data	OK	0x14a263ad0	.data	OK	0x146a5cef0	.text	OK	0x148581288	.rdata	OK	0x146a5ce60	.text	OK	0x146ac29c0	.text	OK
ConfirmRecordResponseMsg	971		STRUCTURALLY_CONSISTENT		0x14a263a60	.data	OK	0x14a263a50	.data	OK	0x146a5d7f0	.text	OK	0x148581648	.rdata	OK	0x146a5d6d0	.text	OK	0x146ac2c00	.text	OK
ForwardedMessageMsg	974		STRUCTURALLY_CONSISTENT		0x14a2639e0	.data	OK	0x14a2639d0	.data	OK	0x146a5db40	.text	OK	0x148581d08	.rdata	OK	0x146a5da20	.text	OK	0x146ac5150	.text	OK
RegistryMsg	978		STRUCTURALLY_CONSISTENT		0x14a263970	.data	OK	0x14a263960	.data	OK	0x146a5dfd0	.text	OK	0x148581f78	.rdata	OK	0x146a5df00	.text	OK	0x146acfe20	.text	OK
RoutingSubscribeMsg	893		STRUCTURALLY_CONSISTENT		0x14a2638f0	.data	OK	0x14a2638e0	.data	OK	0x146a5e5a0	.text	OK	0x1485821f8	.rdata	OK	0x146a5e510	.text	OK	0x146ad3970	.text	OK
RoutingUnsubscribeMsg	457		STRUCTURALLY_CONSISTENT		0x14a263870	.data	OK	0x14a263860	.data	OK	0x146a5ea60	.text	OK	0x148582480	.rdata	OK	0x146a5e9d0	.text	OK	0x146ad3dd0	.text	OK
ActorQueryMsg	981		STRUCTURALLY_CONSISTENT		0x14a263770	.data	OK	0x14a263760	.data	OK	0x146a5f230	.text	OK	0x148582670	.rdata	OK	0x146a5f190	.text	OK	0x146abfe00	.text	OK
ActorQueryResponseMsg	765		STRUCTURALLY_CONSISTENT		0x14a263610	.data	OK	0x14a263600	.data	OK	0x146a618f0	.text	OK	0x148572690	.rdata	OK	0x146a61860	.text	OK	0x146ac0020	.text	OK
ResubscribeMsg	985		STRUCTURALLY_CONSISTENT		0x14a263530	.data	OK	0x14a263520	.data	OK	0x146a325d0	.text	OK	0x148573110	.rdata	OK	0x146a32540	.text	OK	0x146ad27b0	.text	OK
DebugStartActorQuerySeqMsg	6213		STRUCTURALLY_CONSISTENT		0x14a263430	.data	OK	0x14a263420	.data	OK	0x146a32ce0	.text	OK	0x148573c88	.rdata	OK	0x146a32c40	.text	OK	0x146ac4210	.text	OK
ScaleTestTrait	380		STRUCTURALLY_CONSISTENT		0x14a262f80	.data	OK	0x14a262f70	.data	OK	0x146a46620	.text	OK	0x148577f18	.rdata	OK	0x146a46590	.text	OK	0x146ad53b0	.text	OK
ScaleTestTrait::State	990		STRUCTURALLY_CONSISTENT		0x14a262e70	.data	OK	0x14a262e60	.data	OK	0x146a46f70	.text	OK	0x1485783d8	.rdata	OK	0x146a46ee0	.text	OK	0x146ada5a0	.text	OK
ScaleTestManager	992		STRUCTURALLY_CONSISTENT		0x14a262d90	.data	OK	0x14a262d80	.data	OK	0x146a47c20	.text	OK	0x148578758	.rdata	OK	0x146a47b90	.text	OK	0x146ad4d20	.text	OK
ScaleTestManager::State	994		STRUCTURALLY_CONSISTENT		0x14a262c20	.data	OK	0x14a262c10	.data	OK	0x146a48a70	.text	OK	0x148578dc8	.rdata	OK	0x146a489e0	.text	OK	0x146ada120	.text	OK
ScaleTestManagerStatusTrait	996		STRUCTURALLY_CONSISTENT		0x14a262aa0	.data	OK	0x14a262a90	.data	OK	0x146a49a00	.text	OK	0x1485791e0	.rdata	OK	0x146a49970	.text	OK	0x146ad5170	.text	OK
ScaleTestManagerStatusTrait::State	1002		STRUCTURALLY_CONSISTENT		0x14a262980	.data	OK	0x14a262970	.data	OK	0x146a4a5f0	.text	OK	0x1485798c8	.rdata	OK	0x146a4a520	.text	OK	0x146ada360	.text	OK
PingMsg	1008		STRUCTURALLY_CONSISTENT		0x14a262890	.data	OK	0x14a262880	.data	OK	0x146a4b660	.text	OK	0x148579c48	.rdata	OK	0x146a4b5d0	.text	OK	0x146aceec0	.text	OK
PokeMsg	1009		STRUCTURALLY_CONSISTENT		0x14a262790	.data	OK	0x14a262780	.data	OK	0x146a4bf60	.text	OK	0x14857a238	.rdata	OK	0x146a4bed0	.text	OK	0x146acf0e0	.text	OK
ConfigurablePayloadMsg	1011		STRUCTURALLY_CONSISTENT		0x14a262680	.data	OK	0x14a262670	.data	OK	0x146a4c570	.text	OK	0x14857a578	.rdata	OK	0x146a4c4e0	.text	OK	0x146ac2560	.text	OK
StartTestMsg	1014		STRUCTURALLY_CONSISTENT		0x14a262590	.data	OK	0x14a262580	.data	OK	0x146a4ccd0	.text	OK	0x14857a7d0	.rdata	OK	0x146a4cc40	.text	OK	0x146ad7250	.text	OK
EndTestMsg	857		STRUCTURALLY_CONSISTENT		0x14a262490	.data	OK	0x14a262480	.data	OK	0x146a4d5d0	.text	OK	0x14857ad28	.rdata	OK	0x146a4d510	.text	OK	0x146ac4af0	.text	OK
SetTargetsMsg	780		STRUCTURALLY_CONSISTENT		0x14a262390	.data	OK	0x14a262380	.data	OK	0x146a4e000	.text	OK	0x14857b170	.rdata	OK	0x146a4df70	.text	OK	0x146ad5ea0	.text	OK
SpawnActorsMsg	574		STRUCTURALLY_CONSISTENT		0x14a262280	.data	OK	0x14a262270	.data	OK	0x146a4ea10	.text	OK	0x14857b508	.rdata	OK	0x146a4e980	.text	OK	0x146ad6510	.text	OK
ConfigureTestActorsMsg	216		STRUCTURALLY_CONSISTENT		0x14a262120	.data	OK	0x14a262110	.data	OK	0x146a4f3a0	.text	OK	0x14857bb80	.rdata	OK	0x146a4f310	.text	OK	0x146ac2790	.text	OK
ReceiveManagerConfigurationMsg	886		STRUCTURALLY_CONSISTENT		0x14a262010	.data	OK	0x14a262000	.data	OK	0x146a50370	.text	OK	0x14857bf50	.rdata	OK	0x146a502e0	.text	OK	0x146acfbe0	.text	OK
GoodbyeMsg	668		STRUCTURALLY_CONSISTENT		0x14a261f10	.data	OK	0x14a261f00	.data	OK	0x146a50ca0	.text	OK	0x14857c308	.rdata	OK	0x146a50c00	.text	OK	0x146ac57f0	.text	OK
ResetMsg	1018		STRUCTURALLY_CONSISTENT		0x14a261e00	.data	OK	0x14a261df0	.data	OK	0x146a519a0	.text	OK	0x14857c6b0	.rdata	OK	0x146a51910	.text	OK	0x146ad13f0	.text	OK
ClearRegistryMsg	1022		STRUCTURALLY_CONSISTENT		0x14a261ce0	.data	OK	0x14a261cd0	.data	OK	0x146a52060	.text	OK	0x14857ca28	.rdata	OK	0x146a51fd0	.text	OK	0x146ac1600	.text	OK
ClearRemoteRegistryMsg	526		STRUCTURALLY_CONSISTENT		0x14a261c50	.data	OK	0x14a261c40	.data	OK	0x146a52910	.text	OK	0x14857cc98	.rdata	OK	0x146a52880	.text	OK	0x146ac1820	.text	OK
OnPeerChangedMsg	767		STRUCTURALLY_CONSISTENT		0x14a261b50	.data	OK	0x14a261b40	.data	OK	0x146a53410	.text	OK	0x14857d2d8	.rdata	OK	0x146a53380	.text	OK	0x146accfd0	.text	OK
LoadConfigurationMsg	600		STRUCTURALLY_CONSISTENT		0x14a261ac0	.data	OK	0x14a261ab0	.data	OK	0x146a53a60	.text	OK	0x14857d760	.rdata	OK	0x146a539d0	.text	OK	0x146ac9910	.text	OK
ScaleTestActor	435		STRUCTURALLY_CONSISTENT		0x14a2619e0	.data	OK	0x14a2619d0	.data	OK	0x146a54020	.text	OK	0x14857db38	.rdata	OK	0x146a53f90	.text	OK	0x146ad4b00	.text	OK
InitMsg	1026		STRUCTURALLY_CONSISTENT		0x14a2618e0	.data	OK	0x14a2618d0	.data	OK	0x146a553c0	.text	OK	0x14857e350	.rdata	OK	0x146a55330	.text	OK	0x146ac9060	.text	OK
ScaleTestManagerActor	619		STRUCTURALLY_CONSISTENT		0x14a261860	.data	OK	0x14a261850	.data	OK	0x146a55bd0	.text	OK	0x14857e768	.rdata	OK	0x146a55b40	.text	OK	0x146ad4f40	.text	OK
InitMsg	924		STRUCTURALLY_CONSISTENT		0x14a261680	.data	OK	0x14a261670	.data	OK	0x146a56f90	.text	OK	0x14857ef40	.rdata	OK	0x146a56f00	.text	OK	0x146ac9280	.text	OK
RoutingSubTestTrait	1005		STRUCTURALLY_CONSISTENT		0x14a2605a0	.data	OK	0x14a260590	.data	OK	0x146a41b30	.text	OK	0x1485775c0	.rdata	OK	0x146a41aa0	.text	OK	0x146ad3730	.text	OK
RoutingSubTestTrait::State	2214		STRUCTURALLY_CONSISTENT		0x14a260490	.data	OK	0x14a260480	.data	OK	0x146a45130	.text	OK	0x148577a00	.rdata	OK	0x146a450a0	.text	OK	0x146ad9ca0	.text	OK
OnSubRoutingChangedMsg	2216		STRUCTURALLY_CONSISTENT		0x14a260370	.data	OK	0x14a260360	.data	OK	0x146a45d90	.text	OK	0x148577c70	.rdata	OK	0x146a45d00	.text	OK	0x146acd880	.text	OK
TestStepTimeoutMsg	2220		STRUCTURALLY_CONSISTENT		0x14a260250	.data	OK	0x14a260240	.data	OK	0x146a46300	.text	OK	0x148577dc0	.rdata	OK	0x146a46270	.text	OK	0x146adb720	.text	OK
RoutingSubTestActor	2221		STRUCTURALLY_CONSISTENT		0x14a260140	.data	OK	0x14a260130	.data	OK	0x146a467b0	.text	OK	0x148577fc8	.rdata	OK	0x146a46720	.text	OK	0x146ad3070	.text	OK
InitMsg	2226		STRUCTURALLY_CONSISTENT		0x14a25ff40	.data	OK	0x14a25ff30	.data	OK	0x146a483d0	.text	OK	0x148578b10	.rdata	OK	0x146a48340	.text	OK	0x146ac8c20	.text	OK
TargetInitMsg	947		STRUCTURALLY_CONSISTENT		0x14a25fde0	.data	OK	0x14a25fdd0	.data	OK	0x146a49780	.text	OK	0x148579158	.rdata	OK	0x146a496f0	.text	OK	0x146adb500	.text	OK
RoutingSubTestCoordinatorTrait	837		STRUCTURALLY_CONSISTENT		0x14a25fd60	.data	OK	0x14a25fd50	.data	OK	0x146a4a1d0	.text	OK	0x148579720	.rdata	OK	0x146a4a140	.text	OK	0x146ad34f0	.text	OK
RoutingSubTestCoordinatorTrait::State	1942		STRUCTURALLY_CONSISTENT		0x14a25fc80	.data	OK	0x14a25fc70	.data	OK	0x146a4b3e0	.text	OK	0x148579b80	.rdata	OK	0x146a4b270	.text	OK	0x146ad9a60	.text	OK
AdvanceTestMsg	2227		STRUCTURALLY_CONSISTENT		0x14a25fbf0	.data	OK	0x14a25fbe0	.data	OK	0x146a4bdd0	.text	OK	0x14857a198	.rdata	OK	0x146a4bd40	.text	OK	0x146ac0f80	.text	OK
ContinueLifecycleStartupMsg	1284		STRUCTURALLY_CONSISTENT		0x14a25fb50	.data	OK	0x14a25fb40	.data	OK	0x146a4c610	.text	OK	0x14857a5a8	.rdata	OK	0x146a4c580	.text	OK	0x146ac2e30	.text	OK
OnActorMigratedMsg	2228		STRUCTURALLY_CONSISTENT		0x14a25fa30	.data	OK	0x14a25fa20	.data	OK	0x146a4cd70	.text	OK	0x14857a800	.rdata	OK	0x146a4cce0	.text	OK	0x146acb7d0	.text	OK
OnListenerSubscribedMsg	2231		STRUCTURALLY_CONSISTENT		0x14a25f910	.data	OK	0x14a25f900	.data	OK	0x146a4d680	.text	OK	0x14857ad88	.rdata	OK	0x146a4d5e0	.text	OK	0x146acc2c0	.text	OK
OnTargetCrashedMsg	2233		STRUCTURALLY_CONSISTENT		0x14a25f7f0	.data	OK	0x14a25f7e0	.data	OK	0x146a4e0b0	.text	OK	0x14857b1a0	.rdata	OK	0x146a4e010	.text	OK	0x146acdab0	.text	OK
OnTargetSpawnedMsg	2237		STRUCTURALLY_CONSISTENT		0x14a25f6d0	.data	OK	0x14a25f6c0	.data	OK	0x146a4eac0	.text	OK	0x14857b538	.rdata	OK	0x146a4ea20	.text	OK	0x146acdce0	.text	OK
RequestCrashMsg	2239		STRUCTURALLY_CONSISTENT		0x14a25f5b0	.data	OK	0x14a25f5a0	.data	OK	0x146a4f440	.text	OK	0x14857bbb0	.rdata	OK	0x146a4f3b0	.text	OK	0x146ad0900	.text	OK
RequestShutdownTargetMsg	2240		STRUCTURALLY_CONSISTENT		0x14a25f480	.data	OK	0x14a25f470	.data	OK	0x146a50410	.text	OK	0x14857bfd8	.rdata	OK	0x146a50380	.text	OK	0x146ad0d60	.text	OK
RequestSpawnTargetMsg	2241		STRUCTURALLY_CONSISTENT		0x14a25f390	.data	OK	0x14a25f380	.data	OK	0x146a50b40	.text	OK	0x14857c2d8	.rdata	OK	0x146a50ab0	.text	OK	0x146ad0f90	.text	OK
StartTestMsg	2243		STRUCTURALLY_CONSISTENT		0x14a25f300	.data	OK	0x14a25f2f0	.data	OK	0x146a518f0	.text	OK	0x14857c680	.rdata	OK	0x146a51860	.text	OK	0x146ad7030	.text	OK
OnPeerChangedMsg	2245		STRUCTURALLY_CONSISTENT		0x14a25f270	.data	OK	0x14a25f260	.data	OK	0x146a51ef0	.text	OK	0x14857c9f8	.rdata	OK	0x146a51e60	.text	OK	0x146accdb0	.text	OK
RoutingSubTestCoordinatorActor	2246		STRUCTURALLY_CONSISTENT		0x14a25f1f0	.data	OK	0x14a25f1e0	.data	OK	0x146a52850	.text	OK	0x14857cc68	.rdata	OK	0x146a527c0	.text	OK	0x146ad32b0	.text	OK
InitMsg	2251		STRUCTURALLY_CONSISTENT		0x14a25f0d0	.data	OK	0x14a25f0c0	.data	OK	0x146a53d20	.text	OK	0x14857d8f8	.rdata	OK	0x146a53c90	.text	OK	0x146ac8e40	.text	OK
