registration_call	registration_function	registration_function_end	provider_candidate	provider_status	uuid	catalog_name	catalog_type_idx	type_idx_evidence	catalog_getter_va	catalog_relation	pre_registration_call_count	pre_registration_calls
0x1407C0C46	0x1407C0C00	0x1407C0C8D	0x1407F1EF0	PROVIDER_UUID_CORRELATED	B40AE287-A16F-48C6-B43F-246CD34CE105	ReceiveConfigOverridesKeyValuePairsMsg	226	COMMUNITY_REPORTED	0x1407F1EF0	CATALOG_GETTER_MATCH	2	0x1407C0C0A->0x146162150;0x1407C0C12->0x1407F1EF0
0x1407C1106	0x1407C10C0	0x1407C114D	0x1407F1870	PROVIDER_UUID_CORRELATED	532E765A-3393-4A50-9010-B73C627512B2	REPClient	236	COMMUNITY_REPORTED	0x1407F1870	CATALOG_GETTER_MATCH	2	0x1407C10CA->0x146162150;0x1407C10D2->0x1407F1870
0x1407C1326	0x1407C12E0	0x1407C136D	0x1407F5F50	PROVIDER_UUID_CORRELATED	91A9CF78-0214-461B-8471-1B0E96224DA9	REPClient::State	157	COMMUNITY_REPORTED		CATALOG_NO_GETTER	2	0x1407C12EA->0x146162150;0x1407C12F2->0x1407F5F50
0x1407C1936	0x1407C18F0	0x1407C197D	0x1407ED930	PROVIDER_UUID_CORRELATED	D40CAEE9-8FC2-4D2D-9111-E7BB96830D98	EasyAntiCheatTrait	234	COMMUNITY_REPORTED	0x1407ED930	CATALOG_GETTER_MATCH	2	0x1407C18FA->0x146162150;0x1407C1902->0x1407ED930
0x1407C19E6	0x1407C19A0	0x1407C1A2D	0x1407F6A30	PROVIDER_UUID_CORRELATED	038CD847-0653-4243-9A26-936E3BD7F312	TimeSynchMsg	335	COMMUNITY_REPORTED	0x1407F6A30	CATALOG_GETTER_MATCH	2	0x1407C19AA->0x146162150;0x1407C19B2->0x1407F6A30
0x1407C1E86	0x1407C1E40	0x1407C1ECD	0x1407F5210	PROVIDER_UUID_CORRELATED	FFB56389-1B2F-48B8-8708-5DF521ECCF6C	EasyAntiCheatTrait::State	239	COMMUNITY_REPORTED	0x1407F5210	CATALOG_GETTER_MATCH	2	0x1407C1E4A->0x146162150;0x1407C1E52->0x1407F5210
0x1407C22B6	0x1407C2270	0x1407C22FD	0x1407F2E80	PROVIDER_UUID_CORRELATED	104145A7-FF95-44F1-9468-21FB41C8AC2B	RegistrationResponseMsg	3	COMMUNITY_REPORTED	0x1407F2E80	CATALOG_GETTER_MATCH	2	0x1407C227A->0x146162150;0x1407C2282->0x1407F2E80
0x1407C2446	0x1407C2400	0x1407C248D	0x1407F7940	PROVIDER_UUID_CORRELATED	1619D3B8-8B45-46AA-B95E-A414DFEBC931	UpdateMsg	106	COMMUNITY_REPORTED	0x1407F7940	CATALOG_GETTER_MATCH	2	0x1407C240A->0x146162150;0x1407C2412->0x1407F7940
0x1407C2856	0x1407C2810	0x1407C289D	0x1407F0940	PROVIDER_UUID_CORRELATED	6A379FB8-0BDD-43A1-AB3E-9843D7BE8CD3	PingMsg	349	COMMUNITY_REPORTED	0x1407F0940	CATALOG_GETTER_MATCH	2	0x1407C281A->0x146162150;0x1407C2822->0x1407F0940
0x1407C3166	0x1407C3120	0x1407C31AD	0x1407F27F0	PROVIDER_UUID_CORRELATED	8673A3CC-2848-4C87-AA72-CC860589D1B5	RegistrationRequestMsg	1	COMMUNITY_REPORTED	0x1407F27F0	CATALOG_GETTER_MATCH	2	0x1407C312A->0x146162150;0x1407C3132->0x1407F27F0
0x1407C3A26	0x1407C39E0	0x1407C3A6D	0x1407F2A20	PROVIDER_UUID_CORRELATED	DA4E5889-A65C-4480-8642-0278160125A7	RegistrationRequestV2Msg	2	COMMUNITY_REPORTED	0x1407F2A20	CATALOG_GETTER_MATCH	2	0x1407C39EA->0x146162150;0x1407C39F2->0x1407F2A20
0x1407C3AC6	0x1407C3A80	0x1407C3B0D	0x1407ED700	PROVIDER_UUID_CORRELATED	15380C34-6DC5-41C3-A0EF-1CF209E9F422	EasyAntiCheatClientTrait	58	COMMUNITY_REPORTED	0x1407ED700	CATALOG_GETTER_MATCH	2	0x1407C3A8A->0x146162150;0x1407C3A92->0x1407ED700
0x1407C3D56	0x1407C3D10	0x1407C3D9D	0x1407F4FC0	PROVIDER_UUID_CORRELATED	8798A2D8-0030-4468-8047-17F5ED42A0BE	EasyAntiCheatClientTrait::State	46	COMMUNITY_REPORTED	0x1407F4FC0	CATALOG_GETTER_MATCH	2	0x1407C3D1A->0x146162150;0x1407C3D22->0x1407F4FC0
0x1407C3E66	0x1407C3E20	0x1407C3EAD	0x1407F2C50	PROVIDER_UUID_CORRELATED	0B826B33-89F5-49E0-B8CB-FE4433427778	RegistrationRequestV3Msg	19	COMMUNITY_REPORTED	0x1407F2C50	CATALOG_GETTER_MATCH	2	0x1407C3E2A->0x146162150;0x1407C3E32->0x1407F2C50
0x1407C4156	0x1407C4110	0x1407C419D	0x1407F7720	PROVIDER_UUID_CORRELATED	12E2D82A-E082-4A4F-94C9-CBD0F77FD5D3	UpdateMsg	249	COMMUNITY_REPORTED		CATALOG_NO_GETTER	2	0x1407C411A->0x146162150;0x1407C4122->0x1407F7720
0x1407C5096	0x1407C5050	0x1407C50DD	0x1407F1A90	PROVIDER_UUID_CORRELATED	A6A973DA-6172-45AA-9923-AD3B78A2CCD5	REPConnectionListener	362	COMMUNITY_REPORTED	0x1407F1A90	CATALOG_GETTER_MATCH	2	0x1407C505A->0x146162150;0x1407C5062->0x1407F1A90
0x1407C5146	0x1407C5100	0x1407C518D	0x1407ED4D0	PROVIDER_UUID_CORRELATED	75161B68-58B5-4C8D-9854-4A3971EADCF6	EOSAntiCheatTrait	6481	COMMUNITY_REPORTED	0x1407ED4D0	CATALOG_GETTER_MATCH	2	0x1407C510A->0x146162150;0x1407C5112->0x1407ED4D0
0x1407C5276	0x1407C5230	0x1407C52BD	0x1407F6170	PROVIDER_UUID_CORRELATED	46A48A75-D305-4275-B7A6-6DA887F5BC41	REPConnectionListener::State	368	COMMUNITY_REPORTED	0x1407F6170	CATALOG_GETTER_MATCH	2	0x1407C523A->0x146162150;0x1407C5242->0x1407F6170
0x1407C5406	0x1407C53C0	0x1407C544D	0x1407F4D90	PROVIDER_UUID_CORRELATED	CAC8EFD4-BA8B-4858-A7B7-E25E814B1B73	EOSAntiCheatTrait::State	6482	COMMUNITY_REPORTED	0x1407F4D90	CATALOG_GETTER_MATCH	2	0x1407C53CA->0x146162150;0x1407C53D2->0x1407F4D90
0x1407C5526	0x1407C54E0	0x1407C556D	0x1407EC310	PROVIDER_UUID_CORRELATED	C4F1E7B5-D502-49F4-AC71-27928C9D25C5	ClientConnectionMsg	374	COMMUNITY_REPORTED	0x1407EC310	CATALOG_GETTER_MATCH	2	0x1407C54EA->0x146162150;0x1407C54F2->0x1407EC310
0x1407C5616	0x1407C55D0	0x1407C565D	0x1407F7500	PROVIDER_UUID_CORRELATED	1378B36E-837D-4361-AB25-6B6BFBB82630	UpdateMsg	6483	COMMUNITY_REPORTED		CATALOG_NO_GETTER	2	0x1407C55DA->0x146162150;0x1407C55E2->0x1407F7500
0x1407C5866	0x1407C5820	0x1407C58AD	0x1407EC550	PROVIDER_UUID_CORRELATED	CABD72FF-CCA0-4C8A-804E-C585B386DCFE	ClientDisconnectionMsg	376	COMMUNITY_REPORTED	0x1407EC550	CATALOG_GETTER_MATCH	2	0x1407C582A->0x146162150;0x1407C5832->0x1407EC550
0x1407C59A6	0x1407C5960	0x1407C59ED	0x1407EC0F0	PROVIDER_UUID_CORRELATED	1DF83613-5012-4A79-8C63-E35962B01EE4	ClientAliveMsg	6885	COMMUNITY_REPORTED	0x1407EC0F0	CATALOG_GETTER_MATCH	2	0x1407C596A->0x146162150;0x1407C5972->0x1407EC0F0
0x1407C64B6	0x1407C6470	0x1407C64FD	0x1407EB3C0	PROVIDER_UUID_CORRELATED	779552A0-33F1-42F1-B4BC-05CB1730AED2	ASC_RegisterAllFragmentsAccess	306	COMMUNITY_REPORTED	0x1407EB3C0	CATALOG_GETTER_MATCH	2	0x1407C647A->0x146162150;0x1407C6482->0x1407EB3C0
0x1407C6846	0x1407C6800	0x1407C688D	0x1407ED290	PROVIDER_UUID_CORRELATED	39B638EA-2988-42AD-AA21-F1D8193F71DC	EOSAntiCheatClientTrait	6467	COMMUNITY_REPORTED	0x1407ED290	CATALOG_GETTER_MATCH	2	0x1407C680A->0x146162150;0x1407C6812->0x1407ED290
0x1407C6B96	0x1407C6B50	0x1407C6BDD	0x1407EB600	PROVIDER_UUID_CORRELATED	FC1AC709-50EC-473E-899F-3D76275CCA51	ASC_UnregisterAllFragmentsAccess	389	COMMUNITY_REPORTED	0x1407EB600	CATALOG_GETTER_MATCH	2	0x1407C6B5A->0x146162150;0x1407C6B62->0x1407EB600
0x1407C6C46	0x1407C6C00	0x1407C6C8D	0x1407F4B50	PROVIDER_UUID_CORRELATED	C30290D4-3E22-43F7-A067-ECC54E401F0B	EOSAntiCheatClientTrait::State	6479	COMMUNITY_REPORTED	0x1407F4B50	CATALOG_GETTER_MATCH	2	0x1407C6C0A->0x146162150;0x1407C6C12->0x1407F4B50
0x1407C6CF6	0x1407C6CB0	0x1407C6D3D	0x1407EBC90	PROVIDER_UUID_CORRELATED	5BDFE46E-DF14-44BF-BA69-9354BD8746CE	ClientActorRoutingAuthorizationTrait	112	COMMUNITY_REPORTED	0x1407EBC90	CATALOG_GETTER_MATCH	2	0x1407C6CBA->0x146162150;0x1407C6CC2->0x1407EBC90
0x1407C70C6	0x1407C7080	0x1407C710D	0x1407F3500	PROVIDER_UUID_CORRELATED	FF1EC011-3D18-4F09-A0AC-3FB27B313984	Replicate	391	COMMUNITY_REPORTED	0x1407F3500	CATALOG_GETTER_MATCH	2	0x1407C708A->0x146162150;0x1407C7092->0x1407F3500
0x1407C7176	0x1407C7130	0x1407C71BD	0x1407F72E0	PROVIDER_UUID_CORRELATED	45CCE5C7-83F6-4640-AD7F-2B169A461C3D	UpdateMsg	6484	COMMUNITY_REPORTED		CATALOG_NO_GETTER	2	0x1407C713A->0x146162150;0x1407C7142->0x1407F72E0
0x1407C7316	0x1407C72D0	0x1407C735D	0x1407F3FF0	PROVIDER_UUID_CORRELATED	DC837D98-E3EB-47DD-AEA6-34CADB51EA73	ClientActorRoutingAuthorizationTrait::State	127	COMMUNITY_REPORTED	0x1407F3FF0	CATALOG_GETTER_MATCH	2	0x1407C72DA->0x146162150;0x1407C72E2->0x1407F3FF0
0x1407C75F6	0x1407C75B0	0x1407C763D	0x1407F65E0	PROVIDER_UUID_CORRELATED	D3D3E94E-2966-4F14-8FFA-DD3B61161D5C	Replicate::State	394	COMMUNITY_REPORTED	0x1407F65E0	CATALOG_GETTER_MATCH	2	0x1407C75BA->0x146162150;0x1407C75C2->0x1407F65E0
0x1407C76E6	0x1407C76A0	0x1407C772D	0x1407EB830	PROVIDER_UUID_CORRELATED	04C84157-B7AA-4912-8D81-FAE46F93EC92	AddEntryMsg	149	COMMUNITY_REPORTED	0x1407EB830	CATALOG_GETTER_MATCH	2	0x1407C76AA->0x146162150;0x1407C76B2->0x1407EB830
0x1407C78D6	0x1407C7890	0x1407C791D	0x1407F25B0	PROVIDER_UUID_CORRELATED	96A58E69-7BD5-45C5-86E4-DAF9F5EB1E86	RegisterFragmentAccessMsg	397	COMMUNITY_REPORTED	0x1407F25B0	CATALOG_GETTER_MATCH	2	0x1407C789A->0x146162150;0x1407C78A2->0x1407F25B0
0x1407C7986	0x1407C7940	0x1407C79CD	0x1407EBA50	PROVIDER_UUID_CORRELATED	D31BD585-43A3-4152-9ED0-A77A278A8456	BaseGameChatMessage	257	COMMUNITY_REPORTED		CATALOG_NO_GETTER	2	0x1407C794A->0x146162150;0x1407C7952->0x1407EBA50
0x1407C7A36	0x1407C79F0	0x1407C7A7D	0x1407F32E0	PROVIDER_UUID_CORRELATED	3988C9EB-8BA6-4C68-AD63-C75475BDE6E2	RemoveEntryMsg	159	COMMUNITY_REPORTED	0x1407F32E0	CATALOG_GETTER_MATCH	2	0x1407C79FA->0x146162150;0x1407C7A02->0x1407F32E0
0x1407C7AE6	0x1407C7AA0	0x1407C7B2D	0x1407F6E70	PROVIDER_UUID_CORRELATED	2B7640E0-4204-4E52-998A-C2DB02E0A480	UnregisterFragmentAccessMsg	399	COMMUNITY_REPORTED	0x1407F6E70	CATALOG_GETTER_MATCH	2	0x1407C7AAA->0x146162150;0x1407C7AB2->0x1407F6E70
0x1407C7D56	0x1407C7D10	0x1407C7D9D	0x1407EBEC0	PROVIDER_UUID_CORRELATED	E3578B38-69AD-4C13-A7DD-3FFF752D98AA	ClientAddEntryMsg	164	COMMUNITY_REPORTED	0x1407EBEC0	CATALOG_GETTER_MATCH	2	0x1407C7D1A->0x146162150;0x1407C7D22->0x1407EBEC0
0x1407C7E66	0x1407C7E20	0x1407C7EAD	0x1407F0290	PROVIDER_UUID_CORRELATED	FFC1F608-D006-460B-B6AF-510716DB9AFF	LocalizedSystemChatMessage	150	COMMUNITY_REPORTED		CATALOG_NO_GETTER	2	0x1407C7E2A->0x146162150;0x1407C7E32->0x1407F0290
0x1407C7F56	0x1407C7F10	0x1407C7F9D	0x1407F70B0	PROVIDER_UUID_CORRELATED	B5733A42-3CC9-442E-B6C7-D83AF26DBBB4	UnregisterProxyMsg	401	COMMUNITY_REPORTED	0x1407F70B0	CATALOG_GETTER_MATCH	2	0x1407C7F1A->0x146162150;0x1407C7F22->0x1407F70B0
0x1407C81F6	0x1407C81B0	0x1407C823D	0x1407EC780	PROVIDER_UUID_CORRELATED	3C70B3A4-F1C9-4206-9C3B-2E8D132C95C4	ClientRemoveEntryMsg	168	COMMUNITY_REPORTED	0x1407EC780	CATALOG_GETTER_MATCH	2	0x1407C81BA->0x146162150;0x1407C81C2->0x1407EC780
0x1407C82A6	0x1407C8260	0x1407C82ED	0x1407EEED0	PROVIDER_UUID_CORRELATED	088CAA4E-5FCF-4965-A64C-8C1A3272B1E7	GameChatMessage	197	COMMUNITY_REPORTED		CATALOG_NO_GETTER	2	0x1407C826A->0x146162150;0x1407C8272->0x1407EEED0
0x1407C86B6	0x1407C8670	0x1407C86FD	0x1407F04D0	PROVIDER_UUID_CORRELATED	EC647FBE-E799-4B67-85EC-A35EF4F6438F	NotifyClientMessageMetadataMsg	5035	COMMUNITY_REPORTED	0x1407F04D0	CATALOG_GETTER_MATCH	2	0x1407C867A->0x146162150;0x1407C8682->0x1407F04D0
0x1407C8B56	0x1407C8B10	0x1407C8B9D	0x1407F3720	PROVIDER_UUID_CORRELATED	6BB22EA1-FEB6-4F4B-81AB-79372B9F1F3D	ReplicateClient	407	COMMUNITY_REPORTED	0x1407F3720	CATALOG_GETTER_MATCH	2	0x1407C8B1A->0x146162150;0x1407C8B22->0x1407F3720
0x1407C8DA6	0x1407C8D60	0x1407C8DED	0x1407F6800	PROVIDER_UUID_CORRELATED	44E6EEEA-541F-4534-A540-A5A08F377907	ReplicateClient::State	409	COMMUNITY_REPORTED	0x1407F6800	CATALOG_GETTER_MATCH	2	0x1407C8D6A->0x146162150;0x1407C8D72->0x1407F6800
0x1407C9326	0x1407C92E0	0x1407C936D	0x1407EECA0	PROVIDER_UUID_CORRELATED	951EF3ED-C9A0-4E3D-A6FD-7FE0673D28D2	FragmentUpdateMsg	422	COMMUNITY_REPORTED	0x1407EECA0	CATALOG_GETTER_MATCH	2	0x1407C92EA->0x146162150;0x1407C92F2->0x1407EECA0
0x1407C9956	0x1407C9910	0x1407C999D	0x1407ECE30	PROVIDER_UUID_CORRELATED	85C7E01E-55DE-4A6E-AFC5-80FA9A8AD260	CrossWorldReconnectNotifierTrait	5867	COMMUNITY_REPORTED		CATALOG_NO_GETTER	2	0x1407C991A->0x146162150;0x1407C9922->0x1407ECE30
0x1407C9A06	0x1407C99C0	0x1407C9A4D	0x1407F0060	PROVIDER_UUID_CORRELATED	2DD88651-1BA6-4D05-8887-06E7C6B7BBED	KickClientTrait	130	COMMUNITY_REPORTED	0x1407F0060	CATALOG_GETTER_MATCH	2	0x1407C99CA->0x146162150;0x1407C99D2->0x1407F0060
0x1407C9AB6	0x1407C9A70	0x1407C9AFD	0x1407F46B0	PROVIDER_UUID_CORRELATED	315D112A-DCB9-46F4-B9DB-A41F9A255038	CrossWorldReconnectNotifierTrait::State	5866	COMMUNITY_REPORTED		CATALOG_NO_GETTER	2	0x1407C9A7A->0x146162150;0x1407C9A82->0x1407F46B0
0x1407C9B66	0x1407C9B20	0x1407C9BAD	0x1407F5680	PROVIDER_UUID_CORRELATED	788AE8AF-74EA-40D8-8F36-50FF618BBAEC	KickClientTrait::State	259	COMMUNITY_REPORTED	0x1407F5680	CATALOG_GETTER_MATCH	2	0x1407C9B2A->0x146162150;0x1407C9B32->0x1407F5680
0x1407C9CB6	0x1407C9C70	0x1407C9CFD	0x1407F0710	PROVIDER_UUID_CORRELATED	3436D1EE-39CE-4BBD-A96D-0C5EFE1918E9	OnCrossWorldReconnectStatusUpdateMsg	5865	COMMUNITY_REPORTED		CATALOG_NO_GETTER	2	0x1407C9C7A->0x146162150;0x1407C9C82->0x1407F0710
0x1407C9DD6	0x1407C9D90	0x1407C9E1D	0x1407EFE40	PROVIDER_UUID_CORRELATED	4A0A26F6-F24E-4239-A771-7BA1F135C6FD	KickClientMsg	271	COMMUNITY_REPORTED	0x1407EFE40	CATALOG_GETTER_MATCH	2	0x1407C9D9A->0x146162150;0x1407C9DA2->0x1407EFE40
0x1407CA2E6	0x1407CA2A0	0x1407CA32D	0x1407F7B60	PROVIDER_UUID_CORRELATED	C5FC310D-26E9-4E9E-A083-3695C0A86B01	WarnClientMsg	280	COMMUNITY_REPORTED	0x1407F7B60	CATALOG_GETTER_MATCH	2	0x1407CA2AA->0x146162150;0x1407CA2B2->0x1407F7B60
0x1407CA526	0x1407CA4E0	0x1407CA56D	0x1407EFC10	PROVIDER_UUID_CORRELATED	8A5E870C-878B-4190-A41D-9503EBF2276E	KickClientFromRepMsg	254	COMMUNITY_REPORTED	0x1407EFC10	CATALOG_GETTER_MATCH	2	0x1407CA4EA->0x146162150;0x1407CA4F2->0x1407EFC10
0x1407CA716	0x1407CA6D0	0x1407CA75D	0x1407ED060	PROVIDER_UUID_CORRELATED	B704037C-7737-431C-B505-BFD6A574469D	CrossWorldReconnectTrait	5622	COMMUNITY_REPORTED		CATALOG_NO_GETTER	2	0x1407CA6DA->0x146162150;0x1407CA6E2->0x1407ED060
0x1407CA906	0x1407CA8C0	0x1407CA94D	0x1407F4900	PROVIDER_UUID_CORRELATED	44FADC2B-E178-46B1-9E5F-2848C5044688	CrossWorldReconnectTrait::State	5623	COMMUNITY_REPORTED		CATALOG_NO_GETTER	2	0x1407CA8CA->0x146162150;0x1407CA8D2->0x1407F4900
0x1407CAC06	0x1407CABC0	0x1407CAC4D	0x1407EF330	PROVIDER_UUID_CORRELATED	F9F85561-F9A1-43C9-B3CD-E714CBC80124	InitiateReconnectCrossWorldMsg	5624	COMMUNITY_REPORTED		CATALOG_NO_GETTER	2	0x1407CABCA->0x146162150;0x1407CABD2->0x1407EF330
0x1407CB076	0x1407CB030	0x1407CB0BD	0x1407EEA60	PROVIDER_UUID_CORRELATED	686C6F88-5CD5-47E0-A3EE-80571C27A44E	FinalizeReconnectCrossWorldMsg	5625	COMMUNITY_REPORTED		CATALOG_NO_GETTER	2	0x1407CB03A->0x146162150;0x1407CB042->0x1407EEA60
0x1407CB126	0x1407CB0E0	0x1407CB16D	0x1407F0FB0	PROVIDER_UUID_CORRELATED	A535DF54-830C-4BEF-A8AE-2020C796A806	PingTrait	300	COMMUNITY_REPORTED		CATALOG_NO_GETTER	2	0x1407CB0EA->0x146162150;0x1407CB0F2->0x1407F0FB0
0x1407CB416	0x1407CB3D0	0x1407CB45D	0x1407F58B0	PROVIDER_UUID_CORRELATED	E43D64AA-FA73-403C-A5C4-A184F7352437	PingTrait::State	303	COMMUNITY_REPORTED	0x1407F58B0	CATALOG_GETTER_MATCH	2	0x1407CB3DA->0x146162150;0x1407CB3E2->0x1407F58B0
0x1407CB6B6	0x1407CB670	0x1407CB6FD	0x1407F0B60	PROVIDER_UUID_CORRELATED	AD4C28BD-4208-4B47-9679-9A46DD9E5287	PingRequestMsg	209	COMMUNITY_REPORTED	0x1407F0B60	CATALOG_GETTER_MATCH	2	0x1407CB67A->0x146162150;0x1407CB682->0x1407F0B60
0x1407CB7E6	0x1407CB7A0	0x1407CB82D	0x1407F0D80	PROVIDER_UUID_CORRELATED	259734DD-9277-4E08-B11F-1AB9E71DE1BE	PingResponseMsg	310	COMMUNITY_REPORTED	0x1407F0D80	CATALOG_GETTER_MATCH	2	0x1407CB7AA->0x146162150;0x1407CB7B2->0x1407F0D80
0x1407CCA86	0x1407CCA40	0x1407CCACD	0x1407F11D0	PROVIDER_UUID_CORRELATED	FFBE3ABD-58D4-4129-96E3-DF80B7A489A1	ProfanityFilterClientTrait	203	COMMUNITY_REPORTED	0x1407F11D0	CATALOG_GETTER_MATCH	2	0x1407CCA4A->0x146162150;0x1407CCA52->0x1407F11D0
0x1407CCFF6	0x1407CCFB0	0x1407CD03D	0x1407F5AD0	PROVIDER_UUID_CORRELATED	0C63D8DC-D120-433B-9AD1-1CAEF889ED2B	ProfanityFilterClientTrait::State	140	COMMUNITY_REPORTED	0x1407F5AD0	CATALOG_GETTER_MATCH	2	0x1407CCFBA->0x146162150;0x1407CCFC2->0x1407F5AD0
0x1407CD676	0x1407CD630	0x1407CD6BD	0x1407EF570	PROVIDER_UUID_CORRELATED	47EBD2D4-4B67-43D9-9535-2DDB7C223501	IsUsingBadWordsMsg	220	COMMUNITY_REPORTED	0x1407EF570	CATALOG_GETTER_MATCH	2	0x1407CD63A->0x146162150;0x1407CD642->0x1407EF570
0x1407CDEF6	0x1407CDEB0	0x1407CDF3D	0x1407EE3F0	PROVIDER_UUID_CORRELATED	C9979971-CEB8-4238-9395-F9E5E163880E	FilterTextMsg	277	COMMUNITY_REPORTED	0x1407EE3F0	CATALOG_GETTER_MATCH	2	0x1407CDEBA->0x146162150;0x1407CDEC2->0x1407EE3F0
0x1407CE516	0x1407CE4D0	0x1407CE55D	0x1407EF9D0	PROVIDER_UUID_CORRELATED	0E289A49-92A6-42D9-8D89-093AC00837F7	IsUsingBadWordsResponseMsg	230	COMMUNITY_REPORTED	0x1407EF9D0	CATALOG_GETTER_MATCH	2	0x1407CE4DA->0x146162150;0x1407CE4E2->0x1407EF9D0
0x1407CEA26	0x1407CE9E0	0x1407CEA6D	0x1407EE830	PROVIDER_UUID_CORRELATED	E4B8C624-9165-4A9A-9DFD-61B670B32EE3	FilterTextResponseMsg	313	COMMUNITY_REPORTED	0x1407EE830	CATALOG_GETTER_MATCH	2	0x1407CE9EA->0x146162150;0x1407CE9F2->0x1407EE830
0x1407CEAD6	0x1407CEA90	0x1407CEB1D	0x1407EE1C0	PROVIDER_UUID_CORRELATED	951D5056-809A-4019-B6D5-30F89D9C96A8	FilterChatResponseMsg	317	COMMUNITY_REPORTED	0x1407EE1C0	CATALOG_GETTER_MATCH	2	0x1407CEA9A->0x146162150;0x1407CEAA2->0x1407EE1C0
0x1407CF1B6	0x1407CF170	0x1407CF1FD	0x1407F1640	PROVIDER_UUID_CORRELATED	AEC31482-411D-4869-8A29-18C243298E9B	ProfanityFilterTrait	243	COMMUNITY_REPORTED	0x1407F1640	CATALOG_GETTER_MATCH	2	0x1407CF17A->0x146162150;0x1407CF182->0x1407F1640
0x1407CF3F6	0x1407CF3B0	0x1407CF43D	0x1407EF100	PROVIDER_UUID_CORRELATED	B12758C1-7025-4757-ADA9-3F68D1224A87	HubIdDebugTrait	172	COMMUNITY_REPORTED	0x1407EF100	CATALOG_GETTER_MATCH	2	0x1407CF3BA->0x146162150;0x1407CF3C2->0x1407EF100
0x1407CF636	0x1407CF5F0	0x1407CF67D	0x1407F5D10	PROVIDER_UUID_CORRELATED	24EE2CC8-4A64-4661-8E4D-9665E5AB52C3	ProfanityFilterTrait::State	80	COMMUNITY_REPORTED	0x1407F5D10	CATALOG_GETTER_MATCH	2	0x1407CF5FA->0x146162150;0x1407CF602->0x1407F5D10
0x1407CF6E6	0x1407CF6A0	0x1407CF72D	0x1407F5450	PROVIDER_UUID_CORRELATED	D4833F1E-3080-49FF-9386-1E98E5480E82	HubIdDebugTrait::State	184	COMMUNITY_REPORTED	0x1407F5450	CATALOG_GETTER_MATCH	2	0x1407CF6AA->0x146162150;0x1407CF6B2->0x1407F5450
0x1407CF796	0x1407CF750	0x1407CF7DD	0x1407EF7A0	PROVIDER_UUID_CORRELATED	CB5FE3AC-8634-4A3E-B882-361D214BC995	IsUsingBadWordsMsg	268	COMMUNITY_REPORTED		CATALOG_NO_GETTER	2	0x1407CF75A->0x146162150;0x1407CF762->0x1407EF7A0
0x1407CF846	0x1407CF800	0x1407CF88D	0x1407F2370	PROVIDER_UUID_CORRELATED	64DE5C88-0010-4F0B-B554-DB02A2A968E8	ReceiveHubInfoForActorsMsg	187	COMMUNITY_REPORTED	0x1407F2370	CATALOG_GETTER_MATCH	2	0x1407CF80A->0x146162150;0x1407CF812->0x1407F2370
0x1407CFC46	0x1407CFC00	0x1407CFC8D	0x1407EE610	PROVIDER_UUID_CORRELATED	CC62D45B-26E8-42CF-8420-DBEF69DF05FD	FilterTextMsg	319	COMMUNITY_REPORTED		CATALOG_NO_GETTER	2	0x1407CFC0A->0x146162150;0x1407CFC12->0x1407EE610
0x1407CFEE6	0x1407CFEA0	0x1407CFF2D	0x1407F1CC0	PROVIDER_UUID_CORRELATED	4CF9D4AE-3BE1-4E9E-A8F1-A313AB114D00	ReceiveAllHubNamesMsg	191	COMMUNITY_REPORTED	0x1407F1CC0	CATALOG_GETTER_MATCH	2	0x1407CFEAA->0x146162150;0x1407CFEB2->0x1407F1CC0
0x1407D0536	0x1407D04F0	0x1407D057D	0x1407EDFA0	PROVIDER_UUID_CORRELATED	D9C42402-D190-4F99-806A-B94FD55E0DBB	FilterChatMsg	322	COMMUNITY_REPORTED	0x1407EDFA0	CATALOG_GETTER_MATCH	2	0x1407D04FA->0x146162150;0x1407D0502->0x1407EDFA0
0x1407D0816	0x1407D07D0	0x1407D085D	0x1407F3B80	PROVIDER_UUID_CORRELATED	21BE4BFA-5BC7-423F-99DC-960FC0FD95AB	RequestHubInfoForActorsMsg	194	COMMUNITY_REPORTED	0x1407F3B80	CATALOG_GETTER_MATCH	2	0x1407D07DA->0x146162150;0x1407D07E2->0x1407F3B80
0x1407D0B56	0x1407D0B10	0x1407D0B9D	0x1407F1410	PROVIDER_UUID_CORRELATED	9891B183-0C59-42D6-8EB8-D2F67EEFED29	ProfanityFilterRequest	324	COMMUNITY_REPORTED		CATALOG_NO_GETTER	2	0x1407D0B1A->0x146162150;0x1407D0B22->0x1407F1410
0x1407D0C06	0x1407D0BC0	0x1407D0C4D	0x1407F3950	PROVIDER_UUID_CORRELATED	877CD24E-3256-4364-8CE4-FAD4B9786619	RequestAllHubNamesMsg	198	COMMUNITY_REPORTED	0x1407F3950	CATALOG_GETTER_MATCH	2	0x1407D0BCA->0x146162150;0x1407D0BD2->0x1407F3950
0x1407D0F36	0x1407D0EF0	0x1407D0F7D	0x1407EDD70	PROVIDER_UUID_CORRELATED	178AD7C6-9818-4EDF-9694-87BD5B641D43	ExecuteDebugCommandMsg	5474	COMMUNITY_REPORTED	0x1407EDD70	CATALOG_GETTER_MATCH	2	0x1407D0EFA->0x146162150;0x1407D0F02->0x1407EDD70
0x1407D1346	0x1407D1300	0x1407D138D	0x1407ECBF0	PROVIDER_UUID_CORRELATED	9AC02801-EE80-4B2D-B28E-F95FD62EB8A2	ConfigOverridesDebugTrait	200	COMMUNITY_REPORTED	0x1407ECBF0	CATALOG_GETTER_MATCH	2	0x1407D130A->0x146162150;0x1407D1312->0x1407ECBF0
0x1407D1606	0x1407D15C0	0x1407D164D	0x1407F30C0	PROVIDER_UUID_CORRELATED	F280AC86-D8EE-4F09-8EB9-95FB977D9135	RegistryClient	325	COMMUNITY_REPORTED	0x1407F30C0	CATALOG_GETTER_MATCH	2	0x1407D15CA->0x146162150;0x1407D15D2->0x1407F30C0
0x1407D1766	0x1407D1720	0x1407D17AD	0x1407F4480	PROVIDER_UUID_CORRELATED	C4C38B9A-433D-42C9-A042-C4EBC5FCC73A	ConfigOverridesDebugTrait::State	30	COMMUNITY_REPORTED	0x1407F4480	CATALOG_GETTER_MATCH	2	0x1407D172A->0x146162150;0x1407D1732->0x1407F4480
0x1407D1A66	0x1407D1A20	0x1407D1AAD	0x1407F63B0	PROVIDER_UUID_CORRELATED	81A297A7-5C0B-4252-92DE-E97C2F62B10D	RegistryClient::State	328	COMMUNITY_REPORTED	0x1407F63B0	CATALOG_GETTER_MATCH	2	0x1407D1A2A->0x146162150;0x1407D1A32->0x1407F63B0
0x1407D1B16	0x1407D1AD0	0x1407D1B5D	0x1407F3DC0	PROVIDER_UUID_CORRELATED	D677B2AD-832E-4D43-A1CD-37B0F5183BA4	SendConfigOverridesMsg	171	COMMUNITY_REPORTED	0x1407F3DC0	CATALOG_GETTER_MATCH	2	0x1407D1ADA->0x146162150;0x1407D1AE2->0x1407F3DC0
0x1407D1D86	0x1407D1D40	0x1407D1DCD	0x1407EDB60	PROVIDER_UUID_CORRELATED	546A8473-BEE5-4122-B99F-493C631071EC	EventMsg	334	COMMUNITY_REPORTED		CATALOG_NO_GETTER	2	0x1407D1D4A->0x146162150;0x1407D1D52->0x1407EDB60
0x1407D2206	0x1407D21C0	0x1407D224D	0x1407EC9B0	PROVIDER_UUID_CORRELATED	F54FE85A-2F60-4926-85EF-0ED4BEF05589	ConfigOverridesDebugResponseTrait	208	COMMUNITY_REPORTED	0x1407EC9B0	CATALOG_GETTER_MATCH	2	0x1407D21CA->0x146162150;0x1407D21D2->0x1407EC9B0
0x1407D2396	0x1407D2350	0x1407D23DD	0x1407F4240	PROVIDER_UUID_CORRELATED	27C27FA4-1FB2-479C-9CA8-A14CE8C72A65	ConfigOverridesDebugResponseTrait::State	123	COMMUNITY_REPORTED		CATALOG_NO_GETTER	2	0x1407D235A->0x146162150;0x1407D2362->0x1407F4240
0x1407D2496	0x1407D2450	0x1407D24DD	0x1407F2130	PROVIDER_UUID_CORRELATED	B8CE47D4-4CE9-4803-8DB4-BEADBA4629EC	ReceiveConfigOverridesMsg	154	COMMUNITY_REPORTED	0x1407F2130	CATALOG_GETTER_MATCH	2	0x1407D245A->0x146162150;0x1407D2462->0x1407F2130
0x140894326	0x1408942E0	0x14089436D	0x1408947A0	PROVIDER_UUID_CORRELATED	C71E22EE-3041-42B4-B4C4-8869387C553A		6692	COMMUNITY_REPORTED		CATALOG_NO_GETTER	2	0x1408942EA->0x146162150;0x1408942F2->0x1408947A0
0x1408943D6	0x140894390	0x14089441D	0x140894DA0	PROVIDER_UUID_CORRELATED	1B6A57E6-9E3B-43AE-A13F-7A90214BEC40		6690	COMMUNITY_REPORTED		CATALOG_NO_GETTER	2	0x14089439A->0x146162150;0x1408943A2->0x140894DA0
0x140894486	0x140894440	0x1408944CD	0x1408949A0	PROVIDER_UUID_CORRELATED	B5680872-8FC0-43D4-A59B-4F12F33EE1CF		6691	COMMUNITY_REPORTED		CATALOG_NO_GETTER	2	0x14089444A->0x146162150;0x140894452->0x1408949A0
0x140894536	0x1408944F0	0x14089457D	0x140894BA0	PROVIDER_UUID_CORRELATED	8375664A-AA6C-4EC1-B8FE-682C83E9A237		6693	COMMUNITY_REPORTED		CATALOG_NO_GETTER	2	0x1408944FA->0x146162150;0x140894502->0x140894BA0
0x141176756	0x141176710	0x14117679D	0x14117DAA0	PROVIDER_UUID_CORRELATED	7E594256-EAD0-4C18-8789-9037D53366BC	Javelin::IPlayerNotifications	1070	COMMUNITY_REPORTED		CATALOG_NO_GETTER	2	0x14117671A->0x146162150;0x141176722->0x14117DAA0
0x141177126	0x1411770E0	0x14117716D	0x14117D8A0	PROVIDER_UUID_CORRELATED	6F9F4C34-CC85-4CE0-80EB-B480C79D3EEF	INavMeshBootstrapReceiver	1038	COMMUNITY_REPORTED		CATALOG_NO_GETTER	2	0x1411770EA->0x146162150;0x1411770F2->0x14117D8A0
0x141177316	0x1411772D0	0x14117735D	0x14117D4A0	PROVIDER_UUID_CORRELATED	98C3FC67-D522-4EB0-BB76-417ACCA2279D	ICoatlicueExternalDebugMessages	1058	COMMUNITY_REPORTED		CATALOG_NO_GETTER	2	0x1411772DA->0x146162150;0x1411772E2->0x14117D4A0
0x1411773C6	0x141177380	0x14117740D	0x14117D6A0	PROVIDER_UUID_CORRELATED	303E7FDD-CDA8-4D72-8D52-3CC55A0C27DD	ICoatlicueExternalSpawnListener	1061	COMMUNITY_REPORTED		CATALOG_NO_GETTER	2	0x14117738A->0x146162150;0x141177392->0x14117D6A0
0x1414BDA76	0x1414BDA30	0x1414BDABD	0x1416EF720	PROVIDER_UUID_CORRELATED	CF545274-D893-493A-8834-F45CF3BF5E08		1721	COMMUNITY_REPORTED		CATALOG_NO_GETTER	2	0x1414BDA3A->0x146162150;0x1414BDA42->0x1416EF720
0x1414BDCF6	0x1414BDCB0	0x1414BDD3D	0x1416F5B20	PROVIDER_UUID_CORRELATED	0C8E35F2-BBCD-4570-B6A2-8FCD4A65631C	Aoi::PhysicsTrait::RegisterRigidBodyByAssetMsg	1858	COMMUNITY_REPORTED		CATALOG_NO_GETTER	2	0x1414BDCBA->0x146162150;0x1414BDCC2->0x1416F5B20
0x1414BE076	0x1414BE030	0x1414BE0BD	0x1416E3F20	PROVIDER_UUID_CORRELATED	9721637E-4538-4607-A470-F6CD0177B2E2	Javelin::DungeonMasterTrait::OnGridActorChangedMsg	1990	COMMUNITY_REPORTED		CATALOG_NO_GETTER	2	0x1414BE03A->0x146162150;0x1414BE042->0x1416E3F20
0x1414BE6E6	0x1414BE6A0	0x1414BE72D	0x1416F6B20	PROVIDER_UUID_CORRELATED	1E69765F-4B2E-4B65-92FA-48BDA86DE38F	Aoi::GhostExTrait::RemoveExceptionsBatchMsg	1815	COMMUNITY_REPORTED		CATALOG_NO_GETTER	2	0x1414BE6AA->0x146162150;0x1414BE6B2->0x1416F6B20
0x1414BEF36	0x1414BEEF0	0x1414BEF7D	0x1416DAF20	PROVIDER_UUID_CORRELATED	32F88987-A075-4B95-85BE-6A91DF870286	Aoi::PlayerManagerActor::InitMsg	1685	COMMUNITY_REPORTED		CATALOG_NO_GETTER	2	0x1414BEEFA->0x146162150;0x1414BEF02->0x1416DAF20
0x1414BFA16	0x1414BF9D0	0x1414BFA5D	0x141026650	PROVIDER_UUID_CORRELATED	D484BA40-BC19-4785-8D1D-E0B2C058749E	Javelin::Spawner::AIVariantParameter	2111	COMMUNITY_REPORTED		CATALOG_NO_GETTER	2	0x1414BF9DA->0x146162150;0x1414BF9E2->0x141026650
0x1414BFD56	0x1414BFD10	0x1414BFD9D	0x141705520	PROVIDER_UUID_CORRELATED	DFA9B0D2-1464-4E8B-9B2D-2D4AED7336DF	Aoi::QueryResponseTrait::State	1369	COMMUNITY_REPORTED		CATALOG_NO_GETTER	2	0x1414BFD1A->0x146162150;0x1414BFD22->0x141705520
0x1414C05E6	0x1414C05A0	0x1414C062D	0x1416E4D20	PROVIDER_UUID_CORRELATED	8D16A3EA-CD3E-4395-8195-8C23A5399BD9	Javelin::DungeonMasterTrait::OnHubCapacityRequestedMsg	1992	COMMUNITY_REPORTED		CATALOG_NO_GETTER	2	0x1414C05AA->0x146162150;0x1414C05B2->0x1416E4D20
0x1414C0676	0x1414C0630	0x1414C06BD	0x14170AD20	PROVIDER_UUID_CORRELATED	78B06A66-1441-48A3-8A89-1A886C7B0D67	Aoi::PhysicsTrait::UnregisterRigidBodyMsg	250	COMMUNITY_REPORTED		CATALOG_NO_GETTER	2	0x1414C063A->0x146162150;0x1414C0642->0x14170AD20
0x1414C07D6	0x1414C0790	0x1414C081D	0x1416D2520	PROVIDER_UUID_CORRELATED	8C3FE844-A1A7-46F0-9C42-FA424791E4FB	Aoi::GhostExTrait::GridAddActorAoiMsg	421	COMMUNITY_REPORTED		CATALOG_NO_GETTER	2	0x1414C079A->0x146162150;0x1414C07A2->0x1416D2520
0x1414C1CE6	0x1414C1CA0	0x1414C1D2D	0x1416FC920	PROVIDER_UUID_CORRELATED	1F9BA391-41D6-4FE7-B751-88AAFE9BA3BC	Aoi::QueryResponseTrait::ResponseMsg	1724	COMMUNITY_REPORTED		CATALOG_NO_GETTER	2	0x1414C1CAA->0x146162150;0x1414C1CB2->0x1416FC920
0x1414C2076	0x1414C2030	0x1414C20BD	0x1416C7520	PROVIDER_UUID_CORRELATED	4636FE0B-DF36-4A88-ACC8-52595372F3C9	Javelin::ClientViewListenerTrait	1612	COMMUNITY_REPORTED		CATALOG_NO_GETTER	2	0x1414C203A->0x146162150;0x1414C2042->0x1416C7520
0x1414C2116	0x1414C20D0	0x1414C215D	0x1416E4920	PROVIDER_UUID_CORRELATED	82197293-E7D9-48FD-BA36-E4E4B875331B	Javelin::DungeonMasterTrait::OnHubCapacityRequestFoundHubMsg	1918	COMMUNITY_REPORTED		CATALOG_NO_GETTER	2	0x1414C20DA->0x146162150;0x1414C20E2->0x1416E4920
0x1414C21E6	0x1414C21A0	0x1414C222D	0x14170C720	PROVIDER_UUID_CORRELATED	CA2E8008-63AD-42BB-850D-A5CC20217493	Aoi::PhysicsTrait::UpdateRigidBodyMsg	690	COMMUNITY_REPORTED		CATALOG_NO_GETTER	2	0x1414C21AA->0x146162150;0x1414C21B2->0x14170C720
0x1414C2736	0x1414C26F0	0x1414C277D	0x1416DC720	PROVIDER_UUID_CORRELATED	7BE8FEDB-8A86-48A3-8E55-76AE28350EF4	Javelin::InterestComponentMessageInterface	6140	COMMUNITY_REPORTED		CATALOG_NO_GETTER	2	0x1414C26FA->0x146162150;0x1414C2702->0x1416DC720
0x1414C2D66	0x1414C2D20	0x1414C2DAD	0x1416D3D20	PROVIDER_UUID_CORRELATED	ECBA98CE-3DC4-49FD-9391-36CB843B43CA	Aoi::GhostExTrait::GridRemoveActorAoiMsg	1517	COMMUNITY_REPORTED		CATALOG_NO_GETTER	2	0x1414C2D2A->0x146162150;0x1414C2D32->0x1416D3D20
0x1414C3606	0x1414C35C0	0x1414C364D	0x1416D3920	PROVIDER_UUID_CORRELATED	ADC1C90A-C629-4F8D-B15A-3F1028A28BE6	Aoi::GridManagerPublic	372	COMMUNITY_REPORTED		CATALOG_NO_GETTER	2	0x1414C35CA->0x146162150;0x1414C35D2->0x1416D3920
0x1414C3B56	0x1414C3B10	0x1414C3B9D	0x1416C5520	PROVIDER_UUID_CORRELATED	26F135C7-18BC-4EA9-AF4D-0934264D59F6	Aoi::CastQueryResponseTrait	1725	COMMUNITY_REPORTED		CATALOG_NO_GETTER	2	0x1414C3B1A->0x146162150;0x1414C3B22->0x1416C5520
0x1414C40C6	0x1414C4080	0x1414C410D	0x141700F20	PROVIDER_UUID_CORRELATED	2AE5069E-36AE-4E75-8814-47414BEBB7C6	Javelin::ClientViewListenerTrait::State	848	COMMUNITY_REPORTED		CATALOG_NO_GETTER	2	0x1414C408A->0x146162150;0x1414C4092->0x141700F20
0x1414C4456	0x1414C4410	0x1414C449D	0x1416E4720	PROVIDER_UUID_CORRELATED	B50FCB58-C1E3-4E35-AB2C-1CF4C8D7277E	Javelin::DungeonMasterTrait::OnHubCapacityRequestFailedMsg	1239	COMMUNITY_REPORTED		CATALOG_NO_GETTER	2	0x1414C441A->0x146162150;0x1414C4422->0x1416E4720
0x1414C4506	0x1414C44C0	0x1414C454D	0x14170C520	PROVIDER_UUID_CORRELATED	C9D435BA-DC32-4E9A-8130-F1400FC4DEB7	Aoi::PhysicsTrait::UpdateRigidBodyFilterMsg	1378	COMMUNITY_REPORTED		CATALOG_NO_GETTER	2	0x1414C44CA->0x146162150;0x1414C44D2->0x14170C520
0x1414C4826	0x1414C47E0	0x1414C486D	0x1416D6F20	PROVIDER_UUID_CORRELATED	2B06028B-6179-4116-B8BB-5BE03AAE428F	Javelin::ICharacterComponentRequestListener	5480	COMMUNITY_REPORTED		CATALOG_NO_GETTER	2	0x1414C47EA->0x146162150;0x1414C47F2->0x1416D6F20
0x1414C4A96	0x1414C4A50	0x1414C4ADD	0x1416DDF20	PROVIDER_UUID_CORRELATED	DE3AC80E-0968-45F1-9041-5F223BDDD0A2	Javelin::LastDamagingActorParameter	5409	COMMUNITY_REPORTED		CATALOG_NO_GETTER	2	0x1414C4A5A->0x146162150;0x1414C4A62->0x1416DDF20
0x1414C4B46	0x1414C4B00	0x1414C4B8D	0x1416D2920	PROVIDER_UUID_CORRELATED	2C0E97F4-D917-4323-A6A6-2CE52B7C7BF3	Aoi::GhostExTrait::GridAddActorsAoiBatchMsg	1816	COMMUNITY_REPORTED		CATALOG_NO_GETTER	2	0x1414C4B0A->0x146162150;0x1414C4B12->0x1416D2920
0x1414C4EA6	0x1414C4E60	0x1414C4EED	0x1416EB920	PROVIDER_UUID_CORRELATED	ABB2A930-E91A-41E4-88DA-199868A8AC6B		1689	COMMUNITY_REPORTED		CATALOG_NO_GETTER	2	0x1414C4E6A->0x146162150;0x1414C4E72->0x1416EB920
0x1414C5106	0x1414C50C0	0x1414C514D	0x141702120	PROVIDER_UUID_CORRELATED	84E46376-82B3-43E2-B500-1679C6880EFE	Aoi::GridManagerPublic::State	214	COMMUNITY_REPORTED		CATALOG_NO_GETTER	2	0x1414C50CA->0x146162150;0x1414C50D2->0x141702120
0x1414C5506	0x1414C54C0	0x1414C554D	0x141700920	PROVIDER_UUID_CORRELATED	21105630-1CA8-4B33-88E1-CE5A29C7D117	Aoi::CastQueryResponseTrait::State	1266	COMMUNITY_REPORTED		CATALOG_NO_GETTER	2	0x1414C54CA->0x146162150;0x1414C54D2->0x141700920
0x1414C5876	0x1414C5830	0x1414C58BD	0x1416C7320	PROVIDER_UUID_CORRELATED	5AC34998-D340-4948-9CB3-7D5B2D24221D	Javelin::ClientMessagesTrait	471	COMMUNITY_REPORTED		CATALOG_NO_GETTER	2	0x1414C583A->0x146162150;0x1414C5842->0x1416C7320
0x1414C5CD6	0x1414C5C90	0x1414C5D1D	0x1416E4B20	PROVIDER_UUID_CORRELATED	775BF059-5E48-4D94-9C87-E0A136772314	Javelin::DungeonMasterTrait::OnHubCapacityRequestWaitMsg	1993	COMMUNITY_REPORTED		CATALOG_NO_GETTER	2	0x1414C5C9A->0x146162150;0x1414C5CA2->0x1416E4B20
0x1414C5D86	0x1414C5D40	0x1414C5DCD	0x14170C920	PROVIDER_UUID_CORRELATED	9F96CB00-C386-4B35-B7EC-4D2B3DD6DF06	Aoi::PhysicsTrait::UpdateRigidBodyRaidIdMsg	5057	COMMUNITY_REPORTED		CATALOG_NO_GETTER	2	0x1414C5D4A->0x146162150;0x1414C5D52->0x14170C920
0x1414C6136	0x1414C60F0	0x1414C617D	0x1416DB720	PROVIDER_UUID_CORRELATED	510E7926-5948-4055-AB18-D6836E9BD9EB	Javelin::InitialDisplayProperties	2113	COMMUNITY_REPORTED		CATALOG_NO_GETTER	2	0x1414C60FA->0x146162150;0x1414C6102->0x1416DB720
0x1414C64E6	0x1414C64A0	0x1414C652D	0x141704720	PROVIDER_UUID_CORRELATED	630CE2E3-4CEA-4D22-A7EA-F3DAE4AE3123	Javelin::PlayerManagerRedirectorTrait::State	1691	COMMUNITY_REPORTED		CATALOG_NO_GETTER	2	0x1414C64AA->0x146162150;0x1414C64B2->0x141704720
0x1414C6616	0x1414C65D0	0x1414C665D	0x1416D4120	PROVIDER_UUID_CORRELATED	D18B2B13-4C75-41B6-BE85-072EACECF0C9	Aoi::GhostExTrait::GridRemoveActorsAoiBatchMsg	161	COMMUNITY_REPORTED		CATALOG_NO_GETTER	2	0x1414C65DA->0x146162150;0x1414C65E2->0x1416D4120
0x1414C66C6	0x1414C6680	0x1414C670D	0x1416D3B20	PROVIDER_UUID_CORRELATED	3D2AD744-B5E9-41E9-9CEA-C057166EA485	Aoi::GridManagerPublicDynamic	1917	COMMUNITY_REPORTED		CATALOG_NO_GETTER	2	0x1414C668A->0x146162150;0x1414C6692->0x1416D3B20
0x1414C6B16	0x1414C6AD0	0x1414C6B5D	0x1416FC720	PROVIDER_UUID_CORRELATED	E56670E2-A49E-4A38-B644-2032EA445457	Aoi::CastQueryResponseTrait::ResponseMsg	1728	COMMUNITY_REPORTED		CATALOG_NO_GETTER	2	0x1414C6ADA->0x146162150;0x1414C6AE2->0x1416FC720
0x1414C7406	0x1414C73C0	0x1414C744D	0x141700D20	PROVIDER_UUID_CORRELATED	C1B677CF-2812-4C22-8CE3-756E863C8D82	Javelin::ClientMessagesTrait::State	47	COMMUNITY_REPORTED		CATALOG_NO_GETTER	2	0x1414C73CA->0x146162150;0x1414C73D2->0x141700D20
0x1414C7D56	0x1414C7D10	0x1414C7D9D	0x1416F4120	PROVIDER_UUID_CORRELATED	1DC4C7AD-DED9-4078-8E25-3B3B3B177119	Aoi::PhysicsTrait::RegisterCharacterMsg	1860	COMMUNITY_REPORTED		CATALOG_NO_GETTER	2	0x1414C7D1A->0x146162150;0x1414C7D22->0x1416F4120
0x1414C81C6	0x1414C8180	0x1414C820D	0x1416E4F20	PROVIDER_UUID_CORRELATED	1AD8C348-2C76-40E2-8D88-772B5AC68767	Javelin::DungeonMasterTrait::OnHubCapacityReservationWaitMsg	5604	COMMUNITY_REPORTED		CATALOG_NO_GETTER	2	0x1414C818A->0x146162150;0x1414C8192->0x1416E4F20
0x1414C8606	0x1414C85C0	0x1414C864D	0x1416DC120	PROVIDER_UUID_CORRELATED	0A9070E3-F049-4DFF-A263-FEA4F47DF23A	Javelin::InitialSpawnerInfo	967	COMMUNITY_REPORTED		CATALOG_NO_GETTER	2	0x1414C85CA->0x146162150;0x1414C85D2->0x1416DC120
0x1414C8716	0x1414C86D0	0x1414C875D	0x1416E2520	PROVIDER_UUID_CORRELATED	C32F66BC-68F4-45DB-8CA8-3AB0010C3784	Javelin::PlayerManagerRedirectorTrait::OnAcceptConnectionMsg	1692	COMMUNITY_REPORTED		CATALOG_NO_GETTER	2	0x1414C86DA->0x146162150;0x1414C86E2->0x1416E2520
0x1414C8C16	0x1414C8BD0	0x1414C8C5D	0x1416E2F20	PROVIDER_UUID_CORRELATED	4CDD0A95-140B-4FB2-A5AD-DB3CEE77DFFF	Aoi::GhostExTrait::OnCullLimitPctChangeRequestMsg	1818	COMMUNITY_REPORTED		CATALOG_NO_GETTER	2	0x1414C8BDA->0x146162150;0x1414C8BE2->0x1416E2F20
0x1414C8EA6	0x1414C8E60	0x1414C8EED	0x141702320	PROVIDER_UUID_CORRELATED	0FDF9794-7B5F-4978-8DD2-CF14FE2C04C2	Aoi::GridManagerPublicDynamic::State	1922	COMMUNITY_REPORTED		CATALOG_NO_GETTER	2	0x1414C8E6A->0x146162150;0x1414C8E72->0x141702320
0x1414C9406	0x1414C93C0	0x1414C944D	0x1416C4B20	PROVIDER_UUID_CORRELATED	BB044A07-A16D-451B-A8E0-99AF74403FD4	Aoi::BatchCastQueryResponseTrait	624	COMMUNITY_REPORTED		CATALOG_NO_GETTER	2	0x1414C93CA->0x146162150;0x1414C93D2->0x1416C4B20
0x1414C98E6	0x1414C98A0	0x1414C992D	0x1416F3320	PROVIDER_UUID_CORRELATED	21207525-B448-4193-AACA-83D4F847929F	Javelin::ClientViewListenerTrait::ReceivePlayerSpawnPointMsg	1617	COMMUNITY_REPORTED		CATALOG_NO_GETTER	2	0x1414C98AA->0x146162150;0x1414C98B2->0x1416F3320
0x1414CA776	0x1414CA730	0x1414CA7BD	0x1416C6F20	PROVIDER_UUID_CORRELATED	9D7FC1A8-36A9-4064-A78B-CE09B9B7AF3E	Javelin::CharacterServiceProxyTrait	1170	COMMUNITY_REPORTED		CATALOG_NO_GETTER	2	0x1414CA73A->0x146162150;0x1414CA742->0x1416C6F20
0x1414CAC86	0x1414CAC40	0x1414CACCD	0x1416E4520	PROVIDER_UUID_CORRELATED	CE7CDDA2-9FBA-4BF3-8541-0B9647C71B65	Javelin::DungeonMasterTrait::OnHubCapacityReleasedMsg	1718	COMMUNITY_REPORTED		CATALOG_NO_GETTER	2	0x1414CAC4A->0x146162150;0x1414CAC52->0x1416E4520
0x1414CAD16	0x1414CACD0	0x1414CAD5D	0x1416F4320	PROVIDER_UUID_CORRELATED	376FE212-4A4D-45CD-8C9B-CF4A47CBACD7	Aoi::PhysicsTrait::RegisterCharacterWithRepulsorsMsg	1861	COMMUNITY_REPORTED		CATALOG_NO_GETTER	2	0x1414CACDA->0x146162150;0x1414CACE2->0x1416F4320
0x1414CADC6	0x1414CAD80	0x1414CAE0D	0x1416D6320	PROVIDER_UUID_CORRELATED	8E5C9522-7A09-40AE-95F3-C8C7CFBA1F26	Javelin::NotificationService::HandlerRegistryRequester	1897	COMMUNITY_REPORTED		CATALOG_NO_GETTER	2	0x1414CAD8A->0x146162150;0x1414CAD92->0x1416D6320
0x1414CAF06	0x1414CAEC0	0x1414CAF4D	0x1416DBF20	PROVIDER_UUID_CORRELATED	03234920-8B26-47D5-B7AB-BE6E6F3B8D30	Javelin::InitialSpawnTimeInfo	2115	COMMUNITY_REPORTED		CATALOG_NO_GETTER	2	0x1414CAECA->0x146162150;0x1414CAED2->0x1416DBF20
0x1414CB356	0x1414CB310	0x1414CB39D	0x1416E6120	PROVIDER_UUID_CORRELATED	10C59BB8-640B-4AE4-B50D-563DA32B6A4A	Aoi::GridManagerPublic::OnPeerChangedMsg	1923	COMMUNITY_REPORTED		CATALOG_NO_GETTER	2	0x1414CB31A->0x146162150;0x1414CB322->0x1416E6120
0x1414CB486	0x1414CB440	0x1414CB4CD	0x1416E7F20	PROVIDER_UUID_CORRELATED	4BAC5F8F-19F5-4CCB-9627-12F69D4185A8	Aoi::GhostExTrait::OnSetBandwidthModeRequestMsg	1596	COMMUNITY_REPORTED		CATALOG_NO_GETTER	2	0x1414CB44A->0x146162150;0x1414CB452->0x1416E7F20
0x1414CB5F6	0x1414CB5B0	0x1414CB63D	0x1416E3B20	PROVIDER_UUID_CORRELATED	4FFFD433-F707-4006-8F3B-5B31F5428F05	Aoi::PlayerManagerResponses::OnGetCharacterResponse	1319	COMMUNITY_REPORTED		CATALOG_NO_GETTER	2	0x1414CB5BA->0x146162150;0x1414CB5C2->0x1416E3B20
0x1414CBB76	0x1414CBB30	0x1414CBBBD	0x141700720	PROVIDER_UUID_CORRELATED	A9F74BB9-1A07-46EA-A6EA-EF7B028486C4	Aoi::BatchCastQueryResponseTrait::State	1731	COMMUNITY_REPORTED		CATALOG_NO_GETTER	2	0x1414CBB3A->0x146162150;0x1414CBB42->0x141700720
0x1414CBF16	0x1414CBED0	0x1414CBF5D	0x14170D120	PROVIDER_UUID_CORRELATED	E41D92FA-2E26-47FD-8357-4FC0E7130D8E	Javelin::ClientViewListenerTrait::WaitingForPlayerSpawnPointMsg	1164	COMMUNITY_REPORTED		CATALOG_NO_GETTER	2	0x1414CBEDA->0x146162150;0x1414CBEE2->0x14170D120
0x1414CCDD6	0x1414CCD90	0x1414CCE1D	0x141700B20	PROVIDER_UUID_CORRELATED	0E73DF1F-8BB1-4941-BCFA-EBD5A666DE22	Javelin::CharacterServiceProxyTrait::State	1577	COMMUNITY_REPORTED		CATALOG_NO_GETTER	2	0x1414CCD9A->0x146162150;0x1414CCDA2->0x141700B20
0x1414CD126	0x1414CD0E0	0x1414CD16D	0x1416E5B20	PROVIDER_UUID_CORRELATED	6901A55A-F369-48ED-8788-D56E91BB835C	Javelin::DungeonMasterTrait::OnOmnipresentAddedToGridMsg	6473	COMMUNITY_REPORTED		CATALOG_NO_GETTER	2	0x1414CD0EA->0x146162150;0x1414CD0F2->0x1416E5B20
0x1414CD6A6	0x1414CD660	0x1414CD6ED	0x1416E7920	PROVIDER_UUID_CORRELATED	B520B42D-F127-40F3-8639-7E06B39E2100	Aoi::GhostExTrait::OnReplicationDataCaptureActionMsg	4770	COMMUNITY_REPORTED		CATALOG_NO_GETTER	2	0x1414CD66A->0x146162150;0x1414CD672->0x1416E7920
0x1414CD856	0x1414CD810	0x1414CD89D	0x141709F20	PROVIDER_UUID_CORRELATED	9611DF86-F4C8-4A58-8163-A4C33747C277	Aoi::PhysicsTrait::UnregisterCharacterMsg	1862	COMMUNITY_REPORTED		CATALOG_NO_GETTER	2	0x1414CD81A->0x146162150;0x1414CD822->0x141709F20
0x1414CD8E6	0x1414CD8A0	0x1414CD92D	0x1416D9320	PROVIDER_UUID_CORRELATED	BFB728ED-4B98-4082-9DC5-76EB2B8FC855	Javelin::IPrefabSpawnerEventsListener	1849	COMMUNITY_REPORTED		CATALOG_NO_GETTER	2	0x1414CD8AA->0x146162150;0x1414CD8B2->0x1416D9320
0x1414CD9E6	0x1414CD9A0	0x1414CDA2D	0x1416C5120	PROVIDER_UUID_CORRELATED	7F37D39A-D879-4B3D-A3CB-0DF0E8751AE4	Aoi::BatchCastQueryResponseTrait::BatchResponseMsg	587	COMMUNITY_REPORTED		CATALOG_NO_GETTER	2	0x1414CD9AA->0x146162150;0x1414CD9B2->0x1416C5120
0x1414CDA96	0x1414CDA50	0x1414CDADD	0x1416E3D20	PROVIDER_UUID_CORRELATED	240FC877-9893-406F-9E47-279458E9DC9C	Aoi::GridManagerPublic::OnGlobalAoiChangedMsg	1928	COMMUNITY_REPORTED		CATALOG_NO_GETTER	2	0x1414CDA5A->0x146162150;0x1414CDA62->0x1416E3D20
0x1414CE336	0x1414CE2F0	0x1414CE37D	0x1416C3720	PROVIDER_UUID_CORRELATED	4E973F30-9229-4490-853A-324EDC6DF3CE	Javelin::ClientMessages::AoiComponentServerFacet_RequestDebugGridData	2021	COMMUNITY_REPORTED		CATALOG_NO_GETTER	2	0x1414CE2FA->0x146162150;0x1414CE302->0x1416C3720
0x1414CE8A6	0x1414CE860	0x1414CE8ED	0x14170CF20	PROVIDER_UUID_CORRELATED	259D12EA-5C96-40FD-A7A2-84DFA119C2E4	Javelin::ClientViewListenerTrait::WaitingForGhostClientMsg	1626	COMMUNITY_REPORTED		CATALOG_NO_GETTER	2	0x1414CE86A->0x146162150;0x1414CE872->0x14170CF20
0x1414CF526	0x1414CF4E0	0x1414CF56D	0x1416CFF20	PROVIDER_UUID_CORRELATED	7A1DBC3B-1EB8-47CD-8B68-A58F594AB345	Javelin::CharacterServiceProxyTrait::GetCharacterDataMsg	1579	COMMUNITY_REPORTED		CATALOG_NO_GETTER	2	0x1414CF4EA->0x146162150;0x1414CF4F2->0x1416CFF20
0x1414CF686	0x1414CF640	0x1414CF6CD	0x1416C7120	PROVIDER_UUID_CORRELATED	BD4F134F-E9F0-4AB4-B134-60A54C6211E7	Javelin::DungeonMasterTrait::ClearHubThrottleMsg	6605	COMMUNITY_REPORTED		CATALOG_NO_GETTER	2	0x1414CF64A->0x146162150;0x1414CF652->0x1416C7120
0x1414CFC06	0x1414CFBC0	0x1414CFC4D	0x1416D0320	PROVIDER_UUID_CORRELATED	76CE1FD5-C92A-46E2-8FBD-B6AA694D29F7	Javelin::CharacterServiceProxy::GetCharacterResponse	2153	COMMUNITY_REPORTED		CATALOG_NO_GETTER	2	0x1414CFBCA->0x146162150;0x1414CFBD2->0x1416D0320
0x1414D0066	0x1414D0020	0x1414D00AD	0x1416E0520	PROVIDER_UUID_CORRELATED	A1E68591-FC5B-4B8D-9F3E-08BBEF8B8A5F	Javelin::PlayerPresenceUtils::MessageReceiptHandlerTrait	5856	COMMUNITY_REPORTED		CATALOG_NO_GETTER	2	0x1414D002A->0x146162150;0x1414D0032->0x1416E0520
0x1414D01F6	0x1414D01B0	0x1414D023D	0x1416E7D20	PROVIDER_UUID_CORRELATED	BB8C5EEF-1124-49C6-958F-2F72D13EC1D9	Aoi::GhostExTrait::OnSetBandwidthModeOverrideRequestMsg	546	COMMUNITY_REPORTED		CATALOG_NO_GETTER	2	0x1414D01BA->0x146162150;0x1414D01C2->0x1416E7D20
0x1414D09B6	0x1414D0970	0x1414D09FD	0x14170B520	PROVIDER_UUID_CORRELATED	064EB3D6-F683-4D93-A37F-9C268533B6FF	Aoi::PhysicsTrait::UpdateCharacterFilterMsg	1865	COMMUNITY_REPORTED		CATALOG_NO_GETTER	2	0x1414D097A->0x146162150;0x1414D0982->0x14170B520
0x1414D0D26	0x1414D0CE0	0x1414D0D6D	0x1416D6B20	PROVIDER_UUID_CORRELATED	438BD6CC-6432-4155-B546-E1EFEF632E84	Aoi::GridManagerPublic::HubConnectionChangedMsg	647	COMMUNITY_REPORTED		CATALOG_NO_GETTER	2	0x1414D0CEA->0x146162150;0x1414D0CF2->0x1416D6B20
0x1414D0FC6	0x1414D0F80	0x1414D100D	0x1416C4720	PROVIDER_UUID_CORRELATED	696ECB1A-0284-4BB6-B2EF-89043F289506	Aoi::BaseQueryResponseTrait	413	COMMUNITY_REPORTED		CATALOG_NO_GETTER	2	0x1414D0F8A->0x146162150;0x1414D0F92->0x1416C4720
0x1414D1626	0x1414D15E0	0x1414D166D	0x1416C2F20	PROVIDER_UUID_CORRELATED	1E3BB661-A67B-456C-81CA-496F1827751D	Javelin::ClientMessages::AoiComponentClientFacet_RequestDebugGridDataResponse	2023	COMMUNITY_REPORTED		CATALOG_NO_GETTER	2	0x1414D15EA->0x146162150;0x1414D15F2->0x1416C2F20
0x1414D1726	0x1414D16E0	0x1414D176D	0x1416EBD20	PROVIDER_UUID_CORRELATED	169443E0-A508-4653-B437-49B7A195F69C	Javelin::ClientMessagesTrait::PlayerManagerSelfIdentificationMsg	1628	COMMUNITY_REPORTED		CATALOG_NO_GETTER	2	0x1414D16EA->0x146162150;0x1414D16F2->0x1416EBD20
0x1414D1CD6	0x1414D1C90	0x1414D1D1D	0x1416E8B20	PROVIDER_UUID_CORRELATED	D25D84E0-35E4-4EEF-94D4-13151ABD0F08	POISpawnerTrait	2080	COMMUNITY_REPORTED		CATALOG_NO_GETTER	2	0x1414D1C9A->0x146162150;0x1414D1CA2->0x1416E8B20
0x1414D25D6	0x1414D2590	0x1414D261D	0x141709720	PROVIDER_UUID_CORRELATED	7D6C57FE-6CD6-44CD-B1DE-050B124B1ACE	Javelin::DungeonMasterTrait::TransferOmnipresentActorsMsg	6891	COMMUNITY_REPORTED		CATALOG_NO_GETTER	2	0x1414D259A->0x146162150;0x1414D25A2->0x141709720
0x1414D2BB6	0x1414D2B70	0x1414D2BFD	0x1416C4D20	PROVIDER_UUID_CORRELATED	E96B7695-8FF2-4C88-8F8E-3CFEDCB073C5	Javelin::CharacterServiceProxyTrait::BatchGetCharacterDataMsg	959	COMMUNITY_REPORTED		CATALOG_NO_GETTER	2	0x1414D2B7A->0x146162150;0x1414D2B82->0x1416C4D20
0x1414D2C96	0x1414D2C50	0x1414D2CDD	0x1416C4F20	PROVIDER_UUID_CORRELATED	EEF529E3-7E55-4CF5-A439-ED385ABAD49E	Javelin::CharacterServiceProxy::BatchGetCharacterResponse	1418	COMMUNITY_REPORTED		CATALOG_NO_GETTER	2	0x1414D2C5A->0x146162150;0x1414D2C62->0x1416C4F20
0x1414D2FA6	0x1414D2F60	0x1414D2FED	0x141702F20	PROVIDER_UUID_CORRELATED	C742FC6C-DD25-4A9A-80F6-A9B06230B442	Javelin::PlayerPresenceUtils::MessageReceiptHandlerTrait::State	5857	COMMUNITY_REPORTED		CATALOG_NO_GETTER	2	0x1414D2F6A->0x146162150;0x1414D2F72->0x141702F20
0x1414D31D6	0x1414D3190	0x1414D321D	0x1416F7B20	PROVIDER_UUID_CORRELATED	6378ABF8-AD13-4B0C-AD94-189884792978	Aoi::PhysicsTrait::RequestCharacterPositionDeltaMsg	1760	COMMUNITY_REPORTED		CATALOG_NO_GETTER	2	0x1414D319A->0x146162150;0x1414D31A2->0x1416F7B20
0x1414D34D6	0x1414D3490	0x1414D351D	0x1416E3520	PROVIDER_UUID_CORRELATED	5DA21098-CACA-436F-B921-EFFBCDA478F8	Aoi::GridManagerPublic::OnGameplayReadyMsg	77	COMMUNITY_REPORTED		CATALOG_NO_GETTER	2	0x1414D349A->0x146162150;0x1414D34A2->0x1416E3520
0x1414D35A6	0x1414D3560	0x1414D35ED	0x1416E5D20	PROVIDER_UUID_CORRELATED	F512E9C2-109A-4BD0-B981-51B97AF7C910	Aoi::GhostExTrait::OnOwnerChangedMsg	1694	COMMUNITY_REPORTED		CATALOG_NO_GETTER	2	0x1414D356A->0x146162150;0x1414D3572->0x1416E5D20
0x1414D36A6	0x1414D3660	0x1414D36ED	0x141700320	PROVIDER_UUID_CORRELATED	F59B26B4-A1B3-464C-BC51-8041C86EE704	Aoi::BaseQueryResponseTrait::State	1735	COMMUNITY_REPORTED		CATALOG_NO_GETTER	2	0x1414D366A->0x146162150;0x1414D3672->0x141700320
0x1414D37C6	0x1414D3780	0x1414D380D	0x1416EC520	PROVIDER_UUID_CORRELATED	B63BEB41-2C51-4DAB-BF33-6876D1917076	Aoi::PlayerReceiverTrait	963	COMMUNITY_REPORTED		CATALOG_NO_GETTER	2	0x1414D378A->0x146162150;0x1414D3792->0x1416EC520
0x1414D39C6	0x1414D3980	0x1414D3A0D	0x1416C3920	PROVIDER_UUID_CORRELATED	6BCFEE24-5F6A-41E0-AC2A-29901662EAC8	Javelin::ClientMessages::AoiComponentServerFacet_RequestDebugGridLayerList	288	COMMUNITY_REPORTED		CATALOG_NO_GETTER	2	0x1414D398A->0x146162150;0x1414D3992->0x1416C3920
0x1414D4216	0x1414D41D0	0x1414D425D	0x141703120	PROVIDER_UUID_CORRELATED	766D5FE1-BC24-45EA-A558-4A9409C60653	POISpawnerTrait::State	1870	COMMUNITY_REPORTED		CATALOG_NO_GETTER	2	0x1414D41DA->0x146162150;0x1414D41E2->0x141703120
0x1414D4326	0x1414D42E0	0x1414D436D	0x1416EBB20	PROVIDER_UUID_CORRELATED	DCB01CB8-D04A-40EA-A3AF-96604FE322FB	Javelin::ClientMessagesTrait::PlayerManagerRejectedMsg	1630	COMMUNITY_REPORTED		CATALOG_NO_GETTER	2	0x1414D42EA->0x146162150;0x1414D42F2->0x1416EBB20
0x1414D4756	0x1414D4710	0x1414D479D	0x1416F2D20	PROVIDER_UUID_CORRELATED	B3CC092D-033B-4B14-80C7-A561DCB98202	Javelin::DungeonMasterTrait::ReceiveOmnipresentActorsMsg	6889	COMMUNITY_REPORTED		CATALOG_NO_GETTER	2	0x1414D471A->0x146162150;0x1414D4722->0x1416F2D20
0x1414D4CF6	0x1414D4CB0	0x1414D4D3D	0x1416ED720	PROVIDER_UUID_CORRELATED	8C5617E4-4100-4EFB-845F-676586B80FB2	Javelin::CharacterServiceProxy::PublishCharacterMetadataResponse	361	COMMUNITY_REPORTED		CATALOG_NO_GETTER	2	0x1414D4CBA->0x146162150;0x1414D4CC2->0x1416ED720
0x1414D4F06	0x1414D4EC0	0x1414D4F4D	0x1416E5520	PROVIDER_UUID_CORRELATED	AF1E2899-B881-4DC9-8409-3348BD0A6FC9	Javelin::PlayerPresenceUtils::MessageReceiptHandlerTrait::OnMessageDeliveredMsg	5858	COMMUNITY_REPORTED		CATALOG_NO_GETTER	2	0x1414D4ECA->0x146162150;0x1414D4ED2->0x1416E5520
0x1414D5176	0x1414D5130	0x1414D51BD	0x1416ECB20	PROVIDER_UUID_CORRELATED	420FAAC4-E67F-4F26-AFA5-6A6DBFB562BB	Javelin::CharacterServiceProxyTrait::PrecheckWorldTransferMsg	4898	COMMUNITY_REPORTED		CATALOG_NO_GETTER	2	0x1414D513A->0x146162150;0x1414D5142->0x1416ECB20
0x1414D5216	0x1414D51D0	0x1414D525D	0x1416E5920	PROVIDER_UUID_CORRELATED	24429FDB-B385-45C2-929F-836F361FB9DD	Aoi::GridManagerPublic::OnNavAOIActorCreatedMsg	356	COMMUNITY_REPORTED		CATALOG_NO_GETTER	2	0x1414D51DA->0x146162150;0x1414D51E2->0x1416E5920
0x1414D52D6	0x1414D5290	0x1414D531D	0x1416D1320	PROVIDER_UUID_CORRELATED	240037C1-F398-44F2-B42F-F668A0DDF919	Aoi::GhostActor	1828	COMMUNITY_REPORTED		CATALOG_NO_GETTER	2	0x1414D529A->0x146162150;0x1414D52A2->0x1416D1320
0x1414D53B6	0x1414D5370	0x1414D53FD	0x1416F2920	PROVIDER_UUID_CORRELATED	81AAE8A5-B45B-4611-AF37-4E1989FE02D7	Aoi::BaseQueryResponseTrait::ReceiveGridsMsg	1738	COMMUNITY_REPORTED		CATALOG_NO_GETTER	2	0x1414D537A->0x146162150;0x1414D5382->0x1416F2920
0x1414D5546	0x1414D5500	0x1414D558D	0x141704D20	PROVIDER_UUID_CORRELATED	2C2D8084-B353-4B89-ADF2-92065C314A7C	Aoi::PlayerReceiverTrait::State	1697	COMMUNITY_REPORTED		CATALOG_NO_GETTER	2	0x1414D550A->0x146162150;0x1414D5512->0x141704D20
0x1414D5616	0x1414D55D0	0x1414D565D	0x1416F7D20	PROVIDER_UUID_CORRELATED	1B23FD1A-3F61-488A-ACC1-95561DB5C1D3	Aoi::PhysicsTrait::RequestCharacterPositionDeltaWithOrientationMsg	1802	COMMUNITY_REPORTED		CATALOG_NO_GETTER	2	0x1414D55DA->0x146162150;0x1414D55E2->0x1416F7D20
0x1414D56B6	0x1414D5670	0x1414D56FD	0x1416C3120	PROVIDER_UUID_CORRELATED	4CEF6589-AD7D-4CC8-B357-00176435B915	Javelin::ClientMessages::AoiComponentClientFacet_RequestDebugGridLayerListResponse	2025	COMMUNITY_REPORTED		CATALOG_NO_GETTER	2	0x1414D567A->0x146162150;0x1414D5682->0x1416C3120
0x1414D5DE6	0x1414D5DA0	0x1414D5E2D	0x1416F5920	PROVIDER_UUID_CORRELATED	C4FBA3DE-FC6F-46D1-A97B-DE12BC5EA6C7	POISpawnerTrait::RegisterPOIMetadataMsg	1232	COMMUNITY_REPORTED		CATALOG_NO_GETTER	2	0x1414D5DAA->0x146162150;0x1414D5DB2->0x1416F5920
0x1414D6A46	0x1414D6A00	0x1414D6A8D	0x1416DF320	PROVIDER_UUID_CORRELATED	45918D03-02E7-42A4-8A30-1B205F8C37FE	Javelin::ClientMessagesTrait::LevelInfoChangedMsg	1635	COMMUNITY_REPORTED		CATALOG_NO_GETTER	2	0x1414D6A0A->0x146162150;0x1414D6A12->0x1416DF320
0x1414D6FB6	0x1414D6F70	0x1414D6FFD	0x1416F6720	PROVIDER_UUID_CORRELATED	F160028B-87C5-44D6-85A6-AAE7D8C2B555	Aoi::RemoteGridProducerRef	6382	COMMUNITY_REPORTED		CATALOG_NO_GETTER	2	0x1414D6F7A->0x146162150;0x1414D6F82->0x1416F6720
0x1414D7126	0x1414D70E0	0x1414D716D	0x1416E1D20	PROVIDER_UUID_CORRELATED	05D370D1-0E6E-43AA-BD5A-3F87B0A605C7	Javelin::CharacterServiceProxy::NamePrefixSearchResponse	553	COMMUNITY_REPORTED		CATALOG_NO_GETTER	2	0x1414D70EA->0x146162150;0x1414D70F2->0x1416E1D20
0x1414D7586	0x1414D7540	0x1414D75CD	0x1416D6720	PROVIDER_UUID_CORRELATED	A54D5E8C-F490-4E6E-816F-7BD47ADF830E	Javelin::NotificationService::HandlerRegistrySingletonTrait	2184	COMMUNITY_REPORTED		CATALOG_NO_GETTER	2	0x1414D754A->0x146162150;0x1414D7552->0x1416D6720
0x1414D7766	0x1414D7720	0x1414D77AD	0x1416C8B20	PROVIDER_UUID_CORRELATED	80EED5A1-C6DA-4CEF-8B7A-A615B0072F67	Aoi::GridManagerPublic::DebugDumpLayoutMsg	1930	COMMUNITY_REPORTED		CATALOG_NO_GETTER	2	0x1414D772A->0x146162150;0x1414D7732->0x1416C8B20
0x1414D78C6	0x1414D7880	0x1414D790D	0x1416DF720	PROVIDER_UUID_CORRELATED	BBB73AB4-6EEB-4D9C-9A27-1BCA1B0821A8	Javelin::PlayerPresenceUtils::LocalPresenceSubscriberTrait	5859	COMMUNITY_REPORTED		CATALOG_NO_GETTER	2	0x1414D788A->0x146162150;0x1414D7892->0x1416DF720
0x1414D86C6	0x1414D8680	0x1414D870D	0x1416CA120	PROVIDER_UUID_CORRELATED	F351FE96-3A6F-4594-B0A6-1BE7943F42BC	Aoi::BaseQueryResponseTrait::DebugReceiveGridPhysicsStatsMsg	1744	COMMUNITY_REPORTED		CATALOG_NO_GETTER	2	0x1414D868A->0x146162150;0x1414D8692->0x1416CA120
0x1414D87F6	0x1414D87B0	0x1414D883D	0x1416F2F20	PROVIDER_UUID_CORRELATED	78DD8FA7-4C22-43EA-8B4C-9C8E84AE0FF5	Aoi::PlayerReceiverTrait::ReceivePlayerRefsMsg	531	COMMUNITY_REPORTED		CATALOG_NO_GETTER	2	0x1414D87BA->0x146162150;0x1414D87C2->0x1416F2F20
0x1414D8E06	0x1414D8DC0	0x1414D8E4D	0x1416E9B20	PROVIDER_UUID_CORRELATED	4C202EA5-26FA-499D-B95C-CFBFF2C540D6	Javelin::CharacterServiceProxyTrait::PatchCharacterAsTransferrableMsg	5230	COMMUNITY_REPORTED		CATALOG_NO_GETTER	2	0x1414D8DCA->0x146162150;0x1414D8DD2->0x1416E9B20
0x1414D8EB6	0x1414D8E70	0x1414D8EFD	0x1416C3320	PROVIDER_UUID_CORRELATED	A5B32642-F001-4E8A-AF84-59E5ABB592A8	Javelin::ClientMessages::AoiComponentServerFacet_DebugAssignGridLayer	643	COMMUNITY_REPORTED		CATALOG_NO_GETTER	2	0x1414D8E7A->0x146162150;0x1414D8E82->0x1416C3320
0x1414D93E6	0x1414D93A0	0x1414D942D	0x1416C4120	PROVIDER_UUID_CORRELATED	8B589C3F-5A66-4A08-9BE5-F0B46E7C289B	Javelin::BaseDungeonMasterActor	343	COMMUNITY_REPORTED		CATALOG_NO_GETTER	2	0x1414D93AA->0x146162150;0x1414D93B2->0x1416C4120
0x1414D9D76	0x1414D9D30	0x1414D9DBD	0x1416F8320	PROVIDER_UUID_CORRELATED	F2305DD9-2DA4-4B7F-BA33-DDB90AC23623	Aoi::PhysicsTrait::RequestCharacterSetPositionMsg	1019	COMMUNITY_REPORTED		CATALOG_NO_GETTER	2	0x1414D9D3A->0x146162150;0x1414D9D42->0x1416F8320
0x1414D9ED6	0x1414D9E90	0x1414D9F1D	0x1416DFB20	PROVIDER_UUID_CORRELATED	A1FB8257-0FED-4240-90A8-BE0DA57D5538	Javelin::MaintenanceModeNotifierTrait	4991	COMMUNITY_REPORTED		CATALOG_NO_GETTER	2	0x1414D9E9A->0x146162150;0x1414D9EA2->0x1416DFB20
0x1414DA136	0x1414DA0F0	0x1414DA17D	0x1416FB720	PROVIDER_UUID_CORRELATED	E68DCB4F-9479-4333-9A2D-5F9F78D9816C	POISpawnerTrait::RequestSpawnLocationByPercentageMsg	2081	COMMUNITY_REPORTED		CATALOG_NO_GETTER	2	0x1414DA0FA->0x146162150;0x1414DA102->0x1416FB720
0x1414DB5B6	0x1414DB570	0x1414DB5FD	0x1416E9D20	PROVIDER_UUID_CORRELATED	CCA9DDAD-9EE3-4279-AF63-5E0A071E1BEC	Javelin::CharacterServiceProxy::PatchCharacterResponse	1138	COMMUNITY_REPORTED		CATALOG_NO_GETTER	2	0x1414DB57A->0x146162150;0x1414DB582->0x1416E9D20
0x1414DB696	0x1414DB650	0x1414DB6DD	0x1416F6520	PROVIDER_UUID_CORRELATED	51A74E6C-7053-4214-A735-F6448CD66517	Javelin::ClientMessagesTrait::RemoteConfigChangedMsg	1639	COMMUNITY_REPORTED		CATALOG_NO_GETTER	2	0x1414DB65A->0x146162150;0x1414DB662->0x1416F6520
0x1414DB7D6	0x1414DB790	0x1414DB81D	0x1416D5B20	PROVIDER_UUID_CORRELATED	ED31C746-1290-4B2A-B863-364A745C24C4	Aoi::PassivePhasingGridSet::GridWithProducerRefs	6374	COMMUNITY_REPORTED		CATALOG_NO_GETTER	2	0x1414DB79A->0x146162150;0x1414DB7A2->0x1416D5B20
0x1414DB8B6	0x1414DB870	0x1414DB8FD	0x141702720	PROVIDER_UUID_CORRELATED	A0924A87-5031-4279-8CD0-9DD078DF8194	Javelin::NotificationService::HandlerRegistrySingletonTrait::State	1223	COMMUNITY_REPORTED		CATALOG_NO_GETTER	2	0x1414DB87A->0x146162150;0x1414DB882->0x141702720
0x1414DBB46	0x1414DBB00	0x1414DBB8D	0x1416C8D20	PROVIDER_UUID_CORRELATED	389811F9-72F8-4D1C-B33F-7D46CDBCB122	Aoi::GridManagerPublic::DebugDumpLoadMsg	1934	COMMUNITY_REPORTED		CATALOG_NO_GETTER	2	0x1414DBB0A->0x146162150;0x1414DBB12->0x1416C8D20
0x1414DC1A6	0x1414DC160	0x1414DC1ED	0x141702B20	PROVIDER_UUID_CORRELATED	69024DF1-0026-4DE3-AD7F-0C67ECD907FD	Javelin::PlayerPresenceUtils::LocalPresenceSubscriberTrait::State	5860	COMMUNITY_REPORTED		CATALOG_NO_GETTER	2	0x1414DC16A->0x146162150;0x1414DC172->0x141702B20
0x1414DCBC6	0x1414DCB80	0x1414DCC0D	0x1416E9F20	PROVIDER_UUID_CORRELATED	AEEC030D-078D-4079-BD94-274EFB113BE6	Javelin::CharacterServiceProxyTrait::PatchCharacterWorldIdMsg	211	COMMUNITY_REPORTED		CATALOG_NO_GETTER	2	0x1414DCB8A->0x146162150;0x1414DCB92->0x1416E9F20
0x1414DCC66	0x1414DCC20	0x1414DCCAD	0x1416C3520	PROVIDER_UUID_CORRELATED	D7A99D57-5888-4F95-B372-FFA45CE4D34A	Javelin::ClientMessages::AoiComponentServerFacet_DebugResetAoiTracking	1030	COMMUNITY_REPORTED		CATALOG_NO_GETTER	2	0x1414DCC2A->0x146162150;0x1414DCC32->0x1416C3520
0x1414DCD56	0x1414DCD10	0x1414DCD9D	0x1416CA320	PROVIDER_UUID_CORRELATED	D0226C8B-16E1-4722-890A-09F9939FA573	Aoi::BaseQueryResponseTrait::DebugReceiveServerTelemetryStatsMsg	1657	COMMUNITY_REPORTED		CATALOG_NO_GETTER	2	0x1414DCD1A->0x146162150;0x1414DCD22->0x1416CA320
0x1414DD176	0x1414DD130	0x1414DD1BD	0x141702D20	PROVIDER_UUID_CORRELATED	672E96A2-C2FE-4145-A835-D52A0FF51473	Javelin::MaintenanceModeNotifierTrait::State	4992	COMMUNITY_REPORTED		CATALOG_NO_GETTER	2	0x1414DD13A->0x146162150;0x1414DD142->0x141702D20
0x1414DD216	0x1414DD1D0	0x1414DD25D	0x1416DA520	PROVIDER_UUID_CORRELATED	D0AC7A2A-84A7-4DC9-A16B-CB33898FB351	Aoi::GhostActor::InitMsg	1704	COMMUNITY_REPORTED		CATALOG_NO_GETTER	2	0x1414DD1DA->0x146162150;0x1414DD1E2->0x1416DA520
0x1414DD606	0x1414DD5C0	0x1414DD64D	0x1416F8520	PROVIDER_UUID_CORRELATED	DFA3FA02-2AC9-4211-B9B2-F51C4EB6AF4D	Aoi::PhysicsTrait::RequestCharacterSetPositionWithOrientationMsg	1868	COMMUNITY_REPORTED		CATALOG_NO_GETTER	2	0x1414DD5CA->0x146162150;0x1414DD5D2->0x1416F8520
0x1414DD846	0x1414DD800	0x1414DD88D	0x1416EC720	PROVIDER_UUID_CORRELATED	ED3A8133-01CE-46FF-96A6-0ED7BFC511F7	Aoi::PlayerSpawnPointRequestTrait	790	COMMUNITY_REPORTED		CATALOG_NO_GETTER	2	0x1414DD80A->0x146162150;0x1414DD812->0x1416EC720
0x1414DD8D6	0x1414DD890	0x1414DD91D	0x1416FB120	PROVIDER_UUID_CORRELATED	D8BB814E-F917-4055-B821-823DCF65ED3D	POISpawnerTrait::RequestSpawnLocationByBoundsMsg	1001	COMMUNITY_REPORTED		CATALOG_NO_GETTER	2	0x1414DD89A->0x146162150;0x1414DD8A2->0x1416FB120
0x1414DDC16	0x1414DDBD0	0x1414DDC5D	0x1416ECD20	PROVIDER_UUID_CORRELATED	BD9F7BC7-54E8-4817-B18E-E8375A09FB1A		4901	COMMUNITY_REPORTED		CATALOG_NO_GETTER	2	0x1414DDBDA->0x146162150;0x1414DDBE2->0x1416ECD20
0x1414DE096	0x1414DE050	0x1414DE0DD	0x1416F4F20	PROVIDER_UUID_CORRELATED	7F5A38E2-0261-46D7-9C67-A471CB198540	Javelin::NotificationService::HandlerRegistrySingletonTrait::RegisterGdeDebugListenerMsg	2186	COMMUNITY_REPORTED		CATALOG_NO_GETTER	2	0x1414DE05A->0x146162150;0x1414DE062->0x1416F4F20
0x1414DE156	0x1414DE110	0x1414DE19D	0x1416C8520	PROVIDER_UUID_CORRELATED	0E86F8D7-3340-4396-B944-BA79385B394A	Javelin::ClientMessagesTrait::DebugCommandResponseMsg	102	COMMUNITY_REPORTED		CATALOG_NO_GETTER	2	0x1414DE11A->0x146162150;0x1414DE122->0x1416C8520
0x1414DE2E6	0x1414DE2A0	0x1414DE32D	0x1416C2720	PROVIDER_UUID_CORRELATED	4879E6FC-D074-4A77-8D0B-F2A7C0F051C1	Aoi::GridManagerPublicDynamic::AddGridLayerMsg	1787	COMMUNITY_REPORTED		CATALOG_NO_GETTER	2	0x1414DE2AA->0x146162150;0x1414DE2B2->0x1416C2720
0x1414DE636	0x1414DE5F0	0x1414DE67D	0x1416E6B20	PROVIDER_UUID_CORRELATED	2AD72037-44AD-4999-BEB9-FA20903A08E0	Javelin::PlayerPresenceUtils::LocalPresenceSubscriberTrait::OnPlayerPresenceChangedMsg	5842	COMMUNITY_REPORTED		CATALOG_NO_GETTER	2	0x1414DE5FA->0x146162150;0x1414DE602->0x1416E6B20
0x1414DE826	0x1414DE7E0	0x1414DE86D	0x1416E9520	PROVIDER_UUID_CORRELATED	08C2DF7B-5DDE-4670-9D1A-E055AA4BB7F2	Aoi::PassivePhasingGridSet	6383	COMMUNITY_REPORTED		CATALOG_NO_GETTER	2	0x1414DE7EA->0x146162150;0x1414DE7F2->0x1416E9520
0x1414DE9F6	0x1414DE9B0	0x1414DEA3D	0x141708D20	PROVIDER_UUID_CORRELATED	7AA3E754-E0D7-4E59-BA5E-78B07AB68286	TestInterface	2120	COMMUNITY_REPORTED		CATALOG_NO_GETTER	2	0x1414DE9BA->0x146162150;0x1414DE9C2->0x141708D20
0x1414DF136	0x1414DF0F0	0x1414DF17D	0x1416ED520	PROVIDER_UUID_CORRELATED	9448339A-B6A3-4EA5-BB5C-CB1AACCA0CE3	Javelin::CharacterServiceProxyTrait::PublishCharacterMetadataMsg	1581	COMMUNITY_REPORTED		CATALOG_NO_GETTER	2	0x1414DF0FA->0x146162150;0x1414DF102->0x1416ED520
0x1414DF456	0x1414DF410	0x1414DF49D	0x1416E5320	PROVIDER_UUID_CORRELATED	25C0BDB2-FF31-4BD1-BC58-72032D35C44A	Javelin::MaintenanceModeNotifierTrait::OnMaintenanceModeStatusUpdateMsg	4989	COMMUNITY_REPORTED		CATALOG_NO_GETTER	2	0x1414DF41A->0x146162150;0x1414DF422->0x1416E5320
0x1414DF7C6	0x1414DF780	0x1414DF80D	0x1416C9B20	PROVIDER_UUID_CORRELATED	1BC4679C-6CE7-44E5-826E-8F5406C60CC0	Aoi::BaseQueryResponseTrait::DebugReceiveGridAoiStatsMsg	87	COMMUNITY_REPORTED		CATALOG_NO_GETTER	2	0x1414DF78A->0x146162150;0x1414DF792->0x1416C9B20
0x1414DFE56	0x1414DFE10	0x1414DFE9D	0x1416F7F20	PROVIDER_UUID_CORRELATED	A0157CD7-1C42-45F2-8F11-B36C8C9FE046	Aoi::PhysicsTrait::RequestCharacterResizeMsg	873	COMMUNITY_REPORTED		CATALOG_NO_GETTER	2	0x1414DFE1A->0x146162150;0x1414DFE22->0x1416F7F20
0x1414E02E6	0x1414E02A0	0x1414E032D	0x141704F20	PROVIDER_UUID_CORRELATED	663324AA-9CA2-4265-A198-0CA64A9E6953	Aoi::PlayerSpawnPointRequestTrait::State	1392	COMMUNITY_REPORTED		CATALOG_NO_GETTER	2	0x1414E02AA->0x146162150;0x1414E02B2->0x141704F20
0x1414E0526	0x1414E04E0	0x1414E056D	0x1416FB320	PROVIDER_UUID_CORRELATED	27D62919-3FB1-471B-8600-07093C7F8A3B	POISpawnerTrait::RequestSpawnLocationByHubDistributionMsg	2084	COMMUNITY_REPORTED		CATALOG_NO_GETTER	2	0x1414E04EA->0x146162150;0x1414E04F2->0x1416FB320
0x1414E0636	0x1414E05F0	0x1414E067D	0x1416D1720	PROVIDER_UUID_CORRELATED	974B9519-0DA2-462B-B32C-B74541D0F6F1	Aoi::GhostClientActor	400	COMMUNITY_REPORTED		CATALOG_NO_GETTER	2	0x1414E05FA->0x146162150;0x1414E0602->0x1416D1720
0x1414E0936	0x1414E08F0	0x1414E097D	0x1416FDD20	PROVIDER_UUID_CORRELATED	65B9FBAC-EF50-416B-B783-7F1A9F33B29D	Javelin::SampleDungeonMaster	1997	COMMUNITY_REPORTED		CATALOG_NO_GETTER	2	0x1414E08FA->0x146162150;0x1414E0902->0x1416FDD20
0x1414E13F6	0x1414E13B0	0x1414E143D	0x14170AB20	PROVIDER_UUID_CORRELATED	808664C9-7F41-41CB-A033-90E032AC7A5B	Javelin::NotificationService::HandlerRegistrySingletonTrait::UnregisterListenersMsg	2189	COMMUNITY_REPORTED		CATALOG_NO_GETTER	2	0x1414E13BA->0x146162150;0x1414E13C2->0x14170AB20
0x1414E14E6	0x1414E14A0	0x1414E152D	0x1416F6D20	PROVIDER_UUID_CORRELATED	6585FDA0-3668-4B67-BD8D-33572607334A	Aoi::GridManagerPublicDynamic::RemoveGridLayerMsg	1941	COMMUNITY_REPORTED		CATALOG_NO_GETTER	2	0x1414E14AA->0x146162150;0x1414E14B2->0x1416F6D20
0x1414E16B6	0x1414E1670	0x1414E16FD	0x141707D20	PROVIDER_UUID_CORRELATED	785B0E27-F418-4D2F-AF24-EFC58815035C	ClientMessages::TestFacetedComponentServerFacet_FunctionCalledFromTheClient	1308	COMMUNITY_REPORTED		CATALOG_NO_GETTER	2	0x1414E167A->0x146162150;0x1414E1682->0x141707D20
0x1414E1BA6	0x1414E1B60	0x1414E1BED	0x1416E6D20	PROVIDER_UUID_CORRELATED	19CD6B4B-B960-49F5-93FD-449A94FE01F0	Javelin::PlayerPresenceUtils::LocalPresenceSubscriberTrait::OnPlayerPresenceTrackingTraitRefMsg	5845	COMMUNITY_REPORTED		CATALOG_NO_GETTER	2	0x1414E1B6A->0x146162150;0x1414E1B72->0x1416E6D20
0x1414E22B6	0x1414E2270	0x1414E22FD	0x1416D7120	PROVIDER_UUID_CORRELATED	AFC1945E-7751-4459-A2D9-3FA9C63582A0	Javelin::IDetectionNotifications	2048	COMMUNITY_REPORTED		CATALOG_NO_GETTER	2	0x1414E227A->0x146162150;0x1414E2282->0x1416D7120
0x1414E2416	0x1414E23D0	0x1414E245D	0x1416C9F20	PROVIDER_UUID_CORRELATED	0967926E-13BA-4EBD-AF90-8E859E268032	Aoi::BaseQueryResponseTrait::DebugReceiveGridLoadStatsMsg	5903	COMMUNITY_REPORTED		CATALOG_NO_GETTER	2	0x1414E23DA->0x146162150;0x1414E23E2->0x1416C9F20
0x1414E24D6	0x1414E2490	0x1414E251D	0x1416F8F20	PROVIDER_UUID_CORRELATED	F19756AD-1B44-4AFC-9C95-19889A46CD19	Aoi::PhysicsTrait::RequestIsCharacterReadyMsg	1344	COMMUNITY_REPORTED		CATALOG_NO_GETTER	2	0x1414E249A->0x146162150;0x1414E24A2->0x1416F8F20
0x1414E2566	0x1414E2520	0x1414E25AD	0x1416EC920	PROVIDER_UUID_CORRELATED	7EDAFF95-F499-4036-80AD-C707A3A48953	Aoi::PlayerSpawnPointResponseTrait	1301	COMMUNITY_REPORTED		CATALOG_NO_GETTER	2	0x1414E252A->0x146162150;0x1414E2532->0x1416EC920
0x1414E2936	0x1414E28F0	0x1414E297D	0x1416EDB20	PROVIDER_UUID_CORRELATED	1D93D403-CD47-4BCD-9032-58702445AE27	Javelin::CharacterServiceProxyTrait::PublishCharacterSocialDataMsg	1584	COMMUNITY_REPORTED		CATALOG_NO_GETTER	2	0x1414E28FA->0x146162150;0x1414E2902->0x1416EDB20
0x1414E2BD6	0x1414E2B90	0x1414E2C1D	0x1416FB520	PROVIDER_UUID_CORRELATED	6CCDB6BD-452B-4758-A2DA-4F25CD2FED55	POISpawnerTrait::RequestSpawnLocationByHubMaskMsg	1803	COMMUNITY_REPORTED		CATALOG_NO_GETTER	2	0x1414E2B9A->0x146162150;0x1414E2BA2->0x1416FB520
0x1414E3A26	0x1414E39E0	0x1414E3A6D	0x1416D3720	PROVIDER_UUID_CORRELATED	7CF9A4E6-3B29-4494-A3FA-850EE4FB130E	Aoi::GridManagerActor	1946	COMMUNITY_REPORTED		CATALOG_NO_GETTER	2	0x1414E39EA->0x146162150;0x1414E39F2->0x1416D3720
0x1414E3C06	0x1414E3BC0	0x1414E3C4D	0x141707F20	PROVIDER_UUID_CORRELATED	17078C5F-C39A-493F-85FD-35A663AFF2CD	ClientMessages::TestFacetedComponentServerFacet_GmFunction	1095	COMMUNITY_REPORTED		CATALOG_NO_GETTER	2	0x1414E3BCA->0x146162150;0x1414E3BD2->0x141707F20
0x1414E3DB6	0x1414E3D70	0x1414E3DFD	0x1416D6520	PROVIDER_UUID_CORRELATED	7A2022EE-3791-4CC1-A875-D84545C3BA94	Javelin::NotificationService::HandlerRegistrySingletonActor	2197	COMMUNITY_REPORTED		CATALOG_NO_GETTER	2	0x1414E3D7A->0x146162150;0x1414E3D82->0x1416D6520
0x1414E5056	0x1414E5010	0x1414E509D	0x1416CC320	PROVIDER_UUID_CORRELATED	B584E900-AC8C-43E1-B2FF-0543D108439C	Javelin::ClientMessages::DetectionVolumeComponentServerFacet_ToggleDebugRenderEnterExitEvents	6735	COMMUNITY_REPORTED		CATALOG_NO_GETTER	2	0x1414E501A->0x146162150;0x1414E5022->0x1416CC320
0x1414E5BF6	0x1414E5BB0	0x1414E5C3D	0x141705120	PROVIDER_UUID_CORRELATED	DA0436A2-3CEE-4C24-A251-0B6CD08D3AF4		1780	COMMUNITY_REPORTED		CATALOG_NO_GETTER	2	0x1414E5BBA->0x146162150;0x1414E5BC2->0x141705120
0x1414E6A16	0x1414E69D0	0x1414E6A5D	0x1416F8120	PROVIDER_UUID_CORRELATED	DAEB2106-CCDB-4F3C-A207-94742796D8F2	Aoi::PhysicsTrait::RequestCharacterSetHaltMotionOnCollisionMsg	48	COMMUNITY_REPORTED		CATALOG_NO_GETTER	2	0x1414E69DA->0x146162150;0x1414E69E2->0x1416F8120
0x1414E6BB6	0x1414E6B70	0x1414E6BFD	0x1416C9D20	PROVIDER_UUID_CORRELATED	B6BE40B0-A68A-40A2-80F1-5A1F61A8C497	Aoi::BaseQueryResponseTrait::DebugReceiveGridDetectionStatsMsg	1748	COMMUNITY_REPORTED		CATALOG_NO_GETTER	2	0x1414E6B7A->0x146162150;0x1414E6B82->0x1416C9D20
0x1414E6F16	0x1414E6ED0	0x1414E6F5D	0x1416EFB20	PROVIDER_UUID_CORRELATED	D5E58B3D-4DB4-4506-B51A-BCEC634DE71F	QueryShapeBase	2056	COMMUNITY_REPORTED		CATALOG_NO_GETTER	2	0x1414E6EDA->0x146162150;0x1414E6EE2->0x1416EFB20
0x1414E6FB6	0x1414E6F70	0x1414E6FFD	0x1416E1B20	PROVIDER_UUID_CORRELATED	C528FEA8-9894-44C7-8EFD-91CBD0C0DF68	Javelin::CharacterServiceProxyTrait::NamePrefixSearchMsg	1588	COMMUNITY_REPORTED		CATALOG_NO_GETTER	2	0x1414E6F7A->0x146162150;0x1414E6F82->0x1416E1B20
0x1414E74F6	0x1414E74B0	0x1414E753D	0x1416EA520	PROVIDER_UUID_CORRELATED	D1C9722F-C440-436A-BA73-95F993B86C74	PersistenceSpawnerTrait	1632	COMMUNITY_REPORTED		CATALOG_NO_GETTER	2	0x1414E74BA->0x146162150;0x1414E74C2->0x1416EA520
0x1414E7CB6	0x1414E7C70	0x1414E7CFD	0x141707B20	PROVIDER_UUID_CORRELATED	3A14E569-0ACC-4DE7-B552-E597FABCAA3A	ClientMessages::TestFacetedComponentServerFacet_DebugFunction	1036	COMMUNITY_REPORTED		CATALOG_NO_GETTER	2	0x1414E7C7A->0x146162150;0x1414E7C82->0x141707B20
0x1414E81D6	0x1414E8190	0x1414E821D	0x1416DA720	PROVIDER_UUID_CORRELATED	5928CF9C-6F86-4C56-9543-00901E9915C3	Aoi::GhostClientActor::InitMsg	1830	COMMUNITY_REPORTED		CATALOG_NO_GETTER	2	0x1414E819A->0x146162150;0x1414E81A2->0x1416DA720
0x1414E8346	0x1414E8300	0x1414E838D	0x1416DB320	PROVIDER_UUID_CORRELATED	ECD10E39-6F1C-4148-8CC1-17EF02A5DDBF	Javelin::SampleDungeonMaster::InitMsg	1999	COMMUNITY_REPORTED		CATALOG_NO_GETTER	2	0x1414E830A->0x146162150;0x1414E8312->0x1416DB320
0x1414E9516	0x1414E94D0	0x1414E955D	0x1416F9920	PROVIDER_UUID_CORRELATED	7D250375-53C4-4581-B6D5-69C38E58D64E	Aoi::PlayerSpawnPointRequestTrait::RequestPlayerSpawnPointMsg	527	COMMUNITY_REPORTED		CATALOG_NO_GETTER	2	0x1414E94DA->0x146162150;0x1414E94E2->0x1416F9920
0x1414E95F6	0x1414E95B0	0x1414E963D	0x1416FF720	PROVIDER_UUID_CORRELATED	A9ED2D58-8721-4D75-8BD5-6762BA8C27BD	SpawnerNotificationTrait	1700	COMMUNITY_REPORTED		CATALOG_NO_GETTER	2	0x1414E95BA->0x146162150;0x1414E95C2->0x1416FF720
0x1414E9A76	0x1414E9A30	0x1414E9ABD	0x1416CA520	PROVIDER_UUID_CORRELATED	7980C89C-B897-4F5F-9E00-5F84E3B4A70B	Aoi::BaseQueryResponseTrait::DebugReceiveTopMemoryUsageCallstacksFromServerMsg	578	COMMUNITY_REPORTED		CATALOG_NO_GETTER	2	0x1414E9A3A->0x146162150;0x1414E9A42->0x1416CA520
0x1414E9E16	0x1414E9DD0	0x1414E9E5D	0x1416CCF20	PROVIDER_UUID_CORRELATED	74DAE6FC-8008-44E9-A5C6-9FB7EC2D15FA	Aoi::PhysicsTrait::EnableCharacterRepulsorMsg	1872	COMMUNITY_REPORTED		CATALOG_NO_GETTER	2	0x1414E9DDA->0x146162150;0x1414E9DE2->0x1416CCF20
0x1414EA186	0x1414EA140	0x1414EA1CD	0x1416EFD20	PROVIDER_UUID_CORRELATED	040A16E0-7944-40A7-8016-0ECBF2CDF5DE	QueryShapeBox	2057	COMMUNITY_REPORTED		CATALOG_NO_GETTER	2	0x1414EA14A->0x146162150;0x1414EA152->0x1416EFD20
0x1414EA3A6	0x1414EA360	0x1414EA3ED	0x141703B20	PROVIDER_UUID_CORRELATED	BE416397-54BA-459F-954B-A948A7FC1B7A	PersistenceSpawnerTrait::State	1642	COMMUNITY_REPORTED		CATALOG_NO_GETTER	2	0x1414EA36A->0x146162150;0x1414EA372->0x141703B20
0x1414EA9B6	0x1414EA970	0x1414EA9FD	0x1416E3920	PROVIDER_UUID_CORRELATED	196DBED0-17E6-4DD8-9FAB-B647D7D3D766	Javelin::CharacterServiceProxyTrait::OnGetCharacterDataResponseMsg	1593	COMMUNITY_REPORTED		CATALOG_NO_GETTER	2	0x1414EA97A->0x146162150;0x1414EA982->0x1416E3920
0x1414EAA56	0x1414EAA10	0x1414EAA9D	0x141708B20	PROVIDER_UUID_CORRELATED	5C40CA2A-C8BD-44CE-8C16-E13C3F119E77	ClientMessages::TestFacetedComponentServerFacet_ToggleReplicatedStateBool	2122	COMMUNITY_REPORTED		CATALOG_NO_GETTER	2	0x1414EAA1A->0x146162150;0x1414EAA22->0x141708B20
0x1414EB186	0x1414EB140	0x1414EB1CD	0x1416D1D20	PROVIDER_UUID_CORRELATED	28CF0B99-2B35-4B8D-A28B-79F520F520CA	Aoi::GlobalEntityListener	6155	COMMUNITY_REPORTED		CATALOG_NO_GETTER	2	0x1414EB14A->0x146162150;0x1414EB152->0x1416D1D20
0x1414EB4E6	0x1414EB4A0	0x1414EB52D	0x1416DAB20	PROVIDER_UUID_CORRELATED	096D99F8-A8B9-400F-9876-B18879F63284	Aoi::GridManagerActor::InitMsg	693	COMMUNITY_REPORTED		CATALOG_NO_GETTER	2	0x1414EB4AA->0x146162150;0x1414EB4B2->0x1416DAB20
0x1414EB596	0x1414EB550	0x1414EB5DD	0x1416DAD20	PROVIDER_UUID_CORRELATED	C2D4B339-2C6F-465D-AFD4-27BF930D6538	Javelin::NotificationService::HandlerRegistrySingletonActor::InitMsg	2198	COMMUNITY_REPORTED		CATALOG_NO_GETTER	2	0x1414EB55A->0x146162150;0x1414EB562->0x1416DAD20
0x1414EB6A6	0x1414EB660	0x1414EB6ED	0x141705F20	PROVIDER_UUID_CORRELATED	8A79B4DF-25E3-4584-BEAD-26744DCC5775	SpawnerNotificationTrait::State	1701	COMMUNITY_REPORTED		CATALOG_NO_GETTER	2	0x1414EB66A->0x146162150;0x1414EB672->0x141705F20
0x1414EB8B6	0x1414EB870	0x1414EB8FD	0x1416F8D20	PROVIDER_UUID_CORRELATED	DDD0AB85-A240-4F22-BB59-095629C4246A	Aoi::PlayerSpawnPointRequestTrait::RequestFtueInstanceCreationMsg	682	COMMUNITY_REPORTED		CATALOG_NO_GETTER	2	0x1414EB87A->0x146162150;0x1414EB882->0x1416F8D20
0x1414EBE76	0x1414EBE30	0x1414EBEBD	0x1416C4920	PROVIDER_UUID_CORRELATED	BDD602B7-425D-4D3C-BED3-0D0E2B8611CD	Aoi::BaseQueryTrait	1601	COMMUNITY_REPORTED		CATALOG_NO_GETTER	2	0x1414EBE3A->0x146162150;0x1414EBE42->0x1416C4920
0x1414ECC16	0x1414ECBD0	0x1414ECC5D	0x1416FCB20	PROVIDER_UUID_CORRELATED	DE1A18A9-CE9E-4336-8DF8-698A73C579D4	PersistenceSpawnerTrait::RestoreActorByActorIdMsg	972	COMMUNITY_REPORTED		CATALOG_NO_GETTER	2	0x1414ECBDA->0x146162150;0x1414ECBE2->0x1416FCB20
0x1414ED046	0x1414ED000	0x1414ED08D	0x1416C5720	PROVIDER_UUID_CORRELATED	3718D66C-4EF2-4739-9B10-B31CE66C2150	Aoi::PhysicsTrait::ChangeCharacterColliderMsg	5873	COMMUNITY_REPORTED		CATALOG_NO_GETTER	2	0x1414ED00A->0x146162150;0x1414ED012->0x1416C5720
0x1414ED2A6	0x1414ED260	0x1414ED2ED	0x1416EF920	PROVIDER_UUID_CORRELATED	46089685-3E19-4710-92BA-1FE3DE7B6163	QueryShapeAabb	2060	COMMUNITY_REPORTED		CATALOG_NO_GETTER	2	0x1414ED26A->0x146162150;0x1414ED272->0x1416EF920
0x1414ED406	0x1414ED3C0	0x1414ED44D	0x141708920	PROVIDER_UUID_CORRELATED	169BFF60-290A-4D27-A2A3-010394E711C1	ClientMessages::TestFacetedComponentServerFacet_SetUserString	1605	COMMUNITY_REPORTED		CATALOG_NO_GETTER	2	0x1414ED3CA->0x146162150;0x1414ED3D2->0x141708920
0x1414ED506	0x1414ED4C0	0x1414ED54D	0x1416D8320	PROVIDER_UUID_CORRELATED	CD7EAFBA-9D6E-42E8-99D2-EBEF1794C060	Javelin::MatchmakingService::IMatchmakingNotificationHandler	5410	COMMUNITY_REPORTED		CATALOG_NO_GETTER	2	0x1414ED4CA->0x146162150;0x1414ED4D2->0x1416D8320
0x1414ED686	0x1414ED640	0x1414ED6CD	0x1416E7320	PROVIDER_UUID_CORRELATED	D557C016-D1E8-47DD-BB00-67CD811FB7CE	Javelin::CharacterServiceProxyTrait::OnPublishCharacterMetadataResponseMsg	147	COMMUNITY_REPORTED		CATALOG_NO_GETTER	2	0x1414ED64A->0x146162150;0x1414ED652->0x1416E7320
0x1414EE2F6	0x1414EE2B0	0x1414EE33D	0x1416E8120	PROVIDER_UUID_CORRELATED	C27CCA6B-2D72-4629-903B-393642377589	SpawnerNotificationTrait::OnSlicesSpawnedMsg	1702	COMMUNITY_REPORTED		CATALOG_NO_GETTER	2	0x1414EE2BA->0x146162150;0x1414EE2C2->0x1416E8120
0x1414EE3A6	0x1414EE360	0x1414EE3ED	0x1416C8920	PROVIDER_UUID_CORRELATED	B28DFF2C-7A00-4740-A6E0-11B0DFE70A72	Javelin::DebugConsoleClientMessages	6139	COMMUNITY_REPORTED		CATALOG_NO_GETTER	2	0x1414EE36A->0x146162150;0x1414EE372->0x1416C8920
0x1414EEBE6	0x1414EEBA0	0x1414EEC2D	0x1416F3520	PROVIDER_UUID_CORRELATED	30DF0286-BD70-4A2F-8031-AC509418AA3A	Aoi::PlayerSpawnPointResponseTrait::ReceivePlayerSpawnPointSuccessMsg	1781	COMMUNITY_REPORTED		CATALOG_NO_GETTER	2	0x1414EEBAA->0x146162150;0x1414EEBB2->0x1416F3520
0x1414EEDB6	0x1414EED70	0x1414EEDFD	0x141700520	PROVIDER_UUID_CORRELATED	7ABE5AA4-43EA-4324-B5D1-15B1D3546A59	Aoi::BaseQueryTrait::State	1753	COMMUNITY_REPORTED		CATALOG_NO_GETTER	2	0x1414EED7A->0x146162150;0x1414EED82->0x141700520
0x1414EF156	0x1414EF110	0x1414EF19D	0x1416F5120	PROVIDER_UUID_CORRELATED	F5C0A105-2FFA-4EE2-A2E3-A52330D3F538	Aoi::PhysicsTrait::RegisterGhostMsg	298	COMMUNITY_REPORTED		CATALOG_NO_GETTER	2	0x1414EF11A->0x146162150;0x1414EF122->0x1416F5120
0x1414EF276	0x1414EF230	0x1414EF2BD	0x1416F0720	PROVIDER_UUID_CORRELATED	4CF7921F-264E-4460-8F20-C66A0C7E64F8	QueryShapeSphere	1063	COMMUNITY_REPORTED		CATALOG_NO_GETTER	2	0x1414EF23A->0x146162150;0x1414EF242->0x1416F0720
0x1414EF406	0x1414EF3C0	0x1414EF44D	0x141708120	PROVIDER_UUID_CORRELATED	D575F736-C052-4D87-98BD-30FC160E9600	ClientMessages::TestFacetedComponentServerFacet_PushUserString	1767	COMMUNITY_REPORTED		CATALOG_NO_GETTER	2	0x1414EF3CA->0x146162150;0x1414EF3D2->0x141708120
0x1414EF7F6	0x1414EF7B0	0x1414EF83D	0x1416FCD20	PROVIDER_UUID_CORRELATED	0D18E62D-4212-413C-9986-2C14C5D6CB20	PersistenceSpawnerTrait::RestoreActorsByMonikerIndexMsg	555	COMMUNITY_REPORTED		CATALOG_NO_GETTER	2	0x1414EF7BA->0x146162150;0x1414EF7C2->0x1416FCD20
0x1414EFEE6	0x1414EFEA0	0x1414EFF2D	0x1416E7520	PROVIDER_UUID_CORRELATED	6B5A4292-1248-4D21-8A18-75FBF09D7DFC	Javelin::CharacterServiceProxyTrait::OnPublishCharacterSocialDataResponseMsg	1595	COMMUNITY_REPORTED		CATALOG_NO_GETTER	2	0x1414EFEAA->0x146162150;0x1414EFEB2->0x1416E7520
0x1414EFF86	0x1414EFF40	0x1414EFFCD	0x1416E0320	PROVIDER_UUID_CORRELATED	7691B02C-E6A6-4133-B694-CEF3F2A8BCFD	Javelin::NotificationService::Message	512	COMMUNITY_REPORTED		CATALOG_NO_GETTER	2	0x1414EFF4A->0x146162150;0x1414EFF52->0x1416E0320
0x1414F0206	0x1414F01C0	0x1414F024D	0x1416FF920	PROVIDER_UUID_CORRELATED	74CB9C69-C71D-4447-8E2B-CA329B8B7A43	SpawnerTrait	1620	COMMUNITY_REPORTED		CATALOG_NO_GETTER	2	0x1414F01CA->0x146162150;0x1414F01D2->0x1416FF920
0x1414F0366	0x1414F0320	0x1414F03AD	0x141701120	PROVIDER_UUID_CORRELATED	BEF61C52-4509-4CF6-A869-AC76BAA445AC	Javelin::DebugConsoleClientMessages::State	6142	COMMUNITY_REPORTED		CATALOG_NO_GETTER	2	0x1414F032A->0x146162150;0x1414F0332->0x141701120
0x1414F0946	0x1414F0900	0x1414F098D	0x1416EE120	PROVIDER_UUID_CORRELATED	248FAEB9-03C8-43E0-B916-2E6A10D59C57	Aoi::BaseQueryTrait::QueryAabbMsg	1756	COMMUNITY_REPORTED		CATALOG_NO_GETTER	2	0x1414F090A->0x146162150;0x1414F0912->0x1416EE120
0x1414F0C46	0x1414F0C00	0x1414F0C8D	0x1416F3120	PROVIDER_UUID_CORRELATED	D27369C4-4010-48DD-9A09-49A3A25D9905	Aoi::PlayerSpawnPointResponseTrait::ReceivePlayerSpawnPointFailureMsg	614	COMMUNITY_REPORTED		CATALOG_NO_GETTER	2	0x1414F0C0A->0x146162150;0x1414F0C12->0x1416F3120
0x1414F1026	0x1414F0FE0	0x1414F106D	0x141708520	PROVIDER_UUID_CORRELATED	FA8CC193-F3ED-4057-97D5-D868B1348900	ClientMessages::TestFacetedComponentServerFacet_RemoveUserString	2126	COMMUNITY_REPORTED		CATALOG_NO_GETTER	2	0x1414F0FEA->0x146162150;0x1414F0FF2->0x141708520
0x1414F1186	0x1414F1140	0x1414F11CD	0x1416EFF20	PROVIDER_UUID_CORRELATED	DE661121-B5F4-4EE9-9CBC-0FDEAE6E3918	QueryShapeCapsule	2063	COMMUNITY_REPORTED		CATALOG_NO_GETTER	2	0x1414F114A->0x146162150;0x1414F1152->0x1416EFF20
0x1414F13C6	0x1414F1380	0x1414F140D	0x14170A720	PROVIDER_UUID_CORRELATED	106CF1C4-4D2E-4E7C-9117-B0616B8F2368	Aoi::PhysicsTrait::UnregisterGhostMsg	957	COMMUNITY_REPORTED		CATALOG_NO_GETTER	2	0x1414F138A->0x146162150;0x1414F1392->0x14170A720
0x1414F1BD6	0x1414F1B90	0x1414F1C1D	0x1416FD120	PROVIDER_UUID_CORRELATED	31F56469-B32D-4561-BC10-B5CBA5250956	PersistenceSpawnerTrait::RestoreOrSpawnActorsByMonikerIndexMsg	728	COMMUNITY_REPORTED		CATALOG_NO_GETTER	2	0x1414F1B9A->0x146162150;0x1414F1BA2->0x1416FD120
0x1414F1ED6	0x1414F1E90	0x1414F1F1D	0x1416E5720	PROVIDER_UUID_CORRELATED	73436D2B-0BBF-4214-A05F-B37B1ABD6E06	Javelin::CharacterServiceProxyTrait::OnNamePrefixSearchResponseMsg	1197	COMMUNITY_REPORTED		CATALOG_NO_GETTER	2	0x1414F1E9A->0x146162150;0x1414F1EA2->0x1416E5720
0x1414F1F76	0x1414F1F30	0x1414F1FBD	0x1416FE720	PROVIDER_UUID_CORRELATED	72087A09-9186-4AF1-AC2F-C9FF5941A63B	Javelin::NotificationService::SimpleMessage	2199	COMMUNITY_REPORTED		CATALOG_NO_GETTER	2	0x1414F1F3A->0x146162150;0x1414F1F42->0x1416FE720
0x1414F2586	0x1414F2540	0x1414F25CD	0x141706120	PROVIDER_UUID_CORRELATED	45FB94B6-4016-478F-916C-E34BA46C352D	SpawnerTrait::State	1703	COMMUNITY_REPORTED		CATALOG_NO_GETTER	2	0x1414F254A->0x146162150;0x1414F2552->0x141706120
0x1414F2666	0x1414F2620	0x1414F26AD	0x1416E8720	PROVIDER_UUID_CORRELATED	663EA64F-42C1-4C96-836F-C4DE83FBC1B9	Javelin::DebugConsoleClientMessages::OnUpdateDebugConsolePlayerInfoMsg	6137	COMMUNITY_REPORTED		CATALOG_NO_GETTER	2	0x1414F262A->0x146162150;0x1414F2632->0x1416E8720
0x1414F36B6	0x1414F3670	0x1414F36FD	0x1416EF520	PROVIDER_UUID_CORRELATED	B981F363-CB05-4CD1-9654-99FC41E7862B		1758	COMMUNITY_REPORTED		CATALOG_NO_GETTER	2	0x1414F367A->0x146162150;0x1414F3682->0x1416EF520
0x1414F3956	0x1414F3910	0x1414F399D	0x141708720	PROVIDER_UUID_CORRELATED	F67A3447-DF9F-42BD-8BEF-7C4029864966	ClientMessages::TestFacetedComponentServerFacet_SetUserMapPair	2128	COMMUNITY_REPORTED		CATALOG_NO_GETTER	2	0x1414F391A->0x146162150;0x1414F3922->0x141708720
0x1414F3A66	0x1414F3A20	0x1414F3AAD	0x14170B720	PROVIDER_UUID_CORRELATED	5D26D039-5623-41D2-9380-B9938D37483C	Aoi::PhysicsTrait::UpdateGhostMsg	1877	COMMUNITY_REPORTED		CATALOG_NO_GETTER	2	0x1414F3A2A->0x146162150;0x1414F3A32->0x14170B720
0x1414F3B06	0x1414F3AC0	0x1414F3B4D	0x1416FC520	PROVIDER_UUID_CORRELATED	7AD43E3C-6A87-4699-8FFB-987D71771C5B	Aoi::PlayerSpawnPointResponseTrait::ResponseFtueInstanceCreationMsg	1782	COMMUNITY_REPORTED		CATALOG_NO_GETTER	2	0x1414F3ACA->0x146162150;0x1414F3AD2->0x1416FC520
0x1414F3C86	0x1414F3C40	0x1414F3CCD	0x1416CD320	PROVIDER_UUID_CORRELATED	1BBFC9F5-A7C5-426B-B12D-F5CD095A1C0B	Javelin::EntitlementRemoteMessages	889	COMMUNITY_REPORTED		CATALOG_NO_GETTER	2	0x1414F3C4A->0x146162150;0x1414F3C52->0x1416CD320
0x1414F3D86	0x1414F3D40	0x1414F3DCD	0x1416F0120	PROVIDER_UUID_CORRELATED	3D8A4106-AC5F-435C-A10D-2E494E0A6DA9	QueryShapeCylinder	2066	COMMUNITY_REPORTED		CATALOG_NO_GETTER	2	0x1414F3D4A->0x146162150;0x1414F3D52->0x1416F0120
0x1414F4086	0x1414F4040	0x1414F40CD	0x1416CE320	PROVIDER_UUID_CORRELATED	8E1275A1-3047-4A1C-9E46-20FB5E4AEDAB	Javelin::NotificationService::FcsMessage	2202	COMMUNITY_REPORTED		CATALOG_NO_GETTER	2	0x1414F404A->0x146162150;0x1414F4052->0x1416CE320
0x1414F4866	0x1414F4820	0x1414F48AD	0x1416FF320	PROVIDER_UUID_CORRELATED	9E5EAB7D-1CE0-444F-B805-30D2E1AE3CE9	SpawnerTrait::SpawnSliceLocallyMsg	1705	COMMUNITY_REPORTED		CATALOG_NO_GETTER	2	0x1414F482A->0x146162150;0x1414F4832->0x1416FF320
0x1414F4906	0x1414F48C0	0x1414F494D	0x1416E7120	PROVIDER_UUID_CORRELATED	9A98B4D9-A0D4-4F4F-8030-C36E3279D2E4	Javelin::CharacterServiceProxyTrait::OnPrecheckWorldTransferResponseMsg	4899	COMMUNITY_REPORTED		CATALOG_NO_GETTER	2	0x1414F48CA->0x146162150;0x1414F48D2->0x1416E7120
0x1414F4996	0x1414F4950	0x1414F49DD	0x1416FCF20	PROVIDER_UUID_CORRELATED	899C6998-CFE7-4C7D-934B-FC3DC3C39F74	PersistenceSpawnerTrait::RestoreActorsBySpatialIndexMsg	1060	COMMUNITY_REPORTED		CATALOG_NO_GETTER	2	0x1414F495A->0x146162150;0x1414F4962->0x1416FCF20
0x1414F4C06	0x1414F4BC0	0x1414F4C4D	0x1416E8520	PROVIDER_UUID_CORRELATED	3F5EB97D-B15D-4526-B160-2107215BF761	Javelin::DebugConsoleClientMessages::OnUpdateDebugConsoleDMInfoMsg	6345	COMMUNITY_REPORTED		CATALOG_NO_GETTER	2	0x1414F4BCA->0x146162150;0x1414F4BD2->0x1416E8520
0x1414F53C6	0x1414F5380	0x1414F540D	0x141708320	PROVIDER_UUID_CORRELATED	179F4D10-3755-4679-BD48-71E224933A89	ClientMessages::TestFacetedComponentServerFacet_RemoveUserMapKey	2131	COMMUNITY_REPORTED		CATALOG_NO_GETTER	2	0x1414F538A->0x146162150;0x1414F5392->0x141708320
0x1414F5756	0x1414F5710	0x1414F579D	0x14170B920	PROVIDER_UUID_CORRELATED	A60FABC0-6D54-4BAF-8BF9-CACC0BA1DE19	Aoi::PhysicsTrait::UpdateGhostShapeMsg	4900	COMMUNITY_REPORTED		CATALOG_NO_GETTER	2	0x1414F571A->0x146162150;0x1414F5722->0x14170B920
0x1414F5926	0x1414F58E0	0x1414F596D	0x1416EF120	PROVIDER_UUID_CORRELATED	F448F8ED-030F-4F86-AB47-EC096B689F3E	Aoi::BaseQueryTrait::QueryRayCastBatchMsg	638	COMMUNITY_REPORTED		CATALOG_NO_GETTER	2	0x1414F58EA->0x146162150;0x1414F58F2->0x1416EF120
0x1414F5DE6	0x1414F5DA0	0x1414F5E2D	0x1416F0520	PROVIDER_UUID_CORRELATED	B26E087D-23C6-467F-AAB8-380067A1B76B	QueryShapePolygonPrismTEMP	477	COMMUNITY_REPORTED		CATALOG_NO_GETTER	2	0x1414F5DAA->0x146162150;0x1414F5DB2->0x1416F0520
0x1414F6056	0x1414F6010	0x1414F609D	0x1416EA120	PROVIDER_UUID_CORRELATED	8F1DB040-BA47-4053-86FA-6342DB3D145D	Javelin::NotificationService::PenaltyMessage	2203	COMMUNITY_REPORTED		CATALOG_NO_GETTER	2	0x1414F601A->0x146162150;0x1414F6022->0x1416EA120
0x1414F6606	0x1414F65C0	0x1414F664D	0x1416CC520	PROVIDER_UUID_CORRELATED	1C9066DD-D321-4D90-A049-C53A64BBAFE0	Aoi::DetectorGridActorClient	6288	COMMUNITY_REPORTED		CATALOG_NO_GETTER	2	0x1414F65CA->0x146162150;0x1414F65D2->0x1416CC520
0x1414F6796	0x1414F6750	0x1414F67DD	0x1416FED20	PROVIDER_UUID_CORRELATED	BE147B7C-FD8C-428A-9BF0-266F78B43997	PersistenceSpawnerHelper::SpawnNewPersistentActorClosure	1644	COMMUNITY_REPORTED		CATALOG_NO_GETTER	2	0x1414F675A->0x146162150;0x1414F6762->0x1416FED20
0x1414F6846	0x1414F6800	0x1414F688D	0x1416E5F20	PROVIDER_UUID_CORRELATED	81D6D974-A1E8-4F69-9C02-8878359CF254	Javelin::CharacterServiceProxyTrait::OnPatchCharacterWorldResponseMsg	1580	COMMUNITY_REPORTED		CATALOG_NO_GETTER	2	0x1414F680A->0x146162150;0x1414F6812->0x1416E5F20
0x1414F6A06	0x1414F69C0	0x1414F6A4D	0x1416FF520	PROVIDER_UUID_CORRELATED	F5CEF9F2-1FD7-4D0F-9B48-207B1FCFD86F	SpawnerTrait::SpawnSlicesLocallyMsg	1706	COMMUNITY_REPORTED		CATALOG_NO_GETTER	2	0x1414F69CA->0x146162150;0x1414F69D2->0x1416FF520
0x1414F6F06	0x1414F6EC0	0x1414F6F4D	0x141707520	PROVIDER_UUID_CORRELATED	9F47970A-8BCB-495D-9397-554F33F7528A	ClientMessages::TestFacetedComponentClientFacet_FunctionCalledFromTheServer	2119	COMMUNITY_REPORTED		CATALOG_NO_GETTER	2	0x1414F6ECA->0x146162150;0x1414F6ED2->0x141707520
0x1414F7536	0x1414F74F0	0x1414F757D	0x1416F6120	PROVIDER_UUID_CORRELATED	EF29CDA4-36CC-4A18-8767-0220DCC7EDED	Aoi::PhysicsTrait::RegisterTerrainChunkMsg	1661	COMMUNITY_REPORTED		CATALOG_NO_GETTER	2	0x1414F74FA->0x146162150;0x1414F7502->0x1416F6120
0x1414F75F6	0x1414F75B0	0x1414F763D	0x14170D320	PROVIDER_UUID_CORRELATED	FFD991D6-BB79-4EF8-8C6A-36D80157628B	Javelin::WorldMetadataNotifierTrait	4987	COMMUNITY_REPORTED		CATALOG_NO_GETTER	2	0x1414F75BA->0x146162150;0x1414F75C2->0x14170D320
0x1414F7716	0x1414F76D0	0x1414F775D	0x1416EE720	PROVIDER_UUID_CORRELATED	3139B467-D252-4A1F-8848-0F5B66385BC1	Aoi::BaseQueryTrait::QueryLinearShapeCastMsg	1720	COMMUNITY_REPORTED		CATALOG_NO_GETTER	2	0x1414F76DA->0x146162150;0x1414F76E2->0x1416EE720
0x1414F77E6	0x1414F77A0	0x1414F782D	0x1416C7720	PROVIDER_UUID_CORRELATED	9745426C-0286-4E1C-8D42-06BF18FA8B80	Javelin::NotificationService::CompanyCompensateMessage	4855	COMMUNITY_REPORTED		CATALOG_NO_GETTER	2	0x1414F77AA->0x146162150;0x1414F77B2->0x1416C7720
0x1414F78C6	0x1414F7880	0x1414F790D	0x1416F0320	PROVIDER_UUID_CORRELATED	C824FAA6-A566-42E3-BE2F-5EA7B35590E7	QueryShapePoint	850	COMMUNITY_REPORTED		CATALOG_NO_GETTER	2	0x1414F788A->0x146162150;0x1414F7892->0x1416F0320
0x1414F7B36	0x1414F7AF0	0x1414F7B7D	0x1416FEB20	PROVIDER_UUID_CORRELATED	5841FE05-4DFE-415B-9FC0-7FEB6AA1870F	SpawnerTrait::SpawnActorLocallyMsg	1709	COMMUNITY_REPORTED		CATALOG_NO_GETTER	2	0x1414F7AFA->0x146162150;0x1414F7B02->0x1416FEB20
0x1414F7C16	0x1414F7BD0	0x1414F7C5D	0x1416E6720	PROVIDER_UUID_CORRELATED	264EDA79-9B0A-449C-BD14-4C70E071E715	Javelin::CharacterServiceProxyTrait::OnPlayerDisconnectedForCrossWorldMsg	5909	COMMUNITY_REPORTED		CATALOG_NO_GETTER	2	0x1414F7BDA->0x146162150;0x1414F7BE2->0x1416E6720
0x1414F7F56	0x1414F7F10	0x1414F7F9D	0x141707720	PROVIDER_UUID_CORRELATED	B8C92B84-7FED-4A33-A540-708042D1DEA8	ClientMessages::TestFacetedComponentClientFacet_OnSync	2132	COMMUNITY_REPORTED		CATALOG_NO_GETTER	2	0x1414F7F1A->0x146162150;0x1414F7F22->0x141707720
0x1414F8646	0x1414F8600	0x1414F868D	0x141706920	PROVIDER_UUID_CORRELATED	2E112376-80D9-4FD1-8F5B-1C2379F133EE	Javelin::WorldMetadataNotifierTrait::State	4993	COMMUNITY_REPORTED		CATALOG_NO_GETTER	2	0x1414F860A->0x146162150;0x1414F8612->0x141706920
0x1414F8806	0x1414F87C0	0x1414F884D	0x1416ED320	PROVIDER_UUID_CORRELATED	DC8BDD70-603D-4CC4-B110-2EF58AE8C944	Javelin::NotificationService::PublicWorldStatusChangedMessage	6549	COMMUNITY_REPORTED		CATALOG_NO_GETTER	2	0x1414F87CA->0x146162150;0x1414F87D2->0x1416ED320
0x1414F8956	0x1414F8910	0x1414F899D	0x14170B120	PROVIDER_UUID_CORRELATED	D41546B0-EE1E-4A0B-9874-FED7F5992771	Aoi::PhysicsTrait::UnregisterTerrainChunkMsg	155	COMMUNITY_REPORTED		CATALOG_NO_GETTER	2	0x1414F891A->0x146162150;0x1414F8922->0x14170B120
0x1414F8A06	0x1414F89C0	0x1414F8A4D	0x1416EED20	PROVIDER_UUID_CORRELATED	6EBBB9C4-74A1-428E-B1A8-CA0D76732D3B	Aoi::BaseQueryTrait::QueryNonlinearShapeCastMsg	1759	COMMUNITY_REPORTED		CATALOG_NO_GETTER	2	0x1414F89CA->0x146162150;0x1414F89D2->0x1416EED20
0x1414F9216	0x1414F91D0	0x1414F925D	0x1416C9120	PROVIDER_UUID_CORRELATED	FCF6740E-77F2-49BE-A368-84A6230BE84E	Javelin::CharacterServiceProxyTrait::DebugGenerateCharacterDataMsg	1599	COMMUNITY_REPORTED		CATALOG_NO_GETTER	2	0x1414F91DA->0x146162150;0x1414F91E2->0x1416C9120
0x1414F9666	0x1414F9620	0x1414F96AD	0x1416CAF20	PROVIDER_UUID_CORRELATED	5227AC94-4F53-4BFB-816B-500407798CE2	Coat::EbusMessages::DebugSpawnInfoReceiverInterface_ReceiveAISpawnManagerDebugInfo	6634	COMMUNITY_REPORTED		CATALOG_NO_GETTER	2	0x1414F962A->0x146162150;0x1414F9632->0x1416CAF20
0x1414F96F6	0x1414F96B0	0x1414F973D	0x1416E8920	PROVIDER_UUID_CORRELATED	3D47F0C4-82E4-4525-A641-FDA13986D59B	Javelin::WorldMetadataNotifierTrait::OnWorldMetadataUpdateMsg	4990	COMMUNITY_REPORTED		CATALOG_NO_GETTER	2	0x1414F96BA->0x146162150;0x1414F96C2->0x1416E8920
0x1414F9846	0x1414F9800	0x1414F988D	0x1416DFF20	PROVIDER_UUID_CORRELATED	69CE883A-B42B-4AAD-BCE9-3617E765FD9A	Javelin::NotificationService::MatchmakingPlayerUpdateMessage	5412	COMMUNITY_REPORTED		CATALOG_NO_GETTER	2	0x1414F980A->0x146162150;0x1414F9812->0x1416DFF20
0x1414FA216	0x1414FA1D0	0x1414FA25D	0x1416FBB20	PROVIDER_UUID_CORRELATED	A2BBF80D-FB48-465F-9CBA-DBC26E4F8F10	Aoi::PhysicsTrait::RequestTerrainLoadingMsg	1881	COMMUNITY_REPORTED		CATALOG_NO_GETTER	2	0x1414FA1DA->0x146162150;0x1414FA1E2->0x1416FBB20
0x1414FA816	0x1414FA7D0	0x1414FA85D	0x1416EE520	PROVIDER_UUID_CORRELATED	87D77FCA-663F-4A85-AB73-30AF1C2A311B	Aoi::BaseQueryTrait::QueryLinearShapeCastBatchMsg	416	COMMUNITY_REPORTED		CATALOG_NO_GETTER	2	0x1414FA7DA->0x146162150;0x1414FA7E2->0x1416EE520
0x1414FACC6	0x1414FAC80	0x1414FAD0D	0x1416D5D20	PROVIDER_UUID_CORRELATED	625934C9-F15E-4029-9B3E-B2A58A327A40	Javelin::GuildListElement	2180	COMMUNITY_REPORTED		CATALOG_NO_GETTER	2	0x1414FAC8A->0x146162150;0x1414FAC92->0x1416D5D20
0x1414FAED6	0x1414FAE90	0x1414FAF1D	0x1416C8F20	PROVIDER_UUID_CORRELATED	05214F67-1DFC-467C-8A7A-1825D1DEDF6F	Javelin::CharacterServiceProxyTrait::DebugFlushCachesMsg	1454	COMMUNITY_REPORTED		CATALOG_NO_GETTER	2	0x1414FAE9A->0x146162150;0x1414FAEA2->0x1416C8F20
0x1414FB4A6	0x1414FB460	0x1414FB4ED	0x1416DFD20	PROVIDER_UUID_CORRELATED	A63C6045-92A9-413C-8648-787AA21DA875	Javelin::NotificationService::MatchmakingMatchUpdateMessage	5574	COMMUNITY_REPORTED		CATALOG_NO_GETTER	2	0x1414FB46A->0x146162150;0x1414FB472->0x1416DFD20
0x1414FB726	0x1414FB6E0	0x1414FB76D	0x14170CD20	PROVIDER_UUID_CORRELATED	0221224B-C651-4847-9129-5E2DA479BD0A	Aoi::PhysicsTrait::UpdateTerrainChunksMsg	1882	COMMUNITY_REPORTED		CATALOG_NO_GETTER	2	0x1414FB6EA->0x146162150;0x1414FB6F2->0x14170CD20
0x1414FB7C6	0x1414FB780	0x1414FB80D	0x1416D9520	PROVIDER_UUID_CORRELATED	D8D0D052-A6F3-4EEE-88BA-F47190E77F34	Aoi::ISingleCastQueryListener	2026	COMMUNITY_REPORTED		CATALOG_NO_GETTER	2	0x1414FB78A->0x146162150;0x1414FB792->0x1416D9520
0x1414FC2F6	0x1414FC2B0	0x1414FC33D	0x1416EEB20	PROVIDER_UUID_CORRELATED	6313E862-B237-47AE-95D5-F548C3DF867E	Aoi::BaseQueryTrait::QueryNonlinearShapeCastBatchMsg	1761	COMMUNITY_REPORTED		CATALOG_NO_GETTER	2	0x1414FC2BA->0x146162150;0x1414FC2C2->0x1416EEB20
0x1414FC466	0x1414FC420	0x1414FC4AD	0x1416CDD20	PROVIDER_UUID_CORRELATED	EE4EB8B3-F13D-46B3-8299-EB30C324EDAA	ExampleInterface	2085	COMMUNITY_REPORTED		CATALOG_NO_GETTER	2	0x1414FC42A->0x146162150;0x1414FC432->0x1416CDD20
0x1414FC776	0x1414FC730	0x1414FC7BD	0x1416C8120	PROVIDER_UUID_CORRELATED	511A6727-D571-4673-96F9-BF90E7E41A0B	Javelin::CharacterServiceProxyTrait::DebugClearTransferCooldownByCharacterIdMsg	6813	COMMUNITY_REPORTED		CATALOG_NO_GETTER	2	0x1414FC73A->0x146162150;0x1414FC742->0x1416C8120
0x1414FC926	0x1414FC8E0	0x1414FC96D	0x1416D0520	PROVIDER_UUID_CORRELATED	25305963-402D-42D0-AE7A-949454178084	Javelin::IGuildServiceClient::GetContentByOrderingResponse	2182	COMMUNITY_REPORTED		CATALOG_NO_GETTER	2	0x1414FC8EA->0x146162150;0x1414FC8F2->0x1416D0520
0x1414FCC46	0x1414FCC00	0x1414FCC8D	0x1416E0120	PROVIDER_UUID_CORRELATED	1BFFA425-79F2-4DB6-B9D9-F0AAF0286313	Javelin::NotificationService::MatchmakingSimulationResultMessage	6411	COMMUNITY_REPORTED		CATALOG_NO_GETTER	2	0x1414FCC0A->0x146162150;0x1414FCC12->0x1416E0120
0x1414FCE26	0x1414FCDE0	0x1414FCE6D	0x1416F3D20	PROVIDER_UUID_CORRELATED	EC9C6426-EAA6-466E-A4F5-13B297EC1648	Aoi::PhysicsTrait::RegisterAoiObservableMsg	853	COMMUNITY_REPORTED		CATALOG_NO_GETTER	2	0x1414FCDEA->0x146162150;0x1414FCDF2->0x1416F3D20
0x1414FCED6	0x1414FCE90	0x1414FCF1D	0x1416D6D20	PROVIDER_UUID_CORRELATED	7FAFA1DB-9E2C-4412-887F-3244132181A7	Aoi::IBatchCastQueryListener	1361	COMMUNITY_REPORTED		CATALOG_NO_GETTER	2	0x1414FCE9A->0x146162150;0x1414FCEA2->0x1416D6D20
0x1414FD0D6	0x1414FD090	0x1414FD11D	0x1416EBF20	PROVIDER_UUID_CORRELATED	0EC67C6B-9086-4895-B16B-91A4F566D56A	Aoi::PlayerManagerTrait	812	COMMUNITY_REPORTED		CATALOG_NO_GETTER	2	0x1414FD09A->0x146162150;0x1414FD0A2->0x1416EBF20
0x1414FDB16	0x1414FDAD0	0x1414FDB5D	0x1416D8120	PROVIDER_UUID_CORRELATED	0895B6C5-DEF6-4CC1-8A59-E14080550620	Javelin::IGridSubscriber	6378	COMMUNITY_REPORTED		CATALOG_NO_GETTER	2	0x1414FDADA->0x146162150;0x1414FDAE2->0x1416D8120
0x1414FE216	0x1414FE1D0	0x1414FE25D	0x1416CD520	PROVIDER_UUID_CORRELATED	6EA50D46-1C9A-40CE-B926-2BA0E928CAA5	ClientMessages::ExampleFacetedComponentClientFacet_FunctionCalledFromTheServer	2089	COMMUNITY_REPORTED		CATALOG_NO_GETTER	2	0x1414FE1DA->0x146162150;0x1414FE1E2->0x1416CD520
0x1414FE696	0x1414FE650	0x1414FE6DD	0x1416EE920	PROVIDER_UUID_CORRELATED	A75485E6-E8BF-48BE-A521-FA89DD0063BB	Aoi::BaseQueryTrait::QueryMeleeAttackMsg	1763	COMMUNITY_REPORTED		CATALOG_NO_GETTER	2	0x1414FE65A->0x146162150;0x1414FE662->0x1416EE920
0x1414FEA46	0x1414FEA00	0x1414FEA8D	0x1416C8320	PROVIDER_UUID_CORRELATED	E8B09FDC-B473-4463-9808-11746563588C	Javelin::CharacterServiceProxyTrait::DebugClearTransferCooldownByPersonaIdMsg	6814	COMMUNITY_REPORTED		CATALOG_NO_GETTER	2	0x1414FEA0A->0x146162150;0x1414FEA12->0x1416C8320
0x1414FF006	0x1414FEFC0	0x1414FF04D	0x1416D5F20	PROVIDER_UUID_CORRELATED	688D8FB6-E027-487A-9467-12E56F37C0BE	Javelin::IGuildServiceClient::GuildListElementWithStatus	1973	COMMUNITY_REPORTED		CATALOG_NO_GETTER	2	0x1414FEFCA->0x146162150;0x1414FEFD2->0x1416D5F20
0x1414FF116	0x1414FF0D0	0x1414FF15D	0x1416D9720	PROVIDER_UUID_CORRELATED	3AE8A9C6-AA54-49B7-9B1F-87E8B18E0638	Aoi::ISingleQueryListener	31	COMMUNITY_REPORTED		CATALOG_NO_GETTER	2	0x1414FF0DA->0x146162150;0x1414FF0E2->0x1416D9720
0x1414FF1E6	0x1414FF1A0	0x1414FF22D	0x141704920	PROVIDER_UUID_CORRELATED	46BC90EC-A485-4E81-9FCC-D7089D582BC3		229	COMMUNITY_REPORTED		CATALOG_NO_GETTER	2	0x1414FF1AA->0x146162150;0x1414FF1B2->0x141704920
0x1414FF426	0x1414FF3E0	0x1414FF46D	0x141709B20	PROVIDER_UUID_CORRELATED	F5C77C36-3D6F-4643-A2EC-306A9E839893		680	COMMUNITY_REPORTED		CATALOG_NO_GETTER	2	0x1414FF3EA->0x146162150;0x1414FF3F2->0x141709B20
0x1414FFE16	0x1414FFDD0	0x1414FFE5D	0x1416CD720	PROVIDER_UUID_CORRELATED	68248125-3957-4E69-8983-58A27C7C01CD		580	COMMUNITY_REPORTED		CATALOG_NO_GETTER	2	0x1414FFDDA->0x146162150;0x1414FFDE2->0x1416CD720
0x141500536	0x1415004F0	0x14150057D	0x1416C6D20	PROVIDER_UUID_CORRELATED	60A51DFC-8745-4276-976D-8808EF52CD77	Javelin::CharacterServiceProxyActor	1489	COMMUNITY_REPORTED		CATALOG_NO_GETTER	2	0x1415004FA->0x146162150;0x141500502->0x1416C6D20
0x1415007F6	0x1415007B0	0x14150083D	0x1416EEF20	PROVIDER_UUID_CORRELATED	05D7E784-264F-4AD8-9ADF-C0DADC66376A	Aoi::BaseQueryTrait::QueryProjectileRayCastMsg	1521	COMMUNITY_REPORTED		CATALOG_NO_GETTER	2	0x1415007BA->0x146162150;0x1415007C2->0x1416EEF20
0x141500F46	0x141500F00	0x141500F8D	0x1416DDB20	PROVIDER_UUID_CORRELATED	2C9AC1AB-053D-4A17-9365-D661F3845A70	Aoi::PlayerManagerTrait::KickAllPlayersOutOfWorldMsg	4797	COMMUNITY_REPORTED		CATALOG_NO_GETTER	2	0x141500F0A->0x146162150;0x141500F12->0x1416DDB20
0x1415010D6	0x141501090	0x14150111D	0x1416C3D20	PROVIDER_UUID_CORRELATED	E3191D1B-6090-4E01-B5F4-FD73D9297593	AoiGhostListenSettings	1513	COMMUNITY_REPORTED		CATALOG_NO_GETTER	2	0x14150109A->0x146162150;0x1415010A2->0x1416C3D20
0x141501226	0x1415011E0	0x14150126D	0x1416E0F20	PROVIDER_UUID_CORRELATED	A48BAF32-89EC-42ED-B9AE-9E40360FFB3E	Aoi::PhysicsTrait::MoveAoiObservableMsg	1464	COMMUNITY_REPORTED		CATALOG_NO_GETTER	2	0x1415011EA->0x146162150;0x1415011F2->0x1416E0F20
0x141501C16	0x141501BD0	0x141501C5D	0x1416CDB20	PROVIDER_UUID_CORRELATED	24A865A0-394D-4246-A849-7FE5753FDEAE	ClientMessages::ExampleFacetedComponentServerFacet_FunctionCalledFromTheClient	1570	COMMUNITY_REPORTED		CATALOG_NO_GETTER	2	0x141501BDA->0x146162150;0x141501BE2->0x1416CDB20
0x141502526	0x1415024E0	0x14150256D	0x1416D7D20	PROVIDER_UUID_CORRELATED	583F3E9A-48BD-416D-AAE9-BC84F8AA4F6C	Javelin::IGridProducer	6380	COMMUNITY_REPORTED		CATALOG_NO_GETTER	2	0x1415024EA->0x146162150;0x1415024F2->0x1416D7D20
0x1415025C6	0x141502580	0x14150260D	0x1416CB120	PROVIDER_UUID_CORRELATED	B45A89BA-A389-422C-BD04-0920E6662508	Aoi::PlayerManagerTrait::DebugSpawnServerBotMsg	5517	COMMUNITY_REPORTED		CATALOG_NO_GETTER	2	0x14150258A->0x146162150;0x141502592->0x1416CB120
0x141502656	0x141502610	0x14150269D	0x1416EF320	PROVIDER_UUID_CORRELATED	01A73F97-CBC3-4E31-8D3B-8B2AACD5BD30	Aoi::BaseQueryTrait::QueryRayCastDetailedMsg	1220	COMMUNITY_REPORTED		CATALOG_NO_GETTER	2	0x14150261A->0x146162150;0x141502622->0x1416EF320
0x1415028A6	0x141502860	0x1415028ED	0x14170C120	PROVIDER_UUID_CORRELATED	F274B950-A717-4809-9F5B-6367B7E32CCC	Aoi::PhysicsTrait::UpdateMetadataAoiObservableMsg	5271	COMMUNITY_REPORTED		CATALOG_NO_GETTER	2	0x14150286A->0x146162150;0x141502872->0x14170C120
0x141503916	0x1415038D0	0x14150395D	0x1416E9920	PROVIDER_UUID_CORRELATED	7648F73D-776F-4C9B-B642-B6E79844F8A0	Aoi::PassiveQueryTrait	964	COMMUNITY_REPORTED		CATALOG_NO_GETTER	2	0x1415038DA->0x146162150;0x1415038E2->0x1416E9920
0x141504496	0x141504450	0x1415044DD	0x1416F2720	PROVIDER_UUID_CORRELATED	89A665D7-110C-4079-9271-A8F445CF870F	Aoi::PlayerManagerTrait::ReceiveCharacterMetadataMsg	166	COMMUNITY_REPORTED		CATALOG_NO_GETTER	2	0x14150445A->0x146162150;0x141504462->0x1416F2720
0x1415047F6	0x1415047B0	0x14150483D	0x1416FBD20	PROVIDER_UUID_CORRELATED	77D6477C-F057-4098-A644-58D36C551989	Aoi::PhysicsTrait::ResizeAoiObservableMsg	1444	COMMUNITY_REPORTED		CATALOG_NO_GETTER	2	0x1415047BA->0x146162150;0x1415047C2->0x1416FBD20
0x141505756	0x141505710	0x14150579D	0x141703720	PROVIDER_UUID_CORRELATED	0CC7C0C7-F655-4A24-9381-C0050BB4BF61	Aoi::PassiveQueryTrait::State	1067	COMMUNITY_REPORTED		CATALOG_NO_GETTER	2	0x14150571A->0x146162150;0x141505722->0x141703720
0x141505B76	0x141505B30	0x141505BBD	0x1416FE120	PROVIDER_UUID_CORRELATED	E5F993CA-E339-4584-A7A2-1EDE9D35B0A4	Aoi::SectorDataNotifierTrait	6661	COMMUNITY_REPORTED		CATALOG_NO_GETTER	2	0x141505B3A->0x146162150;0x141505B42->0x1416FE120
0x141505C96	0x141505C50	0x141505CDD	0x1416DE720	PROVIDER_UUID_CORRELATED	75D45E55-F6C8-4A7F-96C5-89DFDD07EE70	Aoi::PhysicsTrait::LegacyRegisterAoiObserverMsg	1885	COMMUNITY_REPORTED		CATALOG_NO_GETTER	2	0x141505C5A->0x146162150;0x141505C62->0x1416DE720
0x141505E56	0x141505E10	0x141505E9D	0x1416F9320	PROVIDER_UUID_CORRELATED	2D0B079C-5BB6-4CB8-81CB-9A1531E849F8	Aoi::PlayerManagerTrait::RequestLocationRespawnActivePlayerMsg	6739	COMMUNITY_REPORTED		CATALOG_NO_GETTER	2	0x141505E1A->0x146162150;0x141505E22->0x1416F9320
0x141506AC6	0x141506A80	0x141506B0D	0x1416E9320	PROVIDER_UUID_CORRELATED	43094DCB-7FD4-4A7A-BB43-92C89C6F16A9	Aoi::PassiveCastQueryTrait	1766	COMMUNITY_REPORTED		CATALOG_NO_GETTER	2	0x141506A8A->0x146162150;0x141506A92->0x1416E9320
0x141506E66	0x141506E20	0x141506EAD	0x141705920	PROVIDER_UUID_CORRELATED	6A084040-418B-4D75-8D54-CB0B45197D1D	Aoi::SectorDataNotifierTrait::State	6662	COMMUNITY_REPORTED		CATALOG_NO_GETTER	2	0x141506E2A->0x146162150;0x141506E32->0x141705920
0x1415070C6	0x141507080	0x14150710D	0x1416DEF20	PROVIDER_UUID_CORRELATED	260B6563-21A3-46F3-A503-4E561F6DDD5A	Aoi::PhysicsTrait::LegacyUnregisterAoiObserverMsg	274	COMMUNITY_REPORTED		CATALOG_NO_GETTER	2	0x14150708A->0x146162150;0x141507092->0x1416DEF20
0x141507286	0x141507240	0x1415072CD	0x1416ED120	PROVIDER_UUID_CORRELATED	C07EFB06-0E91-4B47-8990-64F3E0866F41	Aoi::PlayerManagerTrait::ProcessSpawnQueueMsg	5901	COMMUNITY_REPORTED		CATALOG_NO_GETTER	2	0x14150724A->0x146162150;0x141507252->0x1416ED120
0x141507936	0x1415078F0	0x14150797D	0x1416EA920	PROVIDER_UUID_CORRELATED	BC319C0B-0823-44F5-8B6C-DDE98C6320B1	Aoi::PhasingGridCoordinatorTrait	6164	COMMUNITY_REPORTED		CATALOG_NO_GETTER	2	0x1415078FA->0x146162150;0x141507902->0x1416EA920
0x141507FB6	0x141507F70	0x141507FFD	0x141703520	PROVIDER_UUID_CORRELATED	3E769288-FF25-41F4-BADC-71A38B331538	Aoi::PassiveCastQueryTrait::State	709	COMMUNITY_REPORTED		CATALOG_NO_GETTER	2	0x141507F7A->0x146162150;0x141507F82->0x141703520
0x141508476	0x141508430	0x1415084BD	0x1416E7B20	PROVIDER_UUID_CORRELATED	E7CDD095-9D56-4027-BE99-D5C16428172F	Aoi::SectorDataNotifierTrait::OnSectorDataReloadedMsg	6663	COMMUNITY_REPORTED		CATALOG_NO_GETTER	2	0x14150843A->0x146162150;0x141508442->0x1416E7B20
0x141508A46	0x141508A00	0x141508A8D	0x1416DE320	PROVIDER_UUID_CORRELATED	DF8485D8-22FE-4AEC-B23C-A19462A66944	Aoi::PhysicsTrait::LegacyMoveAoiObserverMsg	1890	COMMUNITY_REPORTED		CATALOG_NO_GETTER	2	0x141508A0A->0x146162150;0x141508A12->0x1416DE320
0x141508F86	0x141508F40	0x141508FCD	0x1416F9D20	PROVIDER_UUID_CORRELATED	F5F447C8-57DC-484A-9291-7C5E4ECBD658	Aoi::PlayerManagerTrait::RequestRandomRespawnActivePlayerMsg	1114	COMMUNITY_REPORTED		CATALOG_NO_GETTER	2	0x141508F4A->0x146162150;0x141508F52->0x1416F9D20
0x1415090D6	0x141509090	0x14150911D	0x141707920	PROVIDER_UUID_CORRELATED	C1F8B290-BEEA-451F-A445-C26E89513C7C	MB::TestFacetedComponentReplicatedState	41	COMMUNITY_REPORTED		CATALOG_NO_GETTER	2	0x14150909A->0x146162150;0x1415090A2->0x141707920
0x141509246	0x141509200	0x14150928D	0x141703D20	PROVIDER_UUID_CORRELATED	C311D90E-3B0B-437D-B3DB-D93756CDDDA6	Aoi::PhasingGridCoordinatorTrait::State	6166	COMMUNITY_REPORTED		CATALOG_NO_GETTER	2	0x14150920A->0x146162150;0x141509212->0x141703D20
0x1415094D6	0x141509490	0x14150951D	0x1416DA120	PROVIDER_UUID_CORRELATED	A528C7CB-A960-406A-9CE8-FF7AD21C0950	Javelin::CharacterServiceProxyActor::InitMsg	1606	COMMUNITY_REPORTED		CATALOG_NO_GETTER	2	0x14150949A->0x146162150;0x1415094A2->0x1416DA120
0x141509576	0x141509530	0x1415095BD	0x1416E8F20	PROVIDER_UUID_CORRELATED	ECF0AB01-B6C6-40A8-9F0F-3F0798726B0F	Aoi::PassiveBatchCastQueryTrait	1769	COMMUNITY_REPORTED		CATALOG_NO_GETTER	2	0x14150953A->0x146162150;0x141509542->0x1416E8F20
0x141509A36	0x1415099F0	0x141509A7D	0x1416FEF20	PROVIDER_UUID_CORRELATED	606DE6FA-855A-4ECD-99AA-CA0A8C6FA8AA	Aoi::SpawnPointRequestTrait	1947	COMMUNITY_REPORTED		CATALOG_NO_GETTER	2	0x1415099FA->0x146162150;0x141509A02->0x1416FEF20
0x141509B36	0x141509AF0	0x141509B7D	0x1416F2120	PROVIDER_UUID_CORRELATED	AC0C8623-E4D5-48B0-8693-DCA60D7F0792	Javelin::NotificationService::QueuePollingTrait	2204	COMMUNITY_REPORTED		CATALOG_NO_GETTER	2	0x141509AFA->0x146162150;0x141509B02->0x1416F2120
0x141509C36	0x141509BF0	0x141509C7D	0x1416DEB20	PROVIDER_UUID_CORRELATED	EB52BF3C-CCCD-44D5-9CF2-214904209AEA	Aoi::PhysicsTrait::LegacyResizeAoiObserverMsg	1834	COMMUNITY_REPORTED		CATALOG_NO_GETTER	2	0x141509BFA->0x146162150;0x141509C02->0x1416DEB20
0x14150A266	0x14150A220	0x14150A2AD	0x1416FAF20	PROVIDER_UUID_CORRELATED	0A2449A1-A879-4608-87CB-CFD28AF5C476	Aoi::PlayerManagerTrait::RequestShutdownCharacterMsg	1364	COMMUNITY_REPORTED		CATALOG_NO_GETTER	2	0x14150A22A->0x146162150;0x14150A232->0x1416FAF20
0x14150A306	0x14150A2C0	0x14150A34D	0x1416E3720	PROVIDER_UUID_CORRELATED	6F8C718D-F06B-48BF-B849-5FBCF8B91309		6603	COMMUNITY_REPORTED		CATALOG_NO_GETTER	2	0x14150A2CA->0x146162150;0x14150A2D2->0x1416E3720
0x14150A406	0x14150A3C0	0x14150A44D	0x1416D4920	PROVIDER_UUID_CORRELATED	B42B3E49-B674-405C-A6AD-0CC5A8E368BA	Javelin::ClientMessages::GridTrackingComponentServerFacet_ClientAckPhasingUpdate	6745	COMMUNITY_REPORTED		CATALOG_NO_GETTER	2	0x14150A3CA->0x146162150;0x14150A3D2->0x1416D4920
0x14150AAC6	0x14150AA80	0x14150AB0D	0x141703320	PROVIDER_UUID_CORRELATED	9CC69379-7C6F-42AB-B11A-DD2F5E6D2089	Aoi::PassiveBatchCastQueryTrait::State	1750	COMMUNITY_REPORTED		CATALOG_NO_GETTER	2	0x14150AA8A->0x146162150;0x14150AA92->0x141703320
0x14150B0D6	0x14150B090	0x14150B11D	0x141705B20	PROVIDER_UUID_CORRELATED	F6DEAFE9-9E2E-446D-B580-C2A3E93BE7A1	Aoi::SpawnPointRequestTrait::State	279	COMMUNITY_REPORTED		CATALOG_NO_GETTER	2	0x14150B09A->0x146162150;0x14150B0A2->0x141705B20
0x14150B186	0x14150B140	0x14150B1CD	0x141705720	PROVIDER_UUID_CORRELATED	FFC6B383-D7A9-4B5E-B25F-7ED3CA474D19	Javelin::NotificationService::QueuePollingTrait::State	1071	COMMUNITY_REPORTED		CATALOG_NO_GETTER	2	0x14150B14A->0x146162150;0x14150B152->0x141705720
0x14150B2C6	0x14150B280	0x14150B30D	0x1416ECF20	PROVIDER_UUID_CORRELATED	B3B79865-91C3-4A77-B743-5058AF77AA9C	Javelin::PrefabSpawnRequestTrait	2176	COMMUNITY_REPORTED		CATALOG_NO_GETTER	2	0x14150B28A->0x146162150;0x14150B292->0x1416ECF20
0x14150B6A6	0x14150B660	0x14150B6ED	0x1416F3F20	PROVIDER_UUID_CORRELATED	D9E3B06E-FA39-44F9-8950-CDD4A1D0B926	Aoi::PhysicsTrait::RegisterAoiObserverMsg	6175	COMMUNITY_REPORTED		CATALOG_NO_GETTER	2	0x14150B66A->0x146162150;0x14150B672->0x1416F3F20
0x14150C086	0x14150C040	0x14150C0CD	0x1416F8920	PROVIDER_UUID_CORRELATED	6F3ABBCF-EAB9-4A96-9D20-901D37F4DB4C	Aoi::PhasingGridCoordinatorTrait::RequestEnterSectorMsg	6167	COMMUNITY_REPORTED		CATALOG_NO_GETTER	2	0x14150C04A->0x146162150;0x14150C052->0x1416F8920
0x14150C156	0x14150C110	0x14150C19D	0x1416D5320	PROVIDER_UUID_CORRELATED	C8D31CD1-13B7-460E-A848-2728D4D64F15	Javelin::ClientMessages::GridTrackingComponentServerFacet_RequestDebugInfo	6335	COMMUNITY_REPORTED		CATALOG_NO_GETTER	2	0x14150C11A->0x146162150;0x14150C122->0x1416D5320
0x14150C566	0x14150C520	0x14150C5AD	0x1416CBD20	PROVIDER_UUID_CORRELATED	78AFD05C-A56D-47E0-B28C-1983F8361F9A	Aoi::PlayerManagerTrait::DeregisterCharacterMsg	1646	COMMUNITY_REPORTED		CATALOG_NO_GETTER	2	0x14150C52A->0x146162150;0x14150C532->0x1416CBD20
0x14150C8A6	0x14150C860	0x14150C8ED	0x1416E9720	PROVIDER_UUID_CORRELATED	D92075C2-662E-47B1-B5DF-E89038FCFF96	Aoi::PassiveQueryActor	1520	COMMUNITY_REPORTED		CATALOG_NO_GETTER	2	0x14150C86A->0x146162150;0x14150C872->0x1416E9720
0x14150CD56	0x14150CD10	0x14150CD9D	0x1416FF120	PROVIDER_UUID_CORRELATED	ACAA50BD-F240-4C99-8CF5-380DCD6500A8	Aoi::SpawnPointResponseTrait	355	COMMUNITY_REPORTED		CATALOG_NO_GETTER	2	0x14150CD1A->0x146162150;0x14150CD22->0x1416FF120
0x14150CDF6	0x14150CDB0	0x14150CE3D	0x1416D0D20	PROVIDER_UUID_CORRELATED	B090A109-509F-4036-8B2D-A4DE6EC4E2FF	Javelin::NotificationService::QueuePollingTrait::GetQueueMsg	2208	COMMUNITY_REPORTED		CATALOG_NO_GETTER	2	0x14150CDBA->0x146162150;0x14150CDC2->0x1416D0D20
0x14150CE86	0x14150CE40	0x14150CECD	0x141705320	PROVIDER_UUID_CORRELATED	43CD6793-0D00-4644-BD08-7BBDF7014C0C	Javelin::PrefabSpawnRequestTrait::State	1097	COMMUNITY_REPORTED		CATALOG_NO_GETTER	2	0x14150CE4A->0x146162150;0x14150CE52->0x141705320
0x14150D456	0x14150D410	0x14150D49D	0x141709D20	PROVIDER_UUID_CORRELATED	43B7F1E3-2838-4535-B8E2-651E9458DE6F	Aoi::PhysicsTrait::UnregisterAoiObserverMsg	6178	COMMUNITY_REPORTED		CATALOG_NO_GETTER	2	0x14150D41A->0x146162150;0x14150D422->0x141709D20
0x14150D936	0x14150D8F0	0x14150D97D	0x1416D5520	PROVIDER_UUID_CORRELATED	4976C7BB-AF8E-4E62-9AFE-5EBF3FD97456	Javelin::ClientMessages::GridTrackingComponentServerFacet_ResetPhasingProvider	6334	COMMUNITY_REPORTED		CATALOG_NO_GETTER	2	0x14150D8FA->0x146162150;0x14150D902->0x1416D5520
0x14150DA76	0x14150DA30	0x14150DABD	0x1416E3120	PROVIDER_UUID_CORRELATED	2E978270-6B95-4301-A757-7ABD87C96DF1	Aoi::PlayerManagerTrait::OnFinalPersistFinishedMsg	1330	COMMUNITY_REPORTED		CATALOG_NO_GETTER	2	0x14150DA3A->0x146162150;0x14150DA42->0x1416E3120
0x14150E186	0x14150E140	0x14150E1CD	0x1416F8B20	PROVIDER_UUID_CORRELATED	D02E1FA9-7024-40EC-BCEE-686BBE3D52A3	Aoi::PhasingGridCoordinatorTrait::RequestExitSectorMsg	6162	COMMUNITY_REPORTED		CATALOG_NO_GETTER	2	0x14150E14A->0x146162150;0x14150E152->0x1416F8B20
0x14150E446	0x14150E400	0x14150E48D	0x1416C3B20	PROVIDER_UUID_CORRELATED	E9799297-223D-412D-BFAD-36DF2D9B0684	AoiExceptionInfo	2035	COMMUNITY_REPORTED		CATALOG_NO_GETTER	2	0x14150E40A->0x146162150;0x14150E412->0x1416C3B20
0x14150E9E6	0x14150E9A0	0x14150EA2D	0x141705D20	PROVIDER_UUID_CORRELATED	3AA1DB24-AF81-4BD1-8A0B-FB68412A460E	Aoi::SpawnPointResponseTrait::State	1950	COMMUNITY_REPORTED		CATALOG_NO_GETTER	2	0x14150E9AA->0x146162150;0x14150E9B2->0x141705D20
0x14150EA96	0x14150EA50	0x14150EADD	0x1416D6120	PROVIDER_UUID_CORRELATED	BA57C57D-8B0D-4FD9-8FE6-465F3405F51F	Javelin::NotificationService::QueuePollingTrait::HandleQueueMessagesMsg	207	COMMUNITY_REPORTED		CATALOG_NO_GETTER	2	0x14150EA5A->0x146162150;0x14150EA62->0x1416D6120
0x14150EB86	0x14150EB40	0x14150EBCD	0x1416CCD20	PROVIDER_UUID_CORRELATED	0AECBEC2-5C1F-4AEE-8338-57C5B4EF741B	Javelin::EditorManagerTrait	45	COMMUNITY_REPORTED		CATALOG_NO_GETTER	2	0x14150EB4A->0x146162150;0x14150EB52->0x1416CCD20
0x14150ECA6	0x14150EC60	0x14150ECED	0x1416FB920	PROVIDER_UUID_CORRELATED	7962194D-613A-4114-B15C-36E1BA8970BB	Javelin::PrefabSpawnRequestTrait::RequestSpawnPrefabMsg	882	COMMUNITY_REPORTED		CATALOG_NO_GETTER	2	0x14150EC6A->0x146162150;0x14150EC72->0x1416FB920
0x14150F8D6	0x14150F890	0x14150F91D	0x1416E1120	PROVIDER_UUID_CORRELATED	E6382BD3-F3CB-4DDD-B352-B04E3AE1F393	Aoi::PhysicsTrait::MoveAoiObserverMsg	6176	COMMUNITY_REPORTED		CATALOG_NO_GETTER	2	0x14150F89A->0x146162150;0x14150F8A2->0x1416E1120
0x14150FB16	0x14150FAD0	0x14150FB5D	0x1416D4520	PROVIDER_UUID_CORRELATED	8C4ED5D2-D834-46F3-958F-CDBE4CF6BEB0	Javelin::ClientMessages::GridTrackingComponentClientFacet_ReceiveDebugInfo	6336	COMMUNITY_REPORTED		CATALOG_NO_GETTER	2	0x14150FADA->0x146162150;0x14150FAE2->0x1416D4520
0x141510386	0x141510340	0x1415103CD	0x1416CB720	PROVIDER_UUID_CORRELATED	36D5BE04-B644-44AA-AFF0-3C4E878D1306	Aoi::PlayerManagerTrait::DebugTriggerPersistenceSaveCallbackMsg	4952	COMMUNITY_REPORTED		CATALOG_NO_GETTER	2	0x14151034A->0x146162150;0x141510352->0x1416CB720
0x1415109D6	0x141510990	0x141510A1D	0x1416FAD20	PROVIDER_UUID_CORRELATED	093674AC-B0CA-4433-BECD-87273EEBC4A7	Aoi::PhasingGridCoordinatorTrait::RequestSectorSelectionMsg	6741	COMMUNITY_REPORTED		CATALOG_NO_GETTER	2	0x14151099A->0x146162150;0x1415109A2->0x1416FAD20
0x141511136	0x1415110F0	0x14151117D	0x141706D20	PROVIDER_UUID_CORRELATED	CC5D852F-8C0C-4538-B41D-15E3EEB7A79F	Aoi::SpawnPointRequestTrait::SubscribeToSpawnPointChangeMsg	1952	COMMUNITY_REPORTED		CATALOG_NO_GETTER	2	0x1415110FA->0x146162150;0x141511102->0x141706D20
0x141511296	0x141511250	0x1415112DD	0x1416C7920	PROVIDER_UUID_CORRELATED	DEEEF012-2D26-497F-9B82-F6EA772CE594	Aoi::ComponentRequestHandler	811	COMMUNITY_REPORTED		CATALOG_NO_GETTER	2	0x14151125A->0x146162150;0x141511262->0x1416C7920
0x141511386	0x141511340	0x1415113CD	0x141701520	PROVIDER_UUID_CORRELATED	C9A62B3F-AEF2-4EC0-B972-821842BAE480	Javelin::EditorManagerTrait::State	1607	COMMUNITY_REPORTED		CATALOG_NO_GETTER	2	0x14151134A->0x146162150;0x141511352->0x141701520
0x141511416	0x1415113D0	0x14151145D	0x1416D9F20	PROVIDER_UUID_CORRELATED	EC945E8D-C1AB-4E92-BEB0-72994BA14AB2	Aoi::PassiveQueryActor::InitComponentMsg	1770	COMMUNITY_REPORTED		CATALOG_NO_GETTER	2	0x1415113DA->0x146162150;0x1415113E2->0x1416D9F20
0x141511B56	0x141511B10	0x141511B9D	0x1416D6920	PROVIDER_UUID_CORRELATED	B898D8EC-237C-4A15-B827-404B9EE3C905		2210	COMMUNITY_REPORTED		CATALOG_NO_GETTER	2	0x141511B1A->0x146162150;0x141511B22->0x1416D6920
0x141511FA6	0x141511F60	0x141511FED	0x1416FBF20	PROVIDER_UUID_CORRELATED	67EDEC00-CED5-491F-878D-F62BE99E0A36	Aoi::PhysicsTrait::ResizeAoiObserverMsg	6179	COMMUNITY_REPORTED		CATALOG_NO_GETTER	2	0x141511F6A->0x146162150;0x141511F72->0x1416FBF20
0x1415121F6	0x1415121B0	0x14151223D	0x1416D4F20	PROVIDER_UUID_CORRELATED	3FD31126-7C39-4FE4-ABBB-5BE068D5C4ED	Javelin::ClientMessages::GridTrackingComponentServerFacet_DebugSubscribePhaseStatus	6433	COMMUNITY_REPORTED		CATALOG_NO_GETTER	2	0x1415121BA->0x146162150;0x1415121C2->0x1416D4F20
0x141512386	0x141512340	0x1415123CD	0x1416CD920	PROVIDER_UUID_CORRELATED	996F41E4-8969-44B5-953E-8648D6187E29	MB::ExampleFacetedComponentReplicatedState	2092	COMMUNITY_REPORTED		CATALOG_NO_GETTER	2	0x14151234A->0x146162150;0x141512352->0x1416CD920
0x141512676	0x141512630	0x1415126BD	0x1416E7720	PROVIDER_UUID_CORRELATED	69FEB34A-0B5C-4617-B241-20A1F41475D1	Aoi::PlayerManagerTrait::OnPublishedCharacterMetadataMsg	4771	COMMUNITY_REPORTED		CATALOG_NO_GETTER	2	0x14151263A->0x146162150;0x141512642->0x1416E7720
0x141512EB6	0x141512E70	0x141512EFD	0x1416F9F20	PROVIDER_UUID_CORRELATED	BA90DADF-A2A5-41FE-B7BC-ECB627C25DE0	Aoi::SpawnPointRequestTrait::RequestRandomSpawnPointMsg	1953	COMMUNITY_REPORTED		CATALOG_NO_GETTER	2	0x141512E7A->0x146162150;0x141512E82->0x1416F9F20
0x141512F86	0x141512F40	0x141512FCD	0x1416F4D20	PROVIDER_UUID_CORRELATED	37688463-212E-4257-90A5-C36101FD08B7	Javelin::EditorManagerTrait::RegisterEditorGDEMsg	520	COMMUNITY_REPORTED		CATALOG_NO_GETTER	2	0x141512F4A->0x146162150;0x141512F52->0x1416F4D20
0x1415131E6	0x1415131A0	0x14151322D	0x1416C9320	PROVIDER_UUID_CORRELATED	77012A9A-25F2-4633-8B9F-AF99F13176BA	Aoi::PhasingGridCoordinatorTrait::DebugJoinPhaseMsg	6447	COMMUNITY_REPORTED		CATALOG_NO_GETTER	2	0x1415131AA->0x146162150;0x1415131B2->0x1416C9320
0x141513276	0x141513230	0x1415132BD	0x1416F1F20	PROVIDER_UUID_CORRELATED	5CBCD653-F761-451B-A555-B288BAB1542D	Javelin::NotificationService::QueuePollingActor	2067	COMMUNITY_REPORTED		CATALOG_NO_GETTER	2	0x14151323A->0x146162150;0x141513242->0x1416F1F20
0x141513326	0x1415132E0	0x14151336D	0x1416E9120	PROVIDER_UUID_CORRELATED	D6A5BE55-2223-4452-99B5-27E69A656015	Aoi::PassiveCastQueryActor	1139	COMMUNITY_REPORTED		CATALOG_NO_GETTER	2	0x1415132EA->0x146162150;0x1415132F2->0x1416E9120
0x141513576	0x141513530	0x1415135BD	0x1416D9920	PROVIDER_UUID_CORRELATED	4508E8B0-558D-4232-42B5-B37E5081CE5A	Javelin::ITransformNotifications	79	COMMUNITY_REPORTED		CATALOG_NO_GETTER	2	0x14151353A->0x146162150;0x141513542->0x1416D9920
0x1415137A6	0x141513760	0x1415137ED	0x1416D5120	PROVIDER_UUID_CORRELATED	4CF74E06-E425-4D13-AE49-7B69F7A75375	Javelin::ClientMessages::GridTrackingComponentServerFacet_DebugUnsubscribePhaseStatus	6434	COMMUNITY_REPORTED		CATALOG_NO_GETTER	2	0x14151376A->0x146162150;0x141513772->0x1416D5120
0x141513BE6	0x141513BA0	0x141513C2D	0x1416F4920	PROVIDER_UUID_CORRELATED	A6D0FACE-4A56-42A3-B359-486A21A43615	Aoi::PhysicsTrait::RegisterDetectableMsg	6177	COMMUNITY_REPORTED		CATALOG_NO_GETTER	2	0x141513BAA->0x146162150;0x141513BB2->0x1416F4920
0x141514496	0x141514450	0x1415144DD	0x1416E6520	PROVIDER_UUID_CORRELATED	84AFB81E-5366-4A65-99B1-34E0EE8ECA24	Aoi::PlayerManagerTrait::OnPlayerActorStatusChangedMsg	1651	COMMUNITY_REPORTED		CATALOG_NO_GETTER	2	0x14151445A->0x146162150;0x141514462->0x1416E6520
0x141514796	0x141514750	0x1415147DD	0x1416EC120	PROVIDER_UUID_CORRELATED	61A35AE7-2A24-4150-99EB-3CC1AAA88B40	Javelin::PlayerPresenceTrackingTrait	5851	COMMUNITY_REPORTED		CATALOG_NO_GETTER	2	0x14151475A->0x146162150;0x141514762->0x1416EC120
0x141514B56	0x141514B10	0x141514B9D	0x1416F5520	PROVIDER_UUID_CORRELATED	ABFAE2E2-6A4A-4A58-AC4A-BB1CDB435B8C	Aoi::SpawnPointRequestTrait::RegisterLocationBoundsMsg	1955	COMMUNITY_REPORTED		CATALOG_NO_GETTER	2	0x141514B1A->0x146162150;0x141514B22->0x1416F5520
0x141514CB6	0x141514C70	0x141514CFD	0x1416CBF20	PROVIDER_UUID_CORRELATED	65C572BF-60D3-4C1C-9CC2-9E6A71F56DA6	Javelin::EditorManagerTrait::DestroyEditorGDEsMsg	753	COMMUNITY_REPORTED		CATALOG_NO_GETTER	2	0x141514C7A->0x146162150;0x141514C82->0x1416CBF20
0x141514D56	0x141514D10	0x141514D9D	0x1416D7520	PROVIDER_UUID_CORRELATED	166FCAB5-F57D-4A1D-8913-4AC8BDC9C145	Javelin::IFtueIslandManagerNotifications	2094	COMMUNITY_REPORTED		CATALOG_NO_GETTER	2	0x141514D1A->0x146162150;0x141514D22->0x1416D7520
0x141515456	0x141515410	0x14151549D	0x1416F1D20	PROVIDER_UUID_CORRELATED	8D1EEDA9-0095-4A91-8E46-72DDC879AD86	Aoi::PhasingGridCoordinatorTrait::QueuePhaseStartupMsg	6604	COMMUNITY_REPORTED		CATALOG_NO_GETTER	2	0x14151541A->0x146162150;0x141515422->0x1416F1D20
0x141515536	0x1415154F0	0x14151557D	0x1416D4B20	PROVIDER_UUID_CORRELATED	8C9C88FF-952D-49C1-8AFE-353689F7AB5A	Javelin::ClientMessages::GridTrackingComponentServerFacet_DebugCondemnPrimaryPhase	6539	COMMUNITY_REPORTED		CATALOG_NO_GETTER	2	0x1415154FA->0x146162150;0x141515502->0x1416D4B20
0x141515D16	0x141515CD0	0x141515D5D	0x14170A320	PROVIDER_UUID_CORRELATED	4FC292F9-FCCA-45B7-B530-344E585A14DA	Aoi::PhysicsTrait::UnregisterDetectableMsg	1899	COMMUNITY_REPORTED		CATALOG_NO_GETTER	2	0x141515CDA->0x146162150;0x141515CE2->0x14170A320
0x141516946	0x141516900	0x14151698D	0x141704B20	PROVIDER_UUID_CORRELATED	CCF24284-2FFD-4F06-8F01-7D017B76D87F	Javelin::PlayerPresenceTrackingTrait::State	5852	COMMUNITY_REPORTED		CATALOG_NO_GETTER	2	0x14151690A->0x146162150;0x141516912->0x141704B20
0x141516E06	0x141516DC0	0x141516E4D	0x1416E5120	PROVIDER_UUID_CORRELATED	4B9F6574-2701-4BE7-9653-E67F4D77C296	Aoi::PlayerManagerTrait::OnHubConnectionChangedMsg	5721	COMMUNITY_REPORTED		CATALOG_NO_GETTER	2	0x141516DCA->0x146162150;0x141516DD2->0x1416E5120
0x141517036	0x141516FF0	0x14151707D	0x1416DF520	PROVIDER_UUID_CORRELATED	5CB6715D-8AE0-41C9-850C-E20B489B6552	Javelin::EditorManagerTrait::LoadVirtualSliceMsg	1609	COMMUNITY_REPORTED		CATALOG_NO_GETTER	2	0x141516FFA->0x146162150;0x141517002->0x1416DF520
0x141517446	0x141517400	0x14151748D	0x1416FE520	PROVIDER_UUID_CORRELATED	A2CF5167-A112-4F92-BC05-D59E797B5FAC	Aoi::SpawnPointRequestTrait::SignalIfReadyMsg	5394	COMMUNITY_REPORTED		CATALOG_NO_GETTER	2	0x14151740A->0x146162150;0x141517412->0x1416FE520
0x1415175F6	0x1415175B0	0x14151763D	0x1416D4D20	PROVIDER_UUID_CORRELATED	A6EC1798-D842-4071-954C-6C0608E7ADBA	Javelin::ClientMessages::GridTrackingComponentServerFacet_DebugRecordPrimaryGridPhysics	6802	COMMUNITY_REPORTED		CATALOG_NO_GETTER	2	0x1415175BA->0x146162150;0x1415175C2->0x1416D4D20
0x141517716	0x1415176D0	0x14151775D	0x1416CBB20	PROVIDER_UUID_CORRELATED	C0B8BBCD-1685-4DED-BE35-916E3D6A8DB1	Aoi::PhasingGridCoordinatorTrait::DequeuePhaseStartupMsg	6602	COMMUNITY_REPORTED		CATALOG_NO_GETTER	2	0x1415176DA->0x146162150;0x1415176E2->0x1416CBB20
0x141517A86	0x141517A40	0x141517ACD	0x1416DB120	PROVIDER_UUID_CORRELATED	FFD2AB60-5BFD-4268-8EC5-35A266864AEA	Javelin::NotificationService::QueuePollingActor::InitMsg	879	COMMUNITY_REPORTED		CATALOG_NO_GETTER	2	0x141517A4A->0x146162150;0x141517A52->0x1416DB120
0x141517B26	0x141517AE0	0x141517B6D	0x1416D9D20	PROVIDER_UUID_CORRELATED	7C0B9F30-EF3D-4C81-97F4-B51E32D4AB0C	Aoi::PassiveCastQueryActor::InitComponentMsg	1772	COMMUNITY_REPORTED		CATALOG_NO_GETTER	2	0x141517AEA->0x146162150;0x141517AF2->0x1416D9D20
0x1415180E6	0x1415180A0	0x14151812D	0x1416E1320	PROVIDER_UUID_CORRELATED	59E9F053-634C-45D3-9CBF-3C6D5B3789F1	Aoi::PhysicsTrait::MoveDetectableMsg	1900	COMMUNITY_REPORTED		CATALOG_NO_GETTER	2	0x1415180AA->0x146162150;0x1415180B2->0x1416E1320
0x141518786	0x141518740	0x1415187CD	0x1416F5F20	PROVIDER_UUID_CORRELATED	B6B136D4-6A0D-4E5A-9714-15C2F94FA70A	Javelin::PlayerPresenceTrackingTrait::RegisterSubscriberMsg	5841	COMMUNITY_REPORTED		CATALOG_NO_GETTER	2	0x14151874A->0x146162150;0x141518752->0x1416F5F20
0x141518C16	0x141518BD0	0x141518C5D	0x1416FA520	PROVIDER_UUID_CORRELATED	65CA86B6-B900-4831-80F9-4C5A6B7E60B0	Aoi::PlayerManagerTrait::RequestRejectClientConnectionMsg	1653	COMMUNITY_REPORTED		CATALOG_NO_GETTER	2	0x141518BDA->0x146162150;0x141518BE2->0x1416FA520
0x141518CC6	0x141518C80	0x141518D0D	0x1416CCB20	PROVIDER_UUID_CORRELATED	DC362DC5-8DCC-4C7C-9F04-8F6D00C36B6A	Javelin::EditorManagerActor	1611	COMMUNITY_REPORTED		CATALOG_NO_GETTER	2	0x141518C8A->0x146162150;0x141518C92->0x1416CCB20
0x141518F66	0x141518F20	0x141518FAD	0x1416F3920	PROVIDER_UUID_CORRELATED	6D47C55E-FCE6-4487-9E78-C0AD69E3719C	Aoi::SpawnPointResponseTrait::ReceiveSpawnPointsMsg	1203	COMMUNITY_REPORTED		CATALOG_NO_GETTER	2	0x141518F2A->0x146162150;0x141518F32->0x1416F3920
0x1415193B6	0x141519370	0x1415193FD	0x1416D4720	PROVIDER_UUID_CORRELATED	D33230C8-9B7C-4B25-AFAA-254F8875A606	Javelin::ClientMessages::GridTrackingComponentClientFacet_UpdatePhasing	6310	COMMUNITY_REPORTED		CATALOG_NO_GETTER	2	0x14151937A->0x146162150;0x141519382->0x1416D4720
0x1415195C6	0x141519580	0x14151960D	0x1416EA720	PROVIDER_UUID_CORRELATED	DB23DA0F-A049-42EC-8058-3A8247A978F8	Aoi::PhasingGridCoordinatorTrait::PhaseReadyMsg	6168	COMMUNITY_REPORTED		CATALOG_NO_GETTER	2	0x14151958A->0x146162150;0x141519592->0x1416EA720
0x141519EC6	0x141519E80	0x141519F0D	0x1416D5720	PROVIDER_UUID_CORRELATED	3C9E43CE-24D7-4590-8FA8-BFA24D1DF977	Aoi::GridTrait	231	COMMUNITY_REPORTED		CATALOG_NO_GETTER	2	0x141519E8A->0x146162150;0x141519E92->0x1416D5720
0x14151A286	0x14151A240	0x14151A2CD	0x1416E8D20	PROVIDER_UUID_CORRELATED	8FDECFCC-5998-4907-99B3-C05B456A2E71	Aoi::PassiveBatchCastQueryActor	1774	COMMUNITY_REPORTED		CATALOG_NO_GETTER	2	0x14151A24A->0x146162150;0x14151A252->0x1416E8D20
0x14151A456	0x14151A410	0x14151A49D	0x14170AF20	PROVIDER_UUID_CORRELATED	8270ECB9-7E39-43A4-A07E-7410447CF420	Javelin::PlayerPresenceTrackingTrait::UnregisterSubscriberMsg	5846	COMMUNITY_REPORTED		CATALOG_NO_GETTER	2	0x14151A41A->0x146162150;0x14151A422->0x14170AF20
0x14151A506	0x14151A4C0	0x14151A54D	0x1416FC120	PROVIDER_UUID_CORRELATED	98A9E957-3FDF-4A67-AA6D-1A4E81C6AD04	Aoi::PhysicsTrait::ResizeDetectableMsg	1869	COMMUNITY_REPORTED		CATALOG_NO_GETTER	2	0x14151A4CA->0x146162150;0x14151A4D2->0x1416FC120
0x14151A9B6	0x14151A970	0x14151A9FD	0x1416F7920	PROVIDER_UUID_CORRELATED	C47A6A6B-8D45-49E2-A87D-8B5314499160	Javelin::InventoryService::RequestAware	5877	COMMUNITY_REPORTED		CATALOG_NO_GETTER	2	0x14151A97A->0x146162150;0x14151A982->0x1416F7920
0x14151ADC6	0x14151AD80	0x14151AE0D	0x1416CEF20	PROVIDER_UUID_CORRELATED	E5445A84-8113-42FE-84AB-A59113D22F3B	MB::GDEInstantiationLambda	816	COMMUNITY_REPORTED		CATALOG_NO_GETTER	2	0x14151AD8A->0x146162150;0x14151AD92->0x1416CEF20
0x14151AF86	0x14151AF40	0x14151AFCD	0x1416FA720	PROVIDER_UUID_CORRELATED	24A8BBEB-4BA6-48FA-BEF6-F551ADF03A96	Aoi::PlayerManagerTrait::RequestRemoteGDERefForPlayerMsg	1477	COMMUNITY_REPORTED		CATALOG_NO_GETTER	2	0x14151AF4A->0x146162150;0x14151AF52->0x1416FA720
0x14151B486	0x14151B440	0x14151B4CD	0x1416F3720	PROVIDER_UUID_CORRELATED	0857EC1E-5E9B-46A4-9F08-77F11F9F3BCA	Aoi::SpawnPointResponseTrait::ReceiveSpawnPointMsg	1958	COMMUNITY_REPORTED		CATALOG_NO_GETTER	2	0x14151B44A->0x146162150;0x14151B452->0x1416F3720
0x14151BD16	0x14151BCD0	0x14151BD5D	0x141702520	PROVIDER_UUID_CORRELATED	5D2DE358-9F51-4122-AFA4-BB0C450C67F2	Aoi::GridTrait::State	1837	COMMUNITY_REPORTED		CATALOG_NO_GETTER	2	0x14151BCDA->0x146162150;0x14151BCE2->0x141702520
0x14151BDB6	0x14151BD70	0x14151BDFD	0x1416CE120	PROVIDER_UUID_CORRELATED	42643CEC-2E0E-4720-86D8-2A7A9CFF1897	Aoi::PhasingGridCoordinatorTrait::ExtendPhaseLifetimeMsg	6422	COMMUNITY_REPORTED		CATALOG_NO_GETTER	2	0x14151BD7A->0x146162150;0x14151BD82->0x1416CE120
0x14151C086	0x14151C040	0x14151C0CD	0x1416CED20	PROVIDER_UUID_CORRELATED	C1E72717-FE3C-4683-B4C2-FC926549CE1F	Javelin::PlayerPresenceTrackingTrait::ForwardMessageToCharacterMsg	5853	COMMUNITY_REPORTED		CATALOG_NO_GETTER	2	0x14151C04A->0x146162150;0x14151C052->0x1416CED20
0x14151C126	0x14151C0E0	0x14151C16D	0x1416E0B20	PROVIDER_UUID_CORRELATED	2EBC6A35-7CBA-4A56-97D0-65C1095BC1CB	Aoi::PhysicsTrait::MoveAndResizeDetectableMsg	1903	COMMUNITY_REPORTED		CATALOG_NO_GETTER	2	0x14151C0EA->0x146162150;0x14151C0F2->0x1416E0B20
0x14151C7E6	0x14151C7A0	0x14151C82D	0x1416C5D20	PROVIDER_UUID_CORRELATED	7C0CDDC3-250A-4928-8198-557ADA870536	CharacterActionTestSettings	158	COMMUNITY_REPORTED		CATALOG_NO_GETTER	2	0x14151C7AA->0x146162150;0x14151C7B2->0x1416C5D20
0x14151CA26	0x14151C9E0	0x14151CA6D	0x1416FAB20	PROVIDER_UUID_CORRELATED	9708486A-ECB0-4632-A365-2E70B79D9E40	Javelin::InventoryService::RequestResponse	6032	COMMUNITY_REPORTED		CATALOG_NO_GETTER	2	0x14151C9EA->0x146162150;0x14151C9F2->0x1416FAB20
0x14151CCF6	0x14151CCB0	0x14151CD3D	0x1416CF120	PROVIDER_UUID_CORRELATED	8CCC0F6C-890D-49AF-8D51-3E352409CA3A	GDEIsDiscoverable	987	COMMUNITY_REPORTED		CATALOG_NO_GETTER	2	0x14151CCBA->0x146162150;0x14151CCC2->0x1416CF120
0x14151CFD6	0x14151CF90	0x14151D01D	0x1416CF720	PROVIDER_UUID_CORRELATED	0C963ED4-1AD6-4001-8076-0E051CD4D17D		2140	COMMUNITY_REPORTED		CATALOG_NO_GETTER	2	0x14151CF9A->0x146162150;0x14151CFA2->0x1416CF720
0x14151D1E6	0x14151D1A0	0x14151D22D	0x1416C9920	PROVIDER_UUID_CORRELATED	0A6B4595-6852-4422-9F58-3F6095103AB4	Aoi::PlayerManagerTrait::DebugPrintRegistryMsg	89	COMMUNITY_REPORTED		CATALOG_NO_GETTER	2	0x14151D1AA->0x146162150;0x14151D1B2->0x1416C9920
0x14151D4E6	0x14151D4A0	0x14151D52D	0x141707120	PROVIDER_UUID_CORRELATED	9DCDC279-F065-4C54-8064-664B5E4699D6	Aoi::TerrainCollisionMeshProducerTrait	244	COMMUNITY_REPORTED		CATALOG_NO_GETTER	2	0x14151D4AA->0x146162150;0x14151D4B2->0x141707120
0x14151D596	0x14151D550	0x14151D5DD	0x1416DA320	PROVIDER_UUID_CORRELATED	A9C43B92-C37D-4A0A-855B-ADD969560581	Javelin::EditorManagerActor::InitMsg	1093	COMMUNITY_REPORTED		CATALOG_NO_GETTER	2	0x14151D55A->0x146162150;0x14151D562->0x1416DA320
0x14151D746	0x14151D700	0x14151D78D	0x1416EAF20	PROVIDER_UUID_CORRELATED	EC277CFA-9327-45BF-8FA1-2E1253DEC248	Aoi::PhysicsTrait	1259	COMMUNITY_REPORTED		CATALOG_NO_GETTER	2	0x14151D70A->0x146162150;0x14151D712->0x1416EAF20
0x14151DA66	0x14151DA20	0x14151DAAD	0x1416FE920	PROVIDER_UUID_CORRELATED	DF1D04FE-C769-4A6D-8F10-C5F9EAA645D4	Aoi::PhasingGridCoordinatorTrait::SocialChangeMsg	6369	COMMUNITY_REPORTED		CATALOG_NO_GETTER	2	0x14151DA2A->0x146162150;0x14151DA32->0x1416FE920
0x14151E656	0x14151E610	0x14151E69D	0x1416DE920	PROVIDER_UUID_CORRELATED	6DACE0BE-B8BA-4203-B55B-1D1F061D70D9	Aoi::PhysicsTrait::LegacyRegisterDetectorMsg	984	COMMUNITY_REPORTED		CATALOG_NO_GETTER	2	0x14151E61A->0x146162150;0x14151E622->0x1416DE920
0x14151E736	0x14151E6F0	0x14151E77D	0x1416C7F20	PROVIDER_UUID_CORRELATED	8DF76B7E-9079-4627-8D83-0A706D792524	Javelin::PlayerPresenceTrackingTrait::DebugAddLocalPresenceMsg	6269	COMMUNITY_REPORTED		CATALOG_NO_GETTER	2	0x14151E6FA->0x146162150;0x14151E702->0x1416C7F20
0x14151E8B6	0x14151E870	0x14151E8FD	0x1416DD720	PROVIDER_UUID_CORRELATED	92B7392F-DC15-4920-A902-98CCFCAB59CE	Javelin::InventoryService::ItemVersionData	5762	COMMUNITY_REPORTED		CATALOG_NO_GETTER	2	0x14151E87A->0x146162150;0x14151E882->0x1416DD720
0x14151EAC6	0x14151EA80	0x14151EB0D	0x1416D9B20	PROVIDER_UUID_CORRELATED	980C21D2-6B30-403C-9821-D6183E407E02	Aoi::PassiveBatchCastQueryActor::InitComponentMsg	1775	COMMUNITY_REPORTED		CATALOG_NO_GETTER	2	0x14151EA8A->0x146162150;0x14151EA92->0x1416D9B20
0x14151EBF6	0x14151EBB0	0x14151EC3D	0x141026E50	PROVIDER_UUID_CORRELATED	359B72E6-F333-4CDA-8310-39776891EA33	GDEIsPersistent	176	COMMUNITY_REPORTED		CATALOG_NO_GETTER	2	0x14151EBBA->0x146162150;0x14151EBC2->0x141026E50
0x14151EE56	0x14151EE10	0x14151EE9D	0x1416CAD20	PROVIDER_UUID_CORRELATED	9C050680-8C79-4995-ADD7-24B05F90088C	Aoi::PlayerManagerTrait::DebugResetRegistryMsg	5518	COMMUNITY_REPORTED		CATALOG_NO_GETTER	2	0x14151EE1A->0x146162150;0x14151EE22->0x1416CAD20
0x14151F156	0x14151F110	0x14151F19D	0x141706320	PROVIDER_UUID_CORRELATED	04E72D61-8C21-4E94-9A36-0FD80F3A6B81	Aoi::TerrainCollisionMeshProducerTrait::State	1961	COMMUNITY_REPORTED		CATALOG_NO_GETTER	2	0x14151F11A->0x146162150;0x14151F122->0x141706320
0x14151F376	0x14151F330	0x14151F3BD	0x141704320	PROVIDER_UUID_CORRELATED	B4A0ACBD-97A2-45D3-82EA-1AD1E0121357	Aoi::PhysicsTrait::State	1840	COMMUNITY_REPORTED		CATALOG_NO_GETTER	2	0x14151F33A->0x146162150;0x14151F342->0x141704320
0x14151F486	0x14151F440	0x14151F4CD	0x1416C5320	PROVIDER_UUID_CORRELATED	6E5C6C07-1CD1-4880-A46E-66B81138AA3A	Javelin::BotComponentInterface	2069	COMMUNITY_REPORTED		CATALOG_NO_GETTER	2	0x14151F44A->0x146162150;0x14151F452->0x1416C5320
0x14151F5F6	0x14151F5B0	0x14151F63D	0x1416D7B20	PROVIDER_UUID_CORRELATED	97C2FFBE-EDB2-4562-9550-F03E9B533BDC	Aoi::IGridLayerCreatorTrait	1563	COMMUNITY_REPORTED		CATALOG_NO_GETTER	2	0x14151F5BA->0x146162150;0x14151F5C2->0x1416D7B20
0x14151F806	0x14151F7C0	0x14151F84D	0x1416F9120	PROVIDER_UUID_CORRELATED	82FCF324-37D9-417D-B2F4-14577CAD646F	Aoi::PhasingGridCoordinatorTrait::RequestJoinCharacterPhaseMsg	6384	COMMUNITY_REPORTED		CATALOG_NO_GETTER	2	0x14151F7CA->0x146162150;0x14151F7D2->0x1416F9120
0x141520256	0x141520210	0x14152029D	0x1416DD120	PROVIDER_UUID_CORRELATED	84BE3A00-222F-4DCD-A80E-0016EB75144A	Javelin::InventoryService::Item	5763	COMMUNITY_REPORTED		CATALOG_NO_GETTER	2	0x14152021A->0x146162150;0x141520222->0x1416DD120
0x141520386	0x141520340	0x1415203CD	0x1416DF120	PROVIDER_UUID_CORRELATED	FA89D9ED-3C68-4990-90F8-8BEA20FAFF10	Aoi::PhysicsTrait::LegacyUnregisterDetectorMsg	1906	COMMUNITY_REPORTED		CATALOG_NO_GETTER	2	0x14152034A->0x146162150;0x141520352->0x1416DF120
0x141520486	0x141520440	0x1415204CD	0x1416CA720	PROVIDER_UUID_CORRELATED	056A0C36-CC6F-43B1-B7D3-0294B0969059	Javelin::PlayerPresenceTrackingTrait::DebugRemoveLocalPresenceMsg	6270	COMMUNITY_REPORTED		CATALOG_NO_GETTER	2	0x14152044A->0x146162150;0x141520452->0x1416CA720
0x141520636	0x1415205F0	0x14152067D	0x1416CF320	PROVIDER_UUID_CORRELATED	F843CB45-D0F6-498D-9102-0A2F452B9187	MB::GDEPlugin	2163	COMMUNITY_REPORTED		CATALOG_NO_GETTER	2	0x1415205FA->0x146162150;0x141520602->0x1416CF320
0x141520766	0x141520720	0x1415207AD	0x1416CA920	PROVIDER_UUID_CORRELATED	CC892465-654B-453C-87BD-7413E3A61551	Aoi::PlayerManagerTrait::DebugRequestGameModeStatusesMsg	6548	COMMUNITY_REPORTED		CATALOG_NO_GETTER	2	0x14152072A->0x146162150;0x141520732->0x1416CA920
0x1415208A6	0x141520860	0x1415208ED	0x1416F9520	PROVIDER_UUID_CORRELATED	6C8DF7C7-4646-479D-AC21-CDAAB8D7FDDF	Aoi::TerrainCollisionMeshProducerTrait::RequestMeshesMsg	1678	COMMUNITY_REPORTED		CATALOG_NO_GETTER	2	0x14152086A->0x146162150;0x141520872->0x1416F9520
0x1415209B6	0x141520970	0x1415209FD	0x1416F0920	PROVIDER_UUID_CORRELATED	9831F691-7F36-43E4-9B4A-FEBC53337F96	Aoi::PhysicsTrait::QueryWorldAabbMsg	1843	COMMUNITY_REPORTED		CATALOG_NO_GETTER	2	0x14152097A->0x146162150;0x141520982->0x1416F0920
0x141520ED6	0x141520E90	0x141520F1D	0x141702920	PROVIDER_UUID_CORRELATED	3F571DC9-7FBC-4D18-BA11-A6CB0BEB3DD4	Aoi::IGridLayerCreatorTrait::State	404	COMMUNITY_REPORTED		CATALOG_NO_GETTER	2	0x141520E9A->0x146162150;0x141520EA2->0x141702920
0x141521846	0x141521800	0x14152188D	0x1416F9B20	PROVIDER_UUID_CORRELATED	28A1B63C-7820-4992-8682-414D26843C1E	Aoi::PhasingGridCoordinatorTrait::RequestPlayersPhaseIdMsg	6449	COMMUNITY_REPORTED		CATALOG_NO_GETTER	2	0x14152180A->0x146162150;0x141521812->0x1416F9B20
0x141521A46	0x141521A00	0x141521A8D	0x1416D3120	PROVIDER_UUID_CORRELATED	352F5954-4193-46BB-A271-3321A80F31A2	Aoi::GridChangeListenerTrait	1785	COMMUNITY_REPORTED		CATALOG_NO_GETTER	2	0x141521A0A->0x146162150;0x141521A12->0x1416D3120
0x141521C86	0x141521C40	0x141521CCD	0x1416DCD20	PROVIDER_UUID_CORRELATED	8E2C5F9C-EE78-4EB4-A77B-2BB58DF8A471	Javelin::InventoryService::Inventory	5764	COMMUNITY_REPORTED		CATALOG_NO_GETTER	2	0x141521C4A->0x146162150;0x141521C52->0x1416DCD20
0x141521DE6	0x141521DA0	0x141521E2D	0x1416DE520	PROVIDER_UUID_CORRELATED	48596681-9217-40DE-B072-8F8425169422	Aoi::PhysicsTrait::LegacyMoveDetectorMsg	1909	COMMUNITY_REPORTED		CATALOG_NO_GETTER	2	0x141521DAA->0x146162150;0x141521DB2->0x1416DE520
0x141521F16	0x141521ED0	0x141521F5D	0x1416D7720	PROVIDER_UUID_CORRELATED	BECB3F3D-A8B3-455E-A670-78D60AC947F8	Javelin::IGDERootTransformPublisher	2141	COMMUNITY_REPORTED		CATALOG_NO_GETTER	2	0x141521EDA->0x146162150;0x141521EE2->0x1416D7720
0x141522066	0x141522020	0x1415220AD	0x14170C320	PROVIDER_UUID_CORRELATED	62E7F9CE-D7B7-43E5-AA14-A352242C2891	Javelin::PlayerPresenceTrackingTrait::UpdateRemotePresenceMsg	5844	COMMUNITY_REPORTED		CATALOG_NO_GETTER	2	0x14152202A->0x146162150;0x141522032->0x14170C320
0x141522146	0x141522100	0x14152218D	0x1416CF520	PROVIDER_UUID_CORRELATED	CD378369-3D3D-42E0-9EDA-08034F9A6569	MB::GDEPluginsInfo	273	COMMUNITY_REPORTED		CATALOG_NO_GETTER	2	0x14152210A->0x146162150;0x141522112->0x1416CF520
0x141522426	0x1415223E0	0x14152246D	0x1416FA320	PROVIDER_UUID_CORRELATED	40EDB9BB-F35F-4955-BEAC-B7C8059E3110	Aoi::PlayerManagerTrait::RequestReconnectCrossWorldMsg	5627	COMMUNITY_REPORTED		CATALOG_NO_GETTER	2	0x1415223EA->0x146162150;0x1415223F2->0x1416FA320
0x141522EA6	0x141522E60	0x141522EED	0x1416E4120	PROVIDER_UUID_CORRELATED	4841C346-1FCF-428B-AEA6-446D76CE9F6C	Aoi::IGridLayerCreatorTrait::OnGridLayerCreatedMsg	1439	COMMUNITY_REPORTED		CATALOG_NO_GETTER	2	0x141522E6A->0x146162150;0x141522E72->0x1416E4120
0x141523406	0x1415233C0	0x14152344D	0x1416F1B20	PROVIDER_UUID_CORRELATED	AC46E603-E925-4581-A0A1-D8ABF120DB80	Aoi::PhysicsTrait::QueryWorldRayCastMsg	128	COMMUNITY_REPORTED		CATALOG_NO_GETTER	2	0x1415233CA->0x146162150;0x1415233D2->0x1416F1B20
0x1415239C6	0x141523980	0x141523A0D	0x141701F20	PROVIDER_UUID_CORRELATED	27A80853-B4C4-462A-A84E-B7267A3B7B32	Aoi::GridChangeListenerTrait::State	1699	COMMUNITY_REPORTED		CATALOG_NO_GETTER	2	0x14152398A->0x146162150;0x141523992->0x141701F20
0x141523F66	0x141523F20	0x141523FAD	0x1416DD320	PROVIDER_UUID_CORRELATED	DEC3B6F4-9CB3-4336-8F73-F55AC0891EAE	Javelin::InventoryService::ItemDataType	5948	COMMUNITY_REPORTED		CATALOG_NO_GETTER	2	0x141523F2A->0x146162150;0x141523F32->0x1416DD320
0x1415240E6	0x1415240A0	0x14152412D	0x1416E2120	PROVIDER_UUID_CORRELATED	6C03F5A7-F678-4BDA-BA30-EA6D16B94ABE	Aoi::PhasingGridCoordinatorTrait::NotifyCanEarlyRelocateMsg	6390	COMMUNITY_REPORTED		CATALOG_NO_GETTER	2	0x1415240AA->0x146162150;0x1415240B2->0x1416E2120
0x141524186	0x141524140	0x1415241CD	0x1416DED20	PROVIDER_UUID_CORRELATED	836F5BB7-EB2B-451B-A944-27A6CDCC9EFF	Aoi::PhysicsTrait::LegacyResizeDetectorMsg	144	COMMUNITY_REPORTED		CATALOG_NO_GETTER	2	0x14152414A->0x146162150;0x141524152->0x1416DED20
0x141524246	0x141524200	0x14152428D	0x1416D7920	PROVIDER_UUID_CORRELATED	7507A9E9-DEFC-449A-AF3A-2EDEDE782207	Javelin::IGDERootTransformSubscriber	2142	COMMUNITY_REPORTED		CATALOG_NO_GETTER	2	0x14152420A->0x146162150;0x141524212->0x1416D7920
0x141524346	0x141524300	0x14152438D	0x1416F7320	PROVIDER_UUID_CORRELATED	D782B1CD-AAC4-4D37-8836-7BAEEEDD78FC	Javelin::PlayerPresenceTrackingTrait::RemoveRemotePresenceMsg	5854	COMMUNITY_REPORTED		CATALOG_NO_GETTER	2	0x14152430A->0x146162150;0x141524312->0x1416F7320
0x1415248B6	0x141524870	0x1415248FD	0x1416E2320	PROVIDER_UUID_CORRELATED	3E5AE6BA-E611-4A26-845A-45FD1A59BA31	Aoi::PlayerManagerTrait::NotifyConfigChangedMsg	1655	COMMUNITY_REPORTED		CATALOG_NO_GETTER	2	0x14152487A->0x146162150;0x141524882->0x1416E2320
0x141525206	0x1415251C0	0x14152524D	0x1416F1720	PROVIDER_UUID_CORRELATED	6BDBCC0C-76DF-4E70-A266-5E797E39C783	Aoi::PhysicsTrait::QueryWorldRayCastBatchMsg	1740	COMMUNITY_REPORTED		CATALOG_NO_GETTER	2	0x1415251CA->0x146162150;0x1415251D2->0x1416F1720
0x141525656	0x141525610	0x14152569D	0x1416E4320	PROVIDER_UUID_CORRELATED	D7B15297-603A-4FEF-BD96-E259D84EA904	Aoi::GridChangeListenerTrait::OnGridVersionChangedMsg	1788	COMMUNITY_REPORTED		CATALOG_NO_GETTER	2	0x14152561A->0x146162150;0x141525622->0x1416E4320
0x141525B06	0x141525AC0	0x141525B4D	0x1416CDF20	PROVIDER_UUID_CORRELATED	9FDBCA6A-9A6A-4022-B9EC-D237788CE7FA	Javelin::InventoryService::ExampleItemData	5949	COMMUNITY_REPORTED		CATALOG_NO_GETTER	2	0x141525ACA->0x146162150;0x141525AD2->0x1416CDF20
0x141525D46	0x141525D00	0x141525D8D	0x1416FA120	PROVIDER_UUID_CORRELATED	B77EB12F-6FEF-42CF-96F4-AD5E4F67CA39	Aoi::PhasingGridCoordinatorTrait::RequestReassignmentMsg	6511	COMMUNITY_REPORTED		CATALOG_NO_GETTER	2	0x141525D0A->0x146162150;0x141525D12->0x1416FA120
0x141525F56	0x141525F10	0x141525F9D	0x1416C9720	PROVIDER_UUID_CORRELATED	DC9EB8B9-CED2-4C46-BD90-B74A6460361A	Javelin::PlayerPresenceTrackingTrait::DebugPrintAllMsg	5855	COMMUNITY_REPORTED		CATALOG_NO_GETTER	2	0x141525F1A->0x146162150;0x141525F22->0x1416C9720
0x141526616	0x1415265D0	0x14152665D	0x1416DE120	PROVIDER_UUID_CORRELATED	97E142FB-4B46-4A8F-9281-F4FD537C2D7B	Aoi::PhysicsTrait::LegacyMoveAndResizeDetectorMsg	800	COMMUNITY_REPORTED		CATALOG_NO_GETTER	2	0x1415265DA->0x146162150;0x1415265E2->0x1416DE120
0x1415266A6	0x141526660	0x1415266ED	0x1416C4320	PROVIDER_UUID_CORRELATED	4E34775B-B226-44E5-985D-92B8300E4DC1	Aoi::BaseGridActorClient	6286	COMMUNITY_REPORTED		CATALOG_NO_GETTER	2	0x14152666A->0x146162150;0x141526672->0x1416C4320
0x141526D46	0x141526D00	0x141526D8D	0x1416FE320	PROVIDER_UUID_CORRELATED	24C77A1A-D1AD-4FA7-8658-7F179541FBCB	Aoi::PlayerManagerTrait::SetRestrictedLocationTotalsMsg	1659	COMMUNITY_REPORTED		CATALOG_NO_GETTER	2	0x141526D0A->0x146162150;0x141526D12->0x1416FE320
0x141527CF6	0x141527CB0	0x141527D3D	0x1416F0D20	PROVIDER_UUID_CORRELATED	CC665C2C-7A22-4F00-A3DC-1052C926FF3B	Aoi::PhysicsTrait::QueryWorldLinearShapeCastMsg	1576	COMMUNITY_REPORTED		CATALOG_NO_GETTER	2	0x141527CBA->0x146162150;0x141527CC2->0x1416F0D20
0x141527DE6	0x141527DA0	0x141527E2D	0x1416D1F20	PROVIDER_UUID_CORRELATED	0AFB0865-9D83-4CA6-836F-BC24ECCFC9CA	Aoi::GlobalEntityListenerTrait	661	COMMUNITY_REPORTED		CATALOG_NO_GETTER	2	0x141527DAA->0x146162150;0x141527DB2->0x1416D1F20
0x141527E96	0x141527E50	0x141527EDD	0x1416DD920	PROVIDER_UUID_CORRELATED	914DE6D6-3666-467F-855B-7323DC6D305E	Javelin::InventoryService::JsonItemData	5946	COMMUNITY_REPORTED		CATALOG_NO_GETTER	2	0x141527E5A->0x146162150;0x141527E62->0x1416DD920
0x141528386	0x141528340	0x1415283CD	0x1416C9520	PROVIDER_UUID_CORRELATED	67367F4F-A4F8-41B6-9D2E-FEA7A1FE0712	Javelin::PlayerPresenceTrackingTrait::DebugMessageBoxMsg	5847	COMMUNITY_REPORTED		CATALOG_NO_GETTER	2	0x14152834A->0x146162150;0x141528352->0x1416C9520
0x141528516	0x1415284D0	0x14152855D	0x141706B20	PROVIDER_UUID_CORRELATED	E7D9D21E-1249-42AE-B930-6EBA8020F6D1	Aoi::PhasingGridCoordinatorTrait::SubscribePhaseStatusMsg	6430	COMMUNITY_REPORTED		CATALOG_NO_GETTER	2	0x1415284DA->0x146162150;0x1415284E2->0x141706B20
0x141528676	0x141528630	0x1415286BD	0x1416F4B20	PROVIDER_UUID_CORRELATED	4D0710F7-78CD-4229-A05A-FE42D5E8762F	Aoi::PhysicsTrait::RegisterDetectorMsg	6073	COMMUNITY_REPORTED		CATALOG_NO_GETTER	2	0x14152863A->0x146162150;0x141528642->0x1416F4B20
0x141528A46	0x141528A00	0x141528A8D	0x1416E3320	PROVIDER_UUID_CORRELATED	8D149662-A690-45C4-89CB-C7F80D711587	Aoi::PlayerManagerTrait::OnFirstTerritoryForPlayerMsg	1660	COMMUNITY_REPORTED		CATALOG_NO_GETTER	2	0x141528A0A->0x146162150;0x141528A12->0x1416E3320
0x141528AE6	0x141528AA0	0x141528B2D	0x1416C7D20	PROVIDER_UUID_CORRELATED	357244F9-FC83-445E-A749-5A68EA1B283C	CrossWorldPlayerData	5573	COMMUNITY_REPORTED		CATALOG_NO_GETTER	2	0x141528AAA->0x146162150;0x141528AB2->0x1416C7D20
0x141529AC6	0x141529A80	0x141529B0D	0x141701D20	PROVIDER_UUID_CORRELATED	2FF49152-5C1D-40C7-A8F3-99AA4903C1C3	Aoi::GlobalEntityListenerTrait::State	365	COMMUNITY_REPORTED		CATALOG_NO_GETTER	2	0x141529A8A->0x146162150;0x141529A92->0x141701D20
0x141529B66	0x141529B20	0x141529BAD	0x1416DD520	PROVIDER_UUID_CORRELATED	CB6EA9B4-6CD8-4ED9-8F8A-1C1509A888BF	Javelin::InventoryService::ItemTransactionsRequest	5827	COMMUNITY_REPORTED		CATALOG_NO_GETTER	2	0x141529B2A->0x146162150;0x141529B32->0x1416DD520
0x141529DD6	0x141529D90	0x141529E1D	0x1416F0B20	PROVIDER_UUID_CORRELATED	5441C881-4805-4389-B912-EF0A6D29AAD0	Aoi::PhysicsTrait::QueryWorldLinearShapeCastBatchMsg	508	COMMUNITY_REPORTED		CATALOG_NO_GETTER	2	0x141529D9A->0x146162150;0x141529DA2->0x1416F0B20
0x14152A466	0x14152A420	0x14152A4AD	0x14170B320	PROVIDER_UUID_CORRELATED	36F8AB7C-78AC-45BA-BE06-50D5B5C2BDD3	Aoi::PhasingGridCoordinatorTrait::UnsubscribePhaseStatusMsg	6432	COMMUNITY_REPORTED		CATALOG_NO_GETTER	2	0x14152A42A->0x146162150;0x14152A432->0x14170B320
0x14152A876	0x14152A830	0x14152A8BD	0x1416DDD20	PROVIDER_UUID_CORRELATED	3524FB46-0C62-4C27-A574-929241A373C0	Aoi::PlayerManagerTrait::KickCharacterForTicketErrorMsg	1165	COMMUNITY_REPORTED		CATALOG_NO_GETTER	2	0x14152A83A->0x146162150;0x14152A842->0x1416DDD20
0x14152A9C6	0x14152A980	0x14152AA0D	0x14170A520	PROVIDER_UUID_CORRELATED	6170B42D-A478-4E35-B217-29C1C79A0B82	Aoi::PhysicsTrait::UnregisterDetectorMsg	6074	COMMUNITY_REPORTED		CATALOG_NO_GETTER	2	0x14152A98A->0x146162150;0x14152A992->0x14170A520
0x14152B076	0x14152B030	0x14152B0BD	0x1416D1B20	PROVIDER_UUID_CORRELATED	523E4637-2EB6-45A3-9018-952BAA2FEEE0	Aoi::GlobalEntityListenerTrait::GlobalAddActorMsg	1405	COMMUNITY_REPORTED		CATALOG_NO_GETTER	2	0x14152B03A->0x146162150;0x14152B042->0x1416D1B20
0x14152B126	0x14152B0E0	0x14152B16D	0x1416F8720	PROVIDER_UUID_CORRELATED	7AB4C6E9-5B39-41F4-A639-7CA269A79A9F	Javelin::InventoryService::RequestContext	5828	COMMUNITY_REPORTED		CATALOG_NO_GETTER	2	0x14152B0EA->0x146162150;0x14152B0F2->0x1416F8720
0x14152BAD6	0x14152BA90	0x14152BB1D	0x1416F1320	PROVIDER_UUID_CORRELATED	D5F187A0-DD31-440A-8DC1-6B07DD0654CD	Aoi::PhysicsTrait::QueryWorldNonlinearShapeCastMsg	385	COMMUNITY_REPORTED		CATALOG_NO_GETTER	2	0x14152BA9A->0x146162150;0x14152BAA2->0x1416F1320
0x14152BC16	0x14152BBD0	0x14152BC5D	0x1416DB920	PROVIDER_UUID_CORRELATED	49AC947B-64D1-484D-A9F4-E275926C0688	InitialGridInfo	6368	COMMUNITY_REPORTED		CATALOG_NO_GETTER	2	0x14152BBDA->0x146162150;0x14152BBE2->0x1416DB920
0x14152C006	0x14152BFC0	0x14152C04D	0x1416C2920	PROVIDER_UUID_CORRELATED	D56F0C81-65A4-4759-AD84-1DC87B56BF1F	Aoi::PhasingGridCoordinatorTrait::AddOmnipresentToGridMsg	6472	COMMUNITY_REPORTED		CATALOG_NO_GETTER	2	0x14152BFCA->0x146162150;0x14152BFD2->0x1416C2920
0x14152C376	0x14152C330	0x14152C3BD	0x1416CAB20	PROVIDER_UUID_CORRELATED	1A83734A-C54E-48B7-87F1-CE7139DBDEB8	Aoi::PlayerManagerTrait::DebugRequestSpawnPlayerMsg	1665	COMMUNITY_REPORTED		CATALOG_NO_GETTER	2	0x14152C33A->0x146162150;0x14152C342->0x1416CAB20
0x14152C416	0x14152C3D0	0x14152C45D	0x1416F7520	PROVIDER_UUID_CORRELATED	261F7815-2BE0-44F5-BE4A-E8070677A57B	MB::ReplicatedState	2164	COMMUNITY_REPORTED		CATALOG_NO_GETTER	2	0x14152C3DA->0x146162150;0x14152C3E2->0x1416F7520
0x14152C636	0x14152C5F0	0x14152C67D	0x1416DBB20	PROVIDER_UUID_CORRELATED	2E2F2513-7749-4DB0-83A4-2C403807EF10	Javelin::InitialPersistedPlayerData	6636	COMMUNITY_REPORTED		CATALOG_NO_GETTER	2	0x14152C5FA->0x146162150;0x14152C602->0x1416DBB20
0x14152CA06	0x14152C9C0	0x14152CA4D	0x1416E1520	PROVIDER_UUID_CORRELATED	13118708-548E-4EA1-AB6C-D5DB64755EA2	Aoi::PhysicsTrait::MoveDetectorMsg	6075	COMMUNITY_REPORTED		CATALOG_NO_GETTER	2	0x14152C9CA->0x146162150;0x14152C9D2->0x1416E1520
0x14152D176	0x14152D130	0x14152D1BD	0x1416C6120	PROVIDER_UUID_CORRELATED	2F368455-7B4F-4552-A6F8-20B52F208BD3	Javelin::ClientMessages::CharacterComponentClientFacet_RequestEnableCollision	2039	COMMUNITY_REPORTED		CATALOG_NO_GETTER	2	0x14152D13A->0x146162150;0x14152D142->0x1416C6120
0x14152D306	0x14152D2C0	0x14152D34D	0x141709520	PROVIDER_UUID_CORRELATED	E755F240-F16B-4DC0-A84F-18F248445601	Javelin::InventoryService::TransactionContext	6189	COMMUNITY_REPORTED		CATALOG_NO_GETTER	2	0x14152D2CA->0x146162150;0x14152D2D2->0x141709520
0x14152D736	0x14152D6F0	0x14152D77D	0x1416D2120	PROVIDER_UUID_CORRELATED	D96EBF5B-D139-42BE-BFD9-847B04E0B924	Aoi::GlobalEntityListenerTrait::GlobalRemoveActorMsg	1791	COMMUNITY_REPORTED		CATALOG_NO_GETTER	2	0x14152D6FA->0x146162150;0x14152D702->0x1416D2120
0x14152DCB6	0x14152DC70	0x14152DCFD	0x1416F1120	PROVIDER_UUID_CORRELATED	D3594CC5-D934-4A0E-86D4-5E3E0D06A3E1	Aoi::PhysicsTrait::QueryWorldNonlinearShapeCastBatchMsg	507	COMMUNITY_REPORTED		CATALOG_NO_GETTER	2	0x14152DC7A->0x146162150;0x14152DC82->0x1416F1120
0x14152DE06	0x14152DDC0	0x14152DE4D	0x1416DC320	PROVIDER_UUID_CORRELATED	6E73E3A8-450B-4292-9582-9A75424EAC96	MB::ServerContext::InitializeMsg	1873	COMMUNITY_REPORTED		CATALOG_NO_GETTER	2	0x14152DDCA->0x146162150;0x14152DDD2->0x1416DC320
0x14152DEB6	0x14152DE70	0x14152DEFD	0x1416F6F20	PROVIDER_UUID_CORRELATED	445FE184-2D9F-4CED-B377-4CA2E4C1DAA0	Aoi::PhasingGridCoordinatorTrait::RemoveOmnipresentFromGridMsg	6474	COMMUNITY_REPORTED		CATALOG_NO_GETTER	2	0x14152DE7A->0x146162150;0x14152DE82->0x1416F6F20
0x14152E056	0x14152E010	0x14152E09D	0x141027050	PROVIDER_UUID_CORRELATED	6A25084A-ED06-4BDE-B69A-3F7CE8EAE476	InitialLocationInTheWorld	358	COMMUNITY_REPORTED		CATALOG_NO_GETTER	2	0x14152E01A->0x146162150;0x14152E022->0x141027050
0x14152E476	0x14152E430	0x14152E4BD	0x1416F9720	PROVIDER_UUID_CORRELATED	38A7B668-4337-4E1D-BDBE-D48F8A0355EA	Aoi::PlayerManagerTrait::RequestPlayerRefsMsg	265	COMMUNITY_REPORTED		CATALOG_NO_GETTER	2	0x14152E43A->0x146162150;0x14152E442->0x1416F9720
0x14152E5B6	0x14152E570	0x14152E5FD	0x1416DBD20	PROVIDER_UUID_CORRELATED	B96FF127-DC1E-4697-9148-4F9936D4CC8A	InitialPlayerData	1310	COMMUNITY_REPORTED		CATALOG_NO_GETTER	2	0x14152E57A->0x146162150;0x14152E582->0x1416DBD20
0x14152E866	0x14152E820	0x14152E8AD	0x1416FC320	PROVIDER_UUID_CORRELATED	FA8A4731-B900-40B3-9B2D-BDA1774978FE	Aoi::PhysicsTrait::ResizeDetectorMsg	6072	COMMUNITY_REPORTED		CATALOG_NO_GETTER	2	0x14152E82A->0x146162150;0x14152E832->0x1416FC320
0x14152E936	0x14152E8F0	0x14152E97D	0x1416C5F20	PROVIDER_UUID_CORRELATED	D5973E38-2D63-42F1-AE67-F7B557696E95	Javelin::ClientMessages::CharacterComponentClientFacet_RequestDisableCollision	1793	COMMUNITY_REPORTED		CATALOG_NO_GETTER	2	0x14152E8FA->0x146162150;0x14152E902->0x1416C5F20
0x14152EA26	0x14152E9E0	0x14152EA6D	0x14170BF20	PROVIDER_UUID_CORRELATED	1B4702F8-4926-4F92-952B-B0AE37ED903F	Javelin::InventoryService::UpdateLinksRequest	5878	COMMUNITY_REPORTED		CATALOG_NO_GETTER	2	0x14152E9EA->0x146162150;0x14152E9F2->0x14170BF20
0x14152EB36	0x14152EAF0	0x14152EB7D	0x1416D1520	PROVIDER_UUID_CORRELATED	A28C1F16-1DDB-417D-B741-6D6B88EEE990	Aoi::GhostBaseTrait	370	COMMUNITY_REPORTED		CATALOG_NO_GETTER	2	0x14152EAFA->0x146162150;0x14152EB02->0x1416D1520
0x14152FD16	0x14152FCD0	0x14152FD5D	0x1416D2D20	PROVIDER_UUID_CORRELATED	186BC9C0-0C9F-4541-9529-BE27D7926CE7	Aoi::PhasingGridCoordinatorTrait::GridAddedAckMsg	6475	COMMUNITY_REPORTED		CATALOG_NO_GETTER	2	0x14152FCDA->0x146162150;0x14152FCE2->0x1416D2D20
0x14152FDB6	0x14152FD70	0x14152FDFD	0x1416F0F20	PROVIDER_UUID_CORRELATED	84718473-BD79-406B-90E7-7C241D4C1F8A	Aoi::PhysicsTrait::QueryWorldMeleeAttackMsg	1846	COMMUNITY_REPORTED		CATALOG_NO_GETTER	2	0x14152FD7A->0x146162150;0x14152FD82->0x1416F0F20
0x141530066	0x141530020	0x1415300AD	0x1416FDF20	PROVIDER_UUID_CORRELATED	81B1655E-57B3-4636-AB32-67315A131325	MB::ServerContext::ScriptGarbageCollectMsg	1487	COMMUNITY_REPORTED		CATALOG_NO_GETTER	2	0x14153002A->0x146162150;0x141530032->0x1416FDF20
0x141530346	0x141530300	0x14153038D	0x141027450	PROVIDER_UUID_CORRELATED	8D7DA1C1-3339-42F8-9DBE-9732F92A0524	VariantParameterData	2152	COMMUNITY_REPORTED		CATALOG_NO_GETTER	2	0x14153030A->0x146162150;0x141530312->0x141027450
0x141530546	0x141530500	0x14153058D	0x1416E0D20	PROVIDER_UUID_CORRELATED	8FEE93E5-379C-41FB-92DA-0CE2AF7E9ACA	Aoi::PhysicsTrait::MoveAndResizeDetectorMsg	6076	COMMUNITY_REPORTED		CATALOG_NO_GETTER	2	0x14153050A->0x146162150;0x141530512->0x1416E0D20
0x141530666	0x141530620	0x1415306AD	0x1416C3F20	PROVIDER_UUID_CORRELATED	A9C5ACE4-9C37-40A3-8C90-035AD2481683	Aoi::PlayerManagerTrait::BanPlayerMsg	930	COMMUNITY_REPORTED		CATALOG_NO_GETTER	2	0x14153062A->0x146162150;0x141530632->0x1416C3F20
0x1415306F6	0x1415306B0	0x14153073D	0x1416C6720	PROVIDER_UUID_CORRELATED	5164C6C5-50B6-48C5-911F-04D907D4E0FF	Javelin::ClientMessages::CharacterComponentServerFacet_DebugRequestEnableCollision	235	COMMUNITY_REPORTED		CATALOG_NO_GETTER	2	0x1415306BA->0x146162150;0x1415306C2->0x1416C6720
0x141530936	0x1415308F0	0x14153097D	0x1416EB120	PROVIDER_UUID_CORRELATED	31CFA403-199C-485E-A673-EE2E238029AB	PlayerClientHostData	6790	COMMUNITY_REPORTED		CATALOG_NO_GETTER	2	0x1415308FA->0x146162150;0x141530902->0x1416EB120
0x1415309D6	0x141530990	0x141530A1D	0x141709320	PROVIDER_UUID_CORRELATED	C6BF54C5-CF8E-4B34-8566-6DEB7F151328	Javelin::InventoryService::TransactWriteItemsRequest	5879	COMMUNITY_REPORTED		CATALOG_NO_GETTER	2	0x14153099A->0x146162150;0x1415309A2->0x141709320
0x141530B46	0x141530B00	0x141530B8D	0x141701920	PROVIDER_UUID_CORRELATED	864623D7-CFD7-4A4E-BBE3-A0EBAFCAD669	Aoi::GhostBaseTrait::State	1792	COMMUNITY_REPORTED		CATALOG_NO_GETTER	2	0x141530B0A->0x146162150;0x141530B12->0x141701920
0x1415315D6	0x141531590	0x14153161D	0x1416C8720	PROVIDER_UUID_CORRELATED	E76C899C-F276-4B3E-A5B8-3E18657B1B97	Aoi::PhasingGridCoordinatorTrait::DebugCondemnPhaseMsg	6540	COMMUNITY_REPORTED		CATALOG_NO_GETTER	2	0x14153159A->0x146162150;0x1415315A2->0x1416C8720
0x141531686	0x141531640	0x1415316CD	0x1416FA920	PROVIDER_UUID_CORRELATED	714553B1-B732-44E5-9D4B-BE710851E864	MB::ServerContext::RequestReportDirtyPersistedStatesMsg	1764	COMMUNITY_REPORTED		CATALOG_NO_GETTER	2	0x14153164A->0x146162150;0x141531652->0x1416FA920
0x1415319C6	0x141531980	0x141531A0D	0x1416F1520	PROVIDER_UUID_CORRELATED	828E805D-AE4E-4066-AD56-99AFD5416228	Aoi::PhysicsTrait::QueryWorldProjectileRayCastMsg	1723	COMMUNITY_REPORTED		CATALOG_NO_GETTER	2	0x14153198A->0x146162150;0x141531992->0x1416F1520
0x141532116	0x1415320D0	0x14153215D	0x1416C6520	PROVIDER_UUID_CORRELATED	4CD137B4-9079-490E-BF49-FBC6778D9B29	Javelin::ClientMessages::CharacterComponentServerFacet_DebugRequestDisableCollision	151	COMMUNITY_REPORTED		CATALOG_NO_GETTER	2	0x1415320DA->0x146162150;0x1415320E2->0x1416C6520
0x1415321D6	0x141532190	0x14153221D	0x1416F2320	PROVIDER_UUID_CORRELATED	39AF5697-2CDD-450C-9CD4-E98A23DBDD8A	Javelin::InventoryService::ReadyOwnerDataRequest	6019	COMMUNITY_REPORTED		CATALOG_NO_GETTER	2	0x14153219A->0x146162150;0x1415321A2->0x1416F2320
0x141532396	0x141532350	0x1415323DD	0x1416E2720	PROVIDER_UUID_CORRELATED	E4F6B709-C218-47BD-8DCE-9EEC2F605DB8	Aoi::PhysicsTrait::OnActorStatusChangedMsg	1910	COMMUNITY_REPORTED		CATALOG_NO_GETTER	2	0x14153235A->0x146162150;0x141532362->0x1416E2720
0x141532596	0x141532550	0x1415325DD	0x1416D2720	PROVIDER_UUID_CORRELATED	14F01FFB-241F-450E-8138-33E84FC1E451	Aoi::GhostBaseTrait::GridAddActorMsg	1245	COMMUNITY_REPORTED		CATALOG_NO_GETTER	2	0x14153255A->0x146162150;0x141532562->0x1416D2720
0x1415327F6	0x1415327B0	0x14153283D	0x1416E2D20	PROVIDER_UUID_CORRELATED	47507D82-6EC7-404A-AE14-20519BACE90D	Aoi::PlayerManagerTrait::OnCriticalPersistenceErrorListChangedMsg	4953	COMMUNITY_REPORTED		CATALOG_NO_GETTER	2	0x1415327BA->0x146162150;0x1415327C2->0x1416E2D20
0x141532F86	0x141532F40	0x141532FCD	0x1416D8920	PROVIDER_UUID_CORRELATED	F133535C-45B4-40F4-8CC7-56585E2B1D13	Javelin::IPlayerConnectionNotifications	484	COMMUNITY_REPORTED		CATALOG_NO_GETTER	2	0x141532F4A->0x146162150;0x141532F52->0x1416D8920
0x1415336C6	0x141533680	0x14153370D	0x1416F6320	PROVIDER_UUID_CORRELATED	B1767DA5-1D05-4ECD-880A-3C9C5EA1F104	Aoi::PhasingGridCoordinatorTrait::RelocatePhaseMsg	6881	COMMUNITY_REPORTED		CATALOG_NO_GETTER	2	0x14153368A->0x146162150;0x141533692->0x1416F6320
0x141533776	0x141533730	0x1415337BD	0x1416EDF20	PROVIDER_UUID_CORRELATED	0552ED14-3F76-47CC-844C-E1C1150766C0	MB::ServerContext::PulseMsg	1956	COMMUNITY_REPORTED		CATALOG_NO_GETTER	2	0x14153373A->0x146162150;0x141533742->0x1416EDF20
0x141533B56	0x141533B10	0x141533B9D	0x1416F1920	PROVIDER_UUID_CORRELATED	48E2277E-C3A1-4EED-9623-5D5FB682549B	Aoi::PhysicsTrait::QueryWorldRayCastDetailedMsg	1847	COMMUNITY_REPORTED		CATALOG_NO_GETTER	2	0x141533B1A->0x146162150;0x141533B22->0x1416F1920
0x141533C06	0x141533BC0	0x141533C4D	0x1416C6920	PROVIDER_UUID_CORRELATED	EAD0B859-CCA0-489A-9314-5048E180B10C	Javelin::ClientMessages::CharacterComponentServerFacet_DebugSetStepping	2046	COMMUNITY_REPORTED		CATALOG_NO_GETTER	2	0x141533BCA->0x146162150;0x141533BD2->0x1416C6920
0x141533E26	0x141533DE0	0x141533E6D	0x1416DCB20	PROVIDER_UUID_CORRELATED	010F53F2-F41E-47DB-9BA1-E88C54BF46E9	Javelin::InventoryService::InventoriesQueryRequest	6020	COMMUNITY_REPORTED		CATALOG_NO_GETTER	2	0x141533DEA->0x146162150;0x141533DF2->0x1416DCB20
0x141533F66	0x141533F20	0x141533FAD	0x1416EAD20	PROVIDER_UUID_CORRELATED	A69E4CF1-EBCA-4365-B820-DD69440456D4	Aoi::PhysicsStatusListener	1911	COMMUNITY_REPORTED		CATALOG_NO_GETTER	2	0x141533F2A->0x146162150;0x141533F32->0x1416EAD20
0x1415341C6	0x141534180	0x14153420D	0x1416EB720	PROVIDER_UUID_CORRELATED	3890E733-ACF6-41D0-8150-D07BF6C59B05	Aoi::PlayerManagerDebugTrait	1671	COMMUNITY_REPORTED		CATALOG_NO_GETTER	2	0x14153418A->0x146162150;0x141534192->0x1416EB720
0x1415345C6	0x141534580	0x14153460D	0x1416D3F20	PROVIDER_UUID_CORRELATED	2738188A-7F0C-4C3C-BC95-3303FBC97F8D	Aoi::GhostBaseTrait::GridRemoveActorMsg	566	COMMUNITY_REPORTED		CATALOG_NO_GETTER	2	0x14153458A->0x146162150;0x141534592->0x1416D3F20
0x141534B56	0x141534B10	0x141534B9D	0x141708F20	PROVIDER_UUID_CORRELATED	898D7153-07D2-45E0-B967-69F25E1491B4	Javelin::AI::Navigation::TileReceiver	1713	COMMUNITY_REPORTED		CATALOG_NO_GETTER	2	0x141534B1A->0x146162150;0x141534B22->0x141708F20
0x141535276	0x141535230	0x1415352BD	0x1416CFD20	PROVIDER_UUID_CORRELATED	B0E6BCD7-0822-4C25-BF27-4166BBC2A9B7	Aoi::PhasingGridCoordinatorTrait::GetBasePhaseInfoMsg	6905	COMMUNITY_REPORTED		CATALOG_NO_GETTER	2	0x14153523A->0x146162150;0x141535242->0x1416CFD20
0x141535586	0x141535540	0x1415355CD	0x1416FFB20	PROVIDER_UUID_CORRELATED	20D2224E-FAC8-4F92-8C80-A30889D1C269	MB::ServerContext::StackConfigChangedMsg	5536	COMMUNITY_REPORTED		CATALOG_NO_GETTER	2	0x14153554A->0x146162150;0x141535552->0x1416FFB20
0x141535976	0x141535930	0x1415359BD	0x1416F3B20	PROVIDER_UUID_CORRELATED	DADFDA9D-8450-4958-AA3B-CD4F34185247	Aoi::PhysicsTrait::RecordPhysicsMsg	1799	COMMUNITY_REPORTED		CATALOG_NO_GETTER	2	0x14153593A->0x146162150;0x141535942->0x1416F3B20
0x141535A26	0x1415359E0	0x141535A6D	0x1416C6B20	PROVIDER_UUID_CORRELATED	9CB82306-4BBD-45F8-8BDA-785EC7FB9277	Javelin::ClientMessages::CharacterComponentServerFacet_DebugUnregisterFromGrid	1839	COMMUNITY_REPORTED		CATALOG_NO_GETTER	2	0x1415359EA->0x146162150;0x1415359F2->0x1416C6B20
0x141535B76	0x141535B30	0x141535BBD	0x1416D0F20	PROVIDER_UUID_CORRELATED	C5E3908D-A74A-4CAE-BD9B-A40AB20A4038	Javelin::InventoryService::GetUnacknowledgedTransactionsRequest	6018	COMMUNITY_REPORTED		CATALOG_NO_GETTER	2	0x141535B3A->0x146162150;0x141535B42->0x1416D0F20
0x141535C76	0x141535C30	0x141535CBD	0x141704120	PROVIDER_UUID_CORRELATED	1879B9E8-7A70-4F75-8AE7-A064BE9667C5	Aoi::PhysicsStatusListener::State	240	COMMUNITY_REPORTED		CATALOG_NO_GETTER	2	0x141535C3A->0x146162150;0x141535C42->0x141704120
0x141535FA6	0x141535F60	0x141535FED	0x1416CF920	PROVIDER_UUID_CORRELATED	429E33BE-95F4-4034-821A-F598828577AD	Javelin::GameplayReadyTrait	6360	COMMUNITY_REPORTED		CATALOG_NO_GETTER	2	0x141535F6A->0x146162150;0x141535F72->0x1416CF920
0x141536146	0x141536100	0x14153618D	0x141704520	PROVIDER_UUID_CORRELATED	3FA07C80-DD12-4137-B490-407D19CD467D	Aoi::PlayerManagerDebugTrait::State	538	COMMUNITY_REPORTED		CATALOG_NO_GETTER	2	0x14153610A->0x146162150;0x141536112->0x141704520
0x1415361F6	0x1415361B0	0x14153623D	0x1416D2B20	PROVIDER_UUID_CORRELATED	B9846915-A9A9-4610-98BB-15275370FE65	Aoi::GhostBaseTrait::GridAddActorsBatchMsg	714	COMMUNITY_REPORTED		CATALOG_NO_GETTER	2	0x1415361BA->0x146162150;0x1415361C2->0x1416D2B20
0x141536476	0x141536430	0x1415364BD	0x141706720	PROVIDER_UUID_CORRELATED	96D30A90-30E2-4D8C-AD66-887430871F89	Javelin::AI::Navigation::TileReceiver::State	1715	COMMUNITY_REPORTED		CATALOG_NO_GETTER	2	0x14153643A->0x146162150;0x141536442->0x141706720
0x141537BC6	0x141537B80	0x141537C0D	0x1416DF920	PROVIDER_UUID_CORRELATED	E52BC9BE-0F74-4734-97A3-CD7144492E6A	Aoi::PhasingGridCoordinatorTrait::LockPhaseCostMsg	6911	COMMUNITY_REPORTED		CATALOG_NO_GETTER	2	0x141537B8A->0x146162150;0x141537B92->0x1416DF920
0x141537D96	0x141537D50	0x141537DDD	0x1416C2B20	PROVIDER_UUID_CORRELATED	604EE6CA-3B94-4209-9845-0F94F5342B92	MB::ServerContext::AddPortrayalToClientsMsg	2150	COMMUNITY_REPORTED		CATALOG_NO_GETTER	2	0x141537D5A->0x146162150;0x141537D62->0x1416C2B20
0x1415380E6	0x1415380A0	0x14153812D	0x1416C6320	PROVIDER_UUID_CORRELATED	7E714152-34C8-4F73-A9B5-08C1B24EE485	Javelin::ClientMessages::CharacterComponentServerFacet_DebugChangeCharacterCollider	5874	COMMUNITY_REPORTED		CATALOG_NO_GETTER	2	0x1415380AA->0x146162150;0x1415380B2->0x1416C6320
0x141538326	0x1415382E0	0x14153836D	0x1416C1B20	PROVIDER_UUID_CORRELATED	5DF0361C-B9CA-4CA3-AF10-D7579CC6430C	Javelin::InventoryService::AcknowledgeTransactionsRequest	6022	COMMUNITY_REPORTED		CATALOG_NO_GETTER	2	0x1415382EA->0x146162150;0x1415382F2->0x1416C1B20
0x1415383C6	0x141538380	0x14153840D	0x1416D3520	PROVIDER_UUID_CORRELATED	2DB57DA8-4C52-4479-A00C-8BC231D7CD23	Aoi::PhysicsStatusListener::GridLoadUpdateMsg	1912	COMMUNITY_REPORTED		CATALOG_NO_GETTER	2	0x14153838A->0x146162150;0x141538392->0x1416D3520
0x141538466	0x141538420	0x1415384AD	0x141701720	PROVIDER_UUID_CORRELATED	F19491B9-0526-4B34-B55F-913FE8B01F02	Javelin::GameplayReadyTrait::State	6362	COMMUNITY_REPORTED		CATALOG_NO_GETTER	2	0x14153842A->0x146162150;0x141538432->0x141701720
0x141538606	0x1415385C0	0x14153864D	0x1416F5320	PROVIDER_UUID_CORRELATED	A0DD2448-6C80-4494-B38C-21481B79FC42	Aoi::PhysicsTrait::RegisterHitVolumeBatchMsg	1853	COMMUNITY_REPORTED		CATALOG_NO_GETTER	2	0x1415385CA->0x146162150;0x1415385D2->0x1416F5320
0x1415386F6	0x1415386B0	0x14153873D	0x1416D8B20	PROVIDER_UUID_CORRELATED	3B677A14-2ADA-4388-B597-6E88FF8C95C6	Javelin::IPlayerDebugMessages	5822	COMMUNITY_REPORTED		CATALOG_NO_GETTER	2	0x1415386BA->0x146162150;0x1415386C2->0x1416D8B20
0x141538836	0x1415387F0	0x14153887D	0x1416E6320	PROVIDER_UUID_CORRELATED	8CC45447-78D4-43D5-AB63-5BF844A6D1DF	Aoi::PlayerManagerDebugTrait::OnPersistenceTestStartedMsg	93	COMMUNITY_REPORTED		CATALOG_NO_GETTER	2	0x1415387FA->0x146162150;0x141538802->0x1416E6320
0x141538FD6	0x141538F90	0x14153901D	0x1416F2B20	PROVIDER_UUID_CORRELATED	5E2E022C-D062-4D56-9968-67A9C559F85E	Javelin::AI::Navigation::TileReceiver::ReceiveNavAreaTileRefsMsg	1719	COMMUNITY_REPORTED		CATALOG_NO_GETTER	2	0x141538F9A->0x146162150;0x141538FA2->0x1416F2B20
0x1415392F6	0x1415392B0	0x14153933D	0x1416D4320	PROVIDER_UUID_CORRELATED	6B71C4A1-DDE9-463E-B6DB-ED472CD70208	Aoi::GhostBaseTrait::GridRemoveActorsBatchMsg	1414	COMMUNITY_REPORTED		CATALOG_NO_GETTER	2	0x1415392BA->0x146162150;0x1415392C2->0x1416D4320
0x14153A026	0x141539FE0	0x14153A06D	0x1416CC920	PROVIDER_UUID_CORRELATED	BA536B12-AD50-422C-A826-967FF36DA349	Javelin::DungeonMasterTrait	1548	COMMUNITY_REPORTED		CATALOG_NO_GETTER	2	0x141539FEA->0x146162150;0x141539FF2->0x1416CC920
0x14153A266	0x14153A220	0x14153A2AD	0x1416D0920	PROVIDER_UUID_CORRELATED	13186D13-18B8-4860-BE22-8A74E861A2BE	Javelin::InventoryService::GetItemsRequest	6021	COMMUNITY_REPORTED		CATALOG_NO_GETTER	2	0x14153A22A->0x146162150;0x14153A232->0x1416D0920
0x14153A306	0x14153A2C0	0x14153A34D	0x141709920	PROVIDER_UUID_CORRELATED	78DDBFDF-887C-4CA6-85F8-38B52C910A31	Aoi::PhasingGridCoordinatorTrait::UnlockPhaseCostMsg	6925	COMMUNITY_REPORTED		CATALOG_NO_GETTER	2	0x14153A2CA->0x146162150;0x14153A2D2->0x141709920
0x14153A3B6	0x14153A370	0x14153A3FD	0x1416E6920	PROVIDER_UUID_CORRELATED	9EED57CF-6BAA-4F2C-B6E7-FEAFF40384B3	Javelin::GameplayReadyTrait::OnPlayerManagerGameplayReadyMsg	6361	COMMUNITY_REPORTED		CATALOG_NO_GETTER	2	0x14153A37A->0x146162150;0x14153A382->0x1416E6920
0x14153A456	0x14153A410	0x14153A49D	0x1416F7120	PROVIDER_UUID_CORRELATED	0EF3B71F-BA81-48E1-8CE8-E3E511218688	MB::ServerContext::RemovePortrayalFromClientsMsg	2168	COMMUNITY_REPORTED		CATALOG_NO_GETTER	2	0x14153A41A->0x146162150;0x14153A422->0x1416F7120
0x14153A6A6	0x14153A660	0x14153A6ED	0x1416FD320	PROVIDER_UUID_CORRELATED	4F09D66B-5342-4A44-A688-BBF4FF2C70FB	Aoi::PlayerManagerDebugTrait::RunDebugCommandByHubIdMsg	1673	COMMUNITY_REPORTED		CATALOG_NO_GETTER	2	0x14153A66A->0x146162150;0x14153A672->0x1416FD320
0x14153A746	0x14153A700	0x14153A78D	0x141707320	PROVIDER_UUID_CORRELATED	C1A7E8A5-063F-408B-B385-DD90F20F343A	Aoi::TerrainReadinessListener	1913	COMMUNITY_REPORTED		CATALOG_NO_GETTER	2	0x14153A70A->0x146162150;0x14153A712->0x141707320
0x14153AF56	0x14153AF10	0x14153AF9D	0x1416E1720	PROVIDER_UUID_CORRELATED	DBEE550E-66AD-4965-892C-B2F9DDE55AB3	Aoi::GhostBaseTrait::MoveMsg	1794	COMMUNITY_REPORTED		CATALOG_NO_GETTER	2	0x14153AF1A->0x146162150;0x14153AF22->0x1416E1720
0x14153B0D6	0x14153B090	0x14153B11D	0x14170A920	PROVIDER_UUID_CORRELATED	4D90E33E-5044-47F9-8FA9-FD346581B3AF	Aoi::PhysicsTrait::UnregisterHitVolumeBatchMsg	1585	COMMUNITY_REPORTED		CATALOG_NO_GETTER	2	0x14153B09A->0x146162150;0x14153B0A2->0x14170A920
0x14153B646	0x14153B600	0x14153B68D	0x141701320	PROVIDER_UUID_CORRELATED	A3BC5C58-A599-4CB5-89DE-030B35365036	Javelin::DungeonMasterTrait::State	1964	COMMUNITY_REPORTED		CATALOG_NO_GETTER	2	0x14153B60A->0x146162150;0x14153B612->0x141701320
0x14153B736	0x14153B6F0	0x14153B77D	0x1416D7F20	PROVIDER_UUID_CORRELATED	23830A4A-17A7-4C90-9A93-FB939AB87A76	Aoi::IGridProvider	6122	COMMUNITY_REPORTED		CATALOG_NO_GETTER	2	0x14153B6FA->0x146162150;0x14153B702->0x1416D7F20
0x14153BAA6	0x14153BA60	0x14153BAED	0x1416D0B20	PROVIDER_UUID_CORRELATED	D896C5BA-BEE8-47EC-8848-99AA2F9DF085	Javelin::InventoryService::GetItemsResponse	6033	COMMUNITY_REPORTED		CATALOG_NO_GETTER	2	0x14153BA6A->0x146162150;0x14153BA72->0x1416D0B20
0x14153BC46	0x14153BC00	0x14153BC8D	0x1416E0920	PROVIDER_UUID_CORRELATED	11F92E5C-122F-4FAF-A2A4-15BD4E2ED629	MB::ServerContext::MigrationTestMsg	2170	COMMUNITY_REPORTED		CATALOG_NO_GETTER	2	0x14153BC0A->0x146162150;0x14153BC12->0x1416E0920
0x14153BD96	0x14153BD50	0x14153BDDD	0x1416EAB20	PROVIDER_UUID_CORRELATED	7DBE99AC-8151-4DA7-BF11-87559A9EC726	Aoi::PhasingGridResponsesTrait	6907	COMMUNITY_REPORTED		CATALOG_NO_GETTER	2	0x14153BD5A->0x146162150;0x14153BD62->0x1416EAB20
0x14153BEF6	0x14153BEB0	0x14153BF3D	0x141706520	PROVIDER_UUID_CORRELATED	A8A94D23-75CA-44F7-ACFC-F1084A7F7C33	Aoi::TerrainReadinessListener::State	1916	COMMUNITY_REPORTED		CATALOG_NO_GETTER	2	0x14153BEBA->0x146162150;0x14153BEC2->0x141706520
0x14153C386	0x14153C340	0x14153C3CD	0x1416FD520	PROVIDER_UUID_CORRELATED	F63A1AC9-E777-4CF9-9B71-DAAC9160F6E2	Aoi::PlayerManagerDebugTrait::RunDebugCommandByHubIdxMsg	6460	COMMUNITY_REPORTED		CATALOG_NO_GETTER	2	0x14153C34A->0x146162150;0x14153C352->0x1416FD520
0x14153C846	0x14153C800	0x14153C88D	0x1416E1920	PROVIDER_UUID_CORRELATED	D9276730-78FE-4D22-BD1F-95C894A7BA07	Aoi::GhostBaseTrait::MovePositionMsg	1638	COMMUNITY_REPORTED		CATALOG_NO_GETTER	2	0x14153C80A->0x146162150;0x14153C812->0x1416E1920
0x14153C926	0x14153C8E0	0x14153C96D	0x1416CD120	PROVIDER_UUID_CORRELATED	8D708918-7AB3-4CC2-9B8B-A26A300A48CC	Aoi::PhysicsTrait::EnableHitVolumeMsg	1550	COMMUNITY_REPORTED		CATALOG_NO_GETTER	2	0x14153C8EA->0x146162150;0x14153C8F2->0x1416CD120
0x14153CC16	0x14153CBD0	0x14153CC5D	0x1416D8D20	PROVIDER_UUID_CORRELATED	0D970BEA-CA13-4929-A57B-08F4C9CB417A	Javelin::IPlayerLookUpRemoteResponces	504	COMMUNITY_REPORTED		CATALOG_NO_GETTER	2	0x14153CBDA->0x146162150;0x14153CBE2->0x1416D8D20
0x14153CF06	0x14153CEC0	0x14153CF4D	0x1416CC120	PROVIDER_UUID_CORRELATED	DFE97F3B-DBB2-4B2F-BAE0-FB9E5C428112		1078	COMMUNITY_REPORTED		CATALOG_NO_GETTER	2	0x14153CECA->0x146162150;0x14153CED2->0x1416CC120
0x14153D3E6	0x14153D3A0	0x14153D42D	0x1416F2520	PROVIDER_UUID_CORRELATED	125666E8-4A34-4263-BB84-3517B8ECAC33	Javelin::InventoryService::ReadyOwnerDataResponse	6028	COMMUNITY_REPORTED		CATALOG_NO_GETTER	2	0x14153D3AA->0x146162150;0x14153D3B2->0x1416F2520
0x14153D576	0x14153D530	0x14153D5BD	0x141027250	PROVIDER_UUID_CORRELATED	59FB8445-1064-4956-B309-AEE0463DA579	MB::ServerContext::SetBurningMigrationTestMsg	2171	COMMUNITY_REPORTED		CATALOG_NO_GETTER	2	0x14153D53A->0x146162150;0x14153D542->0x141027250
0x14153D7A6	0x14153D760	0x14153D7ED	0x141703F20	PROVIDER_UUID_CORRELATED	906058D5-FF83-4A65-9316-8736537E8EC9	Aoi::PhasingGridResponsesTrait::State	6908	COMMUNITY_REPORTED		CATALOG_NO_GETTER	2	0x14153D76A->0x146162150;0x14153D772->0x141703F20
0x14153D966	0x14153D920	0x14153D9AD	0x1416E8320	PROVIDER_UUID_CORRELATED	620A9AA4-8531-454F-AB76-B07AE47129EC	Aoi::TerrainReadinessListener::OnTerrainReadyMsg	678	COMMUNITY_REPORTED		CATALOG_NO_GETTER	2	0x14153D92A->0x146162150;0x14153D932->0x1416E8320
0x14153E456	0x14153E410	0x14153E49D	0x1416FD720	PROVIDER_UUID_CORRELATED	A1C7C102-A3DF-45D5-B5B9-0334FB632665	Aoi::PlayerManagerDebugTrait::RunDebugCommandByInstaHubIdxMsg	6830	COMMUNITY_REPORTED		CATALOG_NO_GETTER	2	0x14153E41A->0x146162150;0x14153E422->0x1416FD720
0x14153E516	0x14153E4D0	0x14153E55D	0x1416D0120	PROVIDER_UUID_CORRELATED	4AA12535-478A-4F20-9562-6A16DD58C1CE	Javelin::GetCharacterDataResponseListener	1299	COMMUNITY_REPORTED		CATALOG_NO_GETTER	2	0x14153E4DA->0x146162150;0x14153E4E2->0x1416D0120
0x14153E5C6	0x14153E580	0x14153E60D	0x14170CB20	PROVIDER_UUID_CORRELATED	A62C5F04-CCE3-4B5B-9DF6-9D5EE9CFE637	Aoi::GhostBaseTrait::UpdateShapeMsg	1796	COMMUNITY_REPORTED		CATALOG_NO_GETTER	2	0x14153E58A->0x146162150;0x14153E592->0x14170CB20
0x14153E826	0x14153E7E0	0x14153E86D	0x1416D8F20	PROVIDER_UUID_CORRELATED	B5774FDF-15C9-4926-9C3A-AE6D308AF5AF	Javelin::IPlayerRemoteMessages	318	COMMUNITY_REPORTED		CATALOG_NO_GETTER	2	0x14153E7EA->0x146162150;0x14153E7F2->0x1416D8F20
0x14153E916	0x14153E8D0	0x14153E95D	0x1416EB320	PROVIDER_UUID_CORRELATED	C3337868-2F4C-44A0-9454-2D601D3F7590	Javelin::DungeonMasterTrait::PlayerJoinMsg	1540	COMMUNITY_REPORTED		CATALOG_NO_GETTER	2	0x14153E8DA->0x146162150;0x14153E8E2->0x1416EB320
0x14153EA56	0x14153EA10	0x14153EA9D	0x1416CC720	PROVIDER_UUID_CORRELATED	10A5B338-0FC5-4D0E-A6C4-45E7A346B73E	Aoi::PhysicsTrait::DisableHitVolumeMsg	1856	COMMUNITY_REPORTED		CATALOG_NO_GETTER	2	0x14153EA1A->0x146162150;0x14153EA22->0x1416CC720
0x14153EF76	0x14153EF30	0x14153EFBD	0x1416EE320	PROVIDER_UUID_CORRELATED	BF8ACB72-C459-41D5-AE1F-D6088200111A	Javelin::InventoryService::QueryInventoriesResponse	6034	COMMUNITY_REPORTED		CATALOG_NO_GETTER	2	0x14153EF3A->0x146162150;0x14153EF42->0x1416EE320
0x14153F516	0x14153F4D0	0x14153F55D	0x1416E2920	PROVIDER_UUID_CORRELATED	FD8BFBD5-D6BE-43C9-B21E-A649C092A265	Aoi::PhasingGridResponsesTrait::OnBasePhaseInfoMsg	6906	COMMUNITY_REPORTED		CATALOG_NO_GETTER	2	0x14153F4DA->0x146162150;0x14153F4E2->0x1416E2920
0x14153F716	0x14153F6D0	0x14153F75D	0x1416CE520	PROVIDER_UUID_CORRELATED	FAF8BF74-2D81-42EE-932C-FE6F1D26A04C	MB::ServerContext::ForceMigrateActorMsg	67	COMMUNITY_REPORTED		CATALOG_NO_GETTER	2	0x14153F6DA->0x146162150;0x14153F6E2->0x1416CE520
0x14153F8A6	0x14153F860	0x14153F8ED	0x1416D2320	PROVIDER_UUID_CORRELATED	538502DD-89A8-4295-9674-04C141B01329	Aoi::GridActor	1341	COMMUNITY_REPORTED		CATALOG_NO_GETTER	2	0x14153F86A->0x146162150;0x14153F872->0x1416D2320
0x14153FF96	0x14153FF50	0x14153FFDD	0x1416FD920	PROVIDER_UUID_CORRELATED	AE7C8B59-324B-4CBE-BADF-EA46AC4CA33C	Aoi::PlayerManagerDebugTrait::RunGmDebugCommandMsg	6671	COMMUNITY_REPORTED		CATALOG_NO_GETTER	2	0x14153FF5A->0x146162150;0x14153FF62->0x1416FD920
0x1415400E6	0x1415400A0	0x14154012D	0x1416ED920	PROVIDER_UUID_CORRELATED	98304B15-4EFA-4FAB-A0EC-1F0C824EF439	Javelin::PublishCharacterMetadataResponseListener	125	COMMUNITY_REPORTED		CATALOG_NO_GETTER	2	0x1415400AA->0x146162150;0x1415400B2->0x1416ED920
0x141540766	0x141540720	0x1415407AD	0x1416E0720	PROVIDER_UUID_CORRELATED	695F3769-6780-4158-AC86-A12E9E87AAA8	Aoi::GhostBaseTrait::MigrateToHubMsg	1798	COMMUNITY_REPORTED		CATALOG_NO_GETTER	2	0x14154072A->0x146162150;0x141540732->0x1416E0720
0x141540A66	0x141540A20	0x141540AAD	0x14170BB20	PROVIDER_UUID_CORRELATED	AB190D53-9ACA-44BE-8F40-16E074088D30	Aoi::PhysicsTrait::UpdateHitVolumeBatchMsg	1205	COMMUNITY_REPORTED		CATALOG_NO_GETTER	2	0x141540A2A->0x146162150;0x141540A32->0x14170BB20
0x141540BD6	0x141540B90	0x141540C1D	0x1416EC320	PROVIDER_UUID_CORRELATED	A37C1927-CACD-4C73-A7B6-00A2011614C8	Javelin::DungeonMasterTrait::PlayerQuitMsg	1350	COMMUNITY_REPORTED		CATALOG_NO_GETTER	2	0x141540B9A->0x146162150;0x141540BA2->0x1416EC320
0x141540C96	0x141540C50	0x141540CDD	0x1416D1120	PROVIDER_UUID_CORRELATED	B4CEF045-52CA-42C1-8F3F-399DCB2B60D2	Javelin::InventoryService::GetUnacknowledgedTransactionsResponse	6035	COMMUNITY_REPORTED		CATALOG_NO_GETTER	2	0x141540C5A->0x146162150;0x141540C62->0x1416D1120
0x141541166	0x141541120	0x1415411AD	0x1416CE720	PROVIDER_UUID_CORRELATED	A222E4C7-DF79-460F-BD21-2BC02183A9AA	MB::ServerContext::ForceMigrateAndCrashMsg	5047	COMMUNITY_REPORTED		CATALOG_NO_GETTER	2	0x14154112A->0x146162150;0x141541132->0x1416CE720
0x141541F96	0x141541F50	0x141541FDD	0x1416CB320	PROVIDER_UUID_CORRELATED	96095D2A-E915-4CDD-BA22-59703623CC7C	Aoi::PlayerManagerDebugTrait::DebugSpawnSliceMsg	1675	COMMUNITY_REPORTED		CATALOG_NO_GETTER	2	0x141541F5A->0x146162150;0x141541F62->0x1416CB320
0x141542276	0x141542230	0x1415422BD	0x1416EDD20	PROVIDER_UUID_CORRELATED	BD585F42-CA92-4EC6-8BE3-F33D4F6A69B8	Javelin::PublishCharacterSocialDataResponseListener	414	COMMUNITY_REPORTED		CATALOG_NO_GETTER	2	0x14154223A->0x146162150;0x141542242->0x1416EDD20
0x141542FB6	0x141542F70	0x141542FFD	0x1416D1920	PROVIDER_UUID_CORRELATED	D09565DC-3004-4D02-B7C0-0FCCBD357886	Aoi::GhostExTrait	945	COMMUNITY_REPORTED		CATALOG_NO_GETTER	2	0x141542F7A->0x146162150;0x141542F82->0x1416D1920
0x141543596	0x141543550	0x1415435DD	0x1416C1D20	PROVIDER_UUID_CORRELATED	78203161-F15E-44C1-92D3-D6EB70405188	Javelin::InventoryService::AcknowledgeTransactionsResponse	6031	COMMUNITY_REPORTED		CATALOG_NO_GETTER	2	0x14154355A->0x146162150;0x141543562->0x1416C1D20
0x1415436B6	0x141543670	0x1415436FD	0x1416E6F20	PROVIDER_UUID_CORRELATED	F2B109CE-C68C-4104-A1C4-A20092DD60DC	Javelin::DungeonMasterTrait::OnPlayerUnteleportMsg	1970	COMMUNITY_REPORTED		CATALOG_NO_GETTER	2	0x14154367A->0x146162150;0x141543682->0x1416E6F20
0x141543816	0x1415437D0	0x14154385D	0x1416C5B20	PROVIDER_UUID_CORRELATED	02EF97E1-CEC8-4D3A-BE69-350F63F14A08	Aoi::PhysicsTrait::ChangeHitVolumeShapeMsg	342	COMMUNITY_REPORTED		CATALOG_NO_GETTER	2	0x1415437DA->0x146162150;0x1415437E2->0x1416C5B20
0x141543996	0x141543950	0x1415439DD	0x1416CEB20	PROVIDER_UUID_CORRELATED	E0C6019C-AAE0-4C31-AAF1-C7A674C89751		1270	COMMUNITY_REPORTED		CATALOG_NO_GETTER	2	0x14154395A->0x146162150;0x141543962->0x1416CEB20
0x141544736	0x1415446F0	0x14154477D	0x1416E1F20	PROVIDER_UUID_CORRELATED	E5D1BC33-DA5F-4EE6-B235-1A0313FB73AF	Javelin::NamePrefixSearchResponseListener	797	COMMUNITY_REPORTED		CATALOG_NO_GETTER	2	0x1415446FA->0x146162150;0x141544702->0x1416E1F20
0x1415447D6	0x141544790	0x14154481D	0x1416DA920	PROVIDER_UUID_CORRELATED	C3CB4F82-79E7-4219-A672-2ECD6D3C1974	Aoi::GridActor::InitMsg	1575	COMMUNITY_REPORTED		CATALOG_NO_GETTER	2	0x14154479A->0x146162150;0x1415447A2->0x1416DA920
0x141544A16	0x1415449D0	0x141544A5D	0x1416CB520	PROVIDER_UUID_CORRELATED	57BB9FF3-CAE5-48F7-A1CC-295010FCBC40	Aoi::PlayerManagerDebugTrait::DebugSpawnSliceWithCallbackMsg	751	COMMUNITY_REPORTED		CATALOG_NO_GETTER	2	0x1415449DA->0x146162150;0x1415449E2->0x1416CB520
0x141545026	0x141544FE0	0x14154506D	0x141701B20	PROVIDER_UUID_CORRELATED	9797BCF3-5758-4B1B-8167-59BC3E178BC3	Aoi::GhostExTrait::State	96	COMMUNITY_REPORTED		CATALOG_NO_GETTER	2	0x141544FEA->0x146162150;0x141544FF2->0x141701B20
0x141545406	0x1415453C0	0x14154544D	0x1416DCF20	PROVIDER_UUID_CORRELATED	2D68C002-C1C4-4D04-A594-C44B45BAD8B9	Javelin::InventoryService::InventoryTransactionRequestResponse	6029	COMMUNITY_REPORTED		CATALOG_NO_GETTER	2	0x1415453CA->0x146162150;0x1415453D2->0x1416DCF20
0x141545546	0x141545500	0x14154558D	0x1416F5720	PROVIDER_UUID_CORRELATED	AF503428-D7E2-4294-97F2-35F0A89DD43C	Javelin::DungeonMasterTrait::RegisterOutOfBandPlayerJoinMsg	760	COMMUNITY_REPORTED		CATALOG_NO_GETTER	2	0x14154550A->0x146162150;0x141545512->0x1416F5720
0x1415457B6	0x141545770	0x1415457FD	0x1416CE920	PROVIDER_UUID_CORRELATED	E79B0589-3011-4358-BEF5-018FF608DD7B	MB::ServerContext::ForcePersistMsg	2173	COMMUNITY_REPORTED		CATALOG_NO_GETTER	2	0x14154577A->0x146162150;0x141545782->0x1416CE920
0x141545B06	0x141545AC0	0x141545B4D	0x1416C5920	PROVIDER_UUID_CORRELATED	F15F32E5-D864-4001-BEF8-66E76D877D23	Aoi::PhysicsTrait::ChangeHitVolumeShapeBatchMsg	1857	COMMUNITY_REPORTED		CATALOG_NO_GETTER	2	0x141545ACA->0x146162150;0x141545AD2->0x1416C5920
0x141546C96	0x141546C50	0x141546CDD	0x141026A50	PROVIDER_UUID_CORRELATED	E2558E71-3E8D-47C6-8F89-D25573F6FEB5	DebugSpawnSliceParams	5849	COMMUNITY_REPORTED		CATALOG_NO_GETTER	2	0x141546C5A->0x146162150;0x141546C62->0x141026A50
0x141546E06	0x141546DC0	0x141546E4D	0x141026C50	PROVIDER_UUID_CORRELATED	5D16A037-6920-442C-9793-8F1B4C89B294	Aoi::PlayerManagerDebugTrait::DebugStopActorMsg	1681	COMMUNITY_REPORTED		CATALOG_NO_GETTER	2	0x141546DCA->0x146162150;0x141546DD2->0x141026C50
0x141546EE6	0x141546EA0	0x141546F2D	0x1416C2320	PROVIDER_UUID_CORRELATED	DF466154-ACDA-4E98-8AA6-EE4BE79EF87D	Aoi::GhostExTrait::AddExceptionMsg	501	COMMUNITY_REPORTED		CATALOG_NO_GETTER	2	0x141546EAA->0x146162150;0x141546EB2->0x1416C2320
0x141547006	0x141546FC0	0x14154704D	0x1416FDB20	PROVIDER_UUID_CORRELATED	4C624824-3FA9-498C-95F7-C2BFAD445294	Javelin::S2STokenRefreshMessages	6501	COMMUNITY_REPORTED		CATALOG_NO_GETTER	2	0x141546FCA->0x146162150;0x141546FD2->0x1416FDB20
0x141547166	0x141547120	0x1415471AD	0x1416F4520	PROVIDER_UUID_CORRELATED	02ED7037-C958-41D8-B0E2-6D6D44193CA9	Javelin::DungeonMasterTrait::RegisterChildActorMsg	1976	COMMUNITY_REPORTED		CATALOG_NO_GETTER	2	0x14154712A->0x146162150;0x141547132->0x1416F4520
0x1415473C6	0x141547380	0x14154740D	0x1416CFB20	PROVIDER_UUID_CORRELATED	203DC8C7-0C60-454B-A46F-566114314B84	MB::GdeMetadataReplicatedState	10	COMMUNITY_REPORTED		CATALOG_NO_GETTER	2	0x14154738A->0x146162150;0x141547392->0x1416CFB20
0x141547CE6	0x141547CA0	0x141547D2D	0x1416F5D20	PROVIDER_UUID_CORRELATED	32EB0CDA-9A4E-47A6-850A-7B8376480E52	Aoi::PhysicsTrait::RegisterRigidBodyMsg	542	COMMUNITY_REPORTED		CATALOG_NO_GETTER	2	0x141547CAA->0x146162150;0x141547CB2->0x1416F5D20
0x141547F06	0x141547EC0	0x141547F4D	0x1416DC920	PROVIDER_UUID_CORRELATED	6DF716E6-126C-430E-B7FB-2CB3334D1296	Javelin::ClientMessages::InterestComponentServerFacet_RequestDebugInfo	6464	COMMUNITY_REPORTED		CATALOG_NO_GETTER	2	0x141547ECA->0x146162150;0x141547ED2->0x1416DC920
0x141548606	0x1415485C0	0x14154864D	0x1416EB520	PROVIDER_UUID_CORRELATED	38A737FF-6CAD-4792-A2F9-324736E0EE02	Aoi::PlayerManagerActor	565	COMMUNITY_REPORTED		CATALOG_NO_GETTER	2	0x1415485CA->0x146162150;0x1415485D2->0x1416EB520
0x1415489F6	0x1415489B0	0x141548A3D	0x1416F6920	PROVIDER_UUID_CORRELATED	E19C9625-5024-40A1-AF72-CB665BA0A287	Aoi::GhostExTrait::RemoveExceptionMsg	1804	COMMUNITY_REPORTED		CATALOG_NO_GETTER	2	0x1415489BA->0x146162150;0x1415489C2->0x1416F6920
0x141548A86	0x141548A40	0x141548ACD	0x14170A120	PROVIDER_UUID_CORRELATED	FB541C6B-2A47-46BC-A1F7-A6F49060514B	Javelin::DungeonMasterTrait::UnregisterChildActorMsg	1979	COMMUNITY_REPORTED		CATALOG_NO_GETTER	2	0x141548A4A->0x146162150;0x141548A52->0x14170A120
0x141548D46	0x141548D00	0x141548D8D	0x1416DB520	PROVIDER_UUID_CORRELATED	4ACFFB52-7C04-4B87-B0CC-E1B99A5EF314		2078	COMMUNITY_REPORTED		CATALOG_NO_GETTER	2	0x141548D0A->0x146162150;0x141548D12->0x1416DB520
0x1415497F6	0x1415497B0	0x14154983D	0x1416DC520	PROVIDER_UUID_CORRELATED	D7315F98-989A-4360-AE5F-7C7AAAF2B702	Javelin::ClientMessages::InterestComponentClientFacet_ReceiveDebugInfo	6465	COMMUNITY_REPORTED		CATALOG_NO_GETTER	2	0x1415497BA->0x146162150;0x1415497C2->0x1416DC520
0x1415498D6	0x141549890	0x14154991D	0x1416C4520	PROVIDER_UUID_CORRELATED	4868EED6-F196-4E35-B7CD-CC7167790251	Aoi::BasePhasingSocialData	6255	COMMUNITY_REPORTED		CATALOG_NO_GETTER	2	0x14154989A->0x146162150;0x1415498A2->0x1416C4520
0x141549E36	0x141549DF0	0x141549E7D	0x1416F4720	PROVIDER_UUID_CORRELATED	C8796D94-C5A7-484E-A5E7-E4C3918D562D	Aoi::PhysicsTrait::RegisterDebugTerrainMsg	948	COMMUNITY_REPORTED		CATALOG_NO_GETTER	2	0x141549DFA->0x146162150;0x141549E02->0x1416F4720
0x14154A826	0x14154A7E0	0x14154A86D	0x1416C2520	PROVIDER_UUID_CORRELATED	003CA2F7-5471-4207-A0C1-E18DE33A0E75	Aoi::GhostExTrait::AddExceptionsBatchMsg	1809	COMMUNITY_REPORTED		CATALOG_NO_GETTER	2	0x14154A7EA->0x146162150;0x14154A7F2->0x1416C2520
0x14154A8B6	0x14154A870	0x14154A8FD	0x1416E2B20	PROVIDER_UUID_CORRELATED	2F9A8468-333B-4344-8ED3-3E3D0CCFB441	Javelin::DungeonMasterTrait::OnChildActorChangedMsg	1988	COMMUNITY_REPORTED		CATALOG_NO_GETTER	2	0x14154A87A->0x146162150;0x14154A882->0x1416E2B20
0x14154B9D6	0x14154B990	0x14154BA1D	0x1416C2D20	PROVIDER_UUID_CORRELATED	FE0C0B71-5C3C-4180-8D28-8D0F69E7C936	Javelin::AggroDelayParameter	4904	COMMUNITY_REPORTED		CATALOG_NO_GETTER	2	0x14154B99A->0x146162150;0x14154B9A2->0x1416C2D20
0x142589D46	0x142589D00	0x142589D8D	0x142596E80	PROVIDER_UUID_CORRELATED	A7053315-11BD-4E19-9EE4-63CB93E8B216	MB::AbilityInstanceTrackingComponentReplicatedState	2267	COMMUNITY_REPORTED		CATALOG_NO_GETTER	2	0x142589D0A->0x146162150;0x142589D12->0x142596E80
0x142589DF6	0x142589DB0	0x142589E3D	0x142596C80	PROVIDER_UUID_CORRELATED	56C9A913-F676-4E50-B2B4-1C9F8719DF56	Javelin::AIDebugSpawnParameter	5116	COMMUNITY_REPORTED		CATALOG_NO_GETTER	2	0x142589DBA->0x146162150;0x142589DC2->0x142596C80
0x14259E306	0x14259E2C0	0x14259E34D	0x1425D2BA0	PROVIDER_UUID_CORRELATED	32E90DF6-F833-4319-83D0-122E36F4AF62	Javelin::ClientMessages::AITargetSelectorComponentClientFacet_ReceiveTargetInfo	2269	COMMUNITY_REPORTED		CATALOG_NO_GETTER	2	0x14259E2CA->0x146162150;0x14259E2D2->0x1425D2BA0
0x14259E656	0x14259E610	0x14259E69D	0x1425D27A0	PROVIDER_UUID_CORRELATED	09E9DA8E-EDF2-46B3-8F4F-64AA60A84A68	Javelin::ClientMessages::AITargetSelectorComponentClientFacet_ReceiveDetailedTargetInfo	2275	COMMUNITY_REPORTED		CATALOG_NO_GETTER	2	0x14259E61A->0x146162150;0x14259E622->0x1425D27A0
0x14259E776	0x14259E730	0x14259E7BD	0x1425D25A0	PROVIDER_UUID_CORRELATED	598A4F54-136D-4979-905E-5A702487F355	Javelin::ClientMessages::AITargetSelectorComponentClientFacet_ReceiveAggroDelay	4903	COMMUNITY_REPORTED		CATALOG_NO_GETTER	2	0x14259E73A->0x146162150;0x14259E742->0x1425D25A0
0x14259EB06	0x14259EAC0	0x14259EB4D	0x1425D29A0	PROVIDER_UUID_CORRELATED	BFA44EB7-F04E-4B00-95EC-7A0D5CD40F6A	Javelin::ClientMessages::AITargetSelectorComponentClientFacet_ReceiveReachabilityRange	5369	COMMUNITY_REPORTED		CATALOG_NO_GETTER	2	0x14259EACA->0x146162150;0x14259EAD2->0x1425D29A0
0x14259ED16	0x14259ECD0	0x14259ED5D	0x1425D2DA0	PROVIDER_UUID_CORRELATED	6E7AC2D5-10F2-472F-BC49-83B4911B57AA	Javelin::ClientMessages::AITargetSelectorComponentServerFacet_StartDebugging	2279	COMMUNITY_REPORTED		CATALOG_NO_GETTER	2	0x14259ECDA->0x146162150;0x14259ECE2->0x1425D2DA0
0x14259F336	0x14259F2F0	0x14259F37D	0x1425D2FA0	PROVIDER_UUID_CORRELATED	5006EC8F-20DF-4E5C-A078-08FECC9A2100	Javelin::ClientMessages::AITargetSelectorComponentServerFacet_StopDebugging	1842	COMMUNITY_REPORTED		CATALOG_NO_GETTER	2	0x14259F2FA->0x146162150;0x14259F302->0x1425D2FA0
0x1425A1E96	0x1425A1E50	0x1425A1EDD	0x1425D31A0	PROVIDER_UUID_CORRELATED	979BE112-7C5A-4472-9DFD-7CFBFDE27784	Javelin::ClientMessages::BlackboardComponentClientFacet_SyncDebugData	4926	COMMUNITY_REPORTED		CATALOG_NO_GETTER	2	0x1425A1E5A->0x146162150;0x1425A1E62->0x1425D31A0
0x1425A2396	0x1425A2350	0x1425A23DD	0x1425D35A0	PROVIDER_UUID_CORRELATED	73E3693A-608F-4C22-9B01-17E47DE60BBC	Javelin::BossPhaseComponentReplicatedState	403	COMMUNITY_REPORTED		CATALOG_NO_GETTER	2	0x1425A235A->0x146162150;0x1425A2362->0x1425D35A0
0x1425A2446	0x1425A2400	0x1425A248D	0x1425D37A0	PROVIDER_UUID_CORRELATED	9BDEC47A-690D-4780-8F88-083DDB6122C7	Javelin::ClientMessages::BossPhaseComponentServerFacet_DebugRequestPhaseChange	2285	COMMUNITY_REPORTED		CATALOG_NO_GETTER	2	0x1425A240A->0x146162150;0x1425A2412->0x1425D37A0
0x1425A3B56	0x1425A3B10	0x1425A3B9D	0x1425D21A0	PROVIDER_UUID_CORRELATED	EB821370-888D-41C1-8532-2C605780D2C9	Javelin::ClientMessages::AIManagerComponentServerFacet_RegisterClientForDebug	6646	COMMUNITY_REPORTED		CATALOG_NO_GETTER	2	0x1425A3B1A->0x146162150;0x1425A3B22->0x1425D21A0
0x1425A3C06	0x1425A3BC0	0x1425A3C4D	0x1425D23A0	PROVIDER_UUID_CORRELATED	5ACFDC67-FCEA-461D-916E-0A79359CF765	Javelin::ClientMessages::AIManagerComponentServerFacet_UnregisterClientForDebug	6645	COMMUNITY_REPORTED		CATALOG_NO_GETTER	2	0x1425A3BCA->0x146162150;0x1425A3BD2->0x1425D23A0
0x1425A3DA6	0x1425A3D60	0x1425A3DED	0x1425D1FA0	PROVIDER_UUID_CORRELATED	4EBDED54-D197-4803-91A4-846FA4EAF28C	Javelin::ClientMessages::AIManagerComponentServerFacet_GetDebugDataClientMessage	6648	COMMUNITY_REPORTED		CATALOG_NO_GETTER	2	0x1425A3D6A->0x146162150;0x1425A3D72->0x1425D1FA0
0x1425A3E56	0x1425A3E10	0x1425A3E9D	0x1425D1DA0	PROVIDER_UUID_CORRELATED	A3D08811-933E-4E2E-BF96-AE9C1DF47DC9	Javelin::ClientMessages::AIManagerComponentClientFacet_SyncDebugInfo	6644	COMMUNITY_REPORTED		CATALOG_NO_GETTER	2	0x1425A3E1A->0x146162150;0x1425A3E22->0x1425D1DA0
0x1425EF1D6	0x1425EF190	0x1425EF21D	0x14260CD70	PROVIDER_UUID_CORRELATED	DB2A5AE5-8217-40EE-930D-192F4ECD1CD3	Javelin::ClientMessages::PositionalTicketingComponentClientFacet_SyncDebugData	1445	COMMUNITY_REPORTED		CATALOG_NO_GETTER	2	0x1425EF19A->0x146162150;0x1425EF1A2->0x14260CD70
0x1425EF286	0x1425EF240	0x1425EF2CD	0x14260C970	PROVIDER_UUID_CORRELATED	DA349D61-09CB-4C57-A9A8-CCD9D6030485	Javelin::BehaviorTreeComponentServerMessages	980	COMMUNITY_REPORTED		CATALOG_NO_GETTER	2	0x1425EF24A->0x146162150;0x1425EF252->0x14260C970
0x1425EF3A6	0x1425EF360	0x1425EF3ED	0x14260B370	PROVIDER_UUID_CORRELATED	239C6615-6FDB-49AB-BE9F-296CD986481C	Javelin::BehaviorTreeComponentClientMessages	2315	COMMUNITY_REPORTED		CATALOG_NO_GETTER	2	0x1425EF36A->0x146162150;0x1425EF372->0x14260B370
0x1425EF5C6	0x1425EF580	0x1425EF60D	0x14260C370	PROVIDER_UUID_CORRELATED	B9F91118-938E-4163-A838-A74294EF31C9	Javelin::ClientMessages::BehaviorTreeComponentServerFacet_RegisterClientForDebugSnapshots	301	COMMUNITY_REPORTED		CATALOG_NO_GETTER	2	0x1425EF58A->0x146162150;0x1425EF592->0x14260C370
0x1425EF676	0x1425EF630	0x1425EF6BD	0x14260C770	PROVIDER_UUID_CORRELATED	CD15CC22-60A5-44EF-9B13-5B717E9B62AB	Javelin::ClientMessages::BehaviorTreeComponentServerFacet_UnregisterClientForDebugSnapshots	1113	COMMUNITY_REPORTED		CATALOG_NO_GETTER	2	0x1425EF63A->0x146162150;0x1425EF642->0x14260C770
0x1425EFB16	0x1425EFAD0	0x1425EFB5D	0x14260BF70	PROVIDER_UUID_CORRELATED	3E482F23-FD13-4F99-B7DA-C7F9CD9444EF	Javelin::ClientMessages::BehaviorTreeComponentServerFacet_InvalidatePlan	1902	COMMUNITY_REPORTED		CATALOG_NO_GETTER	2	0x1425EFADA->0x146162150;0x1425EFAE2->0x14260BF70
0x1425EFCE6	0x1425EFCA0	0x1425EFD2D	0x14260C170	PROVIDER_UUID_CORRELATED	1CA5E884-CA0C-425A-A231-D307B9EEEBE4	Javelin::ClientMessages::BehaviorTreeComponentServerFacet_PauseTreeUpdates	2318	COMMUNITY_REPORTED		CATALOG_NO_GETTER	2	0x1425EFCAA->0x146162150;0x1425EFCB2->0x14260C170
0x1425EFF46	0x1425EFF00	0x1425EFF8D	0x14260C570	PROVIDER_UUID_CORRELATED	813E9BBD-ECFA-4970-B7BC-F4785FBE1202	Javelin::ClientMessages::BehaviorTreeComponentServerFacet_StepTreeUpdate	2319	COMMUNITY_REPORTED		CATALOG_NO_GETTER	2	0x1425EFF0A->0x146162150;0x1425EFF12->0x14260C570
0x1425EFFF6	0x1425EFFB0	0x1425F003D	0x14260B970	PROVIDER_UUID_CORRELATED	8D7CEB77-1522-46CB-93C3-65F610F23FDD	Javelin::ClientMessages::BehaviorTreeComponentServerFacet_DebugNode	6109	COMMUNITY_REPORTED		CATALOG_NO_GETTER	2	0x1425EFFBA->0x146162150;0x1425EFFC2->0x14260B970
0x1425F00A6	0x1425F0060	0x1425F00ED	0x14260B770	PROVIDER_UUID_CORRELATED	91B0DE2B-1142-4966-B1F5-7EE9CAE97273	Javelin::ClientMessages::BehaviorTreeComponentServerFacet_DebugAssignBehaviorTreeAsset	2320	COMMUNITY_REPORTED		CATALOG_NO_GETTER	2	0x1425F006A->0x146162150;0x1425F0072->0x14260B770
0x1425F0156	0x1425F0110	0x1425F019D	0x14260BD70	PROVIDER_UUID_CORRELATED	B053C1D4-0C3A-46BF-BA8B-71EA9145F659	Javelin::ClientMessages::BehaviorTreeComponentServerFacet_DebugSetBehaviorTreeNodeOverrideFlag	5646	COMMUNITY_REPORTED		CATALOG_NO_GETTER	2	0x1425F011A->0x146162150;0x1425F0122->0x14260BD70
0x1425F0206	0x1425F01C0	0x1425F024D	0x14260AF70	PROVIDER_UUID_CORRELATED	7777CF10-ABEC-458A-A038-783A80478F82	Javelin::ClientMessages::BehaviorTreeComponentClientFacet_ReceiveDebugSnapshot	1549	COMMUNITY_REPORTED		CATALOG_NO_GETTER	2	0x1425F01CA->0x146162150;0x1425F01D2->0x14260AF70
0x1425F03E6	0x1425F03A0	0x1425F042D	0x14260B170	PROVIDER_UUID_CORRELATED	8D4A86E7-68DA-466A-A126-914A6761BC7C	Javelin::ClientMessages::BehaviorTreeComponentClientFacet_SyncPausePlanning	6370	COMMUNITY_REPORTED		CATALOG_NO_GETTER	2	0x1425F03AA->0x146162150;0x1425F03B2->0x14260B170
0x1425F0526	0x1425F04E0	0x1425F056D	0x14260AD70	PROVIDER_UUID_CORRELATED	6F627F2A-2218-4E3E-9408-4BD8A9104742	Javelin::ClientMessages::BehaviorTreeComponentClientFacet_ClearDebugSnapshot	160	COMMUNITY_REPORTED		CATALOG_NO_GETTER	2	0x1425F04EA->0x146162150;0x1425F04F2->0x14260AD70
0x1425F05D6	0x1425F0590	0x1425F061D	0x14260B570	PROVIDER_UUID_CORRELATED	CA011FF3-648D-4960-9E77-20F5B924C772	Javelin::ClientMessages::BehaviorTreeComponentClientMessages_ClientTestFunctionMsg	2311	COMMUNITY_REPORTED		CATALOG_NO_GETTER	2	0x1425F059A->0x146162150;0x1425F05A2->0x14260B570
0x1425F0686	0x1425F0640	0x1425F06CD	0x14260BB70	PROVIDER_UUID_CORRELATED	CFC510A2-8583-466B-84BB-CA0D184AB6D6	Javelin::ClientMessages::BehaviorTreeComponentServerFacet_DebugPositionSelection	2264	COMMUNITY_REPORTED		CATALOG_NO_GETTER	2	0x1425F064A->0x146162150;0x1425F0652->0x14260BB70
0x1426B2136	0x1426B20F0	0x1426B217D	0x1426C75A0	PROVIDER_UUID_CORRELATED	97C12644-B2F9-4B4A-9C46-79E3CB9C425E	Javelin::Spawner::ClientMessages::DarknessControllerComponentClientFacet_SyncRegistrationInformation	347	COMMUNITY_REPORTED		CATALOG_NO_GETTER	2	0x1426B20FA->0x146162150;0x1426B2102->0x1426C75A0
0x1426B21E6	0x1426B21A0	0x1426B222D	0x1426C77A0	PROVIDER_UUID_CORRELATED	2F5E7725-AFA9-4AE5-A08B-F7AD566EC8C7	Javelin::Spawner::ClientMessages::DarknessControllerComponentClientFacet_SyncStateInformation	466	COMMUNITY_REPORTED		CATALOG_NO_GETTER	2	0x1426B21AA->0x146162150;0x1426B21B2->0x1426C77A0
0x1426B2296	0x1426B2250	0x1426B22DD	0x1426C7BA0	PROVIDER_UUID_CORRELATED	FA7A4402-EBAA-41CB-83FB-FC13C2B0FDA8	Javelin::Spawner::ClientMessages::DarknessControllerComponentServerFacet_HardReset	2325	COMMUNITY_REPORTED		CATALOG_NO_GETTER	2	0x1426B225A->0x146162150;0x1426B2262->0x1426C7BA0
0x1426B2346	0x1426B2300	0x1426B238D	0x1426C7DA0	PROVIDER_UUID_CORRELATED	4D88622E-8BA1-4811-9164-E95EA4236AEC	Javelin::Spawner::ClientMessages::DarknessControllerComponentServerFacet_HardResetAll	644	COMMUNITY_REPORTED		CATALOG_NO_GETTER	2	0x1426B230A->0x146162150;0x1426B2312->0x1426C7DA0
0x1426B25D6	0x1426B2590	0x1426B261D	0x1426C83A0	PROVIDER_UUID_CORRELATED	3E852A39-A448-4A97-B8EC-51331053CE4B	Javelin::Spawner::ClientMessages::DarknessControllerComponentServerFacet_SimulateDarknessForDurationDebug	2329	COMMUNITY_REPORTED		CATALOG_NO_GETTER	2	0x1426B259A->0x146162150;0x1426B25A2->0x1426C83A0
0x1426B2686	0x1426B2640	0x1426B26CD	0x1425D33A0	PROVIDER_UUID_CORRELATED	5428CB7B-6263-47A1-A176-2099955A0B08	Javelin::BlackboardParameterData	997	COMMUNITY_REPORTED		CATALOG_NO_GETTER	2	0x1426B264A->0x146162150;0x1426B2652->0x1425D33A0
0x1426B2736	0x1426B26F0	0x1426B277D	0x1426C81A0	PROVIDER_UUID_CORRELATED	AE44FE9D-E82C-442A-B3A8-90B64FF96993	Javelin::Spawner::ClientMessages::DarknessControllerComponentServerFacet_ResetAndSetupForNewCycleDebug	2331	COMMUNITY_REPORTED		CATALOG_NO_GETTER	2	0x1426B26FA->0x146162150;0x1426B2702->0x1426C81A0
0x1426B27E6	0x1426B27A0	0x1426B282D	0x1426C79A0	PROVIDER_UUID_CORRELATED	888FD11B-DE92-4F62-A77C-55907EA442E2	Javelin::Spawner::ClientMessages::DarknessControllerComponentServerFacet_ActivateGroupDebug	2332	COMMUNITY_REPORTED		CATALOG_NO_GETTER	2	0x1426B27AA->0x146162150;0x1426B27B2->0x1426C79A0
0x1426B2896	0x1426B2850	0x1426B28DD	0x1426C7FA0	PROVIDER_UUID_CORRELATED	FFE749BE-7776-4228-8B8C-AAD22F90D520	Javelin::Spawner::ClientMessages::DarknessControllerComponentServerFacet_RegisterClientForDebug	2335	COMMUNITY_REPORTED		CATALOG_NO_GETTER	2	0x1426B285A->0x146162150;0x1426B2862->0x1426C7FA0
0x1426B2946	0x1426B2900	0x1426B298D	0x1426C85A0	PROVIDER_UUID_CORRELATED	A8275CB8-3DCD-4658-BDA8-8E286CC826F0	Javelin::Spawner::ClientMessages::DarknessControllerComponentServerFacet_UnregisterClientForDebug	628	COMMUNITY_REPORTED		CATALOG_NO_GETTER	2	0x1426B290A->0x146162150;0x1426B2912->0x1426C85A0
0x1426B29F6	0x1426B29B0	0x1426B2A3D	0x1425D3BA0	PROVIDER_UUID_CORRELATED	24A80984-D75F-428F-860C-6EE5A39CE77F	Javelin::IBlackboardComponentRemoteInterface	5538	COMMUNITY_REPORTED		CATALOG_NO_GETTER	2	0x1426B29BA->0x146162150;0x1426B29C2->0x1425D3BA0
0x1426D6196	0x1426D6150	0x1426D61DD	0x1426EEAB0	PROVIDER_UUID_CORRELATED	514369AE-0984-4BB6-B90C-B5555F622267	Javelin::ClientMessages::EncounterComponentClientFacet_SyncStateChange	1278	COMMUNITY_REPORTED		CATALOG_NO_GETTER	2	0x1426D615A->0x146162150;0x1426D6162->0x1426EEAB0
0x1426D6246	0x1426D6200	0x1426D628D	0x1426EEEB0	PROVIDER_UUID_CORRELATED	9B53682A-735A-4A9B-9745-D07BDDE9F70B	Javelin::ClientMessages::EncounterComponentServerFacet_DebugCompleteObjective	2337	COMMUNITY_REPORTED		CATALOG_NO_GETTER	2	0x1426D620A->0x146162150;0x1426D6212->0x1426EEEB0
0x1426D6826	0x1426D67E0	0x1426D686D	0x1426EECB0	PROVIDER_UUID_CORRELATED	F2C3B42E-DB86-4B2C-840F-64748FE26C73	MB::EncounterComponentReplicatedState	2133	COMMUNITY_REPORTED		CATALOG_NO_GETTER	2	0x1426D67EA->0x146162150;0x1426D67F2->0x1426EECB0
0x1426D6946	0x1426D6900	0x1426D698D	0x1426EF0B0	PROVIDER_UUID_CORRELATED	CB2BE398-151A-42BB-ACDF-1C5CF871BE84	MB::EncounterManagerComponentReplicatedState	6786	COMMUNITY_REPORTED		CATALOG_NO_GETTER	2	0x1426D690A->0x146162150;0x1426D6912->0x1426EF0B0
0x1426FC1B6	0x1426FC170	0x1426FC1FD	0x1425D39A0	PROVIDER_UUID_CORRELATED	B9BBCBCD-3DC3-4C6F-B9A1-200AAF60B257	Javelin::EncounterParameter	2345	COMMUNITY_REPORTED		CATALOG_NO_GETTER	2	0x1426FC17A->0x146162150;0x1426FC182->0x1425D39A0
0x1426FC586	0x1426FC540	0x1426FC5CD	0x142717810	PROVIDER_UUID_CORRELATED	7184ECC8-BE1F-4D7E-AC8B-5E2A3F17A042	Javelin::ClientMessages::EncounterRewardsComponentServerFacet_Debug_DistributeRewards	2167	COMMUNITY_REPORTED		CATALOG_NO_GETTER	2	0x1426FC54A->0x146162150;0x1426FC552->0x142717810
0x1426FC786	0x1426FC740	0x1426FC7CD	0x142717610	PROVIDER_UUID_CORRELATED	CE0F6A87-EEAA-4217-A93F-2F0ACEC748F7	Javelin::ClientMessages::EncounterRewardsComponentClientFacet_OnSyncEncounterRewards	915	COMMUNITY_REPORTED		CATALOG_NO_GETTER	2	0x1426FC74A->0x146162150;0x1426FC752->0x142717610
0x1426FD596	0x1426FD550	0x1426FD5DD	0x1425D41A0	PROVIDER_UUID_CORRELATED	9C7F6C77-F03A-4433-9621-DB533CB2A88C	Javelin::IEncounterAgentRemoteInterface	2349	COMMUNITY_REPORTED		CATALOG_NO_GETTER	2	0x1426FD55A->0x146162150;0x1426FD562->0x1425D41A0
0x1426FF0E6	0x1426FF0A0	0x1426FF12D	0x142716C10	PROVIDER_UUID_CORRELATED	AC7A585B-98DF-4993-9C3D-D60E6F2CB769	Javelin::ClientMessages::EncounterManagerComponentClientFacet_SyncDebugInfo	2338	COMMUNITY_REPORTED		CATALOG_NO_GETTER	2	0x1426FF0AA->0x146162150;0x1426FF0B2->0x142716C10
0x1426FF196	0x1426FF150	0x1426FF1DD	0x142717010	PROVIDER_UUID_CORRELATED	4D37BF3E-A774-44A5-AAC9-AD908A2F8CDC	Javelin::ClientMessages::EncounterManagerComponentServerFacet_DebugStartEncounter	2342	COMMUNITY_REPORTED		CATALOG_NO_GETTER	2	0x1426FF15A->0x146162150;0x1426FF162->0x142717010
0x1426FF246	0x1426FF200	0x1426FF28D	0x142716E10	PROVIDER_UUID_CORRELATED	57A7C951-2ADC-4716-80F4-5C29BB86434A	Javelin::ClientMessages::EncounterManagerComponentServerFacet_DebugResetEncounter	2178	COMMUNITY_REPORTED		CATALOG_NO_GETTER	2	0x1426FF20A->0x146162150;0x1426FF212->0x142716E10
0x1426FF2F6	0x1426FF2B0	0x1426FF33D	0x142717210	PROVIDER_UUID_CORRELATED	7B26B7E7-7771-4284-B1E9-4FBDDBB581E1	Javelin::ClientMessages::EncounterManagerComponentServerFacet_RegisterClientForDebug	2344	COMMUNITY_REPORTED		CATALOG_NO_GETTER	2	0x1426FF2BA->0x146162150;0x1426FF2C2->0x142717210
0x1426FF3A6	0x1426FF360	0x1426FF3ED	0x142717410	PROVIDER_UUID_CORRELATED	DA8BFEBD-390A-4C59-8D6B-E2DED4FC1AEC	Javelin::ClientMessages::EncounterManagerComponentServerFacet_UnregisterClientForDebug	2099	COMMUNITY_REPORTED		CATALOG_NO_GETTER	2	0x1426FF36A->0x146162150;0x1426FF372->0x142717410
0x142723646	0x142723600	0x14272368D	0x142717A10	PROVIDER_UUID_CORRELATED	AA9EEA23-655B-4B03-A2DC-84FCAD274D83	Javelin::IEncounterManagerRemoteInterface	2358	COMMUNITY_REPORTED		CATALOG_NO_GETTER	2	0x14272360A->0x146162150;0x142723612->0x142717A10
0x142724126	0x1427240E0	0x14272416D	0x14272F1B0	PROVIDER_UUID_CORRELATED	D4F3C310-7317-4E07-B0CD-7CBB2E73C9E6	Javelin::ClientMessages::ParticipantTrackerComponentClientFacet_SyncParticipantData	2363	COMMUNITY_REPORTED		CATALOG_NO_GETTER	2	0x1427240EA->0x146162150;0x1427240F2->0x14272F1B0
0x1427241D6	0x142724190	0x14272421D	0x14272F3B0	PROVIDER_UUID_CORRELATED	2E334400-DAD7-4EC0-8C18-65ECE17B8361	Javelin::ClientMessages::ParticipantTrackerComponentServerFacet_RegisterClientForDebug	1674	COMMUNITY_REPORTED		CATALOG_NO_GETTER	2	0x14272419A->0x146162150;0x1427241A2->0x14272F3B0
0x142724376	0x142724330	0x1427243BD	0x14272F5B0	PROVIDER_UUID_CORRELATED	7321C166-4176-443D-81D5-1ABFF61F7565	Javelin::ClientMessages::ParticipantTrackerComponentServerFacet_UnregisterClientForDebug	2365	COMMUNITY_REPORTED		CATALOG_NO_GETTER	2	0x14272433A->0x146162150;0x142724342->0x14272F5B0
0x142745046	0x142745000	0x14274508D	0x142784590	PROVIDER_UUID_CORRELATED	565DE385-B2D1-4129-AD6D-E8B68BEC7329	Javelin::ClientMessages::PlayerArenaComponentClientFacet_OnArenaActivated	2400	COMMUNITY_REPORTED		CATALOG_NO_GETTER	2	0x14274500A->0x146162150;0x142745012->0x142784590
0x1427450F6	0x1427450B0	0x14274513D	0x142785190	PROVIDER_UUID_CORRELATED	F24C95B5-CFE8-4E01-8539-A9C154075810	Javelin::ClientMessages::PlayerArenaComponentServerFacet_ForfeitArena	926	COMMUNITY_REPORTED		CATALOG_NO_GETTER	2	0x1427450BA->0x146162150;0x1427450C2->0x142785190
0x1427451A6	0x142745160	0x1427451ED	0x142785990	PROVIDER_UUID_CORRELATED	BA03E36D-9322-4457-ACF1-764DD30385CF	Javelin::ClientMessages::PlayerArenaComponentServerFacet_TeleportIntoDungeon	946	COMMUNITY_REPORTED		CATALOG_NO_GETTER	2	0x14274516A->0x146162150;0x142745172->0x142785990
0x142745256	0x142745210	0x14274529D	0x142785790	PROVIDER_UUID_CORRELATED	343F7DF2-41F4-4863-AC27-E6E9E6193ACF	Javelin::ClientMessages::PlayerArenaComponentServerFacet_RequestRemoteInteract	5039	COMMUNITY_REPORTED		CATALOG_NO_GETTER	2	0x14274521A->0x146162150;0x142745222->0x142785790
0x142745306	0x1427452C0	0x14274534D	0x142785590	PROVIDER_UUID_CORRELATED	695842BB-E7FE-44FB-A21D-306A3DC5FBFF	Javelin::ClientMessages::PlayerArenaComponentServerFacet_RequestRemoteEnterDungeon	5037	COMMUNITY_REPORTED		CATALOG_NO_GETTER	2	0x1427452CA->0x146162150;0x1427452D2->0x142785590
0x1427454D6	0x142745490	0x14274551D	0x142783990	PROVIDER_UUID_CORRELATED	6BBD4029-C12B-4427-857A-5E3302ED8B9F	Javelin::ClientMessages::AttributeComponentServerFacet_DebugRequestAddAttributePoints	2408	COMMUNITY_REPORTED		CATALOG_NO_GETTER	2	0x14274549A->0x146162150;0x1427454A2->0x142783990
0x142745586	0x142745540	0x1427455CD	0x142784B90	PROVIDER_UUID_CORRELATED	F69CC656-CE69-458C-B5FE-1B8F5B629BD4	Javelin::ClientMessages::PlayerArenaComponentClientFacet_OnRemoteInteractResult	5038	COMMUNITY_REPORTED		CATALOG_NO_GETTER	2	0x14274554A->0x146162150;0x142745552->0x142784B90
0x1427457E6	0x1427457A0	0x14274582D	0x142783B90	PROVIDER_UUID_CORRELATED	BD658A13-93B4-4E28-B69C-64ED1D4512D3	Javelin::ClientMessages::AttributeComponentServerFacet_DebugRequestMaxAttributes	182	COMMUNITY_REPORTED		CATALOG_NO_GETTER	2	0x1427457AA->0x146162150;0x1427457B2->0x142783B90
0x1427458F6	0x1427458B0	0x14274593D	0x142784790	PROVIDER_UUID_CORRELATED	1F3193A9-817F-44DD-AFD8-891993F65199	Javelin::ClientMessages::PlayerArenaComponentClientFacet_OnDungeonActivateRemoteResult	6776	COMMUNITY_REPORTED		CATALOG_NO_GETTER	2	0x1427458BA->0x146162150;0x1427458C2->0x142784790
0x142745A36	0x1427459F0	0x142745A7D	0x142783D90	PROVIDER_UUID_CORRELATED	9F759BE2-2FEA-4D9B-8572-366BFD07DE70	Javelin::ClientMessages::AttributeComponentServerFacet_RequestRefundSpentPoints	2409	COMMUNITY_REPORTED		CATALOG_NO_GETTER	2	0x1427459FA->0x146162150;0x142745A02->0x142783D90
0x142745AE6	0x142745AA0	0x142745B2D	0x142784990	PROVIDER_UUID_CORRELATED	D2A3E306-D56D-421D-AF7E-E7BDC0B9ED35	Javelin::ClientMessages::PlayerArenaComponentClientFacet_OnEnterDungeonRequestIgnoredMsg	6864	COMMUNITY_REPORTED		CATALOG_NO_GETTER	2	0x142745AAA->0x146162150;0x142745AB2->0x142784990
0x142745B96	0x142745B50	0x142745BDD	0x142784190	PROVIDER_UUID_CORRELATED	63E99705-4F61-42F8-B0E8-B5985DF97C69	Javelin::ClientMessages::AttributeComponentServerFacet_SetPlacingBonusBehavior	6397	COMMUNITY_REPORTED		CATALOG_NO_GETTER	2	0x142745B5A->0x146162150;0x142745B62->0x142784190
0x142745C46	0x142745C00	0x142745C8D	0x142784D90	PROVIDER_UUID_CORRELATED	54E03DE8-753C-4F33-9EC2-AA0562100B18	Javelin::ClientMessages::PlayerArenaComponentServerFacet_DebugAdvanceEncounterToNextState	6058	COMMUNITY_REPORTED		CATALOG_NO_GETTER	2	0x142745C0A->0x146162150;0x142745C12->0x142784D90
0x142745CF6	0x142745CB0	0x142745D3D	0x142783F90	PROVIDER_UUID_CORRELATED	AA0AB2A2-D9E0-4B6E-801F-932FCDE83AEB	Javelin::ClientMessages::AttributeComponentServerFacet_RequestSpendAttributePoints	1502	COMMUNITY_REPORTED		CATALOG_NO_GETTER	2	0x142745CBA->0x146162150;0x142745CC2->0x142783F90
0x142745DA6	0x142745D60	0x142745DED	0x142784F90	PROVIDER_UUID_CORRELATED	3FB5E45E-0662-42DB-BC09-747A361528A1	Javelin::ClientMessages::PlayerArenaComponentServerFacet_DebugResetEncounters	6860	COMMUNITY_REPORTED		CATALOG_NO_GETTER	2	0x142745D6A->0x146162150;0x142745D72->0x142784F90
0x142745F76	0x142745F30	0x142745FBD	0x142785390	PROVIDER_UUID_CORRELATED	9716247B-A013-4006-87BE-14B5A4AF5DC8	Javelin::ClientMessages::PlayerArenaComponentServerFacet_NotifyPlayerOfFtueQTECompletion	6638	COMMUNITY_REPORTED		CATALOG_NO_GETTER	2	0x142745F3A->0x146162150;0x142745F42->0x142785390
0x1427482F6	0x1427482B0	0x14274833D	0x142785B90	PROVIDER_UUID_CORRELATED	7DD20E73-9E5C-4753-8B94-2AEF87A82D37	Javelin::PlayerArenaReplicatedState	2406	COMMUNITY_REPORTED		CATALOG_NO_GETTER	2	0x1427482BA->0x146162150;0x1427482C2->0x142785B90
0x1427496E6	0x1427496A0	0x14274972D	0x142783790	PROVIDER_UUID_CORRELATED	464EBD37-105F-4790-8C59-C46EBB4C57A6	MB::AttributeComponentReplicatedState	129	COMMUNITY_REPORTED		CATALOG_NO_GETTER	2	0x1427496AA->0x146162150;0x1427496B2->0x142783790
0x14274A0E6	0x14274A0A0	0x14274A12D	0x142783390	PROVIDER_UUID_CORRELATED	23054447-4EC6-489A-A826-0CC2D6CFEE12	Javelin::ClientMessages::ArenaComponentClientFacet_OnArenaActivateResult	2392	COMMUNITY_REPORTED		CATALOG_NO_GETTER	2	0x14274A0AA->0x146162150;0x14274A0B2->0x142783390
0x14274AA66	0x14274AA20	0x14274AAAD	0x142783590	PROVIDER_UUID_CORRELATED	A80F9DAD-9E8B-4D28-A664-69FAFE4A6676	Javelin::ArenaReplicatedState	1296	COMMUNITY_REPORTED		CATALOG_NO_GETTER	2	0x14274AA2A->0x146162150;0x14274AA32->0x142783590
0x1427A8076	0x1427A8030	0x1427A80BD	0x1427BC820	PROVIDER_UUID_CORRELATED	27830472-00A7-4204-A0BC-D1179F6EE4A2	MB::AudioProxyComponentReplicatedState	603	COMMUNITY_REPORTED		CATALOG_NO_GETTER	2	0x1427A803A->0x146162150;0x1427A8042->0x1427BC820
0x1427C75C6	0x1427C7580	0x1427C760D	0x1427F8440	PROVIDER_UUID_CORRELATED	15C6DC08-FC46-4B3C-B9D7-240D003B83FF	Javelin::ClientMessages::BotComponentServerFacet_ReceiveUnsubscribeFromTransformChanges	2428	COMMUNITY_REPORTED		CATALOG_NO_GETTER	2	0x1427C758A->0x146162150;0x1427C7592->0x1427F8440
0x1427C7926	0x1427C78E0	0x1427C796D	0x1427F9A40	PROVIDER_UUID_CORRELATED	153D7E3A-D9A1-4F57-BB38-3B077E38D4A0	Javelin::ClientMessages::BotComponentServerFacet_SpawnSlice	1811	COMMUNITY_REPORTED		CATALOG_NO_GETTER	2	0x1427C78EA->0x146162150;0x1427C78F2->0x1427F9A40
0x1427C79D6	0x1427C7990	0x1427C7A1D	0x1427F9C40	PROVIDER_UUID_CORRELATED	CFEE8D00-37AF-4D6B-BD72-227330BA8798	Javelin::ClientMessages::BotComponentServerFacet_StopActors	6681	COMMUNITY_REPORTED		CATALOG_NO_GETTER	2	0x1427C799A->0x146162150;0x1427C79A2->0x1427F9C40
0x1427C7B66	0x1427C7B20	0x1427C7BAD	0x1427F9E40	PROVIDER_UUID_CORRELATED	E8FB42C5-8F2B-4410-8BD5-06575B557807	Javelin::ClientMessages::BotComponentServerFacet_StopAllActors	6682	COMMUNITY_REPORTED		CATALOG_NO_GETTER	2	0x1427C7B2A->0x146162150;0x1427C7B32->0x1427F9E40
0x1427C7E26	0x1427C7DE0	0x1427C7E6D	0x1427F8840	PROVIDER_UUID_CORRELATED	E920D6A6-0763-4380-8EDD-BC801FA36C61	Javelin::ClientMessages::BotComponentServerFacet_RequestBootstrapAlongPath	2431	COMMUNITY_REPORTED		CATALOG_NO_GETTER	2	0x1427C7DEA->0x146162150;0x1427C7DF2->0x1427F8840
0x1427C8506	0x1427C84C0	0x1427C854D	0x1427F8A40	PROVIDER_UUID_CORRELATED	687C3E0D-643D-4226-B719-3E94253E4DEE	Javelin::ClientMessages::BotComponentServerFacet_RequestBootstrapAroundRadius	5733	COMMUNITY_REPORTED		CATALOG_NO_GETTER	2	0x1427C84CA->0x146162150;0x1427C84D2->0x1427F8A40
0x1427C8906	0x1427C88C0	0x1427C894D	0x1427FA040	PROVIDER_UUID_CORRELATED	146E5796-2E2D-4D8F-9A4C-3045E1D5EF03	Javelin::ClientMessages::BotComponentServerFacet_SyncClientRegistryFromServer	954	COMMUNITY_REPORTED		CATALOG_NO_GETTER	2	0x1427C88CA->0x146162150;0x1427C88D2->0x1427FA040
0x1427C8D76	0x1427C8D30	0x1427C8DBD	0x1427FA240	PROVIDER_UUID_CORRELATED	4C41978C-7522-4A0C-88BE-6F5864176BA3	Javelin::ClientMessages::BotComponentServerFacet_SyncServerRegistryFromClient	1983	COMMUNITY_REPORTED		CATALOG_NO_GETTER	2	0x1427C8D3A->0x146162150;0x1427C8D42->0x1427FA240
0x1427C9266	0x1427C9220	0x1427C92AD	0x1427F5E40	PROVIDER_UUID_CORRELATED	CE858661-3F2F-48E6-805E-A3E8B2CAE830	Javelin::ClientMessages::BotComponentClientFacet_ClReceiveServerRegistry	1154	COMMUNITY_REPORTED		CATALOG_NO_GETTER	2	0x1427C922A->0x146162150;0x1427C9232->0x1427F5E40
0x1427CAEE6	0x1427CAEA0	0x1427CAF2D	0x1427FA840	PROVIDER_UUID_CORRELATED	05982B0B-46BB-41F1-809C-867925846FEE	Javelin::BotTask	2432	COMMUNITY_REPORTED		CATALOG_NO_GETTER	2	0x1427CAEAA->0x146162150;0x1427CAEB2->0x1427FA840
0x1427D0CF6	0x1427D0CB0	0x1427D0D3D	0x1427F7240	PROVIDER_UUID_CORRELATED	BDBDA690-CE4C-4CF3-9F26-1239B87B45E8	Javelin::ClientMessages::BotComponentClientFacet_ReceiveServerPickRandomEntityInAabbResponse	2413	COMMUNITY_REPORTED		CATALOG_NO_GETTER	2	0x1427D0CBA->0x146162150;0x1427D0CC2->0x1427F7240
0x1427D0F16	0x1427D0ED0	0x1427D0F5D	0x1427F7440	PROVIDER_UUID_CORRELATED	53F1DC6C-84C6-403A-BF51-42663BBD3569	Javelin::ClientMessages::BotComponentClientFacet_ReceiveServerTransformChange	2414	COMMUNITY_REPORTED		CATALOG_NO_GETTER	2	0x1427D0EDA->0x146162150;0x1427D0EE2->0x1427F7440
0x1427D1286	0x1427D1240	0x1427D12CD	0x1427F6840	PROVIDER_UUID_CORRELATED	0013C288-7F3C-400C-A125-35A9717EF1C0	Javelin::ClientMessages::BotComponentClientFacet_ClientReceivePath	2416	COMMUNITY_REPORTED		CATALOG_NO_GETTER	2	0x1427D124A->0x146162150;0x1427D1252->0x1427F6840
0x1427D1666	0x1427D1620	0x1427D16AD	0x1427F6240	PROVIDER_UUID_CORRELATED	05C77DE5-3A12-4C98-807A-CC3B6805761E	Javelin::ClientMessages::BotComponentClientFacet_ClientReceiveClosestPtOnNavMesh	5736	COMMUNITY_REPORTED		CATALOG_NO_GETTER	2	0x1427D162A->0x146162150;0x1427D1632->0x1427F6240
0x1427D1A46	0x1427D1A00	0x1427D1A8D	0x1427F6640	PROVIDER_UUID_CORRELATED	D6FCC087-1C2D-4788-B5FB-AE9AB0BB66C1	Javelin::ClientMessages::BotComponentClientFacet_ClientReceiveGridSpace	1817	COMMUNITY_REPORTED		CATALOG_NO_GETTER	2	0x1427D1A0A->0x146162150;0x1427D1A12->0x1427F6640
0x1427D1AF6	0x1427D1AB0	0x1427D1B3D	0x1427F6440	PROVIDER_UUID_CORRELATED	846C042C-2973-452D-94DC-5AC121FFFE02	Javelin::ClientMessages::BotComponentClientFacet_ClientReceiveGridLayoutInfo	6126	COMMUNITY_REPORTED		CATALOG_NO_GETTER	2	0x1427D1ABA->0x146162150;0x1427D1AC2->0x1427F6440
0x1427D1BA6	0x1427D1B60	0x1427D1BED	0x1427F6040	PROVIDER_UUID_CORRELATED	147E2E5C-87AA-4F72-B849-79383A2BEA18	Javelin::ClientMessages::BotComponentClientFacet_ClientBootstrapResponse	2044	COMMUNITY_REPORTED		CATALOG_NO_GETTER	2	0x1427D1B6A->0x146162150;0x1427D1B72->0x1427F6040
0x1427D1CA6	0x1427D1C60	0x1427D1CED	0x1427F6E40	PROVIDER_UUID_CORRELATED	8CAA886D-0BE0-4EAD-A913-5D7B5F7306C5	Javelin::ClientMessages::BotComponentClientFacet_PlayerTeleportExecuted	2417	COMMUNITY_REPORTED		CATALOG_NO_GETTER	2	0x1427D1C6A->0x146162150;0x1427D1C72->0x1427F6E40
0x1427D1EC6	0x1427D1E80	0x1427D1F0D	0x1427F7040	PROVIDER_UUID_CORRELATED	514FDC4C-26B6-43A9-AA5D-2321B905D43A	Javelin::ClientMessages::BotComponentClientFacet_PlayerTeleportFailed	2038	COMMUNITY_REPORTED		CATALOG_NO_GETTER	2	0x1427D1E8A->0x146162150;0x1427D1E92->0x1427F7040
0x1427D2336	0x1427D22F0	0x1427D237D	0x1427F6C40	PROVIDER_UUID_CORRELATED	0CEAA5BD-77B7-4C32-9759-2D7E42C60633	Javelin::ClientMessages::BotComponentClientFacet_PlayerTeleportDenied	2419	COMMUNITY_REPORTED		CATALOG_NO_GETTER	2	0x1427D22FA->0x146162150;0x1427D2302->0x1427F6C40
0x1427D23E6	0x1427D23A0	0x1427D242D	0x1427F6A40	PROVIDER_UUID_CORRELATED	4C4C3B91-CCFD-4EF1-B0F6-8B3BA449EA6F	Javelin::ClientMessages::BotComponentClientFacet_PlayerTeleportCanceled	309	COMMUNITY_REPORTED		CATALOG_NO_GETTER	2	0x1427D23AA->0x146162150;0x1427D23B2->0x1427F6A40
0x1427D26A6	0x1427D2660	0x1427D26ED	0x1427F9840	PROVIDER_UUID_CORRELATED	EF81AB19-FF9B-44F6-A6C0-6930BF696B5D	Javelin::ClientMessages::BotComponentServerFacet_ServerRequestPath	2421	COMMUNITY_REPORTED		CATALOG_NO_GETTER	2	0x1427D266A->0x146162150;0x1427D2672->0x1427F9840
0x1427D2896	0x1427D2850	0x1427D28DD	0x1427F9240	PROVIDER_UUID_CORRELATED	B6E3471C-037E-4CC3-8DFF-71884683AC8C	Javelin::ClientMessages::BotComponentServerFacet_ServerRequestClosestPtOnNav	5734	COMMUNITY_REPORTED		CATALOG_NO_GETTER	2	0x1427D285A->0x146162150;0x1427D2862->0x1427F9240
0x1427D2B56	0x1427D2B10	0x1427D2B9D	0x1427F9640	PROVIDER_UUID_CORRELATED	C398C3E4-3797-4D92-BBD4-56E758D4F21F	Javelin::ClientMessages::BotComponentServerFacet_ServerRequestGridSpace	1789	COMMUNITY_REPORTED		CATALOG_NO_GETTER	2	0x1427D2B1A->0x146162150;0x1427D2B22->0x1427F9640
0x1427D2C06	0x1427D2BC0	0x1427D2C4D	0x1427F7640	PROVIDER_UUID_CORRELATED	4470F9B2-AB0D-4015-8D9A-F831E1AD6041	Javelin::ClientMessages::BotComponentClientFacet_RemoteScriptDebugVictimGetStatus	6753	COMMUNITY_REPORTED		CATALOG_NO_GETTER	2	0x1427D2BCA->0x146162150;0x1427D2BD2->0x1427F7640
0x1427D2F66	0x1427D2F20	0x1427D2FAD	0x1427F9440	PROVIDER_UUID_CORRELATED	E6E28D36-94A6-4211-A2FD-38C8067AAAB0	Javelin::ClientMessages::BotComponentServerFacet_ServerRequestGridLayoutInfo	6127	COMMUNITY_REPORTED		CATALOG_NO_GETTER	2	0x1427D2F2A->0x146162150;0x1427D2F32->0x1427F9440
0x1427D3016	0x1427D2FD0	0x1427D305D	0x1427F8640	PROVIDER_UUID_CORRELATED	D351D4BD-79FD-4CF4-AA3A-69EAA0AEAA5D	Javelin::ClientMessages::BotComponentServerFacet_RemoteScriptDebugVictimStatusResponse	6751	COMMUNITY_REPORTED		CATALOG_NO_GETTER	2	0x1427D2FDA->0x146162150;0x1427D2FE2->0x1427F8640
0x1427D3176	0x1427D3130	0x1427D31BD	0x1427F9040	PROVIDER_UUID_CORRELATED	F3D1030B-E244-4184-8956-5BF485795143	Javelin::ClientMessages::BotComponentServerFacet_ServerReportBotTaskStart	6013	COMMUNITY_REPORTED		CATALOG_NO_GETTER	2	0x1427D313A->0x146162150;0x1427D3142->0x1427F9040
0x1427D3266	0x1427D3220	0x1427D32AD	0x1427F7E40	PROVIDER_UUID_CORRELATED	FEEC8816-D81F-4A95-A8AF-D671859C2A8D	Javelin::ClientMessages::BotComponentClientFacet_RemoteScriptDebuggerStatusResponse	6755	COMMUNITY_REPORTED		CATALOG_NO_GETTER	2	0x1427D322A->0x146162150;0x1427D3232->0x1427F7E40
0x1427D36A6	0x1427D3660	0x1427D36ED	0x1427F8E40	PROVIDER_UUID_CORRELATED	3E8FA076-97CA-4982-8556-3D2C82B01364	Javelin::ClientMessages::BotComponentServerFacet_ServerReportBotTaskEnd	6014	COMMUNITY_REPORTED		CATALOG_NO_GETTER	2	0x1427D366A->0x146162150;0x1427D3672->0x1427F8E40
0x1427D3766	0x1427D3720	0x1427D37AD	0x1427F7A40	PROVIDER_UUID_CORRELATED	7916B3E3-0D4B-4ADE-A65F-90BE22EF34CE	Javelin::ClientMessages::BotComponentClientFacet_RemoteScriptDebugVictimStep	6756	COMMUNITY_REPORTED		CATALOG_NO_GETTER	2	0x1427D372A->0x146162150;0x1427D3732->0x1427F7A40
0x1427D3A46	0x1427D3A00	0x1427D3A8D	0x1427F8C40	PROVIDER_UUID_CORRELATED	E3C14108-49AB-4F09-9336-FDA989AAA1A1	Javelin::ClientMessages::BotComponentServerFacet_ServerProcessBotTaskReports	6015	COMMUNITY_REPORTED		CATALOG_NO_GETTER	2	0x1427D3A0A->0x146162150;0x1427D3A12->0x1427F8C40
0x1427D3BD6	0x1427D3B90	0x1427D3C1D	0x1427F7840	PROVIDER_UUID_CORRELATED	D632ED24-2D69-4678-A2E6-E51DFFA9AEA7	Javelin::ClientMessages::BotComponentClientFacet_RemoteScriptDebugVictimStart	6757	COMMUNITY_REPORTED		CATALOG_NO_GETTER	2	0x1427D3B9A->0x146162150;0x1427D3BA2->0x1427F7840
0x1427D3DC6	0x1427D3D80	0x1427D3E0D	0x1427F8040	PROVIDER_UUID_CORRELATED	AE21A920-F449-420F-AE8C-A62048C822AA	Javelin::ClientMessages::BotComponentServerFacet_ReceivePickRandomEntityInAabb	2059	COMMUNITY_REPORTED		CATALOG_NO_GETTER	2	0x1427D3D8A->0x146162150;0x1427D3D92->0x1427F8040
0x1427D3E76	0x1427D3E30	0x1427D3EBD	0x1427F7C40	PROVIDER_UUID_CORRELATED	B42B8ED2-772C-4BF9-998A-FA0149E90806	Javelin::ClientMessages::BotComponentClientFacet_RemoteScriptDebugVictimStop	6738	COMMUNITY_REPORTED		CATALOG_NO_GETTER	2	0x1427D3E3A->0x146162150;0x1427D3E42->0x1427F7C40
0x1427D4096	0x1427D4050	0x1427D40DD	0x1427F8240	PROVIDER_UUID_CORRELATED	59EE967D-3BF8-4DE6-8CAD-363CA62FE99E	Javelin::ClientMessages::BotComponentServerFacet_ReceiveSubscribeToTransformChanges	2427	COMMUNITY_REPORTED		CATALOG_NO_GETTER	2	0x1427D405A->0x146162150;0x1427D4062->0x1427F8240
0x142813E36	0x142813DF0	0x142813E7D	0x142817E50	PROVIDER_UUID_CORRELATED	82ADA225-8897-4E3E-9C84-858CC4725513	Javelin::EbusMessages::RemoteScriptDebugVictimRequests_RemoteScriptDebugVictimGetStatus	6758	COMMUNITY_REPORTED		CATALOG_NO_GETTER	2	0x142813DFA->0x146162150;0x142813E02->0x142817E50
0x142813EE6	0x142813EA0	0x142813F2D	0x142818250	PROVIDER_UUID_CORRELATED	207774EA-8208-4C97-AEC2-8C26237A7CD5	Javelin::EbusMessages::RemoteScriptDebugVictimRequests_RemoteScriptDebugVictimStep	6748	COMMUNITY_REPORTED		CATALOG_NO_GETTER	2	0x142813EAA->0x146162150;0x142813EB2->0x142818250
0x142813F96	0x142813F50	0x142813FDD	0x142818050	PROVIDER_UUID_CORRELATED	B5C7B0DE-05C2-4084-9D55-9EB80EA60DCC	Javelin::EbusMessages::RemoteScriptDebugVictimRequests_RemoteScriptDebugVictimStart	6759	COMMUNITY_REPORTED		CATALOG_NO_GETTER	2	0x142813F5A->0x146162150;0x142813F62->0x142818050
0x142814046	0x142814000	0x14281408D	0x142818450	PROVIDER_UUID_CORRELATED	37B1F0FD-14DB-42D0-9186-3217AD20D2F4	Javelin::EbusMessages::RemoteScriptDebugVictimRequests_RemoteScriptDebugVictimStop	6750	COMMUNITY_REPORTED		CATALOG_NO_GETTER	2	0x14281400A->0x146162150;0x142814012->0x142818450
0x142814106	0x1428140C0	0x14281414D	0x1427FA440	PROVIDER_UUID_CORRELATED	38CD0D97-0AF5-41D9-8E81-3904617E1D4E	Javelin::BotConditional	2434	COMMUNITY_REPORTED		CATALOG_NO_GETTER	2	0x1428140CA->0x146162150;0x1428140D2->0x1427FA440
0x1428141B6	0x142814170	0x1428141FD	0x1427FA640	PROVIDER_UUID_CORRELATED	ABCC4ADE-0AD3-4574-B1B1-2B5652FBB6DC	Javelin::BotConditionalMultiChild	1603	COMMUNITY_REPORTED		CATALOG_NO_GETTER	2	0x14281417A->0x146162150;0x142814182->0x1427FA640
0x1428155A6	0x142815560	0x1428155ED	0x142817A50	PROVIDER_UUID_CORRELATED	FEA2DD28-2B3E-4AD0-96B2-DBD1C33C26F7	Javelin::BotConditionalIfAbilityOnCooldown	2438	COMMUNITY_REPORTED		CATALOG_NO_GETTER	2	0x14281556A->0x146162150;0x142815572->0x142817A50
0x142815656	0x142815610	0x14281569D	0x142817C50	PROVIDER_UUID_CORRELATED	24F10A5A-A5D9-44F6-8E64-29BF21CC4F8F	Javelin::BotConditionalIfComparison	6318	COMMUNITY_REPORTED		CATALOG_NO_GETTER	2	0x14281561A->0x146162150;0x142815622->0x142817C50
0x14281A7B6	0x14281A770	0x14281A7FD	0x14281D840	PROVIDER_UUID_CORRELATED	0FB4A476-ECB5-442E-9BD1-2F6B809A72AF	Javelin::BotConditionalIfInGridLayer	1181	COMMUNITY_REPORTED		CATALOG_NO_GETTER	2	0x14281A77A->0x146162150;0x14281A782->0x14281D840
0x14281A866	0x14281A820	0x14281A8AD	0x14281DA40	PROVIDER_UUID_CORRELATED	3CF28001-F009-48A6-A1A4-693B6E3F324D	Javelin::BotConditionalIfInGroup	2442	COMMUNITY_REPORTED		CATALOG_NO_GETTER	2	0x14281A82A->0x146162150;0x14281A832->0x14281DA40
0x14281AA56	0x14281AA10	0x14281AA9D	0x14281DC40	PROVIDER_UUID_CORRELATED	9CABD4A9-7CAF-4C61-86BC-A1CF119A2E05	Javelin::BotConditionalIfInQueue	5963	COMMUNITY_REPORTED		CATALOG_NO_GETTER	2	0x14281AA1A->0x146162150;0x14281AA22->0x14281DC40
0x14281B446	0x14281B400	0x14281B48D	0x14281DE40	PROVIDER_UUID_CORRELATED	BC101E16-4F91-4377-9C41-146498445E11	Javelin::BotConditionalIfIsMounted	5701	COMMUNITY_REPORTED		CATALOG_NO_GETTER	2	0x14281B40A->0x146162150;0x14281B412->0x14281DE40
0x14281B546	0x14281B500	0x14281B58D	0x14281E040	PROVIDER_UUID_CORRELATED	BDB2A760-3FCA-477C-AEC6-A07AC919C6A7	Javelin::BotConditionalIfIsSummoningMount	5957	COMMUNITY_REPORTED		CATALOG_NO_GETTER	2	0x14281B50A->0x146162150;0x14281B512->0x14281E040
0x14281B996	0x14281B950	0x14281B9DD	0x14281E240	PROVIDER_UUID_CORRELATED	D4E60C03-84F8-44E4-B357-BB866014783C	Javelin::BotConditionalIfItemInInventory	2445	COMMUNITY_REPORTED		CATALOG_NO_GETTER	2	0x14281B95A->0x146162150;0x14281B962->0x14281E240
0x14281BA46	0x14281BA00	0x14281BA8D	0x14281D440	PROVIDER_UUID_CORRELATED	B0BE3FC0-0BF9-4BB1-911D-FAF6D4AFF5B8	Javelin::BotConditionalIfInFaction	6599	COMMUNITY_REPORTED		CATALOG_NO_GETTER	2	0x14281BA0A->0x146162150;0x14281BA12->0x14281D440
0x14281BAF6	0x14281BAB0	0x14281BB3D	0x14281D640	PROVIDER_UUID_CORRELATED	115B0C85-9770-43F8-9A21-716F25378143	Javelin::BotConditionalIfInGameMode	5962	COMMUNITY_REPORTED		CATALOG_NO_GETTER	2	0x14281BABA->0x146162150;0x14281BAC2->0x14281D640
0x14281F0E6	0x14281F0A0	0x14281F12D	0x1428236B0	PROVIDER_UUID_CORRELATED	07D3468D-A2CC-4073-8206-D1FBE03A3A4A	Javelin::BotConditionalIfItemSheathed	1734	COMMUNITY_REPORTED		CATALOG_NO_GETTER	2	0x14281F0AA->0x146162150;0x14281F0B2->0x1428236B0
0x14281F636	0x14281F5F0	0x14281F67D	0x1428238B0	PROVIDER_UUID_CORRELATED	699E80A9-F24B-4BE8-BC85-7CE7272893D1	Javelin::BotConditionalIfMannequinTag	5004	COMMUNITY_REPORTED		CATALOG_NO_GETTER	2	0x14281F5FA->0x146162150;0x14281F602->0x1428238B0
0x14281F776	0x14281F730	0x14281F7BD	0x142823AB0	PROVIDER_UUID_CORRELATED	33F04C9F-2372-4A48-A8BA-8F828CC5750E	Javelin::BotConditionalIfPositionWithinRange	2313	COMMUNITY_REPORTED		CATALOG_NO_GETTER	2	0x14281F73A->0x146162150;0x14281F742->0x142823AB0
0x14281F826	0x14281F7E0	0x14281F86D	0x142823CB0	PROVIDER_UUID_CORRELATED	9CE34ABB-251A-418A-A97E-1B048E485B66	Javelin::BotConditionalIfQuestIncomplete	6317	COMMUNITY_REPORTED		CATALOG_NO_GETTER	2	0x14281F7EA->0x146162150;0x14281F7F2->0x142823CB0
0x14281FC16	0x14281FBD0	0x14281FC5D	0x142823EB0	PROVIDER_UUID_CORRELATED	CFB2A3EC-533B-47E8-9DAA-021F16E86C8C	Javelin::BotConditionalIfRegistryEntity	1337	COMMUNITY_REPORTED		CATALOG_NO_GETTER	2	0x14281FBDA->0x146162150;0x14281FBE2->0x142823EB0
0x14281FCC6	0x14281FC80	0x14281FD0D	0x1428240B0	PROVIDER_UUID_CORRELATED	F83B557B-9ED2-40EC-89B7-EA1ED606D641	Javelin::BotConditionalIfRegistryEntityDead	2446	COMMUNITY_REPORTED		CATALOG_NO_GETTER	2	0x14281FC8A->0x146162150;0x14281FC92->0x1428240B0
0x1428201B6	0x142820170	0x1428201FD	0x1428242B0	PROVIDER_UUID_CORRELATED	FA63E2A4-28A5-4039-AEE9-4A0AC82812AB	Javelin::BotConditionalIfRegistryEntityInRange	2447	COMMUNITY_REPORTED		CATALOG_NO_GETTER	2	0x14282017A->0x146162150;0x142820182->0x1428242B0
0x142820296	0x142820250	0x1428202DD	0x1428244B0	PROVIDER_UUID_CORRELATED	2D61C1DE-156D-46EF-B6F1-87E908DFB9BE	Javelin::BotConditionalIfRegistryEntityValid	1320	COMMUNITY_REPORTED		CATALOG_NO_GETTER	2	0x14282025A->0x146162150;0x142820262->0x1428244B0
0x142827456	0x142827410	0x14282749D	0x14282ADE0	PROVIDER_UUID_CORRELATED	B13C8A0B-B388-4ECD-B99A-42EF2C6419F5	Javelin::BotConditionalIfRegistryValueFloat	2448	COMMUNITY_REPORTED		CATALOG_NO_GETTER	2	0x14282741A->0x146162150;0x142827422->0x14282ADE0
0x142827506	0x1428274C0	0x14282754D	0x14282AFE0	PROVIDER_UUID_CORRELATED	DF2ADA67-72C5-475B-BC10-20522BED0D44	Javelin::BotConditionalIfRegistryValueString	2453	COMMUNITY_REPORTED		CATALOG_NO_GETTER	2	0x1428274CA->0x146162150;0x1428274D2->0x14282AFE0
0x142827B46	0x142827B00	0x142827B8D	0x14282B1E0	PROVIDER_UUID_CORRELATED	EAF77423-3665-4441-B167-2218A665539E	Javelin::BotConditionalIfRegistryVectorValid	445	COMMUNITY_REPORTED		CATALOG_NO_GETTER	2	0x142827B0A->0x146162150;0x142827B12->0x14282B1E0
0x142827BF6	0x142827BB0	0x142827C3D	0x14282B3E0	PROVIDER_UUID_CORRELATED	1F9514B1-C477-4FFD-9191-97E865EEC599	Javelin::BotConditionalIfReturnValueFloat	2455	COMMUNITY_REPORTED		CATALOG_NO_GETTER	2	0x142827BBA->0x146162150;0x142827BC2->0x14282B3E0
0x142827CA6	0x142827C60	0x142827CED	0x14282B5E0	PROVIDER_UUID_CORRELATED	302EA665-2E38-4E8C-A983-50DF3884D333	Javelin::BotConditionalIfReturnValueString	549	COMMUNITY_REPORTED		CATALOG_NO_GETTER	2	0x142827C6A->0x146162150;0x142827C72->0x14282B5E0
0x142827D56	0x142827D10	0x142827D9D	0x14282B7E0	PROVIDER_UUID_CORRELATED	F83B557B-9ED2-40EC-89B7-EA1ED606D621	Javelin::BotConditionalIfServerBot	5113	COMMUNITY_REPORTED		CATALOG_NO_GETTER	2	0x142827D1A->0x146162150;0x142827D22->0x14282B7E0
0x142827E06	0x142827DC0	0x142827E4D	0x14282B9E0	PROVIDER_UUID_CORRELATED	DC5C79F2-3DAC-4A91-96E7-B2A3DE92525F	Javelin::BotConditionalIfStatBelowThreshold	2457	COMMUNITY_REPORTED		CATALOG_NO_GETTER	2	0x142827DCA->0x146162150;0x142827DD2->0x14282B9E0
0x14282E9C6	0x14282E980	0x14282EA0D	0x142834F00	PROVIDER_UUID_CORRELATED	E33B763B-35FB-4FB0-8430-01E5D1AEC494	Javelin::BotConditionalIfTerritoryCondition	626	COMMUNITY_REPORTED		CATALOG_NO_GETTER	2	0x14282E98A->0x146162150;0x14282E992->0x142834F00
0x14282F596	0x14282F550	0x14282F5DD	0x142835100	PROVIDER_UUID_CORRELATED	56675323-36FA-498F-8A4C-CFA83216CCD4	Javelin::BotConditionalIfWarCondition	2292	COMMUNITY_REPORTED		CATALOG_NO_GETTER	2	0x14282F55A->0x146162150;0x14282F562->0x142835100
0x14282F646	0x14282F600	0x14282F68D	0x1427FAA40	PROVIDER_UUID_CORRELATED	2B5DEC90-C695-492B-9F1E-048736DC8FD6	Javelin::BotTaskDo	5977	COMMUNITY_REPORTED		CATALOG_NO_GETTER	2	0x14282F60A->0x146162150;0x14282F612->0x1427FAA40
0x14282F6F6	0x14282F6B0	0x14282F73D	0x1427FAC40	PROVIDER_UUID_CORRELATED	DB824FA0-72CB-4E75-A0CD-817828AEC5F5	Javelin::BotTaskFor	5976	COMMUNITY_REPORTED		CATALOG_NO_GETTER	2	0x14282F6BA->0x146162150;0x14282F6C2->0x1427FAC40
0x14282F7A6	0x14282F760	0x14282F7ED	0x1427FAE40	PROVIDER_UUID_CORRELATED	91759BDB-C6C6-4E19-833E-4B3EABD46125	Javelin::BotTaskForEach	5990	COMMUNITY_REPORTED		CATALOG_NO_GETTER	2	0x14282F76A->0x146162150;0x14282F772->0x1427FAE40
0x14282F856	0x14282F810	0x14282F89D	0x1427FB440	PROVIDER_UUID_CORRELATED	2624889F-6881-4695-970D-D281B4D44051	Javelin::BotTaskWhile	6190	COMMUNITY_REPORTED		CATALOG_NO_GETTER	2	0x14282F81A->0x146162150;0x14282F822->0x1427FB440
0x14282F906	0x14282F8C0	0x14282F94D	0x142835300	PROVIDER_UUID_CORRELATED	DCBA63F7-6464-4558-AE66-24A1162797E6	Javelin::BotTaskActivateCameraLock	2459	COMMUNITY_REPORTED		CATALOG_NO_GETTER	2	0x14282F8CA->0x146162150;0x14282F8D2->0x142835300
0x142830916	0x1428308D0	0x14283095D	0x142835500	PROVIDER_UUID_CORRELATED	7574CEBB-67DB-496E-99BA-0744E04EA363	Javelin::BotTaskAddItemsToStorage	6002	COMMUNITY_REPORTED		CATALOG_NO_GETTER	2	0x1428308DA->0x146162150;0x1428308E2->0x142835500
0x1428386D6	0x142838690	0x14283871D	0x142843160	PROVIDER_UUID_CORRELATED	BA59DA0E-3683-44A4-B45F-A55B627E9516	Javelin::BotTaskAltCharacter	5548	COMMUNITY_REPORTED		CATALOG_NO_GETTER	2	0x14283869A->0x146162150;0x1428386A2->0x142843160
0x142838BA6	0x142838B60	0x142838BED	0x142843360	PROVIDER_UUID_CORRELATED	0E79F616-290A-4580-AB61-C11ADD14EAED	Javelin::BotTaskApplyResources	2465	COMMUNITY_REPORTED		CATALOG_NO_GETTER	2	0x142838B6A->0x146162150;0x142838B72->0x142843360
0x142838C56	0x142838C10	0x142838C9D	0x142843560	PROVIDER_UUID_CORRELATED	94C3F4CD-7C2D-4D04-B2D9-F11F7FC8858F	Javelin::BotTaskBuildItem	1851	COMMUNITY_REPORTED		CATALOG_NO_GETTER	2	0x142838C1A->0x146162150;0x142838C22->0x142843560
0x14283A626	0x14283A5E0	0x14283A66D	0x142842B60	PROVIDER_UUID_CORRELATED	A992A8F4-4AB1-41D7-85C2-04C8A061C429	Javelin::BotTaskAdjustStatusEffect	1615	COMMUNITY_REPORTED		CATALOG_NO_GETTER	2	0x14283A5EA->0x146162150;0x14283A5F2->0x142842B60
0x14283A6D6	0x14283A690	0x14283A71D	0x142843760	PROVIDER_UUID_CORRELATED	5DCF6DF9-775F-48EF-8A7B-B01982CD4C0D	Javelin::BotTaskCacheCurrentInventory	1468	COMMUNITY_REPORTED		CATALOG_NO_GETTER	2	0x14283A69A->0x146162150;0x14283A6A2->0x142843760
0x14283A886	0x14283A840	0x14283A8CD	0x142843960	PROVIDER_UUID_CORRELATED	D52FBDCB-9C52-4A5C-8251-B3B05C23DD36	Javelin::BotTaskCacheCurrentPosition	1527	COMMUNITY_REPORTED		CATALOG_NO_GETTER	2	0x14283A84A->0x146162150;0x14283A852->0x142843960
0x14283BF96	0x14283BF50	0x14283BFDD	0x142842D60	PROVIDER_UUID_CORRELATED	CC74FFC4-D096-4377-89D8-E47A21416586	Javelin::BotTaskAdvanceDungeon	2464	COMMUNITY_REPORTED		CATALOG_NO_GETTER	2	0x14283BF5A->0x146162150;0x14283BF62->0x142842D60
0x14283C046	0x14283C000	0x14283C08D	0x142842F60	PROVIDER_UUID_CORRELATED	F2A66820-2F89-493B-8077-BAEF8271F0EA	Javelin::BotTaskAdvanceEncounter	6061	COMMUNITY_REPORTED		CATALOG_NO_GETTER	2	0x14283C00A->0x146162150;0x14283C012->0x142842F60
0x142845066	0x142845020	0x1428450AD	0x14284D970	PROVIDER_UUID_CORRELATED	DF377E4B-631D-48B1-9EFE-7295F4DBA722	Javelin::BotTaskCameraControl	2466	COMMUNITY_REPORTED		CATALOG_NO_GETTER	2	0x14284502A->0x146162150;0x142845032->0x14284D970
0x142845116	0x1428450D0	0x14284515D	0x14284DB70	PROVIDER_UUID_CORRELATED	EF5E7ACF-BDEC-4CE6-9AFC-7E9109F5C227	Javelin::BotTaskCameraOverride	6332	COMMUNITY_REPORTED		CATALOG_NO_GETTER	2	0x1428450DA->0x146162150;0x1428450E2->0x14284DB70
0x142845896	0x142845850	0x1428458DD	0x14284DD70	PROVIDER_UUID_CORRELATED	2F30126C-D152-4FF5-8716-F971B505AC86	Javelin::BotTaskChangeMountDye	6251	COMMUNITY_REPORTED		CATALOG_NO_GETTER	2	0x14284585A->0x146162150;0x142845862->0x14284DD70
0x142845946	0x142845900	0x14284598D	0x14284DF70	PROVIDER_UUID_CORRELATED	3D4020A3-8825-429D-8762-6FE467197FC0	Javelin::BotTaskChangeMountMsgSpam	6103	COMMUNITY_REPORTED		CATALOG_NO_GETTER	2	0x14284590A->0x146162150;0x142845912->0x14284DF70
0x1428459F6	0x1428459B0	0x142845A3D	0x14284E170	PROVIDER_UUID_CORRELATED	6819E385-73D7-43BD-B801-20B143847281	Javelin::BotTaskClearGlobalRegistry	6311	COMMUNITY_REPORTED		CATALOG_NO_GETTER	2	0x1428459BA->0x146162150;0x1428459C2->0x14284E170
0x142848616	0x1428485D0	0x14284865D	0x14284E370	PROVIDER_UUID_CORRELATED	E70094F9-6FE2-4609-A27F-458986CE1FD1	Javelin::BotTaskConnectCrossWorld	5626	COMMUNITY_REPORTED		CATALOG_NO_GETTER	2	0x1428485DA->0x146162150;0x1428485E2->0x14284E370
0x1428486C6	0x142848680	0x14284870D	0x14284E570	PROVIDER_UUID_CORRELATED	C2B054E0-D816-4294-93C8-645242A79C14	Javelin::BotTaskConsoleCommand	2467	COMMUNITY_REPORTED		CATALOG_NO_GETTER	2	0x14284868A->0x146162150;0x142848692->0x14284E570
0x142849D66	0x142849D20	0x142849DAD	0x14284E770	PROVIDER_UUID_CORRELATED	998239F1-D69E-4CD2-9F59-0086B1ED1A21	Javelin::BotTaskCraftItem	2468	COMMUNITY_REPORTED		CATALOG_NO_GETTER	2	0x142849D2A->0x146162150;0x142849D32->0x14284E770
0x14284F776	0x14284F730	0x14284F7BD	0x14285E660	PROVIDER_UUID_CORRELATED	47A1CC98-1159-41C2-B1C4-679A840D3597	Javelin::BotTaskEditStorage	7050	COMMUNITY_REPORTED		CATALOG_NO_GETTER	2	0x14284F73A->0x146162150;0x14284F742->0x14285E660
0x14284FED6	0x14284FE90	0x14284FF1D	0x14285E860	PROVIDER_UUID_CORRELATED	3BFBAC6A-C3BC-4C92-8207-3F60CCAAB6E1	Javelin::BotTaskEquipItem	2476	COMMUNITY_REPORTED		CATALOG_NO_GETTER	2	0x14284FE9A->0x146162150;0x14284FEA2->0x14285E860
0x142853EA6	0x142853E60	0x142853EED	0x14285DA60	PROVIDER_UUID_CORRELATED	A666274F-7C77-4117-A60A-A9A8CBC0D98D	Javelin::BotTaskCreateDungeon	2469	COMMUNITY_REPORTED		CATALOG_NO_GETTER	2	0x142853E6A->0x146162150;0x142853E72->0x14285DA60
0x142853F56	0x142853F10	0x142853F9D	0x14285EC60	PROVIDER_UUID_CORRELATED	FE99704C-0E24-402B-B56A-268F092A6F0A	Javelin::BotTaskJoinDungeonQueue	311	COMMUNITY_REPORTED		CATALOG_NO_GETTER	2	0x142853F1A->0x146162150;0x142853F22->0x14285EC60
0x142854006	0x142853FC0	0x14285404D	0x14285D860	PROVIDER_UUID_CORRELATED	40A93B7B-1A9C-4177-8AC6-3757C8AE097D	Javelin::BotTaskAcceptDungeonInvite	2472	COMMUNITY_REPORTED		CATALOG_NO_GETTER	2	0x142853FCA->0x146162150;0x142853FD2->0x14285D860
0x1428540B6	0x142854070	0x1428540FD	0x14285DE60	PROVIDER_UUID_CORRELATED	D47D25FB-B2FA-49CA-AB13-3D4B71F59CBB	Javelin::BotTaskDestroyDungeon	2475	COMMUNITY_REPORTED		CATALOG_NO_GETTER	2	0x14285407A->0x146162150;0x142854082->0x14285DE60
0x1428547B6	0x142854770	0x1428547FD	0x14285EA60	PROVIDER_UUID_CORRELATED	B1ECA9BF-4B0C-4E2F-B37D-F58A9527DE7A	Javelin::BotTaskEstablishExplorationPattern	2376	COMMUNITY_REPORTED		CATALOG_NO_GETTER	2	0x14285477A->0x146162150;0x142854782->0x14285EA60
0x142855226	0x1428551E0	0x14285526D	0x14285DC60	PROVIDER_UUID_CORRELATED	A2F533D6-4D6D-4263-A778-49261DC31C8A	Javelin::BotTaskCreateSlice	443	COMMUNITY_REPORTED		CATALOG_NO_GETTER	2	0x1428551EA->0x146162150;0x1428551F2->0x14285DC60
0x1428552D6	0x142855290	0x14285531D	0x14285E060	PROVIDER_UUID_CORRELATED	5E8BDE79-F38C-443B-8AF7-30A545F33DDD	Javelin::BotTaskDestroySlice	1173	COMMUNITY_REPORTED		CATALOG_NO_GETTER	2	0x14285529A->0x146162150;0x1428552A2->0x14285E060
0x142856396	0x142856350	0x1428563DD	0x14285E260	PROVIDER_UUID_CORRELATED	2D24D216-08CB-4643-801F-FACAEECA9951	Javelin::BotTaskDropItem	1867	COMMUNITY_REPORTED		CATALOG_NO_GETTER	2	0x14285635A->0x146162150;0x142856362->0x14285E260
0x142856446	0x142856400	0x14285648D	0x14285E460	PROVIDER_UUID_CORRELATED	2D24D216-08CB-4643-801F-FACAEECA9952	Javelin::BotTaskDropMultipleItems	5928	COMMUNITY_REPORTED		CATALOG_NO_GETTER	2	0x14285640A->0x146162150;0x142856412->0x14285E460
0x142860206	0x1428601C0	0x14286024D	0x1428688B0	PROVIDER_UUID_CORRELATED	2E084434-82B4-49BD-B900-F07B7667C39D	Javelin::BotTaskFindEntity	1441	COMMUNITY_REPORTED		CATALOG_NO_GETTER	2	0x1428601CA->0x146162150;0x1428601D2->0x1428688B0
0x142860486	0x142860440	0x1428604CD	0x1428686B0	PROVIDER_UUID_CORRELATED	221E6F64-D838-44E1-ADF9-309199C55EB0	Javelin::BotTaskFakeAISpawns	6736	COMMUNITY_REPORTED		CATALOG_NO_GETTER	2	0x14286044A->0x146162150;0x142860452->0x1428686B0
0x1428605C6	0x142860580	0x14286060D	0x142868AB0	PROVIDER_UUID_CORRELATED	7BE0A5E7-69C6-45D5-83EF-768F4133A28A	Javelin::BotTaskForceMigration	6805	COMMUNITY_REPORTED		CATALOG_NO_GETTER	2	0x14286058A->0x146162150;0x142860592->0x142868AB0
0x1428606B6	0x142860670	0x1428606FD	0x142868CB0	PROVIDER_UUID_CORRELATED	BA7FFC7A-9423-485E-B7F0-31AEA903B58D	Javelin::BotTaskForfeitArena	1450	COMMUNITY_REPORTED		CATALOG_NO_GETTER	2	0x14286067A->0x146162150;0x142860682->0x142868CB0
0x142860766	0x142860720	0x1428607AD	0x1428682B0	PROVIDER_UUID_CORRELATED	EBBD11AD-A54C-4816-872B-5A8A46F74407	Javelin::BotTaskExitToMainMenu	6525	COMMUNITY_REPORTED		CATALOG_NO_GETTER	2	0x14286072A->0x146162150;0x142860732->0x1428682B0
0x142860816	0x1428607D0	0x14286085D	0x1428684B0	PROVIDER_UUID_CORRELATED	0366DD86-D706-42C9-B980-64744E3481CD	Javelin::BotTaskFPSTracker	2477	COMMUNITY_REPORTED		CATALOG_NO_GETTER	2	0x1428607DA->0x146162150;0x1428607E2->0x1428684B0
0x1428608C6	0x142860880	0x14286090D	0x142868EB0	PROVIDER_UUID_CORRELATED	3B32E3FF-0CC6-4E61-B26A-527C438E5862	Javelin::BotTaskGetActiveTaskNamesFromPoiQuest	6874	COMMUNITY_REPORTED		CATALOG_NO_GETTER	2	0x14286088A->0x146162150;0x142860892->0x142868EB0
0x142860996	0x142860950	0x1428609DD	0x1428690B0	PROVIDER_UUID_CORRELATED	51DEEDB2-258E-46B1-BCB5-B0B5C145B352	Javelin::BotTaskGetActiveTaskNamesFromQuest	6330	COMMUNITY_REPORTED		CATALOG_NO_GETTER	2	0x14286095A->0x146162150;0x142860962->0x1428690B0
0x14286BB76	0x14286BB30	0x14286BBBD	0x14286FE40	PROVIDER_UUID_CORRELATED	C089FDAE-59A7-4D19-AEB5-3255045FDE8A	Javelin::BotTaskGetLocalQuestLocations	6329	COMMUNITY_REPORTED		CATALOG_NO_GETTER	2	0x14286BB3A->0x146162150;0x14286BB42->0x14286FE40
0x14286BC26	0x14286BBE0	0x14286BC6D	0x142870040	PROVIDER_UUID_CORRELATED	C318CE36-F49B-4754-8A36-8B99BF834BB4	Javelin::BotTaskGetLocalQuestsNames	6328	COMMUNITY_REPORTED		CATALOG_NO_GETTER	2	0x14286BBEA->0x146162150;0x14286BBF2->0x142870040
0x14286BCD6	0x14286BC90	0x14286BD1D	0x142870240	PROVIDER_UUID_CORRELATED	5453530E-9B71-4FBB-901F-8E5FBD2AD3D3	Javelin::BotTaskGetPoiQuestsNames	6873	COMMUNITY_REPORTED		CATALOG_NO_GETTER	2	0x14286BC9A->0x146162150;0x14286BCA2->0x142870240
0x14286BD86	0x14286BD40	0x14286BDCD	0x142870440	PROVIDER_UUID_CORRELATED	72B34B88-58C4-49E7-8288-30A04D8A1941	Javelin::BotTaskGetPositionOffset	6550	COMMUNITY_REPORTED		CATALOG_NO_GETTER	2	0x14286BD4A->0x146162150;0x14286BD52->0x142870440
0x14286BE76	0x14286BE30	0x14286BEBD	0x142870640	PROVIDER_UUID_CORRELATED	1B6F250D-8142-4114-9888-C2983891A8DB	Javelin::BotTaskGetRandomNumberFromRange	6087	COMMUNITY_REPORTED		CATALOG_NO_GETTER	2	0x14286BE3A->0x146162150;0x14286BE42->0x142870640
0x14286C386	0x14286C340	0x14286C3CD	0x142870840	PROVIDER_UUID_CORRELATED	2CB3BACE-B8A5-4E40-8FFF-DA31C16BD408	Javelin::BotTaskGetScriptsList	6084	COMMUNITY_REPORTED		CATALOG_NO_GETTER	2	0x14286C34A->0x146162150;0x14286C352->0x142870840
0x14286E6C6	0x14286E680	0x14286E70D	0x14286FA40	PROVIDER_UUID_CORRELATED	8B05A8A1-58DE-45EA-8C07-5D74D1DAF07B	Javelin::BotTaskGetElementFromList	6085	COMMUNITY_REPORTED		CATALOG_NO_GETTER	2	0x14286E68A->0x146162150;0x14286E692->0x14286FA40
0x14286E986	0x14286E940	0x14286E9CD	0x14286FC40	PROVIDER_UUID_CORRELATED	505A56BA-38B8-489E-BA5F-9016E16A9313	Javelin::BotTaskGetListLength	6086	COMMUNITY_REPORTED		CATALOG_NO_GETTER	2	0x14286E94A->0x146162150;0x14286E952->0x14286FC40
0x142871946	0x142871900	0x14287198D	0x1428834D0	PROVIDER_UUID_CORRELATED	8F1472A2-905E-4E76-8EB2-897A62D6589D	Javelin::BotTaskInfluenceRaceAction	6088	COMMUNITY_REPORTED		CATALOG_NO_GETTER	2	0x14287190A->0x146162150;0x142871912->0x1428834D0
0x142875116	0x1428750D0	0x14287515D	0x1428828D0	PROVIDER_UUID_CORRELATED	F83304C6-C93F-4B92-A3FB-91DA8A670692	Javelin::BotTaskGiveItems	1978	COMMUNITY_REPORTED		CATALOG_NO_GETTER	2	0x1428750DA->0x146162150;0x1428750E2->0x1428828D0
0x142878D26	0x142878CE0	0x142878D6D	0x142882AD0	PROVIDER_UUID_CORRELATED	B8674218-0C69-424D-BFA3-4A27DDBCE395	Javelin::BotTaskGroupFinderAction	5341	COMMUNITY_REPORTED		CATALOG_NO_GETTER	2	0x142878CEA->0x146162150;0x142878CF2->0x142882AD0
0x142878FD6	0x142878F90	0x14287901D	0x142882CD0	PROVIDER_UUID_CORRELATED	010014F8-071F-4F75-8ADA-B61677593EF0	Javelin::BotTaskGuildServiceScaleTest	2312	COMMUNITY_REPORTED		CATALOG_NO_GETTER	2	0x142878F9A->0x146162150;0x142878FA2->0x142882CD0
0x1428790B6	0x142879070	0x1428790FD	0x142882ED0	PROVIDER_UUID_CORRELATED	0FD44354-272C-497F-BF48-29D87DB05C79	Javelin::BotTaskHouseDecorationAction	1729	COMMUNITY_REPORTED		CATALOG_NO_GETTER	2	0x14287907A->0x146162150;0x142879082->0x142882ED0
0x142879166	0x142879120	0x1428791AD	0x1428830D0	PROVIDER_UUID_CORRELATED	F88910BF-437F-4F2A-BDAF-B5F2A6079D96	Javelin::BotTaskHousePlotAction	2480	COMMUNITY_REPORTED		CATALOG_NO_GETTER	2	0x14287912A->0x146162150;0x142879132->0x1428830D0
0x142879FD6	0x142879F90	0x14287A01D	0x1428832D0	PROVIDER_UUID_CORRELATED	00EBF435-99E4-4FAF-98DB-4940A3356320	Javelin::BotTaskIdle	2260	COMMUNITY_REPORTED		CATALOG_NO_GETTER	2	0x142879F9A->0x146162150;0x142879FA2->0x1428832D0
0x14287A166	0x14287A120	0x14287A1AD	0x1427FB040	PROVIDER_UUID_CORRELATED	6F993891-770A-464E-AA4F-4C85F1AB2F61	Javelin::BotTaskIfThenElseExecute	1072	COMMUNITY_REPORTED		CATALOG_NO_GETTER	2	0x14287A12A->0x146162150;0x14287A132->0x1427FB040
0x142885956	0x142885910	0x14288599D	0x14288E450	PROVIDER_UUID_CORRELATED	7C0AA3C4-3689-4DA6-9643-A427338F7D7C	Javelin::BotTaskLeaderboardQueryStat	5433	COMMUNITY_REPORTED		CATALOG_NO_GETTER	2	0x14288591A->0x146162150;0x142885922->0x14288E450
0x142885A06	0x1428859C0	0x142885A4D	0x14288DC50	PROVIDER_UUID_CORRELATED	7EDE6B6C-F570-46D5-83D8-BC422E70E5D5	Javelin::BotTaskInstantGather	2481	COMMUNITY_REPORTED		CATALOG_NO_GETTER	2	0x1428859CA->0x146162150;0x1428859D2->0x14288DC50
0x1428863D6	0x142886390	0x14288641D	0x14288E650	PROVIDER_UUID_CORRELATED	A7D8E8C0-E38E-48B0-88D6-0F6518F2CE32	Javelin::BotTaskLeaderboardReward	5434	COMMUNITY_REPORTED		CATALOG_NO_GETTER	2	0x14288639A->0x146162150;0x1428863A2->0x14288E650
0x1428865F6	0x1428865B0	0x14288663D	0x14288DE50	PROVIDER_UUID_CORRELATED	4A8C0206-B988-4053-BE77-7F5E0218AE1D	Javelin::BotTaskInteract	2483	COMMUNITY_REPORTED		CATALOG_NO_GETTER	2	0x1428865BA->0x146162150;0x1428865C2->0x14288DE50
0x14288A106	0x14288A0C0	0x14288A14D	0x14288E050	PROVIDER_UUID_CORRELATED	9B810FC2-75ED-4886-B1B4-B849DEA12FF1	Javelin::BotTaskLandClaim	474	COMMUNITY_REPORTED		CATALOG_NO_GETTER	2	0x14288A0CA->0x146162150;0x14288A0D2->0x14288E050
0x14288A286	0x14288A240	0x14288A2CD	0x14288E250	PROVIDER_UUID_CORRELATED	1E299066-32FC-4D50-A496-33AA2C63D1C1	Javelin::BotTaskLeaderboardQueryBoard	5431	COMMUNITY_REPORTED		CATALOG_NO_GETTER	2	0x14288A24A->0x146162150;0x14288A252->0x14288E250
0x1428901B6	0x142890170	0x1428901FD	0x142899800	PROVIDER_UUID_CORRELATED	B8CAC374-DD5B-4F77-836A-C67277A975A8	Javelin::BotTaskMakeCamp	1434	COMMUNITY_REPORTED		CATALOG_NO_GETTER	2	0x14289017A->0x146162150;0x142890182->0x142899800
0x142890316	0x1428902D0	0x14289035D	0x142899A00	PROVIDER_UUID_CORRELATED	B8245D3B-2FE0-4FE2-B1A9-9EF7C4FB1CC9	Javelin::BotTaskMetaAchievementGetProgressForCategory	2484	COMMUNITY_REPORTED		CATALOG_NO_GETTER	2	0x1428902DA->0x146162150;0x1428902E2->0x142899A00
0x1428903C6	0x142890380	0x14289040D	0x142899C00	PROVIDER_UUID_CORRELATED	6A23D62E-ACD3-4757-9DE0-77261FECDB44	Javelin::BotTaskMetaAchievementReset	756	COMMUNITY_REPORTED		CATALOG_NO_GETTER	2	0x14289038A->0x146162150;0x142890392->0x142899C00
0x142890476	0x142890430	0x1428904BD	0x142899E00	PROVIDER_UUID_CORRELATED	20CB6190-1E34-48CD-B8D7-C9543EC2321C	Javelin::BotTaskMetaAchievementTest	572	COMMUNITY_REPORTED		CATALOG_NO_GETTER	2	0x14289043A->0x146162150;0x142890442->0x142899E00
0x1428926B6	0x142892670	0x1428926FD	0x142899400	PROVIDER_UUID_CORRELATED	DA897024-3F26-4B06-AD73-54D8A8FF453B	Javelin::BotTaskLogText	1551	COMMUNITY_REPORTED		CATALOG_NO_GETTER	2	0x14289267A->0x146162150;0x142892682->0x142899400
0x142894526	0x1428944E0	0x14289456D	0x142899600	PROVIDER_UUID_CORRELATED	628EBF0D-1E08-4D9D-87EB-A9F615E715E1	Javelin::BotTaskLootItem	72	COMMUNITY_REPORTED		CATALOG_NO_GETTER	2	0x1428944EA->0x146162150;0x1428944F2->0x142899600
0x1428945F6	0x1428945B0	0x14289463D	0x142899200	PROVIDER_UUID_CORRELATED	88945E81-9E80-49F0-88D2-E09C658D05F3	Javelin::BotTaskLeaderboardSendStat	5360	COMMUNITY_REPORTED		CATALOG_NO_GETTER	2	0x1428945BA->0x146162150;0x1428945C2->0x142899200
0x1428A2C16	0x1428A2BD0	0x1428A2C5D	0x1428AE100	PROVIDER_UUID_CORRELATED	960F37F8-101F-410C-9569-973C7CE7DDAB	Javelin::BotTaskMetaAchievementTestNotify	1215	COMMUNITY_REPORTED		CATALOG_NO_GETTER	2	0x1428A2BDA->0x146162150;0x1428A2BE2->0x1428AE100
0x1428A2CC6	0x1428A2C80	0x1428A2D0D	0x1428AE300	PROVIDER_UUID_CORRELATED	B86CC436-915D-43A9-AEBA-7623579D6EA5	Javelin::BotTaskMetaAchievementUnlock	2488	COMMUNITY_REPORTED		CATALOG_NO_GETTER	2	0x1428A2C8A->0x146162150;0x1428A2C92->0x1428AE300
0x1428A2DC6	0x1428A2D80	0x1428A2E0D	0x1428AE500	PROVIDER_UUID_CORRELATED	3F517EB6-ABA5-481E-B859-0B24D3B4C723	Javelin::BotTaskModifyObjectives	2490	COMMUNITY_REPORTED		CATALOG_NO_GETTER	2	0x1428A2D8A->0x146162150;0x1428A2D92->0x1428AE500
0x1428A3A16	0x1428A39D0	0x1428A3A5D	0x1428AE700	PROVIDER_UUID_CORRELATED	41279153-DF06-47AF-BB06-61BF7EB2D707	Javelin::BotTaskMoveByName	2491	COMMUNITY_REPORTED		CATALOG_NO_GETTER	2	0x1428A39DA->0x146162150;0x1428A39E2->0x1428AE700
0x1428A3D96	0x1428A3D50	0x1428A3DDD	0x1428AE900	PROVIDER_UUID_CORRELATED	10A3A2B4-0ED1-4371-954E-3484B3798187	Javelin::BotTaskMoveByOffset	2296	COMMUNITY_REPORTED		CATALOG_NO_GETTER	2	0x1428A3D5A->0x146162150;0x1428A3D62->0x1428AE900
0x1428A3E46	0x1428A3E00	0x1428A3E8D	0x1428AEB00	PROVIDER_UUID_CORRELATED	968226C9-156C-4CC4-9CC3-96A9B08FE80F	Javelin::BotTaskMoveInCircle	190	COMMUNITY_REPORTED		CATALOG_NO_GETTER	2	0x1428A3E0A->0x146162150;0x1428A3E12->0x1428AEB00
0x1428A3EF6	0x1428A3EB0	0x1428A3F3D	0x1428AED00	PROVIDER_UUID_CORRELATED	A154D09A-ECC9-45CB-9FF9-72D7A57D4F6F	Javelin::BotTaskMoveTo	547	COMMUNITY_REPORTED		CATALOG_NO_GETTER	2	0x1428A3EBA->0x146162150;0x1428A3EC2->0x1428AED00
0x1428A3FA6	0x1428A3F60	0x1428A3FED	0x1428AEF00	PROVIDER_UUID_CORRELATED	BDE165E1-405C-4530-B8EC-A96101FD3A2A	Javelin::BotTaskMoveToArea	2494	COMMUNITY_REPORTED		CATALOG_NO_GETTER	2	0x1428A3F6A->0x146162150;0x1428A3F72->0x1428AEF00
0x1428B30C6	0x1428B3080	0x1428B310D	0x1428BA9B0	PROVIDER_UUID_CORRELATED	C4FDBEBA-5115-4A1F-8C24-B901DF72B41C	Javelin::BotTaskMoveToEntityInteractable	1099	COMMUNITY_REPORTED		CATALOG_NO_GETTER	2	0x1428B308A->0x146162150;0x1428B3092->0x1428BA9B0
0x1428B3176	0x1428B3130	0x1428B31BD	0x1428AF100	PROVIDER_UUID_CORRELATED	63111E46-2310-4F0B-B0B5-A16F1A4C4EC1	Javelin::BotTaskMoveToPosition	2498	COMMUNITY_REPORTED		CATALOG_NO_GETTER	2	0x1428B313A->0x146162150;0x1428B3142->0x1428AF100
0x1428B3226	0x1428B31E0	0x1428B326D	0x1428BABB0	PROVIDER_UUID_CORRELATED	AA3BF387-5CC8-43E3-829B-4A28C067BA25	Javelin::BotTaskMoveToRandomPosition	423	COMMUNITY_REPORTED		CATALOG_NO_GETTER	2	0x1428B31EA->0x146162150;0x1428B31F2->0x1428BABB0
0x1428B5296	0x1428B5250	0x1428B52DD	0x1428BA3B0	PROVIDER_UUID_CORRELATED	518E2BD8-FCD6-48E6-A18C-5737033E369E	Javelin::BotTaskMTXStorePurchaseConsumable	2499	COMMUNITY_REPORTED		CATALOG_NO_GETTER	2	0x1428B525A->0x146162150;0x1428B5262->0x1428BA3B0
0x1428B5346	0x1428B5300	0x1428B538D	0x1428BA5B0	PROVIDER_UUID_CORRELATED	8A3ED291-2FB1-4D7B-99D0-B80D7C33B24E	Javelin::BotTaskMTXStoreUseConsumable	2500	COMMUNITY_REPORTED		CATALOG_NO_GETTER	2	0x1428B530A->0x146162150;0x1428B5312->0x1428BA5B0
0x1428B53F6	0x1428B53B0	0x1428B543D	0x1428BAFB0	PROVIDER_UUID_CORRELATED	09DF438B-A300-4249-ACBB-926E245BE62E	Javelin::BotTaskTransferCharacter	2501	COMMUNITY_REPORTED		CATALOG_NO_GETTER	2	0x1428B53BA->0x146162150;0x1428B53C2->0x1428BAFB0
0x1428B54A6	0x1428B5460	0x1428B54ED	0x1427FB240	PROVIDER_UUID_CORRELATED	B8309103-48FB-4CB6-B6A0-719751A18666	Javelin::BotTaskMultiChild	253	COMMUNITY_REPORTED		CATALOG_NO_GETTER	2	0x1428B546A->0x146162150;0x1428B5472->0x1427FB240
0x1428B5556	0x1428B5510	0x1428B559D	0x1428BADB0	PROVIDER_UUID_CORRELATED	FE7329D0-898A-4646-97FA-6E64F4AD795D	Javelin::BotTaskNavigateToPosition	1432	COMMUNITY_REPORTED		CATALOG_NO_GETTER	2	0x1428B551A->0x146162150;0x1428B5522->0x1428BADB0
0x1428B7036	0x1428B6FF0	0x1428B707D	0x1428BA7B0	PROVIDER_UUID_CORRELATED	25B42A39-769A-4C00-9FD9-6DF61D44B2CD	Javelin::BotTaskMoveToEntity	2496	COMMUNITY_REPORTED		CATALOG_NO_GETTER	2	0x1428B6FFA->0x146162150;0x1428B7002->0x1428BA7B0
0x1428BC7D6	0x1428BC790	0x1428BC81D	0x1428D3D50	PROVIDER_UUID_CORRELATED	C72FB744-CA51-44F8-BF3F-D972B858A8D8	Javelin::BotTaskPerformFactionAction	1806	COMMUNITY_REPORTED		CATALOG_NO_GETTER	2	0x1428BC79A->0x146162150;0x1428BC7A2->0x1428D3D50
0x1428BC886	0x1428BC840	0x1428BC8CD	0x1428D3950	PROVIDER_UUID_CORRELATED	EE65AD88-9DBE-461B-89D3-C57B41CECF55	Javelin::BotTaskPerformCategoricalProgressionAction	2504	COMMUNITY_REPORTED		CATALOG_NO_GETTER	2	0x1428BC84A->0x146162150;0x1428BC852->0x1428D3950
0x1428BD386	0x1428BD340	0x1428BD3CD	0x1428D3F50	PROVIDER_UUID_CORRELATED	B2FA8AC2-AEC3-4933-A90A-E3DC9FE88262	Javelin::BotTaskPerformFishingAction	2509	COMMUNITY_REPORTED		CATALOG_NO_GETTER	2	0x1428BD34A->0x146162150;0x1428BD352->0x1428D3F50
0x1428BDCE6	0x1428BDCA0	0x1428BDD2D	0x1428D4150	PROVIDER_UUID_CORRELATED	2CA2A7EB-5B43-47D9-A849-184544895828	Javelin::BotTaskPerformFriendAction	2510	COMMUNITY_REPORTED		CATALOG_NO_GETTER	2	0x1428BDCAA->0x146162150;0x1428BDCB2->0x1428D4150
0x1428BF626	0x1428BF5E0	0x1428BF66D	0x1428D4350	PROVIDER_UUID_CORRELATED	99D2B7C8-533B-4FF0-AEC6-DF84821626C4	Javelin::BotTaskPerformGameModeAction	2288	COMMUNITY_REPORTED		CATALOG_NO_GETTER	2	0x1428BF5EA->0x146162150;0x1428BF5F2->0x1428D4350
0x1428BF7C6	0x1428BF780	0x1428BF80D	0x1428D4550	PROVIDER_UUID_CORRELATED	2610C5A4-A6B5-4C87-BEEF-B27EB7B53631		1256	COMMUNITY_REPORTED		CATALOG_NO_GETTER	2	0x1428BF78A->0x146162150;0x1428BF792->0x1428D4550
0x1428C5426	0x1428C53E0	0x1428C546D	0x1428D3B50	PROVIDER_UUID_CORRELATED	B80EB7B6-860F-4680-8AC4-6E9F389C2FE5	Javelin::BotTaskPerformContractsAction	2506	COMMUNITY_REPORTED		CATALOG_NO_GETTER	2	0x1428C53EA->0x146162150;0x1428C53F2->0x1428D3B50
0x1428DA806	0x1428DA7C0	0x1428DA84D	0x1428F0C10	PROVIDER_UUID_CORRELATED	C87C18B1-F827-4791-9C7D-F682C326F60F	Javelin::BotTaskPerformGuildAction	2353	COMMUNITY_REPORTED		CATALOG_NO_GETTER	2	0x1428DA7CA->0x146162150;0x1428DA7D2->0x1428F0C10
0x1428DD476	0x1428DD430	0x1428DD4BD	0x1428F0E10	PROVIDER_UUID_CORRELATED	B10BEDD2-556D-4107-A755-779FA91D6BC4	Javelin::BotTaskPerformInnAction	6512	COMMUNITY_REPORTED		CATALOG_NO_GETTER	2	0x1428DD43A->0x146162150;0x1428DD442->0x1428F0E10
0x1428E2926	0x1428E28E0	0x1428E296D	0x1428F1010	PROVIDER_UUID_CORRELATED	23E2FE9A-F7AE-4110-BAF2-8B093175FC6E	Javelin::BotTaskPerformInventoryAction	2511	COMMUNITY_REPORTED		CATALOG_NO_GETTER	2	0x1428E28EA->0x146162150;0x1428E28F2->0x1428F1010
0x1428E2D16	0x1428E2CD0	0x1428E2D5D	0x1428F0A10	PROVIDER_UUID_CORRELATED	A0559B65-3E0A-4D61-B081-23725B341C17	Javelin::BotTaskPerformGroupAction	2359	COMMUNITY_REPORTED		CATALOG_NO_GETTER	2	0x1428E2CDA->0x146162150;0x1428E2CE2->0x1428F0A10
0x1428E2EC6	0x1428E2E80	0x1428E2F0D	0x1428F1210	PROVIDER_UUID_CORRELATED	1DA4A8A2-9E7D-473A-95F4-73850235CFC9	Javelin::BotTaskPerformMusicAction	5275	COMMUNITY_REPORTED		CATALOG_NO_GETTER	2	0x1428E2E8A->0x146162150;0x1428E2E92->0x1428F1210
0x1428E3086	0x1428E3040	0x1428E30CD	0x1428F1410	PROVIDER_UUID_CORRELATED	D65403E2-0333-4022-8F81-E48B30447268	Javelin::BotTaskPerformPhasingAction	6541	COMMUNITY_REPORTED		CATALOG_NO_GETTER	2	0x1428E304A->0x146162150;0x1428E3052->0x1428F1410
0x1428E3AB6	0x1428E3A70	0x1428E3AFD	0x1428F1610	PROVIDER_UUID_CORRELATED	E90C3067-08A3-47DC-A2E9-65690303C44C	Javelin::BotTaskPerformProgressionAction	2512	COMMUNITY_REPORTED		CATALOG_NO_GETTER	2	0x1428E3A7A->0x146162150;0x1428E3A82->0x1428F1610
0x1428E3C26	0x1428E3BE0	0x1428E3C6D	0x1428F1810	PROVIDER_UUID_CORRELATED	4C252C8D-75E7-5ED9-CF81-059491623C03	Javelin::BotTaskPlayWhisper	5383	COMMUNITY_REPORTED		CATALOG_NO_GETTER	2	0x1428E3BEA->0x146162150;0x1428E3BF2->0x1428F1810
0x1428F5DE6	0x1428F5DA0	0x1428F5E2D	0x142900D40	PROVIDER_UUID_CORRELATED	2C4C7BA6-2737-4EFE-BB98-A19FDA4DD589	Javelin::BotTaskPopulateMountPersistence	6236	COMMUNITY_REPORTED		CATALOG_NO_GETTER	2	0x1428F5DAA->0x146162150;0x1428F5DB2->0x142900D40
0x1428F7B46	0x1428F7B00	0x1428F7B8D	0x142900F40	PROVIDER_UUID_CORRELATED	9793A077-16E7-4C70-B0D7-AB0A01CE8DA0	Javelin::BotTaskPressInput	1894	COMMUNITY_REPORTED		CATALOG_NO_GETTER	2	0x1428F7B0A->0x146162150;0x1428F7B12->0x142900F40
0x1428F7BF6	0x1428F7BB0	0x1428F7C3D	0x142901140	PROVIDER_UUID_CORRELATED	09FD2F40-C849-404D-A0BC-5D0B7C219E34	Javelin::BotTaskProfileRecordingName	6423	COMMUNITY_REPORTED		CATALOG_NO_GETTER	2	0x1428F7BBA->0x146162150;0x1428F7BC2->0x142901140
0x1428F81D6	0x1428F8190	0x1428F821D	0x142901340	PROVIDER_UUID_CORRELATED	EA885C09-70D2-4849-B407-FD5CC0DE61D2	Javelin::BotTaskRadCapOnHitch	2514	COMMUNITY_REPORTED		CATALOG_NO_GETTER	2	0x1428F819A->0x146162150;0x1428F81A2->0x142901340
0x1428F83F6	0x1428F83B0	0x1428F843D	0x142901540	PROVIDER_UUID_CORRELATED	FE20A60D-54C7-43B3-AAF7-02F8F71A9583	Javelin::BotTaskRaidAction	305	COMMUNITY_REPORTED		CATALOG_NO_GETTER	2	0x1428F83BA->0x146162150;0x1428F83C2->0x142901540
0x1428F8DD6	0x1428F8D90	0x1428F8E1D	0x142901740	PROVIDER_UUID_CORRELATED	BB36B7FF-660A-4AA9-919A-AE5009696592	Javelin::BotTaskRandomizeMatchmakingRating	6391	COMMUNITY_REPORTED		CATALOG_NO_GETTER	2	0x1428F8D9A->0x146162150;0x1428F8DA2->0x142901740
0x1428F8E86	0x1428F8E40	0x1428F8ECD	0x142901940	PROVIDER_UUID_CORRELATED	749012C1-D9F9-49CB-89F3-8DF952967FF9	Javelin::BotTaskReadyUp	6825	COMMUNITY_REPORTED		CATALOG_NO_GETTER	2	0x1428F8E4A->0x146162150;0x1428F8E52->0x142901940
0x1428F8F36	0x1428F8EF0	0x1428F8F7D	0x142901B40	PROVIDER_UUID_CORRELATED	7FDC2E1D-315A-4552-A0A4-4F52E68B0DA1	Javelin::BotTaskRegisterToGroup	2516	COMMUNITY_REPORTED		CATALOG_NO_GETTER	2	0x1428F8EFA->0x146162150;0x1428F8F02->0x142901B40
0x142903656	0x142903610	0x14290369D	0x142917010	PROVIDER_UUID_CORRELATED	63B1028F-F1CC-4C6D-92E1-42EE4CFF13D2	Javelin::BotTaskSeasonsRewards	5702	COMMUNITY_REPORTED		CATALOG_NO_GETTER	2	0x14290361A->0x146162150;0x142903622->0x142917010
0x142903E46	0x142903E00	0x142903E8D	0x142917210	PROVIDER_UUID_CORRELATED	5A28865F-8769-4C98-A43B-531C76B9F51D	Javelin::BotTaskSelectWeapon	2523	COMMUNITY_REPORTED		CATALOG_NO_GETTER	2	0x142903E0A->0x146162150;0x142903E12->0x142917210
0x142907D56	0x142907D10	0x142907D9D	0x142916410	PROVIDER_UUID_CORRELATED	D57BF2F1-5DF9-4A59-A25A-678954EC9635	Javelin::BotTaskRemoveItems	1962	COMMUNITY_REPORTED		CATALOG_NO_GETTER	2	0x142907D1A->0x146162150;0x142907D22->0x142916410
0x142908056	0x142908010	0x14290809D	0x142916610	PROVIDER_UUID_CORRELATED	0A66D90C-3FC9-48A7-82D4-7895DA3DDB1D	Javelin::BotTaskRepairItem	2518	COMMUNITY_REPORTED		CATALOG_NO_GETTER	2	0x14290801A->0x146162150;0x142908022->0x142916610
0x1429082E6	0x1429082A0	0x14290832D	0x142916810	PROVIDER_UUID_CORRELATED	1EE7BCD0-61FA-48A5-B479-A184E7B1D648	Javelin::BotTaskResetEncounter	6861	COMMUNITY_REPORTED		CATALOG_NO_GETTER	2	0x1429082AA->0x146162150;0x1429082B2->0x142916810
0x14290A036	0x142909FF0	0x14290A07D	0x142916A10	PROVIDER_UUID_CORRELATED	AAE951C6-52F2-45DC-A0DE-8551986EE10E	Javelin::BotTaskRespawnWhenDead	337	COMMUNITY_REPORTED		CATALOG_NO_GETTER	2	0x142909FFA->0x146162150;0x14290A002->0x142916A10
0x14290A156	0x14290A110	0x14290A19D	0x142916C10	PROVIDER_UUID_CORRELATED	B250FADF-9F76-48D1-A21B-898352CDF843	Javelin::BotTaskRunBMS	314	COMMUNITY_REPORTED		CATALOG_NO_GETTER	2	0x14290A11A->0x146162150;0x14290A122->0x142916C10
0x14290A5B6	0x14290A570	0x14290A5FD	0x142916E10	PROVIDER_UUID_CORRELATED	099B2128-4652-4A2C-BB85-0FA8BCC5866F	Javelin::BotTaskSalvageItem	2522	COMMUNITY_REPORTED		CATALOG_NO_GETTER	2	0x14290A57A->0x146162150;0x14290A582->0x142916E10
0x142919406	0x1429193C0	0x14291944D	0x14291F270	PROVIDER_UUID_CORRELATED	1D639174-D21F-4C60-BAE3-53C06628A04B	Javelin::BotTaskSetDurability	6123	COMMUNITY_REPORTED		CATALOG_NO_GETTER	2	0x1429193CA->0x146162150;0x1429193D2->0x14291F270
0x1429194B6	0x142919470	0x1429194FD	0x14291F470	PROVIDER_UUID_CORRELATED	AB03BFAD-743B-438A-A806-2E902C58A56A	Javelin::BotTaskSetEntitlement	6128	COMMUNITY_REPORTED		CATALOG_NO_GETTER	2	0x14291947A->0x146162150;0x142919482->0x14291F470
0x142919566	0x142919520	0x1429195AD	0x14291F670	PROVIDER_UUID_CORRELATED	2EFED37E-4DAC-4233-AE78-8FF3D03B0789	Javelin::BotTaskSetGodMode	637	COMMUNITY_REPORTED		CATALOG_NO_GETTER	2	0x14291952A->0x146162150;0x142919532->0x14291F670
0x142919616	0x1429195D0	0x14291965D	0x14291F870	PROVIDER_UUID_CORRELATED	FCFA3544-9218-4702-9CE8-6180AA276B3B	Javelin::BotTaskSetGroupRegistryKey	2181	COMMUNITY_REPORTED		CATALOG_NO_GETTER	2	0x1429195DA->0x146162150;0x1429195E2->0x14291F870
0x14291A796	0x14291A750	0x14291A7DD	0x14291EC70	PROVIDER_UUID_CORRELATED	2E388B41-A9B4-4275-A995-615075BD641D	Javelin::BotTaskServerAttack	1864	COMMUNITY_REPORTED		CATALOG_NO_GETTER	2	0x14291A75A->0x146162150;0x14291A762->0x14291EC70
0x14291A8A6	0x14291A860	0x14291A8ED	0x14291EE70	PROVIDER_UUID_CORRELATED	4D41A525-1A19-4824-B732-B8DD65FB2E0A	Javelin::BotTaskServerAttackRanged	1302	COMMUNITY_REPORTED		CATALOG_NO_GETTER	2	0x14291A86A->0x146162150;0x14291A872->0x14291EE70
0x14291C0A6	0x14291C060	0x14291C0ED	0x14291F070	PROVIDER_UUID_CORRELATED	2F86BB7B-3397-4AE7-9B96-25A26FC41214	Javelin::BotTaskSetBackstory	2527	COMMUNITY_REPORTED		CATALOG_NO_GETTER	2	0x14291C06A->0x146162150;0x14291C072->0x14291F070
0x14291C596	0x14291C550	0x14291C5DD	0x14291EA70	PROVIDER_UUID_CORRELATED	B995FBA6-33DC-4E4F-9FBD-611A3C1EBDF9	Javelin::BotTaskSendChatMessage	2524	COMMUNITY_REPORTED		CATALOG_NO_GETTER	2	0x14291C55A->0x146162150;0x14291C562->0x14291EA70
0x142920B66	0x142920B20	0x142920BAD	0x142924B20	PROVIDER_UUID_CORRELATED	1110F680-4A2F-46CD-8C01-6969081632F9	Javelin::BotTaskSetMountType	5981	COMMUNITY_REPORTED		CATALOG_NO_GETTER	2	0x142920B2A->0x146162150;0x142920B32->0x142924B20
0x142921866	0x142921820	0x1429218AD	0x142924D20	PROVIDER_UUID_CORRELATED	DD6934FB-007C-40EB-8FB7-949A6F6F7ACA	Javelin::BotTaskSetProbation	5934	COMMUNITY_REPORTED		CATALOG_NO_GETTER	2	0x14292182A->0x146162150;0x142921832->0x142924D20
0x142921916	0x1429218D0	0x14292195D	0x142924F20	PROVIDER_UUID_CORRELATED	93192450-B6B3-4710-8EAA-38A77E8062F0	Javelin::BotTaskSetRegistryByName	1177	COMMUNITY_REPORTED		CATALOG_NO_GETTER	2	0x1429218DA->0x146162150;0x1429218E2->0x142924F20
0x1429219C6	0x142921980	0x142921A0D	0x142925120	PROVIDER_UUID_CORRELATED	53C2751C-773A-441C-80A7-58204D7DD230	Javelin::BotTaskSetRemoteBotRegistryValue	2528	COMMUNITY_REPORTED		CATALOG_NO_GETTER	2	0x14292198A->0x146162150;0x142921992->0x142925120
0x142921A76	0x142921A30	0x142921ABD	0x142924720	PROVIDER_UUID_CORRELATED	841780B4-FE49-4AD4-BB93-2BE0CD893A02	Javelin::BotTaskSetIgnoredByAI	2352	COMMUNITY_REPORTED		CATALOG_NO_GETTER	2	0x142921A3A->0x146162150;0x142921A42->0x142924720
0x142921B26	0x142921AE0	0x142921B6D	0x142924520	PROVIDER_UUID_CORRELATED	48F74516-3F58-40E4-8D1A-A3E7540FC53A	Javelin::BotTaskSetIgnoreDurabilityLoss	6116	COMMUNITY_REPORTED		CATALOG_NO_GETTER	2	0x142921AEA->0x146162150;0x142921AF2->0x142924520
0x142922826	0x1429227E0	0x14292286D	0x142924920	PROVIDER_UUID_CORRELATED	78E33A1B-55E2-43A1-B436-77AB3EDE3CF2	Javelin::BotTaskSetMountDebugSpeed	6263	COMMUNITY_REPORTED		CATALOG_NO_GETTER	2	0x1429227EA->0x146162150;0x1429227F2->0x142924920
0x142928216	0x1429281D0	0x14292825D	0x14292D6E0	PROVIDER_UUID_CORRELATED	61087E74-0534-4411-8032-3838C0769EED	Javelin::BotTaskStartEmote	2532	COMMUNITY_REPORTED		CATALOG_NO_GETTER	2	0x1429281DA->0x146162150;0x1429281E2->0x14292D6E0
0x142929156	0x142929110	0x14292919D	0x14292CEE0	PROVIDER_UUID_CORRELATED	500C151E-9FCA-4137-B827-901F5314D6C0	Javelin::BotTaskSetTradeSkill	5918	COMMUNITY_REPORTED		CATALOG_NO_GETTER	2	0x14292911A->0x146162150;0x142929122->0x14292CEE0
0x14292A1E6	0x14292A1A0	0x14292A22D	0x14292D8E0	PROVIDER_UUID_CORRELATED	CEBFE935-2910-45C5-951B-76C4977883C4	Javelin::BotTaskStorageSearch	7051	COMMUNITY_REPORTED		CATALOG_NO_GETTER	2	0x14292A1AA->0x146162150;0x14292A1B2->0x14292D8E0
0x14292A686	0x14292A640	0x14292A6CD	0x14292DAE0	PROVIDER_UUID_CORRELATED	E189A66C-C2DA-4F3F-98B4-A0EEA88DEC1A	Javelin::BotTaskSummonMount	6623	COMMUNITY_REPORTED		CATALOG_NO_GETTER	2	0x14292A64A->0x146162150;0x14292A652->0x14292DAE0
0x14292A736	0x14292A6F0	0x14292A77D	0x14292DCE0	PROVIDER_UUID_CORRELATED	3F8D82B8-1E5A-41F4-A6FA-A921665A3C47	Javelin::BotTaskSwitchLoadout	5506	COMMUNITY_REPORTED		CATALOG_NO_GETTER	2	0x14292A6FA->0x146162150;0x14292A702->0x14292DCE0
0x14292A7E6	0x14292A7A0	0x14292A82D	0x14292D0E0	PROVIDER_UUID_CORRELATED	CC19C828-B295-42D0-990B-E6348643EC81	Javelin::BotTaskSnapToNavMesh	5737	COMMUNITY_REPORTED		CATALOG_NO_GETTER	2	0x14292A7AA->0x146162150;0x14292A7B2->0x14292D0E0
0x14292A896	0x14292A850	0x14292A8DD	0x14292D2E0	PROVIDER_UUID_CORRELATED	C90E5496-BC40-4F79-A6B5-4C14DF683274	Javelin::BotTaskSocialDataScaleTest	2529	COMMUNITY_REPORTED		CATALOG_NO_GETTER	2	0x14292A85A->0x146162150;0x14292A862->0x14292D2E0
0x14292A946	0x14292A900	0x14292A98D	0x14292D4E0	PROVIDER_UUID_CORRELATED	9F624178-B944-4C69-9DD0-BA64981B2CAD	Javelin::BotTaskSpawnServerBot	2530	COMMUNITY_REPORTED		CATALOG_NO_GETTER	2	0x14292A90A->0x146162150;0x14292A912->0x14292D4E0
0x14292F3E6	0x14292F3A0	0x14292F42D	0x142934F90	PROVIDER_UUID_CORRELATED	EEB1FE8D-BCA0-431E-B45B-6F97F4E5726B	Javelin::BotTaskSyncGlobalRegistry	2326	COMMUNITY_REPORTED		CATALOG_NO_GETTER	2	0x14292F3AA->0x146162150;0x14292F3B2->0x142934F90
0x14292FE76	0x14292FE30	0x14292FEBD	0x142935190	PROVIDER_UUID_CORRELATED	4DFA2ABE-0532-48F9-82B0-7168C7A48F77	Javelin::BotTaskTakePerfSnapshot	4820	COMMUNITY_REPORTED		CATALOG_NO_GETTER	2	0x14292FE3A->0x146162150;0x14292FE42->0x142935190
0x1429304C6	0x142930480	0x14293050D	0x142935390	PROVIDER_UUID_CORRELATED	D79FF866-919B-4CC9-A7D5-6C9AF3C9ABF3	Javelin::BotTaskTakeRegionPerfSnapshot	6094	COMMUNITY_REPORTED		CATALOG_NO_GETTER	2	0x14293048A->0x146162150;0x142930492->0x142935390
0x1429308D6	0x142930890	0x14293091D	0x142935590	PROVIDER_UUID_CORRELATED	1D48D311-20DC-49F1-8331-5CD363621AE3	Javelin::BotTaskTeleport	6688	COMMUNITY_REPORTED		CATALOG_NO_GETTER	2	0x14293089A->0x146162150;0x1429308A2->0x142935590
0x1429309C6	0x142930980	0x142930A0D	0x142935790	PROVIDER_UUID_CORRELATED	F4A503D2-8FC5-4D0B-88E5-E3F334A2626B	Javelin::BotTaskToggleInventory	571	COMMUNITY_REPORTED		CATALOG_NO_GETTER	2	0x14293098A->0x146162150;0x142930992->0x142935790
0x142930A96	0x142930A50	0x142930ADD	0x142935990	PROVIDER_UUID_CORRELATED	EC1EDE94-5851-4244-BC79-2E9C567C93FA	Javelin::BotTaskToggleUIState	6102	COMMUNITY_REPORTED		CATALOG_NO_GETTER	2	0x142930A5A->0x146162150;0x142930A62->0x142935990
0x142930B46	0x142930B00	0x142930B8D	0x142935B90	PROVIDER_UUID_CORRELATED	F9A24423-6E8D-4B57-B725-395D68931012	Javelin::BotTaskTransactionsScaleTest	1133	COMMUNITY_REPORTED		CATALOG_NO_GETTER	2	0x142930B0A->0x146162150;0x142930B12->0x142935B90
0x142932196	0x142932150	0x1429321DD	0x142935F90	PROVIDER_UUID_CORRELATED	8A6BE672-3D7F-4A4B-9178-E83B68EBE5BE	Javelin::BotTaskTransmogEquipSkin	6001	COMMUNITY_REPORTED		CATALOG_NO_GETTER	2	0x14293215A->0x146162150;0x142932162->0x142935F90
0x142932246	0x142932200	0x14293228D	0x142936190	PROVIDER_UUID_CORRELATED	07A037B1-7A27-484F-A781-EDDBE1B99109	Javelin::BotTaskTransmogUnlockSkin	6000	COMMUNITY_REPORTED		CATALOG_NO_GETTER	2	0x14293220A->0x146162150;0x142932212->0x142936190
0x1429322F6	0x1429322B0	0x14293233D	0x142935D90	PROVIDER_UUID_CORRELATED	CD3513AB-E349-44BB-B953-A11109E5F6B4	Javelin::BotTaskTransmogConvertData	6003	COMMUNITY_REPORTED		CATALOG_NO_GETTER	2	0x1429322BA->0x146162150;0x1429322C2->0x142935D90
0x142936FA6	0x142936F60	0x142936FED	0x14293FF30	PROVIDER_UUID_CORRELATED	42949E31-484D-479B-B556-C1463A086BD9	Javelin::BotTaskUnequipItem	6004	COMMUNITY_REPORTED		CATALOG_NO_GETTER	2	0x142936F6A->0x146162150;0x142936F72->0x14293FF30
0x142937B56	0x142937B10	0x142937B9D	0x142940130	PROVIDER_UUID_CORRELATED	EA96BA37-6913-4104-A06D-D9F94919386B	Javelin::BotTaskUnlockAbility	2271	COMMUNITY_REPORTED		CATALOG_NO_GETTER	2	0x142937B1A->0x146162150;0x142937B22->0x142940130
0x142938C86	0x142938C40	0x142938CCD	0x142940330	PROVIDER_UUID_CORRELATED	E64DE26E-5A69-4B4B-9764-F549FA860805	Javelin::BotTaskUnlockAchievement	5987	COMMUNITY_REPORTED		CATALOG_NO_GETTER	2	0x142938C4A->0x146162150;0x142938C52->0x142940330
0x142938D36	0x142938CF0	0x142938D7D	0x142940530	PROVIDER_UUID_CORRELATED	41357C8A-DA4E-43F4-ABA2-5A05415A3B46	Javelin::BotTaskUnlockSteamAchievement	2533	COMMUNITY_REPORTED		CATALOG_NO_GETTER	2	0x142938CFA->0x146162150;0x142938D02->0x142940530
0x142938DE6	0x142938DA0	0x142938E2D	0x142940730	PROVIDER_UUID_CORRELATED	BE901503-9786-4B95-8E3A-26FB46FBF920	Javelin::BotTaskUnregisterFromGroup	5580	COMMUNITY_REPORTED		CATALOG_NO_GETTER	2	0x142938DAA->0x146162150;0x142938DB2->0x142940730
0x142939636	0x1429395F0	0x14293967D	0x142940930	PROVIDER_UUID_CORRELATED	2D252C6D-95E8-4EE9-BF81-059491623C03	Javelin::BotTaskUseItem	1017	COMMUNITY_REPORTED		CATALOG_NO_GETTER	2	0x1429395FA->0x146162150;0x142939602->0x142940930
0x142939726	0x1429396E0	0x14293976D	0x142940B30	PROVIDER_UUID_CORRELATED	AC0377A2-D266-44E1-81EF-73EC1E93D034	Javelin::BotTaskVerifyItemQuantity	1483	COMMUNITY_REPORTED		CATALOG_NO_GETTER	2	0x1429396EA->0x146162150;0x1429396F2->0x142940B30
0x142939BA6	0x142939B60	0x142939BED	0x14293FD30	PROVIDER_UUID_CORRELATED	5C0980F0-1996-4388-9C0D-1AEAA9024877	Javelin::BotTaskTurnTowards	4983	COMMUNITY_REPORTED		CATALOG_NO_GETTER	2	0x142939B6A->0x146162150;0x142939B72->0x14293FD30
0x1429414B6	0x142941470	0x1429414FD	0x142947C80	PROVIDER_UUID_CORRELATED	C98A6CFA-8999-4982-BEE8-7A3100D0D319	Javelin::BotTaskWarAction	2536	COMMUNITY_REPORTED		CATALOG_NO_GETTER	2	0x14294147A->0x146162150;0x142941482->0x142947C80
0x142941636	0x1429415F0	0x14294167D	0x142947880	PROVIDER_UUID_CORRELATED	914F2342-D20A-4419-B195-B809B72D3F70	Javelin::BotTaskWaitForGridLayer	2299	COMMUNITY_REPORTED		CATALOG_NO_GETTER	2	0x1429415FA->0x146162150;0x142941602->0x142947880
0x1429417C6	0x142941780	0x14294180D	0x142947A80	PROVIDER_UUID_CORRELATED	15296579-C5DC-42B8-A387-615FA815DF6A	Javelin::BotTaskWaitForGroup	2535	COMMUNITY_REPORTED		CATALOG_NO_GETTER	2	0x14294178A->0x146162150;0x142941792->0x142947A80
0x142943996	0x142943950	0x1429439DD	0x142947480	PROVIDER_UUID_CORRELATED	A44CE08B-9DE2-47FF-9CDC-5689B2A92469	Javelin::BotTaskWaitForAssetsToLoad	5048	COMMUNITY_REPORTED		CATALOG_NO_GETTER	2	0x14294395A->0x146162150;0x142943962->0x142947480
0x142943B76	0x142943B30	0x142943BBD	0x142947680	PROVIDER_UUID_CORRELATED	79919888-8BCD-4081-84AF-243EEF57B8F0	Javelin::BotTaskWaitForAttackFinish	4985	COMMUNITY_REPORTED		CATALOG_NO_GETTER	2	0x142943B3A->0x146162150;0x142943B42->0x142947680
0x142943C26	0x142943BE0	0x142943C6D	0x142947E80	PROVIDER_UUID_CORRELATED	FDB5A114-A4B3-462D-BF40-73FB66B36BB6	Javelin::BotTaskWarSignUp	2539	COMMUNITY_REPORTED		CATALOG_NO_GETTER	2	0x142943BEA->0x146162150;0x142943BF2->0x142947E80
0x142943CD6	0x142943C90	0x142943D1D	0x142948080	PROVIDER_UUID_CORRELATED	E66815B6-1FD6-11ED-861D-0242AC120002	Javelin::BotTaskWhisperReset	5392	COMMUNITY_REPORTED		CATALOG_NO_GETTER	2	0x142943C9A->0x146162150;0x142943CA2->0x142948080
0x14294C676	0x14294C630	0x14294C6BD	0x14296A390	PROVIDER_UUID_CORRELATED	83EDB623-A307-47CD-848D-B494901EA017	Javelin::ClientMessages::BotComponentServerFacet_ServerRegisterBot	2540	COMMUNITY_REPORTED		CATALOG_NO_GETTER	2	0x14294C63A->0x146162150;0x14294C642->0x14296A390
0x14294CC86	0x14294CC40	0x14294CCCD	0x142968D90	PROVIDER_UUID_CORRELATED	905B9FA3-0302-44E4-B50B-60955775CD9C	Javelin::ClientMessages::BotComponentServerFacet_ReceiveClientHeartbeatResponse	2542	COMMUNITY_REPORTED		CATALOG_NO_GETTER	2	0x14294CC4A->0x146162150;0x14294CC52->0x142968D90
0x14294D086	0x14294D040	0x14294D0CD	0x142969790	PROVIDER_UUID_CORRELATED	A5792DA8-C712-4F96-B45E-BDE28E30F076	Javelin::ClientMessages::BotComponentServerFacet_ReceiveRegisteredBotsRequestFromMyClient	1539	COMMUNITY_REPORTED		CATALOG_NO_GETTER	2	0x14294D04A->0x146162150;0x14294D052->0x142969790
0x14294D406	0x14294D3C0	0x14294D44D	0x142968B90	PROVIDER_UUID_CORRELATED	94620831-2ED9-4858-910F-6D935ADE9165	Javelin::ClientMessages::BotComponentServerFacet_ReceiveBotLocationRequestFromMyClient	2543	COMMUNITY_REPORTED		CATALOG_NO_GETTER	2	0x14294D3CA->0x146162150;0x14294D3D2->0x142968B90
0x14294D8B6	0x14294D870	0x14294D8FD	0x142969590	PROVIDER_UUID_CORRELATED	348BE46B-75DE-4B44-9AF1-906A5FCAB03A	Javelin::ClientMessages::BotComponentServerFacet_ReceiveMessageHistoryResponseFromMyClient	2146	COMMUNITY_REPORTED		CATALOG_NO_GETTER	2	0x14294D87A->0x146162150;0x14294D882->0x142969590
0x14294DC36	0x14294DBF0	0x14294DC7D	0x142969190	PROVIDER_UUID_CORRELATED	6A74FFE3-3813-45D4-A88B-CCBFB96F503E	Javelin::ClientMessages::BotComponentServerFacet_ReceiveMessageCountsResponseFromMyClient	2544	COMMUNITY_REPORTED		CATALOG_NO_GETTER	2	0x14294DBFA->0x146162150;0x14294DC02->0x142969190
0x14294E146	0x14294E100	0x14294E18D	0x142969390	PROVIDER_UUID_CORRELATED	2D463155-8EF4-40F1-B0DE-DB243A556104	Javelin::ClientMessages::BotComponentServerFacet_ReceiveMessageHistoryRequestFromMyClient	1052	COMMUNITY_REPORTED		CATALOG_NO_GETTER	2	0x14294E10A->0x146162150;0x14294E112->0x142969390
0x14294E466	0x14294E420	0x14294E4AD	0x142968F90	PROVIDER_UUID_CORRELATED	0E24650C-D6C9-4A4B-9E42-4E85389B65B1	Javelin::ClientMessages::BotComponentServerFacet_ReceiveMessageCountsRequestFromMyClient	2545	COMMUNITY_REPORTED		CATALOG_NO_GETTER	2	0x14294E42A->0x146162150;0x14294E432->0x142968F90
0x14294E706	0x14294E6C0	0x14294E74D	0x142969990	PROVIDER_UUID_CORRELATED	D1FC0D27-2B07-4E81-9A9F-4574FC1549B6	Javelin::ClientMessages::BotComponentServerFacet_RegisterBotForOrchestration	2547	COMMUNITY_REPORTED		CATALOG_NO_GETTER	2	0x14294E6CA->0x146162150;0x14294E6D2->0x142969990
0x14294E896	0x14294E850	0x14294E8DD	0x142967990	PROVIDER_UUID_CORRELATED	E19D370A-38DF-4130-B559-DE016C977A28	Javelin::ClientMessages::BotComponentServerFacet_CreateOrJoinDungeon	1192	COMMUNITY_REPORTED		CATALOG_NO_GETTER	2	0x14294E85A->0x146162150;0x14294E862->0x142967990
0x14294EE06	0x14294EDC0	0x14294EE4D	0x14296A790	PROVIDER_UUID_CORRELATED	6564170D-0777-44AC-9F5A-C6EC696FEA75	Javelin::ClientMessages::BotComponentServerFacet_UnregisterBotForOrchestration	2550	COMMUNITY_REPORTED		CATALOG_NO_GETTER	2	0x14294EDCA->0x146162150;0x14294EDD2->0x14296A790
0x14294EEB6	0x14294EE70	0x14294EEFD	0x142967F90	PROVIDER_UUID_CORRELATED	555EE379-6EC1-4019-A661-57BB30690389	Javelin::ClientMessages::BotComponentServerFacet_DestroyDungeon	2503	COMMUNITY_REPORTED		CATALOG_NO_GETTER	2	0x14294EE7A->0x146162150;0x14294EE82->0x142967F90
0x14294F056	0x14294F010	0x14294F09D	0x142967590	PROVIDER_UUID_CORRELATED	D5620E3F-7D21-4517-AEDC-9F498284B21B	Javelin::ClientMessages::BotComponentServerFacet_ClearAllBotGroups	5244	COMMUNITY_REPORTED		CATALOG_NO_GETTER	2	0x14294F01A->0x146162150;0x14294F022->0x142967590
0x14294F106	0x14294F0C0	0x14294F14D	0x142967B90	PROVIDER_UUID_CORRELATED	346CD95B-D143-43F3-B49E-702EED193D58	Javelin::ClientMessages::BotComponentServerFacet_DebugJoinDungeonQueue	4984	COMMUNITY_REPORTED		CATALOG_NO_GETTER	2	0x14294F0CA->0x146162150;0x14294F0D2->0x142967B90
0x14294F246	0x14294F200	0x14294F28D	0x142967190	PROVIDER_UUID_CORRELATED	8E10889E-84E7-4308-8EC3-71D74F0F2D69	Javelin::ClientMessages::BotComponentServerFacet_AutoGroup	2552	COMMUNITY_REPORTED		CATALOG_NO_GETTER	2	0x14294F20A->0x146162150;0x14294F212->0x142967190
0x14294F3E6	0x14294F3A0	0x14294F42D	0x142968790	PROVIDER_UUID_CORRELATED	021A0E5E-3561-42DE-A731-F36A368344B7	Javelin::ClientMessages::BotComponentServerFacet_OrchestrationOnTaskCompletion	912	COMMUNITY_REPORTED		CATALOG_NO_GETTER	2	0x14294F3AA->0x146162150;0x14294F3B2->0x142968790
0x14294F516	0x14294F4D0	0x14294F55D	0x14296A590	PROVIDER_UUID_CORRELATED	14B18DDC-EF37-4741-8734-6B3E47C72494	Javelin::ClientMessages::BotComponentServerFacet_SetGroupRegistryValue	2553	COMMUNITY_REPORTED		CATALOG_NO_GETTER	2	0x14294F4DA->0x146162150;0x14294F4E2->0x14296A590
0x1429502E6	0x1429502A0	0x14295032D	0x142964B90	PROVIDER_UUID_CORRELATED	A16B0BEA-38F6-4549-BF9B-431192025093	Javelin::ClientMessages::BotComponentClientFacet_ClSetRegistryValueString	2555	COMMUNITY_REPORTED		CATALOG_NO_GETTER	2	0x1429502AA->0x146162150;0x1429502B2->0x142964B90
0x142950C16	0x142950BD0	0x142950C5D	0x142964D90	PROVIDER_UUID_CORRELATED	6DFE707C-047D-4D50-9DE4-E6720EE376CC	Javelin::ClientMessages::BotComponentClientFacet_ClSetRegistryValueVector	864	COMMUNITY_REPORTED		CATALOG_NO_GETTER	2	0x142950BDA->0x146162150;0x142950BE2->0x142964D90
0x142950FE6	0x142950FA0	0x14295102D	0x142964990	PROVIDER_UUID_CORRELATED	BD4AE7D1-B0FC-4045-89B3-E33AC772D7D6	Javelin::ClientMessages::BotComponentClientFacet_ClSetRegistryValueGDERef	2560	COMMUNITY_REPORTED		CATALOG_NO_GETTER	2	0x142950FAA->0x146162150;0x142950FB2->0x142964990
0x142951676	0x142951630	0x1429516BD	0x142964790	PROVIDER_UUID_CORRELATED	C77FDF7F-5119-4517-8E2F-8BA13F628F0A	Javelin::ClientMessages::BotComponentClientFacet_ClHeartbeatRequest	270	COMMUNITY_REPORTED		CATALOG_NO_GETTER	2	0x14295163A->0x146162150;0x142951642->0x142964790
0x142951876	0x142951830	0x1429518BD	0x142966790	PROVIDER_UUID_CORRELATED	0B87E3AE-D6AD-4A9D-8DA2-3595A3F61880	Javelin::ClientMessages::BotComponentClientFacet_ReceiveRegisteredBotsResponse	2426	COMMUNITY_REPORTED		CATALOG_NO_GETTER	2	0x14295183A->0x146162150;0x142951842->0x142966790
0x142951926	0x1429518E0	0x14295196D	0x142964F90	PROVIDER_UUID_CORRELATED	F26260DD-2E95-467E-9AA4-DDE4F47C3D6D	Javelin::ClientMessages::BotComponentClientFacet_ClientCheckGuildNameAvailableResponse	2569	COMMUNITY_REPORTED		CATALOG_NO_GETTER	2	0x1429518EA->0x146162150;0x1429518F2->0x142964F90
0x142951B16	0x142951AD0	0x142951B5D	0x142966590	PROVIDER_UUID_CORRELATED	D85C0AF3-5D22-4C74-9703-8E0959DB2803	Javelin::ClientMessages::BotComponentClientFacet_ReceiveBotLocationResponse	2561	COMMUNITY_REPORTED		CATALOG_NO_GETTER	2	0x142951ADA->0x146162150;0x142951AE2->0x142966590
0x142951BC6	0x142951B80	0x142951C0D	0x142965190	PROVIDER_UUID_CORRELATED	FA1AB756-6136-4FCD-9B6C-AD0B6954648A	Javelin::ClientMessages::BotComponentClientFacet_ClientCreateGuildResponse	2574	COMMUNITY_REPORTED		CATALOG_NO_GETTER	2	0x142951B8A->0x146162150;0x142951B92->0x142965190
0x142951C76	0x142951C30	0x142951CBD	0x142966D90	PROVIDER_UUID_CORRELATED	7E3D0C34-C6D0-43B5-BDFC-6F4E91E3DE5F	Javelin::ClientMessages::BotComponentClientFacet_ReceiveServerMessageHistoryRequest	2563	COMMUNITY_REPORTED		CATALOG_NO_GETTER	2	0x142951C3A->0x146162150;0x142951C42->0x142966D90
0x142951D26	0x142951CE0	0x142951D6D	0x142965990	PROVIDER_UUID_CORRELATED	958AE131-C8B7-4283-AE90-BCF2763F619A	Javelin::ClientMessages::BotComponentClientFacet_ClientGetGuildResponse	764	COMMUNITY_REPORTED		CATALOG_NO_GETTER	2	0x142951CEA->0x146162150;0x142951CF2->0x142965990
0x1429520E6	0x1429520A0	0x14295212D	0x142966F90	PROVIDER_UUID_CORRELATED	BD7C4F28-1082-4BE3-B03C-D6746ADF0D38	Javelin::ClientMessages::BotComponentClientFacet_ReceiveServerMessageHistoryResponse	2272	COMMUNITY_REPORTED		CATALOG_NO_GETTER	2	0x1429520AA->0x146162150;0x1429520B2->0x142966F90
0x142952216	0x1429521D0	0x14295225D	0x142966390	PROVIDER_UUID_CORRELATED	B97A8B5C-D6E1-4381-8602-AF5B83DB9C74	Javelin::ClientMessages::BotComponentClientFacet_ClientPatchGuildResponse	2578	COMMUNITY_REPORTED		CATALOG_NO_GETTER	2	0x1429521DA->0x146162150;0x1429521E2->0x142966390
0x1429528D6	0x142952890	0x14295291D	0x142966990	PROVIDER_UUID_CORRELATED	5B967998-096A-470D-AE36-274DBAE457A1	Javelin::ClientMessages::BotComponentClientFacet_ReceiveServerMessageCountsRequest	2564	COMMUNITY_REPORTED		CATALOG_NO_GETTER	2	0x14295289A->0x146162150;0x1429528A2->0x142966990
0x142952A06	0x1429529C0	0x142952A4D	0x142965390	PROVIDER_UUID_CORRELATED	0BE33FAB-78B6-48EB-8E34-DB0DA72B8550	Javelin::ClientMessages::BotComponentClientFacet_ClientDeleteGuildResponse	2579	COMMUNITY_REPORTED		CATALOG_NO_GETTER	2	0x1429529CA->0x146162150;0x1429529D2->0x142965390
0x142952C56	0x142952C10	0x142952C9D	0x142966B90	PROVIDER_UUID_CORRELATED	321F3792-D289-47EB-9766-1E616E47AF0C	Javelin::ClientMessages::BotComponentClientFacet_ReceiveServerMessageCountsResponse	2565	COMMUNITY_REPORTED		CATALOG_NO_GETTER	2	0x142952C1A->0x146162150;0x142952C22->0x142966B90
0x142952D06	0x142952CC0	0x142952D4D	0x142967390	PROVIDER_UUID_CORRELATED	AB628D07-74E4-494B-96D2-2CCCEB174853	Javelin::ClientMessages::BotComponentServerFacet_CheckGuildNameAvailable	995	COMMUNITY_REPORTED		CATALOG_NO_GETTER	2	0x142952CCA->0x146162150;0x142952CD2->0x142967390
0x142952DB6	0x142952D70	0x142952DFD	0x142964590	PROVIDER_UUID_CORRELATED	67458CBB-EE3B-4B12-A92C-1EBBFDDF2BCA	Javelin::ClientMessages::BotComponentClientFacet_ClDebugSpawnSliceCallback	732	COMMUNITY_REPORTED		CATALOG_NO_GETTER	2	0x142952D7A->0x146162150;0x142952D82->0x142964590
0x142952FC6	0x142952F80	0x14295300D	0x142967790	PROVIDER_UUID_CORRELATED	022FA4AD-62DD-4961-AB03-524FC8AF79CC	Javelin::ClientMessages::BotComponentServerFacet_CreateGuild	2585	COMMUNITY_REPORTED		CATALOG_NO_GETTER	2	0x142952F8A->0x146162150;0x142952F92->0x142967790
0x1429530B6	0x142953070	0x1429530FD	0x142968590	PROVIDER_UUID_CORRELATED	E02F3000-4F92-42CA-B4A0-A5B286FAFB63	Javelin::ClientMessages::BotComponentServerFacet_GetGuild	375	COMMUNITY_REPORTED		CATALOG_NO_GETTER	2	0x14295307A->0x146162150;0x142953082->0x142968590
0x142953226	0x1429531E0	0x14295326D	0x142968990	PROVIDER_UUID_CORRELATED	8112D766-5F3A-489D-AFC2-94EE4C069E98	Javelin::ClientMessages::BotComponentServerFacet_PatchGuild	1012	COMMUNITY_REPORTED		CATALOG_NO_GETTER	2	0x1429531EA->0x146162150;0x1429531F2->0x142968990
0x142953906	0x1429538C0	0x14295394D	0x142967D90	PROVIDER_UUID_CORRELATED	E85BEFA7-122D-4922-A3AC-8E2AF3D60FA6	Javelin::ClientMessages::BotComponentServerFacet_DeleteGuild	2347	COMMUNITY_REPORTED		CATALOG_NO_GETTER	2	0x1429538CA->0x146162150;0x1429538D2->0x142967D90
0x142953F46	0x142953F00	0x142953F8D	0x142968190	PROVIDER_UUID_CORRELATED	9B0A280F-5F54-461A-8B52-B04AB95C0EE1	Javelin::ClientMessages::BotComponentServerFacet_GetByContent	1776	COMMUNITY_REPORTED		CATALOG_NO_GETTER	2	0x142953F0A->0x146162150;0x142953F12->0x142968190
0x1429543A6	0x142954360	0x1429543ED	0x142965590	PROVIDER_UUID_CORRELATED	D354D5A9-A9BD-420E-8954-425F224E44F4	Javelin::ClientMessages::BotComponentClientFacet_ClientGetByContentResponse	2592	COMMUNITY_REPORTED		CATALOG_NO_GETTER	2	0x14295436A->0x146162150;0x142954372->0x142965590
0x1429547F6	0x1429547B0	0x14295483D	0x142968390	PROVIDER_UUID_CORRELATED	265C5418-0DA1-4C66-B175-E70C7BE2F3A3	Javelin::ClientMessages::BotComponentServerFacet_GetByOrdering	2594	COMMUNITY_REPORTED		CATALOG_NO_GETTER	2	0x1429547BA->0x146162150;0x1429547C2->0x142968390
0x142954A96	0x142954A50	0x142954ADD	0x142965790	PROVIDER_UUID_CORRELATED	CF5523B0-333F-4269-AA40-8A0286CE6792	Javelin::ClientMessages::BotComponentClientFacet_ClientGetByOrderingResponse	2159	COMMUNITY_REPORTED		CATALOG_NO_GETTER	2	0x142954A5A->0x146162150;0x142954A62->0x142965790
0x142956C56	0x142956C10	0x142956C9D	0x14296A990	PROVIDER_UUID_CORRELATED	4182ABFC-3C5F-4444-B0BE-EABDC92AFD76	Javelin::BotTaskConcatenate	6011	COMMUNITY_REPORTED		CATALOG_NO_GETTER	2	0x142956C1A->0x146162150;0x142956C22->0x14296A990
0x142957046	0x142957000	0x14295708D	0x14296AB90	PROVIDER_UUID_CORRELATED	6B2D6CE1-390E-4F65-AD47-D2528220CFB5	Javelin::BotTaskMath	6069	COMMUNITY_REPORTED		CATALOG_NO_GETTER	2	0x14295700A->0x146162150;0x142957012->0x14296AB90
0x142957BC6	0x142957B80	0x142957C0D	0x14296AD90	PROVIDER_UUID_CORRELATED	518968C5-6D00-4973-B7AF-FC5244CFB66D	Javelin::BotTaskSetRegistryByItemNameFilter	6025	COMMUNITY_REPORTED		CATALOG_NO_GETTER	2	0x142957B8A->0x146162150;0x142957B92->0x14296AD90
0x1429581B6	0x142958170	0x1429581FD	0x142965B90	PROVIDER_UUID_CORRELATED	DC4DDC55-32B3-4409-B2DB-EC098CFDAA70	Javelin::ClientMessages::BotComponentClientFacet_ClientOnGetCharacterResponse	2598	COMMUNITY_REPORTED		CATALOG_NO_GETTER	2	0x14295817A->0x146162150;0x142958182->0x142965B90
0x1429583D6	0x142958390	0x14295841D	0x142965F90	PROVIDER_UUID_CORRELATED	8FBE8EB1-E36D-49B0-9734-FD70AE904CF4	Javelin::ClientMessages::BotComponentClientFacet_ClientOnPublishCharacterMetadataResponse	2599	COMMUNITY_REPORTED		CATALOG_NO_GETTER	2	0x14295839A->0x146162150;0x1429583A2->0x142965F90
0x1429588A6	0x142958860	0x1429588ED	0x142966190	PROVIDER_UUID_CORRELATED	067254D2-C168-4BCA-82D9-A82C72813305	Javelin::ClientMessages::BotComponentClientFacet_ClientOnPublishCharacterSocialDataResponse	278	COMMUNITY_REPORTED		CATALOG_NO_GETTER	2	0x14295886A->0x146162150;0x142958872->0x142966190
0x142959006	0x142958FC0	0x14295904D	0x142965D90	PROVIDER_UUID_CORRELATED	740C7C1A-BCFD-49FE-9DED-B4C5A6AFC449	Javelin::ClientMessages::BotComponentClientFacet_ClientOnNamePrefixSearchResponse	2600	COMMUNITY_REPORTED		CATALOG_NO_GETTER	2	0x142958FCA->0x146162150;0x142958FD2->0x142965D90
0x142959276	0x142959230	0x1429592BD	0x142969B90	PROVIDER_UUID_CORRELATED	DEBA9C71-8B15-43C4-95AC-56486FF78186	Javelin::ClientMessages::BotComponentServerFacet_ServerGetCharacterData	2601	COMMUNITY_REPORTED		CATALOG_NO_GETTER	2	0x14295923A->0x146162150;0x142959242->0x142969B90
0x1429594B6	0x142959470	0x1429594FD	0x142969F90	PROVIDER_UUID_CORRELATED	6BD1DCBB-1435-46BD-BDF0-54BE4D17BD85	Javelin::ClientMessages::BotComponentServerFacet_ServerPublishCharacterMetadata	2301	COMMUNITY_REPORTED		CATALOG_NO_GETTER	2	0x14295947A->0x146162150;0x142959482->0x142969F90
0x142959B96	0x142959B50	0x142959BDD	0x14296A190	PROVIDER_UUID_CORRELATED	219C4973-7786-4736-8851-1469775B2460	Javelin::ClientMessages::BotComponentServerFacet_ServerPublishCharacterSocialData	2086	COMMUNITY_REPORTED		CATALOG_NO_GETTER	2	0x142959B5A->0x146162150;0x142959B62->0x14296A190
0x142959E26	0x142959DE0	0x142959E6D	0x142969D90	PROVIDER_UUID_CORRELATED	D9B0754A-DE87-40ED-96AB-CAFE92BCD1B6	Javelin::ClientMessages::BotComponentServerFacet_ServerNamePrefixSearch	1969	COMMUNITY_REPORTED		CATALOG_NO_GETTER	2	0x142959DEA->0x146162150;0x142959DF2->0x142969D90
0x142971206	0x1429711C0	0x14297124D	0x142989C70	PROVIDER_UUID_CORRELATED	FFABCADB-4B64-41C2-B159-A3A6980F44D0	MB::BuildableGridComponentReplicatedState	2134	COMMUNITY_REPORTED		CATALOG_NO_GETTER	2	0x1429711CA->0x146162150;0x1429711D2->0x142989C70
0x142972756	0x142972710	0x14297279D	0x142989A70	PROVIDER_UUID_CORRELATED	F9406198-10AE-4F53-99BA-17A6CE1352DF	Javelin::ClientMessages::BotComponentServerFacet_InitTransaction	2065	COMMUNITY_REPORTED		CATALOG_NO_GETTER	2	0x14297271A->0x146162150;0x142972722->0x142989A70
0x14299F486	0x14299F440	0x14299F4CD	0x1429ABA50	PROVIDER_UUID_CORRELATED	FD76960F-A33B-49B4-91C3-18A85B57BE2E	Javelin::IBuildableGridListener	2110	COMMUNITY_REPORTED		CATALOG_NO_GETTER	2	0x14299F44A->0x146162150;0x14299F452->0x1429ABA50
0x14299F536	0x14299F4F0	0x14299F57D	0x1429ABC50	PROVIDER_UUID_CORRELATED	B0F3F3CB-C26F-4587-8C15-2B3989528731	Javelin::IBuilderNotifications	189	COMMUNITY_REPORTED		CATALOG_NO_GETTER	2	0x14299F4FA->0x146162150;0x14299F502->0x1429ABC50
0x14299F5E6	0x14299F5A0	0x14299F62D	0x1429ABE50	PROVIDER_UUID_CORRELATED	EAE37835-E282-46CC-99A0-81C6BC53CEEA	MB::PlacementObstructionComponentReplicatedState	2187	COMMUNITY_REPORTED		CATALOG_NO_GETTER	2	0x14299F5AA->0x146162150;0x14299F5B2->0x1429ABE50
0x1429B3D76	0x1429B3D30	0x1429B3DBD	0x1429BA570	PROVIDER_UUID_CORRELATED	BF690B34-E35B-4ABA-A8D7-34B4C4764949	Javelin::StructureCreatorInfo	1686	COMMUNITY_REPORTED		CATALOG_NO_GETTER	2	0x1429B3D3A->0x146162150;0x1429B3D42->0x1429BA570
0x1429B3E26	0x1429B3DE0	0x1429B3E6D	0x1429BA770	PROVIDER_UUID_CORRELATED	E6FDA4D3-E8E0-41E5-97C5-21D8EAF0FEEA	Javelin::TerritoryDataMessageHandler	6502	COMMUNITY_REPORTED		CATALOG_NO_GETTER	2	0x1429B3DEA->0x146162150;0x1429B3DF2->0x1429BA770
0x1429BF876	0x1429BF830	0x1429BF8BD	0x1429F9400	PROVIDER_UUID_CORRELATED	D6E566ED-C562-4940-BB3E-F3BC3699DB76	MB::TerritoryInterfaceComponentReplicatedState	1746	COMMUNITY_REPORTED		CATALOG_NO_GETTER	2	0x1429BF83A->0x146162150;0x1429BF842->0x1429F9400
0x1429C0D56	0x1429C0D10	0x1429C0D9D	0x1429F8400	PROVIDER_UUID_CORRELATED	42C83439-DF39-4898-A054-B06A56D22505	Javelin::ClientMessages::ActionConditionCacheComponentServerFacet_SetCachingDisabled	2234	COMMUNITY_REPORTED		CATALOG_NO_GETTER	2	0x1429C0D1A->0x146162150;0x1429C0D22->0x1429F8400
0x1429C1446	0x1429C1400	0x1429C148D	0x1429F8C00	PROVIDER_UUID_CORRELATED	11783D24-A758-4061-91BC-A3A5DAFE0105	Javelin::ClientMessages::TerritoryDetectorComponentServerFacet_AttemptTerritoryUnlock	2297	COMMUNITY_REPORTED		CATALOG_NO_GETTER	2	0x1429C140A->0x146162150;0x1429C1412->0x1429F8C00
0x1429C1746	0x1429C1700	0x1429C178D	0x1429F8A00	PROVIDER_UUID_CORRELATED	8979AFE6-8195-46C7-96FF-CE28785678F0	Javelin::ClientMessages::TerritoryDetectorComponentServerFacet_AttemptTerritoryExit	6416	COMMUNITY_REPORTED		CATALOG_NO_GETTER	2	0x1429C170A->0x146162150;0x1429C1712->0x1429F8A00
0x1429C18E6	0x1429C18A0	0x1429C192D	0x1429F8800	PROVIDER_UUID_CORRELATED	C88A484B-D263-4DF5-9083-41123ACEB7C1	Javelin::ClientMessages::TerritoryDetectorComponentClientFacet_OnReceiveServerDebugData	2690	COMMUNITY_REPORTED		CATALOG_NO_GETTER	2	0x1429C18AA->0x146162150;0x1429C18B2->0x1429F8800
0x1429C1CC6	0x1429C1C80	0x1429C1D0D	0x1429F9200	PROVIDER_UUID_CORRELATED	D0B64BD4-9D9C-4876-B61D-9B02337E5C5F	Javelin::ClientMessages::TerritoryDetectorComponentServerFacet_DebugRequestServerData	2692	COMMUNITY_REPORTED		CATALOG_NO_GETTER	2	0x1429C1C8A->0x146162150;0x1429C1C92->0x1429F9200
0x1429C1E66	0x1429C1E20	0x1429C1EAD	0x1429F8E00	PROVIDER_UUID_CORRELATED	9EE4E47D-8AC5-4914-8D2D-EAD7C213700E	Javelin::ClientMessages::TerritoryDetectorComponentServerFacet_DEBUG_ClaimCurrentTerritory	2696	COMMUNITY_REPORTED		CATALOG_NO_GETTER	2	0x1429C1E2A->0x146162150;0x1429C1E32->0x1429F8E00
0x1429C2006	0x1429C1FC0	0x1429C204D	0x1429F9000	PROVIDER_UUID_CORRELATED	29E1849E-ADB0-45D5-BD5D-AFB096104185	Javelin::ClientMessages::TerritoryDetectorComponentServerFacet_DEBUG_UnclaimCurrentTerritory	5081	COMMUNITY_REPORTED		CATALOG_NO_GETTER	2	0x1429C1FCA->0x146162150;0x1429C1FD2->0x1429F9000
0x142A14A66	0x142A14A20	0x142A14AAD	0x142A26E20	PROVIDER_UUID_CORRELATED	04F74C66-AF5E-43FF-8F1C-AD26D73C766E	Javelin::ActionState	2247	COMMUNITY_REPORTED		CATALOG_NO_GETTER	2	0x142A14A2A->0x146162150;0x142A14A32->0x142A26E20
0x142A32B76	0x142A32B30	0x142A32BBD	0x142A3C2F0	PROVIDER_UUID_CORRELATED	01B0664B-3AB6-44A6-87E3-8C69D40E0365	MB::ALCReplicatedState	11	COMMUNITY_REPORTED		CATALOG_NO_GETTER	2	0x142A32B3A->0x146162150;0x142A32B42->0x142A3C2F0
0x142A55406	0x142A553C0	0x142A5544D	0x142A61EE0	PROVIDER_UUID_CORRELATED	999C7AB3-2FB7-4F47-A51A-88AB3126A560	Javelin::IClientValidationResponseHandler	1752	COMMUNITY_REPORTED		CATALOG_NO_GETTER	2	0x142A553CA->0x146162150;0x142A553D2->0x142A61EE0
0x142A56456	0x142A56410	0x142A5649D	0x142A620E0	PROVIDER_UUID_CORRELATED	C3AB71F9-3530-41A2-8EDC-A417400F5532	Javelin::ClientMessages::PlayerSettingsComponentServerFacet_ReceiveSettingsFromClient	2515	COMMUNITY_REPORTED		CATALOG_NO_GETTER	2	0x142A5641A->0x146162150;0x142A56422->0x142A620E0
0x142CA9616	0x142CA95D0	0x142CA965D	0x142CC5430	PROVIDER_UUID_CORRELATED	56985FA2-5902-4C74-A879-C8C0F30AD569	Javelin::PvPSpectatorCamControllerReplicatedState	6817	COMMUNITY_REPORTED		CATALOG_NO_GETTER	2	0x142CA95DA->0x146162150;0x142CA95E2->0x142CC5430
0x142CA97B6	0x142CA9770	0x142CA97FD	0x142CC5230	PROVIDER_UUID_CORRELATED	F4DAAE0B-605F-4C51-A879-BDE7018BB266	Javelin::ClientMessages::PvPSpectatorCamControllerComponentServerFacet_RequestStopSpectating	6845	COMMUNITY_REPORTED		CATALOG_NO_GETTER	2	0x142CA977A->0x146162150;0x142CA9782->0x142CC5230
0x142CD03D6	0x142CD0390	0x142CD041D	0x142D06ED0	PROVIDER_UUID_CORRELATED	4F234D55-188D-4A7D-A10A-02209FDBCEB6	Javelin::ClientMessages::GlobalStorageComponentServerFacet_RequestSearchStorage	7044	COMMUNITY_REPORTED		CATALOG_NO_GETTER	2	0x142CD039A->0x146162150;0x142CD03A2->0x142D06ED0
0x142CD0486	0x142CD0440	0x142CD04CD	0x142D06AD0	PROVIDER_UUID_CORRELATED	D1836B76-8685-490A-86EB-E34E042E45F6	Javelin::ClientMessages::GlobalStorageComponentServerFacet_RemoveSimpleItemFromSearchResults	7045	COMMUNITY_REPORTED		CATALOG_NO_GETTER	2	0x142CD044A->0x146162150;0x142CD0452->0x142D06AD0
0x142CD0746	0x142CD0700	0x142CD078D	0x142D04AD0	PROVIDER_UUID_CORRELATED	17C14DDE-DE0E-40AF-9941-85E973908200	Javelin::CameraPositionListener	2856	COMMUNITY_REPORTED		CATALOG_NO_GETTER	2	0x142CD070A->0x146162150;0x142CD0712->0x142D04AD0
0x142CD07F6	0x142CD07B0	0x142CD083D	0x142D06CD0	PROVIDER_UUID_CORRELATED	86D7F8ED-FE89-4FA8-BD96-4256922EF2C8	Javelin::ClientMessages::GlobalStorageComponentServerFacet_RequestReplicateStorageSearchResults	7039	COMMUNITY_REPORTED		CATALOG_NO_GETTER	2	0x142CD07BA->0x146162150;0x142CD07C2->0x142D06CD0
0x142CD0B96	0x142CD0B50	0x142CD0BDD	0x142D078D0	PROVIDER_UUID_CORRELATED	19CBD835-0001-46B9-9E80-E326C5ED3CC0	Javelin::ClientMessages::PlayerPositionTrackingComponentServerFacet_RequestAISpawnManagerDespawn	6635	COMMUNITY_REPORTED		CATALOG_NO_GETTER	2	0x142CD0B5A->0x146162150;0x142CD0B62->0x142D078D0
0x142CD0DF6	0x142CD0DB0	0x142CD0E3D	0x142D064D0	PROVIDER_UUID_CORRELATED	3FF24091-7E75-492C-A165-F9A21A7F3893	Javelin::ClientMessages::GlobalStorageComponentServerFacet_DebugRequestItemLocations	7042	COMMUNITY_REPORTED		CATALOG_NO_GETTER	2	0x142CD0DBA->0x146162150;0x142CD0DC2->0x142D064D0
0x142CD0EA6	0x142CD0E60	0x142CD0EED	0x142D076D0	PROVIDER_UUID_CORRELATED	6EB512FD-DA31-4243-82AE-FB8903E9EA77	Javelin::ClientMessages::PlayerPositionTrackingComponentServerFacet_RequestAISpawnManagerDebugInfo	2780	COMMUNITY_REPORTED		CATALOG_NO_GETTER	2	0x142CD0E6A->0x146162150;0x142CD0E72->0x142D076D0
0x142CD1366	0x142CD1320	0x142CD13AD	0x142D052D0	PROVIDER_UUID_CORRELATED	43C02002-6344-450C-8237-93CDD8FDDCDC	Javelin::ClientMessages::GlobalStorageComponentClientFacet_ReceiveStorageSearchResults	7046	COMMUNITY_REPORTED		CATALOG_NO_GETTER	2	0x142CD132A->0x146162150;0x142CD1332->0x142D052D0
0x142CD1686	0x142CD1640	0x142CD16CD	0x142D074D0	PROVIDER_UUID_CORRELATED	116E16F3-7E45-47A5-A8FC-12C96F2FF823	Javelin::ClientMessages::PlayerPositionTrackingComponentClientFacet_ReceiveAISpawnManagerDebugInfo	357	COMMUNITY_REPORTED		CATALOG_NO_GETTER	2	0x142CD164A->0x146162150;0x142CD1652->0x142D074D0
0x142CD1826	0x142CD17E0	0x142CD186D	0x142D04ED0	PROVIDER_UUID_CORRELATED	955DF21D-A8EC-4380-8226-396DDBFAA946	Javelin::ClientMessages::GlobalStorageComponentClientFacet_OnStorageSearchResponseReady	7047	COMMUNITY_REPORTED		CATALOG_NO_GETTER	2	0x142CD17EA->0x146162150;0x142CD17F2->0x142D04ED0
0x142CD1A36	0x142CD19F0	0x142CD1A7D	0x142D050D0	PROVIDER_UUID_CORRELATED	AA0A0B64-475A-4828-A050-7B1A3F045493	Javelin::ClientMessages::GlobalStorageComponentClientFacet_ReceiveStorageSearchItems	7048	COMMUNITY_REPORTED	0x142D050D0	CATALOG_GETTER_MATCH	2	0x142CD19FA->0x146162150;0x142CD1A02->0x142D050D0
0x142CD1F66	0x142CD1F20	0x142CD1FAD	0x142D04CD0	PROVIDER_UUID_CORRELATED	472254C6-2DCE-459E-AD88-96A57214C9E6	Javelin::ClientMessages::GlobalStorageComponentClientFacet_DebugReceiveItemLocations	7043	COMMUNITY_REPORTED		CATALOG_NO_GETTER	2	0x142CD1F2A->0x146162150;0x142CD1F32->0x142D04CD0
0x142CD5946	0x142CD5900	0x142CD598D	0x142D054D0	PROVIDER_UUID_CORRELATED	37F7555D-8476-410A-9753-850945075374	MB::GlobalStorageComponentReplicatedState	2938	COMMUNITY_REPORTED		CATALOG_NO_GETTER	2	0x142CD590A->0x146162150;0x142CD5912->0x142D054D0
0x142CD72A6	0x142CD7260	0x142CD72ED	0x142D068D0	PROVIDER_UUID_CORRELATED	D04439FF-481E-41E9-A7D7-0433FF423CDA	Javelin::ClientMessages::GlobalStorageComponentServerFacet_DebugRequestReplicateAllStorage	2933	COMMUNITY_REPORTED		CATALOG_NO_GETTER	2	0x142CD726A->0x146162150;0x142CD7272->0x142D068D0
0x142CD75A6	0x142CD7560	0x142CD75ED	0x142D066D0	PROVIDER_UUID_CORRELATED	6AE40F9C-00FA-4345-A7A3-021D29BA4BEB	Javelin::ClientMessages::GlobalStorageComponentServerFacet_DebugRequestOpenStorageSession	2935	COMMUNITY_REPORTED		CATALOG_NO_GETTER	2	0x142CD756A->0x146162150;0x142CD7572->0x142D066D0
0x142CD7826	0x142CD77E0	0x142CD786D	0x142D05AD0	PROVIDER_UUID_CORRELATED	DBCDB054-AD79-4ABE-A29D-80247AC380B9	Javelin::ClientMessages::GlobalStorageComponentServerFacet_DebugClearAllStorage	2937	COMMUNITY_REPORTED		CATALOG_NO_GETTER	2	0x142CD77EA->0x146162150;0x142CD77F2->0x142D05AD0
0x142CD7D46	0x142CD7D00	0x142CD7D8D	0x142D05CD0	PROVIDER_UUID_CORRELATED	7BAFD6A5-531B-4445-975B-440C0B85403F	Javelin::ClientMessages::GlobalStorageComponentServerFacet_DebugClearStorage	7000	COMMUNITY_REPORTED		CATALOG_NO_GETTER	2	0x142CD7D0A->0x146162150;0x142CD7D12->0x142D05CD0
0x142CD7FD6	0x142CD7F90	0x142CD801D	0x142D058D0	PROVIDER_UUID_CORRELATED	46D78318-C20E-4CB8-B4A9-7206B550876C	Javelin::ClientMessages::GlobalStorageComponentServerFacet_DebugCheckMergedStorage	6148	COMMUNITY_REPORTED		CATALOG_NO_GETTER	2	0x142CD7F9A->0x146162150;0x142CD7FA2->0x142D058D0
0x142CD8266	0x142CD8220	0x142CD82AD	0x142D062D0	PROVIDER_UUID_CORRELATED	50038A04-2A34-46A1-9BCE-D9E025018676	Javelin::ClientMessages::GlobalStorageComponentServerFacet_DebugRequestForcePersistenceDirty	6149	COMMUNITY_REPORTED		CATALOG_NO_GETTER	2	0x142CD822A->0x146162150;0x142CD8232->0x142D062D0
0x142CD8316	0x142CD82D0	0x142CD835D	0x142D05ED0	PROVIDER_UUID_CORRELATED	9A5C68A4-A7F3-4A37-BD91-1E0A4E86D599	Javelin::ClientMessages::GlobalStorageComponentServerFacet_DebugCreateItems	2698	COMMUNITY_REPORTED		CATALOG_NO_GETTER	2	0x142CD82DA->0x146162150;0x142CD82E2->0x142D05ED0
0x142CD84C6	0x142CD8480	0x142CD850D	0x142D060D0	PROVIDER_UUID_CORRELATED	B4AF2EAF-A1D0-4036-8354-8EF89DCFCE05	Javelin::ClientMessages::GlobalStorageComponentServerFacet_DebugRemoveItems	6788	COMMUNITY_REPORTED		CATALOG_NO_GETTER	2	0x142CD848A->0x146162150;0x142CD8492->0x142D060D0
0x142CD8576	0x142CD8530	0x142CD85BD	0x142D070D0	PROVIDER_UUID_CORRELATED	B460504B-9992-44D9-8DE6-BE38C27C8E2A	Javelin::ClientMessages::GlobalStorageComponentServerFacet_SetReplicateStorage	387	COMMUNITY_REPORTED		CATALOG_NO_GETTER	2	0x142CD853A->0x146162150;0x142CD8542->0x142D070D0
0x142CD8716	0x142CD86D0	0x142CD875D	0x142D072D0	PROVIDER_UUID_CORRELATED	FB7B9CB9-2B73-46A3-A74E-D75F03B15118	Javelin::ClientMessages::GlobalStorageComponentServerFacet_UpdateStorageSession	1512	COMMUNITY_REPORTED		CATALOG_NO_GETTER	2	0x142CD86DA->0x146162150;0x142CD86E2->0x142D072D0
0x142CD87C6	0x142CD8780	0x142CD880D	0x142D056D0	PROVIDER_UUID_CORRELATED	0E7841CF-C616-4C90-9A6A-45BFE687FCF2	Javelin::ClientMessages::GlobalStorageComponentServerFacet_DebugAddItemsToStorage	5998	COMMUNITY_REPORTED		CATALOG_NO_GETTER	2	0x142CD878A->0x146162150;0x142CD8792->0x142D056D0
0x142D243C6	0x142D24380	0x142D2440D	0x142D3DCE0	PROVIDER_UUID_CORRELATED	A7933D94-4E0B-4711-BE2D-EA22000CCF06	MB::ItemManagementComponentReplicatedState	5437	COMMUNITY_REPORTED		CATALOG_NO_GETTER	2	0x142D2438A->0x146162150;0x142D24392->0x142D3DCE0
0x142D24916	0x142D248D0	0x142D2495D	0x142D3E2E0	PROVIDER_UUID_CORRELATED	66590644-2426-49D4-8DEA-BDB4EEA4E263	MB::LootDropReplicatedState	2027	COMMUNITY_REPORTED		CATALOG_NO_GETTER	2	0x142D248DA->0x146162150;0x142D248E2->0x142D3E2E0
0x142D249C6	0x142D24980	0x142D24A0D	0x142D3E4E0	PROVIDER_UUID_CORRELATED	9BA17466-0575-4F59-A43E-5F9ACB1F4A70	Javelin::StorageItem	7041	COMMUNITY_REPORTED		CATALOG_NO_GETTER	2	0x142D2498A->0x146162150;0x142D24992->0x142D3E4E0
0x142D24A76	0x142D24A30	0x142D24ABD	0x142D3E8E0	PROVIDER_UUID_CORRELATED	A1B2C3D4-E5F6-7890-ABCD-EF1234567890	Javelin::StorageItemSimple	7049	COMMUNITY_REPORTED		CATALOG_NO_GETTER	2	0x142D24A3A->0x146162150;0x142D24A42->0x142D3E8E0
0x142D24B26	0x142D24AE0	0x142D24B6D	0x142D3E6E0	PROVIDER_UUID_CORRELATED	6809EABE-8AA9-4813-8EA3-2E63CC49279C	Javelin::StorageItemDetailed	7040	COMMUNITY_REPORTED		CATALOG_NO_GETTER	2	0x142D24AEA->0x146162150;0x142D24AF2->0x142D3E6E0
0x142D24D16	0x142D24CD0	0x142D24D5D	0x142D3DAE0	PROVIDER_UUID_CORRELATED	CE4E2515-AD1B-41B8-97D8-4D9378891610	Javelin::InitialContainerContents	2125	COMMUNITY_REPORTED		CATALOG_NO_GETTER	2	0x142D24CDA->0x146162150;0x142D24CE2->0x142D3DAE0
0x142D26B76	0x142D26B30	0x142D26BBD	0x142D3E0E0	PROVIDER_UUID_CORRELATED	4A3F2775-8DCA-47CB-BCEE-B84D5BD82FA1	Javelin::ClientMessages::ItemManagementComponentServerFacet_DebugSyncData	5436	COMMUNITY_REPORTED		CATALOG_NO_GETTER	2	0x142D26B3A->0x146162150;0x142D26B42->0x142D3E0E0
0x142D26C66	0x142D26C20	0x142D26CAD	0x142D3DEE0	PROVIDER_UUID_CORRELATED	A6B3F00A-8BD8-406A-B978-7180844E4C6E	Javelin::ClientMessages::ItemManagementComponentServerFacet_DebugOwnedItemTransactionTest	5432	COMMUNITY_REPORTED		CATALOG_NO_GETTER	2	0x142D26C2A->0x146162150;0x142D26C32->0x142D3DEE0
0x142D4DF86	0x142D4DF40	0x142D4DFCD	0x142D82B40	PROVIDER_UUID_CORRELATED	FDB5DF94-CF7E-4509-AE9F-001C1F9F05D6	Javelin::ContractActionParamsMakeGoodCompletion	5524	COMMUNITY_REPORTED		CATALOG_NO_GETTER	2	0x142D4DF4A->0x146162150;0x142D4DF52->0x142D82B40
0x142D4E296	0x142D4E250	0x142D4E2DD	0x142D83940	PROVIDER_UUID_CORRELATED	06B48BB9-3E0F-4645-84A6-645A25F7DA0C	Javelin::ContractLookupData	5395	COMMUNITY_REPORTED		CATALOG_NO_GETTER	2	0x142D4E25A->0x146162150;0x142D4E262->0x142D83940
0x142D52896	0x142D52850	0x142D528DD	0x142D84540	PROVIDER_UUID_CORRELATED	1C4DF3BE-03D1-47DC-A7DC-08FC4FFCB8CF	Javelin::ClientMessages::PlayerTradeComponentServerFacet_TakeAllItems	2939	COMMUNITY_REPORTED		CATALOG_NO_GETTER	2	0x142D5285A->0x146162150;0x142D52862->0x142D84540
0x142D52B36	0x142D52AF0	0x142D52B7D	0x142D84740	PROVIDER_UUID_CORRELATED	46E59A06-0D72-4656-9E06-E3667726AE51	Javelin::ClientMessages::PlayerTradeComponentServerFacet_TakeItem	2942	COMMUNITY_REPORTED		CATALOG_NO_GETTER	2	0x142D52AFA->0x146162150;0x142D52B02->0x142D84740
0x142D52BE6	0x142D52BA0	0x142D52C2D	0x142D82140	PROVIDER_UUID_CORRELATED	3789EDB0-9ADF-469A-8C80-ECA57C98E40A	MB::AggregateContractCountComponentReplicatedState	1742	COMMUNITY_REPORTED		CATALOG_NO_GETTER	2	0x142D52BAA->0x146162150;0x142D52BB2->0x142D82140
0x142D52C96	0x142D52C50	0x142D52CDD	0x142D83F40	PROVIDER_UUID_CORRELATED	462E646C-3726-48C1-AE0B-D7B0060D737E	Javelin::ClientMessages::PlayerTradeComponentServerFacet_EquipItems	6928	COMMUNITY_REPORTED		CATALOG_NO_GETTER	2	0x142D52C5A->0x146162150;0x142D52C62->0x142D83F40
0x142D52D46	0x142D52D00	0x142D52D8D	0x142D84D40	PROVIDER_UUID_CORRELATED	A8638375-E554-4DB5-AA06-B82C9C6026AD	Javelin::ClientMessages::PlayerTradeComponentServerFacet_UnequipItemToContainer	6949	COMMUNITY_REPORTED		CATALOG_NO_GETTER	2	0x142D52D0A->0x146162150;0x142D52D12->0x142D84D40
0x142D52DF6	0x142D52DB0	0x142D52E3D	0x142D84140	PROVIDER_UUID_CORRELATED	A87BDA00-5AFB-4173-8FE2-2F09431133F1	Javelin::ClientMessages::PlayerTradeComponentServerFacet_GiveItem	2801	COMMUNITY_REPORTED		CATALOG_NO_GETTER	2	0x142D52DBA->0x146162150;0x142D52DC2->0x142D84140
0x142D530B6	0x142D53070	0x142D530FD	0x142D82340	PROVIDER_UUID_CORRELATED	618FD41E-0259-42FA-AA80-90958A4E2275	Javelin::BuyContract	2957	COMMUNITY_REPORTED		CATALOG_NO_GETTER	2	0x142D5307A->0x146162150;0x142D53082->0x142D82340
0x142D53196	0x142D53150	0x142D531DD	0x142D84940	PROVIDER_UUID_CORRELATED	03C755FD-8BA3-4F21-8DBC-10D7D9101F7B	Javelin::ClientMessages::PlayerTradeComponentServerFacet_TakeItemsByClass	2945	COMMUNITY_REPORTED		CATALOG_NO_GETTER	2	0x142D5315A->0x146162150;0x142D53162->0x142D84940
0x142D53246	0x142D53200	0x142D5328D	0x142D84340	PROVIDER_UUID_CORRELATED	E99B11E6-BC74-4AFB-8F90-D186147270AD	Javelin::ClientMessages::PlayerTradeComponentServerFacet_GiveItemsByClass	2946	COMMUNITY_REPORTED		CATALOG_NO_GETTER	2	0x142D5320A->0x146162150;0x142D53212->0x142D84340
0x142D53496	0x142D53450	0x142D534DD	0x142D83D40	PROVIDER_UUID_CORRELATED	5AD17FB2-BC14-4840-A7CC-05AC06A7B929	Javelin::ClientMessages::PlayerTradeComponentServerFacet_EquipItem	1461	COMMUNITY_REPORTED		CATALOG_NO_GETTER	2	0x142D5345A->0x146162150;0x142D53462->0x142D83D40
0x142D53826	0x142D537E0	0x142D5386D	0x142D84B40	PROVIDER_UUID_CORRELATED	D7D9B22F-6F63-42FF-9340-32841E5A82E0	Javelin::ClientMessages::PlayerTradeComponentServerFacet_UnequipItem	2950	COMMUNITY_REPORTED		CATALOG_NO_GETTER	2	0x142D537EA->0x146162150;0x142D537F2->0x142D84B40
0x142D53E96	0x142D53E50	0x142D53EDD	0x142D83340	PROVIDER_UUID_CORRELATED	52704ED8-A9CF-41EE-88D6-E7CE4B346352	Javelin::ContractBase	2609	COMMUNITY_REPORTED		CATALOG_NO_GETTER	2	0x142D53E5A->0x146162150;0x142D53E62->0x142D83340
0x142D54036	0x142D53FF0	0x142D5407D	0x142D82540	PROVIDER_UUID_CORRELATED	76914C0D-4B39-4CDF-BFB6-79ADBA8168E3	Javelin::Contract	312	COMMUNITY_REPORTED		CATALOG_NO_GETTER	2	0x142D53FFA->0x146162150;0x142D54002->0x142D82540
0x142D55016	0x142D54FD0	0x142D5505D	0x142D82740	PROVIDER_UUID_CORRELATED	77A8CE4A-0761-4614-941B-DA800FBA0B58	Javelin::ContractActionParams	451	COMMUNITY_REPORTED		CATALOG_NO_GETTER	2	0x142D54FDA->0x146162150;0x142D54FE2->0x142D82740
0x142D55196	0x142D55150	0x142D551DD	0x142D83140	PROVIDER_UUID_CORRELATED	A9F311E7-B100-48BE-B27B-3527FDF169AF	Javelin::ContractActionParamsWithReason	2958	COMMUNITY_REPORTED		CATALOG_NO_GETTER	2	0x142D5515A->0x146162150;0x142D55162->0x142D83140
0x142D555A6	0x142D55560	0x142D555ED	0x142D82F40	PROVIDER_UUID_CORRELATED	17083771-9F2B-42C6-A413-F75876114349	Javelin::ContractActionParamsWithDuration	2830	COMMUNITY_REPORTED		CATALOG_NO_GETTER	2	0x142D5556A->0x146162150;0x142D55572->0x142D82F40
0x142D559E6	0x142D559A0	0x142D55A2D	0x142D82D40	PROVIDER_UUID_CORRELATED	5566F141-5C23-4BFB-BEFF-372DAF60F713	Javelin::ContractActionParamsSellCompletion	29	COMMUNITY_REPORTED		CATALOG_NO_GETTER	2	0x142D559AA->0x146162150;0x142D559B2->0x142D82D40
0x142D55A96	0x142D55A50	0x142D55ADD	0x142D82940	PROVIDER_UUID_CORRELATED	C63B449F-6B7F-4042-AD32-CD4B413061F0	Javelin::ContractActionParamsBuyCompletion	2961	COMMUNITY_REPORTED		CATALOG_NO_GETTER	2	0x142D55A5A->0x146162150;0x142D55A62->0x142D82940
0x142D9C156	0x142D9C110	0x142D9C19D	0x142D83740	PROVIDER_UUID_CORRELATED	AD7613B8-EE46-4833-BB89-B31F766D8D25	Javelin::ContractItemSimpleData	2982	COMMUNITY_REPORTED		CATALOG_NO_GETTER	2	0x142D9C11A->0x146162150;0x142D9C122->0x142D83740
0x142D9C5B6	0x142D9C570	0x142D9C5FD	0x1428D4750	PROVIDER_UUID_CORRELATED	A4C00D70-C09F-46E6-8369-131F6DE344C3	Javelin::ContractCreationParams	2988	COMMUNITY_REPORTED		CATALOG_NO_GETTER	2	0x142D9C57A->0x146162150;0x142D9C582->0x1428D4750
0x142D9CAF6	0x142D9CAB0	0x142D9CB3D	0x1428D4D50	PROVIDER_UUID_CORRELATED	976AF958-2505-4FD7-976D-2E01C1D0140C	Javelin::ContractsJsonDataWrapper	5204	COMMUNITY_REPORTED		CATALOG_NO_GETTER	2	0x142D9CABA->0x146162150;0x142D9CAC2->0x1428D4D50
0x142D9CE16	0x142D9CDD0	0x142D9CE5D	0x142DD14D0	PROVIDER_UUID_CORRELATED	A0687E73-A771-4097-890B-C8048FCCAF08	Javelin::ClientMessages::ContractsComponentClientFacet_OnCreateContract	634	COMMUNITY_REPORTED		CATALOG_NO_GETTER	2	0x142D9CDDA->0x146162150;0x142D9CDE2->0x142DD14D0
0x142D9CF86	0x142D9CF40	0x142D9CFCD	0x1428D4950	PROVIDER_UUID_CORRELATED	CCAC39A9-3B19-45ED-8C68-C9E7C0F56028	Javelin::ContractParams	478	COMMUNITY_REPORTED		CATALOG_NO_GETTER	2	0x142D9CF4A->0x146162150;0x142D9CF52->0x1428D4950
0x142D9D3C6	0x142D9D380	0x142D9D40D	0x142D83540	PROVIDER_UUID_CORRELATED	3645133D-1613-41D2-9600-64E3806C4089	Javelin::ContractItemFilter	5208	COMMUNITY_REPORTED		CATALOG_NO_GETTER	2	0x142D9D38A->0x146162150;0x142D9D392->0x142D83540
0x142D9D5C6	0x142D9D580	0x142D9D60D	0x142DD16D0	PROVIDER_UUID_CORRELATED	A0481955-6C29-4704-97D3-79DBE2FF15E7	Javelin::ClientMessages::ContractsComponentClientFacet_OnCreateContractId	1488	COMMUNITY_REPORTED		CATALOG_NO_GETTER	2	0x142D9D58A->0x146162150;0x142D9D592->0x142DD16D0
0x142D9D966	0x142D9D920	0x142D9D9AD	0x1428D4B50	PROVIDER_UUID_CORRELATED	0524DDFD-9EBE-4857-8650-A7FF192A2DA6	Javelin::ContractSearchLogicModifiers	5170	COMMUNITY_REPORTED		CATALOG_NO_GETTER	2	0x142D9D92A->0x146162150;0x142D9D932->0x1428D4B50
0x142D9DB36	0x142D9DAF0	0x142D9DB7D	0x142DD1ED0	PROVIDER_UUID_CORRELATED	E9F8F96D-C990-4031-A75C-6DE02AE49A11	Javelin::ClientMessages::ContractsComponentClientFacet_OnLookupContracts	223	COMMUNITY_REPORTED		CATALOG_NO_GETTER	2	0x142D9DAFA->0x146162150;0x142D9DB02->0x142DD1ED0
0x142D9DCD6	0x142D9DC90	0x142D9DD1D	0x142DD20D0	PROVIDER_UUID_CORRELATED	8C39E814-EBFF-48DC-9CFC-CDB0080A300F	Javelin::ClientMessages::ContractsComponentClientFacet_OnLookupContractsByParticipant	2278	COMMUNITY_REPORTED		CATALOG_NO_GETTER	2	0x142D9DC9A->0x146162150;0x142D9DCA2->0x142DD20D0
0x142D9DE66	0x142D9DE20	0x142D9DEAD	0x142DD0ED0	PROVIDER_UUID_CORRELATED	B7E88904-B0A1-4AAE-8CF8-48CD428462F5	Javelin::ClientMessages::ContractsComponentClientFacet_OnAcceptContract	2962	COMMUNITY_REPORTED		CATALOG_NO_GETTER	2	0x142D9DE2A->0x146162150;0x142D9DE32->0x142DD0ED0
0x142D9E006	0x142D9DFC0	0x142D9E04D	0x142DD22D0	PROVIDER_UUID_CORRELATED	2D4F442E-800C-4403-8393-7629AC515392	Javelin::ClientMessages::ContractsComponentClientFacet_OnPartiallyCompleteContract	2451	COMMUNITY_REPORTED		CATALOG_NO_GETTER	2	0x142D9DFCA->0x146162150;0x142D9DFD2->0x142DD22D0
0x142D9E386	0x142D9E340	0x142D9E3CD	0x142DD1CD0	PROVIDER_UUID_CORRELATED	1D286F21-C3F9-496D-809D-ABBCC59350CB	Javelin::ClientMessages::ContractsComponentClientFacet_OnFullyCompleteContract	2964	COMMUNITY_REPORTED		CATALOG_NO_GETTER	2	0x142D9E34A->0x146162150;0x142D9E352->0x142DD1CD0
0x142D9E516	0x142D9E4D0	0x142D9E55D	0x142DD18D0	PROVIDER_UUID_CORRELATED	43596B1B-26C9-42C7-B6AD-038EE238C529	Javelin::ClientMessages::ContractsComponentClientFacet_OnExpireContract	917	COMMUNITY_REPORTED		CATALOG_NO_GETTER	2	0x142D9E4DA->0x146162150;0x142D9E4E2->0x142DD18D0
0x142D9E5E6	0x142D9E5A0	0x142D9E62D	0x142DD4ED0	PROVIDER_UUID_CORRELATED	ED8EB27E-69E8-4BE3-AD8D-8735A3E0FF59	Javelin::MakeGoodContract	5483	COMMUNITY_REPORTED		CATALOG_NO_GETTER	2	0x142D9E5AA->0x146162150;0x142D9E5B2->0x142DD4ED0
0x142D9E9C6	0x142D9E980	0x142D9EA0D	0x142DD10D0	PROVIDER_UUID_CORRELATED	1C1C8B1D-41F8-4F1D-9414-B42FB8F7B3F4	Javelin::ClientMessages::ContractsComponentClientFacet_OnCancelContract	2965	COMMUNITY_REPORTED		CATALOG_NO_GETTER	2	0x142D9E98A->0x146162150;0x142D9E992->0x142DD10D0
0x142D9F196	0x142D9F150	0x142D9F1DD	0x142DD1AD0	PROVIDER_UUID_CORRELATED	031626C4-D4F9-4F4B-A91D-2727F3EDF162	Javelin::ClientMessages::ContractsComponentClientFacet_OnFailContract	2967	COMMUNITY_REPORTED		CATALOG_NO_GETTER	2	0x142D9F15A->0x146162150;0x142D9F162->0x142DD1AD0
0x142D9F376	0x142D9F330	0x142D9F3BD	0x142DD24D0	PROVIDER_UUID_CORRELATED	B60C3C88-70E1-4BFB-BC49-185DAEC21B98	Javelin::ClientMessages::ContractsComponentClientFacet_OnResolveContract	1117	COMMUNITY_REPORTED		CATALOG_NO_GETTER	2	0x142D9F33A->0x146162150;0x142D9F342->0x142DD24D0
0x142D9F4E6	0x142D9F4A0	0x142D9F52D	0x142DD12D0	PROVIDER_UUID_CORRELATED	85933F9F-24A9-4CA3-A9A0-DCE455CEE56B	Javelin::ClientMessages::ContractsComponentClientFacet_OnContractActionFailed	1298	COMMUNITY_REPORTED		CATALOG_NO_GETTER	2	0x142D9F4AA->0x146162150;0x142D9F4B2->0x142DD12D0
0x142D9F6F6	0x142D9F6B0	0x142D9F73D	0x142DD2AD0	PROVIDER_UUID_CORRELATED	45A69CC6-F63B-4EDD-B251-72511F65003D	Javelin::ClientMessages::ContractsComponentClientFacet_OnSearchContracts	2538	COMMUNITY_REPORTED		CATALOG_NO_GETTER	2	0x142D9F6BA->0x146162150;0x142D9F6C2->0x142DD2AD0
0x142D9FCD6	0x142D9FC90	0x142D9FD1D	0x142DD26D0	PROVIDER_UUID_CORRELATED	ECC2B38C-BA39-459C-A4B6-AD268C96C87E	Javelin::ClientMessages::ContractsComponentClientFacet_OnSearchAggregateTopHitsByFieldContracts	5210	COMMUNITY_REPORTED		CATALOG_NO_GETTER	2	0x142D9FC9A->0x146162150;0x142D9FCA2->0x142DD26D0
0x142DA0256	0x142DA0210	0x142DA029D	0x142DD28D0	PROVIDER_UUID_CORRELATED	FECF1AB1-BB1F-4942-B9C0-965319F72591	Javelin::ClientMessages::ContractsComponentClientFacet_OnSearchAggregateTopHitsByMatchContracts	5211	COMMUNITY_REPORTED		CATALOG_NO_GETTER	2	0x142DA021A->0x146162150;0x142DA0222->0x142DD28D0
0x142DA0616	0x142DA05D0	0x142DA065D	0x142DD2CD0	PROVIDER_UUID_CORRELATED	7F6E8D9F-A7A4-496B-ADFD-77C9E76F380E	Javelin::ClientMessages::ContractsComponentClientFacet_OnTransferContract	5638	COMMUNITY_REPORTED		CATALOG_NO_GETTER	2	0x142DA05DA->0x146162150;0x142DA05E2->0x142DD2CD0
0x142DA09F6	0x142DA09B0	0x142DA0A3D	0x142DD34D0	PROVIDER_UUID_CORRELATED	14588C3F-8096-4307-8651-063F86E1E98F	Javelin::ClientMessages::ContractsComponentServerFacet_CreateContractRequest	2972	COMMUNITY_REPORTED		CATALOG_NO_GETTER	2	0x142DA09BA->0x146162150;0x142DA09C2->0x142DD34D0
0x142DA0B66	0x142DA0B20	0x142DA0BAD	0x142DD2ED0	PROVIDER_UUID_CORRELATED	EE8EAA2F-8789-4E86-8A34-370578ABB6E5	Javelin::ClientMessages::ContractsComponentServerFacet_AcceptContractRequest	2068	COMMUNITY_REPORTED		CATALOG_NO_GETTER	2	0x142DA0B2A->0x146162150;0x142DA0B32->0x142DD2ED0
0x142DA0C16	0x142DA0BD0	0x142DA0C5D	0x142DD30D0	PROVIDER_UUID_CORRELATED	0D3E8425-D3D7-4CE8-80E3-DA962950353C	Javelin::ClientMessages::ContractsComponentServerFacet_CompleteContractRequest	2212	COMMUNITY_REPORTED		CATALOG_NO_GETTER	2	0x142DA0BDA->0x146162150;0x142DA0BE2->0x142DD30D0
0x142DA0E96	0x142DA0E50	0x142DA0EDD	0x142DD3CD0	PROVIDER_UUID_CORRELATED	22C6AD12-6B8D-4FB0-9C3D-880510FCA0DB	Javelin::ClientMessages::ContractsComponentServerFacet_LookupContracts	2975	COMMUNITY_REPORTED		CATALOG_NO_GETTER	2	0x142DA0E5A->0x146162150;0x142DA0E62->0x142DD3CD0
0x142DA1486	0x142DA1440	0x142DA14CD	0x142DD3ED0	PROVIDER_UUID_CORRELATED	D61428C7-6D83-4DCC-B28C-705C6CE16C8A	Javelin::ClientMessages::ContractsComponentServerFacet_LookupContractsByParticipant	2556	COMMUNITY_REPORTED		CATALOG_NO_GETTER	2	0x142DA144A->0x146162150;0x142DA1452->0x142DD3ED0
0x142DA1836	0x142DA17F0	0x142DA187D	0x142DD3AD0	PROVIDER_UUID_CORRELATED	3322476D-C82D-4F61-A66E-D5E713B5FE6D	Javelin::ClientMessages::ContractsComponentServerFacet_InitiateServerTransferCheck	5255	COMMUNITY_REPORTED		CATALOG_NO_GETTER	2	0x142DA17FA->0x146162150;0x142DA1802->0x142DD3AD0
0x142DA18E6	0x142DA18A0	0x142DA192D	0x142DD40D0	PROVIDER_UUID_CORRELATED	91A0474E-8BE5-4551-BC26-9C238EE909D0	Javelin::ClientMessages::ContractsComponentServerFacet_SearchContracts	832	COMMUNITY_REPORTED		CATALOG_NO_GETTER	2	0x142DA18AA->0x146162150;0x142DA18B2->0x142DD40D0
0x142DA1B76	0x142DA1B30	0x142DA1BBD	0x142DD42D0	PROVIDER_UUID_CORRELATED	73BFD8D9-32B6-48F4-BF4C-00960A613A74	Javelin::ClientMessages::ContractsComponentServerFacet_SearchTopHitsByFieldContracts	5209	COMMUNITY_REPORTED		CATALOG_NO_GETTER	2	0x142DA1B3A->0x146162150;0x142DA1B42->0x142DD42D0
0x142DA20C6	0x142DA2080	0x142DA210D	0x142DD44D0	PROVIDER_UUID_CORRELATED	455A5A0F-436C-47FB-BF5A-D6D0BDB924A9	Javelin::ClientMessages::ContractsComponentServerFacet_SearchTopHitsByMatchContracts	5212	COMMUNITY_REPORTED		CATALOG_NO_GETTER	2	0x142DA208A->0x146162150;0x142DA2092->0x142DD44D0
0x142DA23E6	0x142DA23A0	0x142DA242D	0x142DD4AD0	PROVIDER_UUID_CORRELATED	A0F41D0F-78B9-4F87-9D43-649E892AC2DF	Javelin::ClientMessages::ContractsComponentServerFacet_TransferContract	5641	COMMUNITY_REPORTED		CATALOG_NO_GETTER	2	0x142DA23AA->0x146162150;0x142DA23B2->0x142DD4AD0
0x142DA2AC6	0x142DA2A80	0x142DA2B0D	0x142DD48D0	PROVIDER_UUID_CORRELATED	A88B053D-7FDE-44A0-9F8B-1CEA6B12A1FC	Javelin::ClientMessages::ContractsComponentServerFacet_TestMakeGoodWorldTransfer	5667	COMMUNITY_REPORTED		CATALOG_NO_GETTER	2	0x142DA2A8A->0x146162150;0x142DA2A92->0x142DD48D0
0x142DA2E16	0x142DA2DD0	0x142DA2E5D	0x142DD36D0	PROVIDER_UUID_CORRELATED	BA11D787-67C8-4466-9726-B0D81E38566D	Javelin::ClientMessages::ContractsComponentServerFacet_CreateDebugContract	1088	COMMUNITY_REPORTED		CATALOG_NO_GETTER	2	0x142DA2DDA->0x146162150;0x142DA2DE2->0x142DD36D0
0x142DA3236	0x142DA31F0	0x142DA327D	0x142DD32D0	PROVIDER_UUID_CORRELATED	A1E514E9-096A-4098-9B6B-7200E53EA137	Javelin::ClientMessages::ContractsComponentServerFacet_CompleteDebugContract	1225	COMMUNITY_REPORTED		CATALOG_NO_GETTER	2	0x142DA31FA->0x146162150;0x142DA3202->0x142DD32D0
0x142DA3456	0x142DA3410	0x142DA349D	0x142DD4CD0	PROVIDER_UUID_CORRELATED	99C7BFD2-4909-458D-9335-E4528048C200	Javelin::ClientMessages::ContractsComponentServerFacet_UpdateDebugContract	2976	COMMUNITY_REPORTED		CATALOG_NO_GETTER	2	0x142DA341A->0x146162150;0x142DA3422->0x142DD4CD0
0x142DA3806	0x142DA37C0	0x142DA384D	0x142DD46D0	PROVIDER_UUID_CORRELATED	6104A0CA-FB08-4F80-A950-FF12A0750A28	Javelin::ClientMessages::ContractsComponentServerFacet_SetDebugSendContractEventsToClient	2977	COMMUNITY_REPORTED		CATALOG_NO_GETTER	2	0x142DA37CA->0x146162150;0x142DA37D2->0x142DD46D0
0x142DA3D26	0x142DA3CE0	0x142DA3D6D	0x142DD38D0	PROVIDER_UUID_CORRELATED	BE9D65C5-D5DB-4F08-ACB2-DA59C94B826B	Javelin::ClientMessages::ContractsComponentServerFacet_DebugUpdateContractDuration	2978	COMMUNITY_REPORTED		CATALOG_NO_GETTER	2	0x142DA3CEA->0x146162150;0x142DA3CF2->0x142DD38D0
0x142DEFA56	0x142DEFA10	0x142DEFA9D	0x142DD0CD0	PROVIDER_UUID_CORRELATED	812959CB-4CBD-46FE-A7A2-DDD8727C48C5	Javelin::ContractTopHitsSortField	5213	COMMUNITY_REPORTED		CATALOG_NO_GETTER	2	0x142DEFA1A->0x146162150;0x142DEFA22->0x142DD0CD0
0x142DEFB36	0x142DEFAF0	0x142DEFB7D	0x142DD04D0	PROVIDER_UUID_CORRELATED	60D6448C-AA75-4675-9E32-46A3C226B087	Javelin::ContractTopHitsAgg	5206	COMMUNITY_REPORTED		CATALOG_NO_GETTER	2	0x142DEFAFA->0x146162150;0x142DEFB02->0x142DD04D0
0x142DEFDC6	0x142DEFD80	0x142DEFE0D	0x142DD08D0	PROVIDER_UUID_CORRELATED	A53AF92E-AC89-4D69-9DFB-D5138BCB9C50	Javelin::ContractTopHitsByMatchAgg	5205	COMMUNITY_REPORTED		CATALOG_NO_GETTER	2	0x142DEFD8A->0x146162150;0x142DEFD92->0x142DD08D0
0x142DEFF66	0x142DEFF20	0x142DEFFAD	0x142E550C0	PROVIDER_UUID_CORRELATED	AA8AD596-B5D2-4B07-BD45-FAB0D9F0E320	Javelin::PresetLastEvaluatingIndexKeyPair	5207	COMMUNITY_REPORTED		CATALOG_NO_GETTER	2	0x142DEFF2A->0x146162150;0x142DEFF32->0x142E550C0
0x142DF0016	0x142DEFFD0	0x142DF005D	0x142E556C0	PROVIDER_UUID_CORRELATED	237A0B23-A396-40D6-AF82-91AB2625F8A3	Javelin::SearchAggregateTopHitsContractsRequestPayload	5214	COMMUNITY_REPORTED		CATALOG_NO_GETTER	2	0x142DEFFDA->0x146162150;0x142DEFFE2->0x142E556C0
0x142DF01B6	0x142DF0170	0x142DF01FD	0x142E552C0	PROVIDER_UUID_CORRELATED	D20DE91D-6740-40DC-9B61-0C823257BFBC	Javelin::SearchAggregateTopHitsByFieldContractsRequestPayload	5215	COMMUNITY_REPORTED		CATALOG_NO_GETTER	2	0x142DF017A->0x146162150;0x142DF0182->0x142E552C0
0x142DF02D6	0x142DF0290	0x142DF031D	0x142E554C0	PROVIDER_UUID_CORRELATED	642A972A-164D-442B-8D0E-34CAA8951659	Javelin::SearchAggregateTopHitsByMatchContractsRequestPayload	5202	COMMUNITY_REPORTED		CATALOG_NO_GETTER	2	0x142DF029A->0x146162150;0x142DF02A2->0x142E554C0
0x142DF1626	0x142DF15E0	0x142DF166D	0x142E54EC0	PROVIDER_UUID_CORRELATED	E09E2C0B-CB5D-4673-923F-EADBEC7A5DA8	Javelin::ICraftingNotifications	2992	COMMUNITY_REPORTED		CATALOG_NO_GETTER	2	0x142DF15EA->0x146162150;0x142DF15F2->0x142E54EC0
0x142DF16D6	0x142DF1690	0x142DF171D	0x142E532C0	PROVIDER_UUID_CORRELATED	867CAB30-8E9E-4124-A59D-2E9835F90E35	Javelin::ClientMessages::CraftingComponentClientFacet_OnCraftingProgressUpdate	2993	COMMUNITY_REPORTED		CATALOG_NO_GETTER	2	0x142DF169A->0x146162150;0x142DF16A2->0x142E532C0
0x142DF18B6	0x142DF1870	0x142DF18FD	0x142E534C0	PROVIDER_UUID_CORRELATED	C66F474B-B266-49F8-8DEA-0DE6C3053263	Javelin::ClientMessages::CraftingComponentClientFacet_OnSyncCraftingKits	296	COMMUNITY_REPORTED		CATALOG_NO_GETTER	2	0x142DF187A->0x146162150;0x142DF1882->0x142E534C0
0x142DF1966	0x142DF1920	0x142DF19AD	0x142E544C0	PROVIDER_UUID_CORRELATED	067EF132-A872-4CCB-A503-4F1C967B1A0E	Javelin::ClientMessages::CraftingComponentServerFacet_InitiateSalvage	1733	COMMUNITY_REPORTED		CATALOG_NO_GETTER	2	0x142DF192A->0x146162150;0x142DF1932->0x142E544C0
0x142DF1A16	0x142DF19D0	0x142DF1A5D	0x142E546C0	PROVIDER_UUID_CORRELATED	DEE44EC1-1A9F-47E2-8B3E-9ED2290737E7	Javelin::ClientMessages::CraftingComponentServerFacet_InitiateSalvageByClass	6024	COMMUNITY_REPORTED		CATALOG_NO_GETTER	2	0x142DF19DA->0x146162150;0x142DF19E2->0x142E546C0
0x142DF1AC6	0x142DF1A80	0x142DF1B0D	0x142E548C0	PROVIDER_UUID_CORRELATED	ED66B33C-1331-4A83-8A6A-6A196AA5355A	Javelin::ClientMessages::CraftingComponentServerFacet_SalvageItemsInInventory	6188	COMMUNITY_REPORTED		CATALOG_NO_GETTER	2	0x142DF1A8A->0x146162150;0x142DF1A92->0x142E548C0
0x142DF1C96	0x142DF1C50	0x142DF1CDD	0x142E542C0	PROVIDER_UUID_CORRELATED	B5D60091-597E-4BA6-AA13-07D7A3840738	Javelin::ClientMessages::CraftingComponentServerFacet_InitiatePaperdollDye	2224	COMMUNITY_REPORTED		CATALOG_NO_GETTER	2	0x142DF1C5A->0x146162150;0x142DF1C62->0x142E542C0
0x142DF2276	0x142DF2230	0x142DF22BD	0x142E53EC0	PROVIDER_UUID_CORRELATED	540CE12E-5CFC-48AE-B578-B86B349C743F	Javelin::ClientMessages::CraftingComponentServerFacet_InitiateInventoryItemDye	2994	COMMUNITY_REPORTED		CATALOG_NO_GETTER	2	0x142DF223A->0x146162150;0x142DF2242->0x142E53EC0
0x142DF2416	0x142DF23D0	0x142DF245D	0x142E540C0	PROVIDER_UUID_CORRELATED	5C9B9AE2-1B43-4B9F-B4D6-E952EF660E1C	Javelin::ClientMessages::CraftingComponentServerFacet_InitiateMountDye	6026	COMMUNITY_REPORTED		CATALOG_NO_GETTER	2	0x142DF23DA->0x146162150;0x142DF23E2->0x142E540C0
0x142DF24C6	0x142DF2480	0x142DF250D	0x142E558C0	PROVIDER_UUID_CORRELATED	FD50CD67-E6C9-439F-A5E1-304C2BA252C8	Javelin::SellContract	2991	COMMUNITY_REPORTED		CATALOG_NO_GETTER	2	0x142DF248A->0x146162150;0x142DF2492->0x142E558C0
0x142DF2576	0x142DF2530	0x142DF25BD	0x142E54AC0	PROVIDER_UUID_CORRELATED	3EFA65A3-08B0-4676-9D1A-281DFA62A1DD	Javelin::ClientMessages::CraftingComponentServerFacet_SetCraftingDetails	2997	COMMUNITY_REPORTED		CATALOG_NO_GETTER	2	0x142DF253A->0x146162150;0x142DF2542->0x142E54AC0
0x142DF2626	0x142DF25E0	0x142DF266D	0x142E53CC0	PROVIDER_UUID_CORRELATED	8420DEBA-021E-4779-927A-70F53E3FBFBA	Javelin::ClientMessages::CraftingComponentServerFacet_Debug_SetRequiredLevelLimit	2998	COMMUNITY_REPORTED		CATALOG_NO_GETTER	2	0x142DF25EA->0x146162150;0x142DF25F2->0x142E53CC0
0x142DF28A6	0x142DF2860	0x142DF28ED	0x142E53AC0	PROVIDER_UUID_CORRELATED	442EC552-0BF0-4841-BC2A-E848617F1397	Javelin::ClientMessages::CraftingComponentServerFacet_Debug_GiveRecipeItems	5119	COMMUNITY_REPORTED		CATALOG_NO_GETTER	2	0x142DF286A->0x146162150;0x142DF2872->0x142E53AC0
0x142DF2D46	0x142DF2D00	0x142DF2D8D	0x142E538C0	PROVIDER_UUID_CORRELATED	310569BA-720C-42BE-998D-9E9EBE940CDC	Javelin::ClientMessages::CraftingComponentServerFacet_Debug_ClearCooldown	5249	COMMUNITY_REPORTED		CATALOG_NO_GETTER	2	0x142DF2D0A->0x146162150;0x142DF2D12->0x142E538C0
0x142DF2DF6	0x142DF2DB0	0x142DF2E3D	0x142E536C0	PROVIDER_UUID_CORRELATED	224CAC45-8FD2-4769-87AF-9DF2111C4CFE	Javelin::ClientMessages::CraftingComponentServerFacet_CancelCrafting	2999	COMMUNITY_REPORTED		CATALOG_NO_GETTER	2	0x142DF2DBA->0x146162150;0x142DF2DC2->0x142E536C0
0x142DF45A6	0x142DF4560	0x142DF45ED	0x142E54CC0	PROVIDER_UUID_CORRELATED	FFF40D4B-D06E-4985-91C3-EC13BD3FF665	Javelin::CraftingStationPropertiesReference	6468	COMMUNITY_REPORTED		CATALOG_NO_GETTER	2	0x142DF456A->0x146162150;0x142DF4572->0x142E54CC0
0x142DF6BB6	0x142DF6B70	0x142DF6BFD	0x142D84F40	PROVIDER_UUID_CORRELATED	7DF8AE37-ED9A-4D0C-924C-0C67D666112A	Javelin::SearchAggregateContractsRequestPayload	2990	COMMUNITY_REPORTED		CATALOG_NO_GETTER	2	0x142DF6B7A->0x146162150;0x142DF6B82->0x142D84F40
0x142E72346	0x142E72300	0x142E7238D	0x142E809E0	PROVIDER_UUID_CORRELATED	164A2CCF-156D-4314-88BD-F2C253F01647	MB::ItemGenerationComponentReplicatedState	3002	COMMUNITY_REPORTED		CATALOG_NO_GETTER	2	0x142E7230A->0x146162150;0x142E72312->0x142E809E0
0x142E723F6	0x142E723B0	0x142E7243D	0x142E807E0	PROVIDER_UUID_CORRELATED	FD24C20B-FB95-49F8-9BB0-DEC472F0B6EA	MB::CraftingComponentReplicatedState	205	COMMUNITY_REPORTED		CATALOG_NO_GETTER	2	0x142E723BA->0x146162150;0x142E723C2->0x142E807E0
0x142E8D4A6	0x142E8D460	0x142E8D4ED	0x142EB4D00	PROVIDER_UUID_CORRELATED	1B166111-795D-4B7E-A524-E9B2242A2268	Javelin::ClientMessages::PrefabRefineryComponentClientFacet_SetRefineryState	3010	COMMUNITY_REPORTED		CATALOG_NO_GETTER	2	0x142E8D46A->0x146162150;0x142E8D472->0x142EB4D00
0x142E8D6A6	0x142E8D660	0x142E8D6ED	0x142EB3F00	PROVIDER_UUID_CORRELATED	8DB83DA5-48AC-4877-B5DD-7E1954DE80B2	Javelin::ClientMessages::ItemRepairComponentServerFacet_InitiateRepair	3003	COMMUNITY_REPORTED		CATALOG_NO_GETTER	2	0x142E8D66A->0x146162150;0x142E8D672->0x142EB3F00
0x142E8D756	0x142E8D710	0x142E8D79D	0x142EB4900	PROVIDER_UUID_CORRELATED	6E30853B-064F-4BCC-BD1B-181838E9E024	Javelin::ClientMessages::ItemRepairComponentServerFacet_RequestSlotItemWithGem	2526	COMMUNITY_REPORTED		CATALOG_NO_GETTER	2	0x142E8D71A->0x146162150;0x142E8D722->0x142EB4900
0x142E8D856	0x142E8D810	0x142E8D89D	0x142EB4700	PROVIDER_UUID_CORRELATED	43F1E329-4B6E-4279-B7F3-ADA9D2E7B976	Javelin::ClientMessages::ItemRepairComponentServerFacet_RequestSlotItemWithCharm	6983	COMMUNITY_REPORTED		CATALOG_NO_GETTER	2	0x142E8D81A->0x146162150;0x142E8D822->0x142EB4700
0x142E8DA76	0x142E8DA30	0x142E8DABD	0x142EB3D00	PROVIDER_UUID_CORRELATED	9C9C7F87-BB18-4013-BEA5-045FE9AA03CA	Javelin::ClientMessages::ItemRepairComponentServerFacet_ClearCharmRequests	7038	COMMUNITY_REPORTED		CATALOG_NO_GETTER	2	0x142E8DA3A->0x146162150;0x142E8DA42->0x142EB3D00
0x142E8DC16	0x142E8DBD0	0x142E8DC5D	0x142EB4300	PROVIDER_UUID_CORRELATED	9F291485-B712-4F4D-98BC-4ECEE55AF7B0	Javelin::ClientMessages::ItemRepairComponentServerFacet_RepairAllItemClass	2079	COMMUNITY_REPORTED		CATALOG_NO_GETTER	2	0x142E8DBDA->0x146162150;0x142E8DBE2->0x142EB4300
0x142E8DCC6	0x142E8DC80	0x142E8DD0D	0x142EB4100	PROVIDER_UUID_CORRELATED	5E8634D6-0C58-4D62-8469-3E83F19D82ED	Javelin::ClientMessages::ItemRepairComponentServerFacet_RepairAllEquipment	3007	COMMUNITY_REPORTED		CATALOG_NO_GETTER	2	0x142E8DC8A->0x146162150;0x142E8DC92->0x142EB4100
0x142E8DD76	0x142E8DD30	0x142E8DDBD	0x142EB4500	PROVIDER_UUID_CORRELATED	2E16E10B-43FA-414B-BE12-C9BB8114D49A	Javelin::ClientMessages::ItemRepairComponentServerFacet_RequestSetLockState	2549	COMMUNITY_REPORTED		CATALOG_NO_GETTER	2	0x142E8DD3A->0x146162150;0x142E8DD42->0x142EB4500
0x142E8DFC6	0x142E8DF80	0x142E8E00D	0x142EB4B00	PROVIDER_UUID_CORRELATED	B940D851-A110-45D0-907F-9871F1A17D12	Javelin::ClientMessages::ItemRepairComponentServerFacet_RequestUpgradeItemGearScore	3008	COMMUNITY_REPORTED		CATALOG_NO_GETTER	2	0x142E8DF8A->0x146162150;0x142E8DF92->0x142EB4B00
0x142E8E666	0x142E8E620	0x142E8E6AD	0x142EB4F00	PROVIDER_UUID_CORRELATED	9A1A4452-106F-4EFD-9BD6-12ACEBAADCC9	Javelin::RepairNotifications	2107	COMMUNITY_REPORTED		CATALOG_NO_GETTER	2	0x142E8E62A->0x146162150;0x142E8E632->0x142EB4F00
0x142EC57A6	0x142EC5760	0x142EC57ED	0x142EF69F0	PROVIDER_UUID_CORRELATED	181E376D-E924-442B-9AF0-745F2E660CB4	Javelin::ClientMessages::PlayerCutsceneComponentServerFacet_OnClientRequestStartCutscene	6703	COMMUNITY_REPORTED		CATALOG_NO_GETTER	2	0x142EC576A->0x146162150;0x142EC5772->0x142EF69F0
0x142EC5856	0x142EC5810	0x142EC589D	0x142EF67F0	PROVIDER_UUID_CORRELATED	A2B92F8D-8CD6-4C2E-A12F-4A355891B200	Javelin::ClientMessages::PlayerCutsceneComponentServerFacet_OnClientCutsceneStarted	6706	COMMUNITY_REPORTED		CATALOG_NO_GETTER	2	0x142EC581A->0x146162150;0x142EC5822->0x142EF67F0
0x142EC5906	0x142EC58C0	0x142EC594D	0x142EF65F0	PROVIDER_UUID_CORRELATED	CE7B5A7E-CD89-4626-B0A1-7FEE3F37D1A8	Javelin::ClientMessages::PlayerCutsceneComponentServerFacet_OnClientCutsceneEnded	6705	COMMUNITY_REPORTED		CATALOG_NO_GETTER	2	0x142EC58CA->0x146162150;0x142EC58D2->0x142EF65F0
0x142EC5D36	0x142EC5CF0	0x142EC5D7D	0x142EF5FF0	PROVIDER_UUID_CORRELATED	43BDC38F-5E73-4126-A906-FB0502C64C78	Javelin::ClientMessages::PlayerCutsceneComponentClientFacet_OnServerCutsceneRequestGranted	6707	COMMUNITY_REPORTED		CATALOG_NO_GETTER	2	0x142EC5CFA->0x146162150;0x142EC5D02->0x142EF5FF0
0x142EC5DE6	0x142EC5DA0	0x142EC5E2D	0x142EF5BF0	PROVIDER_UUID_CORRELATED	982A8C1D-77CE-4455-A1C8-86A6BF0C0BA9	Javelin::ClientMessages::PlayerCutsceneComponentClientFacet_OnServerCutsceneCanceled	6708	COMMUNITY_REPORTED		CATALOG_NO_GETTER	2	0x142EC5DAA->0x146162150;0x142EC5DB2->0x142EF5BF0
0x142EC5F86	0x142EC5F40	0x142EC5FCD	0x142EF5DF0	PROVIDER_UUID_CORRELATED	D19070A4-AEA2-4E0D-9585-EC073F006828	Javelin::ClientMessages::PlayerCutsceneComponentClientFacet_OnServerCutsceneEndRequestFinalized	6709	COMMUNITY_REPORTED		CATALOG_NO_GETTER	2	0x142EC5F4A->0x146162150;0x142EC5F52->0x142EF5DF0
0x142EC61A6	0x142EC6160	0x142EC61ED	0x142EF63F0	PROVIDER_UUID_CORRELATED	DA169F7B-1903-488F-A0AB-BAF52129C292	Javelin::ClientMessages::PlayerCutsceneComponentServerFacet_NotifyCinematicStarted	6606	COMMUNITY_REPORTED		CATALOG_NO_GETTER	2	0x142EC616A->0x146162150;0x142EC6172->0x142EF63F0
0x142EC6256	0x142EC6210	0x142EC629D	0x142EF61F0	PROVIDER_UUID_CORRELATED	72DE5635-45D0-4D63-B05C-1479E0ED25F0	Javelin::ClientMessages::PlayerCutsceneComponentServerFacet_NotifyCinematicEnded	6542	COMMUNITY_REPORTED		CATALOG_NO_GETTER	2	0x142EC621A->0x146162150;0x142EC6222->0x142EF61F0
0x142F139C6	0x142F13980	0x142F13A0D	0x142F34CD0	PROVIDER_UUID_CORRELATED	241689D9-4D8C-4EF8-A988-0320C858256E	Javelin::ClientMessages::DebugComponentServerFacet_SendAiSpawnInfoRequest	3052	COMMUNITY_REPORTED		CATALOG_NO_GETTER	2	0x142F1398A->0x146162150;0x142F13992->0x142F34CD0
0x142F13BB6	0x142F13B70	0x142F13BFD	0x142F344D0	PROVIDER_UUID_CORRELATED	0A3BB989-0282-4612-874A-36E137BD3D2B	Javelin::ClientMessages::DebugComponentServerFacet_FakeAISpawnRequests	6737	COMMUNITY_REPORTED		CATALOG_NO_GETTER	2	0x142F13B7A->0x146162150;0x142F13B82->0x142F344D0
0x142F13DD6	0x142F13D90	0x142F13E1D	0x142F35ED0	PROVIDER_UUID_CORRELATED	A1D425F1-76D3-4CBB-9580-A366BB8D8359	Javelin::ClientMessages::DebugComponentServerFacet_TestHttpClientShutdown	4962	COMMUNITY_REPORTED		CATALOG_NO_GETTER	2	0x142F13D9A->0x146162150;0x142F13DA2->0x142F35ED0
0x142F13E86	0x142F13E40	0x142F13ECD	0x142F34ED0	PROVIDER_UUID_CORRELATED	B4E3CDA9-C9FE-4DA6-A416-00C08617DD25	Javelin::ClientMessages::DebugComponentServerFacet_ServerGetStackConfig	4994	COMMUNITY_REPORTED		CATALOG_NO_GETTER	2	0x142F13E4A->0x146162150;0x142F13E52->0x142F34ED0
0x142F140F6	0x142F140B0	0x142F1413D	0x142F342D0	PROVIDER_UUID_CORRELATED	2A2E5C5A-F3B4-4F35-9C8A-6F40C2BB4776	Javelin::ClientMessages::DebugComponentClientFacet_ReceiveConfigValue	4995	COMMUNITY_REPORTED		CATALOG_NO_GETTER	2	0x142F140BA->0x146162150;0x142F140C2->0x142F342D0
0x142F15C46	0x142F15C00	0x142F15C8D	0x142F362D0	PROVIDER_UUID_CORRELATED	A1343B88-5099-4BAB-B01A-853D9D5F0BB3	Javelin::ClientMessages::DebugConsolePlayerComponentServerFacet_EnableReplication	6151	COMMUNITY_REPORTED		CATALOG_NO_GETTER	2	0x142F15C0A->0x146162150;0x142F15C12->0x142F362D0
0x142F15DC6	0x142F15D80	0x142F15E0D	0x142F364D0	PROVIDER_UUID_CORRELATED	A45F5DE5-A6E2-47E2-BED0-F37EA9BA2C13	Javelin::ClientMessages::DebugConsolePlayerComponentServerFacet_TeleportToPlayer	6226	COMMUNITY_REPORTED		CATALOG_NO_GETTER	2	0x142F15D8A->0x146162150;0x142F15D92->0x142F364D0
0x142F189F6	0x142F189B0	0x142F18A3D	0x142F366D0	PROVIDER_UUID_CORRELATED	BBFBFD4A-E2DB-49E1-A186-55C0695A6DB9	Javelin::ClientMessages::DebugVisualizationComponentClientFacet_AddShape	170	COMMUNITY_REPORTED		CATALOG_NO_GETTER	2	0x142F189BA->0x146162150;0x142F189C2->0x142F366D0
0x142F18AA6	0x142F18A60	0x142F18AED	0x142F368D0	PROVIDER_UUID_CORRELATED	CB935D8A-B03A-4C94-8305-4ED08BBF543B	Javelin::ClientMessages::DebugVisualizationComponentClientFacet_ConfigScreenLogClient	1968	COMMUNITY_REPORTED		CATALOG_NO_GETTER	2	0x142F18A6A->0x146162150;0x142F18A72->0x142F368D0
0x142F1A6F6	0x142F1A6B0	0x142F1A73D	0x142F33AD0	PROVIDER_UUID_CORRELATED	2F7EF30E-D4A5-4AD2-9936-43678F94BFD6	Javelin::ClientMessages::DebugComponentClientFacet_OnAiSpawnInfoResponce	1032	COMMUNITY_REPORTED		CATALOG_NO_GETTER	2	0x142F1A6BA->0x146162150;0x142F1A6C2->0x142F33AD0
0x142F1A946	0x142F1A900	0x142F1A98D	0x142F33CD0	PROVIDER_UUID_CORRELATED	C9BA8CAF-7660-4C01-905F-3944A24EE5DB	Javelin::ClientMessages::DebugComponentClientFacet_OnAiSpawnInfoTimeout	3043	COMMUNITY_REPORTED		CATALOG_NO_GETTER	2	0x142F1A90A->0x146162150;0x142F1A912->0x142F33CD0
0x142F1AA86	0x142F1AA40	0x142F1AACD	0x142F358D0	PROVIDER_UUID_CORRELATED	E842F58B-A9EE-4179-82D6-4980B68356F8	Javelin::ClientMessages::DebugComponentServerFacet_StartLogging	3044	COMMUNITY_REPORTED		CATALOG_NO_GETTER	2	0x142F1AA4A->0x146162150;0x142F1AA52->0x142F358D0
0x142F1AB36	0x142F1AAF0	0x142F1AB7D	0x142F35AD0	PROVIDER_UUID_CORRELATED	CE0F3DB4-4E0A-40D3-A02D-8F05B9ED962A	Javelin::ClientMessages::DebugComponentServerFacet_StopLogging	3045	COMMUNITY_REPORTED		CATALOG_NO_GETTER	2	0x142F1AAFA->0x146162150;0x142F1AB02->0x142F35AD0
0x142F1ACB6	0x142F1AC70	0x142F1ACFD	0x142F360D0	PROVIDER_UUID_CORRELATED	7362D2F2-952F-444C-BE20-8AC0A7528A0C	Javelin::ClientMessages::DebugComponentServerFacet_UpdateLogChannels	3048	COMMUNITY_REPORTED		CATALOG_NO_GETTER	2	0x142F1AC7A->0x146162150;0x142F1AC82->0x142F360D0
0x142F1B046	0x142F1B000	0x142F1B08D	0x142F35CD0	PROVIDER_UUID_CORRELATED	35FF4C30-FE6B-403C-97BB-8C0D4234A4B7	Javelin::ClientMessages::DebugComponentServerFacet_SyncCameraRelativeMotionFromClient	3049	COMMUNITY_REPORTED		CATALOG_NO_GETTER	2	0x142F1B00A->0x146162150;0x142F1B012->0x142F35CD0
0x142F1B0F6	0x142F1B0B0	0x142F1B13D	0x142F350D0	PROVIDER_UUID_CORRELATED	ED982487-2088-4E79-B01E-04FE88D4AD11	Javelin::ClientMessages::DebugComponentServerFacet_SetGodModeFromClient	5956	COMMUNITY_REPORTED		CATALOG_NO_GETTER	2	0x142F1B0BA->0x146162150;0x142F1B0C2->0x142F350D0
0x142F1B626	0x142F1B5E0	0x142F1B66D	0x142F348D0	PROVIDER_UUID_CORRELATED	903ACF46-C850-4D44-B97C-4C8F009D230D	Javelin::ClientMessages::DebugComponentServerFacet_RespondGodModeRequest	5958	COMMUNITY_REPORTED		CATALOG_NO_GETTER	2	0x142F1B5EA->0x146162150;0x142F1B5F2->0x142F348D0
0x142F1B826	0x142F1B7E0	0x142F1B86D	0x142F340D0	PROVIDER_UUID_CORRELATED	FF1F45A2-6204-4FBB-80E9-DBAD23925D20	Javelin::ClientMessages::DebugComponentClientFacet_OnToggleGodModeReceived	5959	COMMUNITY_REPORTED		CATALOG_NO_GETTER	2	0x142F1B7EA->0x146162150;0x142F1B7F2->0x142F340D0
0x142F1B8E6	0x142F1B8A0	0x142F1B92D	0x142F356D0	PROVIDER_UUID_CORRELATED	DC760388-ADF1-4AAD-81A5-E22F5CB02AF4	Javelin::ClientMessages::DebugComponentServerFacet_SetInvulnerabilityFromClient	5973	COMMUNITY_REPORTED		CATALOG_NO_GETTER	2	0x142F1B8AA->0x146162150;0x142F1B8B2->0x142F356D0
0x142F1BA96	0x142F1BA50	0x142F1BADD	0x142F354D0	PROVIDER_UUID_CORRELATED	25C83420-CC11-4E1B-A192-1E591A88CBB8	Javelin::ClientMessages::DebugComponentServerFacet_SetInvincibilityFromClient	5971	COMMUNITY_REPORTED		CATALOG_NO_GETTER	2	0x142F1BA5A->0x146162150;0x142F1BA62->0x142F354D0
0x142F1BC66	0x142F1BC20	0x142F1BCAD	0x142F352D0	PROVIDER_UUID_CORRELATED	0838ED0A-DF6B-4248-9A9B-F98347BA80BC	Javelin::ClientMessages::DebugComponentServerFacet_SetIgnoredByAIFromClient	1107	COMMUNITY_REPORTED		CATALOG_NO_GETTER	2	0x142F1BC2A->0x146162150;0x142F1BC32->0x142F352D0
0x142F1BF76	0x142F1BF30	0x142F1BFBD	0x142F34AD0	PROVIDER_UUID_CORRELATED	F13A9194-3F6B-4D37-906C-C68037A1AD5D	Javelin::ClientMessages::DebugComponentServerFacet_RespondIgnoredByAIRequest	5277	COMMUNITY_REPORTED		CATALOG_NO_GETTER	2	0x142F1BF3A->0x146162150;0x142F1BF42->0x142F34AD0
0x142F1C026	0x142F1BFE0	0x142F1C06D	0x142F33ED0	PROVIDER_UUID_CORRELATED	88C60797-67D6-4E14-8DA7-1CD8E4ED6C8A	Javelin::ClientMessages::DebugComponentClientFacet_OnIgnoredByAIReceived	5278	COMMUNITY_REPORTED		CATALOG_NO_GETTER	2	0x142F1BFEA->0x146162150;0x142F1BFF2->0x142F33ED0
0x142F1C476	0x142F1C430	0x142F1C4BD	0x142F346D0	PROVIDER_UUID_CORRELATED	76E008D8-8731-4C8C-8AD1-8CC920324B8C	Javelin::ClientMessages::DebugComponentServerFacet_ResetTradeSkillFromClient	1268	COMMUNITY_REPORTED		CATALOG_NO_GETTER	2	0x142F1C43A->0x146162150;0x142F1C442->0x142F346D0
0x142F448F6	0x142F448B0	0x142F4493D	0x1427FBA40	PROVIDER_UUID_CORRELATED	98DD0E12-1BB7-47B4-BC07-9DEA6359FE06	Javelin::SpawnDebugInfo	1835	COMMUNITY_REPORTED		CATALOG_NO_GETTER	2	0x142F448BA->0x146162150;0x142F448C2->0x1427FBA40
0x142F44B76	0x142F44B30	0x142F44BBD	0x142F552B0	PROVIDER_UUID_CORRELATED	1E952295-0CB3-4F87-A1DF-AE97012D1A40	Javelin::DetectedTargetInfoResponseHandler	462	COMMUNITY_REPORTED		CATALOG_NO_GETTER	2	0x142F44B3A->0x146162150;0x142F44B42->0x142F552B0
0x142F455A6	0x142F45560	0x142F455ED	0x142F554B0	PROVIDER_UUID_CORRELATED	36DE5446-5B74-45F9-B65E-597E80E6EFF3	Javelin::ClientMessages::DifficultyScaledByParticipantsComponentClientFacet_SyncDebugData	6851	COMMUNITY_REPORTED		CATALOG_NO_GETTER	2	0x142F4556A->0x146162150;0x142F45572->0x142F554B0
0x142F47776	0x142F47730	0x142F477BD	0x1425D3DA0	PROVIDER_UUID_CORRELATED	8A8DDEA0-A030-4C50-B068-629419CBA71F	Javelin::IComponentDebugHelperClient	4850	COMMUNITY_REPORTED		CATALOG_NO_GETTER	2	0x142F4773A->0x146162150;0x142F47742->0x1425D3DA0
0x142F47826	0x142F477E0	0x142F4786D	0x1425D3FA0	PROVIDER_UUID_CORRELATED	8BB6DA0A-F5D7-4597-B157-0EF5F5FB6E2E	Javelin::IComponentDebugHelperServer	4851	COMMUNITY_REPORTED		CATALOG_NO_GETTER	2	0x142F477EA->0x146162150;0x142F477F2->0x1425D3FA0
0x142F478D6	0x142F47890	0x142F4791D	0x142F558B0	PROVIDER_UUID_CORRELATED	BA18EE7D-C1E3-4E36-BCB4-00C3DD89E8E5	Javelin::ClientMessages::IComponentDebugHelperServer_RegisterClientForDebug	4852	COMMUNITY_REPORTED		CATALOG_NO_GETTER	2	0x142F4789A->0x146162150;0x142F478A2->0x142F558B0
0x142F47986	0x142F47940	0x142F479CD	0x142F55AB0	PROVIDER_UUID_CORRELATED	69B77ABB-B87A-4EB8-B466-2F14CD40E478	Javelin::ClientMessages::IComponentDebugHelperServer_UnregisterClientForDebug	4849	COMMUNITY_REPORTED		CATALOG_NO_GETTER	2	0x142F4794A->0x146162150;0x142F47952->0x142F55AB0
0x142F5DC86	0x142F5DC40	0x142F5DCCD	0x142F827D0	PROVIDER_UUID_CORRELATED	19A65AE7-0A3D-4CF5-B607-D6718F93C0CA	Javelin::LandClaimUpgradeInfo	2012	COMMUNITY_REPORTED		CATALOG_NO_GETTER	2	0x142F5DC4A->0x146162150;0x142F5DC52->0x142F827D0
0x142F5E346	0x142F5E300	0x142F5E38D	0x142F829D0	PROVIDER_UUID_CORRELATED	1DD4E09D-E7B9-44D6-B72B-859F6623E9CB	Javelin::ClientMessages::SettlementComponentServerFacet_OnTerritoryProgressionUpdateDebug	3091	COMMUNITY_REPORTED		CATALOG_NO_GETTER	2	0x142F5E30A->0x146162150;0x142F5E312->0x142F829D0
0x142F5F466	0x142F5F420	0x142F5F4AD	0x142F821D0	PROVIDER_UUID_CORRELATED	2A3BF0CE-782D-45E1-B717-E4024E2735F4	MB::LandClaimComponentReplicatedState	62	COMMUNITY_REPORTED		CATALOG_NO_GETTER	2	0x142F5F42A->0x146162150;0x142F5F432->0x142F821D0
0x142F60316	0x142F602D0	0x142F6035D	0x142F825D0	PROVIDER_UUID_CORRELATED	4FA6BCF5-5595-4595-8A84-9E1AB37B1C51	Javelin::ClientMessages::LandClaimManagerComponentServerFacet_DebugRequestSetFactionControlPointOwner	6036	COMMUNITY_REPORTED		CATALOG_NO_GETTER	2	0x142F602DA->0x146162150;0x142F602E2->0x142F825D0
0x142F60856	0x142F60810	0x142F6089D	0x142F823D0	PROVIDER_UUID_CORRELATED	ABBA1776-6E4C-4BA6-A831-6F4052AFC9C0	MB::LandClaimManagerComponentReplicatedState	3086	COMMUNITY_REPORTED		CATALOG_NO_GETTER	2	0x142F6081A->0x146162150;0x142F60822->0x142F823D0
0x142FA62B6	0x142FA6270	0x142FA62FD	0x142FF73E0	PROVIDER_UUID_CORRELATED	9EBFBF37-39BB-4591-9533-8B78AA68FEA5	Javelin::ClientMessages::DungeonEntranceClientFacet_OnDungeonActivateResult	3094	COMMUNITY_REPORTED		CATALOG_NO_GETTER	2	0x142FA627A->0x146162150;0x142FA6282->0x142FF73E0
0x142FA6366	0x142FA6320	0x142FA63AD	0x142FF79E0	PROVIDER_UUID_CORRELATED	BE270F08-1615-4CB3-B060-37CE5BD069E4	Javelin::ClientMessages::DungeonEntranceServerFacet_DebugUpdateRandomDungeon	1207	COMMUNITY_REPORTED		CATALOG_NO_GETTER	2	0x142FA632A->0x146162150;0x142FA6332->0x142FF79E0
0x142FA6416	0x142FA63D0	0x142FA645D	0x142FF77E0	PROVIDER_UUID_CORRELATED	CA412432-C4D1-4F02-AAE8-0CE8C45D2BB8	Javelin::ClientMessages::DungeonEntranceServerFacet_DebugEnterMutatedDungeon	3104	COMMUNITY_REPORTED		CATALOG_NO_GETTER	2	0x142FA63DA->0x146162150;0x142FA63E2->0x142FF77E0
0x142FA6B16	0x142FA6AD0	0x142FA6B5D	0x142FF75E0	PROVIDER_UUID_CORRELATED	276E6468-892B-43BA-80B2-F31F4CD8430D	Javelin::DungeonEntranceReplicatedState	3105	COMMUNITY_REPORTED		CATALOG_NO_GETTER	2	0x142FA6ADA->0x146162150;0x142FA6AE2->0x142FF75E0
0x142FA6CF6	0x142FA6CB0	0x142FA6D3D	0x142FF71E0	PROVIDER_UUID_CORRELATED	8D68FB93-B087-474F-9B5B-3FE33A8434AE	MB::DoorComponentReplicatedState	2330	COMMUNITY_REPORTED		CATALOG_NO_GETTER	2	0x142FA6CBA->0x146162150;0x142FA6CC2->0x142FF71E0
0x142FA7E06	0x142FA7DC0	0x142FA7E4D	0x142F82BD0	PROVIDER_UUID_CORRELATED	EFFA6EE9-EC43-4455-A4B6-25C2D3AD4796	Javelin::SettlementProgressionParams	3093	COMMUNITY_REPORTED		CATALOG_NO_GETTER	2	0x142FA7DCA->0x146162150;0x142FA7DD2->0x142F82BD0
0x143013556	0x143013510	0x14301359D	0x14303B110	PROVIDER_UUID_CORRELATED	FEAFABE8-6219-4C4A-9269-261D1E76878E	MB::EntitlementComponentReplicatedState	3133	COMMUNITY_REPORTED		CATALOG_NO_GETTER	2	0x14301351A->0x146162150;0x143013522->0x14303B110
0x143013866	0x143013820	0x1430138AD	0x143039B10	PROVIDER_UUID_CORRELATED	BBBA50F9-30DE-4820-9DF3-325C2E9C3464	Javelin::ClientMessages::EconomyTrackerComponentServerFacet_Debug_SyncMonitorData	4840	COMMUNITY_REPORTED		CATALOG_NO_GETTER	2	0x14301382A->0x146162150;0x143013832->0x143039B10
0x143013AF6	0x143013AB0	0x143013B3D	0x143039910	PROVIDER_UUID_CORRELATED	53B12317-307A-45C4-AE4B-99FFE4C96B3C	Javelin::ClientMessages::EconomyTrackerComponentServerFacet_Debug_ResetMonitorData	4841	COMMUNITY_REPORTED		CATALOG_NO_GETTER	2	0x143013ABA->0x146162150;0x143013AC2->0x143039910
0x143013C96	0x143013C50	0x143013CDD	0x143039710	PROVIDER_UUID_CORRELATED	07D6D2A3-399D-4DB9-8554-54D5532F4BAB	Javelin::ClientMessages::EconomyTrackerComponentClientFacet_Debug_OnSyncMonitorData	4839	COMMUNITY_REPORTED		CATALOG_NO_GETTER	2	0x143013C5A->0x146162150;0x143013C62->0x143039710
0x143015066	0x143015020	0x1430150AD	0x143039D10	PROVIDER_UUID_CORRELATED	E914DEF8-9548-497B-AF9B-970CECD50554	Javelin::ClientMessages::EntitlementComponentClientFacet_DebugReceiveInitializeTransactionResult	3107	COMMUNITY_REPORTED		CATALOG_NO_GETTER	2	0x14301502A->0x146162150;0x143015032->0x143039D10
0x143015356	0x143015310	0x14301539D	0x14303A110	PROVIDER_UUID_CORRELATED	64B18DFE-62C7-47AF-A496-C10CAA915D55	Javelin::ClientMessages::EntitlementComponentClientFacet_DebugReceiveTransactionResult	3110	COMMUNITY_REPORTED		CATALOG_NO_GETTER	2	0x14301531A->0x146162150;0x143015322->0x14303A110
0x143015C36	0x143015BF0	0x143015C7D	0x143039F10	PROVIDER_UUID_CORRELATED	5ADF8E8D-6CEB-4C78-82CD-42BD3C5103D9	Javelin::ClientMessages::EntitlementComponentClientFacet_DebugReceiveRefundTransactionResult	6264	COMMUNITY_REPORTED		CATALOG_NO_GETTER	2	0x143015BFA->0x146162150;0x143015C02->0x143039F10
0x143015F46	0x143015F00	0x143015F8D	0x14303C310	PROVIDER_UUID_CORRELATED	1E0472F4-1A69-40FD-8298-AFBF744AE3C7	Javelin::ClientMessages::EntitlementComponentServerFacet_DebugRequestUnlockGameplayEntitlement	3112	COMMUNITY_REPORTED		CATALOG_NO_GETTER	2	0x143015F0A->0x146162150;0x143015F12->0x14303C310
0x143016226	0x1430161E0	0x14301626D	0x14303C110	PROVIDER_UUID_CORRELATED	9B106769-7D74-426C-AD33-54DAFFB3CCD6	Javelin::ClientMessages::EntitlementComponentServerFacet_DebugRequestLockGameplayEntitlement	5253	COMMUNITY_REPORTED		CATALOG_NO_GETTER	2	0x1430161EA->0x146162150;0x1430161F2->0x14303C110
0x1430162D6	0x143016290	0x14301631D	0x14303AD10	PROVIDER_UUID_CORRELATED	B87209D2-13F3-4F4B-A7EA-BCA3222CE1CE	Javelin::ClientMessages::EntitlementComponentClientFacet_OnRequestSuccess	1285	COMMUNITY_REPORTED		CATALOG_NO_GETTER	2	0x14301629A->0x146162150;0x1430162A2->0x14303AD10
0x143016476	0x143016430	0x1430164BD	0x14303A910	PROVIDER_UUID_CORRELATED	519BE034-44F7-4340-A81B-9C72F9472F0E	Javelin::ClientMessages::EntitlementComponentClientFacet_OnRequestFail	3113	COMMUNITY_REPORTED		CATALOG_NO_GETTER	2	0x14301643A->0x146162150;0x143016442->0x14303A910
0x143016576	0x143016530	0x1430165BD	0x14303AB10	PROVIDER_UUID_CORRELATED	31CD6BE6-C9A6-4D4E-848F-0930429AAFAC	Javelin::ClientMessages::EntitlementComponentClientFacet_OnRequestInitialized	5936	COMMUNITY_REPORTED		CATALOG_NO_GETTER	2	0x14301653A->0x146162150;0x143016542->0x14303AB10
0x1430168B6	0x143016870	0x1430168FD	0x14303AF10	PROVIDER_UUID_CORRELATED	0B10E138-A578-4BBF-AE1B-8A5E987D5AED	Javelin::ClientMessages::EntitlementComponentClientFacet_OnShowPenaltyMessage	6696	COMMUNITY_REPORTED		CATALOG_NO_GETTER	2	0x14301687A->0x146162150;0x143016882->0x14303AF10
0x143016BC6	0x143016B80	0x143016C0D	0x14303A710	PROVIDER_UUID_CORRELATED	67FEC39B-A254-434C-AC1E-9837AD4CE8E1	Javelin::ClientMessages::EntitlementComponentClientFacet_OnMutePenaltyNotExpired	6695	COMMUNITY_REPORTED		CATALOG_NO_GETTER	2	0x143016B8A->0x146162150;0x143016B92->0x14303A710
0x1430171D6	0x143017190	0x14301721D	0x14303D110	PROVIDER_UUID_CORRELATED	6D5AAE20-B192-4623-BD39-54B77DD92FAA	Javelin::ClientMessages::EntitlementComponentServerFacet_RequestServerGetEntitlements	3118	COMMUNITY_REPORTED		CATALOG_NO_GETTER	2	0x14301719A->0x146162150;0x1430171A2->0x14303D110
0x1430173A6	0x143017360	0x1430173ED	0x14303D310	PROVIDER_UUID_CORRELATED	67D620BB-7D22-4553-B319-3320DE87B1FA	Javelin::ClientMessages::EntitlementComponentServerFacet_RequestServerSyncEntitlements	3120	COMMUNITY_REPORTED		CATALOG_NO_GETTER	2	0x14301736A->0x146162150;0x143017372->0x14303D310
0x143017746	0x143017700	0x14301778D	0x14303CF10	PROVIDER_UUID_CORRELATED	126A6E14-AD51-4FB0-A902-F482949552F5	Javelin::ClientMessages::EntitlementComponentServerFacet_RequestResetEntitlements	4821	COMMUNITY_REPORTED		CATALOG_NO_GETTER	2	0x14301770A->0x146162150;0x143017712->0x14303CF10
0x143017BD6	0x143017B90	0x143017C1D	0x14303D510	PROVIDER_UUID_CORRELATED	9574EA46-E196-4F87-AD86-3B713531C414	Javelin::ClientMessages::EntitlementComponentServerFacet_RequestSyncPrimeGaming	5005	COMMUNITY_REPORTED		CATALOG_NO_GETTER	2	0x143017B9A->0x146162150;0x143017BA2->0x14303D510
0x143017D76	0x143017D30	0x143017DBD	0x14303B710	PROVIDER_UUID_CORRELATED	67C97041-B839-4B0E-A8D5-49E68C47DB2C	Javelin::ClientMessages::EntitlementComponentServerFacet_ClientInitializeTransaction	898	COMMUNITY_REPORTED		CATALOG_NO_GETTER	2	0x143017D3A->0x146162150;0x143017D42->0x14303B710
0x143017F26	0x143017EE0	0x143017F6D	0x14303BB10	PROVIDER_UUID_CORRELATED	90F9A58E-2C09-4176-8E80-2EFDD3073A80	Javelin::ClientMessages::EntitlementComponentServerFacet_ConfirmTransactionWithClientTransactionId	5683	COMMUNITY_REPORTED		CATALOG_NO_GETTER	2	0x143017EEA->0x146162150;0x143017EF2->0x14303BB10
0x1430180D6	0x143018090	0x14301811D	0x14303B310	PROVIDER_UUID_CORRELATED	6A1B78C2-FBD5-4E4A-924C-1BFE4B6C04ED	Javelin::ClientMessages::EntitlementComponentServerFacet_ClientConfirmTransaction	6666	COMMUNITY_REPORTED		CATALOG_NO_GETTER	2	0x14301809A->0x146162150;0x1430180A2->0x14303B310
0x1430183E6	0x1430183A0	0x14301842D	0x14303B510	PROVIDER_UUID_CORRELATED	625424FD-9B72-45FD-805C-7D1C5199824C	Javelin::ClientMessages::EntitlementComponentServerFacet_ClientDeleteTransaction	6668	COMMUNITY_REPORTED		CATALOG_NO_GETTER	2	0x1430183AA->0x146162150;0x1430183B2->0x14303B510
0x143018656	0x143018610	0x14301869D	0x14303B910	PROVIDER_UUID_CORRELATED	0DF7274C-F57C-4E82-B505-9DA371D8AFE0	Javelin::ClientMessages::EntitlementComponentServerFacet_ClientTransactionCancelled	6667	COMMUNITY_REPORTED		CATALOG_NO_GETTER	2	0x14301861A->0x146162150;0x143018622->0x14303B910
0x143018706	0x1430186C0	0x14301874D	0x14303C910	PROVIDER_UUID_CORRELATED	E2E7BDA6-A399-446B-AC75-756F8BDBB4D4	Javelin::ClientMessages::EntitlementComponentServerFacet_InitializeTransaction	3126	COMMUNITY_REPORTED		CATALOG_NO_GETTER	2	0x1430186CA->0x146162150;0x1430186D2->0x14303C910
0x143018886	0x143018840	0x1430188CD	0x14303C510	PROVIDER_UUID_CORRELATED	06717C6F-EEDB-4969-BA3D-01708EDB8A73	Javelin::ClientMessages::EntitlementComponentServerFacet_DebugSetEntitlement	3128	COMMUNITY_REPORTED		CATALOG_NO_GETTER	2	0x14301884A->0x146162150;0x143018852->0x14303C510
0x143018AA6	0x143018A60	0x143018AED	0x14303C710	PROVIDER_UUID_CORRELATED	ADF31215-A45A-43BE-B1B9-3B08982C5DD8	Javelin::ClientMessages::EntitlementComponentServerFacet_DebugSetTransactionResponseReceiver	3129	COMMUNITY_REPORTED		CATALOG_NO_GETTER	2	0x143018A6A->0x146162150;0x143018A72->0x14303C710
0x143018FD6	0x143018F90	0x14301901D	0x14303BF10	PROVIDER_UUID_CORRELATED	89205113-638B-492F-A82B-9B6E792BE930	Javelin::ClientMessages::EntitlementComponentServerFacet_DebugRemoveAllConsumableEntitlements	5790	COMMUNITY_REPORTED		CATALOG_NO_GETTER	2	0x143018F9A->0x146162150;0x143018FA2->0x14303BF10
0x143019266	0x143019220	0x1430192AD	0x14303BD10	PROVIDER_UUID_CORRELATED	FF40C330-FD02-414F-A3CB-D943639539C0	Javelin::ClientMessages::EntitlementComponentServerFacet_DebugRefundTransaction	6265	COMMUNITY_REPORTED		CATALOG_NO_GETTER	2	0x14301922A->0x146162150;0x143019232->0x14303BD10
0x143019486	0x143019440	0x1430194CD	0x14303CB10	PROVIDER_UUID_CORRELATED	7CDFE9E7-4FBE-4713-8B4D-E42D5D380881	Javelin::ClientMessages::EntitlementComponentServerFacet_RequestClaimEntitlement	5107	COMMUNITY_REPORTED		CATALOG_NO_GETTER	2	0x14301944A->0x146162150;0x143019452->0x14303CB10
0x143019536	0x1430194F0	0x14301957D	0x14303CD10	PROVIDER_UUID_CORRELATED	24C56119-B9A6-4D62-8713-3B2B9E40B214	Javelin::ClientMessages::EntitlementComponentServerFacet_RequestMutePenaltyExpired	6697	COMMUNITY_REPORTED		CATALOG_NO_GETTER	2	0x1430194FA->0x146162150;0x143019502->0x14303CD10
0x1430196C6	0x143019680	0x14301970D	0x14303A310	PROVIDER_UUID_CORRELATED	367CDC10-4E89-4061-85E1-E5D238AD39DE	Javelin::ClientMessages::EntitlementComponentClientFacet_OnClaimEntitlementFail	5108	COMMUNITY_REPORTED		CATALOG_NO_GETTER	2	0x14301968A->0x146162150;0x143019692->0x14303A310
0x143019866	0x143019820	0x1430198AD	0x14303A510	PROVIDER_UUID_CORRELATED	1A1E6A14-6628-4D90-815D-EFFB81715B02	Javelin::ClientMessages::EntitlementComponentClientFacet_OnClaimEntitlementSuccess	5109	COMMUNITY_REPORTED		CATALOG_NO_GETTER	2	0x14301982A->0x146162150;0x143019832->0x14303A510
0x143054C56	0x143054C10	0x143054C9D	0x14306F3A0	PROVIDER_UUID_CORRELATED	677E1211-87E3-4F1F-AD6E-463B4C410354	Javelin::DetectionVolumeEventNotifications	3141	COMMUNITY_REPORTED		CATALOG_NO_GETTER	2	0x143054C1A->0x146162150;0x143054C22->0x14306F3A0
0x143055C86	0x143055C40	0x143055CCD	0x14306FBA0	PROVIDER_UUID_CORRELATED	E57667FC-2A07-40BB-8442-41162B20AD4B	Javelin::ClientMessages::TriggerEntityComponentClientFacet_SyncExecuteEntities	3135	COMMUNITY_REPORTED		CATALOG_NO_GETTER	2	0x143055C4A->0x146162150;0x143055C52->0x14306FBA0
0x1430561F6	0x1430561B0	0x14305623D	0x14306EFA0	PROVIDER_UUID_CORRELATED	38BAD100-B696-444B-88D3-44524A348FA9	Javelin::ClientMessages::DelayedEventComponentClientFacet_SyncState	2412	COMMUNITY_REPORTED		CATALOG_NO_GETTER	2	0x1430561BA->0x146162150;0x1430561C2->0x14306EFA0
0x1430562A6	0x143056260	0x1430562ED	0x14306F1A0	PROVIDER_UUID_CORRELATED	B42BA5BB-D0AA-4A0B-8974-6D0A754DCBD5	MB::DelayedEventComponentReplicatedState	3139	COMMUNITY_REPORTED		CATALOG_NO_GETTER	2	0x14305626A->0x146162150;0x143056272->0x14306F1A0
0x14307DBA6	0x14307DB60	0x14307DBED	0x14308BA10	PROVIDER_UUID_CORRELATED	083D6E80-4081-47B7-A477-BE9E7029AAFF	MB::DetectionVolumeEventReplicatedState	366	COMMUNITY_REPORTED		CATALOG_NO_GETTER	2	0x14307DB6A->0x146162150;0x14307DB72->0x14308BA10
0x14307E096	0x14307E050	0x14307E0DD	0x14308BE10	PROVIDER_UUID_CORRELATED	3415D503-FE91-4FA1-9FF4-B00D9CE03CF4	Javelin::ClientMessages::EventTimelineComponentServerFacet_DebugSkipToTimelineIndex	1498	COMMUNITY_REPORTED		CATALOG_NO_GETTER	2	0x14307E05A->0x146162150;0x14307E062->0x14308BE10
0x14307E356	0x14307E310	0x14307E39D	0x14308BC10	PROVIDER_UUID_CORRELATED	9E6EE43B-15F1-497B-9461-1F97E488AA10	MB::EventTimelineComponentReplicatedState	363	COMMUNITY_REPORTED		CATALOG_NO_GETTER	2	0x14307E31A->0x146162150;0x14307E322->0x14308BC10
0x14307E4D6	0x14307E490	0x14307E51D	0x14308C810	PROVIDER_UUID_CORRELATED	C0244027-73FB-4C7B-AA6F-670C87F34F1C	Javelin::IExampleComponentRemoteInterface	3149	COMMUNITY_REPORTED		CATALOG_NO_GETTER	2	0x14307E49A->0x146162150;0x14307E4A2->0x14308C810
0x14307E7C6	0x14307E780	0x14307E80D	0x14308C010	PROVIDER_UUID_CORRELATED	D581EBDB-B288-43DE-8235-9B5150F99C0F	Javelin::ClientMessages::ExampleComponentClientFacet_ClientMethodCallableFromServerFacet	3151	COMMUNITY_REPORTED		CATALOG_NO_GETTER	2	0x14307E78A->0x146162150;0x14307E792->0x14308C010
0x14307E876	0x14307E830	0x14307E8BD	0x14308C610	PROVIDER_UUID_CORRELATED	8B5DA42E-DC16-41B0-A51D-14CD2350304A	Javelin::ClientMessages::ExampleComponentServerFacet_ServerMethodCallableFromClientFacet	1516	COMMUNITY_REPORTED		CATALOG_NO_GETTER	2	0x14307E83A->0x146162150;0x14307E842->0x14308C610
0x14307E926	0x14307E8E0	0x14307E96D	0x14308C410	PROVIDER_UUID_CORRELATED	35DEB414-F547-405E-BA5B-14EFB93814EC	Javelin::ClientMessages::ExampleComponentServerFacet_ServerGmMethodCallableFromClientFacet	3153	COMMUNITY_REPORTED		CATALOG_NO_GETTER	2	0x14307E8EA->0x146162150;0x14307E8F2->0x14308C410
0x14307E9D6	0x14307E990	0x14307EA1D	0x14308C210	PROVIDER_UUID_CORRELATED	B9630DBA-0762-4C3F-A01D-C7DEA8A0FADF	Javelin::ClientMessages::ExampleComponentServerFacet_ServerDebugMethodCallableFromClientFacet	3154	COMMUNITY_REPORTED		CATALOG_NO_GETTER	2	0x14307E99A->0x146162150;0x14307E9A2->0x14308C210
0x1430968C6	0x143096880	0x14309690D	0x1430B3000	PROVIDER_UUID_CORRELATED	80A502FD-67EB-4A1B-87E3-B85004919249	MB::FactionComponentReplicatedState	3152	COMMUNITY_REPORTED		CATALOG_NO_GETTER	2	0x14309688A->0x146162150;0x143096892->0x1430B3000
0x143096976	0x143096930	0x1430969BD	0x1430B4E00	PROVIDER_UUID_CORRELATED	B3C5DA9F-0039-41B4-97AA-713131C6E57A	Javelin::FactionResponseHandler	2456	COMMUNITY_REPORTED		CATALOG_NO_GETTER	2	0x14309693A->0x146162150;0x143096942->0x1430B4E00
0x143096BE6	0x143096BA0	0x143096C2D	0x14306F5A0	PROVIDER_UUID_CORRELATED	37629AAC-0223-4DCF-BFC1-6E9183BBDDE0	Javelin::IFactionRemoteListener	1269	COMMUNITY_REPORTED		CATALOG_NO_GETTER	2	0x143096BAA->0x146162150;0x143096BB2->0x14306F5A0
0x143097BF6	0x143097BB0	0x143097C3D	0x1430B4A00	PROVIDER_UUID_CORRELATED	AB5536E6-A4F8-4FED-919E-8D851C07737C	Javelin::ClientMessages::FactionComponentServerFacet_RequestSetFaction	3161	COMMUNITY_REPORTED		CATALOG_NO_GETTER	2	0x143097BBA->0x146162150;0x143097BC2->0x1430B4A00
0x143097CA6	0x143097C60	0x143097CED	0x1430B4C00	PROVIDER_UUID_CORRELATED	9A443FBC-0434-49E9-AC04-5D117E4A8E55	Javelin::ClientMessages::FactionComponentServerFacet_RequestTogglePvpFlag	2525	COMMUNITY_REPORTED		CATALOG_NO_GETTER	2	0x143097C6A->0x146162150;0x143097C72->0x1430B4C00
0x143097E46	0x143097E00	0x143097E8D	0x1430B4800	PROVIDER_UUID_CORRELATED	5CC6F172-EA72-4AA2-8663-C4739646EF66	Javelin::ClientMessages::FactionComponentServerFacet_RequestEnablePvpFlagFromClient	1129	COMMUNITY_REPORTED		CATALOG_NO_GETTER	2	0x143097E0A->0x146162150;0x143097E12->0x1430B4800
0x143097EF6	0x143097EB0	0x143097F3D	0x1430B2E00	PROVIDER_UUID_CORRELATED	83C3D2BF-8691-428E-BCBF-9D8E18482165	Javelin::ClientMessages::FactionComponentClientFacet_OnHandleCrowdDispersalWarning	6490	COMMUNITY_REPORTED		CATALOG_NO_GETTER	2	0x143097EBA->0x146162150;0x143097EC2->0x1430B2E00
0x143097FA6	0x143097F60	0x143097FED	0x1430B3E00	PROVIDER_UUID_CORRELATED	53187A6B-6DE8-48BC-8FD5-4F3F0DC0D333	Javelin::ClientMessages::FactionComponentServerFacet_Debug_SetFaction	1932	COMMUNITY_REPORTED		CATALOG_NO_GETTER	2	0x143097F6A->0x146162150;0x143097F72->0x1430B3E00
0x1430980A6	0x143098060	0x1430980ED	0x1430B4600	PROVIDER_UUID_CORRELATED	ABB4834E-7C79-4B41-91B9-39AB1F86E7E2	Javelin::ClientMessages::FactionComponentServerFacet_Debug_TogglePvpFlag	3162	COMMUNITY_REPORTED		CATALOG_NO_GETTER	2	0x14309806A->0x146162150;0x143098072->0x1430B4600
0x1430982C6	0x143098280	0x14309830D	0x1430B3C00	PROVIDER_UUID_CORRELATED	05EF2BEF-22BF-4BFE-8C1F-54677F9DAEFD	Javelin::ClientMessages::FactionComponentServerFacet_Debug_ResetFactionCooldown	2020	COMMUNITY_REPORTED		CATALOG_NO_GETTER	2	0x14309828A->0x146162150;0x143098292->0x1430B3C00
0x1430984B6	0x143098470	0x1430984FD	0x1430B4000	PROVIDER_UUID_CORRELATED	C28CC2DB-C604-4A0C-BA4E-D760F635686A	Javelin::ClientMessages::FactionComponentServerFacet_Debug_SetFactionChangeCount	819	COMMUNITY_REPORTED		CATALOG_NO_GETTER	2	0x14309847A->0x146162150;0x143098482->0x1430B4000
0x143098696	0x143098650	0x1430986DD	0x1430B3600	PROVIDER_UUID_CORRELATED	EEF2A59E-ECC4-448A-81B6-9B0C556F5B75	Javelin::ClientMessages::FactionComponentServerFacet_Debug_EnablePvpValueDebugging	3163	COMMUNITY_REPORTED		CATALOG_NO_GETTER	2	0x14309865A->0x146162150;0x143098662->0x1430B3600
0x143098746	0x143098700	0x14309878D	0x1430B3A00	PROVIDER_UUID_CORRELATED	E7E9F792-AB71-4143-8E33-D387509A69E3	Javelin::ClientMessages::FactionComponentServerFacet_Debug_ForcePvpValue	3164	COMMUNITY_REPORTED		CATALOG_NO_GETTER	2	0x14309870A->0x146162150;0x143098712->0x1430B3A00
0x1430987F6	0x1430987B0	0x14309883D	0x1430B3800	PROVIDER_UUID_CORRELATED	9509C3AE-AFB2-4726-B9EB-6C6083715ED5	Javelin::ClientMessages::FactionComponentServerFacet_Debug_ForcePvpTime	5231	COMMUNITY_REPORTED		CATALOG_NO_GETTER	2	0x1430987BA->0x146162150;0x1430987C2->0x1430B3800
0x1430989A6	0x143098960	0x1430989ED	0x1430B4400	PROVIDER_UUID_CORRELATED	11EC935B-9A73-4EAF-8313-F7667F074BAA	Javelin::ClientMessages::FactionComponentServerFacet_Debug_ToggleFFAFlag	6408	COMMUNITY_REPORTED		CATALOG_NO_GETTER	2	0x14309896A->0x146162150;0x143098972->0x1430B4400
0x143098B26	0x143098AE0	0x143098B6D	0x1430B4200	PROVIDER_UUID_CORRELATED	DEF2E257-CF2A-4D39-A16D-C91789AEE1A2	Javelin::ClientMessages::FactionComponentServerFacet_Debug_ToggleFFACountdown	6409	COMMUNITY_REPORTED		CATALOG_NO_GETTER	2	0x143098AEA->0x146162150;0x143098AF2->0x1430B4200
0x143098D96	0x143098D50	0x143098DDD	0x1430B3200	PROVIDER_UUID_CORRELATED	A3DF8868-5934-4E37-AF95-108639CA8655	Javelin::ClientMessages::FactionComponentServerFacet_DEBUG_SetNearbyPlayerCount	6491	COMMUNITY_REPORTED		CATALOG_NO_GETTER	2	0x143098D5A->0x146162150;0x143098D62->0x1430B3200
0x143098E46	0x143098E00	0x143098E8D	0x1430B3400	PROVIDER_UUID_CORRELATED	E8371F4D-87A2-4F34-82F8-34183E5C5C7D	Javelin::ClientMessages::FactionComponentServerFacet_DEBUG_SyncDispersalData	6492	COMMUNITY_REPORTED		CATALOG_NO_GETTER	2	0x143098E0A->0x146162150;0x143098E12->0x1430B3400
0x1430990D6	0x143099090	0x14309911D	0x1430B2C00	PROVIDER_UUID_CORRELATED	A1177919-58DF-4215-9F5F-65C2C46F9F39	Javelin::ClientMessages::FactionComponentClientFacet_DEBUG_OnSyncDispersalData	6493	COMMUNITY_REPORTED		CATALOG_NO_GETTER	2	0x14309909A->0x146162150;0x1430990A2->0x1430B2C00
0x1430C7316	0x1430C72D0	0x1430C735D	0x1430B5000	PROVIDER_UUID_CORRELATED	B238669D-2996-4196-A14C-92C18CF5C0D0	Javelin::IFactionControlMessageHandler	3170	COMMUNITY_REPORTED		CATALOG_NO_GETTER	2	0x1430C72DA->0x146162150;0x1430C72E2->0x1430B5000
0x1430C79C6	0x1430C7980	0x1430C7A0D	0x1430E9590	PROVIDER_UUID_CORRELATED	4FE321B0-4195-415A-8D37-57E202683785	MB::FishingComponentReplicatedState	5338	COMMUNITY_REPORTED		CATALOG_NO_GETTER	2	0x1430C798A->0x146162150;0x1430C7992->0x1430E9590
0x1430C9296	0x1430C9250	0x1430C92DD	0x1430E8F90	PROVIDER_UUID_CORRELATED	35362743-0799-4905-B2F4-0DEB60C59DD8	Javelin::ClientMessages::FishingComponentClientFacet_OnBobberPositionReceived	2444	COMMUNITY_REPORTED		CATALOG_NO_GETTER	2	0x1430C925A->0x146162150;0x1430C9262->0x1430E8F90
0x1430C9436	0x1430C93F0	0x1430C947D	0x1430E9190	PROVIDER_UUID_CORRELATED	452BA349-C794-4FC9-9082-37B98044222B	Javelin::ClientMessages::FishingComponentClientFacet_OnFishingCatchDataReceived	3172	COMMUNITY_REPORTED		CATALOG_NO_GETTER	2	0x1430C93FA->0x146162150;0x1430C9402->0x1430E9190
0x1430C94E6	0x1430C94A0	0x1430C952D	0x1430E8D90	PROVIDER_UUID_CORRELATED	03BFB153-8CB4-482D-9245-2DB586D82F3D	Javelin::ClientMessages::FishingComponentClientFacet_OnBaitDataReceived	557	COMMUNITY_REPORTED		CATALOG_NO_GETTER	2	0x1430C94AA->0x146162150;0x1430C94B2->0x1430E8D90
0x1430C9596	0x1430C9550	0x1430C95DD	0x1430E9390	PROVIDER_UUID_CORRELATED	34827534-033C-4C13-878E-CA3CA579E420	Javelin::ClientMessages::FishingComponentClientFacet_OnNotifyPersonalBest	5398	COMMUNITY_REPORTED		CATALOG_NO_GETTER	2	0x1430C955A->0x146162150;0x1430C9562->0x1430E9390
0x1430C9646	0x1430C9600	0x1430C968D	0x1430EAD90	PROVIDER_UUID_CORRELATED	28AA9652-019D-4FBE-93D3-AD40615CA8E0	Javelin::ClientMessages::FishingComponentServerFacet_OpenBaitBoxAction	3173	COMMUNITY_REPORTED		CATALOG_NO_GETTER	2	0x1430C960A->0x146162150;0x1430C9612->0x1430EAD90
0x1430C96F6	0x1430C96B0	0x1430C973D	0x1430E9990	PROVIDER_UUID_CORRELATED	88343B87-0E4B-4B2D-BAC1-EE79BC17047F	Javelin::ClientMessages::FishingComponentServerFacet_CloseBaitBoxAction	3175	COMMUNITY_REPORTED		CATALOG_NO_GETTER	2	0x1430C96BA->0x146162150;0x1430C96C2->0x1430E9990
0x1430C97A6	0x1430C9760	0x1430C97ED	0x1430E9790	PROVIDER_UUID_CORRELATED	4DF3C6EA-EABC-4B31-9616-AC82BE899404	Javelin::ClientMessages::FishingComponentServerFacet_ApplyBaitAction	2309	COMMUNITY_REPORTED		CATALOG_NO_GETTER	2	0x1430C976A->0x146162150;0x1430C9772->0x1430E9790
0x1430C9A16	0x1430C99D0	0x1430C9A5D	0x1430EAB90	PROVIDER_UUID_CORRELATED	7F2DE159-B7AC-4A81-82F8-824909B7AE9A	Javelin::ClientMessages::FishingComponentServerFacet_OnFishingStateReceived	5339	COMMUNITY_REPORTED		CATALOG_NO_GETTER	2	0x1430C99DA->0x146162150;0x1430C99E2->0x1430EAB90
0x1430C9AC6	0x1430C9A80	0x1430C9B0D	0x1430E9F90	PROVIDER_UUID_CORRELATED	0C00CF3F-7420-45BB-AD58-68A6ECF6075D	Javelin::ClientMessages::FishingComponentServerFacet_DebugOpenBaitBoxAction	3176	COMMUNITY_REPORTED		CATALOG_NO_GETTER	2	0x1430C9A8A->0x146162150;0x1430C9A92->0x1430E9F90
0x1430C9B76	0x1430C9B30	0x1430C9BBD	0x1430E9B90	PROVIDER_UUID_CORRELATED	AE115690-D8FF-4A4A-96ED-12C46D76B250	Javelin::ClientMessages::FishingComponentServerFacet_DebugApplyBaitAction	3178	COMMUNITY_REPORTED		CATALOG_NO_GETTER	2	0x1430C9B3A->0x146162150;0x1430C9B42->0x1430E9B90
0x1430C9E26	0x1430C9DE0	0x1430C9E6D	0x1430E9D90	PROVIDER_UUID_CORRELATED	F15F942F-94FD-4DA2-B271-FA00A93B9D1A	Javelin::ClientMessages::FishingComponentServerFacet_DebugCloseBaitBoxAction	3179	COMMUNITY_REPORTED		CATALOG_NO_GETTER	2	0x1430C9DEA->0x146162150;0x1430C9DF2->0x1430E9D90
0x1430CA046	0x1430CA000	0x1430CA08D	0x1430EA190	PROVIDER_UUID_CORRELATED	71325DD7-B86C-434C-9DA5-DC1B77888612	Javelin::ClientMessages::FishingComponentServerFacet_DebugResetFishingAction	3181	COMMUNITY_REPORTED		CATALOG_NO_GETTER	2	0x1430CA00A->0x146162150;0x1430CA012->0x1430EA190
0x1430CA0F6	0x1430CA0B0	0x1430CA13D	0x1430EA790	PROVIDER_UUID_CORRELATED	3C4B3B21-E640-4E59-9408-9FE147861599	Javelin::ClientMessages::FishingComponentServerFacet_DebugSetLootRollModifier	1905	COMMUNITY_REPORTED		CATALOG_NO_GETTER	2	0x1430CA0BA->0x146162150;0x1430CA0C2->0x1430EA790
0x1430CA346	0x1430CA300	0x1430CA38D	0x1430EA990	PROVIDER_UUID_CORRELATED	4209F870-40E9-4D43-996B-A823BFE0DC45	Javelin::ClientMessages::FishingComponentServerFacet_DebugUpdateDebugParams	3006	COMMUNITY_REPORTED		CATALOG_NO_GETTER	2	0x1430CA30A->0x146162150;0x1430CA312->0x1430EA990
0x1430CA486	0x1430CA440	0x1430CA4CD	0x1430EA590	PROVIDER_UUID_CORRELATED	CD8BB7E8-3E11-4A87-891B-45E78126025B	Javelin::ClientMessages::FishingComponentServerFacet_DebugSetForcedFishId	3182	COMMUNITY_REPORTED		CATALOG_NO_GETTER	2	0x1430CA44A->0x146162150;0x1430CA452->0x1430EA590
0x1430CA796	0x1430CA750	0x1430CA7DD	0x1430EA390	PROVIDER_UUID_CORRELATED	30B50EE7-5FF1-4CC2-A9CD-B81D624A3561	Javelin::ClientMessages::FishingComponentServerFacet_DebugSetForcedFishBehaviorId	1716	COMMUNITY_REPORTED		CATALOG_NO_GETTER	2	0x1430CA75A->0x146162150;0x1430CA762->0x1430EA390
0x143100576	0x143100530	0x1431005BD	0x143117990	PROVIDER_UUID_CORRELATED	59B9807C-CE02-4611-81A3-F0DDCAC27900	MB::FtueIslandComponentReplicatedState	3194	COMMUNITY_REPORTED	0x143117990	CATALOG_GETTER_MATCH	2	0x14310053A->0x146162150;0x143100542->0x143117990
0x143102936	0x1431028F0	0x14310297D	0x143117790	PROVIDER_UUID_CORRELATED	C2A97536-74E8-46F2-A372-9D16BF072B6A	MB::FtueDetectionVolumeTeleportReplicatedState	1055	COMMUNITY_REPORTED		CATALOG_NO_GETTER	2	0x1431028FA->0x146162150;0x143102902->0x143117790
0x143122246	0x143122200	0x14312228D	0x143140E90	PROVIDER_UUID_CORRELATED	A40114DC-0C99-4D33-9E5A-FC9DC0315014	Javelin::ClientMessages::InvasionAgentComponentClientFacet_SyncDebugData	3196	COMMUNITY_REPORTED		CATALOG_NO_GETTER	2	0x14312220A->0x146162150;0x143122212->0x143140E90
0x1431226D6	0x143122690	0x14312271D	0x143141090	PROVIDER_UUID_CORRELATED	39F69D3D-D0A8-497B-8BB8-2EBEFA7BF8A2	Javelin::ClientMessages::InvasionComponentServerFacet_DebugStartInvasion	3197	COMMUNITY_REPORTED		CATALOG_NO_GETTER	2	0x14312269A->0x146162150;0x1431226A2->0x143141090
0x143122786	0x143122740	0x1431227CD	0x143141290	PROVIDER_UUID_CORRELATED	9C1971EE-C3D8-4A98-8365-917903C67943	Javelin::ClientMessages::InvasionComponentServerFacet_DebugStopInvasion	238	COMMUNITY_REPORTED		CATALOG_NO_GETTER	2	0x14312274A->0x146162150;0x143122752->0x143141290
0x143122836	0x1431227F0	0x14312287D	0x143141E90	PROVIDER_UUID_CORRELATED	0594B9E6-5F60-4641-81AE-A761CA7B95D7	Javelin::ClientMessages::InvasionObjectiveComponentServerFacet_RegisterClientForDebug	117	COMMUNITY_REPORTED		CATALOG_NO_GETTER	2	0x1431227FA->0x146162150;0x143122802->0x143141E90
0x1431228E6	0x1431228A0	0x14312292D	0x143142090	PROVIDER_UUID_CORRELATED	925A33EF-0B0C-48EA-ABD2-404A2926A977	Javelin::ClientMessages::InvasionObjectiveComponentServerFacet_UnregisterClientForDebug	60	COMMUNITY_REPORTED		CATALOG_NO_GETTER	2	0x1431228AA->0x146162150;0x1431228B2->0x143142090
0x143122996	0x143122950	0x1431229DD	0x143141690	PROVIDER_UUID_CORRELATED	AFEBD9F8-779C-4D39-986F-8678DF9433E5	Javelin::ClientMessages::InvasionObjectiveComponentClientFacet_SyncDebugData	3199	COMMUNITY_REPORTED		CATALOG_NO_GETTER	2	0x14312295A->0x146162150;0x143122962->0x143141690
0x143122A56	0x143122A10	0x143122A9D	0x143141A90	PROVIDER_UUID_CORRELATED	D3D362AD-967B-44A7-B54F-FFDD5967E1F7	Javelin::ClientMessages::InvasionObjectiveComponentClientFacet_SyncSlotCounts	3200	COMMUNITY_REPORTED		CATALOG_NO_GETTER	2	0x143122A1A->0x146162150;0x143122A22->0x143141A90
0x143122B06	0x143122AC0	0x143122B4D	0x143141890	PROVIDER_UUID_CORRELATED	06AE200E-3C2A-4096-808A-5CE22AAC1548	Javelin::ClientMessages::InvasionObjectiveComponentClientFacet_SyncLaneType	3201	COMMUNITY_REPORTED		CATALOG_NO_GETTER	2	0x143122ACA->0x146162150;0x143122AD2->0x143141890
0x143122C86	0x143122C40	0x143122CCD	0x143141C90	PROVIDER_UUID_CORRELATED	5AAB3000-C646-46E4-B533-78E7FCCBCCD4	Javelin::ClientMessages::InvasionObjectiveComponentClientFacet_ToggleAssignmentDisplayClient	3202	COMMUNITY_REPORTED		CATALOG_NO_GETTER	2	0x143122C4A->0x146162150;0x143122C52->0x143141C90
0x143150CE6	0x143150CA0	0x143150D2D	0x143162420	PROVIDER_UUID_CORRELATED	7216D409-A3B8-4F67-AC1E-8011DE319AAC	MB::VoidDestroyerComponentReplicatedState	3204	COMMUNITY_REPORTED		CATALOG_NO_GETTER	2	0x143150CAA->0x146162150;0x143150CB2->0x143162420
0x14316CD16	0x14316CCD0	0x14316CD5D	0x14318AED0	PROVIDER_UUID_CORRELATED	44528310-AAA5-4E1B-B8C1-68135B81CD06	MB::AchievementComponentReplicatedState	3210	COMMUNITY_REPORTED		CATALOG_NO_GETTER	2	0x14316CCDA->0x146162150;0x14316CCE2->0x14318AED0
0x143170FA6	0x143170F60	0x143170FED	0x14318BCD0	PROVIDER_UUID_CORRELATED	FE201D99-8F52-4163-AE94-F52EFF61E3AD	Javelin::ClientMessages::AchievementComponentServerFacet_DebugSetAllAchievements	3208	COMMUNITY_REPORTED		CATALOG_NO_GETTER	2	0x143170F6A->0x146162150;0x143170F72->0x14318BCD0
0x143171126	0x1431710E0	0x14317116D	0x14318C8D0	PROVIDER_UUID_CORRELATED	065A6D6A-F3ED-4003-9630-CE267A352325	Javelin::ClientMessages::AchievementComponentServerFacet_SetAchievementsByCategory	3111	COMMUNITY_REPORTED		CATALOG_NO_GETTER	2	0x1431710EA->0x146162150;0x1431710F2->0x14318C8D0
0x1431712C6	0x143171280	0x14317130D	0x14318B8D0	PROVIDER_UUID_CORRELATED	E3FFD356-2DEB-4DBF-B654-D1F33F3E7D83	Javelin::ClientMessages::AchievementComponentServerFacet_DebugSetAchievement	3209	COMMUNITY_REPORTED		CATALOG_NO_GETTER	2	0x14317128A->0x146162150;0x143171292->0x14318B8D0
0x1431714D6	0x143171490	0x14317151D	0x14318BED0	PROVIDER_UUID_CORRELATED	D6BC17DA-EB99-444D-B9BD-C6CBD2544AD3	Javelin::ClientMessages::AchievementComponentServerFacet_DebugSetAzothStaffAchievement	2124	COMMUNITY_REPORTED		CATALOG_NO_GETTER	2	0x14317149A->0x146162150;0x1431714A2->0x14318BED0
0x1431716F6	0x1431716B0	0x14317173D	0x14318C2D0	PROVIDER_UUID_CORRELATED	8DBCF179-301C-44B6-A2C3-27C8BC864020	Javelin::ClientMessages::AchievementComponentServerFacet_DebugSetFactionRankAchievements	4828	COMMUNITY_REPORTED		CATALOG_NO_GETTER	2	0x1431716BA->0x146162150;0x1431716C2->0x14318C2D0
0x143171876	0x143171830	0x1431718BD	0x14318C0D0	PROVIDER_UUID_CORRELATED	F4D33165-BB88-402C-8ADB-A6B8C717A079	Javelin::ClientMessages::AchievementComponentServerFacet_DebugSetCampingAchievement	5280	COMMUNITY_REPORTED		CATALOG_NO_GETTER	2	0x14317183A->0x146162150;0x143171842->0x14318C0D0
0x1431719F6	0x1431719B0	0x143171A3D	0x14318BAD0	PROVIDER_UUID_CORRELATED	3E226362-0A17-4C93-9CD0-85FF51E9392D	Javelin::ClientMessages::AchievementComponentServerFacet_DebugSetAchievementsByLoreChapter	6978	COMMUNITY_REPORTED		CATALOG_NO_GETTER	2	0x1431719BA->0x146162150;0x1431719C2->0x14318BAD0
0x143171D56	0x143171D10	0x143171D9D	0x14318C6D0	PROVIDER_UUID_CORRELATED	4D59D8C1-7A5B-4C0C-AC5A-88E80B7AB5D6	Javelin::ClientMessages::AchievementComponentServerFacet_RequestSetAchievementConditional	5224	COMMUNITY_REPORTED		CATALOG_NO_GETTER	2	0x143171D1A->0x146162150;0x143171D22->0x14318C6D0
0x143171ED6	0x143171E90	0x143171F1D	0x14318B6D0	PROVIDER_UUID_CORRELATED	49444919-4EFA-46E5-82F6-C8A6103CF0D1	Javelin::ClientMessages::AchievementComponentServerFacet_DebugRequestIndividualNPAServerState	6896	COMMUNITY_REPORTED		CATALOG_NO_GETTER	2	0x143171E9A->0x146162150;0x143171EA2->0x14318B6D0
0x143172146	0x143172100	0x14317218D	0x14318B4D0	PROVIDER_UUID_CORRELATED	5FA3C7D5-F059-4C5B-8190-8FACA0E70A8A	Javelin::ClientMessages::AchievementComponentServerFacet_DebugRequestForceEvaluateIndividualNPA	6897	COMMUNITY_REPORTED		CATALOG_NO_GETTER	2	0x14317210A->0x146162150;0x143172112->0x14318B4D0
0x1431722C6	0x143172280	0x14317230D	0x14318B2D0	PROVIDER_UUID_CORRELATED	65E102FA-5B3C-4D1E-9E4B-BA18B8C619C7	Javelin::ClientMessages::AchievementComponentServerFacet_DebugRequestForceEvaluateAllNPAs	6895	COMMUNITY_REPORTED		CATALOG_NO_GETTER	2	0x14317228A->0x146162150;0x143172292->0x14318B2D0
0x143172466	0x143172420	0x1431724AD	0x14318B0D0	PROVIDER_UUID_CORRELATED	62524FE9-B167-4214-8D8F-5F020DD635B0	Javelin::ClientMessages::AchievementComponentServerFacet_DebugRequestAllEvaluatedNPAsServerState	6892	COMMUNITY_REPORTED		CATALOG_NO_GETTER	2	0x14317242A->0x146162150;0x143172432->0x14318B0D0
0x1431725E6	0x1431725A0	0x14317262D	0x14318C4D0	PROVIDER_UUID_CORRELATED	19342F61-9A21-460D-AC14-F25EE548577F	Javelin::ClientMessages::AchievementComponentServerFacet_RequestEndgameGuideAchievement	6046	COMMUNITY_REPORTED		CATALOG_NO_GETTER	2	0x1431725AA->0x146162150;0x1431725B2->0x14318C4D0
0x143172AF6	0x143172AB0	0x143172B3D	0x14318ACD0	PROVIDER_UUID_CORRELATED	82D7D385-3DF8-409B-BDA1-1E38EAD8DAB4	Javelin::ClientMessages::AchievementComponentClientFacet_DebugIndividualNPAServerStateResponse	6894	COMMUNITY_REPORTED		CATALOG_NO_GETTER	2	0x143172ABA->0x146162150;0x143172AC2->0x14318ACD0
0x143172C36	0x143172BF0	0x143172C7D	0x14318AAD0	PROVIDER_UUID_CORRELATED	EF21CC3A-BD30-47C8-B7F5-7FABD7AF6A64	Javelin::ClientMessages::AchievementComponentClientFacet_DebugAllNPAsServerStateResponse	6893	COMMUNITY_REPORTED		CATALOG_NO_GETTER	2	0x143172BFA->0x146162150;0x143172C02->0x14318AAD0
0x1431974A6	0x143197460	0x1431974ED	0x1431C05A0	PROVIDER_UUID_CORRELATED	FB231DAA-384C-4A8C-A495-6BB558DACADD	Javelin::ClientMessages::EventNotificationComponentClientFacet_RequestSendNotification	3233	COMMUNITY_REPORTED		CATALOG_NO_GETTER	2	0x14319746A->0x146162150;0x143197472->0x1431C05A0
0x143197556	0x143197510	0x14319759D	0x1431C07A0	PROVIDER_UUID_CORRELATED	9A654FA2-6EA9-4412-9E66-67CBFD926978	Javelin::ClientMessages::EventNotificationComponentClientFacet_RequestSendNotificationWithReplacements	3234	COMMUNITY_REPORTED		CATALOG_NO_GETTER	2	0x14319751A->0x146162150;0x143197522->0x1431C07A0
0x1431976F6	0x1431976B0	0x14319773D	0x1431C09A0	PROVIDER_UUID_CORRELATED	F725B229-7E4B-4446-8BC2-FD6A54E92A9C	Javelin::ClientMessages::EventNotificationComponentClientFacet_SyncNotifications	3236	COMMUNITY_REPORTED		CATALOG_NO_GETTER	2	0x1431976BA->0x146162150;0x1431976C2->0x1431C09A0
0x143197886	0x143197840	0x1431978CD	0x1431C0BA0	PROVIDER_UUID_CORRELATED	62BB68D8-E17A-4FFF-9F80-49EAFF3669AC	Javelin::ClientMessages::EventNotificationComponentServerFacet_NotificationSent	3239	COMMUNITY_REPORTED		CATALOG_NO_GETTER	2	0x14319784A->0x146162150;0x143197852->0x1431C0BA0
0x143197936	0x1431978F0	0x14319797D	0x1431C0FA0	PROVIDER_UUID_CORRELATED	C2B736AA-D422-4774-9660-D4EFAC5EC0B1	Javelin::ClientMessages::EventNotificationComponentServerFacet_RequestSetNotificationsEnabled	3240	COMMUNITY_REPORTED		CATALOG_NO_GETTER	2	0x1431978FA->0x146162150;0x143197902->0x1431C0FA0
0x1431979E6	0x1431979A0	0x143197A2D	0x1431C0DA0	PROVIDER_UUID_CORRELATED	39CBD3F2-7B92-4E38-BFDF-88D31B9D36CF	Javelin::ClientMessages::EventNotificationComponentServerFacet_RequestClearNotifications	533	COMMUNITY_REPORTED		CATALOG_NO_GETTER	2	0x1431979AA->0x146162150;0x1431979B2->0x1431C0DA0
0x143199BF6	0x143199BB0	0x143199C3D	0x1431BFFA0	PROVIDER_UUID_CORRELATED	90A855FA-E941-4A02-9147-B6ED8E0FE2EB	Javelin::ClientMessages::ContributionComponentServerFacet_DebugKillEvent	3212	COMMUNITY_REPORTED		CATALOG_NO_GETTER	2	0x143199BBA->0x146162150;0x143199BC2->0x1431BFFA0
0x14319A746	0x14319A700	0x14319A78D	0x1431BFDA0	PROVIDER_UUID_CORRELATED	94DDD5E5-80E8-4538-B6C4-AD6747755DC1	MB::ContributionComponentReplicatedState	1982	COMMUNITY_REPORTED		CATALOG_NO_GETTER	2	0x14319A70A->0x146162150;0x14319A712->0x1431BFDA0
0x14319B396	0x14319B350	0x14319B3DD	0x1431C01A0	PROVIDER_UUID_CORRELATED	7FF79216-0E66-45CD-B194-E6F9018E1F02	Javelin::ClientMessages::ContributionTrackerComponentClientFacet_DebugSyncClient	2576	COMMUNITY_REPORTED		CATALOG_NO_GETTER	2	0x14319B35A->0x146162150;0x14319B362->0x1431C01A0
0x14319B446	0x14319B400	0x14319B48D	0x1431C03A0	PROVIDER_UUID_CORRELATED	B4894A0C-6B80-4570-AB7B-36D2ED23EC8E	Javelin::ClientMessages::ContributionTrackerComponentServerFacet_RequestDebugInfoEnabled	3231	COMMUNITY_REPORTED		CATALOG_NO_GETTER	2	0x14319B40A->0x146162150;0x14319B412->0x1431C03A0
0x1431D6176	0x1431D6130	0x1431D61BD	0x1431F2E90	PROVIDER_UUID_CORRELATED	B167627E-3A49-4D1E-BEF1-D617E2C478C1	Javelin::IHomesteadingNotificationsHack	3241	COMMUNITY_REPORTED		CATALOG_NO_GETTER	2	0x1431D613A->0x146162150;0x1431D6142->0x1431F2E90
0x1431D6226	0x1431D61E0	0x1431D626D	0x1431F2C90	PROVIDER_UUID_CORRELATED	983AAA68-237C-4D65-8D8E-D99D1D052A27	Javelin::ClientMessages::GameEventComponentServerFacet_ResetDailyBonuses	1777	COMMUNITY_REPORTED		CATALOG_NO_GETTER	2	0x1431D61EA->0x146162150;0x1431D61F2->0x1431F2C90
0x1431D62D6	0x1431D6290	0x1431D631D	0x1431F2A90	PROVIDER_UUID_CORRELATED	A27A5665-6C46-4D4B-A285-FEC97076E62B	Javelin::ClientMessages::GameEventComponentServerFacet_DebugSetForceDropAICoin	2435	COMMUNITY_REPORTED		CATALOG_NO_GETTER	2	0x1431D629A->0x146162150;0x1431D62A2->0x1431F2A90
0x1431D6386	0x1431D6340	0x1431D63CD	0x1431F2890	PROVIDER_UUID_CORRELATED	B1D72A8F-CA34-4E32-A0FC-0ACC37462449	Javelin::ClientMessages::GameEventComponentServerFacet_DebugSetForceDropAIAzoth	3242	COMMUNITY_REPORTED		CATALOG_NO_GETTER	2	0x1431D634A->0x146162150;0x1431D6352->0x1431F2890
0x1431D6436	0x1431D63F0	0x1431D647D	0x1431F2690	PROVIDER_UUID_CORRELATED	D847E904-3227-43E9-9571-37FFC77ACD08	Javelin::ClientMessages::GameEventComponentServerFacet_DebugGrantEventRewards	3243	COMMUNITY_REPORTED		CATALOG_NO_GETTER	2	0x1431D63FA->0x146162150;0x1431D6402->0x1431F2690
0x1431D6916	0x1431D68D0	0x1431D695D	0x1431F2290	PROVIDER_UUID_CORRELATED	AFB73601-0FBE-47BA-B101-C4DBDF2C7F14	Javelin::DailyBonus	3244	COMMUNITY_REPORTED		CATALOG_NO_GETTER	2	0x1431D68DA->0x146162150;0x1431D68E2->0x1431F2290
0x1431D6CC6	0x1431D6C80	0x1431D6D0D	0x1431F2490	PROVIDER_UUID_CORRELATED	8B6ADD1E-927D-42BF-B2C7-C9D1665AB82D	Javelin::GameEventComponentReplicatedState	497	COMMUNITY_REPORTED		CATALOG_NO_GETTER	2	0x1431D6C8A->0x146162150;0x1431D6C92->0x1431F2490
0x143208D36	0x143208CF0	0x143208D7D	0x143254600	PROVIDER_UUID_CORRELATED	29C85D30-11D5-43A6-A123-9A01E08190F3	Javelin::ClientMessages::GameMasterComponentServerFacet_SubscribeToRemotePlayerInventory	1582	COMMUNITY_REPORTED		CATALOG_NO_GETTER	2	0x143208CFA->0x146162150;0x143208D02->0x143254600
0x143209396	0x143209350	0x1432093DD	0x143254800	PROVIDER_UUID_CORRELATED	9A56F81D-931C-4A14-9ACC-BEBCCB91D885	Javelin::ClientMessages::GameMasterComponentServerFacet_TeleportPlayerToCurrentLocation	2551	COMMUNITY_REPORTED		CATALOG_NO_GETTER	2	0x14320935A->0x146162150;0x143209362->0x143254800
0x1432095B6	0x143209570	0x1432095FD	0x143253E00	PROVIDER_UUID_CORRELATED	CBBE2556-0E86-4F5E-BFBE-56896DE46437	Javelin::ClientMessages::GameMasterComponentServerFacet_ResetClaimOwnership	3246	COMMUNITY_REPORTED		CATALOG_NO_GETTER	2	0x14320957A->0x146162150;0x143209582->0x143253E00
0x143209796	0x143209750	0x1432097DD	0x143253C00	PROVIDER_UUID_CORRELATED	DF728D4D-E1B5-41E1-9738-B3AFD8106F18	Javelin::ClientMessages::GameMasterComponentServerFacet_RemoveSubscriptionFromRemotePlayerInventory	1813	COMMUNITY_REPORTED		CATALOG_NO_GETTER	2	0x14320975A->0x146162150;0x143209762->0x143253C00
0x143209916	0x1432098D0	0x14320995D	0x143254400	PROVIDER_UUID_CORRELATED	F1AAD3D3-1C56-451A-B7FB-7AC5F6B42521	Javelin::ClientMessages::GameMasterComponentServerFacet_ResetPlaytestBroker	3248	COMMUNITY_REPORTED		CATALOG_NO_GETTER	2	0x1432098DA->0x146162150;0x1432098E2->0x143254400
0x143209AB6	0x143209A70	0x143209AFD	0x143253A00	PROVIDER_UUID_CORRELATED	5E2808ED-CFCF-43BC-83FA-AF6659809C1E	Javelin::ClientMessages::GameMasterComponentServerFacet_GiveGoldToPlayer	4815	COMMUNITY_REPORTED		CATALOG_NO_GETTER	2	0x143209A7A->0x146162150;0x143209A82->0x143253A00
0x143209C56	0x143209C10	0x143209C9D	0x143256200	PROVIDER_UUID_CORRELATED	AF9DC5C2-EC5D-4FFD-94CD-984D4984161C	Javelin::GameModeResults	5242	COMMUNITY_REPORTED		CATALOG_NO_GETTER	2	0x143209C1A->0x146162150;0x143209C22->0x143256200
0x143209D06	0x143209CC0	0x143209D4D	0x143253600	PROVIDER_UUID_CORRELATED	535DCC99-A389-47C5-95A9-4EF115DD35D6	Javelin::ClientMessages::GameMasterComponentClientFacet_OnWarDataReceived	3253	COMMUNITY_REPORTED		CATALOG_NO_GETTER	2	0x143209CCA->0x146162150;0x143209CD2->0x143253600
0x143209F76	0x143209F30	0x143209FBD	0x143253800	PROVIDER_UUID_CORRELATED	E57F4F31-F8F4-4123-BEBE-DF35A5188542	Javelin::ClientMessages::GameMasterComponentClientFacet_TeleportToPlayerFailed	2668	COMMUNITY_REPORTED		CATALOG_NO_GETTER	2	0x143209F3A->0x146162150;0x143209F42->0x143253800
0x14320A116	0x14320A0D0	0x14320A15D	0x143254C00	PROVIDER_UUID_CORRELATED	63207B8D-8DF0-480D-826A-4F313F81C22C	Javelin::ClientMessages::GameMasterComponentServerFacet_TeleportToPlayerByCharacterId	26	COMMUNITY_REPORTED		CATALOG_NO_GETTER	2	0x14320A0DA->0x146162150;0x14320A0E2->0x143254C00
0x14320A426	0x14320A3E0	0x14320A46D	0x143254A00	PROVIDER_UUID_CORRELATED	E213AAC7-07B1-4BA9-97F3-490A92C6A40A	Javelin::ClientMessages::GameMasterComponentServerFacet_TeleportPlayerToMeByCharacterId	6765	COMMUNITY_REPORTED		CATALOG_NO_GETTER	2	0x14320A3EA->0x146162150;0x14320A3F2->0x143254A00
0x14320A5D6	0x14320A590	0x14320A61D	0x143254200	PROVIDER_UUID_CORRELATED	80B98CEA-B5F0-43C5-AA31-FEE8BCFC2ECD	Javelin::ClientMessages::GameMasterComponentServerFacet_ResetDailyWarCountForPlayer	5419	COMMUNITY_REPORTED		CATALOG_NO_GETTER	2	0x14320A59A->0x146162150;0x14320A5A2->0x143254200
0x14320A7C6	0x14320A780	0x14320A80D	0x143254000	PROVIDER_UUID_CORRELATED	2AF9E47C-3DEF-4DE2-A690-60CA9208AE6E	Javelin::ClientMessages::GameMasterComponentServerFacet_ResetDailyWarCountForAllPlayers	5413	COMMUNITY_REPORTED		CATALOG_NO_GETTER	2	0x14320A78A->0x146162150;0x14320A792->0x143254000
0x14320B946	0x14320B900	0x14320B98D	0x143255C00	PROVIDER_UUID_CORRELATED	ADF3812F-5F80-4B08-91F4-F5A1F04393AB	Javelin::ClientMessages::GameModeComponentServerFacet_RequestDebugStop	3269	COMMUNITY_REPORTED		CATALOG_NO_GETTER	2	0x14320B90A->0x146162150;0x14320B912->0x143255C00
0x14320BAA6	0x14320BA60	0x14320BAED	0x143256000	PROVIDER_UUID_CORRELATED	8E2AB97B-7114-4F0F-B092-E0E775B62B78	Javelin::ClientMessages::GameModeComponentServerFacet_RequestShowDebugMessage	1264	COMMUNITY_REPORTED		CATALOG_NO_GETTER	2	0x14320BA6A->0x146162150;0x14320BA72->0x143256000
0x14320BD76	0x14320BD30	0x14320BDBD	0x143255E00	PROVIDER_UUID_CORRELATED	FCD61723-BE76-4E57-A64D-960E33F07F93	Javelin::ClientMessages::GameModeComponentServerFacet_RequestSetBackfill	2348	COMMUNITY_REPORTED		CATALOG_NO_GETTER	2	0x14320BD3A->0x146162150;0x14320BD42->0x143255E00
0x14320C006	0x14320BFC0	0x14320C04D	0x143255000	PROVIDER_UUID_CORRELATED	5A3FA714-9BF7-48FC-9FF5-39782CB1F664	Javelin::ClientMessages::GameModeComponentServerFacet_DebugRequestGameModeEvent	4963	COMMUNITY_REPORTED		CATALOG_NO_GETTER	2	0x14320BFCA->0x146162150;0x14320BFD2->0x143255000
0x14320C4C6	0x14320C480	0x14320C50D	0x143255200	PROVIDER_UUID_CORRELATED	AD01BA13-44C3-43A2-AF12-24DA77342A8A	Javelin::ClientMessages::GameModeComponentServerFacet_DebugRequestSetScriptState	4978	COMMUNITY_REPORTED		CATALOG_NO_GETTER	2	0x14320C48A->0x146162150;0x14320C492->0x143255200
0x14320C806	0x14320C7C0	0x14320C84D	0x143255A00	PROVIDER_UUID_CORRELATED	18F41363-9051-4EEA-9B8B-B6117D98D4B3	Javelin::ClientMessages::GameModeComponentServerFacet_DebugSetReadiedUpStatus	6811	COMMUNITY_REPORTED		CATALOG_NO_GETTER	2	0x14320C7CA->0x146162150;0x14320C7D2->0x143255A00
0x14320C976	0x14320C930	0x14320C9BD	0x143255800	PROVIDER_UUID_CORRELATED	9DD24FCE-2574-4215-AC74-AA475C3FC90C	Javelin::ClientMessages::GameModeComponentServerFacet_DebugSetNumReadiedUpPlayersRequired	6823	COMMUNITY_REPORTED		CATALOG_NO_GETTER	2	0x14320C93A->0x146162150;0x14320C942->0x143255800
0x14320CB96	0x14320CB50	0x14320CBDD	0x143255400	PROVIDER_UUID_CORRELATED	017024E1-4FAC-4490-A169-4B0865A17710	Javelin::ClientMessages::GameModeComponentServerFacet_DebugSaveProceduralGeneration	6953	COMMUNITY_REPORTED		CATALOG_NO_GETTER	2	0x14320CB5A->0x146162150;0x14320CB62->0x143255400
0x14320CC46	0x14320CC00	0x14320CC8D	0x143255600	PROVIDER_UUID_CORRELATED	E717EFD1-868B-4E68-909F-4B916F1EDD92	Javelin::ClientMessages::GameModeComponentServerFacet_DebugSetDynamicDifficulty	7001	COMMUNITY_REPORTED		CATALOG_NO_GETTER	2	0x14320CC0A->0x146162150;0x14320CC12->0x143255600
0x14320CCF6	0x14320CCB0	0x14320CD3D	0x143254E00	PROVIDER_UUID_CORRELATED	B1C625C7-B9A3-4C3E-B1D1-58464A6D7A10	Javelin::ClientMessages::GameModeComponentClientFacet_OnReceivedDebugMessageFromServer	222	COMMUNITY_REPORTED		CATALOG_NO_GETTER	2	0x14320CCBA->0x146162150;0x14320CCC2->0x143254E00
0x14326DD46	0x14326DD00	0x14326DD8D	0x1432ADAD0	PROVIDER_UUID_CORRELATED	F8B391FF-9D75-4BD3-8BC1-3CBE1B0850FA	Javelin::ClientMessages::GameModeParticipantComponentClientFacet_OnLeftQueueForGameModeMsg	4970	COMMUNITY_REPORTED		CATALOG_NO_GETTER	2	0x14326DD0A->0x146162150;0x14326DD12->0x1432ADAD0
0x14326DE96	0x14326DE50	0x14326DEDD	0x1432AD8D0	PROVIDER_UUID_CORRELATED	812EA2D3-205B-49AA-A76E-70048BD46C60	Javelin::ClientMessages::GameModeParticipantComponentClientFacet_OnInviteUpdateMsg	5100	COMMUNITY_REPORTED		CATALOG_NO_GETTER	2	0x14326DE5A->0x146162150;0x14326DE62->0x1432AD8D0
0x14326E216	0x14326E1D0	0x14326E25D	0x1432AD4D0	PROVIDER_UUID_CORRELATED	86E02A7C-4A0B-44EE-8D9C-5DC78C6681E4	Javelin::ClientMessages::GameModeParticipantComponentClientFacet_OnGameModePlayerRemovedUpdate	6414	COMMUNITY_REPORTED		CATALOG_NO_GETTER	2	0x14326E1DA->0x146162150;0x14326E1E2->0x1432AD4D0
0x14326E896	0x14326E850	0x14326E8DD	0x1432ADED0	PROVIDER_UUID_CORRELATED	79B2904E-382D-4B0D-ADB4-E3CEC62400BE	Javelin::ClientMessages::GameModeParticipantComponentClientFacet_OnMatchmakingLoginRequested	5449	COMMUNITY_REPORTED		CATALOG_NO_GETTER	2	0x14326E85A->0x146162150;0x14326E862->0x1432ADED0
0x14326EDE6	0x14326EDA0	0x14326EE2D	0x1432AF8D0	PROVIDER_UUID_CORRELATED	C426AD2A-B247-46D3-8A4B-083C877F487D	Javelin::ClientMessages::GameModeParticipantComponentClientFacet_PlayGameModeCinematic	4941	COMMUNITY_REPORTED		CATALOG_NO_GETTER	2	0x14326EDAA->0x146162150;0x14326EDB2->0x1432AF8D0
0x14326EED6	0x14326EE90	0x14326EF1D	0x1432AE2D0	PROVIDER_UUID_CORRELATED	B01391D4-4DE8-404A-9414-8F28AB0C270D	Javelin::ClientMessages::GameModeParticipantComponentClientFacet_OnMatchmakingPersistenceFailed	5601	COMMUNITY_REPORTED		CATALOG_NO_GETTER	2	0x14326EE9A->0x146162150;0x14326EEA2->0x1432AE2D0
0x14326F236	0x14326F1F0	0x14326F27D	0x1432AE0D0	PROVIDER_UUID_CORRELATED	1CC1E77A-4C0E-47FA-A9C8-270E653F3475	Javelin::ClientMessages::GameModeParticipantComponentClientFacet_OnMatchmakingMatchCancelled	6228	COMMUNITY_REPORTED		CATALOG_NO_GETTER	2	0x14326F1FA->0x146162150;0x14326F202->0x1432AE0D0
0x14326F4F6	0x14326F4B0	0x14326F53D	0x1432AE4D0	PROVIDER_UUID_CORRELATED	FE4565BD-87C0-41AE-BA40-70F2B4E63530	Javelin::ClientMessages::GameModeParticipantComponentClientFacet_OnMatchmakingRoleSelectionPhaseCanceled	6296	COMMUNITY_REPORTED		CATALOG_NO_GETTER	2	0x14326F4BA->0x146162150;0x14326F4C2->0x1432AE4D0
0x14326F6E6	0x14326F6A0	0x14326F72D	0x1432AF4D0	PROVIDER_UUID_CORRELATED	8296A00D-7D52-4220-9DC3-60202E0769EC	Javelin::ClientMessages::GameModeParticipantComponentClientFacet_OnStartMatchmakingRoleSelection	6295	COMMUNITY_REPORTED		CATALOG_NO_GETTER	2	0x14326F6AA->0x146162150;0x14326F6B2->0x1432AF4D0
0x14326FC36	0x14326FBF0	0x14326FC7D	0x1432AEED0	PROVIDER_UUID_CORRELATED	B51AEEFE-9806-4B59-AE0E-9834554B6352	Javelin::ClientMessages::GameModeParticipantComponentClientFacet_OnReceiveDebugRequestMGResponse	6404	COMMUNITY_REPORTED		CATALOG_NO_GETTER	2	0x14326FBFA->0x146162150;0x14326FC02->0x1432AEED0
0x1432703B6	0x143270370	0x1432703FD	0x1432AD6D0	PROVIDER_UUID_CORRELATED	1B2B3EB1-4348-466E-A058-21E358400E18	Javelin::ClientMessages::GameModeParticipantComponentClientFacet_OnGameModeSchedulerRefreshed	6426	COMMUNITY_REPORTED		CATALOG_NO_GETTER	2	0x14327037A->0x146162150;0x143270382->0x1432AD6D0
0x143270826	0x1432707E0	0x14327086D	0x1432AD2D0	PROVIDER_UUID_CORRELATED	4627393E-3AE6-4F99-B990-5DE96D70D8AD	Javelin::ClientMessages::GameModeParticipantComponentClientFacet_OnGameModeLongTimeoutMsg	6800	COMMUNITY_REPORTED		CATALOG_NO_GETTER	2	0x1432707EA->0x146162150;0x1432707F2->0x1432AD2D0
0x143270BB6	0x143270B70	0x143270BFD	0x1432ACCD0	PROVIDER_UUID_CORRELATED	61DE024E-8D76-4663-85FF-12B2D842EFA0	Javelin::ClientMessages::GameModeParticipantComponentClientFacet_OnAcceptMatchmakingServiceMatchIgnoredMsg	6865	COMMUNITY_REPORTED		CATALOG_NO_GETTER	2	0x143270B7A->0x146162150;0x143270B82->0x1432ACCD0
0x143270FC6	0x143270F80	0x14327100D	0x1432B24D0	PROVIDER_UUID_CORRELATED	D65E5686-1D6D-47DD-82A3-91E7CA04A253	Javelin::ClientMessages::GameModeParticipantComponentServerFacet_OnRequestEndGameModeCinematic	4940	COMMUNITY_REPORTED		CATALOG_NO_GETTER	2	0x143270F8A->0x146162150;0x143270F92->0x1432B24D0
0x143271486	0x143271440	0x1432714CD	0x1432B36D0	PROVIDER_UUID_CORRELATED	89D0F887-3834-433B-BAB4-7804A4784E5F	Javelin::ClientMessages::GameModeParticipantComponentServerFacet_RequestJoinQueueForActivities	6254	COMMUNITY_REPORTED		CATALOG_NO_GETTER	2	0x14327144A->0x146162150;0x143271452->0x1432B36D0
0x143271606	0x1432715C0	0x14327164D	0x1432B3AD0	PROVIDER_UUID_CORRELATED	64BD0E94-A1AE-4FBD-9432-E615663EC6D5	Javelin::ClientMessages::GameModeParticipantComponentServerFacet_RequestJoinQueueForRandomActivities	6322	COMMUNITY_REPORTED		CATALOG_NO_GETTER	2	0x1432715CA->0x146162150;0x1432715D2->0x1432B3AD0
0x143271946	0x143271900	0x14327198D	0x1432B38D0	PROVIDER_UUID_CORRELATED	F575E523-F264-46AF-BDB5-B679FC303219	Javelin::ClientMessages::GameModeParticipantComponentServerFacet_RequestJoinQueueForGameMode	3109	COMMUNITY_REPORTED		CATALOG_NO_GETTER	2	0x14327190A->0x146162150;0x143271912->0x1432B38D0
0x143271FB6	0x143271F70	0x143271FFD	0x1432B40D0	PROVIDER_UUID_CORRELATED	0A1565BC-46C8-4E81-9BAD-A847CAEDFADD	Javelin::ClientMessages::GameModeParticipantComponentServerFacet_RequestLeaveQueueForGameMode	1066	COMMUNITY_REPORTED		CATALOG_NO_GETTER	2	0x143271F7A->0x146162150;0x143271F82->0x1432B40D0
0x1432723E6	0x1432723A0	0x14327242D	0x1432B3ED0	PROVIDER_UUID_CORRELATED	F129D79C-C2B5-45D9-8372-6B49EFC3DF5F	Javelin::ClientMessages::GameModeParticipantComponentServerFacet_RequestLeaveQueueForAllGameModes	2385	COMMUNITY_REPORTED		CATALOG_NO_GETTER	2	0x1432723AA->0x146162150;0x1432723B2->0x1432B3ED0
0x143272596	0x143272550	0x1432725DD	0x1432B48D0	PROVIDER_UUID_CORRELATED	4C6684A9-6988-4A05-94BD-118CE991A7D9	Javelin::GameModeParticipantReplicatedState	3312	COMMUNITY_REPORTED		CATALOG_NO_GETTER	2	0x14327255A->0x146162150;0x143272562->0x1432B48D0
0x143272A56	0x143272A10	0x143272A9D	0x1432AFAD0	PROVIDER_UUID_CORRELATED	89CF3F73-91B1-4A68-B654-4447FD8F5BF5	Javelin::ClientMessages::GameModeParticipantComponentServerFacet_AcceptMatchmakingServiceMatch	5741	COMMUNITY_REPORTED		CATALOG_NO_GETTER	2	0x143272A1A->0x146162150;0x143272A22->0x1432AFAD0
0x143272E06	0x143272DC0	0x143272E4D	0x1432B3CD0	PROVIDER_UUID_CORRELATED	D6B79513-6682-491C-B243-3C675CE771B6	Javelin::ClientMessages::GameModeParticipantComponentServerFacet_RequestLeaveGameMode	3309	COMMUNITY_REPORTED		CATALOG_NO_GETTER	2	0x143272DCA->0x146162150;0x143272DD2->0x1432B3CD0
0x1432733C6	0x143273380	0x14327340D	0x1432B44D0	PROVIDER_UUID_CORRELATED	4727C078-054C-4BD6-B155-87B07406AC81	Javelin::ClientMessages::GameModeParticipantComponentServerFacet_RequestSetMatchmakingRole	6272	COMMUNITY_REPORTED		CATALOG_NO_GETTER	2	0x14327338A->0x146162150;0x143273392->0x1432B44D0
0x1432737E6	0x1432737A0	0x14327382D	0x1432B26D0	PROVIDER_UUID_CORRELATED	9B74AE1B-977C-47BF-985A-0F245136A29A	Javelin::ClientMessages::GameModeParticipantComponentServerFacet_RequestCancelMatchmakingRoleSelectionPhase	6297	COMMUNITY_REPORTED		CATALOG_NO_GETTER	2	0x1432737AA->0x146162150;0x1432737B2->0x1432B26D0
0x143273D06	0x143273CC0	0x143273D4D	0x1432B20D0	PROVIDER_UUID_CORRELATED	50FE025F-FB2B-434C-9A9D-B3D252098B26	Javelin::ClientMessages::GameModeParticipantComponentServerFacet_OnReceivedClientEvent	1980	COMMUNITY_REPORTED		CATALOG_NO_GETTER	2	0x143273CCA->0x146162150;0x143273CD2->0x1432B20D0
0x143274236	0x1432741F0	0x14327427D	0x1432B42D0	PROVIDER_UUID_CORRELATED	B35F9D09-9BD4-48A1-A827-A08D201EF19F	Javelin::ClientMessages::GameModeParticipantComponentServerFacet_RequestModifyGroupEligibilityDataSubscription	6211	COMMUNITY_REPORTED		CATALOG_NO_GETTER	2	0x1432741FA->0x146162150;0x143274202->0x1432B42D0
0x1432743F6	0x1432743B0	0x14327443D	0x1432B1ED0	PROVIDER_UUID_CORRELATED	201ECD14-4FDA-4878-92C6-424C8598DFCF	Javelin::ClientMessages::GameModeParticipantComponentServerFacet_OnMatchmakingLoginConfirmed	5450	COMMUNITY_REPORTED		CATALOG_NO_GETTER	2	0x1432743BA->0x146162150;0x1432743C2->0x1432B1ED0
0x143274656	0x143274610	0x14327469D	0x1432B4AD0	PROVIDER_UUID_CORRELATED	78EA6535-BB84-4D6A-A5A3-747AF2F5167C	Javelin::GameModeReplicatedState	2343	COMMUNITY_REPORTED		CATALOG_NO_GETTER	2	0x14327461A->0x146162150;0x143274622->0x1432B4AD0
0x143274A76	0x143274A30	0x143274ABD	0x1432B46D0	PROVIDER_UUID_CORRELATED	0C9001D9-E9BB-4712-9EFA-725C359F9ADB	Javelin::ClientMessages::GameModeParticipantComponentServerFacet_SetReadiedUpStatus	6824	COMMUNITY_REPORTED		CATALOG_NO_GETTER	2	0x143274A3A->0x146162150;0x143274A42->0x1432B46D0
0x143274CB6	0x143274C70	0x143274CFD	0x143256400	PROVIDER_UUID_CORRELATED	E76AA98B-8214-4AE4-8D0B-C393F1267E5B	Javelin::IGameModeComponentExternalEventsHandler	3314	COMMUNITY_REPORTED		CATALOG_NO_GETTER	2	0x143274C7A->0x146162150;0x143274C82->0x143256400
0x143275406	0x1432753C0	0x14327544D	0x1432B4ED0	PROVIDER_UUID_CORRELATED	B262CAC8-97C6-4DBB-8625-FF8E8DCDC4F8	Javelin::IGameModeQueueListener	3317	COMMUNITY_REPORTED		CATALOG_NO_GETTER	2	0x1432753CA->0x146162150;0x1432753D2->0x1432B4ED0
0x143276C16	0x143276BD0	0x143276C5D	0x1432AFCD0	PROVIDER_UUID_CORRELATED	F5D15439-CB38-4916-9D04-117CAD417B78	Javelin::ClientMessages::GameModeParticipantComponentServerFacet_DbgRequestAdvanceToNextState	3271	COMMUNITY_REPORTED		CATALOG_NO_GETTER	2	0x143276BDA->0x146162150;0x143276BE2->0x1432AFCD0
0x143276E26	0x143276DE0	0x143276E6D	0x1432B00D0	PROVIDER_UUID_CORRELATED	D6C6E6F0-CEB9-4EBD-8C68-2B34B4B3467C	Javelin::ClientMessages::GameModeParticipantComponentServerFacet_DbgSetFlag	4830	COMMUNITY_REPORTED		CATALOG_NO_GETTER	2	0x143276DEA->0x146162150;0x143276DF2->0x1432B00D0
0x143276FE6	0x143276FA0	0x14327702D	0x1432AFED0	PROVIDER_UUID_CORRELATED	3A3FA74E-5DB0-41B4-B8B0-A8B92EF2D3B1	Javelin::ClientMessages::GameModeParticipantComponentServerFacet_DbgResetFlagOverride	4831	COMMUNITY_REPORTED		CATALOG_NO_GETTER	2	0x143276FAA->0x146162150;0x143276FB2->0x1432AFED0
0x143277096	0x143277050	0x1432770DD	0x1432B28D0	PROVIDER_UUID_CORRELATED	B81B32D1-9637-46B2-91BF-F04BF01B2791	Javelin::ClientMessages::GameModeParticipantComponentServerFacet_RequestDebugGetPersistentData	2963	COMMUNITY_REPORTED		CATALOG_NO_GETTER	2	0x14327705A->0x146162150;0x143277062->0x1432B28D0
0x1432773F6	0x1432773B0	0x14327743D	0x1432B30D0	PROVIDER_UUID_CORRELATED	69349047-4938-4E4B-9235-63AC5C6011B4	Javelin::ClientMessages::GameModeParticipantComponentServerFacet_RequestDebugSetMatchmakingRating	1127	COMMUNITY_REPORTED		CATALOG_NO_GETTER	2	0x1432773BA->0x146162150;0x1432773C2->0x1432B30D0
0x143277786	0x143277740	0x1432777CD	0x1432B2ED0	PROVIDER_UUID_CORRELATED	F7C96FC2-28FA-4CC6-ADC7-11252F81625F	Javelin::ClientMessages::GameModeParticipantComponentServerFacet_RequestDebugSetMRV2	6371	COMMUNITY_REPORTED		CATALOG_NO_GETTER	2	0x14327774A->0x146162150;0x143277752->0x1432B2ED0
0x143277E86	0x143277E40	0x143277ECD	0x1432B34D0	PROVIDER_UUID_CORRELATED	ED48B9CE-0121-453A-B282-BBFDD3FAD594	Javelin::ClientMessages::GameModeParticipantComponentServerFacet_RequestDebugSyncMRV2	6372	COMMUNITY_REPORTED		CATALOG_NO_GETTER	2	0x143277E4A->0x146162150;0x143277E52->0x1432B34D0
0x1432781E6	0x1432781A0	0x14327822D	0x1432B2AD0	PROVIDER_UUID_CORRELATED	C854CDE0-2CB7-4DCF-AA5A-891C48A63375	Javelin::ClientMessages::GameModeParticipantComponentServerFacet_RequestDebugQuickStart	3272	COMMUNITY_REPORTED		CATALOG_NO_GETTER	2	0x1432781AA->0x146162150;0x1432781B2->0x1432B2AD0
0x1432785A6	0x143278560	0x1432785ED	0x1432B2CD0	PROVIDER_UUID_CORRELATED	CCD38CB7-61DA-4AA6-A79F-18AF75ECC7A4	Javelin::ClientMessages::GameModeParticipantComponentServerFacet_RequestDebugResetAllQueueEligibleTimes	509	COMMUNITY_REPORTED		CATALOG_NO_GETTER	2	0x14327856A->0x146162150;0x143278572->0x1432B2CD0
0x1432787A6	0x143278760	0x1432787ED	0x1432B32D0	PROVIDER_UUID_CORRELATED	27496A66-B97C-4828-8FA7-FE527BD58A94	Javelin::ClientMessages::GameModeParticipantComponentServerFacet_RequestDebugSetQueueEligibleTime	5124	COMMUNITY_REPORTED		CATALOG_NO_GETTER	2	0x14327876A->0x146162150;0x143278772->0x1432B32D0
0x143278E76	0x143278E30	0x143278EBD	0x1432B08D0	PROVIDER_UUID_CORRELATED	F58DCBF9-6F80-4B7F-83FA-29422860567C	Javelin::ClientMessages::GameModeParticipantComponentServerFacet_DebugJoinMatchmakingServiceV2Queue	6267	COMMUNITY_REPORTED		CATALOG_NO_GETTER	2	0x143278E3A->0x146162150;0x143278E42->0x1432B08D0
0x143279406	0x1432793C0	0x14327944D	0x1432B02D0	PROVIDER_UUID_CORRELATED	4CDA6F13-A4B5-462B-9187-6BB9226F3699	Javelin::ClientMessages::GameModeParticipantComponentServerFacet_DebugDetermineAndGrantIncentiveRewards	6331	COMMUNITY_REPORTED		CATALOG_NO_GETTER	2	0x1432793CA->0x146162150;0x1432793D2->0x1432B02D0
0x143279666	0x143279620	0x1432796AD	0x1432B06D0	PROVIDER_UUID_CORRELATED	BD3F2FC2-FBEE-4409-8658-C9FF1DBBAF85	Javelin::ClientMessages::GameModeParticipantComponentServerFacet_DebugJoinMatchmakingServiceQueue	5445	COMMUNITY_REPORTED		CATALOG_NO_GETTER	2	0x14327962A->0x146162150;0x143279632->0x1432B06D0
0x143279E76	0x143279E30	0x143279EBD	0x1432B0AD0	PROVIDER_UUID_CORRELATED	2476300C-8C23-4DCA-8D3B-3ECFBC100814	Javelin::ClientMessages::GameModeParticipantComponentServerFacet_DebugLeaveMatchmakingServiceQueue	5554	COMMUNITY_REPORTED		CATALOG_NO_GETTER	2	0x143279E3A->0x146162150;0x143279E42->0x1432B0AD0
0x14327A346	0x14327A300	0x14327A38D	0x1432B1CD0	PROVIDER_UUID_CORRELATED	3476300C-8C23-4DCA-8D3B-3ECFBC100814	Javelin::ClientMessages::GameModeParticipantComponentServerFacet_DebugStartMatch	5993	COMMUNITY_REPORTED		CATALOG_NO_GETTER	2	0x14327A30A->0x146162150;0x14327A312->0x1432B1CD0
0x14327A6C6	0x14327A680	0x14327A70D	0x1432B18D0	PROVIDER_UUID_CORRELATED	0B0F874A-9C5A-4753-92C6-73683B577992	Javelin::ClientMessages::GameModeParticipantComponentServerFacet_DebugSetMatchmakingRole	6319	COMMUNITY_REPORTED		CATALOG_NO_GETTER	2	0x14327A68A->0x146162150;0x14327A692->0x1432B18D0
0x14327AAD6	0x14327AA90	0x14327AB1D	0x1432B1AD0	PROVIDER_UUID_CORRELATED	210263DA-9AB1-40A4-ACF7-CFD50FD2733A	Javelin::ClientMessages::GameModeParticipantComponentServerFacet_DebugSetPlayerMetadata	6358	COMMUNITY_REPORTED		CATALOG_NO_GETTER	2	0x14327AA9A->0x146162150;0x14327AAA2->0x1432B1AD0
0x14327ACF6	0x14327ACB0	0x14327AD3D	0x1432B16D0	PROVIDER_UUID_CORRELATED	0FAAAC89-00BA-4487-92E7-356BC6AA098E	Javelin::ClientMessages::GameModeParticipantComponentServerFacet_DebugResetPlayerMetadata	6357	COMMUNITY_REPORTED		CATALOG_NO_GETTER	2	0x14327ACBA->0x146162150;0x14327ACC2->0x1432B16D0
0x14327B016	0x14327AFD0	0x14327B05D	0x1432B04D0	PROVIDER_UUID_CORRELATED	3EDCBFE6-762D-4393-881A-829B5157DEF5	Javelin::ClientMessages::GameModeParticipantComponentServerFacet_DebugGetQueuedActivities	6407	COMMUNITY_REPORTED		CATALOG_NO_GETTER	2	0x14327AFDA->0x146162150;0x14327AFE2->0x1432B04D0
0x14327B306	0x14327B2C0	0x14327B34D	0x1432AD0D0	PROVIDER_UUID_CORRELATED	AA200BB0-C40F-49E4-9978-1DCD6CEC33AF	Javelin::ClientMessages::GameModeParticipantComponentClientFacet_OnDebugQueuedActivitiesReceived	6410	COMMUNITY_REPORTED		CATALOG_NO_GETTER	2	0x14327B2CA->0x146162150;0x14327B2D2->0x1432AD0D0
0x14327B5D6	0x14327B590	0x14327B61D	0x1432ACED0	PROVIDER_UUID_CORRELATED	CE7C7403-5786-4723-9195-9B543A188CE3	Javelin::ClientMessages::GameModeParticipantComponentClientFacet_OnDebugPersistentValuesMsg	3274	COMMUNITY_REPORTED		CATALOG_NO_GETTER	2	0x14327B59A->0x146162150;0x14327B5A2->0x1432ACED0
0x14327B6C6	0x14327B680	0x14327B70D	0x1432B22D0	PROVIDER_UUID_CORRELATED	BD37F1D2-CED0-4903-9984-D3764A2EA836	Javelin::ClientMessages::GameModeParticipantComponentServerFacet_OnReceivedDebugClientEvent	4911	COMMUNITY_REPORTED		CATALOG_NO_GETTER	2	0x14327B68A->0x146162150;0x14327B692->0x1432B22D0
0x14327BC66	0x14327BC20	0x14327BCAD	0x1432AF0D0	PROVIDER_UUID_CORRELATED	B3B2CC02-DD37-46A1-9DB2-E3CE47390F7F	Javelin::ClientMessages::GameModeParticipantComponentClientFacet_OnReceiveDebugSyncMRV2	6373	COMMUNITY_REPORTED		CATALOG_NO_GETTER	2	0x14327BC2A->0x146162150;0x14327BC32->0x1432AF0D0
0x14327C126	0x14327C0E0	0x14327C16D	0x1432B12D0	PROVIDER_UUID_CORRELATED	B8EB3129-E01C-446B-A8A1-15BA73763CC4	Javelin::ClientMessages::GameModeParticipantComponentServerFacet_DebugRequestMG	6399	COMMUNITY_REPORTED		CATALOG_NO_GETTER	2	0x14327C0EA->0x146162150;0x14327C0F2->0x1432B12D0
0x14327C3B6	0x14327C370	0x14327C3FD	0x1432B10D0	PROVIDER_UUID_CORRELATED	E4C0EFA7-C25D-4812-B3DB-B89F3E8BD8B6	Javelin::ClientMessages::GameModeParticipantComponentServerFacet_DebugRequestGameModeStatuses	6556	COMMUNITY_REPORTED		CATALOG_NO_GETTER	2	0x14327C37A->0x146162150;0x14327C382->0x1432B10D0
0x14327C536	0x14327C4F0	0x14327C57D	0x1432ACAD0	PROVIDER_UUID_CORRELATED	95E4B5CC-53AE-4C05-9E6D-41ECCA4816B1	Javelin::ClientMessages::GameModeParticipantComponentClientFacet_DebugReceiveGameModeStatus	6555	COMMUNITY_REPORTED		CATALOG_NO_GETTER	2	0x14327C4FA->0x146162150;0x14327C502->0x1432ACAD0
0x14327C6B6	0x14327C670	0x14327C6FD	0x1432AECD0	PROVIDER_UUID_CORRELATED	B729384B-51A7-4A29-994D-4AF98A876321	Javelin::ClientMessages::GameModeParticipantComponentClientFacet_OnReceiveDebugMRV2UpdateData	6789	COMMUNITY_REPORTED		CATALOG_NO_GETTER	2	0x14327C67A->0x146162150;0x14327C682->0x1432AECD0
0x14327C966	0x14327C920	0x14327C9AD	0x1432AEAD0	PROVIDER_UUID_CORRELATED	BE9BB63C-7473-42F6-86CC-23624494FC92	Javelin::ClientMessages::GameModeParticipantComponentClientFacet_OnReceiveDebugDungeonMasterStatus	6793	COMMUNITY_REPORTED		CATALOG_NO_GETTER	2	0x14327C92A->0x146162150;0x14327C932->0x1432AEAD0
0x14327CA56	0x14327CA10	0x14327CA9D	0x1432AC8D0	PROVIDER_UUID_CORRELATED	8E2FE2D6-C6CC-4372-A912-C097B39646CD	Javelin::ClientMessages::GameModeParticipantComponentClientFacet_DebugOnRecieveProceduralLevelJson	6961	COMMUNITY_REPORTED		CATALOG_NO_GETTER	2	0x14327CA1A->0x146162150;0x14327CA22->0x1432AC8D0
0x14327CF86	0x14327CF40	0x14327CFCD	0x1432B14D0	PROVIDER_UUID_CORRELATED	EBF0B269-EEBA-4077-9735-43C521188D89	Javelin::ClientMessages::GameModeParticipantComponentServerFacet_DebugRequestProceduralLevelJson	6955	COMMUNITY_REPORTED		CATALOG_NO_GETTER	2	0x14327CF4A->0x146162150;0x14327CF52->0x1432B14D0
0x14327D906	0x14327D8C0	0x14327D94D	0x1432B0CD0	PROVIDER_UUID_CORRELATED	E2339A48-4D42-4AF6-BCA7-BD28D2659BCD	Javelin::ClientMessages::GameModeParticipantComponentServerFacet_DebugLoadProceduralLevelJson	6959	COMMUNITY_REPORTED		CATALOG_NO_GETTER	2	0x14327D8CA->0x146162150;0x14327D8D2->0x1432B0CD0
0x14327DA06	0x14327D9C0	0x14327DA4D	0x1432B0ED0	PROVIDER_UUID_CORRELATED	B0BB0DA5-E714-4663-8F10-0207F028D939	Javelin::ClientMessages::GameModeParticipantComponentServerFacet_DebugReloadProceduralDatasheets	6958	COMMUNITY_REPORTED		CATALOG_NO_GETTER	2	0x14327D9CA->0x146162150;0x14327D9D2->0x1432B0ED0
0x14327DE66	0x14327DE20	0x14327DEAD	0x1432AF2D0	PROVIDER_UUID_CORRELATED	43AC283C-C7B9-42FF-BF12-49896FE2B24B	Javelin::ClientMessages::GameModeParticipantComponentClientFacet_OnStartCutsceneWithName	6969	COMMUNITY_REPORTED		CATALOG_NO_GETTER	2	0x14327DE2A->0x146162150;0x14327DE32->0x1432AF2D0
0x14327DFE6	0x14327DFA0	0x14327E02D	0x1432AF6D0	PROVIDER_UUID_CORRELATED	16F74585-D733-4A52-BA57-7B47AD15D86A	Javelin::ClientMessages::GameModeParticipantComponentClientFacet_OnStopCutsceneWithName	6970	COMMUNITY_REPORTED		CATALOG_NO_GETTER	2	0x14327DFAA->0x146162150;0x14327DFB2->0x1432AF6D0
0x14327E4F6	0x14327E4B0	0x14327E53D	0x1432AE6D0	PROVIDER_UUID_CORRELATED	188644F3-F557-4778-8E1A-F04F4B037C60	Javelin::ClientMessages::GameModeParticipantComponentClientFacet_OnQueueForGameModeFailedMsg	3310	COMMUNITY_REPORTED		CATALOG_NO_GETTER	2	0x14327E4BA->0x146162150;0x14327E4C2->0x1432AE6D0
0x14327E6A6	0x14327E660	0x14327E6ED	0x1432AE8D0	PROVIDER_UUID_CORRELATED	B630EEA7-4EAB-4E8B-A35A-E24CB4826801	Javelin::ClientMessages::GameModeParticipantComponentClientFacet_OnQueueGroupRemovedMsg	1234	COMMUNITY_REPORTED		CATALOG_NO_GETTER	2	0x14327E66A->0x146162150;0x14327E672->0x1432AE8D0
0x14327EB16	0x14327EAD0	0x14327EB5D	0x1432ADCD0	PROVIDER_UUID_CORRELATED	BDD6D113-F488-48FF-964A-B952B2B48B60	Javelin::ClientMessages::GameModeParticipantComponentClientFacet_OnMatchmakingForGameModeFailedMsg	3311	COMMUNITY_REPORTED		CATALOG_NO_GETTER	2	0x14327EADA->0x146162150;0x14327EAE2->0x1432ADCD0
0x1432DDCC6	0x1432DDC80	0x1432DDD0D	0x1432EE760	PROVIDER_UUID_CORRELATED	3EC36371-8CEB-46EA-8B61-5FC2E4D587AB	Javelin::ClientMessages::InstancedSlayerScriptComponentServerFacet_RequestDebugStart	6237	COMMUNITY_REPORTED		CATALOG_NO_GETTER	2	0x1432DDC8A->0x146162150;0x1432DDC92->0x1432EE760
0x1432DDD76	0x1432DDD30	0x1432DDDBD	0x1432EE560	PROVIDER_UUID_CORRELATED	97C84514-A8E0-4CD0-ADDE-A734A694930A	Javelin::ClientMessages::InstancedSlayerScriptComponentServerFacet_RequestDebugRegisterScript	6274	COMMUNITY_REPORTED		CATALOG_NO_GETTER	2	0x1432DDD3A->0x146162150;0x1432DDD42->0x1432EE560
0x1432DDE26	0x1432DDDE0	0x1432DDE6D	0x1432EE960	PROVIDER_UUID_CORRELATED	D4BAA50C-8224-4BD4-BAD7-50595A822278	Javelin::ClientMessages::InstancedSlayerScriptComponentServerFacet_RequestDebugStop	6231	COMMUNITY_REPORTED		CATALOG_NO_GETTER	2	0x1432DDDEA->0x146162150;0x1432DDDF2->0x1432EE960
0x1432DDED6	0x1432DDE90	0x1432DDF1D	0x1432EE360	PROVIDER_UUID_CORRELATED	CAA7DD8D-0395-402D-9F7F-FCF8479F6C45	Javelin::ClientMessages::InstancedSlayerScriptComponentServerFacet_DebugRequestSetScriptState	6232	COMMUNITY_REPORTED		CATALOG_NO_GETTER	2	0x1432DDE9A->0x146162150;0x1432DDEA2->0x1432EE360
0x1432DDF86	0x1432DDF40	0x1432DDFCD	0x1432EE160	PROVIDER_UUID_CORRELATED	CFED6BE8-8D58-4BFF-BD89-94DF8F1DE62C	Javelin::ClientMessages::InstancedSlayerScriptComponentServerFacet_DebugGetDebugData	6241	COMMUNITY_REPORTED		CATALOG_NO_GETTER	2	0x1432DDF4A->0x146162150;0x1432DDF52->0x1432EE160
0x1432DE036	0x1432DDFF0	0x1432DE07D	0x1432EDF60	PROVIDER_UUID_CORRELATED	E97D282B-544B-4936-A987-83036DBDDF5C	Javelin::ClientMessages::InstancedSlayerScriptComponentClientFacet_ReceiveDebugData	6229	COMMUNITY_REPORTED		CATALOG_NO_GETTER	2	0x1432DDFFA->0x146162150;0x1432DE002->0x1432EDF60
0x1432DE3D6	0x1432DE390	0x1432DE41D	0x1432EEB60	PROVIDER_UUID_CORRELATED	B5E124FB-D4D1-4479-9A0B-3623BEF6EF0B	Javelin::InstancedSlayerScriptReplicatedState	6234	COMMUNITY_REPORTED		CATALOG_NO_GETTER	2	0x1432DE39A->0x146162150;0x1432DE3A2->0x1432EEB60
0x1432DE626	0x1432DE5E0	0x1432DE66D	0x1432EDD60	PROVIDER_UUID_CORRELATED	81712734-685A-49B0-BA23-F9E5E5C97110	Javelin::IPlayerGameModeNotifications	4937	COMMUNITY_REPORTED		CATALOG_NO_GETTER	2	0x1432DE5EA->0x146162150;0x1432DE5F2->0x1432EDD60
0x1432DEC66	0x1432DEC20	0x1432DECAD	0x1432B52D0	PROVIDER_UUID_CORRELATED	D8D433B5-9701-4D03-AF18-C9B22CEE19EB	Javelin::MutationDataMessageHandler	6353	COMMUNITY_REPORTED		CATALOG_NO_GETTER	2	0x1432DEC2A->0x146162150;0x1432DEC32->0x1432B52D0
0x1432DFD86	0x1432DFD40	0x1432DFDCD	0x1432EDB60	PROVIDER_UUID_CORRELATED	73BF9B11-32FE-4ECD-9349-4ECE915D21BA	Javelin::IGameModeQueueStatusResponseHandler	1819	COMMUNITY_REPORTED		CATALOG_NO_GETTER	2	0x1432DFD4A->0x146162150;0x1432DFD52->0x1432EDB60
0x1432F82C6	0x1432F8280	0x1432F830D	0x143316E20	PROVIDER_UUID_CORRELATED	B4DB39E2-5054-4604-9855-9A4DC75BDDE4	MB::SlayerScriptReplicatedState	3362	COMMUNITY_REPORTED		CATALOG_NO_GETTER	2	0x1432F828A->0x146162150;0x1432F8292->0x143316E20
0x1432F8F76	0x1432F8F30	0x1432F8FBD	0x143316C20	PROVIDER_UUID_CORRELATED	CC74519F-DDC8-4200-B71D-25D534445AC4	Javelin::ClientMessages::SlayerScriptClientFacet_SendEntityEvent	5322	COMMUNITY_REPORTED		CATALOG_NO_GETTER	2	0x1432F8F3A->0x146162150;0x1432F8F42->0x143316C20
0x14332D236	0x14332D1F0	0x14332D27D	0x1433404B0	PROVIDER_UUID_CORRELATED	BFCAD32F-601E-44FC-A5B8-053D8D945EF6	Javelin::IGameModeMutationListener	3363	COMMUNITY_REPORTED		CATALOG_NO_GETTER	2	0x14332D1FA->0x146162150;0x14332D202->0x1433404B0
0x14332DA96	0x14332DA50	0x14332DADD	0x14333FCB0	PROVIDER_UUID_CORRELATED	EC02666D-1A0E-4D3F-BAAE-0093944A3266	Javelin::ClientMessages::GameModeMutationSchedulerComponentServerFacet_DEBUG_RequestRefreshMutationSchedule	2209	COMMUNITY_REPORTED		CATALOG_NO_GETTER	2	0x14332DA5A->0x146162150;0x14332DA62->0x14333FCB0
0x14332DB46	0x14332DB00	0x14332DB8D	0x14333FEB0	PROVIDER_UUID_CORRELATED	7317628D-6B0D-4793-8ABB-65D69AEF9B40	Javelin::ClientMessages::GameModeMutationSchedulerComponentServerFacet_DEBUG_RequestSetMutationForGameMode	3366	COMMUNITY_REPORTED		CATALOG_NO_GETTER	2	0x14332DB0A->0x146162150;0x14332DB12->0x14333FEB0
0x14332DBF6	0x14332DBB0	0x14332DC3D	0x1433400B0	PROVIDER_UUID_CORRELATED	04588913-58CE-44F8-826A-A34ECDCD66EF	Javelin::ClientMessages::GameModeMutationSchedulerComponentServerFacet_DEBUG_RequestStartMutationCadenceTimers	4847	COMMUNITY_REPORTED		CATALOG_NO_GETTER	2	0x14332DBBA->0x146162150;0x14332DBC2->0x1433400B0
0x14332E136	0x14332E0F0	0x14332E17D	0x1433402B0	PROVIDER_UUID_CORRELATED	D0D4C4D1-5489-4AE8-941D-4DB70E2A8AB9	Javelin::GameModeMutationSchedulerReplicatedState	2201	COMMUNITY_REPORTED		CATALOG_NO_GETTER	2	0x14332E0FA->0x146162150;0x14332E102->0x1433402B0
0x14334F4E6	0x14334F4A0	0x14334F52D	0x14336E820	PROVIDER_UUID_CORRELATED	6343C49D-77FE-4446-B7F7-559E6C958150	Javelin::ClientMessages::GatherableControllerComponentClientFacet_GatheringInterrupted	2724	COMMUNITY_REPORTED		CATALOG_NO_GETTER	2	0x14334F4AA->0x146162150;0x14334F4B2->0x14336E820
0x14334F596	0x14334F550	0x14334F5DD	0x14336EC20	PROVIDER_UUID_CORRELATED	B5F7BC49-E27B-467F-B4E4-4D7F201E0902	Javelin::ClientMessages::GatherableControllerComponentClientFacet_StartEmoteGathering	5192	COMMUNITY_REPORTED		CATALOG_NO_GETTER	2	0x14334F55A->0x146162150;0x14334F562->0x14336EC20
0x14334F766	0x14334F720	0x14334F7AD	0x14336EA20	PROVIDER_UUID_CORRELATED	23123472-30F6-4366-9222-DBB60D552EE5	Javelin::ClientMessages::GatherableControllerComponentClientFacet_RequestOpenStorage	6981	COMMUNITY_REPORTED		CATALOG_NO_GETTER	2	0x14334F72A->0x146162150;0x14334F732->0x14336EA20
0x14334F816	0x14334F7D0	0x14334F85D	0x14336EE20	PROVIDER_UUID_CORRELATED	31BB5B65-5151-49D6-B604-BD04B419A99C	Javelin::ClientMessages::GatherableControllerComponentServerFacet_SetStateDebugClient	851	COMMUNITY_REPORTED		CATALOG_NO_GETTER	2	0x14334F7DA->0x146162150;0x14334F7E2->0x14336EE20
0x143384AB6	0x143384A70	0x143384AFD	0x1433B6F40	PROVIDER_UUID_CORRELATED	A02118E0-94AB-4945-B421-1FABFB0C4806	Javelin::PlayerGenericInviteReplicatedState	3408	COMMUNITY_REPORTED		CATALOG_NO_GETTER	2	0x143384A7A->0x146162150;0x143384A82->0x1433B6F40
0x143385AD6	0x143385A90	0x143385B1D	0x1433B6140	PROVIDER_UUID_CORRELATED	1E2E3814-B8BB-44C8-AD07-2075B5D1D4FF	Javelin::GenericInviteGDEInstantiation	2870	COMMUNITY_REPORTED		CATALOG_NO_GETTER	2	0x143385A9A->0x146162150;0x143385AA2->0x1433B6140
0x1433860F6	0x1433860B0	0x14338613D	0x1433B6340	PROVIDER_UUID_CORRELATED	E1C16B87-EEF6-423C-A7C3-5A7DF2520F96	Javelin::IGenericInviteHandler	255	COMMUNITY_REPORTED		CATALOG_NO_GETTER	2	0x1433860BA->0x146162150;0x1433860C2->0x1433B6340
0x143386296	0x143386250	0x1433862DD	0x1433B6540	PROVIDER_UUID_CORRELATED	7B1B1E38-748F-4F43-B85E-90ABF6E8699E	Javelin::ClientMessages::PlayerGenericInviteComponentClientFacet_OnInviteFailed	2454	COMMUNITY_REPORTED		CATALOG_NO_GETTER	2	0x14338625A->0x146162150;0x143386262->0x1433B6540
0x1433864F6	0x1433864B0	0x14338653D	0x1433B6B40	PROVIDER_UUID_CORRELATED	52A12F6E-E01A-4225-8E40-685F1527E1BC	Javelin::ClientMessages::PlayerGenericInviteComponentServerFacet_RequestSendNewInvite	3404	COMMUNITY_REPORTED		CATALOG_NO_GETTER	2	0x1433864BA->0x146162150;0x1433864C2->0x1433B6B40
0x143386736	0x1433866F0	0x14338677D	0x1433B6940	PROVIDER_UUID_CORRELATED	A936C684-64C3-4E70-944E-1DA11862E54A	Javelin::ClientMessages::PlayerGenericInviteComponentServerFacet_RequestReplyToInvite	3406	COMMUNITY_REPORTED		CATALOG_NO_GETTER	2	0x1433866FA->0x146162150;0x143386702->0x1433B6940
0x1433868A6	0x143386860	0x1433868ED	0x1433B6D40	PROVIDER_UUID_CORRELATED	FE69FDD2-2317-4D67-B35B-6E9F1A8DE51B	Javelin::ClientMessages::PlayerGenericInviteComponentServerFacet_SyncDisabledOptions	227	COMMUNITY_REPORTED		CATALOG_NO_GETTER	2	0x14338686A->0x146162150;0x143386872->0x1433B6D40
0x143386AE6	0x143386AA0	0x143386B2D	0x1433B6740	PROVIDER_UUID_CORRELATED	CB7B057C-91F4-43E7-9F19-40EDA8BFC08E	Javelin::ClientMessages::PlayerGenericInviteComponentServerFacet_OnOptionChanged	3407	COMMUNITY_REPORTED		CATALOG_NO_GETTER	2	0x143386AAA->0x146162150;0x143386AB2->0x1433B6740
0x1433C8156	0x1433C8110	0x1433C819D	0x1433E5890	PROVIDER_UUID_CORRELATED	FFF70267-EC9E-403F-95DE-A35FD8AD44DB	Javelin::GenericParameter	1668	COMMUNITY_REPORTED		CATALOG_NO_GETTER	2	0x1433C811A->0x146162150;0x1433C8122->0x1433E5890
0x1433C8336	0x1433C82F0	0x1433C837D	0x1433E5090	PROVIDER_UUID_CORRELATED	A504647D-77FF-455F-8399-03693935F541	Javelin::BooleanParameter	3072	COMMUNITY_REPORTED		CATALOG_NO_GETTER	2	0x1433C82FA->0x146162150;0x1433C8302->0x1433E5090
0x1433C83E6	0x1433C83A0	0x1433C842D	0x1433E5490	PROVIDER_UUID_CORRELATED	D817306D-6512-49D0-BDA9-F1287E56A17B	Javelin::FloatParameter	3410	COMMUNITY_REPORTED		CATALOG_NO_GETTER	2	0x1433C83AA->0x146162150;0x1433C83B2->0x1433E5490
0x1433C8496	0x1433C8450	0x1433C84DD	0x1433E6290	PROVIDER_UUID_CORRELATED	3439FF18-942F-434C-9039-9262FFC43B0E	Javelin::IntegerParameter	3411	COMMUNITY_REPORTED		CATALOG_NO_GETTER	2	0x1433C845A->0x146162150;0x1433C8462->0x1433E6290
0x1433C8546	0x1433C8500	0x1433C858D	0x1433E6C90	PROVIDER_UUID_CORRELATED	5A735A09-17F8-4525-B440-8C97997CB616	Javelin::StringParameter	830	COMMUNITY_REPORTED		CATALOG_NO_GETTER	2	0x1433C850A->0x146162150;0x1433C8512->0x1433E6C90
0x1433C85F6	0x1433C85B0	0x1433C863D	0x1433E5A90	PROVIDER_UUID_CORRELATED	581CBFDF-C064-48AD-9BE2-2C60DB91A032	Javelin::GenericValue	3413	COMMUNITY_REPORTED		CATALOG_NO_GETTER	2	0x1433C85BA->0x146162150;0x1433C85C2->0x1433E5A90
0x1433C86A6	0x1433C8660	0x1433C86ED	0x1433E5290	PROVIDER_UUID_CORRELATED	432B0ACA-3BBD-4654-95A4-A82DC74FA53E	Javelin::BooleanValue	1571	COMMUNITY_REPORTED		CATALOG_NO_GETTER	2	0x1433C866A->0x146162150;0x1433C8672->0x1433E5290
0x1433C8756	0x1433C8710	0x1433C879D	0x1433E5690	PROVIDER_UUID_CORRELATED	1197D7CE-5E9A-43FE-A02A-041BDDDDD6A3	Javelin::FloatValue	2867	COMMUNITY_REPORTED		CATALOG_NO_GETTER	2	0x1433C871A->0x146162150;0x1433C8722->0x1433E5690
0x1433C8806	0x1433C87C0	0x1433C884D	0x1433E6490	PROVIDER_UUID_CORRELATED	4272BA5F-0938-4C8F-9750-C845452EADDD	Javelin::IntegerValue	1878	COMMUNITY_REPORTED		CATALOG_NO_GETTER	2	0x1433C87CA->0x146162150;0x1433C87D2->0x1433E6490
0x1433C88B6	0x1433C8870	0x1433C88FD	0x1433E6E90	PROVIDER_UUID_CORRELATED	83291DB8-63E1-4ED2-8D37-4945D64B8559	Javelin::StringValue	3414	COMMUNITY_REPORTED		CATALOG_NO_GETTER	2	0x1433C887A->0x146162150;0x1433C8882->0x1433E6E90
0x1433C9816	0x1433C97D0	0x1433C985D	0x1433E5C90	PROVIDER_UUID_CORRELATED	DDB5C4F4-745D-448E-AB12-C5EE86B0F796	Javelin::GroupDataComponentReplicatedState	3451	COMMUNITY_REPORTED		CATALOG_NO_GETTER	2	0x1433C97DA->0x146162150;0x1433C97E2->0x1433E5C90
0x1433F8456	0x1433F8410	0x1433F849D	0x14343F5B0	PROVIDER_UUID_CORRELATED	A02F33A2-5A01-449B-9864-5A724C6A691E	Javelin::ClientMessages::GroupsComponentServerFacet_CancelTargetPing	3491	COMMUNITY_REPORTED		CATALOG_NO_GETTER	2	0x1433F841A->0x146162150;0x1433F8422->0x14343F5B0
0x1433F8AC6	0x1433F8A80	0x1433F8B0D	0x143442FB0	PROVIDER_UUID_CORRELATED	D0DD3BE7-67FC-4EEB-9846-A71F33BD7E72	Javelin::ClientMessages::GroupsComponentServerFacet_RequestGroupInvite	3492	COMMUNITY_REPORTED		CATALOG_NO_GETTER	2	0x1433F8A8A->0x146162150;0x1433F8A92->0x143442FB0
0x1433F91B6	0x1433F9170	0x1433F91FD	0x1434415B0	PROVIDER_UUID_CORRELATED	66C3DC9B-CF53-4927-80FE-C76E9DEADB61	Javelin::ClientMessages::GroupsComponentServerFacet_RequestBatchGroupInvites	2340	COMMUNITY_REPORTED		CATALOG_NO_GETTER	2	0x1433F917A->0x146162150;0x1433F9182->0x1434415B0
0x1433F99D6	0x1433F9990	0x1433F9A1D	0x143444DB0	PROVIDER_UUID_CORRELATED	74111235-A5AD-49AF-A034-D20BFF86C5ED	Javelin::ClientMessages::GroupsComponentServerFacet_RequestReplyToGroupInvite	3495	COMMUNITY_REPORTED		CATALOG_NO_GETTER	2	0x1433F999A->0x146162150;0x1433F99A2->0x143444DB0
0x1433FA036	0x1433F9FF0	0x1433FA07D	0x1434467B0	PROVIDER_UUID_CORRELATED	E475FCF0-B83B-4F3A-9DC3-9851B667096E	Javelin::ClientMessages::GroupsComponentServerFacet_RequestWithdrawInvites	3471	COMMUNITY_REPORTED		CATALOG_NO_GETTER	2	0x1433F9FFA->0x146162150;0x1433FA002->0x1434467B0
0x1433FA606	0x1433FA5C0	0x1433FA64D	0x1434431B0	PROVIDER_UUID_CORRELATED	643D6E7D-6B53-4A5C-B69F-0346843DB4FA	Javelin::ClientMessages::GroupsComponentServerFacet_RequestInitiateConvertToRaid	5317	COMMUNITY_REPORTED		CATALOG_NO_GETTER	2	0x1433FA5CA->0x146162150;0x1433FA5D2->0x1434431B0
0x1433FAA06	0x1433FA9C0	0x1433FAA4D	0x1434421B0	PROVIDER_UUID_CORRELATED	FE2F97A8-0D9C-4C1A-AB04-8814EA20D611	Javelin::ClientMessages::GroupsComponentServerFacet_RequestConvertToRaidVote	5318	COMMUNITY_REPORTED		CATALOG_NO_GETTER	2	0x1433FA9CA->0x146162150;0x1433FA9D2->0x1434421B0
0x1433FAEA6	0x1433FAE60	0x1433FAEED	0x1434433B0	PROVIDER_UUID_CORRELATED	2D0F1C89-F5A7-4E0D-8FCE-28EA68551F48	Javelin::ClientMessages::GroupsComponentServerFacet_RequestInitiateKickVotePlayer	3498	COMMUNITY_REPORTED		CATALOG_NO_GETTER	2	0x1433FAE6A->0x146162150;0x1433FAE72->0x1434433B0
0x1433FB706	0x1433FB6C0	0x1433FB74D	0x1434437B0	PROVIDER_UUID_CORRELATED	C5B94D1F-2D71-40AB-B83B-FC093E99DBD4		3499	COMMUNITY_REPORTED		CATALOG_NO_GETTER	2	0x1433FB6CA->0x146162150;0x1433FB6D2->0x1434437B0
0x1433FBC36	0x1433FBBF0	0x1433FBC7D	0x143445BB0	PROVIDER_UUID_CORRELATED	146B7D62-A113-47D6-8C4A-C7300372DB8D	Javelin::ClientMessages::GroupsComponentServerFacet_RequestStartAbandonGameMode	6305	COMMUNITY_REPORTED		CATALOG_NO_GETTER	2	0x1433FBBFA->0x146162150;0x1433FBC02->0x143445BB0
0x1433FC706	0x1433FC6C0	0x1433FC74D	0x1434417B0	PROVIDER_UUID_CORRELATED	B0B700B8-FA21-428E-AD0B-EBDF47478AC3	Javelin::ClientMessages::GroupsComponentServerFacet_RequestCastAbandonVote	6291	COMMUNITY_REPORTED		CATALOG_NO_GETTER	2	0x1433FC6CA->0x146162150;0x1433FC6D2->0x1434417B0
0x1433FCE36	0x1433FCDF0	0x1433FCE7D	0x1434439B0	PROVIDER_UUID_CORRELATED	0698C5A3-5AC8-4870-AF82-A9C9C83BFE0D	Javelin::ClientMessages::GroupsComponentServerFacet_RequestLeaveGroup	2252	COMMUNITY_REPORTED		CATALOG_NO_GETTER	2	0x1433FCDFA->0x146162150;0x1433FCE02->0x1434439B0
0x1433FD546	0x1433FD500	0x1433FD58D	0x1434419B0	PROVIDER_UUID_CORRELATED	367DD9A0-2E85-4096-80DE-5B2FD7B51A79	Javelin::ClientMessages::GroupsComponentServerFacet_RequestChooseRole	5390	COMMUNITY_REPORTED		CATALOG_NO_GETTER	2	0x1433FD50A->0x146162150;0x1433FD512->0x1434419B0
0x1433FD886	0x1433FD840	0x1433FD8CD	0x143444BB0	PROVIDER_UUID_CORRELATED	A915A93D-4B0B-4C18-A87C-CD6A6018B4EF	Javelin::ClientMessages::GroupsComponentServerFacet_RequestRemoveRaidMember	3500	COMMUNITY_REPORTED		CATALOG_NO_GETTER	2	0x1433FD84A->0x146162150;0x1433FD852->0x143444BB0
0x1433FD936	0x1433FD8F0	0x1433FD97D	0x143446BB0	PROVIDER_UUID_CORRELATED	71DE607B-AA71-4568-AC0B-8A9B1D2F7446	Javelin::IGroupsComponentNotifications	3452	COMMUNITY_REPORTED		CATALOG_NO_GETTER	2	0x1433FD8FA->0x146162150;0x1433FD902->0x143446BB0
0x1433FDAF6	0x1433FDAB0	0x1433FDB3D	0x143443DB0	PROVIDER_UUID_CORRELATED	7F622925-44B2-4A6E-A790-8E8779C01D74	Javelin::ClientMessages::GroupsComponentServerFacet_RequestMoveRaidMember	3501	COMMUNITY_REPORTED		CATALOG_NO_GETTER	2	0x1433FDABA->0x146162150;0x1433FDAC2->0x143443DB0
0x1433FDB86	0x1433FDB40	0x1433FDBCD	0x143437DB0	PROVIDER_UUID_CORRELATED	C8DDAA6D-1AB4-4820-B3AE-968FB7C801F3	Javelin::GroupGDEInstantiation	2864	COMMUNITY_REPORTED		CATALOG_NO_GETTER	2	0x1433FDB4A->0x146162150;0x1433FDB52->0x143437DB0
0x1433FDC46	0x1433FDC00	0x1433FDC8D	0x14343DDB0	PROVIDER_UUID_CORRELATED	0C1B0547-DF98-4F50-9974-7D30F6E319B1	Javelin::ClientMessages::GroupsComponentClientFacet_OnReceivedGroupInviteRemoved	1677	COMMUNITY_REPORTED		CATALOG_NO_GETTER	2	0x1433FDC0A->0x146162150;0x1433FDC12->0x14343DDB0
0x1433FE576	0x1433FE530	0x1433FE5BD	0x143445FB0	PROVIDER_UUID_CORRELATED	470632A5-5D7A-457F-81EE-CF7982D9E9C5	Javelin::ClientMessages::GroupsComponentServerFacet_RequestSwapRaidMembers	541	COMMUNITY_REPORTED		CATALOG_NO_GETTER	2	0x1433FE53A->0x146162150;0x1433FE542->0x143445FB0
0x1433FE7A6	0x1433FE760	0x1433FE7ED	0x14343D9B0	PROVIDER_UUID_CORRELATED	46987261-A6EB-497A-B23B-CA659B744AA5	Javelin::ClientMessages::GroupsComponentClientFacet_OnReceivedErrorMessage	3453	COMMUNITY_REPORTED		CATALOG_NO_GETTER	2	0x1433FE76A->0x146162150;0x1433FE772->0x14343D9B0
0x1433FEA86	0x1433FEA40	0x1433FEACD	0x1434459B0	PROVIDER_UUID_CORRELATED	2C6CB67C-9049-408B-BB36-EA2CBEF278F8	Javelin::ClientMessages::GroupsComponentServerFacet_RequestSetRaidMemberPermission	2422	COMMUNITY_REPORTED		CATALOG_NO_GETTER	2	0x1433FEA4A->0x146162150;0x1433FEA52->0x1434459B0
0x1433FED36	0x1433FECF0	0x1433FED7D	0x14343DBB0	PROVIDER_UUID_CORRELATED	316B158F-0E93-4BCE-8DF2-C3EC203453C5	Javelin::ClientMessages::GroupsComponentClientFacet_OnReceivedGameInviteErrorMessage	6766	COMMUNITY_REPORTED		CATALOG_NO_GETTER	2	0x1433FECFA->0x146162150;0x1433FED02->0x14343DBB0
0x1433FF386	0x1433FF340	0x1433FF3CD	0x1434453B0	PROVIDER_UUID_CORRELATED	6B9F29F1-4405-42BF-A435-A9D0A4D99A49	Javelin::ClientMessages::GroupsComponentServerFacet_RequestSetGroupLeader	3502	COMMUNITY_REPORTED		CATALOG_NO_GETTER	2	0x1433FF34A->0x146162150;0x1433FF352->0x1434453B0
0x1433FF646	0x1433FF600	0x1433FF68D	0x14343E1B0	PROVIDER_UUID_CORRELATED	DD715D2E-E899-40EC-A845-89ABB2B0C84D	Javelin::ClientMessages::GroupsComponentClientFacet_OnReceivedPreRaidStatus	715	COMMUNITY_REPORTED		CATALOG_NO_GETTER	2	0x1433FF60A->0x146162150;0x1433FF612->0x14343E1B0
0x1433FFBB6	0x1433FFB70	0x1433FFBFD	0x1434455B0	PROVIDER_UUID_CORRELATED	02AAB1C2-4DFD-4A0A-A4AC-938A97633BBD	Javelin::ClientMessages::GroupsComponentServerFacet_RequestSetGroupName	2196	COMMUNITY_REPORTED		CATALOG_NO_GETTER	2	0x1433FFB7A->0x146162150;0x1433FFB82->0x1434455B0
0x1433FFEA6	0x1433FFE60	0x1433FFEED	0x14343E5B0	PROVIDER_UUID_CORRELATED	877985F6-F980-404B-A763-32F89F154779	Javelin::ClientMessages::GroupsComponentClientFacet_OnReceivedSiegeWarfareStarted	3454	COMMUNITY_REPORTED		CATALOG_NO_GETTER	2	0x1433FFE6A->0x146162150;0x1433FFE72->0x14343E5B0
0x143400566	0x143400520	0x1434005AD	0x1434451B0	PROVIDER_UUID_CORRELATED	7EB12E3B-DD40-47EB-9F82-AAFE46ABE4A6	Javelin::ClientMessages::GroupsComponentServerFacet_RequestSetGroupIcon	3504	COMMUNITY_REPORTED		CATALOG_NO_GETTER	2	0x14340052A->0x146162150;0x143400532->0x1434451B0
0x143400616	0x1434005D0	0x14340065D	0x14343E3B0	PROVIDER_UUID_CORRELATED	4498F634-2221-4EB6-989A-700C3D76C265	Javelin::ClientMessages::GroupsComponentClientFacet_OnReceivedSiegeWarfareEnded	245	COMMUNITY_REPORTED		CATALOG_NO_GETTER	2	0x1434005DA->0x146162150;0x1434005E2->0x14343E3B0
0x143400B66	0x143400B20	0x143400BAD	0x143444FB0	PROVIDER_UUID_CORRELATED	B960F082-775B-44F6-BE7F-F239463BE667	Javelin::ClientMessages::GroupsComponentServerFacet_RequestSetGroupColor	3505	COMMUNITY_REPORTED		CATALOG_NO_GETTER	2	0x143400B2A->0x146162150;0x143400B32->0x143444FB0
0x143400C16	0x143400BD0	0x143400C5D	0x14343E7B0	PROVIDER_UUID_CORRELATED	101A5E28-1587-43F9-A1D7-89D02FD9956C	Javelin::ClientMessages::GroupsComponentClientFacet_OnSiegeWarfareCompleted	3455	COMMUNITY_REPORTED		CATALOG_NO_GETTER	2	0x143400BDA->0x146162150;0x143400BE2->0x14343E7B0
0x143401086	0x143401040	0x1434010CD	0x1434457B0	PROVIDER_UUID_CORRELATED	443B95FA-D19F-4B1C-AE7F-47D5ABBF2C3A	Javelin::ClientMessages::GroupsComponentServerFacet_RequestSetGroupObjective	3507	COMMUNITY_REPORTED		CATALOG_NO_GETTER	2	0x14340104A->0x146162150;0x143401052->0x1434457B0
0x143401136	0x1434010F0	0x14340117D	0x1434387B0	PROVIDER_UUID_CORRELATED	98282D24-B364-4523-952E-AE68C9E56115	Javelin::ClientMessages::GroupsComponentClientFacet_OnConvertToRaidVoteInitiated	5311	COMMUNITY_REPORTED		CATALOG_NO_GETTER	2	0x1434010FA->0x146162150;0x143401102->0x1434387B0
0x143401626	0x1434015E0	0x14340166D	0x1434423B0	PROVIDER_UUID_CORRELATED	F299F7B3-1D77-4F9A-B254-C1136109384C	Javelin::ClientMessages::GroupsComponentServerFacet_RequestCreateGroupFinderGroup	3509	COMMUNITY_REPORTED		CATALOG_NO_GETTER	2	0x1434015EA->0x146162150;0x1434015F2->0x1434423B0
0x143401756	0x143401710	0x14340179D	0x14343CFB0	PROVIDER_UUID_CORRELATED	23AFC577-0BAF-4334-98CC-AB929ABF25A2	Javelin::ClientMessages::GroupsComponentClientFacet_OnInitiateConvertToRaidFailed	5308	COMMUNITY_REPORTED		CATALOG_NO_GETTER	2	0x14340171A->0x146162150;0x143401722->0x14343CFB0
0x143402046	0x143402000	0x14340208D	0x1434463B0	PROVIDER_UUID_CORRELATED	333F2F5D-EC1E-4628-944A-39C157273B47	Javelin::ClientMessages::GroupsComponentServerFacet_RequestUpdateGroupFinderGroup	2872	COMMUNITY_REPORTED		CATALOG_NO_GETTER	2	0x14340200A->0x146162150;0x143402012->0x1434463B0
0x1434022A6	0x143402260	0x1434022ED	0x14343E9B0	PROVIDER_UUID_CORRELATED	AC2F4B81-9635-4385-BF7A-27D7ADF3A66B	Javelin::ClientMessages::GroupsComponentClientFacet_OnSubmitConvertToRaidVoteFailed	5310	COMMUNITY_REPORTED		CATALOG_NO_GETTER	2	0x14340226A->0x146162150;0x143402272->0x14343E9B0
0x143402C16	0x143402BD0	0x143402C5D	0x1434447B0	PROVIDER_UUID_CORRELATED	25915749-89C1-45E2-92BD-884E07CBF2BA	Javelin::ClientMessages::GroupsComponentServerFacet_RequestRemoveGroupFinderGroup	1683	COMMUNITY_REPORTED		CATALOG_NO_GETTER	2	0x143402BDA->0x146162150;0x143402BE2->0x1434447B0
0x143402CC6	0x143402C80	0x143402D0D	0x1434385B0	PROVIDER_UUID_CORRELATED	791E443E-F620-4585-B553-AAC630A94455	Javelin::ClientMessages::GroupsComponentClientFacet_OnConvertToRaidVoteEnded	5309	COMMUNITY_REPORTED		CATALOG_NO_GETTER	2	0x143402C8A->0x146162150;0x143402C92->0x1434385B0
0x143403086	0x143403040	0x1434030CD	0x1434429B0	PROVIDER_UUID_CORRELATED	FAAF0188-DD55-4AC1-BD40-6D17849F96AF	Javelin::ClientMessages::GroupsComponentServerFacet_RequestGetGroupFinderGroup	1147	COMMUNITY_REPORTED		CATALOG_NO_GETTER	2	0x14340304A->0x146162150;0x143403052->0x1434429B0
0x143403206	0x1434031C0	0x14340324D	0x14343D7B0	PROVIDER_UUID_CORRELATED	852BC704-2860-4451-B2C9-DB08EC3663EC	Javelin::ClientMessages::GroupsComponentClientFacet_OnKickVoteInitiated	3456	COMMUNITY_REPORTED		CATALOG_NO_GETTER	2	0x1434031CA->0x146162150;0x1434031D2->0x14343D7B0
0x1434038C6	0x143403880	0x14340390D	0x143442BB0	PROVIDER_UUID_CORRELATED	75872F71-B563-4D27-A442-78E8346F6AB0	Javelin::ClientMessages::GroupsComponentServerFacet_RequestGetGroupFinderGroupList	1960	COMMUNITY_REPORTED		CATALOG_NO_GETTER	2	0x14340388A->0x146162150;0x143403892->0x143442BB0
0x143403A46	0x143403A00	0x143403A8D	0x14343D1B0	PROVIDER_UUID_CORRELATED	EECE5F22-E8F3-4D89-B2DF-FCB4BA99E69C	Javelin::ClientMessages::GroupsComponentClientFacet_OnInitiateKickVoteFailed	3457	COMMUNITY_REPORTED		CATALOG_NO_GETTER	2	0x143403A0A->0x146162150;0x143403A12->0x14343D1B0
0x143403CE6	0x143403CA0	0x143403D2D	0x143442DB0	PROVIDER_UUID_CORRELATED	B50EBEF2-ADAA-405F-85DC-CE36EAC8725F	Javelin::ClientMessages::GroupsComponentServerFacet_RequestGetGroupFinderGroupListUnfiltered	5495	COMMUNITY_REPORTED		CATALOG_NO_GETTER	2	0x143403CAA->0x146162150;0x143403CB2->0x143442DB0
0x143403E66	0x143403E20	0x143403EAD	0x14343EBB0	PROVIDER_UUID_CORRELATED	B6B39A08-CEEF-47E5-A0F8-B2A463733D1F	Javelin::ClientMessages::GroupsComponentClientFacet_OnSubmitKickVoteFailed	1151	COMMUNITY_REPORTED		CATALOG_NO_GETTER	2	0x143403E2A->0x146162150;0x143403E32->0x14343EBB0
0x143404106	0x1434040C0	0x14340414D	0x143443BB0	PROVIDER_UUID_CORRELATED	EDEBF332-DC66-49E1-81F7-920E0864DF16	Javelin::ClientMessages::GroupsComponentServerFacet_RequestModifyGroupFinderApplicationSubscription	5355	COMMUNITY_REPORTED		CATALOG_NO_GETTER	2	0x1434040CA->0x146162150;0x1434040D2->0x143443BB0
0x143404296	0x143404250	0x1434042DD	0x14343D5B0	PROVIDER_UUID_CORRELATED	2E1AD491-B405-4194-9B1A-54BF815FB560	Javelin::ClientMessages::GroupsComponentClientFacet_OnKickVoteEnded	3458	COMMUNITY_REPORTED		CATALOG_NO_GETTER	2	0x14340425A->0x146162150;0x143404262->0x14343D5B0
0x1434049A6	0x143404960	0x1434049ED	0x143445DB0	PROVIDER_UUID_CORRELATED	96A5CB0A-2252-44C8-84B6-3A93FD521EA6	Javelin::ClientMessages::GroupsComponentServerFacet_RequestSubmitGroupFinderApplication	3510	COMMUNITY_REPORTED		CATALOG_NO_GETTER	2	0x14340496A->0x146162150;0x143404972->0x143445DB0
0x143404B46	0x143404B00	0x143404B8D	0x1434381B0	PROVIDER_UUID_CORRELATED	6C2E5E3D-2BCD-4F12-AD3F-6F59DE6D78C6	Javelin::ClientMessages::GroupsComponentClientFacet_OnAbandonGameModeVoteStarted	6303	COMMUNITY_REPORTED		CATALOG_NO_GETTER	2	0x143404B0A->0x146162150;0x143404B12->0x1434381B0
0x143405046	0x143405000	0x14340508D	0x1434445B0	PROVIDER_UUID_CORRELATED	86C6796F-FD9F-4D21-B77E-E47E13C54EE3	Javelin::ClientMessages::GroupsComponentServerFacet_RequestRemoveGroupFinderApplication	3513	COMMUNITY_REPORTED		CATALOG_NO_GETTER	2	0x14340500A->0x146162150;0x143405012->0x1434445B0
0x1434050F6	0x1434050B0	0x14340513D	0x143437FB0	PROVIDER_UUID_CORRELATED	5C92ADB0-0306-4D4E-85C8-581E03D82A3F	Javelin::ClientMessages::GroupsComponentClientFacet_OnAbandonGameModeResult	6304	COMMUNITY_REPORTED		CATALOG_NO_GETTER	2	0x1434050BA->0x146162150;0x1434050C2->0x143437FB0
0x143405596	0x143405550	0x1434055DD	0x1434443B0	PROVIDER_UUID_CORRELATED	BBC0F9B1-8A30-4471-B9BF-AFAB361F45BF	Javelin::ClientMessages::GroupsComponentServerFacet_RequestRemoveAllGroupFinderApplications	1553	COMMUNITY_REPORTED		CATALOG_NO_GETTER	2	0x14340555A->0x146162150;0x143405562->0x1434443B0
0x143405786	0x143405740	0x1434057CD	0x14343EDB0	PROVIDER_UUID_CORRELATED	9C79E085-E249-4E9E-AD3E-F327DC4836E0	Javelin::ClientMessages::GroupsComponentClientFacet_PlatformGameInviteJoinGroupBypassFlow	6485	COMMUNITY_REPORTED		CATALOG_NO_GETTER	2	0x14340574A->0x146162150;0x143405752->0x14343EDB0
0x143405B56	0x143405B10	0x143405B9D	0x143440FB0	PROVIDER_UUID_CORRELATED	0BC613EA-7901-491B-AAA5-795DFCEB8DC0	Javelin::ClientMessages::GroupsComponentServerFacet_RequestAcceptGroupFinderApplication	3515	COMMUNITY_REPORTED		CATALOG_NO_GETTER	2	0x143405B1A->0x146162150;0x143405B22->0x143440FB0
0x143405D66	0x143405D20	0x143405DAD	0x14343DFB0	PROVIDER_UUID_CORRELATED	7FBE7A9C-1785-41BB-BE72-96EFB7D4271F	Javelin::ClientMessages::GroupsComponentClientFacet_OnReceivedGroupMemberRemoved	5283	COMMUNITY_REPORTED		CATALOG_NO_GETTER	2	0x143405D2A->0x146162150;0x143405D32->0x14343DFB0
0x1434064E6	0x1434064A0	0x14340652D	0x1434441B0	PROVIDER_UUID_CORRELATED	63CC00F1-0F03-4803-9D18-D26372E585CA	Javelin::ClientMessages::GroupsComponentServerFacet_RequestRejectGroupFinderApplication	1383	COMMUNITY_REPORTED		CATALOG_NO_GETTER	2	0x1434064AA->0x146162150;0x1434064B2->0x1434441B0
0x143406596	0x143406550	0x1434065DD	0x143439DB0	PROVIDER_UUID_CORRELATED	D9AB0465-FC56-488F-9253-E6BEE7D916E5	Javelin::ClientMessages::GroupsComponentClientFacet_OnGroupFinderCreateGroupSuccess	3374	COMMUNITY_REPORTED		CATALOG_NO_GETTER	2	0x14340655A->0x146162150;0x143406562->0x143439DB0
0x143407056	0x143407010	0x14340709D	0x143441DB0	PROVIDER_UUID_CORRELATED	D10A3623-712E-468D-8711-4473EC34986A	Javelin::ClientMessages::GroupsComponentServerFacet_RequestConfirmGroupFinderApplicationInvite	105	COMMUNITY_REPORTED		CATALOG_NO_GETTER	2	0x14340701A->0x146162150;0x143407022->0x143441DB0
0x143407236	0x1434071F0	0x14340727D	0x143439BB0	PROVIDER_UUID_CORRELATED	B6D13B3D-6114-430E-833B-C713B2FBDCC3	Javelin::ClientMessages::GroupsComponentClientFacet_OnGroupFinderCreateGroupFailed	1089	COMMUNITY_REPORTED		CATALOG_NO_GETTER	2	0x1434071FA->0x146162150;0x143407202->0x143439BB0
0x143407796	0x143407750	0x1434077DD	0x1434427B0	PROVIDER_UUID_CORRELATED	AAEA93BA-BB3C-4625-B85F-A6CBC14FA5BA	Javelin::ClientMessages::GroupsComponentServerFacet_RequestDeclineGroupFinderApplicationInvite	3245	COMMUNITY_REPORTED		CATALOG_NO_GETTER	2	0x14340775A->0x146162150;0x143407762->0x1434427B0
0x143407906	0x1434078C0	0x14340794D	0x14343C9B0	PROVIDER_UUID_CORRELATED	F5AC9760-B6B7-4B7E-918B-00FAA69961E0	Javelin::ClientMessages::GroupsComponentClientFacet_OnGroupFinderUpdateGroupSuccess	3219	COMMUNITY_REPORTED		CATALOG_NO_GETTER	2	0x1434078CA->0x146162150;0x1434078D2->0x14343C9B0
0x143407C06	0x143407BC0	0x143407C4D	0x1434411B0	PROVIDER_UUID_CORRELATED	A5126875-23C2-4539-98A1-9BD1E3658A35	Javelin::ClientMessages::GroupsComponentServerFacet_RequestAddMemberToGroupFinderGroup	3517	COMMUNITY_REPORTED		CATALOG_NO_GETTER	2	0x143407BCA->0x146162150;0x143407BD2->0x1434411B0
0x143407D66	0x143407D20	0x143407DAD	0x14343C7B0	PROVIDER_UUID_CORRELATED	0ED32D27-DFDC-45A5-A46B-4949FB1FA506	Javelin::ClientMessages::GroupsComponentClientFacet_OnGroupFinderUpdateGroupFailed	1499	COMMUNITY_REPORTED		CATALOG_NO_GETTER	2	0x143407D2A->0x146162150;0x143407D32->0x14343C7B0
0x143408206	0x1434081C0	0x14340824D	0x1434465B0	PROVIDER_UUID_CORRELATED	EF6CA34D-BBE4-471B-A173-F9D8A1B68FDF	Javelin::ClientMessages::GroupsComponentServerFacet_RequestUpdateMemberInGroupFinderGroup	3518	COMMUNITY_REPORTED		CATALOG_NO_GETTER	2	0x1434081CA->0x146162150;0x1434081D2->0x1434465B0
0x1434082B6	0x143408270	0x1434082FD	0x14343BDB0	PROVIDER_UUID_CORRELATED	F5885C61-72E9-466A-8393-01720BAF8D44	Javelin::ClientMessages::GroupsComponentClientFacet_OnGroupFinderRemoveGroupSuccess	3459	COMMUNITY_REPORTED		CATALOG_NO_GETTER	2	0x14340827A->0x146162150;0x143408282->0x14343BDB0
0x143408476	0x143408430	0x1434084BD	0x1434449B0	PROVIDER_UUID_CORRELATED	EADDB893-F6C9-4918-BAC1-68B966EB78C9	Javelin::ClientMessages::GroupsComponentServerFacet_RequestRemoveMemberFromGroupFinderGroup	3519	COMMUNITY_REPORTED		CATALOG_NO_GETTER	2	0x14340843A->0x146162150;0x143408442->0x1434449B0
0x143408526	0x1434084E0	0x14340856D	0x14343BBB0	PROVIDER_UUID_CORRELATED	D8954086-4403-4AA3-AEC8-80BE7649EF25	Javelin::ClientMessages::GroupsComponentClientFacet_OnGroupFinderRemoveGroupFailed	1037	COMMUNITY_REPORTED		CATALOG_NO_GETTER	2	0x1434084EA->0x146162150;0x1434084F2->0x14343BBB0
0x1434087E6	0x1434087A0	0x14340882D	0x143441FB0	PROVIDER_UUID_CORRELATED	13B504E1-63FD-4CF7-B3D7-3BD8BC0F76D1	Javelin::ClientMessages::GroupsComponentServerFacet_RequestConvertGroupFinderGroupToGroup	4723	COMMUNITY_REPORTED		CATALOG_NO_GETTER	2	0x1434087AA->0x146162150;0x1434087B2->0x143441FB0
0x1434088E6	0x1434088A0	0x14340892D	0x14343ABB0	PROVIDER_UUID_CORRELATED	F0584EB2-96DA-47DF-99B2-54BA53331627	Javelin::ClientMessages::GroupsComponentClientFacet_OnGroupFinderGetGroupSuccess	2010	COMMUNITY_REPORTED		CATALOG_NO_GETTER	2	0x1434088AA->0x146162150;0x1434088B2->0x14343ABB0
0x143408DC6	0x143408D80	0x143408E0D	0x143441BB0	PROVIDER_UUID_CORRELATED	1EC2C094-B2C8-42C4-9A87-2D86FA5E2F90	Javelin::ClientMessages::GroupsComponentServerFacet_RequestConfirmConvertGroupFinderGroupToGroup	4739	COMMUNITY_REPORTED		CATALOG_NO_GETTER	2	0x143408D8A->0x146162150;0x143408D92->0x143441BB0
0x143408FE6	0x143408FA0	0x14340902D	0x14343A5B0	PROVIDER_UUID_CORRELATED	07BB1FDF-2744-4487-885E-3BD1F79F61F4	Javelin::ClientMessages::GroupsComponentClientFacet_OnGroupFinderGetGroupFailed	1730	COMMUNITY_REPORTED		CATALOG_NO_GETTER	2	0x143408FAA->0x146162150;0x143408FB2->0x14343A5B0
0x143409BF6	0x143409BB0	0x143409C3D	0x1434425B0	PROVIDER_UUID_CORRELATED	6571832F-2070-4F73-BAEE-BD0FC5CC30DB	Javelin::ClientMessages::GroupsComponentServerFacet_RequestDeclineConvertGroupFinderGroupToGroup	4744	COMMUNITY_REPORTED		CATALOG_NO_GETTER	2	0x143409BBA->0x146162150;0x143409BC2->0x1434425B0
0x143409F16	0x143409ED0	0x143409F5D	0x14343A9B0	PROVIDER_UUID_CORRELATED	C65E2E34-3EB1-44BA-B086-838656C5BF02	Javelin::ClientMessages::GroupsComponentClientFacet_OnGroupFinderGetGroupListSuccess	3461	COMMUNITY_REPORTED		CATALOG_NO_GETTER	2	0x143409EDA->0x146162150;0x143409EE2->0x14343A9B0
0x14340A096	0x14340A050	0x14340A0DD	0x1434413B0	PROVIDER_UUID_CORRELATED	4D877BF3-A592-403C-8C3F-AD34B065A774	Javelin::ClientMessages::GroupsComponentServerFacet_RequestAllActivityJoinableLobbyCounts	5461	COMMUNITY_REPORTED		CATALOG_NO_GETTER	2	0x14340A05A->0x146162150;0x14340A062->0x1434413B0
0x14340A146	0x14340A100	0x14340A18D	0x14343A7B0	PROVIDER_UUID_CORRELATED	73555C38-127D-4501-8697-6A3934E83AC1	Javelin::ClientMessages::GroupsComponentClientFacet_OnGroupFinderGetGroupListFailed	3462	COMMUNITY_REPORTED		CATALOG_NO_GETTER	2	0x14340A10A->0x146162150;0x14340A112->0x14343A7B0
0x14340A386	0x14340A340	0x14340A3CD	0x1434435B0	PROVIDER_UUID_CORRELATED	EBB62A4F-B2C4-4510-9549-B2EA09C85C63	Javelin::ClientMessages::GroupsComponentServerFacet_RequestJoinableLobbyCountsForActivity	5463	COMMUNITY_REPORTED		CATALOG_NO_GETTER	2	0x14340A34A->0x146162150;0x14340A352->0x1434435B0
0x14340A516	0x14340A4D0	0x14340A55D	0x14343C5B0	PROVIDER_UUID_CORRELATED	9BCCA8FC-4E08-480C-9020-EE823B8EC757	Javelin::ClientMessages::GroupsComponentClientFacet_OnGroupFinderSubmitApplicationSuccess	861	COMMUNITY_REPORTED		CATALOG_NO_GETTER	2	0x14340A4DA->0x146162150;0x14340A4E2->0x14343C5B0
0x14340ABE6	0x14340ABA0	0x14340AC2D	0x14343FBB0	PROVIDER_UUID_CORRELATED	FAB84B09-636D-402E-B489-9961234E8299	Javelin::ClientMessages::GroupsComponentServerFacet_DebugClearGroupFinderGroups	4906	COMMUNITY_REPORTED		CATALOG_NO_GETTER	2	0x14340ABAA->0x146162150;0x14340ABB2->0x14343FBB0
0x14340AE46	0x14340AE00	0x14340AE8D	0x14343C3B0	PROVIDER_UUID_CORRELATED	C65785D3-1687-447B-8E76-EAA780BC4C0A	Javelin::ClientMessages::GroupsComponentClientFacet_OnGroupFinderSubmitApplicationFailed	3463	COMMUNITY_REPORTED		CATALOG_NO_GETTER	2	0x14340AE0A->0x146162150;0x14340AE12->0x14343C3B0
0x14340B726	0x14340B6E0	0x14340B76D	0x14343FDB0	PROVIDER_UUID_CORRELATED	C57034B0-1734-4864-90B4-F650BF20DAB7	Javelin::ClientMessages::GroupsComponentServerFacet_DebugCreateGroup	5965	COMMUNITY_REPORTED		CATALOG_NO_GETTER	2	0x14340B6EA->0x146162150;0x14340B6F2->0x14343FDB0
0x14340B936	0x14340B8F0	0x14340B97D	0x14343B9B0	PROVIDER_UUID_CORRELATED	2D3E9806-F0E3-44C1-82EE-2F92CCBE3BD1	Javelin::ClientMessages::GroupsComponentClientFacet_OnGroupFinderRemoveApplicationSuccess	3465	COMMUNITY_REPORTED		CATALOG_NO_GETTER	2	0x14340B8FA->0x146162150;0x14340B902->0x14343B9B0
0x14340BDB6	0x14340BD70	0x14340BDFD	0x14343F9B0	PROVIDER_UUID_CORRELATED	D2BEFBF9-AE27-44F6-A667-6A7F3B541406	Javelin::ClientMessages::GroupsComponentServerFacet_DebugChooseRole	5564	COMMUNITY_REPORTED		CATALOG_NO_GETTER	2	0x14340BD7A->0x146162150;0x14340BD82->0x14343F9B0
0x14340BFF6	0x14340BFB0	0x14340C03D	0x14343B7B0	PROVIDER_UUID_CORRELATED	E012C355-13AE-47B6-8687-434232365DE1	Javelin::ClientMessages::GroupsComponentClientFacet_OnGroupFinderRemoveApplicationFailed	3466	COMMUNITY_REPORTED		CATALOG_NO_GETTER	2	0x14340BFBA->0x146162150;0x14340BFC2->0x14343B7B0
0x14340C456	0x14340C410	0x14340C49D	0x14343FFB0	PROVIDER_UUID_CORRELATED	3333FC53-95FF-4264-B881-790EFED52398	Javelin::ClientMessages::GroupsComponentServerFacet_DebugCreateRaid	3521	COMMUNITY_REPORTED		CATALOG_NO_GETTER	2	0x14340C41A->0x146162150;0x14340C422->0x14343FFB0
0x14340C516	0x14340C4D0	0x14340C55D	0x14343B5B0	PROVIDER_UUID_CORRELATED	3EBBC566-B3F0-48D2-8B22-1EBB6AA3EB1F	Javelin::ClientMessages::GroupsComponentClientFacet_OnGroupFinderRemoveAllApplicationsSuccess	3468	COMMUNITY_REPORTED		CATALOG_NO_GETTER	2	0x14340C4DA->0x146162150;0x14340C4E2->0x14343B5B0
0x14340C896	0x14340C850	0x14340C8DD	0x1434401B0	PROVIDER_UUID_CORRELATED	3F5B21FF-3063-41F8-BE8A-EAFCA1BE0026	Javelin::ClientMessages::GroupsComponentServerFacet_DebugDestroyRaid	3523	COMMUNITY_REPORTED		CATALOG_NO_GETTER	2	0x14340C85A->0x146162150;0x14340C862->0x1434401B0
0x14340CA26	0x14340C9E0	0x14340CA6D	0x14343B3B0	PROVIDER_UUID_CORRELATED	B93976B4-0B93-4246-8AA0-045D38AA98AE	Javelin::ClientMessages::GroupsComponentClientFacet_OnGroupFinderRemoveAllApplicationsFailed	3469	COMMUNITY_REPORTED		CATALOG_NO_GETTER	2	0x14340C9EA->0x146162150;0x14340C9F2->0x14343B3B0
0x14340CE96	0x14340CE50	0x14340CEDD	0x1434403B0	PROVIDER_UUID_CORRELATED	E732F853-669C-4504-A676-C31E1300CB5B	Javelin::ClientMessages::GroupsComponentServerFacet_DebugForceGroupPristine	6872	COMMUNITY_REPORTED		CATALOG_NO_GETTER	2	0x14340CE5A->0x146162150;0x14340CE62->0x1434403B0
0x14340CF46	0x14340CF00	0x14340CF8D	0x143438BB0	PROVIDER_UUID_CORRELATED	7E2F33F8-72FE-41CE-A0D1-D2510794C306	Javelin::ClientMessages::GroupsComponentClientFacet_OnGroupFinderAcceptApplicationSuccess	3470	COMMUNITY_REPORTED		CATALOG_NO_GETTER	2	0x14340CF0A->0x146162150;0x14340CF12->0x143438BB0
0x14340D7A6	0x14340D760	0x14340D7ED	0x143440BB0	PROVIDER_UUID_CORRELATED	68E5CB81-3B5E-4CC0-8EBD-95C70731BCC3	Javelin::ClientMessages::GroupsComponentServerFacet_DebugJoinRaid	1800	COMMUNITY_REPORTED		CATALOG_NO_GETTER	2	0x14340D76A->0x146162150;0x14340D772->0x143440BB0
0x14340DB06	0x14340DAC0	0x14340DB4D	0x1434389B0	PROVIDER_UUID_CORRELATED	0BC4E57A-8198-4662-BBD3-BA7E5D22D5FB	Javelin::ClientMessages::GroupsComponentClientFacet_OnGroupFinderAcceptApplicationFailed	2584	COMMUNITY_REPORTED		CATALOG_NO_GETTER	2	0x14340DACA->0x146162150;0x14340DAD2->0x1434389B0
0x14340E0E6	0x14340E0A0	0x14340E12D	0x14343F7B0	PROVIDER_UUID_CORRELATED	3B003F84-F7C5-4FBB-88E0-95D96081C80C	Javelin::ClientMessages::GroupsComponentServerFacet_DebugAcceptAllInvites	1538	COMMUNITY_REPORTED		CATALOG_NO_GETTER	2	0x14340E0AA->0x146162150;0x14340E0B2->0x14343F7B0
0x14340E196	0x14340E150	0x14340E1DD	0x14343B1B0	PROVIDER_UUID_CORRELATED	E21A1303-0DC4-431C-A3F2-8A7A3F6657D4	Javelin::ClientMessages::GroupsComponentClientFacet_OnGroupFinderRejectApplicationSuccess	3473	COMMUNITY_REPORTED		CATALOG_NO_GETTER	2	0x14340E15A->0x146162150;0x14340E162->0x14343B1B0
0x14340E6D6	0x14340E690	0x14340E71D	0x143440DB0	PROVIDER_UUID_CORRELATED	8FA15095-A54B-4C1D-B2ED-948E6AD11081		6494	COMMUNITY_REPORTED		CATALOG_NO_GETTER	2	0x14340E69A->0x146162150;0x14340E6A2->0x143440DB0
0x14340E8D6	0x14340E890	0x14340E91D	0x14343AFB0	PROVIDER_UUID_CORRELATED	2E720F78-13E5-457A-920D-3AC4499D8151	Javelin::ClientMessages::GroupsComponentClientFacet_OnGroupFinderRejectApplicationFailed	3273	COMMUNITY_REPORTED		CATALOG_NO_GETTER	2	0x14340E89A->0x146162150;0x14340E8A2->0x14343AFB0
0x14340ED36	0x14340ECF0	0x14340ED7D	0x14343EFB0	PROVIDER_UUID_CORRELATED	CE526687-CA4B-4647-A599-EC026FDC0C6D	Javelin::GroupsComponentReplicatedState	1994	COMMUNITY_REPORTED		CATALOG_NO_GETTER	2	0x14340ECFA->0x146162150;0x14340ED02->0x14343EFB0
0x14340EE96	0x14340EE50	0x14340EEDD	0x1434405B0	PROVIDER_UUID_CORRELATED	21436784-512F-4F19-8138-A473B76180D5	Javelin::ClientMessages::GroupsComponentServerFacet_DebugGroupFinderFailConversion	5364	COMMUNITY_REPORTED		CATALOG_NO_GETTER	2	0x14340EE5A->0x146162150;0x14340EE62->0x1434405B0
0x14340F046	0x14340F000	0x14340F08D	0x1434397B0	PROVIDER_UUID_CORRELATED	07AAE6F5-FAD2-41DB-BA2F-DF134F94DBA4	Javelin::ClientMessages::GroupsComponentClientFacet_OnGroupFinderConfirmApplicationInviteSuccess	1708	COMMUNITY_REPORTED		CATALOG_NO_GETTER	2	0x14340F00A->0x146162150;0x14340F012->0x1434397B0
0x14340F5B6	0x14340F570	0x14340F5FD	0x14343F1B0	PROVIDER_UUID_CORRELATED	89554B0F-DFA6-4730-BC31-CF8A8C087BD2	Javelin::GroupsComponentResponseHandler	3497	COMMUNITY_REPORTED		CATALOG_NO_GETTER	2	0x14340F57A->0x146162150;0x14340F582->0x14343F1B0
0x14340F8C6	0x14340F880	0x14340F90D	0x1434407B0	PROVIDER_UUID_CORRELATED	2D04A12C-F3FF-41E5-8D8C-D4B8512B4C6F	Javelin::ClientMessages::GroupsComponentServerFacet_DebugGroupFinderFailRemoveLobby	5363	COMMUNITY_REPORTED		CATALOG_NO_GETTER	2	0x14340F88A->0x146162150;0x14340F892->0x1434407B0
0x14340FA96	0x14340FA50	0x14340FADD	0x1434395B0	PROVIDER_UUID_CORRELATED	81CC6FBF-342C-44D7-85E9-C29A39CA0C45	Javelin::ClientMessages::GroupsComponentClientFacet_OnGroupFinderConfirmApplicationInviteFailed	3474	COMMUNITY_REPORTED		CATALOG_NO_GETTER	2	0x14340FA5A->0x146162150;0x14340FA62->0x1434395B0
0x14340FE26	0x14340FDE0	0x14340FE6D	0x1434409B0	PROVIDER_UUID_CORRELATED	CF663646-3635-440C-9826-D684F1CA6A13	Javelin::ClientMessages::GroupsComponentServerFacet_DebugGroupFinderFailUpdateMember	5365	COMMUNITY_REPORTED		CATALOG_NO_GETTER	2	0x14340FDEA->0x146162150;0x14340FDF2->0x1434409B0
0x14340FFA6	0x14340FF60	0x14340FFED	0x14343A3B0	PROVIDER_UUID_CORRELATED	C1B04E4D-A227-4C7E-AECB-A824405B86C6	Javelin::ClientMessages::GroupsComponentClientFacet_OnGroupFinderDeclineApplicationInviteSuccess	3475	COMMUNITY_REPORTED		CATALOG_NO_GETTER	2	0x14340FF6A->0x146162150;0x14340FF72->0x14343A3B0
0x1434106B6	0x143410670	0x1434106FD	0x1434379B0	PROVIDER_UUID_CORRELATED	7B3F6D42-BE9E-4C7C-BE50-4A0D6298B172	Javelin::GroupFinderGroupDataComponentReplicatedState	1091	COMMUNITY_REPORTED		CATALOG_NO_GETTER	2	0x14341067A->0x146162150;0x143410682->0x1434379B0
0x1434107E6	0x1434107A0	0x14341082D	0x14343A1B0	PROVIDER_UUID_CORRELATED	2F211244-466F-46C3-A26B-D76422F03909	Javelin::ClientMessages::GroupsComponentClientFacet_OnGroupFinderDeclineApplicationInviteFailed	658	COMMUNITY_REPORTED		CATALOG_NO_GETTER	2	0x1434107AA->0x146162150;0x1434107B2->0x14343A1B0
0x143410C66	0x143410C20	0x143410CAD	0x143439FB0	PROVIDER_UUID_CORRELATED	4A75A53E-604C-4F8B-AB64-E124B47296BD	Javelin::ClientMessages::GroupsComponentClientFacet_OnGroupFinderDeclineApplicationInvite	5294	COMMUNITY_REPORTED		CATALOG_NO_GETTER	2	0x143410C2A->0x146162150;0x143410C32->0x143439FB0
0x1434115D6	0x143411590	0x14341161D	0x143438FB0	PROVIDER_UUID_CORRELATED	A614E345-57D6-4BB8-A266-60C5BCCD6648	Javelin::ClientMessages::GroupsComponentClientFacet_OnGroupFinderAddMemberSuccess	3477	COMMUNITY_REPORTED		CATALOG_NO_GETTER	2	0x14341159A->0x146162150;0x1434115A2->0x143438FB0
0x1434117A6	0x143411760	0x1434117ED	0x143437BB0	PROVIDER_UUID_CORRELATED	B02B6B63-9F12-4672-BFE6-C75C31FB1268	Javelin::GroupFinderGroupGDEInstantiation	2886	COMMUNITY_REPORTED		CATALOG_NO_GETTER	2	0x14341176A->0x146162150;0x143411772->0x143437BB0
0x1434119E6	0x1434119A0	0x143411A2D	0x143438DB0	PROVIDER_UUID_CORRELATED	6329FDFF-9160-4A0B-B915-2B2FDFCB739A	Javelin::ClientMessages::GroupsComponentClientFacet_OnGroupFinderAddMemberFailed	2223	COMMUNITY_REPORTED		CATALOG_NO_GETTER	2	0x1434119AA->0x146162150;0x1434119B2->0x143438DB0
0x143412146	0x143412100	0x14341218D	0x14343CDB0	PROVIDER_UUID_CORRELATED	0A9842B6-A399-4ADD-91C1-2F675D6A0E72	Javelin::ClientMessages::GroupsComponentClientFacet_OnGroupFinderUpdateMemberSuccess	3480	COMMUNITY_REPORTED		CATALOG_NO_GETTER	2	0x14341210A->0x146162150;0x143412112->0x14343CDB0
0x143412816	0x1434127D0	0x14341285D	0x14343CBB0	PROVIDER_UUID_CORRELATED	92EA2EA6-FF1E-4476-98C2-1ADD3444FF49	Javelin::ClientMessages::GroupsComponentClientFacet_OnGroupFinderUpdateMemberFailed	3481	COMMUNITY_REPORTED		CATALOG_NO_GETTER	2	0x1434127DA->0x146162150;0x1434127E2->0x14343CBB0
0x143412B36	0x143412AF0	0x143412B7D	0x14343C1B0	PROVIDER_UUID_CORRELATED	1FEC5CB0-379F-45C8-988D-8752CEAEDF3E	Javelin::ClientMessages::GroupsComponentClientFacet_OnGroupFinderRemoveMemberSuccess	3482	COMMUNITY_REPORTED		CATALOG_NO_GETTER	2	0x143412AFA->0x146162150;0x143412B02->0x14343C1B0
0x1434130E6	0x1434130A0	0x14341312D	0x14343BFB0	PROVIDER_UUID_CORRELATED	B2621B46-B6EA-4AAD-BA4C-A78C939981D0	Javelin::ClientMessages::GroupsComponentClientFacet_OnGroupFinderRemoveMemberFailed	3483	COMMUNITY_REPORTED		CATALOG_NO_GETTER	2	0x1434130AA->0x146162150;0x1434130B2->0x14343BFB0
0x1434136D6	0x143413690	0x14341371D	0x1434391B0	PROVIDER_UUID_CORRELATED	3352B9DC-A260-4A08-9917-36905F3D2E4C	Javelin::ClientMessages::GroupsComponentClientFacet_OnGroupFinderApplicationAccepted	3485	COMMUNITY_REPORTED		CATALOG_NO_GETTER	2	0x14341369A->0x146162150;0x1434136A2->0x1434391B0
0x143413C36	0x143413BF0	0x143413C7D	0x1434393B0	PROVIDER_UUID_CORRELATED	ECDE4150-50D0-4A47-8C1F-CAAEC1C961AB	Javelin::ClientMessages::GroupsComponentClientFacet_OnGroupFinderApplicationRejected	2985	COMMUNITY_REPORTED		CATALOG_NO_GETTER	2	0x143413BFA->0x146162150;0x143413C02->0x1434393B0
0x143413FA6	0x143413F60	0x143413FED	0x1434399B0	PROVIDER_UUID_CORRELATED	151FC257-A640-4512-ADBE-B9D2B2F10EE8	Javelin::ClientMessages::GroupsComponentClientFacet_OnGroupFinderConvertToGroupFailed	4726	COMMUNITY_REPORTED		CATALOG_NO_GETTER	2	0x143413F6A->0x146162150;0x143413F72->0x1434399B0
0x143414786	0x143414740	0x1434147CD	0x14343ADB0	PROVIDER_UUID_CORRELATED	D9132B6A-0DE0-4936-9927-5E964FFCC114	Javelin::ClientMessages::GroupsComponentClientFacet_OnGroupFinderKickedFromGroup	5239	COMMUNITY_REPORTED		CATALOG_NO_GETTER	2	0x14341474A->0x146162150;0x143414752->0x14343ADB0
0x143414CF6	0x143414CB0	0x143414D3D	0x1434383B0	PROVIDER_UUID_CORRELATED	D0851095-95C3-44CB-9CB2-AF80D0287FAC	Javelin::ClientMessages::GroupsComponentClientFacet_OnAllActivityJoinableLobbyCountsReceived	5459	COMMUNITY_REPORTED		CATALOG_NO_GETTER	2	0x143414CBA->0x146162150;0x143414CC2->0x1434383B0
0x143415236	0x1434151F0	0x14341527D	0x14343D3B0	PROVIDER_UUID_CORRELATED	4A72A965-4A94-4D31-834B-0EF3BD6400AF	Javelin::ClientMessages::GroupsComponentClientFacet_OnJoinableLobbyCountsForActivityReceived	5458	COMMUNITY_REPORTED		CATALOG_NO_GETTER	2	0x1434151FA->0x146162150;0x143415202->0x14343D3B0
0x143415576	0x143415530	0x1434155BD	0x143443FB0	PROVIDER_UUID_CORRELATED	EFA71769-86D1-4558-8C54-B2A4D8CE04B3	Javelin::ClientMessages::GroupsComponentServerFacet_RequestPing	2407	COMMUNITY_REPORTED		CATALOG_NO_GETTER	2	0x14341553A->0x146162150;0x143415542->0x143443FB0
0x143415C86	0x143415C40	0x143415CCD	0x14343F3B0	PROVIDER_UUID_CORRELATED	A7B9F4FB-8EE2-4029-88D6-EB6E33C793AE	Javelin::ClientMessages::GroupsComponentServerFacet_CancelPing	3486	COMMUNITY_REPORTED		CATALOG_NO_GETTER	2	0x143415C4A->0x146162150;0x143415C52->0x14343F3B0
0x1434162B6	0x143416270	0x1434162FD	0x1434461B0	PROVIDER_UUID_CORRELATED	2559B6D7-06E9-4D69-8796-EE00B9D97DF4	Javelin::ClientMessages::GroupsComponentServerFacet_RequestTargetPing	3490	COMMUNITY_REPORTED		CATALOG_NO_GETTER	2	0x14341627A->0x146162150;0x143416282->0x1434461B0
0x143468016	0x143467FD0	0x14346805D	0x1434A2660	PROVIDER_UUID_CORRELATED	5CBFE0ED-30ED-4F43-8C72-8726D54963C1	Javelin::ClientMessages::GuildsComponentClientFacet_OnGetUnorderedGuildsMsg	3610	COMMUNITY_REPORTED	0x1434A2660	CATALOG_GETTER_MATCH	2	0x143467FDA->0x146162150;0x143467FE2->0x1434A2660
0x1434682F6	0x1434682B0	0x14346833D	0x1434A3060	PROVIDER_UUID_CORRELATED	8004F4DB-E121-47E2-A711-5D768E629505	Javelin::ClientMessages::GuildsComponentClientFacet_OnGuildRequestErrorMsg	3087	COMMUNITY_REPORTED		CATALOG_NO_GETTER	2	0x1434682BA->0x146162150;0x1434682C2->0x1434A3060
0x1434685E6	0x1434685A0	0x14346862D	0x1434A7460	PROVIDER_UUID_CORRELATED	36612871-FDE5-4A5B-8A52-BD39B3844EFD	Javelin::ClientMessages::GuildsComponentServerFacet_RequestCreateGuild	3611	COMMUNITY_REPORTED		CATALOG_NO_GETTER	2	0x1434685AA->0x146162150;0x1434685B2->0x1434A7460
0x1434687D6	0x143468790	0x14346881D	0x1434A7660	PROVIDER_UUID_CORRELATED	A86D4BBD-7A2D-4875-A4E8-B308B0687654	Javelin::ClientMessages::GuildsComponentServerFacet_RequestCreateGuildInvite	3612	COMMUNITY_REPORTED		CATALOG_NO_GETTER	2	0x14346879A->0x146162150;0x1434687A2->0x1434A7660
0x143468BB6	0x143468B70	0x143468BFD	0x1434A7260	PROVIDER_UUID_CORRELATED	AF654FD1-C4A5-451D-9566-4B6C853E99CF	Javelin::ClientMessages::GuildsComponentServerFacet_RequestBatchCreateGuildInvites	40	COMMUNITY_REPORTED		CATALOG_NO_GETTER	2	0x143468B7A->0x146162150;0x143468B82->0x1434A7260
0x143469016	0x143468FD0	0x14346905D	0x1434A8260	PROVIDER_UUID_CORRELATED	43E62110-E7FC-428D-9800-0ADD501FA7A0	Javelin::ClientMessages::GuildsComponentServerFacet_RequestGetGuildInvites	3613	COMMUNITY_REPORTED		CATALOG_NO_GETTER	2	0x143468FDA->0x146162150;0x143468FE2->0x1434A8260
0x143469376	0x143469330	0x1434693BD	0x1434A9460	PROVIDER_UUID_CORRELATED	70D83A0B-D781-42FD-9A23-F6902E872F9D	Javelin::ClientMessages::GuildsComponentServerFacet_RequestRespondToGuildInvite	118	COMMUNITY_REPORTED		CATALOG_NO_GETTER	2	0x14346933A->0x146162150;0x143469342->0x1434A9460
0x143469DB6	0x143469D70	0x143469DFD	0x1434A8860	PROVIDER_UUID_CORRELATED	7D0A926C-932A-4B9F-9290-4D308567E1B7	Javelin::ClientMessages::GuildsComponentServerFacet_RequestLeaveGuild	3543	COMMUNITY_REPORTED		CATALOG_NO_GETTER	2	0x143469D7A->0x146162150;0x143469D82->0x1434A8860
0x14346A1E6	0x14346A1A0	0x14346A22D	0x1434A7860	PROVIDER_UUID_CORRELATED	CD3429FC-ACDA-48B0-BCF7-21A4010E5EF2	Javelin::ClientMessages::GuildsComponentServerFacet_RequestDeleteAllGuildInvites	2104	COMMUNITY_REPORTED		CATALOG_NO_GETTER	2	0x14346A1AA->0x146162150;0x14346A1B2->0x1434A7860
0x14346A4D6	0x14346A490	0x14346A51D	0x1434A8060	PROVIDER_UUID_CORRELATED	72489EE3-3236-46DD-8BD4-49BCD2817AB5	Javelin::ClientMessages::GuildsComponentServerFacet_RequestEditGuildName	3614	COMMUNITY_REPORTED		CATALOG_NO_GETTER	2	0x14346A49A->0x146162150;0x14346A4A2->0x1434A8060
0x14346A686	0x14346A640	0x14346A6CD	0x1434A7C60	PROVIDER_UUID_CORRELATED	D935235B-978E-4105-919E-3575D6853D70	Javelin::ClientMessages::GuildsComponentServerFacet_RequestEditGuildIcon	696	COMMUNITY_REPORTED		CATALOG_NO_GETTER	2	0x14346A64A->0x146162150;0x14346A652->0x1434A7C60
0x14346A976	0x14346A930	0x14346A9BD	0x1434A7E60	PROVIDER_UUID_CORRELATED	629E5E44-41C5-4A98-B6BA-83F8EB7CDE7C	Javelin::ClientMessages::GuildsComponentServerFacet_RequestEditGuildMOTD	3348	COMMUNITY_REPORTED		CATALOG_NO_GETTER	2	0x14346A93A->0x146162150;0x14346A942->0x1434A7E60
0x14346AD66	0x14346AD20	0x14346ADAD	0x1434A9660	PROVIDER_UUID_CORRELATED	C3F0B4BA-7C76-45D8-B658-8280C5824BFB	Javelin::ClientMessages::GuildsComponentServerFacet_RequestSetGuildMemberRank	2591	COMMUNITY_REPORTED		CATALOG_NO_GETTER	2	0x14346AD2A->0x146162150;0x14346AD32->0x1434A9660
0x14346B266	0x14346B220	0x14346B2AD	0x1434A9260	PROVIDER_UUID_CORRELATED	B262FD92-081B-4126-BDBC-1508F4815899	Javelin::ClientMessages::GuildsComponentServerFacet_RequestRemoveGuildMember	2485	COMMUNITY_REPORTED		CATALOG_NO_GETTER	2	0x14346B22A->0x146162150;0x14346B232->0x1434A9260
0x14346B8D6	0x14346B890	0x14346B91D	0x1434A9860	PROVIDER_UUID_CORRELATED	AA0C7813-37F1-4421-B3B9-863D5989F96D	Javelin::ClientMessages::GuildsComponentServerFacet_RequestSetGuildSiegeWindow	3615	COMMUNITY_REPORTED		CATALOG_NO_GETTER	2	0x14346B89A->0x146162150;0x14346B8A2->0x1434A9860
0x14346BE76	0x14346BE30	0x14346BEBD	0x1434A7A60	PROVIDER_UUID_CORRELATED	98D98110-E7E7-4798-AE26-2734F24B7C6E	Javelin::ClientMessages::GuildsComponentServerFacet_RequestDepositGuildTreasuryFunds	3618	COMMUNITY_REPORTED		CATALOG_NO_GETTER	2	0x14346BE3A->0x146162150;0x14346BE42->0x1434A7A60
0x14346C006	0x14346BFC0	0x14346C04D	0x1434A9C60	PROVIDER_UUID_CORRELATED	9A079242-A948-4FA2-BB35-C183245A28AC	Javelin::ClientMessages::GuildsComponentServerFacet_RequestWithdrawGuildTreasuryFunds	3620	COMMUNITY_REPORTED		CATALOG_NO_GETTER	2	0x14346BFCA->0x146162150;0x14346BFD2->0x1434A9C60
0x14346C3A6	0x14346C360	0x14346C3ED	0x142784390	PROVIDER_UUID_CORRELATED	688A5D57-DAFA-4549-81C5-C51039C17C87	Javelin::IGroupDataEventHandler	3548	COMMUNITY_REPORTED		CATALOG_NO_GETTER	2	0x14346C36A->0x146162150;0x14346C372->0x142784390
0x14346C456	0x14346C410	0x14346C49D	0x1434A9A60	PROVIDER_UUID_CORRELATED	A39EB4F5-19D2-4F1D-80A1-6051CAAD9910	Javelin::ClientMessages::GuildsComponentServerFacet_RequestSetGuildTreasuryWithdrawalLimit	3621	COMMUNITY_REPORTED		CATALOG_NO_GETTER	2	0x14346C41A->0x146162150;0x14346C422->0x1434A9A60
0x14346C7D6	0x14346C790	0x14346C81D	0x1434A5260	PROVIDER_UUID_CORRELATED	DD78452C-63E5-448D-A301-06A605EB3234	Javelin::ClientMessages::GuildsComponentServerFacet_DebugJoinGuildByName	3622	COMMUNITY_REPORTED		CATALOG_NO_GETTER	2	0x14346C79A->0x146162150;0x14346C7A2->0x1434A5260
0x14346CAC6	0x14346CA80	0x14346CB0D	0x1434A6060	PROVIDER_UUID_CORRELATED	2F3D1C36-9FAA-4444-A05D-4380126BCD6B	Javelin::ClientMessages::GuildsComponentServerFacet_DebugRequestSetGuildTreasuryCurrentFunds	1175	COMMUNITY_REPORTED		CATALOG_NO_GETTER	2	0x14346CA8A->0x146162150;0x14346CA92->0x1434A6060
0x14346CB76	0x14346CB30	0x14346CBBD	0x1434AA460	PROVIDER_UUID_CORRELATED	5276F07B-F8D7-4BD3-AFC7-E74A383CD76E	Javelin::IRaidListener	377	COMMUNITY_REPORTED		CATALOG_NO_GETTER	2	0x14346CB3A->0x146162150;0x14346CB42->0x1434AA460
0x14346CFD6	0x14346CF90	0x14346D01D	0x1434A5A60	PROVIDER_UUID_CORRELATED	156A0E5D-C8F9-4AE9-A230-1A4D5E81930A	Javelin::ClientMessages::GuildsComponentServerFacet_DebugRequestResetGuildTreasuryDailyWithdrawalLimit	3623	COMMUNITY_REPORTED		CATALOG_NO_GETTER	2	0x14346CF9A->0x146162150;0x14346CFA2->0x1434A5A60
0x14346D616	0x14346D5D0	0x14346D65D	0x1434A5E60	PROVIDER_UUID_CORRELATED	CEB4F4DE-56D0-4163-81BD-23F867FDF2B5	Javelin::ClientMessages::GuildsComponentServerFacet_DebugRequestSetDailyWithdrawDateToYesterday	2489	COMMUNITY_REPORTED		CATALOG_NO_GETTER	2	0x14346D5DA->0x146162150;0x14346D5E2->0x1434A5E60
0x14346D8B6	0x14346D870	0x14346D8FD	0x1434A5460	PROVIDER_UUID_CORRELATED	AC46C7DB-8421-4B6A-BC84-17692CEA44A8	Javelin::ClientMessages::GuildsComponentServerFacet_DebugRequestCheckGuildMasterStatus	5036	COMMUNITY_REPORTED		CATALOG_NO_GETTER	2	0x14346D87A->0x146162150;0x14346D882->0x1434A5460
0x14346DA66	0x14346DA20	0x14346DAAD	0x1434A5C60	PROVIDER_UUID_CORRELATED	0048A71B-9576-49A3-9A71-63B3069D08B9	Javelin::ClientMessages::GuildsComponentServerFacet_DebugRequestResetSiegeWindowCooldown	1333	COMMUNITY_REPORTED		CATALOG_NO_GETTER	2	0x14346DA2A->0x146162150;0x14346DA32->0x1434A5C60
0x14346DC26	0x14346DBE0	0x14346DC6D	0x1434A5860	PROVIDER_UUID_CORRELATED	A8D9DAE9-1953-4D49-98CE-45A77481F554	Javelin::ClientMessages::GuildsComponentServerFacet_DebugRequestResetGuildRejoiningCooldowns	3627	COMMUNITY_REPORTED		CATALOG_NO_GETTER	2	0x14346DBEA->0x146162150;0x14346DBF2->0x1434A5860
0x14346E046	0x14346E000	0x14346E08D	0x1434A5660	PROVIDER_UUID_CORRELATED	FFD6D9ED-4718-47C2-90B6-6E45729A9E6C	Javelin::ClientMessages::GuildsComponentServerFacet_DebugRequestDisableCreationThrottle	3628	COMMUNITY_REPORTED		CATALOG_NO_GETTER	2	0x14346E00A->0x146162150;0x14346E012->0x1434A5660
0x14346E416	0x14346E3D0	0x14346E45D	0x1434A6C60	PROVIDER_UUID_CORRELATED	31EF0D5D-156A-4999-BDDC-9712C87FB00C	Javelin::ClientMessages::GuildsComponentServerFacet_GmRequestJoinGuild	3629	COMMUNITY_REPORTED		CATALOG_NO_GETTER	2	0x14346E3DA->0x146162150;0x14346E3E2->0x1434A6C60
0x14346E716	0x14346E6D0	0x14346E75D	0x1434A6E60	PROVIDER_UUID_CORRELATED	86F4856E-3875-4A2C-A5AB-5ED069A8B55F	Javelin::ClientMessages::GuildsComponentServerFacet_GmRequestJoinGuildByName	3630	COMMUNITY_REPORTED		CATALOG_NO_GETTER	2	0x14346E6DA->0x146162150;0x14346E6E2->0x1434A6E60
0x14346EDA6	0x14346ED60	0x14346EDED	0x1434A6860	PROVIDER_UUID_CORRELATED	29FEA786-7410-48F4-899D-E82E3BC4396A	Javelin::ClientMessages::GuildsComponentServerFacet_GmRequestForceGuildRename	156	COMMUNITY_REPORTED		CATALOG_NO_GETTER	2	0x14346ED6A->0x146162150;0x14346ED72->0x1434A6860
0x14346F436	0x14346F3F0	0x14346F47D	0x1434A6A60	PROVIDER_UUID_CORRELATED	4FC181E8-7A66-4E14-8116-2655E4A1794A	Javelin::ClientMessages::GuildsComponentServerFacet_GmRequestForceGuildRenameByName	789	COMMUNITY_REPORTED		CATALOG_NO_GETTER	2	0x14346F3FA->0x146162150;0x14346F402->0x1434A6A60
0x14346F696	0x14346F650	0x14346F6DD	0x1434A6460	PROVIDER_UUID_CORRELATED	00CAF254-CCB8-442F-AD11-ECF6C96098D8	Javelin::ClientMessages::GuildsComponentServerFacet_GmForceGuildTeleport	1387	COMMUNITY_REPORTED		CATALOG_NO_GETTER	2	0x14346F65A->0x146162150;0x14346F662->0x1434A6460
0x14346F826	0x14346F7E0	0x14346F86D	0x1434A6660	PROVIDER_UUID_CORRELATED	4CC2D832-A066-464F-8C00-64501239C39E	Javelin::ClientMessages::GuildsComponentServerFacet_GmForceGuildTeleportByName	3047	COMMUNITY_REPORTED		CATALOG_NO_GETTER	2	0x14346F7EA->0x146162150;0x14346F7F2->0x1434A6660
0x14346F986	0x14346F940	0x14346F9CD	0x1434A6260	PROVIDER_UUID_CORRELATED	281776BA-A6EB-43EF-98FC-334A62DBB7A7	Javelin::ClientMessages::GuildsComponentServerFacet_GmForceGuildIntoWarByName	103	COMMUNITY_REPORTED		CATALOG_NO_GETTER	2	0x14346F94A->0x146162150;0x14346F952->0x1434A6260
0x14346FCD6	0x14346FC90	0x14346FD1D	0x1434A7060	PROVIDER_UUID_CORRELATED	A15D9F0B-9879-47F4-995E-F7473A55031F	Javelin::ClientMessages::GuildsComponentServerFacet_GmRequestResetGuildLeaveCooldowns	5368	COMMUNITY_REPORTED		CATALOG_NO_GETTER	2	0x14346FC9A->0x146162150;0x14346FCA2->0x1434A7060
0x14346FF56	0x14346FF10	0x14346FF9D	0x1434A8660	PROVIDER_UUID_CORRELATED	B9935677-BEFD-4478-9799-1CEF6B3EC093	Javelin::ClientMessages::GuildsComponentServerFacet_RequestGuildNameAvailability	3632	COMMUNITY_REPORTED		CATALOG_NO_GETTER	2	0x14346FF1A->0x146162150;0x14346FF22->0x1434A8660
0x143470886	0x143470840	0x1434708CD	0x1434A8E60	PROVIDER_UUID_CORRELATED	49A276B5-CD1C-4526-90EE-5D946AE4532A	Javelin::ClientMessages::GuildsComponentServerFacet_RequestListGuildsByName	3633	COMMUNITY_REPORTED		CATALOG_NO_GETTER	2	0x14347084A->0x146162150;0x143470852->0x1434A8E60
0x143470D26	0x143470CE0	0x143470D6D	0x1434A8C60	PROVIDER_UUID_CORRELATED	254C904C-AB8B-4EE3-A29A-D1C87E89E79F	Javelin::ClientMessages::GuildsComponentServerFacet_RequestListGuildsByMembers	3635	COMMUNITY_REPORTED		CATALOG_NO_GETTER	2	0x143470CEA->0x146162150;0x143470CF2->0x1434A8C60
0x143471116	0x1434710D0	0x14347115D	0x1434A8A60	PROVIDER_UUID_CORRELATED	260CF3E4-E356-4336-8577-3754B2177326	Javelin::ClientMessages::GuildsComponentServerFacet_RequestListGuildsByClaims	3638	COMMUNITY_REPORTED		CATALOG_NO_GETTER	2	0x1434710DA->0x146162150;0x1434710E2->0x1434A8A60
0x143471A76	0x143471A30	0x143471ABD	0x1434A8460	PROVIDER_UUID_CORRELATED	754D385A-8BC0-46FB-A69E-2DDC56F3F162	Javelin::ClientMessages::GuildsComponentServerFacet_RequestGetGuilds	3639	COMMUNITY_REPORTED		CATALOG_NO_GETTER	2	0x143471A3A->0x146162150;0x143471A42->0x1434A8460
0x143472056	0x143472010	0x14347209D	0x1434A9060	PROVIDER_UUID_CORRELATED	53D04E83-A9F2-4CF2-9DD2-71A9E323AA12	Javelin::ClientMessages::GuildsComponentServerFacet_RequestRefreshGuildData	5492	COMMUNITY_REPORTED		CATALOG_NO_GETTER	2	0x14347201A->0x146162150;0x143472022->0x1434A9060
0x143472F86	0x143472F40	0x143472FCD	0x1434A2A60	PROVIDER_UUID_CORRELATED	BDB70D69-59D9-4885-9E12-79F25507733F	Javelin::ClientMessages::GuildsComponentClientFacet_OnGuildDataUpdated	5429	COMMUNITY_REPORTED		CATALOG_NO_GETTER	2	0x143472F4A->0x146162150;0x143472F52->0x1434A2A60
0x143473256	0x143473210	0x14347329D	0x1434A2C60	PROVIDER_UUID_CORRELATED	879F3DB0-FD6C-441C-86C5-21232C2B1BEE	Javelin::ClientMessages::GuildsComponentClientFacet_OnGuildInviteRespondedMsg	3247	COMMUNITY_REPORTED		CATALOG_NO_GETTER	2	0x14347321A->0x146162150;0x143473222->0x1434A2C60
0x1434735B6	0x143473570	0x1434735FD	0x1434A4260	PROVIDER_UUID_CORRELATED	42D451FF-BB8A-41AE-B986-AD71E1BEA427	Javelin::ClientMessages::GuildsComponentClientFacet_OnSentGuildInviteRejectedMsg	183	COMMUNITY_REPORTED		CATALOG_NO_GETTER	2	0x14347357A->0x146162150;0x143473582->0x1434A4260
0x143473916	0x1434738D0	0x14347395D	0x1434A3460	PROVIDER_UUID_CORRELATED	F1473536-324F-44FA-BED9-556C50BEE65A	Javelin::ClientMessages::GuildsComponentClientFacet_OnKickedFromGuildMsg	3598	COMMUNITY_REPORTED		CATALOG_NO_GETTER	2	0x1434738DA->0x146162150;0x1434738E2->0x1434A3460
0x143473C06	0x143473BC0	0x143473C4D	0x1434A2860	PROVIDER_UUID_CORRELATED	DB81C668-0E55-46A9-8FDF-0C52F93C3BE9	Javelin::ClientMessages::GuildsComponentClientFacet_OnGuildCreatedFailedMsg	3542	COMMUNITY_REPORTED		CATALOG_NO_GETTER	2	0x143473BCA->0x146162150;0x143473BD2->0x1434A2860
0x143473ED6	0x143473E90	0x143473F1D	0x1434A3260	PROVIDER_UUID_CORRELATED	68125D17-75CD-4266-87A0-072865663C26	Javelin::ClientMessages::GuildsComponentClientFacet_OnInviteCreatedFailedMsg	3599	COMMUNITY_REPORTED		CATALOG_NO_GETTER	2	0x143473E9A->0x146162150;0x143473EA2->0x1434A3260
0x143474256	0x143474210	0x14347429D	0x1434A2260	PROVIDER_UUID_CORRELATED	8DA92CA0-B71B-4A12-BD63-B9317DE61A22	Javelin::ClientMessages::GuildsComponentClientFacet_OnGetInvitesFailedMsg	195	COMMUNITY_REPORTED		CATALOG_NO_GETTER	2	0x14347421A->0x146162150;0x143474222->0x1434A2260
0x143474646	0x143474600	0x14347468D	0x1434A4060	PROVIDER_UUID_CORRELATED	6ED4D89B-DF71-4E0C-B144-681C18DCFFD7	Javelin::ClientMessages::GuildsComponentClientFacet_OnRespondToGuildInviteFailedMsg	286	COMMUNITY_REPORTED		CATALOG_NO_GETTER	2	0x14347460A->0x146162150;0x143474612->0x1434A4060
0x143474AE6	0x143474AA0	0x143474B2D	0x1434A3A60	PROVIDER_UUID_CORRELATED	A2E8F970-D63A-4084-B3DE-6C928381306D	Javelin::ClientMessages::GuildsComponentClientFacet_OnRemoveGuildInviteFailedMsg	2145	COMMUNITY_REPORTED		CATALOG_NO_GETTER	2	0x143474AAA->0x146162150;0x143474AB2->0x1434A3A60
0x143474D86	0x143474D40	0x143474DCD	0x1434A3860	PROVIDER_UUID_CORRELATED	71CA9AD3-A4E3-4B0A-A3A0-235634D27076	Javelin::ClientMessages::GuildsComponentClientFacet_OnRemoveAllGuildInvitesFailedMsg	308	COMMUNITY_REPORTED		CATALOG_NO_GETTER	2	0x143474D4A->0x146162150;0x143474D52->0x1434A3860
0x143474FC6	0x143474F80	0x14347500D	0x1434A3660	PROVIDER_UUID_CORRELATED	14AA8EE2-3CFD-4521-8A27-1F358D801937	Javelin::ClientMessages::GuildsComponentClientFacet_OnLeaveGuildFailedMsg	3600	COMMUNITY_REPORTED		CATALOG_NO_GETTER	2	0x143474F8A->0x146162150;0x143474F92->0x1434A3660
0x143475246	0x143475200	0x14347528D	0x1434A1C60	PROVIDER_UUID_CORRELATED	BFF69803-14F0-4B7C-8FB2-7E8CE49EF16C	Javelin::ClientMessages::GuildsComponentClientFacet_OnEditGuildNameFailedMsg	3602	COMMUNITY_REPORTED		CATALOG_NO_GETTER	2	0x14347520A->0x146162150;0x143475212->0x1434A1C60
0x143475506	0x1434754C0	0x14347554D	0x1434A1860	PROVIDER_UUID_CORRELATED	1DBCDB71-5DB8-4D94-8C33-3484E6872F77	Javelin::ClientMessages::GuildsComponentClientFacet_OnEditGuildCrestSucceededMsg	1598	COMMUNITY_REPORTED		CATALOG_NO_GETTER	2	0x1434754CA->0x146162150;0x1434754D2->0x1434A1860
0x143475AB6	0x143475A70	0x143475AFD	0x1434A1660	PROVIDER_UUID_CORRELATED	839314BA-2436-4D3E-B428-4ECCCD94A407	Javelin::ClientMessages::GuildsComponentClientFacet_OnEditGuildCrestFailedMsg	3467	COMMUNITY_REPORTED		CATALOG_NO_GETTER	2	0x143475A7A->0x146162150;0x143475A82->0x1434A1660
0x143476226	0x1434761E0	0x14347626D	0x1434AA660	PROVIDER_UUID_CORRELATED	A85DF621-DCE0-409F-8D39-A447EA0807FF	Javelin::RaidDataComponentReplicatedState	28	COMMUNITY_REPORTED		CATALOG_NO_GETTER	2	0x1434761EA->0x146162150;0x1434761F2->0x1434AA660
0x1434763D6	0x143476390	0x14347641D	0x1434A1A60	PROVIDER_UUID_CORRELATED	52CA232D-E0CF-4693-93C5-15AF6D5FAADE	Javelin::ClientMessages::GuildsComponentClientFacet_OnEditGuildMOTDFailedMsg	1305	COMMUNITY_REPORTED		CATALOG_NO_GETTER	2	0x14347639A->0x146162150;0x1434763A2->0x1434A1A60
0x143476896	0x143476850	0x1434768DD	0x1434A4460	PROVIDER_UUID_CORRELATED	0D0CE903-50B0-4A54-A09A-C6219F456AD2	Javelin::ClientMessages::GuildsComponentClientFacet_OnSetGuildMemberRankFailedMsg	3603	COMMUNITY_REPORTED		CATALOG_NO_GETTER	2	0x14347685A->0x146162150;0x143476862->0x1434A4460
0x143476D46	0x143476D00	0x143476D8D	0x1434A4660	PROVIDER_UUID_CORRELATED	34FBDC96-628C-4068-AF51-A495865E17D6	Javelin::ClientMessages::GuildsComponentClientFacet_OnSetGuildMemberRankFailedReasonMsg	3604	COMMUNITY_REPORTED		CATALOG_NO_GETTER	2	0x143476D0A->0x146162150;0x143476D12->0x1434A4660
0x143476FD6	0x143476F90	0x14347701D	0x1434A3C60	PROVIDER_UUID_CORRELATED	E8C468A7-BE17-4F22-B82B-BB62BCBDECC2	Javelin::ClientMessages::GuildsComponentClientFacet_OnRemoveGuildMemberFailedMsg	3100	COMMUNITY_REPORTED		CATALOG_NO_GETTER	2	0x143476F9A->0x146162150;0x143476FA2->0x1434A3C60
0x143477156	0x143477110	0x14347719D	0x1434A3E60	PROVIDER_UUID_CORRELATED	0C03515B-4554-40C2-B569-35B75836FFC8	Javelin::ClientMessages::GuildsComponentClientFacet_OnRemovePastGuildMemberFailedMsg	1832	COMMUNITY_REPORTED		CATALOG_NO_GETTER	2	0x14347711A->0x146162150;0x143477122->0x1434A3E60
0x1434772D6	0x143477290	0x14347731D	0x1434A4A60	PROVIDER_UUID_CORRELATED	CFF9287B-BC6A-4E4D-95E6-1F2690CAE5C2	Javelin::ClientMessages::GuildsComponentClientFacet_OnSetSiegeWindowFailedMsg	326	COMMUNITY_REPORTED		CATALOG_NO_GETTER	2	0x14347729A->0x146162150;0x1434772A2->0x1434A4A60
0x1434776A6	0x143477660	0x1434776ED	0x1434A1460	PROVIDER_UUID_CORRELATED	CAA452AD-8701-40D9-8F00-0795AD0B32A7	Javelin::ClientMessages::GuildsComponentClientFacet_OnDepositGuildTreasuryFundsMsg	5201	COMMUNITY_REPORTED		CATALOG_NO_GETTER	2	0x14347766A->0x146162150;0x143477672->0x1434A1460
0x143477BF6	0x143477BB0	0x143477C3D	0x1434A1260	PROVIDER_UUID_CORRELATED	7BED58CA-9E5E-4915-BC95-31615B24DADD	Javelin::ClientMessages::GuildsComponentClientFacet_OnDepositGuildTreasuryFundsFailedMsg	3605	COMMUNITY_REPORTED		CATALOG_NO_GETTER	2	0x143477BBA->0x146162150;0x143477BC2->0x1434A1260
0x1434782C6	0x143478280	0x14347830D	0x1434A4E60	PROVIDER_UUID_CORRELATED	1DDDF77E-DCF4-4B79-9E09-13AC93756098	Javelin::ClientMessages::GuildsComponentClientFacet_OnWithdrawGuildTreasuryFundsMsg	5200	COMMUNITY_REPORTED		CATALOG_NO_GETTER	2	0x14347828A->0x146162150;0x143478292->0x1434A4E60
0x143478586	0x143478540	0x1434785CD	0x1434A4C60	PROVIDER_UUID_CORRELATED	E3E85EE0-8196-4C02-8CDD-F7AC61B10F31	Javelin::ClientMessages::GuildsComponentClientFacet_OnWithdrawGuildTreasuryFundsFailedMsg	3460	COMMUNITY_REPORTED		CATALOG_NO_GETTER	2	0x14347854A->0x146162150;0x143478552->0x1434A4C60
0x143478876	0x143478830	0x1434788BD	0x1434A1E60	PROVIDER_UUID_CORRELATED	691842C7-6879-4F68-93D4-58C873999643	Javelin::ClientMessages::GuildsComponentClientFacet_OnGetGuildTreasuryFailedMsg	651	COMMUNITY_REPORTED		CATALOG_NO_GETTER	2	0x14347883A->0x146162150;0x143478842->0x1434A1E60
0x143478B96	0x143478B50	0x143478BDD	0x1434A2060	PROVIDER_UUID_CORRELATED	EEB43AD9-A9CC-44B7-84FB-AE30A66867FC	Javelin::ClientMessages::GuildsComponentClientFacet_OnGetGuildTreasuryWithdrawalLimitFailedMsg	3607	COMMUNITY_REPORTED		CATALOG_NO_GETTER	2	0x143478B5A->0x146162150;0x143478B62->0x1434A2060
0x1434792A6	0x143479260	0x1434792ED	0x1434A4860	PROVIDER_UUID_CORRELATED	402EB227-1B30-439F-B136-B37286DE6FD3	Javelin::ClientMessages::GuildsComponentClientFacet_OnSetGuildTreasuryWithdrawalLimitFailedMsg	1469	COMMUNITY_REPORTED		CATALOG_NO_GETTER	2	0x14347926A->0x146162150;0x143479272->0x1434A4860
0x143479766	0x143479720	0x1434797AD	0x1434A1060	PROVIDER_UUID_CORRELATED	EE7774E7-B701-4A57-850B-FC6D5918E429	Javelin::ClientMessages::GuildsComponentClientFacet_OnDataRequestFailedMsg	3608	COMMUNITY_REPORTED		CATALOG_NO_GETTER	2	0x14347972A->0x146162150;0x143479732->0x1434A1060
0x143479BA6	0x143479B60	0x143479BED	0x1434A2E60	PROVIDER_UUID_CORRELATED	818B663B-DA66-4D35-84B0-D8FCCF92D350	Javelin::ClientMessages::GuildsComponentClientFacet_OnGuildNameAvailableMsg	2386	COMMUNITY_REPORTED		CATALOG_NO_GETTER	2	0x143479B6A->0x146162150;0x143479B72->0x1434A2E60
0x14347A0C6	0x14347A080	0x14347A10D	0x1434A2460	PROVIDER_UUID_CORRELATED	D46616EF-981B-4E37-8814-0C4F8FE032B9	Javelin::ClientMessages::GuildsComponentClientFacet_OnGetOrderedGuildsMsg	1410	COMMUNITY_REPORTED		CATALOG_NO_GETTER	2	0x14347A08A->0x146162150;0x14347A092->0x1434A2460
0x1434D02E6	0x1434D02A0	0x1434D032D	0x1434EE280	PROVIDER_UUID_CORRELATED	0BA42E03-45D6-4335-9DFF-133AA26A8B69	Javelin::ClientMessages::PlayerHomeComponentClientFacet_OnRespawnRequestFailed	491	COMMUNITY_REPORTED		CATALOG_NO_GETTER	2	0x1434D02AA->0x146162150;0x1434D02B2->0x1434EE280
0x1434D0396	0x1434D0350	0x1434D03DD	0x1434EEC80	PROVIDER_UUID_CORRELATED	E48D56A0-C950-433E-A9BC-DA64F3599127	Javelin::ClientMessages::PlayerHomeComponentServerFacet_DebugSetCooldown	3646	COMMUNITY_REPORTED		CATALOG_NO_GETTER	2	0x1434D035A->0x146162150;0x1434D0362->0x1434EEC80
0x1434D0AA6	0x1434D0A60	0x1434D0AED	0x1434EEA80	PROVIDER_UUID_CORRELATED	A66FD3F9-DB22-44AF-A525-FEE3A891782A	Javelin::ClientMessages::PlayerHomeComponentServerFacet_DebugResetRespawnPointCoolDownForType	3648	COMMUNITY_REPORTED		CATALOG_NO_GETTER	2	0x1434D0A6A->0x146162150;0x1434D0A72->0x1434EEA80
0x1434D0BE6	0x1434D0BA0	0x1434D0C2D	0x1434EE680	PROVIDER_UUID_CORRELATED	0E0050DC-F3FF-423A-852A-02832015C482	Javelin::ClientMessages::PlayerHomeComponentServerFacet_DebugRemoveHomePoint	3651	COMMUNITY_REPORTED		CATALOG_NO_GETTER	2	0x1434D0BAA->0x146162150;0x1434D0BB2->0x1434EE680
0x1434D0E96	0x1434D0E50	0x1434D0EDD	0x1434EE880	PROVIDER_UUID_CORRELATED	4982D549-7951-473A-BEDD-4756DE20484E	Javelin::ClientMessages::PlayerHomeComponentServerFacet_DebugRequestRespawn	5053	COMMUNITY_REPORTED		CATALOG_NO_GETTER	2	0x1434D0E5A->0x146162150;0x1434D0E62->0x1434EE880
0x1434D1D66	0x1434D1D20	0x1434D1DAD	0x1434EE480	PROVIDER_UUID_CORRELATED	305FCFBB-3FD0-49BB-841B-14EF372C6469	MB::PlayerHomeComponentReplicatedState	3652	COMMUNITY_REPORTED		CATALOG_NO_GETTER	2	0x1434D1D2A->0x146162150;0x1434D1D32->0x1434EE480
0x1434D1FD6	0x1434D1F90	0x1434D201D	0x1434EEE80	PROVIDER_UUID_CORRELATED	910FE804-E08C-44D6-BC71-6A318731DB45	Javelin::RespawnInfo	359	COMMUNITY_REPORTED		CATALOG_NO_GETTER	2	0x1434D1F9A->0x146162150;0x1434D1FA2->0x1434EEE80
0x1434D23D6	0x1434D2390	0x1434D241D	0x1434EDC80	PROVIDER_UUID_CORRELATED	E0215424-4AE6-49C8-9F11-04321E5EA8B0	Javelin::ClientMessages::HomeComponentClientFacet_ReceiveBoundPlayersList	6779	COMMUNITY_REPORTED		CATALOG_NO_GETTER	2	0x1434D239A->0x146162150;0x1434D23A2->0x1434EDC80
0x1434D2486	0x1434D2440	0x1434D24CD	0x1434EDE80	PROVIDER_UUID_CORRELATED	5B2B3E64-5807-40D3-B587-B7BE7E5396F0	Javelin::ClientMessages::HomeComponentServerFacet_DebugRequestAllBoundPlayers	6778	COMMUNITY_REPORTED		CATALOG_NO_GETTER	2	0x1434D244A->0x146162150;0x1434D2452->0x1434EDE80
0x1434D26F6	0x1434D26B0	0x1434D273D	0x1434A5060	PROVIDER_UUID_CORRELATED	F5398BCB-8AF9-47C7-84C6-B8AFBF249F34	Javelin::GuildsComponentReplicatedState	3147	COMMUNITY_REPORTED		CATALOG_NO_GETTER	2	0x1434D26BA->0x146162150;0x1434D26C2->0x1434A5060
0x143503C66	0x143503C20	0x143503CAD	0x143526210	PROVIDER_UUID_CORRELATED	01F70E7D-D8D0-4A9A-9E55-EFCDC71BB76B	Javelin::ClientMessages::HouseDataComponentServerFacet_DebugPlaceItemUnrestricted	3654	COMMUNITY_REPORTED		CATALOG_NO_GETTER	2	0x143503C2A->0x146162150;0x143503C32->0x143526210
0x143503E06	0x143503DC0	0x143503E4D	0x143526010	PROVIDER_UUID_CORRELATED	792C918A-9CC8-4348-90F2-46C7F1275D57	Javelin::ClientMessages::HouseDataComponentServerFacet_DebugMoveItemUnrestricted	3655	COMMUNITY_REPORTED		CATALOG_NO_GETTER	2	0x143503DCA->0x146162150;0x143503DD2->0x143526010
0x143503EB6	0x143503E70	0x143503EFD	0x143526810	PROVIDER_UUID_CORRELATED	AE126044-4FBF-4432-8954-F3357309D001	Javelin::ClientMessages::HouseDataComponentServerFacet_DebugRemoveItemUnrestricted	2891	COMMUNITY_REPORTED		CATALOG_NO_GETTER	2	0x143503E7A->0x146162150;0x143503E82->0x143526810
0x143504016	0x143503FD0	0x14350405D	0x143526610	PROVIDER_UUID_CORRELATED	28B5A1CB-8174-4147-8194-A5DAF60B8FAF	Javelin::ClientMessages::HouseDataComponentServerFacet_DebugRemoveAllItemsUnrestricted	3656	COMMUNITY_REPORTED		CATALOG_NO_GETTER	2	0x143503FDA->0x146162150;0x143503FE2->0x143526610
0x1435041B6	0x143504170	0x1435041FD	0x143526A10	PROVIDER_UUID_CORRELATED	086E0808-8D29-4116-9C8E-6A80E863B6C7	Javelin::ClientMessages::HouseDataComponentServerFacet_DebugRequestItemScores	5634	COMMUNITY_REPORTED		CATALOG_NO_GETTER	2	0x14350417A->0x146162150;0x143504182->0x143526A10
0x143504266	0x143504220	0x1435042AD	0x143526410	PROVIDER_UUID_CORRELATED	5C70A7E1-AECF-496A-AA5B-363B12B15141	Javelin::ClientMessages::HouseDataComponentServerFacet_DebugRefillHouse	3657	COMMUNITY_REPORTED		CATALOG_NO_GETTER	2	0x14350422A->0x146162150;0x143504232->0x143526410
0x143504316	0x1435042D0	0x14350435D	0x143525E10	PROVIDER_UUID_CORRELATED	46E82467-8948-4F40-9B9A-65A78DD87681	Javelin::ClientMessages::HouseDataComponentClientFacet_DebugReceiveItemScores	5633	COMMUNITY_REPORTED		CATALOG_NO_GETTER	2	0x1435042DA->0x146162150;0x1435042E2->0x143525E10
0x143504BA6	0x143504B60	0x143504BED	0x143526C10	PROVIDER_UUID_CORRELATED	C2938FCE-AF7A-447E-BAE7-AFCBFCC852AF	Javelin::HouseDataReplicatedState	3663	COMMUNITY_REPORTED		CATALOG_NO_GETTER	2	0x143504B6A->0x146162150;0x143504B72->0x143526C10
0x14353CEF6	0x14353CEB0	0x14353CF3D	0x1435841F0	PROVIDER_UUID_CORRELATED	396309C7-9B43-47F6-8820-DDC521D86452	Javelin::ClientMessages::PlayerHousingComponentServerFacet_DebugClearHasPurchasedHouse	3699	COMMUNITY_REPORTED		CATALOG_NO_GETTER	2	0x14353CEBA->0x146162150;0x14353CEC2->0x1435841F0
0x14353D616	0x14353D5D0	0x14353D65D	0x1435825F0	PROVIDER_UUID_CORRELATED	7D6473B6-C91C-4765-9C96-6CC915D6E163	Javelin::ClientMessages::PlayerHousingComponentServerFacet_ClearFastTravelCooldown	353	COMMUNITY_REPORTED		CATALOG_NO_GETTER	2	0x14353D5DA->0x146162150;0x14353D5E2->0x1435825F0
0x14353D766	0x14353D720	0x14353D7AD	0x1435847F0	PROVIDER_UUID_CORRELATED	293D7817-5B69-4F6D-BA7B-D6AE14CA95B1	Javelin::ClientMessages::PlayerHousingComponentServerFacet_DebugForceHandshake	4857	COMMUNITY_REPORTED		CATALOG_NO_GETTER	2	0x14353D72A->0x146162150;0x14353D732->0x1435847F0
0x14353DBA6	0x14353DB60	0x14353DBED	0x143584BF0	PROVIDER_UUID_CORRELATED	DDBEB415-36D2-45FA-9BAF-5FADCFEC55C7	Javelin::ClientMessages::PlayerHousingComponentServerFacet_DebugReloadBuffItems	4856	COMMUNITY_REPORTED		CATALOG_NO_GETTER	2	0x14353DB6A->0x146162150;0x14353DB72->0x143584BF0
0x14353DD66	0x14353DD20	0x14353DDAD	0x1435849F0	PROVIDER_UUID_CORRELATED	5B1A57E0-0E40-4530-BC75-7E251CAABEF3	Javelin::ClientMessages::PlayerHousingComponentServerFacet_DebugForceRestore	4858	COMMUNITY_REPORTED		CATALOG_NO_GETTER	2	0x14353DD2A->0x146162150;0x14353DD32->0x1435849F0
0x14353E266	0x14353E220	0x14353E2AD	0x1435845F0	PROVIDER_UUID_CORRELATED	18B4FC04-F029-4C55-80EF-6EEE9926B616	Javelin::ClientMessages::PlayerHousingComponentServerFacet_DebugDumpHousingInfo	4859	COMMUNITY_REPORTED		CATALOG_NO_GETTER	2	0x14353E22A->0x146162150;0x14353E232->0x1435845F0
0x14353E876	0x14353E830	0x14353E8BD	0x1435843F0	PROVIDER_UUID_CORRELATED	F3273E6C-CC25-43B1-8DA0-CFFB7C657AF7	Javelin::ClientMessages::PlayerHousingComponentServerFacet_DebugClearStanding	5102	COMMUNITY_REPORTED		CATALOG_NO_GETTER	2	0x14353E83A->0x146162150;0x14353E842->0x1435843F0
0x14353EAB6	0x14353EA70	0x14353EAFD	0x143584DF0	PROVIDER_UUID_CORRELATED	63868F71-99C6-4EB1-ABC2-63AEC52957DD	Javelin::ClientMessages::PlayerHousingComponentServerFacet_DebugUnloadAllHouses	6966	COMMUNITY_REPORTED		CATALOG_NO_GETTER	2	0x14353EA7A->0x146162150;0x14353EA82->0x143584DF0
0x14353F006	0x14353EFC0	0x14353F04D	0x1435829F0	PROVIDER_UUID_CORRELATED	4AADA499-8C3B-4BB3-8078-091B30CDD4D2	Javelin::ClientMessages::PlayerHousingComponentServerFacet_ClientRequestBuyHome	3700	COMMUNITY_REPORTED		CATALOG_NO_GETTER	2	0x14353EFCA->0x146162150;0x14353EFD2->0x1435829F0
0x14353F186	0x14353F140	0x14353F1CD	0x1435861F0	PROVIDER_UUID_CORRELATED	4F70C3BB-8F7D-48C2-A0B6-95431F88F356	MB::PlayerHousingReplicatedState	2768	COMMUNITY_REPORTED		CATALOG_NO_GETTER	2	0x14353F14A->0x146162150;0x14353F152->0x1435861F0
0x14353F236	0x14353F1F0	0x14353F27D	0x1435827F0	PROVIDER_UUID_CORRELATED	CC5544CF-D0F9-470A-BFA0-96F927B40251	Javelin::ClientMessages::PlayerHousingComponentServerFacet_ClientRequestAbandonHome	3701	COMMUNITY_REPORTED		CATALOG_NO_GETTER	2	0x14353F1FA->0x146162150;0x14353F202->0x1435827F0
0x14353F6E6	0x14353F6A0	0x14353F72D	0x143582DF0	PROVIDER_UUID_CORRELATED	986C4443-C1F6-486A-AD91-1FAAA5BE389F	Javelin::ClientMessages::PlayerHousingComponentServerFacet_ClientRequestEnterPlot	544	COMMUNITY_REPORTED		CATALOG_NO_GETTER	2	0x14353F6AA->0x146162150;0x14353F6B2->0x143582DF0
0x14353FC56	0x14353FC10	0x14353FC9D	0x143582FF0	PROVIDER_UUID_CORRELATED	E2E9EF1E-62B0-4C6C-BB67-F2B2B89D8F82	Javelin::ClientMessages::PlayerHousingComponentServerFacet_ClientRequestExitPlot	2149	COMMUNITY_REPORTED		CATALOG_NO_GETTER	2	0x14353FC1A->0x146162150;0x14353FC22->0x143582FF0
0x143540326	0x1435402E0	0x14354036D	0x143584FF0	PROVIDER_UUID_CORRELATED	74C9BC5F-7D50-4522-9260-D558574C0004	Javelin::ClientMessages::PlayerHousingComponentServerFacet_EnterPlot	3708	COMMUNITY_REPORTED		CATALOG_NO_GETTER	2	0x1435402EA->0x146162150;0x1435402F2->0x143584FF0
0x1435403D6	0x143540390	0x14354041D	0x14357FFF0	PROVIDER_UUID_CORRELATED	D36B090A-617C-4C3F-B0BF-7B12A1AE4237	MB::HousingPlotReplicatedState	3055	COMMUNITY_REPORTED		CATALOG_NO_GETTER	2	0x14354039A->0x146162150;0x1435403A2->0x14357FFF0
0x1435410E6	0x1435410A0	0x14354112D	0x1435851F0	PROVIDER_UUID_CORRELATED	29F7D6A5-9BA6-4ECF-B365-FEB87CA52520	Javelin::ClientMessages::PlayerHousingComponentServerFacet_ExitPlot	3710	COMMUNITY_REPORTED		CATALOG_NO_GETTER	2	0x1435410AA->0x146162150;0x1435410B2->0x1435851F0
0x143541366	0x143541320	0x1435413AD	0x1435831F0	PROVIDER_UUID_CORRELATED	759000DD-DFCA-4C19-8E3C-DDDEB3F41CB0	Javelin::ClientMessages::PlayerHousingComponentServerFacet_ClientRequestFastTravelHome	3712	COMMUNITY_REPORTED		CATALOG_NO_GETTER	2	0x14354132A->0x146162150;0x143541332->0x1435831F0
0x1435419E6	0x1435419A0	0x143541A2D	0x1435833F0	PROVIDER_UUID_CORRELATED	FAC01FCB-257C-4342-A1C6-EDA3FA973B0F	Javelin::ClientMessages::PlayerHousingComponentServerFacet_ClientRequestFastTravelTerritory	1409	COMMUNITY_REPORTED		CATALOG_NO_GETTER	2	0x1435419AA->0x146162150;0x1435419B2->0x1435833F0
0x143541E26	0x143541DE0	0x143541E6D	0x1435835F0	PROVIDER_UUID_CORRELATED	5C098A35-4878-404B-920E-EC48E095E81C	Javelin::ClientMessages::PlayerHousingComponentServerFacet_ClientRequestFastTravelTerritoryLandmark	3713	COMMUNITY_REPORTED		CATALOG_NO_GETTER	2	0x143541DEA->0x146162150;0x143541DF2->0x1435835F0
0x1435421A6	0x143542160	0x1435421ED	0x143583DF0	PROVIDER_UUID_CORRELATED	0CEEC434-6C86-4AD8-8EA2-0E6FAFCBC872	Javelin::ClientMessages::PlayerHousingComponentServerFacet_ClientRequestResetCooldown	1998	COMMUNITY_REPORTED		CATALOG_NO_GETTER	2	0x14354216A->0x146162150;0x143542172->0x143583DF0
0x143542256	0x143542210	0x14354229D	0x143582BF0	PROVIDER_UUID_CORRELATED	7587AC8B-C43D-4FB0-ABE0-49C570157615	Javelin::ClientMessages::PlayerHousingComponentServerFacet_ClientRequestCancelFastTravel	6701	COMMUNITY_REPORTED		CATALOG_NO_GETTER	2	0x14354221A->0x146162150;0x143542222->0x143582BF0
0x1435426B6	0x143542670	0x1435426FD	0x1435839F0	PROVIDER_UUID_CORRELATED	56D3CB63-4AAB-41FD-9DB3-DD885CD98108	Javelin::ClientMessages::PlayerHousingComponentServerFacet_ClientRequestPayTaxes	3716	COMMUNITY_REPORTED		CATALOG_NO_GETTER	2	0x14354267A->0x146162150;0x143542682->0x1435839F0
0x143542DC6	0x143542D80	0x143542E0D	0x143583FF0	PROVIDER_UUID_CORRELATED	2A2E316A-BA12-4F17-B0BA-C53B50B51959	Javelin::ClientMessages::PlayerHousingComponentServerFacet_ClientRequestTaxesDue	3081	COMMUNITY_REPORTED		CATALOG_NO_GETTER	2	0x143542D8A->0x146162150;0x143542D92->0x143583FF0
0x143543756	0x143543710	0x14354379D	0x1435837F0	PROVIDER_UUID_CORRELATED	38FF1553-850B-4EC7-931B-78019F9A04BF	Javelin::ClientMessages::PlayerHousingComponentServerFacet_ClientRequestInteractingPlotAdditionalInfo	3717	COMMUNITY_REPORTED		CATALOG_NO_GETTER	2	0x14354371A->0x146162150;0x143543722->0x1435837F0
0x143544096	0x143544050	0x1435440DD	0x1435859F0	PROVIDER_UUID_CORRELATED	A12D6504-7B79-4EC6-87DD-D6EDA3735DAA	Javelin::ClientMessages::PlayerHousingComponentServerFacet_PlaceNewItem	3277	COMMUNITY_REPORTED		CATALOG_NO_GETTER	2	0x14354405A->0x146162150;0x143544062->0x1435859F0
0x1435443B6	0x143544370	0x1435443FD	0x14357D7F0	PROVIDER_UUID_CORRELATED	34BB36AF-537E-438C-8C17-2B2A50E2912A	Javelin::ClientMessages::HousingPlotComponentClientFacet_ReceiveUpdatedHouse	2439	COMMUNITY_REPORTED		CATALOG_NO_GETTER	2	0x14354437A->0x146162150;0x143544382->0x14357D7F0
0x143544666	0x143544620	0x1435446AD	0x1435855F0	PROVIDER_UUID_CORRELATED	D9F54D10-8C8F-4B77-B687-BEA93D1DC961	Javelin::ClientMessages::PlayerHousingComponentServerFacet_MoveItem	3723	COMMUNITY_REPORTED		CATALOG_NO_GETTER	2	0x14354462A->0x146162150;0x143544632->0x1435855F0
0x143544736	0x1435446F0	0x14354477D	0x14357D1F0	PROVIDER_UUID_CORRELATED	6DF53D82-984B-4835-B28A-56E9F81973B0	Javelin::ClientMessages::HousingPlotComponentClientFacet_ReceivePeacockTimeRemaining	252	COMMUNITY_REPORTED		CATALOG_NO_GETTER	2	0x1435446FA->0x146162150;0x143544702->0x14357D1F0
0x143544AD6	0x143544A90	0x143544B1D	0x143585BF0	PROVIDER_UUID_CORRELATED	1B5FAF2D-AE5C-445E-AB61-2D8C89AE48E9	Javelin::ClientMessages::PlayerHousingComponentServerFacet_RemoveItem	1435	COMMUNITY_REPORTED		CATALOG_NO_GETTER	2	0x143544A9A->0x146162150;0x143544AA2->0x143585BF0
0x143544BC6	0x143544B80	0x143544C0D	0x14357D5F0	PROVIDER_UUID_CORRELATED	6C4260D9-2A8D-44E3-92A9-C29E340930C8	Javelin::ClientMessages::HousingPlotComponentClientFacet_ReceiveTopHouses	3213	COMMUNITY_REPORTED		CATALOG_NO_GETTER	2	0x143544B8A->0x146162150;0x143544B92->0x14357D5F0
0x143544F76	0x143544F30	0x143544FBD	0x1435853F0	PROVIDER_UUID_CORRELATED	56498AC7-43E1-4FE4-BE5C-C2E270CE4309	Javelin::ClientMessages::PlayerHousingComponentServerFacet_InteractWithHousingItem	3730	COMMUNITY_REPORTED		CATALOG_NO_GETTER	2	0x143544F3A->0x146162150;0x143544F42->0x1435853F0
0x143545026	0x143544FE0	0x14354506D	0x14357D3F0	PROVIDER_UUID_CORRELATED	C69F54B0-F516-4183-AE52-9A49D62E6A9B	Javelin::ClientMessages::HousingPlotComponentClientFacet_ReceivePingRequestForHouse	3664	COMMUNITY_REPORTED		CATALOG_NO_GETTER	2	0x143544FEA->0x146162150;0x143544FF2->0x14357D3F0
0x1435452C6	0x143545280	0x14354530D	0x1435857F0	PROVIDER_UUID_CORRELATED	BD8C0F88-71AE-4634-8845-6C5654667F32	Javelin::ClientMessages::PlayerHousingComponentServerFacet_OnInteractWithHousingItemEnded	695	COMMUNITY_REPORTED		CATALOG_NO_GETTER	2	0x14354528A->0x146162150;0x143545292->0x1435857F0
0x143545376	0x143545330	0x1435453BD	0x14357CDF0	PROVIDER_UUID_CORRELATED	E4AF18D6-8ED9-4870-BE44-2804589D7C65	Javelin::ClientMessages::HousingPlotComponentClientFacet_GenericHousingPlotRequestResponse	3665	COMMUNITY_REPORTED		CATALOG_NO_GETTER	2	0x14354533A->0x146162150;0x143545342->0x14357CDF0
0x1435456D6	0x143545690	0x14354571D	0x143585DF0	PROVIDER_UUID_CORRELATED	56A5091B-FFB7-4335-A555-FEC69EB80F6A	Javelin::ClientMessages::PlayerHousingComponentServerFacet_RequestTerritoryResidentData	3606	COMMUNITY_REPORTED		CATALOG_NO_GETTER	2	0x14354569A->0x146162150;0x1435456A2->0x143585DF0
0x143545816	0x1435457D0	0x14354585D	0x14357CFF0	PROVIDER_UUID_CORRELATED	F7CE0A75-BDE5-4ABA-B587-1D711F3DC8F7	Javelin::ClientMessages::HousingPlotComponentClientFacet_ReceiveMonikerKey	3321	COMMUNITY_REPORTED		CATALOG_NO_GETTER	2	0x1435457DA->0x146162150;0x1435457E2->0x14357CFF0
0x143545DA6	0x143545D60	0x143545DED	0x143581FF0	PROVIDER_UUID_CORRELATED	0792DECD-D8C1-4B73-BD59-ED3B22F505F0	Javelin::ClientMessages::PlayerHousingComponentClientFacet_SendHouseRefundedNotification	3732	COMMUNITY_REPORTED		CATALOG_NO_GETTER	2	0x143545D6A->0x146162150;0x143545D72->0x143581FF0
0x143545E56	0x143545E10	0x143545E9D	0x14357DDF0	PROVIDER_UUID_CORRELATED	D7760777-F1EB-4B35-A7A7-05559D38D269	Javelin::ClientMessages::HousingPlotComponentServerFacet_DebugBuyHome	2887	COMMUNITY_REPORTED		CATALOG_NO_GETTER	2	0x143545E1A->0x146162150;0x143545E22->0x14357DDF0
0x1435460C6	0x143546080	0x14354610D	0x1435821F0	PROVIDER_UUID_CORRELATED	869F9AAE-C749-474E-A09C-9E0B23A39796	Javelin::ClientMessages::PlayerHousingComponentClientFacet_SendItemsRefundedNotification	3733	COMMUNITY_REPORTED		CATALOG_NO_GETTER	2	0x14354608A->0x146162150;0x143546092->0x1435821F0
0x143546256	0x143546210	0x14354629D	0x14357D9F0	PROVIDER_UUID_CORRELATED	D1263352-2A68-495F-A9BC-89884A9AAD90	Javelin::ClientMessages::HousingPlotComponentServerFacet_DebugAbandonHome	3447	COMMUNITY_REPORTED		CATALOG_NO_GETTER	2	0x14354621A->0x146162150;0x143546222->0x14357D9F0
0x143546646	0x143546600	0x14354668D	0x143581DF0	PROVIDER_UUID_CORRELATED	96F16FEA-375D-4575-A6D3-32C817693434	Javelin::ClientMessages::PlayerHousingComponentClientFacet_SendHouseRecoveredNotification	4719	COMMUNITY_REPORTED		CATALOG_NO_GETTER	2	0x14354660A->0x146162150;0x143546612->0x143581DF0
0x143546706	0x1435466C0	0x14354674D	0x14357E3F0	PROVIDER_UUID_CORRELATED	CF45277B-3F92-43D4-B3D5-FA407DD57EBF	Javelin::ClientMessages::HousingPlotComponentServerFacet_DebugFastTravelPlot	3682	COMMUNITY_REPORTED		CATALOG_NO_GETTER	2	0x1435466CA->0x146162150;0x1435466D2->0x14357E3F0
0x143546AC6	0x143546A80	0x143546B0D	0x143581BF0	PROVIDER_UUID_CORRELATED	163EDB2C-8D25-4319-A7CB-1D62E7874857	Javelin::ClientMessages::PlayerHousingComponentClientFacet_SendHouseNotRecoveredNotification	4715	COMMUNITY_REPORTED		CATALOG_NO_GETTER	2	0x143546A8A->0x146162150;0x143546A92->0x143581BF0
0x143546C76	0x143546C30	0x143546CBD	0x14357DFF0	PROVIDER_UUID_CORRELATED	F5929D01-1F1D-4403-85E8-298ABB38C9AE	Javelin::ClientMessages::HousingPlotComponentServerFacet_DebugEnterPlot	3232	COMMUNITY_REPORTED		CATALOG_NO_GETTER	2	0x143546C3A->0x146162150;0x143546C42->0x14357DFF0
0x143547216	0x1435471D0	0x14354725D	0x1435823F0	PROVIDER_UUID_CORRELATED	D927057E-BF48-4B48-99D5-48710DCED4A0	Javelin::ClientMessages::PlayerHousingComponentClientFacet_SetHouseRefundCost	5927	COMMUNITY_REPORTED		CATALOG_NO_GETTER	2	0x1435471DA->0x146162150;0x1435471E2->0x1435823F0
0x143547376	0x143547330	0x1435473BD	0x14357E1F0	PROVIDER_UUID_CORRELATED	64E608D9-A234-442F-914E-D170322A0E77	Javelin::ClientMessages::HousingPlotComponentServerFacet_DebugExitPlot	323	COMMUNITY_REPORTED		CATALOG_NO_GETTER	2	0x14354733A->0x146162150;0x143547342->0x14357E1F0
0x143547AB6	0x143547A70	0x143547AFD	0x143583BF0	PROVIDER_UUID_CORRELATED	19528584-470C-4E92-8AC9-B248B0B25674	Javelin::ClientMessages::PlayerHousingComponentServerFacet_ClientRequestRemoveAllFurniture	5490	COMMUNITY_REPORTED		CATALOG_NO_GETTER	2	0x143547A7A->0x146162150;0x143547A82->0x143583BF0
0x143547C66	0x143547C20	0x143547CAD	0x14357EBF0	PROVIDER_UUID_CORRELATED	C0C6B24F-EB64-407F-AE3B-B9955C81A0ED	Javelin::ClientMessages::HousingPlotComponentServerFacet_DebugRemoveAllFurniture	5493	COMMUNITY_REPORTED		CATALOG_NO_GETTER	2	0x143547C2A->0x146162150;0x143547C32->0x14357EBF0
0x1435482F6	0x1435482B0	0x14354833D	0x143580FF0	PROVIDER_UUID_CORRELATED	AEC7853B-2767-4F72-859A-B2EC7EDAE0D3	Javelin::ClientMessages::PlayerHousingComponentClientFacet_OnRequestExitPlotFailed	5991	COMMUNITY_REPORTED		CATALOG_NO_GETTER	2	0x1435482BA->0x146162150;0x1435482C2->0x143580FF0
0x143548756	0x143548710	0x14354879D	0x14357EFF0	PROVIDER_UUID_CORRELATED	4290A5E3-105E-4896-A940-FC5F05815177	Javelin::ClientMessages::HousingPlotComponentServerFacet_DebugRequestAllHousesOnPlot	3683	COMMUNITY_REPORTED		CATALOG_NO_GETTER	2	0x14354871A->0x146162150;0x143548722->0x14357EFF0
0x143548EB6	0x143548E70	0x143548EFD	0x143585FF0	PROVIDER_UUID_CORRELATED	7BDE4E3D-B97F-4D71-BC62-5176211A4D65	Javelin::ClientMessages::PlayerHousingComponentServerFacet_SendFastTravelTimeoutTelemetry	6782	COMMUNITY_REPORTED		CATALOG_NO_GETTER	2	0x143548E7A->0x146162150;0x143548E82->0x143585FF0
0x143548F66	0x143548F20	0x143548FAD	0x14357FBF0	PROVIDER_UUID_CORRELATED	CE4C47A9-F580-47DB-9045-9A81520CF2F1	Javelin::ClientMessages::HousingPlotComponentServerFacet_DebugRequestTopHouses	3130	COMMUNITY_REPORTED		CATALOG_NO_GETTER	2	0x143548F2A->0x146162150;0x143548F32->0x14357FBF0
0x1435492C6	0x143549280	0x14354930D	0x14357DBF0	PROVIDER_UUID_CORRELATED	F6CB0E4A-0122-4E97-883A-D80B7637F7BB	Javelin::ClientMessages::HousingPlotComponentServerFacet_DebugAddFakeHouseData	725	COMMUNITY_REPORTED		CATALOG_NO_GETTER	2	0x14354928A->0x146162150;0x143549292->0x14357DBF0
0x1435495A6	0x143549560	0x1435495ED	0x14357F7F0	PROVIDER_UUID_CORRELATED	AE02F2CE-58F8-4495-932E-C39F216D1DA8	Javelin::ClientMessages::HousingPlotComponentServerFacet_DebugRequestPingHouse	3684	COMMUNITY_REPORTED		CATALOG_NO_GETTER	2	0x14354956A->0x146162150;0x143549572->0x14357F7F0
0x1435497B6	0x143549770	0x1435497FD	0x14357EDF0	PROVIDER_UUID_CORRELATED	8596D0C9-8537-488B-9476-A51D1C46C25C	Javelin::ClientMessages::HousingPlotComponentServerFacet_DebugRemoveAllHouses	3685	COMMUNITY_REPORTED		CATALOG_NO_GETTER	2	0x14354977A->0x146162150;0x143549782->0x14357EDF0
0x143549B66	0x143549B20	0x143549BAD	0x14357E9F0	PROVIDER_UUID_CORRELATED	5C1155E8-A59F-4040-89E7-A3D87226A3C8	Javelin::ClientMessages::HousingPlotComponentServerFacet_DebugRemoveAllCaches	5101	COMMUNITY_REPORTED		CATALOG_NO_GETTER	2	0x143549B2A->0x146162150;0x143549B32->0x14357E9F0
0x14354A026	0x143549FE0	0x14354A06D	0x14357F3F0	PROVIDER_UUID_CORRELATED	056375E2-636C-4F6A-8E9D-CA7731797E3F	Javelin::ClientMessages::HousingPlotComponentServerFacet_DebugRequestGetMonikerKey	3686	COMMUNITY_REPORTED		CATALOG_NO_GETTER	2	0x143549FEA->0x146162150;0x143549FF2->0x14357F3F0
0x14354A396	0x14354A350	0x14354A3DD	0x14357FDF0	PROVIDER_UUID_CORRELATED	1370A9A9-8CB5-4BC3-BEC1-5825F77A6183	Javelin::ClientMessages::HousingPlotComponentServerFacet_RandomizePeacockScores	3660	COMMUNITY_REPORTED		CATALOG_NO_GETTER	2	0x14354A35A->0x146162150;0x14354A362->0x14357FDF0
0x14354ACE6	0x14354ACA0	0x14354AD2D	0x14357F1F0	PROVIDER_UUID_CORRELATED	E584A8B6-C9BF-4E27-B1F0-29F62056529E	Javelin::ClientMessages::HousingPlotComponentServerFacet_DebugRequestDestroyHouse	3299	COMMUNITY_REPORTED		CATALOG_NO_GETTER	2	0x14354ACAA->0x146162150;0x14354ACB2->0x14357F1F0
0x14354B2D6	0x14354B290	0x14354B31D	0x14357F5F0	PROVIDER_UUID_CORRELATED	ECC473D9-8D62-4B07-A04F-1FF77B22DC75	Javelin::ClientMessages::HousingPlotComponentServerFacet_DebugRequestPeacockTimeRemaining	3687	COMMUNITY_REPORTED		CATALOG_NO_GETTER	2	0x14354B29A->0x146162150;0x14354B2A2->0x14357F5F0
0x14354B736	0x14354B6F0	0x14354B77D	0x14357E5F0	PROVIDER_UUID_CORRELATED	A7B1C0D6-F29E-4039-9A40-896AFABEB07E	Javelin::ClientMessages::HousingPlotComponentServerFacet_DebugForcePeacockScoresRecalculation	3401	COMMUNITY_REPORTED		CATALOG_NO_GETTER	2	0x14354B6FA->0x146162150;0x14354B702->0x14357E5F0
0x14354B9F6	0x14354B9B0	0x14354BA3D	0x14357F9F0	PROVIDER_UUID_CORRELATED	CB7FCD00-A38E-4C4D-882E-6B35AE3EF483	Javelin::ClientMessages::HousingPlotComponentServerFacet_DebugRequestSetTerritoryStanding	5632	COMMUNITY_REPORTED		CATALOG_NO_GETTER	2	0x14354B9BA->0x146162150;0x14354B9C2->0x14357F9F0
0x14354BC86	0x14354BC40	0x14354BCCD	0x14357E7F0	PROVIDER_UUID_CORRELATED	07246404-9FFA-4249-9A3C-4BCD824D03AE	Javelin::ClientMessages::HousingPlotComponentServerFacet_DebugReloadAllHouses	5943	COMMUNITY_REPORTED		CATALOG_NO_GETTER	2	0x14354BC4A->0x146162150;0x14354BC52->0x14357E7F0
0x14354F076	0x14354F030	0x14354F0BD	0x1435815F0	PROVIDER_UUID_CORRELATED	63AD424A-363F-4A9E-9234-CBCA4976E980	Javelin::ClientMessages::PlayerHousingComponentClientFacet_PlaceNewItemResult	3691	COMMUNITY_REPORTED		CATALOG_NO_GETTER	2	0x14354F03A->0x146162150;0x14354F042->0x1435815F0
0x14354F296	0x14354F250	0x14354F2DD	0x143580BF0	PROVIDER_UUID_CORRELATED	E369C5F2-83E3-4C00-9149-65E34DC2CE5A	Javelin::ClientMessages::PlayerHousingComponentClientFacet_OnHousingItemInteractBeginRemoteClient	2462	COMMUNITY_REPORTED		CATALOG_NO_GETTER	2	0x14354F25A->0x146162150;0x14354F262->0x143580BF0
0x14354F6B6	0x14354F670	0x14354F6FD	0x143580DF0	PROVIDER_UUID_CORRELATED	4A852735-2CB1-4996-96F7-105DD66BE434	Javelin::ClientMessages::PlayerHousingComponentClientFacet_OnHousingItemInteractEndRemoteClient	2684	COMMUNITY_REPORTED		CATALOG_NO_GETTER	2	0x14354F67A->0x146162150;0x14354F682->0x143580DF0
0x14354F8D6	0x14354F890	0x14354F91D	0x1435807F0	PROVIDER_UUID_CORRELATED	E2091EEE-FFAD-4AD5-A895-6F255C0640C7	Javelin::ClientMessages::PlayerHousingComponentClientFacet_MoveItemResult	892	COMMUNITY_REPORTED		CATALOG_NO_GETTER	2	0x14354F89A->0x146162150;0x14354F8A2->0x1435807F0
0x14354FE46	0x14354FE00	0x14354FE8D	0x1435819F0	PROVIDER_UUID_CORRELATED	701EDD03-2850-4B6E-9610-EEBD6367E6CA	Javelin::ClientMessages::PlayerHousingComponentClientFacet_RemoveItemResult	3046	COMMUNITY_REPORTED		CATALOG_NO_GETTER	2	0x14354FE0A->0x146162150;0x14354FE12->0x1435819F0
0x143550216	0x1435501D0	0x14355025D	0x1435809F0	PROVIDER_UUID_CORRELATED	D12C391A-6871-43C9-A584-26411C640138	Javelin::ClientMessages::PlayerHousingComponentClientFacet_OnHouseInfoResponse	3692	COMMUNITY_REPORTED		CATALOG_NO_GETTER	2	0x1435501DA->0x146162150;0x1435501E2->0x1435809F0
0x1435505C6	0x143550580	0x14355060D	0x1435801F0	PROVIDER_UUID_CORRELATED	C0EE38B8-9B4A-41A0-BC25-4E2ACC7EFF0C	Javelin::ClientMessages::PlayerHousingComponentClientFacet_ClientReceiveTaxesDue	3694	COMMUNITY_REPORTED		CATALOG_NO_GETTER	2	0x14355058A->0x146162150;0x143550592->0x1435801F0
0x1435508B6	0x143550870	0x1435508FD	0x1435811F0	PROVIDER_UUID_CORRELATED	F977D96B-91A9-47E8-BE5E-327500059A25	Javelin::ClientMessages::PlayerHousingComponentClientFacet_OnResidentDataReceived	3695	COMMUNITY_REPORTED		CATALOG_NO_GETTER	2	0x14355087A->0x146162150;0x143550882->0x1435811F0
0x143550DA6	0x143550D60	0x143550DED	0x1435817F0	PROVIDER_UUID_CORRELATED	AAEBE228-7913-45F5-BADF-D039EBB0DBD4	Javelin::ClientMessages::PlayerHousingComponentClientFacet_PreloadFastTravelLocation	6796	COMMUNITY_REPORTED		CATALOG_NO_GETTER	2	0x143550D6A->0x146162150;0x143550D72->0x1435817F0
0x143551236	0x1435511F0	0x14355127D	0x1435805F0	PROVIDER_UUID_CORRELATED	150997FD-C557-47E4-95B4-6074B02F6F6F	Javelin::ClientMessages::PlayerHousingComponentClientFacet_FastTravelRequestFailed	3042	COMMUNITY_REPORTED		CATALOG_NO_GETTER	2	0x1435511FA->0x146162150;0x143551202->0x1435805F0
0x1435516D6	0x143551690	0x14355171D	0x1435803F0	PROVIDER_UUID_CORRELATED	6036DD2F-EE0C-49A9-8F33-348DAD4731C5	Javelin::ClientMessages::PlayerHousingComponentClientFacet_FastTravelChannelingCompleted	3696	COMMUNITY_REPORTED		CATALOG_NO_GETTER	2	0x14355169A->0x146162150;0x1435516A2->0x1435803F0
0x143551BC6	0x143551B80	0x143551C0D	0x1435813F0	PROVIDER_UUID_CORRELATED	3719A668-00DB-461F-8F3A-908A24D998CE	Javelin::ClientMessages::PlayerHousingComponentClientFacet_PayTaxRequestFinished	952	COMMUNITY_REPORTED		CATALOG_NO_GETTER	2	0x143551B8A->0x146162150;0x143551B92->0x1435813F0
0x1435A6306	0x1435A62C0	0x1435A634D	0x1435CAB50	PROVIDER_UUID_CORRELATED	6A0F5E12-9508-4140-BEC2-F47F916A9DAD	Javelin::InteractCondition	3738	COMMUNITY_REPORTED		CATALOG_NO_GETTER	2	0x1435A62CA->0x146162150;0x1435A62D2->0x1435CAB50
0x1435A6756	0x1435A6710	0x1435A679D	0x1435CA150	PROVIDER_UUID_CORRELATED	01817D15-8624-465E-ACEB-A2A4B0ED3E07	Javelin::DefaultCondition	3739	COMMUNITY_REPORTED		CATALOG_NO_GETTER	2	0x1435A671A->0x146162150;0x1435A6722->0x1435CA150
0x1435A69E6	0x1435A69A0	0x1435A6A2D	0x1435CA350	PROVIDER_UUID_CORRELATED	7BAA2DC1-A875-4C63-BB9C-CB01C3375E75	Javelin::GatherableCondition	2750	COMMUNITY_REPORTED		CATALOG_NO_GETTER	2	0x1435A69AA->0x146162150;0x1435A69B2->0x1435CA350
0x1435A6B86	0x1435A6B40	0x1435A6BCD	0x1435C9F50	PROVIDER_UUID_CORRELATED	1DB27353-50EA-4FF0-8D80-6534C2D04E70	Javelin::ApplyResourcesCondition	3740	COMMUNITY_REPORTED		CATALOG_NO_GETTER	2	0x1435A6B4A->0x146162150;0x1435A6B52->0x1435C9F50
0x1435A7486	0x1435A7440	0x1435A74CD	0x1435CA950	PROVIDER_UUID_CORRELATED	503CBD6E-FAAA-426E-BA32-B72509E111D7	Javelin::ClientMessages::HunterSightComponentClientFacet_SyncData	138	COMMUNITY_REPORTED		CATALOG_NO_GETTER	2	0x1435A744A->0x146162150;0x1435A7452->0x1435CA950
0x1435A7776	0x1435A7730	0x1435A77BD	0x1435CA750	PROVIDER_UUID_CORRELATED	83957D67-1510-4803-AEAA-6013C692BCD5	Javelin::ClientMessages::HunterSightComponentClientFacet_OnHunterSightStarted	1246	COMMUNITY_REPORTED		CATALOG_NO_GETTER	2	0x1435A773A->0x146162150;0x1435A7742->0x1435CA750
0x1435A7916	0x1435A78D0	0x1435A795D	0x1435CA550	PROVIDER_UUID_CORRELATED	BD018414-2284-4C22-AC9C-F9C23B5150B6	Javelin::ClientMessages::HunterSightComponentClientFacet_OnHunterSightEnded	2654	COMMUNITY_REPORTED		CATALOG_NO_GETTER	2	0x1435A78DA->0x146162150;0x1435A78E2->0x1435CA550
0x1435DB366	0x1435DB320	0x1435DB3AD	0x1435E6280	PROVIDER_UUID_CORRELATED	D4090863-57F0-409D-9EAD-DF97633634D0	MB::InteractReplicatedState	2930	COMMUNITY_REPORTED		CATALOG_NO_GETTER	2	0x1435DB32A->0x146162150;0x1435DB332->0x1435E6280
0x1435EF376	0x1435EF330	0x1435EF3BD	0x143616EC0	PROVIDER_UUID_CORRELATED	D7A2A467-A629-4B93-A245-0D4838A7EA40	Javelin::ClientMessages::InventoriesComponentServerFacet_ReadyRegionalOwnerData	5766	COMMUNITY_REPORTED		CATALOG_NO_GETTER	2	0x1435EF33A->0x146162150;0x1435EF342->0x143616EC0
0x1435EF426	0x1435EF3E0	0x1435EF46D	0x143616CC0	PROVIDER_UUID_CORRELATED	D81C09FF-298F-41FE-BDA0-A1AA28C1BA60	Javelin::ClientMessages::InventoriesComponentServerFacet_ReadyGlobalOwnerData	5791	COMMUNITY_REPORTED		CATALOG_NO_GETTER	2	0x1435EF3EA->0x146162150;0x1435EF3F2->0x143616CC0
0x1435EF4D6	0x1435EF490	0x1435EF51D	0x1436160C0	PROVIDER_UUID_CORRELATED	3D8E5A00-FE0F-4BFE-B0B9-6C65381DDB25	Javelin::ClientMessages::InventoriesComponentServerFacet_CreateItemBatch	5761	COMMUNITY_REPORTED		CATALOG_NO_GETTER	2	0x1435EF49A->0x146162150;0x1435EF4A2->0x1436160C0
0x1435EF586	0x1435EF540	0x1435EF5CD	0x1436172C0	PROVIDER_UUID_CORRELATED	D7E90C43-65F7-4A09-9953-6E7E6E2A36BC	Javelin::ClientMessages::InventoriesComponentServerFacet_UpdateItemBatch	5773	COMMUNITY_REPORTED		CATALOG_NO_GETTER	2	0x1435EF54A->0x146162150;0x1435EF552->0x1436172C0
0x1435EF8A6	0x1435EF860	0x1435EF8ED	0x1436166C0	PROVIDER_UUID_CORRELATED	79718874-49A4-4380-9C3D-536224AD62E9	Javelin::ClientMessages::InventoriesComponentServerFacet_DeleteItemBatch	5768	COMMUNITY_REPORTED		CATALOG_NO_GETTER	2	0x1435EF86A->0x146162150;0x1435EF872->0x1436166C0
0x1435EFBE6	0x1435EFBA0	0x1435EFC2D	0x1436174C0	PROVIDER_UUID_CORRELATED	252E64DD-9EAB-4977-A7AD-2EBC8CA41C90	Javelin::ClientMessages::InventoriesComponentServerFacet_UpdateLinks	5758	COMMUNITY_REPORTED		CATALOG_NO_GETTER	2	0x1435EFBAA->0x146162150;0x1435EFBB2->0x1436174C0
0x1435F0136	0x1435F00F0	0x1435F017D	0x1436170C0	PROVIDER_UUID_CORRELATED	3FD51A09-A9A1-4BD1-B942-462E0B263792	Javelin::ClientMessages::InventoriesComponentServerFacet_TransactWriteItems	5774	COMMUNITY_REPORTED		CATALOG_NO_GETTER	2	0x1435F00FA->0x146162150;0x1435F0102->0x1436170C0
0x1435F03E6	0x1435F03A0	0x1435F042D	0x1436168C0	PROVIDER_UUID_CORRELATED	868476CC-CC03-4E99-854F-F523992CAC7E	Javelin::ClientMessages::InventoriesComponentServerFacet_GetItems	5755	COMMUNITY_REPORTED		CATALOG_NO_GETTER	2	0x1435F03AA->0x146162150;0x1435F03B2->0x1436168C0
0x1435F08F6	0x1435F08B0	0x1435F093D	0x143616AC0	PROVIDER_UUID_CORRELATED	5042E9DE-567C-45EB-A112-829E68A7C263	Javelin::ClientMessages::InventoriesComponentServerFacet_QueryInventories	5789	COMMUNITY_REPORTED		CATALOG_NO_GETTER	2	0x1435F08BA->0x146162150;0x1435F08C2->0x143616AC0
0x1435F0A76	0x1435F0A30	0x1435F0ABD	0x1436162C0	PROVIDER_UUID_CORRELATED	08EEEA51-97B3-49A0-91F3-B7B19060DBE2	Javelin::ClientMessages::InventoriesComponentServerFacet_DebugFlushCaches	5870	COMMUNITY_REPORTED		CATALOG_NO_GETTER	2	0x1435F0A3A->0x146162150;0x1435F0A42->0x1436162C0
0x1435F0C36	0x1435F0BF0	0x1435F0C7D	0x1436164C0	PROVIDER_UUID_CORRELATED	6C3A639A-E270-4A73-83BF-E391599DD7C2	Javelin::ClientMessages::InventoriesComponentServerFacet_DebugFlushPersistence	5900	COMMUNITY_REPORTED		CATALOG_NO_GETTER	2	0x1435F0BFA->0x146162150;0x1435F0C02->0x1436164C0
0x1435F0CE6	0x1435F0CA0	0x1435F0D2D	0x143615CC0	PROVIDER_UUID_CORRELATED	405C835B-3FF4-404B-B624-D858460F3255	Javelin::ClientMessages::InventoriesComponentClientFacet_OnGetItems	5771	COMMUNITY_REPORTED		CATALOG_NO_GETTER	2	0x1435F0CAA->0x146162150;0x1435F0CB2->0x143615CC0
0x1435F0D96	0x1435F0D50	0x1435F0DDD	0x143615EC0	PROVIDER_UUID_CORRELATED	0E1245B4-B51A-47CB-8907-B6203F0759A2	Javelin::ClientMessages::InventoriesComponentClientFacet_OnQueryInventories	5792	COMMUNITY_REPORTED		CATALOG_NO_GETTER	2	0x1435F0D5A->0x146162150;0x1435F0D62->0x143615EC0
0x1435F3006	0x1435F2FC0	0x1435F304D	0x1436158C0	PROVIDER_UUID_CORRELATED	648AF1DB-956E-4370-992A-7E778560C765	Javelin::Ammo	2436	COMMUNITY_REPORTED		CATALOG_NO_GETTER	2	0x1435F2FCA->0x146162150;0x1435F2FD2->0x1436158C0
0x1435F3266	0x1435F3220	0x1435F32AD	0x1436180C0	PROVIDER_UUID_CORRELATED	BB33E736-2F3A-4A8D-8DD7-9A4BD130ED90	Javelin::ClientMessages::OwnershipComponentServerFacet_DebugTransferOwnership	3754	COMMUNITY_REPORTED		CATALOG_NO_GETTER	2	0x1435F322A->0x146162150;0x1435F3232->0x1436180C0
0x1435F3526	0x1435F34E0	0x1435F356D	0x143617EC0	PROVIDER_UUID_CORRELATED	75E0D04A-6299-4601-B0D7-B1B185654853	Javelin::ClientMessages::OwnershipComponentServerFacet_DebugSetPermissions	3757	COMMUNITY_REPORTED		CATALOG_NO_GETTER	2	0x1435F34EA->0x146162150;0x1435F34F2->0x143617EC0
0x1435F37E6	0x1435F37A0	0x1435F382D	0x143617CC0	PROVIDER_UUID_CORRELATED	833CB811-5CF1-4817-B09D-59D11A07A317	Javelin::ClientMessages::OwnershipComponentServerFacet_DebugSetPermissionOption	6803	COMMUNITY_REPORTED		CATALOG_NO_GETTER	2	0x1435F37AA->0x146162150;0x1435F37B2->0x143617CC0
0x1435F4E46	0x1435F4E00	0x1435F4E8D	0x143617AC0	PROVIDER_UUID_CORRELATED	704F90BD-BA5A-4DED-A3DF-DA1827A45E93	MB::OwnershipComponentReplicatedState	3217	COMMUNITY_REPORTED		CATALOG_NO_GETTER	2	0x1435F4E0A->0x146162150;0x1435F4E12->0x143617AC0
0x14362A3C6	0x14362A380	0x14362A40D	0x143639CA0	PROVIDER_UUID_CORRELATED	DD0B01E4-23DC-4D56-9EB3-2BC3C5AA1608	Javelin::Dye	881	COMMUNITY_REPORTED		CATALOG_NO_GETTER	2	0x14362A38A->0x146162150;0x14362A392->0x143639CA0
0x14362A476	0x14362A430	0x14362A4BD	0x143639EA0	PROVIDER_UUID_CORRELATED	1D897824-B454-4D39-BF56-733C796D7B02	Javelin::MountDye	6095	COMMUNITY_REPORTED		CATALOG_NO_GETTER	2	0x14362A43A->0x146162150;0x14362A442->0x143639EA0
0x14362BCC6	0x14362BC80	0x14362BD0D	0x1436396A0	PROVIDER_UUID_CORRELATED	1A2A20EB-F608-4CD9-AC5C-802C63B0626C	Javelin::Armor	419	COMMUNITY_REPORTED		CATALOG_NO_GETTER	2	0x14362BC8A->0x146162150;0x14362BC92->0x1436396A0
0x14362BD76	0x14362BD30	0x14362BDBD	0x1436398A0	PROVIDER_UUID_CORRELATED	71E60CF3-4AD0-4C5C-8BE1-70EED5DED65B	Javelin::Blueprint	3759	COMMUNITY_REPORTED		CATALOG_NO_GETTER	2	0x14362BD3A->0x146162150;0x14362BD42->0x1436398A0
0x14362BF46	0x14362BF00	0x14362BF8D	0x143639AA0	PROVIDER_UUID_CORRELATED	5C818208-7A5C-4ECC-9D7D-B488994003BC	Javelin::Consumable	3761	COMMUNITY_REPORTED		CATALOG_NO_GETTER	2	0x14362BF0A->0x146162150;0x14362BF12->0x143639AA0
0x1436422B6	0x143642270	0x1436422FD	0x143654490	PROVIDER_UUID_CORRELATED	82AA016F-3124-41C5-934D-2B8D4F809D8B	Javelin::HousingItem	2513	COMMUNITY_REPORTED		CATALOG_NO_GETTER	2	0x14364227A->0x146162150;0x143642282->0x143654490
0x143642426	0x1436423E0	0x14364246D	0x143654A90	PROVIDER_UUID_CORRELATED	25A481A2-3F61-4700-98CA-44C348851297	Javelin::ClientMessages::ItemSkinningComponentServerFacet_EnableItemSkin	2277	COMMUNITY_REPORTED		CATALOG_NO_GETTER	2	0x1436423EA->0x146162150;0x1436423F2->0x143654A90
0x1436425B6	0x143642570	0x1436425FD	0x143654890	PROVIDER_UUID_CORRELATED	842DEACB-B260-4EB8-912F-9A1E3281B5BD	Javelin::ClientMessages::ItemSkinningComponentServerFacet_DisableItemSkin	3764	COMMUNITY_REPORTED		CATALOG_NO_GETTER	2	0x14364257A->0x146162150;0x143642582->0x143654890
0x143642B46	0x143642B00	0x143642B8D	0x143654690	PROVIDER_UUID_CORRELATED	E1EBCA63-1759-477C-BBE7-61B8A471F5BB	MB::ItemSkinningComponentReplicatedState	3765	COMMUNITY_REPORTED		CATALOG_NO_GETTER	2	0x143642B0A->0x146162150;0x143642B12->0x143654690
0x143642BF6	0x143642BB0	0x143642C3D	0x143655290	PROVIDER_UUID_CORRELATED	609A5CC0-2E06-4FDD-B177-DA31C29CDFF3	Javelin::WeaponState	3766	COMMUNITY_REPORTED		CATALOG_NO_GETTER	2	0x143642BBA->0x146162150;0x143642BC2->0x143655290
0x143642CA6	0x143642C60	0x143642CED	0x143655490	PROVIDER_UUID_CORRELATED	2009A7B9-D247-4D75-A1CC-14A9D0C87210	Javelin::WeaponStateDurability	3270	COMMUNITY_REPORTED		CATALOG_NO_GETTER	2	0x143642C6A->0x146162150;0x143642C72->0x143655490
0x143642D86	0x143642D40	0x143642DCD	0x143654C90	PROVIDER_UUID_CORRELATED	58258873-D433-4EBE-B2FC-3798083075AF	Javelin::Kit	3767	COMMUNITY_REPORTED		CATALOG_NO_GETTER	2	0x143642D4A->0x146162150;0x143642D52->0x143654C90
0x143660C26	0x143660BE0	0x143660C6D	0x143654E90	PROVIDER_UUID_CORRELATED	F7679761-9480-4370-AEAD-8C92B22DFA09	Javelin::Lore	1227	COMMUNITY_REPORTED		CATALOG_NO_GETTER	2	0x143660BEA->0x146162150;0x143660BF2->0x143654E90
0x143660CD6	0x143660C90	0x143660D1D	0x143691270	PROVIDER_UUID_CORRELATED	3F4A39B1-0A98-4021-ABA2-8DE0B4395B4D	Javelin::Weapon	847	COMMUNITY_REPORTED		CATALOG_NO_GETTER	2	0x143660C9A->0x146162150;0x143660CA2->0x143691270
0x143662066	0x143662020	0x1436620AD	0x143655090	PROVIDER_UUID_CORRELATED	004A5688-2F12-45A3-BF28-BEE5875E7263	Javelin::Resource	1000	COMMUNITY_REPORTED		CATALOG_NO_GETTER	2	0x14366202A->0x146162150;0x143662032->0x143655090
0x143662116	0x1436620D0	0x14366215D	0x143691070	PROVIDER_UUID_CORRELATED	A0FCD5A9-F278-4CEE-AA7A-A28D605FAF8E	Javelin::ThrowableItem	5227	COMMUNITY_REPORTED		CATALOG_NO_GETTER	2	0x1436620DA->0x146162150;0x1436620E2->0x143691070
0x1436A9326	0x1436A92E0	0x1436A936D	0x1436CEF00	PROVIDER_UUID_CORRELATED	1757F943-2992-4BF7-A191-D467F358C9B9	Javelin::ClientMessages::LeaderboardComponentServerFacet_DebugUpdateStat	5151	COMMUNITY_REPORTED		CATALOG_NO_GETTER	2	0x1436A92EA->0x146162150;0x1436A92F2->0x1436CEF00
0x1436A93D6	0x1436A9390	0x1436A941D	0x1436CF100	PROVIDER_UUID_CORRELATED	A57245EB-0977-4508-89AE-6399D9B36690	Javelin::ClientMessages::LeaderboardComponentServerFacet_OnClientLeaderboardDataRequest	5166	COMMUNITY_REPORTED		CATALOG_NO_GETTER	2	0x1436A939A->0x146162150;0x1436A93A2->0x1436CF100
0x1436A9486	0x1436A9440	0x1436A94CD	0x1436CF300	PROVIDER_UUID_CORRELATED	5C0BF25E-B129-46DB-A2E7-585D84B4A4B9	Javelin::ClientMessages::LeaderboardComponentServerFacet_OnClientLeaderboardStatDataRequest	5425	COMMUNITY_REPORTED		CATALOG_NO_GETTER	2	0x1436A944A->0x146162150;0x1436A9452->0x1436CF300
0x1436A9536	0x1436A94F0	0x1436A957D	0x1436CED00	PROVIDER_UUID_CORRELATED	91CDEF8B-05D4-4550-AF66-FAC98024D025	Javelin::ClientMessages::LeaderboardComponentServerFacet_DebugUpdateLeaderboardOffset	5172	COMMUNITY_REPORTED		CATALOG_NO_GETTER	2	0x1436A94FA->0x146162150;0x1436A9502->0x1436CED00
0x1436A95E6	0x1436A95A0	0x1436A962D	0x1436CE700	PROVIDER_UUID_CORRELATED	E1085FD2-1C0C-4099-9D23-F8953691ADB5	Javelin::ClientMessages::LeaderboardComponentServerFacet_DebugGrantLeaderboardReward	5175	COMMUNITY_REPORTED		CATALOG_NO_GETTER	2	0x1436A95AA->0x146162150;0x1436A95B2->0x1436CE700
0x1436A9696	0x1436A9650	0x1436A96DD	0x1436CE900	PROVIDER_UUID_CORRELATED	847C1CA2-D26D-4668-BB70-1ACADB9E2BC6	Javelin::ClientMessages::LeaderboardComponentServerFacet_DebugProcessRotationRewards	5190	COMMUNITY_REPORTED		CATALOG_NO_GETTER	2	0x1436A965A->0x146162150;0x1436A9662->0x1436CE900
0x1436A9746	0x1436A9700	0x1436A978D	0x1436CE300	PROVIDER_UUID_CORRELATED	F6E6B5C4-1A25-4A26-A163-FC95160BACEE	Javelin::ClientMessages::LeaderboardComponentServerFacet_DebugGetLastProcessRotations	5186	COMMUNITY_REPORTED		CATALOG_NO_GETTER	2	0x1436A970A->0x146162150;0x1436A9712->0x1436CE300
0x1436A97F6	0x1436A97B0	0x1436A983D	0x1436CE100	PROVIDER_UUID_CORRELATED	728FA553-3EFF-4837-A536-C5AE0CDD769B	Javelin::ClientMessages::LeaderboardComponentServerFacet_DebugClearProcessedRotations	5188	COMMUNITY_REPORTED		CATALOG_NO_GETTER	2	0x1436A97BA->0x146162150;0x1436A97C2->0x1436CE100
0x1436A9976	0x1436A9930	0x1436A99BD	0x1436CEB00	PROVIDER_UUID_CORRELATED	A442DB7B-101A-4A14-857F-4472A77C7817	Javelin::ClientMessages::LeaderboardComponentServerFacet_DebugSetPersonalBest	5377	COMMUNITY_REPORTED		CATALOG_NO_GETTER	2	0x1436A993A->0x146162150;0x1436A9942->0x1436CEB00
0x1436A9A26	0x1436A99E0	0x1436A9A6D	0x1436CE500	PROVIDER_UUID_CORRELATED	B03D4FD4-5EB3-43EE-BF8A-104401C1A27A	Javelin::ClientMessages::LeaderboardComponentServerFacet_DebugGetServerRotationData	5565	COMMUNITY_REPORTED		CATALOG_NO_GETTER	2	0x1436A99EA->0x146162150;0x1436A99F2->0x1436CE500
0x1436ABB56	0x1436ABB10	0x1436ABB9D	0x1436CDB00	PROVIDER_UUID_CORRELATED	37B9F919-81EB-4CF8-A6C4-30F3451EF186	Javelin::ClientMessages::LeaderboardComponentClientFacet_OnReceiveLeaderboardDataFromServer	5165	COMMUNITY_REPORTED		CATALOG_NO_GETTER	2	0x1436ABB1A->0x146162150;0x1436ABB22->0x1436CDB00
0x1436ABC06	0x1436ABBC0	0x1436ABC4D	0x1436CDD00	PROVIDER_UUID_CORRELATED	37CB750C-85C0-4E69-B10A-6FAAEDC318E8	Javelin::ClientMessages::LeaderboardComponentClientFacet_OnReceiveLeaderboardStatDataFromServer	5423	COMMUNITY_REPORTED		CATALOG_NO_GETTER	2	0x1436ABBCA->0x146162150;0x1436ABBD2->0x1436CDD00
0x1436ABCB6	0x1436ABC70	0x1436ABCFD	0x1436CD700	PROVIDER_UUID_CORRELATED	840A03E1-45FA-4A1E-A600-9363615324A2	Javelin::ClientMessages::LeaderboardComponentClientFacet_OnReceiveDebugRotationInfo	5187	COMMUNITY_REPORTED		CATALOG_NO_GETTER	2	0x1436ABC7A->0x146162150;0x1436ABC82->0x1436CD700
0x1436ABDB6	0x1436ABD70	0x1436ABDFD	0x1436CD300	PROVIDER_UUID_CORRELATED	7A9E4A4E-4A0F-4BD9-B262-CA0D9A26264B	Javelin::ClientMessages::LeaderboardComponentClientFacet_OnLeaderboardEntitlementComplete	5484	COMMUNITY_REPORTED		CATALOG_NO_GETTER	2	0x1436ABD7A->0x146162150;0x1436ABD82->0x1436CD300
0x1436AC0C6	0x1436AC080	0x1436AC10D	0x1436CD500	PROVIDER_UUID_CORRELATED	854A9E28-DDC2-4A84-AA49-ED19B5233AAF	Javelin::ClientMessages::LeaderboardComponentClientFacet_OnLeaderboardRotationComplete	5486	COMMUNITY_REPORTED		CATALOG_NO_GETTER	2	0x1436AC08A->0x146162150;0x1436AC092->0x1436CD500
0x1436AC176	0x1436AC130	0x1436AC1BD	0x1436CD900	PROVIDER_UUID_CORRELATED	97039B0E-A34C-40CC-889A-35FB19909DA0	Javelin::ClientMessages::LeaderboardComponentClientFacet_OnReceiveDebugRotationTimes	5566	COMMUNITY_REPORTED		CATALOG_NO_GETTER	2	0x1436AC13A->0x146162150;0x1436AC142->0x1436CD900
0x143703166	0x143703120	0x1437031AD	0x1437568C0	PROVIDER_UUID_CORRELATED	CB39812F-1A29-46AD-AE59-F8A5D4562C13	Javelin::ClientMessages::LootTrackerComponentServerFacet_ResetLoot	2531	COMMUNITY_REPORTED		CATALOG_NO_GETTER	2	0x14370312A->0x146162150;0x143703132->0x1437568C0
0x1437033D6	0x143703390	0x14370341D	0x143756AC0	PROVIDER_UUID_CORRELATED	6E7B6E10-C994-4592-B176-AE8383C0E22A	Javelin::ClientMessages::LootTrackerComponentServerFacet_SetResetTime	3771	COMMUNITY_REPORTED		CATALOG_NO_GETTER	2	0x14370339A->0x146162150;0x1437033A2->0x143756AC0
0x1437037E6	0x1437037A0	0x14370382D	0x143755EC0	PROVIDER_UUID_CORRELATED	B459DDC5-2753-4965-BC02-B5841D5C1217	Javelin::ClientMessages::LootTrackerComponentServerFacet_DebugSetForceDropAILoot	1356	COMMUNITY_REPORTED		CATALOG_NO_GETTER	2	0x1437037AA->0x146162150;0x1437037B2->0x143755EC0
0x143703AD6	0x143703A90	0x143703B1D	0x143755CC0	PROVIDER_UUID_CORRELATED	88D1A4CC-36CD-4C3C-93A7-838977BB9515	Javelin::ClientMessages::LootTrackerComponentServerFacet_DebugSetFailedRollBonusPercent	1076	COMMUNITY_REPORTED		CATALOG_NO_GETTER	2	0x143703A9A->0x146162150;0x143703AA2->0x143755CC0
0x143703C86	0x143703C40	0x143703CCD	0x1437554C0	PROVIDER_UUID_CORRELATED	52F98139-B749-4F85-BA10-0D881545D604	Javelin::ClientMessages::LootTrackerComponentServerFacet_DebugResetCollectible	3617	COMMUNITY_REPORTED		CATALOG_NO_GETTER	2	0x143703C4A->0x146162150;0x143703C52->0x1437554C0
0x143703EE6	0x143703EA0	0x143703F2D	0x1437572C0	PROVIDER_UUID_CORRELATED	F149F3C9-EE18-451B-B3E2-459311314A14	Javelin::ClientMessages::RewardTrackComponentServerFacet_DebugSetTrackCount	4912	COMMUNITY_REPORTED		CATALOG_NO_GETTER	2	0x143703EAA->0x146162150;0x143703EB2->0x1437572C0
0x1437040E6	0x1437040A0	0x14370412D	0x1437564C0	PROVIDER_UUID_CORRELATED	4F6FAEEC-EDBC-4E71-9A67-E8728EA83D72	Javelin::ClientMessages::LootTrackerComponentServerFacet_DebugSyncGlobalRollMod	4763	COMMUNITY_REPORTED		CATALOG_NO_GETTER	2	0x1437040AA->0x146162150;0x1437040B2->0x1437564C0
0x1437043A6	0x143704360	0x1437043ED	0x1437570C0	PROVIDER_UUID_CORRELATED	360B0808-BF7A-4C1A-8971-107C63156C1E	Javelin::ClientMessages::RewardTrackComponentServerFacet_DebugRefreshRewards	4933	COMMUNITY_REPORTED		CATALOG_NO_GETTER	2	0x14370436A->0x146162150;0x143704372->0x1437570C0
0x143704456	0x143704410	0x14370449D	0x1437562C0	PROVIDER_UUID_CORRELATED	FCC6CA1F-809C-42A2-AD2D-F6C3AC5A6B31	Javelin::ClientMessages::LootTrackerComponentServerFacet_DebugSyncActiveLootTags	4764	COMMUNITY_REPORTED		CATALOG_NO_GETTER	2	0x14370441A->0x146162150;0x143704422->0x1437562C0
0x143704506	0x1437044C0	0x14370454D	0x143753EC0	PROVIDER_UUID_CORRELATED	F9169FA5-CD3D-4002-BB2A-EA1E4109720F	Javelin::ClientMessages::ConversationComponentServerFacet_RequestConversationTopicFromClient	3158	COMMUNITY_REPORTED		CATALOG_NO_GETTER	2	0x1437044CA->0x146162150;0x1437044D2->0x143753EC0
0x1437045B6	0x143704570	0x1437045FD	0x143756EC0	PROVIDER_UUID_CORRELATED	A955DBA3-E81B-4D4B-AB9C-983E4DC473FF	Javelin::ClientMessages::RewardTrackComponentServerFacet_DebugForceSpecificRewards	4945	COMMUNITY_REPORTED		CATALOG_NO_GETTER	2	0x14370457A->0x146162150;0x143704582->0x143756EC0
0x1437046F6	0x1437046B0	0x14370473D	0x1437566C0	PROVIDER_UUID_CORRELATED	DCD3C91A-176F-4B1E-9B59-4CF5B9C2FE78	Javelin::ClientMessages::LootTrackerComponentServerFacet_DebugSyncLootLimits	4761	COMMUNITY_REPORTED		CATALOG_NO_GETTER	2	0x1437046BA->0x146162150;0x1437046C2->0x1437566C0
0x143704856	0x143704810	0x14370489D	0x1437538C0	PROVIDER_UUID_CORRELATED	92665A51-16DD-4345-92C7-3A3BA7C2355D	Javelin::ClientMessages::ConversationComponentServerFacet_OnFinishedConversationTopicsFromClient	5397	COMMUNITY_REPORTED		CATALOG_NO_GETTER	2	0x14370481A->0x146162150;0x143704822->0x1437538C0
0x143704A76	0x143704A30	0x143704ABD	0x1437574C0	PROVIDER_UUID_CORRELATED	4A097D87-1FA7-4C30-80C0-DBBF330B94BE	Javelin::ClientMessages::RewardTrackComponentServerFacet_DebugSyncExcludedTags	5017	COMMUNITY_REPORTED		CATALOG_NO_GETTER	2	0x143704A3A->0x146162150;0x143704A42->0x1437574C0
0x143704B26	0x143704AE0	0x143704B6D	0x143754EC0	PROVIDER_UUID_CORRELATED	503756C4-672F-4948-99AD-7E0B9C85896C	Javelin::ClientMessages::LootTrackerComponentServerFacet_DebugExpireLimit	4760	COMMUNITY_REPORTED		CATALOG_NO_GETTER	2	0x143704AEA->0x146162150;0x143704AF2->0x143754EC0
0x143704BD6	0x143704B90	0x143704C1D	0x143753AC0	PROVIDER_UUID_CORRELATED	F6E868BF-0A51-4B34-B433-108CD78B4B15	Javelin::ClientMessages::ConversationComponentServerFacet_RequestAcceptObjective	3772	COMMUNITY_REPORTED		CATALOG_NO_GETTER	2	0x143704B9A->0x146162150;0x143704BA2->0x143753AC0
0x143704CF6	0x143704CB0	0x143704D3D	0x1437578C0	PROVIDER_UUID_CORRELATED	78959E84-2B4F-4509-8278-6E62F2084149	Javelin::ClientMessages::RewardTrackComponentServerFacet_RequestResetRewardTrack	4910	COMMUNITY_REPORTED		CATALOG_NO_GETTER	2	0x143704CBA->0x146162150;0x143704CC2->0x1437578C0
0x143704FE6	0x143704FA0	0x14370502D	0x143754CC0	PROVIDER_UUID_CORRELATED	98338A19-FF46-443B-AD22-025CDDBD2507	Javelin::ClientMessages::LootTrackerComponentServerFacet_DebugEraseLimit	6324	COMMUNITY_REPORTED		CATALOG_NO_GETTER	2	0x143704FAA->0x146162150;0x143704FB2->0x143754CC0
0x143705096	0x143705050	0x1437050DD	0x143753CC0	PROVIDER_UUID_CORRELATED	F306727E-F35C-48C0-9B1A-2F8B21955CDB	Javelin::ClientMessages::ConversationComponentServerFacet_RequestCompleteObjective	794	COMMUNITY_REPORTED		CATALOG_NO_GETTER	2	0x14370505A->0x146162150;0x143705062->0x143753CC0
0x1437051B6	0x143705170	0x1437051FD	0x1437576C0	PROVIDER_UUID_CORRELATED	AC1431A8-D6FA-4B9A-99FB-CB17B6CD6840	Javelin::ClientMessages::RewardTrackComponentServerFacet_RequestPurchaseReward	4932	COMMUNITY_REPORTED		CATALOG_NO_GETTER	2	0x14370517A->0x146162150;0x143705182->0x1437576C0
0x143705266	0x143705220	0x1437052AD	0x1437556C0	PROVIDER_UUID_CORRELATED	C18F5DF1-F4EF-4002-9FEB-CA89A52C35D5	Javelin::ClientMessages::LootTrackerComponentServerFacet_DebugResetDropCooldown	4765	COMMUNITY_REPORTED		CATALOG_NO_GETTER	2	0x14370522A->0x146162150;0x143705232->0x1437556C0
0x143705396	0x143705350	0x1437053DD	0x1437540C0	PROVIDER_UUID_CORRELATED	56FBB310-6489-44FF-A256-6014546CB066	Javelin::ClientMessages::ConversationComponentServerFacet_RequestDebugConversation	3773	COMMUNITY_REPORTED		CATALOG_NO_GETTER	2	0x14370535A->0x146162150;0x143705362->0x1437540C0
0x1437056B6	0x143705670	0x1437056FD	0x1437560C0	PROVIDER_UUID_CORRELATED	0DEE7C6E-4929-4A66-8095-DA2380FA3AC5	Javelin::ClientMessages::LootTrackerComponentServerFacet_DebugSetLootDivertLevel	4823	COMMUNITY_REPORTED		CATALOG_NO_GETTER	2	0x14370567A->0x146162150;0x143705682->0x1437560C0
0x1437057B6	0x143705770	0x1437057FD	0x1437536C0	PROVIDER_UUID_CORRELATED	85D6FA0A-E7B0-4147-82A6-F978AE8DAD53	Javelin::ClientMessages::ConversationComponentServerFacet_DebugUnlockPrerequisites	3774	COMMUNITY_REPORTED		CATALOG_NO_GETTER	2	0x14370577A->0x146162150;0x143705782->0x1437536C0
0x143705ED6	0x143705E90	0x143705F1D	0x1437558C0	PROVIDER_UUID_CORRELATED	034DD1D3-56DD-4739-B666-ECDA56FA01B2	Javelin::ClientMessages::LootTrackerComponentServerFacet_DebugResetLootDivertActionCount	4825	COMMUNITY_REPORTED		CATALOG_NO_GETTER	2	0x143705E9A->0x146162150;0x143705EA2->0x1437558C0
0x143705F86	0x143705F40	0x143705FCD	0x1437534C0	PROVIDER_UUID_CORRELATED	CE810F54-AD4A-47E0-BC77-8DE39E0EE22E	Javelin::ClientMessages::ConversationComponentServerFacet_DebugSetAchievementConditional	5421	COMMUNITY_REPORTED		CATALOG_NO_GETTER	2	0x143705F4A->0x146162150;0x143705F52->0x1437534C0
0x1437061F6	0x1437061B0	0x14370623D	0x1437550C0	PROVIDER_UUID_CORRELATED	5006B5C3-1C23-49F8-89C8-F6EF83E20D6A	Javelin::ClientMessages::LootTrackerComponentServerFacet_DebugFakeLootDivertAction	4827	COMMUNITY_REPORTED		CATALOG_NO_GETTER	2	0x1437061BA->0x146162150;0x1437061C2->0x1437550C0
0x1437062A6	0x143706260	0x1437062ED	0x1437552C0	PROVIDER_UUID_CORRELATED	FC01F33E-D1EA-4879-B6CE-8048A4F21E49	Javelin::ClientMessages::LootTrackerComponentServerFacet_DebugPauseLootDivert	4838	COMMUNITY_REPORTED		CATALOG_NO_GETTER	2	0x14370626A->0x146162150;0x143706272->0x1437552C0
0x143706426	0x1437063E0	0x14370646D	0x143755AC0	PROVIDER_UUID_CORRELATED	D0B3B48C-661C-477A-802C-278E71B7A835	Javelin::ClientMessages::LootTrackerComponentServerFacet_DebugResumeLootDivert	4844	COMMUNITY_REPORTED		CATALOG_NO_GETTER	2	0x1437063EA->0x146162150;0x1437063F2->0x143755AC0
0x143706746	0x143706700	0x14370678D	0x1437544C0	PROVIDER_UUID_CORRELATED	B0E169E0-FFA2-4F90-9255-858AF7DAF606	Javelin::ClientMessages::LootTrackerComponentClientFacet_SyncGlobalRollMod	4766	COMMUNITY_REPORTED		CATALOG_NO_GETTER	2	0x14370670A->0x146162150;0x143706712->0x1437544C0
0x1437068A6	0x143706860	0x1437068ED	0x1437546C0	PROVIDER_UUID_CORRELATED	DB95B99E-AFB9-425C-A566-863BE9B508FB	Javelin::ClientMessages::LootTrackerComponentClientFacet_SyncLootLimits	4762	COMMUNITY_REPORTED		CATALOG_NO_GETTER	2	0x14370686A->0x146162150;0x143706872->0x1437546C0
0x143706B96	0x143706B50	0x143706BDD	0x1437542C0	PROVIDER_UUID_CORRELATED	038C4B39-FCB0-4B50-B4EF-E99D8F540D72	Javelin::ClientMessages::LootTrackerComponentClientFacet_SyncActiveLootTags	4767	COMMUNITY_REPORTED		CATALOG_NO_GETTER	2	0x143706B5A->0x146162150;0x143706B62->0x1437542C0
0x143706C46	0x143706C00	0x143706C8D	0x1437548C0	PROVIDER_UUID_CORRELATED	817F8FDE-78E9-494A-B55C-DF0BE990B7A9	Javelin::ClientMessages::LootTrackerComponentClientFacet_TriggerLootLimitNofitication	5232	COMMUNITY_REPORTED		CATALOG_NO_GETTER	2	0x143706C0A->0x146162150;0x143706C12->0x1437548C0
0x14370A0D6	0x14370A090	0x14370A11D	0x143754AC0	PROVIDER_UUID_CORRELATED	756DEAE5-A1F0-4863-BE20-B44D871C46A1	MB::LootTrackerComponentReplicatedState	982	COMMUNITY_REPORTED		CATALOG_NO_GETTER	2	0x14370A09A->0x146162150;0x14370A0A2->0x143754AC0
0x14370ACD6	0x14370AC90	0x14370AD1D	0x143756CC0	PROVIDER_UUID_CORRELATED	CCEA2E6C-2C3E-4A7F-97A7-C5CB86167960	MB::RewardTrackComponentReplicatedState	4913	COMMUNITY_REPORTED		CATALOG_NO_GETTER	2	0x14370AC9A->0x146162150;0x14370ACA2->0x143756CC0
0x1437838D6	0x143783890	0x14378391D	0x1437AE4A0	PROVIDER_UUID_CORRELATED	DC9D89E0-F458-4CB7-985C-7C58ECD886F5	Javelin::ClientMessages::LoreReaderComponentServerFacet_RequestDebugReadLoreItem	2429	COMMUNITY_REPORTED		CATALOG_NO_GETTER	2	0x14378389A->0x146162150;0x1437838A2->0x1437AE4A0
0x1437BEB66	0x1437BEB20	0x1437BEBAD	0x14381DF20	PROVIDER_UUID_CORRELATED	AEAB022B-57E4-4493-89D5-9EB4CCEA6E3A	Javelin::ClientMessages::CurrencyComponentServerFacet_GmSetCurrency	3783	COMMUNITY_REPORTED		CATALOG_NO_GETTER	2	0x1437BEB2A->0x146162150;0x1437BEB32->0x14381DF20
0x1437BEDE6	0x1437BEDA0	0x1437BEE2D	0x14381D920	PROVIDER_UUID_CORRELATED	E29B61FE-8A1B-4D9E-9B81-15545D26C8E1	Javelin::ClientMessages::CurrencyComponentClientFacet_OnCurrencyLost	3785	COMMUNITY_REPORTED		CATALOG_NO_GETTER	2	0x1437BEDAA->0x146162150;0x1437BEDB2->0x14381D920
0x1437BF006	0x1437BEFC0	0x1437BF04D	0x14381DB20	PROVIDER_UUID_CORRELATED	E77ABCB6-B68A-48DE-A68B-4C2B3A02D248	Javelin::ClientMessages::CurrencyComponentClientFacet_OnCurrencyTransferRefund	3769	COMMUNITY_REPORTED		CATALOG_NO_GETTER	2	0x1437BEFCA->0x146162150;0x1437BEFD2->0x14381DB20
0x1437BF9C6	0x1437BF980	0x1437BFA0D	0x14381DD20	PROVIDER_UUID_CORRELATED	C3F8F5F5-5D8E-45A0-890C-36B9B0183C8E	MB::CurrencyComponentReplicatedState	3786	COMMUNITY_REPORTED		CATALOG_NO_GETTER	2	0x1437BF98A->0x146162150;0x1437BF992->0x14381DD20
0x1437C0996	0x1437C0950	0x1437C09DD	0x14381E520	PROVIDER_UUID_CORRELATED	111AEBB0-4F23-4914-B732-A349CCBD82D4	Javelin::GlobalMapDataManagerComponentReplicatedState	3780	COMMUNITY_REPORTED		CATALOG_NO_GETTER	2	0x1437C095A->0x146162150;0x1437C0962->0x14381E520
0x1437C1936	0x1437C18F0	0x1437C197D	0x14381E320	PROVIDER_UUID_CORRELATED	AC7D4486-80BC-48CF-9E22-AABCC5652F77	Javelin::ClientMessages::CurrencyConversionComponentServerFacet_RequestExecuteTradingPostTransaction	439	COMMUNITY_REPORTED		CATALOG_NO_GETTER	2	0x1437C18FA->0x146162150;0x1437C1902->0x14381E320
0x1437C1AF6	0x1437C1AB0	0x1437C1B3D	0x14381E120	PROVIDER_UUID_CORRELATED	2CF91F4F-FAFD-473C-B97A-3FFC4051A8E7	Javelin::ClientMessages::CurrencyConversionComponentServerFacet_RequestCurrencyConversion	2030	COMMUNITY_REPORTED		CATALOG_NO_GETTER	2	0x1437C1ABA->0x146162150;0x1437C1AC2->0x14381E120
0x143837EA6	0x143837E60	0x143837EED	0x14384CF90	PROVIDER_UUID_CORRELATED	BF75653B-B1DF-4DBE-840D-0236A69DA247	MB::TradingPostComponentReplicatedState	3791	COMMUNITY_REPORTED		CATALOG_NO_GETTER	2	0x143837E6A->0x146162150;0x143837E72->0x14384CF90
0x14385D5E6	0x14385D5A0	0x14385D62D	0x143874540	PROVIDER_UUID_CORRELATED	7C211A42-D8C4-4473-8376-0F775798882D	Javelin::IAttachmentMeshNotifications	3793	COMMUNITY_REPORTED		CATALOG_NO_GETTER	2	0x14385D5AA->0x146162150;0x14385D5B2->0x143874540
0x1438817F6	0x1438817B0	0x14388183D	0x1438A2550	PROVIDER_UUID_CORRELATED	DA3B4F93-097D-4297-8BB7-83FC29F7382E	Javelin::ClientMessages::MetaAchievementComponentClientFacet_DEBUG_ClientReceiveAllMetaAchievementsProgress	3799	COMMUNITY_REPORTED		CATALOG_NO_GETTER	2	0x1438817BA->0x146162150;0x1438817C2->0x1438A2550
0x143881976	0x143881930	0x1438819BD	0x1438A1F50	PROVIDER_UUID_CORRELATED	EA30F48F-F57A-40BD-8D15-354DDE74AA1B	Javelin::ClientMessages::MetaAchievementComponentClientFacet_ClientReceiveMetaAchievementsProgress	3800	COMMUNITY_REPORTED		CATALOG_NO_GETTER	2	0x14388193A->0x146162150;0x143881942->0x1438A1F50
0x143881D36	0x143881CF0	0x143881D7D	0x1438A1B50	PROVIDER_UUID_CORRELATED	182FCFF7-FAF3-4ED9-9B4B-11CC4545835D	Javelin::ClientMessages::MetaAchievementComponentClientFacet_ClientOnChangedProgressStatus	331	COMMUNITY_REPORTED		CATALOG_NO_GETTER	2	0x143881CFA->0x146162150;0x143881D02->0x1438A1B50
0x1438820E6	0x1438820A0	0x14388212D	0x1438A2150	PROVIDER_UUID_CORRELATED	C1F8C6B2-2746-489C-BB8A-0FF6037C893D	Javelin::ClientMessages::MetaAchievementComponentClientFacet_ClientReceiveMetaAchievementsSummaryInformation	1679	COMMUNITY_REPORTED		CATALOG_NO_GETTER	2	0x1438820AA->0x146162150;0x1438820B2->0x1438A2150
0x1438823D6	0x143882390	0x14388241D	0x1438A1750	PROVIDER_UUID_CORRELATED	E7275C18-9D88-4ABF-A887-9679DB941330	Javelin::ClientMessages::MetaAchievementComponentClientFacet_ClientMetaAchievementsReceived	3649	COMMUNITY_REPORTED		CATALOG_NO_GETTER	2	0x14388239A->0x146162150;0x1438823A2->0x1438A1750
0x143882556	0x143882510	0x14388259D	0x1438A1950	PROVIDER_UUID_CORRELATED	0E0675DF-853E-4BBF-A7CC-D65F3B29AEF3	Javelin::ClientMessages::MetaAchievementComponentClientFacet_ClientMetaAchievementsUnlocked	3801	COMMUNITY_REPORTED		CATALOG_NO_GETTER	2	0x14388251A->0x146162150;0x143882522->0x1438A1950
0x1438826D6	0x143882690	0x14388271D	0x1438A1D50	PROVIDER_UUID_CORRELATED	BAACD8D7-E70C-49A7-93F0-360B2003558E	Javelin::ClientMessages::MetaAchievementComponentClientFacet_ClientOnReceiveRewardPendingMetaAchievements	3802	COMMUNITY_REPORTED		CATALOG_NO_GETTER	2	0x14388269A->0x146162150;0x1438826A2->0x1438A1D50
0x1438827D6	0x143882790	0x14388281D	0x1438A2350	PROVIDER_UUID_CORRELATED	0AAD8664-9F47-47A5-AD26-58C7BF6DA470	Javelin::ClientMessages::MetaAchievementComponentClientFacet_ClientUnlockPlatformAchievements	6462	COMMUNITY_REPORTED		CATALOG_NO_GETTER	2	0x14388279A->0x146162150;0x1438827A2->0x1438A2350
0x143882AC6	0x143882A80	0x143882B0D	0x1438A1550	PROVIDER_UUID_CORRELATED	E599D9CD-5C55-4148-94E7-3982BA087AE6	Javelin::ClientMessages::MetaAchievementComponentClientFacet_ClientFixupPlatformAchievements	6461	COMMUNITY_REPORTED		CATALOG_NO_GETTER	2	0x143882A8A->0x146162150;0x143882A92->0x1438A1550
0x143882C96	0x143882C50	0x143882CDD	0x1438A3B50	PROVIDER_UUID_CORRELATED	E35ECE36-95FA-4651-9EF5-2126324DB5C9	Javelin::ClientMessages::MetaAchievementComponentServerFacet_ServerRequestMetaAchievementsProgressForCategory	3794	COMMUNITY_REPORTED		CATALOG_NO_GETTER	2	0x143882C5A->0x146162150;0x143882C62->0x1438A3B50
0x143882DD6	0x143882D90	0x143882E1D	0x1438A3D50	PROVIDER_UUID_CORRELATED	494E0889-F66F-4D1B-B5E3-1FE3920FDB8C	Javelin::ClientMessages::MetaAchievementComponentServerFacet_ServerRequestMetaAchievementsSummary	3092	COMMUNITY_REPORTED		CATALOG_NO_GETTER	2	0x143882D9A->0x146162150;0x143882DA2->0x1438A3D50
0x143882FB6	0x143882F70	0x143882FFD	0x1438A3950	PROVIDER_UUID_CORRELATED	A731CCD1-00B9-432D-BBA7-8BAFFD0E592C	Javelin::ClientMessages::MetaAchievementComponentServerFacet_ServerRequestGetPendingMetaAchievements	843	COMMUNITY_REPORTED		CATALOG_NO_GETTER	2	0x143882F7A->0x146162150;0x143882F82->0x1438A3950
0x143883226	0x1438831E0	0x14388326D	0x1438A3750	PROVIDER_UUID_CORRELATED	BB2F01B7-FAE9-420C-9E19-575B43C869D0	Javelin::ClientMessages::MetaAchievementComponentServerFacet_ServerRequestClearPendingMetaAchievements	3227	COMMUNITY_REPORTED		CATALOG_NO_GETTER	2	0x1438831EA->0x146162150;0x1438831F2->0x1438A3750
0x143883686	0x143883640	0x1438836CD	0x1438A2F50	PROVIDER_UUID_CORRELATED	3730EBAA-2BD8-488F-8176-49DE2564C621	Javelin::ClientMessages::MetaAchievementComponentServerFacet_DEBUG_ServerSetMetaAchievementProgress	3795	COMMUNITY_REPORTED		CATALOG_NO_GETTER	2	0x14388364A->0x146162150;0x143883652->0x1438A2F50
0x143883CA6	0x143883C60	0x143883CED	0x1438A2D50	PROVIDER_UUID_CORRELATED	D4A7676B-40B3-4102-AFB4-3A95F1E11748	Javelin::ClientMessages::MetaAchievementComponentServerFacet_DEBUG_ServerSendAllMetaAchievementsProgress	744	COMMUNITY_REPORTED		CATALOG_NO_GETTER	2	0x143883C6A->0x146162150;0x143883C72->0x1438A2D50
0x143883F16	0x143883ED0	0x143883F5D	0x1438A2B50	PROVIDER_UUID_CORRELATED	D7FC70D0-2381-4E2F-A455-CEC03981884D	Javelin::ClientMessages::MetaAchievementComponentServerFacet_DEBUG_ForceClientSynchronization	3796	COMMUNITY_REPORTED		CATALOG_NO_GETTER	2	0x143883EDA->0x146162150;0x143883EE2->0x1438A2B50
0x143883FC6	0x143883F80	0x14388400D	0x1438A2750	PROVIDER_UUID_CORRELATED	4DC331AC-E66C-45D1-95D0-2902CD4354F6	Javelin::ClientMessages::MetaAchievementComponentServerFacet_DEBUG_ClearMetaAchievementProgress	1108	COMMUNITY_REPORTED		CATALOG_NO_GETTER	2	0x143883F8A->0x146162150;0x143883F92->0x1438A2750
0x143884076	0x143884030	0x1438840BD	0x1438A2950	PROVIDER_UUID_CORRELATED	DD9FE47E-85AC-48CD-93F9-E38610233D74	Javelin::ClientMessages::MetaAchievementComponentServerFacet_DEBUG_ClearMetaAchievementsProgress	1695	COMMUNITY_REPORTED		CATALOG_NO_GETTER	2	0x14388403A->0x146162150;0x143884042->0x1438A2950
0x143884126	0x1438840E0	0x14388416D	0x1438A3150	PROVIDER_UUID_CORRELATED	F7EAD241-0F7E-4EC1-8D02-5BDF845535A9	Javelin::ClientMessages::MetaAchievementComponentServerFacet_DEBUG_UnlockSteamAchievements	3797	COMMUNITY_REPORTED		CATALOG_NO_GETTER	2	0x1438840EA->0x146162150;0x1438840F2->0x1438A3150
0x1438841D6	0x143884190	0x14388421D	0x1438A3350	PROVIDER_UUID_CORRELATED	48446D25-8AB2-4B26-AF8E-598C6CF8FF0F	Javelin::ClientMessages::MetaAchievementComponentServerFacet_RequestGetCompletedMetaAchievementsForAccount	3784	COMMUNITY_REPORTED		CATALOG_NO_GETTER	2	0x14388419A->0x146162150;0x1438841A2->0x1438A3350
0x1438845A6	0x143884560	0x1438845ED	0x1438A3550	PROVIDER_UUID_CORRELATED	9BA79888-5E80-4279-B4A9-B45438647A90	Javelin::ClientMessages::MetaAchievementComponentServerFacet_RequestUnlockMetaAchievementForAccount	625	COMMUNITY_REPORTED		CATALOG_NO_GETTER	2	0x14388456A->0x146162150;0x143884572->0x1438A3550
0x1438BA126	0x1438BA0E0	0x1438BA16D	0x1438EA9B0	PROVIDER_UUID_CORRELATED	8883BF90-A7B0-4B49-B7CC-35451C2FA9B0	Javelin::ClientMessages::MountComponentServerFacet_OnRequestChangeMount	5619	COMMUNITY_REPORTED		CATALOG_NO_GETTER	2	0x1438BA0EA->0x146162150;0x1438BA0F2->0x1438EA9B0
0x1438BA3D6	0x1438BA390	0x1438BA41D	0x1438EAFB0	PROVIDER_UUID_CORRELATED	2C1C2135-368D-47C9-B2E9-3FD101B71F67	Javelin::ClientMessages::MountComponentServerFacet_SummonMount	5750	COMMUNITY_REPORTED		CATALOG_NO_GETTER	2	0x1438BA39A->0x146162150;0x1438BA3A2->0x1438EAFB0
0x1438BA606	0x1438BA5C0	0x1438BA64D	0x1438E9DB0	PROVIDER_UUID_CORRELATED	951AE211-7265-45A1-8CA9-D11E342A6475	Javelin::ClientMessages::MountComponentServerFacet_DismissMount	5751	COMMUNITY_REPORTED		CATALOG_NO_GETTER	2	0x1438BA5CA->0x146162150;0x1438BA5D2->0x1438E9DB0
0x1438BA876	0x1438BA830	0x1438BA8BD	0x1438EADB0	PROVIDER_UUID_CORRELATED	EAAFAD8C-C5AF-4796-879C-9C9782E3252F	Javelin::ClientMessages::MountComponentServerFacet_RenameMount	5972	COMMUNITY_REPORTED		CATALOG_NO_GETTER	2	0x1438BA83A->0x146162150;0x1438BA842->0x1438EADB0
0x1438BAC86	0x1438BAC40	0x1438BACCD	0x1438EABB0	PROVIDER_UUID_CORRELATED	F09CD09A-3D7B-40E5-AED2-CEE05B294351	Javelin::ClientMessages::MountComponentServerFacet_OnRequestCompleteSummon	6068	COMMUNITY_REPORTED		CATALOG_NO_GETTER	2	0x1438BAC4A->0x146162150;0x1438BAC52->0x1438EABB0
0x1438BAE26	0x1438BADE0	0x1438BAE6D	0x1438EA5B0	PROVIDER_UUID_CORRELATED	CC6E0819-6FE0-4036-8F56-E8A47468331C	Javelin::ClientMessages::MountComponentServerFacet_OnMountDashToggleChanged	6268	COMMUNITY_REPORTED		CATALOG_NO_GETTER	2	0x1438BADEA->0x146162150;0x1438BADF2->0x1438EA5B0
0x1438BAED6	0x1438BAE90	0x1438BAF1D	0x1438EA7B0	PROVIDER_UUID_CORRELATED	F56E3380-24B5-4676-80F1-91FE2DA66B2D	Javelin::ClientMessages::MountComponentServerFacet_OnMountSlowWalkChanged	6271	COMMUNITY_REPORTED		CATALOG_NO_GETTER	2	0x1438BAE9A->0x146162150;0x1438BAEA2->0x1438EA7B0
0x1438BB056	0x1438BB010	0x1438BB09D	0x1438EA3B0	PROVIDER_UUID_CORRELATED	32CF972E-8C95-49C0-AE8C-C7F7ED94B793	Javelin::ClientMessages::MountComponentServerFacet_OnEnableMounts	2764	COMMUNITY_REPORTED		CATALOG_NO_GETTER	2	0x1438BB01A->0x146162150;0x1438BB022->0x1438EA3B0
0x1438BB2F6	0x1438BB2B0	0x1438BB33D	0x1438EA1B0	PROVIDER_UUID_CORRELATED	E6697193-1EEF-4DD6-BB2E-7FC2FF0E8843	Javelin::ClientMessages::MountComponentServerFacet_OnDebugMaxSpeedChanged	5612	COMMUNITY_REPORTED		CATALOG_NO_GETTER	2	0x1438BB2BA->0x146162150;0x1438BB2C2->0x1438EA1B0
0x1438BB586	0x1438BB540	0x1438BB5CD	0x1438E9FB0	PROVIDER_UUID_CORRELATED	DF5EC0BB-63D7-4485-83D7-3BF631A7A3B1	Javelin::ClientMessages::MountComponentServerFacet_OnDebugDye	6008	COMMUNITY_REPORTED		CATALOG_NO_GETTER	2	0x1438BB54A->0x146162150;0x1438BB552->0x1438E9FB0
0x1438BBA16	0x1438BB9D0	0x1438BBA5D	0x1438E9BB0	PROVIDER_UUID_CORRELATED	AE297817-CB70-43B0-8648-63DFC1F2AB33	Javelin::ClientMessages::MountComponentServerFacet_DebugWritePersistenceToFile	6125	COMMUNITY_REPORTED		CATALOG_NO_GETTER	2	0x1438BB9DA->0x146162150;0x1438BB9E2->0x1438E9BB0
0x1438BBD06	0x1438BBCC0	0x1438BBD4D	0x1438E99B0	PROVIDER_UUID_CORRELATED	ABF428F3-780D-4864-AAAF-93DB5D20E7D6	Javelin::ClientMessages::MountComponentServerFacet_DebugPopulateMountPersistence	6246	COMMUNITY_REPORTED		CATALOG_NO_GETTER	2	0x1438BBCCA->0x146162150;0x1438BBCD2->0x1438E99B0
0x1438BBE86	0x1438BBE40	0x1438BBECD	0x1438E8BB0	PROVIDER_UUID_CORRELATED	25EBB286-B383-4B55-A3CF-B8B6208D2182	Javelin::ClientMessages::MountComponentClientFacet_OnSummonMountCancelled	5752	COMMUNITY_REPORTED		CATALOG_NO_GETTER	2	0x1438BBE4A->0x146162150;0x1438BBE52->0x1438E8BB0
0x1438BC056	0x1438BC010	0x1438BC09D	0x1438E8DB0	PROVIDER_UUID_CORRELATED	077F8937-47D4-4058-9F1E-C1A5ACB62490	Javelin::ClientMessages::MountComponentClientFacet_OnSummonMountPending	5747	COMMUNITY_REPORTED		CATALOG_NO_GETTER	2	0x1438BC01A->0x146162150;0x1438BC022->0x1438E8DB0
0x1438BC1E6	0x1438BC1A0	0x1438BC22D	0x1438E95B0	PROVIDER_UUID_CORRELATED	F98DFBBD-F2B3-40E8-8D35-47F9BC836733	Javelin::ClientMessages::MountComponentClientFacet_UpdateMountedState	5753	COMMUNITY_REPORTED		CATALOG_NO_GETTER	2	0x1438BC1AA->0x146162150;0x1438BC1B2->0x1438E95B0
0x1438BC386	0x1438BC340	0x1438BC3CD	0x1438E8FB0	PROVIDER_UUID_CORRELATED	FE378617-2CCA-4E7F-B75D-B69FB19757DC	Javelin::ClientMessages::MountComponentClientFacet_ScheduleDismount	5816	COMMUNITY_REPORTED		CATALOG_NO_GETTER	2	0x1438BC34A->0x146162150;0x1438BC352->0x1438E8FB0
0x1438BC436	0x1438BC3F0	0x1438BC47D	0x1438E83B0	PROVIDER_UUID_CORRELATED	D7594BA1-8323-41D0-B493-5882DEDFEF27	Javelin::ClientMessages::MountComponentClientFacet_CancelScheduledDismount	5812	COMMUNITY_REPORTED		CATALOG_NO_GETTER	2	0x1438BC3FA->0x146162150;0x1438BC402->0x1438E83B0
0x1438BC7F6	0x1438BC7B0	0x1438BC83D	0x1438E93B0	PROVIDER_UUID_CORRELATED	A600BA0E-2C4B-4101-B313-9794858CC5E6	Javelin::ClientMessages::MountComponentClientFacet_ShowDismountNotification	5937	COMMUNITY_REPORTED		CATALOG_NO_GETTER	2	0x1438BC7BA->0x146162150;0x1438BC7C2->0x1438E93B0
0x1438BCC26	0x1438BCBE0	0x1438BCC6D	0x1438E91B0	PROVIDER_UUID_CORRELATED	CB050867-6468-4F89-B688-B409C80CD84F	Javelin::ClientMessages::MountComponentClientFacet_SendMountRenameNotification	5969	COMMUNITY_REPORTED		CATALOG_NO_GETTER	2	0x1438BCBEA->0x146162150;0x1438BCBF2->0x1438E91B0
0x1438BCED6	0x1438BCE90	0x1438BCF1D	0x1438E89B0	PROVIDER_UUID_CORRELATED	315BA2C5-C867-486A-B96B-31835CC99FCC	Javelin::ClientMessages::MountComponentClientFacet_OnMountTrampleNotification	6731	COMMUNITY_REPORTED		CATALOG_NO_GETTER	2	0x1438BCE9A->0x146162150;0x1438BCEA2->0x1438E89B0
0x1438BD496	0x1438BD450	0x1438BD4DD	0x1438E87B0	PROVIDER_UUID_CORRELATED	3C506A12-9600-441B-B881-E653427A9F56	Javelin::ClientMessages::MountComponentClientFacet_OnEnableMounts	2749	COMMUNITY_REPORTED		CATALOG_NO_GETTER	2	0x1438BD45A->0x146162150;0x1438BD462->0x1438E87B0
0x1438BD726	0x1438BD6E0	0x1438BD76D	0x1438E85B0	PROVIDER_UUID_CORRELATED	6F27BE5E-4FC8-485D-9607-F200F54AF6DB	Javelin::ClientMessages::MountComponentClientFacet_OnDebugMaxSpeedChanged	6261	COMMUNITY_REPORTED		CATALOG_NO_GETTER	2	0x1438BD6EA->0x146162150;0x1438BD6F2->0x1438E85B0
0x1438C0B06	0x1438C0AC0	0x1438C0B4D	0x1438E97B0	PROVIDER_UUID_CORRELATED	2C20C9F7-2500-496A-89E2-5ADA1053B5C2	MB::MountComponentReplicatedState	5620	COMMUNITY_REPORTED		CATALOG_NO_GETTER	2	0x1438C0ACA->0x146162150;0x1438C0AD2->0x1438E97B0
0x143908A96	0x143908A50	0x143908ADD	0x14391EA00	PROVIDER_UUID_CORRELATED	25C8C99E-9A14-407C-BF53-D26981A0DD72	Javelin::InitialMusicalPerformancePlayerData	4882	COMMUNITY_REPORTED		CATALOG_NO_GETTER	2	0x143908A5A->0x146162150;0x143908A62->0x14391EA00
0x143924AE6	0x143924AA0	0x143924B2D	0x143949EA0	PROVIDER_UUID_CORRELATED	665F6835-407B-4930-B46C-9D5DD87958C7	Javelin::ClientMessages::MusicalPerformancePlayerComponentClientFacet_FailedStartPerformance	4872	COMMUNITY_REPORTED		CATALOG_NO_GETTER	2	0x143924AAA->0x146162150;0x143924AB2->0x143949EA0
0x143924B96	0x143924B50	0x143924BDD	0x143949CA0	PROVIDER_UUID_CORRELATED	BA01D69C-ED35-45E4-B227-6F1C7639D7D9	Javelin::ClientMessages::MusicalPerformancePlayerComponentClientFacet_FailedSongSheetSelected	4890	COMMUNITY_REPORTED		CATALOG_NO_GETTER	2	0x143924B5A->0x146162150;0x143924B62->0x143949CA0
0x143924D36	0x143924CF0	0x143924D7D	0x14394A6A0	PROVIDER_UUID_CORRELATED	81895FFF-F671-4D83-9535-94E9F8E660FF	Javelin::ClientMessages::MusicalPerformancePlayerComponentServerFacet_RequestCreatePerformance	4891	COMMUNITY_REPORTED		CATALOG_NO_GETTER	2	0x143924CFA->0x146162150;0x143924D02->0x14394A6A0
0x143924DE6	0x143924DA0	0x143924E2D	0x14394AAA0	PROVIDER_UUID_CORRELATED	8174EC11-3862-4A1D-9D18-5C891691C932	Javelin::ClientMessages::MusicalPerformancePlayerComponentServerFacet_RequestLeavePerformance	4881	COMMUNITY_REPORTED		CATALOG_NO_GETTER	2	0x143924DAA->0x146162150;0x143924DB2->0x14394AAA0
0x143924FC6	0x143924F80	0x14392500D	0x14394A4A0	PROVIDER_UUID_CORRELATED	D361D2F4-91BA-4676-9A1A-F9594A776BA3	Javelin::ClientMessages::MusicalPerformancePlayerComponentServerFacet_RequestAbortCurrentSong	5417	COMMUNITY_REPORTED		CATALOG_NO_GETTER	2	0x143924F8A->0x146162150;0x143924F92->0x14394A4A0
0x143925076	0x143925030	0x1439250BD	0x14394B6A0	PROVIDER_UUID_CORRELATED	14630B25-8DC6-4728-80A1-8B42346CA862	Javelin::ClientMessages::MusicalPerformancePlayerComponentServerFacet_RequestValidateInput	4892	COMMUNITY_REPORTED		CATALOG_NO_GETTER	2	0x14392503A->0x146162150;0x143925042->0x14394B6A0
0x143925356	0x143925310	0x14392539D	0x14394B4A0	PROVIDER_UUID_CORRELATED	2943B49E-A2C0-4EA7-AFAF-6A5BBCD2707C	Javelin::ClientMessages::MusicalPerformancePlayerComponentServerFacet_RequestStartPerformance	4865	COMMUNITY_REPORTED		CATALOG_NO_GETTER	2	0x14392531A->0x146162150;0x143925322->0x14394B4A0
0x143925576	0x143925530	0x1439255BD	0x14394B0A0	PROVIDER_UUID_CORRELATED	B6C4A565-5F6B-4231-9430-4B62FBE11423	Javelin::ClientMessages::MusicalPerformancePlayerComponentServerFacet_RequestSetCurrentSong	4867	COMMUNITY_REPORTED		CATALOG_NO_GETTER	2	0x14392553A->0x146162150;0x143925542->0x14394B0A0
0x143925736	0x1439256F0	0x14392577D	0x14394B2A0	PROVIDER_UUID_CORRELATED	827ABC3B-0F99-44B0-9A96-7D17BD55732D	Javelin::ClientMessages::MusicalPerformancePlayerComponentServerFacet_RequestSetCurrentSongSheet	4879	COMMUNITY_REPORTED		CATALOG_NO_GETTER	2	0x1439256FA->0x146162150;0x143925702->0x14394B2A0
0x143925966	0x143925920	0x1439259AD	0x14394AEA0	PROVIDER_UUID_CORRELATED	1066D6CE-14F9-4B43-B9AC-2459BEED7CB6	Javelin::ClientMessages::MusicalPerformancePlayerComponentServerFacet_RequestSetCurrentReward	5022	COMMUNITY_REPORTED		CATALOG_NO_GETTER	2	0x14392592A->0x146162150;0x143925932->0x14394AEA0
0x143925BC6	0x143925B80	0x143925C0D	0x14394ACA0	PROVIDER_UUID_CORRELATED	823052D2-DE33-4492-803D-E0354D8574DB	Javelin::ClientMessages::MusicalPerformancePlayerComponentServerFacet_RequestSetClientReady	5091	COMMUNITY_REPORTED		CATALOG_NO_GETTER	2	0x143925B8A->0x146162150;0x143925B92->0x14394ACA0
0x143925C76	0x143925C30	0x143925CBD	0x14394A8A0	PROVIDER_UUID_CORRELATED	B5409D51-90CC-4F65-8B16-535833BF42BB	Javelin::ClientMessages::MusicalPerformancePlayerComponentServerFacet_RequestEndPostShow	5233	COMMUNITY_REPORTED		CATALOG_NO_GETTER	2	0x143925C3A->0x146162150;0x143925C42->0x14394A8A0
0x143925E26	0x143925DE0	0x143925E6D	0x14394A2A0	PROVIDER_UUID_CORRELATED	8F17D58C-8E31-45C9-95D2-78AE468F599F	Javelin::ClientMessages::MusicalPerformancePlayerComponentServerFacet_DEBUG_SetNextPerformanceTime	5062	COMMUNITY_REPORTED		CATALOG_NO_GETTER	2	0x143925DEA->0x146162150;0x143925DF2->0x14394A2A0
0x1439277B6	0x143927770	0x1439277FD	0x143948EA0	PROVIDER_UUID_CORRELATED	56A55294-9019-4AA6-BC9C-EC24FE4273D4	Javelin::ClientMessages::MusicalPerformanceComponentServerFacet_DEBUG_SetPerformanceState	4883	COMMUNITY_REPORTED		CATALOG_NO_GETTER	2	0x14392777A->0x146162150;0x143927782->0x143948EA0
0x143927C56	0x143927C10	0x143927C9D	0x143948AA0	PROVIDER_UUID_CORRELATED	023822AB-BE5F-49BF-8DF0-3D41F3061322	Javelin::ClientMessages::MusicalPerformanceComponentServerFacet_DEBUG_JoinPerformance	4884	COMMUNITY_REPORTED		CATALOG_NO_GETTER	2	0x143927C1A->0x146162150;0x143927C22->0x143948AA0
0x143927F86	0x143927F40	0x143927FCD	0x143948CA0	PROVIDER_UUID_CORRELATED	FA214D27-CF05-4840-92BE-DEB7E651A59D	Javelin::ClientMessages::MusicalPerformanceComponentServerFacet_DEBUG_SetCurrentReward	5016	COMMUNITY_REPORTED		CATALOG_NO_GETTER	2	0x143927F4A->0x146162150;0x143927F52->0x143948CA0
0x143928106	0x1439280C0	0x14392814D	0x1439488A0	PROVIDER_UUID_CORRELATED	38FCB704-88AB-44E0-BB73-C4AA2D7E8D09	Javelin::ClientMessages::MusicalPerformanceComponentServerFacet_DEBUG_EndPerformanceWithRank	5059	COMMUNITY_REPORTED		CATALOG_NO_GETTER	2	0x1439280CA->0x146162150;0x1439280D2->0x1439488A0
0x143929636	0x1439295F0	0x14392967D	0x14394BAA0	PROVIDER_UUID_CORRELATED	1DF9BA34-54FC-412F-A2D9-1A38DCC34BCD	Javelin::MusicalPerformancePlayerRequestMessages	5007	COMMUNITY_REPORTED		CATALOG_NO_GETTER	2	0x1439295FA->0x146162150;0x143929602->0x14394BAA0
0x143929D76	0x143929D30	0x143929DBD	0x1439490A0	PROVIDER_UUID_CORRELATED	8929FA5D-39F9-40AE-BF90-D3C9474EF62B	Javelin::MusicalPerformanceListenerMessages	4971	COMMUNITY_REPORTED		CATALOG_NO_GETTER	2	0x143929D3A->0x146162150;0x143929D42->0x1439490A0
0x143929E66	0x143929E20	0x143929EAD	0x14394B8A0	PROVIDER_UUID_CORRELATED	C0130344-90DC-439C-BF97-FEB75C60A401	Javelin::MusicalPerformancePlayerNotificationMessages	5015	COMMUNITY_REPORTED		CATALOG_NO_GETTER	2	0x143929E2A->0x146162150;0x143929E32->0x14394B8A0
0x143929F16	0x143929ED0	0x143929F5D	0x14394BEA0	PROVIDER_UUID_CORRELATED	AC538A09-32BF-4045-B091-BA53C01CD1EC	Javelin::MusicalPerformanceResponseMessages	5011	COMMUNITY_REPORTED		CATALOG_NO_GETTER	2	0x143929EDA->0x146162150;0x143929EE2->0x14394BEA0
0x143929FC6	0x143929F80	0x14392A00D	0x14394BCA0	PROVIDER_UUID_CORRELATED	3E3E3F74-5141-4C47-AC27-DA60F8426A76	Javelin::MusicalPerformancePlayerResponseMessages	5006	COMMUNITY_REPORTED		CATALOG_NO_GETTER	2	0x143929F8A->0x146162150;0x143929F92->0x14394BCA0
0x14392A156	0x14392A110	0x14392A19D	0x1439494A0	PROVIDER_UUID_CORRELATED	52D255D6-A61D-4DAA-A9DE-78D148B72F8F	Javelin::MusicalPerformanceNotificationMessages	5088	COMMUNITY_REPORTED		CATALOG_NO_GETTER	2	0x14392A11A->0x146162150;0x14392A122->0x1439494A0
0x14392A4A6	0x14392A460	0x14392A4ED	0x1439492A0	PROVIDER_UUID_CORRELATED	CF592E34-052A-4E9C-BFBA-AFD6AC34404F	Javelin::MusicalPerformanceMessages	4876	COMMUNITY_REPORTED		CATALOG_NO_GETTER	2	0x14392A46A->0x146162150;0x14392A472->0x1439492A0
0x14392B656	0x14392B610	0x14392B69D	0x14394A0A0	PROVIDER_UUID_CORRELATED	4ABA7F5D-D0C7-42C1-A99E-01208B6FF2FE	Javelin::ClientMessages::MusicalPerformancePlayerComponentClientFacet_PerformanceCreated	4869	COMMUNITY_REPORTED		CATALOG_NO_GETTER	2	0x14392B61A->0x146162150;0x14392B622->0x14394A0A0
0x14392B706	0x14392B6C0	0x14392B74D	0x1439496A0	PROVIDER_UUID_CORRELATED	A3B64A74-7AEA-4330-A61E-8D2D8C014436	Javelin::ClientMessages::MusicalPerformancePlayerComponentClientFacet_FailedAddToPerformance	4863	COMMUNITY_REPORTED		CATALOG_NO_GETTER	2	0x14392B6CA->0x146162150;0x14392B6D2->0x1439496A0
0x14392B926	0x14392B8E0	0x14392B96D	0x1439498A0	PROVIDER_UUID_CORRELATED	BA75AA7F-3FB6-4465-BA8E-7FECBFCBD1B8	Javelin::ClientMessages::MusicalPerformancePlayerComponentClientFacet_FailedPerformanceCreated	4889	COMMUNITY_REPORTED		CATALOG_NO_GETTER	2	0x14392B8EA->0x146162150;0x14392B8F2->0x1439498A0
0x14392BA46	0x14392BA00	0x14392BA8D	0x143949AA0	PROVIDER_UUID_CORRELATED	F453AFA6-692C-4479-A4B2-E8F0195286C2	Javelin::ClientMessages::MusicalPerformancePlayerComponentClientFacet_FailedSongSelected	4877	COMMUNITY_REPORTED		CATALOG_NO_GETTER	2	0x14392BA0A->0x146162150;0x14392BA12->0x143949AA0
0x1439618F6	0x1439618B0	0x14396193D	0x1439681C0	PROVIDER_UUID_CORRELATED	02C9E1DC-F013-4B1F-BFAA-6314278984D5	Javelin::MusicalPerformancePlayerComponentReplicatedState	4878	COMMUNITY_REPORTED		CATALOG_NO_GETTER	2	0x1439618BA->0x146162150;0x1439618C2->0x1439681C0
0x143961BB6	0x143961B70	0x143961BFD	0x1439683C0	PROVIDER_UUID_CORRELATED	2C91F563-3901-413D-941E-0CEF9366896D	Javelin::MusicalPerformanceReplicatedState	4896	COMMUNITY_REPORTED		CATALOG_NO_GETTER	2	0x143961B7A->0x146162150;0x143961B82->0x1439683C0
0x143961C66	0x143961C20	0x143961CAD	0x14394C0A0	PROVIDER_UUID_CORRELATED	9478065A-011B-4C1C-ABCC-5B940BA1D87C	Javelin::MusicalPerformanceStateMessages	4866	COMMUNITY_REPORTED		CATALOG_NO_GETTER	2	0x143961C2A->0x146162150;0x143961C32->0x14394C0A0
0x143989726	0x1439896E0	0x14398976D	0x14399C450	PROVIDER_UUID_CORRELATED	A32A95F6-9EF4-4139-8FC3-98C712910DAD	MB::ClientPathingComponentReplicatedState	5915	COMMUNITY_REPORTED		CATALOG_NO_GETTER	2	0x1439896EA->0x146162150;0x1439896F2->0x14399C450
0x14398A536	0x14398A4F0	0x14398A57D	0x14399C850	PROVIDER_UUID_CORRELATED	094F8E16-9D68-40F9-AADD-335C3496A0E8	Javelin::NPCWaypointSetInitParams	6495	COMMUNITY_REPORTED		CATALOG_NO_GETTER	2	0x14398A4FA->0x146162150;0x14398A502->0x14399C850
0x1439A9AA6	0x1439A9A60	0x1439A9AED	0x1439D1300	PROVIDER_UUID_CORRELATED	286D548D-EB58-4F96-975A-D7167C7AB27F	Javelin::ClientMessages::PathingComponentClientFacet_SyncDebugInfo	841	COMMUNITY_REPORTED		CATALOG_NO_GETTER	2	0x1439A9A6A->0x146162150;0x1439A9A72->0x1439D1300
0x1439A9C46	0x1439A9C00	0x1439A9C8D	0x1439D1500	PROVIDER_UUID_CORRELATED	6E3B75FC-5E16-49A5-BA2B-B11E2003F3B0	Javelin::ClientMessages::PathingComponentClientFacet_SyncPathFollowerInfo	3596	COMMUNITY_REPORTED		CATALOG_NO_GETTER	2	0x1439A9C0A->0x146162150;0x1439A9C12->0x1439D1500
0x1439A9DE6	0x1439A9DA0	0x1439A9E2D	0x1439D1700	PROVIDER_UUID_CORRELATED	D6EFB383-30E1-49D9-91A2-E4269960FA77	Javelin::ClientMessages::PathingComponentClientFacet_SyncSteeringDebugInfo	3804	COMMUNITY_REPORTED		CATALOG_NO_GETTER	2	0x1439A9DAA->0x146162150;0x1439A9DB2->0x1439D1700
0x1439A9F86	0x1439A9F40	0x1439A9FCD	0x1439D1900	PROVIDER_UUID_CORRELATED	734AA186-E872-46FA-95D1-7ACEC35AC290	Javelin::ClientMessages::PathingComponentClientFacet_SyncStuckDetectionAndResolutionConfigInfo	4816	COMMUNITY_REPORTED		CATALOG_NO_GETTER	2	0x1439A9F4A->0x146162150;0x1439A9F52->0x1439D1900
0x1439AA166	0x1439AA120	0x1439AA1AD	0x1439D0700	PROVIDER_UUID_CORRELATED	243A5629-72DB-4229-BBFA-ED6F09FDEFCA	MB::NotificationServiceComponentReplicatedState	3340	COMMUNITY_REPORTED		CATALOG_NO_GETTER	2	0x1439AA12A->0x146162150;0x1439AA132->0x1439D0700
0x1439AA216	0x1439AA1D0	0x1439AA25D	0x1439D1B00	PROVIDER_UUID_CORRELATED	D4E66700-0345-4F0F-8D33-CB50066CF69C	Javelin::ClientMessages::PathingComponentClientFacet_SyncStuckDetectionAndResolutionDebugData	4817	COMMUNITY_REPORTED		CATALOG_NO_GETTER	2	0x1439AA1DA->0x146162150;0x1439AA1E2->0x1439D1B00
0x1439AA3B6	0x1439AA370	0x1439AA3FD	0x1439D2300	PROVIDER_UUID_CORRELATED	1562DC4F-3232-4863-B347-AB11FA6EB0B3	Javelin::ClientMessages::PathingComponentServerFacet_SetDrawReachabilityRaycast	5196	COMMUNITY_REPORTED		CATALOG_NO_GETTER	2	0x1439AA37A->0x146162150;0x1439AA382->0x1439D2300
0x1439AA466	0x1439AA420	0x1439AA4AD	0x1439CFF00	PROVIDER_UUID_CORRELATED	69EECDC6-4BCE-47C4-A92B-56600F4E56BE	Javelin::INWTagListener	3812	COMMUNITY_REPORTED		CATALOG_NO_GETTER	2	0x1439AA42A->0x146162150;0x1439AA432->0x1439CFF00
0x1439AA516	0x1439AA4D0	0x1439AA55D	0x1439D1D00	PROVIDER_UUID_CORRELATED	B3C00505-F33B-4B06-B199-37EA1BBAF6AD	Javelin::ClientMessages::PathingComponentServerFacet_RegisterClientForDebug	3807	COMMUNITY_REPORTED		CATALOG_NO_GETTER	2	0x1439AA4DA->0x146162150;0x1439AA4E2->0x1439D1D00
0x1439AA9A6	0x1439AA960	0x1439AA9ED	0x1439D2500	PROVIDER_UUID_CORRELATED	8F3EC1D2-ADDE-42B9-A541-715C954DFBE6	Javelin::ClientMessages::PathingComponentServerFacet_UnregisterClientForDebug	425	COMMUNITY_REPORTED		CATALOG_NO_GETTER	2	0x1439AA96A->0x146162150;0x1439AA972->0x1439D2500
0x1439AAC66	0x1439AAC20	0x1439AACAD	0x1439D2100	PROVIDER_UUID_CORRELATED	CF69E912-82AF-403A-9F83-6C54C84ADE47	Javelin::ClientMessages::PathingComponentServerFacet_RequestDebugPath	3324	COMMUNITY_REPORTED		CATALOG_NO_GETTER	2	0x1439AAC2A->0x146162150;0x1439AAC32->0x1439D2100
0x1439AAD16	0x1439AACD0	0x1439AAD5D	0x1439D0100	PROVIDER_UUID_CORRELATED	EEF594B3-06C1-48F1-BD50-D544B7F6B2FD	Javelin::ClientMessages::NWTagComponentClientFacet_SyncDebugData	2333	COMMUNITY_REPORTED		CATALOG_NO_GETTER	2	0x1439AACDA->0x146162150;0x1439AACE2->0x1439D0100
0x1439AADC6	0x1439AAD80	0x1439AAE0D	0x1439D1F00	PROVIDER_UUID_CORRELATED	4DE277A9-A095-46E3-96E0-EE4CB2CDCBED	Javelin::ClientMessages::PathingComponentServerFacet_RequestDebugCorridorPath	3422	COMMUNITY_REPORTED		CATALOG_NO_GETTER	2	0x1439AAD8A->0x146162150;0x1439AAD92->0x1439D1F00
0x1439AAE76	0x1439AAE30	0x1439AAEBD	0x1439D0300	PROVIDER_UUID_CORRELATED	94D4BAA0-9ED9-469B-A0AC-B62224491729	Javelin::ClientMessages::NWTagComponentServerFacet_DebugAddTag	5488	COMMUNITY_REPORTED		CATALOG_NO_GETTER	2	0x1439AAE3A->0x146162150;0x1439AAE42->0x1439D0300
0x1439AB316	0x1439AB2D0	0x1439AB35D	0x1439D0500	PROVIDER_UUID_CORRELATED	1AB46615-4053-4D7A-B78A-9FF8C07085C3	Javelin::ClientMessages::NWTagComponentServerFacet_DebugRemoveTag	5489	COMMUNITY_REPORTED		CATALOG_NO_GETTER	2	0x1439AB2DA->0x146162150;0x1439AB2E2->0x1439D0500
0x1439AB7C6	0x1439AB780	0x1439AB80D	0x1439D1100	PROVIDER_UUID_CORRELATED	FBA6A823-E49D-4EB4-8254-34CFE7396E16	Javelin::PathReceiverPathingComponentDelegate	798	COMMUNITY_REPORTED		CATALOG_NO_GETTER	2	0x1439AB78A->0x146162150;0x1439AB792->0x1439D1100
0x1439B0B46	0x1439B0B00	0x1439B0B8D	0x1439D0B00	PROVIDER_UUID_CORRELATED	EE0176FC-7E91-48CC-8B8E-6FD9E3C06572	Javelin::ClientMessages::NotificationServiceComponentServerFacet_StartListening	3809	COMMUNITY_REPORTED		CATALOG_NO_GETTER	2	0x1439B0B0A->0x146162150;0x1439B0B12->0x1439D0B00
0x1439B0CE6	0x1439B0CA0	0x1439B0D2D	0x1439D0D00	PROVIDER_UUID_CORRELATED	50204983-8368-4851-A39F-A912A9D45B93	Javelin::ClientMessages::NotificationServiceComponentServerFacet_StopListening	3810	COMMUNITY_REPORTED		CATALOG_NO_GETTER	2	0x1439B0CAA->0x146162150;0x1439B0CB2->0x1439D0D00
0x1439B0D96	0x1439B0D50	0x1439B0DDD	0x1439D0900	PROVIDER_UUID_CORRELATED	D3965CC9-6620-4BFB-9368-8D5130B07373	Javelin::ClientMessages::NotificationServiceComponentServerFacet_ClearNotifications	2833	COMMUNITY_REPORTED		CATALOG_NO_GETTER	2	0x1439B0D5A->0x146162150;0x1439B0D62->0x1439D0900
0x1439E8726	0x1439E86E0	0x1439E876D	0x143A38960	PROVIDER_UUID_CORRELATED	6BE0AA88-6A98-45CB-A8A3-A9C5DC32A35E	Javelin::ClientMessages::ObjectivesComponentClientFacet_OnObjectiveWarning	3435	COMMUNITY_REPORTED		CATALOG_NO_GETTER	2	0x1439E86EA->0x146162150;0x1439E86F2->0x143A38960
0x1439E8C06	0x1439E8BC0	0x1439E8C4D	0x143A38760	PROVIDER_UUID_CORRELATED	855E0575-246E-4BFF-997A-DAD07FBC7115	Javelin::ClientMessages::ObjectivesComponentClientFacet_OnMilestoneCorrection	5407	COMMUNITY_REPORTED		CATALOG_NO_GETTER	2	0x1439E8BCA->0x146162150;0x1439E8BD2->0x143A38760
0x1439E8F96	0x1439E8F50	0x1439E8FDD	0x143A38B60	PROVIDER_UUID_CORRELATED	AB896EC0-C4C0-4D32-9C83-0E39E9656E27	Javelin::ClientMessages::ObjectivesComponentClientFacet_SetObjectiveInstanceDisabled	5684	COMMUNITY_REPORTED		CATALOG_NO_GETTER	2	0x1439E8F5A->0x146162150;0x1439E8F62->0x143A38B60
0x1439E9156	0x1439E9110	0x1439E919D	0x143A38560	PROVIDER_UUID_CORRELATED	D01FA6E0-B3A1-48A3-A811-8B6976C2A881	Javelin::ClientMessages::ObjectivesComponentClientFacet_DebugReceiveScheduledObjectiveInformation	6097	COMMUNITY_REPORTED		CATALOG_NO_GETTER	2	0x1439E911A->0x146162150;0x1439E9122->0x143A38560
0x1439E9276	0x1439E9230	0x1439E92BD	0x143A3AB60	PROVIDER_UUID_CORRELATED	6A6E0E65-8388-4803-859D-0BC76109F79F	Javelin::ClientMessages::ObjectivesComponentServerFacet_DebugSetItemObjectiveCompletion	6129	COMMUNITY_REPORTED		CATALOG_NO_GETTER	2	0x1439E923A->0x146162150;0x1439E9242->0x143A3AB60
0x1439E95B6	0x1439E9570	0x1439E95FD	0x143A3A960	PROVIDER_UUID_CORRELATED	431A433B-B45E-4DB2-8106-8A725E056BC8	Javelin::ClientMessages::ObjectivesComponentServerFacet_DebugResetRepeatableObjectives	6862	COMMUNITY_REPORTED		CATALOG_NO_GETTER	2	0x1439E957A->0x146162150;0x1439E9582->0x143A3A960
0x1439E96B6	0x1439E9670	0x1439E96FD	0x143A38360	PROVIDER_UUID_CORRELATED	2205CFE8-2403-42C7-81F7-5DEDB58E9ECE	MB::ObjectiveInteractorComponentReplicatedState	3829	COMMUNITY_REPORTED		CATALOG_NO_GETTER	2	0x1439E967A->0x146162150;0x1439E9682->0x143A38360
0x1439E99B6	0x1439E9970	0x1439E99FD	0x143A39960	PROVIDER_UUID_CORRELATED	95B1A845-8C36-410F-AB17-001C3630BDA6	Javelin::ClientMessages::ObjectivesComponentServerFacet_AddObjectiveByIDDebug	3295	COMMUNITY_REPORTED		CATALOG_NO_GETTER	2	0x1439E997A->0x146162150;0x1439E9982->0x143A39960
0x1439E9C26	0x1439E9BE0	0x1439E9C6D	0x143A3BD60	PROVIDER_UUID_CORRELATED	5A524F4F-5164-4993-BEB1-E281ABF68F59	Javelin::ClientMessages::ObjectivesComponentServerFacet_HandleSpecificQuestItemPersistenceValidation	3841	COMMUNITY_REPORTED		CATALOG_NO_GETTER	2	0x1439E9BEA->0x146162150;0x1439E9BF2->0x143A3BD60
0x1439EA0D6	0x1439EA090	0x1439EA11D	0x143A3B960	PROVIDER_UUID_CORRELATED	E71492C8-A700-4124-A466-67B6BE9CD4EF	Javelin::ClientMessages::ObjectivesComponentServerFacet_HandleFactionProgressionPersistenceValidation	467	COMMUNITY_REPORTED		CATALOG_NO_GETTER	2	0x1439EA09A->0x146162150;0x1439EA0A2->0x143A3B960
0x1439EA386	0x1439EA340	0x1439EA3CD	0x143A3B760	PROVIDER_UUID_CORRELATED	E4758DFC-4001-4C7A-9CBA-C1AD9380F03A	Javelin::ClientMessages::ObjectivesComponentServerFacet_HandleCampingProgressionPersistenceValidation	4982	COMMUNITY_REPORTED		CATALOG_NO_GETTER	2	0x1439EA34A->0x146162150;0x1439EA352->0x143A3B760
0x1439EA506	0x1439EA4C0	0x1439EA54D	0x143A3BB60	PROVIDER_UUID_CORRELATED	C306BD85-59D3-48E6-8559-F06DDB47EB74	Javelin::ClientMessages::ObjectivesComponentServerFacet_HandleScheduledQuestResetting	6100	COMMUNITY_REPORTED		CATALOG_NO_GETTER	2	0x1439EA4CA->0x146162150;0x1439EA4D2->0x143A3BB60
0x1439EA5B6	0x1439EA570	0x1439EA5FD	0x143A39760	PROVIDER_UUID_CORRELATED	6B3F1C17-B503-4591-944E-4DD41620372D	Javelin::ClientMessages::ObjectivesComponentServerFacet_AddMissionByIDDebug	3842	COMMUNITY_REPORTED		CATALOG_NO_GETTER	2	0x1439EA57A->0x146162150;0x1439EA582->0x143A39760
0x1439EA756	0x1439EA710	0x1439EA79D	0x143A3C760	PROVIDER_UUID_CORRELATED	137F6213-F9AB-46C9-A2D9-212D6AE58D98	Javelin::ClientMessages::ObjectivesComponentServerFacet_UnlockPrerequisitesByIDDebug	3843	COMMUNITY_REPORTED		CATALOG_NO_GETTER	2	0x1439EA71A->0x146162150;0x1439EA722->0x143A3C760
0x1439EAB06	0x1439EAAC0	0x1439EAB4D	0x143A39D60	PROVIDER_UUID_CORRELATED	7FD7CD2A-0E91-4B01-8B61-1C417E8FDA93	Javelin::ClientMessages::ObjectivesComponentServerFacet_CompleteObjectiveDebug	2401	COMMUNITY_REPORTED		CATALOG_NO_GETTER	2	0x1439EAACA->0x146162150;0x1439EAAD2->0x143A39D60
0x1439EAE96	0x1439EAE50	0x1439EAEDD	0x143A39F60	PROVIDER_UUID_CORRELATED	6D1F2E78-73AC-41CD-972D-B87B01504892	Javelin::ClientMessages::ObjectivesComponentServerFacet_CompleteObjectiveTaskDebug	3846	COMMUNITY_REPORTED		CATALOG_NO_GETTER	2	0x1439EAE5A->0x146162150;0x1439EAE62->0x143A39F60
0x1439EB1C6	0x1439EB180	0x1439EB20D	0x143A39360	PROVIDER_UUID_CORRELATED	3B7CA5D2-5F55-4DA7-98F8-B538A6A8809A	Javelin::ClientMessages::ObjectivesComponentServerFacet_AbandonObjectiveDebug	2921	COMMUNITY_REPORTED		CATALOG_NO_GETTER	2	0x1439EB18A->0x146162150;0x1439EB192->0x143A39360
0x1439EB2F6	0x1439EB2B0	0x1439EB33D	0x143A3B360	PROVIDER_UUID_CORRELATED	070C8753-40EE-449B-A226-6C4542E65E8C	Javelin::ClientMessages::ObjectivesComponentServerFacet_FailObjectiveDebug	3847	COMMUNITY_REPORTED		CATALOG_NO_GETTER	2	0x1439EB2BA->0x146162150;0x1439EB2C2->0x143A3B360
0x1439EB516	0x1439EB4D0	0x1439EB55D	0x143A3B560	PROVIDER_UUID_CORRELATED	FD84ABFF-8A6B-47BE-BA99-1202DF77E97C	Javelin::ClientMessages::ObjectivesComponentServerFacet_ForceCompleteTasksDebug	6650	COMMUNITY_REPORTED		CATALOG_NO_GETTER	2	0x1439EB4DA->0x146162150;0x1439EB4E2->0x143A3B560
0x1439EB5C6	0x1439EB580	0x1439EB60D	0x143A3A160	PROVIDER_UUID_CORRELATED	F3AD6AD2-694E-4E33-8931-FDC013051146	Javelin::ClientMessages::ObjectivesComponentServerFacet_DebugClearCompletedObjectives	3849	COMMUNITY_REPORTED		CATALOG_NO_GETTER	2	0x1439EB58A->0x146162150;0x1439EB592->0x143A3A160
0x1439EB6D6	0x1439EB690	0x1439EB71D	0x143A3AD60	PROVIDER_UUID_CORRELATED	68D21A93-5C1F-4723-ACAD-85C1DAC6DBE1	Javelin::ClientMessages::ObjectivesComponentServerFacet_DebugValidateAndFixDeprecatedPersistence	3850	COMMUNITY_REPORTED		CATALOG_NO_GETTER	2	0x1439EB69A->0x146162150;0x1439EB6A2->0x143A3AD60
0x1439EB8E6	0x1439EB8A0	0x1439EB92D	0x143A38160	PROVIDER_UUID_CORRELATED	1490FDF0-5644-4424-943C-703328B77CD7	Javelin::Objective	3815	COMMUNITY_REPORTED		CATALOG_NO_GETTER	2	0x1439EB8AA->0x146162150;0x1439EB8B2->0x143A38160
0x1439EBB76	0x1439EBB30	0x1439EBBBD	0x143A3A360	PROVIDER_UUID_CORRELATED	7B378AA6-A17E-4BD9-AB18-B2758162C91B	Javelin::ClientMessages::ObjectivesComponentServerFacet_DebugDisableReleaseForObjectiveInstanceId	3484	COMMUNITY_REPORTED		CATALOG_NO_GETTER	2	0x1439EBB3A->0x146162150;0x1439EBB42->0x143A3A360
0x1439EBE16	0x1439EBDD0	0x1439EBE5D	0x143A3A560	PROVIDER_UUID_CORRELATED	705E806F-A227-4018-83D8-FBE13DEEA1D5	Javelin::ClientMessages::ObjectivesComponentServerFacet_DebugEnableReleaseForObjectiveInstanceId	1436	COMMUNITY_REPORTED		CATALOG_NO_GETTER	2	0x1439EBDDA->0x146162150;0x1439EBDE2->0x143A3A560
0x1439EBEC6	0x1439EBE80	0x1439EBF0D	0x143A3A760	PROVIDER_UUID_CORRELATED	76E8E897-74C9-44FB-90D1-46B8658DB490	Javelin::ClientMessages::ObjectivesComponentServerFacet_DebugRequestScheduledObjectiveInformation	6101	COMMUNITY_REPORTED		CATALOG_NO_GETTER	2	0x1439EBE8A->0x146162150;0x1439EBE92->0x143A3A760
0x1439EC0D6	0x1439EC090	0x1439EC11D	0x143A39B60	PROVIDER_UUID_CORRELATED	4F61CD60-1C34-43EF-AAD8-782D1865AE15	Javelin::ClientMessages::ObjectivesComponentServerFacet_AddObjectiveFromRecipe	1814	COMMUNITY_REPORTED		CATALOG_NO_GETTER	2	0x1439EC09A->0x146162150;0x1439EC0A2->0x143A39B60
0x1439EC4C6	0x1439EC480	0x1439EC50D	0x143A3C960	PROVIDER_UUID_CORRELATED	298436A9-06D0-4BDA-8DD9-0708B36E7374	Javelin::ClientMessages::ObjectivesComponentServerFacet_UpdateTrackedObjectives	1458	COMMUNITY_REPORTED		CATALOG_NO_GETTER	2	0x1439EC48A->0x146162150;0x1439EC492->0x143A3C960
0x1439EC606	0x1439EC5C0	0x1439EC64D	0x143A38D60	PROVIDER_UUID_CORRELATED	036365F4-A485-439D-8A3F-C51DFF6123B4	Javelin::ObjectivesComponentReplicatedState	3857	COMMUNITY_REPORTED		CATALOG_NO_GETTER	2	0x1439EC5CA->0x146162150;0x1439EC5D2->0x143A38D60
0x1439EC816	0x1439EC7D0	0x1439EC85D	0x143A3AF60	PROVIDER_UUID_CORRELATED	977C918D-4B3E-43C4-A960-6E6AC54F0203	Javelin::ClientMessages::ObjectivesComponentServerFacet_EnteredTerritoryFallback	6733	COMMUNITY_REPORTED		CATALOG_NO_GETTER	2	0x1439EC7DA->0x146162150;0x1439EC7E2->0x143A3AF60
0x1439EC9F6	0x1439EC9B0	0x1439ECA3D	0x143A3B160	PROVIDER_UUID_CORRELATED	AF562F66-C8AE-4D49-9F58-CB3A9AB35727	Javelin::ClientMessages::ObjectivesComponentServerFacet_ExitedTerritoryFallback	6734	COMMUNITY_REPORTED		CATALOG_NO_GETTER	2	0x1439EC9BA->0x146162150;0x1439EC9C2->0x143A3B160
0x1439F2296	0x1439F2250	0x1439F22DD	0x143A39160	PROVIDER_UUID_CORRELATED	55A7D1E9-9511-4ECA-8F10-EA7D79F43F43	Javelin::ClientMessages::ObjectivesComponentServerFacet_AbandonCurrentMission	2637	COMMUNITY_REPORTED		CATALOG_NO_GETTER	2	0x1439F225A->0x146162150;0x1439F2262->0x143A39160
0x1439F2426	0x1439F23E0	0x1439F246D	0x143A39560	PROVIDER_UUID_CORRELATED	4591ECA1-1C4F-49C9-BEDD-5AA62C95F7C7	Javelin::ClientMessages::ObjectivesComponentServerFacet_AbandonSingleObjective	3836	COMMUNITY_REPORTED		CATALOG_NO_GETTER	2	0x1439F23EA->0x146162150;0x1439F23F2->0x143A39560
0x1439F25D6	0x1439F2590	0x1439F261D	0x143A38F60	PROVIDER_UUID_CORRELATED	54D93017-592C-49BA-9FA1-928B7AA4614D	Javelin::ClientMessages::ObjectivesComponentServerFacet_AbandonAllRecipes	3837	COMMUNITY_REPORTED		CATALOG_NO_GETTER	2	0x1439F259A->0x146162150;0x1439F25A2->0x143A38F60
0x1439F2756	0x1439F2710	0x1439F279D	0x143A3C360	PROVIDER_UUID_CORRELATED	5B7449FB-C79F-4C79-956B-154CAFC5A834	Javelin::ClientMessages::ObjectivesComponentServerFacet_ResetObjective	5600	COMMUNITY_REPORTED		CATALOG_NO_GETTER	2	0x1439F271A->0x146162150;0x1439F2722->0x143A3C360
0x1439F2A36	0x1439F29F0	0x1439F2A7D	0x143A3BF60	PROVIDER_UUID_CORRELATED	287203CA-986B-4D4A-88FE-BC16200C9A94	Javelin::ClientMessages::ObjectivesComponentServerFacet_NotifyOpenUiScreen	2617	COMMUNITY_REPORTED		CATALOG_NO_GETTER	2	0x1439F29FA->0x146162150;0x1439F2A02->0x143A3BF60
0x1439F2C56	0x1439F2C10	0x1439F2C9D	0x143A3C160	PROVIDER_UUID_CORRELATED	A56E61D1-7E3E-4418-AA4E-41A426534FF4	Javelin::ClientMessages::ObjectivesComponentServerFacet_RequestShareObjectiveWithGroup	3839	COMMUNITY_REPORTED		CATALOG_NO_GETTER	2	0x1439F2C1A->0x146162150;0x1439F2C22->0x143A3C160
0x1439F2FA6	0x1439F2F60	0x1439F2FED	0x143A3C560	PROVIDER_UUID_CORRELATED	CB4BA5E5-1D70-4B33-81AA-A045BEBA4706	Javelin::ClientMessages::ObjectivesComponentServerFacet_SetObjectiveAutoPinning	2709	COMMUNITY_REPORTED		CATALOG_NO_GETTER	2	0x1439F2F6A->0x146162150;0x1439F2F72->0x143A3C560
0x143AB7D76	0x143AB7D30	0x143AB7DBD	0x143ABF880	PROVIDER_UUID_CORRELATED	09A81D2D-5013-46B1-AA95-7203FAE175BC	Javelin::ObjectiveRewardObjective	1148	COMMUNITY_REPORTED		CATALOG_NO_GETTER	2	0x143AB7D3A->0x146162150;0x143AB7D42->0x143ABF880
0x143AB7E26	0x143AB7DE0	0x143AB7E6D	0x143ABEE80	PROVIDER_UUID_CORRELATED	4A4D224D-A35A-496B-A8FC-25F6AD109BA0	Javelin::ConsecutiveTaskContainer	3790	COMMUNITY_REPORTED		CATALOG_NO_GETTER	2	0x143AB7DEA->0x146162150;0x143AB7DF2->0x143ABEE80
0x143AB89D6	0x143AB8990	0x143AB8A1D	0x143ABF280	PROVIDER_UUID_CORRELATED	2BE3F159-1F76-4CE1-B6B6-AB4529884007	Javelin::ObjectiveRewardCategoricalProgression	3860	COMMUNITY_REPORTED		CATALOG_NO_GETTER	2	0x143AB899A->0x146162150;0x143AB89A2->0x143ABF280
0x143AB8BB6	0x143AB8B70	0x143AB8BFD	0x143ABF480	PROVIDER_UUID_CORRELATED	7E490895-CA94-4EFC-AF5E-1F8C693A7195	Javelin::ObjectiveRewardExp	3862	COMMUNITY_REPORTED		CATALOG_NO_GETTER	2	0x143AB8B7A->0x146162150;0x143AB8B82->0x143ABF480
0x143AB8D76	0x143AB8D30	0x143AB8DBD	0x143ABF080	PROVIDER_UUID_CORRELATED	50497924-8210-4155-A588-D068165599FD	Javelin::IObjectiveReward	3859	COMMUNITY_REPORTED		CATALOG_NO_GETTER	2	0x143AB8D3A->0x146162150;0x143AB8D42->0x143ABF080
0x143AB9146	0x143AB9100	0x143AB918D	0x143ABF680	PROVIDER_UUID_CORRELATED	A9CE6D22-2E4C-460E-A454-DCB8BF65F579	Javelin::ObjectiveRewardItem	78	COMMUNITY_REPORTED		CATALOG_NO_GETTER	2	0x143AB910A->0x146162150;0x143AB9112->0x143ABF680
0x143AC3246	0x143AC3200	0x143AC328D	0x143AD48D0	PROVIDER_UUID_CORRELATED	45323E19-D5B9-48C5-9A86-23B52E838FE0	Javelin::TaskBuySell	3580	COMMUNITY_REPORTED		CATALOG_NO_GETTER	2	0x143AC320A->0x146162150;0x143AC3212->0x143AD48D0
0x143AC33E6	0x143AC33A0	0x143AC342D	0x143AD4AD0	PROVIDER_UUID_CORRELATED	9DB246E7-0966-400D-BF19-5BA04B2F79E7	Javelin::TaskChooseFaction	2905	COMMUNITY_REPORTED		CATALOG_NO_GETTER	2	0x143AC33AA->0x146162150;0x143AC33B2->0x143AD4AD0
0x143AC46B6	0x143AC4670	0x143AC46FD	0x143ABFA80	PROVIDER_UUID_CORRELATED	CEDCBF88-232A-4B73-8261-4DA2A6D9DA07	Javelin::ObjectiveTask	2815	COMMUNITY_REPORTED		CATALOG_NO_GETTER	2	0x143AC467A->0x146162150;0x143AC4682->0x143ABFA80
0x143AC4856	0x143AC4810	0x143AC489D	0x143ABFC80	PROVIDER_UUID_CORRELATED	83F4CDFD-AAAB-43AB-B172-4B2036E50C24	Javelin::ObjectiveTaskContainer	3863	COMMUNITY_REPORTED		CATALOG_NO_GETTER	2	0x143AC481A->0x146162150;0x143AC4822->0x143ABFC80
0x143AC49F6	0x143AC49B0	0x143AC4A3D	0x143AD40D0	PROVIDER_UUID_CORRELATED	E1B3C9C3-8BA4-4A5C-960A-7C3DD17872CA	Javelin::PartialTaskContainer	3864	COMMUNITY_REPORTED		CATALOG_NO_GETTER	2	0x143AC49BA->0x146162150;0x143AC49C2->0x143AD40D0
0x143AC4D56	0x143AC4D10	0x143AC4D9D	0x143AD42D0	PROVIDER_UUID_CORRELATED	E448B7D8-A9FE-4D79-93F2-C619F935DB0D	Javelin::SimpleTaskContainer	3865	COMMUNITY_REPORTED		CATALOG_NO_GETTER	2	0x143AC4D1A->0x146162150;0x143AC4D22->0x143AD42D0
0x143AC4FB6	0x143AC4F70	0x143AC4FFD	0x143AD44D0	PROVIDER_UUID_CORRELATED	5FD6343F-FAD9-47E3-AB0F-F1CC7654A488	Javelin::TaskAchievement	3867	COMMUNITY_REPORTED		CATALOG_NO_GETTER	2	0x143AC4F7A->0x146162150;0x143AC4F82->0x143AD44D0
0x143AC5336	0x143AC52F0	0x143AC537D	0x143AD46D0	PROVIDER_UUID_CORRELATED	C66CB6A6-46F8-4B6B-8CE7-CE76D477A891	Javelin::TaskBuildStructure	3868	COMMUNITY_REPORTED		CATALOG_NO_GETTER	2	0x143AC52FA->0x146162150;0x143AC5302->0x143AD46D0
0x143ADED76	0x143ADED30	0x143ADEDBD	0x143AE7A50	PROVIDER_UUID_CORRELATED	61151BE9-487F-4489-A25A-E302A3662CCC	Javelin::TaskControlPoint	3870	COMMUNITY_REPORTED		CATALOG_NO_GETTER	2	0x143ADED3A->0x146162150;0x143ADED42->0x143AE7A50
0x143ADEF16	0x143ADEED0	0x143ADEF5D	0x143AD4CD0	PROVIDER_UUID_CORRELATED	2017AF35-B89B-4BDC-A924-29A201B833D1	Javelin::TaskConversation	2049	COMMUNITY_REPORTED		CATALOG_NO_GETTER	2	0x143ADEEDA->0x146162150;0x143ADEEE2->0x143AD4CD0
0x143ADF0B6	0x143ADF070	0x143ADF0FD	0x143AE7C50	PROVIDER_UUID_CORRELATED	31621033-327F-4D5F-B8B1-020B8AD8B19D	Javelin::TaskConversationState	3871	COMMUNITY_REPORTED		CATALOG_NO_GETTER	2	0x143ADF07A->0x146162150;0x143ADF082->0x143AE7C50
0x143AE0216	0x143AE01D0	0x143AE025D	0x143AE7050	PROVIDER_UUID_CORRELATED	3030BF90-B2E1-484F-8F77-4C763D8D3033	Javelin::TaskCinematicComplete	6544	COMMUNITY_REPORTED		CATALOG_NO_GETTER	2	0x143AE01DA->0x146162150;0x143AE01E2->0x143AE7050
0x143AE0686	0x143AE0640	0x143AE06CD	0x143AE7250	PROVIDER_UUID_CORRELATED	813587BB-160B-4329-ACBB-F1B40E6182D3	Javelin::TaskCinematicStart	6601	COMMUNITY_REPORTED		CATALOG_NO_GETTER	2	0x143AE064A->0x146162150;0x143AE0652->0x143AE7250
0x143AE0926	0x143AE08E0	0x143AE096D	0x143AE7450	PROVIDER_UUID_CORRELATED	CB76E674-D3E6-44DE-A146-9B50EEDB8EB9	Javelin::TaskClaimButton	4702	COMMUNITY_REPORTED		CATALOG_NO_GETTER	2	0x143AE08EA->0x146162150;0x143AE08F2->0x143AE7450
0x143AE09D6	0x143AE0990	0x143AE0A1D	0x143AE7650	PROVIDER_UUID_CORRELATED	0E3F0D8C-DBF1-4A0F-801F-6A52210F1AA5	Javelin::TaskCompleteDungeon	4754	COMMUNITY_REPORTED		CATALOG_NO_GETTER	2	0x143AE099A->0x146162150;0x143AE09A2->0x143AE7650
0x143AE0C36	0x143AE0BF0	0x143AE0C7D	0x143AE7850	PROVIDER_UUID_CORRELATED	44CF9BEF-DEFE-4CB4-AFD5-AD7FA0411BC3	Javelin::TaskCompleteObjectiveType	4737	COMMUNITY_REPORTED		CATALOG_NO_GETTER	2	0x143AE0BFA->0x146162150;0x143AE0C02->0x143AE7850
0x143AEAE06	0x143AEADC0	0x143AEAE4D	0x143AF4870	PROVIDER_UUID_CORRELATED	95FE7C8A-BAAB-4B10-9ADA-C7CF44C84EB4	Javelin::TaskEquipItem	3540	COMMUNITY_REPORTED		CATALOG_NO_GETTER	2	0x143AEADCA->0x146162150;0x143AEADD2->0x143AF4870
0x143AEAFA6	0x143AEAF60	0x143AEAFED	0x143AF4A70	PROVIDER_UUID_CORRELATED	6C7D1E4F-A10E-4C0D-B5BA-8E12AE595CC2	Javelin::TaskFishing	3876	COMMUNITY_REPORTED		CATALOG_NO_GETTER	2	0x143AEAF6A->0x146162150;0x143AEAF72->0x143AF4A70
0x143AEB056	0x143AEB010	0x143AEB09D	0x143AF3E70	PROVIDER_UUID_CORRELATED	801381A1-09D5-46D4-BA3A-5B9B75EE6A79	Javelin::TaskConversationTopic	3873	COMMUNITY_REPORTED		CATALOG_NO_GETTER	2	0x143AEB01A->0x146162150;0x143AEB022->0x143AF3E70
0x143AEB1F6	0x143AEB1B0	0x143AEB23D	0x143AD4ED0	PROVIDER_UUID_CORRELATED	1A736A35-931F-4725-ABB0-AB1DD1A60888	Javelin::TaskCrafting	412	COMMUNITY_REPORTED		CATALOG_NO_GETTER	2	0x143AEB1BA->0x146162150;0x143AEB1C2->0x143AD4ED0
0x143AEB536	0x143AEB4F0	0x143AEB57D	0x143AF4070	PROVIDER_UUID_CORRELATED	67C33640-FA9A-4096-ABF2-14758A89216D	Javelin::TaskCraftMultipleRecipes	6876	COMMUNITY_REPORTED		CATALOG_NO_GETTER	2	0x143AEB4FA->0x146162150;0x143AEB502->0x143AF4070
0x143AEB6D6	0x143AEB690	0x143AEB71D	0x143AF4270	PROVIDER_UUID_CORRELATED	8E463C80-8F4A-4541-9A8C-5F38FB17EED9	Javelin::TaskCraftRecipe	3874	COMMUNITY_REPORTED		CATALOG_NO_GETTER	2	0x143AEB69A->0x146162150;0x143AEB6A2->0x143AF4270
0x143AEB9D6	0x143AEB990	0x143AEBA1D	0x143AF4470	PROVIDER_UUID_CORRELATED	AAC42BA9-8C49-4225-A34C-F00FD1095BCC	Javelin::TaskCutsceneComplete	6341	COMMUNITY_REPORTED		CATALOG_NO_GETTER	2	0x143AEB99A->0x146162150;0x143AEB9A2->0x143AF4470
0x143AEBA86	0x143AEBA40	0x143AEBACD	0x143AF4670	PROVIDER_UUID_CORRELATED	D0B45C30-C660-4427-8FA6-68A5A55C0EA2	Javelin::TaskDie	3875	COMMUNITY_REPORTED		CATALOG_NO_GETTER	2	0x143AEBA4A->0x146162150;0x143AEBA52->0x143AF4670
0x143AFBF66	0x143AFBF20	0x143AFBFAD	0x143B06460	PROVIDER_UUID_CORRELATED	596A5201-1AF5-40CC-B747-28408DC65453	Javelin::TaskGiveItem	1417	COMMUNITY_REPORTED		CATALOG_NO_GETTER	2	0x143AFBF2A->0x146162150;0x143AFBF32->0x143B06460
0x143AFC016	0x143AFBFD0	0x143AFC05D	0x143AE7E50	PROVIDER_UUID_CORRELATED	95410EA2-B3AC-40B5-A983-4923AC623231	Javelin::TaskGoTo	2534	COMMUNITY_REPORTED		CATALOG_NO_GETTER	2	0x143AFBFDA->0x146162150;0x143AFBFE2->0x143AE7E50
0x143AFC1B6	0x143AFC170	0x143AFC1FD	0x143B06660	PROVIDER_UUID_CORRELATED	47CCE829-0B02-4912-BD57-7A912F9C8D37	Javelin::TaskGoToDuration	3878	COMMUNITY_REPORTED		CATALOG_NO_GETTER	2	0x143AFC17A->0x146162150;0x143AFC182->0x143B06660
0x143AFC266	0x143AFC220	0x143AFC2AD	0x143B06860	PROVIDER_UUID_CORRELATED	499910A7-7C62-4CC2-BED1-35969A844ADC	Javelin::TaskHaveItems	241	COMMUNITY_REPORTED		CATALOG_NO_GETTER	2	0x143AFC22A->0x146162150;0x143AFC232->0x143B06860
0x143AFC316	0x143AFC2D0	0x143AFC35D	0x143B06A60	PROVIDER_UUID_CORRELATED	3D4CBF0F-A0AD-4526-8052-659F472B014D	Javelin::TaskHaveLevel	3228	COMMUNITY_REPORTED		CATALOG_NO_GETTER	2	0x143AFC2DA->0x146162150;0x143AFC2E2->0x143B06A60
0x143AFC696	0x143AFC650	0x143AFC6DD	0x143B05E60	PROVIDER_UUID_CORRELATED	68BA0266-9CB7-44F2-AF25-F3D833017C0F	Javelin::TaskGameEvent	3877	COMMUNITY_REPORTED		CATALOG_NO_GETTER	2	0x143AFC65A->0x146162150;0x143AFC662->0x143B05E60
0x143AFC8B6	0x143AFC870	0x143AFC8FD	0x143B06060	PROVIDER_UUID_CORRELATED	9E664486-2900-4DE9-B132-C463D6252449	Javelin::TaskGameMode	1196	COMMUNITY_REPORTED		CATALOG_NO_GETTER	2	0x143AFC87A->0x146162150;0x143AFC882->0x143B06060
0x143AFC966	0x143AFC920	0x143AFC9AD	0x143B06260	PROVIDER_UUID_CORRELATED	0AE69555-E6E5-4E38-8031-D1183A52F5A8	Javelin::TaskGatherCyclicState	4773	COMMUNITY_REPORTED		CATALOG_NO_GETTER	2	0x143AFC92A->0x146162150;0x143AFC932->0x143B06260
0x143B0D7F6	0x143B0D7B0	0x143B0D83D	0x143B06C60	PROVIDER_UUID_CORRELATED	0B85E4E0-70D3-4ACC-864D-F8BF56F4E0F7	Javelin::TaskInventory	3134	COMMUNITY_REPORTED		CATALOG_NO_GETTER	2	0x143B0D7BA->0x146162150;0x143B0D7C2->0x143B06C60
0x143B0D8A6	0x143B0D860	0x143B0D8ED	0x143B16660	PROVIDER_UUID_CORRELATED	E0E47EC2-F582-4CA1-B5CC-96B3DC025431	Javelin::TaskJoinGuild	3848	COMMUNITY_REPORTED		CATALOG_NO_GETTER	2	0x143B0D86A->0x146162150;0x143B0D872->0x143B16660
0x143B0D956	0x143B0D910	0x143B0D99D	0x143B16860	PROVIDER_UUID_CORRELATED	AF1B6F8B-FD73-4064-9278-6AC19BF6DE3B	Javelin::TaskKill	3879	COMMUNITY_REPORTED	0x143B16860	CATALOG_GETTER_MATCH	2	0x143B0D91A->0x146162150;0x143B0D922->0x143B16860
0x143B0DA06	0x143B0D9C0	0x143B0DA4D	0x143B16A60	PROVIDER_UUID_CORRELATED	E9CDD39B-6522-443D-A379-9D76E6BE9FBF	Javelin::TaskKillContribution	904	COMMUNITY_REPORTED		CATALOG_NO_GETTER	2	0x143B0D9CA->0x146162150;0x143B0D9D2->0x143B16A60
0x143B0DCD6	0x143B0DC90	0x143B0DD1D	0x143B16C60	PROVIDER_UUID_CORRELATED	9A922BD7-9DD5-4F4F-8C62-F7813A73A9FA	Javelin::TaskObjective	3881	COMMUNITY_REPORTED		CATALOG_NO_GETTER	2	0x143B0DC9A->0x146162150;0x143B0DCA2->0x143B16C60
0x143B0EF26	0x143B0EEE0	0x143B0EF6D	0x143B16260	PROVIDER_UUID_CORRELATED	15D0189A-8716-4163-9ED0-BD2B70843B29	Javelin::TaskHouseScore	3662	COMMUNITY_REPORTED		CATALOG_NO_GETTER	2	0x143B0EEEA->0x146162150;0x143B0EEF2->0x143B16260
0x143B0F1B6	0x143B0F170	0x143B0F1FD	0x143B16460	PROVIDER_UUID_CORRELATED	B05B5563-585F-4592-8607-C0B42D12C7DD	Javelin::TaskInteract	2360	COMMUNITY_REPORTED		CATALOG_NO_GETTER	2	0x143B0F17A->0x146162150;0x143B0F182->0x143B16460
0x143B1AEE6	0x143B1AEA0	0x143B1AF2D	0x143B23220	PROVIDER_UUID_CORRELATED	74751C21-EA33-412E-9065-59E69EE23E2D	Javelin::TaskRemoveItem	3885	COMMUNITY_REPORTED		CATALOG_NO_GETTER	2	0x143B1AEAA->0x146162150;0x143B1AEB2->0x143B23220
0x143B1AF96	0x143B1AF50	0x143B1AFDD	0x143B23420	PROVIDER_UUID_CORRELATED	4A25A6DF-8288-42DA-85F9-BF2C7306B821	Javelin::TaskRepairItem	3886	COMMUNITY_REPORTED		CATALOG_NO_GETTER	2	0x143B1AF5A->0x146162150;0x143B1AF62->0x143B23420
0x143B1B2E6	0x143B1B2A0	0x143B1B32D	0x143B22820	PROVIDER_UUID_CORRELATED	C75B1C8F-19C1-4D0F-A262-E63FC02E16AE	Javelin::TaskOpenUiScreen	3882	COMMUNITY_REPORTED		CATALOG_NO_GETTER	2	0x143B1B2AA->0x146162150;0x143B1B2B2->0x143B22820
0x143B1B806	0x143B1B7C0	0x143B1B84D	0x143B22A20	PROVIDER_UUID_CORRELATED	03D02413-B6F1-47BD-B115-09B060F80AC4	Javelin::TaskPerform	5117	COMMUNITY_REPORTED		CATALOG_NO_GETTER	2	0x143B1B7CA->0x146162150;0x143B1B7D2->0x143B22A20
0x143B1BA86	0x143B1BA40	0x143B1BACD	0x143B22C20	PROVIDER_UUID_CORRELATED	667C6F13-090B-42AE-81AF-EF8EB7BC4C1B	Javelin::TaskQuickCourse	6043	COMMUNITY_REPORTED		CATALOG_NO_GETTER	2	0x143B1BA4A->0x146162150;0x143B1BA52->0x143B22C20
0x143B1BC26	0x143B1BBE0	0x143B1BC6D	0x143B22E20	PROVIDER_UUID_CORRELATED	A69DDC4F-33BE-4ACB-87B4-6FC3F87A7705	Javelin::TaskReadLore	1420	COMMUNITY_REPORTED		CATALOG_NO_GETTER	2	0x143B1BBEA->0x146162150;0x143B1BBF2->0x143B22E20
0x143B1BCD6	0x143B1BC90	0x143B1BD1D	0x143B23020	PROVIDER_UUID_CORRELATED	9A0773BA-D774-4AC3-8F75-B6FADF36BAC3	Javelin::TaskRecipePinned	3883	COMMUNITY_REPORTED	0x143B23020	CATALOG_GETTER_MATCH	2	0x143B1BC9A->0x146162150;0x143B1BCA2->0x143B23020
0x143B26256	0x143B26210	0x143B2629D	0x143B2E9B0	PROVIDER_UUID_CORRELATED	A8EC7863-5764-445A-A65A-DB518EF1C1FD	Javelin::TaskRequireGatherItems	3887	COMMUNITY_REPORTED		CATALOG_NO_GETTER	2	0x143B2621A->0x146162150;0x143B26222->0x143B2E9B0
0x143B263F6	0x143B263B0	0x143B2643D	0x143B2EBB0	PROVIDER_UUID_CORRELATED	16C7A34C-2916-4D28-8DA3-04FCE86766E5	Javelin::TaskSalvageItem	3888	COMMUNITY_REPORTED		CATALOG_NO_GETTER	2	0x143B263BA->0x146162150;0x143B263C2->0x143B2EBB0
0x143B26596	0x143B26550	0x143B265DD	0x143B2EDB0	PROVIDER_UUID_CORRELATED	1DC6B7BA-E956-42CE-BD28-1710A4C40797	Javelin::TaskSlayerScript	6247	COMMUNITY_REPORTED		CATALOG_NO_GETTER	2	0x143B2655A->0x146162150;0x143B26562->0x143B2EDB0
0x143B26866	0x143B26820	0x143B268AD	0x143B2EFB0	PROVIDER_UUID_CORRELATED	EA3DF79B-BAAA-4D42-96AA-99F47579E481	Javelin::TaskSpecificInteract	1743	COMMUNITY_REPORTED		CATALOG_NO_GETTER	2	0x143B2682A->0x146162150;0x143B26832->0x143B2EFB0
0x143B26916	0x143B268D0	0x143B2695D	0x143B2F1B0	PROVIDER_UUID_CORRELATED	A6448925-5F63-4E11-A8C4-79600FB8FC88	Javelin::TaskTimer	282	COMMUNITY_REPORTED		CATALOG_NO_GETTER	2	0x143B268DA->0x146162150;0x143B268E2->0x143B2F1B0
0x143B26E16	0x143B26DD0	0x143B26E5D	0x143B2F3B0	PROVIDER_UUID_CORRELATED	F14C59C2-7EA5-4461-BFA4-4AD68896EFE4	Javelin::TaskTriggerArea	3891	COMMUNITY_REPORTED		CATALOG_NO_GETTER	2	0x143B26DDA->0x146162150;0x143B26DE2->0x143B2F3B0
0x143B27246	0x143B27200	0x143B2728D	0x143B2F5B0	PROVIDER_UUID_CORRELATED	1D5586C7-2080-4A18-9199-7E92B55F2B8B	Javelin::TaskUnlockAchievement	3892	COMMUNITY_REPORTED		CATALOG_NO_GETTER	2	0x143B2720A->0x146162150;0x143B27212->0x143B2F5B0
0x143B27F86	0x143B27F40	0x143B27FCD	0x143B2F7B0	PROVIDER_UUID_CORRELATED	23DDACC3-2785-439D-B360-224CB9F0595B	Javelin::TaskUseItems	3893	COMMUNITY_REPORTED		CATALOG_NO_GETTER	2	0x143B27F4A->0x146162150;0x143B27F52->0x143B2F7B0
0x143B33956	0x143B33910	0x143B3399D	0x143B40AC0	PROVIDER_UUID_CORRELATED	53747F79-0194-42CE-992E-4E479809450F	Javelin::ClientMessages::OwnershipMessageComponentClientFacet_OnOwnershipMessage	1188	COMMUNITY_REPORTED		CATALOG_NO_GETTER	2	0x143B3391A->0x146162150;0x143B33922->0x143B40AC0
0x143B49646	0x143B49600	0x143B4968D	0x143B66500	PROVIDER_UUID_CORRELATED	1244BC52-2B3F-4380-8D60-2D4A9286AE89	Javelin::AIPathParameterData	558	COMMUNITY_REPORTED		CATALOG_NO_GETTER	2	0x143B4960A->0x146162150;0x143B49612->0x143B66500
0x143B49736	0x143B496F0	0x143B4977D	0x143B66900	PROVIDER_UUID_CORRELATED	544665B3-CF5C-4CC7-B604-3A1B32C37113	Javelin::ClientMessages::AIPatrolComponentServerFacet_RegisterClientForDebugOption	3911	COMMUNITY_REPORTED		CATALOG_NO_GETTER	2	0x143B496FA->0x146162150;0x143B49702->0x143B66900
0x143B498E6	0x143B498A0	0x143B4992D	0x143B66B00	PROVIDER_UUID_CORRELATED	B1C188CA-0478-4803-A989-F5AB2595C553	Javelin::ClientMessages::AIPatrolComponentServerFacet_SetNextWaypoint	3912	COMMUNITY_REPORTED		CATALOG_NO_GETTER	2	0x143B498AA->0x146162150;0x143B498B2->0x143B66B00
0x143B49B66	0x143B49B20	0x143B49BAD	0x143B66700	PROVIDER_UUID_CORRELATED	121C72F4-A7C6-4558-A005-B0BF2FDF71BE	Javelin::ClientMessages::AIPatrolComponentClientFacet_SyncAllWaypoints	3914	COMMUNITY_REPORTED		CATALOG_NO_GETTER	2	0x143B49B2A->0x146162150;0x143B49B32->0x143B66700
0x143B4A9C6	0x143B4A980	0x143B4AA0D	0x143B66D00	PROVIDER_UUID_CORRELATED	ABB7019C-DB92-443F-A3B5-5CAC165D0DBC	Javelin::ClientMessages::AITargetCollectorComponentClientFacet_SyncDebugData	3918	COMMUNITY_REPORTED		CATALOG_NO_GETTER	2	0x143B4A98A->0x146162150;0x143B4A992->0x143B66D00
0x143B4D986	0x143B4D940	0x143B4D9CD	0x143B66F00	PROVIDER_UUID_CORRELATED	8FDAE921-A7CD-4851-B822-F04BD99537BF	Javelin::ClientMessages::AITargetableComponentClientFacet_OnSelectedAsTarget	2415	COMMUNITY_REPORTED		CATALOG_NO_GETTER	2	0x143B4D94A->0x146162150;0x143B4D952->0x143B66F00
0x143B4DA36	0x143B4D9F0	0x143B4DA7D	0x143B67100	PROVIDER_UUID_CORRELATED	C5DB0BB9-CD45-4241-B6FA-DEBD4E950BE7	Javelin::ClientMessages::AITargetableComponentClientFacet_OnUnSelectedAsTarget	3916	COMMUNITY_REPORTED		CATALOG_NO_GETTER	2	0x143B4D9FA->0x146162150;0x143B4DA02->0x143B67100
0x143B4DAE6	0x143B4DAA0	0x143B4DB2D	0x143B67500	PROVIDER_UUID_CORRELATED	D67E6F55-82A4-464A-887F-72958299A9EC	Javelin::ClientMessages::AITargetableComponentServerFacet_DebugIgnoreCharacter	1389	COMMUNITY_REPORTED		CATALOG_NO_GETTER	2	0x143B4DAAA->0x146162150;0x143B4DAB2->0x143B67500
0x143B4DC66	0x143B4DC20	0x143B4DCAD	0x143B67700	PROVIDER_UUID_CORRELATED	E7FD139B-445F-43A1-9AB1-5A998030977D	Javelin::ClientMessages::AITargetableComponentServerFacet_DebugStopIgnoringCharacter	2572	COMMUNITY_REPORTED		CATALOG_NO_GETTER	2	0x143B4DC2A->0x146162150;0x143B4DC32->0x143B67700
0x143B4DF66	0x143B4DF20	0x143B4DFAD	0x143B67300	PROVIDER_UUID_CORRELATED	ABE5C4B2-F8B8-48C9-B513-B391BD48F33F	Javelin::ClientMessages::AITargetableComponentClientFacet_SyncDebugData	2073	COMMUNITY_REPORTED		CATALOG_NO_GETTER	2	0x143B4DF2A->0x146162150;0x143B4DF32->0x143B67300
0x143B751E6	0x143B751A0	0x143B7522D	0x143B9BD40	PROVIDER_UUID_CORRELATED	10BF259D-2C9C-4DDC-9866-FF4CE05F90D0	Javelin::ClientMessages::NavMeshDebugComponentServerFacet_ReceiveQueryPathRequest	4948	COMMUNITY_REPORTED		CATALOG_NO_GETTER	2	0x143B751AA->0x146162150;0x143B751B2->0x143B9BD40
0x143B752F6	0x143B752B0	0x143B7533D	0x143B9AD40	PROVIDER_UUID_CORRELATED	89F1E1A4-273E-4C99-82E0-4663DFD7E941	Javelin::ClientMessages::NavMeshDebugComponentClientFacet_ReceiveTileManagerDebugStats	3926	COMMUNITY_REPORTED		CATALOG_NO_GETTER	2	0x143B752BA->0x146162150;0x143B752C2->0x143B9AD40
0x143B75406	0x143B753C0	0x143B7544D	0x143B9AF40	PROVIDER_UUID_CORRELATED	1C4D27D5-9126-4C3F-BCD0-0DF855D800D8	Javelin::ClientMessages::NavMeshDebugComponentClientFacet_SendServerRequestSamplePath	3927	COMMUNITY_REPORTED		CATALOG_NO_GETTER	2	0x143B753CA->0x146162150;0x143B753D2->0x143B9AF40
0x143B754B6	0x143B75470	0x143B754FD	0x143B9AB40	PROVIDER_UUID_CORRELATED	936349C7-AE39-45AE-B1DF-C57F9A023530	Javelin::ClientMessages::NavMeshDebugComponentClientFacet_ReceiveSamplePathResponseFromServer	3928	COMMUNITY_REPORTED		CATALOG_NO_GETTER	2	0x143B7547A->0x146162150;0x143B75482->0x143B9AB40
0x143B75686	0x143B75640	0x143B756CD	0x143B9A740	PROVIDER_UUID_CORRELATED	185B09BC-95F3-43CE-A2C6-86B3831A07BF	Javelin::ClientMessages::NavMeshDebugComponentClientFacet_ReceiveNavMeshDataResponseFromServer	3929	COMMUNITY_REPORTED		CATALOG_NO_GETTER	2	0x143B7564A->0x146162150;0x143B75652->0x143B9A740
0x143B75816	0x143B757D0	0x143B7585D	0x143B9BB40	PROVIDER_UUID_CORRELATED	E2386A7D-183C-4904-8390-F3DC6DDB034D	Javelin::ClientMessages::NavMeshDebugComponentServerFacet_ReceiveQueryManagerDebugStats	1343	COMMUNITY_REPORTED		CATALOG_NO_GETTER	2	0x143B757DA->0x146162150;0x143B757E2->0x143B9BB40
0x143B75DC6	0x143B75D80	0x143B75E0D	0x143B9C540	PROVIDER_UUID_CORRELATED	FD841AD4-A06A-4E00-86F0-A9E313C974A6	Javelin::ClientMessages::NavMeshDebugComponentServerFacet_ReceiveTileManagerDebugStats	3711	COMMUNITY_REPORTED		CATALOG_NO_GETTER	2	0x143B75D8A->0x146162150;0x143B75D92->0x143B9C540
0x143B76476	0x143B76430	0x143B764BD	0x143B9B340	PROVIDER_UUID_CORRELATED	1779092F-CE38-4485-8951-9073143E0D79	Javelin::ClientMessages::NavMeshDebugComponentClientFacet_SyncQueryPolysResultsToClient	975	COMMUNITY_REPORTED		CATALOG_NO_GETTER	2	0x143B7643A->0x146162150;0x143B76442->0x143B9B340
0x143B76706	0x143B766C0	0x143B7674D	0x143B9B140	PROVIDER_UUID_CORRELATED	C055D203-DF8E-4827-9F87-AF258F01344D	Javelin::ClientMessages::NavMeshDebugComponentClientFacet_SyncQueryPathResultsToClient	4951	COMMUNITY_REPORTED		CATALOG_NO_GETTER	2	0x143B766CA->0x146162150;0x143B766D2->0x143B9B140
0x143B7A596	0x143B7A550	0x143B7A5DD	0x143B9CD40	PROVIDER_UUID_CORRELATED	558038A6-9425-4EAE-A647-066D3B14A50E	Javelin::QueryManagerActorDebugListener	3924	COMMUNITY_REPORTED		CATALOG_NO_GETTER	2	0x143B7A55A->0x146162150;0x143B7A562->0x143B9CD40
0x143B7A906	0x143B7A8C0	0x143B7A94D	0x143B9D140	PROVIDER_UUID_CORRELATED	709FFBCD-973F-48DF-890D-0F272CC695B4	Javelin::TileManagerActorDebugListener	3522	COMMUNITY_REPORTED		CATALOG_NO_GETTER	2	0x143B7A8CA->0x146162150;0x143B7A8D2->0x143B9D140
0x143B7A9B6	0x143B7A970	0x143B7A9FD	0x143B9C140	PROVIDER_UUID_CORRELATED	19B6A3DA-925E-49B5-B2E8-CC522ECD12BE	Javelin::ClientMessages::NavMeshDebugComponentServerFacet_ReceiveSamplePathClientRequest	3441	COMMUNITY_REPORTED		CATALOG_NO_GETTER	2	0x143B7A97A->0x146162150;0x143B7A982->0x143B9C140
0x143B7AC56	0x143B7AC10	0x143B7AC9D	0x143B9B940	PROVIDER_UUID_CORRELATED	BD065805-4352-494B-BF10-494AB53F358A	Javelin::ClientMessages::NavMeshDebugComponentServerFacet_ReceiveNavMeshDataClientRequest	3925	COMMUNITY_REPORTED		CATALOG_NO_GETTER	2	0x143B7AC1A->0x146162150;0x143B7AC22->0x143B9B940
0x143B7AD26	0x143B7ACE0	0x143B7AD6D	0x143B9C340	PROVIDER_UUID_CORRELATED	2A195CC0-BBAD-4A25-8284-8099F24EB0EC	Javelin::ClientMessages::NavMeshDebugComponentServerFacet_ReceiveSaveInputHFRequest	3393	COMMUNITY_REPORTED		CATALOG_NO_GETTER	2	0x143B7ACEA->0x146162150;0x143B7ACF2->0x143B9C340
0x143B7ADE6	0x143B7ADA0	0x143B7AE2D	0x143B9CB40	PROVIDER_UUID_CORRELATED	535BBEAE-E5E0-48E2-9FF5-E35E3BD21646	Javelin::ClientMessages::NavMeshDebugComponentServerFacet_SendNavMeshDataResponseToClient	192	COMMUNITY_REPORTED		CATALOG_NO_GETTER	2	0x143B7ADAA->0x146162150;0x143B7ADB2->0x143B9CB40
0x143B7AE96	0x143B7AE50	0x143B7AEDD	0x143B9B540	PROVIDER_UUID_CORRELATED	53D0F3BC-C29F-42C4-AA7B-DB765C2ABE1C	Javelin::ClientMessages::NavMeshDebugComponentServerFacet_DebugRequestTileGen	2582	COMMUNITY_REPORTED		CATALOG_NO_GETTER	2	0x143B7AE5A->0x146162150;0x143B7AE62->0x143B9B540
0x143B7AF46	0x143B7AF00	0x143B7AF8D	0x143B9B740	PROVIDER_UUID_CORRELATED	BB89CEED-A606-4ED1-A4FE-355C53769E82	Javelin::ClientMessages::NavMeshDebugComponentServerFacet_LogObstaclesInCurrentTile	6699	COMMUNITY_REPORTED		CATALOG_NO_GETTER	2	0x143B7AF0A->0x146162150;0x143B7AF12->0x143B9B740
0x143B7B216	0x143B7B1D0	0x143B7B25D	0x143B9C740	PROVIDER_UUID_CORRELATED	ED80E30F-66D9-474F-A460-11078738BE25	Javelin::ClientMessages::NavMeshDebugComponentServerFacet_RequestQueryManagerDebugStats	2899	COMMUNITY_REPORTED		CATALOG_NO_GETTER	2	0x143B7B1DA->0x146162150;0x143B7B1E2->0x143B9C740
0x143B7B2C6	0x143B7B280	0x143B7B30D	0x143B9A940	PROVIDER_UUID_CORRELATED	7941A349-3E70-49F3-8ED0-5717D59D51F6	Javelin::ClientMessages::NavMeshDebugComponentClientFacet_ReceiveQueryManagerDebugStats	1322	COMMUNITY_REPORTED		CATALOG_NO_GETTER	2	0x143B7B28A->0x146162150;0x143B7B292->0x143B9A940
0x143B7B406	0x143B7B3C0	0x143B7B44D	0x143B9C940	PROVIDER_UUID_CORRELATED	1C896A89-74AF-4010-8E9B-8F3C236A9034	Javelin::ClientMessages::NavMeshDebugComponentServerFacet_RequestTileManagerDebugStats	1797	COMMUNITY_REPORTED		CATALOG_NO_GETTER	2	0x143B7B3CA->0x146162150;0x143B7B3D2->0x143B9C940
0x143B7B626	0x143B7B5E0	0x143B7B66D	0x143B9BF40	PROVIDER_UUID_CORRELATED	E07DE5CF-9447-4287-B05F-886CE58767FD	Javelin::ClientMessages::NavMeshDebugComponentServerFacet_ReceiveQueryPolysRequest	1241	COMMUNITY_REPORTED		CATALOG_NO_GETTER	2	0x143B7B5EA->0x146162150;0x143B7B5F2->0x143B9BF40
0x143BAAEC6	0x143BAAE80	0x143BAAF0D	0x143BBCBE0	PROVIDER_UUID_CORRELATED	63AD3B5A-3E2E-4923-ACCD-1DA221431EE0	Javelin::PointsAccumulatorComponentReplicatedState	6951	COMMUNITY_REPORTED		CATALOG_NO_GETTER	2	0x143BAAE8A->0x146162150;0x143BAAE92->0x143BBCBE0
0x143BAB346	0x143BAB300	0x143BAB38D	0x143BBC9E0	PROVIDER_UUID_CORRELATED	965812BF-3CB3-4A8D-B94B-9273C24F1971	Javelin::Spawner::BuffBucketsParameter	3984	COMMUNITY_REPORTED		CATALOG_NO_GETTER	2	0x143BAB30A->0x146162150;0x143BAB312->0x143BBC9E0
0x143BC6936	0x143BC68F0	0x143BC697D	0x143BE7900	PROVIDER_UUID_CORRELATED	287283B0-B7BD-421A-9E59-ECF82B0E1401	Javelin::ClientMessages::PrefabSpawnerComponentServerFacet_RespawnPrefabClientDebugMsg	3697	COMMUNITY_REPORTED		CATALOG_NO_GETTER	2	0x143BC68FA->0x146162150;0x143BC6902->0x143BE7900
0x143BC6BA6	0x143BC6B60	0x143BC6BED	0x143BE7700	PROVIDER_UUID_CORRELATED	F04AA7E8-94E3-41E1-B53A-5824B858B5FA	Javelin::ClientMessages::PrefabSpawnerComponentServerFacet_RequestServerAuthPrefabIdMsg	4769	COMMUNITY_REPORTED		CATALOG_NO_GETTER	2	0x143BC6B6A->0x146162150;0x143BC6B72->0x143BE7700
0x143BC6D46	0x143BC6D00	0x143BC6D8D	0x143BE7500	PROVIDER_UUID_CORRELATED	73C38CC7-D360-4B4D-8BA9-63CE3AA39805	Javelin::ClientMessages::PrefabSpawnerComponentClientFacet_RequestServerAuthPrefabIdResponseMsg	4768	COMMUNITY_REPORTED		CATALOG_NO_GETTER	2	0x143BC6D0A->0x146162150;0x143BC6D12->0x143BE7500
0x143BC7206	0x143BC71C0	0x143BC724D	0x143BE6F00	PROVIDER_UUID_CORRELATED	BDA185EC-AB9B-4D23-83D9-B822DE724018	Javelin::ClientMessages::POIManagerComponentServerFacet_RegisterClientForDebugSnapshots	3986	COMMUNITY_REPORTED		CATALOG_NO_GETTER	2	0x143BC71CA->0x146162150;0x143BC71D2->0x143BE6F00
0x143BC73C6	0x143BC7380	0x143BC740D	0x143BE7100	PROVIDER_UUID_CORRELATED	B7053BE8-ECB2-4DBE-B320-94B3480F7997	Javelin::ClientMessages::POIManagerComponentServerFacet_UnregisterClientForDebugSnapshots	3987	COMMUNITY_REPORTED		CATALOG_NO_GETTER	2	0x143BC738A->0x146162150;0x143BC7392->0x143BE7100
0x143BC7AC6	0x143BC7A80	0x143BC7B0D	0x143BE6D00	PROVIDER_UUID_CORRELATED	9E40827E-C468-47B4-B932-12F10D096EFC	Javelin::ClientMessages::POIManagerComponentClientFacet_ReceiveDebugSnapshot	3257	COMMUNITY_REPORTED		CATALOG_NO_GETTER	2	0x143BC7A8A->0x146162150;0x143BC7A92->0x143BE6D00
0x143BC7EB6	0x143BC7E70	0x143BC7EFD	0x1426EF4B0	PROVIDER_UUID_CORRELATED	9132AF2C-C093-4ABA-8CD9-CC7A58487A3D	Javelin::RandomSeedInfo	2827	COMMUNITY_REPORTED		CATALOG_NO_GETTER	2	0x143BC7E7A->0x146162150;0x143BC7E82->0x1426EF4B0
0x143BC8386	0x143BC8340	0x143BC83CD	0x143BE7300	PROVIDER_UUID_CORRELATED	459E81AC-2266-436B-A9B9-85C7C897EEA1	Javelin::Spawner::ClientMessages::PointSpawnerComponentServerFacet_ToggleDebugRender	3988	COMMUNITY_REPORTED		CATALOG_NO_GETTER	2	0x143BC834A->0x146162150;0x143BC8352->0x143BE7300
0x143BF91A6	0x143BF9160	0x143BF91ED	0x143C10680	PROVIDER_UUID_CORRELATED	A6E7F2A8-6E87-42E1-9C5F-FCE8E9F2F5AB	Javelin::SpawnBoostingParameter	3744	COMMUNITY_REPORTED		CATALOG_NO_GETTER	2	0x143BF916A->0x146162150;0x143BF9172->0x143C10680
0x143BF9386	0x143BF9340	0x143BF93CD	0x143C10C80	PROVIDER_UUID_CORRELATED	BE3332FA-B4D9-4832-BCCA-A75DC4F889D2	MB::SpawnerComponentReplicatedState	4005	COMMUNITY_REPORTED		CATALOG_NO_GETTER	2	0x143BF934A->0x146162150;0x143BF9352->0x143C10C80
0x143BFB7D6	0x143BFB790	0x143BFB81D	0x143C10A80	PROVIDER_UUID_CORRELATED	41F1151F-CB10-4F45-BC77-C7CB593A690C	Javelin::Spawner::ClientMessages::SpawnerComponentClientFacet_SyncDebugData	5000	COMMUNITY_REPORTED		CATALOG_NO_GETTER	2	0x143BFB79A->0x146162150;0x143BFB7A2->0x143C10A80
0x143BFB9A6	0x143BFB960	0x143BFB9ED	0x143C11680	PROVIDER_UUID_CORRELATED	1EEC0510-2402-4369-8859-80BBBF6BBC07	Javelin::Spawner::ClientMessages::SpawnerComponentServerFacet_DebugSpawn	770	COMMUNITY_REPORTED		CATALOG_NO_GETTER	2	0x143BFB96A->0x146162150;0x143BFB972->0x143C11680
0x143BFBA56	0x143BFBA10	0x143BFBA9D	0x143C10E80	PROVIDER_UUID_CORRELATED	BEA98F48-CF76-482A-934A-46307BD9B7EF	Javelin::Spawner::ClientMessages::SpawnerComponentServerFacet_AliasDebugSpawn	2713	COMMUNITY_REPORTED		CATALOG_NO_GETTER	2	0x143BFBA1A->0x146162150;0x143BFBA22->0x143C10E80
0x143BFBB06	0x143BFBAC0	0x143BFBB4D	0x143C11A80	PROVIDER_UUID_CORRELATED	C186ECE3-877F-4A1D-9390-A7EB11CE6BF2	Javelin::Spawner::ClientMessages::SpawnerComponentServerFacet_RemoveAllSpawns	612	COMMUNITY_REPORTED	0x143C11A80	CATALOG_GETTER_MATCH	2	0x143BFBACA->0x146162150;0x143BFBAD2->0x143C11A80
0x143BFBBB6	0x143BFBB70	0x143BFBBFD	0x143C11E80	PROVIDER_UUID_CORRELATED	BE34F14D-27D2-477C-AFF0-C9D1BEBF8F9D	Javelin::Spawner::ClientMessages::SpawnerComponentServerFacet_ToggleDebugRender	4003	COMMUNITY_REPORTED		CATALOG_NO_GETTER	2	0x143BFBB7A->0x146162150;0x143BFBB82->0x143C11E80
0x143BFBC66	0x143BFBC20	0x143BFBCAD	0x143C11280	PROVIDER_UUID_CORRELATED	B3358D8D-69B9-4746-9E05-4433962CC20E	Javelin::Spawner::ClientMessages::SpawnerComponentServerFacet_DebugEnableSpawner	796	COMMUNITY_REPORTED		CATALOG_NO_GETTER	2	0x143BFBC2A->0x146162150;0x143BFBC32->0x143C11280
0x143BFBD16	0x143BFBCD0	0x143BFBD5D	0x143C11C80	PROVIDER_UUID_CORRELATED	D5DA55C2-116E-4530-A0A8-04420F1F84FA	Javelin::Spawner::ClientMessages::SpawnerComponentServerFacet_SetGridSpawnLevel	4004	COMMUNITY_REPORTED		CATALOG_NO_GETTER	2	0x143BFBCDA->0x146162150;0x143BFBCE2->0x143C11C80
0x143BFBF36	0x143BFBEF0	0x143BFBF7D	0x143C11880	PROVIDER_UUID_CORRELATED	9F8740F3-1CFA-49DE-AE49-953708456BB6	Javelin::Spawner::ClientMessages::SpawnerComponentServerFacet_RefreshSpawners	1254	COMMUNITY_REPORTED		CATALOG_NO_GETTER	2	0x143BFBEFA->0x146162150;0x143BFBF02->0x143C11880
0x143BFBFE6	0x143BFBFA0	0x143BFC02D	0x143C11480	PROVIDER_UUID_CORRELATED	32369B90-64A0-47FC-A33E-9047FAED72EA	Javelin::Spawner::ClientMessages::SpawnerComponentServerFacet_DebugSetSelfAsAILocationRestrictedSpawnData	6820	COMMUNITY_REPORTED		CATALOG_NO_GETTER	2	0x143BFBFAA->0x146162150;0x143BFBFB2->0x143C11480
0x143BFC196	0x143BFC150	0x143BFC1DD	0x143C11080	PROVIDER_UUID_CORRELATED	593A601B-8343-42F5-A782-D38568C0124B	Javelin::Spawner::ClientMessages::SpawnerComponentServerFacet_DebugDisableAILocationRestrictedSpawning	6821	COMMUNITY_REPORTED		CATALOG_NO_GETTER	2	0x143BFC15A->0x146162150;0x143BFC162->0x143C11080
0x143C1D166	0x143C1D120	0x143C1D1AD	0x143C2F0E0	PROVIDER_UUID_CORRELATED	E315ABBE-0473-4A50-8FCE-6C68F182B721	Javelin::Spawner::ClientMessages::AreaSpawnerComponentServerFacet_ToggleDebugRender	4013	COMMUNITY_REPORTED		CATALOG_NO_GETTER	2	0x143C1D12A->0x146162150;0x143C1D132->0x143C2F0E0
0x143C1D216	0x143C1D1D0	0x143C1D25D	0x143C2EAE0	PROVIDER_UUID_CORRELATED	08416303-DAC7-49DE-ABA2-37B14920A01E	Javelin::Spawner::ClientMessages::AreaSpawnerComponentServerFacet_DebugUpdateLiveCount	4014	COMMUNITY_REPORTED		CATALOG_NO_GETTER	2	0x143C1D1DA->0x146162150;0x143C1D1E2->0x143C2EAE0
0x143C1D2C6	0x143C1D280	0x143C1D30D	0x143C2ECE0	PROVIDER_UUID_CORRELATED	093FFBAD-0655-4647-95B4-F573A7091702	Javelin::Spawner::ClientMessages::AreaSpawnerComponentServerFacet_DebugUpdateRespawnTime	1381	COMMUNITY_REPORTED		CATALOG_NO_GETTER	2	0x143C1D28A->0x146162150;0x143C1D292->0x143C2ECE0
0x143C1D376	0x143C1D330	0x143C1D3BD	0x143C2E8E0	PROVIDER_UUID_CORRELATED	E139AA9F-B906-41DC-A285-F335DA00B6C2	Javelin::Spawner::ClientMessages::AreaSpawnerComponentServerFacet_DebugResetRespawnTime	4015	COMMUNITY_REPORTED		CATALOG_NO_GETTER	2	0x143C1D33A->0x146162150;0x143C1D342->0x143C2E8E0
0x143C1E376	0x143C1E330	0x143C1E3BD	0x142717C10	PROVIDER_UUID_CORRELATED	C4A4174B-F1A9-4DCB-B806-9DF938A12298	Javelin::Spawner::SpawnerTagParameter	3554	COMMUNITY_REPORTED		CATALOG_NO_GETTER	2	0x143C1E33A->0x146162150;0x143C1E342->0x142717C10
0x143C1E426	0x143C1E3E0	0x143C1E46D	0x143C10880	PROVIDER_UUID_CORRELATED	8F19539D-EFDF-4447-A30A-7F402076D396	Javelin::SpawnPriorityParameter	4008	COMMUNITY_REPORTED		CATALOG_NO_GETTER	2	0x143C1E3EA->0x146162150;0x143C1E3F2->0x143C10880
0x143C1E4D6	0x143C1E490	0x143C1E51D	0x142717E10	PROVIDER_UUID_CORRELATED	2744314D-4065-4E69-A6E2-3C46FDBCBDE6	Javelin::TargetAgentParameter	4009	COMMUNITY_REPORTED		CATALOG_NO_GETTER	2	0x143C1E49A->0x146162150;0x143C1E4A2->0x142717E10
0x143C20596	0x143C20550	0x143C205DD	0x143C2E4E0	PROVIDER_UUID_CORRELATED	111C8847-F584-43AC-BA37-A967A1B1C35A	Javelin::Spawner::ClientMessages::AreaSpawnerComponentClientFacet_InitialDebugInfo	4010	COMMUNITY_REPORTED		CATALOG_NO_GETTER	2	0x143C2055A->0x146162150;0x143C20562->0x143C2E4E0
0x143C20646	0x143C20600	0x143C2068D	0x143C2E6E0	PROVIDER_UUID_CORRELATED	31654258-6338-4A7D-A1E6-655893BB9986	Javelin::Spawner::ClientMessages::AreaSpawnerComponentClientFacet_SyncDebugInfo	2225	COMMUNITY_REPORTED		CATALOG_NO_GETTER	2	0x143C2060A->0x146162150;0x143C20612->0x143C2E6E0
0x143C208D6	0x143C20890	0x143C2091D	0x143C2EEE0	PROVIDER_UUID_CORRELATED	80321189-E4E0-46F5-B15F-43B804E9F59F	Javelin::Spawner::ClientMessages::AreaSpawnerComponentServerFacet_RegisterClientForDebug	4012	COMMUNITY_REPORTED		CATALOG_NO_GETTER	2	0x143C2089A->0x146162150;0x143C208A2->0x143C2EEE0
0x143C20AF6	0x143C20AB0	0x143C20B3D	0x143C2F2E0	PROVIDER_UUID_CORRELATED	AC90AC4F-CD25-47A3-9052-6D717C8465E7	Javelin::Spawner::ClientMessages::AreaSpawnerComponentServerFacet_UnregisterClientForDebug	2471	COMMUNITY_REPORTED		CATALOG_NO_GETTER	2	0x143C20ABA->0x146162150;0x143C20AC2->0x143C2F2E0
0x143C37356	0x143C37310	0x143C3739D	0x143BE6B00	PROVIDER_UUID_CORRELATED	F77FB8A0-4215-4696-8C2A-9DBBB7F463DC	Javelin::ISpawnCountListener	4027	COMMUNITY_REPORTED		CATALOG_NO_GETTER	2	0x143C3731A->0x146162150;0x143C37322->0x143BE6B00
0x143C39C76	0x143C39C30	0x143C39CBD	0x143C49B80	PROVIDER_UUID_CORRELATED	85BE7584-52F6-475D-A8D7-2B60CCBC57A0	Javelin::ISpawnCapListener	4023	COMMUNITY_REPORTED		CATALOG_NO_GETTER	2	0x143C39C3A->0x146162150;0x143C39C42->0x143C49B80
0x143C39E36	0x143C39DF0	0x143C39E7D	0x143C10480	PROVIDER_UUID_CORRELATED	EBEA7F24-AD7D-4C0E-9DCB-D87153C06188	Javelin::ISpawnCapManager	4026	COMMUNITY_REPORTED		CATALOG_NO_GETTER	2	0x143C39DFA->0x146162150;0x143C39E02->0x143C10480
0x143C52D86	0x143C52D40	0x143C52DCD	0x143C69990	PROVIDER_UUID_CORRELATED	82D603B0-1745-4920-88FB-B4FD2B9DCC1A	Javelin::SpawnCapInstantiationParameter	2959	COMMUNITY_REPORTED		CATALOG_NO_GETTER	2	0x143C52D4A->0x146162150;0x143C52D52->0x143C69990
0x143C55236	0x143C551F0	0x143C5527D	0x143C69790	PROVIDER_UUID_CORRELATED	74E80361-E25B-439A-90EE-18C8BE302A93	Javelin::Spawner::NavReceiverPathingComponentDelegate	4030	COMMUNITY_REPORTED		CATALOG_NO_GETTER	2	0x143C551FA->0x146162150;0x143C55202->0x143C69790
0x143C728D6	0x143C72890	0x143C7291D	0x1425D43A0	PROVIDER_UUID_CORRELATED	08289416-4FBE-4A77-A3AF-D15E7DA22F21	Javelin::Spawner::MinionVitalsParameter	4031	COMMUNITY_REPORTED		CATALOG_NO_GETTER	2	0x143C7289A->0x146162150;0x143C728A2->0x1425D43A0
0x143C74A26	0x143C749E0	0x143C74A6D	0x143141490	PROVIDER_UUID_CORRELATED	9D67767B-B089-4AF6-973E-931363F20A7A	Javelin::Spawner::InvasionLaneParameter	2493	COMMUNITY_REPORTED		CATALOG_NO_GETTER	2	0x143C749EA->0x146162150;0x143C749F2->0x143141490
0x143C74DE6	0x143C74DA0	0x143C74E2D	0x143C86ED0	PROVIDER_UUID_CORRELATED	E1EAD29B-FA69-44C8-82CE-4D83835BE709	Javelin::Spawner::ClientMessages::PointLocationComponentClientFacet_SyncDebugData	5608	COMMUNITY_REPORTED		CATALOG_NO_GETTER	2	0x143C74DAA->0x146162150;0x143C74DB2->0x143C86ED0
0x143C8EA96	0x143C8EA50	0x143C8EADD	0x143CB39A0	PROVIDER_UUID_CORRELATED	6A1E7561-67BC-4CF1-8867-2A5D9B7C1A2F	Javelin::ClientMessages::CategoricalProgressionComponentServerFacet_DebugClearCategoricalProgression	2161	COMMUNITY_REPORTED		CATALOG_NO_GETTER	2	0x143C8EA5A->0x146162150;0x143C8EA62->0x143CB39A0
0x143C8EB46	0x143C8EB00	0x143C8EB8D	0x143CB4DA0	PROVIDER_UUID_CORRELATED	6EA13299-3F40-4542-ADDA-CB1FE5EAE37E	Javelin::ClientMessages::CategoricalProgressionComponentServerFacet_DebugModifyProgression	4032	COMMUNITY_REPORTED		CATALOG_NO_GETTER	2	0x143C8EB0A->0x146162150;0x143C8EB12->0x143CB4DA0
0x143C8EBF6	0x143C8EBB0	0x143C8EC3D	0x143CB4FA0	PROVIDER_UUID_CORRELATED	ED7B2D2E-35CB-4525-825F-069D7EF68745	Javelin::ClientMessages::CategoricalProgressionComponentServerFacet_DebugPurchaseRankIncrease	2996	COMMUNITY_REPORTED		CATALOG_NO_GETTER	2	0x143C8EBBA->0x146162150;0x143C8EBC2->0x143CB4FA0
0x143C8EE66	0x143C8EE20	0x143C8EEAD	0x143CB51A0	PROVIDER_UUID_CORRELATED	B885A495-20D1-4933-B8A8-53ACD08909A2	Javelin::ClientMessages::CategoricalProgressionComponentServerFacet_DebugSetProgressionRank	43	COMMUNITY_REPORTED		CATALOG_NO_GETTER	2	0x143C8EE2A->0x146162150;0x143C8EE32->0x143CB51A0
0x143C8F2E6	0x143C8F2A0	0x143C8F32D	0x143CB49A0	PROVIDER_UUID_CORRELATED	112518AB-C034-4E57-A17B-3A79798DB327	Javelin::ClientMessages::CategoricalProgressionComponentServerFacet_DebugMaxTradeskills	2981	COMMUNITY_REPORTED		CATALOG_NO_GETTER	2	0x143C8F2AA->0x146162150;0x143C8F2B2->0x143CB49A0
0x143C8F396	0x143C8F350	0x143C8F3DD	0x143CB47A0	PROVIDER_UUID_CORRELATED	6E24E240-DB36-447B-829A-FB5CDB69B292	Javelin::ClientMessages::CategoricalProgressionComponentServerFacet_DebugMaxTerritoryStanding	4033	COMMUNITY_REPORTED		CATALOG_NO_GETTER	2	0x143C8F35A->0x146162150;0x143C8F362->0x143CB47A0
0x143C8F646	0x143C8F600	0x143C8F68D	0x143CB4BA0	PROVIDER_UUID_CORRELATED	8899CB2A-27FE-436E-938E-C3A05962B5A0	Javelin::ClientMessages::CategoricalProgressionComponentServerFacet_DebugMaxWeaponMastery	4034	COMMUNITY_REPORTED		CATALOG_NO_GETTER	2	0x143C8F60A->0x146162150;0x143C8F612->0x143CB4BA0
0x143C8F866	0x143C8F820	0x143C8F8AD	0x143CB41A0	PROVIDER_UUID_CORRELATED	BF72FCAD-3A10-4F61-8C1C-6D3B3B5B3814	Javelin::ClientMessages::CategoricalProgressionComponentServerFacet_DebugMaxFactionStanding	3344	COMMUNITY_REPORTED		CATALOG_NO_GETTER	2	0x143C8F82A->0x146162150;0x143C8F832->0x143CB41A0
0x143C8F916	0x143C8F8D0	0x143C8F95D	0x143CB3DA0	PROVIDER_UUID_CORRELATED	2EB80FC9-590A-4F21-98AA-1CC5C757324C	Javelin::ClientMessages::CategoricalProgressionComponentServerFacet_DebugMaxAllFactionStanding	5297	COMMUNITY_REPORTED		CATALOG_NO_GETTER	2	0x143C8F8DA->0x146162150;0x143C8F8E2->0x143CB3DA0
0x143C8F9C6	0x143C8F980	0x143C8FA0D	0x143CB45A0	PROVIDER_UUID_CORRELATED	30AC2A00-6AA8-4C24-8B92-7A21581BD793	Javelin::ClientMessages::CategoricalProgressionComponentServerFacet_DebugMaxRepairParts	2158	COMMUNITY_REPORTED		CATALOG_NO_GETTER	2	0x143C8F98A->0x146162150;0x143C8F992->0x143CB45A0
0x143C8FC46	0x143C8FC00	0x143C8FC8D	0x143CB3FA0	PROVIDER_UUID_CORRELATED	DBCF184C-9DF0-4C1C-BA04-487A5355483F	Javelin::ClientMessages::CategoricalProgressionComponentServerFacet_DebugMaxAllProgression	4035	COMMUNITY_REPORTED		CATALOG_NO_GETTER	2	0x143C8FC0A->0x146162150;0x143C8FC12->0x143CB3FA0
0x143C8FD06	0x143C8FCC0	0x143C8FD4D	0x143CB3BA0	PROVIDER_UUID_CORRELATED	B86250EF-3426-42D1-860D-E15E27570AC8	Javelin::ClientMessages::CategoricalProgressionComponentServerFacet_DebugClearProgression	5370	COMMUNITY_REPORTED		CATALOG_NO_GETTER	2	0x143C8FCCA->0x146162150;0x143C8FCD2->0x143CB3BA0
0x143C8FE86	0x143C8FE40	0x143C8FECD	0x143CB43A0	PROVIDER_UUID_CORRELATED	5C4D6F95-CBE6-4A86-B2CD-CC6BFDF0EBEC	Javelin::ClientMessages::CategoricalProgressionComponentServerFacet_DebugMaxOrClearAffinityProgressions	6952	COMMUNITY_REPORTED		CATALOG_NO_GETTER	2	0x143C8FE4A->0x146162150;0x143C8FE52->0x143CB43A0
0x143C901E6	0x143C901A0	0x143C9022D	0x143CB53A0	PROVIDER_UUID_CORRELATED	27D22A1E-BC9B-480D-925E-92567C073558	Javelin::ClientMessages::CategoricalProgressionComponentServerFacet_DebugWritePersistenceToFile	6080	COMMUNITY_REPORTED		CATALOG_NO_GETTER	2	0x143C901AA->0x146162150;0x143C901B2->0x143CB53A0
0x143C90B36	0x143C90AF0	0x143C90B7D	0x143CB59A0	PROVIDER_UUID_CORRELATED	63CA7CBB-53AE-4FDE-A618-80C47137DFA9	Javelin::GraphBasedSpawnerParam	7005	COMMUNITY_REPORTED		CATALOG_NO_GETTER	2	0x143C90AFA->0x146162150;0x143C90B02->0x143CB59A0
0x143C91896	0x143C91850	0x143C918DD	0x143CB57A0	PROVIDER_UUID_CORRELATED	AADFF090-E7A9-46F4-86EB-CBAC0884480E	Javelin::ClientMessages::GraphBasedSpawnNodeComponentClientFacet_SyncDebugData	7010	COMMUNITY_REPORTED		CATALOG_NO_GETTER	2	0x143C9185A->0x146162150;0x143C91862->0x143CB57A0
0x143C93066	0x143C93020	0x143C930AD	0x143C69390	PROVIDER_UUID_CORRELATED	CDE31239-F4DD-46EB-A7BF-3F4551227FF2	Javelin::IGraphBaseSpawnerRemoteInterface	7011	COMMUNITY_REPORTED		CATALOG_NO_GETTER	2	0x143C9302A->0x146162150;0x143C93032->0x143C69390
0x143C93336	0x143C932F0	0x143C9337D	0x143CB5BA0	PROVIDER_UUID_CORRELATED	96F65EE9-FDA7-4875-B038-9439EF56D15D	Javelin::IGraphBaseSpawnNodeRemoteInterface	7009	COMMUNITY_REPORTED		CATALOG_NO_GETTER	2	0x143C932FA->0x146162150;0x143C93302->0x143CB5BA0
0x143C93F16	0x143C93ED0	0x143C93F5D	0x143CB55A0	PROVIDER_UUID_CORRELATED	9D621862-D7F9-44B0-9A64-E3ED8A154AE1	MB::CategoricalProgressionReplicatedState	911	COMMUNITY_REPORTED		CATALOG_NO_GETTER	2	0x143C93EDA->0x146162150;0x143C93EE2->0x143CB55A0
0x143CC7516	0x143CC74D0	0x143CC755D	0x143CEFA40	PROVIDER_UUID_CORRELATED	44CE1A0F-17B5-4C9A-A611-A3EA41A49B94	Javelin::ClientMessages::ProgressionPointComponentServerFacet_DebugRefundPoints	4038	COMMUNITY_REPORTED		CATALOG_NO_GETTER	2	0x143CC74DA->0x146162150;0x143CC74E2->0x143CEFA40
0x143CC7886	0x143CC7840	0x143CC78CD	0x143CEF640	PROVIDER_UUID_CORRELATED	121CE2F5-B8A9-400E-887F-50A95653AE36	Javelin::ClientMessages::ProgressionPointComponentServerFacet_DebugClearPointsAndPools	4039	COMMUNITY_REPORTED		CATALOG_NO_GETTER	2	0x143CC784A->0x146162150;0x143CC7852->0x143CEF640
0x143CC7936	0x143CC78F0	0x143CC797D	0x143CEFE40	PROVIDER_UUID_CORRELATED	F7C03503-A706-45B4-9A59-E5F323A47E86	Javelin::ClientMessages::ProgressionPointComponentServerFacet_RequestRefundPoints	1914	COMMUNITY_REPORTED		CATALOG_NO_GETTER	2	0x143CC78FA->0x146162150;0x143CC7902->0x143CEFE40
0x143CC79E6	0x143CC79A0	0x143CC7A2D	0x143CEFC40	PROVIDER_UUID_CORRELATED	A7FC561A-C36F-44CC-96EB-803FE849FD99	Javelin::ClientMessages::ProgressionPointComponentServerFacet_RequestAssignPoolPoints	1112	COMMUNITY_REPORTED		CATALOG_NO_GETTER	2	0x143CC79AA->0x146162150;0x143CC79B2->0x143CEFC40
0x143CC7A96	0x143CC7A50	0x143CC7ADD	0x143CF0040	PROVIDER_UUID_CORRELATED	30BC9366-58FC-4D78-9DDC-7CB119BCA7AF	Javelin::ClientMessages::ProgressionPointComponentServerFacet_RequestSpendTerritoryStandingPoint	4040	COMMUNITY_REPORTED		CATALOG_NO_GETTER	2	0x143CC7A5A->0x146162150;0x143CC7A62->0x143CF0040
0x143CCA486	0x143CCA440	0x143CCA4CD	0x143CF0240	PROVIDER_UUID_CORRELATED	F7B56641-F8C3-41A9-83B2-13AC4F9843F9	MB::ProgressionPointReplicatedState	3681	COMMUNITY_REPORTED		CATALOG_NO_GETTER	2	0x143CCA44A->0x146162150;0x143CCA452->0x143CF0240
0x143CCA976	0x143CCA930	0x143CCA9BD	0x143CEEC40	PROVIDER_UUID_CORRELATED	8D313816-4431-4D5B-A1C8-FC8BEC991613	Javelin::ClientMessages::ProgressionComponentServerFacet_Debug_ModifyExp	2855	COMMUNITY_REPORTED		CATALOG_NO_GETTER	2	0x143CCA93A->0x146162150;0x143CCA942->0x143CEEC40
0x143CCAA26	0x143CCA9E0	0x143CCAA6D	0x143CEEE40	PROVIDER_UUID_CORRELATED	0E6EF1CD-C1BF-4858-B851-6D044B04D2FA	Javelin::ClientMessages::ProgressionComponentServerFacet_Debug_SetPlayerLevel	3342	COMMUNITY_REPORTED		CATALOG_NO_GETTER	2	0x143CCA9EA->0x146162150;0x143CCA9F2->0x143CEEE40
0x143CCAAD6	0x143CCAA90	0x143CCAB1D	0x143CED640	PROVIDER_UUID_CORRELATED	D08B4FDF-1757-4FBD-89BC-A37F6B2DA399	Javelin::ClientMessages::PlayerQuickCourseComponentClientFacet_OnQuickCourseEnded	6065	COMMUNITY_REPORTED		CATALOG_NO_GETTER	2	0x143CCAA9A->0x146162150;0x143CCAAA2->0x143CED640
0x143CCABF6	0x143CCABB0	0x143CCAC3D	0x143CEE840	PROVIDER_UUID_CORRELATED	5BBD613B-2C0C-45BF-9E70-E9F8DE334541	Javelin::ClientMessages::ProgressionComponentServerFacet_Debug_ClearExperience	4037	COMMUNITY_REPORTED		CATALOG_NO_GETTER	2	0x143CCABBA->0x146162150;0x143CCABC2->0x143CEE840
0x143CCACA6	0x143CCAC60	0x143CCACED	0x143CED840	PROVIDER_UUID_CORRELATED	BFD29758-57F8-40BA-B601-4CFDAC7DB317	Javelin::ClientMessages::PlayerQuickCourseComponentClientFacet_OnSecondTimedQuickCourseAttempted	6081	COMMUNITY_REPORTED		CATALOG_NO_GETTER	2	0x143CCAC6A->0x146162150;0x143CCAC72->0x143CED840
0x143CCAF36	0x143CCAEF0	0x143CCAF7D	0x143CEEA40	PROVIDER_UUID_CORRELATED	1644D91D-570E-4A84-88F3-9E48274EEE54	Javelin::ClientMessages::ProgressionComponentServerFacet_Debug_ClearRestedExp	392	COMMUNITY_REPORTED		CATALOG_NO_GETTER	2	0x143CCAEFA->0x146162150;0x143CCAF02->0x143CEEA40
0x143CCB026	0x143CCAFE0	0x143CCB06D	0x143CEDA40	PROVIDER_UUID_CORRELATED	DE6D758F-07E4-44EC-A1E8-2940B68A7263	Javelin::ClientMessages::PlayerQuickCourseComponentClientFacet_OnTeleportRequestDeclined	6290	COMMUNITY_REPORTED		CATALOG_NO_GETTER	2	0x143CCAFEA->0x146162150;0x143CCAFF2->0x143CEDA40
0x143CCB186	0x143CCB140	0x143CCB1CD	0x143CEE640	PROVIDER_UUID_CORRELATED	7E30B6E4-9E02-4914-92BA-913D12DA54CD	Javelin::ClientMessages::ProgressionComponentServerFacet_ComputeRestedExp	1047	COMMUNITY_REPORTED		CATALOG_NO_GETTER	2	0x143CCB14A->0x146162150;0x143CCB152->0x143CEE640
0x143CCB2A6	0x143CCB260	0x143CCB2ED	0x143CEE040	PROVIDER_UUID_CORRELATED	01DBC335-ABC3-41E8-A3E5-FD0003365C6D	Javelin::ClientMessages::PlayerQuickCourseComponentServerFacet_ClientRequestTeleportToQuickCourseStart	6308	COMMUNITY_REPORTED		CATALOG_NO_GETTER	2	0x143CCB26A->0x146162150;0x143CCB272->0x143CEE040
0x143CCB606	0x143CCB5C0	0x143CCB64D	0x143CEDE40	PROVIDER_UUID_CORRELATED	4DE26FF8-09ED-45B6-B842-2D4F3DAE5781	Javelin::ClientMessages::PlayerQuickCourseComponentServerFacet_ClientCancelOrCompleteTeleportToQuickCourseStart	6309	COMMUNITY_REPORTED		CATALOG_NO_GETTER	2	0x143CCB5CA->0x146162150;0x143CCB5D2->0x143CEDE40
0x143CCB826	0x143CCB7E0	0x143CCB86D	0x143CEE240	PROVIDER_UUID_CORRELATED	B5AB3A1B-FE6D-4691-8D08-598D1135816E	Javelin::ClientMessages::PlayerQuickCourseComponentServerFacet_DebugRequestForceProgression	6104	COMMUNITY_REPORTED		CATALOG_NO_GETTER	2	0x143CCB7EA->0x146162150;0x143CCB7F2->0x143CEE240
0x143CCCDA6	0x143CCCD60	0x143CCCDED	0x143CEDC40	PROVIDER_UUID_CORRELATED	EF51125A-D6D1-47A3-9924-BD00460ED911	MB::PlayerQuickCourseComponentReplicatedState	6044	COMMUNITY_REPORTED		CATALOG_NO_GETTER	2	0x143CCCD6A->0x146162150;0x143CCCD72->0x143CEDC40
0x143CCD0E6	0x143CCD0A0	0x143CCD12D	0x143CEE440	PROVIDER_UUID_CORRELATED	3529CE4B-E0EF-40C5-AF11-5165DA637303	MB::ProgressionComponentReplicatedState	899	COMMUNITY_REPORTED		CATALOG_NO_GETTER	2	0x143CCD0AA->0x146162150;0x143CCD0B2->0x143CEE440
0x143CCDA76	0x143CCDA30	0x143CCDABD	0x143CEF840	PROVIDER_UUID_CORRELATED	429BAECB-D80D-4A56-B8DE-FF9F0075A999	Javelin::ClientMessages::ProgressionPointComponentServerFacet_DebugRefundAllPoolPoints	33	COMMUNITY_REPORTED		CATALOG_NO_GETTER	2	0x143CCDA3A->0x146162150;0x143CCDA42->0x143CEF840
0x143CCDC26	0x143CCDBE0	0x143CCDC6D	0x143CEF240	PROVIDER_UUID_CORRELATED	B692D3F1-1D6C-4A02-9B11-02E88C356F7C	Javelin::ClientMessages::ProgressionPointComponentServerFacet_DebugAddPoolPoints	1490	COMMUNITY_REPORTED		CATALOG_NO_GETTER	2	0x143CCDBEA->0x146162150;0x143CCDBF2->0x143CEF240
0x143CCDD76	0x143CCDD30	0x143CCDDBD	0x143CEF040	PROVIDER_UUID_CORRELATED	3E4D687D-F78E-4D38-B863-5E70D7366B75	Javelin::ClientMessages::ProgressionPointComponentServerFacet_DebugAddPoints	3520	COMMUNITY_REPORTED		CATALOG_NO_GETTER	2	0x143CCDD3A->0x146162150;0x143CCDD42->0x143CEF040
0x143CCDEF6	0x143CCDEB0	0x143CCDF3D	0x143CEF440	PROVIDER_UUID_CORRELATED	6BB1741B-F31D-4DF9-BC0F-BB8688BEB01A	Javelin::ClientMessages::ProgressionPointComponentServerFacet_DebugAssignPoolPoints	593	COMMUNITY_REPORTED		CATALOG_NO_GETTER	2	0x143CCDEBA->0x146162150;0x143CCDEC2->0x143CEF440
0x143D08886	0x143D08840	0x143D088CD	0x143D52610	PROVIDER_UUID_CORRELATED	B5BD2239-8B23-4ADB-92C2-555F9C953413	Javelin::ClientMessages::RaidSetupComponentClientFacet_OnReceivedRaidIDs	4041	COMMUNITY_REPORTED		CATALOG_NO_GETTER	2	0x143D0884A->0x146162150;0x143D08852->0x143D52610
0x143D08936	0x143D088F0	0x143D0897D	0x143D52810	PROVIDER_UUID_CORRELATED	D3B4CA8A-40FC-429E-BE3F-9D4ADC6A47E2	Javelin::ClientMessages::RaidSetupComponentServerFacet_DEBUG_ClearLists	4055	COMMUNITY_REPORTED		CATALOG_NO_GETTER	2	0x143D088FA->0x146162150;0x143D08902->0x143D52810
0x143D08BC6	0x143D08B80	0x143D08C0D	0x143D52C10	PROVIDER_UUID_CORRELATED	1ABCE553-D622-4B98-8EE6-D5415D8BF344	Javelin::ClientMessages::RaidSetupComponentServerFacet_DEBUG_SendInvites	4056	COMMUNITY_REPORTED		CATALOG_NO_GETTER	2	0x143D08B8A->0x146162150;0x143D08B92->0x143D52C10
0x143D08C76	0x143D08C30	0x143D08CBD	0x143D52A10	PROVIDER_UUID_CORRELATED	07D13364-5FDF-4F8C-ACB7-C29D7BC73564	Javelin::ClientMessages::RaidSetupComponentServerFacet_DEBUG_GetRaidIDs	1393	COMMUNITY_REPORTED		CATALOG_NO_GETTER	2	0x143D08C3A->0x146162150;0x143D08C42->0x143D52A10
0x143D6F976	0x143D6F930	0x143D6F9BD	0x143D83A40	PROVIDER_UUID_CORRELATED	BC490294-C3C2-41E0-8366-0406DC3262C3	Javelin::ClientMessages::SeasonsRewardsComponentServerFacet_ActivitiesRequestNewCard	5647	COMMUNITY_REPORTED		CATALOG_NO_GETTER	2	0x143D6F93A->0x146162150;0x143D6F942->0x143D83A40
0x143D6FA26	0x143D6F9E0	0x143D6FA6D	0x143D84040	PROVIDER_UUID_CORRELATED	04E0A9CC-FD1E-4877-8CBE-630BAD9EE35C	Javelin::ClientMessages::SeasonsRewardsComponentServerFacet_ActivitiesRequestStampSquare	5645	COMMUNITY_REPORTED		CATALOG_NO_GETTER	2	0x143D6F9EA->0x146162150;0x143D6F9F2->0x143D84040
0x143D6FB46	0x143D6FB00	0x143D6FB8D	0x143D83E40	PROVIDER_UUID_CORRELATED	76B7E51F-436E-4091-914A-2B6B10A1FAB3	Javelin::ClientMessages::SeasonsRewardsComponentServerFacet_ActivitiesRequestReroll	5648	COMMUNITY_REPORTED		CATALOG_NO_GETTER	2	0x143D6FB0A->0x146162150;0x143D6FB12->0x143D83E40
0x143D6FD66	0x143D6FD20	0x143D6FDAD	0x143D83C40	PROVIDER_UUID_CORRELATED	5BED0DAF-D89C-40B1-AA35-20F49A297BAC	Javelin::ClientMessages::SeasonsRewardsComponentServerFacet_ActivitiesRequestNewCardDEBUG	5586	COMMUNITY_REPORTED		CATALOG_NO_GETTER	2	0x143D6FD2A->0x146162150;0x143D6FD32->0x143D83C40
0x143D6FE16	0x143D6FDD0	0x143D6FE5D	0x143D84240	PROVIDER_UUID_CORRELATED	004DE0DB-9555-42AC-9041-21803582FFA7	Javelin::ClientMessages::SeasonsRewardsComponentServerFacet_ActivitiesRequestStampSquareDEBUG	5587	COMMUNITY_REPORTED		CATALOG_NO_GETTER	2	0x143D6FDDA->0x146162150;0x143D6FDE2->0x143D84240
0x143D6FEC6	0x143D6FE80	0x143D6FF0D	0x143D84440	PROVIDER_UUID_CORRELATED	B08CDEFB-CE8E-4835-91BB-A8F9FC0FB6AC	Javelin::ClientMessages::SeasonsRewardsComponentServerFacet_ActivitiesRerollTasksDEBUG	5630	COMMUNITY_REPORTED		CATALOG_NO_GETTER	2	0x143D6FE8A->0x146162150;0x143D6FE92->0x143D84440
0x143D6FF76	0x143D6FF30	0x143D6FFBD	0x143D84640	PROVIDER_UUID_CORRELATED	2DD1E667-09A5-41B6-B570-6A23A4D568C7	Javelin::ClientMessages::SeasonsRewardsComponentServerFacet_ActivitiesRerollTasksForFreeDEBUG	5707	COMMUNITY_REPORTED		CATALOG_NO_GETTER	2	0x143D6FF3A->0x146162150;0x143D6FF42->0x143D84640
0x143D70026	0x143D6FFE0	0x143D7006D	0x143D84840	PROVIDER_UUID_CORRELATED	618541DF-926F-4251-916A-6948EE575C0C	Javelin::ClientMessages::SeasonsRewardsComponentServerFacet_ActivitiesResetPersistenceDEBUG	5668	COMMUNITY_REPORTED		CATALOG_NO_GETTER	2	0x143D6FFEA->0x146162150;0x143D6FFF2->0x143D84840
0x143D700D6	0x143D70090	0x143D7011D	0x143D83840	PROVIDER_UUID_CORRELATED	D2F3D4B7-E5B1-4BFC-B1A4-EE74D4477E67	Javelin::ClientMessages::SeasonsRewardsComponentServerFacet_ActivitiesAddWildStampsDEBUG	6091	COMMUNITY_REPORTED		CATALOG_NO_GETTER	2	0x143D7009A->0x146162150;0x143D700A2->0x143D83840
0x143D701D6	0x143D70190	0x143D7021D	0x143D84A40	PROVIDER_UUID_CORRELATED	51F8383E-997B-41D0-877A-603CEF0A3463	Javelin::ClientMessages::SeasonsRewardsComponentServerFacet_ActivitiesResetWildStampsDEBUG	6092	COMMUNITY_REPORTED		CATALOG_NO_GETTER	2	0x143D7019A->0x146162150;0x143D701A2->0x143D84A40
0x143D703F6	0x143D703B0	0x143D7043D	0x143D84C40	PROVIDER_UUID_CORRELATED	B85440A1-8C37-4406-BA7E-A3FAE15EAF19	Javelin::ClientMessages::SeasonsRewardsComponentServerFacet_ActivitiesSetWildStampRolloverDEBUG	6089	COMMUNITY_REPORTED		CATALOG_NO_GETTER	2	0x143D703BA->0x146162150;0x143D703C2->0x143D84C40
0x143D704A6	0x143D70460	0x143D704ED	0x143D83640	PROVIDER_UUID_CORRELATED	7234ED83-3F5F-443A-A9A2-64EBA3353C19	Javelin::ClientMessages::SeasonsRewardsComponentClientFacet_OnActivitiesStampResponse	5686	COMMUNITY_REPORTED		CATALOG_NO_GETTER	2	0x143D7046A->0x146162150;0x143D70472->0x143D83640
0x143D70556	0x143D70510	0x143D7059D	0x143D83240	PROVIDER_UUID_CORRELATED	E44E46C5-2257-4DCF-ACD4-D31624B0CDD2	Javelin::ClientMessages::SeasonsRewardsComponentClientFacet_OnActivitiesNewCardResponse	5687	COMMUNITY_REPORTED		CATALOG_NO_GETTER	2	0x143D7051A->0x146162150;0x143D70522->0x143D83240
0x143D707D6	0x143D70790	0x143D7081D	0x143D83440	PROVIDER_UUID_CORRELATED	FF7CCC51-B644-4ED6-AE1E-E8E69EC0C330	Javelin::ClientMessages::SeasonsRewardsComponentClientFacet_OnActivitiesRerollResponse	5688	COMMUNITY_REPORTED		CATALOG_NO_GETTER	2	0x143D7079A->0x146162150;0x143D707A2->0x143D83440
0x143D8EBB6	0x143D8EB70	0x143D8EBFD	0x143DB5C60	PROVIDER_UUID_CORRELATED	CE8E1554-F799-4525-BB75-8E6AF1EBDE5C	Javelin::ClientMessages::SeasonsRewardsComponentServerFacet_DEBUG_ResetJourneyTasks	5609	COMMUNITY_REPORTED		CATALOG_NO_GETTER	2	0x143D8EB7A->0x146162150;0x143D8EB82->0x143DB5C60
0x143D8ED56	0x143D8ED10	0x143D8ED9D	0x143DB3A60	PROVIDER_UUID_CORRELATED	B109DCAE-E9A2-4E07-AAF0-BD1267F46D3E	Javelin::ClientMessages::SeasonsRewardsComponentServerFacet_DEBUG_FinishChapterTasks	5672	COMMUNITY_REPORTED		CATALOG_NO_GETTER	2	0x143D8ED1A->0x146162150;0x143D8ED22->0x143DB3A60
0x143D8EFE6	0x143D8EFA0	0x143D8F02D	0x143DB3C60	PROVIDER_UUID_CORRELATED	FC797AE0-A03D-4F8F-A001-0A95C39977B5	Javelin::ClientMessages::SeasonsRewardsComponentServerFacet_DEBUG_FinishJourneyTasks	5675	COMMUNITY_REPORTED		CATALOG_NO_GETTER	2	0x143D8EFAA->0x146162150;0x143D8EFB2->0x143DB3C60
0x143D8F206	0x143D8F1C0	0x143D8F24D	0x143DB3860	PROVIDER_UUID_CORRELATED	B58033E9-2005-4ACC-B9F1-FA95CA8111EA	Javelin::ClientMessages::SeasonsRewardsComponentServerFacet_DEBUG_AddTaskProgress	5631	COMMUNITY_REPORTED		CATALOG_NO_GETTER	2	0x143D8F1CA->0x146162150;0x143D8F1D2->0x143DB3860
0x143D8F3C6	0x143D8F380	0x143D8F40D	0x143DB3660	PROVIDER_UUID_CORRELATED	8582DC55-4342-40AE-993B-8EFFCA7CDA57	Javelin::ClientMessages::SeasonsRewardsComponentServerFacet_DEBUG_AddAllTaskProgress	5703	COMMUNITY_REPORTED		CATALOG_NO_GETTER	2	0x143D8F38A->0x146162150;0x143D8F392->0x143DB3660
0x143D8FE46	0x143D8FE00	0x143D8FE8D	0x143DB6260	PROVIDER_UUID_CORRELATED	A18C7B82-DE1E-4BCA-9852-A6F1372FBFF7	Javelin::SeasonsRewardsReplicatedState	5485	COMMUNITY_REPORTED		CATALOG_NO_GETTER	2	0x143D8FE0A->0x146162150;0x143D8FE12->0x143DB6260
0x143D900A6	0x143D90060	0x143D900ED	0x143DB2E60	PROVIDER_UUID_CORRELATED	F2701FDE-0D67-4C99-9C65-8E52F77C6FD3	Javelin::ClientMessages::SeasonsRewardsComponentClientFacet_OnLevelPurchased	5708	COMMUNITY_REPORTED		CATALOG_NO_GETTER	2	0x143D9006A->0x146162150;0x143D90072->0x143DB2E60
0x143D90226	0x143D901E0	0x143D9026D	0x143DB4E60	PROVIDER_UUID_CORRELATED	87525898-92D9-4534-B5BF-D3DCBCD69561	Javelin::ClientMessages::SeasonsRewardsComponentServerFacet_DEBUG_RequestAddSeasonsXP	5984	COMMUNITY_REPORTED		CATALOG_NO_GETTER	2	0x143D901EA->0x146162150;0x143D901F2->0x143DB4E60
0x143D915D6	0x143D91590	0x143D9161D	0x143DB6060	PROVIDER_UUID_CORRELATED	E0545A72-A073-4B79-8EA1-02E2131CA440	Javelin::ClientMessages::SeasonsRewardsComponentServerFacet_RequestRedeemSeasonsReward	5611	COMMUNITY_REPORTED		CATALOG_NO_GETTER	2	0x143D9159A->0x146162150;0x143D915A2->0x143DB6060
0x143D918C6	0x143D91880	0x143D9190D	0x143DB5A60	PROVIDER_UUID_CORRELATED	F322536D-6FA6-4A1B-B1C4-1A2FC56D9E50	Javelin::ClientMessages::SeasonsRewardsComponentServerFacet_DEBUG_ResetAllTrackedStats	5674	COMMUNITY_REPORTED		CATALOG_NO_GETTER	2	0x143D9188A->0x146162150;0x143D91892->0x143DB5A60
0x143D91BC6	0x143D91B80	0x143D91C0D	0x143DB5260	PROVIDER_UUID_CORRELATED	D0BFCE18-AE5D-4EA3-B96D-684A9D0F6C17	Javelin::ClientMessages::SeasonsRewardsComponentServerFacet_DEBUG_RequestPurchaseLevel	5704	COMMUNITY_REPORTED		CATALOG_NO_GETTER	2	0x143D91B8A->0x146162150;0x143D91B92->0x143DB5260
0x143D91E16	0x143D91DD0	0x143D91E5D	0x143DB5060	PROVIDER_UUID_CORRELATED	56C47C32-8D79-4105-A01B-66F17950A2A6	Javelin::ClientMessages::SeasonsRewardsComponentServerFacet_DEBUG_RequestBuyPremium	5705	COMMUNITY_REPORTED		CATALOG_NO_GETTER	2	0x143D91DDA->0x146162150;0x143D91DE2->0x143DB5060
0x143D91F96	0x143D91F50	0x143D91FDD	0x143DB5860	PROVIDER_UUID_CORRELATED	7DB7DCDB-F654-43F7-9DD5-9A2D1750242A	Javelin::ClientMessages::SeasonsRewardsComponentServerFacet_DEBUG_RequestUpdateAccountXp	5711	COMMUNITY_REPORTED		CATALOG_NO_GETTER	2	0x143D91F5A->0x146162150;0x143D91F62->0x143DB5860
0x143D92096	0x143D92050	0x143D920DD	0x143DB5E60	PROVIDER_UUID_CORRELATED	C430A839-7E90-4101-9CF2-279D3B396AF3	Javelin::ClientMessages::SeasonsRewardsComponentServerFacet_DEBUG_ResetSeasonsPersistence	5724	COMMUNITY_REPORTED		CATALOG_NO_GETTER	2	0x143D9205A->0x146162150;0x143D92062->0x143DB5E60
0x143D92516	0x143D924D0	0x143D9255D	0x143DB5660	PROVIDER_UUID_CORRELATED	420A7444-FF73-47F5-A5AC-707B833A1C65	Javelin::ClientMessages::SeasonsRewardsComponentServerFacet_DEBUG_RequestSeasonsReport	5864	COMMUNITY_REPORTED		CATALOG_NO_GETTER	2	0x143D924DA->0x146162150;0x143D924E2->0x143DB5660
0x143D926B6	0x143D92670	0x143D926FD	0x143DB4460	PROVIDER_UUID_CORRELATED	D12ECB8C-00C0-41C9-89BB-EAA0696BFDFD	Javelin::ClientMessages::SeasonsRewardsComponentServerFacet_DEBUG_IMGUICrashEntitlementInit	5995	COMMUNITY_REPORTED		CATALOG_NO_GETTER	2	0x143D9267A->0x146162150;0x143D92682->0x143DB4460
0x143D92846	0x143D92800	0x143D9288D	0x143DB4260	PROVIDER_UUID_CORRELATED	D96CBA82-692E-4080-A349-922005DFDB51	Javelin::ClientMessages::SeasonsRewardsComponentServerFacet_DEBUG_IMGUICrashEntitlementConfirm	5994	COMMUNITY_REPORTED		CATALOG_NO_GETTER	2	0x143D9280A->0x146162150;0x143D92812->0x143DB4260
0x143D92AE6	0x143D92AA0	0x143D92B2D	0x143DB4A60	PROVIDER_UUID_CORRELATED	DF87C0AF-87B4-4CC3-A50C-DB51CD38FABC	Javelin::ClientMessages::SeasonsRewardsComponentServerFacet_DEBUG_IMGUICrashTransactionPrepare	5996	COMMUNITY_REPORTED		CATALOG_NO_GETTER	2	0x143D92AAA->0x146162150;0x143D92AB2->0x143DB4A60
0x143D92D06	0x143D92CC0	0x143D92D4D	0x143DB4860	PROVIDER_UUID_CORRELATED	DA22D6AE-C4E4-4F8F-AF48-187366570B66	Javelin::ClientMessages::SeasonsRewardsComponentServerFacet_DEBUG_IMGUICrashTransactionCommit	5997	COMMUNITY_REPORTED		CATALOG_NO_GETTER	2	0x143D92CCA->0x146162150;0x143D92CD2->0x143DB4860
0x143D92EA6	0x143D92E60	0x143D92EED	0x143DB3E60	PROVIDER_UUID_CORRELATED	54416E3D-4B3F-4A4C-A8B7-1893CF6B1B42	Javelin::ClientMessages::SeasonsRewardsComponentServerFacet_DEBUG_IMGUIAlwaysAbortTransaction	6023	COMMUNITY_REPORTED		CATALOG_NO_GETTER	2	0x143D92E6A->0x146162150;0x143D92E72->0x143DB3E60
0x143D92F56	0x143D92F10	0x143D92F9D	0x143DB4660	PROVIDER_UUID_CORRELATED	FDD9C20C-2D58-4277-AC1D-B161EC518A89	Javelin::ClientMessages::SeasonsRewardsComponentServerFacet_DEBUG_IMGUICrashPrepareSocialBroker	6050	COMMUNITY_REPORTED		CATALOG_NO_GETTER	2	0x143D92F1A->0x146162150;0x143D92F22->0x143DB4660
0x143D934E6	0x143D934A0	0x143D9352D	0x143DB4060	PROVIDER_UUID_CORRELATED	242F57A2-AB9B-499B-9CF3-7B0A2F552037	Javelin::ClientMessages::SeasonsRewardsComponentServerFacet_DEBUG_IMGUICrashCommitSocialBroker	6047	COMMUNITY_REPORTED		CATALOG_NO_GETTER	2	0x143D934AA->0x146162150;0x143D934B2->0x143DB4060
0x143D93596	0x143D93550	0x143D935DD	0x143DB4C60	PROVIDER_UUID_CORRELATED	3EE551E4-23CC-4724-963C-4E70E355A99D	Javelin::ClientMessages::SeasonsRewardsComponentServerFacet_DEBUG_IMGUISetEscrowBit	6320	COMMUNITY_REPORTED		CATALOG_NO_GETTER	2	0x143D9355A->0x146162150;0x143D93562->0x143DB4C60
0x143D93666	0x143D93620	0x143D936AD	0x143DB2C60	PROVIDER_UUID_CORRELATED	CBD09862-AB2F-4205-B935-891FF74F9053	Javelin::ClientMessages::SeasonsRewardsComponentClientFacet_DEBUG_OnRequestUpdateAccountXp	5714	COMMUNITY_REPORTED		CATALOG_NO_GETTER	2	0x143D9362A->0x146162150;0x143D93632->0x143DB2C60
0x143D93866	0x143D93820	0x143D938AD	0x143DB5460	PROVIDER_UUID_CORRELATED	81FBE4C5-10EE-45F0-B64E-2FDB0322C2C9	Javelin::ClientMessages::SeasonsRewardsComponentServerFacet_DEBUG_RequestResetFirstCharacterConnectTime	6669	COMMUNITY_REPORTED		CATALOG_NO_GETTER	2	0x143D9382A->0x146162150;0x143D93832->0x143DB5460
0x143D93916	0x143D938D0	0x143D9395D	0x143DB3460	PROVIDER_UUID_CORRELATED	D701BC1C-E895-41F0-982A-C1BCE0469F55	Javelin::ClientMessages::SeasonsRewardsComponentClientFacet_OnRedeemSeasonsRewardResponse	5629	COMMUNITY_REPORTED		CATALOG_NO_GETTER	2	0x143D938DA->0x146162150;0x143D938E2->0x143DB3460
0x143D939C6	0x143D93980	0x143D93A0D	0x143DB3060	PROVIDER_UUID_CORRELATED	BBA46B53-0E4D-4833-9037-08D35FAE08EC	Javelin::ClientMessages::SeasonsRewardsComponentClientFacet_OnReceivedClearSeasonsResponse	5722	COMMUNITY_REPORTED		CATALOG_NO_GETTER	2	0x143D9398A->0x146162150;0x143D93992->0x143DB3060
0x143D93A76	0x143D93A30	0x143D93ABD	0x143DB3260	PROVIDER_UUID_CORRELATED	3B8985CF-4F73-4D05-8BDE-BA1656C79688	Javelin::ClientMessages::SeasonsRewardsComponentClientFacet_OnReceivedSeasonsReport	5869	COMMUNITY_REPORTED		CATALOG_NO_GETTER	2	0x143D93A3A->0x146162150;0x143D93A42->0x143DB3260
0x143D93C96	0x143D93C50	0x143D93CDD	0x143DB2A60	PROVIDER_UUID_CORRELATED	8000A304-AFB7-4DF0-9E63-7201FC15E758	Javelin::ClientMessages::SeasonsRewardsComponentClientFacet_DEBUG_OnPremiumStatusChanged	5806	COMMUNITY_REPORTED		CATALOG_NO_GETTER	2	0x143D93C5A->0x146162150;0x143D93C62->0x143DB2A60
0x143DC6FB6	0x143DC6F70	0x143DC6FFD	0x143DD9F90	PROVIDER_UUID_CORRELATED	6F5CFE10-D60C-43C7-9C7A-2050B66DFABE	Javelin::SeasonsRewardsTrackedStatReplicatedState	5606	COMMUNITY_REPORTED		CATALOG_NO_GETTER	2	0x143DC6F7A->0x146162150;0x143DC6F82->0x143DD9F90
0x143DDFC26	0x143DDFBE0	0x143DDFC6D	0x143DF86C0	PROVIDER_UUID_CORRELATED	F1723EF1-902F-42BE-9A46-5BDECE020C41	Javelin::ClientMessages::CapturePointComponentClientFacet_OnSiegeBegan	4062	COMMUNITY_REPORTED		CATALOG_NO_GETTER	2	0x143DDFBEA->0x146162150;0x143DDFBF2->0x143DF86C0
0x143DDFED6	0x143DDFE90	0x143DDFF1D	0x143DFA8C0	PROVIDER_UUID_CORRELATED	155430BC-5F82-4743-9B3F-880D50EC3CE8	Javelin::TaskSeasonsObjectiveTask	6082	COMMUNITY_REPORTED		CATALOG_NO_GETTER	2	0x143DDFE9A->0x146162150;0x143DDFEA2->0x143DFA8C0
0x143DDFF86	0x143DDFF40	0x143DDFFCD	0x143DF88C0	PROVIDER_UUID_CORRELATED	859B47DA-A83C-407E-957A-D0FB086B4A1B	Javelin::ClientMessages::CapturePointComponentClientFacet_OnSiegeEnded	4063	COMMUNITY_REPORTED		CATALOG_NO_GETTER	2	0x143DDFF4A->0x146162150;0x143DDFF52->0x143DF88C0
0x143DE0106	0x143DE00C0	0x143DE014D	0x143DF96C0	PROVIDER_UUID_CORRELATED	8FAC9885-664B-4A6E-979D-458D0E014B3F	Javelin::ClientMessages::CapturePointComponentServerFacet_DEBUG_Unlock	3952	COMMUNITY_REPORTED		CATALOG_NO_GETTER	2	0x143DE00CA->0x146162150;0x143DE00D2->0x143DF96C0
0x143DE0376	0x143DE0330	0x143DE03BD	0x143DF94C0	PROVIDER_UUID_CORRELATED	4084DC35-B02F-40E9-BBC1-DA45544C5E03	Javelin::ClientMessages::CapturePointComponentServerFacet_DEBUG_SetCapturePointFlag	5836	COMMUNITY_REPORTED		CATALOG_NO_GETTER	2	0x143DE033A->0x146162150;0x143DE0342->0x143DF94C0
0x143DE0636	0x143DE05F0	0x143DE067D	0x143DF8AC0	PROVIDER_UUID_CORRELATED	D325D8C9-122B-4DE6-8F2A-ACFD286F3D53	Javelin::ClientMessages::CapturePointComponentServerFacet_DEBUG_CaptureForAttackers	1411	COMMUNITY_REPORTED		CATALOG_NO_GETTER	2	0x143DE05FA->0x146162150;0x143DE0602->0x143DF8AC0
0x143DE09C6	0x143DE0980	0x143DE0A0D	0x143DF8CC0	PROVIDER_UUID_CORRELATED	39C4470E-55A9-425C-83CB-8E84EACE50A4	Javelin::ClientMessages::CapturePointComponentServerFacet_DEBUG_CaptureForDefenders	3704	COMMUNITY_REPORTED		CATALOG_NO_GETTER	2	0x143DE098A->0x146162150;0x143DE0992->0x143DF8CC0
0x143DE0EB6	0x143DE0E70	0x143DE0EFD	0x143DF8EC0	PROVIDER_UUID_CORRELATED	440CB936-F47E-4C4C-B64A-1B427ACA933F	Javelin::ClientMessages::CapturePointComponentServerFacet_DEBUG_CaptureForFaction1	3811	COMMUNITY_REPORTED		CATALOG_NO_GETTER	2	0x143DE0E7A->0x146162150;0x143DE0E82->0x143DF8EC0
0x143DE0FA6	0x143DE0F60	0x143DE0FED	0x143DF90C0	PROVIDER_UUID_CORRELATED	603AAA9C-0534-4CE8-8AA4-B3852ADE25FD	Javelin::ClientMessages::CapturePointComponentServerFacet_DEBUG_CaptureForFaction2	4064	COMMUNITY_REPORTED		CATALOG_NO_GETTER	2	0x143DE0F6A->0x146162150;0x143DE0F72->0x143DF90C0
0x143DE1246	0x143DE1200	0x143DE128D	0x143DF92C0	PROVIDER_UUID_CORRELATED	4A402823-829D-400F-9CED-6C7FA03915D4	Javelin::ClientMessages::CapturePointComponentServerFacet_DEBUG_CaptureForFaction3	4065	COMMUNITY_REPORTED		CATALOG_NO_GETTER	2	0x143DE120A->0x146162150;0x143DE1212->0x143DF92C0
0x143DE2CF6	0x143DE2CB0	0x143DE2D3D	0x143DFA6C0	PROVIDER_UUID_CORRELATED	D01315EF-D3FE-44DC-B6FD-E63EF3483E72	Javelin::ClientMessages::ServerTransferComponentServerFacet_RequestTransferCharacter	3122	COMMUNITY_REPORTED		CATALOG_NO_GETTER	2	0x143DE2CBA->0x146162150;0x143DE2CC2->0x143DFA6C0
0x143DE2DA6	0x143DE2D60	0x143DE2DED	0x143DF9AC0	PROVIDER_UUID_CORRELATED	8F69A863-30A9-48BA-852D-DD14AF3D2EE7	Javelin::ClientMessages::ServerTransferComponentClientFacet_OnTransferCharacterResponse	1186	COMMUNITY_REPORTED		CATALOG_NO_GETTER	2	0x143DE2D6A->0x146162150;0x143DE2D72->0x143DF9AC0
0x143DE3036	0x143DE2FF0	0x143DE307D	0x143DF9CC0	PROVIDER_UUID_CORRELATED	AD761F7C-58BB-45F0-BB2E-4E0CEFA0084F	Javelin::ClientMessages::ServerTransferComponentServerFacet_ClientFinalizeCharacterTransfer	4931	COMMUNITY_REPORTED		CATALOG_NO_GETTER	2	0x143DE2FFA->0x146162150;0x143DE3002->0x143DF9CC0
0x143DE30E6	0x143DE30A0	0x143DE312D	0x143DF9EC0	PROVIDER_UUID_CORRELATED	3390C5B1-9CF1-4219-963E-4EB9349435CB	Javelin::ClientMessages::ServerTransferComponentServerFacet_DebugCheckTransferRequirementsOnServer	5261	COMMUNITY_REPORTED		CATALOG_NO_GETTER	2	0x143DE30AA->0x146162150;0x143DE30B2->0x143DF9EC0
0x143DE3196	0x143DE3150	0x143DE31DD	0x143DF98C0	PROVIDER_UUID_CORRELATED	AB31D882-2AAA-4482-AF46-C09ADBF44625	Javelin::ClientMessages::ServerTransferComponentClientFacet_DebugReceiveServerTransferRequirementErrors	5258	COMMUNITY_REPORTED		CATALOG_NO_GETTER	2	0x143DE315A->0x146162150;0x143DE3162->0x143DF98C0
0x143DE3246	0x143DE3200	0x143DE328D	0x143DFA0C0	PROVIDER_UUID_CORRELATED	01BB788D-5980-4F70-ACB8-FB7D43CAABB3	Javelin::ClientMessages::ServerTransferComponentServerFacet_DebugCleanupCharacterForTransfer	5262	COMMUNITY_REPORTED		CATALOG_NO_GETTER	2	0x143DE320A->0x146162150;0x143DE3212->0x143DFA0C0
0x143DE3346	0x143DE3300	0x143DE338D	0x143DFA2C0	PROVIDER_UUID_CORRELATED	D4EABAB2-DEE8-44B4-B8D6-42AC6B6A36A6	Javelin::ClientMessages::ServerTransferComponentServerFacet_DebugClearTransferCooldownByCharacterId	6815	COMMUNITY_REPORTED		CATALOG_NO_GETTER	2	0x143DE330A->0x146162150;0x143DE3312->0x143DFA2C0
0x143DE3566	0x143DE3520	0x143DE35AD	0x143DFA4C0	PROVIDER_UUID_CORRELATED	2AFEFA16-F6BE-4CAC-ADC3-5213C6C71F58	Javelin::ClientMessages::ServerTransferComponentServerFacet_DebugClearTransferCooldownByPersonaId	6816	COMMUNITY_REPORTED		CATALOG_NO_GETTER	2	0x143DE352A->0x146162150;0x143DE3532->0x143DFA4C0
0x143E05466	0x143E05420	0x143E054AD	0x143E14C10	PROVIDER_UUID_CORRELATED	1C9F052F-B0DB-4466-9ED1-681D34DA4452	Javelin::CapturePointReplicatedState	333	COMMUNITY_REPORTED		CATALOG_NO_GETTER	2	0x143E0542A->0x146162150;0x143E05432->0x143E14C10
0x143E05516	0x143E054D0	0x143E0555D	0x143E14E10	PROVIDER_UUID_CORRELATED	7B883BA2-DFE0-4678-B5FB-C732FD10B7D7	Javelin::CapturePointReplicatedState_ColdData	4066	COMMUNITY_REPORTED		CATALOG_NO_GETTER	2	0x143E054DA->0x146162150;0x143E054E2->0x143E14E10
0x143E055C6	0x143E05580	0x143E0560D	0x143E15010	PROVIDER_UUID_CORRELATED	F41F38CD-C181-48CB-A59D-C722C835555C	Javelin::CapturePointReplicatedState_HotData	4068	COMMUNITY_REPORTED		CATALOG_NO_GETTER	2	0x143E0558A->0x146162150;0x143E05592->0x143E15010
0x143E05D36	0x143E05CF0	0x143E05D7D	0x143E15210	PROVIDER_UUID_CORRELATED	543064A1-C031-482B-9393-EED696639704	Javelin::ClientMessages::DestroyOnSiegeWarfareComponentServerFacet_DEBUG_TestOnSiegeBegan	4069	COMMUNITY_REPORTED		CATALOG_NO_GETTER	2	0x143E05CFA->0x146162150;0x143E05D02->0x143E15210
0x143E05F16	0x143E05ED0	0x143E05F5D	0x143E15410	PROVIDER_UUID_CORRELATED	0DE9D9A0-D8E5-4539-9B6C-A7991A732DD3	Javelin::ClientMessages::DestroyOnSiegeWarfareComponentServerFacet_DEBUG_TestOnSiegeEnded	4070	COMMUNITY_REPORTED		CATALOG_NO_GETTER	2	0x143E05EDA->0x146162150;0x143E05EE2->0x143E15410
0x143E06776	0x143E06730	0x143E067BD	0x143E15610	PROVIDER_UUID_CORRELATED	D08BCA20-206E-4979-9061-7616AF8F55D9	Javelin::FortRefMessageHandler	4071	COMMUNITY_REPORTED		CATALOG_NO_GETTER	2	0x143E0673A->0x146162150;0x143E06742->0x143E15610
0x143E1C3D6	0x143E1C390	0x143E1C41D	0x143E2B7C0	PROVIDER_UUID_CORRELATED	0229CC25-90EB-436C-8148-8219DB97EF92	Javelin::InitialCapturePointData	4072	COMMUNITY_REPORTED		CATALOG_NO_GETTER	2	0x143E1C39A->0x146162150;0x143E1C3A2->0x143E2B7C0
0x143E1C486	0x143E1C440	0x143E1C4CD	0x1434EE080	PROVIDER_UUID_CORRELATED	6ECEC0DE-175D-4533-AE7A-A4E9A0A38058	Javelin::InitialFortSpawnData	3677	COMMUNITY_REPORTED		CATALOG_NO_GETTER	2	0x143E1C44A->0x146162150;0x143E1C452->0x1434EE080
0x143E1C536	0x143E1C4F0	0x143E1C57D	0x143E2B9C0	PROVIDER_UUID_CORRELATED	47C4EF93-F367-41F9-9E20-9E058B6D0B87	Javelin::InitialSiegeData	4073	COMMUNITY_REPORTED		CATALOG_NO_GETTER	2	0x143E1C4FA->0x146162150;0x143E1C502->0x143E2B9C0
0x143E1C5E6	0x143E1C5A0	0x143E1C62D	0x1427FB640	PROVIDER_UUID_CORRELATED	D33E3BDA-62AF-43AD-9ABD-F607B193B6AE	Javelin::ISiegeWarfareDataMessageHandler	615	COMMUNITY_REPORTED		CATALOG_NO_GETTER	2	0x143E1C5AA->0x146162150;0x143E1C5B2->0x1427FB640
0x143E1C8E6	0x143E1C8A0	0x143E1C92D	0x1433E6090	PROVIDER_UUID_CORRELATED	DEA2EBF2-D318-4DCC-8C29-5B244D785507	Javelin::ISiegeWarfareMessageHandler	2061	COMMUNITY_REPORTED		CATALOG_NO_GETTER	2	0x143E1C8AA->0x146162150;0x143E1C8B2->0x1433E6090
0x143E1CA76	0x143E1CA30	0x143E1CABD	0x143E2C1C0	PROVIDER_UUID_CORRELATED	F8550C88-DA0A-4D68-B02B-03DFC7EF4C3C	Javelin::SiegeWarfareRemoteListener	3872	COMMUNITY_REPORTED		CATALOG_NO_GETTER	2	0x143E1CA3A->0x146162150;0x143E1CA42->0x143E2C1C0
0x143E1CB26	0x143E1CAE0	0x143E1CB6D	0x143E2BDC0	PROVIDER_UUID_CORRELATED	ECAD8FF5-7CC7-4F9B-9FF1-2529C35CAF03	Javelin::ClientMessages::SiegeWarfareComponentServerFacet_DEBUG_SetFortSpawnSettlementProgressionCategoryOverride	4090	COMMUNITY_REPORTED		CATALOG_NO_GETTER	2	0x143E1CAEA->0x146162150;0x143E1CAF2->0x143E2BDC0
0x143E1CCD6	0x143E1CC90	0x143E1CD1D	0x143E2BBC0	PROVIDER_UUID_CORRELATED	DD5EFA87-FE0C-4BEA-8528-B033ED76CFDB	Javelin::ClientMessages::SiegeWarfareComponentServerFacet_DEBUG_ResetFortSpawn	1230	COMMUNITY_REPORTED		CATALOG_NO_GETTER	2	0x143E1CC9A->0x146162150;0x143E1CCA2->0x143E2BBC0
0x143E1CF46	0x143E1CF00	0x143E1CF8D	0x143E2BFC0	PROVIDER_UUID_CORRELATED	848F2B88-9635-4CDA-9005-8680213AEF76	Javelin::ClientMessages::SiegeWarfareComponentServerFacet_DEBUG_SetFortSpawnVulnerability	4091	COMMUNITY_REPORTED		CATALOG_NO_GETTER	2	0x143E1CF0A->0x146162150;0x143E1CF12->0x143E2BFC0
0x143E361E6	0x143E361A0	0x143E3622D	0x143E4B870	PROVIDER_UUID_CORRELATED	7F64D124-1353-4088-ADE2-10C5690C26F8	Javelin::SiegeWarfareDataComponentServerMessages	1693	COMMUNITY_REPORTED		CATALOG_NO_GETTER	2	0x143E361AA->0x146162150;0x143E361B2->0x143E4B870
0x143E36916	0x143E368D0	0x143E3695D	0x143E4BA70	PROVIDER_UUID_CORRELATED	F421ABB9-B5B6-470A-9F66-6B1D725CF6E8	MB::SiegeWarfareDataReplicatedState	4103	COMMUNITY_REPORTED		CATALOG_NO_GETTER	2	0x143E368DA->0x146162150;0x143E368E2->0x143E4BA70
0x143E36FB6	0x143E36F70	0x143E36FFD	0x143E4BC70	PROVIDER_UUID_CORRELATED	6B45E173-4BCA-4D84-B9A1-B94E902765A6	Javelin::ClientMessages::SiegeWarfareVulnerableComponentServerFacet_DEBUG_TestOnSiegeBegan	620	COMMUNITY_REPORTED		CATALOG_NO_GETTER	2	0x143E36F7A->0x146162150;0x143E36F82->0x143E4BC70
0x143E37066	0x143E37020	0x143E370AD	0x143E4BE70	PROVIDER_UUID_CORRELATED	7B28055F-ED23-4BD6-9584-CDDDF01D2D64	Javelin::ClientMessages::SiegeWarfareVulnerableComponentServerFacet_DEBUG_TestOnSiegeEnded	4105	COMMUNITY_REPORTED		CATALOG_NO_GETTER	2	0x143E3702A->0x146162150;0x143E37032->0x143E4BE70
0x143E5AB76	0x143E5AB30	0x143E5ABBD	0x143E7AA00	PROVIDER_UUID_CORRELATED	E0AD49AA-479B-4001-B848-A641CE6A186B	Javelin::ClientMessages::ChatComponentServerFacet_SendChatErrorMessageToOther	3359	COMMUNITY_REPORTED		CATALOG_NO_GETTER	2	0x143E5AB3A->0x146162150;0x143E5AB42->0x143E7AA00
0x143E5AD86	0x143E5AD40	0x143E5ADCD	0x143E7A000	PROVIDER_UUID_CORRELATED	553D5DFD-098F-45E2-8752-5C07D28F5196	Javelin::ClientMessages::ChatComponentServerFacet_DebugRequestCrossWorldChatSubscriptions	5862	COMMUNITY_REPORTED		CATALOG_NO_GETTER	2	0x143E5AD4A->0x146162150;0x143E5AD52->0x143E7A000
0x143E5B046	0x143E5B000	0x143E5B08D	0x143E79200	PROVIDER_UUID_CORRELATED	FED71ECA-4635-45E7-87B0-450AB0B00BF9	Javelin::ClientMessages::ChatComponentClientFacet_OnCrossWorldChatSubscriptionsResponse	5863	COMMUNITY_REPORTED		CATALOG_NO_GETTER	2	0x143E5B00A->0x146162150;0x143E5B012->0x143E79200
0x143E5B2D6	0x143E5B290	0x143E5B31D	0x143E7B000	PROVIDER_UUID_CORRELATED	D2D7892C-A8B2-42D0-96D2-8D1B4532D79B	Javelin::ClientMessages::ChatComponentServerFacet_SetCrossplayCommunicationEnabled	6527	COMMUNITY_REPORTED		CATALOG_NO_GETTER	2	0x143E5B29A->0x146162150;0x143E5B2A2->0x143E7B000
0x143E5B386	0x143E5B340	0x143E5B3CD	0x1426C87A0	PROVIDER_UUID_CORRELATED	D9975240-57DC-48FC-A8D4-4852C4144E4E	Javelin::WarMessageHandler	4111	COMMUNITY_REPORTED		CATALOG_NO_GETTER	2	0x143E5B34A->0x146162150;0x143E5B352->0x1426C87A0
0x143E5B706	0x143E5B6C0	0x143E5B74D	0x1426EF6B0	PROVIDER_UUID_CORRELATED	39AEFDF8-AD6D-4580-A5EB-11612DF384EF	Javelin::SlayerSpawnableInstantiationParams	4724	COMMUNITY_REPORTED		CATALOG_NO_GETTER	2	0x143E5B6CA->0x146162150;0x143E5B6D2->0x1426EF6B0
0x143E5DB76	0x143E5DB30	0x143E5DBBD	0x143E7B800	PROVIDER_UUID_CORRELATED	01CEFF40-344D-4B55-9879-BA0D55C50312	MB::ChatReplicatedState	1566	COMMUNITY_REPORTED		CATALOG_NO_GETTER	2	0x143E5DB3A->0x146162150;0x143E5DB42->0x143E7B800
0x143E5FE66	0x143E5FE20	0x143E5FEAD	0x14291FA70	PROVIDER_UUID_CORRELATED	5237A7D4-C8B4-4ECC-BCF3-0F8C3570C472	Javelin::IChatComponentListener	4117	COMMUNITY_REPORTED		CATALOG_NO_GETTER	2	0x143E5FE2A->0x146162150;0x143E5FE32->0x14291FA70
0x143E5FFE6	0x143E5FFA0	0x143E6002D	0x143E79400	PROVIDER_UUID_CORRELATED	533A61D2-87DF-4BD9-B904-D2F8455426FA	Javelin::ClientMessages::ChatComponentClientFacet_ReceiveBatchedChatMessages	293	COMMUNITY_REPORTED		CATALOG_NO_GETTER	2	0x143E5FFAA->0x146162150;0x143E5FFB2->0x143E79400
0x143E60356	0x143E60310	0x143E6039D	0x143E79600	PROVIDER_UUID_CORRELATED	A76636EE-B3D3-4EF0-B6D9-28509CFE0346	Javelin::ClientMessages::ChatComponentClientFacet_ReceiveChatMessage	4118	COMMUNITY_REPORTED		CATALOG_NO_GETTER	2	0x143E6031A->0x146162150;0x143E60322->0x143E79600
0x143E604E6	0x143E604A0	0x143E6052D	0x143E79800	PROVIDER_UUID_CORRELATED	BDBC5D31-9836-4999-A7E5-117C5DC8B807	Javelin::ClientMessages::ChatComponentClientFacet_ReceiveLocalizedSystemChatMessage	1886	COMMUNITY_REPORTED		CATALOG_NO_GETTER	2	0x143E604AA->0x146162150;0x143E604B2->0x143E79800
0x143E60626	0x143E605E0	0x143E6066D	0x143E79000	PROVIDER_UUID_CORRELATED	F79D563A-CCBB-496C-8663-FE2A4195EC48	Javelin::ClientMessages::ChatComponentClientFacet_OnChatMuteSet	1866	COMMUNITY_REPORTED		CATALOG_NO_GETTER	2	0x143E605EA->0x146162150;0x143E605F2->0x143E79000
0x143E60846	0x143E60800	0x143E6088D	0x143E78E00	PROVIDER_UUID_CORRELATED	7C7ABB09-735D-4454-BB74-DD26A4D3DDBC	Javelin::ClientMessages::ChatComponentClientFacet_OnChatMuteCleared	1629	COMMUNITY_REPORTED		CATALOG_NO_GETTER	2	0x143E6080A->0x146162150;0x143E60812->0x143E78E00
0x143E60B96	0x143E60B50	0x143E60BDD	0x143E79A00	PROVIDER_UUID_CORRELATED	4B8FF2A2-0B01-4A13-9808-8EAE117AD2D9	Javelin::ClientMessages::ChatComponentServerFacet_AddSubscription	85	COMMUNITY_REPORTED		CATALOG_NO_GETTER	2	0x143E60B5A->0x146162150;0x143E60B62->0x143E79A00
0x143E60D46	0x143E60D00	0x143E60D8D	0x143E79C00	PROVIDER_UUID_CORRELATED	517E8EEE-7D8F-4B26-82CE-EE5A45028CB9	Javelin::ClientMessages::ChatComponentServerFacet_AddSubscriptions	4119	COMMUNITY_REPORTED		CATALOG_NO_GETTER	2	0x143E60D0A->0x146162150;0x143E60D12->0x143E79C00
0x143E60EC6	0x143E60E80	0x143E60F0D	0x143E7A200	PROVIDER_UUID_CORRELATED	76CAE429-C81B-4306-9A55-A03DF6D58126	Javelin::ClientMessages::ChatComponentServerFacet_RemoveSubscription	4120	COMMUNITY_REPORTED		CATALOG_NO_GETTER	2	0x143E60E8A->0x146162150;0x143E60E92->0x143E7A200
0x143E61066	0x143E61020	0x143E610AD	0x143E7AC00	PROVIDER_UUID_CORRELATED	253BA1AC-62CB-4FDC-BE39-64EFAE9DEC57	Javelin::ClientMessages::ChatComponentServerFacet_SendChatMessage	1291	COMMUNITY_REPORTED		CATALOG_NO_GETTER	2	0x143E6102A->0x146162150;0x143E61032->0x143E7AC00
0x143E611E6	0x143E611A0	0x143E6122D	0x143E7B200	PROVIDER_UUID_CORRELATED	AEFCED9B-18E0-4D3D-A252-3CBA623B4AE0	Javelin::ClientMessages::ChatComponentServerFacet_SetGmPermissions	1623	COMMUNITY_REPORTED		CATALOG_NO_GETTER	2	0x143E611AA->0x146162150;0x143E611B2->0x143E7B200
0x143E61296	0x143E61250	0x143E612DD	0x143E79E00	PROVIDER_UUID_CORRELATED	0E3B08D5-D96E-413C-9FEF-D75805B9569F	Javelin::ClientMessages::ChatComponentServerFacet_ClearGmPermissions	4121	COMMUNITY_REPORTED		CATALOG_NO_GETTER	2	0x143E6125A->0x146162150;0x143E61262->0x143E79E00
0x143E61576	0x143E61530	0x143E615BD	0x143E7A600	PROVIDER_UUID_CORRELATED	CAA36828-FCBF-4781-BB56-6C4D427D0F90	Javelin::ClientMessages::ChatComponentServerFacet_RequestSetChatMute	1015	COMMUNITY_REPORTED		CATALOG_NO_GETTER	2	0x143E6153A->0x146162150;0x143E61542->0x143E7A600
0x143E619C6	0x143E61980	0x143E61A0D	0x143E7A400	PROVIDER_UUID_CORRELATED	B7B3058B-F66D-4C97-B6D3-1BDF477FD7A5	Javelin::ClientMessages::ChatComponentServerFacet_RequestClearChatMuteFromClient	4124	COMMUNITY_REPORTED		CATALOG_NO_GETTER	2	0x143E6198A->0x146162150;0x143E61992->0x143E7A400
0x143E61AB6	0x143E61A70	0x143E61AFD	0x143E7B600	PROVIDER_UUID_CORRELATED	E3262DD9-73FA-4895-A567-1C1637574323	Javelin::ClientMessages::ChatComponentServerFacet_SetProfanityFilterEnabled	4125	COMMUNITY_REPORTED		CATALOG_NO_GETTER	2	0x143E61A7A->0x146162150;0x143E61A82->0x143E7B600
0x143E61C36	0x143E61BF0	0x143E61C7D	0x143E7B400	PROVIDER_UUID_CORRELATED	C244A8BA-60E1-405E-AF25-1EB4148FFED1	Javelin::ClientMessages::ChatComponentServerFacet_SetLanguageEnum	4126	COMMUNITY_REPORTED		CATALOG_NO_GETTER	2	0x143E61BFA->0x146162150;0x143E61C02->0x143E7B400
0x143E61D76	0x143E61D30	0x143E61DBD	0x143E7AE00	PROVIDER_UUID_CORRELATED	39D004E1-6B42-40A5-B05F-BD974D487EEC	Javelin::ClientMessages::ChatComponentServerFacet_SendChatThrottlingCommand	4127	COMMUNITY_REPORTED		CATALOG_NO_GETTER	2	0x143E61D3A->0x146162150;0x143E61D42->0x143E7AE00
0x143E62066	0x143E62020	0x143E620AD	0x143E7A800	PROVIDER_UUID_CORRELATED	D07C8999-8550-42D5-8BB1-578FDD7B091C	Javelin::ClientMessages::ChatComponentServerFacet_SendChatErrorMessage	4129	COMMUNITY_REPORTED		CATALOG_NO_GETTER	2	0x143E6202A->0x146162150;0x143E62032->0x143E7A800
0x143EA0796	0x143EA0750	0x143EA07DD	0x143EED420	PROVIDER_UUID_CORRELATED	76DF8A18-01BA-4A24-8B92-8E475B77ADDB	Javelin::ClientMessages::SocialComponentServerFacet_RequestPlayerPhaseId	6454	COMMUNITY_REPORTED		CATALOG_NO_GETTER	2	0x143EA075A->0x146162150;0x143EA0762->0x143EED420
0x143EA0E96	0x143EA0E50	0x143EA0EDD	0x143EEDA20	PROVIDER_UUID_CORRELATED	F2BDF51E-89D0-40FD-B52A-CE5A8DEB8BEB	Javelin::ClientMessages::SocialComponentServerFacet_RequestReportPlayer	1600	COMMUNITY_REPORTED		CATALOG_NO_GETTER	2	0x143EA0E5A->0x146162150;0x143EA0E62->0x143EEDA20
0x143EA1496	0x143EA1450	0x143EA14DD	0x143EEE620	PROVIDER_UUID_CORRELATED	50B2C326-AA7E-4CBC-ADE6-1E1E4AAC9A61	Javelin::ClientMessages::SocialComponentServerFacet_RequestWave	4155	COMMUNITY_REPORTED		CATALOG_NO_GETTER	2	0x143EA145A->0x146162150;0x143EA1462->0x143EEE620
0x143EA1C06	0x143EA1BC0	0x143EA1C4D	0x143EEDE20	PROVIDER_UUID_CORRELATED	86EEE359-37BC-4BF1-9841-D78AD80E9AAB	Javelin::ClientMessages::SocialComponentServerFacet_RequestSetChattingState	2507	COMMUNITY_REPORTED		CATALOG_NO_GETTER	2	0x143EA1BCA->0x146162150;0x143EA1BD2->0x143EEDE20
0x143EA1D86	0x143EA1D40	0x143EA1DCD	0x143EEC820	PROVIDER_UUID_CORRELATED	82AA0C42-D074-45D5-BD83-10CD3DB3283E	Javelin::ClientMessages::SocialComponentServerFacet_RequestFriendStatusChangeFromClient	6533	COMMUNITY_REPORTED		CATALOG_NO_GETTER	2	0x143EA1D4A->0x146162150;0x143EA1D52->0x143EEC820
0x143EA2156	0x143EA2110	0x143EA219D	0x143EED820	PROVIDER_UUID_CORRELATED	4A58D14D-D92B-403D-8BFF-AE753F661094	Javelin::ClientMessages::SocialComponentServerFacet_RequestRemoveAllFriends	4158	COMMUNITY_REPORTED		CATALOG_NO_GETTER	2	0x143EA211A->0x146162150;0x143EA2122->0x143EED820
0x143EA2616	0x143EA25D0	0x143EA265D	0x143EED620	PROVIDER_UUID_CORRELATED	0DE1804A-FC0D-4500-89B9-9BF45BFE12FC	Javelin::ClientMessages::SocialComponentServerFacet_RequestRemoveAllFriendInvites	4159	COMMUNITY_REPORTED		CATALOG_NO_GETTER	2	0x143EA25DA->0x146162150;0x143EA25E2->0x143EED620
0x143EA2B16	0x143EA2AD0	0x143EA2B5D	0x143EE8E20	PROVIDER_UUID_CORRELATED	2909AC6C-0A6B-444D-9929-A26806060936	Javelin::ClientMessages::SocialComponentServerFacet_DebugAcceptAllFriendInvites	5543	COMMUNITY_REPORTED		CATALOG_NO_GETTER	2	0x143EA2ADA->0x146162150;0x143EA2AE2->0x143EE8E20
0x143EA3566	0x143EA3520	0x143EA35AD	0x143EEC420	PROVIDER_UUID_CORRELATED	CCAF17B1-F648-409B-8617-AC6AB589A796	Javelin::ClientMessages::SocialComponentServerFacet_RequestDeclareWar	2920	COMMUNITY_REPORTED		CATALOG_NO_GETTER	2	0x143EA352A->0x146162150;0x143EA3532->0x143EEC420
0x143EA3B86	0x143EA3B40	0x143EA3BCD	0x143EE9220	PROVIDER_UUID_CORRELATED	B6022F13-6D68-489D-9518-845595C49077	Javelin::ClientMessages::SocialComponentServerFacet_DebugDeclareWar	2802	COMMUNITY_REPORTED		CATALOG_NO_GETTER	2	0x143EA3B4A->0x146162150;0x143EA3B52->0x143EE9220
0x143EA3D86	0x143EA3D40	0x143EA3DCD	0x143EEA620	PROVIDER_UUID_CORRELATED	797C1E61-C4FE-4E47-9199-40321EBCE0B7	Javelin::ClientMessages::SocialComponentServerFacet_DebugSelectWarDeclaration	4160	COMMUNITY_REPORTED		CATALOG_NO_GETTER	2	0x143EA3D4A->0x146162150;0x143EA3D52->0x143EEA620
0x143EA4146	0x143EA4100	0x143EA418D	0x143EE9020	PROVIDER_UUID_CORRELATED	BC4C86C6-F983-4924-8CEE-43CD96744B04	Javelin::ClientMessages::SocialComponentServerFacet_DebugDeclareInvasion	1482	COMMUNITY_REPORTED		CATALOG_NO_GETTER	2	0x143EA410A->0x146162150;0x143EA4112->0x143EE9020
0x143EA44C6	0x143EA4480	0x143EA450D	0x143EEC620	PROVIDER_UUID_CORRELATED	6E84E1A0-6328-4058-90E2-A2B05D4CA873	Javelin::ClientMessages::SocialComponentServerFacet_RequestEndWar	1610	COMMUNITY_REPORTED		CATALOG_NO_GETTER	2	0x143EA448A->0x146162150;0x143EA4492->0x143EEC620
0x143EA5056	0x143EA5010	0x143EA509D	0x143EEB820	PROVIDER_UUID_CORRELATED	17BCC69F-6F37-4D9B-BEAE-7B65F3B26F28	Javelin::ClientMessages::SocialComponentServerFacet_GmCancelWar	4161	COMMUNITY_REPORTED		CATALOG_NO_GETTER	2	0x143EA501A->0x146162150;0x143EA5022->0x143EEB820
0x143EA5B86	0x143EA5B40	0x143EA5BCD	0x143EE3820	PROVIDER_UUID_CORRELATED	77FF4CC1-DEBD-40C6-ADDF-86B9DEFC055A	Javelin::SocialComponentResponses::OnNamePrefixSearchResponse	2191	COMMUNITY_REPORTED		CATALOG_NO_GETTER	2	0x143EA5B4A->0x146162150;0x143EA5B52->0x143EE3820
0x143EA5C36	0x143EA5BF0	0x143EA5C7D	0x143EE9420	PROVIDER_UUID_CORRELATED	F302318A-3F16-497E-857F-BB86D0F07A87	Javelin::ClientMessages::SocialComponentServerFacet_DebugFastForwardWar	2001	COMMUNITY_REPORTED		CATALOG_NO_GETTER	2	0x143EA5BFA->0x146162150;0x143EA5C02->0x143EE9420
0x143EA6356	0x143EA6310	0x143EA639D	0x143EEB220	PROVIDER_UUID_CORRELATED	F7CA8515-0407-4E73-94E8-C88EA92AE4C0	Javelin::ClientMessages::SocialComponentServerFacet_DebugSimulateMaintenanceModeForWars	4959	COMMUNITY_REPORTED		CATALOG_NO_GETTER	2	0x143EA631A->0x146162150;0x143EA6322->0x143EEB220
0x143EA6466	0x143EA6420	0x143EA64AD	0x143EE3620	PROVIDER_UUID_CORRELATED	63DB4592-3F7E-42D4-A561-67F5A99F680E	Javelin::SocialComponentResponses::OnBlockedCharacterResponse	4131	COMMUNITY_REPORTED		CATALOG_NO_GETTER	2	0x143EA642A->0x146162150;0x143EA6432->0x143EE3620
0x143EA68B6	0x143EA6870	0x143EA68FD	0x143EE9620	PROVIDER_UUID_CORRELATED	019B25D0-A678-47F3-B51D-EFA158B93598	Javelin::ClientMessages::SocialComponentServerFacet_DebugForceEndWar	6248	COMMUNITY_REPORTED		CATALOG_NO_GETTER	2	0x143EA687A->0x146162150;0x143EA6882->0x143EE9620
0x143EA6966	0x143EA6920	0x143EA69AD	0x143EE3A20	PROVIDER_UUID_CORRELATED	007F3915-FA68-42F9-B737-14C2716F502C	Javelin::SocialComponentResponses::OnPVPActiveCharacterStillActive	5793	COMMUNITY_REPORTED		CATALOG_NO_GETTER	2	0x143EA692A->0x146162150;0x143EA6932->0x143EE3A20
0x143EA6D46	0x143EA6D00	0x143EA6D8D	0x143EEEC20	PROVIDER_UUID_CORRELATED	5499FD3E-EB51-4611-9B3D-15B7137FCF23	Javelin::ClientMessages::SocialComponentServerFacet_SetSocialBlock	2799	COMMUNITY_REPORTED		CATALOG_NO_GETTER	2	0x143EA6D0A->0x146162150;0x143EA6D12->0x143EEEC20
0x143EA6DF6	0x143EA6DB0	0x143EA6E3D	0x143EE8220	PROVIDER_UUID_CORRELATED	B1794698-4E43-4968-A9EA-C5E0A83E12A7	Javelin::ClientMessages::SocialComponentClientFacet_ReceiveDebugTitles	3405	COMMUNITY_REPORTED		CATALOG_NO_GETTER	2	0x143EA6DBA->0x146162150;0x143EA6DC2->0x143EE8220
0x143EA7206	0x143EA71C0	0x143EA724D	0x143EEC020	PROVIDER_UUID_CORRELATED	3FCF56EF-07C4-461D-9371-EF7A89F91AE1	Javelin::ClientMessages::SocialComponentServerFacet_RequestClearSocialBlock	2770	COMMUNITY_REPORTED		CATALOG_NO_GETTER	2	0x143EA71CA->0x146162150;0x143EA71D2->0x143EEC020
0x143EA7376	0x143EA7330	0x143EA73BD	0x143EE5420	PROVIDER_UUID_CORRELATED	6AAAC15E-AB42-4BBF-AE49-AAF2EDD13816	Javelin::ClientMessages::SocialComponentClientFacet_OnErrorMessage	4132	COMMUNITY_REPORTED		CATALOG_NO_GETTER	2	0x143EA733A->0x146162150;0x143EA7342->0x143EE5420
0x143EA77B6	0x143EA7770	0x143EA77FD	0x143EE8A20	PROVIDER_UUID_CORRELATED	835E9686-CCB2-4D28-819A-A452DF448EFE	Javelin::ClientMessages::SocialComponentServerFacet_ClearAllSocialBlocks	3412	COMMUNITY_REPORTED		CATALOG_NO_GETTER	2	0x143EA777A->0x146162150;0x143EA7782->0x143EE8A20
0x143EA78F6	0x143EA78B0	0x143EA793D	0x143EE6020	PROVIDER_UUID_CORRELATED	DDE05221-B8DC-4A69-B310-75D6BB3D1A28	Javelin::ClientMessages::SocialComponentClientFacet_OnPlayerNameChange	4133	COMMUNITY_REPORTED		CATALOG_NO_GETTER	2	0x143EA78BA->0x146162150;0x143EA78C2->0x143EE6020
0x143EA7C46	0x143EA7C00	0x143EA7C8D	0x143EEBC20	PROVIDER_UUID_CORRELATED	40180530-B213-4A47-BE48-F921EB8DBA05	Javelin::ClientMessages::SocialComponentServerFacet_OnBlocklistChanged	6565	COMMUNITY_REPORTED		CATALOG_NO_GETTER	2	0x143EA7C0A->0x146162150;0x143EA7C12->0x143EEBC20
0x143EA7DE6	0x143EA7DA0	0x143EA7E2D	0x143EE6220	PROVIDER_UUID_CORRELATED	C050757A-E05F-4A4C-B1AE-4AD090BDD3C9	Javelin::ClientMessages::SocialComponentClientFacet_OnPlayerOnlineStateChange	4128	COMMUNITY_REPORTED		CATALOG_NO_GETTER	2	0x143EA7DAA->0x146162150;0x143EA7DB2->0x143EE6220
0x143EA82A6	0x143EA8260	0x143EA82ED	0x143EECE20	PROVIDER_UUID_CORRELATED	9E512B0C-BEE2-4054-A2F8-88F89BB52A47	Javelin::ClientMessages::SocialComponentServerFacet_RequestKickPlayerForBannedLocation	6884	COMMUNITY_REPORTED		CATALOG_NO_GETTER	2	0x143EA826A->0x146162150;0x143EA8272->0x143EECE20
0x143EA83E6	0x143EA83A0	0x143EA842D	0x143EE7620	PROVIDER_UUID_CORRELATED	2F33F894-ABB3-4DD2-83EA-43E39D688BD3	Javelin::ClientMessages::SocialComponentClientFacet_OnWaveTimedOut	4134	COMMUNITY_REPORTED		CATALOG_NO_GETTER	2	0x143EA83AA->0x146162150;0x143EA83B2->0x143EE7620
0x143EA8806	0x143EA87C0	0x143EA884D	0x143EEBA20	PROVIDER_UUID_CORRELATED	20A255B8-237F-4603-AC88-84148529140B	Javelin::ClientMessages::SocialComponentServerFacet_JoinCharacterPhase	6386	COMMUNITY_REPORTED		CATALOG_NO_GETTER	2	0x143EA87CA->0x146162150;0x143EA87D2->0x143EEBA20
0x143EA88B6	0x143EA8870	0x143EA88FD	0x143EE4820	PROVIDER_UUID_CORRELATED	6B4DE8C9-BD05-4384-8621-71B897A2CC99	Javelin::ClientMessages::SocialComponentClientFacet_OnAlignmentUpdate	4135	COMMUNITY_REPORTED		CATALOG_NO_GETTER	2	0x143EA887A->0x146162150;0x143EA8882->0x143EE4820
0x143EA89D6	0x143EA8990	0x143EA8A1D	0x143EEEE20	PROVIDER_UUID_CORRELATED	92FE39A5-1948-4EE4-A49F-B02EA344DC57	MB::SocialReplicatedState	4176	COMMUNITY_REPORTED		CATALOG_NO_GETTER	2	0x143EA899A->0x146162150;0x143EA89A2->0x143EEEE20
0x143EA9536	0x143EA94F0	0x143EA957D	0x143EE9E20	PROVIDER_UUID_CORRELATED	AD5CFD8E-532B-484D-9493-259523D33D3C	Javelin::ClientMessages::SocialComponentServerFacet_DebugReassignPhasePvPEnabled	6513	COMMUNITY_REPORTED		CATALOG_NO_GETTER	2	0x143EA94FA->0x146162150;0x143EA9502->0x143EE9E20
0x143EA95E6	0x143EA95A0	0x143EA962D	0x143EE7220	PROVIDER_UUID_CORRELATED	2B797573-3C01-4134-9061-DAE9FCF713B2	Javelin::ClientMessages::SocialComponentClientFacet_OnWaveRequestReceived	4136	COMMUNITY_REPORTED		CATALOG_NO_GETTER	2	0x143EA95AA->0x146162150;0x143EA95B2->0x143EE7220
0x143EA9946	0x143EA9900	0x143EA998D	0x143EE3020	PROVIDER_UUID_CORRELATED	2BAF006C-DBE5-48ED-9CDF-9DAAA2726334	MB::SocialReplicatedState::ChattingStateMessageType	2004	COMMUNITY_REPORTED		CATALOG_NO_GETTER	2	0x143EA990A->0x146162150;0x143EA9912->0x143EE3020
0x143EA9DF6	0x143EA9DB0	0x143EA9E3D	0x143EE9C20	PROVIDER_UUID_CORRELATED	5A57FBCF-FFFA-4924-9772-F5CA324CBAC6	Javelin::ClientMessages::SocialComponentServerFacet_DebugNotifyEarlyRelocate	6545	COMMUNITY_REPORTED		CATALOG_NO_GETTER	2	0x143EA9DBA->0x146162150;0x143EA9DC2->0x143EE9C20
0x143EA9EC6	0x143EA9E80	0x143EA9F0D	0x143EE7420	PROVIDER_UUID_CORRELATED	43F3CE17-7240-4F6A-B834-EA8DEADCA080	Javelin::ClientMessages::SocialComponentClientFacet_OnWaveRequestSent	4137	COMMUNITY_REPORTED		CATALOG_NO_GETTER	2	0x143EA9E8A->0x146162150;0x143EA9E92->0x143EE7420
0x143EAA476	0x143EAA430	0x143EAA4BD	0x143EEE020	PROVIDER_UUID_CORRELATED	4086389E-7A5E-4E73-8B18-1ED8A0DE2EFA	Javelin::ClientMessages::SocialComponentServerFacet_RequestSetPronounType	4751	COMMUNITY_REPORTED		CATALOG_NO_GETTER	2	0x143EAA43A->0x146162150;0x143EAA442->0x143EEE020
0x143EAA526	0x143EAA4E0	0x143EAA56D	0x143EE5620	PROVIDER_UUID_CORRELATED	4D05B683-08E2-402B-96C2-92A984E5B3E0	Javelin::ClientMessages::SocialComponentClientFacet_OnFriendInviteRejected	4138	COMMUNITY_REPORTED		CATALOG_NO_GETTER	2	0x143EAA4EA->0x146162150;0x143EAA4F2->0x143EE5620
0x143EAA836	0x143EAA7F0	0x143EAA87D	0x143EE5E20	PROVIDER_UUID_CORRELATED	DE9AAA2D-EB90-4DE1-92D5-6B3A1FC90F08	Javelin::ClientMessages::SocialComponentClientFacet_OnPlatformFriendOnlineStateChange	6655	COMMUNITY_REPORTED		CATALOG_NO_GETTER	2	0x143EAA7FA->0x146162150;0x143EAA802->0x143EE5E20
0x143EAA8E6	0x143EAA8A0	0x143EAA92D	0x143EE4A20	PROVIDER_UUID_CORRELATED	0F849CF5-9282-4394-887C-69BB938E08CA	Javelin::ClientMessages::SocialComponentClientFacet_OnBuildableAttacked	1854	COMMUNITY_REPORTED		CATALOG_NO_GETTER	2	0x143EAA8AA->0x146162150;0x143EAA8B2->0x143EE4A20
0x143EAAB76	0x143EAAB30	0x143EAABBD	0x143EEBE20	PROVIDER_UUID_CORRELATED	970B44D9-D6B6-4CB5-A11B-6CE9054B29F0	Javelin::ClientMessages::SocialComponentServerFacet_RequestAddPlatformFriendsToOnlineStateChangeListener	6657	COMMUNITY_REPORTED		CATALOG_NO_GETTER	2	0x143EAAB3A->0x146162150;0x143EAAB42->0x143EEBE20
0x143EAAC26	0x143EAABE0	0x143EAAC6D	0x143EE5220	PROVIDER_UUID_CORRELATED	0A51B840-F76A-4A59-8B99-A824C2A9B3B9	Javelin::ClientMessages::SocialComponentClientFacet_OnEnemyLandClaimDestroyed	3861	COMMUNITY_REPORTED		CATALOG_NO_GETTER	2	0x143EAABEA->0x146162150;0x143EAABF2->0x143EE5220
0x143EAB0C6	0x143EAB080	0x143EAB10D	0x143EEA220	PROVIDER_UUID_CORRELATED	51C773CA-EC41-4D50-81F5-453BA47EF79C	Javelin::ClientMessages::SocialComponentServerFacet_DebugRequestPlatformFriendsList	6658	COMMUNITY_REPORTED		CATALOG_NO_GETTER	2	0x143EAB08A->0x146162150;0x143EAB092->0x143EEA220
0x143EAB366	0x143EAB320	0x143EAB3AD	0x143EE5A20	PROVIDER_UUID_CORRELATED	A595F7A9-94CA-4A0F-8ECF-5A9211AC418B	Javelin::ClientMessages::SocialComponentClientFacet_OnLockedLandClaimTaken	2803	COMMUNITY_REPORTED		CATALOG_NO_GETTER	2	0x143EAB32A->0x146162150;0x143EAB332->0x143EE5A20
0x143EAB466	0x143EAB420	0x143EAB4AD	0x143EE5020	PROVIDER_UUID_CORRELATED	976E8F38-C88A-44FE-B9F7-E2D2DBFC6A54	Javelin::ClientMessages::SocialComponentClientFacet_OnDebugPlatformFriendsListResponse	6659	COMMUNITY_REPORTED		CATALOG_NO_GETTER	2	0x143EAB42A->0x146162150;0x143EAB432->0x143EE5020
0x143EAB636	0x143EAB5F0	0x143EAB67D	0x143EE5820	PROVIDER_UUID_CORRELATED	3B8B582A-771F-4BF3-AFC5-6DED0EAB27BB	Javelin::ClientMessages::SocialComponentClientFacet_OnLandClaimAttacked	275	COMMUNITY_REPORTED		CATALOG_NO_GETTER	2	0x143EAB5FA->0x146162150;0x143EAB602->0x143EE5820
0x143EABAA6	0x143EABA60	0x143EABAED	0x143EEA020	PROVIDER_UUID_CORRELATED	A61D176D-981D-497D-8C06-30E7C9B8815B	Javelin::ClientMessages::SocialComponentServerFacet_DebugRequestAddPlatformFriend	6660	COMMUNITY_REPORTED		CATALOG_NO_GETTER	2	0x143EABA6A->0x146162150;0x143EABA72->0x143EEA020
0x143EABBF6	0x143EABBB0	0x143EABC3D	0x143EE4C20	PROVIDER_UUID_CORRELATED	E634F169-4BF3-4F79-AC92-013ADB1D5398	Javelin::ClientMessages::SocialComponentClientFacet_OnCampAttacked	1044	COMMUNITY_REPORTED		CATALOG_NO_GETTER	2	0x143EABBBA->0x146162150;0x143EABBC2->0x143EE4C20
0x143EAC336	0x143EAC2F0	0x143EAC37D	0x143EED220	PROVIDER_UUID_CORRELATED	018C5166-755D-41F1-ABC2-E7171E5D4D4F	Javelin::ClientMessages::SocialComponentServerFacet_RequestPlayerPhaseData	6676	COMMUNITY_REPORTED		CATALOG_NO_GETTER	2	0x143EAC2FA->0x146162150;0x143EAC302->0x143EED220
0x143EAC3E6	0x143EAC3A0	0x143EAC42D	0x143EE6A20	PROVIDER_UUID_CORRELATED	822FF007-781C-450D-9885-E97D8A27405C	Javelin::ClientMessages::SocialComponentClientFacet_OnWarDeclarationFailed	941	COMMUNITY_REPORTED		CATALOG_NO_GETTER	2	0x143EAC3AA->0x146162150;0x143EAC3B2->0x143EE6A20
0x143EAC606	0x143EAC5C0	0x143EAC64D	0x143EE6C20	PROVIDER_UUID_CORRELATED	84990EE6-2C7A-4DC1-A498-7F123C271475	Javelin::ClientMessages::SocialComponentClientFacet_OnWarRequestErrorMessage	4139	COMMUNITY_REPORTED		CATALOG_NO_GETTER	2	0x143EAC5CA->0x146162150;0x143EAC5D2->0x143EE6C20
0x143EACB26	0x143EACAE0	0x143EACB6D	0x143EE6E20	PROVIDER_UUID_CORRELATED	CD1F2FC3-B4C8-45AF-B512-0DCD16DED45C	Javelin::ClientMessages::SocialComponentClientFacet_OnWarRequestPending	1737	COMMUNITY_REPORTED		CATALOG_NO_GETTER	2	0x143EACAEA->0x146162150;0x143EACAF2->0x143EE6E20
0x143EACEA6	0x143EACE60	0x143EACEED	0x143EE3C20	PROVIDER_UUID_CORRELATED	1774C5D5-C7E0-4E52-A9A1-3816DF9E25DA	MB::PlayerNameTagComponentReplicatedState	100	COMMUNITY_REPORTED		CATALOG_NO_GETTER	2	0x143EACE6A->0x146162150;0x143EACE72->0x143EE3C20
0x143EAD1C6	0x143EAD180	0x143EAD20D	0x143EE7020	PROVIDER_UUID_CORRELATED	F722BAA2-61FA-4E3E-9881-C8091DC24E35	Javelin::ClientMessages::SocialComponentClientFacet_OnWarRequestSuccessful	193	COMMUNITY_REPORTED		CATALOG_NO_GETTER	2	0x143EAD18A->0x146162150;0x143EAD192->0x143EE7020
0x143EAD706	0x143EAD6C0	0x143EAD74D	0x143EE8820	PROVIDER_UUID_CORRELATED	3AF0DED3-7E21-4EA8-8446-6583F2E2FCDB	Javelin::ClientMessages::SocialComponentClientFacet_SocialPhasingFailedToPvpFlag	6519	COMMUNITY_REPORTED		CATALOG_NO_GETTER	2	0x143EAD6CA->0x146162150;0x143EAD6D2->0x143EE8820
0x143EADB76	0x143EADB30	0x143EADBBD	0x143EE8620	PROVIDER_UUID_CORRELATED	6DD699BA-ECD9-42F0-BBBD-AA459A1BE34B	Javelin::ClientMessages::SocialComponentClientFacet_SocialPhasingEnterSectorFailedRetry	6689	COMMUNITY_REPORTED		CATALOG_NO_GETTER	2	0x143EADB3A->0x146162150;0x143EADB42->0x143EE8620
0x143EAE1E6	0x143EAE1A0	0x143EAE22D	0x143EE7820	PROVIDER_UUID_CORRELATED	7E798134-BF03-46C2-9743-CFDC815ED7E2	Javelin::ClientMessages::SocialComponentClientFacet_PlayerDataResponse	4140	COMMUNITY_REPORTED		CATALOG_NO_GETTER	2	0x143EAE1AA->0x146162150;0x143EAE1B2->0x143EE7820
0x143EAE6B6	0x143EAE670	0x143EAE6FD	0x143EE4620	PROVIDER_UUID_CORRELATED	C616E94C-2E60-471E-AD99-B89427CB4E0E	Javelin::ClientMessages::SocialComponentClientFacet_LandClaimScoreDataForGuildResponse	4141	COMMUNITY_REPORTED		CATALOG_NO_GETTER	2	0x143EAE67A->0x146162150;0x143EAE682->0x143EE4620
0x143EAECC6	0x143EAEC80	0x143EAED0D	0x143EE7C20	PROVIDER_UUID_CORRELATED	B99AC8F5-7ADC-4176-8160-161751B43D69	Javelin::ClientMessages::SocialComponentClientFacet_PlayersPhaseIdResponse	6453	COMMUNITY_REPORTED		CATALOG_NO_GETTER	2	0x143EAEC8A->0x146162150;0x143EAEC92->0x143EE7C20
0x143EAF456	0x143EAF410	0x143EAF49D	0x143EE7A20	PROVIDER_UUID_CORRELATED	7B63975F-A86F-4B2C-A4D3-8518DFEBCB42	Javelin::ClientMessages::SocialComponentClientFacet_PlayersPhaseDataResponse	6675	COMMUNITY_REPORTED		CATALOG_NO_GETTER	2	0x143EAF41A->0x146162150;0x143EAF422->0x143EE7A20
0x143EAF866	0x143EAF820	0x143EAF8AD	0x143EE4020	PROVIDER_UUID_CORRELATED	1099F8B8-88C7-4B73-8759-E455A6E3441F	Javelin::ClientMessages::SocialComponentClientFacet_DebugOnPrivacySettingsUpdate	6641	COMMUNITY_REPORTED		CATALOG_NO_GETTER	2	0x143EAF82A->0x146162150;0x143EAF832->0x143EE4020
0x143EAFB66	0x143EAFB20	0x143EAFBAD	0x143EE4220	PROVIDER_UUID_CORRELATED	7D4125BC-13A0-46C5-B373-B2AD27EF560F	Javelin::ClientMessages::SocialComponentClientFacet_DebugOnReceiveServerPrivacySettings	6642	COMMUNITY_REPORTED		CATALOG_NO_GETTER	2	0x143EAFB2A->0x146162150;0x143EAFB32->0x143EE4220
0x143EAFD96	0x143EAFD50	0x143EAFDDD	0x143EEE420	PROVIDER_UUID_CORRELATED	5D87AA99-1815-4D49-845B-BB29D1607887	Javelin::ClientMessages::SocialComponentServerFacet_RequestStreamerModeDataSync	4142	COMMUNITY_REPORTED		CATALOG_NO_GETTER	2	0x143EAFD5A->0x146162150;0x143EAFD62->0x143EEE420
0x143EB03C6	0x143EB0380	0x143EB040D	0x143EEC220	PROVIDER_UUID_CORRELATED	9FF57F0B-9AE9-4A69-9EBF-1BAB649EE271	Javelin::ClientMessages::SocialComponentServerFacet_RequestCrossplayPermissionsDataSync	6444	COMMUNITY_REPORTED		CATALOG_NO_GETTER	2	0x143EB038A->0x146162150;0x143EB0392->0x143EEC220
0x143EB06B6	0x143EB0670	0x143EB06FD	0x143EE6420	PROVIDER_UUID_CORRELATED	E61B0D2C-2221-4726-A726-28B5DA849B6B	Javelin::ClientMessages::SocialComponentClientFacet_OnRequestFailed	1926	COMMUNITY_REPORTED		CATALOG_NO_GETTER	2	0x143EB067A->0x146162150;0x143EB0682->0x143EE6420
0x143EB0EA6	0x143EB0E60	0x143EB0EED	0x143EEE220	PROVIDER_UUID_CORRELATED	1BE89C7F-01D3-4965-8DDB-50EF9F8B9DDE	Javelin::ClientMessages::SocialComponentServerFacet_RequestSetTitle	2474	COMMUNITY_REPORTED		CATALOG_NO_GETTER	2	0x143EB0E6A->0x146162150;0x143EB0E72->0x143EEE220
0x143EB13F6	0x143EB13B0	0x143EB143D	0x143EEE820	PROVIDER_UUID_CORRELATED	81EAD9F2-4838-490C-BD12-E9D78B98075F	Javelin::ClientMessages::SocialComponentServerFacet_SendAvailableTitlesToClient	4143	COMMUNITY_REPORTED		CATALOG_NO_GETTER	2	0x143EB13BA->0x146162150;0x143EB13C2->0x143EEE820
0x143EB1756	0x143EB1710	0x143EB179D	0x143EEEA20	PROVIDER_UUID_CORRELATED	8A4582D0-740E-421B-B992-446EE0C137B8	Javelin::ClientMessages::SocialComponentServerFacet_SendDebugTitlesToClient	4722	COMMUNITY_REPORTED		CATALOG_NO_GETTER	2	0x143EB171A->0x146162150;0x143EB1722->0x143EEEA20
0x143EB1CE6	0x143EB1CA0	0x143EB1D2D	0x143EE8C20	PROVIDER_UUID_CORRELATED	3E2F310F-9DFE-40AA-817B-59D309881639	Javelin::ClientMessages::SocialComponentServerFacet_ClearNewTitles	4144	COMMUNITY_REPORTED		CATALOG_NO_GETTER	2	0x143EB1CAA->0x146162150;0x143EB1CB2->0x143EE8C20
0x143EB2116	0x143EB20D0	0x143EB215D	0x143EE6620	PROVIDER_UUID_CORRELATED	91085A50-C02A-4FCF-BEEC-E8FC7F90EA3F	Javelin::ClientMessages::SocialComponentClientFacet_OnTitleUnlock	4146	COMMUNITY_REPORTED		CATALOG_NO_GETTER	2	0x143EB20DA->0x146162150;0x143EB20E2->0x143EE6620
0x143EB25D6	0x143EB2590	0x143EB261D	0x143EE6820	PROVIDER_UUID_CORRELATED	8D5F79C8-DEA0-42C7-A62D-B75EED6B216C	Javelin::ClientMessages::SocialComponentClientFacet_OnTitlesUnlock	3585	COMMUNITY_REPORTED		CATALOG_NO_GETTER	2	0x143EB259A->0x146162150;0x143EB25A2->0x143EE6820
0x143EB2FF6	0x143EB2FB0	0x143EB303D	0x143EE4E20	PROVIDER_UUID_CORRELATED	A7169085-F537-4D03-97C5-1256E5B00052	Javelin::ClientMessages::SocialComponentClientFacet_OnCurrentTitleExpired	962	COMMUNITY_REPORTED		CATALOG_NO_GETTER	2	0x143EB2FBA->0x146162150;0x143EB2FC2->0x143EE4E20
0x143EB33F6	0x143EB33B0	0x143EB343D	0x143EE8020	PROVIDER_UUID_CORRELATED	8FA38DAE-941A-4FA2-99D8-40820F27871E	Javelin::ClientMessages::SocialComponentClientFacet_ReceiveAvailableTitles	4147	COMMUNITY_REPORTED		CATALOG_NO_GETTER	2	0x143EB33BA->0x146162150;0x143EB33C2->0x143EE8020
0x143EB3BF6	0x143EB3BB0	0x143EB3C3D	0x143EE8420	PROVIDER_UUID_CORRELATED	B4C84C75-E4E8-4A93-B262-4CD764E7A8F6	Javelin::ClientMessages::SocialComponentClientFacet_RequestJoinCharacterPhaseResponse	6388	COMMUNITY_REPORTED		CATALOG_NO_GETTER	2	0x143EB3BBA->0x146162150;0x143EB3BC2->0x143EE8420
0x143EB4126	0x143EB40E0	0x143EB416D	0x143EE3E20	PROVIDER_UUID_CORRELATED	BC8B0EB7-5807-4E1C-BBC0-0B09B0BEBEC5	Javelin::ClientMessages::SocialComponentClientFacet_ChangePhaseWarningMessage	6680	COMMUNITY_REPORTED		CATALOG_NO_GETTER	2	0x143EB40EA->0x146162150;0x143EB40F2->0x143EE3E20
0x143EB44A6	0x143EB4460	0x143EB44ED	0x143EE5C20	PROVIDER_UUID_CORRELATED	2DC9E02C-87DE-4906-9555-0199387F9691	Javelin::ClientMessages::SocialComponentClientFacet_OnPhaseInviteAcceptedResponse	6564	COMMUNITY_REPORTED		CATALOG_NO_GETTER	2	0x143EB446A->0x146162150;0x143EB4472->0x143EE5C20
0x143EB4B56	0x143EB4B10	0x143EB4B9D	0x143EE7E20	PROVIDER_UUID_CORRELATED	7E7CAFE8-640D-4316-9133-C10B3702F7E4	Javelin::ClientMessages::SocialComponentClientFacet_PrimaryGridPhaseShuttingDown	6506	COMMUNITY_REPORTED		CATALOG_NO_GETTER	2	0x143EB4B1A->0x146162150;0x143EB4B22->0x143EE7E20
0x143EB4E56	0x143EB4E10	0x143EB4E9D	0x143EE4420	PROVIDER_UUID_CORRELATED	307630E1-410A-4267-A88E-871EB729A16F	Javelin::ClientMessages::SocialComponentClientFacet_DebugReceivePhaseSelectionResult	6398	COMMUNITY_REPORTED		CATALOG_NO_GETTER	2	0x143EB4E1A->0x146162150;0x143EB4E22->0x143EE4420
0x143EB5AC6	0x143EB5A80	0x143EB5B0D	0x143EEB420	PROVIDER_UUID_CORRELATED	C29CBCC1-9F81-44A3-BE72-23D65922195F	Javelin::ClientMessages::SocialComponentServerFacet_DebugUnlockTitle	3211	COMMUNITY_REPORTED		CATALOG_NO_GETTER	2	0x143EB5A8A->0x146162150;0x143EB5A92->0x143EEB420
0x143EB61A6	0x143EB6160	0x143EB61ED	0x143EE9A20	PROVIDER_UUID_CORRELATED	4A206206-B388-46EE-9788-8617AA5BE558	Javelin::ClientMessages::SocialComponentServerFacet_DebugLockTitle	4148	COMMUNITY_REPORTED		CATALOG_NO_GETTER	2	0x143EB616A->0x146162150;0x143EB6172->0x143EE9A20
0x143EB6356	0x143EB6310	0x143EB639D	0x143EE9820	PROVIDER_UUID_CORRELATED	1E336DE0-3C61-4940-A163-577D87541456	Javelin::ClientMessages::SocialComponentServerFacet_DebugLockAllDebugTitles	4149	COMMUNITY_REPORTED		CATALOG_NO_GETTER	2	0x143EB631A->0x146162150;0x143EB6322->0x143EE9820
0x143EB64E6	0x143EB64A0	0x143EB652D	0x143EEB620	PROVIDER_UUID_CORRELATED	C7A6D922-2027-4ACD-924A-7E3497006D14	Javelin::ClientMessages::SocialComponentServerFacet_GetServerVpcValues	6643	COMMUNITY_REPORTED		CATALOG_NO_GETTER	2	0x143EB64AA->0x146162150;0x143EB64B2->0x143EEB620
0x143EB69D6	0x143EB6990	0x143EB6A1D	0x143EEA420	PROVIDER_UUID_CORRELATED	DB8B0D9C-4B86-4561-A79E-01D0105DD65E	Javelin::ClientMessages::SocialComponentServerFacet_DebugRequestServerVpcRefresh	6640	COMMUNITY_REPORTED		CATALOG_NO_GETTER	2	0x143EB699A->0x146162150;0x143EB69A2->0x143EEA420
0x143EB7846	0x143EB7800	0x143EB788D	0x143EEAC20	PROVIDER_UUID_CORRELATED	CAF5D1B0-F5CE-4896-B972-2559E54D1906	Javelin::ClientMessages::SocialComponentServerFacet_DebugSetP2PCommunicationRestriction	6626	COMMUNITY_REPORTED		CATALOG_NO_GETTER	2	0x143EB780A->0x146162150;0x143EB7812->0x143EEAC20
0x143EB80A6	0x143EB8060	0x143EB80ED	0x143EEAA20	PROVIDER_UUID_CORRELATED	2BB64231-AD62-4056-B206-86FC72206576	Javelin::ClientMessages::SocialComponentServerFacet_DebugSetGroupCommunicationRestriction	6627	COMMUNITY_REPORTED		CATALOG_NO_GETTER	2	0x143EB806A->0x146162150;0x143EB8072->0x143EEAA20
0x143EB88A6	0x143EB8860	0x143EB88ED	0x143EEAE20	PROVIDER_UUID_CORRELATED	43504184-0D9A-48AA-8FA2-90122CE5F098	Javelin::ClientMessages::SocialComponentServerFacet_DebugSetViewPresenceRestriction	6624	COMMUNITY_REPORTED		CATALOG_NO_GETTER	2	0x143EB886A->0x146162150;0x143EB8872->0x143EEAE20
0x143EB8D46	0x143EB8D00	0x143EB8D8D	0x143EEB020	PROVIDER_UUID_CORRELATED	A54D12D0-33D7-491A-AEF0-07B4B8548015	Javelin::ClientMessages::SocialComponentServerFacet_DebugSetVoiceCommunicationRestriction	6628	COMMUNITY_REPORTED		CATALOG_NO_GETTER	2	0x143EB8D0A->0x146162150;0x143EB8D12->0x143EEB020
0x143EB8FC6	0x143EB8F80	0x143EB900D	0x143EEA820	PROVIDER_UUID_CORRELATED	68449FC4-791C-4BC2-BD69-E907EB9B22A7	Javelin::ClientMessages::SocialComponentServerFacet_DebugSetFriendInviteRestriction	6629	COMMUNITY_REPORTED		CATALOG_NO_GETTER	2	0x143EB8F8A->0x146162150;0x143EB8F92->0x143EEA820
0x143EB9636	0x143EB95F0	0x143EB967D	0x143EECA20	PROVIDER_UUID_CORRELATED	A8DD68AE-D196-418E-929F-480D511A213A	Javelin::ClientMessages::SocialComponentServerFacet_RequestGetPlayers	4150	COMMUNITY_REPORTED		CATALOG_NO_GETTER	2	0x143EB95FA->0x146162150;0x143EB9602->0x143EECA20
0x143EB9E36	0x143EB9DF0	0x143EB9E7D	0x143EECC20	PROVIDER_UUID_CORRELATED	494AC7FA-542E-481E-977C-786E81597EBB	Javelin::ClientMessages::SocialComponentServerFacet_RequestGetPlayersByAccountId	6516	COMMUNITY_REPORTED		CATALOG_NO_GETTER	2	0x143EB9DFA->0x146162150;0x143EB9E02->0x143EECC20
0x143EBA406	0x143EBA3C0	0x143EBA44D	0x143EEDC20	PROVIDER_UUID_CORRELATED	31D1A68E-5C94-47C7-A694-45BC4B977433	Javelin::ClientMessages::SocialComponentServerFacet_RequestSearchPlayers	1185	COMMUNITY_REPORTED		CATALOG_NO_GETTER	2	0x143EBA3CA->0x146162150;0x143EBA3D2->0x143EEDC20
0x143EBA716	0x143EBA6D0	0x143EBA75D	0x143EED020	PROVIDER_UUID_CORRELATED	E89A98D2-9078-4C65-9226-A4D38E9A5CDD	Javelin::ClientMessages::SocialComponentServerFacet_RequestLandClaimScoreDataForGuild	4153	COMMUNITY_REPORTED		CATALOG_NO_GETTER	2	0x143EBA6DA->0x146162150;0x143EBA6E2->0x143EED020
0x143F21D26	0x143F21CE0	0x143F21D6D	0x143F57480	PROVIDER_UUID_CORRELATED	27FA06D8-B78C-4571-8953-2C694881D1ED	Javelin::ClientMessages::WarDataComponentServerFacet_DebugScheduleInfluenceRaces	5891	COMMUNITY_REPORTED		CATALOG_NO_GETTER	2	0x143F21CEA->0x146162150;0x143F21CF2->0x143F57480
0x143F21DD6	0x143F21D90	0x143F21E1D	0x143F57280	PROVIDER_UUID_CORRELATED	AE8D4428-7F9D-4DCD-81F1-538281DFB385	Javelin::ClientMessages::WarDataComponentServerFacet_DebugScheduleInfluenceRace	5896	COMMUNITY_REPORTED		CATALOG_NO_GETTER	2	0x143F21D9A->0x146162150;0x143F21DA2->0x143F57280
0x143F22066	0x143F22020	0x143F220AD	0x143F56E80	PROVIDER_UUID_CORRELATED	C83DE2CE-CC8A-4DCD-99BB-92CAA318D469	Javelin::ClientMessages::WarDataComponentServerFacet_DebugEndInfluenceRace	5897	COMMUNITY_REPORTED		CATALOG_NO_GETTER	2	0x143F2202A->0x146162150;0x143F22032->0x143F56E80
0x143F22116	0x143F220D0	0x143F2215D	0x143F57080	PROVIDER_UUID_CORRELATED	64DED711-9323-4483-B036-E39E7156FDE0	Javelin::ClientMessages::WarDataComponentServerFacet_DebugForceSyncInfluenceRaces	5960	COMMUNITY_REPORTED		CATALOG_NO_GETTER	2	0x143F220DA->0x146162150;0x143F220E2->0x143F57080
0x143F24406	0x143F243C0	0x143F2444D	0x143E7BA00	PROVIDER_UUID_CORRELATED	31285B41-7EF4-4A78-984E-8131C601276B	Javelin::UIGameChatMessage	4198	COMMUNITY_REPORTED		CATALOG_NO_GETTER	2	0x143F243CA->0x146162150;0x143F243D2->0x143E7BA00
0x143F249A6	0x143F24960	0x143F249ED	0x143F55680	PROVIDER_UUID_CORRELATED	09FF1758-EBFD-4EFC-B133-DB18F814C973	Javelin::ClientMessages::VoiceChatComponentClientFacet_OnVoiceChatServiceRegistered	4199	COMMUNITY_REPORTED		CATALOG_NO_GETTER	2	0x143F2496A->0x146162150;0x143F24972->0x143F55680
0x143F24D66	0x143F24D20	0x143F24DAD	0x143F55880	PROVIDER_UUID_CORRELATED	EE1FECDE-0196-44A2-AC00-C666F31F3471	Javelin::ClientMessages::VoiceChatComponentClientFacet_OnVoiceChatServiceUnregistered	1604	COMMUNITY_REPORTED		CATALOG_NO_GETTER	2	0x143F24D2A->0x146162150;0x143F24D32->0x143F55880
0x143F25016	0x143F24FD0	0x143F2505D	0x143F55280	PROVIDER_UUID_CORRELATED	11BA002F-0E06-41AF-AA9E-1364C27969F4		3051	COMMUNITY_REPORTED		CATALOG_NO_GETTER	2	0x143F24FDA->0x146162150;0x143F24FE2->0x143F55280
0x143F25486	0x143F25440	0x143F254CD	0x143F55080	PROVIDER_UUID_CORRELATED	D4C9744C-E5D2-45D7-BC19-9309495F6282	Javelin::ClientMessages::VoiceChatComponentClientFacet_On3dChannelUrisReceived	405	COMMUNITY_REPORTED		CATALOG_NO_GETTER	2	0x143F2544A->0x146162150;0x143F25452->0x143F55080
0x143F25546	0x143F25500	0x143F2558D	0x143F54E80	PROVIDER_UUID_CORRELATED	BC702CC5-5184-4FC5-9233-B80AB0B8B635	Javelin::ClientMessages::VoiceChatComponentClientFacet_On2dChannelUriReceived	4200	COMMUNITY_REPORTED		CATALOG_NO_GETTER	2	0x143F2550A->0x146162150;0x143F25512->0x143F54E80
0x143F25966	0x143F25920	0x143F259AD	0x143F55480	PROVIDER_UUID_CORRELATED	D4076512-C2E3-44A5-8264-C47BA99AAEDB	Javelin::ClientMessages::VoiceChatComponentClientFacet_OnEchoChannelUriReceived	655	COMMUNITY_REPORTED		CATALOG_NO_GETTER	2	0x143F2592A->0x146162150;0x143F25932->0x143F55480
0x143F25B06	0x143F25AC0	0x143F25B4D	0x143F56080	PROVIDER_UUID_CORRELATED	1505D3B1-754A-45E8-8865-B3DAA4B4B7B2	Javelin::ClientMessages::VoiceChatComponentServerFacet_RegisterVoiceChatService	1643	COMMUNITY_REPORTED		CATALOG_NO_GETTER	2	0x143F25ACA->0x146162150;0x143F25AD2->0x143F56080
0x143F25DF6	0x143F25DB0	0x143F25E3D	0x143F55C80	PROVIDER_UUID_CORRELATED	4840A5EE-1240-40C7-8D51-9D246033CE7A	Javelin::ClientMessages::VoiceChatComponentServerFacet_GenerateLoginAccessToken	2077	COMMUNITY_REPORTED		CATALOG_NO_GETTER	2	0x143F25DBA->0x146162150;0x143F25DC2->0x143F55C80
0x143F26186	0x143F26140	0x143F261CD	0x143F55A80	PROVIDER_UUID_CORRELATED	D68C2870-6252-4B3D-AEDD-191BB7B96BCC	Javelin::ClientMessages::VoiceChatComponentServerFacet_GenerateJoinAccessToken	2934	COMMUNITY_REPORTED		CATALOG_NO_GETTER	2	0x143F2614A->0x146162150;0x143F26152->0x143F55A80
0x143F26586	0x143F26540	0x143F265CD	0x143F55E80	PROVIDER_UUID_CORRELATED	96C83CB4-1407-4AFD-B8DB-758A32A0957E	Javelin::ClientMessages::VoiceChatComponentServerFacet_GenerateTranscriptionAccessToken	4203	COMMUNITY_REPORTED		CATALOG_NO_GETTER	2	0x143F2654A->0x146162150;0x143F26552->0x143F55E80
0x143F26636	0x143F265F0	0x143F2667D	0x143F56C80	PROVIDER_UUID_CORRELATED	87072E57-BD7A-43DE-B221-382343AC0B43	MB::WarDataComponentReplicatedState	1739	COMMUNITY_REPORTED		CATALOG_NO_GETTER	2	0x143F265FA->0x146162150;0x143F26602->0x143F56C80
0x143F268A6	0x143F26860	0x143F268ED	0x143F56A80	PROVIDER_UUID_CORRELATED	EAB0D4ED-E281-4E17-B902-C980F07A902B	Javelin::ClientMessages::VoiceChatComponentServerFacet_SyncVoiceChatClientActivationState	188	COMMUNITY_REPORTED		CATALOG_NO_GETTER	2	0x143F2686A->0x146162150;0x143F26872->0x143F56A80
0x143F269C6	0x143F26980	0x143F26A0D	0x143F56880	PROVIDER_UUID_CORRELATED	283D0380-5BD3-4AAA-A85F-2A36E4F3A444	Javelin::ClientMessages::VoiceChatComponentServerFacet_RequestWorldChannelUris	2805	COMMUNITY_REPORTED		CATALOG_NO_GETTER	2	0x143F2698A->0x146162150;0x143F26992->0x143F56880
0x143F26FC6	0x143F26F80	0x143F2700D	0x143F56680	PROVIDER_UUID_CORRELATED	ECC08D65-DF76-4F7A-8E3B-25D6DCFCE9F8	Javelin::ClientMessages::VoiceChatComponentServerFacet_RequestGroupChannelUri	4204	COMMUNITY_REPORTED		CATALOG_NO_GETTER	2	0x143F26F8A->0x146162150;0x143F26F92->0x143F56680
0x143F271E6	0x143F271A0	0x143F2722D	0x143F56480	PROVIDER_UUID_CORRELATED	DCF503E2-BBD3-4DBB-B0E0-71C9743C9B6F	Javelin::ClientMessages::VoiceChatComponentServerFacet_RequestEchoChannelUri	1963	COMMUNITY_REPORTED		CATALOG_NO_GETTER	2	0x143F271AA->0x146162150;0x143F271B2->0x143F56480
0x143F27596	0x143F27550	0x143F275DD	0x143F56280	PROVIDER_UUID_CORRELATED	285CC7F8-ED73-4F85-BCB6-40553B931C83	Javelin::ClientMessages::VoiceChatComponentServerFacet_ReportError	4205	COMMUNITY_REPORTED		CATALOG_NO_GETTER	2	0x143F2755A->0x146162150;0x143F27562->0x143F56280
0x143F27E46	0x143F27E00	0x143F27E8D	0x143F52680	PROVIDER_UUID_CORRELATED	A16F8C3F-EFD1-4F25-B8EB-39B0DA57E111	Javelin::ClientMessages::TwitchComponentClientFacet_ReceiveEnableSpotlightResponse	636	COMMUNITY_REPORTED		CATALOG_NO_GETTER	2	0x143F27E0A->0x146162150;0x143F27E12->0x143F52680
0x143F281A6	0x143F28160	0x143F281ED	0x143F53080	PROVIDER_UUID_CORRELATED	C3F73DD6-1160-4830-926D-82A902F9C465	Javelin::ClientMessages::TwitchComponentClientFacet_ReceiveValidationResponse	4177	COMMUNITY_REPORTED		CATALOG_NO_GETTER	2	0x143F2816A->0x146162150;0x143F28172->0x143F53080
0x143F284B6	0x143F28470	0x143F284FD	0x143F52A80	PROVIDER_UUID_CORRELATED	B18F5866-F8EE-4506-992D-8A847C1CE097	Javelin::ClientMessages::TwitchComponentClientFacet_ReceiveJoinableSubArmies	4178	COMMUNITY_REPORTED		CATALOG_NO_GETTER	2	0x143F2847A->0x146162150;0x143F28482->0x143F52A80
0x143F285E6	0x143F285A0	0x143F2862D	0x143F52C80	PROVIDER_UUID_CORRELATED	3E07C623-A5A7-4C9A-94FA-5DF54582DAB2	Javelin::ClientMessages::TwitchComponentClientFacet_ReceiveStartSubArmyResponse	2314	COMMUNITY_REPORTED		CATALOG_NO_GETTER	2	0x143F285AA->0x146162150;0x143F285B2->0x143F52C80
0x143F28976	0x143F28930	0x143F289BD	0x143F52880	PROVIDER_UUID_CORRELATED	91604334-F1EA-4BBA-AEFC-34139B5225B9	Javelin::ClientMessages::TwitchComponentClientFacet_ReceiveJoinSubArmyResponse	4179	COMMUNITY_REPORTED		CATALOG_NO_GETTER	2	0x143F2893A->0x146162150;0x143F28942->0x143F52880
0x143F28A26	0x143F289E0	0x143F28A6D	0x143F52E80	PROVIDER_UUID_CORRELATED	C2EBCA3A-539A-4534-A31F-126BD5288FD2	Javelin::ClientMessages::TwitchComponentClientFacet_ReceiveSubArmyJoinList	4180	COMMUNITY_REPORTED		CATALOG_NO_GETTER	2	0x143F289EA->0x146162150;0x143F289F2->0x143F52E80
0x143F28C46	0x143F28C00	0x143F28C8D	0x143F54A80	PROVIDER_UUID_CORRELATED	1DDCA512-C159-49F2-9E91-C577AD263576	Javelin::ClientMessages::TwitchComponentServerFacet_ToggleStreamerSpotlight	673	COMMUNITY_REPORTED		CATALOG_NO_GETTER	2	0x143F28C0A->0x146162150;0x143F28C12->0x143F54A80
0x143F28EB6	0x143F28E70	0x143F28EFD	0x143F54880	PROVIDER_UUID_CORRELATED	536B6B95-9CE5-454B-92D2-A10801C76C10	Javelin::ClientMessages::TwitchComponentServerFacet_StartTwitchUserValidation	135	COMMUNITY_REPORTED		CATALOG_NO_GETTER	2	0x143F28E7A->0x146162150;0x143F28E82->0x143F54880
0x143F29156	0x143F29110	0x143F2919D	0x143F53A80	PROVIDER_UUID_CORRELATED	D6ABD905-09CE-4C25-A46D-82932160A076	Javelin::ClientMessages::TwitchComponentServerFacet_RevokeTwitchUserValidation	2785	COMMUNITY_REPORTED		CATALOG_NO_GETTER	2	0x143F2911A->0x146162150;0x143F29122->0x143F53A80
0x143F293C6	0x143F29380	0x143F2940D	0x143F53880	PROVIDER_UUID_CORRELATED	A3A35C67-B53A-4E0F-A65A-8D5943CBF0C6	Javelin::ClientMessages::TwitchComponentServerFacet_RequestJoinableSubArmies	2776	COMMUNITY_REPORTED		CATALOG_NO_GETTER	2	0x143F2938A->0x146162150;0x143F29392->0x143F53880
0x143F294F6	0x143F294B0	0x143F2953D	0x143F54680	PROVIDER_UUID_CORRELATED	6C489C21-3FFE-4861-B2AB-B6BF374ED1C6	Javelin::ClientMessages::TwitchComponentServerFacet_StartSubArmy	4182	COMMUNITY_REPORTED		CATALOG_NO_GETTER	2	0x143F294BA->0x146162150;0x143F294C2->0x143F54680
0x143F298A6	0x143F29860	0x143F298ED	0x143F53280	PROVIDER_UUID_CORRELATED	C676CF15-B0A4-404D-A7FD-E681841217B0	Javelin::ClientMessages::TwitchComponentServerFacet_EndSubArmy	3375	COMMUNITY_REPORTED		CATALOG_NO_GETTER	2	0x143F2986A->0x146162150;0x143F29872->0x143F53280
0x143F29B66	0x143F29B20	0x143F29BAD	0x143F53680	PROVIDER_UUID_CORRELATED	3B266778-6658-4965-9FE5-44D067E55827	Javelin::ClientMessages::TwitchComponentServerFacet_RequestJoinSubArmy	4184	COMMUNITY_REPORTED		CATALOG_NO_GETTER	2	0x143F29B2A->0x146162150;0x143F29B32->0x143F53680
0x143F29D86	0x143F29D40	0x143F29DCD	0x143F53480	PROVIDER_UUID_CORRELATED	13FD1113-C392-4347-970D-C5807A1510A9	Javelin::ClientMessages::TwitchComponentServerFacet_RequestJoinList	4185	COMMUNITY_REPORTED		CATALOG_NO_GETTER	2	0x143F29D4A->0x146162150;0x143F29D52->0x143F53480
0x143F29E36	0x143F29DF0	0x143F29E7D	0x143F54C80	PROVIDER_UUID_CORRELATED	0B216E1F-60D0-4C82-8200-38D533C9DEE9	Javelin::ClientMessages::TwitchComponentServerFacet_UpdateJoinEntry	3898	COMMUNITY_REPORTED		CATALOG_NO_GETTER	2	0x143F29DFA->0x146162150;0x143F29E02->0x143F54C80
0x143F2A176	0x143F2A130	0x143F2A1BD	0x143F53C80	PROVIDER_UUID_CORRELATED	BED79CBA-6931-41BA-ADE3-DB405D0996C2	Javelin::ClientMessages::TwitchComponentServerFacet_SetOverrideGameId	3758	COMMUNITY_REPORTED		CATALOG_NO_GETTER	2	0x143F2A13A->0x146162150;0x143F2A142->0x143F53C80
0x143F2A226	0x143F2A1E0	0x143F2A26D	0x143F53E80	PROVIDER_UUID_CORRELATED	52FE0F7D-752E-4D63-928A-A39D1FBC9600	Javelin::ClientMessages::TwitchComponentServerFacet_SetOverrideUserId	2568	COMMUNITY_REPORTED		CATALOG_NO_GETTER	2	0x143F2A1EA->0x146162150;0x143F2A1F2->0x143F53E80
0x143F2A2D6	0x143F2A290	0x143F2A31D	0x143F54080	PROVIDER_UUID_CORRELATED	F62F9EFE-B32A-41FC-AE57-3ACA0ACCF8FF	Javelin::ClientMessages::TwitchComponentServerFacet_SetStreamerTagByStringId	3123	COMMUNITY_REPORTED		CATALOG_NO_GETTER	2	0x143F2A29A->0x146162150;0x143F2A2A2->0x143F54080
0x143F2A866	0x143F2A820	0x143F2A8AD	0x143F54280	PROVIDER_UUID_CORRELATED	C58323FE-0FB7-4BD9-A2D2-D9C120E19160	Javelin::ClientMessages::TwitchComponentServerFacet_SetTwitchDropByStringIdIntValue	4194	COMMUNITY_REPORTED		CATALOG_NO_GETTER	2	0x143F2A82A->0x146162150;0x143F2A832->0x143F54280
0x143F2B356	0x143F2B310	0x143F2B39D	0x143F54480	PROVIDER_UUID_CORRELATED	87F29AC1-7D12-4572-AD33-6BE4D2ED7C7A	Javelin::ClientMessages::TwitchComponentServerFacet_SetTwitchDropByStringIdStringValue	1069	COMMUNITY_REPORTED		CATALOG_NO_GETTER	2	0x143F2B31A->0x146162150;0x143F2B322->0x143F54480
0x143F7B6F6	0x143F7B6B0	0x143F7B73D	0x143F8B590	PROVIDER_UUID_CORRELATED	E24E0E75-02AB-4973-8F20-74DFB0436444	MB::TwitchStreamReplicatedState	610	COMMUNITY_REPORTED		CATALOG_NO_GETTER	2	0x143F7B6BA->0x146162150;0x143F7B6C2->0x143F8B590
0x143F96976	0x143F96930	0x143F969BD	0x143FA8F20	PROVIDER_UUID_CORRELATED	BA7C3986-4C6D-42F2-99B0-08C883827A8F	Javelin::ClientMessages::JavSpectatorCameraComponentClientFacet_SetLocalCharacter	4208	COMMUNITY_REPORTED		CATALOG_NO_GETTER	2	0x143F9693A->0x146162150;0x143F96942->0x143FA8F20
0x143F96A26	0x143F969E0	0x143F96A6D	0x143FA9120	PROVIDER_UUID_CORRELATED	0D63A8D7-5131-4E35-A76C-DE0485518E82	Javelin::ClientMessages::JavSpectatorCameraComponentClientFacet_SetState	3679	COMMUNITY_REPORTED		CATALOG_NO_GETTER	2	0x143F969EA->0x146162150;0x143F969F2->0x143FA9120
0x143F96C46	0x143F96C00	0x143F96C8D	0x143FA9320	PROVIDER_UUID_CORRELATED	F4B25458-DC49-4F81-A007-C99B5B58BE7F	Javelin::ClientMessages::JavSpectatorCameraComponentClientFacet_SetViewData	4209	COMMUNITY_REPORTED		CATALOG_NO_GETTER	2	0x143F96C0A->0x146162150;0x143F96C12->0x143FA9320
0x143F96E66	0x143F96E20	0x143F96EAD	0x143FA8D20	PROVIDER_UUID_CORRELATED	5F41A8AD-64B9-42BF-91F2-716350902824	Javelin::ClientMessages::JavSpectatorCameraComponentClientFacet_SetDisplayedVitals	4210	COMMUNITY_REPORTED		CATALOG_NO_GETTER	2	0x143F96E2A->0x146162150;0x143F96E32->0x143FA8D20
0x143F97066	0x143F97020	0x143F970AD	0x143FA9520	PROVIDER_UUID_CORRELATED	FD7D96F8-CD25-48DC-B8F2-4D2139C12AC6	Javelin::ClientMessages::JavSpectatorCameraComponentServerFacet_OnRequestClientStateInformation	1334	COMMUNITY_REPORTED		CATALOG_NO_GETTER	2	0x143F9702A->0x146162150;0x143F97032->0x143FA9520
0x143F97556	0x143F97510	0x143F9759D	0x143FA9D20	PROVIDER_UUID_CORRELATED	E871123B-C769-4D81-95F4-872904F498B7	Javelin::ClientMessages::JavSpectatorCameraComponentServerFacet_SetInputData	4212	COMMUNITY_REPORTED		CATALOG_NO_GETTER	2	0x143F9751A->0x146162150;0x143F97522->0x143FA9D20
0x143F97726	0x143F976E0	0x143F9776D	0x143FA9720	PROVIDER_UUID_CORRELATED	1759CD92-7D7A-433F-B2B8-84C8F672D0A4	Javelin::ClientMessages::JavSpectatorCameraComponentServerFacet_RequestTeleport	3329	COMMUNITY_REPORTED		CATALOG_NO_GETTER	2	0x143F976EA->0x146162150;0x143F976F2->0x143FA9720
0x143F977D6	0x143F97790	0x143F9781D	0x143FA9920	PROVIDER_UUID_CORRELATED	DB2E8E63-B3F3-4F71-B04E-1B27C07C5F11	Javelin::ClientMessages::JavSpectatorCameraComponentServerFacet_RestoreHotspot	4213	COMMUNITY_REPORTED		CATALOG_NO_GETTER	2	0x143F9779A->0x146162150;0x143F977A2->0x143FA9920
0x143F97966	0x143F97920	0x143F979AD	0x143FA9B20	PROVIDER_UUID_CORRELATED	1D2607E4-F816-4B56-83C8-300D6B3A64AB	Javelin::ClientMessages::JavSpectatorCameraComponentServerFacet_SetCollisionEnabled	2793	COMMUNITY_REPORTED		CATALOG_NO_GETTER	2	0x143F9792A->0x146162150;0x143F97932->0x143FA9B20
0x143F99966	0x143F99920	0x143F999AD	0x143FA8B20	PROVIDER_UUID_CORRELATED	AE73CFE8-F278-444F-B21C-A05F9E07CA5B	InitialSpectatorCameraSettings	890	COMMUNITY_REPORTED		CATALOG_NO_GETTER	2	0x143F9992A->0x146162150;0x143F99932->0x143FA8B20
0x143F99E16	0x143F99DD0	0x143F99E5D	0x143FA8920	PROVIDER_UUID_CORRELATED	443F1A30-BF7B-4175-AC13-024B982FD87B	Javelin::ISpectatedVitalsListener	3643	COMMUNITY_REPORTED		CATALOG_NO_GETTER	2	0x143F99DDA->0x146162150;0x143F99DE2->0x143FA8920
0x143F99EC6	0x143F99E80	0x143F99F0D	0x143FA8720	PROVIDER_UUID_CORRELATED	A9EFAEB4-B046-4139-88EF-8D6C26E7F436	Javelin::ISpectabilityListener	4214	COMMUNITY_REPORTED		CATALOG_NO_GETTER	2	0x143F99E8A->0x146162150;0x143F99E92->0x143FA8720
0x143F99F76	0x143F99F30	0x143F99FBD	0x143FA8520	PROVIDER_UUID_CORRELATED	17C00FC6-074F-47EB-9640-9743D890ED6F	Javelin::IPositionReceiver	2334	COMMUNITY_REPORTED		CATALOG_NO_GETTER	2	0x143F99F3A->0x146162150;0x143F99F42->0x143FA8520
0x143F9A026	0x143F99FE0	0x143F9A06D	0x143FA9F20	PROVIDER_UUID_CORRELATED	39CA8BCA-2EE8-4104-B0E9-7C2A51B52FB4	Javelin::IPositionReceiver::ReceivePlayerPositionClientMsg	4216	COMMUNITY_REPORTED		CATALOG_NO_GETTER	2	0x143F99FEA->0x146162150;0x143F99FF2->0x143FA9F20
0x143F9A0D6	0x143F9A090	0x143F9A11D	0x143FAA120	PROVIDER_UUID_CORRELATED	02F865F3-D50D-4FA8-91CA-F76ED167A8CD	Javelin::IPositionReceiver::ReceivePlayerPositionWithCameraClientMsg	4217	COMMUNITY_REPORTED		CATALOG_NO_GETTER	2	0x143F9A09A->0x146162150;0x143F9A0A2->0x143FAA120
0x143F9A3C6	0x143F9A380	0x143F9A40D	0x143FAA320	PROVIDER_UUID_CORRELATED	702F8589-BC11-47C9-8425-47A78B09E0B5	Javelin::ClientMessages::SpectatedPlayerComponentServerFacet_SetIsPublic	4122	COMMUNITY_REPORTED		CATALOG_NO_GETTER	2	0x143F9A38A->0x146162150;0x143F9A392->0x143FAA320
0x143FB4256	0x143FB4210	0x143FB429D	0x143FC6B50	PROVIDER_UUID_CORRELATED	7D05A6AA-EE11-4906-BF8B-1E2C2FE53962	Javelin::ClientMessages::SpectatorModeComponentClientFacet_IsSpectatorModePermittedReply	417	COMMUNITY_REPORTED		CATALOG_NO_GETTER	2	0x143FB421A->0x146162150;0x143FB4222->0x143FC6B50
0x143FB4306	0x143FB42C0	0x143FB434D	0x143FC6950	PROVIDER_UUID_CORRELATED	E32EF2E5-7C8B-4052-AE87-0146DD2BABAF	Javelin::ClientMessages::SpectatorModeComponentClientFacet_IsCharacterSpectatableReply	4219	COMMUNITY_REPORTED		CATALOG_NO_GETTER	2	0x143FB42CA->0x146162150;0x143FB42D2->0x143FC6950
0x143FB43B6	0x143FB4370	0x143FB43FD	0x143FC6550	PROVIDER_UUID_CORRELATED	EB476695-2BFA-408A-9885-E9EB8B587295	Javelin::ClientMessages::SpectatorModeComponentClientFacet_GetSpectatablePlayerReply	2093	COMMUNITY_REPORTED		CATALOG_NO_GETTER	2	0x143FB437A->0x146162150;0x143FB4382->0x143FC6550
0x143FB4786	0x143FB4740	0x143FB47CD	0x143FC6350	PROVIDER_UUID_CORRELATED	CDB85C6B-BDAC-4A55-8056-84302DF074B8	Javelin::ClientMessages::SpectatorModeComponentClientFacet_GetNextSpectatablePlayerReply	918	COMMUNITY_REPORTED		CATALOG_NO_GETTER	2	0x143FB474A->0x146162150;0x143FB4752->0x143FC6350
0x143FB4A86	0x143FB4A40	0x143FB4ACD	0x143FC6750	PROVIDER_UUID_CORRELATED	A7B4A367-B1D4-4340-AC21-A40274AD894D	Javelin::ClientMessages::SpectatorModeComponentClientFacet_HasDevPermissionsReply	4221	COMMUNITY_REPORTED		CATALOG_NO_GETTER	2	0x143FB4A4A->0x146162150;0x143FB4A52->0x143FC6750
0x143FB4C06	0x143FB4BC0	0x143FB4C4D	0x143FC7350	PROVIDER_UUID_CORRELATED	CD45E2BD-0BA9-48E9-B99F-771DE6CD1478	Javelin::ClientMessages::SpectatorModeComponentServerFacet_RequestEnterSpectatorModeMsg	4222	COMMUNITY_REPORTED		CATALOG_NO_GETTER	2	0x143FB4BCA->0x146162150;0x143FB4BD2->0x143FC7350
0x143FB4DE6	0x143FB4DA0	0x143FB4E2D	0x143FC6D50	PROVIDER_UUID_CORRELATED	49EDE1C5-389C-4CCB-8287-AF7CC7672298	Javelin::ClientMessages::SpectatorModeComponentServerFacet_RequestChangeSpectatorModeStateMsg	1324	COMMUNITY_REPORTED		CATALOG_NO_GETTER	2	0x143FB4DAA->0x146162150;0x143FB4DB2->0x143FC6D50
0x143FB4F96	0x143FB4F50	0x143FB4FDD	0x143FC7550	PROVIDER_UUID_CORRELATED	8CCB5CCD-CF87-4212-8A2C-4DD0E1463AFE	Javelin::ClientMessages::SpectatorModeComponentServerFacet_RequestExitSpectatorModeMsg	1243	COMMUNITY_REPORTED		CATALOG_NO_GETTER	2	0x143FB4F5A->0x146162150;0x143FB4F62->0x143FC7550
0x143FB5136	0x143FB50F0	0x143FB517D	0x143FC6F50	PROVIDER_UUID_CORRELATED	B4CCA937-3466-48D0-8C8D-677BE9AFDDDB	Javelin::ClientMessages::SpectatorModeComponentServerFacet_RequestCycleFocusedPlayerMsg	91	COMMUNITY_REPORTED		CATALOG_NO_GETTER	2	0x143FB50FA->0x146162150;0x143FB5102->0x143FC6F50
0x143FB52E6	0x143FB52A0	0x143FB532D	0x143FC7F50	PROVIDER_UUID_CORRELATED	994E9055-54F2-4259-A7BC-29103F6C9A9E	Javelin::ClientMessages::SpectatorModeComponentServerFacet_RequestIsSpectatorModePermitted	2840	COMMUNITY_REPORTED		CATALOG_NO_GETTER	2	0x143FB52AA->0x146162150;0x143FB52B2->0x143FC7F50
0x143FB5606	0x143FB55C0	0x143FB564D	0x143FC7D50	PROVIDER_UUID_CORRELATED	6EE8F8B3-58F8-4110-8FAF-C1810A284B99	Javelin::ClientMessages::SpectatorModeComponentServerFacet_RequestIsCharacterSpectatable	3589	COMMUNITY_REPORTED		CATALOG_NO_GETTER	2	0x143FB55CA->0x146162150;0x143FB55D2->0x143FC7D50
0x143FB5826	0x143FB57E0	0x143FB586D	0x143FC7950	PROVIDER_UUID_CORRELATED	26060F99-BB05-4F58-BB72-8ACAA5133A03	Javelin::ClientMessages::SpectatorModeComponentServerFacet_RequestGetSpectatablePlayer	2743	COMMUNITY_REPORTED		CATALOG_NO_GETTER	2	0x143FB57EA->0x146162150;0x143FB57F2->0x143FC7950
0x143FB59D6	0x143FB5990	0x143FB5A1D	0x143FC7750	PROVIDER_UUID_CORRELATED	C2AC40F3-6067-48F2-8DAA-96D37D0B83F4	Javelin::ClientMessages::SpectatorModeComponentServerFacet_RequestGetNextSpectatablePlayer	3449	COMMUNITY_REPORTED		CATALOG_NO_GETTER	2	0x143FB599A->0x146162150;0x143FB59A2->0x143FC7750
0x143FB5A86	0x143FB5A40	0x143FB5ACD	0x143FC7B50	PROVIDER_UUID_CORRELATED	61A2A4B4-BEBC-48D7-88C7-BC4479548B89	Javelin::ClientMessages::SpectatorModeComponentServerFacet_RequestHasDevPermissions	2706	COMMUNITY_REPORTED		CATALOG_NO_GETTER	2	0x143FB5A4A->0x146162150;0x143FB5A52->0x143FC7B50
0x143FB5C36	0x143FB5BF0	0x143FB5C7D	0x143FC7150	PROVIDER_UUID_CORRELATED	E5C3990D-88D4-43AE-97B3-670A9E207AC6	Javelin::ClientMessages::SpectatorModeComponentServerFacet_RequestDevPermissions	4224	COMMUNITY_REPORTED		CATALOG_NO_GETTER	2	0x143FB5BFA->0x146162150;0x143FB5C02->0x143FC7150
0x143FD2656	0x143FD2610	0x143FD269D	0x143FEA680	PROVIDER_UUID_CORRELATED	DDD46896-8DAD-4EE5-836E-341A72D44403	MB::StatMultiplierTableComponentReplicatedState	1525	COMMUNITY_REPORTED		CATALOG_NO_GETTER	2	0x143FD261A->0x146162150;0x143FD2622->0x143FEA680
0x143FD3776	0x143FD3730	0x143FD37BD	0x1431F3090	PROVIDER_UUID_CORRELATED	595B520B-02AD-4CAC-9FAA-097E2A38AF2B	Javelin::IStatusEffectsRemoteListener	2700	COMMUNITY_REPORTED		CATALOG_NO_GETTER	2	0x143FD373A->0x146162150;0x143FD3742->0x1431F3090
0x143FF6A76	0x143FF6A30	0x143FF6ABD	0x144027050	PROVIDER_UUID_CORRELATED	E550BEFA-14F1-431C-B097-20D6A8B4A21D	Javelin::ClientMessages::StatusEffectsComponentServerFacet_Debug_RemoveStatusEffectStack	4024	COMMUNITY_REPORTED		CATALOG_NO_GETTER	2	0x143FF6A3A->0x146162150;0x143FF6A42->0x144027050
0x143FF6B26	0x143FF6AE0	0x143FF6B6D	0x144026E50	PROVIDER_UUID_CORRELATED	7AF806E2-467E-4D58-94EB-4E20CDD68C95	Javelin::ClientMessages::StatusEffectsComponentServerFacet_Debug_RemoveAllStatusEffects	5380	COMMUNITY_REPORTED		CATALOG_NO_GETTER	2	0x143FF6AEA->0x146162150;0x143FF6AF2->0x144026E50
0x143FF6BD6	0x143FF6B90	0x143FF6C1D	0x144026C50	PROVIDER_UUID_CORRELATED	6BFC93DE-BE77-4EB1-A1CC-FD61A088E1E5	Javelin::ClientMessages::StatusEffectsComponentServerFacet_Debug_PauseStatusEffects	5729	COMMUNITY_REPORTED		CATALOG_NO_GETTER	2	0x143FF6B9A->0x146162150;0x143FF6BA2->0x144026C50
0x143FF6F06	0x143FF6EC0	0x143FF6F4D	0x144027450	PROVIDER_UUID_CORRELATED	083B78C1-6BFC-44E8-A14C-2B5AB66F1310	Javelin::ClientMessages::StatusEffectsComponentServerFacet_Debug_UnpauseStatusEffects	5727	COMMUNITY_REPORTED		CATALOG_NO_GETTER	2	0x143FF6ECA->0x146162150;0x143FF6ED2->0x144027450
0x143FF70F6	0x143FF70B0	0x143FF713D	0x144026250	PROVIDER_UUID_CORRELATED	1722829E-14E3-42F1-B7FD-CDC12EDFC9FE	Javelin::ClientMessages::StatusEffectsComponentServerFacet_DEBUG_SetDebuggerOptions	5056	COMMUNITY_REPORTED		CATALOG_NO_GETTER	2	0x143FF70BA->0x146162150;0x143FF70C2->0x144026250
0x143FF7296	0x143FF7250	0x143FF72DD	0x144026450	PROVIDER_UUID_CORRELATED	3453C575-AFBE-4285-BE5E-34CB7AE5F47A	Javelin::ClientMessages::StatusEffectsComponentServerFacet_DEBUG_TrackReplicatedUpdateCounts	5087	COMMUNITY_REPORTED		CATALOG_NO_GETTER	2	0x143FF725A->0x146162150;0x143FF7262->0x144026450
0x143FF73C6	0x143FF7380	0x143FF740D	0x144026050	PROVIDER_UUID_CORRELATED	35BBE7E7-5ABC-4B07-9B19-95F3BB06E968	Javelin::ClientMessages::StatusEffectsComponentServerFacet_DEBUG_RequestSyncStatusEffects	5293	COMMUNITY_REPORTED		CATALOG_NO_GETTER	2	0x143FF738A->0x146162150;0x143FF7392->0x144026050
0x143FF7656	0x143FF7610	0x143FF769D	0x144025E50	PROVIDER_UUID_CORRELATED	7D4F3FC4-D5BC-4D36-9E71-730506D50555	Javelin::ClientMessages::StatusEffectsComponentServerFacet_DEBUG_RequestSyncPausedStatusEffects	5730	COMMUNITY_REPORTED		CATALOG_NO_GETTER	2	0x143FF761A->0x146162150;0x143FF7622->0x144025E50
0x143FF78C6	0x143FF7880	0x143FF790D	0x144025A50	PROVIDER_UUID_CORRELATED	8074980B-8170-458E-96D4-8D3DD6734F77	Javelin::ClientMessages::StatusEffectsComponentClientFacet_Debug_SyncStatusEffects	5291	COMMUNITY_REPORTED		CATALOG_NO_GETTER	2	0x143FF788A->0x146162150;0x143FF7892->0x144025A50
0x143FF7A46	0x143FF7A00	0x143FF7A8D	0x144025850	PROVIDER_UUID_CORRELATED	8DB1BA41-899A-4E45-A172-C98A39AB8846	Javelin::ClientMessages::StatusEffectsComponentClientFacet_Debug_SyncPausedStatusEffects	5731	COMMUNITY_REPORTED		CATALOG_NO_GETTER	2	0x143FF7A0A->0x146162150;0x143FF7A12->0x144025850
0x143FF7D76	0x143FF7D30	0x143FF7DBD	0x144027650	PROVIDER_UUID_CORRELATED	9B9EF0B3-8D2E-488D-9504-276FEF4B8FBE	Javelin::ClientMessages::StatusEffectsComponentServerFacet_RequestTokenDebit	5818	COMMUNITY_REPORTED		CATALOG_NO_GETTER	2	0x143FF7D3A->0x146162150;0x143FF7D42->0x144027650
0x143FF7F36	0x143FF7EF0	0x143FF7F7D	0x144026850	PROVIDER_UUID_CORRELATED	304E136E-0EEB-4B44-8A24-878A03FEC2F8	Javelin::ClientMessages::StatusEffectsComponentServerFacet_Debug_IgnorePvpHealingBalance	6159	COMMUNITY_REPORTED		CATALOG_NO_GETTER	2	0x143FF7EFA->0x146162150;0x143FF7F02->0x144026850
0x143FF8246	0x143FF8200	0x143FF828D	0x144026A50	PROVIDER_UUID_CORRELATED	CB24D747-0BD9-4E29-9FF8-7F4AEC28CFF8	Javelin::ClientMessages::StatusEffectsComponentServerFacet_Debug_IgnorePvpStatusEffectBalance	6161	COMMUNITY_REPORTED		CATALOG_NO_GETTER	2	0x143FF820A->0x146162150;0x143FF8212->0x144026A50
0x143FFBE26	0x143FFBDE0	0x143FFBE6D	0x144025C50	PROVIDER_UUID_CORRELATED	E36B9CC4-082E-40F0-BA4F-5C5BE9CD3C16	MB::StatusEffectsComponentReplicatedState	4236	COMMUNITY_REPORTED		CATALOG_NO_GETTER	2	0x143FFBDEA->0x146162150;0x143FFBDF2->0x144025C50
0x143FFC276	0x143FFC230	0x143FFC2BD	0x144025650	PROVIDER_UUID_CORRELATED	7D15BC07-3E7C-4D46-AF05-CE5D4735367F	Javelin::ClientMessages::StatusEffectsComponentClientFacet_AdjustFXScripts	608	COMMUNITY_REPORTED		CATALOG_NO_GETTER	2	0x143FFC23A->0x146162150;0x143FFC242->0x144025650
0x143FFC5A6	0x143FFC560	0x143FFC5ED	0x144025250	PROVIDER_UUID_CORRELATED	9AFC7D88-1B27-4B1E-8CE7-D23B5BCD2676	Javelin::StatusEffectDetails	4230	COMMUNITY_REPORTED		CATALOG_NO_GETTER	2	0x143FFC56A->0x146162150;0x143FFC572->0x144025250
0x143FFC656	0x143FFC610	0x143FFC69D	0x144026650	PROVIDER_UUID_CORRELATED	AEAF08A1-6E1B-43DD-A312-CE408C537CB8	Javelin::ClientMessages::StatusEffectsComponentServerFacet_Debug_AddStatusEffects	3962	COMMUNITY_REPORTED		CATALOG_NO_GETTER	2	0x143FFC61A->0x146162150;0x143FFC622->0x144026650
0x143FFC876	0x143FFC830	0x143FFC8BD	0x144027250	PROVIDER_UUID_CORRELATED	58F7C543-3D53-48BA-8A15-FA7B1CC8CAFB	Javelin::ClientMessages::StatusEffectsComponentServerFacet_Debug_RemoveStatusEffects	4231	COMMUNITY_REPORTED		CATALOG_NO_GETTER	2	0x143FFC83A->0x146162150;0x143FFC842->0x144027250
0x14404D406	0x14404D3C0	0x14404D44D	0x1440623F0	PROVIDER_UUID_CORRELATED	F7F88499-D495-4F48-B115-048A42E9B200	Javelin::ClientMessages::DetectionVolumeTeleportComponentClientFacet_SyncDebugData	5001	COMMUNITY_REPORTED		CATALOG_NO_GETTER	2	0x14404D3CA->0x146162150;0x14404D3D2->0x1440623F0
0x14404E966	0x14404E920	0x14404E9AD	0x14306F7A0	PROVIDER_UUID_CORRELATED	2F62B5F8-2BD4-4C7B-BD77-54A666BDAE0D	Javelin::ITemporaryAffiliationRemoteListener	1707	COMMUNITY_REPORTED		CATALOG_NO_GETTER	2	0x14404E92A->0x146162150;0x14404E932->0x14306F7A0
0x14404F016	0x14404EFD0	0x14404F05D	0x1440629F0	PROVIDER_UUID_CORRELATED	9CB965E0-8EC0-4D53-AFF2-DA211595524B	Javelin::ClientMessages::TemporaryAffiliationComponentServerFacet_SetAffiliation	4239	COMMUNITY_REPORTED		CATALOG_NO_GETTER	2	0x14404EFDA->0x146162150;0x14404EFE2->0x1440629F0
0x14404F2A6	0x14404F260	0x14404F2ED	0x1440627F0	PROVIDER_UUID_CORRELATED	C2D23CEC-A4F5-4207-90EA-A997443B0879	Javelin::ClientMessages::TemporaryAffiliationComponentServerFacet_ClearAffiliation	4240	COMMUNITY_REPORTED		CATALOG_NO_GETTER	2	0x14404F26A->0x146162150;0x14404F272->0x1440627F0
0x14404F726	0x14404F6E0	0x14404F76D	0x1440625F0	PROVIDER_UUID_CORRELATED	109BA646-790B-40DC-8391-8A4DD640FFA8	MB::StealthInvisibilityComponentReplicatedState	6883	COMMUNITY_REPORTED		CATALOG_NO_GETTER	2	0x14404F6EA->0x146162150;0x14404F6F2->0x1440625F0
0x14404F8C6	0x14404F880	0x14404F90D	0x144062DF0	PROVIDER_UUID_CORRELATED	E45CAB41-47AC-4AC0-8CCF-276816ACAB0A	MB::TemporaryAffiliationReplicatedState	3563	COMMUNITY_REPORTED		CATALOG_NO_GETTER	2	0x14404F88A->0x146162150;0x14404F892->0x144062DF0
0x14406E2C6	0x14406E280	0x14406E30D	0x144085390	PROVIDER_UUID_CORRELATED	132DE332-3BC7-4C2F-A867-5093A3A9BF09	Javelin::ClientMessages::PlayerTimeComponentServerFacet_Debug_SetPlayerAgeDuration	6723	COMMUNITY_REPORTED		CATALOG_NO_GETTER	2	0x14406E28A->0x146162150;0x14406E292->0x144085390
0x14406EFD6	0x14406EF90	0x14406F01D	0x144085190	PROVIDER_UUID_CORRELATED	737D86A4-B063-49C1-AE69-E9EFA8ED11EC	MB::PlayerTimeComponentReplicatedState	3290	COMMUNITY_REPORTED		CATALOG_NO_GETTER	2	0x14406EF9A->0x146162150;0x14406EFA2->0x144085190
0x1440708A6	0x144070860	0x1440708ED	0x144085F90	PROVIDER_UUID_CORRELATED	37C7FB29-4AB6-4AF8-8A5C-DE867E2336F5	Javelin::TimeUpdateListenerComponentDelegate	4245	COMMUNITY_REPORTED		CATALOG_NO_GETTER	2	0x14407086A->0x146162150;0x144070872->0x144085F90
0x144070956	0x144070910	0x14407099D	0x143256600	PROVIDER_UUID_CORRELATED	B8554918-A523-43C7-8A4B-A492BF9A5EAC	Javelin::ITimeListener	2885	COMMUNITY_REPORTED		CATALOG_NO_GETTER	2	0x14407091A->0x146162150;0x144070922->0x143256600
0x144070A06	0x1440709C0	0x144070A4D	0x144085990	PROVIDER_UUID_CORRELATED	49A52E21-1EFC-4501-B58D-3D14E6B04236	Javelin::ClientMessages::TimeComponentClientFacet_SyncTimeChange	4246	COMMUNITY_REPORTED		CATALOG_NO_GETTER	2	0x1440709CA->0x146162150;0x1440709D2->0x144085990
0x144070C56	0x144070C10	0x144070C9D	0x144085590	PROVIDER_UUID_CORRELATED	DEEBDC36-DEA0-4852-84F6-A63ABEA5E8BA	Javelin::ClientMessages::TimeComponentClientFacet_SyncDayPhase	4247	COMMUNITY_REPORTED		CATALOG_NO_GETTER	2	0x144070C1A->0x146162150;0x144070C22->0x144085590
0x144070E76	0x144070E30	0x144070EBD	0x144085790	PROVIDER_UUID_CORRELATED	32096077-F75C-4BF7-A444-EC738F237632	Javelin::ClientMessages::TimeComponentClientFacet_SyncTimeAndPhase	7036	COMMUNITY_REPORTED		CATALOG_NO_GETTER	2	0x144070E3A->0x146162150;0x144070E42->0x144085790
0x144070F26	0x144070EE0	0x144070F6D	0x144085B90	PROVIDER_UUID_CORRELATED	5AFEA411-9BF6-4DBE-AF48-B8CB7EE0F6A3	Javelin::ClientMessages::TimeComponentServerFacet_SyncToClient	4248	COMMUNITY_REPORTED		CATALOG_NO_GETTER	2	0x144070EEA->0x146162150;0x144070EF2->0x144085B90
0x144090246	0x144090200	0x14409028D	0x1440A0840	PROVIDER_UUID_CORRELATED	83DA3AAA-76CA-45B2-A393-3DA5516DF8AA	MB::TippingPoolComponentReplicatedState	5027	COMMUNITY_REPORTED		CATALOG_NO_GETTER	2	0x14409020A->0x146162150;0x144090212->0x1440A0840
0x1440A79D6	0x1440A7990	0x1440A7A1D	0x1440D66C0	PROVIDER_UUID_CORRELATED	A7B26751-0140-48BD-9A8F-34F59EE80D80	MB::CampingComponentReplicatedState	1292	COMMUNITY_REPORTED		CATALOG_NO_GETTER	2	0x1440A799A->0x146162150;0x1440A79A2->0x1440D66C0
0x1440AA336	0x1440AA2F0	0x1440AA37D	0x1440D8EC0	PROVIDER_UUID_CORRELATED	4EB10812-50BB-410F-8782-1FC556BF5F22	Javelin::P2PTradeReplicatedState	4251	COMMUNITY_REPORTED		CATALOG_NO_GETTER	2	0x1440AA2FA->0x146162150;0x1440AA302->0x1440D8EC0
0x1440AA3E6	0x1440AA3A0	0x1440AA42D	0x1440D94C0	PROVIDER_UUID_CORRELATED	A590D97D-0183-4653-9729-0B45F5DE613D	Javelin::ClientMessages::TestTransactorComponentServerFacet_StartTrade	4259	COMMUNITY_REPORTED		CATALOG_NO_GETTER	2	0x1440AA3AA->0x146162150;0x1440AA3B2->0x1440D94C0
0x1440AA636	0x1440AA5F0	0x1440AA67D	0x1440D96C0	PROVIDER_UUID_CORRELATED	22FF1D81-7863-4473-B57A-66DBB31B7A35	Javelin::ClientMessages::TestTransactorComponentServerFacet_StartTradeWithActor	3869	COMMUNITY_REPORTED		CATALOG_NO_GETTER	2	0x1440AA5FA->0x146162150;0x1440AA602->0x1440D96C0
0x1440AA9B6	0x1440AA970	0x1440AA9FD	0x1440D98C0	PROVIDER_UUID_CORRELATED	E6478459-6717-4DCD-8C16-20FE99858AF4	Javelin::ClientMessages::TestTransactorComponentServerFacet_TakeAllFromActor	4220	COMMUNITY_REPORTED		CATALOG_NO_GETTER	2	0x1440AA97A->0x146162150;0x1440AA982->0x1440D98C0
0x1440AAAF6	0x1440AAAB0	0x1440AAB3D	0x1440D8CC0	PROVIDER_UUID_CORRELATED	0547B0C7-4FFE-402C-8793-2A1A111E6B43	Javelin::ClientMessages::P2PTradeComponentServerFacet_UpdateOfferedItems	1437	COMMUNITY_REPORTED		CATALOG_NO_GETTER	2	0x1440AAABA->0x146162150;0x1440AAAC2->0x1440D8CC0
0x1440AABE6	0x1440AABA0	0x1440AAC2D	0x1440D92C0	PROVIDER_UUID_CORRELATED	03A09D8D-64AE-4852-B9C8-DB762B3EC399	Javelin::ClientMessages::TestTransactorComponentServerFacet_StartAbortingTradeWithActor	4260	COMMUNITY_REPORTED		CATALOG_NO_GETTER	2	0x1440AABAA->0x146162150;0x1440AABB2->0x1440D92C0
0x1440AAC96	0x1440AAC50	0x1440AACDD	0x1440D8AC0	PROVIDER_UUID_CORRELATED	B4E5846F-8387-4859-8B48-E7FA51AD7482	Javelin::ClientMessages::P2PTradeComponentServerFacet_UpdateOfferedCoin	122	COMMUNITY_REPORTED		CATALOG_NO_GETTER	2	0x1440AAC5A->0x146162150;0x1440AAC62->0x1440D8AC0
0x1440AAEC6	0x1440AAE80	0x1440AAF0D	0x1440D90C0	PROVIDER_UUID_CORRELATED	8C1748EB-6BD7-46CE-A48B-F55F3ABF74DD	Javelin::ClientMessages::TestTransactorComponentServerFacet_ResetAborts	4261	COMMUNITY_REPORTED		CATALOG_NO_GETTER	2	0x1440AAE8A->0x146162150;0x1440AAE92->0x1440D90C0
0x1440AB006	0x1440AAFC0	0x1440AB04D	0x1440D82C0	PROVIDER_UUID_CORRELATED	57BBB19F-473C-4659-B254-466D18F6645E	Javelin::ClientMessages::P2PTradeComponentServerFacet_CancelOfferLockIn	5263	COMMUNITY_REPORTED		CATALOG_NO_GETTER	2	0x1440AAFCA->0x146162150;0x1440AAFD2->0x1440D82C0
0x1440AB316	0x1440AB2D0	0x1440AB35D	0x1440D88C0	PROVIDER_UUID_CORRELATED	3C90AB64-9D05-4FB9-957D-C04940F6CB39	Javelin::ClientMessages::P2PTradeComponentServerFacet_LockInOffer	4202	COMMUNITY_REPORTED		CATALOG_NO_GETTER	2	0x1440AB2DA->0x146162150;0x1440AB2E2->0x1440D88C0
0x1440AB536	0x1440AB4F0	0x1440AB57D	0x1440D86C0	PROVIDER_UUID_CORRELATED	9CDEDAD2-DBB9-4193-B739-B9DB05438D40	Javelin::ClientMessages::P2PTradeComponentServerFacet_ConfirmTrade	495	COMMUNITY_REPORTED		CATALOG_NO_GETTER	2	0x1440AB4FA->0x146162150;0x1440AB502->0x1440D86C0
0x1440AB8C6	0x1440AB880	0x1440AB90D	0x1440D84C0	PROVIDER_UUID_CORRELATED	017C1FC4-F336-491D-A60A-FA9675E54A81	Javelin::ClientMessages::P2PTradeComponentServerFacet_CancelTrade	4252	COMMUNITY_REPORTED		CATALOG_NO_GETTER	2	0x1440AB88A->0x146162150;0x1440AB892->0x1440D84C0
0x1440ABC86	0x1440ABC40	0x1440ABCCD	0x1440D7CC0	PROVIDER_UUID_CORRELATED	08F48E7B-C9F6-4C2C-9980-B4605E9D7705	Javelin::ClientMessages::P2PTradeComponentClientFacet_OnTradeSessionStarted	2652	COMMUNITY_REPORTED		CATALOG_NO_GETTER	2	0x1440ABC4A->0x146162150;0x1440ABC52->0x1440D7CC0
0x1440ABF16	0x1440ABED0	0x1440ABF5D	0x1440D80C0	PROVIDER_UUID_CORRELATED	CBD934A1-071D-47DA-A2D4-93EB0A7713A8	Javelin::ClientMessages::P2PTradeComponentClientFacet_OnUpdateOfferedItemsResponse	688	COMMUNITY_REPORTED		CATALOG_NO_GETTER	2	0x1440ABEDA->0x146162150;0x1440ABEE2->0x1440D80C0
0x1440AC096	0x1440AC050	0x1440AC0DD	0x1440D7EC0	PROVIDER_UUID_CORRELATED	D5148693-D1E1-4A76-A66F-B9B32A5FF547	Javelin::ClientMessages::P2PTradeComponentClientFacet_OnUpdateOfferedCoinResponse	4253	COMMUNITY_REPORTED		CATALOG_NO_GETTER	2	0x1440AC05A->0x146162150;0x1440AC062->0x1440D7EC0
0x1440AC1D6	0x1440AC190	0x1440AC21D	0x1440D70C0	PROVIDER_UUID_CORRELATED	B2FAD1D8-C2EA-4CF3-95A6-650B726AFF3B	Javelin::ClientMessages::P2PTradeComponentClientFacet_OnCancelOfferLockInResponse	5264	COMMUNITY_REPORTED		CATALOG_NO_GETTER	2	0x1440AC19A->0x146162150;0x1440AC1A2->0x1440D70C0
0x1440AC2C6	0x1440AC280	0x1440AC30D	0x1440D76C0	PROVIDER_UUID_CORRELATED	8EDF5A53-C4D6-40ED-96B5-2C0A386FA350	Javelin::ClientMessages::P2PTradeComponentClientFacet_OnLockInOfferResponse	3364	COMMUNITY_REPORTED		CATALOG_NO_GETTER	2	0x1440AC28A->0x146162150;0x1440AC292->0x1440D76C0
0x1440AC4B6	0x1440AC470	0x1440AC4FD	0x1440D72C0	PROVIDER_UUID_CORRELATED	DDABE218-601A-4B38-A1A0-6BBBD6BD46E5	Javelin::ClientMessages::P2PTradeComponentClientFacet_OnConfirmTradeResponse	4254	COMMUNITY_REPORTED		CATALOG_NO_GETTER	2	0x1440AC47A->0x146162150;0x1440AC482->0x1440D72C0
0x1440AC936	0x1440AC8F0	0x1440AC97D	0x1440D78C0	PROVIDER_UUID_CORRELATED	5DB73BD7-8629-4DB4-A6CE-8A16C5CBC92B	Javelin::ClientMessages::P2PTradeComponentClientFacet_OnOtherPlayerConfirmed	3506	COMMUNITY_REPORTED		CATALOG_NO_GETTER	2	0x1440AC8FA->0x146162150;0x1440AC902->0x1440D78C0
0x1440ACAB6	0x1440ACA70	0x1440ACAFD	0x1440D7AC0	PROVIDER_UUID_CORRELATED	CE379ECE-DAD0-4527-BE01-BCDFA72CF9C4	Javelin::ClientMessages::P2PTradeComponentClientFacet_OnTradeSessionEnded	2179	COMMUNITY_REPORTED		CATALOG_NO_GETTER	2	0x1440ACA7A->0x146162150;0x1440ACA82->0x1440D7AC0
0x1440ACF06	0x1440ACEC0	0x1440ACF4D	0x1440D74C0	PROVIDER_UUID_CORRELATED	7B53CB21-D218-4BDA-B3B8-B51560161A7C	Javelin::ClientMessages::P2PTradeComponentClientFacet_OnItemsOverflowed	4255	COMMUNITY_REPORTED		CATALOG_NO_GETTER	2	0x1440ACECA->0x146162150;0x1440ACED2->0x1440D74C0
0x1440AE4B6	0x1440AE470	0x1440AE4FD	0x1440D62C0	PROVIDER_UUID_CORRELATED	7556B933-3363-4353-9660-01D5A005CAD1	Javelin::ClientMessages::CampingComponentClientFacet_CampReconnectFailure	4249	COMMUNITY_REPORTED		CATALOG_NO_GETTER	2	0x1440AE47A->0x146162150;0x1440AE482->0x1440D62C0
0x1440AE656	0x1440AE610	0x1440AE69D	0x1440D64C0	PROVIDER_UUID_CORRELATED	FB3E2E88-0542-431D-9CB4-B832844A972A	Javelin::ClientMessages::CampingComponentClientFacet_DemolishCamp	6760	COMMUNITY_REPORTED		CATALOG_NO_GETTER	2	0x1440AE61A->0x146162150;0x1440AE622->0x1440D64C0
0x1440AE706	0x1440AE6C0	0x1440AE74D	0x1440D6CC0	PROVIDER_UUID_CORRELATED	A8D6343B-C580-43D0-89E1-6B1E6E3711A5	Javelin::ClientMessages::CampingComponentServerFacet_RequestDemolishCamp	721	COMMUNITY_REPORTED		CATALOG_NO_GETTER	2	0x1440AE6CA->0x146162150;0x1440AE6D2->0x1440D6CC0
0x1440AE7B6	0x1440AE770	0x1440AE7FD	0x1440D6EC0	PROVIDER_UUID_CORRELATED	39A06E89-42A8-444A-9BE5-EC5504AC73A5	Javelin::ClientMessages::CampingComponentServerFacet_RequestSetCampSkinId	742	COMMUNITY_REPORTED		CATALOG_NO_GETTER	2	0x1440AE77A->0x146162150;0x1440AE782->0x1440D6EC0
0x1440AE866	0x1440AE820	0x1440AE8AD	0x1440D68C0	PROVIDER_UUID_CORRELATED	70C1EB03-9E56-4CCC-8DDF-C2BBA9BF7155	Javelin::ClientMessages::CampingComponentServerFacet_RequestDebugInstantBuildCamp	6106	COMMUNITY_REPORTED		CATALOG_NO_GETTER	2	0x1440AE82A->0x146162150;0x1440AE832->0x1440D68C0
0x1440AE916	0x1440AE8D0	0x1440AE95D	0x1440D6AC0	PROVIDER_UUID_CORRELATED	4A283796-4021-4904-8EB2-FC9986D640E3	Javelin::ClientMessages::CampingComponentServerFacet_RequestDebugResetCampBindCooldown	6835	COMMUNITY_REPORTED		CATALOG_NO_GETTER	2	0x1440AE8DA->0x146162150;0x1440AE8E2->0x1440D6AC0
0x1440EC1C6	0x1440EC180	0x1440EC20D	0x1441211B0	PROVIDER_UUID_CORRELATED	B7292CB1-85E2-4924-9E7E-6392D0ABBFB0	Javelin::ClientMessages::TransmogComponentServerFacet_DebugCaptureSkin	5931	COMMUNITY_REPORTED		CATALOG_NO_GETTER	2	0x1440EC18A->0x146162150;0x1440EC192->0x1441211B0
0x1440EC346	0x1440EC300	0x1440EC38D	0x144121FB0	PROVIDER_UUID_CORRELATED	6C2ED568-2CBD-434A-82C4-DC2ABAC3F827	Javelin::ClientMessages::TransmogComponentServerFacet_DebugUnlockSkin	5939	COMMUNITY_REPORTED		CATALOG_NO_GETTER	2	0x1440EC30A->0x146162150;0x1440EC312->0x144121FB0
0x1440EC3F6	0x1440EC3B0	0x1440EC43D	0x144121BB0	PROVIDER_UUID_CORRELATED	378AE8DB-6F53-4DB0-B499-E7F3702897E7	Javelin::ClientMessages::TransmogComponentServerFacet_DebugServiceCaptureSkin	5932	COMMUNITY_REPORTED		CATALOG_NO_GETTER	2	0x1440EC3BA->0x146162150;0x1440EC3C2->0x144121BB0
0x1440EC576	0x1440EC530	0x1440EC5BD	0x144121DB0	PROVIDER_UUID_CORRELATED	8BBC29BA-6792-4882-B968-EEFA890B0061	Javelin::ClientMessages::TransmogComponentServerFacet_DebugServiceUnlockSkin	5940	COMMUNITY_REPORTED		CATALOG_NO_GETTER	2	0x1440EC53A->0x146162150;0x1440EC542->0x144121DB0
0x1440EC696	0x1440EC650	0x1440EC6DD	0x1441213B0	PROVIDER_UUID_CORRELATED	CCD33810-0A52-4D71-8FC4-2BF0A8A14F5A	Javelin::ClientMessages::TransmogComponentServerFacet_DebugConvertData	5999	COMMUNITY_REPORTED		CATALOG_NO_GETTER	2	0x1440EC65A->0x146162150;0x1440EC662->0x1441213B0
0x1440ECC76	0x1440ECC30	0x1440ECCBD	0x1441219B0	PROVIDER_UUID_CORRELATED	2A5E024C-727D-4985-AC72-6B4EDA88C2F2	Javelin::ClientMessages::TransmogComponentServerFacet_DebugRequestTransmogData	6283	COMMUNITY_REPORTED		CATALOG_NO_GETTER	2	0x1440ECC3A->0x146162150;0x1440ECC42->0x1441219B0
0x1440F16A6	0x1440F1660	0x1440F16ED	0x1427FB840	PROVIDER_UUID_CORRELATED	B566929B-4CB5-43E5-98B2-7F061ADCE785	Javelin::ITransactionListener	1698	COMMUNITY_REPORTED		CATALOG_NO_GETTER	2	0x1440F166A->0x146162150;0x1440F1672->0x1427FB840
0x1440F19A6	0x1440F1960	0x1440F19ED	0x14411F9B0	PROVIDER_UUID_CORRELATED	7FC487AB-F026-4177-B7C7-91466A1C5699	Javelin::ClientMessages::TransactionComponentServerFacet_AddBouncer	537	COMMUNITY_REPORTED		CATALOG_NO_GETTER	2	0x1440F196A->0x146162150;0x1440F1972->0x14411F9B0
0x1440F1CD6	0x1440F1C90	0x1440F1D1D	0x14411FFB0	PROVIDER_UUID_CORRELATED	36F67A19-CECC-41E8-8DAC-BE07C7E27C1F	Javelin::ClientMessages::TransactionComponentServerFacet_RemoveBouncer	3356	COMMUNITY_REPORTED		CATALOG_NO_GETTER	2	0x1440F1C9A->0x146162150;0x1440F1CA2->0x14411FFB0
0x1440F2026	0x1440F1FE0	0x1440F206D	0x14411FDB0	PROVIDER_UUID_CORRELATED	CF8B4494-DD73-4AD2-9ECF-CD33C9E1F2EB	Javelin::ClientMessages::TransactionComponentServerFacet_DebugSetFailJoinTransactions	5110	COMMUNITY_REPORTED		CATALOG_NO_GETTER	2	0x1440F1FEA->0x146162150;0x1440F1FF2->0x14411FDB0
0x1440F2286	0x1440F2240	0x1440F22CD	0x14411FBB0	PROVIDER_UUID_CORRELATED	466299EA-CDC7-4CBF-B6EE-946653BDE9D9	Javelin::ClientMessages::TransactionComponentServerFacet_DebugSetFailCommitTransactions	5105	COMMUNITY_REPORTED		CATALOG_NO_GETTER	2	0x1440F224A->0x146162150;0x1440F2252->0x14411FBB0
0x1440F2796	0x1440F2750	0x1440F27DD	0x144120BB0	PROVIDER_UUID_CORRELATED	DEE6E179-3D80-4160-9BAD-CC5DA6B60C46	MB::TransmogComponentReplicatedState	5691	COMMUNITY_REPORTED		CATALOG_NO_GETTER	2	0x1440F275A->0x146162150;0x1440F2762->0x144120BB0
0x1440F28D6	0x1440F2890	0x1440F291D	0x14411F7B0	PROVIDER_UUID_CORRELATED	3C37A072-2659-448B-B17A-F2A57393F948	MB::TestTransactorComponentReplicatedState	4263	COMMUNITY_REPORTED		CATALOG_NO_GETTER	2	0x1440F289A->0x146162150;0x1440F28A2->0x14411F7B0
0x1440F3726	0x1440F36E0	0x1440F376D	0x14411EBB0	PROVIDER_UUID_CORRELATED	8A5D7FDB-0290-4602-820F-12982B7E5744	Javelin::ClientMessages::SlopeSliderComponentClientFacet_ClientSyncServerState	3669	COMMUNITY_REPORTED		CATALOG_NO_GETTER	2	0x1440F36EA->0x146162150;0x1440F36F2->0x14411EBB0
0x1440F37E6	0x1440F37A0	0x1440F382D	0x14411E9B0	PROVIDER_UUID_CORRELATED	E76B46F8-2359-42F5-BE69-2BE02B1E5E24	Javelin::ClientMessages::SlopeSliderComponentClientFacet_ClientForceSyncServerState	4266	COMMUNITY_REPORTED		CATALOG_NO_GETTER	2	0x1440F37AA->0x146162150;0x1440F37B2->0x14411E9B0
0x1440F3896	0x1440F3850	0x1440F38DD	0x14411F5B0	PROVIDER_UUID_CORRELATED	481B783F-1933-43C7-9AEB-0C788450F3E7	Javelin::ClientMessages::SlopeSliderComponentServerFacet_ForceServerSyncRequestedFromClient	4267	COMMUNITY_REPORTED		CATALOG_NO_GETTER	2	0x1440F385A->0x146162150;0x1440F3862->0x14411F5B0
0x1440F3A36	0x1440F39F0	0x1440F3A7D	0x14411F1B0	PROVIDER_UUID_CORRELATED	0C22F027-BC53-4F4A-ACBE-D5386FE20C85	Javelin::ClientMessages::SlopeSliderComponentServerFacet_DebugOnSlopeYawSmoothTimeChanged	4268	COMMUNITY_REPORTED		CATALOG_NO_GETTER	2	0x1440F39FA->0x146162150;0x1440F3A02->0x14411F1B0
0x1440F3BD6	0x1440F3B90	0x1440F3C1D	0x1441223B0	PROVIDER_UUID_CORRELATED	24D0CD57-6FCA-4CB3-A413-B24931772548	Javelin::ClientMessages::TransmogComponentServerFacet_EnableItemSkin	5692	COMMUNITY_REPORTED		CATALOG_NO_GETTER	2	0x1440F3B9A->0x146162150;0x1440F3BA2->0x1441223B0
0x1440F3C86	0x1440F3C40	0x1440F3CCD	0x14411EDB0	PROVIDER_UUID_CORRELATED	38E6BB0E-A601-434A-B88C-F0E2F79A0D48	Javelin::ClientMessages::SlopeSliderComponentServerFacet_DebugOnSlopePitchSmoothTimeChanged	855	COMMUNITY_REPORTED		CATALOG_NO_GETTER	2	0x1440F3C4A->0x146162150;0x1440F3C52->0x14411EDB0
0x1440F3D36	0x1440F3CF0	0x1440F3D7D	0x1441221B0	PROVIDER_UUID_CORRELATED	99BAEFEE-F710-4995-9DFC-F9A61661A30F	Javelin::ClientMessages::TransmogComponentServerFacet_DisableItemSkin	5693	COMMUNITY_REPORTED		CATALOG_NO_GETTER	2	0x1440F3CFA->0x146162150;0x1440F3D02->0x1441221B0
0x1440F3E66	0x1440F3E20	0x1440F3EAD	0x14411F3B0	PROVIDER_UUID_CORRELATED	7BD7FE62-009F-45DD-A3DC-150E3A2024B8	Javelin::ClientMessages::SlopeSliderComponentServerFacet_DebugOnlySlideOnTerrainChanged	332	COMMUNITY_REPORTED		CATALOG_NO_GETTER	2	0x1440F3E2A->0x146162150;0x1440F3E32->0x14411F3B0
0x1440F3F16	0x1440F3ED0	0x1440F3F5D	0x1441225B0	PROVIDER_UUID_CORRELATED	1F79C457-76CF-4FB6-A1D2-3ED3F80A3FDA	Javelin::ClientMessages::TransmogComponentServerFacet_UnlockTransmogSkin	5787	COMMUNITY_REPORTED		CATALOG_NO_GETTER	2	0x1440F3EDA->0x146162150;0x1440F3EE2->0x1441225B0
0x1440F42A6	0x1440F4260	0x1440F42ED	0x14411EFB0	PROVIDER_UUID_CORRELATED	C6DE5CEF-1F60-4CF4-8497-E4301E3A44FD	Javelin::ClientMessages::SlopeSliderComponentServerFacet_DebugOnSlopeRelativeMotionDataChanged	4270	COMMUNITY_REPORTED		CATALOG_NO_GETTER	2	0x1440F426A->0x146162150;0x1440F4272->0x14411EFB0
0x1440F4356	0x1440F4310	0x1440F439D	0x1441201B0	PROVIDER_UUID_CORRELATED	9F5C78B5-8C5B-4FAF-904C-CDFBC585D818	Javelin::ClientMessages::TransmogComponentClientFacet_OnEnableSkinError	5694	COMMUNITY_REPORTED		CATALOG_NO_GETTER	2	0x1440F431A->0x146162150;0x1440F4322->0x1441201B0
0x1440F46C6	0x1440F4680	0x1440F470D	0x1441203B0	PROVIDER_UUID_CORRELATED	E745D99E-634B-4BB5-A41B-CFE5E50FE62E	Javelin::ClientMessages::TransmogComponentClientFacet_OnEnableSkinSuccess	5985	COMMUNITY_REPORTED		CATALOG_NO_GETTER	2	0x1440F468A->0x146162150;0x1440F4692->0x1441203B0
0x1440F4776	0x1440F4730	0x1440F47BD	0x1441209B0	PROVIDER_UUID_CORRELATED	07678CD3-4EC9-48B4-8823-563F1F8E514F	Javelin::ClientMessages::TransmogComponentClientFacet_OnUnlockTransmogSkin	5700	COMMUNITY_REPORTED		CATALOG_NO_GETTER	2	0x1440F473A->0x146162150;0x1440F4742->0x1441209B0
0x1440F4826	0x1440F47E0	0x1440F486D	0x1441207B0	PROVIDER_UUID_CORRELATED	86C2248D-9778-4A11-AE05-9733C1CE579A	Javelin::ClientMessages::TransmogComponentClientFacet_OnSkinDye	6147	COMMUNITY_REPORTED		CATALOG_NO_GETTER	2	0x1440F47EA->0x146162150;0x1440F47F2->0x1441207B0
0x1440F4A36	0x1440F49F0	0x1440F4A7D	0x1441205B0	PROVIDER_UUID_CORRELATED	3B16F714-2971-40AC-9469-DAB7A0D4E6E6	Javelin::ClientMessages::TransmogComponentClientFacet_OnReceivedTransmogData	6282	COMMUNITY_REPORTED		CATALOG_NO_GETTER	2	0x1440F49FA->0x146162150;0x1440F4A02->0x1441205B0
0x1440F4DB6	0x1440F4D70	0x1440F4DFD	0x144120DB0	PROVIDER_UUID_CORRELATED	FE5AF881-AC1C-4E7C-B066-70F5760250E5	Javelin::ClientMessages::TransmogComponentServerFacet_DebugCaptureAllSkins	5739	COMMUNITY_REPORTED		CATALOG_NO_GETTER	2	0x1440F4D7A->0x146162150;0x1440F4D82->0x144120DB0
0x1440F4ED6	0x1440F4E90	0x1440F4F1D	0x1441215B0	PROVIDER_UUID_CORRELATED	61714F25-05F7-44F2-A29F-DFBF52BC9AAB	Javelin::ClientMessages::TransmogComponentServerFacet_DebugOwnAllSkins	5839	COMMUNITY_REPORTED		CATALOG_NO_GETTER	2	0x1440F4E9A->0x146162150;0x1440F4EA2->0x1441215B0
0x1440F5356	0x1440F5310	0x1440F539D	0x144120FB0	PROVIDER_UUID_CORRELATED	8C315064-B3CA-419F-B280-6340381B8CCD	Javelin::ClientMessages::TransmogComponentServerFacet_DebugCaptureRandomSkins	5951	COMMUNITY_REPORTED		CATALOG_NO_GETTER	2	0x1440F531A->0x146162150;0x1440F5322->0x144120FB0
0x1440F5406	0x1440F53C0	0x1440F544D	0x1441217B0	PROVIDER_UUID_CORRELATED	F7EF6AE4-7891-4FDE-B1FF-49E42097DE8E	Javelin::ClientMessages::TransmogComponentServerFacet_DebugOwnRandomSkins	5950	COMMUNITY_REPORTED		CATALOG_NO_GETTER	2	0x1440F53CA->0x146162150;0x1440F53D2->0x1441217B0
0x144145526	0x1441454E0	0x14414556D	0x1441625D0	PROVIDER_UUID_CORRELATED	A2C29D1C-33BB-485E-9FC5-89FA653419A5	Javelin::ClientMessages::PlayerTurretComponentServerFacet_ReceiveInput	4273	COMMUNITY_REPORTED		CATALOG_NO_GETTER	2	0x1441454EA->0x146162150;0x1441454F2->0x1441625D0
0x1441456C6	0x144145680	0x14414570D	0x1441623D0	PROVIDER_UUID_CORRELATED	E4B90A83-418B-4886-A76C-A1C2F9C89700	Javelin::ClientMessages::PlayerTurretComponentServerFacet_FireProjectile	4274	COMMUNITY_REPORTED		CATALOG_NO_GETTER	2	0x14414568A->0x146162150;0x144145692->0x1441623D0
0x144145776	0x144145730	0x1441457BD	0x1441629D0	PROVIDER_UUID_CORRELATED	BB9C740C-E54A-44AD-90FF-B3CE6B8C770A	Javelin::ClientMessages::PlayerTurretComponentServerFacet_ReceiveRepeaterInput	4145	COMMUNITY_REPORTED		CATALOG_NO_GETTER	2	0x14414573A->0x146162150;0x144145742->0x1441629D0
0x144145946	0x144145900	0x14414598D	0x1441627D0	PROVIDER_UUID_CORRELATED	F9669D1E-DA2B-4473-A3D8-8D3DEA720C37	Javelin::ClientMessages::PlayerTurretComponentServerFacet_ReceiveRepeaterFireInput	2834	COMMUNITY_REPORTED		CATALOG_NO_GETTER	2	0x14414590A->0x146162150;0x144145912->0x1441627D0
0x1441459F6	0x1441459B0	0x144145A3D	0x144162DD0	PROVIDER_UUID_CORRELATED	3DB67679-74D3-461C-B3D6-DB1A7FE19CFD	Javelin::ClientMessages::PlayerTurretComponentServerFacet_RequestFireSpeedChange	3017	COMMUNITY_REPORTED		CATALOG_NO_GETTER	2	0x1441459BA->0x146162150;0x1441459C2->0x144162DD0
0x144145AA6	0x144145A60	0x144145AED	0x144162BD0	PROVIDER_UUID_CORRELATED	F9E4B091-5131-4898-B389-DC25CD0BF38A	Javelin::ClientMessages::PlayerTurretComponentServerFacet_RequestAmmoRefill	2175	COMMUNITY_REPORTED		CATALOG_NO_GETTER	2	0x144145A6A->0x146162150;0x144145A72->0x144162BD0
0x144146DC6	0x144146D80	0x144146E0D	0x1441635D0	PROVIDER_UUID_CORRELATED	E01BE275-B0B9-46F4-A25A-AD2C681F1F29	Javelin::ClientMessages::TurretComponentServerFacet_DEBUG_DrawProjectileSpawner	4275	COMMUNITY_REPORTED		CATALOG_NO_GETTER	2	0x144146D8A->0x146162150;0x144146D92->0x1441635D0
0x144146E76	0x144146E30	0x144146EBD	0x1441633D0	PROVIDER_UUID_CORRELATED	2D7D192B-E5BE-4C86-95C0-87F76096C755	Javelin::ClientMessages::TurretComponentClientFacet_OnHitscanServerResult	2720	COMMUNITY_REPORTED		CATALOG_NO_GETTER	2	0x144146E3A->0x146162150;0x144146E42->0x1441633D0
0x144149086	0x144149040	0x1441490CD	0x144162FD0	PROVIDER_UUID_CORRELATED	67A1AEFF-DCA3-4FC3-A3E1-9DC6E4C34A3F	Javelin::ClientMessages::TraversalComponentServerFacet_ReceiveUseTraversalRaycastFromClient	3920	COMMUNITY_REPORTED		CATALOG_NO_GETTER	2	0x14414904A->0x146162150;0x144149052->0x144162FD0
0x144149316	0x1441492D0	0x14414935D	0x1441631D0	PROVIDER_UUID_CORRELATED	6E9C33D1-48F0-45FF-977E-0DF99D687B84	Javelin::ClientMessages::TraversalComponentServerFacet_SyncIsAutoTraversalEnabled	4272	COMMUNITY_REPORTED		CATALOG_NO_GETTER	2	0x1441492DA->0x146162150;0x1441492E2->0x1441631D0
0x144172836	0x1441727F0	0x14417287D	0x144181450	PROVIDER_UUID_CORRELATED	DAA422BC-F535-4E4B-BC18-A351FD0471C4	Javelin::ClientMessages::TutorialAIComponentClientFacet_OnPlayerSeenByAI	955	COMMUNITY_REPORTED		CATALOG_NO_GETTER	2	0x1441727FA->0x146162150;0x144172802->0x144181450
0x1441728E6	0x1441728A0	0x14417292D	0x144181850	PROVIDER_UUID_CORRELATED	803D28F7-2A71-4A2E-818F-A27946B651FD	Javelin::ClientMessages::TutorialAIComponentServerFacet_SetBehavior	1884	COMMUNITY_REPORTED		CATALOG_NO_GETTER	2	0x1441728AA->0x146162150;0x1441728B2->0x144181850
0x144172996	0x144172950	0x1441729DD	0x144181650	PROVIDER_UUID_CORRELATED	C8C2FE27-1FCC-43A2-BF1E-AA1421A6228F	Javelin::ClientMessages::TutorialAIComponentServerFacet_MoveLootTowardsPlayer	2287	COMMUNITY_REPORTED		CATALOG_NO_GETTER	2	0x14417295A->0x146162150;0x144172962->0x144181650
0x144172B76	0x144172B30	0x144172BBD	0x1441637D0	PROVIDER_UUID_CORRELATED	DEDE8147-D79D-44AA-AF9C-634C2089778A	Javelin::TurretMessageHandler	55	COMMUNITY_REPORTED		CATALOG_NO_GETTER	2	0x144172B3A->0x146162150;0x144172B42->0x1441637D0
0x144172F46	0x144172F00	0x144172F8D	0x144181250	PROVIDER_UUID_CORRELATED	A9F8D205-2922-41E1-B8C2-0DFAF1CC8475	MB::TurretReplicatedState	4276	COMMUNITY_REPORTED		CATALOG_NO_GETTER	2	0x144172F0A->0x146162150;0x144172F12->0x144181250
0x144189CD6	0x144189C90	0x144189D1D	0x14419EF60	PROVIDER_UUID_CORRELATED	730C9172-5641-47E9-A194-F81DFE67075E	Javelin::ClientMessages::UIActionManagerComponentServerFacet_RequestUIActionChange	4279	COMMUNITY_REPORTED		CATALOG_NO_GETTER	2	0x144189C9A->0x146162150;0x144189CA2->0x14419EF60
0x1442B8316	0x1442B82D0	0x1442B835D	0x1442CDE80	PROVIDER_UUID_CORRELATED	1D7FAC20-19D1-419A-95EB-91253113BC8B	MB::VariationComponentReplicatedState	14	COMMUNITY_REPORTED		CATALOG_NO_GETTER	2	0x1442B82DA->0x146162150;0x1442B82E2->0x1442CDE80
0x1442B8D56	0x1442B8D10	0x1442B8D9D	0x1442CE280	PROVIDER_UUID_CORRELATED	B8E496DE-1C30-48D7-80A4-EEF44211AA60	Javelin::ClientMessages::VariationDataComponentServerFacet_RequestVariantChange	3004	COMMUNITY_REPORTED		CATALOG_NO_GETTER	2	0x1442B8D1A->0x146162150;0x1442B8D22->0x1442CE280
0x1442B8E06	0x1442B8DC0	0x1442B8E4D	0x1442CE080	PROVIDER_UUID_CORRELATED	64226C71-45BA-4AA9-961D-1829D00BD7B1	Javelin::ClientMessages::VariationDataComponentClientFacet_OnVariantChangedServerToClient	3631	COMMUNITY_REPORTED		CATALOG_NO_GETTER	2	0x1442B8DCA->0x146162150;0x1442B8DD2->0x1442CE080
0x1442DE1E6	0x1442DE1A0	0x1442DE22D	0x1442F8360	PROVIDER_UUID_CORRELATED	42032E1E-81B3-4B94-9B92-13835ED8EF49	Javelin::ClientMessages::WaterLevelComponentServerFacet_SetKeepInteraction	4318	COMMUNITY_REPORTED		CATALOG_NO_GETTER	2	0x1442DE1AA->0x146162150;0x1442DE1B2->0x1442F8360
0x1442DEA66	0x1442DEA20	0x1442DEAAD	0x1442F8160	PROVIDER_UUID_CORRELATED	A69AEE31-528C-47FD-8758-6FFB801BF4E3	MB::WaterLevelComponentReplicatedState	4320	COMMUNITY_REPORTED		CATALOG_NO_GETTER	2	0x1442DEA2A->0x146162150;0x1442DEA32->0x1442F8160
0x1442DFB76	0x1442DFB30	0x1442DFBBD	0x1442F7D60	PROVIDER_UUID_CORRELATED	5D405807-73CA-4D12-86EB-E3DC215B3ACA	Javelin::ClientMessages::WarboardComponentClientFacet_OnUpdateWarboardManifest	2968	COMMUNITY_REPORTED		CATALOG_NO_GETTER	2	0x1442DFB3A->0x146162150;0x1442DFB42->0x1442F7D60
0x1442DFC26	0x1442DFBE0	0x1442DFC6D	0x1442F7B60	PROVIDER_UUID_CORRELATED	5D263AB8-3629-46F5-8CA8-4E58C0A29CA4	Javelin::ClientMessages::WarboardComponentClientFacet_OnUpdateFullWarboardManifest	3530	COMMUNITY_REPORTED		CATALOG_NO_GETTER	2	0x1442DFBEA->0x146162150;0x1442DFBF2->0x1442F7B60
0x1442DFDE6	0x1442DFDA0	0x1442DFE2D	0x1442F7F60	PROVIDER_UUID_CORRELATED	E9B0901A-D409-41C8-86CC-3E28291FAF28	Javelin::ClientMessages::WarboardComponentClientFacet_OnUpdateWarboardStats	839	COMMUNITY_REPORTED		CATALOG_NO_GETTER	2	0x1442DFDAA->0x146162150;0x1442DFDB2->0x1442F7F60
0x144305D46	0x144305D00	0x144305D8D	0x14430F970	PROVIDER_UUID_CORRELATED	4ABA7F5D-D0C7-42C1-A99E-01308B6FF3FE	Javelin::ClientMessages::WhisperPlayerComponentClientFacet_RequestStartWhisper	5070	COMMUNITY_REPORTED		CATALOG_NO_GETTER	2	0x144305D0A->0x146162150;0x144305D12->0x14430F970
0x144305DF6	0x144305DB0	0x144305E3D	0x14430FB70	PROVIDER_UUID_CORRELATED	6ABA7F5D-D0C7-42C1-A99E-01308B6FF3FE	Javelin::ClientMessages::WhisperPlayerComponentServerFacet_RequestStartWhisper	5235	COMMUNITY_REPORTED		CATALOG_NO_GETTER	2	0x144305DBA->0x146162150;0x144305DC2->0x14430FB70
0x144305F76	0x144305F30	0x144305FBD	0x14430F770	PROVIDER_UUID_CORRELATED	CF592E34-052A-4E9C-BFBA-AFD6AC34405F	Javelin::WhisperMessages	5073	COMMUNITY_REPORTED		CATALOG_NO_GETTER	2	0x144305F3A->0x146162150;0x144305F42->0x14430F770
0x144306026	0x144305FE0	0x14430606D	0x14430F570	PROVIDER_UUID_CORRELATED	0C992FAD-66CC-48FA-A37B-DB9CA602C0CA	Javelin::ClientMessages::WaypointsComponentServerFacet_RequestSetWaypoint	2728	COMMUNITY_REPORTED		CATALOG_NO_GETTER	2	0x144305FEA->0x146162150;0x144305FF2->0x14430F570
0x144306326	0x1443062E0	0x14430636D	0x14430F370	PROVIDER_UUID_CORRELATED	B84EBDAF-8450-4C65-B345-3B02B892F05C	MB::WaypointsComponentReplicatedState	4321	COMMUNITY_REPORTED		CATALOG_NO_GETTER	2	0x1443062EA->0x146162150;0x1443062F2->0x14430F370
0x14432EC66	0x14432EC20	0x14432ECAD	0x144364BD0	PROVIDER_UUID_CORRELATED	42517D4F-6D42-4EDF-9A6A-BD1608A79C25	OrchestrationTrait::GetTargetInGroupMsg	4334	COMMUNITY_REPORTED		CATALOG_NO_GETTER	2	0x14432EC2A->0x146162150;0x14432EC32->0x144364BD0
0x14432ED16	0x14432ECD0	0x14432ED5D	0x144365BD0	PROVIDER_UUID_CORRELATED	09075937-D098-4F36-A3F7-A25BDEE7E527	OrchestrationTrait::RegistrationLoopMsg	4335	COMMUNITY_REPORTED		CATALOG_NO_GETTER	2	0x14432ECDA->0x146162150;0x14432ECE2->0x144365BD0
0x14432EDC6	0x14432ED80	0x14432EE0D	0x144366BD0	PROVIDER_UUID_CORRELATED	EB4608D3-7467-4A16-B3B2-DA241B078895	OrchestrationTrait::TaskTimeoutLoopMsg	2596	COMMUNITY_REPORTED		CATALOG_NO_GETTER	2	0x14432ED8A->0x146162150;0x14432ED92->0x144366BD0
0x14432EE76	0x14432EE30	0x14432EEBD	0x144364FD0	PROVIDER_UUID_CORRELATED	48757224-1DA7-40D8-8F98-0F0D8A4EFF44	OrchestrationTrait::NotifyAllTaskCompletionMsg	4336	COMMUNITY_REPORTED		CATALOG_NO_GETTER	2	0x14432EE3A->0x146162150;0x14432EE42->0x144364FD0
0x14432EF26	0x14432EEE0	0x14432EF6D	0x1443651D0	PROVIDER_UUID_CORRELATED	BB74856C-48CC-40EA-BE54-EAE91D35CA19	OrchestrationTrait::OnBotTaskCompletionMsg	4337	COMMUNITY_REPORTED		CATALOG_NO_GETTER	2	0x14432EEEA->0x146162150;0x14432EEF2->0x1443651D0
0x14432FEB6	0x14432FE70	0x14432FEFD	0x1443647D0	PROVIDER_UUID_CORRELATED	FF74C9DC-3DA8-4B67-B18C-63AAF9172045	OrchestrationTrait::CheckForGroupTaskCompletionMsg	4338	COMMUNITY_REPORTED		CATALOG_NO_GETTER	2	0x14432FE7A->0x146162150;0x14432FE82->0x1443647D0
0x14432FF66	0x14432FF20	0x14432FFAD	0x1443665D0	PROVIDER_UUID_CORRELATED	F880DB3D-6DAF-4133-9523-117E8151A9FF	OrchestrationTrait::SetGroupRegistryValueMsg	657	COMMUNITY_REPORTED		CATALOG_NO_GETTER	2	0x14432FF2A->0x146162150;0x14432FF32->0x1443665D0
0x144330016	0x14432FFD0	0x14433005D	0x1443643D0	PROVIDER_UUID_CORRELATED	193A4F0F-2637-4C24-AD23-9A3451C7C0C8	BotBrokerActor	4340	COMMUNITY_REPORTED		CATALOG_NO_GETTER	2	0x14432FFDA->0x146162150;0x14432FFE2->0x1443643D0
0x1443303C6	0x144330380	0x14433040D	0x144364DD0	PROVIDER_UUID_CORRELATED	4A9EE900-ACA2-4C59-A749-AEC256D2AD19	BotBrokerActor::InitMsg	3180	COMMUNITY_REPORTED		CATALOG_NO_GETTER	2	0x14433038A->0x146162150;0x144330392->0x144364DD0
0x144330626	0x1443305E0	0x14433066D	0x1438A1350	PROVIDER_UUID_CORRELATED	4EE09DDA-5061-4AEF-8569-DD3BBFE9C492	AsyncHttp::IAsyncHttpRequester	1317	COMMUNITY_REPORTED		CATALOG_NO_GETTER	2	0x1443305EA->0x146162150;0x1443305F2->0x1438A1350
0x144334466	0x144334420	0x1443344AD	0x1443645D0	PROVIDER_UUID_CORRELATED	4D19A340-2F10-4E5F-8E97-7C6F331EF523	BotBrokerTrait	1820	COMMUNITY_REPORTED		CATALOG_NO_GETTER	2	0x14433442A->0x146162150;0x144334432->0x1443645D0
0x144334B86	0x144334B40	0x144334BCD	0x1443667D0	PROVIDER_UUID_CORRELATED	A8F67E63-8247-4391-BE21-BEE5FE3B5D6E	BotBrokerTrait::State	3593	COMMUNITY_REPORTED		CATALOG_NO_GETTER	2	0x144334B4A->0x146162150;0x144334B52->0x1443667D0
0x144335516	0x1443354D0	0x14433555D	0x1443653D0	PROVIDER_UUID_CORRELATED	D796C0A0-4C33-4F54-8DC4-4F3E18063957	OrchestrationTrait	4326	COMMUNITY_REPORTED		CATALOG_NO_GETTER	2	0x1443354DA->0x146162150;0x1443354E2->0x1443653D0
0x144335AE6	0x144335AA0	0x144335B2D	0x1443669D0	PROVIDER_UUID_CORRELATED	42AC5B03-E260-496B-852F-F881071FF8CA	OrchestrationTrait::State	3880	COMMUNITY_REPORTED		CATALOG_NO_GETTER	2	0x144335AAA->0x146162150;0x144335AB2->0x1443669D0
0x144335DE6	0x144335DA0	0x144335E2D	0x1443657D0	PROVIDER_UUID_CORRELATED	3EB3A17E-BF9B-4AC5-A2F1-0A2AA1EB933B	BotBrokerTrait::RegisterBotMsg	4327	COMMUNITY_REPORTED		CATALOG_NO_GETTER	2	0x144335DAA->0x146162150;0x144335DB2->0x1443657D0
0x144335E96	0x144335E50	0x144335EDD	0x1443655D0	PROVIDER_UUID_CORRELATED	9C809A01-E8D1-4CF9-BAB6-C0CE3E5CD556	BotBrokerTrait::ReceiveHeartbeatResponseMsg	3115	COMMUNITY_REPORTED		CATALOG_NO_GETTER	2	0x144335E5A->0x146162150;0x144335E62->0x1443655D0
0x144335F46	0x144335F00	0x144335F8D	0x1443663D0	PROVIDER_UUID_CORRELATED	938691A0-A284-4127-B168-3FC03126CDE3	BotBrokerTrait::RequestRegisteredBotsMsg	1421	COMMUNITY_REPORTED		CATALOG_NO_GETTER	2	0x144335F0A->0x146162150;0x144335F12->0x1443663D0
0x144335FF6	0x144335FB0	0x14433603D	0x144365DD0	PROVIDER_UUID_CORRELATED	1C5EB38D-2F7D-4344-932C-B68532A6887F	BotBrokerTrait::RequestBotLocationMsg	2847	COMMUNITY_REPORTED		CATALOG_NO_GETTER	2	0x144335FBA->0x146162150;0x144335FC2->0x144365DD0
0x1443360A6	0x144336060	0x1443360ED	0x1443661D0	PROVIDER_UUID_CORRELATED	3C7948CD-2505-490A-97AE-890C9E29136F	BotBrokerTrait::RequestMessageHistoryMsg	4328	COMMUNITY_REPORTED		CATALOG_NO_GETTER	2	0x14433606A->0x146162150;0x144336072->0x1443661D0
0x144336286	0x144336240	0x1443362CD	0x144365FD0	PROVIDER_UUID_CORRELATED	5F817EAD-24DA-498B-B661-66E1121B5B02	BotBrokerTrait::RequestMessageCountsMsg	4329	COMMUNITY_REPORTED		CATALOG_NO_GETTER	2	0x14433624A->0x146162150;0x144336252->0x144365FD0
0x144336336	0x1443362F0	0x14433637D	0x1443659D0	PROVIDER_UUID_CORRELATED	3661B039-16AE-42C7-B204-7E39CC411204	OrchestrationTrait::RegisterToGroupMsg	4330	COMMUNITY_REPORTED		CATALOG_NO_GETTER	2	0x1443362FA->0x146162150;0x144336302->0x1443659D0
0x1443363E6	0x1443363A0	0x14433642D	0x144366DD0	PROVIDER_UUID_CORRELATED	0656226A-DEEC-4189-9C7F-D30B17973E6E	OrchestrationTrait::UnregisterFromGroupMsg	4331	COMMUNITY_REPORTED		CATALOG_NO_GETTER	2	0x1443363AA->0x146162150;0x1443363B2->0x144366DD0
0x144336496	0x144336450	0x1443364DD	0x1443649D0	PROVIDER_UUID_CORRELATED	6953D719-52AE-4569-807D-34BB9B41DBC5	OrchestrationTrait::ClearAllBotGroupsMsg	5245	COMMUNITY_REPORTED		CATALOG_NO_GETTER	2	0x14433645A->0x146162150;0x144336462->0x1443649D0
0x144336636	0x1443365F0	0x14433667D	0x1443641D0	PROVIDER_UUID_CORRELATED	31918811-0CC5-454F-AEC5-FB4679CE30CA	OrchestrationTrait::AutoGroupMsg	4333	COMMUNITY_REPORTED		CATALOG_NO_GETTER	2	0x1443365FA->0x146162150;0x144336602->0x1443641D0
0x1443747B6	0x144374770	0x1443747FD	0x1443869A0	PROVIDER_UUID_CORRELATED	7A842B3C-A6A8-4F96-A96B-34F7FAED00E5	ChatBrokerResponses::OnNamePrefixSearchResponseChat	5989	COMMUNITY_REPORTED		CATALOG_NO_GETTER	2	0x14437477A->0x146162150;0x144374782->0x1443869A0
0x144374866	0x144374820	0x1443748AD	0x1443877A0	PROVIDER_UUID_CORRELATED	6BFFE5D5-980B-40C4-86A0-BB26F29B8BD7	DarknessBrokerTrait::RegisterDarknessControllerMsg	722	COMMUNITY_REPORTED		CATALOG_NO_GETTER	2	0x14437482A->0x146162150;0x144374832->0x1443877A0
0x1443749B6	0x144374970	0x1443749FD	0x1443889A0	PROVIDER_UUID_CORRELATED	A4E19F16-1F7C-424B-8419-515BEDD7D084	DarknessBrokerTrait::UnRegisterDarknessControllerMsg	1714	COMMUNITY_REPORTED		CATALOG_NO_GETTER	2	0x14437497A->0x146162150;0x144374982->0x1443889A0
0x144374A66	0x144374A20	0x144374AAD	0x144385FA0	PROVIDER_UUID_CORRELATED	B0D1A975-9708-43A8-A9C4-750197EDEEC0	DarknessBrokerTrait::HardResetAllMsg	3489	COMMUNITY_REPORTED		CATALOG_NO_GETTER	2	0x144374A2A->0x146162150;0x144374A32->0x144385FA0
0x144374DD6	0x144374D90	0x144374E1D	0x1443859A0	PROVIDER_UUID_CORRELATED	6D4657BD-56B0-4AFA-A8CA-762F5917C6E1	DarknessBrokerActor	4356	COMMUNITY_REPORTED		CATALOG_NO_GETTER	2	0x144374D9A->0x146162150;0x144374DA2->0x1443859A0
0x144374E96	0x144374E50	0x144374EDD	0x1443855A0	PROVIDER_UUID_CORRELATED	EFE6E95C-F949-4C2A-BEE9-073C5B162E05	ChatBroker	4341	COMMUNITY_REPORTED		CATALOG_NO_GETTER	2	0x144374E5A->0x146162150;0x144374E62->0x1443855A0
0x144374FF6	0x144374FB0	0x14437503D	0x1443885A0	PROVIDER_UUID_CORRELATED	B8C78C22-50FA-495D-AB63-041F852BA823	ChatBroker::State	4342	COMMUNITY_REPORTED		CATALOG_NO_GETTER	2	0x144374FBA->0x146162150;0x144374FC2->0x1443885A0
0x144375096	0x144375050	0x1443750DD	0x1443863A0	PROVIDER_UUID_CORRELATED	0DEAB813-0F88-433C-BDD0-47EE9AD15018	DarknessBrokerActor::InitMsg	4357	COMMUNITY_REPORTED		CATALOG_NO_GETTER	2	0x14437505A->0x146162150;0x144375062->0x1443863A0
0x144375156	0x144375110	0x14437519D	0x144386BA0	PROVIDER_UUID_CORRELATED	89EC6B45-4AAC-46BB-B777-27EF86CA295A	ChatBroker::OnPlayerConnectMsg	4343	COMMUNITY_REPORTED		CATALOG_NO_GETTER	2	0x14437511A->0x146162150;0x144375122->0x144386BA0
0x1443751F6	0x1443751B0	0x14437523D	0x1432B50D0	PROVIDER_UUID_CORRELATED	77AB3BF8-3945-420B-8159-3D6C341EF4B6	Javelin::IGroupsBrokerResponseHandler	4402	COMMUNITY_REPORTED		CATALOG_NO_GETTER	2	0x1443751BA->0x146162150;0x1443751C2->0x1432B50D0
0x144375B76	0x144375B30	0x144375BBD	0x144386DA0	PROVIDER_UUID_CORRELATED	7F419B7F-FE92-49E8-BB52-535DE7900AD9	ChatBroker::OnPlayerDisconnectMsg	4344	COMMUNITY_REPORTED		CATALOG_NO_GETTER	2	0x144375B3A->0x146162150;0x144375B42->0x144386DA0
0x144376416	0x1443763D0	0x14437645D	0x144387FA0	PROVIDER_UUID_CORRELATED	F71ED577-F88E-41D9-97F1-A29A39779489	ChatBroker::RequestCrossWorldChatSubscriptionsMsg	5848	COMMUNITY_REPORTED		CATALOG_NO_GETTER	2	0x1443763DA->0x146162150;0x1443763E2->0x144387FA0
0x1443764C6	0x144376480	0x14437650D	0x1443883A0	PROVIDER_UUID_CORRELATED	81A4E37B-C65F-4322-B19A-CE3B502CBBD3	ChatBroker::SetProfanityFilterEnabledMsg	4345	COMMUNITY_REPORTED		CATALOG_NO_GETTER	2	0x14437648A->0x146162150;0x144376492->0x1443883A0
0x144376576	0x144376530	0x1443765BD	0x1443851A0	PROVIDER_UUID_CORRELATED	81815BE7-480B-4D33-AEB6-C5DEEB8B3426	ChatBroker::AddSubscriptionMsg	4347	COMMUNITY_REPORTED		CATALOG_NO_GETTER	2	0x14437653A->0x146162150;0x144376542->0x1443851A0
0x144376626	0x1443765E0	0x14437666D	0x1443853A0	PROVIDER_UUID_CORRELATED	6F6C91C1-6AF0-4D15-8D3D-B77686FA2493	ChatBroker::AddSubscriptionsMsg	1808	COMMUNITY_REPORTED		CATALOG_NO_GETTER	2	0x1443765EA->0x146162150;0x1443765F2->0x1443853A0
0x1443766D6	0x144376690	0x14437671D	0x144387BA0	PROVIDER_UUID_CORRELATED	ED20D7ED-BD8E-497C-908F-65ED7B6414F3	ChatBroker::RemoveSubscriptionMsg	4348	COMMUNITY_REPORTED		CATALOG_NO_GETTER	2	0x14437669A->0x146162150;0x1443766A2->0x144387BA0
0x144376996	0x144376950	0x1443769DD	0x144387DA0	PROVIDER_UUID_CORRELATED	846FFAA1-7374-488B-8A5D-60B9AC3DC985	ChatBroker::RemoveSubscriptionsMsg	4349	COMMUNITY_REPORTED		CATALOG_NO_GETTER	2	0x14437695A->0x146162150;0x144376962->0x144387DA0
0x144376A46	0x144376A00	0x144376A8D	0x1443871A0	PROVIDER_UUID_CORRELATED	BAC883D3-E356-4AB4-9E1C-740C94CBB316	ChatBroker::OnSendChatMessageMsg	4350	COMMUNITY_REPORTED		CATALOG_NO_GETTER	2	0x144376A0A->0x146162150;0x144376A12->0x1443871A0
0x144376AF6	0x144376AB0	0x144376B3D	0x144386FA0	PROVIDER_UUID_CORRELATED	EE76E441-4C9F-4FB7-A246-B04BD85EA161	ChatBroker::OnPublishChatMessageMsg	4351	COMMUNITY_REPORTED		CATALOG_NO_GETTER	2	0x144376ABA->0x146162150;0x144376AC2->0x144386FA0
0x144376BA6	0x144376B60	0x144376BED	0x1443873A0	PROVIDER_UUID_CORRELATED	73CAA6EB-9CC0-4223-9ED5-2D68B191DFDE	ChatBroker::OnSendLocalizedSystemChatMessageMsg	4353	COMMUNITY_REPORTED		CATALOG_NO_GETTER	2	0x144376B6A->0x146162150;0x144376B72->0x1443873A0
0x144376C56	0x144376C10	0x144376C9D	0x1443865A0	PROVIDER_UUID_CORRELATED	D8619D55-EC9E-4FD1-9145-005FE8BD0A74	ChatBroker::OnLogChatMessageMsg	3760	COMMUNITY_REPORTED		CATALOG_NO_GETTER	2	0x144376C1A->0x146162150;0x144376C22->0x1443865A0
0x144376E26	0x144376DE0	0x144376E6D	0x1443867A0	PROVIDER_UUID_CORRELATED	2381E716-E9D5-43A1-9101-D8E5715EBA6C	ChatBroker::OnLogStringMsg	4241	COMMUNITY_REPORTED		CATALOG_NO_GETTER	2	0x144376DEA->0x146162150;0x144376DF2->0x1443867A0
0x144376ED6	0x144376E90	0x144376F1D	0x144384FA0	PROVIDER_UUID_CORRELATED	24A451D1-5A5F-42A9-AB12-42B2A0D8CFB9	ChatBroker::AddGlobalChatSubscriptionMsg	5798	COMMUNITY_REPORTED		CATALOG_NO_GETTER	2	0x144376E9A->0x146162150;0x144376EA2->0x144384FA0
0x144377076	0x144377030	0x1443770BD	0x1443879A0	PROVIDER_UUID_CORRELATED	63AC61AD-8E59-4231-88FC-C490F9FA299F	ChatBroker::RemoveGlobalChatSubscriptionMsg	5796	COMMUNITY_REPORTED		CATALOG_NO_GETTER	2	0x14437703A->0x146162150;0x144377042->0x1443879A0
0x1443772A6	0x144377260	0x1443772ED	0x144385DA0	PROVIDER_UUID_CORRELATED	D734352F-81F3-474C-92E1-018E555D5535	ChatBroker::HandleCrossWorldChatMessageMsg	5800	COMMUNITY_REPORTED		CATALOG_NO_GETTER	2	0x14437726A->0x146162150;0x144377272->0x144385DA0
0x144377356	0x144377310	0x14437739D	0x1443875A0	PROVIDER_UUID_CORRELATED	D70C22DA-E13B-4197-A17F-92E0A8DC2BF4	ChatBroker::PublishGlobalChatMessageMsg	5807	COMMUNITY_REPORTED		CATALOG_NO_GETTER	2	0x14437731A->0x146162150;0x144377322->0x1443875A0
0x144377406	0x1443773C0	0x14437744D	0x1443857A0	PROVIDER_UUID_CORRELATED	79A3976B-299B-401E-B8F7-DA8D6C5E8462	ChatBrokerActor	4354	COMMUNITY_REPORTED		CATALOG_NO_GETTER	2	0x1443773CA->0x146162150;0x1443773D2->0x1443857A0
0x14437B686	0x14437B640	0x14437B6CD	0x1443861A0	PROVIDER_UUID_CORRELATED	806FF45B-E4B2-448E-AE48-0885215DB09F	ChatBrokerActor::InitMsg	4355	COMMUNITY_REPORTED		CATALOG_NO_GETTER	2	0x14437B64A->0x146162150;0x14437B652->0x1443861A0
0x14437BD56	0x14437BD10	0x14437BD9D	0x1443881A0	PROVIDER_UUID_CORRELATED	0FED0D64-FFCA-4E75-95F7-E0EF8019B571	ChatBrokerActor::SetDisabledCWChannelsMsg	6767	COMMUNITY_REPORTED		CATALOG_NO_GETTER	2	0x14437BD1A->0x146162150;0x14437BD22->0x1443881A0
0x14437F886	0x14437F840	0x14437F8CD	0x144385BA0	PROVIDER_UUID_CORRELATED	DDDABA15-BBE3-46C4-B130-E24AE7D69223	DarknessBrokerTrait	2571	COMMUNITY_REPORTED		CATALOG_NO_GETTER	2	0x14437F84A->0x146162150;0x14437F852->0x144385BA0
0x14437FDF6	0x14437FDB0	0x14437FE3D	0x1443887A0	PROVIDER_UUID_CORRELATED	CC77D2BB-06D5-4F69-A7B1-4D46F086FDBB	DarknessBrokerTrait::State	2137	COMMUNITY_REPORTED		CATALOG_NO_GETTER	2	0x14437FDBA->0x146162150;0x14437FDC2->0x1443887A0
0x14438B606	0x14438B5C0	0x14438B64D	0x14336E420	PROVIDER_UUID_CORRELATED	FA924C1A-0553-4380-B23F-E453261B0220	Javelin::GDEDataRegistry	6912	COMMUNITY_REPORTED		CATALOG_NO_GETTER	2	0x14438B5CA->0x146162150;0x14438B5D2->0x14336E420
0x14438B6B6	0x14438B670	0x14438B6FD	0x14336F420	PROVIDER_UUID_CORRELATED	E0F366F4-39F0-4A4A-AF70-15DE4E53894A	Javelin::GDEDataRegistry::State	6915	COMMUNITY_REPORTED		CATALOG_NO_GETTER	2	0x14438B67A->0x146162150;0x14438B682->0x14336F420
0x14438BCD6	0x14438BC90	0x14438BD1D	0x14336F220	PROVIDER_UUID_CORRELATED	3C1A1206-9139-456C-8DBB-D7999A6E3E6E	Javelin::GDEDataRegistry::SetGDEDataMsg	6914	COMMUNITY_REPORTED		CATALOG_NO_GETTER	2	0x14438BC9A->0x146162150;0x14438BCA2->0x14336F220
0x14438BD86	0x14438BD40	0x14438BDCD	0x144393AA0	PROVIDER_UUID_CORRELATED	B32CCD42-4FD7-4AB3-8AFB-875110A7123E	Javelin::GDEDataRegistry::GetGDEDataMsg	6916	COMMUNITY_REPORTED		CATALOG_NO_GETTER	2	0x14438BD4A->0x146162150;0x14438BD52->0x144393AA0
0x14438BE36	0x14438BDF0	0x14438BE7D	0x14336E620	PROVIDER_UUID_CORRELATED	4E73D147-2AFA-4E90-9C91-95B7A7268F0B	Javelin::GDEDataRegistryActor	6917	COMMUNITY_REPORTED		CATALOG_NO_GETTER	2	0x14438BDFA->0x146162150;0x14438BE02->0x14336E620
0x14438C196	0x14438C150	0x14438C1DD	0x1443940A0	PROVIDER_UUID_CORRELATED	57AB1303-E5C5-4E2F-B5FC-7C610E78A7E6	Javelin::GDEDataRegistryActor::InitMsg	6913	COMMUNITY_REPORTED		CATALOG_NO_GETTER	2	0x14438C15A->0x146162150;0x14438C162->0x1443940A0
0x14438C5A6	0x14438C560	0x14438C5ED	0x14336F020	PROVIDER_UUID_CORRELATED	78371A3B-C2CD-4440-AF46-A4A583CD4FFD	Javelin::IGDEDataRegistrySubscriber	6918	COMMUNITY_REPORTED		CATALOG_NO_GETTER	2	0x14438C56A->0x146162150;0x14438C572->0x14336F020
0x14438C916	0x14438C8D0	0x14438C95D	0x144393CA0	PROVIDER_UUID_CORRELATED	98EC6B6C-E1F5-4C6C-A6FB-E51CD0645068	Javelin::GovernanceBroker	5331	COMMUNITY_REPORTED		CATALOG_NO_GETTER	2	0x14438C8DA->0x146162150;0x14438C8E2->0x144393CA0
0x14438C9C6	0x14438C980	0x14438CA0D	0x1443946A0	PROVIDER_UUID_CORRELATED	E2E0A984-1B49-48EB-B29E-00A64FF23955	Javelin::GovernanceBroker::State	5332	COMMUNITY_REPORTED		CATALOG_NO_GETTER	2	0x14438C98A->0x146162150;0x14438C992->0x1443946A0
0x14438CA76	0x14438CA30	0x14438CABD	0x1443932A0	PROVIDER_UUID_CORRELATED	5FB4465B-1459-418C-8441-3FA1A39A1F68	Javelin::GovernanceBroker::AddEarningsToPoolMsg	5333	COMMUNITY_REPORTED		CATALOG_NO_GETTER	2	0x14438CA3A->0x146162150;0x14438CA42->0x1443932A0
0x14438CBD6	0x14438CB90	0x14438CC1D	0x1443936A0	PROVIDER_UUID_CORRELATED	8C1113DD-2B99-4D15-9D30-21D18678D74C	Javelin::GovernanceBroker::DistributeEarningsMsg	5327	COMMUNITY_REPORTED		CATALOG_NO_GETTER	2	0x14438CB9A->0x146162150;0x14438CBA2->0x1443936A0
0x14438CC86	0x14438CC40	0x14438CCCD	0x1443944A0	PROVIDER_UUID_CORRELATED	5F3B5A69-0DE5-4E22-936A-59BB10AEF0DA	Javelin::GovernanceBroker::OnTerritoryReceivedEarningsMsg	5334	COMMUNITY_REPORTED		CATALOG_NO_GETTER	2	0x14438CC4A->0x146162150;0x14438CC52->0x1443944A0
0x14438CD36	0x14438CCF0	0x14438CD7D	0x1443938A0	PROVIDER_UUID_CORRELATED	0163207F-7763-4A23-9B0A-09A9A8AA6763	Javelin::GovernanceBroker::EmitUndeliveredEarningsMsg	5349	COMMUNITY_REPORTED		CATALOG_NO_GETTER	2	0x14438CCFA->0x146162150;0x14438CD02->0x1443938A0
0x14438CDE6	0x14438CDA0	0x14438CE2D	0x1443934A0	PROVIDER_UUID_CORRELATED	EA4FE766-A0D3-4E2F-A871-E931D3397FEC	Javelin::GovernanceBroker::Debug_RequestGovernanceBrokerDataMsg	5335	COMMUNITY_REPORTED		CATALOG_NO_GETTER	2	0x14438CDAA->0x146162150;0x14438CDB2->0x1443934A0
0x14438CE96	0x14438CE50	0x14438CEDD	0x144393EA0	PROVIDER_UUID_CORRELATED	BB46AD9D-2A6A-4D34-AB64-DA3A201B6C98	Javelin::GovernanceBrokerActor	5336	COMMUNITY_REPORTED		CATALOG_NO_GETTER	2	0x14438CE5A->0x146162150;0x14438CE62->0x144393EA0
0x14438D3D6	0x14438D390	0x14438D41D	0x1443942A0	PROVIDER_UUID_CORRELATED	26D253B9-A289-4AC8-BF33-3866EBECF3B1	Javelin::GovernanceBrokerActor::InitMsg	5337	COMMUNITY_REPORTED		CATALOG_NO_GETTER	2	0x14438D39A->0x146162150;0x14438D3A2->0x1443942A0
0x144397C76	0x144397C30	0x144397CBD	0x1443B7E60	PROVIDER_UUID_CORRELATED	9CFC9F0E-BFC5-4AD4-8297-C171C636DF68	PlayerTeleportBroker::CancelTeleportRequestMsg	4051	COMMUNITY_REPORTED		CATALOG_NO_GETTER	2	0x144397C3A->0x146162150;0x144397C42->0x1443B7E60
0x144397D26	0x144397CE0	0x144397D6D	0x1443B8860	PROVIDER_UUID_CORRELATED	BE59CC12-9EB9-4E25-85AB-D049AECB38EC	PlayerTeleportBroker::ProcessTeleportQueueMsg	3581	COMMUNITY_REPORTED		CATALOG_NO_GETTER	2	0x144397CEA->0x146162150;0x144397CF2->0x1443B8860
0x144397DD6	0x144397D90	0x144397E1D	0x1443B8660	PROVIDER_UUID_CORRELATED	7DA56E1A-4649-4332-81D6-626A0CAB8C57	PlayerTeleportBrokerActor	4460	COMMUNITY_REPORTED		CATALOG_NO_GETTER	2	0x144397D9A->0x146162150;0x144397DA2->0x1443B8660
0x144398086	0x144398040	0x1443980CD	0x1443B8260	PROVIDER_UUID_CORRELATED	5822BD6B-F5F4-4F48-A2CD-0447580BE5A9	PlayerTeleportBrokerActor::InitMsg	4461	COMMUNITY_REPORTED		CATALOG_NO_GETTER	2	0x14439804A->0x146162150;0x144398052->0x1443B8260
0x144398136	0x1443980F0	0x14439817D	0x1443B8060	PROVIDER_UUID_CORRELATED	83A260B0-72B7-4FE8-9386-F14D9138AC50	Javelin::IPlayerTeleportBrokerHandler	2317	COMMUNITY_REPORTED		CATALOG_NO_GETTER	2	0x1443980FA->0x146162150;0x144398102->0x1443B8060
0x14439A536	0x14439A4F0	0x14439A57D	0x1443B8460	PROVIDER_UUID_CORRELATED	154273AD-9F2B-4BCF-9A2A-BC46326FFAE0	PlayerTeleportBroker	4457	COMMUNITY_REPORTED		CATALOG_NO_GETTER	2	0x14439A4FA->0x146162150;0x14439A502->0x1443B8460
0x14439A5E6	0x14439A5A0	0x14439A62D	0x1443B8C60	PROVIDER_UUID_CORRELATED	D1DD10BE-544E-4F8A-A289-6DF5F9F8F3B7	PlayerTeleportBroker::State	4458	COMMUNITY_REPORTED		CATALOG_NO_GETTER	2	0x14439A5AA->0x146162150;0x14439A5B2->0x1443B8C60
0x14439A696	0x14439A650	0x14439A6DD	0x1443B8A60	PROVIDER_UUID_CORRELATED	03CC933B-763B-4BD8-83FD-DE9EC4471350	PlayerTeleportBroker::QueueTeleportRequestMsg	4459	COMMUNITY_REPORTED		CATALOG_NO_GETTER	2	0x14439A65A->0x146162150;0x14439A662->0x1443B8A60
0x1443FE076	0x1443FE030	0x1443FE0BD	0x1444036A0	PROVIDER_UUID_CORRELATED	7DF1C7F3-FFF8-4F3F-A3B1-2737723CA37D	Javelin::IFriendsDataManagerNotifications	4464	COMMUNITY_REPORTED		CATALOG_NO_GETTER	2	0x1443FE03A->0x146162150;0x1443FE042->0x1444036A0
0x1444E94B6	0x1444E9470	0x1444E94FD	0x142FF7BE0	PROVIDER_UUID_CORRELATED	E696D5EC-513F-4895-ABAA-1C20C41727D6	Javelin::IGameModeDungeonMasterSpawnResponseHandler	2931	COMMUNITY_REPORTED		CATALOG_NO_GETTER	2	0x1444E947A->0x146162150;0x1444E9482->0x142FF7BE0
0x1444EF6B6	0x1444EF670	0x1444EF6FD	0x1444F08F0	PROVIDER_UUID_CORRELATED	C8ED552C-54BB-436F-859B-BDF47EA6CB75	Javelin::WarDungeonMasterSpawnResponseHandler	5154	COMMUNITY_REPORTED		CATALOG_NO_GETTER	2	0x1444EF67A->0x146162150;0x1444EF682->0x1444F08F0
0x1444EF8A6	0x1444EF860	0x1444EF8ED	0x1444F06F0	PROVIDER_UUID_CORRELATED	8482DF33-21AD-4CB6-9956-16A1308DEDED	Javelin::WarDungeonMasterSpawnResponseHandler::State	5157	COMMUNITY_REPORTED		CATALOG_NO_GETTER	2	0x1444EF86A->0x146162150;0x1444EF872->0x1444F06F0
0x1444EF956	0x1444EF910	0x1444EF99D	0x1444F02F0	PROVIDER_UUID_CORRELATED	64B1419D-88E6-405F-9773-A20FC2ED2751	Javelin::WarDungeonMasterSpawnResponseHandler::OnWarDungeonReadyMsg	5158	COMMUNITY_REPORTED		CATALOG_NO_GETTER	2	0x1444EF91A->0x146162150;0x1444EF922->0x1444F02F0
0x1444EFA06	0x1444EF9C0	0x1444EFA4D	0x1444F00F0	PROVIDER_UUID_CORRELATED	33A6248A-E371-4A45-B06D-913042B8C2A1	Javelin::WarDungeonMasterSpawnResponseHandler::OnWarDungeonFailedMsg	5127	COMMUNITY_REPORTED		CATALOG_NO_GETTER	2	0x1444EF9CA->0x146162150;0x1444EF9D2->0x1444F00F0
0x1444EFAB6	0x1444EFA70	0x1444EFAFD	0x1444F04F0	PROVIDER_UUID_CORRELATED	A38D4AEC-2C64-42AE-9B4F-AD4B2001168F	Javelin::WarDungeonMasterSpawnResponseHandler::OnWarDungeonShuttingDownMsg	5159	COMMUNITY_REPORTED		CATALOG_NO_GETTER	2	0x1444EFA7A->0x146162150;0x1444EFA82->0x1444F04F0
0x1444EFBF6	0x1444EFBB0	0x1444EFC3D	0x1444EFEF0	PROVIDER_UUID_CORRELATED	3087EFBD-028F-44BA-A6C4-3232CE1A831E	Javelin::InitialWarDungeonData	5133	COMMUNITY_REPORTED		CATALOG_NO_GETTER	2	0x1444EFBBA->0x146162150;0x1444EFBC2->0x1444EFEF0
0x1444FBCF6	0x1444FBCB0	0x1444FBD3D	0x1433E5E90	PROVIDER_UUID_CORRELATED	E524DC7D-3E3E-4580-9171-42BFEEB785FA	Javelin::IGroupFinderNotificationHandler	942	COMMUNITY_REPORTED		CATALOG_NO_GETTER	2	0x1444FBCBA->0x146162150;0x1444FBCC2->0x1433E5E90
0x1444FBDA6	0x1444FBD60	0x1444FBDED	0x1434469B0	PROVIDER_UUID_CORRELATED	A2BF0937-9DE8-49B9-8598-B4464D9A4BD8	Javelin::IGroupFinderResponseHandler	4514	COMMUNITY_REPORTED		CATALOG_NO_GETTER	2	0x1444FBD6A->0x146162150;0x1444FBD72->0x1434469B0
0x1444FDD96	0x1444FDD50	0x1444FDDDD	0x1434A9E60	PROVIDER_UUID_CORRELATED	8F3AA99F-38C0-46A0-940A-439D62F38333	Javelin::IGuildAsyncHandler	4163	COMMUNITY_REPORTED		CATALOG_NO_GETTER	2	0x1444FDD5A->0x146162150;0x1444FDD62->0x1434A9E60
0x14450FC66	0x14450FC20	0x14450FCAD	0x1434AA260	PROVIDER_UUID_CORRELATED	D7B319B7-4CE4-49F3-A608-DA3B6A821590	Javelin::IGuildListener	3890	COMMUNITY_REPORTED		CATALOG_NO_GETTER	2	0x14450FC2A->0x146162150;0x14450FC32->0x1434AA260
0x14450FE36	0x14450FDF0	0x14450FE7D	0x1429F8600	PROVIDER_UUID_CORRELATED	D8EDC3AC-6C6C-4511-A34A-1818D2064BFB	Javelin::IGuildLogicResponseHandler	4601	COMMUNITY_REPORTED		CATALOG_NO_GETTER	2	0x14450FDFA->0x146162150;0x14450FE02->0x1429F8600
0x144510126	0x1445100E0	0x14451016D	0x143F52480	PROVIDER_UUID_CORRELATED	B196AABC-6E00-4A2A-B298-ACFDFB188C7A	Javelin::IGuildWarDataHandler	196	COMMUNITY_REPORTED		CATALOG_NO_GETTER	2	0x1445100EA->0x146162150;0x1445100F2->0x143F52480
0x1445102F6	0x1445102B0	0x14451033D	0x143EE3220	PROVIDER_UUID_CORRELATED	5E2EC5C3-7CBE-478C-B689-849BF68A1D49	Javelin::IGuildWarResponseHandler	2583	COMMUNITY_REPORTED		CATALOG_NO_GETTER	2	0x1445102BA->0x146162150;0x1445102C2->0x143EE3220
0x1445103A6	0x144510360	0x1445103ED	0x1434AA060	PROVIDER_UUID_CORRELATED	393B7D2B-4757-483D-9083-4FDE5239C646	Javelin::IGuildDataResponseHandler	4584	COMMUNITY_REPORTED		CATALOG_NO_GETTER	2	0x14451036A->0x146162150;0x144510372->0x1434AA060
0x14451E736	0x14451E6F0	0x14451E77D	0x1436176C0	PROVIDER_UUID_CORRELATED	8EF86BB2-40CC-474D-B20A-D482DAF4B327	Javelin::InventoryServiceHandler	5756	COMMUNITY_REPORTED		CATALOG_NO_GETTER	2	0x14451E6FA->0x146162150;0x14451E702->0x1436176C0
0x144522846	0x144522800	0x14452288D	0x1432B4CD0	PROVIDER_UUID_CORRELATED	DAE81869-9E70-46A5-8E78-FAD1A5102740	Javelin::IGameModeMatchmakingResponseHandler	1795	COMMUNITY_REPORTED		CATALOG_NO_GETTER	2	0x14452280A->0x146162150;0x144522812->0x1432B4CD0
0x14453D3F6	0x14453D3B0	0x14453D43D	0x144592E00	PROVIDER_UUID_CORRELATED	9F91538E-5040-40E9-82E3-51EA085B158E	Javelin::PlayerPhasingSocialData	6256	COMMUNITY_REPORTED		CATALOG_NO_GETTER	2	0x14453D3BA->0x146162150;0x14453D3C2->0x144592E00
0x1445E8226	0x1445E81E0	0x1445E826D	0x144607C40	PROVIDER_UUID_CORRELATED	19929A05-406C-4482-AF92-2240F41A9CB6	Soda::SodaServiceBase	4656	COMMUNITY_REPORTED		CATALOG_NO_GETTER	2	0x1445E81EA->0x146162150;0x1445E81F2->0x144607C40
0x1445E8466	0x1445E8420	0x1445E84AD	0x144607E40	PROVIDER_UUID_CORRELATED	4FC19B67-5B01-47F4-8E06-7E8050CC9543	Soda::SodaServiceBase::State	4657	COMMUNITY_REPORTED		CATALOG_NO_GETTER	2	0x1445E842A->0x146162150;0x1445E8432->0x144607E40
0x1445E8676	0x1445E8630	0x1445E86BD	0x144607A40	PROVIDER_UUID_CORRELATED	2CE8FCDF-F1BF-4FF7-AA2C-A0E0F751D500	Soda::SodaServiceBase::HandleRequestResultMsg	4658	COMMUNITY_REPORTED		CATALOG_NO_GETTER	2	0x1445E863A->0x146162150;0x1445E8642->0x144607A40
0x1445E8A56	0x1445E8A10	0x1445E8A9D	0x144607840	PROVIDER_UUID_CORRELATED	CF468372-CB9B-4850-A31A-80960EDCD8C2	Soda::SodaServiceBase::HandleRequestErrorMsg	402	COMMUNITY_REPORTED		CATALOG_NO_GETTER	2	0x1445E8A1A->0x146162150;0x1445E8A22->0x144607840
0x1445E8CA6	0x1445E8C60	0x1445E8CED	0x144607640	PROVIDER_UUID_CORRELATED	3B0CFBCD-841F-41E3-BB6D-394D4ACAC877	Soda::SodaServiceBase::FlushShortTermRetriesMsg	4352	COMMUNITY_REPORTED		CATALOG_NO_GETTER	2	0x1445E8C6A->0x146162150;0x1445E8C72->0x144607640
0x1445E9016	0x1445E8FD0	0x1445E905D	0x144607440	PROVIDER_UUID_CORRELATED	53F8A149-84C9-4AD6-AFF3-E8EDA81EBD21	Soda::SodaServiceBase::FlushLongTermRetriesMsg	2253	COMMUNITY_REPORTED		CATALOG_NO_GETTER	2	0x1445E8FDA->0x146162150;0x1445E8FE2->0x144607440
0x144621256	0x144621210	0x14462129D	0x142D83B40	PROVIDER_UUID_CORRELATED	29EB2FC0-335F-4469-AF82-43900F4AC2E0	Javelin::IContractsServiceHandler	4671	COMMUNITY_REPORTED		CATALOG_NO_GETTER	2	0x14462121A->0x146162150;0x144621222->0x142D83B40
0x144621306	0x1446212C0	0x14462134D	0x142DD02D0	PROVIDER_UUID_CORRELATED	F7E25EB7-071D-4674-8DE2-E5851639CA9F	Javelin::ContractTopHitIdentifier	5223	COMMUNITY_REPORTED		CATALOG_NO_GETTER	2	0x1446212CA->0x146162150;0x1446212D2->0x142DD02D0
0x144623BB6	0x144623B70	0x144623BFD	0x143EE3420	PROVIDER_UUID_CORRELATED	DE715BEB-3689-474C-9A56-8DBF04759CE4	Javelin::ISodaTestServiceHandler	4679	COMMUNITY_REPORTED		CATALOG_NO_GETTER	2	0x144623B7A->0x146162150;0x144623B82->0x143EE3420
0x144624596	0x144624550	0x1446245DD	0x144628040	PROVIDER_UUID_CORRELATED	83B76082-8843-4EEC-9BE5-4EA55A90BE6E	Javelin::ActorStatusSafeExecutionTrait	5372	COMMUNITY_REPORTED		CATALOG_NO_GETTER	2	0x14462455A->0x146162150;0x144624562->0x144628040
0x144624646	0x144624600	0x14462468D	0x144628440	PROVIDER_UUID_CORRELATED	172DE0A3-F08E-4087-92A5-7070892F4CE5	Javelin::ActorStatusSafeExecutionTrait::State	5375	COMMUNITY_REPORTED		CATALOG_NO_GETTER	2	0x14462460A->0x146162150;0x144624612->0x144628440
0x1446246F6	0x1446246B0	0x14462473D	0x144628240	PROVIDER_UUID_CORRELATED	09A64776-D44C-4D8F-B4CA-6D575CF714AF	Javelin::ActorStatusSafeExecutionTrait::OnRemoteActorStatusChangedMsg	5371	COMMUNITY_REPORTED		CATALOG_NO_GETTER	2	0x1446246BA->0x146162150;0x1446246C2->0x144628240
0x14462B5B6	0x14462B570	0x14462B5FD	0x144639F20	PROVIDER_UUID_CORRELATED	CF50B590-847B-473B-B2DB-D176B5FA2961	Javelin::WorldEventCoordinator::InitMsg	6202	COMMUNITY_REPORTED		CATALOG_NO_GETTER	2	0x14462B57A->0x146162150;0x14462B582->0x144639F20
0x14462B7C6	0x14462B780	0x14462B80D	0x14463A920	PROVIDER_UUID_CORRELATED	56305D93-F63E-4ECD-AA81-AB8554644FAF	Javelin::WorldEventCoordinatorTrait::OnSpawnRequestedMsg	6203	COMMUNITY_REPORTED		CATALOG_NO_GETTER	2	0x14462B78A->0x146162150;0x14462B792->0x14463A920
0x14462B8E6	0x14462B8A0	0x14462B92D	0x14463A520	PROVIDER_UUID_CORRELATED	D9797696-84C6-4C88-BEFF-4811ED763ABE	Javelin::WorldEventCoordinatorTrait::OnPassTokenMsg	6197	COMMUNITY_REPORTED		CATALOG_NO_GETTER	2	0x14462B8AA->0x146162150;0x14462B8B2->0x14463A520
0x14462B996	0x14462B950	0x14462B9DD	0x14463AB20	PROVIDER_UUID_CORRELATED	6B23C810-B6B1-4D3D-97C9-2A561B7D258B	Javelin::WorldEventCoordinatorTrait::OnSyncBlockerMsg	6196	COMMUNITY_REPORTED		CATALOG_NO_GETTER	2	0x14462B95A->0x146162150;0x14462B962->0x14463AB20
0x14462BA46	0x14462BA00	0x14462BA8D	0x14463BB20	PROVIDER_UUID_CORRELATED	3260E89C-1E61-4D1E-9DA4-F895BBB4D54D	Javelin::WorldEventCoordinatorTrait::SyncEventDataMsg	6204	COMMUNITY_REPORTED		CATALOG_NO_GETTER	2	0x14462BA0A->0x146162150;0x14462BA12->0x14463BB20
0x14462BAF6	0x14462BAB0	0x14462BB3D	0x14463AD20	PROVIDER_UUID_CORRELATED	25ADDA69-A89D-4B3A-82B5-329D07ACA24A	Javelin::WorldEventCoordinatorTrait::RegisterSpawnerMsg	6205	COMMUNITY_REPORTED		CATALOG_NO_GETTER	2	0x14462BABA->0x146162150;0x14462BAC2->0x14463AD20
0x14462BBA6	0x14462BB60	0x14462BBED	0x14463B120	PROVIDER_UUID_CORRELATED	6F539D8E-6A33-46FA-B645-2EB966D213AA	Javelin::WorldEventCoordinatorTrait::RequestSpawnMsg	6206	COMMUNITY_REPORTED		CATALOG_NO_GETTER	2	0x14462BB6A->0x146162150;0x14462BB72->0x14463B120
0x14462BC56	0x14462BC10	0x14462BC9D	0x14463A720	PROVIDER_UUID_CORRELATED	46F1374F-D90E-4DB4-AB3D-97A494CD81AC	Javelin::WorldEventCoordinatorTrait::OnSpawnDestroyedMsg	6193	COMMUNITY_REPORTED		CATALOG_NO_GETTER	2	0x14462BC1A->0x146162150;0x14462BC22->0x14463A720
0x14462BD06	0x14462BCC0	0x14462BD4D	0x14463A320	PROVIDER_UUID_CORRELATED	AF0ABEA9-3305-4341-A6A1-35C564EAE44C	Javelin::WorldEventCoordinatorTrait::OnConstraintValidationResultMsg	6207	COMMUNITY_REPORTED		CATALOG_NO_GETTER	2	0x14462BCCA->0x146162150;0x14462BCD2->0x14463A320
0x14462BDB6	0x14462BD70	0x14462BDFD	0x14463A120	PROVIDER_UUID_CORRELATED	CB625CD0-ADCB-411E-BF1E-C78317066502	Javelin::WorldEventCoordinatorTrait::OnConfigChangedMsg	6208	COMMUNITY_REPORTED		CATALOG_NO_GETTER	2	0x14462BD7A->0x146162150;0x14462BD82->0x14463A120
0x14462BE66	0x14462BE20	0x14462BEAD	0x144639920	PROVIDER_UUID_CORRELATED	38F4079A-F764-43F6-A82D-5A00E84EA24C	Javelin::WorldEventCoordinatorTrait::AddBlockerMsg	6258	COMMUNITY_REPORTED		CATALOG_NO_GETTER	2	0x14462BE2A->0x146162150;0x14462BE32->0x144639920
0x14462BF16	0x14462BED0	0x14462BF5D	0x14463AF20	PROVIDER_UUID_CORRELATED	0633A95D-3D46-4B72-A927-148A66229770	Javelin::WorldEventCoordinatorTrait::RemoveBlockerMsg	6260	COMMUNITY_REPORTED		CATALOG_NO_GETTER	2	0x14462BEDA->0x146162150;0x14462BEE2->0x14463AF20
0x14462BFC6	0x14462BF80	0x14462C00D	0x144639B20	PROVIDER_UUID_CORRELATED	6247720C-5C70-4FC8-BA90-C45727863621	Javelin::WorldEventCoordinatorDebugTrait::DebugPrintJsonMsg	6275	COMMUNITY_REPORTED		CATALOG_NO_GETTER	2	0x14462BF8A->0x146162150;0x14462BF92->0x144639B20
0x14462C076	0x14462C030	0x14462C0BD	0x144639D20	PROVIDER_UUID_CORRELATED	12FBF1F2-3885-4784-A064-CD163D26B8A2	Javelin::WorldEventCoordinatorDebugTrait::DebugRemovePendingRequestMsg	6276	COMMUNITY_REPORTED		CATALOG_NO_GETTER	2	0x14462C03A->0x146162150;0x14462C042->0x144639D20
0x14462C126	0x14462C0E0	0x14462C16D	0x143C49D80	PROVIDER_UUID_CORRELATED	44A50561-7EBA-4DB7-9438-7A11CADC6180	Javelin::IWorldEventCoordinatorEventListener	6209	COMMUNITY_REPORTED		CATALOG_NO_GETTER	2	0x14462C0EA->0x146162150;0x14462C0F2->0x143C49D80
0x144632E76	0x144632E30	0x144632EBD	0x14463C120	PROVIDER_UUID_CORRELATED	939E0867-358E-4B50-A124-F8045FFFEA70	Javelin::WorldEventCoordinatorTrait	6194	COMMUNITY_REPORTED		CATALOG_NO_GETTER	2	0x144632E3A->0x146162150;0x144632E42->0x14463C120
0x144633096	0x144633050	0x1446330DD	0x14463B920	PROVIDER_UUID_CORRELATED	AF5CF1F8-820D-4CDF-8843-828602E75174	Javelin::WorldEventCoordinatorTrait::State	6200	COMMUNITY_REPORTED		CATALOG_NO_GETTER	2	0x14463305A->0x146162150;0x144633062->0x14463B920
0x1446332A6	0x144633260	0x1446332ED	0x14463BF20	PROVIDER_UUID_CORRELATED	F6BA5F02-C74C-4B7A-8C9A-D275B0CD8C3F	Javelin::WorldEventCoordinatorDebugTrait	6198	COMMUNITY_REPORTED		CATALOG_NO_GETTER	2	0x14463326A->0x146162150;0x144633272->0x14463BF20
0x144633356	0x144633310	0x14463339D	0x14463B720	PROVIDER_UUID_CORRELATED	C8D1984A-26DE-416E-8D0D-97A18FAFDA46	Javelin::WorldEventCoordinatorDebugTrait::State	6199	COMMUNITY_REPORTED		CATALOG_NO_GETTER	2	0x14463331A->0x146162150;0x144633322->0x14463B720
0x144633406	0x1446333C0	0x14463344D	0x14463BD20	PROVIDER_UUID_CORRELATED	76859470-84EF-473C-9331-A533176A5BF8	Javelin::WorldEventCoordinator	6201	COMMUNITY_REPORTED		CATALOG_NO_GETTER	2	0x1446333CA->0x146162150;0x1446333D2->0x14463BD20
0x144792DA6	0x144792D60	0x144792DED	0x1447A83B0	PROVIDER_UUID_CORRELATED	489227F4-3D87-436C-BF2C-FEE6C37AEB8C	Javelin::CampInstantiationParameters	2610	COMMUNITY_REPORTED		CATALOG_NO_GETTER	2	0x144792D6A->0x146162150;0x144792D72->0x1447A83B0
0x144792F66	0x144792F20	0x144792FAD	0x1447A7FB0	PROVIDER_UUID_CORRELATED	219AB4E6-F8F4-43B1-BDA4-F4FDF779DA5C	Javelin::ClientMessages::BuildableControllerClientFacet_SyncOnUpgradeComplete	2613	COMMUNITY_REPORTED		CATALOG_NO_GETTER	2	0x144792F2A->0x146162150;0x144792F32->0x1447A7FB0
0x144793016	0x144792FD0	0x14479305D	0x1447A7DB0	PROVIDER_UUID_CORRELATED	9D054738-6CFE-40E2-92E9-CE3CF5CEE28E	Javelin::ClientMessages::BuildableControllerClientFacet_OnCompletionBlockedStatusChanged	5361	COMMUNITY_REPORTED		CATALOG_NO_GETTER	2	0x144792FDA->0x146162150;0x144792FE2->0x1447A7DB0
0x1447930C6	0x144793080	0x14479310D	0x1447A81B0	PROVIDER_UUID_CORRELATED	D6AF40AF-F8DF-4FE1-BD5E-06801B1B51E2	Javelin::ClientMessages::BuildableControllerServerFacet_RequestAutoCommitResources	2624	COMMUNITY_REPORTED		CATALOG_NO_GETTER	2	0x14479308A->0x146162150;0x144793092->0x1447A81B0
0x1447B71F6	0x1447B71B0	0x1447B723D	0x1447B8F10	PROVIDER_UUID_CORRELATED	D12C9F8F-0564-464E-A78D-A8D56C91714C	MB::BuildableControllerReplicatedState	1594	COMMUNITY_REPORTED		CATALOG_NO_GETTER	2	0x1447B71BA->0x146162150;0x1447B71C2->0x1447B8F10
0x1447BB8D6	0x1447BB890	0x1447BB91D	0x1447C8F60	PROVIDER_UUID_CORRELATED	369A956C-AF18-41EA-A896-A499D06853BA	Javelin::ClientMessages::BuilderComponentClientFacet_SyncData	2645	COMMUNITY_REPORTED		CATALOG_NO_GETTER	2	0x1447BB89A->0x146162150;0x1447BB8A2->0x1447C8F60
0x1447BB986	0x1447BB940	0x1447BB9CD	0x1447C9160	PROVIDER_UUID_CORRELATED	EE9D2745-D534-4119-B9CA-2BA864703745	Javelin::ClientMessages::BuilderComponentClientFacet_SyncPlacementRequestResults	441	COMMUNITY_REPORTED		CATALOG_NO_GETTER	2	0x1447BB94A->0x146162150;0x1447BB952->0x1447C9160
0x1447BBA36	0x1447BB9F0	0x1447BBA7D	0x1447C9960	PROVIDER_UUID_CORRELATED	2DA234C4-4B5E-406A-A592-DC41DAA20037	Javelin::ClientMessages::BuilderComponentServerFacet_RequestCancelPlacingStructure	1507	COMMUNITY_REPORTED		CATALOG_NO_GETTER	2	0x1447BB9FA->0x146162150;0x1447BBA02->0x1447C9960
0x1447BBAE6	0x1447BBAA0	0x1447BBB2D	0x1447C9B60	PROVIDER_UUID_CORRELATED	83616D89-0D34-4DE6-AC42-27F235EAD28B	Javelin::ClientMessages::BuilderComponentServerFacet_RequestPlaceStructure	2236	COMMUNITY_REPORTED		CATALOG_NO_GETTER	2	0x1447BBAAA->0x146162150;0x1447BBAB2->0x1447C9B60
0x1447BBCD6	0x1447BBC90	0x1447BBD1D	0x1447C9760	PROVIDER_UUID_CORRELATED	CE39C4ED-86A9-4A53-9706-49271D353046	Javelin::ClientMessages::BuilderComponentServerFacet_RequestBuildDefensiveStructure	2646	COMMUNITY_REPORTED		CATALOG_NO_GETTER	2	0x1447BBC9A->0x146162150;0x1447BBCA2->0x1447C9760
0x1447BBEF6	0x1447BBEB0	0x1447BBF3D	0x1447C9560	PROVIDER_UUID_CORRELATED	F2974362-31D9-4393-A6E6-FD0225307641	Javelin::ClientMessages::BuilderComponentServerFacet_OnClientRequestStopApplyingResources	2656	COMMUNITY_REPORTED		CATALOG_NO_GETTER	2	0x1447BBEBA->0x146162150;0x1447BBEC2->0x1447C9560
0x1447BBFA6	0x1447BBF60	0x1447BBFED	0x1447C9360	PROVIDER_UUID_CORRELATED	E3979322-0B0E-4E1D-879D-9643F09C4934	Javelin::ClientMessages::BuilderComponentServerFacet_DebugRequestEnableFreeCamps	5607	COMMUNITY_REPORTED		CATALOG_NO_GETTER	2	0x1447BBF6A->0x146162150;0x1447BBF72->0x1447C9360
0x1447D2F56	0x1447D2F10	0x1447D2F9D	0x1447D3130	PROVIDER_UUID_CORRELATED	149758CA-AEA4-4E44-AF78-D9495915B8AF	MB::BuilderComponentReplicatedState	2270	COMMUNITY_REPORTED		CATALOG_NO_GETTER	2	0x1447D2F1A->0x146162150;0x1447D2F22->0x1447D3130
0x1447D3926	0x1447D38E0	0x1447D396D	0x1447D3B10	PROVIDER_UUID_CORRELATED	6CA244DF-4B57-4FD8-8301-7D2900FC858E		173	COMMUNITY_REPORTED		CATALOG_NO_GETTER	2	0x1447D38EA->0x146162150;0x1447D38F2->0x1447D3B10
0x1447D4596	0x1447D4550	0x1447D45DD	0x1447DC420	PROVIDER_UUID_CORRELATED	48CF7C48-C007-4CC1-B8AE-0F5ECB48FDBE	Javelin::ClientMessages::TerritoryComponentClientFacet_ClaimTerritory	1633	COMMUNITY_REPORTED		CATALOG_NO_GETTER	2	0x1447D455A->0x146162150;0x1447D4562->0x1447DC420
0x1447D4646	0x1447D4600	0x1447D468D	0x1447DC620	PROVIDER_UUID_CORRELATED	95345644-1AB8-4D17-BF09-E8EBCBA184F8	Javelin::ClientMessages::TerritoryComponentClientFacet_UnclaimTerritory	1741	COMMUNITY_REPORTED		CATALOG_NO_GETTER	2	0x1447D460A->0x146162150;0x1447D4612->0x1447DC620
0x1447D46F6	0x1447D46B0	0x1447D473D	0x1447DC820	PROVIDER_UUID_CORRELATED	0E0AB626-EE1F-4F9C-A18C-DB0560E8B2E8	Javelin::ClientMessages::TerritoryComponentServerFacet_UnclaimTerritory	2679	COMMUNITY_REPORTED		CATALOG_NO_GETTER	2	0x1447D46BA->0x146162150;0x1447D46C2->0x1447DC820
0x1447E0D76	0x1447E0D30	0x1447E0DBD	0x144806390	PROVIDER_UUID_CORRELATED	0B882877-21A3-418A-84C9-DDAE7DF10BB5	Javelin::ClientMessages::TerritoryInteractorComponentServerFacet_DEBUG_OnGovernanceUpkeepPenalty	2747	COMMUNITY_REPORTED		CATALOG_NO_GETTER	2	0x1447E0D3A->0x146162150;0x1447E0D42->0x144806390
0x1447E1096	0x1447E1050	0x1447E10DD	0x144806590	PROVIDER_UUID_CORRELATED	11DC0760-AB5D-49A2-AB01-504FF3150A2C	Javelin::ClientMessages::TerritoryInteractorComponentServerFacet_DEBUG_OnInvasionFailure	2751	COMMUNITY_REPORTED		CATALOG_NO_GETTER	2	0x1447E105A->0x146162150;0x1447E1062->0x144806590
0x1447E16B6	0x1447E1670	0x1447E16FD	0x144806190	PROVIDER_UUID_CORRELATED	C1DFF750-8A1A-4FB3-A3CE-7ACAC612E669	Javelin::ClientMessages::TerritoryInteractorComponentServerFacet_DEBUG_OnGovernanceOwnershipChangePenalty	2753	COMMUNITY_REPORTED		CATALOG_NO_GETTER	2	0x1447E167A->0x146162150;0x1447E1682->0x144806190
0x1447E1956	0x1447E1910	0x1447E199D	0x144809390	PROVIDER_UUID_CORRELATED	355EFEDA-746E-43CE-B19D-D845A7AFDBFA	Javelin::ClientMessages::TerritoryInteractorComponentServerFacet_DEBUG_TriggerTerritoryControlStreakScoring	5418	COMMUNITY_REPORTED		CATALOG_NO_GETTER	2	0x1447E191A->0x146162150;0x1447E1922->0x144809390
0x1447E1CD6	0x1447E1C90	0x1447E1D1D	0x144808190	PROVIDER_UUID_CORRELATED	5147D743-920A-4B3C-8383-EEFC75754B6A	Javelin::ClientMessages::TerritoryInteractorComponentServerFacet_DEBUG_RequestSetUpkeepTimeRemaining	2754	COMMUNITY_REPORTED		CATALOG_NO_GETTER	2	0x1447E1C9A->0x146162150;0x1447E1CA2->0x144808190
0x1447E1E76	0x1447E1E30	0x1447E1EBD	0x144808B90	PROVIDER_UUID_CORRELATED	E8B46B4C-85D9-431B-898A-2D4FF2E4AAC1	Javelin::ClientMessages::TerritoryInteractorComponentServerFacet_DEBUG_RequestTransferOwnership	878	COMMUNITY_REPORTED		CATALOG_NO_GETTER	2	0x1447E1E3A->0x146162150;0x1447E1E42->0x144808B90
0x1447E22C6	0x1447E2280	0x1447E230D	0x144807B90	PROVIDER_UUID_CORRELATED	8F0DEAB1-FF4D-4AB4-BEC1-EC6EFED1D092	Javelin::ClientMessages::TerritoryInteractorComponentServerFacet_DEBUG_RequestSetConflictState	2757	COMMUNITY_REPORTED		CATALOG_NO_GETTER	2	0x1447E228A->0x146162150;0x1447E2292->0x144807B90
0x1447E2BD6	0x1447E2B90	0x1447E2C1D	0x144806990	PROVIDER_UUID_CORRELATED	07C3AC42-CB30-46A0-AB80-2EC31C446E4F	Javelin::ClientMessages::TerritoryInteractorComponentServerFacet_DEBUG_RequestClearConflictState	427	COMMUNITY_REPORTED		CATALOG_NO_GETTER	2	0x1447E2B9A->0x146162150;0x1447E2BA2->0x144806990
0x1447E3546	0x1447E3500	0x1447E358D	0x144808390	PROVIDER_UUID_CORRELATED	6D848B2D-4791-43C2-A863-1BBADFCDC6C2	Javelin::ClientMessages::TerritoryInteractorComponentServerFacet_DEBUG_RequestSignup	1505	COMMUNITY_REPORTED		CATALOG_NO_GETTER	2	0x1447E350A->0x146162150;0x1447E3512->0x144808390
0x1447E3986	0x1447E3940	0x1447E39CD	0x144807390	PROVIDER_UUID_CORRELATED	5F21B187-984D-4615-8A17-639CFD98F724	Javelin::ClientMessages::TerritoryInteractorComponentServerFacet_DEBUG_RequestPerformBackfill	1971	COMMUNITY_REPORTED		CATALOG_NO_GETTER	2	0x1447E394A->0x146162150;0x1447E3952->0x144807390
0x1447E3EC6	0x1447E3E80	0x1447E3F0D	0x144807190	PROVIDER_UUID_CORRELATED	CD0D95F3-E40E-477A-BA46-5CE852AA9B1A	Javelin::ClientMessages::TerritoryInteractorComponentServerFacet_DEBUG_RequestGetConflictPauseState	1360	COMMUNITY_REPORTED		CATALOG_NO_GETTER	2	0x1447E3E8A->0x146162150;0x1447E3E92->0x144807190
0x1447E4226	0x1447E41E0	0x1447E426D	0x144808590	PROVIDER_UUID_CORRELATED	5BB70B99-10E1-443B-81BB-354696F24814	Javelin::ClientMessages::TerritoryInteractorComponentServerFacet_DEBUG_RequestSimulateMaintenanceMode	5019	COMMUNITY_REPORTED		CATALOG_NO_GETTER	2	0x1447E41EA->0x146162150;0x1447E41F2->0x144808590
0x1447E4446	0x1447E4400	0x1447E448D	0x144804F90	PROVIDER_UUID_CORRELATED	B9543191-B01C-423E-B616-B47AF226A4B8	Javelin::ClientMessages::TerritoryInteractorComponentClientFacet_DEBUG_RequestGetConflictPauseStateResponse	2759	COMMUNITY_REPORTED		CATALOG_NO_GETTER	2	0x1447E440A->0x146162150;0x1447E4412->0x144804F90
0x1447E4656	0x1447E4610	0x1447E469D	0x144806F90	PROVIDER_UUID_CORRELATED	AFCB5BCE-C284-4A03-9C1F-D0AA7F24E7CA	Javelin::ClientMessages::TerritoryInteractorComponentServerFacet_DEBUG_RequestEndProject	1118	COMMUNITY_REPORTED		CATALOG_NO_GETTER	2	0x1447E461A->0x146162150;0x1447E4622->0x144806F90
0x1447E4CF6	0x1447E4CB0	0x1447E4D3D	0x144806B90	PROVIDER_UUID_CORRELATED	DDA35266-CCAF-425C-8B7B-8C7A8ADC3FC2	Javelin::ClientMessages::TerritoryInteractorComponentServerFacet_DEBUG_RequestCompleteProject	2744	COMMUNITY_REPORTED		CATALOG_NO_GETTER	2	0x1447E4CBA->0x146162150;0x1447E4CC2->0x144806B90
0x1447E5306	0x1447E52C0	0x1447E534D	0x144807F90	PROVIDER_UUID_CORRELATED	3F7BC78F-7BE6-4524-953E-D3CB7E335ED0	Javelin::ClientMessages::TerritoryInteractorComponentServerFacet_DEBUG_RequestSetRemainingTimeMinutes	438	COMMUNITY_REPORTED		CATALOG_NO_GETTER	2	0x1447E52CA->0x146162150;0x1447E52D2->0x144807F90
0x1447E55E6	0x1447E55A0	0x1447E562D	0x144807D90	PROVIDER_UUID_CORRELATED	D353E4DC-63E8-4885-A0AE-4D445D67C448	Javelin::ClientMessages::TerritoryInteractorComponentServerFacet_DEBUG_RequestSetProjectProgression	2745	COMMUNITY_REPORTED		CATALOG_NO_GETTER	2	0x1447E55AA->0x146162150;0x1447E55B2->0x144807D90
0x1447E59D6	0x1447E5990	0x1447E5A1D	0x144807990	PROVIDER_UUID_CORRELATED	AE4C1BC8-575E-405D-9871-827A78350CC2	Javelin::ClientMessages::TerritoryInteractorComponentServerFacet_DEBUG_RequestSetCompletedProjects	2755	COMMUNITY_REPORTED		CATALOG_NO_GETTER	2	0x1447E599A->0x146162150;0x1447E59A2->0x144807990
0x1447E5BE6	0x1447E5BA0	0x1447E5C2D	0x144808F90	PROVIDER_UUID_CORRELATED	4182095E-3D94-45E3-B71E-37E97E5618CE	Javelin::ClientMessages::TerritoryInteractorComponentServerFacet_DEBUG_SetRemainingTerritoryEffectTime	2155	COMMUNITY_REPORTED		CATALOG_NO_GETTER	2	0x1447E5BAA->0x146162150;0x1447E5BB2->0x144808F90
0x1447E5D86	0x1447E5D40	0x1447E5DCD	0x144808990	PROVIDER_UUID_CORRELATED	B8CF6A66-E213-4D04-B1D4-C6D47AFBC792	Javelin::ClientMessages::TerritoryInteractorComponentServerFacet_DEBUG_RequestSyncGovernanceBrokerData	5325	COMMUNITY_REPORTED		CATALOG_NO_GETTER	2	0x1447E5D4A->0x146162150;0x1447E5D52->0x144808990
0x1447E6546	0x1447E6500	0x1447E658D	0x144806D90	PROVIDER_UUID_CORRELATED	90798017-3746-4FEB-98EC-E5B2716654FB	Javelin::ClientMessages::TerritoryInteractorComponentServerFacet_DEBUG_RequestDistributePooledEarnings	5324	COMMUNITY_REPORTED		CATALOG_NO_GETTER	2	0x1447E650A->0x146162150;0x1447E6512->0x144806D90
0x1447E68D6	0x1447E6890	0x1447E691D	0x144804D90	PROVIDER_UUID_CORRELATED	C32ED0EE-C9B9-47A7-BC04-9C1CEDEE8C4C	Javelin::ClientMessages::TerritoryInteractorComponentClientFacet_DEBUG_OnSyncGovernanceBrokerData	5330	COMMUNITY_REPORTED		CATALOG_NO_GETTER	2	0x1447E689A->0x146162150;0x1447E68A2->0x144804D90
0x1447E6AA6	0x1447E6A60	0x1447E6AED	0x144804990	PROVIDER_UUID_CORRELATED	2694935E-970C-4E67-83EC-CD1A933F9ACD	Javelin::ClientMessages::TerritoryInteractorComponentClientFacet_DEBUG_OnReceiveServerDebugData	224	COMMUNITY_REPORTED		CATALOG_NO_GETTER	2	0x1447E6A6A->0x146162150;0x1447E6A72->0x144804990
0x1447E6EC6	0x1447E6E80	0x1447E6F0D	0x144807790	PROVIDER_UUID_CORRELATED	A1A1E9EE-E91A-43FC-B994-33DE787E6580	Javelin::ClientMessages::TerritoryInteractorComponentServerFacet_DEBUG_RequestServerSideDebugData	2558	COMMUNITY_REPORTED		CATALOG_NO_GETTER	2	0x1447E6E8A->0x146162150;0x1447E6E92->0x144807790
0x1447E71B6	0x1447E7170	0x1447E71FD	0x14480B190	PROVIDER_UUID_CORRELATED	68013EDB-3EC2-41FD-B1A8-815263BBF9CA	Javelin::ClientMessages::TerritoryInteractorComponentServerFacet_RequestSignup	2762	COMMUNITY_REPORTED		CATALOG_NO_GETTER	2	0x1447E717A->0x146162150;0x1447E7182->0x14480B190
0x1447E7336	0x1447E72F0	0x1447E737D	0x14480B590	PROVIDER_UUID_CORRELATED	0287BEBD-F4A5-446F-94C5-2296BFE9647B	Javelin::ClientMessages::TerritoryInteractorComponentServerFacet_RequestSignupList	2767	COMMUNITY_REPORTED		CATALOG_NO_GETTER	2	0x1447E72FA->0x146162150;0x1447E7302->0x14480B590
0x1447E73E6	0x1447E73A0	0x1447E742D	0x14480B390	PROVIDER_UUID_CORRELATED	89ABB3E6-8D06-40AD-BF83-8840A597AB40	Javelin::ClientMessages::TerritoryInteractorComponentServerFacet_RequestSignupCount	2771	COMMUNITY_REPORTED		CATALOG_NO_GETTER	2	0x1447E73AA->0x146162150;0x1447E73B2->0x14480B390
0x1447E7746	0x1447E7700	0x1447E778D	0x14480A790	PROVIDER_UUID_CORRELATED	BFA404A7-1C06-4892-8538-9AAF3CCA4816	Javelin::ClientMessages::TerritoryInteractorComponentServerFacet_RequestRoster	2772	COMMUNITY_REPORTED		CATALOG_NO_GETTER	2	0x1447E770A->0x146162150;0x1447E7712->0x14480A790
0x1447E7EF6	0x1447E7EB0	0x1447E7F3D	0x14480A990	PROVIDER_UUID_CORRELATED	1AF0E9A0-A5AE-407E-98C8-9B409144BC35	Javelin::ClientMessages::TerritoryInteractorComponentServerFacet_RequestSetBackfillEnabled	2775	COMMUNITY_REPORTED		CATALOG_NO_GETTER	2	0x1447E7EBA->0x146162150;0x1447E7EC2->0x14480A990
0x1447E80C6	0x1447E8080	0x1447E810D	0x14480AF90	PROVIDER_UUID_CORRELATED	4505FFC4-56BF-4472-896F-5EF4D44F861F	Javelin::ClientMessages::TerritoryInteractorComponentServerFacet_RequestSetRoster	246	COMMUNITY_REPORTED		CATALOG_NO_GETTER	2	0x1447E808A->0x146162150;0x1447E8092->0x14480AF90
0x1447E83B6	0x1447E8370	0x1447E83FD	0x144809990	PROVIDER_UUID_CORRELATED	56818398-91B7-4728-BEE7-35B12F9C1C61	Javelin::ClientMessages::TerritoryInteractorComponentServerFacet_RequestFillRoster	2777	COMMUNITY_REPORTED		CATALOG_NO_GETTER	2	0x1447E837A->0x146162150;0x1447E8382->0x144809990
0x1447E85D6	0x1447E8590	0x1447E861D	0x144809590	PROVIDER_UUID_CORRELATED	B47C2DF6-E689-4A63-B866-CEB78B02CFC8	Javelin::ClientMessages::TerritoryInteractorComponentServerFacet_RequestAddPlayerToRoster	2779	COMMUNITY_REPORTED		CATALOG_NO_GETTER	2	0x1447E859A->0x146162150;0x1447E85A2->0x144809590
0x1447E8C36	0x1447E8BF0	0x1447E8C7D	0x14480A590	PROVIDER_UUID_CORRELATED	6B1AF929-9658-4C49-A1BB-54F3FFBB4C29	Javelin::ClientMessages::TerritoryInteractorComponentServerFacet_RequestRemovePlayerFromRoster	2781	COMMUNITY_REPORTED		CATALOG_NO_GETTER	2	0x1447E8BFA->0x146162150;0x1447E8C02->0x14480A590
0x1447E8FC6	0x1447E8F80	0x1447E900D	0x144809B90	PROVIDER_UUID_CORRELATED	10F1B12F-3075-4918-AC4C-2B057B145D66	Javelin::ClientMessages::TerritoryInteractorComponentServerFacet_RequestKickPlayer	1892	COMMUNITY_REPORTED		CATALOG_NO_GETTER	2	0x1447E8F8A->0x146162150;0x1447E8F92->0x144809B90
0x1447E91D6	0x1447E9190	0x1447E921D	0x144809F90	PROVIDER_UUID_CORRELATED	4D6F1060-B144-400E-978E-5FCE992C1BB3	Javelin::ClientMessages::TerritoryInteractorComponentServerFacet_RequestMovePlayer	1676	COMMUNITY_REPORTED		CATALOG_NO_GETTER	2	0x1447E919A->0x146162150;0x1447E91A2->0x144809F90
0x1447E9286	0x1447E9240	0x1447E92CD	0x14480B990	PROVIDER_UUID_CORRELATED	2FBCA6EC-4A61-4A97-9583-2D427B8098AC	Javelin::ClientMessages::TerritoryInteractorComponentServerFacet_RequestSwapPlayers	1871	COMMUNITY_REPORTED		CATALOG_NO_GETTER	2	0x1447E924A->0x146162150;0x1447E9252->0x14480B990
0x1447E9596	0x1447E9550	0x1447E95DD	0x14480AD90	PROVIDER_UUID_CORRELATED	17E081A5-36E6-4707-81B7-00C56F350ECC	Javelin::ClientMessages::TerritoryInteractorComponentServerFacet_RequestSetPlayerPermissions	2782	COMMUNITY_REPORTED		CATALOG_NO_GETTER	2	0x1447E955A->0x146162150;0x1447E9562->0x14480AD90
0x1447E9C96	0x1447E9C50	0x1447E9CDD	0x14480AB90	PROVIDER_UUID_CORRELATED	F5DA125E-6258-449D-A0E1-C64433B82131	Javelin::ClientMessages::TerritoryInteractorComponentServerFacet_RequestSetGroupData	1727	COMMUNITY_REPORTED		CATALOG_NO_GETTER	2	0x1447E9C5A->0x146162150;0x1447E9C62->0x14480AB90
0x1447EA256	0x1447EA210	0x1447EA29D	0x144809D90	PROVIDER_UUID_CORRELATED	7CF35364-ECA8-4979-AC52-E78DF4015646	Javelin::ClientMessages::TerritoryInteractorComponentServerFacet_RequestLeave	2784	COMMUNITY_REPORTED		CATALOG_NO_GETTER	2	0x1447EA21A->0x146162150;0x1447EA222->0x144809D90
0x1447EA566	0x1447EA520	0x1447EA5AD	0x144808D90	PROVIDER_UUID_CORRELATED	FA02278D-9504-4380-B48A-D1053B102C7E	Javelin::ClientMessages::TerritoryInteractorComponentServerFacet_DEBUG_SendRaidInvites	2789	COMMUNITY_REPORTED		CATALOG_NO_GETTER	2	0x1447EA52A->0x146162150;0x1447EA532->0x144808D90
0x1447EA706	0x1447EA6C0	0x1447EA74D	0x14480A390	PROVIDER_UUID_CORRELATED	A2113157-6430-4878-A198-177625BD3DCB	Javelin::ClientMessages::TerritoryInteractorComponentServerFacet_RequestRemoteInteract	2791	COMMUNITY_REPORTED		CATALOG_NO_GETTER	2	0x1447EA6CA->0x146162150;0x1447EA6D2->0x14480A390
0x1447ED1F6	0x1447ED1B0	0x1447ED23D	0x14480BD90	PROVIDER_UUID_CORRELATED	E6902DC4-E7AB-4FC0-8556-C8226F31CE4E	MB::TerritoryInteractorReplicatedState	1880	COMMUNITY_REPORTED		CATALOG_NO_GETTER	2	0x1447ED1BA->0x146162150;0x1447ED1C2->0x14480BD90
0x1447ED646	0x1447ED600	0x1447ED68D	0x144805390	PROVIDER_UUID_CORRELATED	76927F71-6A00-4432-A20B-F735F376CC35	Javelin::ClientMessages::TerritoryInteractorComponentClientFacet_OnServerFacetReady	2722	COMMUNITY_REPORTED		CATALOG_NO_GETTER	2	0x1447ED60A->0x146162150;0x1447ED612->0x144805390
0x1447ED936	0x1447ED8F0	0x1447ED97D	0x144805D90	PROVIDER_UUID_CORRELATED	5C1D7223-7A69-4CE5-9EC4-4D7CA6F7A1FD	Javelin::ClientMessages::TerritoryInteractorComponentClientFacet_OnSignupResponseReceived	2169	COMMUNITY_REPORTED		CATALOG_NO_GETTER	2	0x1447ED8FA->0x146162150;0x1447ED902->0x144805D90
0x1447EDBC6	0x1447EDB80	0x1447EDC0D	0x144805B90	PROVIDER_UUID_CORRELATED	60DC63F2-1001-4550-B402-6BDCC66A3D7E	Javelin::ClientMessages::TerritoryInteractorComponentClientFacet_OnSignupListReceived	2726	COMMUNITY_REPORTED		CATALOG_NO_GETTER	2	0x1447EDB8A->0x146162150;0x1447EDB92->0x144805B90
0x1447EDEB6	0x1447EDE70	0x1447EDEFD	0x144805990	PROVIDER_UUID_CORRELATED	53646133-25EC-4021-967B-03212BA0BF01	Javelin::ClientMessages::TerritoryInteractorComponentClientFacet_OnSignupCountReceived	2729	COMMUNITY_REPORTED		CATALOG_NO_GETTER	2	0x1447EDE7A->0x146162150;0x1447EDE82->0x144805990
0x1447EDF66	0x1447EDF20	0x1447EDFAD	0x144805790	PROVIDER_UUID_CORRELATED	2A1CCD51-7F1F-4D9E-BAF6-E5BCC9F3366E	Javelin::ClientMessages::TerritoryInteractorComponentClientFacet_OnSetRosterResponseReceived	2733	COMMUNITY_REPORTED		CATALOG_NO_GETTER	2	0x1447EDF2A->0x146162150;0x1447EDF32->0x144805790
0x1447EE0E6	0x1447EE0A0	0x1447EE12D	0x144805590	PROVIDER_UUID_CORRELATED	AE3E03B9-802E-4FD3-8013-D9B579117793	Javelin::ClientMessages::TerritoryInteractorComponentClientFacet_OnSetBackfillEnabledResponseReceived	2734	COMMUNITY_REPORTED		CATALOG_NO_GETTER	2	0x1447EE0AA->0x146162150;0x1447EE0B2->0x144805590
0x1447EE726	0x1447EE6E0	0x1447EE76D	0x144805190	PROVIDER_UUID_CORRELATED	6E9571A4-1C82-498D-9F22-CA4F489B2515	Javelin::ClientMessages::TerritoryInteractorComponentClientFacet_OnLeaveResponseReceived	2230	COMMUNITY_REPORTED		CATALOG_NO_GETTER	2	0x1447EE6EA->0x146162150;0x1447EE6F2->0x144805190
0x1447EEBF6	0x1447EEBB0	0x1447EEC3D	0x14480A190	PROVIDER_UUID_CORRELATED	4EF1DD4E-AE0D-4D91-A223-6A8A01606B1E	Javelin::ClientMessages::TerritoryInteractorComponentServerFacet_RequestPayUpkeepCost	2738	COMMUNITY_REPORTED		CATALOG_NO_GETTER	2	0x1447EEBBA->0x146162150;0x1447EEBC2->0x14480A190
0x1447EF136	0x1447EF0F0	0x1447EF17D	0x14480B790	PROVIDER_UUID_CORRELATED	7426CA82-9FC4-4382-A69C-036529EB88FE	Javelin::ClientMessages::TerritoryInteractorComponentServerFacet_RequestStartProject	453	COMMUNITY_REPORTED		CATALOG_NO_GETTER	2	0x1447EF0FA->0x146162150;0x1447EF102->0x14480B790
0x1447EF486	0x1447EF440	0x1447EF4CD	0x144809790	PROVIDER_UUID_CORRELATED	5873026E-32F8-4DF5-8D86-F3EF66E7FE55	Javelin::ClientMessages::TerritoryInteractorComponentServerFacet_RequestCancelProject	2739	COMMUNITY_REPORTED		CATALOG_NO_GETTER	2	0x1447EF44A->0x146162150;0x1447EF452->0x144809790
0x1447EF7E6	0x1447EF7A0	0x1447EF82D	0x14480BB90	PROVIDER_UUID_CORRELATED	3CD681D0-E238-4C84-A531-8C636DC2C608	Javelin::ClientMessages::TerritoryInteractorComponentServerFacet_SetTaxOrFee	2519	COMMUNITY_REPORTED		CATALOG_NO_GETTER	2	0x1447EF7AA->0x146162150;0x1447EF7B2->0x14480BB90
0x1447EFB06	0x1447EFAC0	0x1447EFB4D	0x144806790	PROVIDER_UUID_CORRELATED	FC2A88F1-8866-43FD-8F1D-F78ED0B112DB	Javelin::ClientMessages::TerritoryInteractorComponentServerFacet_DEBUG_RequestAddFactionInfluence	2740	COMMUNITY_REPORTED		CATALOG_NO_GETTER	2	0x1447EFACA->0x146162150;0x1447EFAD2->0x144806790
0x1447F0216	0x1447F01D0	0x1447F025D	0x144807590	PROVIDER_UUID_CORRELATED	D667F0D1-C09D-447A-A8C3-7BDF924E599C	Javelin::ClientMessages::TerritoryInteractorComponentServerFacet_DEBUG_RequestResetFactionInfluence	2741	COMMUNITY_REPORTED		CATALOG_NO_GETTER	2	0x1447F01DA->0x146162150;0x1447F01E2->0x144807590
0x1447F0836	0x1447F07F0	0x1447F087D	0x144808790	PROVIDER_UUID_CORRELATED	8323CDA5-2A47-4EA6-ADA3-CB3721C98846	Javelin::ClientMessages::TerritoryInteractorComponentServerFacet_DEBUG_RequestSyncFactionInfluenceValues	6132	COMMUNITY_REPORTED		CATALOG_NO_GETTER	2	0x1447F07FA->0x146162150;0x1447F0802->0x144808790
0x1447F0AE6	0x1447F0AA0	0x1447F0B2D	0x144804B90	PROVIDER_UUID_CORRELATED	728F21C2-52FA-4FE6-9F49-E25BC06FAB07	Javelin::ClientMessages::TerritoryInteractorComponentClientFacet_DEBUG_OnSyncFactionInfluenceValues	6133	COMMUNITY_REPORTED		CATALOG_NO_GETTER	2	0x1447F0AAA->0x146162150;0x1447F0AB2->0x144804B90
0x1447F0C86	0x1447F0C40	0x1447F0CCD	0x144809190	PROVIDER_UUID_CORRELATED	C6107122-8F9B-4AC5-AF1A-3133323A48CC	Javelin::ClientMessages::TerritoryInteractorComponentServerFacet_DEBUG_SetTaxOrFee	2742	COMMUNITY_REPORTED		CATALOG_NO_GETTER	2	0x1447F0C4A->0x146162150;0x1447F0C52->0x144809190
0x1447F0E06	0x1447F0DC0	0x1447F0E4D	0x144805F90	PROVIDER_UUID_CORRELATED	05CEFC98-1EAF-4E67-B071-6A792A8FDE2D	Javelin::ClientMessages::TerritoryInteractorComponentServerFacet_DEBUG_DowngradeRandomPrevProject	2746	COMMUNITY_REPORTED		CATALOG_NO_GETTER	2	0x1447F0DCA->0x146162150;0x1447F0DD2->0x144805F90
0x14481B0E6	0x14481B0A0	0x14481B12D	0x14483CC40	PROVIDER_UUID_CORRELATED	F1DA2DD3-97F1-46F5-81D2-44BE8CD91CFC	Javelin::ClientMessages::ActionListComponentServerFacet_DEBUG_SetFlyingMode	2810	COMMUNITY_REPORTED		CATALOG_NO_GETTER	2	0x14481B0AA->0x146162150;0x14481B0B2->0x14483CC40
0x14481B276	0x14481B230	0x14481B2BD	0x14483D040	PROVIDER_UUID_CORRELATED	E788C725-8CB1-42BB-B16B-1A27397D9BF1	Javelin::ClientMessages::ActionListComponentServerFacet_DEBUG_SetPreventSpeedHacking	2811	COMMUNITY_REPORTED		CATALOG_NO_GETTER	2	0x14481B23A->0x146162150;0x14481B242->0x14483D040
0x14481B506	0x14481B4C0	0x14481B54D	0x14483CE40	PROVIDER_UUID_CORRELATED	C633055A-8048-40A0-8A82-1E013396BF1C	Javelin::ClientMessages::ActionListComponentServerFacet_DEBUG_SetInputTimeOut	2629	COMMUNITY_REPORTED		CATALOG_NO_GETTER	2	0x14481B4CA->0x146162150;0x14481B4D2->0x14483CE40
0x14481B686	0x14481B640	0x14481B6CD	0x14483CA40	PROVIDER_UUID_CORRELATED	2A9BA2F9-3051-4A4D-8835-A6C0643BA1A4	Javelin::ClientMessages::ActionListComponentServerFacet_DEBUG_SetACKTimeOut	2812	COMMUNITY_REPORTED		CATALOG_NO_GETTER	2	0x14481B64A->0x146162150;0x14481B652->0x14483CA40
0x14481B946	0x14481B900	0x14481B98D	0x14483D240	PROVIDER_UUID_CORRELATED	C640D15C-7FBB-46B9-948D-133CAAE6631A	Javelin::ClientMessages::ActionListComponentServerFacet_QueueAction	2814	COMMUNITY_REPORTED		CATALOG_NO_GETTER	2	0x14481B90A->0x146162150;0x14481B912->0x14483D240
0x14481B9F6	0x14481B9B0	0x14481BA3D	0x14483C840	PROVIDER_UUID_CORRELATED	37B9B833-A7B8-4308-8DA8-3DA2F108C5BC	Javelin::ClientMessages::ActionListComponentClientFacet_OnActionStarted	2817	COMMUNITY_REPORTED		CATALOG_NO_GETTER	2	0x14481B9BA->0x146162150;0x14481B9C2->0x14483C840
0x14481BB66	0x14481BB20	0x14481BBAD	0x14483C640	PROVIDER_UUID_CORRELATED	A6C06B58-E996-4B73-AFA5-F59A7B3545F1	Javelin::ClientMessages::ActionListComponentClientFacet_ClientSyncDetailedReaction	2818	COMMUNITY_REPORTED		CATALOG_NO_GETTER	2	0x14481BB2A->0x146162150;0x14481BB32->0x14483C640
0x14481BC26	0x14481BBE0	0x14481BC6D	0x14483D440	PROVIDER_UUID_CORRELATED	87F5D062-D059-4AFE-B920-635F628D89E7	Javelin::ClientMessages::ActionListComponentServerFacet_RequestSpreadshot	2719	COMMUNITY_REPORTED		CATALOG_NO_GETTER	2	0x14481BBEA->0x146162150;0x14481BBF2->0x14483D440
0x1448505D6	0x144850590	0x14485061D	0x144859D40	PROVIDER_UUID_CORRELATED	547083EA-2BEF-4C13-ADA1-7B449D764393	Javelin::ClientMessages::ActionListComponentServerFacet_DEBUG_SetAsyncFixedStep	1654	COMMUNITY_REPORTED		CATALOG_NO_GETTER	2	0x14485059A->0x146162150;0x1448505A2->0x144859D40
0x144850686	0x144850640	0x1448506CD	0x144859F40	PROVIDER_UUID_CORRELATED	2636F586-836F-46EA-9C12-BD4B874A4A35	Javelin::ClientMessages::ActionListComponentServerFacet_DEBUG_SetInputsThrottled	569	COMMUNITY_REPORTED		CATALOG_NO_GETTER	2	0x14485064A->0x146162150;0x144850652->0x144859F40
0x144850736	0x1448506F0	0x14485077D	0x14485A140	PROVIDER_UUID_CORRELATED	6E9B47DA-BA7F-4253-8042-46580B9D7BE0	Javelin::ClientMessages::ActionListComponentServerFacet_SetInputsThrottled	998	COMMUNITY_REPORTED		CATALOG_NO_GETTER	2	0x1448506FA->0x146162150;0x144850702->0x14485A140
0x144867896	0x144867850	0x1448678DD	0x14486AF70	PROVIDER_UUID_CORRELATED	01346CCD-785E-448D-A429-4B281972B1D7	Javelin::ClientMessages::ActionListComponentServerFacet_ReceiveInputFromClient	1589	COMMUNITY_REPORTED		CATALOG_NO_GETTER	2	0x14486785A->0x146162150;0x144867862->0x14486AF70
0x1448738F6	0x1448738B0	0x14487393D	0x144878DF0	PROVIDER_UUID_CORRELATED	357FC89A-D0B9-408F-88F3-26FFF00F7FD0	Javelin::ClientMessages::ActionListComponentServerFacet_DEBUG_SetParam	2819	COMMUNITY_REPORTED		CATALOG_NO_GETTER	2	0x1448738BA->0x146162150;0x1448738C2->0x144878DF0
0x1448739A6	0x144873960	0x1448739ED	0x144878FF0	PROVIDER_UUID_CORRELATED	F634E7B9-4897-4A92-A6C5-A8324569FEB1	Javelin::ClientMessages::ActionListComponentServerFacet_DEBUG_SetParamFloat	2482	COMMUNITY_REPORTED		CATALOG_NO_GETTER	2	0x14487396A->0x146162150;0x144873972->0x144878FF0
0x144873A56	0x144873A10	0x144873A9D	0x144878BF0	PROVIDER_UUID_CORRELATED	C3B91EF6-84C8-45E0-B026-CA6DF0C1A42D	Javelin::ClientMessages::ActionListComponentServerFacet_DEBUG_SetOneHitKillMode	1460	COMMUNITY_REPORTED		CATALOG_NO_GETTER	2	0x144873A1A->0x146162150;0x144873A22->0x144878BF0
0x144873B06	0x144873AC0	0x144873B4D	0x1448793F0	PROVIDER_UUID_CORRELATED	A39A2AB3-7048-4793-8F47-B2753DA6E84C	Javelin::ClientMessages::ActionListComponentServerFacet_DEBUG_SetUseMeleeShapeCastLosCheckQueries	2823	COMMUNITY_REPORTED		CATALOG_NO_GETTER	2	0x144873ACA->0x146162150;0x144873AD2->0x1448793F0
0x144873D86	0x144873D40	0x144873DCD	0x1448781F0	PROVIDER_UUID_CORRELATED	89738FB0-B5F0-43B4-9820-4C7F2CA650E8	Javelin::ClientMessages::ActionListComponentServerFacet_DEBUG_SetAttackDeceleration	2825	COMMUNITY_REPORTED		CATALOG_NO_GETTER	2	0x144873D4A->0x146162150;0x144873D52->0x1448781F0
0x144873E46	0x144873E00	0x144873E8D	0x1448791F0	PROVIDER_UUID_CORRELATED	646C0C23-45A4-455A-8740-7F5DF8F549B2	Javelin::ClientMessages::ActionListComponentServerFacet_DEBUG_SetUseHitScan	805	COMMUNITY_REPORTED		CATALOG_NO_GETTER	2	0x144873E0A->0x146162150;0x144873E12->0x1448791F0
0x144874056	0x144874010	0x14487409D	0x1448785F0	PROVIDER_UUID_CORRELATED	9F0FD7A2-38D2-47CF-947E-C824B3DCC393	Javelin::ClientMessages::ActionListComponentServerFacet_DEBUG_SetDrawGroundNormal	656	COMMUNITY_REPORTED		CATALOG_NO_GETTER	2	0x14487401A->0x146162150;0x144874022->0x1448785F0
0x144874196	0x144874150	0x1448741DD	0x1448789F0	PROVIDER_UUID_CORRELATED	2EB407EB-8E13-4E53-8457-AF857D95899E	Javelin::ClientMessages::ActionListComponentServerFacet_DEBUG_SetDrawLastValidNavPos	2826	COMMUNITY_REPORTED		CATALOG_NO_GETTER	2	0x14487415A->0x146162150;0x144874162->0x1448789F0
0x144874246	0x144874200	0x14487428D	0x1448787F0	PROVIDER_UUID_CORRELATED	6CBD5952-81A7-4AA6-9052-79F0B2783DAA	Javelin::ClientMessages::ActionListComponentServerFacet_DEBUG_SetDrawLastServerPos	5023	COMMUNITY_REPORTED		CATALOG_NO_GETTER	2	0x14487420A->0x146162150;0x144874212->0x1448787F0
0x1448742F6	0x1448742B0	0x14487433D	0x1448783F0	PROVIDER_UUID_CORRELATED	D44248B0-EFB3-421C-9B11-46C2DD4D9419	Javelin::ClientMessages::ActionListComponentServerFacet_DEBUG_SetDrawClipToNavmeshRaycast	5024	COMMUNITY_REPORTED		CATALOG_NO_GETTER	2	0x1448742BA->0x146162150;0x1448742C2->0x1448783F0
0x1448743A6	0x144874360	0x1448743ED	0x1448779F0	PROVIDER_UUID_CORRELATED	B23DBFD7-38A0-487D-B08B-EDE0569C13E0	Javelin::ClientMessages::ActionListComponentServerFacet_DEBUG_ForcePersistLocation	2828	COMMUNITY_REPORTED		CATALOG_NO_GETTER	2	0x14487436A->0x146162150;0x144874372->0x1448779F0
0x144874536	0x1448744F0	0x14487457D	0x1448795F0	PROVIDER_UUID_CORRELATED	0E600F8F-C977-4197-8C55-FF6EB1D01C6B	Javelin::ClientMessages::ActionListComponentServerFacet_DebugHitScan	2075	COMMUNITY_REPORTED		CATALOG_NO_GETTER	2	0x1448744FA->0x146162150;0x144874502->0x1448795F0
0x144874676	0x144874630	0x1448746BD	0x144879BF0	PROVIDER_UUID_CORRELATED	C69C11F4-17CD-410B-B1C7-8369FD4B92A6	Javelin::ClientMessages::ActionListComponentServerFacet_RequestDebugInfo	2829	COMMUNITY_REPORTED		CATALOG_NO_GETTER	2	0x14487463A->0x146162150;0x144874642->0x144879BF0
0x144874796	0x144874750	0x1448747DD	0x144879DF0	PROVIDER_UUID_CORRELATED	CA708383-3923-4A2F-937A-797776CA7E5C	Javelin::ClientMessages::ActionListComponentServerFacet_RequestEntityDebugInfo	5099	COMMUNITY_REPORTED		CATALOG_NO_GETTER	2	0x14487475A->0x146162150;0x144874762->0x144879DF0
0x144874A86	0x144874A40	0x144874ACD	0x144877DF0	PROVIDER_UUID_CORRELATED	21048F81-186A-47DE-90EC-37EDBAD063C6	Javelin::ClientMessages::ActionListComponentServerFacet_DEBUG_ReloadMannequin	1619	COMMUNITY_REPORTED		CATALOG_NO_GETTER	2	0x144874A4A->0x146162150;0x144874A52->0x144877DF0
0x144874B36	0x144874AF0	0x144874B7D	0x1448797F0	PROVIDER_UUID_CORRELATED	9339B1AE-D29E-4119-9631-B2D745CAD085	Javelin::ClientMessages::ActionListComponentServerFacet_ReceiveDisplayReactionWindow	2831	COMMUNITY_REPORTED		CATALOG_NO_GETTER	2	0x144874AFA->0x146162150;0x144874B02->0x1448797F0
0x144874CB6	0x144874C70	0x144874CFD	0x1448799F0	PROVIDER_UUID_CORRELATED	29725256-7DE8-4C1A-ABF5-EF906C3F719C	Javelin::ClientMessages::ActionListComponentServerFacet_ReceiveStateCaptureAction	2242	COMMUNITY_REPORTED		CATALOG_NO_GETTER	2	0x144874C7A->0x146162150;0x144874C82->0x1448799F0
0x144874DF6	0x144874DB0	0x144874E3D	0x144877BF0	PROVIDER_UUID_CORRELATED	C21B9A66-D1D0-4AEB-AEF9-D04668424695	Javelin::ClientMessages::ActionListComponentServerFacet_DEBUG_GetAfkTimer	5599	COMMUNITY_REPORTED		CATALOG_NO_GETTER	2	0x144874DBA->0x146162150;0x144874DC2->0x144877BF0
0x144874EE6	0x144874EA0	0x144874F2D	0x144877FF0	PROVIDER_UUID_CORRELATED	41A461D6-8082-4BE2-9A89-205C02332477	Javelin::ClientMessages::ActionListComponentServerFacet_DEBUG_SetAfkTimer	5597	COMMUNITY_REPORTED		CATALOG_NO_GETTER	2	0x144874EAA->0x146162150;0x144874EB2->0x144877FF0
0x14487B8E6	0x14487B8A0	0x14487B92D	0x144882500	PROVIDER_UUID_CORRELATED	137EF845-D836-4976-8F15-A165D87B4BF1	Javelin::ClientMessages::ActionListComponentClientFacet_PlayHitScanEffects	2832	COMMUNITY_REPORTED		CATALOG_NO_GETTER	2	0x14487B8AA->0x146162150;0x14487B8B2->0x144882500
0x14487B996	0x14487B950	0x14487B9DD	0x144882300	PROVIDER_UUID_CORRELATED	4ED9008B-0C84-43CB-8BF6-406A6E7B378D	Javelin::ClientMessages::ActionListComponentClientFacet_OnServerSpreadshotProcessed	2570	COMMUNITY_REPORTED		CATALOG_NO_GETTER	2	0x14487B95A->0x146162150;0x14487B962->0x144882300
0x14487BC36	0x14487BBF0	0x14487BC7D	0x144881F00	PROVIDER_UUID_CORRELATED	D0164D45-1039-4E2C-8314-A098888E4D64	Javelin::ClientMessages::ActionListComponentClientFacet_AFKWarning	2139	COMMUNITY_REPORTED		CATALOG_NO_GETTER	2	0x14487BBFA->0x146162150;0x14487BC02->0x144881F00
0x14487BE56	0x14487BE10	0x14487BE9D	0x144882100	PROVIDER_UUID_CORRELATED	AF59B6D4-4445-4D2E-90C2-EE6B9AEE4518	Javelin::ClientMessages::ActionListComponentClientFacet_DEBUG_SetAfkTimer	5595	COMMUNITY_REPORTED		CATALOG_NO_GETTER	2	0x14487BE1A->0x146162150;0x14487BE22->0x144882100
0x14487BF06	0x14487BEC0	0x14487BF4D	0x144882700	PROVIDER_UUID_CORRELATED	577217F8-3718-4085-864E-18555F74A127	Javelin::ClientMessages::ActionListComponentServerFacet_FireProjectile	1597	COMMUNITY_REPORTED		CATALOG_NO_GETTER	2	0x14487BECA->0x146162150;0x14487BED2->0x144882700
0x1448B5726	0x1448B56E0	0x1448B576D	0x1448D2A40	PROVIDER_UUID_CORRELATED	B359CD4B-A0D2-4B25-A724-02BAB73BFB5F	Javelin::ClientMessages::ContainerComponentServerFacet_ServerUseItem	2917	COMMUNITY_REPORTED		CATALOG_NO_GETTER	2	0x1448B56EA->0x146162150;0x1448B56F2->0x1448D2A40
0x1448B5826	0x1448B57E0	0x1448B586D	0x1448D2840	PROVIDER_UUID_CORRELATED	C9448CD2-F519-435E-9ADD-53F8577F669A	Javelin::ClientMessages::ContainerComponentServerFacet_ServerDropItem	2031	COMMUNITY_REPORTED		CATALOG_NO_GETTER	2	0x1448B57EA->0x146162150;0x1448B57F2->0x1448D2840
0x1448B5A46	0x1448B5A00	0x1448B5A8D	0x1448D2C40	PROVIDER_UUID_CORRELATED	A1665475-B4BA-4308-BF96-43A405EB7C4A	Javelin::ClientMessages::ContainerComponentServerFacet_SetNextItemChrono	1346	COMMUNITY_REPORTED		CATALOG_NO_GETTER	2	0x1448B5A0A->0x146162150;0x1448B5A12->0x1448D2C40
0x1448B5AF6	0x1448B5AB0	0x1448B5B3D	0x1448D1840	PROVIDER_UUID_CORRELATED	C87F63C0-FF5B-4EB6-87B0-219ADC90DADC	Javelin::ClientMessages::ContainerComponentClientFacet_OnItemsConverted	6526	COMMUNITY_REPORTED		CATALOG_NO_GETTER	2	0x1448B5ABA->0x146162150;0x1448B5AC2->0x1448D1840
0x1448B5BA6	0x1448B5B60	0x1448B5BED	0x1448D1A40	PROVIDER_UUID_CORRELATED	CB698153-75C9-4EE8-923D-B50E4784E9AC	Javelin::ClientMessages::ContainerComponentServerFacet_DEBUG_ServerCreateItem	1049	COMMUNITY_REPORTED		CATALOG_NO_GETTER	2	0x1448B5B6A->0x146162150;0x1448B5B72->0x1448D1A40
0x1448B5C56	0x1448B5C10	0x1448B5C9D	0x1448D1E40	PROVIDER_UUID_CORRELATED	6988DCCE-041D-47C9-AB3F-D537BBA146F4	Javelin::ClientMessages::ContainerComponentServerFacet_DEBUG_ServerCreateItems	2922	COMMUNITY_REPORTED		CATALOG_NO_GETTER	2	0x1448B5C1A->0x146162150;0x1448B5C22->0x1448D1E40
0x1448B5E26	0x1448B5DE0	0x1448B5E6D	0x1448D1C40	PROVIDER_UUID_CORRELATED	7A1F461D-1A77-45EF-9233-295CB3862818	Javelin::ClientMessages::ContainerComponentServerFacet_DEBUG_ServerCreateItemList	5123	COMMUNITY_REPORTED		CATALOG_NO_GETTER	2	0x1448B5DEA->0x146162150;0x1448B5DF2->0x1448D1C40
0x1448B6446	0x1448B6400	0x1448B648D	0x1448D2240	PROVIDER_UUID_CORRELATED	7336B46B-CAA1-45F7-9821-3E4AB7F5C8CF	Javelin::ClientMessages::ContainerComponentServerFacet_DEBUG_ServerRemoveItems	6787	COMMUNITY_REPORTED		CATALOG_NO_GETTER	2	0x1448B640A->0x146162150;0x1448B6412->0x1448D2240
0x1448B64F6	0x1448B64B0	0x1448B653D	0x1448D2040	PROVIDER_UUID_CORRELATED	30AD87E7-19D7-4DEF-9A60-4DC743945EDF	Javelin::ClientMessages::ContainerComponentServerFacet_DEBUG_ServerDamageAllItems	791	COMMUNITY_REPORTED		CATALOG_NO_GETTER	2	0x1448B64BA->0x146162150;0x1448B64C2->0x1448D2040
0x1448B65A6	0x1448B6560	0x1448B65ED	0x1448D2440	PROVIDER_UUID_CORRELATED	0614B594-734F-4A8A-ABD4-8F638B778077	Javelin::ClientMessages::ContainerComponentServerFacet_DEBUG_ServerResetMSG	2923	COMMUNITY_REPORTED		CATALOG_NO_GETTER	2	0x1448B656A->0x146162150;0x1448B6572->0x1448D2440
0x1448B6656	0x1448B6610	0x1448B669D	0x1448D2640	PROVIDER_UUID_CORRELATED	6037EA4B-DD9F-4780-ACB0-F44DAF85854A	Javelin::ClientMessages::ContainerComponentServerFacet_DEBUG_SetItemInstanceId	5964	COMMUNITY_REPORTED		CATALOG_NO_GETTER	2	0x1448B661A->0x146162150;0x1448B6622->0x1448D2640
0x1448EA926	0x1448EA8E0	0x1448EA96D	0x1448EBAA0	PROVIDER_UUID_CORRELATED	EF1A20F2-F6CF-439F-A1AC-63460F803134	MB::ContainerComponentReplicatedState	1755	COMMUNITY_REPORTED		CATALOG_NO_GETTER	2	0x1448EA8EA->0x146162150;0x1448EA8F2->0x1448EBAA0
0x1448EE186	0x1448EE140	0x1448EE1CD	0x1448FEA60	PROVIDER_UUID_CORRELATED	997D6EAA-449C-4482-8BEC-4DB26FD90C2F	Javelin::ClientMessages::GatheringComponentServerFacet_SetKeepInteraction	3379	COMMUNITY_REPORTED		CATALOG_NO_GETTER	2	0x1448EE14A->0x146162150;0x1448EE152->0x1448FEA60
0x1448EE356	0x1448EE310	0x1448EE39D	0x1448FE260	PROVIDER_UUID_CORRELATED	6A957D08-CA74-4559-B79C-C69897C35937	Javelin::ClientMessages::GatheringComponentClientFacet_OnEnteredProximityGatherable	5078	COMMUNITY_REPORTED		CATALOG_NO_GETTER	2	0x1448EE31A->0x146162150;0x1448EE322->0x1448FE260
0x1448EE406	0x1448EE3C0	0x1448EE44D	0x1448FE460	PROVIDER_UUID_CORRELATED	D7AAC1B1-E0F5-4C4E-8988-EDF515B6B52D	Javelin::ClientMessages::GatheringComponentClientFacet_OnExitedProximityGatherable	5118	COMMUNITY_REPORTED		CATALOG_NO_GETTER	2	0x1448EE3CA->0x146162150;0x1448EE3D2->0x1448FE460
0x1448EE526	0x1448EE4E0	0x1448EE56D	0x1448FE860	PROVIDER_UUID_CORRELATED	0B9CACD9-EF8E-44B7-B10C-4119EDC5FFDA	Javelin::ClientMessages::GatheringComponentClientFacet_StartEmoteGathering	5195	COMMUNITY_REPORTED		CATALOG_NO_GETTER	2	0x1448EE4EA->0x146162150;0x1448EE4F2->0x1448FE860
0x1448EE746	0x1448EE700	0x1448EE78D	0x1448FE660	PROVIDER_UUID_CORRELATED	A7DBFE27-E6B6-4221-9973-F8C200BB5B24	Javelin::ClientMessages::GatheringComponentClientFacet_OnResourcesNotGranted	6941	COMMUNITY_REPORTED		CATALOG_NO_GETTER	2	0x1448EE70A->0x146162150;0x1448EE712->0x1448FE660
0x144904916	0x1449048D0	0x14490495D	0x144904EE0	PROVIDER_UUID_CORRELATED	0091234C-7DDA-45FC-99EE-D44859C02A7F	MB::GatheringComponentReplicatedState	81	COMMUNITY_REPORTED		CATALOG_NO_GETTER	2	0x1449048DA->0x146162150;0x1449048E2->0x144904EE0
0x144906076	0x144906030	0x1449060BD	0x1449116C0	PROVIDER_UUID_CORRELATED	188632B4-15E6-49A4-84A4-DD7FEA17B5CF	Javelin::ClientMessages::InteractorComponentClientFacet_SyncInteractionValidationResult	3743	COMMUNITY_REPORTED		CATALOG_NO_GETTER	2	0x14490603A->0x146162150;0x144906042->0x1449116C0
0x144906176	0x144906130	0x1449061BD	0x1449112C0	PROVIDER_UUID_CORRELATED	91F8DF17-FB50-4EA3-AEBF-219B977F194E	Javelin::ClientMessages::InteractorComponentClientFacet_CancelCurrentInteraction	3746	COMMUNITY_REPORTED		CATALOG_NO_GETTER	2	0x14490613A->0x146162150;0x144906142->0x1449112C0
0x144906396	0x144906350	0x1449063DD	0x1449118C0	PROVIDER_UUID_CORRELATED	44D7E916-3779-40A4-8EC6-3FAEA459EE13	Javelin::ClientMessages::InteractorComponentServerFacet_RequestCancelCommittedInteractionFromClient	2473	COMMUNITY_REPORTED		CATALOG_NO_GETTER	2	0x14490635A->0x146162150;0x144906362->0x1449118C0
0x144906446	0x144906400	0x14490648D	0x1449114C0	PROVIDER_UUID_CORRELATED	1D0B111F-794C-4338-BB6F-51F845A4F0F9	Javelin::ClientMessages::InteractorComponentClientFacet_OnCommittedInteractionTimeout	5178	COMMUNITY_REPORTED		CATALOG_NO_GETTER	2	0x14490640A->0x146162150;0x144906412->0x1449114C0
0x144918F16	0x144918ED0	0x144918F5D	0x144919780	PROVIDER_UUID_CORRELATED	6F49B860-36AA-4583-B426-94CC174B2B9D	MB::InteractorComponentReplicatedState	3752	COMMUNITY_REPORTED		CATALOG_NO_GETTER	2	0x144918EDA->0x146162150;0x144918EE2->0x144919780
0x144947036	0x144946FF0	0x14494707D	0x144947420	PROVIDER_UUID_CORRELATED	A0CA40E0-FAC9-4964-81AD-98E23E2F9CD7	MB::MarkerComponentReplicatedState	5399	COMMUNITY_REPORTED		CATALOG_NO_GETTER	2	0x144946FFA->0x146162150;0x144947002->0x144947420
0x1449484D6	0x144948490	0x14494851D	0x144957420	PROVIDER_UUID_CORRELATED	40B9177C-06DE-4725-9166-236BD7D4A7E8	Javelin::ClientMessages::ObjectiveInteractorComponentServerFacet_OnObjectiveSelectionRequest	3816	COMMUNITY_REPORTED		CATALOG_NO_GETTER	2	0x14494849A->0x146162150;0x1449484A2->0x144957420
0x144948586	0x144948540	0x1449485CD	0x144957220	PROVIDER_UUID_CORRELATED	C92BDD3C-8A99-42D5-8512-42A678DD61CC	Javelin::ClientMessages::ObjectiveInteractorComponentServerFacet_OnObjectiveCompletionRequest	2461	COMMUNITY_REPORTED		CATALOG_NO_GETTER	2	0x14494854A->0x146162150;0x144948552->0x144957220
0x144948636	0x1449485F0	0x14494867D	0x144957620	PROVIDER_UUID_CORRELATED	0F750778-6128-4213-BE39-FF5AF61803AD	Javelin::ClientMessages::ObjectiveInteractorComponentServerFacet_OnPurchaseItemRequest	3741	COMMUNITY_REPORTED		CATALOG_NO_GETTER	2	0x1449485FA->0x146162150;0x144948602->0x144957620
0x1449486E6	0x1449486A0	0x14494872D	0x144957820	PROVIDER_UUID_CORRELATED	73262126-40D9-412F-8BE6-2DC00F5CEC96	Javelin::ClientMessages::ObjectiveInteractorComponentServerFacet_OnPurchaseRankRequest	3817	COMMUNITY_REPORTED		CATALOG_NO_GETTER	2	0x1449486AA->0x146162150;0x1449486B2->0x144957820
0x144948886	0x144948840	0x1449488CD	0x144957A20	PROVIDER_UUID_CORRELATED	4AA81EBE-1F83-4852-A3C8-DA190ECA980F	Javelin::ClientMessages::ObjectiveInteractorComponentServerFacet_OnPvpMissionSelectionRequest	3818	COMMUNITY_REPORTED		CATALOG_NO_GETTER	2	0x14494884A->0x146162150;0x144948852->0x144957A20
0x144948936	0x1449488F0	0x14494897D	0x144957020	PROVIDER_UUID_CORRELATED	37AF0797-55EB-4BDA-82BD-4264B32E444B	Javelin::ClientMessages::ObjectiveInteractorComponentServerFacet_OnCommunityGoalSelectionRequest	3819	COMMUNITY_REPORTED		CATALOG_NO_GETTER	2	0x1449488FA->0x146162150;0x144948902->0x144957020
0x144948B46	0x144948B00	0x144948B8D	0x144956E20	PROVIDER_UUID_CORRELATED	1B84CAC4-FF91-4813-B9F8-0EA82E9CB96C	Javelin::ClientMessages::ObjectiveInteractorComponentServerFacet_DebugForceRefresh	3824	COMMUNITY_REPORTED		CATALOG_NO_GETTER	2	0x144948B0A->0x146162150;0x144948B12->0x144956E20
0x144948D66	0x144948D20	0x144948DAD	0x144956620	PROVIDER_UUID_CORRELATED	D918F6EC-22CA-4CF0-85D8-7E71485EE2BE	Javelin::ClientMessages::ObjectiveInteractorComponentClientFacet_DEBUG_OnReceiveServerDebugData	3826	COMMUNITY_REPORTED		CATALOG_NO_GETTER	2	0x144948D2A->0x146162150;0x144948D32->0x144956620
0x144948F56	0x144948F10	0x144948F9D	0x144956C20	PROVIDER_UUID_CORRELATED	6615F789-D912-4C79-823D-41BECB13E2B8	Javelin::ClientMessages::ObjectiveInteractorComponentServerFacet_DEBUG_RequestServerSideDebugData	3827	COMMUNITY_REPORTED		CATALOG_NO_GETTER	2	0x144948F1A->0x146162150;0x144948F22->0x144956C20
0x144949006	0x144948FC0	0x14494904D	0x144956A20	PROVIDER_UUID_CORRELATED	7EE1113E-D69B-419A-BE5D-6A0E6772516E	Javelin::ClientMessages::ObjectiveInteractorComponentServerFacet_DEBUG_RequestForceUpdateReplicatedState	3828	COMMUNITY_REPORTED		CATALOG_NO_GETTER	2	0x144948FCA->0x146162150;0x144948FD2->0x144956A20
0x1449491C6	0x144949180	0x14494920D	0x144956820	PROVIDER_UUID_CORRELATED	FA194935-A361-46CB-9267-760F4689E0A8	Javelin::ClientMessages::ObjectiveInteractorComponentServerFacet_DEBUG_RequestClearUnavailableMissions	5152	COMMUNITY_REPORTED		CATALOG_NO_GETTER	2	0x14494918A->0x146162150;0x144949192->0x144956820
0x145ACC2E6	0x145ACC2A0	0x145ACC32D	0x1436F9800	PROVIDER_UUID_CORRELATED	A8120FF2-9C04-465E-9DA9-4FE2C2AD8F87	Javelin::InitialInstancedLootData	3768	COMMUNITY_REPORTED		CATALOG_NO_GETTER	2	0x145ACC2AA->0x146162150;0x145ACC2B2->0x1436F9800
0x145ACC516	0x145ACC4D0	0x145ACC55D	0x1433E6690	PROVIDER_UUID_CORRELATED	97088352-B53F-4735-AC67-AC21DC937BB0	Javelin::PingRequestData	4277	COMMUNITY_REPORTED		CATALOG_NO_GETTER	2	0x145ACC4DA->0x146162150;0x145ACC4E2->0x1433E6690
0x145ACCB66	0x145ACCB20	0x145ACCBAD	0x1433E6A90	PROVIDER_UUID_CORRELATED	A578FF31-B135-4104-B798-ABEA15CBD627	Javelin::ReplicatedPingData	4278	COMMUNITY_REPORTED		CATALOG_NO_GETTER	2	0x145ACCB2A->0x146162150;0x145ACCB32->0x1433E6A90
0x145ACD346	0x145ACD300	0x145ACD38D	0x1433E6890	PROVIDER_UUID_CORRELATED	A32E5905-E59C-408E-BF8D-C19C97309F3E	Javelin::ReplicatedLeaderPingData	5743	COMMUNITY_REPORTED		CATALOG_NO_GETTER	2	0x145ACD30A->0x146162150;0x145ACD312->0x1433E6890
0x145ACF516	0x145ACF4D0	0x145ACF55D	0x142EB3B00	PROVIDER_UUID_CORRELATED	2B4106CA-ECA5-4E3F-936F-AEEE4098946E	Javelin::InitialOwnershipDetails	1951	COMMUNITY_REPORTED		CATALOG_NO_GETTER	2	0x145ACF4DA->0x146162150;0x145ACF4E2->0x142EB3B00
0x145AD2D86	0x145AD2D40	0x145AD2DCD	0x145C4EBE0	PROVIDER_UUID_CORRELATED	B3706E03-AE7D-4A1F-ACEA-E3121D9BC318	MB::TimelineComponentReplicatedState	1647	COMMUNITY_REPORTED		CATALOG_NO_GETTER	2	0x145AD2D4A->0x146162150;0x145AD2D52->0x145C4EBE0
0x145AD5706	0x145AD56C0	0x145AD574D	0x145C4DDE0	PROVIDER_UUID_CORRELATED	347B1372-EDF7-4129-947F-2D7D2F75CE95	Javelin::ClientMessages::DebugRenderComponentClientFacet_AddShapes	3054	COMMUNITY_REPORTED		CATALOG_NO_GETTER	2	0x145AD56CA->0x146162150;0x145AD56D2->0x145C4DDE0
0x145AD57B6	0x145AD5770	0x145AD57FD	0x143BE7B00	PROVIDER_UUID_CORRELATED	1E8768C6-1C17-481F-A729-E2DA37118145	Javelin::SpawnForwardingInfo	4007	COMMUNITY_REPORTED		CATALOG_NO_GETTER	2	0x145AD577A->0x146162150;0x145AD5782->0x143BE7B00
0x145AD5A26	0x145AD59E0	0x145AD5A6D	0x145C4EDE0	PROVIDER_UUID_CORRELATED	F4090AFA-B84C-4067-BC5D-6AE2676915D1		5440	COMMUNITY_REPORTED		CATALOG_NO_GETTER	2	0x145AD59EA->0x146162150;0x145AD59F2->0x145C4EDE0
0x145AD5E76	0x145AD5E30	0x145AD5EBD	0x145C4EFE0	PROVIDER_UUID_CORRELATED	8003DBEE-685B-4B76-981C-6B56FFD6FF07	Javelin::Transactions::TransactionItemPaperdollMetadata	5439	COMMUNITY_REPORTED		CATALOG_NO_GETTER	2	0x145AD5E3A->0x146162150;0x145AD5E42->0x145C4EFE0
0x145AD5F26	0x145AD5EE0	0x145AD5F6D	0x145C4DBE0	PROVIDER_UUID_CORRELATED	0575742A-1BBE-4258-B57A-C44D19C440A0	Javelin::BeamEntryParameter	5673	COMMUNITY_REPORTED		CATALOG_NO_GETTER	2	0x145AD5EEA->0x146162150;0x145AD5EF2->0x145C4DBE0
0x145AD66A6	0x145AD6660	0x145AD66ED	0x143B40CC0	PROVIDER_UUID_CORRELATED	66C1DB76-78E2-40F6-85D0-2F530BE304FD	Javelin::SpawnedAttackSourceInfo	3035	COMMUNITY_REPORTED		CATALOG_NO_GETTER	2	0x145AD666A->0x146162150;0x145AD6672->0x143B40CC0
0x145AD6966	0x145AD6920	0x145AD69AD	0x143615AC0	PROVIDER_UUID_CORRELATED	1CA94E20-EF65-4A05-A2B6-1246D9DEEE04	Javelin::DetectedTargetInfoRequestHandler	3058	COMMUNITY_REPORTED		CATALOG_NO_GETTER	2	0x145AD692A->0x146162150;0x145AD6932->0x143615AC0
0x145AD78A6	0x145AD7860	0x145AD78ED	0x142F556B0	PROVIDER_UUID_CORRELATED	8F1D663D-09C7-45EE-8E66-5E2C9E1DC543	Javelin::DynamicScalingDetails	6847	COMMUNITY_REPORTED		CATALOG_NO_GETTER	2	0x145AD786A->0x146162150;0x145AD7872->0x142F556B0
0x145AD8266	0x145AD8220	0x145AD82AD	0x142C8F610	PROVIDER_UUID_CORRELATED	95BF0A8B-B069-4B2F-8945-78E1F3DABC3A	Javelin::IHomingTargetValidationRequestListener	5477	COMMUNITY_REPORTED		CATALOG_NO_GETTER	2	0x145AD822A->0x146162150;0x145AD8232->0x142C8F610
0x145AD8676	0x145AD8630	0x145AD86BD	0x144882900	PROVIDER_UUID_CORRELATED	91B3B0F7-1F96-4EDB-AF8D-6E3B81B8925F	Javelin::IHomingTargetValidationResponseListener	5482	COMMUNITY_REPORTED		CATALOG_NO_GETTER	2	0x145AD863A->0x146162150;0x145AD8642->0x144882900
0x145AD8726	0x145AD86E0	0x145AD876D	0x1432AC4D0	PROVIDER_UUID_CORRELATED	D7B3214E-49D5-4BCA-BBFE-5B23E6F80738	Javelin::GameModeInstantiationParams	3313	COMMUNITY_REPORTED		CATALOG_NO_GETTER	2	0x145AD86EA->0x146162150;0x145AD86F2->0x1432AC4D0
0x145AD8A86	0x145AD8A40	0x145AD8ACD	0x14260CB70	PROVIDER_UUID_CORRELATED	4C8E0EF3-57B3-40B7-9DF5-867589691C3C	Javelin::GameModeActorSpawnInstantiationParams	6471	COMMUNITY_REPORTED		CATALOG_NO_GETTER	2	0x145AD8A4A->0x146162150;0x145AD8A52->0x14260CB70
0x145AD8FA6	0x145AD8F60	0x145AD8FED	0x145C4E5E0	PROVIDER_UUID_CORRELATED	B5F6FE04-CDF4-4488-94AB-4572E97F616A	Javelin::ProjectileFiringDetails	2898	COMMUNITY_REPORTED		CATALOG_NO_GETTER	2	0x145AD8F6A->0x146162150;0x145AD8F72->0x145C4E5E0
0x145AD9056	0x145AD9010	0x145AD909D	0x145C4DFE0	PROVIDER_UUID_CORRELATED	CF2B3E22-7FDB-4F06-BC1F-7A4B8912CA73	MB::GatherableControllerReplicatedState	12	COMMUNITY_REPORTED		CATALOG_NO_GETTER	2	0x145AD901A->0x146162150;0x145AD9022->0x145C4DFE0
0x145AD9936	0x145AD98F0	0x145AD997D	0x145C4E9E0	PROVIDER_UUID_CORRELATED	A6D31D73-B544-49C0-A35E-65AE1B984A50	Javelin::ThrowableGatherableDetails	5259	COMMUNITY_REPORTED		CATALOG_NO_GETTER	2	0x145AD98FA->0x146162150;0x145AD9902->0x145C4E9E0
0x145ADA116	0x145ADA0D0	0x145ADA15D	0x1426EF2B0	PROVIDER_UUID_CORRELATED	F8472985-F729-4EE4-BE44-C20D818BB997	Javelin::IEventNotifications	3143	COMMUNITY_REPORTED		CATALOG_NO_GETTER	2	0x145ADA0DA->0x146162150;0x145ADA0E2->0x1426EF2B0
0x145ADB7A6	0x145ADB760	0x145ADB7ED	0x145C4E7E0	PROVIDER_UUID_CORRELATED	DB1DB0D3-431E-4E51-919A-FF21D3091D09	Javelin::RaidGDEInstantiation	3579	COMMUNITY_REPORTED		CATALOG_NO_GETTER	2	0x145ADB76A->0x146162150;0x145ADB772->0x145C4E7E0
0x145ADBD06	0x145ADBCC0	0x145ADBD4D	0x142835700	PROVIDER_UUID_CORRELATED	9AE2F8CC-0F3E-4AC9-84BC-389D1F9E025F	Javelin::RaidCreationDetails	1189	COMMUNITY_REPORTED		CATALOG_NO_GETTER	2	0x145ADBCCA->0x146162150;0x145ADBCD2->0x142835700
0x145ADC596	0x145ADC550	0x145ADC5DD	0x145C4E1E0	PROVIDER_UUID_CORRELATED	3009A2F8-CEDE-46F2-92BD-686985F3EB5F	Javelin::IAIObjectiveManagerRemoteInterface	653	COMMUNITY_REPORTED		CATALOG_NO_GETTER	2	0x145ADC55A->0x146162150;0x145ADC562->0x145C4E1E0
0x145ADD5C6	0x145ADD580	0x145ADD60D	0x143140A90	PROVIDER_UUID_CORRELATED	8D311051-410C-45B8-838C-DB3239CD38BD	Javelin::IAIObjectiveReceiverRemoteInterface	1535	COMMUNITY_REPORTED		CATALOG_NO_GETTER	2	0x145ADD58A->0x146162150;0x145ADD592->0x143140A90
0x145ADDB56	0x145ADDB10	0x145ADDB9D	0x1436178C0	PROVIDER_UUID_CORRELATED	3FE8C914-83CF-4DDB-B616-45CCD5F3EDF9	Javelin::Item	3762	COMMUNITY_REPORTED		CATALOG_NO_GETTER	2	0x145ADDB1A->0x146162150;0x145ADDB22->0x1436178C0
0x145ADE3E6	0x145ADE3A0	0x145ADE42D	0x143140C90	PROVIDER_UUID_CORRELATED	C2550470-3E5D-498D-9733-B400B65132A0	Javelin::IAIObjectiveRemoteInterface	2295	COMMUNITY_REPORTED		CATALOG_NO_GETTER	2	0x145ADE3AA->0x146162150;0x145ADE3B2->0x143140C90
0x145AE2926	0x145AE28E0	0x145AE296D	0x14265E700	PROVIDER_UUID_CORRELATED	C3365F5A-5B0E-48FF-AE81-52E7F84124CD	Javelin::RemoveStatusEffectsFlags	6992	COMMUNITY_REPORTED		CATALOG_NO_GETTER	2	0x145AE28EA->0x146162150;0x145AE28F2->0x14265E700
0x145AE29D6	0x145AE2990	0x145AE2A1D	0x145C4E3E0	PROVIDER_UUID_CORRELATED	79C28008-4FC5-4EFB-88A1-538F4FB7DDE1	MB::PositionInTheWorldReplicatedState	13	COMMUNITY_REPORTED		CATALOG_NO_GETTER	2	0x145AE299A->0x146162150;0x145AE29A2->0x145C4E3E0
0x145AE2C16	0x145AE2BD0	0x145AE2C5D	0x14265E900	PROVIDER_UUID_CORRELATED	4FA7DC8B-EC09-4ECC-AE88-CEE161E824A6	Javelin::StatusEffectSource	4229	COMMUNITY_REPORTED		CATALOG_NO_GETTER	2	0x145AE2BDA->0x146162150;0x145AE2BE2->0x14265E900
0x145AE3796	0x145AE3750	0x145AE37DD	0x144025450	PROVIDER_UUID_CORRELATED	38D4BCFA-510E-4FF6-A709-1F7AF9E84A19	Javelin::StatusEffectSourceInternal	339	COMMUNITY_REPORTED		CATALOG_NO_GETTER	2	0x145AE375A->0x146162150;0x145AE3762->0x144025450
0x145D26046	0x145D26000	0x145D2608D	0x145D34910	PROVIDER_UUID_CORRELATED	2F46C242-2AA8-430D-937C-39E2CC1E9369	Javelin::FTUE::FtueDungeonMasterTrait	1100	COMMUNITY_REPORTED		CATALOG_NO_GETTER	2	0x145D2600A->0x146162150;0x145D26012->0x145D34910
0x145D26216	0x145D261D0	0x145D2625D	0x145D35D10	PROVIDER_UUID_CORRELATED	D4DE6E2A-AC6F-402E-84BF-22034D243F84	Javelin::FTUE::FtueDungeonMasterTrait::State	517	COMMUNITY_REPORTED		CATALOG_NO_GETTER	2	0x145D261DA->0x146162150;0x145D261E2->0x145D35D10
0x145D26346	0x145D26300	0x145D2638D	0x145D35710	PROVIDER_UUID_CORRELATED	D78C37AA-2978-4542-A20E-F6C4CF8598C8	Javelin::FTUE::FtueDungeonMasterTrait::ReceiveSpawnRequestMsg	1103	COMMUNITY_REPORTED		CATALOG_NO_GETTER	2	0x145D2630A->0x146162150;0x145D26312->0x145D35710
0x145D263F6	0x145D263B0	0x145D2643D	0x145D34710	PROVIDER_UUID_CORRELATED	59BA9DD3-69EC-4EBD-84F5-8BBA8812016A	Javelin::FTUE::FtueDungeonMasterActor	1106	COMMUNITY_REPORTED		CATALOG_NO_GETTER	2	0x145D263BA->0x146162150;0x145D263C2->0x145D34710
0x145D26646	0x145D26600	0x145D2668D	0x145D35110	PROVIDER_UUID_CORRELATED	9D47982B-01B9-4AD9-9456-EF24E3B1075A	Javelin::FTUE::FtueDungeonMasterActor::InitMsg	1120	COMMUNITY_REPORTED		CATALOG_NO_GETTER	2	0x145D2660A->0x146162150;0x145D26612->0x145D35110
0x145D266F6	0x145D266B0	0x145D2673D	0x145D34510	PROVIDER_UUID_CORRELATED	66FE75C6-8112-4BD8-A4EB-93E35F75163E	Javelin::FtueDungeonBuilderTrait	1122	COMMUNITY_REPORTED		CATALOG_NO_GETTER	2	0x145D266BA->0x146162150;0x145D266C2->0x145D34510
0x145D267A6	0x145D26760	0x145D267ED	0x145D35B10	PROVIDER_UUID_CORRELATED	A224BEEF-1B81-4EDA-A2E4-E8136E4DB7BA	Javelin::FtueDungeonBuilderTrait::State	1124	COMMUNITY_REPORTED		CATALOG_NO_GETTER	2	0x145D2676A->0x146162150;0x145D26772->0x145D35B10
0x145D26856	0x145D26810	0x145D2689D	0x145D35510	PROVIDER_UUID_CORRELATED	01CEBE8B-78EC-4400-9FA2-786797B18AC3	Javelin::FtueDungeonBuilderTrait::OnFtueDungeonReadyMsg	1126	COMMUNITY_REPORTED		CATALOG_NO_GETTER	2	0x145D2681A->0x146162150;0x145D26822->0x145D35510
0x145D26906	0x145D268C0	0x145D2694D	0x145D35310	PROVIDER_UUID_CORRELATED	43A84490-68C0-4A31-BC16-20E5DDF9955C	Javelin::FtueDungeonBuilderTrait::OnFtueDungeonChangedMsg	815	COMMUNITY_REPORTED		CATALOG_NO_GETTER	2	0x145D268CA->0x146162150;0x145D268D2->0x145D35310
0x145D269B6	0x145D26970	0x145D269FD	0x145D34110	PROVIDER_UUID_CORRELATED	ECB1059B-0166-456D-85F3-A3C6D9C1FA14	Javelin::FtueDungeonBuilderTrait::DebugReserveFtuesMsg	1131	COMMUNITY_REPORTED		CATALOG_NO_GETTER	2	0x145D2697A->0x146162150;0x145D26982->0x145D34110
0x145D26A66	0x145D26A20	0x145D26AAD	0x145D34310	PROVIDER_UUID_CORRELATED	CBC4EA60-924D-48F1-A898-968EF0B15AC1	Javelin::FtueDungeonBuilderActor	1134	COMMUNITY_REPORTED		CATALOG_NO_GETTER	2	0x145D26A2A->0x146162150;0x145D26A32->0x145D34310
0x145D26BC6	0x145D26B80	0x145D26C0D	0x145D34F10	PROVIDER_UUID_CORRELATED	401F0303-A956-4E26-90A7-DE2AB5702468	Javelin::FtueDungeonBuilderActor::InitMsg	1137	COMMUNITY_REPORTED		CATALOG_NO_GETTER	2	0x145D26B8A->0x146162150;0x145D26B92->0x145D34F10
0x145D26C76	0x145D26C30	0x145D26CBD	0x145D34B10	PROVIDER_UUID_CORRELATED	CE485A57-1CE1-4914-A003-C6EA669692EC	Javelin::Spawner::HubLocalCacheSpawnParameter	5500	COMMUNITY_REPORTED		CATALOG_NO_GETTER	2	0x145D26C3A->0x146162150;0x145D26C42->0x145D34B10
0x145D26D36	0x145D26CF0	0x145D26D7D	0x145D34D10	PROVIDER_UUID_CORRELATED	2F2FC22C-5487-4215-A075-6DC0517102D6	Javelin::IHLCComponentRemoteInterface	4794	COMMUNITY_REPORTED		CATALOG_NO_GETTER	2	0x145D26CFA->0x146162150;0x145D26D02->0x145D34D10
0x145D26E76	0x145D26E30	0x145D26EBD	0x1439D0F00	PROVIDER_UUID_CORRELATED	0AD12DB5-0EE6-4CCE-B62C-9F4ADEC6F3BF	Javelin::AI::Navigation::PathReceiver	1021	COMMUNITY_REPORTED		CATALOG_NO_GETTER	2	0x145D26E3A->0x146162150;0x145D26E42->0x1439D0F00
0x145D26F26	0x145D26EE0	0x145D26F6D	0x143B9CF40	PROVIDER_UUID_CORRELATED	F421D134-12A5-4187-92A9-A2A6BAE9AECC	Javelin::AI::Navigation::QueryManagerDebugListener	1260	COMMUNITY_REPORTED		CATALOG_NO_GETTER	2	0x145D26EEA->0x146162150;0x145D26EF2->0x143B9CF40
0x145D26FE6	0x145D26FA0	0x145D2702D	0x143B9D340	PROVIDER_UUID_CORRELATED	56508ACC-F5F8-4E42-A97E-7A8620FF2812	Javelin::AI::Navigation::TileManagerDebugListener	1312	COMMUNITY_REPORTED		CATALOG_NO_GETTER	2	0x145D26FAA->0x146162150;0x145D26FB2->0x143B9D340
0x145D27756	0x145D27710	0x145D2779D	0x145D35910	PROVIDER_UUID_CORRELATED	99C26D05-B3D4-5A76-A2BA-A5A3878E6AFC	MB::ServerContext	2166	COMMUNITY_REPORTED		CATALOG_NO_GETTER	2	0x145D2771A->0x146162150;0x145D27722->0x145D35910
0x145D28B36	0x145D28AF0	0x145D28B7D	0x144062BF0	PROVIDER_UUID_CORRELATED	6C358865-27FE-474F-B927-2D3B762E21B1	Javelin::TemporaryAffiliationInstantiationParams	1077	COMMUNITY_REPORTED		CATALOG_NO_GETTER	2	0x145D28AFA->0x146162150;0x145D28B02->0x144062BF0
0x145D3DD46	0x145D3DD00	0x145D3DD8D	0x145D7A080	PROVIDER_UUID_CORRELATED	970D6F2D-059D-469A-ADBF-133A7589DF84	Javelin::ClientMessages::StimulusComponentClientFacet_SyncDebugInfo	2380	COMMUNITY_REPORTED		CATALOG_NO_GETTER	2	0x145D3DD0A->0x146162150;0x145D3DD12->0x145D7A080
0x145D3E256	0x145D3E210	0x145D3E29D	0x145D7A280	PROVIDER_UUID_CORRELATED	8296E3B7-26F2-4112-8103-974C92887DC2	Javelin::ClientMessages::StimulusComponentClientFacet_SyncThreatValues	1276	COMMUNITY_REPORTED		CATALOG_NO_GETTER	2	0x145D3E21A->0x146162150;0x145D3E222->0x145D7A280
0x145D3E4E6	0x145D3E4A0	0x145D3E52D	0x145D79E80	PROVIDER_UUID_CORRELATED	8790B466-69F5-46C6-891A-DF9E4EB49383	Javelin::ClientMessages::StimulusComponentClientFacet_ClearDebugInfo	712	COMMUNITY_REPORTED		CATALOG_NO_GETTER	2	0x145D3E4AA->0x146162150;0x145D3E4B2->0x145D79E80
0x145D3E7C6	0x145D3E780	0x145D3E80D	0x145D7A680	PROVIDER_UUID_CORRELATED	8239372A-D698-4F41-AAF0-17CFEF53BEAF	Javelin::ClientMessages::StimulusComponentServerFacet_RegisterClientForDebug	2382	COMMUNITY_REPORTED		CATALOG_NO_GETTER	2	0x145D3E78A->0x146162150;0x145D3E792->0x145D7A680
0x145D3EB86	0x145D3EB40	0x145D3EBCD	0x145D7AA80	PROVIDER_UUID_CORRELATED	8A5D4EDD-D557-4211-86FF-5E112F212F32	Javelin::ClientMessages::StimulusComponentServerFacet_UnregisterClientForDebug	2101	COMMUNITY_REPORTED		CATALOG_NO_GETTER	2	0x145D3EB4A->0x146162150;0x145D3EB52->0x145D7AA80
0x145D3EE56	0x145D3EE10	0x145D3EE9D	0x145D7A880	PROVIDER_UUID_CORRELATED	DBCF6986-E014-401F-B14D-D7118A062B67	Javelin::ClientMessages::StimulusComponentServerFacet_RenderPositions	2387	COMMUNITY_REPORTED		CATALOG_NO_GETTER	2	0x145D3EE1A->0x146162150;0x145D3EE22->0x145D7A880
0x145D3EF16	0x145D3EED0	0x145D3EF5D	0x145D7A480	PROVIDER_UUID_CORRELATED	DBC3F483-B020-43DF-A6F6-8FA96917A8C3	Javelin::ClientMessages::StimulusComponentServerFacet_DebugThreat	2388	COMMUNITY_REPORTED		CATALOG_NO_GETTER	2	0x145D3EEDA->0x146162150;0x145D3EEE2->0x145D7A480
0x145D40066	0x145D40020	0x145D400AD	0x145D78E80	PROVIDER_UUID_CORRELATED	98DC8561-7630-461A-997C-CE4402C0F450	Javelin::AI::ClientMessages::HubLocalCacheComponentServerFacet_RegisterClientForDebugSnapshots	2368	COMMUNITY_REPORTED		CATALOG_NO_GETTER	2	0x145D4002A->0x146162150;0x145D40032->0x145D78E80
0x145D40116	0x145D400D0	0x145D4015D	0x145D79280	PROVIDER_UUID_CORRELATED	8DA844FF-47E3-476A-B443-DF5634B059C9	Javelin::AI::ClientMessages::HubLocalCacheComponentServerFacet_UnregisterClientForDebugSnapshots	2369	COMMUNITY_REPORTED		CATALOG_NO_GETTER	2	0x145D400DA->0x146162150;0x145D400E2->0x145D79280
0x145D401C6	0x145D40180	0x145D4020D	0x145D78C80	PROVIDER_UUID_CORRELATED	B72C14D2-6615-401E-ACE9-25CF6D2CA55E	Javelin::AI::ClientMessages::HubLocalCacheComponentServerFacet_DebugChangeRefreshRate	2370	COMMUNITY_REPORTED		CATALOG_NO_GETTER	2	0x145D4018A->0x146162150;0x145D40192->0x145D78C80
0x145D40396	0x145D40350	0x145D403DD	0x145D78680	PROVIDER_UUID_CORRELATED	F73A2275-EB3C-4047-B1FA-66B224B57F5A	Javelin::AI::ClientMessages::HubLocalCacheComponentClientFacet_ReceiveDebugSnapshot	807	COMMUNITY_REPORTED		CATALOG_NO_GETTER	2	0x145D4035A->0x146162150;0x145D40362->0x145D78680
0x145D405A6	0x145D40560	0x145D405ED	0x145D78880	PROVIDER_UUID_CORRELATED	7ADBB803-BB12-404B-B3E6-70C674C2D385	Javelin::AI::ClientMessages::HubLocalCacheComponentClientFacet_ReceiveDetectorOverrides	5501	COMMUNITY_REPORTED		CATALOG_NO_GETTER	2	0x145D4056A->0x146162150;0x145D40572->0x145D78880
0x145D407F6	0x145D407B0	0x145D4083D	0x145D79080	PROVIDER_UUID_CORRELATED	7E19C100-AFDA-485E-909E-D741446020D3	Javelin::AI::ClientMessages::HubLocalCacheComponentServerFacet_RegisterForHLCActorUpdates	4798	COMMUNITY_REPORTED		CATALOG_NO_GETTER	2	0x145D407BA->0x146162150;0x145D407C2->0x145D79080
0x145D40C56	0x145D40C10	0x145D40C9D	0x145D79480	PROVIDER_UUID_CORRELATED	1E029306-EB45-4737-8632-8E85DF6EB946	Javelin::AI::ClientMessages::HubLocalCacheComponentServerFacet_UnregisterFromHLCActorUpdates	4799	COMMUNITY_REPORTED		CATALOG_NO_GETTER	2	0x145D40C1A->0x146162150;0x145D40C22->0x145D79480
0x145D40D06	0x145D40CC0	0x145D40D4D	0x145D78A80	PROVIDER_UUID_CORRELATED	30AC337F-85C3-4FBB-A0D4-9D1620BDDBC7	Javelin::AI::ClientMessages::HubLocalCacheComponentClientFacet_ReceiveHLCActorDebugInfo	4800	COMMUNITY_REPORTED		CATALOG_NO_GETTER	2	0x145D40CCA->0x146162150;0x145D40CD2->0x145D78A80
0x145D40DB6	0x145D40D70	0x145D40DFD	0x145D7AC80	PROVIDER_UUID_CORRELATED	9E23F9C4-4DD9-408F-B67A-9D7D2ACD6A06	MB::TransformLinkComponentReplicatedState	5980	COMMUNITY_REPORTED		CATALOG_NO_GETTER	2	0x145D40D7A->0x146162150;0x145D40D82->0x145D7AC80
0x145D40F56	0x145D40F10	0x145D40F9D	0x145D7AE80	PROVIDER_UUID_CORRELATED	AD7727FB-1003-4C52-8DB2-EE3966ED4670	Javelin::TransformLinkSpawnerInfo	6041	COMMUNITY_REPORTED		CATALOG_NO_GETTER	2	0x145D40F1A->0x146162150;0x145D40F22->0x145D7AE80
0x145D44BE6	0x145D44BA0	0x145D44C2D	0x145D79680	PROVIDER_UUID_CORRELATED	AF20E531-99C7-44AE-B515-5E4E37FBEE1C	Javelin::ClientMessages::PerceptionComponentClientFacet_SyncDebugInfo	2371	COMMUNITY_REPORTED		CATALOG_NO_GETTER	2	0x145D44BAA->0x146162150;0x145D44BB2->0x145D79680
0x145D44D86	0x145D44D40	0x145D44DCD	0x145D79880	PROVIDER_UUID_CORRELATED	0097CCD2-9F68-42EB-A7B9-A9ABC746D3E3	Javelin::ClientMessages::PerceptionComponentServerFacet_RegisterClientForDebug	1523	COMMUNITY_REPORTED		CATALOG_NO_GETTER	2	0x145D44D4A->0x146162150;0x145D44D52->0x145D79880
0x145D44E36	0x145D44DF0	0x145D44E7D	0x145D78480	PROVIDER_UUID_CORRELATED	F8AB9925-50F5-43E7-82EF-6C56134DF93B	Javelin::ClientMessages::AIObjectiveManagerComponentServerFacet_ToggleAssignmentDisplay	1757	COMMUNITY_REPORTED		CATALOG_NO_GETTER	2	0x145D44DFA->0x146162150;0x145D44E02->0x145D78480
0x145D44EE6	0x145D44EA0	0x145D44F2D	0x145D79C80	PROVIDER_UUID_CORRELATED	FE0FC13C-E033-4BEA-97AE-392539ADCCF0	Javelin::ClientMessages::PerceptionComponentServerFacet_UnregisterClientForDebug	2054	COMMUNITY_REPORTED		CATALOG_NO_GETTER	2	0x145D44EAA->0x146162150;0x145D44EB2->0x145D79C80
0x145D44F96	0x145D44F50	0x145D44FDD	0x145D78280	PROVIDER_UUID_CORRELATED	7E595EC2-5471-4CCE-B86B-6C104AD4285E	Javelin::ClientMessages::AIObjectiveManagerComponentServerFacet_DebugSetRaidId	2291	COMMUNITY_REPORTED		CATALOG_NO_GETTER	2	0x145D44F5A->0x146162150;0x145D44F62->0x145D78280
0x145D45046	0x145D45000	0x145D4508D	0x145D79A80	PROVIDER_UUID_CORRELATED	69DA29DD-AFC5-411A-8B93-D8B00FA81DF4	Javelin::ClientMessages::PerceptionComponentServerFacet_ToggleLOSRaycastDebug	5276	COMMUNITY_REPORTED		CATALOG_NO_GETTER	2	0x145D4500A->0x146162150;0x145D45012->0x145D79A80
0x14613A75D	0x14613A720	0x14613A79F	0x1416D7320	PROVIDER_UUID_CORRELATED	766994EA-5C1D-47BF-856C-8216052F5957	Amazon::Hub::IFragment	743	COMMUNITY_REPORTED		CATALOG_NO_GETTER	2	0x14613A72A->0x146162150;0x14613A732->0x1416D7320
0x14613A99D	0x14613A960	0x14613A9DF	0x1416D8520	PROVIDER_UUID_CORRELATED	7F4B41C6-06AE-47A1-A144-5F8BA048B0EF	Amazon::Hub::IMessage	360	COMMUNITY_REPORTED		CATALOG_NO_GETTER	2	0x14613A96A->0x146162150;0x14613A972->0x1416D8520
0x14613AA3D	0x14613AA00	0x14613AA7F	0x1416D9120	PROVIDER_UUID_CORRELATED	1F2B971D-A158-4BDF-8A14-4F1B9FC018E7	Amazon::Hub::IPolymorphic	1325	COMMUNITY_REPORTED		CATALOG_NO_GETTER	2	0x14613AA0A->0x146162150;0x14613AA12->0x1416D9120
0x14613AADD	0x14613AAA0	0x14613AB1F	0x1407F6C50	PROVIDER_UUID_CORRELATED	45A7F219-272A-4F33-803F-956A04E60424	TraitState	989	COMMUNITY_REPORTED	0x1407F6C50	CATALOG_GETTER_MATCH	2	0x14613AAAA->0x146162150;0x14613AAB2->0x1407F6C50
0x146154F9A	0x146154ED0	0x146155019	0x14614BE30	PROVIDER_UUID_UNRESOLVED						UNRESOLVED	4	0x146154EFD->0x147AA6610;0x146154F3B->0x140F21890;0x146154F60->0x1407F7D80;0x146154F74->0x14614BE30
0x146561AF6	0x146561AB0	0x146561B3D	0x1468145E0	PROVIDER_UUID_CORRELATED	5F220E91-7F50-49AE-A925-50B2C1BB9376	Javelin::ClientMessages::PlayerComponentClientFacet_OnCancelFCPOverpopulationTeleportNotification	3977	COMMUNITY_REPORTED		CATALOG_NO_GETTER	2	0x146561ABA->0x146162150;0x146561AC2->0x1468145E0
0x146561CE6	0x146561CA0	0x146561D2D	0x1468033E0	PROVIDER_UUID_CORRELATED	5A40B859-E2E8-4B88-B615-520645B2ABDC	Javelin::ClientMessages::AbilityComponentServerFacet_Debug_IgnorePvpHealingBalance	6160	COMMUNITY_REPORTED		CATALOG_NO_GETTER	2	0x146561CAA->0x146162150;0x146561CB2->0x1468033E0
0x1465620C6	0x146562080	0x14656210D	0x1468241E0	PROVIDER_UUID_CORRELATED	C2D3D8EB-E3E9-4BFB-B28D-039704B58315	Javelin::ClientMessages::VitalsComponentServerFacet_UnregisterListener	4312	COMMUNITY_REPORTED		CATALOG_NO_GETTER	2	0x14656208A->0x146162150;0x146562092->0x1468241E0
0x146562576	0x146562530	0x1465625BD	0x1468091E0	PROVIDER_UUID_CORRELATED	9842BDE5-2A7D-4388-B128-524347A9E18E	Javelin::IGritComponentListener	1624	COMMUNITY_REPORTED		CATALOG_NO_GETTER	2	0x14656253A->0x146162150;0x146562542->0x1468091E0
0x146562A36	0x1465629F0	0x146562A7D	0x1468193E0	PROVIDER_UUID_CORRELATED	64CE44BB-EF32-4A79-9358-8363DF10D169	Javelin::ClientMessages::PlayerComponentServerFacet_DebugTriggerPersistenceEmergency	4954	COMMUNITY_REPORTED		CATALOG_NO_GETTER	2	0x1465629FA->0x146162150;0x146562A02->0x1468193E0
0x146562ED6	0x146562E90	0x146562F1D	0x1468031E0	PROVIDER_UUID_CORRELATED	0192067C-C33E-7FAC-9EBA-4BF6AD3073A8	Javelin::ClientMessages::AbilityComponentServerFacet_Debug_IgnorePvpCooldownBalance	6791	COMMUNITY_REPORTED		CATALOG_NO_GETTER	2	0x146562E9A->0x146162150;0x146562EA2->0x1468031E0
0x1465636A6	0x146563660	0x1465636ED	0x1468219E0	PROVIDER_UUID_CORRELATED	D82AA585-EBA1-41B5-8503-2627A300B3DA	Javelin::ClientMessages::VitalsComponentServerFacet_Debug_OnTakeHealth	4313	COMMUNITY_REPORTED		CATALOG_NO_GETTER	2	0x14656366A->0x146162150;0x146563672->0x1468219E0
0x146563C56	0x146563C10	0x146563C9D	0x146817FE0	PROVIDER_UUID_CORRELATED	F22F42B9-58F3-481A-B5DE-7239D70CC67D	Javelin::ClientMessages::PlayerComponentServerFacet_DebugRequestSendMessageOfSize	5041	COMMUNITY_REPORTED		CATALOG_NO_GETTER	2	0x146563C1A->0x146162150;0x146563C22->0x146817FE0
0x146564956	0x146564910	0x14656499D	0x1468221E0	PROVIDER_UUID_CORRELATED	ABD024D7-27AB-43C4-A887-6FE940F3C2C3	Javelin::ClientMessages::VitalsComponentServerFacet_Debug_SetReceivingModifiedDamage	4112	COMMUNITY_REPORTED		CATALOG_NO_GETTER	2	0x14656491A->0x146162150;0x146564922->0x1468221E0
0x146565536	0x1465654F0	0x14656557D	0x1468141E0	PROVIDER_UUID_CORRELATED	2A235202-0790-4714-A8BE-2B23C9A922E0	Javelin::ClientMessages::PlayerComponentClientFacet_DebugReceiveMessageOfSize	5042	COMMUNITY_REPORTED		CATALOG_NO_GETTER	2	0x1465654FA->0x146162150;0x146565502->0x1468141E0
0x1465656A6	0x146565660	0x1465656ED	0x146805DE0	PROVIDER_UUID_CORRELATED	150498EC-431A-4B9C-9895-E26B3D709F01	MB::CombatStatusComponentReplicatedState	2913	COMMUNITY_REPORTED		CATALOG_NO_GETTER	2	0x14656566A->0x146162150;0x146565672->0x146805DE0
0x146565E36	0x146565DF0	0x146565E7D	0x1436CD100	PROVIDER_UUID_CORRELATED	B60C39B5-94E0-486D-A1E2-58BFDA013071	Javelin::IKillsListener	4283	COMMUNITY_REPORTED		CATALOG_NO_GETTER	2	0x146565DFA->0x146162150;0x146565E02->0x1436CD100
0x146566156	0x146566110	0x14656619D	0x146820DE0	PROVIDER_UUID_CORRELATED	56687D4C-7221-445C-9E1F-CAA7BD627762	Javelin::ClientMessages::VitalsComponentClientFacet_OnRequestRevive	1335	COMMUNITY_REPORTED		CATALOG_NO_GETTER	2	0x14656611A->0x146162150;0x146566122->0x146820DE0
0x1465668A6	0x146566860	0x1465668ED	0x1468045E0	PROVIDER_UUID_CORRELATED	B5BC15CC-0A79-4D10-9B5F-9BA5F2415CD7	Javelin::ClientMessages::AlignToTerrainComponentServerFacet_DEBUG_RequestServerInfo	2843	COMMUNITY_REPORTED		CATALOG_NO_GETTER	2	0x14656686A->0x146162150;0x146566872->0x1468045E0
0x146566BC6	0x146566B80	0x146566C0D	0x146817DE0	PROVIDER_UUID_CORRELATED	9CDC80B0-32D7-47AF-A2AD-592A13F342B8	Javelin::ClientMessages::PlayerComponentServerFacet_DebugRequestReconnectCrossWorld	6053	COMMUNITY_REPORTED		CATALOG_NO_GETTER	2	0x146566B8A->0x146162150;0x146566B92->0x146817DE0
0x146567746	0x146567700	0x14656778D	0x1468223E0	PROVIDER_UUID_CORRELATED	995127A7-1DB3-4A52-87C1-0932BB1A9248	Javelin::ClientMessages::VitalsComponentServerFacet_Debug_ToggleInfiniteDeathsDoor	887	COMMUNITY_REPORTED		CATALOG_NO_GETTER	2	0x14656770A->0x146162150;0x146567712->0x1468223E0
0x146567A56	0x146567A10	0x146567A9D	0x146803FE0	PROVIDER_UUID_CORRELATED	E73216B6-A9F9-40C2-9893-29A3865A2F1B	Javelin::ClientMessages::AlignToTerrainComponentClientFacet_DEBUG_RequestServerInfoResponse	2846	COMMUNITY_REPORTED		CATALOG_NO_GETTER	2	0x146567A1A->0x146162150;0x146567A22->0x146803FE0
0x146567D06	0x146567CC0	0x146567D4D	0x146819BE0	PROVIDER_UUID_CORRELATED	944C700E-03FC-47DA-8F09-24210381D505	Javelin::ClientMessages::PlayerComponentServerFacet_OnReplicationDataCaptureAction	4772	COMMUNITY_REPORTED		CATALOG_NO_GETTER	2	0x146567CCA->0x146162150;0x146567CD2->0x146819BE0
0x146568496	0x146568450	0x1465684DD	0x1468099E0	PROVIDER_UUID_CORRELATED	490DB5F1-4E39-483A-9897-78FA312E45B5	MB::IncapacitatedReplicatedState	670	COMMUNITY_REPORTED		CATALOG_NO_GETTER	2	0x14656845A->0x146162150;0x146568462->0x1468099E0
0x146568836	0x1465687F0	0x14656887D	0x1468215E0	PROVIDER_UUID_CORRELATED	ACF66D7E-AD9E-495E-81D4-F511113D4E45	Javelin::ClientMessages::VitalsComponentServerFacet_DebugSetInvincible	1013	COMMUNITY_REPORTED		CATALOG_NO_GETTER	2	0x1465687FA->0x146162150;0x146568802->0x1468215E0
0x146568DC6	0x146568D80	0x146568E0D	0x1468043E0	PROVIDER_UUID_CORRELATED	5086CC2B-C5AF-4171-9F3C-519EAD90870A	Javelin::ClientMessages::AlignToTerrainComponentServerFacet_DEBUG_EnableDrawServerGroundNormal	2848	COMMUNITY_REPORTED		CATALOG_NO_GETTER	2	0x146568D8A->0x146162150;0x146568D92->0x1468043E0
0x146569036	0x146568FF0	0x14656907D	0x14681BFE0	PROVIDER_UUID_CORRELATED	47CF6970-735C-412B-8132-FAF7BEBE3C9C	Javelin::ClientMessages::PlayerComponentServerFacet_RequestUnlockMilestoneModal	5929	COMMUNITY_REPORTED		CATALOG_NO_GETTER	2	0x146568FFA->0x146162150;0x146569002->0x14681BFE0
0x146569186	0x146569140	0x1465691CD	0x146804DE0	PROVIDER_UUID_CORRELATED	E762EF89-AC73-4F0D-8333-3B10E9203A48	Javelin::ClientMessages::BeamAttackComponentServerFacet_SetBeamActive	3012	COMMUNITY_REPORTED		CATALOG_NO_GETTER	2	0x14656914A->0x146162150;0x146569152->0x146804DE0
0x146569276	0x146569230	0x1465692BD	0x1448FEC60	PROVIDER_UUID_CORRELATED	C2F5CE0B-6EF7-4F76-88AD-0A936305A55E	Javelin::IStaminaComponentListener	4284	COMMUNITY_REPORTED		CATALOG_NO_GETTER	2	0x14656923A->0x146162150;0x146569242->0x1448FEC60
0x146569B96	0x146569B50	0x146569BDD	0x146823FE0	PROVIDER_UUID_CORRELATED	7A550D61-CB8B-4D30-87D7-430159D59922	Javelin::ClientMessages::VitalsComponentServerFacet_SaveSnapshot	352	COMMUNITY_REPORTED		CATALOG_NO_GETTER	2	0x146569B5A->0x146162150;0x146569B62->0x146823FE0
0x146569F26	0x146569EE0	0x146569F6D	0x14681BDE0	PROVIDER_UUID_CORRELATED	DF8CB86F-FC92-44D3-9F10-3A72D24FB1A8	Javelin::ClientMessages::PlayerComponentServerFacet_RequestSyncGatherBanEnd	6470	COMMUNITY_REPORTED		CATALOG_NO_GETTER	2	0x146569EEA->0x146162150;0x146569EF2->0x14681BDE0
0x14656A446	0x14656A400	0x14656A48D	0x14680FBE0	PROVIDER_UUID_CORRELATED	B258A60E-FC21-40CF-8B86-57B7F6083D32	MB::PaperdollComponentReplicatedState	3183	COMMUNITY_REPORTED		CATALOG_NO_GETTER	2	0x14656A40A->0x146162150;0x14656A412->0x14680FBE0
0x14656A9B6	0x14656A970	0x14656A9FD	0x146823DE0	PROVIDER_UUID_CORRELATED	D2BDD79E-B233-4DEC-B154-2E8B5E132AB9	Javelin::ClientMessages::VitalsComponentServerFacet_RestoreSnapshot	4315	COMMUNITY_REPORTED		CATALOG_NO_GETTER	2	0x14656A97A->0x146162150;0x14656A982->0x146823DE0
0x14656B156	0x14656B110	0x14656B19D	0x14681A1E0	PROVIDER_UUID_CORRELATED	FED081A6-7CD3-43A4-BD4B-A727ECFE518B	Javelin::ClientMessages::PlayerComponentServerFacet_RequestClearGatherBan	6497	COMMUNITY_REPORTED		CATALOG_NO_GETTER	2	0x14656B11A->0x146162150;0x14656B122->0x14681A1E0
0x14656B996	0x14656B950	0x14656B9DD	0x1427BCA20	PROVIDER_UUID_CORRELATED	4EE34C0E-D774-4EBB-9941-D9A9C1E5FE6A	Javelin::PlayerAppearanceNotifications	2851	COMMUNITY_REPORTED		CATALOG_NO_GETTER	2	0x14656B95A->0x146162150;0x14656B962->0x1427BCA20
0x14656BB16	0x14656BAD0	0x14656BB5D	0x146823BE0	PROVIDER_UUID_CORRELATED	335E9F4F-C177-451C-B21B-D8231D1FCC70	Javelin::ClientMessages::VitalsComponentServerFacet_ResetPrimaryStats	4316	COMMUNITY_REPORTED		CATALOG_NO_GETTER	2	0x14656BADA->0x146162150;0x14656BAE2->0x146823BE0
0x14656BF56	0x14656BF10	0x14656BF9D	0x14306F9A0	PROVIDER_UUID_CORRELATED	195C822C-B30C-4F73-92F5-1FCD3B027B15	Javelin::IVitalsRemoteListener	4286	COMMUNITY_REPORTED		CATALOG_NO_GETTER	2	0x14656BF1A->0x146162150;0x14656BF22->0x14306F9A0
0x14656C7A6	0x14656C760	0x14656C7ED	0x146815FE0	PROVIDER_UUID_CORRELATED	D4D2C98B-13C4-4A2C-8FD1-B22A6DC1E00A	Javelin::ClientMessages::PlayerComponentClientFacet_SyncGatherBanEnd	6498	COMMUNITY_REPORTED		CATALOG_NO_GETTER	2	0x14656C76A->0x146162150;0x14656C772->0x146815FE0
0x14656CC36	0x14656CBF0	0x14656CC7D	0x146804FE0	PROVIDER_UUID_CORRELATED	25F080F4-FCA4-4F6B-8483-022FFEEA5A0F	Javelin::ClientMessages::ChargeComponentClientFacet_ClientForceSyncServerStateRemote	5265	COMMUNITY_REPORTED		CATALOG_NO_GETTER	2	0x14656CBFA->0x146162150;0x14656CC02->0x146804FE0
0x14656CD36	0x14656CCF0	0x14656CD7D	0x146808BE0	PROVIDER_UUID_CORRELATED	2BE9CA25-9254-4EC3-AD01-9B574F20CE07	Javelin::ClientMessages::HitVolumeComponentServerFacet_DEBUG_SetEnabled	2557	COMMUNITY_REPORTED		CATALOG_NO_GETTER	2	0x14656CCFA->0x146162150;0x14656CD02->0x146808BE0
0x14656D4A6	0x14656D460	0x14656D4ED	0x146813BE0	PROVIDER_UUID_CORRELATED	00FBD72A-917C-4F04-8C6C-94689E568AE4	Javelin::ClientMessages::PlayerAppearanceComponentServerFacet_DebugSetAppearance	6412	COMMUNITY_REPORTED		CATALOG_NO_GETTER	2	0x14656D46A->0x146162150;0x14656D472->0x146813BE0
0x14656D7D6	0x14656D790	0x14656D81D	0x1468201E0	PROVIDER_UUID_CORRELATED	D1D08F5B-26F3-493D-B2E4-3CB45FC57A32	Javelin::ClientMessages::VitalsComponentClientFacet_Debug_SyncStatusModVitalsData	4256	COMMUNITY_REPORTED		CATALOG_NO_GETTER	2	0x14656D79A->0x146162150;0x14656D7A2->0x1468201E0
0x14656E256	0x14656E210	0x14656E29D	0x146815DE0	PROVIDER_UUID_CORRELATED	D5FB12ED-2F6C-4A58-957C-756CB00D7E71	Javelin::ClientMessages::PlayerComponentClientFacet_RefreshClientToken	6558	COMMUNITY_REPORTED		CATALOG_NO_GETTER	2	0x14656E21A->0x146162150;0x14656E222->0x146815DE0
0x14656E786	0x14656E740	0x14656E7CD	0x1468051E0	PROVIDER_UUID_CORRELATED	05D0327E-19B7-4DF3-8979-8486555012DD	Javelin::ClientMessages::ChargeComponentClientFacet_ClientSyncMaxCharge	5251	COMMUNITY_REPORTED		CATALOG_NO_GETTER	2	0x14656E74A->0x146162150;0x14656E752->0x1468051E0
0x14656EAB6	0x14656EA70	0x14656EAFD	0x146813DE0	PROVIDER_UUID_CORRELATED	AAA751AF-844E-4DC1-80C9-AE261542819C	Javelin::ClientMessages::PlayerAppearanceComponentServerFacet_PurchaseAppearanceChange	6420	COMMUNITY_REPORTED		CATALOG_NO_GETTER	2	0x14656EA7A->0x146162150;0x14656EA82->0x146813DE0
0x14656F146	0x14656F100	0x14656F18D	0x146821DE0	PROVIDER_UUID_CORRELATED	623B226C-6E66-4678-A29C-D2257C998357	Javelin::ClientMessages::VitalsComponentServerFacet_Debug_RequestSyncStatusModVitalsData	4317	COMMUNITY_REPORTED		CATALOG_NO_GETTER	2	0x14656F10A->0x146162150;0x14656F112->0x146821DE0
0x14656F6E6	0x14656F6A0	0x14656F72D	0x1468197E0	PROVIDER_UUID_CORRELATED	3B469E2B-3624-482E-9EAB-B5F47DAEDC3F	Javelin::ClientMessages::PlayerComponentServerFacet_OnClientAuthTokenCompleted	6553	COMMUNITY_REPORTED		CATALOG_NO_GETTER	2	0x14656F6AA->0x146162150;0x14656F6B2->0x1468197E0
0x14656FC76	0x14656FC30	0x14656FCBD	0x1468053E0	PROVIDER_UUID_CORRELATED	C312931E-F969-428D-B0D5-2D1522F56A5A	Javelin::ClientMessages::ChargeComponentClientFacet_ClientSyncServerState	5266	COMMUNITY_REPORTED		CATALOG_NO_GETTER	2	0x14656FC3A->0x146162150;0x14656FC42->0x1468053E0
0x146570036	0x14656FFF0	0x14657007D	0x14680DDE0	PROVIDER_UUID_CORRELATED	07C85A72-F956-45FB-9852-9E92A516DB7A	Javelin::ClientMessages::ManaComponentClientFacet_ClientForceSyncServerState	4289	COMMUNITY_REPORTED		CATALOG_NO_GETTER	2	0x14656FFFA->0x146162150;0x146570002->0x14680DDE0
0x146570136	0x1465700F0	0x14657017D	0x1468135E0	PROVIDER_UUID_CORRELATED	1FC7A04B-048A-40BD-B7C0-64F8BBB39032	Javelin::ClientMessages::PlayerAppearanceComponentClientFacet_OnPurchaseError	6436	COMMUNITY_REPORTED		CATALOG_NO_GETTER	2	0x1465700FA->0x146162150;0x146570102->0x1468135E0
0x1465702F6	0x1465702B0	0x14657033D	0x146821BE0	PROVIDER_UUID_CORRELATED	B84F394B-556B-4225-AC7F-D05293E7C9CC	Javelin::ClientMessages::VitalsComponentServerFacet_Debug_ReApplyBuffBucketOverrides	5298	COMMUNITY_REPORTED		CATALOG_NO_GETTER	2	0x1465702BA->0x146162150;0x1465702C2->0x146821BE0
0x146570586	0x146570540	0x1465705CD	0x1468121E0	PROVIDER_UUID_CORRELATED	073F09E7-18EC-4818-AA72-17639CB0FDB2	Javelin::ClientMessages::PaperdollComponentServerFacet_ServerEquipItem	3895	COMMUNITY_REPORTED		CATALOG_NO_GETTER	2	0x14657054A->0x146162150;0x146570552->0x1468121E0
0x146571396	0x146571350	0x1465713DD	0x146805BE0	PROVIDER_UUID_CORRELATED	B26514A1-0D24-42C2-ACBB-ED0103F466AE	Javelin::ClientMessages::ChargeComponentServerFacet_ForceServerSyncRequestedFromClient	5267	COMMUNITY_REPORTED		CATALOG_NO_GETTER	2	0x14657135A->0x146162150;0x146571362->0x146805BE0
0x146571736	0x1465716F0	0x14657177D	0x14680DFE0	PROVIDER_UUID_CORRELATED	21ABEF0F-FD13-48C1-8143-B51B5DB13D19	Javelin::ClientMessages::ManaComponentClientFacet_ClientSyncMaxMana	4290	COMMUNITY_REPORTED		CATALOG_NO_GETTER	2	0x1465716FA->0x146162150;0x146571702->0x14680DFE0
0x146571B96	0x146571B50	0x146571BDD	0x1468137E0	PROVIDER_UUID_CORRELATED	D613688C-C174-4A20-B2FC-1BEAFC5D96A6	Javelin::ClientMessages::PlayerAppearanceComponentClientFacet_OnPurchaseSuccess	6855	COMMUNITY_REPORTED		CATALOG_NO_GETTER	2	0x146571B5A->0x146162150;0x146571B62->0x1468137E0
0x146571DE6	0x146571DA0	0x146571E2D	0x1468217E0	PROVIDER_UUID_CORRELATED	656D41F7-DC4C-441D-9D80-D03F0135EBE2	Javelin::ClientMessages::VitalsComponentServerFacet_Debug_IgnorePvpDamageBalance	6158	COMMUNITY_REPORTED		CATALOG_NO_GETTER	2	0x146571DAA->0x146162150;0x146571DB2->0x1468217E0
0x146571F76	0x146571F30	0x146571FBD	0x1468125E0	PROVIDER_UUID_CORRELATED	8282246D-7664-4676-A8CE-05E04A9DAACD	Javelin::ClientMessages::PaperdollComponentServerFacet_ServerUnequipItem	3896	COMMUNITY_REPORTED		CATALOG_NO_GETTER	2	0x146571F3A->0x146162150;0x146571F42->0x1468125E0
0x1465727A6	0x146572760	0x1465727ED	0x1468041E0	PROVIDER_UUID_CORRELATED	4641852C-9CE9-4FB6-AE2E-529758E74C58	MB::AlignToTerrainComponentReplicatedState	2850	COMMUNITY_REPORTED		CATALOG_NO_GETTER	2	0x14657276A->0x146162150;0x146572772->0x1468041E0
0x146572916	0x1465728D0	0x14657295D	0x1468057E0	PROVIDER_UUID_CORRELATED	2992FA82-149A-469C-A3F5-1B2702A74D68	Javelin::ClientMessages::ChargeComponentServerFacet_Debug_OnChargeGodModeChanged	5254	COMMUNITY_REPORTED		CATALOG_NO_GETTER	2	0x1465728DA->0x146162150;0x1465728E2->0x1468057E0
0x146572D66	0x146572D20	0x146572DAD	0x14680E1E0	PROVIDER_UUID_CORRELATED	D9D44793-4EF9-4B80-8144-72F98F855312	Javelin::ClientMessages::ManaComponentClientFacet_ClientSyncServerState	4291	COMMUNITY_REPORTED		CATALOG_NO_GETTER	2	0x146572D2A->0x146162150;0x146572D32->0x14680E1E0
0x146573196	0x146573150	0x1465731DD	0x1468203E0	PROVIDER_UUID_CORRELATED	AA38960E-0B8F-4D1E-A99D-3010CCE041B7	Javelin::ClientMessages::VitalsComponentClientFacet_Debug_SyncVitalsSifficulty	7030	COMMUNITY_REPORTED		CATALOG_NO_GETTER	2	0x14657315A->0x146162150;0x146573162->0x1468203E0
0x1465733D6	0x146573390	0x14657341D	0x146812FE0	PROVIDER_UUID_CORRELATED	AC806836-4F39-46D9-8302-6E1415FAD30D	Javelin::ClientMessages::PaperdollComponentServerFacet_ToggleSheath	3899	COMMUNITY_REPORTED		CATALOG_NO_GETTER	2	0x14657339A->0x146162150;0x1465733A2->0x146812FE0
0x146574356	0x146574310	0x14657439D	0x1468059E0	PROVIDER_UUID_CORRELATED	E559B7AA-11B4-4857-A9B6-68F57187D0CA	Javelin::ClientMessages::ChargeComponentServerFacet_Debug_SetCurrentCharge	5268	COMMUNITY_REPORTED		CATALOG_NO_GETTER	2	0x14657431A->0x146162150;0x146574322->0x1468059E0
0x146574446	0x146574400	0x14657448D	0x14680E9E0	PROVIDER_UUID_CORRELATED	7FFB19D9-36F5-4142-85D6-B9E287482F4C	Javelin::ClientMessages::ManaComponentServerFacet_ForceServerSyncRequestedFromClient	4293	COMMUNITY_REPORTED		CATALOG_NO_GETTER	2	0x14657440A->0x146162150;0x146574412->0x14680E9E0
0x146574786	0x146574740	0x1465747CD	0x146821FE0	PROVIDER_UUID_CORRELATED	D5175209-251B-4E7A-9C0C-F1DA179B70F8	Javelin::ClientMessages::VitalsComponentServerFacet_Debug_RequestVitalsDifficulty	7031	COMMUNITY_REPORTED		CATALOG_NO_GETTER	2	0x14657474A->0x146162150;0x146574752->0x146821FE0
0x1465749B6	0x146574970	0x1465749FD	0x1468123E0	PROVIDER_UUID_CORRELATED	52D8A095-A6D7-4C99-9FF4-6E4C880E2687	Javelin::ClientMessages::PaperdollComponentServerFacet_ServerSwapItems	3900	COMMUNITY_REPORTED		CATALOG_NO_GETTER	2	0x14657497A->0x146162150;0x146574982->0x1468123E0
0x146575086	0x146575040	0x1465750CD	0x146804BE0	PROVIDER_UUID_CORRELATED	CB9D9BE8-9C90-494C-9324-F17689B1B635	MB::BeamAttackComponentReplicatedState	2947	COMMUNITY_REPORTED		CATALOG_NO_GETTER	2	0x14657504A->0x146162150;0x146575052->0x146804BE0
0x146575126	0x1465750E0	0x14657516D	0x14680E5E0	PROVIDER_UUID_CORRELATED	90DC7C45-4851-4484-9188-A5B8E9C4194D	Javelin::ClientMessages::ManaComponentServerFacet_Debug_OnManaGodModeChanged	4294	COMMUNITY_REPORTED		CATALOG_NO_GETTER	2	0x1465750EA->0x146162150;0x1465750F2->0x14680E5E0
0x1465754A6	0x146575460	0x1465754ED	0x14680DBE0	PROVIDER_UUID_CORRELATED	733DD7CC-D17E-41DD-B0EA-0FB6D8E0939F	MB::MagicComponentReplicatedState	2895	COMMUNITY_REPORTED		CATALOG_NO_GETTER	2	0x14657546A->0x146162150;0x146575472->0x14680DBE0
0x146575676	0x146575630	0x1465756BD	0x1468127E0	PROVIDER_UUID_CORRELATED	F92F7339-CAD5-4212-859E-644A126FA214	Javelin::ClientMessages::PaperdollComponentServerFacet_ServerUseItem	663	COMMUNITY_REPORTED		CATALOG_NO_GETTER	2	0x14657563A->0x146162150;0x146575642->0x1468127E0
0x146575B36	0x146575AF0	0x146575B7D	0x14680EFE0	PROVIDER_UUID_CORRELATED	F9312801-1F95-4C34-8585-9CE876064F7D	Javelin::OnPlayerMetadataPublishedClosure	2458	COMMUNITY_REPORTED		CATALOG_NO_GETTER	2	0x146575AFA->0x146162150;0x146575B02->0x14680EFE0
0x146575EF6	0x146575EB0	0x146575F3D	0x14680E7E0	PROVIDER_UUID_CORRELATED	47687A48-D1A2-436F-8730-1969689AA539	Javelin::ClientMessages::ManaComponentServerFacet_Debug_SetCurrentMana	4295	COMMUNITY_REPORTED		CATALOG_NO_GETTER	2	0x146575EBA->0x146162150;0x146575EC2->0x14680E7E0
0x1465763A6	0x146576360	0x1465763ED	0x146812BE0	PROVIDER_UUID_CORRELATED	3E8D04C1-5E56-45D7-9C9E-4E83EAB1A011	Javelin::ClientMessages::PaperdollComponentServerFacet_SetPreviewActive	5302	COMMUNITY_REPORTED		CATALOG_NO_GETTER	2	0x14657636A->0x146162150;0x146576372->0x146812BE0
0x146576AC6	0x146576A80	0x146576B0D	0x1468195E0	PROVIDER_UUID_CORRELATED	971DDBB2-67DB-4BEB-9632-85851D0EE00E	Javelin::ClientMessages::PlayerComponentServerFacet_OnAckLevelInfoChanged	5181	COMMUNITY_REPORTED		CATALOG_NO_GETTER	2	0x146576A8A->0x146162150;0x146576A92->0x1468195E0
0x146577C16	0x146577BD0	0x146577C5D	0x146811DE0	PROVIDER_UUID_CORRELATED	4903E677-5609-481E-8167-011D1A56F19B	Javelin::ClientMessages::PaperdollComponentServerFacet_ServerCycleWeapon	3902	COMMUNITY_REPORTED		CATALOG_NO_GETTER	2	0x146577BDA->0x146162150;0x146577BE2->0x146811DE0
0x146578646	0x146578600	0x14657868D	0x1468151E0	PROVIDER_UUID_CORRELATED	C9FB82A3-2A3D-480A-91BF-DC72C0F3A277	Javelin::ClientMessages::PlayerComponentClientFacet_OnPlayerDeath	3950	COMMUNITY_REPORTED		CATALOG_NO_GETTER	2	0x14657860A->0x146162150;0x146578612->0x1468151E0
0x146578F26	0x146578EE0	0x146578F6D	0x146812DE0	PROVIDER_UUID_CORRELATED	2CB00F22-A7C2-47EC-A900-1F9E68A8B50F	Javelin::ClientMessages::PaperdollComponentServerFacet_SetWeaponMannequinTags	3776	COMMUNITY_REPORTED		CATALOG_NO_GETTER	2	0x146578EEA->0x146162150;0x146578EF2->0x146812DE0
0x1465799C6	0x146579980	0x146579A0D	0x1468155E0	PROVIDER_UUID_CORRELATED	63AC40CF-E236-4629-A66D-2FC87631B5DC	Javelin::ClientMessages::PlayerComponentClientFacet_OnReturnToMainWorld	2062	COMMUNITY_REPORTED		CATALOG_NO_GETTER	2	0x14657998A->0x146162150;0x146579992->0x1468155E0
0x14657A386	0x14657A340	0x14657A3CD	0x146810BE0	PROVIDER_UUID_CORRELATED	434EF5F1-2F6D-499F-A55F-70EDE8E23267	Javelin::ClientMessages::PaperdollComponentServerFacet_RequestAddLoadout	5441	COMMUNITY_REPORTED		CATALOG_NO_GETTER	2	0x14657A34A->0x146162150;0x14657A352->0x146810BE0
0x14657A946	0x14657A900	0x14657A98D	0x146815BE0	PROVIDER_UUID_CORRELATED	8D371AC0-B5AD-49BC-8381-8DA7943772DB	Javelin::ClientMessages::PlayerComponentClientFacet_OnTeleportWithLoadingScreen	3951	COMMUNITY_REPORTED		CATALOG_NO_GETTER	2	0x14657A90A->0x146162150;0x14657A912->0x146815BE0
0x14657B176	0x14657B130	0x14657B1BD	0x1468113E0	PROVIDER_UUID_CORRELATED	71E1F2F6-6AD9-40A1-9AE3-26A6599258CE	Javelin::ClientMessages::PaperdollComponentServerFacet_RequestRemoveLoadout	5438	COMMUNITY_REPORTED		CATALOG_NO_GETTER	2	0x14657B13A->0x146162150;0x14657B142->0x1468113E0
0x14657B726	0x14657B6E0	0x14657B76D	0x1468159E0	PROVIDER_UUID_CORRELATED	17159FBE-9675-405D-B6A2-3211967D0E38	Javelin::ClientMessages::PlayerComponentClientFacet_OnTeleportWithFade	3953	COMMUNITY_REPORTED		CATALOG_NO_GETTER	2	0x14657B6EA->0x146162150;0x14657B6F2->0x1468159E0
0x14657B996	0x14657B950	0x14657B9DD	0x146805FE0	PROVIDER_UUID_CORRELATED	BE9C5959-8FDB-4ABF-92B0-6B2126B0126C	Javelin::ClientMessages::CombatTextComponentClientFacet_AddCombatTextData	3013	COMMUNITY_REPORTED		CATALOG_NO_GETTER	2	0x14657B95A->0x146162150;0x14657B962->0x146805FE0
0x14657BF36	0x14657BEF0	0x14657BF7D	0x146811BE0	PROVIDER_UUID_CORRELATED	3ADCA05F-4480-44A3-B4C0-924CFE37E5EC	Javelin::ClientMessages::PaperdollComponentServerFacet_RequestSwitchToLoadout	5442	COMMUNITY_REPORTED		CATALOG_NO_GETTER	2	0x14657BEFA->0x146162150;0x14657BF02->0x146811BE0
0x14657C3B6	0x14657C370	0x14657C3FD	0x1468153E0	PROVIDER_UUID_CORRELATED	B34A7676-EFC1-472B-86E6-130F6AC470C6	Javelin::ClientMessages::PlayerComponentClientFacet_OnPlayerTeleport	3954	COMMUNITY_REPORTED		CATALOG_NO_GETTER	2	0x14657C37A->0x146162150;0x14657C382->0x1468153E0
0x14657C6A6	0x14657C660	0x14657C6ED	0x1468061E0	PROVIDER_UUID_CORRELATED	23E1C901-F994-420A-9338-B0BC0D8DB669	Javelin::ClientMessages::CombatTextComponentClientFacet_AddCombatValidationData	3014	COMMUNITY_REPORTED		CATALOG_NO_GETTER	2	0x14657C66A->0x146162150;0x14657C672->0x1468061E0
0x14657CC06	0x14657CBC0	0x14657CC4D	0x1468115E0	PROVIDER_UUID_CORRELATED	0014E7C7-4941-4F0D-AD9D-5C961FDD6E9C	Javelin::ClientMessages::PaperdollComponentServerFacet_RequestRenameLoadout	5487	COMMUNITY_REPORTED		CATALOG_NO_GETTER	2	0x14657CBCA->0x146162150;0x14657CBD2->0x1468115E0
0x14657D056	0x14657D010	0x14657D09D	0x1468149E0	PROVIDER_UUID_CORRELATED	49535D3C-B1EC-4C53-BC9A-AB8275F93607	Javelin::ClientMessages::PlayerComponentClientFacet_OnDisplayPopup	5983	COMMUNITY_REPORTED		CATALOG_NO_GETTER	2	0x14657D01A->0x146162150;0x14657D022->0x1468149E0
0x14657D2C6	0x14657D280	0x14657D30D	0x1468063E0	PROVIDER_UUID_CORRELATED	3E986196-C4DC-48BE-A83C-5CAB3A349F72	Javelin::ClientMessages::CombatTextComponentServerFacet_ToggleCombatValidationData	3015	COMMUNITY_REPORTED		CATALOG_NO_GETTER	2	0x14657D28A->0x146162150;0x14657D292->0x1468063E0
0x14657D906	0x14657D8C0	0x14657D94D	0x1468109E0	PROVIDER_UUID_CORRELATED	A37CF769-A46A-4DBD-8BF6-6404B3488FB7	Javelin::ClientMessages::PaperdollComponentServerFacet_RequestAddItemToLoadouts	5579	COMMUNITY_REPORTED		CATALOG_NO_GETTER	2	0x14657D8CA->0x146162150;0x14657D8D2->0x1468109E0
0x14657DE56	0x14657DE10	0x14657DE9D	0x14680B9E0	PROVIDER_UUID_CORRELATED	B46E3A17-40DB-4B7F-86D3-4988B9709C11	Javelin::ClientMessages::LocalPlayerDebugComponentServerFacet_ReloadDataTables	3939	COMMUNITY_REPORTED		CATALOG_NO_GETTER	2	0x14657DE1A->0x146162150;0x14657DE22->0x14680B9E0
0x14657DEF6	0x14657DEB0	0x14657DF3D	0x14681CDE0	PROVIDER_UUID_CORRELATED	39B4C919-3A6D-46B5-92D0-3B4ACB284B1D	MB::ProjectileReplicatedState	16	COMMUNITY_REPORTED		CATALOG_NO_GETTER	2	0x14657DEBA->0x146162150;0x14657DEC2->0x14681CDE0
0x14657DFB6	0x14657DF70	0x14657DFFD	0x146819FE0	PROVIDER_UUID_CORRELATED	6E2A29B1-AF9E-441C-8A71-67C409FDEEBC	Javelin::ClientMessages::PlayerComponentServerFacet_OnTelemetryOptionsDataChanged	4854	COMMUNITY_REPORTED		CATALOG_NO_GETTER	2	0x14657DF7A->0x146162150;0x14657DF82->0x146819FE0
0x14657E056	0x14657E010	0x14657E09D	0x1468055E0	PROVIDER_UUID_CORRELATED	0EF6EEBD-CBBB-48EF-B88F-99BF2B0F8A1A	MB::ChargeComponentReplicatedState	5257	COMMUNITY_REPORTED		CATALOG_NO_GETTER	2	0x14657E01A->0x146162150;0x14657E022->0x1468055E0
0x14657EE16	0x14657EDD0	0x14657EE5D	0x1468111E0	PROVIDER_UUID_CORRELATED	5727D03B-1B6A-4581-AB13-93982B136879	Javelin::ClientMessages::PaperdollComponentServerFacet_RequestRemoveItemFromLoadout	5430	COMMUNITY_REPORTED		CATALOG_NO_GETTER	2	0x14657EDDA->0x146162150;0x14657EDE2->0x1468111E0
0x14657F816	0x14657F7D0	0x14657F85D	0x14680B5E0	PROVIDER_UUID_CORRELATED	B17C08C8-1DD8-472D-8339-73A170B540A9	Javelin::ClientMessages::LocalPlayerDebugComponentServerFacet_ForceDestroyStructure	3940	COMMUNITY_REPORTED		CATALOG_NO_GETTER	2	0x14657F7DA->0x146162150;0x14657F7E2->0x14680B5E0
0x14657FA66	0x14657FA20	0x14657FAAD	0x14681A3E0	PROVIDER_UUID_CORRELATED	6A4AF4E8-CB4C-4EE5-8B36-C6C5943EF8B3	Javelin::ClientMessages::PlayerComponentServerFacet_RequestGmPermissions	3956	COMMUNITY_REPORTED		CATALOG_NO_GETTER	2	0x14657FA2A->0x146162150;0x14657FA32->0x14681A3E0
0x1465800D6	0x146580090	0x14658011D	0x14681CFE0	PROVIDER_UUID_CORRELATED	E069C6E9-FF7D-4E5E-85E7-45AC6FF9D550	Javelin::ClientMessages::ProjectileSpawnerComponentClientFacet_OnServerSpawn	2900	COMMUNITY_REPORTED		CATALOG_NO_GETTER	2	0x14658009A->0x146162150;0x1465800A2->0x14681CFE0
0x146580196	0x146580150	0x1465801DD	0x146810DE0	PROVIDER_UUID_CORRELATED	4376A82B-FE47-49E7-BC22-D280D9724573	Javelin::ClientMessages::PaperdollComponentServerFacet_RequestRemoveAllItemsFromLoadout	5427	COMMUNITY_REPORTED		CATALOG_NO_GETTER	2	0x14658015A->0x146162150;0x146580162->0x146810DE0
0x1465809B6	0x146580970	0x1465809FD	0x1468095E0	PROVIDER_UUID_CORRELATED	59B7DDAF-AAD3-4BBC-AED9-BB7F57DCE5D6	Javelin::ITranslationNotifications	1943	COMMUNITY_REPORTED		CATALOG_NO_GETTER	2	0x14658097A->0x146162150;0x146580982->0x1468095E0
0x146580A56	0x146580A10	0x146580A9D	0x14680CFE0	PROVIDER_UUID_CORRELATED	579855AE-6897-4327-A27E-CB256E7D4AB7	Javelin::ClientMessages::LocalPlayerDebugComponentServerFacet_SyncRemoteStatusModData	1888	COMMUNITY_REPORTED		CATALOG_NO_GETTER	2	0x146580A1A->0x146162150;0x146580A22->0x14680CFE0
0x146580C66	0x146580C20	0x146580CAD	0x1468181E0	PROVIDER_UUID_CORRELATED	6E43421D-BA8D-4C17-8A69-FFF27091FD54	Javelin::ClientMessages::PlayerComponentServerFacet_DebugRequestTeleport	3957	COMMUNITY_REPORTED		CATALOG_NO_GETTER	2	0x146580C2A->0x146162150;0x146580C32->0x1468181E0
0x1465816C6	0x146581680	0x14658170D	0x14680E3E0	PROVIDER_UUID_CORRELATED	3729094D-0FBA-4DCF-B191-7E9E53AA9B85	MB::ManaComponentReplicatedState	1652	COMMUNITY_REPORTED		CATALOG_NO_GETTER	2	0x14658168A->0x146162150;0x146581692->0x14680E3E0
0x146581AC6	0x146581A80	0x146581B0D	0x14681D1E0	PROVIDER_UUID_CORRELATED	D869E9D7-110E-4D23-B007-4C2AB469B189	Javelin::ClientMessages::ProjectileSpawnerComponentClientFacet_OnServerSpawnAuthoritativeProjectile	327	COMMUNITY_REPORTED		CATALOG_NO_GETTER	2	0x146581A8A->0x146162150;0x146581A92->0x14681D1E0
0x146581B66	0x146581B20	0x146581BAD	0x146810FE0	PROVIDER_UUID_CORRELATED	69B8049A-24F2-429C-92FD-83665D65C333	Javelin::ClientMessages::PaperdollComponentServerFacet_RequestRemoveItemFromAllLoadouts	5443	COMMUNITY_REPORTED		CATALOG_NO_GETTER	2	0x146581B2A->0x146162150;0x146581B32->0x146810FE0
0x146582036	0x146581FF0	0x14658207D	0x14680CDE0	PROVIDER_UUID_CORRELATED	4265E85B-7725-4CF3-91CD-E36B3983C135	Javelin::ClientMessages::LocalPlayerDebugComponentServerFacet_SyncRemoteStatusEffects	5290	COMMUNITY_REPORTED		CATALOG_NO_GETTER	2	0x146581FFA->0x146162150;0x146582002->0x14680CDE0
0x146582206	0x1465821C0	0x14658224D	0x1468165E0	PROVIDER_UUID_CORRELATED	15E7A5F6-AA2D-4CF3-93B3-0FB16061CDF9	Javelin::ClientMessages::PlayerComponentServerFacet_DebugCancelTeleportRequest	3736	COMMUNITY_REPORTED		CATALOG_NO_GETTER	2	0x1465821CA->0x146162150;0x1465821D2->0x1468165E0
0x1465825D6	0x146582590	0x14658261D	0x14681D5E0	PROVIDER_UUID_CORRELATED	6F88C898-17FF-4972-AB3A-8308D57A9699	Javelin::ClientMessages::ProjectileSpawnerComponentServerFacet_DEBUG_Spawn	1931	COMMUNITY_REPORTED		CATALOG_NO_GETTER	2	0x14658259A->0x146162150;0x1465825A2->0x14681D5E0
0x146582676	0x146582630	0x1465826BD	0x1468117E0	PROVIDER_UUID_CORRELATED	B3053201-813E-491F-9661-0372FF8C4EFA	Javelin::ClientMessages::PaperdollComponentServerFacet_RequestSavePaperdollToLoadout	5542	COMMUNITY_REPORTED		CATALOG_NO_GETTER	2	0x14658263A->0x146162150;0x146582642->0x1468117E0
0x146582CB6	0x146582C70	0x146582CFD	0x14680B1E0	PROVIDER_UUID_CORRELATED	D69BCAD4-599C-45B9-A2D0-3CA1AF48EAD4	Javelin::ClientMessages::LocalPlayerDebugComponentServerFacet_DebugTeleportPlayer	3941	COMMUNITY_REPORTED		CATALOG_NO_GETTER	2	0x146582C7A->0x146162150;0x146582C82->0x14680B1E0
0x146582E16	0x146582DD0	0x146582E5D	0x1468189E0	PROVIDER_UUID_CORRELATED	AA1C3DFE-A7E9-47CB-ACC5-87D4C8CF3140	Javelin::ClientMessages::PlayerComponentServerFacet_DebugSetHomeWorldId	5745	COMMUNITY_REPORTED		CATALOG_NO_GETTER	2	0x146582DDA->0x146162150;0x146582DE2->0x1468189E0
0x146582EB6	0x146582E70	0x146582EFD	0x14681E3E0	PROVIDER_UUID_CORRELATED	F642A52F-F5E2-4036-BCC6-3EB0300C9723	Javelin::ClientMessages::StaminaComponentClientFacet_ClientForceSyncServerStateRemote	473	COMMUNITY_REPORTED		CATALOG_NO_GETTER	2	0x146582E7A->0x146162150;0x146582E82->0x14681E3E0
0x1465835B6	0x146583570	0x1465835FD	0x1468065E0	PROVIDER_UUID_CORRELATED	D9071483-F5A8-41C9-A867-A76278EBF604	Javelin::ClientMessages::CooldownTimersComponentClientFacet_ClientForceSyncServerState	4280	COMMUNITY_REPORTED		CATALOG_NO_GETTER	2	0x14658357A->0x146162150;0x146583582->0x1468065E0
0x1465837D6	0x146583790	0x14658381D	0x14681D3E0	PROVIDER_UUID_CORRELATED	5AB853F9-9533-4BA2-B45A-DC9E09318983	Javelin::ClientMessages::ProjectileSpawnerComponentServerFacet_DEBUG_FireAtTarget	752	COMMUNITY_REPORTED		CATALOG_NO_GETTER	2	0x14658379A->0x146162150;0x1465837A2->0x14681D3E0
0x146583896	0x146583850	0x1465838DD	0x1468119E0	PROVIDER_UUID_CORRELATED	9DC360CC-2A14-4483-B5B5-CBD5E3298412	Javelin::ClientMessages::PaperdollComponentServerFacet_RequestSetIsLoadoutPanelOpen	5578	COMMUNITY_REPORTED		CATALOG_NO_GETTER	2	0x14658385A->0x146162150;0x146583862->0x1468119E0
0x146583DC6	0x146583D80	0x146583E0D	0x14680B3E0	PROVIDER_UUID_CORRELATED	4086D890-842C-4EF7-AF9E-4168570ADC39	Javelin::ClientMessages::LocalPlayerDebugComponentServerFacet_DebugTeleportPlayerGM	1033	COMMUNITY_REPORTED		CATALOG_NO_GETTER	2	0x146583D8A->0x146162150;0x146583D92->0x14680B3E0
0x146583EF6	0x146583EB0	0x146583F3D	0x146818BE0	PROVIDER_UUID_CORRELATED	86FC699D-4C28-466B-9725-9BAC10EC7848	Javelin::ClientMessages::PlayerComponentServerFacet_DebugSetMatchId	5955	COMMUNITY_REPORTED		CATALOG_NO_GETTER	2	0x146583EBA->0x146162150;0x146583EC2->0x146818BE0
0x146583F96	0x146583F50	0x146583FDD	0x14681E9E0	PROVIDER_UUID_CORRELATED	360864D4-334A-4D40-AC42-565133F1A54E		3108	COMMUNITY_REPORTED		CATALOG_NO_GETTER	2	0x146583F5A->0x146162150;0x146583F62->0x14681E9E0
0x146584586	0x146584540	0x1465845CD	0x1468071E0	PROVIDER_UUID_CORRELATED	4CFFB04D-E821-48B8-9AE7-E03118F3646B	Javelin::ClientMessages::CooldownTimersComponentServerFacet_ForceServerSyncRequestedFromClient	3159	COMMUNITY_REPORTED		CATALOG_NO_GETTER	2	0x14658454A->0x146162150;0x146584552->0x1468071E0
0x1465846E6	0x1465846A0	0x14658472D	0x1468129E0	PROVIDER_UUID_CORRELATED	A7177E99-38F8-4576-83E8-93FD6C19EB57	Javelin::ClientMessages::PaperdollComponentServerFacet_SetHidingSkinOnSlot	5978	COMMUNITY_REPORTED		CATALOG_NO_GETTER	2	0x1465846AA->0x146162150;0x1465846B2->0x1468129E0
0x146584B66	0x146584B20	0x146584BAD	0x14680BDE0	PROVIDER_UUID_CORRELATED	73A6AB03-A5AB-4E27-B1BD-132CC945AA66	Javelin::ClientMessages::LocalPlayerDebugComponentServerFacet_ResetAoi	3942	COMMUNITY_REPORTED		CATALOG_NO_GETTER	2	0x146584B2A->0x146162150;0x146584B32->0x14680BDE0
0x146584EE6	0x146584EA0	0x146584F2D	0x146818DE0	PROVIDER_UUID_CORRELATED	4A1A68F2-58C2-4086-86FE-2556545B44A8	Javelin::ClientMessages::PlayerComponentServerFacet_DebugSetSrcWorldId	5715	COMMUNITY_REPORTED		CATALOG_NO_GETTER	2	0x146584EAA->0x146162150;0x146584EB2->0x146818DE0
0x146584F86	0x146584F40	0x146584FCD	0x14681E7E0	PROVIDER_UUID_CORRELATED	FD230324-C932-4B18-ACFE-84DDB49872C6	Javelin::ClientMessages::StaminaComponentServerFacet_Debug_EnableStaminaRegen	1229	COMMUNITY_REPORTED		CATALOG_NO_GETTER	2	0x146584F4A->0x146162150;0x146584F52->0x14681E7E0
0x146585396	0x146585350	0x1465853DD	0x146806DE0	PROVIDER_UUID_CORRELATED	E5DF180F-AAD5-490F-AA99-420A0C4EB04C	Javelin::ClientMessages::CooldownTimersComponentServerFacet_Debug_OnCooldownsGodModeChanged	4281	COMMUNITY_REPORTED		CATALOG_NO_GETTER	2	0x14658535A->0x146162150;0x146585362->0x146806DE0
0x146585486	0x146585440	0x1465854CD	0x14680F9E0	PROVIDER_UUID_CORRELATED	5EC3E49A-BAE7-4C5E-8821-EFBA6DDB59AC	Javelin::ClientMessages::PaperdollComponentClientFacet_SendLoadoutStatusNotification	5497	COMMUNITY_REPORTED		CATALOG_NO_GETTER	2	0x14658544A->0x146162150;0x146585452->0x14680F9E0
0x1465857A6	0x146585760	0x1465857ED	0x146802DE0	PROVIDER_UUID_CORRELATED	35877C3E-4EF8-43DD-ABE7-ABF35104F1B5	MB::AbilityComponentReplicatedState	185	COMMUNITY_REPORTED		CATALOG_NO_GETTER	2	0x14658576A->0x146162150;0x146585772->0x146802DE0
0x146585996	0x146585950	0x1465859DD	0x14680D7E0	PROVIDER_UUID_CORRELATED	CEEE5DA1-9C4B-4917-BB99-0D67E255563D	Javelin::ClientMessages::LocalPlayerDebugComponentServerFacet_XperfCapture	5712	COMMUNITY_REPORTED		CATALOG_NO_GETTER	2	0x14658595A->0x146162150;0x146585962->0x14680D7E0
0x146585B76	0x146585B30	0x146585BBD	0x1468157E0	PROVIDER_UUID_CORRELATED	D222E6BE-3E07-40AF-9326-27F0B117E95D	Javelin::ClientMessages::PlayerComponentClientFacet_OnTeleportRequestFailedOrCancelled	7022	COMMUNITY_REPORTED		CATALOG_NO_GETTER	2	0x146585B3A->0x146162150;0x146585B42->0x1468157E0
0x146585C16	0x146585BD0	0x146585C5D	0x14681EDE0	PROVIDER_UUID_CORRELATED	A8E2A0B3-1515-4C07-8F80-4B902EF6AE16	Javelin::ClientMessages::StaminaComponentServerFacet_Debug_ResetStaminaRegen	4296	COMMUNITY_REPORTED		CATALOG_NO_GETTER	2	0x146585BDA->0x146162150;0x146585BE2->0x14681EDE0
0x1465863C6	0x146586380	0x14658640D	0x146806BE0	PROVIDER_UUID_CORRELATED	813A62F3-9AF4-4367-9B83-AF5EB3E78595	Javelin::ClientMessages::CooldownTimersComponentServerFacet_Debug_ClearAllCooldowns	3653	COMMUNITY_REPORTED		CATALOG_NO_GETTER	2	0x14658638A->0x146162150;0x146586392->0x146806BE0
0x146586646	0x146586600	0x14658668D	0x1468131E0	PROVIDER_UUID_CORRELATED	B628F3EB-FA07-43FF-A05E-C2E52ABC1A8B	Javelin::ClientMessages::PaperdollComponentServerFacet_UnequipAllItems	1253	COMMUNITY_REPORTED		CATALOG_NO_GETTER	2	0x14658660A->0x146162150;0x146586612->0x1468131E0
0x1465878E6	0x1465878A0	0x14658792D	0x14680BBE0	PROVIDER_UUID_CORRELATED	D315E982-B517-4198-ADA6-90C9A9256DB6	Javelin::ClientMessages::LocalPlayerDebugComponentServerFacet_RequestServerNetTrackDebugInfo	5797	COMMUNITY_REPORTED		CATALOG_NO_GETTER	2	0x1465878AA->0x146162150;0x1465878B2->0x14680BBE0
0x146587B06	0x146587AC0	0x146587B4D	0x14681A9E0	PROVIDER_UUID_CORRELATED	12A0B32C-8138-4305-B122-DCF5C1B1F71E	Javelin::ClientMessages::PlayerComponentServerFacet_RequestRespawn	1938	COMMUNITY_REPORTED		CATALOG_NO_GETTER	2	0x146587ACA->0x146162150;0x146587AD2->0x14681A9E0
0x146587BA6	0x146587B60	0x146587BED	0x14681EBE0	PROVIDER_UUID_CORRELATED	D4E0F019-9278-46BB-9ADC-95C242070961	Javelin::ClientMessages::StaminaComponentServerFacet_Debug_RemoveStamina	5644	COMMUNITY_REPORTED		CATALOG_NO_GETTER	2	0x146587B6A->0x146162150;0x146587B72->0x14681EBE0
0x146588756	0x146588710	0x14658879D	0x146806FE0	PROVIDER_UUID_CORRELATED	9DF13260-5F00-4607-8E64-4C60CB9879C4	Javelin::ClientMessages::CooldownTimersComponentServerFacet_Debug_ResetGeneralCooldown	4810	COMMUNITY_REPORTED		CATALOG_NO_GETTER	2	0x14658871A->0x146162150;0x146588722->0x146806FE0
0x1465888E6	0x1465888A0	0x14658892D	0x1468103E0	PROVIDER_UUID_CORRELATED	3D23BE0E-AD7E-432A-B64C-F85E63DE463B	Javelin::ClientMessages::PaperdollComponentServerFacet_DebugSetDurability	3903	COMMUNITY_REPORTED		CATALOG_NO_GETTER	2	0x1465888AA->0x146162150;0x1465888B2->0x1468103E0
0x146589276	0x146589230	0x1465892BD	0x14680D5E0	PROVIDER_UUID_CORRELATED	B6485DC5-D9BF-4213-802A-7C557C84A56D	Javelin::ClientMessages::LocalPlayerDebugComponentServerFacet_UpdateServerNetTrackDebugInfo	5804	COMMUNITY_REPORTED		CATALOG_NO_GETTER	2	0x14658923A->0x146162150;0x146589242->0x14680D5E0
0x146589426	0x1465893E0	0x14658946D	0x14681C3E0	PROVIDER_UUID_CORRELATED	71EC4E75-A511-428A-9A35-5016C627E23D	Javelin::ClientMessages::PlayerComponentServerFacet_SetIsFreeTrialPlayer	6804	COMMUNITY_REPORTED		CATALOG_NO_GETTER	2	0x1465893EA->0x146162150;0x1465893F2->0x14681C3E0
0x146589B46	0x146589B00	0x146589B8D	0x1468067E0	PROVIDER_UUID_CORRELATED	C1767938-00A4-472C-9AFF-D996030693BE	Javelin::ClientMessages::CooldownTimersComponentClientFacet_ClientSyncServerState	3252	COMMUNITY_REPORTED		CATALOG_NO_GETTER	2	0x146589B0A->0x146162150;0x146589B12->0x1468067E0
0x146589D96	0x146589D50	0x146589DDD	0x1468105E0	PROVIDER_UUID_CORRELATED	9425F33F-3934-4323-8250-65E14AC86ED2	Javelin::ClientMessages::PaperdollComponentServerFacet_DebugSetIgnoreDurabilityLoss	6124	COMMUNITY_REPORTED		CATALOG_NO_GETTER	2	0x146589D5A->0x146162150;0x146589D62->0x1468105E0
0x14658A2F6	0x14658A2B0	0x14658A33D	0x14680D3E0	PROVIDER_UUID_CORRELATED	064A7A56-DF36-448A-81F6-8BE2CA0DC568	Javelin::ClientMessages::LocalPlayerDebugComponentServerFacet_ToggleLootResults	3944	COMMUNITY_REPORTED		CATALOG_NO_GETTER	2	0x14658A2BA->0x146162150;0x14658A2C2->0x14680D3E0
0x14658A566	0x14658A520	0x14658A5AD	0x1468191E0	PROVIDER_UUID_CORRELATED	9FC6383E-F50E-4CD6-BA36-17875049402D	Javelin::ClientMessages::PlayerComponentServerFacet_DebugTriggerOverpopulationTeleport	2051	COMMUNITY_REPORTED		CATALOG_NO_GETTER	2	0x14658A52A->0x146162150;0x14658A532->0x1468191E0
0x14658AC66	0x14658AC20	0x14658ACAD	0x14680FFE0	PROVIDER_UUID_CORRELATED	3B99A19A-FE06-4389-88C7-B6EBFE16EEA3	Javelin::ClientMessages::PaperdollComponentServerFacet_DebugForceItemFixed	1807	COMMUNITY_REPORTED		CATALOG_NO_GETTER	2	0x14658AC2A->0x146162150;0x14658AC32->0x14680FFE0
0x14658B0B6	0x14658B070	0x14658B0FD	0x14680C5E0	PROVIDER_UUID_CORRELATED	32F4D298-FB90-4BCB-8D21-92EA70C578E5	Javelin::ClientMessages::LocalPlayerDebugComponentServerFacet_SetDebugLootTags	1586	COMMUNITY_REPORTED		CATALOG_NO_GETTER	2	0x14658B07A->0x146162150;0x14658B082->0x14680C5E0
0x14658B1A6	0x14658B160	0x14658B1ED	0x146814FE0	PROVIDER_UUID_CORRELATED	3FF8A080-636E-4E73-9D18-7C3C62766900	Javelin::ClientMessages::PlayerComponentClientFacet_OnOverpopulationTeleportNotification	3963	COMMUNITY_REPORTED		CATALOG_NO_GETTER	2	0x14658B16A->0x146162150;0x14658B172->0x146814FE0
0x14658C1D6	0x14658C190	0x14658C21D	0x1468101E0	PROVIDER_UUID_CORRELATED	E5AA5B43-F801-452F-8AA5-1F26C5D7549F	Javelin::ClientMessages::PaperdollComponentServerFacet_DebugRequestSyncAverageArmorGS	1407	COMMUNITY_REPORTED		CATALOG_NO_GETTER	2	0x14658C19A->0x146162150;0x14658C1A2->0x1468101E0
0x14658CDA6	0x14658CD60	0x14658CDED	0x14680C9E0	PROVIDER_UUID_CORRELATED	2AD401B7-0501-43CC-A904-156D0A2940C7	Javelin::ClientMessages::LocalPlayerDebugComponentServerFacet_SetDebugTableRolls	450	COMMUNITY_REPORTED		CATALOG_NO_GETTER	2	0x14658CD6A->0x146162150;0x14658CD72->0x14680C9E0
0x14658CEF6	0x14658CEB0	0x14658CF3D	0x146814DE0	PROVIDER_UUID_CORRELATED	C117AD91-2B58-4457-8C4C-5E3865EF7959	Javelin::ClientMessages::PlayerComponentClientFacet_OnForcedOverpopulationTeleportNotification	3964	COMMUNITY_REPORTED		CATALOG_NO_GETTER	2	0x14658CEBA->0x146162150;0x14658CEC2->0x146814DE0
0x14658DA56	0x14658DA10	0x14658DA9D	0x14680F1E0	PROVIDER_UUID_CORRELATED	F7E3AC89-4E8F-47AC-B5F1-03A406BC0A4D	Javelin::ClientMessages::PaperdollComponentClientFacet_DebugSyncAverageArmorGS	3690	COMMUNITY_REPORTED		CATALOG_NO_GETTER	2	0x14658DA1A->0x146162150;0x14658DA22->0x14680F1E0
0x14658DEE6	0x14658DEA0	0x14658DF2D	0x14680C3E0	PROVIDER_UUID_CORRELATED	99EDB7CB-D1E3-4F08-9543-4EE214FD9B51	Javelin::ClientMessages::LocalPlayerDebugComponentServerFacet_SetDebugGlobalRollBonus	5193	COMMUNITY_REPORTED		CATALOG_NO_GETTER	2	0x14658DEAA->0x146162150;0x14658DEB2->0x14680C3E0
0x14658E106	0x14658E0C0	0x14658E14D	0x14681A5E0	PROVIDER_UUID_CORRELATED	F16351A1-4C2C-419A-BB9A-DF1E405661BB	Javelin::ClientMessages::PlayerComponentServerFacet_RequestImmediateOverpopulationTeleport	2479	COMMUNITY_REPORTED		CATALOG_NO_GETTER	2	0x14658E0CA->0x146162150;0x14658E0D2->0x14681A5E0
0x14658E726	0x14658E6E0	0x14658E76D	0x14680FDE0	PROVIDER_UUID_CORRELATED	AC5537FD-8B79-4055-8309-ECE10C2E2A14	Javelin::ClientMessages::PaperdollComponentServerFacet_DebugConsumeLoadedAmmo	4814	COMMUNITY_REPORTED		CATALOG_NO_GETTER	2	0x14658E6EA->0x146162150;0x14658E6F2->0x14680FDE0
0x14658EC66	0x14658EC20	0x14658ECAD	0x14680C7E0	PROVIDER_UUID_CORRELATED	A2BBF0D3-A57E-4747-8A9C-CCACE3479A71	Javelin::ClientMessages::LocalPlayerDebugComponentServerFacet_SetDebugLuckBonus	5197	COMMUNITY_REPORTED		CATALOG_NO_GETTER	2	0x14658EC2A->0x146162150;0x14658EC32->0x14680C7E0
0x14658ED96	0x14658ED50	0x14658EDDD	0x146817BE0	PROVIDER_UUID_CORRELATED	A066596D-F728-4803-A9A6-24E391E0007E	Javelin::ClientMessages::PlayerComponentServerFacet_DebugRequestOverpopulationTeleportMetadata	961	COMMUNITY_REPORTED		CATALOG_NO_GETTER	2	0x14658ED5A->0x146162150;0x14658ED62->0x146817BE0
0x14658EF06	0x14658EEC0	0x14658EF4D	0x14681D7E0	PROVIDER_UUID_CORRELATED	60D09696-C193-4F9D-8252-F1062BF21379	MB::ProjectileSpawnerReplicatedState	57	COMMUNITY_REPORTED		CATALOG_NO_GETTER	2	0x14658EECA->0x146162150;0x14658EED2->0x14681D7E0
0x14658F766	0x14658F720	0x14658F7AD	0x1468047E0	PROVIDER_UUID_CORRELATED	19C024D7-31D1-4661-A5AD-95A7D6A77450	Javelin::ClientMessages::AutoSpellComponentClientFacet_OnLifetimeExpire	2863	COMMUNITY_REPORTED		CATALOG_NO_GETTER	2	0x14658F72A->0x146162150;0x14658F732->0x1468047E0
0x14658F986	0x14658F940	0x14658F9CD	0x1468077E0	PROVIDER_UUID_CORRELATED	07D9175B-3AFE-4F43-A494-43005BB1BB4F	Javelin::ClientMessages::DamageReceiverComponentClientFacet_OnDamageDealt	2071	COMMUNITY_REPORTED		CATALOG_NO_GETTER	2	0x14658F94A->0x146162150;0x14658F952->0x1468077E0
0x14658FA96	0x14658FA50	0x14658FADD	0x1468107E0	PROVIDER_UUID_CORRELATED	77A81F98-371E-47A2-B64B-537C7B9A5F18	Javelin::ClientMessages::PaperdollComponentServerFacet_DebugSetLoadedAmmo	4813	COMMUNITY_REPORTED		CATALOG_NO_GETTER	2	0x14658FA5A->0x146162150;0x14658FA62->0x1468107E0
0x1465907C6	0x146590780	0x14659080D	0x14680D1E0	PROVIDER_UUID_CORRELATED	5A573908-B846-4A51-AD13-4B30787AFD85	Javelin::ClientMessages::LocalPlayerDebugComponentServerFacet_ToggleDebugPerkRolls	5354	COMMUNITY_REPORTED		CATALOG_NO_GETTER	2	0x14659078A->0x146162150;0x146590792->0x14680D1E0
0x146590B56	0x146590B10	0x146590B9D	0x1468143E0	PROVIDER_UUID_CORRELATED	B91B25A8-BEB1-4E15-B9E4-95A419037641	Javelin::ClientMessages::PlayerComponentClientFacet_DebugReceiveOverpopulationTeleportMetadata	3966	COMMUNITY_REPORTED		CATALOG_NO_GETTER	2	0x146590B1A->0x146162150;0x146590B22->0x1468143E0
0x146591966	0x146591920	0x1465919AD	0x1468049E0	PROVIDER_UUID_CORRELATED	37BCBCD5-AD51-48FB-BE85-0B6B3997B6BB	Javelin::ClientMessages::AutoSpellComponentClientFacet_OnSpellCast	38	COMMUNITY_REPORTED		CATALOG_NO_GETTER	2	0x14659192A->0x146162150;0x146591932->0x1468049E0
0x146591A86	0x146591A40	0x146591ACD	0x1468075E0	PROVIDER_UUID_CORRELATED	07B575FC-E60B-498C-B87E-6F8241E5F035	Javelin::ClientMessages::DamageReceiverComponentClientFacet_HandleMeleeDamage	2218	COMMUNITY_REPORTED		CATALOG_NO_GETTER	2	0x146591A4A->0x146162150;0x146591A52->0x1468075E0
0x146591CD6	0x146591C90	0x146591D1D	0x146811FE0	PROVIDER_UUID_CORRELATED	55D1164C-FB61-4C09-B6DA-67C3E9424C47	Javelin::ClientMessages::PaperdollComponentServerFacet_ServerEquipAllItems	5515	COMMUNITY_REPORTED		CATALOG_NO_GETTER	2	0x146591C9A->0x146162150;0x146591CA2->0x146811FE0
0x146592386	0x146592340	0x1465923CD	0x14680C1E0	PROVIDER_UUID_CORRELATED	B8CB56A0-DA92-4BC8-B0D0-AD896A9ED359	Javelin::ClientMessages::LocalPlayerDebugComponentServerFacet_SetDebugForceLootBiasing	6113	COMMUNITY_REPORTED		CATALOG_NO_GETTER	2	0x14659234A->0x146162150;0x146592352->0x14680C1E0
0x146592516	0x1465924D0	0x14659255D	0x1468199E0	PROVIDER_UUID_CORRELATED	8950B8C3-339D-4B05-92BC-7C4CF54FB872	Javelin::ClientMessages::PlayerComponentServerFacet_OnCullLimitPctChangeRequest	3967	COMMUNITY_REPORTED		CATALOG_NO_GETTER	2	0x1465924DA->0x146162150;0x1465924E2->0x1468199E0
0x146592B76	0x146592B30	0x146592BBD	0x14680D9E0	PROVIDER_UUID_CORRELATED	EAE9BC99-4D02-4BA5-ACFA-85EB452119F2	MB::LookTargetingComponentReplicatedState	2443	COMMUNITY_REPORTED		CATALOG_NO_GETTER	2	0x146592B3A->0x146162150;0x146592B42->0x14680D9E0
0x1465930E6	0x1465930A0	0x14659312D	0x1468073E0	PROVIDER_UUID_CORRELATED	6E16C88F-96FD-4C96-850E-21E1F65A6824	Javelin::ClientMessages::DamageReceiverComponentClientFacet_DisplayImmuneText	1924	COMMUNITY_REPORTED		CATALOG_NO_GETTER	2	0x1465930AA->0x146162150;0x1465930B2->0x1468073E0
0x146593236	0x1465931F0	0x14659327D	0x14680F7E0	PROVIDER_UUID_CORRELATED	7A03202E-BCFC-45D6-B859-83011422923A	Javelin::ClientMessages::PaperdollComponentClientFacet_PlayItemSoundFromRoot	3904	COMMUNITY_REPORTED		CATALOG_NO_GETTER	2	0x1465931FA->0x146162150;0x146593202->0x14680F7E0
0x146593876	0x146593830	0x1465938BD	0x14680BFE0	PROVIDER_UUID_CORRELATED	25E52621-377F-4249-B148-B72D3E79A28B	Javelin::ClientMessages::LocalPlayerDebugComponentServerFacet_SetDebugAccountProbationOverrideState	4774	COMMUNITY_REPORTED		CATALOG_NO_GETTER	2	0x14659383A->0x146162150;0x146593842->0x14680BFE0
0x1465939E6	0x1465939A0	0x146593A2D	0x14681C5E0	PROVIDER_UUID_CORRELATED	89630024-FFC6-4DE1-8435-D6EF2145749F	Javelin::ClientMessages::PlayerComponentServerFacet_SyncPlayerTypeFromClient	3609	COMMUNITY_REPORTED		CATALOG_NO_GETTER	2	0x1465939AA->0x146162150;0x1465939B2->0x14681C5E0
0x146593BD6	0x146593B90	0x146593C1D	0x1468161E0	PROVIDER_UUID_CORRELATED	BDDDA784-A6E7-416B-A041-449920D90FB6	MB::PlayerComponentReplicatedState	3935	COMMUNITY_REPORTED		CATALOG_NO_GETTER	2	0x146593B9A->0x146162150;0x146593BA2->0x1468161E0
0x146594226	0x1465941E0	0x14659426D	0x146807BE0	PROVIDER_UUID_CORRELATED	3A8C3D70-8DB6-435E-85BB-87A5F39E1C34	Javelin::ClientMessages::DamageReceiverComponentServerFacet_DebugHandleDamage	20	COMMUNITY_REPORTED		CATALOG_NO_GETTER	2	0x1465941EA->0x146162150;0x1465941F2->0x146807BE0
0x1465944F6	0x1465944B0	0x14659453D	0x14680F5E0	PROVIDER_UUID_CORRELATED	5C40A053-F92B-446F-AAFA-6F9C819DF06E	Javelin::ClientMessages::PaperdollComponentClientFacet_OnEquipItemFail	3626	COMMUNITY_REPORTED		CATALOG_NO_GETTER	2	0x1465944BA->0x146162150;0x1465944C2->0x14680F5E0
0x1465948C6	0x146594880	0x14659490D	0x14680B7E0	PROVIDER_UUID_CORRELATED	9DFEC3D7-38F6-4F98-8DF2-C8F7B7F99A7F	Javelin::ClientMessages::LocalPlayerDebugComponentServerFacet_HideMe	2064	COMMUNITY_REPORTED		CATALOG_NO_GETTER	2	0x14659488A->0x146162150;0x146594892->0x14680B7E0
0x146594A36	0x1465949F0	0x146594A7D	0x14681A7E0	PROVIDER_UUID_CORRELATED	797EAC92-B83F-44A4-83D6-439BAA69A2B9	Javelin::ClientMessages::PlayerComponentServerFacet_RequestRandomRespawn	373	COMMUNITY_REPORTED		CATALOG_NO_GETTER	2	0x1465949FA->0x146162150;0x146594A02->0x14681A7E0
0x1465955C6	0x146595580	0x14659560D	0x14681CBE0	PROVIDER_UUID_CORRELATED	45D5493C-DB9A-4D07-859F-B74C9907BB46	Javelin::ClientMessages::PlayerDataBroadcastComponentServerFacet_OnWarboardEnabled	3206	COMMUNITY_REPORTED		CATALOG_NO_GETTER	2	0x14659558A->0x146162150;0x146595592->0x14681CBE0
0x1465956B6	0x146595670	0x1465956FD	0x14680F3E0	PROVIDER_UUID_CORRELATED	3EB23CF6-74E0-4AC1-BECA-FD70AAC9443A	Javelin::ClientMessages::PaperdollComponentClientFacet_HandleThrowableWarningExpire	5323	COMMUNITY_REPORTED		CATALOG_NO_GETTER	2	0x14659567A->0x146162150;0x146595682->0x14680F3E0
0x1465960F6	0x1465960B0	0x14659613D	0x14680A5E0	PROVIDER_UUID_CORRELATED	348D014D-E235-44C1-ADD4-08BB24927031	Javelin::ClientMessages::LocalPlayerDebugComponentClientFacet_SetLootResults	1082	COMMUNITY_REPORTED		CATALOG_NO_GETTER	2	0x1465960BA->0x146162150;0x1465960C2->0x14680A5E0
0x1465964C6	0x146596480	0x14659650D	0x146816BE0	PROVIDER_UUID_CORRELATED	B0D1D74F-30F4-46B8-ADF0-AE7F6D900CED	Javelin::ClientMessages::PlayerComponentServerFacet_DebugForceTokenRefresh	6557	COMMUNITY_REPORTED		CATALOG_NO_GETTER	2	0x14659648A->0x146162150;0x146596492->0x146816BE0
0x1465973C6	0x146597380	0x14659740D	0x14681C9E0	PROVIDER_UUID_CORRELATED	B9881C54-0104-4696-BD3B-653694E166BE	Javelin::ClientMessages::PlayerDataBroadcastComponentServerFacet_OnUpdateWarboardManifestReceived	5953	COMMUNITY_REPORTED		CATALOG_NO_GETTER	2	0x14659738A->0x146162150;0x146597392->0x14681C9E0
0x146597A26	0x1465979E0	0x146597A6D	0x14680A1E0	PROVIDER_UUID_CORRELATED	73F622F5-2AA1-4575-941A-ABBC552B58E8	Javelin::ClientMessages::LocalPlayerDebugComponentClientFacet_AddDebugPerkRollData	5353	COMMUNITY_REPORTED		CATALOG_NO_GETTER	2	0x1465979EA->0x146162150;0x1465979F2->0x14680A1E0
0x146597AE6	0x146597AA0	0x146597B2D	0x146816DE0	PROVIDER_UUID_CORRELATED	5B0C96DC-927B-4238-9600-F8EE73A2D8B6	Javelin::ClientMessages::PlayerComponentServerFacet_DebugForceTokenRevoke	6792	COMMUNITY_REPORTED		CATALOG_NO_GETTER	2	0x146597AAA->0x146162150;0x146597AB2->0x146816DE0
0x1465985B6	0x146598570	0x1465985FD	0x14681D9E0	PROVIDER_UUID_CORRELATED	058AD715-52F1-4DEE-8E9E-059319B6EDD3	MB::ReactionTrackingReplicatedState	1927	COMMUNITY_REPORTED		CATALOG_NO_GETTER	2	0x14659857A->0x146162150;0x146598582->0x14681D9E0
0x146598CB6	0x146598C70	0x146598CFD	0x14680AFE0	PROVIDER_UUID_CORRELATED	AB04CE63-8CD8-4F24-BBF0-2FE5D528AAA4	Javelin::ClientMessages::LocalPlayerDebugComponentClientFacet_UpdateHideState	3949	COMMUNITY_REPORTED		CATALOG_NO_GETTER	2	0x146598C7A->0x146162150;0x146598C82->0x14680AFE0
0x146598E36	0x146598DF0	0x146598E7D	0x14681ABE0	PROVIDER_UUID_CORRELATED	D841D0BF-C970-4FD4-98AB-E48CCB4FC949	Javelin::ClientMessages::PlayerComponentServerFacet_RequestServerReport	3968	COMMUNITY_REPORTED		CATALOG_NO_GETTER	2	0x146598DFA->0x146162150;0x146598E02->0x14681ABE0
0x146599F06	0x146599EC0	0x146599F4D	0x14680A9E0	PROVIDER_UUID_CORRELATED	981BD805-E420-4444-B4C5-12ABF21F2591	Javelin::ClientMessages::LocalPlayerDebugComponentClientFacet_SyncToggleLootResults	5671	COMMUNITY_REPORTED		CATALOG_NO_GETTER	2	0x146599ECA->0x146162150;0x146599ED2->0x14680A9E0
0x14659A296	0x14659A250	0x14659A2DD	0x14681B5E0	PROVIDER_UUID_CORRELATED	786AE543-1764-4FE9-8124-D43C8F2C87B3	Javelin::ClientMessages::PlayerComponentServerFacet_RequestSetIsLookingThroughLoadout	3970	COMMUNITY_REPORTED		CATALOG_NO_GETTER	2	0x14659A25A->0x146162150;0x14659A262->0x14681B5E0
0x14659AE66	0x14659AE20	0x14659AEAD	0x14681DBE0	PROVIDER_UUID_CORRELATED	C0CAF0C8-EA8D-4846-9AED-C7F1E6FB0BB3	Javelin::SpellCastDetails	2655	COMMUNITY_REPORTED		CATALOG_NO_GETTER	2	0x14659AE2A->0x146162150;0x14659AE32->0x14681DBE0
0x14659B346	0x14659B300	0x14659B38D	0x14680ABE0	PROVIDER_UUID_CORRELATED	200603E3-4CA3-4E21-91DA-A05D072B7D58	Javelin::ClientMessages::LocalPlayerDebugComponentClientFacet_SyncTogglePerkResults	5669	COMMUNITY_REPORTED		CATALOG_NO_GETTER	2	0x14659B30A->0x146162150;0x14659B312->0x14680ABE0
0x14659B4E6	0x14659B4A0	0x14659B52D	0x14681B3E0	PROVIDER_UUID_CORRELATED	6F0586F5-9492-4B63-89CF-7179F3A5EE95	Javelin::ClientMessages::PlayerComponentServerFacet_RequestSetIsInStore	4908	COMMUNITY_REPORTED		CATALOG_NO_GETTER	2	0x14659B4AA->0x146162150;0x14659B4B2->0x14681B3E0
0x14659C6B6	0x14659C670	0x14659C6FD	0x14681EFE0	PROVIDER_UUID_CORRELATED	06C74F2B-22F3-4488-9009-F784B64D9F04	Javelin::StuckToEntityInstantiatonParams	6853	COMMUNITY_REPORTED		CATALOG_NO_GETTER	2	0x14659C67A->0x146162150;0x14659C682->0x14681EFE0
0x14659C746	0x14659C700	0x14659C78D	0x14680A7E0	PROVIDER_UUID_CORRELATED	DEE609E6-A2C8-4D8B-9F43-6566FC46283C	Javelin::ClientMessages::LocalPlayerDebugComponentClientFacet_SyncDebugForceLootBiasing	6115	COMMUNITY_REPORTED		CATALOG_NO_GETTER	2	0x14659C70A->0x146162150;0x14659C712->0x14680A7E0
0x14659C806	0x14659C7C0	0x14659C84D	0x14681AFE0	PROVIDER_UUID_CORRELATED	E540040E-047E-452C-8BDD-30C2FD399781	Javelin::ClientMessages::PlayerComponentServerFacet_RequestSetIsChangingMount	6066	COMMUNITY_REPORTED		CATALOG_NO_GETTER	2	0x14659C7CA->0x146162150;0x14659C7D2->0x14681AFE0
0x14659D8D6	0x14659D890	0x14659D91D	0x1468139E0	PROVIDER_UUID_CORRELATED	6C597946-2506-4385-8FB4-882FB6A98D5D	MB::PlayerAppearanceComponentReplicatedState	1195	COMMUNITY_REPORTED		CATALOG_NO_GETTER	2	0x14659D89A->0x146162150;0x14659D8A2->0x1468139E0
0x14659D996	0x14659D950	0x14659D9DD	0x14680ADE0	PROVIDER_UUID_CORRELATED	90BC71BE-382F-4D3B-9098-760B5E4F5BFC	Javelin::ClientMessages::LocalPlayerDebugComponentClientFacet_UpdateClientNetTrackDebugInfo	5805	COMMUNITY_REPORTED		CATALOG_NO_GETTER	2	0x14659D95A->0x146162150;0x14659D962->0x14680ADE0
0x14659DBB6	0x14659DB70	0x14659DBFD	0x14681B9E0	PROVIDER_UUID_CORRELATED	172EB24D-B26D-4E05-BF62-3822BF2CCD31	Javelin::ClientMessages::PlayerComponentServerFacet_RequestSetIsTransmogStationScreenOpen	6463	COMMUNITY_REPORTED		CATALOG_NO_GETTER	2	0x14659DB7A->0x146162150;0x14659DB82->0x14681B9E0
0x14659DC56	0x14659DC10	0x14659DC9D	0x14681DDE0	PROVIDER_UUID_CORRELATED	E4CDF42E-FDB9-4603-90EB-66898EF51B9C	Javelin::ClientMessages::SpellComponentClientFacet_ClientSpawnSiphon	2909	COMMUNITY_REPORTED		CATALOG_NO_GETTER	2	0x14659DC1A->0x146162150;0x14659DC22->0x14681DDE0
0x14659DFB6	0x14659DF70	0x14659DFFD	0x1468069E0	PROVIDER_UUID_CORRELATED	6D45EB20-95FE-4420-96C5-3F9367A3FC5C	MB::CooldownTimersComponentReplicatedState	2932	COMMUNITY_REPORTED		CATALOG_NO_GETTER	2	0x14659DF7A->0x146162150;0x14659DF82->0x1468069E0
0x14659E076	0x14659E030	0x14659E0BD	0x14681E5E0	PROVIDER_UUID_CORRELATED	4A6A34E3-FE18-4746-972D-D48DCE3DB1E3	MB::StaminaComponentReplicatedState	4297	COMMUNITY_REPORTED		CATALOG_NO_GETTER	2	0x14659E03A->0x146162150;0x14659E042->0x14681E5E0
0x14659EC16	0x14659EBD0	0x14659EC5D	0x14680CBE0	PROVIDER_UUID_CORRELATED	28E8B2EC-0505-473D-AAF1-66AA26376A15	Javelin::ClientMessages::LocalPlayerDebugComponentServerFacet_SpawnSlice	6356	COMMUNITY_REPORTED		CATALOG_NO_GETTER	2	0x14659EBDA->0x146162150;0x14659EBE2->0x14680CBE0
0x14659EDF6	0x14659EDB0	0x14659EE3D	0x14681B7E0	PROVIDER_UUID_CORRELATED	61B2FACA-DECD-4D94-9D36-3779FA83F4DC	Javelin::ClientMessages::PlayerComponentServerFacet_RequestSetIsTransmogScreenOpen	6105	COMMUNITY_REPORTED		CATALOG_NO_GETTER	2	0x14659EDBA->0x146162150;0x14659EDC2->0x14681B7E0
0x14659EFB6	0x14659EF70	0x14659EFFD	0x14681DFE0	PROVIDER_UUID_CORRELATED	EE9B9004-F748-4D21-A996-548A6236D28E	Javelin::ClientMessages::SpellComponentClientFacet_ClientTriggerEventDataOnAttachedEntityLost	5064	COMMUNITY_REPORTED		CATALOG_NO_GETTER	2	0x14659EF7A->0x146162150;0x14659EF82->0x14681DFE0
0x1465A01A6	0x1465A0160	0x1465A01ED	0x1468089E0	PROVIDER_UUID_CORRELATED	C17BC1B3-AB97-402D-98DF-86C2A260D09E	MB::GritReplicatedState	17	COMMUNITY_REPORTED		CATALOG_NO_GETTER	2	0x1465A016A->0x146162150;0x1465A0172->0x1468089E0
0x1465A0236	0x1465A01F0	0x1465A027D	0x14680A3E0	PROVIDER_UUID_CORRELATED	3C4C046E-76D9-406D-A2CE-02AA75D8923C	Javelin::ClientMessages::LocalPlayerDebugComponentClientFacet_DebugMessageBox	5840	COMMUNITY_REPORTED		CATALOG_NO_GETTER	2	0x1465A01FA->0x146162150;0x1465A0202->0x14680A3E0
0x1465A03A6	0x1465A0360	0x1465A03ED	0x14681B1E0	PROVIDER_UUID_CORRELATED	D32955B8-3DAE-4915-8BDB-1AA0D591C679	Javelin::ClientMessages::PlayerComponentServerFacet_RequestSetIsInMountAttachmentMode	6392	COMMUNITY_REPORTED		CATALOG_NO_GETTER	2	0x1465A036A->0x146162150;0x1465A0372->0x14681B1E0
0x1465A1896	0x1465A1850	0x1465A18DD	0x14681ADE0	PROVIDER_UUID_CORRELATED	A4D20874-D708-46B4-AA10-F124FDD6DF68	Javelin::ClientMessages::PlayerComponentServerFacet_RequestSetIsArmorDyeingOpen	6486	COMMUNITY_REPORTED		CATALOG_NO_GETTER	2	0x1465A185A->0x146162150;0x1465A1862->0x14681ADE0
0x1465A2006	0x1465A1FC0	0x1465A204D	0x146807DE0	PROVIDER_UUID_CORRELATED	75C4EF98-6699-40F5-A764-DF416889D7A8	Javelin::ClientMessages::GritComponentClientFacet_ClientForceSyncServerState	4110	COMMUNITY_REPORTED		CATALOG_NO_GETTER	2	0x1465A1FCA->0x146162150;0x1465A1FD2->0x146807DE0
0x1465A28D6	0x1465A2890	0x1465A291D	0x1468169E0	PROVIDER_UUID_CORRELATED	DD4B43D2-9B39-49DB-B8AB-B39C0AE9D549	Javelin::ClientMessages::PlayerComponentServerFacet_DebugFillAllInventories	1051	COMMUNITY_REPORTED		CATALOG_NO_GETTER	2	0x1465A289A->0x146162150;0x1465A28A2->0x1468169E0
0x1465A30B6	0x1465A3070	0x1465A30FD	0x146807FE0	PROVIDER_UUID_CORRELATED	7F195E44-88CB-447B-8497-759C7A861712	Javelin::ClientMessages::GritComponentClientFacet_ClientForceSyncServerStateRemote	1751	COMMUNITY_REPORTED		CATALOG_NO_GETTER	2	0x1465A307A->0x146162150;0x1465A3082->0x146807FE0
0x1465A3B96	0x1465A3B50	0x1465A3BDD	0x146808DE0	PROVIDER_UUID_CORRELATED	408C06BB-7DFE-4338-A06E-4728A181BE10	Javelin::ClientMessages::HomingComponentClientFacet_SetHomingOverrideTarget	1790	COMMUNITY_REPORTED		CATALOG_NO_GETTER	2	0x1465A3B5A->0x146162150;0x1465A3B62->0x146808DE0
0x1465A4126	0x1465A40E0	0x1465A416D	0x1468163E0	PROVIDER_UUID_CORRELATED	AB4DEFD2-444B-4C1F-9A86-58E6ABB4F650	Javelin::ClientMessages::PlayerComponentServerFacet_ChangePlayerBackstory	3971	COMMUNITY_REPORTED		CATALOG_NO_GETTER	2	0x1465A40EA->0x146162150;0x1465A40F2->0x1468163E0
0x1465A4AA6	0x1465A4A60	0x1465A4AED	0x1468081E0	PROVIDER_UUID_CORRELATED	72197F5C-B224-4F02-B031-549C8DDC5E6D	Javelin::ClientMessages::GritComponentClientFacet_ClientSyncServerState	440	COMMUNITY_REPORTED		CATALOG_NO_GETTER	2	0x1465A4A6A->0x146162150;0x1465A4A72->0x1468081E0
0x1465A4C86	0x1465A4C40	0x1465A4CCD	0x1468225E0	PROVIDER_UUID_CORRELATED	6C64694D-E3B9-46F7-BE42-E66D8B307E02	Javelin::ClientMessages::VitalsComponentServerFacet_OnRequestRevive	3823	COMMUNITY_REPORTED		CATALOG_NO_GETTER	2	0x1465A4C4A->0x146162150;0x1465A4C52->0x1468225E0
0x1465A51B6	0x1465A5170	0x1465A51FD	0x14681C1E0	PROVIDER_UUID_CORRELATED	EC0FC761-46E9-435F-90BD-EFF8B93BEB92	Javelin::ClientMessages::PlayerComponentServerFacet_ReturnToMainWorld	502	COMMUNITY_REPORTED		CATALOG_NO_GETTER	2	0x1465A517A->0x146162150;0x1465A5182->0x14681C1E0
0x1465A5386	0x1465A5340	0x1465A53CD	0x1468079E0	PROVIDER_UUID_CORRELATED	F98E278D-6B34-4DEB-B0D7-3B6786988D65	MB::DamageReceiverComponentReplicatedState	1528	COMMUNITY_REPORTED		CATALOG_NO_GETTER	2	0x1465A534A->0x146162150;0x1465A5352->0x1468079E0
0x1465A5696	0x1465A5650	0x1465A56DD	0x1468085E0	PROVIDER_UUID_CORRELATED	6CD97BFE-B4FB-4C67-8CFA-16A9803329F7	Javelin::ClientMessages::GritComponentServerFacet_ForceServerSyncRequestedFromClient	4282	COMMUNITY_REPORTED		CATALOG_NO_GETTER	2	0x1465A565A->0x146162150;0x1465A5662->0x1468085E0
0x1465A5E96	0x1465A5E50	0x1465A5EDD	0x1468207E0	PROVIDER_UUID_CORRELATED	290F24AB-B20B-4A75-A961-FF765E67A03D	Javelin::ClientMessages::VitalsComponentClientFacet_OnDamage	3601	COMMUNITY_REPORTED		CATALOG_NO_GETTER	2	0x1465A5E5A->0x146162150;0x1465A5E62->0x1468207E0
0x1465A6C16	0x1465A6BD0	0x1465A6C5D	0x146819DE0	PROVIDER_UUID_CORRELATED	93131D71-AC39-45D1-8BCC-C73E4968013D	Javelin::ClientMessages::PlayerComponentServerFacet_OnSetBandwidthModeRequest	1094	COMMUNITY_REPORTED		CATALOG_NO_GETTER	2	0x1465A6BDA->0x146162150;0x1465A6BE2->0x146819DE0
0x1465A7146	0x1465A7100	0x1465A718D	0x1468083E0	PROVIDER_UUID_CORRELATED	07FCBF25-29B5-462E-8412-7BF2C1FAE39C	Javelin::ClientMessages::GritComponentServerFacet_EnableReplication	302	COMMUNITY_REPORTED		CATALOG_NO_GETTER	2	0x1465A710A->0x146162150;0x1465A7112->0x1468083E0
0x1465A79D6	0x1465A7990	0x1465A7A1D	0x1468205E0	PROVIDER_UUID_CORRELATED	20674338-6B3F-4A9E-99CF-9F52522EE0A1	Javelin::ClientMessages::VitalsComponentClientFacet_NotifyDamageNumberBusOnTrueDamageReceived	5269	COMMUNITY_REPORTED		CATALOG_NO_GETTER	2	0x1465A799A->0x146162150;0x1465A79A2->0x1468205E0
0x1465A8176	0x1465A8130	0x1465A81BD	0x146813FE0	PROVIDER_UUID_CORRELATED	84EBE69B-691C-4EA4-8610-B101D41E1F95	Javelin::ClientMessages::PlayerComponentClientFacet_DarknessAdjustmentNotification	937	COMMUNITY_REPORTED		CATALOG_NO_GETTER	2	0x1465A813A->0x146162150;0x1465A8142->0x146813FE0
0x1465A88B6	0x1465A8870	0x1465A88FD	0x1468087E0	PROVIDER_UUID_CORRELATED	8C1F6169-FB41-4DBE-B9CF-B450E9763F1F	Javelin::ClientMessages::GritComponentServerFacet_ReceiveImGuiCompDataChangeFromClient	1495	COMMUNITY_REPORTED		CATALOG_NO_GETTER	2	0x1465A887A->0x146162150;0x1465A8882->0x1468087E0
0x1465A8DD6	0x1465A8D90	0x1465A8E1D	0x146820BE0	PROVIDER_UUID_CORRELATED	6F1EB843-106A-427A-A09E-61BC50DD82F2	Javelin::ClientMessages::VitalsComponentClientFacet_OnHealedPlayer	4298	COMMUNITY_REPORTED		CATALOG_NO_GETTER	2	0x1465A8D9A->0x146162150;0x1465A8DA2->0x146820BE0
0x1465A9826	0x1465A97E0	0x1465A986D	0x14681C7E0	PROVIDER_UUID_CORRELATED	D1ABB602-D7C3-4619-9892-F8888F1E2D31	Javelin::ClientMessages::PlayerComponentServerFacet_TriggerAreaEntityPassthrough	560	COMMUNITY_REPORTED		CATALOG_NO_GETTER	2	0x1465A97EA->0x146162150;0x1465A97F2->0x14681C7E0
0x1465A9F36	0x1465A9EF0	0x1465A9F7D	0x14681FDE0	PROVIDER_UUID_CORRELATED	CC197172-94CE-453A-9844-1A2612D0E501	Javelin::ClientMessages::VitalsComponentClientFacet_ClientSyncDeathRecap	4299	COMMUNITY_REPORTED		CATALOG_NO_GETTER	2	0x1465A9EFA->0x146162150;0x1465A9F02->0x14681FDE0
0x1465AA076	0x1465AA030	0x1465AA0BD	0x1468093E0	PROVIDER_UUID_CORRELATED	699C4E94-606A-4422-B980-2ABA229C431A	Javelin::ISpellsRemoteListener	2082	COMMUNITY_REPORTED		CATALOG_NO_GETTER	2	0x1465AA03A->0x146162150;0x1465AA042->0x1468093E0
0x1465AA746	0x1465AA700	0x1465AA78D	0x14681BBE0	PROVIDER_UUID_CORRELATED	0E9FB97C-9EDF-40D7-A44C-122BC62CCD45	Javelin::ClientMessages::PlayerComponentServerFacet_RequestSwitchPVPActiveToThisCharacter	5526	COMMUNITY_REPORTED		CATALOG_NO_GETTER	2	0x1465AA70A->0x146162150;0x1465AA712->0x14681BBE0
0x1465AB8C6	0x1465AB880	0x1465AB90D	0x14681FFE0	PROVIDER_UUID_CORRELATED	D5303184-4E68-4210-BE7F-D32A3B418130	Javelin::ClientMessages::VitalsComponentClientFacet_ClientSyncDeathRecapForAllGameModeParticipants	4977	COMMUNITY_REPORTED		CATALOG_NO_GETTER	2	0x1465AB88A->0x146162150;0x1465AB892->0x14681FFE0
0x1465ABD66	0x1465ABD20	0x1465ABDAD	0x1468183E0	PROVIDER_UUID_CORRELATED	EF6C6F50-C4D1-4101-8AC5-CB906985B87F	Javelin::ClientMessages::PlayerComponentServerFacet_DebugResetPVPActiveTimer	5525	COMMUNITY_REPORTED		CATALOG_NO_GETTER	2	0x1465ABD2A->0x146162150;0x1465ABD32->0x1468183E0
0x1465ABF96	0x1465ABF50	0x1465ABFDD	0x146808FE0	PROVIDER_UUID_CORRELATED	93A9A50F-BA6C-4BD6-A6F9-AB680D10B5B7	Javelin::IDamageReceiverRemoteListener	3030	COMMUNITY_REPORTED		CATALOG_NO_GETTER	2	0x1465ABF5A->0x146162150;0x1465ABF62->0x146808FE0
0x1465AC446	0x1465AC400	0x1465AC48D	0x14681F1E0	PROVIDER_UUID_CORRELATED	2C38A552-AE82-419C-98D1-8FF44BAAA45C	Javelin::ClientMessages::UnstuckComponentClientFacet_OnUnstuckRequestAccepted	3980	COMMUNITY_REPORTED		CATALOG_NO_GETTER	2	0x1465AC40A->0x146162150;0x1465AC412->0x14681F1E0
0x1465AC5D6	0x1465AC590	0x1465AC61D	0x1468209E0	PROVIDER_UUID_CORRELATED	3AC945AB-E8F0-4456-BFFD-8597EC6FA9D8	Javelin::ClientMessages::VitalsComponentClientFacet_OnEnteredDeathsDoorInSiegeWarfare	2643	COMMUNITY_REPORTED		CATALOG_NO_GETTER	2	0x1465AC59A->0x146162150;0x1465AC5A2->0x1468209E0
0x1465AC686	0x1465AC640	0x1465AC6CD	0x1442F7960	PROVIDER_UUID_CORRELATED	6E7D37ED-F0A9-42F9-BAD9-DAE000EBD9DF	Javelin::IPlayerListener	3932	COMMUNITY_REPORTED		CATALOG_NO_GETTER	2	0x1465AC64A->0x146162150;0x1465AC652->0x1442F7960
0x1465ACA26	0x1465AC9E0	0x1465ACA6D	0x1468171E0	PROVIDER_UUID_CORRELATED	2B37CDF3-B1AA-4BBA-9B14-C54CD6B0D072	Javelin::ClientMessages::PlayerComponentServerFacet_DebugMakePVPInactive	5530	COMMUNITY_REPORTED		CATALOG_NO_GETTER	2	0x1465AC9EA->0x146162150;0x1465AC9F2->0x1468171E0
0x1465AD1A6	0x1465AD160	0x1465AD1ED	0x14681E1E0	PROVIDER_UUID_CORRELATED	601F05A6-4BAC-4300-B926-2840A5F2EF95	MB::SpellComponentReplicatedState	2912	COMMUNITY_REPORTED		CATALOG_NO_GETTER	2	0x1465AD16A->0x146162150;0x1465AD172->0x14681E1E0
0x1465AD646	0x1465AD600	0x1465AD68D	0x14681F3E0	PROVIDER_UUID_CORRELATED	D0D228D6-C8D2-469C-B9DD-B27F28E037C9	Javelin::ClientMessages::UnstuckComponentClientFacet_OnUnstuckRequestDenied	2774	COMMUNITY_REPORTED		CATALOG_NO_GETTER	2	0x1465AD60A->0x146162150;0x1465AD612->0x14681F3E0
0x1465AD9B6	0x1465AD970	0x1465AD9FD	0x1468229E0	PROVIDER_UUID_CORRELATED	CAEE28BB-E6A5-44DC-A9B1-63C9134AF9CE	Javelin::ClientMessages::VitalsComponentServerFacet_RequestDamageSelf	1085	COMMUNITY_REPORTED		CATALOG_NO_GETTER	2	0x1465AD97A->0x146162150;0x1465AD982->0x1468229E0
0x1465ADE56	0x1465ADE10	0x1465ADE9D	0x146816FE0	PROVIDER_UUID_CORRELATED	E9B0DFAF-2598-4205-94B1-AB43D2031D8B	Javelin::ClientMessages::PlayerComponentServerFacet_DebugForceUpdateDailyWarCount	5556	COMMUNITY_REPORTED		CATALOG_NO_GETTER	2	0x1465ADE1A->0x146162150;0x1465ADE22->0x146816FE0
0x1465AE2D6	0x1465AE290	0x1465AE31D	0x14681F7E0	PROVIDER_UUID_CORRELATED	891126D8-5011-4C02-825E-9DC11033C937	Javelin::ClientMessages::UnstuckComponentClientFacet_OnUnstuckTeleportComplete	2190	COMMUNITY_REPORTED		CATALOG_NO_GETTER	2	0x1465AE29A->0x146162150;0x1465AE2A2->0x14681F7E0
0x1465AE746	0x1465AE700	0x1465AE78D	0x146822BE0	PROVIDER_UUID_CORRELATED	F21E5046-07D2-4151-A3F8-61CE15C9A68D	Javelin::ClientMessages::VitalsComponentServerFacet_RequestDoAfflictionDamage	1377	COMMUNITY_REPORTED		CATALOG_NO_GETTER	2	0x1465AE70A->0x146162150;0x1465AE712->0x146822BE0
0x1465AED26	0x1465AECE0	0x1465AED6D	0x14680EBE0	PROVIDER_UUID_CORRELATED	FA6D78FE-AB68-4B6A-8F12-2FAE99E1A75B	Javelin::ClientMessages::MomentaryOffenseComponentClientFacet_OnDamageDealt	3031	COMMUNITY_REPORTED		CATALOG_NO_GETTER	2	0x1465AECEA->0x146162150;0x1465AECF2->0x14680EBE0
0x1465AEE66	0x1465AEE20	0x1465AEEAD	0x146818FE0	PROVIDER_UUID_CORRELATED	9AD0F0BF-F3FA-424C-8369-062B34D1CB7D	Javelin::ClientMessages::PlayerComponentServerFacet_DebugSpawnGhostClient	3975	COMMUNITY_REPORTED		CATALOG_NO_GETTER	2	0x1465AEE2A->0x146162150;0x1465AEE32->0x146818FE0
0x1465AF5C6	0x1465AF580	0x1465AF60D	0x14681F5E0	PROVIDER_UUID_CORRELATED	5C992139-5254-45E9-B6D5-BDF9D7389B32	Javelin::ClientMessages::UnstuckComponentClientFacet_OnUnstuckTeleportCancelled	3981	COMMUNITY_REPORTED		CATALOG_NO_GETTER	2	0x1465AF58A->0x146162150;0x1465AF592->0x14681F5E0
0x1465AFA66	0x1465AFA20	0x1465AFAAD	0x1468231E0	PROVIDER_UUID_CORRELATED	6343F0B7-0DF8-40C4-894D-9493E502DFB6	Javelin::ClientMessages::VitalsComponentServerFacet_RequestSetCurrentHealth	6277	COMMUNITY_REPORTED		CATALOG_NO_GETTER	2	0x1465AFA2A->0x146162150;0x1465AFA32->0x1468231E0
0x1465B0936	0x1465B08F0	0x1465B097D	0x1468167E0	PROVIDER_UUID_CORRELATED	FF5AD185-B67D-47DB-84EC-8D97874D0711	Javelin::ClientMessages::PlayerComponentServerFacet_DebugDespawnGhostClient	447	COMMUNITY_REPORTED		CATALOG_NO_GETTER	2	0x1465B08FA->0x146162150;0x1465B0902->0x1468167E0
0x1465B1AD6	0x1465B1A90	0x1465B1B1D	0x14681F9E0	PROVIDER_UUID_CORRELATED	DBB6F70F-ACB3-4AA0-9D87-7BB022E7C7BC	Javelin::ClientMessages::UnstuckComponentClientFacet_SyncBreadcrumbs	1201	COMMUNITY_REPORTED		CATALOG_NO_GETTER	2	0x1465B1A9A->0x146162150;0x1465B1AA2->0x14681F9E0
0x1465B1D36	0x1465B1CF0	0x1465B1D7D	0x1468237E0	PROVIDER_UUID_CORRELATED	9235935C-DCB0-4ADF-9CA4-8785F5B5A2A0	Javelin::ClientMessages::VitalsComponentServerFacet_RequestSetStatValue	2103	COMMUNITY_REPORTED		CATALOG_NO_GETTER	2	0x1465B1CFA->0x146162150;0x1465B1D02->0x1468237E0
0x1465B2706	0x1465B26C0	0x1465B274D	0x1468173E0	PROVIDER_UUID_CORRELATED	C3C4D706-C193-4D5E-A140-4245712EA2F0	Javelin::ClientMessages::PlayerComponentServerFacet_DebugOrphanGhostClient	1939	COMMUNITY_REPORTED		CATALOG_NO_GETTER	2	0x1465B26CA->0x146162150;0x1465B26D2->0x1468173E0
0x1465B27A6	0x1465B2760	0x1465B27ED	0x146820FE0	PROVIDER_UUID_CORRELATED	0E721C70-2CDB-4E85-BAE4-D545FDC6D25B	MB::VitalsComponentReplicatedState	15	COMMUNITY_REPORTED		CATALOG_NO_GETTER	2	0x1465B276A->0x146162150;0x1465B2772->0x146820FE0
0x1465B2E46	0x1465B2E00	0x1465B2E8D	0x14681FBE0	PROVIDER_UUID_CORRELATED	C57D7A94-C417-48DD-9914-11B32FCC5975	Javelin::ClientMessages::UnstuckComponentServerFacet_OnClientRequestUnstuck	388	COMMUNITY_REPORTED		CATALOG_NO_GETTER	2	0x1465B2E0A->0x146162150;0x1465B2E12->0x14681FBE0
0x1465B3026	0x1465B2FE0	0x1465B306D	0x1468235E0	PROVIDER_UUID_CORRELATED	3F3EFC30-0C94-4CE8-9324-FD3A5BAFDFF7		4301	COMMUNITY_REPORTED		CATALOG_NO_GETTER	2	0x1465B2FEA->0x146162150;0x1465B2FF2->0x1468235E0
0x1465B34D6	0x1465B3490	0x1465B351D	0x144025050	PROVIDER_UUID_CORRELATED	E2D604A3-B8DD-4046-B8C9-BA88FCD79C3D	Javelin::IMagicComponentRemoteListener	1561	COMMUNITY_REPORTED		CATALOG_NO_GETTER	2	0x1465B349A->0x146162150;0x1465B34A2->0x144025050
0x1465B3696	0x1465B3650	0x1465B36DD	0x1468185E0	PROVIDER_UUID_CORRELATED	2C64D140-FB85-4C3A-BCB0-5BFA09186FBA	Javelin::ClientMessages::PlayerComponentServerFacet_DebugSendLevelInfo	3616	COMMUNITY_REPORTED		CATALOG_NO_GETTER	2	0x1465B365A->0x146162150;0x1465B3662->0x1468185E0
0x1465B3B96	0x1465B3B50	0x1465B3BDD	0x146809BE0	PROVIDER_UUID_CORRELATED	EBE3D337-F652-46F8-9A7C-432AC4CA44B8	Javelin::ClientMessages::ItemDropComponentServerFacet_DropInventoryItems	1838	COMMUNITY_REPORTED		CATALOG_NO_GETTER	2	0x1465B3B5A->0x146162150;0x1465B3B62->0x146809BE0
0x1465B3C56	0x1465B3C10	0x1465B3C9D	0x1468035E0	PROVIDER_UUID_CORRELATED	9BAF48AB-398E-460A-9321-71B8745ADFC4	Javelin::ClientMessages::AbilityComponentServerFacet_RequestApplyAbilityPoints	2857	COMMUNITY_REPORTED		CATALOG_NO_GETTER	2	0x1465B3C1A->0x146162150;0x1465B3C22->0x1468035E0
0x1465B45A6	0x1465B4560	0x1465B45ED	0x146822DE0	PROVIDER_UUID_CORRELATED	61CDEFBA-8662-477D-8C72-E933AE312C7F	Javelin::ClientMessages::VitalsComponentServerFacet_RequestResetDeathsDoorDelay	3450	COMMUNITY_REPORTED		CATALOG_NO_GETTER	2	0x1465B456A->0x146162150;0x1465B4572->0x146822DE0
0x1465B5236	0x1465B51F0	0x1465B527D	0x1468175E0	PROVIDER_UUID_CORRELATED	061A1C2E-5746-4BF9-B17A-DB89FF0BF8B9	Javelin::ClientMessages::PlayerComponentServerFacet_DebugReportAnalyticsSnapshot	4808	COMMUNITY_REPORTED		CATALOG_NO_GETTER	2	0x1465B51FA->0x146162150;0x1465B5202->0x1468175E0
0x1465B5546	0x1465B5500	0x1465B558D	0x146809DE0	PROVIDER_UUID_CORRELATED	2A553282-48CC-4C2D-8140-67FB4A8A62D2	Javelin::ClientMessages::ItemDropComponentServerFacet_DropInventoryItemsByClass	3938	COMMUNITY_REPORTED		CATALOG_NO_GETTER	2	0x1465B550A->0x146162150;0x1465B5512->0x146809DE0
0x1465B56B6	0x1465B5670	0x1465B56FD	0x146803DE0	PROVIDER_UUID_CORRELATED	0DD6BB71-BCEA-4D7E-9A79-202C5EB310A3	Javelin::ClientMessages::AbilityComponentServerFacet_RequestRefundSpentPoints	2259	COMMUNITY_REPORTED		CATALOG_NO_GETTER	2	0x1465B567A->0x146162150;0x1465B5682->0x146803DE0
0x1465B5C36	0x1465B5BF0	0x1465B5C7D	0x1468213E0	PROVIDER_UUID_CORRELATED	81E1305B-D621-424C-98D4-BB3F89E4F58E	Javelin::ClientMessages::VitalsComponentServerFacet_DebugRequestSuicide	4302	COMMUNITY_REPORTED		CATALOG_NO_GETTER	2	0x1465B5BFA->0x146162150;0x1465B5C02->0x1468213E0
0x1465B5E46	0x1465B5E00	0x1465B5E8D	0x14680EDE0	PROVIDER_UUID_CORRELATED	84971417-D9A6-42D6-93A4-EC344EED37C7	Javelin::ClientMessages::OffenseCollisionComponentClientFacet_OnDamageDamageable	3034	COMMUNITY_REPORTED		CATALOG_NO_GETTER	2	0x1465B5E0A->0x146162150;0x1465B5E12->0x14680EDE0
0x1465B6016	0x1465B5FD0	0x1465B605D	0x1468147E0	PROVIDER_UUID_CORRELATED	3282BFF0-3DD0-4E21-B123-78E98FEC15F8	Javelin::ClientMessages::PlayerComponentClientFacet_OnDebugReceiveAccountAge	4843	COMMUNITY_REPORTED		CATALOG_NO_GETTER	2	0x1465B5FDA->0x146162150;0x1465B5FE2->0x1468147E0
0x1465B60D6	0x1465B6090	0x1465B611D	0x146809FE0	PROVIDER_UUID_CORRELATED	43F9A0B6-5B1D-4D97-A4A3-61F51E0610C8	Javelin::ClientMessages::ItemDropComponentServerFacet_DropPaperdollItem	826	COMMUNITY_REPORTED		CATALOG_NO_GETTER	2	0x1465B609A->0x146162150;0x1465B60A2->0x146809FE0
0x1465B61C6	0x1465B6180	0x1465B620D	0x1468039E0	PROVIDER_UUID_CORRELATED	E4F2E8A6-9FA3-4409-AC0D-6722558550DA	Javelin::ClientMessages::AbilityComponentServerFacet_RequestChangeSelectedTable	1150	COMMUNITY_REPORTED		CATALOG_NO_GETTER	2	0x1465B618A->0x146162150;0x1465B6192->0x1468039E0
0x1465B6996	0x1465B6950	0x1465B69DD	0x1468097E0	PROVIDER_UUID_CORRELATED	3CDCD7F8-578A-4A6A-BA1F-B0CF34498D7E	Javelin::ClientMessages::IncapacitatedCharacterComponentServerFacet_TestActivate	2633	COMMUNITY_REPORTED		CATALOG_NO_GETTER	2	0x1465B695A->0x146162150;0x1465B6962->0x1468097E0
0x1465B7096	0x1465B7050	0x1465B70DD	0x1468211E0	PROVIDER_UUID_CORRELATED	1603C00A-76C2-4EE6-B184-C8D2A061CA0D	Javelin::ClientMessages::VitalsComponentServerFacet_DebugRequestRevive	4303	COMMUNITY_REPORTED		CATALOG_NO_GETTER	2	0x1465B705A->0x146162150;0x1465B7062->0x1468211E0
0x1465B7BC6	0x1465B7B80	0x1465B7C0D	0x1468177E0	PROVIDER_UUID_CORRELATED	C3F077E5-6073-420D-8BE2-799280A8B2C6	Javelin::ClientMessages::PlayerComponentServerFacet_DebugRequestAccountAge	4842	COMMUNITY_REPORTED		CATALOG_NO_GETTER	2	0x1465B7B8A->0x146162150;0x1465B7B92->0x1468177E0
0x1465B7EA6	0x1465B7E60	0x1465B7EED	0x1468037E0	PROVIDER_UUID_CORRELATED	6079F48F-5598-43D1-BE9F-F9C44B7B16A1	Javelin::ClientMessages::AbilityComponentServerFacet_RequestChangeMappedAbility	2701	COMMUNITY_REPORTED		CATALOG_NO_GETTER	2	0x1465B7E6A->0x146162150;0x1465B7E72->0x1468037E0
0x1465B8756	0x1465B8710	0x1465B879D	0x1468239E0	PROVIDER_UUID_CORRELATED	45BB98AA-26BF-4FDF-AA52-E2E2AC05B42D	Javelin::ClientMessages::VitalsComponentServerFacet_RequestSuicide	3897	COMMUNITY_REPORTED		CATALOG_NO_GETTER	2	0x1465B871A->0x146162150;0x1465B8722->0x1468239E0
0x1465B9486	0x1465B9440	0x1465B94CD	0x1468187E0	PROVIDER_UUID_CORRELATED	CD4A26AB-57ED-4E34-8F2D-33EB6B8DC1AC	Javelin::ClientMessages::PlayerComponentServerFacet_DebugSetAccountAge	4845	COMMUNITY_REPORTED		CATALOG_NO_GETTER	2	0x1465B944A->0x146162150;0x1465B9452->0x1468187E0
0x1465B98B6	0x1465B9870	0x1465B98FD	0x146803BE0	PROVIDER_UUID_CORRELATED	F5BCCF27-8788-40DB-B6B5-24121B119750	Javelin::ClientMessages::AbilityComponentServerFacet_RequestMasteryTreeRespec	186	COMMUNITY_REPORTED		CATALOG_NO_GETTER	2	0x1465B987A->0x146162150;0x1465B9882->0x146803BE0
0x1465BA2F6	0x1465BA2B0	0x1465BA33D	0x1468233E0	PROVIDER_UUID_CORRELATED	3AA9C5A2-095E-4715-A9AA-E36A133791B8	Javelin::ClientMessages::VitalsComponentServerFacet_RequestSetInvulnerability	92	COMMUNITY_REPORTED		CATALOG_NO_GETTER	2	0x1465BA2BA->0x146162150;0x1465BA2C2->0x1468233E0
0x1465BA956	0x1465BA910	0x1465BA99D	0x1468179E0	PROVIDER_UUID_CORRELATED	A923ED9D-4D00-4D10-A557-F38861ECFF70	Javelin::ClientMessages::PlayerComponentServerFacet_DebugRequestKick	4997	COMMUNITY_REPORTED		CATALOG_NO_GETTER	2	0x1465BA91A->0x146162150;0x1465BA922->0x1468179E0
0x1465BACE6	0x1465BACA0	0x1465BAD2D	0x146802BE0	PROVIDER_UUID_CORRELATED	BDA9C618-2E5F-4474-AD69-6A36F462C136	Javelin::ClientMessages::AbilityComponentClientFacet_MasteryTreeRespecResponse	2858	COMMUNITY_REPORTED		CATALOG_NO_GETTER	2	0x1465BACAA->0x146162150;0x1465BACB2->0x146802BE0
0x1465BB7E6	0x1465BB7A0	0x1465BB82D	0x146822FE0	PROVIDER_UUID_CORRELATED	8FDD65C3-DEEC-44E3-B9D1-D7AE8D8CDA81	Javelin::ClientMessages::VitalsComponentServerFacet_RequestResetInvulnerability	4019	COMMUNITY_REPORTED		CATALOG_NO_GETTER	2	0x1465BB7AA->0x146162150;0x1465BB7B2->0x146822FE0
0x1465BBD96	0x1465BBD50	0x1465BBDDD	0x146814BE0	PROVIDER_UUID_CORRELATED	36F814E4-1BE2-40C3-9C2D-B2B05011B035	Javelin::ClientMessages::PlayerComponentClientFacet_OnFCPOverpopulationTeleportNotification	1564	COMMUNITY_REPORTED		CATALOG_NO_GETTER	2	0x1465BBD5A->0x146162150;0x1465BBD62->0x146814BE0
0x1465BBF96	0x1465BBF50	0x1465BBFDD	0x146802FE0	PROVIDER_UUID_CORRELATED	79069967-FE89-4765-B14F-36A0BD58A701	Javelin::ClientMessages::AbilityComponentServerFacet_DebugRequestAddAbilityPoints	1662	COMMUNITY_REPORTED		CATALOG_NO_GETTER	2	0x1465BBF5A->0x146162150;0x1465BBF62->0x146802FE0
0x1465BC6F6	0x1465BC6B0	0x1465BC73D	0x1468227E0	PROVIDER_UUID_CORRELATED	74E0F83A-C2A5-4E89-8EA2-5090B206BCA7	Javelin::ClientMessages::VitalsComponentServerFacet_RegisterListener	4310	COMMUNITY_REPORTED		CATALOG_NO_GETTER	2	0x1465BC6BA->0x146162150;0x1465BC6C2->0x1468227E0
0x1469A4B96	0x1469A4B50	0x1469A4BDD	0x146436670	PROVIDER_UUID_CORRELATED	F8A045C2-2CD5-4DE8-8F61-78FEEA94F5CF	CoatlicueClientMessages	999	COMMUNITY_REPORTED		CATALOG_NO_GETTER	2	0x1469A4B5A->0x146162150;0x1469A4B62->0x146436670
0x1469A4C46	0x1469A4C00	0x1469A4C8D	0x146437470	PROVIDER_UUID_CORRELATED	1E00D684-73FF-4675-8A4E-7AD87CD4A31B	CoatlicueClientMessages::State	701	COMMUNITY_REPORTED		CATALOG_NO_GETTER	2	0x1469A4C0A->0x146162150;0x1469A4C12->0x146437470
0x1469A4CF6	0x1469A4CB0	0x1469A4D3D	0x146436470	PROVIDER_UUID_CORRELATED	979E13FB-7A0A-4DDC-922B-D042E16E0BE4	CoatlicueClientMessages::CalendarConnectedMsg	1034	COMMUNITY_REPORTED		CATALOG_NO_GETTER	2	0x1469A4CBA->0x146162150;0x1469A4CC2->0x146436470
0x1469A4DA6	0x1469A4D60	0x1469A4DED	0x146436870	PROVIDER_UUID_CORRELATED	1E718638-0A57-4C40-A31D-E2A3B44245E7	CoatlicueClientMessages::CoatlicueTimingConfigurationConnectedMsg	446	COMMUNITY_REPORTED		CATALOG_NO_GETTER	2	0x1469A4D6A->0x146162150;0x1469A4D72->0x146436870
0x1469A4F46	0x1469A4F00	0x1469A4F8D	0x146436A70	PROVIDER_UUID_CORRELATED	62843977-2235-4BDA-BF74-F6BCB628D0FD	CoatlicueClientMessages::DistributionManagerConnectedMsg	697	COMMUNITY_REPORTED		CATALOG_NO_GETTER	2	0x1469A4F0A->0x146162150;0x1469A4F12->0x146436A70
0x1469A4FF6	0x1469A4FB0	0x1469A503D	0x146436C70	PROVIDER_UUID_CORRELATED	E947311B-F5BC-4F51-941C-6CDD446B5B59	CoatlicueClientMessages::MessageReceiptMsg	1035	COMMUNITY_REPORTED		CATALOG_NO_GETTER	2	0x1469A4FBA->0x146162150;0x1469A4FC2->0x146436C70
0x1469A50A6	0x1469A5060	0x1469A50ED	0x146437670	PROVIDER_UUID_CORRELATED	C5975F6A-1350-4D9F-8A68-67E88E2E1C02	CoatlicueClientMessages::TerrainGlobalManagerConnectedMsg	686	COMMUNITY_REPORTED		CATALOG_NO_GETTER	2	0x1469A506A->0x146162150;0x1469A5072->0x146437670
0x1469A5276	0x1469A5230	0x1469A52BD	0x146437870	PROVIDER_UUID_CORRELATED	00A7178A-A492-4CE6-89DD-D0342604AE4B	CoatlicueClientMessages::TractGlobalManagerConnectedMsg	648	COMMUNITY_REPORTED		CATALOG_NO_GETTER	2	0x1469A523A->0x146162150;0x1469A5242->0x146437870
0x1469A5326	0x1469A52E0	0x1469A536D	0x146437A70	PROVIDER_UUID_CORRELATED	28AD513F-4084-4811-B7B9-70823B12CD3B	CoatlicueClientMessages::WorldQueryConnectedMsg	68	COMMUNITY_REPORTED		CATALOG_NO_GETTER	2	0x1469A52EA->0x146162150;0x1469A52F2->0x146437A70
0x1469A5DE6	0x1469A5DA0	0x1469A5E2D	0x144085D90	PROVIDER_UUID_CORRELATED	7EA038C0-8C79-4AB6-A3DF-9857571DC1CC	Coat::TimeUpdateListener	1031	COMMUNITY_REPORTED		CATALOG_NO_GETTER	2	0x1469A5DAA->0x146162150;0x1469A5DB2->0x144085D90
0x146A321C6	0x146A32180	0x146A3220D	0x146ACC500	PROVIDER_UUID_CORRELATED	020037E0-103C-4C2D-AE9A-7C9B31D3CCF2	OnMoveCoordinatorChangedMsg	351	COMMUNITY_REPORTED	0x146ACC500	CATALOG_GETTER_MATCH	2	0x146A3218A->0x146162150;0x146A32192->0x146ACC500
0x146A32276	0x146A32230	0x146A322BD	0x146AC2320	PROVIDER_UUID_CORRELATED	15203A91-C8B6-43EE-BDF6-571A30C8B8B0	CompleteDelayedMigrationsMsg	5032	COMMUNITY_REPORTED	0x146AC2320	CATALOG_GETTER_MATCH	2	0x146A3223A->0x146162150;0x146A32242->0x146AC2320
0x146A32376	0x146A32330	0x146A323BD	0x146AC7070	PROVIDER_UUID_CORRELATED	4E063FA7-70A0-4CC5-8C8C-DF20BFEBD674	HubReconnectListener	633	COMMUNITY_REPORTED	0x146AC7070	CATALOG_GETTER_MATCH	2	0x146A3233A->0x146162150;0x146A32342->0x146AC7070
0x146A32586	0x146A32540	0x146A325CD	0x146AD27B0	PROVIDER_UUID_CORRELATED	C0B051D8-C059-499E-A5E5-597954F2AA5C	ResubscribeMsg	985	COMMUNITY_REPORTED		CATALOG_NO_GETTER	2	0x146A3254A->0x146162150;0x146A32552->0x146AD27B0
0x146A32886	0x146A32840	0x146A328CD	0x146AC0250	PROVIDER_UUID_CORRELATED	046423D2-40C3-472D-BDE5-D95D8CA70010	ActorShuffler	503	COMMUNITY_REPORTED	0x146AC0250	CATALOG_GETTER_MATCH	2	0x146A3284A->0x146162150;0x146A32852->0x146AC0250
0x146A32966	0x146A32920	0x146A329AD	0x146AD8860	PROVIDER_UUID_CORRELATED	33F2304F-DACC-4A81-8B13-5062DDBC6BAD	HubReconnectListener::State	635	COMMUNITY_REPORTED	0x146AD8860	CATALOG_GETTER_MATCH	2	0x146A3292A->0x146162150;0x146A32932->0x146AD8860
0x146A329F6	0x146A329B0	0x146A32A3D	0x146ACC970	PROVIDER_UUID_CORRELATED	E02FACEC-37BE-441D-91D3-4A371147D689	OnPeerChangedMsg	748	COMMUNITY_REPORTED	0x146ACC970	CATALOG_GETTER_MATCH	2	0x146A329BA->0x146162150;0x146A329C2->0x146ACC970
0x146A32C86	0x146A32C40	0x146A32CCD	0x146AC4210	PROVIDER_UUID_CORRELATED	E5D35EFB-20F3-4E1F-B7AD-F51CB3E439F7	DebugStartActorQuerySeqMsg	6213	COMMUNITY_REPORTED		CATALOG_NO_GETTER	2	0x146A32C4A->0x146162150;0x146A32C52->0x146AC4210
0x146A33086	0x146A33040	0x146A330CD	0x146ACC740	PROVIDER_UUID_CORRELATED	FD419A47-69A5-4E74-B542-3C105DBB1FEC	OnNewHubInfoMsg	641	COMMUNITY_REPORTED	0x146ACC740	CATALOG_GETTER_MATCH	2	0x146A3304A->0x146162150;0x146A33052->0x146ACC740
0x146A33116	0x146A330D0	0x146A3315D	0x146AC3070	PROVIDER_UUID_CORRELATED	059B0DE2-4789-4DC1-945C-3728873D68F2	CrashMoveActorMsg	5044	COMMUNITY_REPORTED		CATALOG_NO_GETTER	2	0x146A330DA->0x146162150;0x146A330E2->0x146AC3070
0x146A33576	0x146A33530	0x146A335BD	0x146AC32A0	PROVIDER_UUID_CORRELATED	6F298C98-A99E-4210-AD2A-E48D3CD775EE	CrashMoveActorToHubMsg	5045	COMMUNITY_REPORTED	0x146AC32A0	CATALOG_GETTER_MATCH	2	0x146A3353A->0x146162150;0x146A33542->0x146AC32A0
0x146A33AD6	0x146A33A90	0x146A33B1D	0x146AC72A0	PROVIDER_UUID_CORRELATED	C22A2E5C-396A-45B9-875A-549F7D1C5AA5	IActor	646	COMMUNITY_REPORTED		CATALOG_NO_GETTER	2	0x146A33A9A->0x146162150;0x146A33AA2->0x146AC72A0
0x146A33B86	0x146A33B40	0x146A33BCD	0x146AC3710	PROVIDER_UUID_CORRELATED	61FDB168-4AC2-4E31-8CD1-C4B9F40F7D16	CrashReceiveActorMsg	5046	COMMUNITY_REPORTED	0x146AC3710	CATALOG_GETTER_MATCH	2	0x146A33B4A->0x146162150;0x146A33B52->0x146AC3710
0x146A33C36	0x146A33BF0	0x146A33C7D	0x146AC7B20	PROVIDER_UUID_CORRELATED	6E6E9B80-7A9C-4123-95AF-E2E9EDD65544	InitMsg	505	COMMUNITY_REPORTED		CATALOG_NO_GETTER	2	0x146A33BFA->0x146162150;0x146A33C02->0x146AC7B20
0x146A33DD6	0x146A33D90	0x146A33E1D	0x146ADBB90	PROVIDER_UUID_CORRELATED	97B5CC71-075E-4F76-A30C-FC670EDAD0AB	TimeoutMigrationsMsg	4996	COMMUNITY_REPORTED	0x146ADBB90	CATALOG_GETTER_MATCH	2	0x146A33D9A->0x146162150;0x146A33DA2->0x146ADBB90
0x146A34216	0x146A341D0	0x146A3425D	0x146ADB950	PROVIDER_UUID_CORRELATED	66185CBC-DA8C-47E3-A6D9-20D627D80C5A	TimeoutMigrationsAtCommitMsg	5343	COMMUNITY_REPORTED	0x146ADB950	CATALOG_GETTER_MATCH	2	0x146A341DA->0x146162150;0x146A341E2->0x146ADB950
0x146A34446	0x146A34400	0x146A3448D	0x146AC4450	PROVIDER_UUID_CORRELATED	890A8AA5-67DF-4ED6-A872-589C60A80190	DelayMigrationsMsg	5033	COMMUNITY_REPORTED	0x146AC4450	CATALOG_GETTER_MATCH	2	0x146A3440A->0x146162150;0x146A34412->0x146AC4450
0x146A34926	0x146A348E0	0x146A3496D	0x146ACA3E0	PROVIDER_UUID_CORRELATED	6FA0EBFF-94CB-4106-AC73-E0BDA9F2C68B	MoveCoordinator	573	COMMUNITY_REPORTED	0x146ACA3E0	CATALOG_GETTER_MATCH	2	0x146A348EA->0x146162150;0x146A348F2->0x146ACA3E0
0x146A36F06	0x146A36EC0	0x146A36F4D	0x146AC87E0	PROVIDER_UUID_CORRELATED	E13CE79F-F318-42D2-BADD-991AAE4F3185	InitMsg	755	COMMUNITY_REPORTED		CATALOG_NO_GETTER	2	0x146A36ECA->0x146162150;0x146A36ED2->0x146AC87E0
0x146A37516	0x146A374D0	0x146A3755D	0x146AC3FF0	PROVIDER_UUID_CORRELATED	FA98CC6A-2E38-4D8C-9346-6F348C3DF1E0	DebugPingMessage	774	COMMUNITY_REPORTED		CATALOG_NO_GETTER	2	0x146A374DA->0x146162150;0x146A374E2->0x146AC3FF0
0x146A375A6	0x146A37560	0x146A375ED	0x146ACF300	PROVIDER_UUID_CORRELATED	92661733-5E2C-45A5-9D11-49EEF26FC988	PrepareMoveMessage	761	COMMUNITY_REPORTED	0x146ACF300	CATALOG_GETTER_MATCH	2	0x146A3756A->0x146162150;0x146A37572->0x146ACF300
0x146A39376	0x146A39330	0x146A393BD	0x146AD1820	PROVIDER_UUID_CORRELATED	2F7ECD82-AC39-4CE3-8044-20B9E8685317	ResolveMoveMessage	762	COMMUNITY_REPORTED	0x146AD1820	CATALOG_GETTER_MATCH	2	0x146A3933A->0x146162150;0x146A39342->0x146AD1820
0x146A39486	0x146A39440	0x146A394CD	0x146AC3DC0	PROVIDER_UUID_CORRELATED	BA3D511A-7C6B-46F3-BAEE-1EB96452AE8B	DebugInvalidWriteMessage	6273	COMMUNITY_REPORTED		CATALOG_NO_GETTER	2	0x146A3944A->0x146162150;0x146A39452->0x146AC3DC0
0x146A3AA76	0x146A3AA30	0x146A3AABD	0x146ABFBD0	PROVIDER_UUID_CORRELATED	094DE6F3-95A0-42D2-8BE5-B02725B0D457	ActorPersistenceData	842	COMMUNITY_REPORTED		CATALOG_NO_GETTER	2	0x146A3AA3A->0x146162150;0x146A3AA42->0x146ABFBD0
0x146A3B7B6	0x146A3B770	0x146A3B7FD	0x146ADC210	PROVIDER_UUID_CORRELATED	0766CF53-C600-4E81-AC7D-A2D745BB3EA6	TraitActorPersistenceData	844	COMMUNITY_REPORTED		CATALOG_NO_GETTER	2	0x146A3B77A->0x146162150;0x146A3B782->0x146ADC210
0x146A3BE76	0x146A3BE30	0x146A3BEBD	0x146AD57F0	PROVIDER_UUID_CORRELATED	4E333645-E8FD-4DD3-85DB-224D95C124B3	ServerContextPersistenceData	849	COMMUNITY_REPORTED		CATALOG_NO_GETTER	2	0x146A3BE3A->0x146162150;0x146A3BE42->0x146AD57F0
0x146A3D0D6	0x146A3D090	0x146A3D11D	0x146AD0270	PROVIDER_UUID_CORRELATED	FE79D4DC-3DEB-4C3C-B410-A29D05264134	RepForwardingTrait	5344	COMMUNITY_REPORTED	0x146AD0270	CATALOG_GETTER_MATCH	2	0x146A3D09A->0x146162150;0x146A3D0A2->0x146AD0270
0x146A3E176	0x146A3E130	0x146A3E1BD	0x146AD95E0	PROVIDER_UUID_CORRELATED	CA23F8A6-5321-4A42-81D8-6CF71A1BAC4F	RepForwardingTrait::State	5345	COMMUNITY_REPORTED	0x146AD95E0	CATALOG_GETTER_MATCH	2	0x146A3E13A->0x146162150;0x146A3E142->0x146AD95E0
0x146A3E356	0x146A3E310	0x146A3E39D	0x146ADBDC0	PROVIDER_UUID_CORRELATED	F60358C7-361A-465F-A2F9-E04E27E1E50A	ToHubDebugMsg	5346	COMMUNITY_REPORTED	0x146ADBDC0	CATALOG_GETTER_MATCH	2	0x146A3E31A->0x146162150;0x146A3E322->0x146ADBDC0
0x146A3E766	0x146A3E720	0x146A3E7AD	0x1416C2120	PROVIDER_UUID_CORRELATED	DCC972F8-2F63-4B1B-BCBA-0F8716BFBBA8	Amazon::Hub::ActorInitListenerTrait	456	COMMUNITY_REPORTED		CATALOG_NO_GETTER	2	0x146A3E72A->0x146162150;0x146A3E732->0x1416C2120
0x146A3EB16	0x146A3EAD0	0x146A3EB5D	0x146AC96E0	PROVIDER_UUID_CORRELATED	2D2BAA3B-52C7-4B22-B2F4-C0EBF2FE263C	InterestAgentWorkerTrait	437	COMMUNITY_REPORTED	0x146AC96E0	CATALOG_GETTER_MATCH	2	0x146A3EADA->0x146162150;0x146A3EAE2->0x146AC96E0
0x146A3EF56	0x146A3EF10	0x146A3EF9D	0x141700120	PROVIDER_UUID_CORRELATED	FD0D913E-FE57-421E-BDCB-899877326607	Amazon::Hub::ActorInitListenerTrait::State	461	COMMUNITY_REPORTED		CATALOG_NO_GETTER	2	0x146A3EF1A->0x146162150;0x146A3EF22->0x141700120
0x146A3F1F6	0x146A3F1B0	0x146A3F23D	0x146AD8AA0	PROVIDER_UUID_CORRELATED	518B26A1-38C0-4816-AF37-3609ECBA8EAF	InterestAgentWorkerTrait::State	232	COMMUNITY_REPORTED		CATALOG_NO_GETTER	2	0x146A3F1BA->0x146162150;0x146A3F1C2->0x146AD8AA0
0x146A3F426	0x146A3F3E0	0x146A3F46D	0x146AC1C70	PROVIDER_UUID_CORRELATED	0CEF9C1A-4C0C-43EA-B616-0B71E2BD9BC3	ClientRegistryActor	556	COMMUNITY_REPORTED	0x146AC1C70	CATALOG_GETTER_MATCH	2	0x146A3F3EA->0x146162150;0x146A3F3F2->0x146AC1C70
0x146A3F4E6	0x146A3F4A0	0x146A3F52D	0x1416C1F20	PROVIDER_UUID_CORRELATED	9F8755C3-73AB-4715-B416-EBA890DA9A76	Amazon::Hub::ActorInitListenerCounter	465	COMMUNITY_REPORTED		CATALOG_NO_GETTER	2	0x146A3F4AA->0x146162150;0x146A3F4B2->0x1416C1F20
0x146A3FAA6	0x146A3FA60	0x146A3FAED	0x146AD7470	PROVIDER_UUID_CORRELATED	FEE0688D-06C8-4D66-813D-044D0BD1B70D	StartUpdatingMsg	822	COMMUNITY_REPORTED	0x146AD7470	CATALOG_GETTER_MATCH	2	0x146A3FA6A->0x146162150;0x146A3FA72->0x146AD7470
0x146A3FB56	0x146A3FB10	0x146A3FB9D	0x146AD2C10	PROVIDER_UUID_CORRELATED	FC518B7B-3621-42E5-A6FA-E311DED236BC	RoutingSubActor	951	COMMUNITY_REPORTED	0x146AD2C10	CATALOG_GETTER_MATCH	2	0x146A3FB1A->0x146162150;0x146A3FB22->0x146AD2C10
0x146A3FC86	0x146A3FC40	0x146A3FCCD	0x1416FFF20	PROVIDER_UUID_CORRELATED	978FBF3A-2B6E-4AEA-81BB-42DCCBF3CD25	Amazon::Hub::ActorInitListenerCounter::State	470	COMMUNITY_REPORTED		CATALOG_NO_GETTER	2	0x146A3FC4A->0x146162150;0x146A3FC52->0x1416FFF20
0x146A40436	0x146A403F0	0x146A4047D	0x146ADB2D0	PROVIDER_UUID_CORRELATED	E31B6912-856D-4052-BEDF-C23FDBF71774	StopUpdatingMsg	827	COMMUNITY_REPORTED	0x146ADB2D0	CATALOG_GETTER_MATCH	2	0x146A403FA->0x146162150;0x146A40402->0x146ADB2D0
0x146A40756	0x146A40710	0x146A4079D	0x146ACBE50	PROVIDER_UUID_CORRELATED	422E5AF5-88F4-4FC0-9FAF-5F8E29959BFF	OnInitCompletedMessageMsg	475	COMMUNITY_REPORTED	0x146ACBE50	CATALOG_GETTER_MATCH	2	0x146A4071A->0x146162150;0x146A40722->0x146ACBE50
0x146A40E86	0x146A40E40	0x146A40ECD	0x146AC7F60	PROVIDER_UUID_CORRELATED	7707C23A-9CA1-401A-AD18-3E87D7EFF45E	InitMsg	559	COMMUNITY_REPORTED		CATALOG_NO_GETTER	2	0x146A40E4A->0x146162150;0x146A40E52->0x146AC7F60
0x146A417A6	0x146A41760	0x146A417ED	0x146AC94A0	PROVIDER_UUID_CORRELATED	6CB16DF6-990D-4ED6-9E2B-353BA15A52AC	InterestAgentWorker	829	COMMUNITY_REPORTED	0x146AC94A0	CATALOG_GETTER_MATCH	2	0x146A4176A->0x146162150;0x146A41772->0x146AC94A0
0x146A418E6	0x146A418A0	0x146A4192D	0x141026850	PROVIDER_UUID_CORRELATED	D3D666B0-689C-4BD9-BC33-3D16C275730C	Amazon::Hub::ActorInstantiationParameter	5531	COMMUNITY_REPORTED		CATALOG_NO_GETTER	2	0x146A418AA->0x146162150;0x146A418B2->0x141026850
0x146A41996	0x146A41950	0x146A419DD	0x146AC1EB0	PROVIDER_UUID_CORRELATED	71EDDFB0-E7CD-4CE7-8028-A1795B43C467	ClientRegistryActorTraits	469	COMMUNITY_REPORTED	0x146AC1EB0	CATALOG_GETTER_MATCH	2	0x146A4195A->0x146162150;0x146A41962->0x146AC1EB0
0x146A41A46	0x146A41A00	0x146A41A8D	0x146AC8A00	PROVIDER_UUID_CORRELATED	38C5794A-E28B-4EA3-A2C9-A1758A14DB80	InitMsg	622	COMMUNITY_REPORTED		CATALOG_NO_GETTER	2	0x146A41A0A->0x146162150;0x146A41A12->0x146AC8A00
0x146A41AE6	0x146A41AA0	0x146A41B2D	0x146AD3730	PROVIDER_UUID_CORRELATED	38EFF995-2C21-45E3-B078-057BFCC04909	RoutingSubTestTrait	1005	COMMUNITY_REPORTED	0x146AD3730	CATALOG_GETTER_MATCH	2	0x146A41AAA->0x146162150;0x146A41AB2->0x146AD3730
0x146A44EB6	0x146A44E70	0x146A44EFD	0x146AD7AF0	PROVIDER_UUID_CORRELATED	AEC1F267-3BC9-4CFE-B94D-F62BC87EBEA8	ClientRegistryActorTraits::State	561	COMMUNITY_REPORTED	0x146AD7AF0	CATALOG_GETTER_MATCH	2	0x146A44E7A->0x146162150;0x146A44E82->0x146AD7AF0
0x146A45006	0x146A44FC0	0x146A4504D	0x146AC6310	PROVIDER_UUID_CORRELATED	B73CCF2D-CB1D-4AD6-9296-A7B4D5A0D992	HubConnectionChangedMsg	953	COMMUNITY_REPORTED		CATALOG_NO_GETTER	2	0x146A44FCA->0x146162150;0x146A44FD2->0x146AC6310
0x146A450E6	0x146A450A0	0x146A4512D	0x146AD9CA0	PROVIDER_UUID_CORRELATED	55B9BD38-FB4C-4A73-AAAD-C3FA17F23AA1	RoutingSubTestTrait::State	2214	COMMUNITY_REPORTED	0x146AD9CA0	CATALOG_GETTER_MATCH	2	0x146A450AA->0x146162150;0x146A450B2->0x146AD9CA0
0x146A45BF6	0x146A45BB0	0x146A45C3D	0x146AC85C0	PROVIDER_UUID_CORRELATED	7C18C940-9671-4727-B7E4-D2E339E0AA59	InitMsg	836	COMMUNITY_REPORTED		CATALOG_NO_GETTER	2	0x146A45BBA->0x146162150;0x146A45BC2->0x146AC85C0
0x146A45C96	0x146A45C50	0x146A45CDD	0x146AD55D0	PROVIDER_UUID_CORRELATED	EFD5616B-2CCA-4F25-891C-4D4D0613663C	SendClockSyncMsg	563	COMMUNITY_REPORTED	0x146AD55D0	CATALOG_GETTER_MATCH	2	0x146A45C5A->0x146162150;0x146A45C62->0x146AD55D0
0x146A45D46	0x146A45D00	0x146A45D8D	0x146ACD880	PROVIDER_UUID_CORRELATED	54873248-1DA2-4A4B-BF99-C6B70774764C	OnSubRoutingChangedMsg	2216	COMMUNITY_REPORTED	0x146ACD880	CATALOG_GETTER_MATCH	2	0x146A45D0A->0x146162150;0x146A45D12->0x146ACD880
0x146A45DF6	0x146A45DB0	0x146A45E3D	0x146AD2E40	PROVIDER_UUID_CORRELATED	1F8F498D-72FF-4101-91B0-DFA0ED309B1C	RoutingSubListener	958	COMMUNITY_REPORTED		CATALOG_NO_GETTER	2	0x146A45DBA->0x146162150;0x146A45DC2->0x146AD2E40
0x146A46076	0x146A46030	0x146A460BD	0x146ACE140	PROVIDER_UUID_CORRELATED	8B159B65-A1F8-47BB-A6AF-51DBBABD9FEE	PersistenceNotificationReceiver	766	COMMUNITY_REPORTED	0x146ACE140	CATALOG_GETTER_MATCH	2	0x146A4603A->0x146162150;0x146A46042->0x146ACE140
0x146A461C6	0x146A46180	0x146A4620D	0x146ACC090	PROVIDER_UUID_CORRELATED	0EE4E646-D75E-4034-B85C-A9897FFC3E19	OnListenerChangedMsg	237	COMMUNITY_REPORTED	0x146ACC090	CATALOG_GETTER_MATCH	2	0x146A4618A->0x146162150;0x146A46192->0x146ACC090
0x146A462B6	0x146A46270	0x146A462FD	0x146ADB720	PROVIDER_UUID_CORRELATED	66958583-BAE9-4540-9D4B-BE4604BEBE22	TestStepTimeoutMsg	2220	COMMUNITY_REPORTED	0x146ADB720	CATALOG_GETTER_MATCH	2	0x146A4627A->0x146162150;0x146A46282->0x146ADB720
0x146A463F6	0x146A463B0	0x146A4643D	0x146AD9820	PROVIDER_UUID_CORRELATED	038868FD-2F6B-478F-A7EF-D0E2081062B0	RoutingSubListener::State	22	COMMUNITY_REPORTED	0x146AD9820	CATALOG_GETTER_MATCH	2	0x146A463BA->0x146162150;0x146A463C2->0x146AD9820
0x146A46526	0x146A464E0	0x146A4656D	0x146AD9160	PROVIDER_UUID_CORRELATED	622CFA4D-1865-47F4-A548-958051FFD8A7	PersistenceNotificationReceiver::State	98	COMMUNITY_REPORTED	0x146AD9160	CATALOG_GETTER_MATCH	2	0x146A464EA->0x146162150;0x146A464F2->0x146AD9160
0x146A465D6	0x146A46590	0x146A4661D	0x146AD53B0	PROVIDER_UUID_CORRELATED	16C28A11-D5F4-42BB-B296-B696E9E1DBD9	ScaleTestTrait	380	COMMUNITY_REPORTED		CATALOG_NO_GETTER	2	0x146A4659A->0x146162150;0x146A465A2->0x146AD53B0
0x146A46766	0x146A46720	0x146A467AD	0x146AD3070	PROVIDER_UUID_CORRELATED	A7CEA373-EA02-445F-880A-0CD3F659C773	RoutingSubTestActor	2221	COMMUNITY_REPORTED	0x146AD3070	CATALOG_GETTER_MATCH	2	0x146A4672A->0x146162150;0x146A46732->0x146AD3070
0x146A468F6	0x146A468B0	0x146A4693D	0x146ACBA00	PROVIDER_UUID_CORRELATED	E0C4E09E-0707-4472-92F9-152253CE56C4	OnHubAvailableMsg	485	COMMUNITY_REPORTED	0x146ACBA00	CATALOG_GETTER_MATCH	2	0x146A468BA->0x146162150;0x146A468C2->0x146ACBA00
0x146A46C06	0x146A46BC0	0x146A46C4D	0x146AC69C0	PROVIDER_UUID_CORRELATED	BA56AAB6-0714-4F3A-89DF-9EAE2621BCE0	HubLifecyclePeeringTrait	589	COMMUNITY_REPORTED	0x146AC69C0	CATALOG_GETTER_MATCH	2	0x146A46BCA->0x146162150;0x146A46BD2->0x146AC69C0
0x146A46D46	0x146A46D00	0x146A46D8D	0x146ACB350	PROVIDER_UUID_CORRELATED	451436AC-6702-4482-B53B-63274D877BC5	NotifyPersistenceLoadedMsg	769	COMMUNITY_REPORTED	0x146ACB350	CATALOG_GETTER_MATCH	2	0x146A46D0A->0x146162150;0x146A46D12->0x146ACB350
0x146A46F26	0x146A46EE0	0x146A46F6D	0x146ADA5A0	PROVIDER_UUID_CORRELATED	A2BEC1F4-4AE4-4925-A591-ABD0DC6F725D	ScaleTestTrait::State	990	COMMUNITY_REPORTED		CATALOG_NO_GETTER	2	0x146A46EEA->0x146162150;0x146A46EF2->0x146ADA5A0
0x146A471F6	0x146A471B0	0x146A4723D	0x146ACBC30	PROVIDER_UUID_CORRELATED	3647BEAC-EC75-4301-80DF-F7CA34D96BDB	OnHubCrashMsg	965	COMMUNITY_REPORTED	0x146ACBC30	CATALOG_GETTER_MATCH	2	0x146A471BA->0x146162150;0x146A471C2->0x146ACBC30
0x146A47476	0x146A47430	0x146A474BD	0x146AD81A0	PROVIDER_UUID_CORRELATED	028CA28D-6DE3-445C-9773-AB71EB89AB34	HubLifecyclePeeringTrait::State	590	COMMUNITY_REPORTED	0x146AD81A0	CATALOG_GETTER_MATCH	2	0x146A4743A->0x146162150;0x146A47442->0x146AD81A0
0x146A47BD6	0x146A47B90	0x146A47C1D	0x146AD4D20	PROVIDER_UUID_CORRELATED	2ADDD192-9208-430E-A458-3B61E481BE3C	ScaleTestManager	992	COMMUNITY_REPORTED	0x146AD4D20	CATALOG_GETTER_MATCH	2	0x146A47B9A->0x146162150;0x146A47BA2->0x146AD4D20
0x146A481D6	0x146A48190	0x146A4821D	0x146AC4D10	PROVIDER_UUID_CORRELATED	538CF087-049B-41D1-9DF1-A7B23B55E8C6	ExitPeeringMsg	591	COMMUNITY_REPORTED	0x146AC4D10	CATALOG_GETTER_MATCH	2	0x146A4819A->0x146162150;0x146A481A2->0x146AC4D10
0x146A48276	0x146A48230	0x146A482BD	0x146ACE390	PROVIDER_UUID_CORRELATED	6057EB60-BAC3-4FA7-A06D-3D013C09BE21	PersistencePingMessage	272	COMMUNITY_REPORTED	0x146ACE390	CATALOG_GETTER_MATCH	2	0x146A4823A->0x146162150;0x146A48242->0x146ACE390
0x146A48386	0x146A48340	0x146A483CD	0x146AC8C20	PROVIDER_UUID_CORRELATED	3CE4D8F3-835C-4DA0-B37D-361A8678DCE1	InitMsg	2226	COMMUNITY_REPORTED		CATALOG_NO_GETTER	2	0x146A4834A->0x146162150;0x146A48352->0x146AC8C20
0x146A48A26	0x146A489E0	0x146A48A6D	0x146ADA120	PROVIDER_UUID_CORRELATED	B51E8899-E06D-4EC1-B9CE-E82FD9FA3940	ScaleTestManager::State	994	COMMUNITY_REPORTED	0x146ADA120	CATALOG_GETTER_MATCH	2	0x146A489EA->0x146162150;0x146A489F2->0x146ADA120
0x146A48F66	0x146A48F20	0x146A48FAD	0x146AC9B40	PROVIDER_UUID_CORRELATED	E237347F-E19A-463F-A3A2-C28B2233CA7D	MessageLayerTrait	650	COMMUNITY_REPORTED	0x146AC9B40	CATALOG_GETTER_MATCH	2	0x146A48F2A->0x146162150;0x146A48F32->0x146AC9B40
0x146A49196	0x146A49150	0x146A491DD	0x146ADC690	PROVIDER_UUID_CORRELATED	99E5A445-BBF8-4093-8A8F-CD3577001082	UpdateHubLifecycleStepMsg	596	COMMUNITY_REPORTED	0x146ADC690	CATALOG_GETTER_MATCH	2	0x146A4915A->0x146162150;0x146A49162->0x146ADC690
0x146A49236	0x146A491F0	0x146A4927D	0x146ACE5C0	PROVIDER_UUID_CORRELATED	BDACEE57-1A89-4DC5-85D1-7E7F25FFEB01	PersistencePongMessage	785	COMMUNITY_REPORTED	0x146ACE5C0	CATALOG_GETTER_MATCH	2	0x146A491FA->0x146162150;0x146A49202->0x146ACE5C0
0x146A49736	0x146A496F0	0x146A4977D	0x146ADB500	PROVIDER_UUID_CORRELATED	844B0B91-6F61-4E0A-9B84-B82CD8D35EBE	TargetInitMsg	947	COMMUNITY_REPORTED	0x146ADB500	CATALOG_GETTER_MATCH	2	0x146A496FA->0x146162150;0x146A49702->0x146ADB500
0x146A499B6	0x146A49970	0x146A499FD	0x146AD5170	PROVIDER_UUID_CORRELATED	9B37276C-17B1-4A9E-B152-A8A37D40A01B	ScaleTestManagerStatusTrait	996	COMMUNITY_REPORTED	0x146AD5170	CATALOG_GETTER_MATCH	2	0x146A4997A->0x146162150;0x146A49982->0x146AD5170
0x146A49EB6	0x146A49E70	0x146A49EFD	0x146AD8CF0	PROVIDER_UUID_CORRELATED	180F5983-16C0-4389-BF5D-FE820A15A439	MessageLayerTrait::State	295	COMMUNITY_REPORTED	0x146AD8CF0	CATALOG_GETTER_MATCH	2	0x146A49E7A->0x146162150;0x146A49E82->0x146AD8CF0
0x146A4A026	0x146A49FE0	0x146A4A06D	0x146ACEC80	PROVIDER_UUID_CORRELATED	575E0991-8722-4C69-9059-87754AEE2C32	PersistenceScaleTestMessage	854	COMMUNITY_REPORTED	0x146ACEC80	CATALOG_GETTER_MATCH	2	0x146A49FEA->0x146162150;0x146A49FF2->0x146ACEC80
0x146A4A0D6	0x146A4A090	0x146A4A11D	0x146ABF310	PROVIDER_UUID_CORRELATED	CC4399FA-86D8-4E83-8889-79FB720F00FC	AckHubLifecycleStepUpdateMsg	6438	COMMUNITY_REPORTED	0x146ABF310	CATALOG_GETTER_MATCH	2	0x146A4A09A->0x146162150;0x146A4A0A2->0x146ABF310
0x146A4A186	0x146A4A140	0x146A4A1CD	0x146AD34F0	PROVIDER_UUID_CORRELATED	F121B671-C86B-4CD7-AF76-1B0B18EBAE97	RoutingSubTestCoordinatorTrait	837	COMMUNITY_REPORTED	0x146AD34F0	CATALOG_GETTER_MATCH	2	0x146A4A14A->0x146162150;0x146A4A152->0x146AD34F0
0x146A4A566	0x146A4A520	0x146A4A5AD	0x146ADA360	PROVIDER_UUID_CORRELATED	F2E8D463-C71E-4BEC-BEA8-78B7B2403233	ScaleTestManagerStatusTrait::State	1002	COMMUNITY_REPORTED	0x146ADA360	CATALOG_GETTER_MATCH	2	0x146A4A52A->0x146162150;0x146A4A532->0x146ADA360
0x146A4AE66	0x146A4AE20	0x146A4AEAD	0x146AC7900	PROVIDER_UUID_CORRELATED	6B3B9162-4603-4687-A95C-FDBAE321D062	IdentifierMsg	4	COMMUNITY_REPORTED		CATALOG_NO_GETTER	2	0x146A4AE2A->0x146162150;0x146A4AE32->0x146AC7900
0x146A4AF26	0x146A4AEE0	0x146A4AF6D	0x14463B320	PROVIDER_UUID_CORRELATED	C1B1E4D3-8A7C-4CB3-9F9B-D08499ECEC32	Amazon::Hub::SingletonPeeringTrait	779	COMMUNITY_REPORTED		CATALOG_NO_GETTER	2	0x146A4AEEA->0x146162150;0x146A4AEF2->0x14463B320
0x146A4B086	0x146A4B040	0x146A4B0CD	0x146AC34D0	PROVIDER_UUID_CORRELATED	8706FB94-0D37-42BC-8A1C-D8A8D22391B6	CrashPersistenceMessage	858	COMMUNITY_REPORTED	0x146AC34D0	CATALOG_GETTER_MATCH	2	0x146A4B04A->0x146162150;0x146A4B052->0x146AC34D0
0x146A4B2B6	0x146A4B270	0x146A4B2FD	0x146AD9A60	PROVIDER_UUID_CORRELATED	C56FC39C-63AB-4C70-8951-B1B76072D8CF	RoutingSubTestCoordinatorTrait::State	1942	COMMUNITY_REPORTED		CATALOG_NO_GETTER	2	0x146A4B27A->0x146162150;0x146A4B282->0x146AD9A60
0x146A4B436	0x146A4B3F0	0x146A4B47D	0x146ADCF50	PROVIDER_UUID_CORRELATED	0AF84261-9199-418B-87A7-FCFA16BD5854	VerifyPeersAckedStepUpdateMsg	6437	COMMUNITY_REPORTED	0x146ADCF50	CATALOG_GETTER_MATCH	2	0x146A4B3FA->0x146162150;0x146A4B402->0x146ADCF50
0x146A4B616	0x146A4B5D0	0x146A4B65D	0x146ACEEC0	PROVIDER_UUID_CORRELATED	519A3D71-F901-46B8-8969-F47B6FD492BC	PingMsg	1008	COMMUNITY_REPORTED		CATALOG_NO_GETTER	2	0x146A4B5DA->0x146162150;0x146A4B5E2->0x146ACEEC0
0x146A4B716	0x146A4B6D0	0x146A4B75D	0x1416F7720	PROVIDER_UUID_CORRELATED	64CEE0FB-B878-47B3-8377-B45A9C9BA884	Amazon::Hub::ReplicationPerformanceData	18	COMMUNITY_REPORTED		CATALOG_NO_GETTER	2	0x146A4B6DA->0x146162150;0x146A4B6E2->0x1416F7720
0x146A4BA26	0x146A4B9E0	0x146A4BA6D	0x14463B520	PROVIDER_UUID_CORRELATED	D67C3D69-8E0A-4A6E-B358-3CA622D515A1	Amazon::Hub::SingletonPeeringTrait::State	783	COMMUNITY_REPORTED		CATALOG_NO_GETTER	2	0x146A4B9EA->0x146162150;0x146A4B9F2->0x14463B520
0x146A4BB26	0x146A4BAE0	0x146A4BB6D	0x146AC74B0	PROVIDER_UUID_CORRELATED	2BBF39F0-E744-4C00-86A1-806067AA302F	IdentifierAckMsg	5	COMMUNITY_REPORTED		CATALOG_NO_GETTER	2	0x146A4BAEA->0x146162150;0x146A4BAF2->0x146AC74B0
0x146A4BC56	0x146A4BC10	0x146A4BC9D	0x146ADBFE0	PROVIDER_UUID_CORRELATED	0A7BD6FA-9BDB-4983-BF3F-98ED9FA82EC9	TogglePersistenceHeapProfilerMessage	862	COMMUNITY_REPORTED		CATALOG_NO_GETTER	2	0x146A4BC1A->0x146162150;0x146A4BC22->0x146ADBFE0
0x146A4BD86	0x146A4BD40	0x146A4BDCD	0x146AC0F80	PROVIDER_UUID_CORRELATED	E00F4B58-7475-4BEB-921A-F50594717801	AdvanceTestMsg	2227	COMMUNITY_REPORTED	0x146AC0F80	CATALOG_GETTER_MATCH	2	0x146A4BD4A->0x146162150;0x146A4BD52->0x146AC0F80
0x146A4BE26	0x146A4BDE0	0x146A4BE6D	0x146ADC8D0	PROVIDER_UUID_CORRELATED	37261A46-6E81-4835-8CCC-1DA16ADF7077	UpdatePeerStateMsg	6439	COMMUNITY_REPORTED	0x146ADC8D0	CATALOG_GETTER_MATCH	2	0x146A4BDEA->0x146162150;0x146A4BDF2->0x146ADC8D0
0x146A4BF16	0x146A4BED0	0x146A4BF5D	0x146ACF0E0	PROVIDER_UUID_CORRELATED	1F141400-3979-4069-ACBB-CE11F549DC64	PokeMsg	1009	COMMUNITY_REPORTED	0x146ACF0E0	CATALOG_GETTER_MATCH	2	0x146A4BEDA->0x146162150;0x146A4BEE2->0x146ACF0E0
0x146A4C016	0x146A4BFD0	0x146A4C05D	0x146437070	PROVIDER_UUID_CORRELATED	8A40AEC2-AE07-4F92-9BF3-78FC0CC94FDF	Amazon::Hub::ReplicatedStateBundle	8	COMMUNITY_REPORTED	0x146437070	CATALOG_GETTER_MATCH	2	0x146A4BFDA->0x146162150;0x146A4BFE2->0x146437070
0x146A4C0C6	0x146A4C080	0x146A4C10D	0x146ACD1F0	PROVIDER_UUID_CORRELATED	AC4E9409-EA7D-41EA-997C-EB3CA4C77639	OnPeerChangedMsg	788	COMMUNITY_REPORTED		CATALOG_NO_GETTER	2	0x146A4C08A->0x146162150;0x146A4C092->0x146ACD1F0
0x146A4C176	0x146A4C130	0x146A4C1BD	0x146AC48B0	PROVIDER_UUID_CORRELATED	7B5A0CA3-923A-4D01-903F-82984D306E4B	DumpPersistenceHeapProfilerMessage	731	COMMUNITY_REPORTED		CATALOG_NO_GETTER	2	0x146A4C13A->0x146162150;0x146A4C142->0x146AC48B0
0x146A4C266	0x146A4C220	0x146A4C2AD	0x146AC76D0	PROVIDER_UUID_CORRELATED	EDAB248A-BA47-43C8-9FC8-79B74D362E91	IdentifierCompleteMsg	6	COMMUNITY_REPORTED		CATALOG_NO_GETTER	2	0x146A4C22A->0x146162150;0x146A4C232->0x146AC76D0
0x146A4C436	0x146A4C3F0	0x146A4C47D	0x146ADCD20	PROVIDER_UUID_CORRELATED	254F3D8E-5899-4206-88C7-FEE4A7362192	UpgradeVersionMsg	371	COMMUNITY_REPORTED	0x146ADCD20	CATALOG_GETTER_MATCH	2	0x146A4C3FA->0x146162150;0x146A4C402->0x146ADCD20
0x146A4C526	0x146A4C4E0	0x146A4C56D	0x146AC2560	PROVIDER_UUID_CORRELATED	A0DCFEFC-2684-48B6-A7EF-83BEDFF00E45	ConfigurablePayloadMsg	1011	COMMUNITY_REPORTED	0x146AC2560	CATALOG_GETTER_MATCH	2	0x146A4C4EA->0x146162150;0x146A4C4F2->0x146AC2560
0x146A4C5C6	0x146A4C580	0x146A4C60D	0x146AC2E30	PROVIDER_UUID_CORRELATED	9719FAEC-9A26-4A60-AEF5-6C018A9819AE	ContinueLifecycleStartupMsg	1284	COMMUNITY_REPORTED	0x146AC2E30	CATALOG_GETTER_MATCH	2	0x146A4C58A->0x146162150;0x146A4C592->0x146AC2E30
0x146A4C886	0x146A4C840	0x146A4C8CD	0x146437270	PROVIDER_UUID_CORRELATED	FE59B513-CEB7-4BC2-80E6-545A8C492591	Amazon::Hub::ReplicationControl	9	COMMUNITY_REPORTED		CATALOG_NO_GETTER	2	0x146A4C84A->0x146162150;0x146A4C852->0x146437270
0x146A4C926	0x146A4C8E0	0x146A4C96D	0x146AC6550	PROVIDER_UUID_CORRELATED	36A8E1BC-C145-4BD1-8354-78C8B644DECD	HubEndpointSharingTrait	689	COMMUNITY_REPORTED		CATALOG_NO_GETTER	2	0x146A4C8EA->0x146162150;0x146A4C8F2->0x146AC6550
0x146A4CA16	0x146A4C9D0	0x146A4CA5D	0x146AD1EB0	PROVIDER_UUID_CORRELATED	6DB579D8-ABA4-48FA-B62E-878679B91847	RestoreActorsSpatialMessage	863	COMMUNITY_REPORTED	0x146AD1EB0	CATALOG_GETTER_MATCH	2	0x146A4C9DA->0x146162150;0x146A4C9E2->0x146AD1EB0
0x146A4CBC6	0x146A4CB80	0x146A4CC0D	0x146ACDF10	PROVIDER_UUID_CORRELATED	42DE4FF0-F4F6-4660-82FA-525CF7795666	PeerPresenceAckMsg	598	COMMUNITY_REPORTED	0x146ACDF10	CATALOG_GETTER_MATCH	2	0x146A4CB8A->0x146162150;0x146A4CB92->0x146ACDF10
0x146A4CC86	0x146A4CC40	0x146A4CCCD	0x146AD7250	PROVIDER_UUID_CORRELATED	22BC2ED7-AB58-4941-A099-1EFB69980D00	StartTestMsg	1014	COMMUNITY_REPORTED	0x146AD7250	CATALOG_GETTER_MATCH	2	0x146A4CC4A->0x146162150;0x146A4CC52->0x146AD7250
0x146A4CD26	0x146A4CCE0	0x146A4CD6D	0x146ACB7D0	PROVIDER_UUID_CORRELATED	DF0B0A76-CC04-4B02-9F8C-4B8607DF695B	OnActorMigratedMsg	2228	COMMUNITY_REPORTED	0x146ACB7D0	CATALOG_GETTER_MATCH	2	0x146A4CCEA->0x146162150;0x146A4CCF2->0x146ACB7D0
0x146A4CFB6	0x146A4CF70	0x146A4CFFD	0x141706F20	PROVIDER_UUID_CORRELATED	65231228-888D-4E27-8396-A0D798C4BA1B	Amazon::Hub::SystemMessage	772	COMMUNITY_REPORTED		CATALOG_NO_GETTER	2	0x146A4CF7A->0x146162150;0x146A4CF82->0x141706F20
0x146A4D2F6	0x146A4D2B0	0x146A4D33D	0x146AD7F60	PROVIDER_UUID_CORRELATED	D6B5D7ED-D579-4B55-95F0-CAD18F35E01B	HubEndpointSharingTrait::State	691	COMMUNITY_REPORTED		CATALOG_NO_GETTER	2	0x146A4D2BA->0x146162150;0x146A4D2C2->0x146AD7F60
0x146A4D436	0x146A4D3F0	0x146A4D47D	0x146ACF770	PROVIDER_UUID_CORRELATED	30F45BEB-3B25-4AD9-86B8-4EE5CAC3B704	QueryActorsMonikerMessage	866	COMMUNITY_REPORTED	0x146ACF770	CATALOG_GETTER_MATCH	2	0x146A4D3FA->0x146162150;0x146A4D402->0x146ACF770
0x146A4D556	0x146A4D510	0x146A4D59D	0x146AC4AF0	PROVIDER_UUID_CORRELATED	4208C33B-6441-4900-9C8D-168FFDCD3986	EndTestMsg	857	COMMUNITY_REPORTED	0x146AC4AF0	CATALOG_GETTER_MATCH	2	0x146A4D51A->0x146162150;0x146A4D522->0x146AC4AF0
0x146A4D626	0x146A4D5E0	0x146A4D66D	0x146ACC2C0	PROVIDER_UUID_CORRELATED	0E72C80F-31C3-4E8F-9B20-4762709F3D3E	OnListenerSubscribedMsg	2231	COMMUNITY_REPORTED	0x146ACC2C0	CATALOG_GETTER_MATCH	2	0x146A4D5EA->0x146162150;0x146A4D5F2->0x146ACC2C0
0x146A4D736	0x146A4D6F0	0x146A4D77D	0x146AC4F30	PROVIDER_UUID_CORRELATED	4845383E-16FA-4564-B0EB-979AE752FFED	ForgetPeerMsg	604	COMMUNITY_REPORTED	0x146AC4F30	CATALOG_GETTER_MATCH	2	0x146A4D6FA->0x146162150;0x146A4D702->0x146AC4F30
0x146A4D7E6	0x146A4D7A0	0x146A4D82D	0x146AC60D0	PROVIDER_UUID_CORRELATED	5BC6B8C9-E1DE-44C5-9463-5BC82E3F7131	HighPrioritySystemMessage	792	COMMUNITY_REPORTED		CATALOG_NO_GETTER	2	0x146A4D7AA->0x146162150;0x146A4D7B2->0x146AC60D0
0x146A4DB06	0x146A4DAC0	0x146A4DB4D	0x146AC0D50	PROVIDER_UUID_CORRELATED	285D5E35-0103-4B07-8A8E-B60793F12EE4	AddEndpointsMsg	692	COMMUNITY_REPORTED		CATALOG_NO_GETTER	2	0x146A4DACA->0x146162150;0x146A4DAD2->0x146AC0D50
0x146A4DC56	0x146A4DC10	0x146A4DC9D	0x146AD1C70	PROVIDER_UUID_CORRELATED	4D067B7A-6589-4F8D-9EB7-3C221E36EDFF	RestoreActorMonikerMessage	488	COMMUNITY_REPORTED		CATALOG_NO_GETTER	2	0x146A4DC1A->0x146162150;0x146A4DC22->0x146AD1C70
0x146A4DFB6	0x146A4DF70	0x146A4DFFD	0x146AD5EA0	PROVIDER_UUID_CORRELATED	1E93F466-CD84-4502-BA28-4632F80DD0FA	SetTargetsMsg	780	COMMUNITY_REPORTED	0x146AD5EA0	CATALOG_GETTER_MATCH	2	0x146A4DF7A->0x146162150;0x146A4DF82->0x146AD5EA0
0x146A4E056	0x146A4E010	0x146A4E09D	0x146ACDAB0	PROVIDER_UUID_CORRELATED	54C8A2E4-3CFB-461A-8509-142BC71EF376	OnTargetCrashedMsg	2233	COMMUNITY_REPORTED	0x146ACDAB0	CATALOG_GETTER_MATCH	2	0x146A4E01A->0x146162150;0x146A4E022->0x146ACDAB0
0x146A4E106	0x146A4E0C0	0x146A4E14D	0x146ACCB90	PROVIDER_UUID_CORRELATED	ECE7CB76-4BEB-44CC-897D-91AF6E1EA29B	OnPeerChangedMsg	605	COMMUNITY_REPORTED		CATALOG_NO_GETTER	2	0x146A4E0CA->0x146162150;0x146A4E0D2->0x146ACCB90
0x146A4E256	0x146A4E210	0x146A4E29D	0x146ADAA00	PROVIDER_UUID_CORRELATED	74A64FC9-ADFA-4799-B4EE-FBB00936B961	StopActorImmediateMessage	5301	COMMUNITY_REPORTED		CATALOG_NO_GETTER	2	0x146A4E21A->0x146162150;0x146A4E222->0x146ADAA00
0x146A4E7E6	0x146A4E7A0	0x146A4E82D	0x146AD20F0	PROVIDER_UUID_CORRELATED	7DC0BB86-A34F-4E6F-82F5-1487697AEC0A	RestoreCustomizedDataMessage	867	COMMUNITY_REPORTED		CATALOG_NO_GETTER	2	0x146A4E7AA->0x146162150;0x146A4E7B2->0x146AD20F0
0x146A4E8E6	0x146A4E8A0	0x146A4E92D	0x146AD0040	PROVIDER_UUID_CORRELATED	6FBC64FE-4CC1-4940-982C-88EB8D3DF9D6	RemoveEndpointsMsg	700	COMMUNITY_REPORTED		CATALOG_NO_GETTER	2	0x146A4E8AA->0x146162150;0x146A4E8B2->0x146AD0040
0x146A4E9C6	0x146A4E980	0x146A4EA0D	0x146AD6510	PROVIDER_UUID_CORRELATED	D1B5B725-B1B5-4A87-9582-AC4509FB9CC4	SpawnActorsMsg	574	COMMUNITY_REPORTED	0x146AD6510	CATALOG_GETTER_MATCH	2	0x146A4E98A->0x146162150;0x146A4E992->0x146AD6510
0x146A4EA66	0x146A4EA20	0x146A4EAAD	0x146ACDCE0	PROVIDER_UUID_CORRELATED	558C24EC-6697-420B-83BD-ACC4D1A42029	OnTargetSpawnedMsg	2237	COMMUNITY_REPORTED	0x146ACDCE0	CATALOG_GETTER_MATCH	2	0x146A4EA2A->0x146162150;0x146A4EA32->0x146ACDCE0
0x146A4EB16	0x146A4EAD0	0x146A4EB5D	0x146AC6790	PROVIDER_UUID_CORRELATED	017CEF4E-B293-4C59-8DF6-624F1607A060	HubLifecyclePeeringActor	609	COMMUNITY_REPORTED		CATALOG_NO_GETTER	2	0x146A4EADA->0x146162150;0x146A4EAE2->0x146AC6790
0x146A4EC16	0x146A4EBD0	0x146A4EC5D	0x146ADAC40	PROVIDER_UUID_CORRELATED	442CEAB3-214C-4CBA-AE74-86BEF3E62DB1	StopActorMessage	799	COMMUNITY_REPORTED		CATALOG_NO_GETTER	2	0x146A4EBDA->0x146162150;0x146A4EBE2->0x146ADAC40
0x146A4F0A6	0x146A4F060	0x146A4F0ED	0x146AC3940	PROVIDER_UUID_CORRELATED	400152C0-3E4D-43D2-AC06-9EA3C70179D0	DebugCommandActorBridge	568	COMMUNITY_REPORTED	0x146AC3940	CATALOG_GETTER_MATCH	2	0x146A4F06A->0x146162150;0x146A4F072->0x146AC3940
0x146A4F166	0x146A4F120	0x146A4F1AD	0x1416FFD20	PROVIDER_UUID_CORRELATED	A54CF5DE-99A4-46FB-B83F-0BE33D3D3EA4	Amazon::IPC::StartRestoringActorsByMonikerMessage	248	COMMUNITY_REPORTED		CATALOG_NO_GETTER	2	0x146A4F12A->0x146162150;0x146A4F132->0x1416FFD20
0x146A4F296	0x146A4F250	0x146A4F2DD	0x146ACAED0	PROVIDER_UUID_CORRELATED	55BED5C3-FB91-4851-8208-34A200073B87	NotifyHubCrashTrait	705	COMMUNITY_REPORTED		CATALOG_NO_GETTER	2	0x146A4F25A->0x146162150;0x146A4F262->0x146ACAED0
0x146A4F356	0x146A4F310	0x146A4F39D	0x146AC2790	PROVIDER_UUID_CORRELATED	0BB0C8EF-4A2A-43E1-A202-B1FA65CB0CAE	ConfigureTestActorsMsg	216	COMMUNITY_REPORTED	0x146AC2790	CATALOG_GETTER_MATCH	2	0x146A4F31A->0x146162150;0x146A4F322->0x146AC2790
0x146A4F3F6	0x146A4F3B0	0x146A4F43D	0x146AD0900	PROVIDER_UUID_CORRELATED	FFCD4567-B4DD-41E6-AF1A-392E3E75A0AF	RequestCrashMsg	2239	COMMUNITY_REPORTED	0x146AD0900	CATALOG_GETTER_MATCH	2	0x146A4F3BA->0x146162150;0x146A4F3C2->0x146AD0900
0x146A4F756	0x146A4F710	0x146A4F79D	0x146AC08E0	PROVIDER_UUID_CORRELATED	BC291EFA-72FE-4C7B-B9F6-859EE42FB1A0	ActorStatusNotificationMessage	449	COMMUNITY_REPORTED		CATALOG_NO_GETTER	2	0x146A4F71A->0x146162150;0x146A4F722->0x146AC08E0
0x146A4FB96	0x146A4FB50	0x146A4FBDD	0x146AD7D20	PROVIDER_UUID_CORRELATED	D35DD2E7-796B-44DA-8FF4-3FBFCA04DB38	DebugCommandActorBridge::State	575	COMMUNITY_REPORTED		CATALOG_NO_GETTER	2	0x146A4FB5A->0x146162150;0x146A4FB62->0x146AD7D20
0x146A4FFC6	0x146A4FF80	0x146A5000D	0x146AD2330	PROVIDER_UUID_CORRELATED	DF9F220C-1310-471A-9D94-D6A66A3A3027	RestoredActorByMonikerMessage	877	COMMUNITY_REPORTED	0x146AD2330	CATALOG_GETTER_MATCH	2	0x146A4FF8A->0x146162150;0x146A4FF92->0x146AD2330
0x146A50256	0x146A50210	0x146A5029D	0x146AD8F20	PROVIDER_UUID_CORRELATED	8DE0BE19-B832-4C6C-984E-586E36458596	NotifyHubCrashTrait::State	496	COMMUNITY_REPORTED		CATALOG_NO_GETTER	2	0x146A5021A->0x146162150;0x146A50222->0x146AD8F20
0x146A50326	0x146A502E0	0x146A5036D	0x146ACFBE0	PROVIDER_UUID_CORRELATED	655F8C9D-4BA8-43C9-9AD5-B97F55D26315	ReceiveManagerConfigurationMsg	886	COMMUNITY_REPORTED	0x146ACFBE0	CATALOG_GETTER_MATCH	2	0x146A502EA->0x146162150;0x146A502F2->0x146ACFBE0
0x146A503C6	0x146A50380	0x146A5040D	0x146AD0D60	PROVIDER_UUID_CORRELATED	977850BD-17CA-4625-A234-76A796D4035A	RequestShutdownTargetMsg	2240	COMMUNITY_REPORTED	0x146AD0D60	CATALOG_GETTER_MATCH	2	0x146A5038A->0x146162150;0x146A50392->0x146AD0D60
0x146A504C6	0x146A50480	0x146A5050D	0x146ACE7F0	PROVIDER_UUID_CORRELATED	1D4656F4-479E-4679-9BAF-148CFF1022DA	PersistenceRestoreActorMessage	810	COMMUNITY_REPORTED		CATALOG_NO_GETTER	2	0x146A5048A->0x146162150;0x146A50492->0x146ACE7F0
0x146A506F6	0x146A506B0	0x146A5073D	0x146AC83A0	PROVIDER_UUID_CORRELATED	8D8FC8F4-7059-4BFE-B334-146145372603	InitMsg	611	COMMUNITY_REPORTED		CATALOG_NO_GETTER	2	0x146A506BA->0x146162150;0x146A506C2->0x146AC83A0
0x146A50846	0x146A50800	0x146A5088D	0x146AD1A50	PROVIDER_UUID_CORRELATED	48D4F289-66FC-4EED-9097-D2D8205DBACD	ResponseMsg	583	COMMUNITY_REPORTED	0x146AD1A50	CATALOG_GETTER_MATCH	2	0x146A5080A->0x146162150;0x146A50812->0x146AD1A50
0x146A50906	0x146A508C0	0x146A5094D	0x146AD2570	PROVIDER_UUID_CORRELATED	9E24C382-A552-4CE6-B1FA-CDFEE069AD7C	RestoredCustomizedDataMessage	880	COMMUNITY_REPORTED		CATALOG_NO_GETTER	2	0x146A508CA->0x146162150;0x146A508D2->0x146AD2570
0x146A50A46	0x146A50A00	0x146A50A8D	0x146ACACA0	PROVIDER_UUID_CORRELATED	E0804A74-D828-4D11-ACF6-9554A0C30B75	NotifyHubCrashMsg	294	COMMUNITY_REPORTED		CATALOG_NO_GETTER	2	0x146A50A0A->0x146162150;0x146A50A12->0x146ACACA0
0x146A50AF6	0x146A50AB0	0x146A50B3D	0x146AD0F90	PROVIDER_UUID_CORRELATED	F75C3DCC-BBA2-4263-A8F3-80800F1B2EFE	RequestSpawnTargetMsg	2241	COMMUNITY_REPORTED	0x146AD0F90	CATALOG_GETTER_MATCH	2	0x146A50ABA->0x146162150;0x146A50AC2->0x146AD0F90
0x146A50BB6	0x146A50B70	0x146A50BFD	0x146436E70	PROVIDER_UUID_CORRELATED	425544EA-D7E7-433D-80B6-B7FD22F3DD6C	Amazon::Hub::PriorityQueueDebugPayload	5234	COMMUNITY_REPORTED		CATALOG_NO_GETTER	2	0x146A50B7A->0x146162150;0x146A50B82->0x146436E70
0x146A50C46	0x146A50C00	0x146A50C8D	0x146AC57F0	PROVIDER_UUID_CORRELATED	92076EDA-C7F2-4CF9-A3CD-10E3002E7109	GoodbyeMsg	668	COMMUNITY_REPORTED	0x146AC57F0	CATALOG_GETTER_MATCH	2	0x146A50C0A->0x146162150;0x146A50C12->0x146AC57F0
0x146A50D16	0x146A50CD0	0x146A50D5D	0x146AD06D0	PROVIDER_UUID_CORRELATED	5BDD7D92-95E2-4262-9AA0-99FB0412CFA4	ReportCompletePersistenceDataMessage	814	COMMUNITY_REPORTED		CATALOG_NO_GETTER	2	0x146A50CDA->0x146162150;0x146A50CE2->0x146AD06D0
0x146A51066	0x146A51020	0x146A510AD	0x146AD4690	PROVIDER_UUID_CORRELATED	6ABE078D-5AED-4547-8BFF-111D307CCE4A	SavedActorMessage	885	COMMUNITY_REPORTED	0x146AD4690	CATALOG_GETTER_MATCH	2	0x146A5102A->0x146162150;0x146A51032->0x146AD4690
0x146A514D6	0x146A51490	0x146A5151D	0x146AC3B80	PROVIDER_UUID_CORRELATED	39BE36A8-1E6F-4EB3-AAA0-60BF1CA921BB	DebugCommandActorBridgeActor	586	COMMUNITY_REPORTED		CATALOG_NO_GETTER	2	0x146A5149A->0x146162150;0x146A514A2->0x146AC3B80
0x146A518A6	0x146A51860	0x146A518ED	0x146AD7030	PROVIDER_UUID_CORRELATED	51713D60-46B8-4EBE-B112-C22059095FE5	StartTestMsg	2243	COMMUNITY_REPORTED		CATALOG_NO_GETTER	2	0x146A5186A->0x146162150;0x146A51872->0x146AD7030
0x146A51956	0x146A51910	0x146A5199D	0x146AD13F0	PROVIDER_UUID_CORRELATED	9F8599C1-6834-42DA-A2F3-B35922F7BB96	ResetMsg	1018	COMMUNITY_REPORTED		CATALOG_NO_GETTER	2	0x146A5191A->0x146162150;0x146A51922->0x146AD13F0
0x146A51B66	0x146A51B20	0x146A51BAD	0x146ABF770	PROVIDER_UUID_CORRELATED	6957B3D5-9237-4B25-8405-F0A85B23C454	ActorInitializedMessage	818	COMMUNITY_REPORTED		CATALOG_NO_GETTER	2	0x146A51B2A->0x146162150;0x146A51B32->0x146ABF770
0x146A51D76	0x146A51D30	0x146A51DBD	0x146AD48C0	PROVIDER_UUID_CORRELATED	3C6CC30A-918F-4433-9903-3B24FFEDDB50	SavedCustomizedDataMessage	894	COMMUNITY_REPORTED		CATALOG_NO_GETTER	2	0x146A51D3A->0x146162150;0x146A51D42->0x146AD48C0
0x146A51EA6	0x146A51E60	0x146A51EED	0x146ACCDB0	PROVIDER_UUID_CORRELATED	31A77472-6EC7-473C-AEF2-23E0F2B9A0C6	OnPeerChangedMsg	2245	COMMUNITY_REPORTED		CATALOG_NO_GETTER	2	0x146A51E6A->0x146162150;0x146A51E72->0x146ACCDB0
0x146A52016	0x146A51FD0	0x146A5205D	0x146AC1600	PROVIDER_UUID_CORRELATED	010CD6AD-18A5-40F8-A1C7-F6965630D218	ClearRegistryMsg	1022	COMMUNITY_REPORTED	0x146AC1600	CATALOG_GETTER_MATCH	2	0x146A51FDA->0x146162150;0x146A51FE2->0x146AC1600
0x146A520C6	0x146A52080	0x146A5210D	0x146AD5A30	PROVIDER_UUID_CORRELATED	76379217-B379-40FB-A250-2B71AAAA0185	SetInitListenerMessage	6394	COMMUNITY_REPORTED		CATALOG_NO_GETTER	2	0x146A5208A->0x146162150;0x146A52092->0x146AD5A30
0x146A526A6	0x146A52660	0x146A526ED	0x146AD4000	PROVIDER_UUID_CORRELATED	7D4DF6A4-7119-46EE-8137-7C7F331B0D84	SaveActorMessage	490	COMMUNITY_REPORTED	0x146AD4000	CATALOG_GETTER_MATCH	2	0x146A5266A->0x146162150;0x146A52672->0x146AD4000
0x146A52806	0x146A527C0	0x146A5284D	0x146AD32B0	PROVIDER_UUID_CORRELATED	1733CE39-0285-45E0-A093-EA35DC476F8A	RoutingSubTestCoordinatorActor	2246	COMMUNITY_REPORTED		CATALOG_NO_GETTER	2	0x146A527CA->0x146162150;0x146A527D2->0x146AD32B0
0x146A528C6	0x146A52880	0x146A5290D	0x146AC1820	PROVIDER_UUID_CORRELATED	63DE8B4F-D87D-424B-8A8B-38BD45B7CFF5	ClearRemoteRegistryMsg	526	COMMUNITY_REPORTED	0x146AC1820	CATALOG_GETTER_MATCH	2	0x146A5288A->0x146162150;0x146A52892->0x146AC1820
0x146A529E6	0x146A529A0	0x146A52A2D	0x146AD60C0	PROVIDER_UUID_CORRELATED	BF2DD614-4BED-4A09-8575-573BDD25F010	SetUpstreamDependencyMessage	6393	COMMUNITY_REPORTED		CATALOG_NO_GETTER	2	0x146A529AA->0x146162150;0x146A529B2->0x146AD60C0
0x146A52B26	0x146A52AE0	0x146A52B6D	0x146AC8180	PROVIDER_UUID_CORRELATED	342E6D38-7637-472F-8E39-48A888056EA9	InitMsg	479	COMMUNITY_REPORTED		CATALOG_NO_GETTER	2	0x146A52AEA->0x146162150;0x146A52AF2->0x146AC8180
0x146A52DD6	0x146A52D90	0x146A52E1D	0x146AC5A10	PROVIDER_UUID_CORRELATED	E4B2CF47-CA94-4464-AF20-7F2BE333C522	HighPrioritySaveActorMessage	900	COMMUNITY_REPORTED	0x146AC5A10	CATALOG_GETTER_MATCH	2	0x146A52D9A->0x146162150;0x146A52DA2->0x146AC5A10
0x146A533C6	0x146A53380	0x146A5340D	0x146ACCFD0	PROVIDER_UUID_CORRELATED	9613C3DD-1F73-41C8-984B-BDEE36AEC208	OnPeerChangedMsg	767	COMMUNITY_REPORTED		CATALOG_NO_GETTER	2	0x146A5338A->0x146162150;0x146A53392->0x146ACCFD0
0x146A534B6	0x146A53470	0x146A534FD	0x146AD04A0	PROVIDER_UUID_CORRELATED	47C2E563-F29E-4899-BAF4-05FEF6F60104	ReportActorDependenciesStatusMessage	679	COMMUNITY_REPORTED		CATALOG_NO_GETTER	2	0x146A5347A->0x146162150;0x146A53482->0x146AD04A0
0x146A53716	0x146A536D0	0x146A5375D	0x146AD4220	PROVIDER_UUID_CORRELATED	5C44369E-D9F7-4903-A66A-5DB3E3AC1ED3	SaveComponentsMessage	903	COMMUNITY_REPORTED	0x146AD4220	CATALOG_GETTER_MATCH	2	0x146A536DA->0x146162150;0x146A536E2->0x146AD4220
0x146A53866	0x146A53820	0x146A538AD	0x146AC6E30	PROVIDER_UUID_CORRELATED	A2693136-197C-41BB-80A1-A57CA9BB4EDB	HubLifecycleStateRequestTrait	613	COMMUNITY_REPORTED		CATALOG_NO_GETTER	2	0x146A5382A->0x146162150;0x146A53832->0x146AC6E30
0x146A53A16	0x146A539D0	0x146A53A5D	0x146AC9910	PROVIDER_UUID_CORRELATED	75538B51-8E0F-432F-8077-61B0A60854AC	LoadConfigurationMsg	600	COMMUNITY_REPORTED	0x146AC9910	CATALOG_GETTER_MATCH	2	0x146A539DA->0x146162150;0x146A539E2->0x146AC9910
0x146A53AC6	0x146A53A80	0x146A53B0D	0x146ADC450	PROVIDER_UUID_CORRELATED	97AE21EE-CD3B-4C2C-9F55-A410B27347EC	UnregisterStateAccessProxyMessage	6354	COMMUNITY_REPORTED		CATALOG_NO_GETTER	2	0x146A53A8A->0x146162150;0x146A53A92->0x146ADC450
0x146A53CD6	0x146A53C90	0x146A53D1D	0x146AC8E40	PROVIDER_UUID_CORRELATED	DE647312-5FB6-437A-8567-2707034ED8CC	InitMsg	2251	COMMUNITY_REPORTED		CATALOG_NO_GETTER	2	0x146A53C9A->0x146162150;0x146A53CA2->0x146AC8E40
0x146A53DF6	0x146A53DB0	0x146A53E3D	0x146AC5C50	PROVIDER_UUID_CORRELATED	A3E44838-7E5F-427F-8BF7-2F14892772E5	HighPrioritySaveComponentsMessage	905	COMMUNITY_REPORTED	0x146AC5C50	CATALOG_GETTER_MATCH	2	0x146A53DBA->0x146162150;0x146A53DC2->0x146AC5C50
0x146A53EB6	0x146A53E70	0x146A53EFD	0x146AD8630	PROVIDER_UUID_CORRELATED	0E43D220-A1B3-49A4-859D-CF5E4DC1EF48	HubLifecycleStateRequestTrait::State	141	COMMUNITY_REPORTED	0x146AD8630	CATALOG_GETTER_MATCH	2	0x146A53E7A->0x146162150;0x146A53E82->0x146AD8630
0x146A53FD6	0x146A53F90	0x146A5401D	0x146AD4B00	PROVIDER_UUID_CORRELATED	E4F5600E-5B4F-4860-B241-B9FC1901F0A1	ScaleTestActor	435	COMMUNITY_REPORTED	0x146AD4B00	CATALOG_GETTER_MATCH	2	0x146A53F9A->0x146162150;0x146A53FA2->0x146AD4B00
0x146A543D6	0x146A54390	0x146A5441D	0x146AD4450	PROVIDER_UUID_CORRELATED	F82B5887-EA0D-4B87-A86F-C707F788CB7E	SaveCustomizedDataMessage	338	COMMUNITY_REPORTED		CATALOG_NO_GETTER	2	0x146A5439A->0x146162150;0x146A543A2->0x146AD4450
0x146A54676	0x146A54630	0x146A546BD	0x146AC6BF0	PROVIDER_UUID_CORRELATED	97235ABF-F9EE-4B47-B36D-7B9533A7C951	HubLifecycleStateListenerTrait	616	COMMUNITY_REPORTED	0x146AC6BF0	CATALOG_GETTER_MATCH	2	0x146A5463A->0x146162150;0x146A54642->0x146AC6BF0
0x146A548D6	0x146A54890	0x146A5491D	0x146AC06A0	PROVIDER_UUID_CORRELATED	B00F18AC-C6F2-40A9-9E43-BAE50896702A	ActorStateCacheProxyTrait	511	COMMUNITY_REPORTED	0x146AC06A0	CATALOG_GETTER_MATCH	2	0x146A5489A->0x146162150;0x146A548A2->0x146AC06A0
0x146A55046	0x146A55000	0x146A5508D	0x146AC5E90	PROVIDER_UUID_CORRELATED	B89496F7-E2FB-4364-AB17-40D594779367	HighPrioritySaveCustomizedDataMessage	913	COMMUNITY_REPORTED		CATALOG_NO_GETTER	2	0x146A5500A->0x146162150;0x146A55012->0x146AC5E90
0x146A55136	0x146A550F0	0x146A5517D	0x146AD83F0	PROVIDER_UUID_CORRELATED	40376197-9746-4E8A-AEB5-819BF20FC4F8	HubLifecycleStateListenerTrait::State	621	COMMUNITY_REPORTED	0x146AD83F0	CATALOG_GETTER_MATCH	2	0x146A550FA->0x146162150;0x146A55102->0x146AD83F0
0x146A551E6	0x146A551A0	0x146A5522D	0x146AD78C0	PROVIDER_UUID_CORRELATED	85C5EA46-A734-4EE4-AAF5-707552458709	ActorStateCacheProxyTrait::State	514	COMMUNITY_REPORTED		CATALOG_NO_GETTER	2	0x146A551AA->0x146162150;0x146A551B2->0x146AD78C0
0x146A55376	0x146A55330	0x146A553BD	0x146AC9060	PROVIDER_UUID_CORRELATED	54FE9E3D-0F2A-42E5-AB99-F155E3EAEC2B	InitMsg	1026	COMMUNITY_REPORTED		CATALOG_NO_GETTER	2	0x146A5533A->0x146162150;0x146A55342->0x146AC9060
0x146A55626	0x146A555E0	0x146A5566D	0x146AC4680	PROVIDER_UUID_CORRELATED	77CF6891-CE44-4F37-9E97-B8254E23D547	DeleteActorMessage	919	COMMUNITY_REPORTED	0x146AC4680	CATALOG_GETTER_MATCH	2	0x146A555EA->0x146162150;0x146A555F2->0x146AC4680
0x146A557E6	0x146A557A0	0x146A5582D	0x146AD11C0	PROVIDER_UUID_CORRELATED	39465258-419E-4E0D-B549-63549573DEC6	RequestStateMsg	623	COMMUNITY_REPORTED	0x146AD11C0	CATALOG_GETTER_MATCH	2	0x146A557AA->0x146162150;0x146A557B2->0x146AD11C0
0x146A55A46	0x146A55A00	0x146A55A8D	0x146AC5390	PROVIDER_UUID_CORRELATED	62F68299-7BB2-4E0A-90D9-B664BD363DAE	FragmentUpdateMsg	516	COMMUNITY_REPORTED		CATALOG_NO_GETTER	2	0x146A55A0A->0x146162150;0x146A55A12->0x146AC5390
0x146A55B86	0x146A55B40	0x146A55BCD	0x146AD4F40	PROVIDER_UUID_CORRELATED	A1955094-9455-49FE-AAF7-62CE3AEEED04	ScaleTestManagerActor	619	COMMUNITY_REPORTED		CATALOG_NO_GETTER	2	0x146A55B4A->0x146162150;0x146A55B52->0x146AD4F40
0x146A55C36	0x146A55BF0	0x146A55C7D	0x146AC0B20	PROVIDER_UUID_CORRELATED	96C829CE-DFBC-4763-959C-32A6B22D81EF	AddActorMessage	121	COMMUNITY_REPORTED	0x146AC0B20	CATALOG_GETTER_MATCH	2	0x146A55BFA->0x146162150;0x146A55C02->0x146AC0B20
0x146A55E76	0x146A55E30	0x146A55EBD	0x146ACD650	PROVIDER_UUID_CORRELATED	678DA812-D9D1-45B5-BFB7-07A631F394DE	OnStateChangedMsg	629	COMMUNITY_REPORTED	0x146ACD650	CATALOG_GETTER_MATCH	2	0x146A55E3A->0x146162150;0x146A55E42->0x146ACD650
0x146A55FF6	0x146A55FB0	0x146A5603D	0x146AC55C0	PROVIDER_UUID_CORRELATED	560A34B3-9ACC-473F-93A4-A62A78DE39A2	FragmentUpdatesMsg	7	COMMUNITY_REPORTED		CATALOG_NO_GETTER	2	0x146A55FBA->0x146162150;0x146A55FC2->0x146AC55C0
0x146A561C6	0x146A56180	0x146A5620D	0x146ACAA70	PROVIDER_UUID_CORRELATED	764599E8-3D44-4EB3-BF44-77097CB414E3	NotifyActorMigrationCompletedMessage	921	COMMUNITY_REPORTED	0x146ACAA70	CATALOG_GETTER_MATCH	2	0x146A5618A->0x146162150;0x146A56192->0x146ACAA70
0x146A56B56	0x146A56B10	0x146A56B9D	0x146ACA840	PROVIDER_UUID_CORRELATED	9D63D9BD-09DA-45C4-B209-4DD5A924A295	NoFragmentsPresentMsg	178	COMMUNITY_REPORTED	0x146ACA840	CATALOG_GETTER_MATCH	2	0x146A56B1A->0x146162150;0x146A56B22->0x146ACA840
0x146A56BF6	0x146A56BB0	0x146A56C3D	0x146ACB110	PROVIDER_UUID_CORRELATED	D13480C9-F0E3-493E-A430-A2D86114FD4D	NotifyHubPersistenceLifecycleEventMessage	922	COMMUNITY_REPORTED	0x146ACB110	CATALOG_GETTER_MATCH	2	0x146A56BBA->0x146162150;0x146A56BC2->0x146ACB110
0x146A56F46	0x146A56F00	0x146A56F8D	0x146AC9280	PROVIDER_UUID_CORRELATED	563984E7-B641-403D-BB9D-048DA49EFE7B	InitMsg	924	COMMUNITY_REPORTED		CATALOG_NO_GETTER	2	0x146A56F0A->0x146162150;0x146A56F12->0x146AC9280
0x146A57CC6	0x146A57C80	0x146A57D0D	0x146ACB590	PROVIDER_UUID_CORRELATED	60010CC6-63A2-48A4-B23D-5C9B3411C48A	NotifyPersistenceStartupResultMessage	929	COMMUNITY_REPORTED	0x146ACB590	CATALOG_GETTER_MATCH	2	0x146A57C8A->0x146162150;0x146A57C92->0x146ACB590
0x146A57E36	0x146A57DF0	0x146A57E7D	0x146AD6DF0	PROVIDER_UUID_CORRELATED	5F4CE846-ECBC-415B-AAE0-85F7E83CDE2C	StartObservingFragmentMsg	532	COMMUNITY_REPORTED	0x146AD6DF0	CATALOG_GETTER_MATCH	2	0x146A57DFA->0x146162150;0x146A57E02->0x146AD6DF0
0x146A58966	0x146A58920	0x146A589AD	0x146AD5C60	PROVIDER_UUID_CORRELATED	469C406F-253C-44B8-BDCC-14388F68B629	SetPersistenceWorldIDMessage	104	COMMUNITY_REPORTED	0x146AD5C60	CATALOG_GETTER_MATCH	2	0x146A5892A->0x146162150;0x146A58932->0x146AD5C60
0x146A58A96	0x146A58A50	0x146A58ADD	0x146ADB0A0	PROVIDER_UUID_CORRELATED	A9ED156F-21D9-491E-83EA-330586A5095A	StopObservingFragmentMsg	534	COMMUNITY_REPORTED	0x146ADB0A0	CATALOG_GETTER_MATCH	2	0x146A58A5A->0x146162150;0x146A58A62->0x146ADB0A0
0x146A59246	0x146A59200	0x146A5928D	0x146ABF9B0	PROVIDER_UUID_CORRELATED	92D4A272-073A-4EA6-9193-FFC522447CC1	ActorMover	706	COMMUNITY_REPORTED		CATALOG_NO_GETTER	2	0x146A5920A->0x146162150;0x146A59212->0x146ABF9B0
0x146A595D6	0x146A59590	0x146A5961D	0x146AD29D0	PROVIDER_UUID_CORRELATED	84B244A3-D554-4E6C-B4CB-0D9AB1E38E31	RetroactiveFinalSaveMessage	5933	COMMUNITY_REPORTED	0x146AD29D0	CATALOG_GETTER_MATCH	2	0x146A5959A->0x146162150;0x146A595A2->0x146AD29D0
0x146A59846	0x146A59800	0x146A5988D	0x146ADAE60	PROVIDER_UUID_CORRELATED	2F2215A8-013C-42A7-BD57-3B9F41E43BCB	StopObservingFragment2Msg	540	COMMUNITY_REPORTED	0x146ADAE60	CATALOG_GETTER_MATCH	2	0x146A5980A->0x146162150;0x146A59812->0x146ADAE60
0x146A598F6	0x146A598B0	0x146A5993D	0x146AD3BB0	PROVIDER_UUID_CORRELATED	7090CE8C-2FB5-47A2-A369-4DD16137572D	RoutingTrait	281	COMMUNITY_REPORTED	0x146AD3BB0	CATALOG_GETTER_MATCH	2	0x146A598BA->0x146162150;0x146A598C2->0x146AD3BB0
0x146A5A6F6	0x146A5A6B0	0x146A5A73D	0x146AD7690	PROVIDER_UUID_CORRELATED	DAFAE3C4-68A5-4C6A-95BF-3F63669D2742	ActorMover::State	27	COMMUNITY_REPORTED		CATALOG_NO_GETTER	2	0x146A5A6BA->0x146162150;0x146A5A6C2->0x146AD7690
0x146A5AB26	0x146A5AAE0	0x146A5AB6D	0x146AD9EE0	PROVIDER_UUID_CORRELATED	5625D97B-39E6-44AB-A790-75729E6661AF	RoutingTrait::State	966	COMMUNITY_REPORTED	0x146AD9EE0	CATALOG_GETTER_MATCH	2	0x146A5AAEA->0x146162150;0x146A5AAF2->0x146AD9EE0
0x146A5ABC6	0x146A5AB80	0x146A5AC0D	0x146AC0470	PROVIDER_UUID_CORRELATED	C0DE469B-C00C-4076-BABE-FE1A2DE76D73	ActorStateCacheProxy	267	COMMUNITY_REPORTED	0x146AC0470	CATALOG_GETTER_MATCH	2	0x146A5AB8A->0x146162150;0x146A5AB92->0x146AC0470
0x146A5AFA6	0x146A5AF60	0x146A5AFED	0x146AC9D70	PROVIDER_UUID_CORRELATED	5570CFB7-0C5C-475E-BB19-D8FBC3FD8D32	MoveActorMsg	710	COMMUNITY_REPORTED	0x146AC9D70	CATALOG_GETTER_MATCH	2	0x146A5AF6A->0x146162150;0x146A5AF72->0x146AC9D70
0x146A5B2B6	0x146A5B270	0x146A5B2FD	0x146AD0B30	PROVIDER_UUID_CORRELATED	87586F4E-7F71-4B87-9498-87471EC495CB	RequestRecordsMsg	247	COMMUNITY_REPORTED	0x146AD0B30	CATALOG_GETTER_MATCH	2	0x146A5B27A->0x146162150;0x146A5B282->0x146AD0B30
0x146A5B536	0x146A5B4F0	0x146A5B57D	0x141709120	PROVIDER_UUID_CORRELATED	8BCB5F37-D9E2-43B0-A03B-368A0541BA9F	Amazon::Hub::TraitActor	116	COMMUNITY_REPORTED		CATALOG_NO_GETTER	2	0x146A5B4FA->0x146162150;0x146A5B502->0x141709120
0x146A5BBA6	0x146A5BB60	0x146A5BBED	0x146AC9F90	PROVIDER_UUID_CORRELATED	0A8F6818-915C-4700-9C33-463862BBE5F0	MoveActorToHubMsg	718	COMMUNITY_REPORTED	0x146AC9F90	CATALOG_GETTER_MATCH	2	0x146A5BB6A->0x146162150;0x146A5BB72->0x146AC9F90
0x146A5BDD6	0x146A5BD90	0x146A5BE1D	0x146ADCB00	PROVIDER_UUID_CORRELATED	8F4BB6BA-3F76-48C7-8BD7-D777BDC61E0B	UpdateRecordsMsg	970	COMMUNITY_REPORTED	0x146ADCB00	CATALOG_GETTER_MATCH	2	0x146A5BD9A->0x146162150;0x146A5BDA2->0x146ADCB00
0x146A5C316	0x146A5C2D0	0x146A5C35D	0x146AC7D40	PROVIDER_UUID_CORRELATED	177E0CFF-F70C-4D87-9551-B3010EA29389	InitMsg	548	COMMUNITY_REPORTED	0x146AC7D40	CATALOG_GETTER_MATCH	2	0x146A5C2DA->0x146162150;0x146A5C2E2->0x146AC7D40
0x146A5C4E6	0x146A5C4A0	0x146A5C52D	0x146ACF530	PROVIDER_UUID_CORRELATED	4C220B64-C728-4D31-9C1E-6244E8089215	ProcessDeferredMovementRequestsMsg	723	COMMUNITY_REPORTED	0x146ACF530	CATALOG_GETTER_MATCH	2	0x146A5C4AA->0x146162150;0x146A5C4B2->0x146ACF530
0x146A5CA46	0x146A5CA00	0x146A5CA8D	0x146AD1600	PROVIDER_UUID_CORRELATED	EEAD05BB-5FE1-4C67-B053-93CE4A3B22AA	ResetRecordMsg	6279	COMMUNITY_REPORTED	0x146AD1600	CATALOG_GETTER_MATCH	2	0x146A5CA0A->0x146162150;0x146A5CA12->0x146AD1600
0x146A5CAF6	0x146A5CAB0	0x146A5CB3D	0x1416EA320	PROVIDER_UUID_CORRELATED	F05E34C6-AF1E-476D-9472-5FC118FC4503	PersistenceRestoreTrait	933	COMMUNITY_REPORTED		CATALOG_NO_GETTER	2	0x146A5CABA->0x146162150;0x146A5CAC2->0x1416EA320
0x146A5CCB6	0x146A5CC70	0x146A5CCFD	0x146AD6BB0	PROVIDER_UUID_CORRELATED	767FC9BF-1C8D-417F-AD19-C51E363D4DF0	StartMovementCommunicationMsg	726	COMMUNITY_REPORTED	0x146AD6BB0	CATALOG_GETTER_MATCH	2	0x146A5CC7A->0x146162150;0x146A5CC82->0x146AD6BB0
0x146A5CEA6	0x146A5CE60	0x146A5CEED	0x146AC29C0	PROVIDER_UUID_CORRELATED	A0511BD9-3E54-4E1D-A3AF-FF80C77E6A5A	ConfirmRecordRequestMsg	674	COMMUNITY_REPORTED	0x146AC29C0	CATALOG_GETTER_MATCH	2	0x146A5CE6A->0x146162150;0x146A5CE72->0x146AC29C0
0x146A5D146	0x146A5D100	0x146A5D18D	0x146AC1A50	PROVIDER_UUID_CORRELATED	2970E283-FCF3-4B6F-8F07-86D68BF3AE45	ClientProxy	551	COMMUNITY_REPORTED		CATALOG_NO_GETTER	2	0x146A5D10A->0x146162150;0x146A5D112->0x146AC1A50
0x146A5D1F6	0x146A5D1B0	0x146A5D23D	0x141703920	PROVIDER_UUID_CORRELATED	37C697D5-6C25-4CF5-A36A-46FD7AB9695C	PersistenceRestoreTrait::State	934	COMMUNITY_REPORTED		CATALOG_NO_GETTER	2	0x146A5D1BA->0x146162150;0x146A5D1C2->0x141703920
0x146A5D2E6	0x146A5D2A0	0x146A5D32D	0x146ACA610	PROVIDER_UUID_CORRELATED	4604A3CC-2CAC-4A93-A0E2-D330041777E6	MovementTimeoutMsg	736	COMMUNITY_REPORTED	0x146ACA610	CATALOG_GETTER_MATCH	2	0x146A5D2AA->0x146162150;0x146A5D2B2->0x146ACA610
0x146A5D716	0x146A5D6D0	0x146A5D75D	0x146AC2C00	PROVIDER_UUID_CORRELATED	D182278B-4909-4763-A56F-BA7319D8521A	ConfirmRecordResponseMsg	971	COMMUNITY_REPORTED	0x146AC2C00	CATALOG_GETTER_MATCH	2	0x146A5D6DA->0x146162150;0x146A5D6E2->0x146AC2C00
0x146A5D7A6	0x146A5D760	0x146A5D7ED	0x146ACEA30	PROVIDER_UUID_CORRELATED	9B1F3C3C-34EC-46CC-A3B2-2AFF2C85AE9D	PersistenceRestoreListenerTrait	25	COMMUNITY_REPORTED	0x146ACEA30	CATALOG_GETTER_MATCH	2	0x146A5D76A->0x146162150;0x146A5D772->0x146ACEA30
0x146A5D9A6	0x146A5D960	0x146A5D9ED	0x146ABF550	PROVIDER_UUID_CORRELATED	5AD005AE-375C-4F2D-A00E-3FF9F6F01069	AckMovementMsg	739	COMMUNITY_REPORTED	0x146ABF550	CATALOG_GETTER_MATCH	2	0x146A5D96A->0x146162150;0x146A5D972->0x146ABF550
0x146A5DA66	0x146A5DA20	0x146A5DAAD	0x146AC5150	PROVIDER_UUID_CORRELATED	B55C7649-434C-40B1-AA4F-54085F2BD931	ForwardedMessageMsg	974	COMMUNITY_REPORTED	0x146AC5150	CATALOG_GETTER_MATCH	2	0x146A5DA2A->0x146162150;0x146A5DA32->0x146AC5150
0x146A5DAF6	0x146A5DAB0	0x146A5DB3D	0x146AD93A0	PROVIDER_UUID_CORRELATED	99ACCFCD-86BC-458E-A5F9-9295B655E2D3	PersistenceRestoreListenerTrait::State	936	COMMUNITY_REPORTED	0x146AD93A0	CATALOG_GETTER_MATCH	2	0x146A5DABA->0x146162150;0x146A5DAC2->0x146AD93A0
0x146A5DC76	0x146A5DC30	0x146A5DCBD	0x146AC11A0	PROVIDER_UUID_CORRELATED	A9DA71B4-4DCF-46E6-AFA2-DBBE9E5CED0E	CancelMovementMsg	5342	COMMUNITY_REPORTED	0x146AC11A0	CATALOG_GETTER_MATCH	2	0x146A5DC3A->0x146162150;0x146A5DC42->0x146AC11A0
0x146A5DD26	0x146A5DCE0	0x146A5DD6D	0x146AD6730	PROVIDER_UUID_CORRELATED	5BA02FA9-76CF-49BE-9CD0-B0CE9F789C83	SpawnRestoredMonikerActorMsg	42	COMMUNITY_REPORTED	0x146AD6730	CATALOG_GETTER_MATCH	2	0x146A5DCEA->0x146162150;0x146A5DCF2->0x146AD6730
0x146A5DF46	0x146A5DF00	0x146A5DF8D	0x146ACFE20	PROVIDER_UUID_CORRELATED	F6E76F4F-B038-4558-8C4D-905D5FCA117B	RegistryMsg	978	COMMUNITY_REPORTED		CATALOG_NO_GETTER	2	0x146A5DF0A->0x146162150;0x146A5DF12->0x146ACFE20
0x146A5E1A6	0x146A5E160	0x146A5E1ED	0x146ACF9B0	PROVIDER_UUID_CORRELATED	B232749E-1C9B-4B96-BD9A-8AD04A23B6B4	ReceiveActorMsg	522	COMMUNITY_REPORTED	0x146ACF9B0	CATALOG_GETTER_MATCH	2	0x146A5E16A->0x146162150;0x146A5E172->0x146ACF9B0
0x146A5E466	0x146A5E420	0x146A5E4AD	0x146AD6970	PROVIDER_UUID_CORRELATED	26CF40AC-AABB-4DB5-98E9-FA1C47203FBC	SpawnRestoredSpatialActorMsg	938	COMMUNITY_REPORTED	0x146AD6970	CATALOG_GETTER_MATCH	2	0x146A5E42A->0x146162150;0x146A5E432->0x146AD6970
0x146A5E556	0x146A5E510	0x146A5E59D	0x146AD3970	PROVIDER_UUID_CORRELATED	93909986-E94D-4A08-87BB-1F0292231DCE	RoutingSubscribeMsg	893	COMMUNITY_REPORTED		CATALOG_NO_GETTER	2	0x146A5E51A->0x146162150;0x146A5E522->0x146AD3970
0x146A5E7E6	0x146A5E7A0	0x146A5E82D	0x146AC20F0	PROVIDER_UUID_CORRELATED	78EC38B5-D408-4F06-8AAF-60E7FDA45CEE	CommitMovementMsg	740	COMMUNITY_REPORTED	0x146AC20F0	CATALOG_GETTER_MATCH	2	0x146A5E7AA->0x146162150;0x146A5E7B2->0x146AC20F0
0x146A5E956	0x146A5E910	0x146A5E99D	0x146AD6300	PROVIDER_UUID_CORRELATED	AE4965AD-6CDE-47DC-BA20-D622F08F5F86	Shuffler	486	COMMUNITY_REPORTED		CATALOG_NO_GETTER	2	0x146A5E91A->0x146162150;0x146A5E922->0x146AD6300
0x146A5EA16	0x146A5E9D0	0x146A5EA5D	0x146AD3DD0	PROVIDER_UUID_CORRELATED	B411E896-6873-4B88-A325-5A64DE99E1AB	RoutingUnsubscribeMsg	457	COMMUNITY_REPORTED		CATALOG_NO_GETTER	2	0x146A5E9DA->0x146162150;0x146A5E9E2->0x146AD3DD0
0x146A5EAC6	0x146A5EA80	0x146A5EB0D	0x146ACD410	PROVIDER_UUID_CORRELATED	5F36C8AF-2DCA-4BA5-B6F7-8225F77D2FD2	OnSpatialRestoreFinishedMsg	939	COMMUNITY_REPORTED	0x146ACD410	CATALOG_GETTER_MATCH	2	0x146A5EA8A->0x146162150;0x146A5EA92->0x146ACD410
0x146A5EE36	0x146A5EDF0	0x146A5EE7D	0x146ABF0F0	PROVIDER_UUID_CORRELATED	ADAA28E6-B831-4505-8F05-FE32E000BD5D	AbortMovementMsg	745	COMMUNITY_REPORTED	0x146ABF0F0	CATALOG_GETTER_MATCH	2	0x146A5EDFA->0x146162150;0x146A5EE02->0x146ABF0F0
0x146A5EF16	0x146A5EED0	0x146A5EF5D	0x146ADA7D0	PROVIDER_UUID_CORRELATED	118EA477-A77A-4BE4-81B5-455FB2A66D49	Shuffler::State	492	COMMUNITY_REPORTED	0x146ADA7D0	CATALOG_GETTER_MATCH	2	0x146A5EEDA->0x146162150;0x146A5EEE2->0x146ADA7D0
0x146A5F1D6	0x146A5F190	0x146A5F21D	0x146ABFE00	PROVIDER_UUID_CORRELATED	9E643451-7226-451D-A371-F3753F330664	ActorQueryMsg	981	COMMUNITY_REPORTED		CATALOG_NO_GETTER	2	0x146A5F19A->0x146162150;0x146A5F1A2->0x146ABFE00
0x146A5F736	0x146A5F6F0	0x146A5F77D	0x146AC13D0	PROVIDER_UUID_CORRELATED	44BA8334-C3AA-476E-855C-27364BF8A964	CheckMovementStatusMsg	747	COMMUNITY_REPORTED	0x146AC13D0	CATALOG_GETTER_MATCH	2	0x146A5F6FA->0x146162150;0x146A5F702->0x146AC13D0
0x146A5F7E6	0x146A5F7A0	0x146A5F82D	0x146ACA1C0	PROVIDER_UUID_CORRELATED	4D1E559D-3E99-4171-9DAF-58810E245447	MoveAnActorMsg	84	COMMUNITY_REPORTED	0x146ACA1C0	CATALOG_GETTER_MATCH	2	0x146A5F7AA->0x146162150;0x146A5F7B2->0x146ACA1C0
0x146A618A6	0x146A61860	0x146A618ED	0x146AC0020	PROVIDER_UUID_CORRELATED	63361B9B-156B-428D-8B05-1E4DFF308203	ActorQueryResponseMsg	765	COMMUNITY_REPORTED		CATALOG_NO_GETTER	2	0x146A6186A->0x146162150;0x146A61872->0x146AC0020
