callsite	target	primitive	function_start	function_end	function_size	unwind
0x1407C1D79	0x14087B5C0	prefix_uint32	0x1407C1C80	0x1407C1DE3	355	0x1497C4784
0x1407C1F5C	0x140878610	raw_bytes	0x1407C1F00	0x1407C1F97	151	0x1497C4658
0x1407C213A	0x140878610	raw_bytes	0x1407C20A0	0x1407C221D	381	0x1497C4B04
0x1407C21D2	0x14087A220	uint32_be	0x1407C20A0	0x1407C221D	381	0x1497C4B04
0x1407C2557	0x140878610	raw_bytes	0x1407C24A0	0x1407C2663	451	0x1497C4B18
0x1407C261A	0x14087A220	uint32_be	0x1407C24A0	0x1407C2663	451	0x1497C4B18
0x1407C29B0	0x14087B5C0	prefix_uint32	0x1407C2960	0x1407C29D7	119	0x1497C47D4
0x1407C2A7E	0x140878610	raw_bytes	0x1407C2A60	0x1407C2AD4	116	0x1497C47FC
0x1407C2CCB	0x14087A220	uint32_be	0x1407C2B70	0x1407C2DD1	609	0x1497C4B2C
0x1407C2D57	0x14087A220	uint32_be	0x1407C2B70	0x1407C2DD1	609	0x1497C4B2C
0x1407C7CA8	0x14087A220	uint32_be	0x1407C7C00	0x1407C7D0D	269	0x1497C4DE0
0x1407C8ACC	0x140878610	raw_bytes	0x1407C8A70	0x1407C8B07	151	0x1497C4658
0x1407C8C4C	0x140878610	raw_bytes	0x1407C8BF0	0x1407C8C87	151	0x1497C4658
0x1407CC373	0x14087A220	uint32_be	0x1407CC300	0x1407CC412	274	0x1497C4A30
0x1407CC7D3	0x140878610	raw_bytes	0x1407CC740	0x1407CC860	288	0x1497C4A40
0x1407CD0CF	0x14087A220	uint32_be	0x1407CD040	0x1407CD1C8	392	0x1497C4C4C
0x1407CE128	0x14087A220	uint32_be	0x1407CE0F0	0x1407CE231	321	0x1497C4C7C
0x1407CE1D2	0x140878610	raw_bytes	0x1407CE0F0	0x1407CE231	321	0x1497C4C7C
0x1407CE684	0x14087A220	uint32_be	0x1407CE650	0x1407CE745	245	0x1497C4CC0
0x1407D0480	0x140878610	raw_bytes	0x1407D02C0	0x1407D04D7	535	0x1497C46F0
0x1407D3647	0x14087A220	uint32_be	0x1407D3620	0x1407D3684	100	0x149791D80
0x1407D36BF	0x14087A270	float32_be	0x1407D3690	0x1407D37A9	281	0x1497871D8
0x1407D3700	0x14087A270	float32_be	0x1407D3690	0x1407D37A9	281	0x1497871D8
0x1407D3741	0x14087A270	float32_be	0x1407D3690	0x1407D37A9	281	0x1497871D8
0x1407D7C91	0x140878610	raw_bytes	0x1407D7C20	0x1407D7CD5	181	0x14977E768
0x1407D7D0F	0x14087A220	uint32_be	0x1407D7CE0	0x1407D7E59	377	0x1497C5284
0x1407D7D95	0x14087A220	uint32_be	0x1407D7CE0	0x1407D7E59	377	0x1497C5284
0x1407D7E8A	0x14087A270	float32_be	0x1407D7E60	0x1407D7EF8	152	0x1497870DC
0x1407D7EC9	0x14087A270	float32_be	0x1407D7E60	0x1407D7EF8	152	0x1497870DC
0x1407D7F2A	0x14087A270	float32_be	0x1407D7F00	0x1407D7FEB	235	0x1497870DC
0x1407D7F69	0x14087A270	float32_be	0x1407D7F00	0x1407D7FEB	235	0x1497870DC
0x1407D7FAA	0x14087A270	float32_be	0x1407D7F00	0x1407D7FEB	235	0x1497870DC
0x1407D802E	0x140878610	raw_bytes	0x1407D7FF0	0x1407D8091	161	0x1497C5A74
0x1407D807C	0x140878610	raw_bytes	0x1407D7FF0	0x1407D8091	161	0x1497C5A74
0x1407D8132	0x14087A220	uint32_be	0x1407D8111	0x1407D824A	313	0x1497C5AA0
0x1407D82E8	0x140878610	raw_bytes	0x1407D8250	0x1407D8333	227	0x1497B5AC8
0x1407D8371	0x140878610	raw_bytes	0x1407D8340	0x1407D83D6	150	0x1497870DC
0x1407D83AB	0x140878610	raw_bytes	0x1407D8340	0x1407D83D6	150	0x1497870DC
0x1407D85B5	0x14087A220	uint32_be	0x1407D8480	0x1407D861D	413	0x1497C0C14
0x1407D8671	0x14087A220	uint32_be	0x1407D8620	0x1407D8833	531	0x1497C5704
0x1407D86B8	0x14087A220	uint32_be	0x1407D8620	0x1407D8833	531	0x1497C5704
0x1407D8742	0x14087A220	uint32_be	0x1407D8620	0x1407D8833	531	0x1497C5704
0x1407D88E6	0x14087A220	uint32_be	0x1407D8840	0x1407D8A02	450	0x149782EC4
0x1407D8913	0x14087A220	uint32_be	0x1407D8840	0x1407D8A02	450	0x149782EC4
0x1407D8940	0x14087A220	uint32_be	0x1407D8840	0x1407D8A02	450	0x149782EC4
0x1407D8993	0x14087A220	uint32_be	0x1407D8840	0x1407D8A02	450	0x149782EC4
0x1407D8A3B	0x140878610	raw_bytes	0x1407D8A10	0x1407D8BAD	413	0x1497C5CA0
0x1407D8AAC	0x140878610	raw_bytes	0x1407D8A10	0x1407D8BAD	413	0x1497C5CA0
0x1407D8B0F	0x140878610	raw_bytes	0x1407D8A10	0x1407D8BAD	413	0x1497C5CA0
0x1407D8BE3	0x14087B5C0	prefix_uint32	0x1407D8BB0	0x1407D8CCA	282	0x14977E470
0x1407D8D0D	0x14087B5C0	prefix_uint32	0x1407D8CD0	0x1407D8EC9	505	0x1497C5D14
0x1407D8DC7	0x14087A220	uint32_be	0x1407D8CD0	0x1407D8EC9	505	0x1497C5D14
0x1407D8E0B	0x14087A220	uint32_be	0x1407D8CD0	0x1407D8EC9	505	0x1497C5D14
0x1407D8E6C	0x14087A220	uint32_be	0x1407D8CD0	0x1407D8EC9	505	0x1497C5D14
0x1407D8F04	0x14087A220	uint32_be	0x1407D8ED0	0x1407D9069	409	0x1497C56F0
0x1407D8F2B	0x14087A1C0	uint16_be	0x1407D8ED0	0x1407D9069	409	0x1497C56F0
0x1407D8F55	0x14087A1C0	uint16_be	0x1407D8ED0	0x1407D9069	409	0x1497C56F0
0x1407D8F82	0x14087A1C0	uint16_be	0x1407D8ED0	0x1407D9069	409	0x1497C56F0
0x1407D8FAF	0x14087A1C0	uint16_be	0x1407D8ED0	0x1407D9069	409	0x1497C56F0
0x1407D8FDC	0x14087A1C0	uint16_be	0x1407D8ED0	0x1407D9069	409	0x1497C56F0
0x1407D9005	0x14087A1C0	uint16_be	0x1407D8ED0	0x1407D9069	409	0x1497C56F0
0x1407D90B4	0x14087B5C0	prefix_uint32	0x1407D9070	0x1407D9251	481	0x1497C54C0
0x1407D91A2	0x14087A220	uint32_be	0x1407D9070	0x1407D9251	481	0x1497C54C0
0x1407D9287	0x14087B5C0	prefix_uint32	0x1407D9260	0x1407D92AE	78	0x1497C499C
0x1407D93E5	0x14087A220	uint32_be	0x1407D9380	0x1407D9414	148	0x1497870DC
0x1407D952D	0x14087A220	uint32_be	0x1407D94B0	0x1407D9612	354	0x14977E9A8
0x1407D95AF	0x140878610	raw_bytes	0x1407D94B0	0x1407D9612	354	0x14977E9A8
0x1407D9658	0x14087A220	uint32_be	0x1407D9620	0x1407D96BD	157	0x1497C4CF0
0x1407D96D5	0x14087A220	uint32_be	0x1407D96BD	0x1407D972B	110	0x1497C4D04
0x1407D9708	0x140878610	raw_bytes	0x1407D96BD	0x1407D972B	110	0x1497C4D04
0x1407D9854	0x14087A220	uint32_be	0x1407D9820	0x1407D98C1	161	0x14977E964
0x1407D99E1	0x140878610	raw_bytes	0x1407D9970	0x1407D9A25	181	0x14977E768
0x1407D9A6B	0x14087A220	uint32_be	0x1407D9A30	0x1407D9BE6	438	0x1497C5694
0x1407D9AE6	0x140878610	raw_bytes	0x1407D9A30	0x1407D9BE6	438	0x1497C5694
0x1407D9B1D	0x140878610	raw_bytes	0x1407D9A30	0x1407D9BE6	438	0x1497C5694
0x1407D9B54	0x140878610	raw_bytes	0x1407D9A30	0x1407D9BE6	438	0x1497C5694
0x1407D9C23	0x14087A220	uint32_be	0x1407D9BF0	0x1407D9CBE	206	0x14977E470
0x1407D9D25	0x140878610	raw_bytes	0x1407D9CC0	0x1407D9E64	420	0x14977E9A8
0x1407D9D49	0x140878610	raw_bytes	0x1407D9CC0	0x1407D9E64	420	0x14977E9A8
0x1407D9DB9	0x14087A220	uint32_be	0x1407D9CC0	0x1407D9E64	420	0x14977E9A8
0x1407D9DE6	0x140878610	raw_bytes	0x1407D9CC0	0x1407D9E64	420	0x14977E9A8
0x1407DA0E0	0x140878610	raw_bytes	0x1407DA0B0	0x1407DA13A	138	0x14977D3F0
0x1407DA17A	0x140878610	raw_bytes	0x1407DA140	0x1407DA212	210	0x1497C5A04
0x1407DA1C8	0x140878610	raw_bytes	0x1407DA140	0x1407DA212	210	0x1497C5A04
0x1407DA25A	0x140878610	raw_bytes	0x1407DA220	0x1407DA3BD	413	0x1497C56F0
0x1407DA29B	0x140878610	raw_bytes	0x1407DA220	0x1407DA3BD	413	0x1497C56F0
0x1407DA2EC	0x14087A220	uint32_be	0x1407DA220	0x1407DA3BD	413	0x1497C56F0
0x1407DA341	0x140878610	raw_bytes	0x1407DA220	0x1407DA3BD	413	0x1497C56F0
0x1407DA3FF	0x140878610	raw_bytes	0x1407DA3C0	0x1407DA5DD	541	0x14977E738
0x1407DA432	0x140878610	raw_bytes	0x1407DA3C0	0x1407DA5DD	541	0x14977E738
0x1407DA466	0x140878610	raw_bytes	0x1407DA3C0	0x1407DA5DD	541	0x14977E738
0x1407DA61A	0x140878610	raw_bytes	0x1407DA5E0	0x1407DA70C	300	0x1497C56F0
0x1407DA655	0x140878610	raw_bytes	0x1407DA5E0	0x1407DA70C	300	0x1497C56F0
0x1407DA689	0x140878610	raw_bytes	0x1407DA5E0	0x1407DA70C	300	0x1497C56F0
0x1407DA6C0	0x140878610	raw_bytes	0x1407DA5E0	0x1407DA70C	300	0x1497C56F0
0x1407DA74A	0x140878610	raw_bytes	0x1407DA710	0x1407DA7BE	174	0x1497C59DC
0x1407DA7FA	0x140878610	raw_bytes	0x1407DA7C0	0x1407DA94C	396	0x1497C5298
0x1407DA835	0x140878610	raw_bytes	0x1407DA7C0	0x1407DA94C	396	0x1497C5298
0x1407DA871	0x140878610	raw_bytes	0x1407DA7C0	0x1407DA94C	396	0x1497C5298
0x1407DA8A8	0x140878610	raw_bytes	0x1407DA7C0	0x1407DA94C	396	0x1497C5298
0x1407DA8DF	0x140878610	raw_bytes	0x1407DA7C0	0x1407DA94C	396	0x1497C5298
0x1407DA9B6	0x14087B5C0	prefix_uint32	0x1407DA980	0x1407DAAE2	354	0x1497C52C8
0x1407DAA2B	0x14087A220	uint32_be	0x1407DA980	0x1407DAAE2	354	0x1497C52C8
0x1407DAB2B	0x14087B5C0	prefix_uint32	0x1407DAAF0	0x1407DAC65	373	0x1497C56C0
0x1407DACCF	0x14087A220	uint32_be	0x1407DACA0	0x1407DAD8D	237	0x14978B008
0x1407DACFC	0x140878610	raw_bytes	0x1407DACA0	0x1407DAD8D	237	0x14978B008
0x1407DAD37	0x140878610	raw_bytes	0x1407DACA0	0x1407DAD8D	237	0x14978B008
0x1407DADB7	0x14087A220	uint32_be	0x1407DAD90	0x1407DADF4	100	0x149791D80
0x1407DAE2F	0x14087A270	float32_be	0x1407DAE00	0x1407DAF19	281	0x14978B008
0x1407DAE70	0x14087A270	float32_be	0x1407DAE00	0x1407DAF19	281	0x14978B008
0x1407DAEB1	0x14087A270	float32_be	0x1407DAE00	0x1407DAF19	281	0x14978B008
0x1407DAF50	0x140878610	raw_bytes	0x1407DAF20	0x1407DAFA4	132	0x14977D358
0x1407DB047	0x14087A220	uint32_be	0x1407DAFB0	0x1407DB157	423	0x1497C5778
0x1407DB091	0x14087A220	uint32_be	0x1407DAFB0	0x1407DB157	423	0x1497C5778
0x1407DB0BF	0x140878610	raw_bytes	0x1407DAFB0	0x1407DB157	423	0x1497C5778
0x1407DB18B	0x14087A270	float32_be	0x1407DB160	0x1407DB348	488	0x1497C43C8
0x1407DB1C3	0x14087A270	float32_be	0x1407DB160	0x1407DB348	488	0x1497C43C8
0x1407DB1FB	0x14087A270	float32_be	0x1407DB160	0x1407DB348	488	0x1497C43C8
0x1407DB2D4	0x14087A220	uint32_be	0x1407DB160	0x1407DB348	488	0x1497C43C8
0x1407DB42E	0x14087A220	uint32_be	0x1407DB350	0x1407DB508	440	0x1497C4434
0x1407DB5DB	0x14087A220	uint32_be	0x1407DB5A0	0x1407DB691	241	0x1497C44B8
0x1407DB606	0x14087A220	uint32_be	0x1407DB5A0	0x1407DB691	241	0x1497C44B8
0x1407DB637	0x140878610	raw_bytes	0x1407DB5A0	0x1407DB691	241	0x1497C44B8
0x1407DB96B	0x14087A220	uint32_be	0x1407DB840	0x1407DB98F	335	0x1497C44F8
0x1407DBB0E	0x14087B5C0	prefix_uint32	0x1407DBAE0	0x1407DBC4C	364	0x1497C5CB4
0x1407DBC79	0x14087B5C0	prefix_uint32	0x1407DBC50	0x1407DBCCF	127	0x1497C55C8
0x1407FBF8A	0x14087A220	uint32_be	0x1407FBF60	0x1407FBFE3	131	0x1497C02DC
0x1407FBFBE	0x140878610	raw_bytes	0x1407FBF60	0x1407FBFE3	131	0x1497C02DC
0x1407FC3C3	0x14087B5C0	prefix_uint32	0x1407FC360	0x1407FC524	452	0x1497C26A8
0x1407FC451	0x14087A220	uint32_be	0x1407FC360	0x1407FC524	452	0x1497C26A8
0x1407FC565	0x140878610	raw_bytes	0x1407FC530	0x1407FC66C	316	0x1497C0C14
0x1407FC601	0x14087A220	uint32_be	0x1407FC530	0x1407FC66C	316	0x1497C0C14
0x1407FC625	0x14087A220	uint32_be	0x1407FC530	0x1407FC66C	316	0x1497C0C14
0x1407FC697	0x14087B5C0	prefix_uint32	0x1407FC670	0x1407FC6E4	116	0x1497C455C
0x1407FC7DE	0x14087B5C0	prefix_uint32	0x1407FC7A0	0x1407FCAF8	856	0x1497C48CC
0x1407FCB3E	0x14087B5C0	prefix_uint32	0x1407FCB00	0x1407FCFD5	1237	0x1497C4958
0x1407FCBDD	0x14087B5C0	prefix_uint32	0x1407FCB00	0x1407FCFD5	1237	0x1497C4958
0x1407FD010	0x14087B5C0	prefix_uint32	0x1407FCFE0	0x1407FD186	422	0x1497C4738
0x1407FD0EF	0x140878610	raw_bytes	0x1407FCFE0	0x1407FD186	422	0x1497C4738
0x1407FD10D	0x14087A220	uint32_be	0x1407FCFE0	0x1407FD186	422	0x1497C4738
0x1407FD1B4	0x14087B5C0	prefix_uint32	0x1407FD190	0x1407FD1DB	75	0x1497C5018
0x1407FD288	0x14087B5C0	prefix_uint32	0x1407FD1DB	0x1407FD365	394	0x1497C5028
0x1407FD3F1	0x14087A220	uint32_be	0x1407FD3A0	0x1407FD4B8	280	0x1497C0C14
0x1407FD46A	0x140878610	raw_bytes	0x1407FD3A0	0x1407FD4B8	280	0x1497C0C14
0x1407FD558	0x14087A220	uint32_be	0x1407FD4E0	0x1407FD64F	367	0x1497C0E30
0x14087A35F	0x14087B5C0	prefix_uint32	0x14087A330	0x14087A3D0	160	0x1497CE7A0
0x14087A3FF	0x14087B5C0	prefix_uint32	0x14087A3D0	0x14087A4CE	254	0x1497CE7A0
0x140893F9C	0x14087A220	uint32_be	0x140893F20	0x140894067	327	0x1497D0B70
0x140893FCD	0x140878610	raw_bytes	0x140893F20	0x140894067	327	0x1497D0B70
0x140893FF4	0x140878610	raw_bytes	0x140893F20	0x140894067	327	0x1497D0B70
0x14115AAAE	0x14087B5C0	prefix_uint32	0x14115AA80	0x14115AB7D	253	0x149834978
0x14117975F	0x140878610	raw_bytes	0x141179730	0x1411797E4	180	0x14978B008
0x1414C266C	0x14087A220	uint32_be	0x1414C25A0	0x1414C26DD	317	0x1498BC024
0x1414C26A7	0x140878610	raw_bytes	0x1414C25A0	0x1414C26DD	317	0x1498BC024
0x1414C2C49	0x140878610	raw_bytes	0x1414C2BA0	0x1414C2D1C	380	0x1497C4B18
0x1414C38A5	0x14087A220	uint32_be	0x1414C389C	0x1414C38E5	73	0x1498ADD94
0x1414C38F8	0x14087A270	float32_be	0x1414C38E5	0x1414C395B	118	0x1498ADDA8
0x1414C3C0B	0x14087B5C0	prefix_uint32	0x1414C3BB0	0x1414C3C82	210	0x1498BDB5C
0x1414C5687	0x14087A220	uint32_be	0x1414C5640	0x1414C5712	210	0x149791D80
0x1414C56C2	0x140878610	raw_bytes	0x1414C5640	0x1414C5712	210	0x149791D80
0x1414C56E5	0x14087A220	uint32_be	0x1414C5640	0x1414C5712	210	0x149791D80
0x1414C63AA	0x140878610	raw_bytes	0x1414C6320	0x1414C6487	359	0x1497C4B04
0x1414C7AE3	0x14087A220	uint32_be	0x1414C79C0	0x1414C7B2B	363	0x1498BD73C
0x1414C8B0F	0x14087A220	uint32_be	0x1414C8A50	0x1414C8BBD	365	0x1498BC078
0x1414C8B3C	0x140878610	raw_bytes	0x1414C8A50	0x1414C8BBD	365	0x1498BC078
0x1414C8B74	0x14087A220	uint32_be	0x1414C8A50	0x1414C8BBD	365	0x1498BC078
0x1414CA80C	0x14087A270	float32_be	0x1414CA7C0	0x1414CA858	152	0x1497C4728
0x1414CB6F7	0x140878610	raw_bytes	0x1414CB660	0x1414CB7D8	376	0x1498BC56C
0x1414CB79E	0x14087A220	uint32_be	0x1414CB660	0x1414CB7D8	376	0x1498BC56C
0x1414CC096	0x14087A220	uint32_be	0x1414CC050	0x1414CC0D9	137	0x1498BBB60
0x1414CC970	0x14087A270	float32_be	0x1414CC8C0	0x1414CC9BD	253	0x1498980FC
0x1414CCA2C	0x14087A220	uint32_be	0x1414CC9C0	0x1414CCB02	322	0x1498BF5E8
0x1414CCA91	0x14087B5C0	prefix_uint32	0x1414CC9C0	0x1414CCB02	322	0x1498BF5E8
0x1414CCC36	0x14087A220	uint32_be	0x1414CCB80	0x1414CCC81	257	0x1498BD764
0x1414CD1C5	0x14087A220	uint32_be	0x1414CD180	0x1414CD20A	138	0x1497C4CC0
0x1414CD26F	0x14087A220	uint32_be	0x1414CD210	0x1414CD2FF	239	0x1498BC120
0x1414CEF98	0x14087A220	uint32_be	0x1414CEEF0	0x1414CF026	310	0x1498BC654
0x1414CFB03	0x14087A220	uint32_be	0x1414CFA40	0x1414CFB56	278	0x1498BC0DC
0x1414D0424	0x14087B5C0	prefix_uint32	0x1414D0380	0x1414D05CC	588	0x1498BF5E8
0x1414D04D8	0x140878610	raw_bytes	0x1414D0380	0x1414D05CC	588	0x1498BF5E8
0x1414D058E	0x140878610	raw_bytes	0x1414D0380	0x1414D05CC	588	0x1498BF5E8
0x1414D0C3B	0x14087A220	uint32_be	0x1414D0AF0	0x1414D0CC0	464	0x1498BD7A8
0x1414D208E	0x14087A220	uint32_be	0x1414D2050	0x1414D20CB	123	0x14977D358
0x1414D21F7	0x140878610	raw_bytes	0x1414D2110	0x1414D224B	315	0x1498BC7C8
0x1414D28DC	0x14087A220	uint32_be	0x1414D2870	0x1414D29E4	372	0x1498BF5E8
0x1414D292E	0x14087B5C0	prefix_uint32	0x1414D2870	0x1414D29E4	372	0x1498BF5E8
0x1414D299A	0x140878610	raw_bytes	0x1414D2870	0x1414D29E4	372	0x1498BF5E8
0x1414D44DB	0x140878610	raw_bytes	0x1414D4460	0x1414D458F	303	0x1497C4CC0
0x1414D4537	0x140878610	raw_bytes	0x1414D4460	0x1414D458F	303	0x1497C4CC0
0x1414D507E	0x14087A220	uint32_be	0x1414D4FF0	0x1414D50C1	209	0x1498BC7EC
0x1414D5C12	0x14087A220	uint32_be	0x1414D5AC0	0x1414D5CE7	551	0x1498BCBA0
0x1414D5C63	0x140878610	raw_bytes	0x1414D5AC0	0x1414D5CE7	551	0x1498BCBA0
0x1414D63D4	0x140878610	raw_bytes	0x1414D6340	0x1414D6494	340	0x1498BCBB8
0x1414D6430	0x140878610	raw_bytes	0x1414D6340	0x1414D6494	340	0x1498BCBB8
0x1414D84D3	0x14087A220	uint32_be	0x1414D8410	0x1414D851E	270	0x149802770
0x1414D920C	0x14087A220	uint32_be	0x1414D91A0	0x1414D92B5	277	0x1498BF5E8
0x1414D9640	0x140878610	raw_bytes	0x1414D95D0	0x1414D96F5	293	0x1498BC820
0x1414D9681	0x14087A220	uint32_be	0x1414D95D0	0x1414D96F5	293	0x1498BC820
0x1414DA4F7	0x14087A270	float32_be	0x1414DA2F0	0x1414DA6FC	1036	0x1498BBC38
0x1414DA86B	0x14087A270	float32_be	0x1414DA7F0	0x1414DA8F9	265	0x1498BC654
0x1414DA894	0x14087A220	uint32_be	0x1414DA7F0	0x1414DA8F9	265	0x1498BC654
0x1414DA8BD	0x14087A220	uint32_be	0x1414DA7F0	0x1414DA8F9	265	0x1498BC654
0x1414DAA9E	0x140878610	raw_bytes	0x1414DAA50	0x1414DAAE4	148	0x1497C469C
0x1414DAD63	0x140878610	raw_bytes	0x1414DACA0	0x1414DAE0B	363	0x1497C4A30
0x1414DBCF0	0x140878610	raw_bytes	0x1414DBBD0	0x1414DBD91	449	0x1498BCAF8
0x1414DBF6F	0x14087A220	uint32_be	0x1414DBEC0	0x1414DBFE9	297	0x1498ACB3C
0x1414DC368	0x140878610	raw_bytes	0x1414DC260	0x1414DC403	419	0x1498BC2DC
0x1414DC897	0x14087B5C0	prefix_uint32	0x1414DC810	0x1414DC91E	270	0x1498BF680
0x1414DD029	0x14087A220	uint32_be	0x1414DCF10	0x1414DD0A8	408	0x1498BBC74
0x1414DD059	0x140878610	raw_bytes	0x1414DCF10	0x1414DD0A8	408	0x1498BBC74
0x1414DE750	0x14087B5C0	prefix_uint32	0x1414DE690	0x1414DE7DC	332	0x1498BF5E8
0x1414E06FA	0x140878610	raw_bytes	0x1414E06B0	0x1414E0765	181	0x1498BBB60
0x1414E0722	0x14087A220	uint32_be	0x1414E06B0	0x1414E0765	181	0x1498BBB60
0x1414E0DFF	0x14087B5C0	prefix_uint32	0x1414E0D90	0x1414E0EAB	283	0x1498BF5E8
0x1414E0E68	0x14087A220	uint32_be	0x1414E0D90	0x1414E0EAB	283	0x1498BF5E8
0x1414E1F9E	0x140878610	raw_bytes	0x1414E1F50	0x1414E1FE4	148	0x1497C469C
0x1414E2727	0x14087A270	float32_be	0x1414E26B0	0x1414E27E0	304	0x1498BBCAC
0x1414E2753	0x14087A220	uint32_be	0x1414E26B0	0x1414E27E0	304	0x1498BBCAC
0x1414E2782	0x14087A220	uint32_be	0x1414E26B0	0x1414E27E0	304	0x1498BBCAC
0x1414E2D2F	0x14087A220	uint32_be	0x1414E2C20	0x1414E2DCF	431	0x1498BC86C
0x1414E2D73	0x140878610	raw_bytes	0x1414E2C20	0x1414E2DCF	431	0x1498BC86C
0x1414E36A9	0x14087A270	float32_be	0x1414E3696	0x1414E370C	118	0x1498AA638
0x1414E3CB6	0x140878610	raw_bytes	0x1414E3C60	0x1414E3D53	243	0x1498BC120
0x1414E554A	0x14087A220	uint32_be	0x1414E5490	0x1414E561E	398	0x1498BF800
0x1414E5596	0x14087B5C0	prefix_uint32	0x1414E5490	0x1414E561E	398	0x1498BF800
0x1414E6172	0x14087A220	uint32_be	0x1414E6070	0x1414E61AD	317	0x1498BBB80
0x1414E722A	0x140878610	raw_bytes	0x1414E71E0	0x1414E7297	183	0x1497C4CC0
0x1414E7E87	0x140878610	raw_bytes	0x1414E7DC0	0x1414E7F6B	427	0x1498BC370
0x1414E8AF4	0x14087A220	uint32_be	0x1414E8A40	0x1414E8B39	249	0x1498BDBBC
0x1414EA0A2	0x14087A220	uint32_be	0x1414EA030	0x1414EA0F7	199	0x1498BDB5C
0x1414EAED7	0x14087A220	uint32_be	0x1414EAD90	0x1414EAF3B	427	0x1498BDD50
0x1414EC670	0x14087A220	uint32_be	0x1414EC5C0	0x1414EC6AC	236	0x1498BE874
0x1414EE224	0x14087B5C0	prefix_uint32	0x1414EE170	0x1414EE297	295	0x1498BDD50
0x1414EF099	0x14087B5C0	prefix_uint32	0x1414EEFA0	0x1414EF103	355	0x1498BCEF4
0x1414EF705	0x14087A220	uint32_be	0x1414EF6C0	0x1414EF748	136	0x1497C4CC0
0x1414EFBAE	0x140878610	raw_bytes	0x1414EFB60	0x1414EFBF4	148	0x1497C469C
0x1414F1C8C	0x14087A220	uint32_be	0x1414F1C20	0x1414F1D76	342	0x1498BF5E8
0x1414F241C	0x140878610	raw_bytes	0x1414F23C0	0x1414F2457	151	0x1497C4658
0x1414F2AD9	0x140878610	raw_bytes	0x1414F2A50	0x1414F2B7A	298	0x1498BC624
0x1414F2B27	0x14087A270	float32_be	0x1414F2A50	0x1414F2B7A	298	0x1498BC624
0x1414F41D4	0x14087B5C0	prefix_uint32	0x1414F4170	0x1414F4202	146	0x1498BFF78
0x1414F55CB	0x14087B5C0	prefix_uint32	0x1414F5570	0x1414F5642	210	0x1498BDB5C
0x1414FA529	0x14087A270	float32_be	0x1414FA440	0x1414FA58D	333	0x1498BD800
0x1414FBDCF	0x140878610	raw_bytes	0x1414FBD10	0x1414FBE54	324	0x149802770
0x1414FEBBF	0x140878610	raw_bytes	0x1414FEAB0	0x1414FEC30	384	0x1498BBD14
0x1414FF68B	0x14087A220	uint32_be	0x1414FF630	0x1414FF6FA	202	0x149802770
0x14150042A	0x140878610	raw_bytes	0x141500280	0x141500466	486	0x1498BD350
0x141502029	0x14087A220	uint32_be	0x141501FE0	0x1415020AE	206	0x1497C4CC0
0x141502059	0x140878610	raw_bytes	0x141501FE0	0x1415020AE	206	0x1497C4CC0
0x141502CA6	0x14087A220	uint32_be	0x141502C20	0x141502D2E	270	0x1498BCD6C
0x14150B402	0x140878610	raw_bytes	0x14150B330	0x14150B431	257	0x14986BF34
0x14150BC10	0x140878610	raw_bytes	0x14150BAC0	0x14150BCE9	553	0x1498BD590
0x14150C673	0x140878610	raw_bytes	0x14150C5C0	0x14150C744	388	0x1498BE938
0x14150C6F7	0x14087A220	uint32_be	0x14150C5C0	0x14150C744	388	0x1498BE938
0x14150F154	0x14087A220	uint32_be	0x14150F0C0	0x14150F16C	172	0x149791D80
0x14150F77A	0x14087A220	uint32_be	0x14150F650	0x14150F81E	462	0x1498BC3EC
0x14150F7A7	0x140878610	raw_bytes	0x14150F650	0x14150F81E	462	0x1498BC3EC
0x141510C21	0x14087A1C0	uint16_be	0x141510BD0	0x141510C8C	188	0x1498BC120
0x141510C3D	0x14087A1C0	uint16_be	0x141510BD0	0x141510C8C	188	0x1498BC120
0x1415119FD	0x140878610	raw_bytes	0x1415119D3	0x141511A82	175	0x1498BC478
0x1415146C4	0x140878610	raw_bytes	0x141514630	0x14151474E	286	0x1498BC9F0
0x1415146EE	0x14087A220	uint32_be	0x141514630	0x14151474E	286	0x1498BC9F0
0x1415152A0	0x140878610	raw_bytes	0x141515210	0x141515394	388	0x1497C4B18
0x141515E50	0x140878610	raw_bytes	0x141515D60	0x141515EFC	412	0x1498BCA1C
0x141515E7C	0x14087A220	uint32_be	0x141515D60	0x141515EFC	412	0x1498BCA1C
0x141516819	0x140878610	raw_bytes	0x141516690	0x1415168F9	617	0x1498BCF3C
0x141519B08	0x140878610	raw_bytes	0x141519A40	0x141519BAC	364	0x1498BBB34
0x141519B2A	0x14087A220	uint32_be	0x141519A40	0x141519BAC	364	0x1498BBB34
0x141519B66	0x14087A220	uint32_be	0x141519A40	0x141519BAC	364	0x1498BBB34
0x141519C6D	0x14087A220	uint32_be	0x141519BB0	0x141519CD4	292	0x1498BF368
0x14151A8AF	0x14087A220	uint32_be	0x14151A820	0x14151A942	290	0x14978B008
0x14151B338	0x14087B5C0	prefix_uint32	0x14151B2D0	0x14151B440	368	0x1498BF3CC
0x14151CF1D	0x140878610	raw_bytes	0x14151CEF0	0x14151CF8D	157	0x14977D3F0
0x14151DFF7	0x140878610	raw_bytes	0x14151DF60	0x14151E031	209	0x1498BBBC4
0x14151FF7D	0x140878610	raw_bytes	0x14151FEF0	0x141520058	360	0x1498BC654
0x1415213AB	0x14087B5C0	prefix_uint32	0x141521270	0x141521510	672	0x1498BD66C
0x14152143B	0x14087A220	uint32_be	0x141521270	0x141521510	672	0x1498BD66C
0x1415254BE	0x14087A220	uint32_be	0x1415253C0	0x141525552	402	0x1498BD9D4
0x14152591A	0x14087B5C0	prefix_uint32	0x1415258F0	0x1415259B2	194	0x14978714C
0x141525966	0x14087B5C0	prefix_uint32	0x1415258F0	0x1415259B2	194	0x14978714C
0x141527737	0x140878610	raw_bytes	0x1415275F0	0x141527857	615	0x1498BD690
0x141528CEA	0x14087A220	uint32_be	0x141528BF0	0x141528D51	353	0x1498BD9D4
0x141529217	0x140878610	raw_bytes	0x141529120	0x14152928A	362	0x1498BC4BC
0x14152AC7C	0x14087A220	uint32_be	0x14152AC30	0x14152ACC8	152	0x1497C4728
0x14152D56F	0x140878610	raw_bytes	0x14152D4D0	0x14152D658	392	0x1498BD6A8
0x14152EEFF	0x14087A220	uint32_be	0x14152EE30	0x14152EFBF	399	0x1498BDA38
0x14152EF7E	0x14087A220	uint32_be	0x14152EE30	0x14152EFBF	399	0x1498BDA38
0x14152F3FB	0x14087B5C0	prefix_uint32	0x14152F3A0	0x14152F472	210	0x1498BDB5C
0x14152F7BF	0x140878610	raw_bytes	0x14152F730	0x14152F87C	332	0x1498BD6C0
0x14153029D	0x14087A220	uint32_be	0x141530220	0x1415302E2	194	0x1497C4CC0
0x141530EEC	0x140878610	raw_bytes	0x141530E60	0x141530FA2	322	0x1498BC654
0x141531326	0x14087A220	uint32_be	0x1415312E0	0x141531369	137	0x1498BBB60
0x141531C4D	0x14087A220	uint32_be	0x141531BF0	0x141531CB4	196	0x1498BBB80
0x141532A6B	0x14087B5C0	prefix_uint32	0x141532A10	0x141532AE2	210	0x1498BDB5C
0x141533141	0x14087A220	uint32_be	0x141533030	0x1415331C9	409	0x1498BDA7C
0x1415333BD	0x14087A220	uint32_be	0x141533360	0x141533424	196	0x1498BBB80
0x1415344B9	0x14087A220	uint32_be	0x141534460	0x14153451E	190	0x1498BBB80
0x1415344E2	0x14087A270	float32_be	0x141534460	0x14153451E	190	0x1498BBB80
0x14153487E	0x14087A220	uint32_be	0x141534780	0x1415348E1	353	0x1498BCBB8
0x14153586E	0x14087A220	uint32_be	0x141535800	0x141535924	292	0x1498BBB80
0x14153589B	0x14087A270	float32_be	0x141535800	0x141535924	292	0x1498BBB80
0x1415358BD	0x14087A270	float32_be	0x141535800	0x141535924	292	0x1498BBB80
0x141535E44	0x140878610	raw_bytes	0x141535D90	0x141535E94	260	0x1498BC8A8
0x1415370F1	0x14087A220	uint32_be	0x141537090	0x141537140	176	0x1498BBB80
0x141537540	0x140878610	raw_bytes	0x1415374B0	0x14153763F	399	0x1497C4B18
0x14153772D	0x14087A220	uint32_be	0x141537640	0x1415377E5	421	0x1498BD7A8
0x14153778F	0x140878610	raw_bytes	0x141537640	0x1415377E5	421	0x1498BD7A8
0x14153800B	0x14087A220	uint32_be	0x141537F80	0x14153807B	251	0x14978B008
0x141538DC4	0x14087A220	uint32_be	0x141538D50	0x141538E48	248	0x1498BBB80
0x141538E0C	0x14087A270	float32_be	0x141538D50	0x141538E48	248	0x1498BBB80
0x14153999A	0x14087A220	uint32_be	0x141539950	0x141539AF2	418	0x1498BF464
0x1415399C7	0x14087A220	uint32_be	0x141539950	0x141539AF2	418	0x1498BF464
0x1415399F4	0x14087A220	uint32_be	0x141539950	0x141539AF2	418	0x1498BF464
0x141539A4E	0x14087A220	uint32_be	0x141539950	0x141539AF2	418	0x1498BF464
0x141539A78	0x14087A2D0	float64_be	0x141539950	0x141539AF2	418	0x1498BF464
0x14153AE97	0x14087A220	uint32_be	0x14153AE50	0x14153AF06	182	0x1498BF4D8
0x14153B96F	0x14087A220	uint32_be	0x14153B880	0x14153B9C3	323	0x1498BDA94
0x14153DF6E	0x140878610	raw_bytes	0x14153DED0	0x14153E09D	461	0x1498BCBA0
0x14153E018	0x14087A270	float32_be	0x14153DED0	0x14153E09D	461	0x1498BCBA0
0x14153E9BC	0x14087A220	uint32_be	0x14153E970	0x14153EA08	152	0x1497C4728
0x14153F0C9	0x14087A220	uint32_be	0x14153F060	0x14153F1DF	383	0x1498BDD50
0x14153F0F3	0x140878610	raw_bytes	0x14153F060	0x14153F1DF	383	0x1498BDD50
0x14153F117	0x140878610	raw_bytes	0x14153F060	0x14153F1DF	383	0x1498BDD50
0x14153F15D	0x14087A220	uint32_be	0x14153F060	0x14153F1DF	383	0x1498BDD50
0x14153F181	0x14087A220	uint32_be	0x14153F060	0x14153F1DF	383	0x1498BDD50
0x1415404AB	0x140878610	raw_bytes	0x1415403F0	0x1415405B9	457	0x1498BC500
0x141541696	0x140878610	raw_bytes	0x141541630	0x14154178E	350	0x1498BCBA0
0x1415416E7	0x14087A220	uint32_be	0x141541630	0x14154178E	350	0x1498BCBA0
0x14154170B	0x14087A270	float32_be	0x141541630	0x14154178E	350	0x1498BCBA0
0x141541A13	0x140878610	raw_bytes	0x141541990	0x141541AAA	282	0x1498BCAF8
0x141541D39	0x140878610	raw_bytes	0x141541CE0	0x141541DCD	237	0x1498BC544
0x141541D7E	0x14087A220	uint32_be	0x141541CE0	0x141541DCD	237	0x1498BC544
0x141542A53	0x14087B5C0	prefix_uint32	0x1415429F0	0x141542B56	358	0x14988E088
0x141543BFD	0x140878610	raw_bytes	0x141543B80	0x141543CA8	296	0x149802770
0x141543C53	0x14087A270	float32_be	0x141543B80	0x141543CA8	296	0x149802770
0x141543CFE	0x140878610	raw_bytes	0x141543CB0	0x141543D44	148	0x1497C469C
0x1415440B9	0x14087A220	uint32_be	0x141543FD0	0x14154410E	318	0x14977FA74
0x141544DFE	0x14087A220	uint32_be	0x141544D60	0x141544E71	273	0x1498BD764
0x14154651B	0x140878610	raw_bytes	0x141546470	0x14154657D	269	0x1498BDB5C
0x1415483F6	0x140878610	raw_bytes	0x1415482E0	0x14154846A	394	0x1498BEB60
0x14154954E	0x14087A220	uint32_be	0x141549510	0x1415495AE	158	0x14977D358
0x141549596	0x140878610	raw_bytes	0x141549510	0x1415495AE	158	0x14977D358
0x14154A313	0x14087A220	uint32_be	0x14154A210	0x14154A39A	394	0x1497C4B18
0x1415687F4	0x14087B5C0	prefix_uint32	0x141568750	0x141568940	496	0x1498C6D04
0x141568A36	0x14087B5C0	prefix_uint32	0x141568951	0x141568A94	323	0x1498C8028
0x141568B93	0x14087B5C0	prefix_uint32	0x141568AE0	0x141568C4A	362	0x1498C89E4
0x141569201	0x14087A220	uint32_be	0x1415691D0	0x141569258	136	0x14977D358
0x141589C16	0x14087A220	uint32_be	0x141589B60	0x141589C7C	284	0x1498C6B98
0x141589C3F	0x140878610	raw_bytes	0x141589B60	0x141589C7C	284	0x1498C6B98
0x141589D54	0x14087A220	uint32_be	0x141589C80	0x141589DBD	317	0x1498C6B98
0x141589D80	0x140878610	raw_bytes	0x141589C80	0x141589DBD	317	0x1498C6B98
0x141589E4F	0x14087A220	uint32_be	0x141589DC0	0x141589ECF	271	0x14978B008
0x141589E79	0x140878610	raw_bytes	0x141589DC0	0x141589ECF	271	0x14978B008
0x141589F00	0x140878610	raw_bytes	0x141589ED0	0x141589FE0	272	0x149787138
0x141589F2D	0x140878610	raw_bytes	0x141589ED0	0x141589FE0	272	0x149787138
0x141589F56	0x14087A220	uint32_be	0x141589ED0	0x141589FE0	272	0x149787138
0x14158A029	0x140878610	raw_bytes	0x141589FF0	0x14158A0B1	193	0x1498C5CFC
0x1415ACA7E	0x140878610	raw_bytes	0x1415ACA50	0x1415ACAF9	169	0x14988CE6C
0x1415ACAB8	0x14087A220	uint32_be	0x1415ACA50	0x1415ACAF9	169	0x14988CE6C
0x1415ACB2F	0x14087B5C0	prefix_uint32	0x1415ACB00	0x1415ACB86	134	0x14978BF4C
0x1415ACC5C	0x14087A220	uint32_be	0x1415ACC30	0x1415ACD1A	234	0x1497CE7A0
0x1415ACC89	0x140878610	raw_bytes	0x1415ACC30	0x1415ACD1A	234	0x1497CE7A0
0x1415ACCC4	0x140878610	raw_bytes	0x1415ACC30	0x1415ACD1A	234	0x1497CE7A0
0x1415ACD50	0x14087A270	float32_be	0x1415ACD20	0x1415ACE37	279	0x1498C71C4
0x1415ACD7D	0x14087A270	float32_be	0x1415ACD20	0x1415ACE37	279	0x1498C71C4
0x1415ACDAA	0x14087A270	float32_be	0x1415ACD20	0x1415ACE37	279	0x1498C71C4
0x1415ACDD4	0x14087A270	float32_be	0x1415ACD20	0x1415ACE37	279	0x1498C71C4
0x1415ACE6F	0x140878610	raw_bytes	0x1415ACE40	0x1415ACEF4	180	0x14977E768
0x1415ACF2F	0x140878610	raw_bytes	0x1415ACF00	0x1415ACFB5	181	0x1497870DC
0x1415ACFEC	0x14087A270	float32_be	0x1415ACFC0	0x1415AD0D6	278	0x14982181C
0x1415AD02D	0x14087A270	float32_be	0x1415ACFC0	0x1415AD0D6	278	0x14982181C
0x1415AD06E	0x14087A270	float32_be	0x1415ACFC0	0x1415AD0D6	278	0x14982181C
0x1415AD114	0x14087A1C0	uint16_be	0x1415AD0E0	0x1415AD311	561	0x1497C5704
0x1415AD140	0x14087A220	uint32_be	0x1415AD0E0	0x1415AD311	561	0x1497C5704
0x1415AD19A	0x14087A270	float32_be	0x1415AD0E0	0x1415AD311	561	0x1497C5704
0x1415AD1C7	0x14087A2D0	float64_be	0x1415AD0E0	0x1415AD311	561	0x1497C5704
0x1415AD34F	0x14087A1C0	uint16_be	0x1415AD320	0x1415AD36C	76	0x1498C5F00
0x1415AD384	0x14087B5C0	prefix_uint32	0x1415AD36C	0x1415AD478	268	0x1498C5F14
0x1415AD433	0x14087A220	uint32_be	0x1415AD36C	0x1415AD478	268	0x1498C5F14
0x1415AD456	0x14087A1C0	uint16_be	0x1415AD36C	0x1415AD478	268	0x1498C5F14
0x1415AD4DA	0x14087A220	uint32_be	0x1415AD4B0	0x1415AD548	152	0x1497870DC
0x1415AD519	0x14087A220	uint32_be	0x1415AD4B0	0x1415AD548	152	0x1497870DC
0x1415AD57F	0x14087A220	uint32_be	0x1415AD550	0x1415AD713	451	0x1497C0C14
0x1415AD5AB	0x14087A220	uint32_be	0x1415AD550	0x1415AD713	451	0x1497C0C14
0x1415AD5D8	0x14087A220	uint32_be	0x1415AD550	0x1415AD713	451	0x1497C0C14
0x1415AD605	0x14087A220	uint32_be	0x1415AD550	0x1415AD713	451	0x1497C0C14
0x1415AD632	0x14087A220	uint32_be	0x1415AD550	0x1415AD713	451	0x1497C0C14
0x1415AD65F	0x14087A220	uint32_be	0x1415AD550	0x1415AD713	451	0x1497C0C14
0x1415AD68C	0x14087A220	uint32_be	0x1415AD550	0x1415AD713	451	0x1497C0C14
0x1415AD6B6	0x14087A220	uint32_be	0x1415AD550	0x1415AD713	451	0x1497C0C14
0x1415AD6E0	0x14087A220	uint32_be	0x1415AD550	0x1415AD713	451	0x1497C0C14
0x1415AD752	0x14087A220	uint32_be	0x1415AD720	0x1415AD920	512	0x149781ED4
0x1415AD77E	0x14087A220	uint32_be	0x1415AD720	0x1415AD920	512	0x149781ED4
0x1415AD7AB	0x14087A220	uint32_be	0x1415AD720	0x1415AD920	512	0x149781ED4
0x1415AD7D8	0x14087A220	uint32_be	0x1415AD720	0x1415AD920	512	0x149781ED4
0x1415AD805	0x14087A220	uint32_be	0x1415AD720	0x1415AD920	512	0x149781ED4
0x1415AD832	0x14087A220	uint32_be	0x1415AD720	0x1415AD920	512	0x149781ED4
0x1415AD85F	0x14087A220	uint32_be	0x1415AD720	0x1415AD920	512	0x149781ED4
0x1415AD88C	0x14087A220	uint32_be	0x1415AD720	0x1415AD920	512	0x149781ED4
0x1415AD94B	0x14087A220	uint32_be	0x1415AD920	0x1415ADAAC	396	0x1498BD2C8
0x1415AD98B	0x14087A220	uint32_be	0x1415AD920	0x1415ADAAC	396	0x1498BD2C8
0x1415ADADF	0x14087A220	uint32_be	0x1415ADAB0	0x1415ADC73	451	0x1497C0C14
0x1415ADB0B	0x14087A220	uint32_be	0x1415ADAB0	0x1415ADC73	451	0x1497C0C14
0x1415ADCAA	0x14087A220	uint32_be	0x1415ADC80	0x1415ADD18	152	0x1497870DC
0x1415ADD4F	0x14087A220	uint32_be	0x1415ADD20	0x1415ADE8C	364	0x1497C0C14
0x1415ADDAB	0x14087A220	uint32_be	0x1415ADD20	0x1415ADE8C	364	0x1497C0C14
0x1415ADDD8	0x14087A220	uint32_be	0x1415ADD20	0x1415ADE8C	364	0x1497C0C14
0x1415ADE05	0x14087A220	uint32_be	0x1415ADD20	0x1415ADE8C	364	0x1497C0C14
0x1415ADEBF	0x14087A220	uint32_be	0x1415ADE90	0x1415AE030	416	0x1497C0C14
0x1415ADF2E	0x14087A270	float32_be	0x1415ADE90	0x1415AE030	416	0x1497C0C14
0x1415ADF5B	0x14087A270	float32_be	0x1415ADE90	0x1415AE030	416	0x1497C0C14
0x1415ADF88	0x14087A270	float32_be	0x1415ADE90	0x1415AE030	416	0x1497C0C14
0x1415ADFB2	0x14087A220	uint32_be	0x1415ADE90	0x1415AE030	416	0x1497C0C14
0x1415ADFE2	0x140878610	raw_bytes	0x1415ADE90	0x1415AE030	416	0x1497C0C14
0x1415AE05A	0x14087A220	uint32_be	0x1415AE030	0x1415AE0E5	181	0x14977E768
0x1415AE0A1	0x140878610	raw_bytes	0x1415AE030	0x1415AE0E5	181	0x14977E768
0x1415AE11F	0x14087A220	uint32_be	0x1415AE0F0	0x1415AE2B3	451	0x1497C0C14
0x1415AE14B	0x14087A220	uint32_be	0x1415AE0F0	0x1415AE2B3	451	0x1497C0C14
0x1415AE178	0x14087A220	uint32_be	0x1415AE0F0	0x1415AE2B3	451	0x1497C0C14
0x1415AE1A5	0x14087A220	uint32_be	0x1415AE0F0	0x1415AE2B3	451	0x1497C0C14
0x1415AE1D2	0x14087A220	uint32_be	0x1415AE0F0	0x1415AE2B3	451	0x1497C0C14
0x1415AE1FF	0x14087A220	uint32_be	0x1415AE0F0	0x1415AE2B3	451	0x1497C0C14
0x1415AE256	0x14087A220	uint32_be	0x1415AE0F0	0x1415AE2B3	451	0x1497C0C14
0x1415AE280	0x14087A220	uint32_be	0x1415AE0F0	0x1415AE2B3	451	0x1497C0C14
0x1415AE2F4	0x14087A220	uint32_be	0x1415AE2C0	0x1415AE4E1	545	0x1497C5704
0x1415AE37A	0x14087A220	uint32_be	0x1415AE2C0	0x1415AE4E1	545	0x1497C5704
0x1415AE3FF	0x140878610	raw_bytes	0x1415AE2C0	0x1415AE4E1	545	0x1497C5704
0x1415AE524	0x14087A270	float32_be	0x1415AE4F0	0x1415AE77C	652	0x1498C3F64
0x1415AE550	0x14087A220	uint32_be	0x1415AE4F0	0x1415AE77C	652	0x1498C3F64
0x1415AE57D	0x14087A220	uint32_be	0x1415AE4F0	0x1415AE77C	652	0x1498C3F64
0x1415AE5AA	0x14087A220	uint32_be	0x1415AE4F0	0x1415AE77C	652	0x1498C3F64
0x1415AE5D7	0x14087A220	uint32_be	0x1415AE4F0	0x1415AE77C	652	0x1498C3F64
0x1415AE604	0x14087A220	uint32_be	0x1415AE4F0	0x1415AE77C	652	0x1498C3F64
0x1415AE631	0x14087A220	uint32_be	0x1415AE4F0	0x1415AE77C	652	0x1498C3F64
0x1415AE65E	0x14087A220	uint32_be	0x1415AE4F0	0x1415AE77C	652	0x1498C3F64
0x1415AE7AF	0x14087A270	float32_be	0x1415AE780	0x1415AE953	467	0x1497C5C8C
0x1415AE7DB	0x14087A270	float32_be	0x1415AE780	0x1415AE953	467	0x1497C5C8C
0x1415AE808	0x14087A220	uint32_be	0x1415AE780	0x1415AE953	467	0x1497C5C8C
0x1415AE835	0x14087A220	uint32_be	0x1415AE780	0x1415AE953	467	0x1497C5C8C
0x1415AE862	0x14087A220	uint32_be	0x1415AE780	0x1415AE953	467	0x1497C5C8C
0x1415AE895	0x140878610	raw_bytes	0x1415AE780	0x1415AE953	467	0x1497C5C8C
0x1415AE8CC	0x140878610	raw_bytes	0x1415AE780	0x1415AE953	467	0x1497C5C8C
0x1415AE98A	0x14087A270	float32_be	0x1415AE960	0x1415AEA28	200	0x14977E768
0x1415AE9C9	0x14087A270	float32_be	0x1415AE960	0x1415AEA28	200	0x14977E768
0x1415AEA64	0x14087A270	float32_be	0x1415AEA30	0x1415AEC65	565	0x1497C5704
0x1415AEA90	0x14087A270	float32_be	0x1415AEA30	0x1415AEC65	565	0x1497C5704
0x1415AEABD	0x14087A270	float32_be	0x1415AEA30	0x1415AEC65	565	0x1497C5704
0x1415AEAEA	0x14087A270	float32_be	0x1415AEA30	0x1415AEC65	565	0x1497C5704
0x1415AEB17	0x14087A270	float32_be	0x1415AEA30	0x1415AEC65	565	0x1497C5704
0x1415AEB44	0x14087A270	float32_be	0x1415AEA30	0x1415AEC65	565	0x1497C5704
0x1415AEB71	0x14087A270	float32_be	0x1415AEA30	0x1415AEC65	565	0x1497C5704
0x1415AEB9E	0x14087A270	float32_be	0x1415AEA30	0x1415AEC65	565	0x1497C5704
0x1415AEC9F	0x14087A270	float32_be	0x1415AEC70	0x1415AEE02	402	0x1497C0C14
0x1415AECF3	0x14087A270	float32_be	0x1415AEC70	0x1415AEE02	402	0x1497C0C14
0x1415AED20	0x14087A270	float32_be	0x1415AEC70	0x1415AEE02	402	0x1497C0C14
0x1415AED4D	0x14087A270	float32_be	0x1415AEC70	0x1415AEE02	402	0x1497C0C14
0x1415AED80	0x140878610	raw_bytes	0x1415AEC70	0x1415AEE02	402	0x1497C0C14
0x1415AEDB4	0x140878610	raw_bytes	0x1415AEC70	0x1415AEE02	402	0x1497C0C14
0x1415AEE3F	0x14087A270	float32_be	0x1415AEE10	0x1415AEFB6	422	0x1497C0C14
0x1415AEE9E	0x140878610	raw_bytes	0x1415AEE10	0x1415AEFB6	422	0x1497C0C14
0x1415AEEE9	0x14087A270	float32_be	0x1415AEE10	0x1415AEFB6	422	0x1497C0C14
0x1415AEF16	0x14087A270	float32_be	0x1415AEE10	0x1415AEFB6	422	0x1497C0C14
0x1415AEF46	0x140878610	raw_bytes	0x1415AEE10	0x1415AEFB6	422	0x1497C0C14
0x1415AEFEA	0x14087A270	float32_be	0x1415AEFC0	0x1415AF0AB	235	0x1497870DC
0x1415AF0DA	0x14087A270	float32_be	0x1415AF0B0	0x1415AF165	181	0x14977E768
0x1415AF121	0x140878610	raw_bytes	0x1415AF0B0	0x1415AF165	181	0x14977E768
0x1415AF1A2	0x14087A1C0	uint16_be	0x1415AF170	0x1415AF2F6	390	0x1498C3FEC
0x1415AF1C0	0x14087A1C0	uint16_be	0x1415AF170	0x1415AF2F6	390	0x1498C3FEC
0x1415AF260	0x14087A220	uint32_be	0x1415AF170	0x1415AF2F6	390	0x1498C3FEC
0x1415AF2AA	0x140878610	raw_bytes	0x1415AF170	0x1415AF2F6	390	0x1498C3FEC
0x1415AF335	0x140878610	raw_bytes	0x1415AF300	0x1415AF490	400	0x1498A98C8
0x1415AF35A	0x14087A220	uint32_be	0x1415AF300	0x1415AF490	400	0x1498A98C8
0x1415AF39E	0x14087A220	uint32_be	0x1415AF300	0x1415AF490	400	0x1498A98C8
0x1415AF3C9	0x14087A220	uint32_be	0x1415AF300	0x1415AF490	400	0x1498A98C8
0x1415AF3F4	0x14087A220	uint32_be	0x1415AF300	0x1415AF490	400	0x1498A98C8
0x1415AF4DB	0x140878610	raw_bytes	0x1415AF490	0x1415AF60A	378	0x1497C5284
0x1415AF506	0x14087A220	uint32_be	0x1415AF490	0x1415AF60A	378	0x1497C5284
0x1415AF5AD	0x140878610	raw_bytes	0x1415AF490	0x1415AF60A	378	0x1497C5284
0x1415AF686	0x14087B5C0	prefix_uint32	0x1415AF610	0x1415AF7C3	435	0x1498BE948
0x1415AF75A	0x140878610	raw_bytes	0x1415AF610	0x1415AF7C3	435	0x1498BE948
0x1415AF8F2	0x14087A220	uint32_be	0x1415AF7D0	0x1415AF9E1	529	0x1498C3F4C
0x1415AF94C	0x14087A220	uint32_be	0x1415AF7D0	0x1415AF9E1	529	0x1498C3F4C
0x1415AF991	0x14087A220	uint32_be	0x1415AF7D0	0x1415AF9E1	529	0x1498C3F4C
0x1415AFBBD	0x14087B5C0	prefix_uint32	0x1415AFB9F	0x1415AFCBE	287	0x1498C4720
0x1415AFE46	0x14087B5C0	prefix_uint32	0x1415AFE18	0x1415AFF61	329	0x1498BE60C
0x1415B01DC	0x140878610	raw_bytes	0x1415B0120	0x1415B01F1	209	0x1498C4FF4
0x1415B021F	0x140878610	raw_bytes	0x1415B01F1	0x1415B029B	170	0x1498C5008
0x1415B03B1	0x140878610	raw_bytes	0x1415B0300	0x1415B03F7	247	0x149787DB8
0x1415B042E	0x14087A220	uint32_be	0x1415B0400	0x1415B04AF	175	0x1497870DC
0x1415B05BA	0x14087A220	uint32_be	0x1415B0530	0x1415B067D	333	0x1498BD288
0x1415B05E2	0x14087A270	float32_be	0x1415B0530	0x1415B067D	333	0x1498BD288
0x1415B0609	0x140878610	raw_bytes	0x1415B0530	0x1415B067D	333	0x1498BD288
0x1415B0642	0x140878610	raw_bytes	0x1415B0530	0x1415B067D	333	0x1498BD288
0x1415B06F5	0x140878610	raw_bytes	0x1415B0680	0x1415B0803	387	0x1497C0C14
0x1415B078B	0x140878610	raw_bytes	0x1415B0680	0x1415B0803	387	0x1497C0C14
0x1415B0845	0x140878610	raw_bytes	0x1415B0810	0x1415B099F	399	0x149782EC4
0x1415B08FB	0x14087A270	float32_be	0x1415B0810	0x1415B099F	399	0x149782EC4
0x1415B0925	0x14087A270	float32_be	0x1415B0810	0x1415B099F	399	0x149782EC4
0x1415B09CF	0x140878610	raw_bytes	0x1415B09A0	0x1415B0BA7	519	0x1497C43C8
0x1415B0A39	0x14087A220	uint32_be	0x1415B09A0	0x1415B0BA7	519	0x1497C43C8
0x1415B0A72	0x14087B5C0	prefix_uint32	0x1415B09A0	0x1415B0BA7	519	0x1497C43C8
0x1415B0AB2	0x14087B5C0	prefix_uint32	0x1415B09A0	0x1415B0BA7	519	0x1497C43C8
0x1415B0B45	0x140878610	raw_bytes	0x1415B09A0	0x1415B0BA7	519	0x1497C43C8
0x1415B0BEF	0x140878610	raw_bytes	0x1415B0BB0	0x1415B0D79	457	0x149852534
0x1415B0C3A	0x14087A220	uint32_be	0x1415B0BB0	0x1415B0D79	457	0x149852534
0x1415B0CEF	0x14087B5C0	prefix_uint32	0x1415B0BB0	0x1415B0D79	457	0x149852534
0x1415B0DBD	0x140878610	raw_bytes	0x1415B0D80	0x1415B0F26	422	0x1498C6C54
0x1415B0E49	0x140878610	raw_bytes	0x1415B0D80	0x1415B0F26	422	0x1498C6C54
0x1415B0F71	0x140878610	raw_bytes	0x1415B0F30	0x1415B1102	466	0x149782334
0x1415B0FB9	0x14087A220	uint32_be	0x1415B0F30	0x1415B1102	466	0x149782334
0x1415B1023	0x140878610	raw_bytes	0x1415B0F30	0x1415B1102	466	0x149782334
0x1415B105A	0x140878610	raw_bytes	0x1415B0F30	0x1415B1102	466	0x149782334
0x1415B12E1	0x14087A270	float32_be	0x1415B11A0	0x1415B137A	474	0x1497C5C8C
0x1415B130B	0x14087A270	float32_be	0x1415B11A0	0x1415B137A	474	0x1497C5C8C
0x1415B13E9	0x14087A220	uint32_be	0x1415B1380	0x1415B1418	152	0x1497870DC
0x1415B1489	0x14087A220	uint32_be	0x1415B1420	0x1415B150B	235	0x1497870DC
0x1415B14CA	0x14087A220	uint32_be	0x1415B1420	0x1415B150B	235	0x1497870DC
0x1415B156B	0x14087A220	uint32_be	0x1415B1510	0x1415B16B7	423	0x1497C0C14
0x1415B1599	0x14087B5C0	prefix_uint32	0x1415B1510	0x1415B16B7	423	0x1497C0C14
0x1415B15E5	0x14087B5C0	prefix_uint32	0x1415B1510	0x1415B16B7	423	0x1497C0C14
0x1415B1625	0x14087B5C0	prefix_uint32	0x1415B1510	0x1415B16B7	423	0x1497C0C14
0x1415B1729	0x14087A270	float32_be	0x1415B16C0	0x1415B1758	152	0x1497870DC
0x1415B1BF5	0x140878610	raw_bytes	0x1415B1AB0	0x1415B1C43	403	0x1497C0C14
0x1415B1CCC	0x14087A220	uint32_be	0x1415B1C50	0x1415B1E26	470	0x1497C5C8C
0x1415B1CF9	0x140878610	raw_bytes	0x1415B1C50	0x1415B1E26	470	0x1497C5C8C
0x1415B1D27	0x140878610	raw_bytes	0x1415B1C50	0x1415B1E26	470	0x1497C5C8C
0x1415B1E9A	0x14087B5C0	prefix_uint32	0x1415B1E30	0x1415B1FF4	452	0x1498BEE2C
0x1415B1F2B	0x14087A270	float32_be	0x1415B1E30	0x1415B1FF4	452	0x1498BEE2C
0x1415B210B	0x14087A220	uint32_be	0x1415B2000	0x1415B21CE	462	0x1497C0C14
0x1415B2138	0x14087A220	uint32_be	0x1415B2000	0x1415B21CE	462	0x1497C0C14
0x1415B2162	0x14087A220	uint32_be	0x1415B2000	0x1415B21CE	462	0x1497C0C14
0x1415B223B	0x14087A220	uint32_be	0x1415B21D0	0x1415B2270	160	0x1497870DC
0x1415B22C6	0x14087A220	uint32_be	0x1415B2270	0x1415B2411	417	0x1497C0C14
0x1415B22F0	0x14087A220	uint32_be	0x1415B2270	0x1415B2411	417	0x1497C0C14
0x1415B2317	0x14087A220	uint32_be	0x1415B2270	0x1415B2411	417	0x1497C0C14
0x1415B233E	0x14087A220	uint32_be	0x1415B2270	0x1415B2411	417	0x1497C0C14
0x1415B2365	0x14087A220	uint32_be	0x1415B2270	0x1415B2411	417	0x1497C0C14
0x1415B2491	0x140878610	raw_bytes	0x1415B2420	0x1415B24D5	181	0x14977E768
0x1415B2551	0x140878610	raw_bytes	0x1415B24E0	0x1415B25F1	273	0x14977E768
0x1415B2642	0x14087B5C0	prefix_uint32	0x1415B2600	0x1415B267B	123	0x1498C7FB4
0x1415B276D	0x140878610	raw_bytes	0x1415B2730	0x1415B27CA	154	0x1498C7FE4
0x1415B280D	0x14087B5C0	prefix_uint32	0x1415B27D0	0x1415B2995	453	0x1497C4738
0x1415B2892	0x14087A220	uint32_be	0x1415B27D0	0x1415B2995	453	0x1497C4738
0x1415B2946	0x14087A270	float32_be	0x1415B27D0	0x1415B2995	453	0x1497C4738
0x1415B2A17	0x14087B5C0	prefix_uint32	0x1415B29FC	0x1415B2B2A	302	0x1498C6BD0
0x1415B2BFE	0x14087B5C0	prefix_uint32	0x1415B2BC0	0x1415B2D91	465	0x1498BD29C
0x1415B2C5A	0x14087B5C0	prefix_uint32	0x1415B2BC0	0x1415B2D91	465	0x1498BD29C
0x1415B2CFA	0x14087A220	uint32_be	0x1415B2BC0	0x1415B2D91	465	0x1498BD29C
0x1415B2D23	0x14087A220	uint32_be	0x1415B2BC0	0x1415B2D91	465	0x1498BD29C
0x1415B2D59	0x14087A220	uint32_be	0x1415B2BC0	0x1415B2D91	465	0x1498BD29C
0x1415B2DE3	0x14087B5C0	prefix_uint32	0x1415B2DA0	0x1415B2FD2	562	0x1498B954C
0x1415B2E63	0x140878610	raw_bytes	0x1415B2DA0	0x1415B2FD2	562	0x1498B954C
0x1415B3050	0x140878610	raw_bytes	0x1415B2FE0	0x1415B312E	334	0x1497C5284
0x1415B3087	0x140878610	raw_bytes	0x1415B2FE0	0x1415B312E	334	0x1497C5284
0x1415B30BE	0x140878610	raw_bytes	0x1415B2FE0	0x1415B312E	334	0x1497C5284
0x1415B317D	0x14087B5C0	prefix_uint32	0x1415B3130	0x1415B3366	566	0x1498BE654
0x1415B33D0	0x140878610	raw_bytes	0x1415B3370	0x1415B34E7	375	0x1497C0C14
0x1415B3438	0x140878610	raw_bytes	0x1415B3370	0x1415B34E7	375	0x1497C0C14
0x1415B346F	0x140878610	raw_bytes	0x1415B3370	0x1415B34E7	375	0x1497C0C14
0x1415B353B	0x14087B5C0	prefix_uint32	0x1415B34F0	0x1415B3704	532	0x1498C5E78
0x1415B35DB	0x14087B5C0	prefix_uint32	0x1415B34F0	0x1415B3704	532	0x1498C5E78
0x1415B3742	0x14087B5C0	prefix_uint32	0x1415B3710	0x1415B37E1	209	0x1497870DC
0x1415B382E	0x14087B5C0	prefix_uint32	0x1415B37F0	0x1415B3A03	531	0x1497C5694
0x1415B38CE	0x140878610	raw_bytes	0x1415B37F0	0x1415B3A03	531	0x1497C5694
0x1415B3A43	0x14087B5C0	prefix_uint32	0x1415B3A10	0x1415B3B4A	314	0x14977E470
0x1415B3B7D	0x14087B5C0	prefix_uint32	0x1415B3B50	0x1415B3CEB	411	0x1497E2C44
0x1415B3C71	0x140878610	raw_bytes	0x1415B3B50	0x1415B3CEB	411	0x1497E2C44
0x1415B3C8F	0x14087A220	uint32_be	0x1415B3B50	0x1415B3CEB	411	0x1497E2C44
0x1415B3D2A	0x14087B5C0	prefix_uint32	0x1415B3CF0	0x1415B3EBE	462	0x1497CDC48
0x1415B3E15	0x14087A220	uint32_be	0x1415B3CF0	0x1415B3EBE	462	0x1497CDC48
0x1415B3EFE	0x14087B5C0	prefix_uint32	0x1415B3EC0	0x1415B40A1	481	0x14977E9A8
0x1415B3F6C	0x14087B5C0	prefix_uint32	0x1415B3EC0	0x1415B40A1	481	0x14977E9A8
0x1415B4032	0x14087A220	uint32_be	0x1415B3EC0	0x1415B40A1	481	0x14977E9A8
0x1415B40E6	0x14087B5C0	prefix_uint32	0x1415B40B0	0x1415B411D	109	0x1498B9418
0x1415B4220	0x140878610	raw_bytes	0x1415B41B0	0x1415B4272	194	0x1498B9444
0x1415B42B2	0x14087B5C0	prefix_uint32	0x1415B4280	0x1415B4351	209	0x1497870DC
0x1415B4392	0x14087B5C0	prefix_uint32	0x1415B4360	0x1415B4431	209	0x1497870DC
0x1415B447A	0x14087B5C0	prefix_uint32	0x1415B4440	0x1415B461E	478	0x1497CDC48
0x1415B4557	0x14087B5C0	prefix_uint32	0x1415B4440	0x1415B461E	478	0x1497CDC48
0x1415B4662	0x14087B5C0	prefix_uint32	0x1415B4620	0x1415B48E1	705	0x1497C7E58
0x1415B4722	0x14087A220	uint32_be	0x1415B4620	0x1415B48E1	705	0x1497C7E58
0x1415B4740	0x14087A270	float32_be	0x1415B4620	0x1415B48E1	705	0x1497C7E58
0x1415B4767	0x14087B5C0	prefix_uint32	0x1415B4620	0x1415B48E1	705	0x1497C7E58
0x1415B4842	0x14087A220	uint32_be	0x1415B4620	0x1415B48E1	705	0x1497C7E58
0x1415B4864	0x14087A220	uint32_be	0x1415B4620	0x1415B48E1	705	0x1497C7E58
0x1415B4965	0x14087B5C0	prefix_uint32	0x1415B4941	0x1415B4A91	336	0x1498C8374
0x1415B4AE2	0x14087B5C0	prefix_uint32	0x1415B4AB0	0x1415B4B81	209	0x1497870DC
0x1415B4BDC	0x14087A220	uint32_be	0x1415B4B90	0x1415B4D39	425	0x1497C5C8C
0x1415B4C09	0x14087A220	uint32_be	0x1415B4B90	0x1415B4D39	425	0x1497C5C8C
0x1415B4C7B	0x140878610	raw_bytes	0x1415B4B90	0x1415B4D39	425	0x1497C5C8C
0x1415B4CB2	0x140878610	raw_bytes	0x1415B4B90	0x1415B4D39	425	0x1497C5C8C
0x1415B4EF2	0x140878610	raw_bytes	0x1415B4E70	0x1415B4F90	288	0x1497C5284
0x1415B4F5D	0x14087A220	uint32_be	0x1415B4E70	0x1415B4F90	288	0x1497C5284
0x1415B5017	0x140878610	raw_bytes	0x1415B4F90	0x1415B50AA	282	0x1497C0C14
0x1415B506E	0x14087A220	uint32_be	0x1415B4F90	0x1415B50AA	282	0x1497C0C14
0x1415B511C	0x14087B5C0	prefix_uint32	0x1415B50FE	0x1415B521F	289	0x1498C3FB4
0x1415B5181	0x140878610	raw_bytes	0x1415B50FE	0x1415B521F	289	0x1498C3FB4
0x1415B52A8	0x14087B5C0	prefix_uint32	0x1415B528F	0x1415B53B2	291	0x1498BCDA8
0x1415B5463	0x14087B5C0	prefix_uint32	0x1415B543F	0x1415B5570	305	0x1498BCE1C
0x1415B58DC	0x140878610	raw_bytes	0x1415B5870	0x1415B5920	176	0x1497870DC
0x1415B5A4D	0x14087B5C0	prefix_uint32	0x1415B5920	0x1415B5B2A	522	0x14977E9A8
0x1415B5BDF	0x140878610	raw_bytes	0x1415B5B30	0x1415B5D36	518	0x149782300
0x1415B5BFD	0x14087A220	uint32_be	0x1415B5B30	0x1415B5D36	518	0x149782300
0x1415B5C20	0x140878610	raw_bytes	0x1415B5B30	0x1415B5D36	518	0x149782300
0x1415B5C4B	0x14087A220	uint32_be	0x1415B5B30	0x1415B5D36	518	0x149782300
0x1415B5DC4	0x14087A270	float32_be	0x1415B5D40	0x1415B5E5A	282	0x1497C5284
0x1415B5DEE	0x14087A270	float32_be	0x1415B5D40	0x1415B5E5A	282	0x1497C5284
0x1415B5E18	0x14087A270	float32_be	0x1415B5D40	0x1415B5E5A	282	0x1497C5284
0x1415B5E9E	0x14087A270	float32_be	0x1415B5E60	0x1415B60C8	616	0x14978231C
0x1415B5EC5	0x14087A270	float32_be	0x1415B5E60	0x1415B60C8	616	0x14978231C
0x1415B5EEC	0x14087A270	float32_be	0x1415B5E60	0x1415B60C8	616	0x14978231C
0x1415B5F13	0x14087A270	float32_be	0x1415B5E60	0x1415B60C8	616	0x14978231C
0x1415B5FCA	0x140878610	raw_bytes	0x1415B5E60	0x1415B60C8	616	0x14978231C
0x1415B5FF8	0x140878610	raw_bytes	0x1415B5E60	0x1415B60C8	616	0x14978231C
0x1415B6104	0x14087A220	uint32_be	0x1415B60D0	0x1415B6191	193	0x1497B5AC8
0x1415B6134	0x140878610	raw_bytes	0x1415B60D0	0x1415B6191	193	0x1497B5AC8
0x1415B6226	0x14087A270	float32_be	0x1415B61A0	0x1415B6326	390	0x14977E9A8
0x1415B624D	0x14087A270	float32_be	0x1415B61A0	0x1415B6326	390	0x14977E9A8
0x1415B6274	0x14087A220	uint32_be	0x1415B61A0	0x1415B6326	390	0x14977E9A8
0x1415B63D7	0x140878610	raw_bytes	0x1415B6330	0x1415B6489	345	0x14977E9A8
0x1415B656F	0x14087A270	float32_be	0x1415B6490	0x1415B6672	482	0x14983B8F8
0x1415B6596	0x14087A270	float32_be	0x1415B6490	0x1415B6672	482	0x14983B8F8
0x1415B65BD	0x14087A220	uint32_be	0x1415B6490	0x1415B6672	482	0x14983B8F8
0x1415B66B6	0x14087B5C0	prefix_uint32	0x1415B6680	0x1415B6777	247	0x1498C43D4
0x1415B670A	0x14087A220	uint32_be	0x1415B6680	0x1415B6777	247	0x1498C43D4
0x1415B682C	0x140878610	raw_bytes	0x1415B67EB	0x1415B6890	165	0x1498C4400
0x1415B68CB	0x14087A220	uint32_be	0x1415B6890	0x1415B69FB	363	0x1498BD29C
0x1415B699A	0x14087A220	uint32_be	0x1415B6890	0x1415B69FB	363	0x1498BD29C
0x1415B6A2F	0x140878610	raw_bytes	0x1415B6A00	0x1415B6AA5	165	0x1497870DC
0x1415B6AE7	0x140878610	raw_bytes	0x1415B6AB0	0x1415B6B79	201	0x14977EA2C
0x1415B6B39	0x140878610	raw_bytes	0x1415B6AB0	0x1415B6B79	201	0x14977EA2C
0x1415B6BBD	0x140878610	raw_bytes	0x1415B6B80	0x1415B6D21	417	0x14977E9A8
0x1415B6C0E	0x140878610	raw_bytes	0x1415B6B80	0x1415B6D21	417	0x14977E9A8
0x1415B6D67	0x140878610	raw_bytes	0x1415B6D30	0x1415B6DFF	207	0x14977EA2C
0x1415B6E2F	0x140878610	raw_bytes	0x1415B6E00	0x1415B6ECC	204	0x1497870DC
0x1415B6F07	0x140878610	raw_bytes	0x1415B6ED0	0x1415B6FCD	253	0x1498BD2B4
0x1415B6F99	0x14087A220	uint32_be	0x1415B6ED0	0x1415B6FCD	253	0x1498BD2B4
0x1415B7006	0x140878610	raw_bytes	0x1415B6FD0	0x1415B7173	419	0x1498C3FEC
0x1415B7104	0x14087A220	uint32_be	0x1415B6FD0	0x1415B7173	419	0x1498C3FEC
0x1415B71B7	0x140878610	raw_bytes	0x1415B7180	0x1415B7278	248	0x1498BD2B4
0x1415B72B7	0x140878610	raw_bytes	0x1415B7280	0x1415B7378	248	0x1498BD2B4
0x1415B73B6	0x140878610	raw_bytes	0x1415B7380	0x1415B7515	405	0x1498BD288
0x1415B74A9	0x14087A270	float32_be	0x1415B7380	0x1415B7515	405	0x1498BD288
0x1415B7556	0x140878610	raw_bytes	0x1415B7520	0x1415B76B3	403	0x1498BD288
0x1415B762F	0x14087A220	uint32_be	0x1415B7520	0x1415B76B3	403	0x1498BD288
0x1415B76F6	0x140878610	raw_bytes	0x1415B76C0	0x1415B77BD	253	0x1498BD288
0x1415B7818	0x14087A220	uint32_be	0x1415B77C0	0x1415B7860	160	0x1497870DC
0x1415B78BC	0x14087A220	uint32_be	0x1415B7860	0x1415B7939	217	0x14977EA2C
0x1415B799C	0x14087A220	uint32_be	0x1415B7940	0x1415B7A19	217	0x14977EA2C
0x1415B7A7C	0x14087A220	uint32_be	0x1415B7A20	0x1415B7AC7	167	0x14977EA2C
0x1415B7B2C	0x14087A220	uint32_be	0x1415B7AD0	0x1415B7BA4	212	0x14977EA2C
0x1415B7C0C	0x14087A220	uint32_be	0x1415B7BB0	0x1415B7C78	200	0x14977EA2C
0x1415B7D02	0x14087A220	uint32_be	0x1415B7C80	0x1415B7D50	208	0x1497870DC
0x1415B7D84	0x14087A220	uint32_be	0x1415B7D50	0x1415B7E0F	191	0x14977E964
0x1415B7DD2	0x140878610	raw_bytes	0x1415B7D50	0x1415B7E0F	191	0x14977E964
0x1415B7E44	0x14087A220	uint32_be	0x1415B7E10	0x1415B7ED1	193	0x1497B5AC8
0x1415B7E74	0x140878610	raw_bytes	0x1415B7E10	0x1415B7ED1	193	0x1497B5AC8
0x1415B7F13	0x14087A220	uint32_be	0x1415B7EE0	0x1415B7F7D	157	0x14977E470
0x1415B7FBB	0x14087A220	uint32_be	0x1415B7F80	0x1415B8150	464	0x1498C3F4C
0x1415B8009	0x14087A220	uint32_be	0x1415B7F80	0x1415B8150	464	0x1498C3F4C
0x1415B8088	0x140878610	raw_bytes	0x1415B7F80	0x1415B8150	464	0x1498C3F4C
0x1415B80C7	0x14087A220	uint32_be	0x1415B7F80	0x1415B8150	464	0x1498C3F4C
0x1415B80EB	0x14087A220	uint32_be	0x1415B7F80	0x1415B8150	464	0x1498C3F4C
0x1415B8280	0x14087A220	uint32_be	0x1415B81E0	0x1415B82CE	238	0x1497870DC
0x1415B833B	0x14087A220	uint32_be	0x1415B82D0	0x1415B8378	168	0x1497870DC
0x1415B84E1	0x140878610	raw_bytes	0x1415B8470	0x1415B85BC	332	0x14978003C
0x1415B851A	0x140878610	raw_bytes	0x1415B8470	0x1415B85BC	332	0x14978003C
0x1415B85FA	0x140878610	raw_bytes	0x1415B85C0	0x1415B87BD	509	0x1497C5298
0x1415B8641	0x14087A220	uint32_be	0x1415B85C0	0x1415B87BD	509	0x1497C5298
0x1415B86A5	0x140878610	raw_bytes	0x1415B85C0	0x1415B87BD	509	0x1497C5298
0x1415B86F1	0x14087A220	uint32_be	0x1415B85C0	0x1415B87BD	509	0x1497C5298
0x1415B87FA	0x140878610	raw_bytes	0x1415B87C0	0x1415B8875	181	0x1497C5A04
0x1415B8840	0x14087A270	float32_be	0x1415B87C0	0x1415B8875	181	0x1497C5A04
0x1415B88BA	0x140878610	raw_bytes	0x1415B8880	0x1415B8935	181	0x1497C5A04
0x1415B897A	0x140878610	raw_bytes	0x1415B8940	0x1415B8AED	429	0x1497C56F0
0x1415B89FD	0x14087B5C0	prefix_uint32	0x1415B8940	0x1415B8AED	429	0x1497C56F0
0x1415B8A6C	0x140878610	raw_bytes	0x1415B8940	0x1415B8AED	429	0x1497C56F0
0x1415B8AB1	0x14087A220	uint32_be	0x1415B8940	0x1415B8AED	429	0x1497C56F0
0x1415B8B2A	0x140878610	raw_bytes	0x1415B8AF0	0x1415B8CA7	439	0x1497C5298
0x1415B8B88	0x14087A220	uint32_be	0x1415B8AF0	0x1415B8CA7	439	0x1497C5298
0x1415B8BB3	0x14087A270	float32_be	0x1415B8AF0	0x1415B8CA7	439	0x1497C5298
0x1415B8BDA	0x14087A270	float32_be	0x1415B8AF0	0x1415B8CA7	439	0x1497C5298
0x1415B8C07	0x140878610	raw_bytes	0x1415B8AF0	0x1415B8CA7	439	0x1497C5298
0x1415B8CEE	0x140878610	raw_bytes	0x1415B8CB0	0x1415B8D76	198	0x1498BCE08
0x1415B8D37	0x14087A220	uint32_be	0x1415B8CB0	0x1415B8D76	198	0x1498BCE08
0x1415B8DBA	0x140878610	raw_bytes	0x1415B8D80	0x1415B8E2E	174	0x1497C5A04
0x1415B8E6A	0x140878610	raw_bytes	0x1415B8E30	0x1415B8EC7	151	0x1497C5A04
0x1415B8F0A	0x140878610	raw_bytes	0x1415B8ED0	0x1415B907F	431	0x1497C56F0
0x1415B8F3D	0x140878610	raw_bytes	0x1415B8ED0	0x1415B907F	431	0x1497C56F0
0x1415B8F85	0x14087A270	float32_be	0x1415B8ED0	0x1415B907F	431	0x1497C56F0
0x1415B8FFB	0x140878610	raw_bytes	0x1415B8ED0	0x1415B907F	431	0x1497C56F0
0x1415B90BA	0x140878610	raw_bytes	0x1415B9080	0x1415B9209	393	0x1497C56F0
0x1415B90ED	0x140878610	raw_bytes	0x1415B9080	0x1415B9209	393	0x1497C56F0
0x1415B915F	0x14087B5C0	prefix_uint32	0x1415B9080	0x1415B9209	393	0x1497C56F0
0x1415B919F	0x14087B5C0	prefix_uint32	0x1415B9080	0x1415B9209	393	0x1497C56F0
0x1415B924A	0x140878610	raw_bytes	0x1415B9210	0x1415B9381	369	0x1497C56F0
0x1415B927D	0x140878610	raw_bytes	0x1415B9210	0x1415B9381	369	0x1497C56F0
0x1415B92B1	0x140878610	raw_bytes	0x1415B9210	0x1415B9381	369	0x1497C56F0
0x1415B92FC	0x14087A220	uint32_be	0x1415B9210	0x1415B9381	369	0x1497C56F0
0x1415B9326	0x14087A220	uint32_be	0x1415B9210	0x1415B9381	369	0x1497C56F0
0x1415B9350	0x14087A270	float32_be	0x1415B9210	0x1415B9381	369	0x1497C56F0
0x1415B93CA	0x140878610	raw_bytes	0x1415B9390	0x1415B9515	389	0x14978295C
0x1415B9405	0x140878610	raw_bytes	0x1415B9390	0x1415B9515	389	0x14978295C
0x1415B9439	0x140878610	raw_bytes	0x1415B9390	0x1415B9515	389	0x14978295C
0x1415B9470	0x140878610	raw_bytes	0x1415B9390	0x1415B9515	389	0x14978295C
0x1415B955F	0x140878610	raw_bytes	0x1415B9520	0x1415B96E3	451	0x14977E738
0x1415B959A	0x140878610	raw_bytes	0x1415B9520	0x1415B96E3	451	0x14977E738
0x1415B95CE	0x140878610	raw_bytes	0x1415B9520	0x1415B96E3	451	0x14977E738
0x1415B9605	0x140878610	raw_bytes	0x1415B9520	0x1415B96E3	451	0x14977E738
0x1415B972F	0x140878610	raw_bytes	0x1415B96F0	0x1415B98EC	508	0x149852534
0x1415B976A	0x140878610	raw_bytes	0x1415B96F0	0x1415B98EC	508	0x149852534
0x1415B979E	0x140878610	raw_bytes	0x1415B96F0	0x1415B98EC	508	0x149852534
0x1415B97D5	0x140878610	raw_bytes	0x1415B96F0	0x1415B98EC	508	0x149852534
0x1415B992F	0x140878610	raw_bytes	0x1415B98F0	0x1415B9B28	568	0x1498BEC8C
0x1415B996A	0x140878610	raw_bytes	0x1415B98F0	0x1415B9B28	568	0x1498BEC8C
0x1415B999E	0x140878610	raw_bytes	0x1415B98F0	0x1415B9B28	568	0x1498BEC8C
0x1415B99D5	0x140878610	raw_bytes	0x1415B98F0	0x1415B9B28	568	0x1498BEC8C
0x1415B9B67	0x140878610	raw_bytes	0x1415B9B30	0x1415B9CBB	395	0x1497C0C14
0x1415B9BB3	0x140878610	raw_bytes	0x1415B9B30	0x1415B9CBB	395	0x1497C0C14
0x1415B9C2D	0x14087A220	uint32_be	0x1415B9B30	0x1415B9CBB	395	0x1497C0C14
0x1415B9C51	0x14087A220	uint32_be	0x1415B9B30	0x1415B9CBB	395	0x1497C0C14
0x1415B9C75	0x14087A220	uint32_be	0x1415B9B30	0x1415B9CBB	395	0x1497C0C14
0x1415B9D06	0x140878610	raw_bytes	0x1415B9CC0	0x1415B9ED3	531	0x1498C8914
0x1415B9D36	0x14087B5C0	prefix_uint32	0x1415B9CC0	0x1415B9ED3	531	0x1498C8914
0x1415B9FB9	0x14087A220	uint32_be	0x1415B9F10	0x1415BA003	243	0x14978B008
0x1415BA0B0	0x140878610	raw_bytes	0x1415BA010	0x1415BA184	372	0x1498980FC
0x1415BA1FE	0x14087A220	uint32_be	0x1415BA190	0x1415BA288	248	0x14978B008
0x1415BA378	0x14087A220	uint32_be	0x1415BA290	0x1415BA3D1	321	0x1497871D8
0x1415BA44E	0x14087A220	uint32_be	0x1415BA3E0	0x1415BA498	184	0x14978B008
0x1415BA4CA	0x14087A220	uint32_be	0x1415BA4A0	0x1415BA637	407	0x1498980FC
0x1415BA53C	0x140878610	raw_bytes	0x1415BA4A0	0x1415BA637	407	0x1498980FC
0x1415BA5A0	0x140878610	raw_bytes	0x1415BA4A0	0x1415BA637	407	0x1498980FC
0x1415BA66A	0x14087A270	float32_be	0x1415BA640	0x1415BA79B	347	0x1498A606C
0x1415BA6A2	0x14087A270	float32_be	0x1415BA640	0x1415BA79B	347	0x1498A606C
0x1415BA6DA	0x14087A220	uint32_be	0x1415BA640	0x1415BA79B	347	0x1498A606C
0x1415BA712	0x14087A270	float32_be	0x1415BA640	0x1415BA79B	347	0x1498A606C
0x1415BA74A	0x14087A270	float32_be	0x1415BA640	0x1415BA79B	347	0x1498A606C
0x1415BA7CF	0x140878610	raw_bytes	0x1415BA7A0	0x1415BA868	200	0x14977D3BC
0x1415BA80A	0x140878610	raw_bytes	0x1415BA7A0	0x1415BA868	200	0x14977D3BC
0x1415BA8BE	0x14087A220	uint32_be	0x1415BA870	0x1415BA986	278	0x14978B008
0x1415BA8EF	0x14087A220	uint32_be	0x1415BA870	0x1415BA986	278	0x14978B008
0x1415BA922	0x140878610	raw_bytes	0x1415BA870	0x1415BA986	278	0x14978B008
0x1415BA9C5	0x140878610	raw_bytes	0x1415BA990	0x1415BAA5F	207	0x14988FE84
0x1415BAA95	0x140878610	raw_bytes	0x1415BAA60	0x1415BAB31	209	0x14988FE84
0x1415BAB75	0x140878610	raw_bytes	0x1415BAB40	0x1415BAC09	201	0x14988FE84
0x1415BAC3B	0x14087B5C0	prefix_uint32	0x1415BAC10	0x1415BAC7D	109	0x1498AD044
0x1415BAD49	0x14087B5C0	prefix_uint32	0x1415BAD20	0x1415BAD91	113	0x1498C40C0
0x1415BAECB	0x14087B5C0	prefix_uint32	0x1415BAEA0	0x1415BAF10	112	0x1498A6C54
0x1415BAFEB	0x14087B5C0	prefix_uint32	0x1415BAFC0	0x1415BB030	112	0x1498A6C54
0x1415BB126	0x140878610	raw_bytes	0x1415BB0F3	0x1415BB1AB	184	0x1498C5E30
0x1415BB236	0x140878610	raw_bytes	0x1415BB203	0x1415BB2BB	184	0x1498C6038
0x1415BB383	0x14087B5C0	prefix_uint32	0x1415BB350	0x1415BB39D	77	0x1498C6C90
0x1415BB420	0x14087A220	uint32_be	0x1415BB3BC	0x1415BB4CA	270	0x1498C6CB8
0x1415BB464	0x14087A220	uint32_be	0x1415BB3BC	0x1415BB4CA	270	0x1498C6CB8
0x1415BB54C	0x14087B5C0	prefix_uint32	0x1415BB520	0x1415BB577	87	0x1498C605C
0x1415BB5C8	0x140878610	raw_bytes	0x1415BB592	0x1415BB5F8	102	0x1498C6080
0x1415BB656	0x14087B5C0	prefix_uint32	0x1415BB620	0x1415BB746	294	0x1498C88E0
0x1415BB77B	0x14087B5C0	prefix_uint32	0x1415BB750	0x1415BB7BF	111	0x149845E20
0x1415BB8E8	0x14087B5C0	prefix_uint32	0x1415BB8C0	0x1415BB910	80	0x1498B949C
0x1415BBAAC	0x14087B5C0	prefix_uint32	0x1415BBA80	0x1415BBB02	130	0x1497DF53C
0x1415BBC62	0x14087B5C0	prefix_uint32	0x1415BBC30	0x1415BBCD3	163	0x14978B008
0x1415BBD12	0x14087B5C0	prefix_uint32	0x1415BBCE0	0x1415BBD83	163	0x14978B008
0x1415BBDB3	0x14087B5C0	prefix_uint32	0x1415BBD90	0x1415BBDE2	82	0x149845E20
0x1415BBF3B	0x14087B5C0	prefix_uint32	0x1415BBF10	0x1415BBF7F	111	0x149845E20
0x1415BC092	0x14087B5C0	prefix_uint32	0x1415BC060	0x1415BC103	163	0x14978B008
0x1415BC13B	0x14087B5C0	prefix_uint32	0x1415BC110	0x1415BC17F	111	0x149845E20
0x1415BC230	0x14087A220	uint32_be	0x1415BC17F	0x1415BC259	218	0x1498C3F7C
0x1415BC2BB	0x14087B5C0	prefix_uint32	0x1415BC290	0x1415BC2FF	111	0x149845E20
0x1415BC3EC	0x14087B5C0	prefix_uint32	0x1415BC3C0	0x1415BC42B	107	0x1498C5D58
0x1415BC51B	0x14087B5C0	prefix_uint32	0x1415BC4F0	0x1415BC55F	111	0x149845E20
0x1415BC68B	0x14087A220	uint32_be	0x1415BC660	0x1415BC7FB	411	0x1498C71B4
0x1415BC6C4	0x140878610	raw_bytes	0x1415BC660	0x1415BC7FB	411	0x1498C71B4
0x1415BC6E8	0x140878610	raw_bytes	0x1415BC660	0x1415BC7FB	411	0x1498C71B4
0x1415BC77A	0x14087A220	uint32_be	0x1415BC660	0x1415BC7FB	411	0x1498C71B4
0x1415BC82B	0x14087A270	float32_be	0x1415BC800	0x1415BC989	393	0x1498A606C
0x1415BC863	0x14087A270	float32_be	0x1415BC800	0x1415BC989	393	0x1498A606C
0x1415BC89B	0x14087A270	float32_be	0x1415BC800	0x1415BC989	393	0x1498A606C
0x1415BC8D3	0x14087A270	float32_be	0x1415BC800	0x1415BC989	393	0x1498A606C
0x1415BC9C5	0x14087A1C0	uint16_be	0x1415BC990	0x1415BCACD	317	0x1498BC1AC
0x1415BC9EF	0x14087A1C0	uint16_be	0x1415BC990	0x1415BCACD	317	0x1498BC1AC
0x1415BCA2B	0x14087A1C0	uint16_be	0x1415BC990	0x1415BCACD	317	0x1498BC1AC
0x1415BCA51	0x14087A1C0	uint16_be	0x1415BC990	0x1415BCACD	317	0x1498BC1AC
0x1415BCB2D	0x140878610	raw_bytes	0x1415BCB00	0x1415BCBEA	234	0x1498980FC
0x1415BCBAB	0x14087A220	uint32_be	0x1415BCB00	0x1415BCBEA	234	0x1498980FC
0x1415BD63D	0x14087A220	uint32_be	0x1415BD580	0x1415BD77B	507	0x1498C84F8
0x1415BD82F	0x140878610	raw_bytes	0x1415BD780	0x1415BD9CB	587	0x1498C7ABC
0x1415BDA7D	0x140878610	raw_bytes	0x1415BD9D0	0x1415BDBA0	464	0x1498C6844
0x1415BDC6B	0x140878610	raw_bytes	0x1415BDBA0	0x1415BDDE8	584	0x1498C8C8C
0x1415BDCFB	0x14087B5C0	prefix_uint32	0x1415BDBA0	0x1415BDDE8	584	0x1498C8C8C
0x1415BE292	0x140878610	raw_bytes	0x1415BE1C0	0x1415BE39A	474	0x1498C75C8
0x1415BE56E	0x140878610	raw_bytes	0x1415BE501	0x1415BE628	295	0x1498C7518
0x1415BED01	0x140878610	raw_bytes	0x1415BECC3	0x1415BEE30	365	0x1498C74A8
0x1415BED24	0x140878610	raw_bytes	0x1415BECC3	0x1415BEE30	365	0x1498C74A8
0x1415BED4C	0x14087A220	uint32_be	0x1415BECC3	0x1415BEE30	365	0x1498C74A8
0x1415BED7F	0x140878610	raw_bytes	0x1415BECC3	0x1415BEE30	365	0x1498C74A8
0x1415BF43E	0x140878610	raw_bytes	0x1415BF3D0	0x1415BF509	313	0x1498C73D0
0x1415BF47F	0x140878610	raw_bytes	0x1415BF3D0	0x1415BF509	313	0x1498C73D0
0x1415BF645	0x14087A270	float32_be	0x1415BF510	0x1415BF727	535	0x1498A98C8
0x1415BF690	0x14087A220	uint32_be	0x1415BF510	0x1415BF727	535	0x1498A98C8
0x1415BF6AE	0x14087A220	uint32_be	0x1415BF510	0x1415BF727	535	0x1498A98C8
0x1415C054B	0x14087A270	float32_be	0x1415C0420	0x1415C05F2	466	0x1498C73A8
0x1415C056D	0x14087A220	uint32_be	0x1415C0420	0x1415C05F2	466	0x1498C73A8
0x1415C09C4	0x14087B5C0	prefix_uint32	0x1415C07B0	0x1415C0A5B	683	0x1498C84A8
0x1415C0C4A	0x14087A220	uint32_be	0x1415C0A60	0x1415C0CCB	619	0x1498C7528
0x1415C1292	0x14087A270	float32_be	0x1415C1100	0x1415C1351	593	0x1498A98C8
0x1415C12B4	0x14087A220	uint32_be	0x1415C1100	0x1415C1351	593	0x1498A98C8
0x1415C1996	0x14087A220	uint32_be	0x1415C1770	0x1415C1AA3	819	0x1498C7540
0x1415C19B8	0x14087A220	uint32_be	0x1415C1770	0x1415C1AA3	819	0x1498C7540
0x1415C19DA	0x14087B5C0	prefix_uint32	0x1415C1770	0x1415C1AA3	819	0x1498C7540
0x1415C1C3D	0x14087A270	float32_be	0x1415C1AB0	0x1415C1CC2	530	0x1498C73A8
0x1415C1E7F	0x14087B5C0	prefix_uint32	0x1415C1CD0	0x1415C1F5B	651	0x1498C7344
0x1415C21C4	0x14087A220	uint32_be	0x1415C1F60	0x1415C225E	766	0x1498C7B64
0x1415C2345	0x14087A220	uint32_be	0x1415C2260	0x1415C241A	442	0x1498C73A8
0x1415C236B	0x14087A220	uint32_be	0x1415C2260	0x1415C241A	442	0x1498C73A8
0x1415C238E	0x14087A220	uint32_be	0x1415C2260	0x1415C241A	442	0x1498C73A8
0x1415C254C	0x14087A220	uint32_be	0x1415C2420	0x1415C2607	487	0x1498C84E4
0x1415C28D7	0x14087A220	uint32_be	0x1415C27C0	0x1415C29A4	484	0x1498C73A8
0x1415C2903	0x14087A1C0	uint16_be	0x1415C27C0	0x1415C29A4	484	0x1498C73A8
0x1415C2A98	0x140878610	raw_bytes	0x1415C29B0	0x1415C2B88	472	0x1498C7478
0x1415C2CED	0x140878610	raw_bytes	0x1415C2CD0	0x1415C2DB0	224	0x1498C8E08
0x1415C318B	0x140878610	raw_bytes	0x1415C3090	0x1415C3220	400	0x149867CA8
0x1415C3277	0x14087A220	uint32_be	0x1415C3220	0x1415C33D6	438	0x1498B99C8
0x1415C32A4	0x14087A270	float32_be	0x1415C3220	0x1415C33D6	438	0x1498B99C8
0x1415C32D4	0x14087B5C0	prefix_uint32	0x1415C3220	0x1415C33D6	438	0x1498B99C8
0x1415C3343	0x14087B5C0	prefix_uint32	0x1415C3220	0x1415C33D6	438	0x1498B99C8
0x1415C340E	0x14087B5C0	prefix_uint32	0x1415C33E0	0x1415C3477	151	0x1498B9918
0x1415C360D	0x14087A220	uint32_be	0x1415C3590	0x1415C3750	448	0x1498B95F8
0x1415C3643	0x14087A220	uint32_be	0x1415C3590	0x1415C3750	448	0x1498B95F8
0x1415C367B	0x140878610	raw_bytes	0x1415C3590	0x1415C3750	448	0x1498B95F8
0x1415C36AF	0x14087A220	uint32_be	0x1415C3590	0x1415C3750	448	0x1498B95F8
0x1415C36E5	0x14087A270	float32_be	0x1415C3590	0x1415C3750	448	0x1498B95F8
0x1415C377B	0x14087A220	uint32_be	0x1415C3750	0x1415C3928	472	0x149867CA8
0x1415C396A	0x14087A270	float32_be	0x1415C3930	0x1415C3A72	322	0x1498B98E8
0x1415C39A1	0x14087A270	float32_be	0x1415C3930	0x1415C3A72	322	0x1498B98E8
0x1415C39D8	0x14087A270	float32_be	0x1415C3930	0x1415C3A72	322	0x1498B98E8
0x1415C3A0F	0x14087A270	float32_be	0x1415C3930	0x1415C3A72	322	0x1498B98E8
0x1415C3A46	0x14087A270	float32_be	0x1415C3930	0x1415C3A72	322	0x1498B98E8
0x1415C3BD2	0x14087B5C0	prefix_uint32	0x1415C3BA0	0x1415C3C72	210	0x1497CE7A0
0x1415C3CC1	0x140878610	raw_bytes	0x1415C3C80	0x1415C3DEE	366	0x1498B98E8
0x1415C3D1D	0x14087A1C0	uint16_be	0x1415C3C80	0x1415C3DEE	366	0x1498B98E8
0x1415C3D54	0x14087A220	uint32_be	0x1415C3C80	0x1415C3DEE	366	0x1498B98E8
0x1415C3F97	0x14087B5C0	prefix_uint32	0x1415C3F40	0x1415C4101	449	0x1498B99C8
0x1415C4003	0x14087A220	uint32_be	0x1415C3F40	0x1415C4101	449	0x1498B99C8
0x1415C4051	0x14087B5C0	prefix_uint32	0x1415C3F40	0x1415C4101	449	0x1498B99C8
0x1415C413D	0x140878610	raw_bytes	0x1415C4110	0x1415C42A6	406	0x1498B99C8
0x1415C4200	0x14087A270	float32_be	0x1415C4110	0x1415C42A6	406	0x1498B99C8
0x1415C422A	0x14087A270	float32_be	0x1415C4110	0x1415C42A6	406	0x1498B99C8
0x1415C430E	0x140878610	raw_bytes	0x1415C42B0	0x1415C447F	463	0x1498B95F8
0x1415C43B1	0x140878610	raw_bytes	0x1415C42B0	0x1415C447F	463	0x1498B95F8
0x1415C4413	0x140878610	raw_bytes	0x1415C42B0	0x1415C447F	463	0x1498B95F8
0x1415C444A	0x14087A220	uint32_be	0x1415C42B0	0x1415C447F	463	0x1498B95F8
0x1415C46D5	0x14087B5C0	prefix_uint32	0x1415C46A0	0x1415C47F9	345	0x1498C7CCC
0x1415C4848	0x14087B5C0	prefix_uint32	0x1415C4800	0x1415C49F7	503	0x1498C70C4
0x1415C4A30	0x14087B5C0	prefix_uint32	0x1415C4A00	0x1415C4A4A	74	0x1498C77EC
0x1415C4AE7	0x140878610	raw_bytes	0x1415C4A69	0x1415C4BE8	383	0x1498C7814
0x1415C4B33	0x14087A220	uint32_be	0x1415C4A69	0x1415C4BE8	383	0x1498C7814
0x1415C4C6C	0x14087B5C0	prefix_uint32	0x1415C4C30	0x1415C4DEF	447	0x1498C7C94
0x1415C4E31	0x14087B5C0	prefix_uint32	0x1415C4DF0	0x1415C4FA6	438	0x1498C7120
0x1415C4EB1	0x140878610	raw_bytes	0x1415C4DF0	0x1415C4FA6	438	0x1498C7120
0x1415C4FF1	0x14087B5C0	prefix_uint32	0x1415C4FB0	0x1415C5166	438	0x1498C7120
0x1415C5071	0x140878610	raw_bytes	0x1415C4FB0	0x1415C5166	438	0x1498C7120
0x1415C51B0	0x14087B5C0	prefix_uint32	0x1415C5170	0x1415C5322	434	0x1498C77AC
0x1415C5370	0x14087B5C0	prefix_uint32	0x1415C5330	0x1415C5505	469	0x1498C6AD0
0x1415C5551	0x14087B5C0	prefix_uint32	0x1415C5510	0x1415C56C7	439	0x1498C789C
0x1415C55F4	0x140878610	raw_bytes	0x1415C5510	0x1415C56C7	439	0x1498C789C
0x1415C5711	0x14087B5C0	prefix_uint32	0x1415C56D0	0x1415C588B	443	0x1498C6FFC
0x1415C57AC	0x14087A220	uint32_be	0x1415C56D0	0x1415C588B	443	0x1498C6FFC
0x1415C58BF	0x14087B5C0	prefix_uint32	0x1415C5890	0x1415C5957	199	0x1498C8234
0x1415C5AB8	0x14087B5C0	prefix_uint32	0x1415C5A80	0x1415C5C6B	491	0x14982EFF8
0x1415C5CA1	0x14087B5C0	prefix_uint32	0x1415C5C70	0x1415C5CE9	121	0x14986AE68
0x1415C5ED8	0x14087B5C0	prefix_uint32	0x1415C5EA0	0x1415C607B	475	0x1498C78E4
0x1415C60B5	0x14087B5C0	prefix_uint32	0x1415C6080	0x1415C6103	131	0x1498C8270
0x1415C62AB	0x14087B5C0	prefix_uint32	0x1415C6280	0x1415C62F5	117	0x1498C8978
0x1415C63F2	0x14087A220	uint32_be	0x1415C638D	0x1415C6458	203	0x1498C89B8
0x1415C64B2	0x14087B5C0	prefix_uint32	0x1415C6480	0x1415C64E7	103	0x1498C8C40
0x1415C6583	0x14087A220	uint32_be	0x1415C64E7	0x1415C65EE	263	0x1498C8C54
0x1415C65AA	0x14087A1C0	uint16_be	0x1415C64E7	0x1415C65EE	263	0x1498C8C54
0x1415C6661	0x14087B5C0	prefix_uint32	0x1415C6630	0x1415C66A9	121	0x14986AE68
0x1415C67F9	0x14087B5C0	prefix_uint32	0x1415C67C0	0x1415C696F	431	0x1498C7104
0x1415C699E	0x14087B5C0	prefix_uint32	0x1415C6970	0x1415C69F6	134	0x1498C5928
0x1415C6B17	0x140878610	raw_bytes	0x1415C6ADC	0x1415C6B77	155	0x1498C5988
0x1417AC34F	0x14087B5C0	prefix_uint32	0x1417AC320	0x1417AC3A3	131	0x1498AD3C8
0x1417AC435	0x14087A220	uint32_be	0x1417AC3A3	0x1417AC466	195	0x1498AD3D8
0x1417AC73B	0x14087B5C0	prefix_uint32	0x1417AC6E0	0x1417AC7B2	210	0x1498BDB5C
0x1417ACD4C	0x14087A220	uint32_be	0x1417ACD20	0x1417ACDE0	192	0x1497870DC
0x1417ACD76	0x14087A220	uint32_be	0x1417ACD20	0x1417ACDE0	192	0x1497870DC
0x1417ACD9F	0x14087A220	uint32_be	0x1417ACD20	0x1417ACDE0	192	0x1497870DC
0x1417ACE0F	0x140878610	raw_bytes	0x1417ACDE0	0x1417ACEC8	232	0x14977E768
0x1417ACF04	0x140878610	raw_bytes	0x1417ACED0	0x1417ACFA9	217	0x14977EA2C
0x1417AD092	0x14087A220	uint32_be	0x1417ACFB0	0x1417AD0CE	286	0x1497C0C14
0x1417AD259	0x140878610	raw_bytes	0x1417AD1A0	0x1417AD37E	478	0x1498A98C8
0x1417AD2E3	0x14087A220	uint32_be	0x1417AD1A0	0x1417AD37E	478	0x1498A98C8
0x1417AD3AC	0x14087A220	uint32_be	0x1417AD380	0x1417AD4E5	357	0x1497C0C14
0x1417AD479	0x14087B5C0	prefix_uint32	0x1417AD380	0x1417AD4E5	357	0x1497C0C14
0x1417AD5DF	0x14087B5C0	prefix_uint32	0x1417AD5B0	0x1417AD6BF	271	0x1497870DC
0x1417AD7B2	0x14087B5C0	prefix_uint32	0x1417AD740	0x1417AD8C3	387	0x1497C0C14
0x1417AD827	0x140878610	raw_bytes	0x1417AD740	0x1417AD8C3	387	0x1497C0C14
0x1417AD895	0x140878610	raw_bytes	0x1417AD740	0x1417AD8C3	387	0x1497C0C14
0x1417AD91F	0x14087A220	uint32_be	0x1417AD8D0	0x1417ADA17	327	0x1497C5284
0x1417AD971	0x14087B5C0	prefix_uint32	0x1417AD8D0	0x1417ADA17	327	0x1497C5284
0x1417AD9DD	0x140878610	raw_bytes	0x1417AD8D0	0x1417ADA17	327	0x1497C5284
0x1417ADA7C	0x14087B5C0	prefix_uint32	0x1417ADA20	0x1417ADB7E	350	0x1497C0C14
0x1417ADB12	0x14087A220	uint32_be	0x1417ADA20	0x1417ADB7E	350	0x1497C0C14
0x1417ADB3C	0x14087A220	uint32_be	0x1417ADA20	0x1417ADB7E	350	0x1497C0C14
0x1417ADBAF	0x14087B5C0	prefix_uint32	0x1417ADB80	0x1417ADC8E	270	0x1497870DC
0x1417ADCDF	0x14087A220	uint32_be	0x1417ADC90	0x1417ADDF2	354	0x1497C5284
0x1417ADD31	0x14087B5C0	prefix_uint32	0x1417ADC90	0x1417ADDF2	354	0x1497C5284
0x1417ADF45	0x14087A220	uint32_be	0x1417ADE00	0x1417ADF78	376	0x1497C0C14
0x1417ADFEA	0x140878610	raw_bytes	0x1417ADF80	0x1417AE0DD	349	0x14977E768
0x1417AE13F	0x140878610	raw_bytes	0x1417AE0E0	0x1417AE18E	174	0x1498B2E58
0x1417AE2DA	0x14087A220	uint32_be	0x1417AE230	0x1417AE327	247	0x1497870DC
0x1417AE698	0x14087B5C0	prefix_uint32	0x1417AE640	0x1417AE75B	283	0x1497C5284
0x1417AE728	0x14087A220	uint32_be	0x1417AE640	0x1417AE75B	283	0x1497C5284
0x1417AE88D	0x140878610	raw_bytes	0x1417AE760	0x1417AE8C8	360	0x1497870DC
0x1417AE8FD	0x14087A220	uint32_be	0x1417AE8D0	0x1417AE9C8	248	0x14977EA2C
0x1417AEA38	0x14087A220	uint32_be	0x1417AE9D0	0x1417AEAC2	242	0x1497870DC
0x1417AEAFC	0x14087A1C0	uint16_be	0x1417AEAD0	0x1417AEBC8	248	0x1497870DC
0x1417AEC2F	0x140878610	raw_bytes	0x1417AEBD0	0x1417AED1A	330	0x1497C0C14
0x1417AEC7D	0x140878610	raw_bytes	0x1417AEBD0	0x1417AED1A	330	0x1497C0C14
0x1417AECAE	0x14087B5C0	prefix_uint32	0x1417AEBD0	0x1417AED1A	330	0x1497C0C14
0x1417AED7E	0x140878610	raw_bytes	0x1417AED50	0x1417AEDDD	141	0x14977E768
0x1417AEEC2	0x14087A220	uint32_be	0x1417AEDE0	0x1417AEF1B	315	0x14977E768
0x1417AEF55	0x140878610	raw_bytes	0x1417AEF20	0x1417AF035	277	0x1497C0C14
0x1417AF08F	0x14087A220	uint32_be	0x1417AF040	0x1417AF15A	282	0x1497C5284
0x1417AF0DE	0x14087B5C0	prefix_uint32	0x1417AF040	0x1417AF15A	282	0x1497C5284
0x1417AF261	0x140878610	raw_bytes	0x1417AF1E0	0x1417AF3E2	514	0x149891808
0x1417AF4A5	0x140878610	raw_bytes	0x1417AF470	0x1417AF5CA	346	0x14977E768
0x1417AF50E	0x14087A270	float32_be	0x1417AF470	0x1417AF5CA	346	0x14977E768
0x1417AF687	0x14087B5C0	prefix_uint32	0x1417AF5D0	0x1417AF719	329	0x1497C5284
0x1417AF803	0x14087B5C0	prefix_uint32	0x1417AF780	0x1417AF8A0	288	0x1497870DC
0x1417AFAAC	0x14087B5C0	prefix_uint32	0x1417AFA70	0x1417AFEE6	1142	0x1498BC920
0x1417AFF29	0x14087B5C0	prefix_uint32	0x1417AFEF0	0x1417B00F6	518	0x1498BC268
0x1417B0035	0x14087A220	uint32_be	0x1417AFEF0	0x1417B00F6	518	0x1498BC268
0x1417B0139	0x14087B5C0	prefix_uint32	0x1417B0100	0x1417B0306	518	0x1498C6DA4
0x1417B0245	0x14087A220	uint32_be	0x1417B0100	0x1417B0306	518	0x1498C6DA4
0x1417B0336	0x14087B5C0	prefix_uint32	0x1417B0310	0x1417B035C	76	0x1498BC1C0
0x1417B0420	0x140878610	raw_bytes	0x1417B035C	0x1417B049A	318	0x1498BC1D0
0x1417B0508	0x14087B5C0	prefix_uint32	0x1417B04E0	0x1417B0534	84	0x1498BBF58
0x1417B06D4	0x14087B5C0	prefix_uint32	0x1417B06A0	0x1417B08F8	600	0x1498BD024
0x1417B07E0	0x140878610	raw_bytes	0x1417B06A0	0x1417B08F8	600	0x1498BD024
0x1417B0802	0x14087A220	uint32_be	0x1417B06A0	0x1417B08F8	600	0x1498BD024
0x1417B086C	0x14087A220	uint32_be	0x1417B06A0	0x1417B08F8	600	0x1498BD024
0x1417B0924	0x14087B5C0	prefix_uint32	0x1417B0900	0x1417B0948	72	0x1498C5C88
0x1417B0A3D	0x14087B5C0	prefix_uint32	0x1417B0948	0x1417B0B2B	483	0x1498C5C98
0x1417B0AE2	0x14087A220	uint32_be	0x1417B0948	0x1417B0B2B	483	0x1498C5C98
0x1417B0B9E	0x14087B5C0	prefix_uint32	0x1417B0B70	0x1417B0D20	432	0x1497C6FC4
0x1417B0C82	0x14087A220	uint32_be	0x1417B0B70	0x1417B0D20	432	0x1497C6FC4
0x1417B0CAB	0x140878610	raw_bytes	0x1417B0B70	0x1417B0D20	432	0x1497C6FC4
0x1417B0CCE	0x140878610	raw_bytes	0x1417B0B70	0x1417B0D20	432	0x1497C6FC4
0x1417B0D46	0x14087B5C0	prefix_uint32	0x1417B0D20	0x1417B0D73	83	0x1498BC5D4
0x1417B0DEC	0x14087A270	float32_be	0x1417B0D73	0x1417B0E8A	279	0x1498BC5E4
0x1417B0E0E	0x14087A270	float32_be	0x1417B0D73	0x1417B0E8A	279	0x1498BC5E4
0x1417B0E30	0x14087A270	float32_be	0x1417B0D73	0x1417B0E8A	279	0x1498BC5E4
0x1417B12D0	0x14087A220	uint32_be	0x1417B12A0	0x1417B1408	360	0x149782EC4
0x1417B12FE	0x140878610	raw_bytes	0x1417B12A0	0x1417B1408	360	0x149782EC4
0x1417B1322	0x140878610	raw_bytes	0x1417B12A0	0x1417B1408	360	0x149782EC4
0x1417B139B	0x14087A220	uint32_be	0x1417B12A0	0x1417B1408	360	0x149782EC4
0x1417B143E	0x140878610	raw_bytes	0x1417B1410	0x1417B151A	266	0x1498867BC
0x1417B1495	0x14087A220	uint32_be	0x1417B1410	0x1417B151A	266	0x1498867BC
0x1417B14FD	0x140878610	raw_bytes	0x1417B1410	0x1417B151A	266	0x1498867BC
0x1417B153C	0x140878610	raw_bytes	0x1417B151A	0x1417B1565	75	0x1498867CC
0x1417B1587	0x140878610	raw_bytes	0x1417B1565	0x1417B15C6	97	0x1498867E0
0x1417B15A8	0x140878610	raw_bytes	0x1417B1565	0x1417B15C6	97	0x1498867E0
0x1417B1709	0x140878610	raw_bytes	0x1417B1680	0x1417B1B68	1256	0x1498B6B04
0x1417B178F	0x14087A2D0	float64_be	0x1417B1680	0x1417B1B68	1256	0x1498B6B04
0x1417B1891	0x14087B5C0	prefix_uint32	0x1417B1680	0x1417B1B68	1256	0x1498B6B04
0x1417B19A1	0x14087B5C0	prefix_uint32	0x1417B1680	0x1417B1B68	1256	0x1498B6B04
0x1417B1F51	0x140878610	raw_bytes	0x1417B1F1A	0x1417B1FD5	187	0x1498B6384
0x1417B20A7	0x14087A220	uint32_be	0x1417B2050	0x1417B2106	182	0x14977E768
0x1417B2145	0x140878610	raw_bytes	0x1417B2110	0x1417B21EF	223	0x1497870DC
0x1417B21AE	0x14087A220	uint32_be	0x1417B2110	0x1417B21EF	223	0x1497870DC
0x1417B225C	0x14087B5C0	prefix_uint32	0x1417B21F0	0x1417B23E4	500	0x1498B63FC
0x1417B234D	0x140878610	raw_bytes	0x1417B21F0	0x1417B23E4	500	0x1498B63FC
0x1417B247D	0x140878610	raw_bytes	0x1417B2430	0x1417B265F	559	0x1498B9640
0x1417B26B9	0x140878610	raw_bytes	0x1417B2660	0x1417B2830	464	0x1498BD058
0x1417B287D	0x140878610	raw_bytes	0x1417B2830	0x1417B2A5F	559	0x1498C3E24
0x1417B2AAC	0x140878610	raw_bytes	0x1417B2A60	0x1417B2C70	528	0x1498BBB8C
0x1417B2CC8	0x140878610	raw_bytes	0x1417B2C70	0x1417B2E7B	523	0x1498C7218
0x1417B2F05	0x14087B5C0	prefix_uint32	0x1417B2E80	0x1417B32DE	1118	0x1498ADA08
0x1417B3353	0x14087B5C0	prefix_uint32	0x1417B32E0	0x1417B361B	827	0x1498AD6F4
0x1417B3639	0x14087A220	uint32_be	0x1417B3620	0x1417B3663	67	0x14977D6E8
0x1417B369C	0x140878610	raw_bytes	0x1417B3670	0x1417B36FD	141	0x14977FBA4
0x1417B36BE	0x14087A220	uint32_be	0x1417B3670	0x1417B36FD	141	0x14977FBA4
0x1417B381E	0x14087B5C0	prefix_uint32	0x1417B37F0	0x1417B38D7	231	0x1497C499C
0x1417B395B	0x14087B5C0	prefix_uint32	0x1417B3930	0x1417B3A8D	349	0x1497965EC
0x1417B3B26	0x140878610	raw_bytes	0x1417B3AE0	0x1417B3BB1	209	0x1497D7964
0x1417B3CD9	0x140878610	raw_bytes	0x1417B3CB0	0x1417B3D23	115	0x14977D6E8
0x1417B3F55	0x140878610	raw_bytes	0x1417B3EF0	0x1417B4103	531	0x1498ACFB8
0x14259BAB3	0x140878610	raw_bytes	0x14259BA60	0x14259BB21	193	0x14977D358
0x14259EF7F	0x14087A270	float32_be	0x14259EF30	0x14259F02C	252	0x1497870DC
0x14259EFB9	0x140878610	raw_bytes	0x14259EF30	0x14259F02C	252	0x1497870DC
0x1425A09DD	0x14087B5C0	prefix_uint32	0x1425A0980	0x1425A0AEF	367	0x14991EFC0
0x1425A153A	0x140878610	raw_bytes	0x1425A14DD	0x1425A157F	162	0x14991E54C
0x1425A199E	0x14087A270	float32_be	0x1425A1950	0x1425A19CE	126	0x1497870DC
0x1425A2178	0x140878610	raw_bytes	0x1425A2110	0x1425A21CD	189	0x1497870DC
0x1425A2620	0x14087B5C0	prefix_uint32	0x1425A25A0	0x1425A26AE	270	0x14977FF74
0x1425A74E5	0x140878610	raw_bytes	0x1425A7480	0x1425A7632	434	0x1499225A8
0x1425A7527	0x140878610	raw_bytes	0x1425A7480	0x1425A7632	434	0x1499225A8
0x1425A7563	0x140878610	raw_bytes	0x1425A7480	0x1425A7632	434	0x1499225A8
0x1425A7599	0x14087A270	float32_be	0x1425A7480	0x1425A7632	434	0x1499225A8
0x1425ADF16	0x140878610	raw_bytes	0x1425ADE30	0x1425ADF64	308	0x1498C6B98
0x1425B3031	0x14087B5C0	prefix_uint32	0x1425B2FF0	0x1425B3251	609	0x14992258C
0x1425B30F7	0x140878610	raw_bytes	0x1425B2FF0	0x1425B3251	609	0x14992258C
0x1425B318B	0x140878610	raw_bytes	0x1425B2FF0	0x1425B3251	609	0x14992258C
0x1425B3213	0x14087A270	float32_be	0x1425B2FF0	0x1425B3251	609	0x14992258C
0x1425B3307	0x140878610	raw_bytes	0x1425B3260	0x1425B34BF	607	0x1499227F0
0x1425B36AE	0x140878610	raw_bytes	0x1425B363C	0x1425B3768	300	0x149922894
0x1425B37A1	0x14087B5C0	prefix_uint32	0x1425B3770	0x1425B37E9	121	0x1499228A4
0x1425B38D7	0x14087A270	float32_be	0x1425B37E9	0x1425B38FE	277	0x1499228B8
0x1425B3961	0x14087B5C0	prefix_uint32	0x1425B3930	0x1425B39A9	121	0x14986AE68
0x1425E42C9	0x140878610	raw_bytes	0x1425E4250	0x1425E43B9	361	0x149921AD0
0x1425E4367	0x140878610	raw_bytes	0x1425E4250	0x1425E43B9	361	0x149921AD0
0x1425EDC65	0x14087A220	uint32_be	0x1425EDC10	0x1425EDD55	325	0x1497C5284
0x1425EDC9F	0x140878610	raw_bytes	0x1425EDC10	0x1425EDD55	325	0x1497C5284
0x1425EDCD4	0x14087A220	uint32_be	0x1425EDC10	0x1425EDD55	325	0x1497C5284
0x1425EDD0E	0x140878610	raw_bytes	0x1425EDC10	0x1425EDD55	325	0x1497C5284
0x1425EE47D	0x140878610	raw_bytes	0x1425EE430	0x1425EE4D3	163	0x1497870DC
0x1425EE4A3	0x14087A220	uint32_be	0x1425EE430	0x1425EE4D3	163	0x1497870DC
0x1425F2A8E	0x14087A220	uint32_be	0x1425F2A40	0x1425F2ABE	126	0x1497870DC
0x1425F4D50	0x14087A220	uint32_be	0x1425F4D20	0x1425F4E77	343	0x14977D3F0
0x1425F4D91	0x140878610	raw_bytes	0x1425F4D20	0x1425F4E77	343	0x14977D3F0
0x1425F4DCE	0x14087A220	uint32_be	0x1425F4D20	0x1425F4E77	343	0x14977D3F0
0x1425F4E30	0x140878610	raw_bytes	0x1425F4D20	0x1425F4E77	343	0x14977D3F0
0x1425F4EB7	0x140878610	raw_bytes	0x1425F4E80	0x1425F4EFE	126	0x14977D358
0x1425F94E9	0x140878610	raw_bytes	0x1425F94B0	0x1425F9617	359	0x14992573C
0x1425F952F	0x14087A2D0	float64_be	0x1425F94B0	0x1425F9617	359	0x14992573C
0x1425F9556	0x14087B5C0	prefix_uint32	0x1425F94B0	0x1425F9617	359	0x14992573C
0x1425F967B	0x14087A2D0	float64_be	0x1425F9620	0x1425F97DC	444	0x1497C0C14
0x1425F96A8	0x14087A270	float32_be	0x1425F9620	0x1425F97DC	444	0x1497C0C14
0x1425F96D5	0x14087A2D0	float64_be	0x1425F9620	0x1425F97DC	444	0x1497C0C14
0x1425F9702	0x14087A270	float32_be	0x1425F9620	0x1425F97DC	444	0x1497C0C14
0x1425F9730	0x14087B5C0	prefix_uint32	0x1425F9620	0x1425F97DC	444	0x1497C0C14
0x1425F9770	0x14087B5C0	prefix_uint32	0x1425F9620	0x1425F97DC	444	0x1497C0C14
0x1425F980F	0x14087A220	uint32_be	0x1425F97E0	0x1425F9986	422	0x1497C0C14
0x1425F983D	0x140878610	raw_bytes	0x1425F97E0	0x1425F9986	422	0x1497C0C14
0x1425F9861	0x140878610	raw_bytes	0x1425F97E0	0x1425F9986	422	0x1497C0C14
0x1425F9885	0x140878610	raw_bytes	0x1425F97E0	0x1425F9986	422	0x1497C0C14
0x1425F98A7	0x14087A270	float32_be	0x1425F97E0	0x1425F9986	422	0x1497C0C14
0x1425F9931	0x140878610	raw_bytes	0x1425F97E0	0x1425F9986	422	0x1497C0C14
0x1425F99D2	0x14087B5C0	prefix_uint32	0x1425F9990	0x1425F9B6C	476	0x14983C1DC
0x1425F9AB8	0x14087A270	float32_be	0x1425F9990	0x1425F9B6C	476	0x14983C1DC
0x1425F9ADF	0x14087B5C0	prefix_uint32	0x1425F9990	0x1425F9B6C	476	0x14983C1DC
0x1425F9EEB	0x14087A220	uint32_be	0x1425F9ED0	0x1425FA05C	396	0x149925C08
0x1425F9F18	0x140878610	raw_bytes	0x1425F9ED0	0x1425FA05C	396	0x149925C08
0x1425F9F4B	0x140878610	raw_bytes	0x1425F9ED0	0x1425FA05C	396	0x149925C08
0x1425F9F7B	0x14087B5C0	prefix_uint32	0x1425F9ED0	0x1425FA05C	396	0x149925C08
0x1425FA1A9	0x140878610	raw_bytes	0x1425FA060	0x1425FA2BD	605	0x149925C3C
0x1425FA1FC	0x140878610	raw_bytes	0x1425FA060	0x1425FA2BD	605	0x149925C3C
0x1425FA41E	0x140878610	raw_bytes	0x1425FA3D9	0x1425FA4F5	284	0x149925B8C
0x1425FA47F	0x14087A220	uint32_be	0x1425FA3D9	0x1425FA4F5	284	0x149925B8C
0x1425FA529	0x14087B5C0	prefix_uint32	0x1425FA500	0x1425FA71B	539	0x149925C18
0x1425FA5D6	0x140878610	raw_bytes	0x1425FA500	0x1425FA71B	539	0x149925C18
0x1425FA5F6	0x140878610	raw_bytes	0x1425FA500	0x1425FA71B	539	0x149925C18
0x1426B191E	0x14087A270	float32_be	0x1426B18B0	0x1426B1961	177	0x14977E768
0x1426B4CDF	0x14087B5C0	prefix_uint32	0x1426B4CB9	0x1426B4D78	191	0x149933D18
0x1426B4D24	0x14087A220	uint32_be	0x1426B4CB9	0x1426B4D78	191	0x149933D18
0x1426B4D9D	0x14087A220	uint32_be	0x1426B4D89	0x1426B4E6D	228	0x149933D44
0x1426B4DD8	0x14087A270	float32_be	0x1426B4D89	0x1426B4E6D	228	0x149933D44
0x1426B4E19	0x140878610	raw_bytes	0x1426B4D89	0x1426B4E6D	228	0x149933D44
0x1426B4EAF	0x14087B5C0	prefix_uint32	0x1426B4E70	0x1426B501E	430	0x149933C10
0x1426B4F72	0x14087A220	uint32_be	0x1426B4E70	0x1426B501E	430	0x149933C10
0x1426B4FB7	0x14087A220	uint32_be	0x1426B4E70	0x1426B501E	430	0x149933C10
0x1426D52EF	0x14087A220	uint32_be	0x1426D52A0	0x1426D535C	188	0x1497870DC
0x1426D5901	0x14087A220	uint32_be	0x1426D58A0	0x1426D5996	246	0x1497870DC
0x1426D5941	0x140878610	raw_bytes	0x1426D58A0	0x1426D5996	246	0x1497870DC
0x1426E1142	0x140878610	raw_bytes	0x1426E10A0	0x1426E1243	419	0x1498BD288
0x1426E1167	0x14087A220	uint32_be	0x1426E10A0	0x1426E1243	419	0x1498BD288
0x1426E118F	0x140878610	raw_bytes	0x1426E10A0	0x1426E1243	419	0x1498BD288
0x1426E11D9	0x140878610	raw_bytes	0x1426E10A0	0x1426E1243	419	0x1498BD288
0x1426E128D	0x14087B5C0	prefix_uint32	0x1426E1250	0x1426E142D	477	0x1497C5D14
0x1426E12D9	0x14087B5C0	prefix_uint32	0x1426E1250	0x1426E142D	477	0x1497C5D14
0x1426E1325	0x14087B5C0	prefix_uint32	0x1426E1250	0x1426E142D	477	0x1497C5D14
0x1426E1366	0x14087B5C0	prefix_uint32	0x1426E1250	0x1426E142D	477	0x1497C5D14
0x1426E13CC	0x14087A220	uint32_be	0x1426E1250	0x1426E142D	477	0x1497C5D14
0x1426E14C7	0x14087A220	uint32_be	0x1426E1430	0x1426E161A	490	0x149935FA4
0x1426E1521	0x14087B5C0	prefix_uint32	0x1426E1430	0x1426E161A	490	0x149935FA4
0x1426E1586	0x14087B5C0	prefix_uint32	0x1426E1430	0x1426E161A	490	0x149935FA4
0x1426E165A	0x140878610	raw_bytes	0x1426E1620	0x1426E16D5	181	0x1497C5A04
0x1426E16A0	0x14087A220	uint32_be	0x1426E1620	0x1426E16D5	181	0x1497C5A04
0x1426E1812	0x140878610	raw_bytes	0x1426E16E0	0x1426E18A2	450	0x1498C73A8
0x1426E1C5B	0x14087A220	uint32_be	0x1426E1B10	0x1426E1D58	584	0x149936B30
0x1426E1C88	0x140878610	raw_bytes	0x1426E1B10	0x1426E1D58	584	0x149936B30
0x1426E20EB	0x14087A220	uint32_be	0x1426E1FC0	0x1426E2192	466	0x1498C73A8
0x1426E210D	0x14087A220	uint32_be	0x1426E1FC0	0x1426E2192	466	0x1498C73A8
0x1426F757E	0x14087B5C0	prefix_uint32	0x1426F7550	0x1426F7680	304	0x149935A80
0x1426F7616	0x14087A220	uint32_be	0x1426F7550	0x1426F7680	304	0x149935A80
0x1426F7637	0x14087A220	uint32_be	0x1426F7550	0x1426F7680	304	0x149935A80
0x1426FDB31	0x140878610	raw_bytes	0x1426FDA90	0x1426FDB86	246	0x1497870DC
0x1426FECC2	0x14087A220	uint32_be	0x1426FEC60	0x1426FED08	168	0x1497870DC
0x142726612	0x14087B5C0	prefix_uint32	0x1427265E6	0x142726707	289	0x14993B388
0x142726682	0x140878610	raw_bytes	0x1427265E6	0x142726707	289	0x14993B388
0x1427372DF	0x14087A270	float32_be	0x1427372B0	0x142737456	422	0x1497C0C14
0x142737359	0x14087A1C0	uint16_be	0x1427372B0	0x142737456	422	0x1497C0C14
0x14273738C	0x140878610	raw_bytes	0x1427372B0	0x142737456	422	0x1497C0C14
0x142737423	0x14087A270	float32_be	0x1427372B0	0x142737456	422	0x1497C0C14
0x1427374CD	0x140878610	raw_bytes	0x142737460	0x142737511	177	0x1497870DC
0x14273755E	0x14087A220	uint32_be	0x142737520	0x1427376FC	476	0x14978231C
0x142737585	0x14087A270	float32_be	0x142737520	0x1427376FC	476	0x14978231C
0x14273773A	0x140878610	raw_bytes	0x142737700	0x1427378BA	442	0x1497C56F0
0x142737781	0x14087A270	float32_be	0x142737700	0x1427378BA	442	0x1497C56F0
0x1427377DB	0x14087A270	float32_be	0x142737700	0x1427378BA	442	0x1497C56F0
0x14273785F	0x14087A220	uint32_be	0x142737700	0x1427378BA	442	0x1497C56F0
0x142737889	0x14087A270	float32_be	0x142737700	0x1427378BA	442	0x1497C56F0
0x1427378FA	0x140878610	raw_bytes	0x1427378C0	0x142737A7B	443	0x1498F4148
0x142737935	0x140878610	raw_bytes	0x1427378C0	0x142737A7B	443	0x1498F4148
0x142737971	0x140878610	raw_bytes	0x1427378C0	0x142737A7B	443	0x1498F4148
0x1427379A8	0x140878610	raw_bytes	0x1427378C0	0x142737A7B	443	0x1498F4148
0x1427379DF	0x140878610	raw_bytes	0x1427378C0	0x142737A7B	443	0x1498F4148
0x142742476	0x14087A1C0	uint16_be	0x142742450	0x14274254E	254	0x14993B598
0x142742641	0x140878610	raw_bytes	0x142742610	0x142742785	373	0x14993B558
0x1427427C5	0x140878610	raw_bytes	0x142742790	0x1427428F0	352	0x14977E768
0x14274282D	0x14087A270	float32_be	0x142742790	0x1427428F0	352	0x14977E768
0x142742874	0x140878610	raw_bytes	0x142742790	0x1427428F0	352	0x14977E768
0x1427428AF	0x14087A270	float32_be	0x142742790	0x1427428F0	352	0x14977E768
0x14274608D	0x14087A220	uint32_be	0x142746040	0x1427460D9	153	0x1497870DC
0x142746382	0x14087A220	uint32_be	0x142746320	0x142746420	256	0x1497870DC
0x1427463CB	0x140878610	raw_bytes	0x142746320	0x142746420	256	0x1497870DC
0x142749BB8	0x140878610	raw_bytes	0x142749B50	0x142749C50	256	0x1497870DC
0x142749C06	0x14087A220	uint32_be	0x142749B50	0x142749C50	256	0x1497870DC
0x14274F918	0x14087B5C0	prefix_uint32	0x14274F8D0	0x14274FAF2	546	0x149942FA4
0x14274F994	0x14087A220	uint32_be	0x14274F8D0	0x14274FAF2	546	0x149942FA4
0x14274FA07	0x14087B5C0	prefix_uint32	0x14274F8D0	0x14274FAF2	546	0x149942FA4
0x14274FA83	0x14087A220	uint32_be	0x14274F8D0	0x14274FAF2	546	0x149942FA4
0x142761A4C	0x14087A220	uint32_be	0x142761A20	0x142761AD9	185	0x149780384
0x142761A95	0x140878610	raw_bytes	0x142761A20	0x142761AD9	185	0x149780384
0x142761B3C	0x14087B5C0	prefix_uint32	0x142761B10	0x142761B8C	124	0x149943394
0x142761C66	0x140878610	raw_bytes	0x142761C50	0x142761CA2	82	0x1499433F4
0x14279D89C	0x14087B5C0	prefix_uint32	0x14279D870	0x14279D8C1	81	0x149940ADC
0x14279D907	0x14087A220	uint32_be	0x14279D8DB	0x14279D958	125	0x149940B00
0x14279D92B	0x14087A220	uint32_be	0x14279D8DB	0x14279D958	125	0x149940B00
0x14279DA1D	0x14087B5C0	prefix_uint32	0x14279D9B0	0x14279DA7A	202	0x14993DF00
0x14279DB17	0x14087A220	uint32_be	0x14279DA7A	0x14279DC5E	484	0x149940BE0
0x14279DB76	0x14087A220	uint32_be	0x14279DA7A	0x14279DC5E	484	0x149940BE0
0x14279DCDD	0x14087B5C0	prefix_uint32	0x14279DC70	0x14279DD3A	202	0x14993DF00
0x14279DFAD	0x14087B5C0	prefix_uint32	0x14279DF40	0x14279E00A	202	0x149940E60
0x14279E106	0x14087A220	uint32_be	0x14279E00A	0x14279E1F2	488	0x149940E70
0x14279E283	0x140878610	raw_bytes	0x14279E260	0x14279E2AE	78	0x14977D6E8
0x14279E384	0x14087A220	uint32_be	0x14279E360	0x14279E474	276	0x14986BF34
0x14279E3AC	0x140878610	raw_bytes	0x14279E360	0x14279E474	276	0x14986BF34
0x14279E3E8	0x140878610	raw_bytes	0x14279E360	0x14279E474	276	0x14986BF34
0x14279E430	0x14087A220	uint32_be	0x14279E360	0x14279E474	276	0x14986BF34
0x14279E5AB	0x14087B5C0	prefix_uint32	0x14279E58F	0x14279E667	216	0x14993E064
0x14279E6D9	0x14087B5C0	prefix_uint32	0x14279E6BC	0x14279E778	188	0x149940F0C
0x14279E755	0x14087A220	uint32_be	0x14279E6BC	0x14279E778	188	0x149940F0C
0x1427C56DB	0x14087B5C0	prefix_uint32	0x1427C56B0	0x1427C57CB	283	0x1497965EC
0x1427C5787	0x14087A220	uint32_be	0x1427C56B0	0x1427C57CB	283	0x1497965EC
0x1427C99F7	0x14087A1C0	uint16_be	0x1427C9970	0x1427C9A83	275	0x149949AF4
0x1427CA782	0x140878610	raw_bytes	0x1427CA6E0	0x1427CA7EE	270	0x14994962C
0x1427CD40F	0x14087A2D0	float64_be	0x1427CD3C0	0x1427CD4A5	229	0x1497870DC
0x1427CD431	0x14087A2D0	float64_be	0x1427CD3C0	0x1427CD4A5	229	0x1497870DC
0x1427CD453	0x14087A2D0	float64_be	0x1427CD3C0	0x1427CD4A5	229	0x1497870DC
0x1427CD475	0x14087A2D0	float64_be	0x1427CD3C0	0x1427CD4A5	229	0x1497870DC
0x1427CF55F	0x140878610	raw_bytes	0x1427CF4D0	0x1427CF62F	351	0x1498BE938
0x1427CF58A	0x14087A270	float32_be	0x1427CF4D0	0x1427CF62F	351	0x1498BE938
0x1427CF5B1	0x14087A270	float32_be	0x1427CF4D0	0x1427CF62F	351	0x1498BE938
0x1427CF5D5	0x14087A220	uint32_be	0x1427CF4D0	0x1427CF62F	351	0x1498BE938
0x1427CFD2E	0x14087A220	uint32_be	0x1427CFCE0	0x1427CFD97	183	0x1497870DC
0x1427D01A0	0x14087A220	uint32_be	0x1427D018A	0x1427D01E3	89	0x1499492E4
0x1427D03A9	0x14087A270	float32_be	0x1427D0320	0x1427D042E	270	0x1497C5284
0x1427D0C3B	0x14087A270	float32_be	0x1427D0BF8	0x1427D0C9A	162	0x14994988C
0x1427D0C6F	0x14087A270	float32_be	0x1427D0BF8	0x1427D0C9A	162	0x14994988C
0x1427D1168	0x14087A220	uint32_be	0x1427D1100	0x1427D1226	294	0x1497C5284
0x1427D119E	0x140878610	raw_bytes	0x1427D1100	0x1427D1226	294	0x1497C5284
0x1427D180D	0x140878610	raw_bytes	0x1427D17C0	0x1427D1880	192	0x1497870DC
0x1427D20FD	0x140878610	raw_bytes	0x1427D20E0	0x1427D2152	114	0x1499493C0
0x1427D3452	0x140878610	raw_bytes	0x1427D3400	0x1427D34F0	240	0x1497870DC
0x1427D606B	0x14087B5C0	prefix_uint32	0x1427D6030	0x1427D61B7	391	0x14994C81C
0x1427D612E	0x14087A220	uint32_be	0x1427D6030	0x1427D61B7	391	0x14994C81C
0x1427D62E3	0x140878610	raw_bytes	0x1427D6270	0x1427D63BB	331	0x14994C764
0x1427D6331	0x14087A1C0	uint16_be	0x1427D6270	0x1427D63BB	331	0x14994C764
0x1427D63FB	0x14087B5C0	prefix_uint32	0x1427D63C0	0x1427D6539	377	0x14994C738
0x1427DE4D9	0x140878610	raw_bytes	0x1427DE370	0x1427DE5CF	607	0x1498C73A8
0x1427DE60E	0x14087B5C0	prefix_uint32	0x1427DE5D0	0x1427DE7B1	481	0x14994C848
0x1427DE6BE	0x14087A220	uint32_be	0x1427DE5D0	0x1427DE7B1	481	0x14994C848
0x1427DE6E0	0x14087A220	uint32_be	0x1427DE5D0	0x1427DE7B1	481	0x14994C848
0x1427DE702	0x14087A220	uint32_be	0x1427DE5D0	0x1427DE7B1	481	0x14994C848
0x1427DE7FE	0x14087B5C0	prefix_uint32	0x1427DE7C0	0x1427DE995	469	0x14994C8C8
0x1427DE8A2	0x14087A1C0	uint16_be	0x1427DE7C0	0x1427DE995	469	0x14994C8C8
0x1427DE8C4	0x14087A1C0	uint16_be	0x1427DE7C0	0x1427DE995	469	0x14994C8C8
0x1427DE8E6	0x14087A1C0	uint16_be	0x1427DE7C0	0x1427DE995	469	0x14994C8C8
0x1427DE9D1	0x14087B5C0	prefix_uint32	0x1427DE9A0	0x1427DEA19	121	0x14986AE68
0x14280DF65	0x140878610	raw_bytes	0x14280DEE0	0x14280E02C	332	0x1497C0C14
0x14280DF90	0x14087A270	float32_be	0x14280DEE0	0x14280E02C	332	0x1497C0C14
0x14280DFB7	0x14087A270	float32_be	0x14280DEE0	0x14280E02C	332	0x1497C0C14
0x14280DFDB	0x14087A220	uint32_be	0x14280DEE0	0x14280E02C	332	0x1497C0C14
0x14280E0E2	0x140878610	raw_bytes	0x14280E030	0x14280E18C	348	0x14977E768
0x14280E1BF	0x14087B5C0	prefix_uint32	0x14280E190	0x14280E2DF	335	0x1497870DC
0x142813637	0x14087A220	uint32_be	0x1428135C0	0x1428136D4	276	0x1498BD660
0x142813666	0x14087A220	uint32_be	0x1428135C0	0x1428136D4	276	0x1498BD660
0x142816609	0x140878610	raw_bytes	0x1428165D0	0x142816679	169	0x14978F9A0
0x1428166F5	0x14087A220	uint32_be	0x142816680	0x142816833	435	0x1498BD288
0x142816722	0x14087A220	uint32_be	0x142816680	0x142816833	435	0x1498BD288
0x142816752	0x14087B5C0	prefix_uint32	0x142816680	0x142816833	435	0x1498BD288
0x14281687A	0x140878610	raw_bytes	0x142816840	0x142816996	342	0x1497C56F0
0x1428168B5	0x140878610	raw_bytes	0x142816840	0x142816996	342	0x1497C56F0
0x1428168E9	0x140878610	raw_bytes	0x142816840	0x142816996	342	0x1497C56F0
0x142816920	0x140878610	raw_bytes	0x142816840	0x142816996	342	0x1497C56F0
0x142816A88	0x140878610	raw_bytes	0x1428169A0	0x142816B78	472	0x1498C7478
0x142819A3A	0x14087B5C0	prefix_uint32	0x1428199C0	0x142819B11	337	0x149782EC4
0x142819AA6	0x14087A220	uint32_be	0x1428199C0	0x142819B11	337	0x149782EC4
0x14281A67B	0x14087A220	uint32_be	0x14281A5B0	0x14281A6BF	271	0x1498BCAF8
0x14281E89F	0x14087A270	float32_be	0x14281E800	0x14281E920	288	0x1497C4CC0
0x14281E8CF	0x140878610	raw_bytes	0x14281E800	0x14281E920	288	0x1497C4CC0
0x142820CBD	0x14087A270	float32_be	0x142820C20	0x142820D09	233	0x1497C4728
0x142826004	0x14087A220	uint32_be	0x142825F60	0x142826096	310	0x1498BE938
0x142826052	0x14087A270	float32_be	0x142825F60	0x142826096	310	0x1498BE938
0x142826BB2	0x14087A270	float32_be	0x142826AC0	0x142826BF6	310	0x1498BE938
0x14282BF78	0x14087A220	uint32_be	0x14282BEF0	0x14282BFED	253	0x14994F750
0x14282BFA5	0x14087A220	uint32_be	0x14282BEF0	0x14282BFED	253	0x14994F750
0x14282D604	0x140878610	raw_bytes	0x14282D550	0x14282D65C	268	0x1497C4CC0
0x14282F301	0x14087A220	uint32_be	0x14282F280	0x14282F39B	283	0x149921AD0
0x14282F355	0x14087A220	uint32_be	0x14282F280	0x14282F39B	283	0x149921AD0
0x142832F5C	0x14087B5C0	prefix_uint32	0x142832F41	0x142833077	310	0x14994F77C
0x142832FF2	0x14087A220	uint32_be	0x142832F41	0x142833077	310	0x14994F77C
0x142833019	0x14087A220	uint32_be	0x142832F41	0x142833077	310	0x14994F77C
0x142833057	0x14087A220	uint32_be	0x142832F41	0x142833077	310	0x14994F77C
0x142836C06	0x14087A220	uint32_be	0x142836B60	0x142836C66	262	0x1497C5284
0x142836C33	0x14087A220	uint32_be	0x142836B60	0x142836C66	262	0x1497C5284
0x142836D59	0x14087A220	uint32_be	0x142836C70	0x142836DC2	338	0x1497C0C14
0x1428388A1	0x14087A220	uint32_be	0x142838830	0x1428388E9	185	0x1497C4CC0
0x14283C5C0	0x14087A220	uint32_be	0x14283C530	0x14283C65D	301	0x149798EE8
0x14283C5F3	0x140878610	raw_bytes	0x14283C530	0x14283C65D	301	0x149798EE8
0x14283C974	0x14087A270	float32_be	0x14283C91B	0x14283CA18	253	0x149950500
0x14283C99B	0x14087A220	uint32_be	0x14283C91B	0x14283CA18	253	0x149950500
0x14283C9C7	0x14087A220	uint32_be	0x14283C91B	0x14283CA18	253	0x149950500
0x14283FF8A	0x14087A270	float32_be	0x14283FF60	0x142840055	245	0x14978003C
0x14283FFC9	0x14087A270	float32_be	0x14283FF60	0x142840055	245	0x14978003C
0x14284008A	0x14087A270	float32_be	0x142840060	0x14284019D	317	0x1497870DC
0x1428400C9	0x14087A270	float32_be	0x142840060	0x14284019D	317	0x1497870DC
0x14284010A	0x14087A270	float32_be	0x142840060	0x14284019D	317	0x1497870DC
0x14284014B	0x14087A270	float32_be	0x142840060	0x14284019D	317	0x1497870DC
0x1428402BE	0x14087A220	uint32_be	0x1428401A0	0x14284037A	474	0x149935FA4
0x1428402E5	0x14087A270	float32_be	0x1428401A0	0x14284037A	474	0x149935FA4
0x142840309	0x14087A270	float32_be	0x1428401A0	0x14284037A	474	0x149935FA4
0x1428448AE	0x140878610	raw_bytes	0x142844830	0x1428449EC	444	0x1497C5C8C
0x14284491A	0x14087A220	uint32_be	0x142844830	0x1428449EC	444	0x1497C5C8C
0x142844945	0x14087A220	uint32_be	0x142844830	0x1428449EC	444	0x1497C5C8C
0x142848870	0x14087A220	uint32_be	0x1428487A0	0x1428488AC	268	0x149798EE8
0x142848A1E	0x14087A270	float32_be	0x142848960	0x142848A62	258	0x1498BCAF8
0x142848BBE	0x140878610	raw_bytes	0x142848B20	0x142848C42	290	0x1498BD55C
0x14284BC05	0x14087A220	uint32_be	0x14284BBB0	0x14284BD50	416	0x1497C0C14
0x14284BC32	0x140878610	raw_bytes	0x14284BBB0	0x14284BD50	416	0x1497C0C14
0x14284BC71	0x14087A220	uint32_be	0x14284BBB0	0x14284BD50	416	0x1497C0C14
0x14284BC9C	0x14087A220	uint32_be	0x14284BBB0	0x14284BD50	416	0x1497C0C14
0x14284BCEA	0x14087B5C0	prefix_uint32	0x14284BBB0	0x14284BD50	416	0x1497C0C14
0x14284BD8B	0x14087A220	uint32_be	0x14284BD50	0x14284BEDE	398	0x14977E9A8
0x14284BDEF	0x14087A270	float32_be	0x14284BD50	0x14284BEDE	398	0x14977E9A8
0x14284BE16	0x14087A270	float32_be	0x14284BD50	0x14284BEDE	398	0x14977E9A8
0x14284BE3D	0x14087A270	float32_be	0x14284BD50	0x14284BEDE	398	0x14977E9A8
0x14284BE61	0x14087A220	uint32_be	0x14284BD50	0x14284BEDE	398	0x14977E9A8
0x14284BE8B	0x140878610	raw_bytes	0x14284BD50	0x14284BEDE	398	0x14977E9A8
0x14284BF6D	0x14087A220	uint32_be	0x14284BEE0	0x14284C0AA	458	0x149951268
0x142850C8C	0x14087A220	uint32_be	0x142850BE0	0x142850CD4	244	0x1498BC120
0x142851400	0x140878610	raw_bytes	0x142851380	0x1428514F7	375	0x1498BE938
0x1428514B3	0x14087A220	uint32_be	0x142851380	0x1428514F7	375	0x1498BE938
0x142854286	0x140878610	raw_bytes	0x142854220	0x1428543BA	410	0x1498BE938
0x1428542C5	0x14087A220	uint32_be	0x142854220	0x1428543BA	410	0x1498BE938
0x1428542F0	0x14087A220	uint32_be	0x142854220	0x1428543BA	410	0x1498BE938
0x142854365	0x14087A220	uint32_be	0x142854220	0x1428543BA	410	0x1498BE938
0x1428545E9	0x14087A220	uint32_be	0x1428545D4	0x1428546DF	267	0x1499524F8
0x142854641	0x14087A2D0	float64_be	0x1428545D4	0x1428546DF	267	0x1499524F8
0x142854662	0x14087A2D0	float64_be	0x1428545D4	0x1428546DF	267	0x1499524F8
0x142854683	0x14087A2D0	float64_be	0x1428545D4	0x1428546DF	267	0x1499524F8
0x1428546A4	0x14087A2D0	float64_be	0x1428545D4	0x1428546DF	267	0x1499524F8
0x142856005	0x140878610	raw_bytes	0x142855F40	0x142856062	290	0x1498BD55C
0x14285661A	0x14087A220	uint32_be	0x142856590	0x1428566AF	287	0x1498BE938
0x142856644	0x14087A220	uint32_be	0x142856590	0x1428566AF	287	0x1498BE938
0x142856665	0x14087A220	uint32_be	0x142856590	0x1428566AF	287	0x1498BE938
0x142859F92	0x14087A220	uint32_be	0x142859EB0	0x14285A0AF	511	0x14977E994
0x142859FBF	0x14087A270	float32_be	0x142859EB0	0x14285A0AF	511	0x14977E994
0x14285A01B	0x140878610	raw_bytes	0x142859EB0	0x14285A0AF	511	0x14977E994
0x14285A0E1	0x14087A220	uint32_be	0x14285A0B0	0x14285A11B	107	0x14995252C
0x14285A0FF	0x14087A220	uint32_be	0x14285A0B0	0x14285A11B	107	0x14995252C
0x14285A134	0x14087B5C0	prefix_uint32	0x14285A11B	0x14285A222	263	0x149952540
0x14285A1E3	0x14087A220	uint32_be	0x14285A11B	0x14285A222	263	0x149952540
0x14285A201	0x14087A220	uint32_be	0x14285A11B	0x14285A222	263	0x149952540
0x14285A2AC	0x14087A270	float32_be	0x14285A260	0x14285A407	423	0x1497C0C14
0x14285A2DF	0x140878610	raw_bytes	0x14285A260	0x14285A407	423	0x1497C0C14
0x14285A353	0x14087A220	uint32_be	0x14285A260	0x14285A407	423	0x1497C0C14
0x14285A44A	0x140878610	raw_bytes	0x14285A410	0x14285A5B9	425	0x1497C56F0
0x14285A47F	0x14087A220	uint32_be	0x14285A410	0x14285A5B9	425	0x1497C56F0
0x14285A4AC	0x14087A220	uint32_be	0x14285A410	0x14285A5B9	425	0x1497C56F0
0x14285A4D9	0x14087A220	uint32_be	0x14285A410	0x14285A5B9	425	0x1497C56F0
0x14285A50C	0x140878610	raw_bytes	0x14285A410	0x14285A5B9	425	0x1497C56F0
0x14285A543	0x140878610	raw_bytes	0x14285A410	0x14285A5B9	425	0x1497C56F0
0x14285A648	0x140878610	raw_bytes	0x14285A627	0x14285A678	81	0x149952308
0x14285A6AA	0x14087B5C0	prefix_uint32	0x14285A678	0x14285A761	233	0x14995231C
0x14285A707	0x14087A220	uint32_be	0x14285A678	0x14285A761	233	0x14995231C
0x14285A725	0x14087A220	uint32_be	0x14285A678	0x14285A761	233	0x14995231C
0x14285FB37	0x14087A270	float32_be	0x14285FABC	0x14285FB60	164	0x149953464
0x14286035F	0x14087A220	uint32_be	0x1428602E0	0x1428603EC	268	0x1498BC654
0x142860384	0x14087A220	uint32_be	0x1428602E0	0x1428603EC	268	0x1498BC654
0x1428603B0	0x14087A220	uint32_be	0x1428602E0	0x1428603EC	268	0x1498BC654
0x142860BCD	0x14087A270	float32_be	0x142860B50	0x142860C74	292	0x1499533BC
0x142860C13	0x14087A270	float32_be	0x142860B50	0x142860C74	292	0x1499533BC
0x142861E26	0x14087A220	uint32_be	0x142861DB0	0x142861E64	180	0x1498BC8A8
0x1428651D3	0x14087A2D0	float64_be	0x1428651A0	0x1428652AD	269	0x1498C6B98
0x142865200	0x14087A2D0	float64_be	0x1428651A0	0x1428652AD	269	0x1498C6B98
0x142865250	0x14087A270	float32_be	0x1428651A0	0x1428652AD	269	0x1498C6B98
0x142865CEF	0x14087A270	float32_be	0x142865CC0	0x142865E76	438	0x1497C0C14
0x142865D1B	0x14087A270	float32_be	0x142865CC0	0x142865E76	438	0x1497C0C14
0x142865D75	0x14087A270	float32_be	0x142865CC0	0x142865E76	438	0x1497C0C14
0x142865DA2	0x14087A220	uint32_be	0x142865CC0	0x142865E76	438	0x1497C0C14
0x142865DCF	0x14087A2D0	float64_be	0x142865CC0	0x142865E76	438	0x1497C0C14
0x142865DF9	0x14087A220	uint32_be	0x142865CC0	0x142865E76	438	0x1497C0C14
0x142865ED6	0x14087A220	uint32_be	0x142865E80	0x142866029	425	0x1497C0C14
0x14286605F	0x14087B5C0	prefix_uint32	0x142866030	0x1428660C3	147	0x14978365C
0x14286C857	0x14087A220	uint32_be	0x14286C790	0x14286C8DA	330	0x1498BE938
0x14286C881	0x140878610	raw_bytes	0x14286C790	0x14286C8DA	330	0x1498BE938
0x14286E3C8	0x14087A270	float32_be	0x14286E2D0	0x14286E434	356	0x1498BD6C0
0x14286E3FA	0x14087A270	float32_be	0x14286E2D0	0x14286E434	356	0x1498BD6C0
0x14286E5C4	0x14087A220	uint32_be	0x14286E500	0x14286E62C	300	0x1498BC654
0x14286E5F0	0x14087A220	uint32_be	0x14286E500	0x14286E62C	300	0x1498BC654
0x14286E897	0x140878610	raw_bytes	0x14286E7B0	0x14286E8F0	320	0x1497C4C7C
0x142873975	0x14087A220	uint32_be	0x1428738F9	0x142873A54	347	0x149955120
0x1428739B8	0x14087A220	uint32_be	0x1428738F9	0x142873A54	347	0x149955120
0x142874DAE	0x14087A220	uint32_be	0x142874D50	0x142874E32	226	0x1497C4CC0
0x142874FED	0x14087A220	uint32_be	0x142874F70	0x142875080	272	0x149921AD0
0x142879D40	0x14087A220	uint32_be	0x142879CE0	0x142879E36	342	0x149955110
0x14287C922	0x14087A220	uint32_be	0x14287C8F0	0x14287CAF0	512	0x149781ED4
0x14287C94E	0x14087A220	uint32_be	0x14287C8F0	0x14287CAF0	512	0x149781ED4
0x14287CB1F	0x14087A220	uint32_be	0x14287CAF0	0x14287CCF0	512	0x14977E994
0x14287CB7A	0x140878610	raw_bytes	0x14287CAF0	0x14287CCF0	512	0x14977E994
0x14287CC5C	0x140878610	raw_bytes	0x14287CAF0	0x14287CCF0	512	0x14977E994
0x14287CD1F	0x14087A220	uint32_be	0x14287CCF0	0x14287CE6E	382	0x1497C0C14
0x14287CD74	0x140878610	raw_bytes	0x14287CCF0	0x14287CE6E	382	0x1497C0C14
0x14287CDB3	0x14087A270	float32_be	0x14287CCF0	0x14287CE6E	382	0x1497C0C14
0x14287CDE0	0x140878610	raw_bytes	0x14287CCF0	0x14287CE6E	382	0x1497C0C14
0x14287CE11	0x14087A270	float32_be	0x14287CCF0	0x14287CE6E	382	0x1497C0C14
0x14287CE35	0x14087A220	uint32_be	0x14287CCF0	0x14287CE6E	382	0x1497C0C14
0x14287CECB	0x14087A220	uint32_be	0x14287CE70	0x14287D018	424	0x1497C0C14
0x14287CEF8	0x14087A270	float32_be	0x14287CE70	0x14287D018	424	0x1497C0C14
0x14287CF25	0x14087A220	uint32_be	0x14287CE70	0x14287D018	424	0x1497C0C14
0x14287CF52	0x14087A270	float32_be	0x14287CE70	0x14287D018	424	0x1497C0C14
0x14287CF7F	0x14087A270	float32_be	0x14287CE70	0x14287D018	424	0x1497C0C14
0x14287CFAC	0x14087B5C0	prefix_uint32	0x14287CE70	0x14287D018	424	0x1497C0C14
0x14287D15C	0x14087A220	uint32_be	0x14287D020	0x14287D1E3	451	0x1497C0C14
0x14287D186	0x14087A220	uint32_be	0x14287D020	0x14287D1E3	451	0x1497C0C14
0x14287D1B0	0x14087A270	float32_be	0x14287D020	0x14287D1E3	451	0x1497C0C14
0x14287D245	0x140878610	raw_bytes	0x14287D20B	0x14287D2CA	191	0x149955214
0x14287D4D5	0x140878610	raw_bytes	0x14287D340	0x14287D5DB	667	0x1499552C0
0x142884B3D	0x14087A220	uint32_be	0x142884AC0	0x142884C55	405	0x149953CD4
0x142884B6C	0x14087A220	uint32_be	0x142884AC0	0x142884C55	405	0x149953CD4
0x142884B96	0x14087A220	uint32_be	0x142884AC0	0x142884C55	405	0x149953CD4
0x142884BC0	0x14087A220	uint32_be	0x142884AC0	0x142884C55	405	0x149953CD4
0x142884D8B	0x14087B5C0	prefix_uint32	0x142884D20	0x142884E3C	284	0x1497870DC
0x142884E93	0x14087A220	uint32_be	0x142884E40	0x142884FB4	372	0x1497C0C14
0x142884EC1	0x14087A220	uint32_be	0x142884E40	0x142884FB4	372	0x1497C0C14
0x142884EEB	0x14087A220	uint32_be	0x142884E40	0x142884FB4	372	0x1497C0C14
0x142884F15	0x14087A220	uint32_be	0x142884E40	0x142884FB4	372	0x1497C0C14
0x142884F3C	0x14087A220	uint32_be	0x142884E40	0x142884FB4	372	0x1497C0C14
0x142884F66	0x140878610	raw_bytes	0x142884E40	0x142884FB4	372	0x1497C0C14
0x142885AC9	0x14087A220	uint32_be	0x142885A60	0x142885B11	177	0x1497C4CC0
0x142888CF1	0x14087A220	uint32_be	0x142888C50	0x142888DD3	387	0x1497C4B18
0x142888D1C	0x14087A220	uint32_be	0x142888C50	0x142888DD3	387	0x1497C4B18
0x142888D46	0x14087A220	uint32_be	0x142888C50	0x142888DD3	387	0x1497C4B18
0x14288A45A	0x140878610	raw_bytes	0x14288A3B0	0x14288A51F	367	0x1498BE938
0x14288A49F	0x140878610	raw_bytes	0x14288A3B0	0x14288A51F	367	0x1498BE938
0x14288A4D0	0x14087A220	uint32_be	0x14288A3B0	0x14288A51F	367	0x1498BE938
0x14288B32E	0x14087A220	uint32_be	0x14288B300	0x14288B47C	380	0x149867CA8
0x14288B382	0x14087A270	float32_be	0x14288B300	0x14288B47C	380	0x149867CA8
0x14288B3A9	0x14087A220	uint32_be	0x14288B300	0x14288B47C	380	0x149867CA8
0x14288B428	0x140878610	raw_bytes	0x14288B300	0x14288B47C	380	0x149867CA8
0x14288FF0C	0x14087A220	uint32_be	0x14288FEB0	0x14289005F	431	0x1497C0C14
0x14288FF3C	0x14087A270	float32_be	0x14288FEB0	0x14289005F	431	0x1497C0C14
0x14288FFCC	0x14087A220	uint32_be	0x14288FEB0	0x14289005F	431	0x1497C0C14
0x14288FFFC	0x140878610	raw_bytes	0x14288FEB0	0x14289005F	431	0x1497C0C14
0x14289254F	0x140878610	raw_bytes	0x1428924EB	0x14289257D	146	0x149956E74
0x142896F0F	0x14087A220	uint32_be	0x142896E90	0x142897015	389	0x1497C0C14
0x142896F3A	0x14087A270	float32_be	0x142896E90	0x142897015	389	0x1497C0C14
0x142896F61	0x14087A270	float32_be	0x142896E90	0x142897015	389	0x1497C0C14
0x142896F88	0x14087A270	float32_be	0x142896E90	0x142897015	389	0x1497C0C14
0x142896FAC	0x14087A220	uint32_be	0x142896E90	0x142897015	389	0x1497C0C14
0x142896FD3	0x14087A220	uint32_be	0x142896E90	0x142897015	389	0x1497C0C14
0x14289705D	0x14087B5C0	prefix_uint32	0x142897020	0x1428970CB	171	0x149956EF0
0x1428971CE	0x14087B5C0	prefix_uint32	0x142897121	0x14289723E	285	0x149956F1C
0x142897274	0x14087A220	uint32_be	0x142897240	0x1428972E9	169	0x14977E964
0x14289729E	0x14087A220	uint32_be	0x142897240	0x1428972E9	169	0x14977E964
0x14289732A	0x140878610	raw_bytes	0x1428972F0	0x14289746A	378	0x1497C56F0
0x142897365	0x140878610	raw_bytes	0x1428972F0	0x14289746A	378	0x1497C56F0
0x1428973A1	0x140878610	raw_bytes	0x1428972F0	0x14289746A	378	0x1497C56F0
0x1428973D8	0x140878610	raw_bytes	0x1428972F0	0x14289746A	378	0x1497C56F0
0x14289740F	0x140878610	raw_bytes	0x1428972F0	0x14289746A	378	0x1497C56F0
0x14289749E	0x14087A220	uint32_be	0x142897470	0x14289765B	491	0x1498B99C8
0x1428974CE	0x14087A270	float32_be	0x142897470	0x14289765B	491	0x1498B99C8
0x14289755E	0x14087A220	uint32_be	0x142897470	0x14289765B	491	0x1498B99C8
0x14289758E	0x14087A220	uint32_be	0x142897470	0x14289765B	491	0x1498B99C8
0x1428975C1	0x140878610	raw_bytes	0x142897470	0x14289765B	491	0x1498B99C8
0x14289D046	0x14087A270	float32_be	0x14289CFF0	0x14289D1A1	433	0x149782EC4
0x14289D067	0x14087A270	float32_be	0x14289CFF0	0x14289D1A1	433	0x149782EC4
0x14289D08E	0x14087A220	uint32_be	0x14289CFF0	0x14289D1A1	433	0x149782EC4
0x1428A3C37	0x14087A270	float32_be	0x1428A3B90	0x1428A3CF9	361	0x1497C4B04
0x1428A3C61	0x14087A270	float32_be	0x1428A3B90	0x1428A3CF9	361	0x1497C4B04
0x1428A3C8B	0x140878610	raw_bytes	0x1428A3B90	0x1428A3CF9	361	0x1497C4B04
0x1428A42B3	0x14087A270	float32_be	0x1428A4210	0x1428A42F1	225	0x1498BC8A8
0x1428A4C61	0x140878610	raw_bytes	0x1428A4B90	0x1428A4CF1	353	0x1498BE938
0x1428A4C98	0x140878610	raw_bytes	0x1428A4B90	0x1428A4CF1	353	0x1498BE938
0x1428A841F	0x14087A220	uint32_be	0x1428A83F0	0x1428A85A5	437	0x1497C5C8C
0x1428A8498	0x140878610	raw_bytes	0x1428A83F0	0x1428A85A5	437	0x1497C5C8C
0x1428A84DA	0x14087B5C0	prefix_uint32	0x1428A83F0	0x1428A85A5	437	0x1497C5C8C
0x1428A85F1	0x14087B5C0	prefix_uint32	0x1428A85B0	0x1428A87DD	557	0x1497C6C24
0x1428A8820	0x14087A220	uint32_be	0x1428A87E0	0x1428A8A4C	620	0x1499234F0
0x1428A8847	0x14087A220	uint32_be	0x1428A87E0	0x1428A8A4C	620	0x1499234F0
0x1428A8875	0x140878610	raw_bytes	0x1428A87E0	0x1428A8A4C	620	0x1499234F0
0x1428A88E1	0x140878610	raw_bytes	0x1428A87E0	0x1428A8A4C	620	0x1499234F0
0x1428A8A8A	0x140878610	raw_bytes	0x1428A8A50	0x1428A8C0B	443	0x1497C5298
0x1428A8B22	0x14087A270	float32_be	0x1428A8A50	0x1428A8C0B	443	0x1497C5298
0x1428A8B4F	0x14087A270	float32_be	0x1428A8A50	0x1428A8C0B	443	0x1497C5298
0x1428A8B7C	0x14087A270	float32_be	0x1428A8A50	0x1428A8C0B	443	0x1497C5298
0x1428A8BA6	0x14087A270	float32_be	0x1428A8A50	0x1428A8C0B	443	0x1497C5298
0x1428A8C4F	0x140878610	raw_bytes	0x1428A8C10	0x1428A8E24	532	0x149852534
0x1428A8C91	0x140878610	raw_bytes	0x1428A8C10	0x1428A8E24	532	0x149852534
0x1428A8CBE	0x14087A220	uint32_be	0x1428A8C10	0x1428A8E24	532	0x149852534
0x1428A8D13	0x14087A220	uint32_be	0x1428A8C10	0x1428A8E24	532	0x149852534
0x1428A8E6F	0x140878610	raw_bytes	0x1428A8E30	0x1428A9004	468	0x14977E738
0x1428A8EB0	0x140878610	raw_bytes	0x1428A8E30	0x1428A9004	468	0x14977E738
0x1428A8EE4	0x140878610	raw_bytes	0x1428A8E30	0x1428A9004	468	0x14977E738
0x1428A903E	0x14087B5C0	prefix_uint32	0x1428A9010	0x1428A9062	82	0x14995834C
0x1428A92D5	0x140878610	raw_bytes	0x1428A9170	0x1428A940A	666	0x1498C73A8
0x1428A932D	0x14087A1C0	uint16_be	0x1428A9170	0x1428A940A	666	0x1498C73A8
0x1428A944E	0x14087A270	float32_be	0x1428A9410	0x1428A94E5	213	0x149958094
0x1428A9475	0x14087A220	uint32_be	0x1428A9410	0x1428A94E5	213	0x149958094
0x1428A94A0	0x14087A220	uint32_be	0x1428A9410	0x1428A94E5	213	0x149958094
0x1428A94CB	0x14087A220	uint32_be	0x1428A9410	0x1428A94E5	213	0x149958094
0x1428B1267	0x14087A220	uint32_be	0x1428B11C0	0x1428B1344	388	0x1497C0C14
0x1428B1298	0x140878610	raw_bytes	0x1428B11C0	0x1428B1344	388	0x1497C0C14
0x1428B12D4	0x14087A220	uint32_be	0x1428B11C0	0x1428B1344	388	0x1497C0C14
0x1428B12FE	0x140878610	raw_bytes	0x1428B11C0	0x1428B1344	388	0x1497C0C14
0x1428B20BC	0x140878610	raw_bytes	0x1428B2030	0x1428B2181	337	0x1497C4C7C
0x1428B2101	0x140878610	raw_bytes	0x1428B2030	0x1428B2181	337	0x1497C4C7C
0x1428B349B	0x14087A270	float32_be	0x1428B33B0	0x1428B34FC	332	0x149958FFC
0x1428B34C0	0x14087A270	float32_be	0x1428B33B0	0x1428B34FC	332	0x149958FFC
0x1428B6043	0x14087A220	uint32_be	0x1428B6004	0x1428B613F	315	0x149959030
0x1428B60EC	0x14087A220	uint32_be	0x1428B6004	0x1428B613F	315	0x149959030
0x1428B6443	0x14087A220	uint32_be	0x1428B6404	0x1428B6515	273	0x1499590B8
0x1428B8B8A	0x14087A220	uint32_be	0x1428B8B60	0x1428B8C4E	238	0x14977E768
0x1428B8BB5	0x14087A220	uint32_be	0x1428B8B60	0x1428B8C4E	238	0x14977E768
0x1428B8BDF	0x14087A220	uint32_be	0x1428B8B60	0x1428B8C4E	238	0x14977E768
0x1428B8C0D	0x14087A220	uint32_be	0x1428B8B60	0x1428B8C4E	238	0x14977E768
0x1428B8C8D	0x140878610	raw_bytes	0x1428B8C50	0x1428B8DEB	411	0x1498C6C54
0x1428B8CDE	0x14087B5C0	prefix_uint32	0x1428B8C50	0x1428B8DEB	411	0x1498C6C54
0x1428B8ED8	0x140878610	raw_bytes	0x1428B8DF0	0x1428B8FC8	472	0x1498C7478
0x1428BC4A6	0x14087A220	uint32_be	0x1428BC450	0x1428BC5C1	369	0x1497C0C14
0x1428BC4C7	0x14087B5C0	prefix_uint32	0x1428BC450	0x1428BC5C1	369	0x1497C0C14
0x1428BC524	0x14087A220	uint32_be	0x1428BC450	0x1428BC5C1	369	0x1497C0C14
0x1428BC54E	0x14087A220	uint32_be	0x1428BC450	0x1428BC5C1	369	0x1497C0C14
0x1428BC573	0x14087A220	uint32_be	0x1428BC450	0x1428BC5C1	369	0x1497C0C14
0x1428BD5A1	0x14087A220	uint32_be	0x1428BD52C	0x1428BD5D7	171	0x14995B00C
0x1428C83B9	0x140878610	raw_bytes	0x1428C8380	0x1428C8441	193	0x14995B1C0
0x1428CAD0F	0x14087A220	uint32_be	0x1428CACE0	0x1428CAE97	439	0x1497C0C14
0x1428CAD68	0x14087A220	uint32_be	0x1428CACE0	0x1428CAE97	439	0x1497C0C14
0x1428CADEF	0x14087A220	uint32_be	0x1428CACE0	0x1428CAE97	439	0x1497C0C14
0x1428CAE49	0x140878610	raw_bytes	0x1428CACE0	0x1428CAE97	439	0x1497C0C14
0x1428CAED4	0x14087A220	uint32_be	0x1428CAEA0	0x1428CB0AE	526	0x149782944
0x1428CAEFB	0x14087A220	uint32_be	0x1428CAEA0	0x1428CB0AE	526	0x149782944
0x1428CAF49	0x14087A220	uint32_be	0x1428CAEA0	0x1428CB0AE	526	0x149782944
0x1428CAF74	0x14087A220	uint32_be	0x1428CAEA0	0x1428CB0AE	526	0x149782944
0x1428CAFBF	0x140878610	raw_bytes	0x1428CAEA0	0x1428CB0AE	526	0x149782944
0x1428CAFE7	0x14087A220	uint32_be	0x1428CAEA0	0x1428CB0AE	526	0x149782944
0x1428CB119	0x14087A220	uint32_be	0x1428CB0B0	0x1428CB143	147	0x1497D8048
0x1428CB167	0x14087B5C0	prefix_uint32	0x1428CB143	0x1428CB284	321	0x14995B1E4
0x1428CB2F5	0x14087A220	uint32_be	0x1428CB2A0	0x1428CB442	418	0x1497C0C14
0x1428CB31C	0x14087A220	uint32_be	0x1428CB2A0	0x1428CB442	418	0x1497C0C14
0x1428CB347	0x14087A220	uint32_be	0x1428CB2A0	0x1428CB442	418	0x1497C0C14
0x1428CB36E	0x14087A220	uint32_be	0x1428CB2A0	0x1428CB442	418	0x1497C0C14
0x1428CB3BE	0x14087A220	uint32_be	0x1428CB2A0	0x1428CB442	418	0x1497C0C14
0x1428CB409	0x14087A1C0	uint16_be	0x1428CB2A0	0x1428CB442	418	0x1497C0C14
0x1428CB48B	0x14087A220	uint32_be	0x1428CB450	0x1428CB5F5	421	0x14977E9A8
0x1428CB560	0x140878610	raw_bytes	0x1428CB450	0x1428CB5F5	421	0x14977E9A8
0x1428CB63B	0x14087A220	uint32_be	0x1428CB600	0x1428CB796	406	0x14977E9A8
0x1428CB689	0x14087A220	uint32_be	0x1428CB600	0x1428CB796	406	0x14977E9A8
0x1428CB6BA	0x140878610	raw_bytes	0x1428CB600	0x1428CB796	406	0x14977E9A8
0x1428CB6FF	0x140878610	raw_bytes	0x1428CB600	0x1428CB796	406	0x14977E9A8
0x1428CB736	0x140878610	raw_bytes	0x1428CB600	0x1428CB796	406	0x14977E9A8
0x1428CB7DA	0x140878610	raw_bytes	0x1428CB7A0	0x1428CB9A5	517	0x1497C5298
0x1428CB821	0x14087A220	uint32_be	0x1428CB7A0	0x1428CB9A5	517	0x1497C5298
0x1428CB84E	0x14087A220	uint32_be	0x1428CB7A0	0x1428CB9A5	517	0x1497C5298
0x1428CB87B	0x14087A220	uint32_be	0x1428CB7A0	0x1428CB9A5	517	0x1497C5298
0x1428CB8A8	0x14087A220	uint32_be	0x1428CB7A0	0x1428CB9A5	517	0x1497C5298
0x1428CB8D5	0x14087A270	float32_be	0x1428CB7A0	0x1428CB9A5	517	0x1497C5298
0x1428CB902	0x14087A220	uint32_be	0x1428CB7A0	0x1428CB9A5	517	0x1497C5298
0x1428CB92C	0x14087A270	float32_be	0x1428CB7A0	0x1428CB9A5	517	0x1497C5298
0x1428CB9EA	0x140878610	raw_bytes	0x1428CB9B0	0x1428CBB72	450	0x1498F4148
0x1428CBA2B	0x140878610	raw_bytes	0x1428CB9B0	0x1428CBB72	450	0x1498F4148
0x1428CBA8B	0x140878610	raw_bytes	0x1428CB9B0	0x1428CBB72	450	0x1498F4148
0x1428CBAC4	0x14087A220	uint32_be	0x1428CB9B0	0x1428CBB72	450	0x1498F4148
0x1428CBAE8	0x14087A220	uint32_be	0x1428CB9B0	0x1428CBB72	450	0x1498F4148
0x1428CBBDB	0x14087A220	uint32_be	0x1428CBBA0	0x1428CBCA0	256	0x14995AF64
0x1428CBC30	0x14087A220	uint32_be	0x1428CBBA0	0x1428CBCA0	256	0x14995AF64
0x1428CBC84	0x14087A270	float32_be	0x1428CBBA0	0x1428CBCA0	256	0x14995AF64
0x1428CBE4B	0x14087A220	uint32_be	0x1428CBE20	0x1428CBFC7	423	0x1497C43C8
0x1428CBEA3	0x14087A270	float32_be	0x1428CBE20	0x1428CBFC7	423	0x1497C43C8
0x1428CBECD	0x14087A270	float32_be	0x1428CBE20	0x1428CBFC7	423	0x1497C43C8
0x1428CBF23	0x140878610	raw_bytes	0x1428CBE20	0x1428CBFC7	423	0x1497C43C8
0x1428CBF56	0x14087A220	uint32_be	0x1428CBE20	0x1428CBFC7	423	0x1497C43C8
0x1428CBF82	0x14087A220	uint32_be	0x1428CBE20	0x1428CBFC7	423	0x1497C43C8
0x1428CC00C	0x14087A220	uint32_be	0x1428CBFD0	0x1428CC0E8	280	0x14995AFC0
0x1428CC065	0x14087A220	uint32_be	0x1428CBFD0	0x1428CC0E8	280	0x14995AFC0
0x1428CC0BC	0x140878610	raw_bytes	0x1428CBFD0	0x1428CC0E8	280	0x14995AFC0
0x1428CC23B	0x14087A220	uint32_be	0x1428CC210	0x1428CC3B3	419	0x1497C43C8
0x1428CC2E3	0x14087A270	float32_be	0x1428CC210	0x1428CC3B3	419	0x1497C43C8
0x1428CC30D	0x14087A270	float32_be	0x1428CC210	0x1428CC3B3	419	0x1497C43C8
0x1428CC336	0x140878610	raw_bytes	0x1428CC210	0x1428CC3B3	419	0x1497C43C8
0x1428CC369	0x14087A220	uint32_be	0x1428CC210	0x1428CC3B3	419	0x1497C43C8
0x1428D9FF7	0x14087A220	uint32_be	0x1428D9F75	0x1428DA0C1	332	0x14995CFB4
0x1428DA03A	0x140878610	raw_bytes	0x1428D9F75	0x1428DA0C1	332	0x14995CFB4
0x1428DA618	0x14087A220	uint32_be	0x1428DA5A0	0x1428DA6B9	281	0x1497C4A30
0x1428DA649	0x14087A270	float32_be	0x1428DA5A0	0x1428DA6B9	281	0x1497C4A30
0x1428DA675	0x14087A270	float32_be	0x1428DA5A0	0x1428DA6B9	281	0x1497C4A30
0x1428DD086	0x14087A220	uint32_be	0x1428DD010	0x1428DD0CE	190	0x1497C4CC0
0x1428DD2D0	0x14087A220	uint32_be	0x1428DD260	0x1428DD3DB	379	0x14995D04C
0x1428DD2FC	0x14087A220	uint32_be	0x1428DD260	0x1428DD3DB	379	0x14995D04C
0x1428DD765	0x14087A220	uint32_be	0x1428DD6E9	0x1428DD85B	370	0x14995CF1C
0x1428DD7A8	0x14087A220	uint32_be	0x1428DD6E9	0x1428DD85B	370	0x14995CF1C
0x1428E2A8B	0x14087A220	uint32_be	0x1428E29F0	0x1428E2AD3	227	0x1497C4CC0
0x1428E2DE7	0x14087A220	uint32_be	0x1428E2D70	0x1428E2E2F	191	0x1497C4CC0
0x1428E9172	0x140878610	raw_bytes	0x1428E9110	0x1428E92D8	456	0x14977E994
0x1428E91DA	0x140878610	raw_bytes	0x1428E9110	0x1428E92D8	456	0x14977E994
0x1428E920B	0x14087A270	float32_be	0x1428E9110	0x1428E92D8	456	0x14977E994
0x1428E923E	0x140878610	raw_bytes	0x1428E9110	0x1428E92D8	456	0x14977E994
0x1428E931A	0x140878610	raw_bytes	0x1428E92E0	0x1428E94F0	528	0x1497C5704
0x1428E93A1	0x140878610	raw_bytes	0x1428E92E0	0x1428E94F0	528	0x1497C5704
0x1428E93D2	0x14087A270	float32_be	0x1428E92E0	0x1428E94F0	528	0x1497C5704
0x1428E9405	0x140878610	raw_bytes	0x1428E92E0	0x1428E94F0	528	0x1497C5704
0x1428E952A	0x140878610	raw_bytes	0x1428E94F0	0x1428E96CA	474	0x1498F4148
0x1428E95B9	0x140878610	raw_bytes	0x1428E94F0	0x1428E96CA	474	0x1498F4148
0x1428E961E	0x14087A270	float32_be	0x1428E94F0	0x1428E96CA	474	0x1498F4148
0x1428E9648	0x140878610	raw_bytes	0x1428E94F0	0x1428E96CA	474	0x1498F4148
0x1428E970A	0x140878610	raw_bytes	0x1428E96D0	0x1428E989C	460	0x1497C56F0
0x1428E976A	0x140878610	raw_bytes	0x1428E96D0	0x1428E989C	460	0x1497C56F0
0x1428E97B5	0x14087A270	float32_be	0x1428E96D0	0x1428E989C	460	0x1497C56F0
0x1428E97E4	0x140878610	raw_bytes	0x1428E96D0	0x1428E989C	460	0x1497C56F0
0x1428E9836	0x14087A220	uint32_be	0x1428E96D0	0x1428E989C	460	0x1497C56F0
0x1428E98DA	0x140878610	raw_bytes	0x1428E98A0	0x1428E9A35	405	0x1497C56F0
0x1428E990E	0x140878610	raw_bytes	0x1428E98A0	0x1428E9A35	405	0x1497C56F0
0x1428E997E	0x14087A270	float32_be	0x1428E98A0	0x1428E9A35	405	0x1497C56F0
0x1428E99AA	0x140878610	raw_bytes	0x1428E98A0	0x1428E9A35	405	0x1497C56F0
0x1428E99F9	0x14087A220	uint32_be	0x1428E98A0	0x1428E9A35	405	0x1497C56F0
0x1428F7947	0x14087A270	float32_be	0x1428F78E0	0x1428F7A08	296	0x14995DEDC
0x1428F797C	0x14087A270	float32_be	0x1428F78E0	0x1428F7A08	296	0x14995DEDC
0x1428F79AE	0x14087A270	float32_be	0x1428F78E0	0x1428F7A08	296	0x14995DEDC
0x1428F8CB8	0x14087A220	uint32_be	0x1428F8C30	0x1428F8D3C	268	0x1497C4CC0
0x1428F8CE7	0x14087A270	float32_be	0x1428F8C30	0x1428F8D3C	268	0x1497C4CC0
0x1428F93AD	0x14087A270	float32_be	0x1428F9330	0x1428F94EC	444	0x1498BE938
0x1428F93D7	0x14087A220	uint32_be	0x1428F9330	0x1428F94EC	444	0x1498BE938
0x1428F9401	0x14087A270	float32_be	0x1428F9330	0x1428F94EC	444	0x1498BE938
0x1428F942B	0x14087A220	uint32_be	0x1428F9330	0x1428F94EC	444	0x1498BE938
0x1428F944F	0x14087A220	uint32_be	0x1428F9330	0x1428F94EC	444	0x1498BE938
0x1428F947B	0x14087A270	float32_be	0x1428F9330	0x1428F94EC	444	0x1498BE938
0x1428F94A8	0x14087A270	float32_be	0x1428F9330	0x1428F94EC	444	0x1498BE938
0x1428FA3D6	0x14087A220	uint32_be	0x1428FA310	0x1428FA41A	266	0x1498BCAF8
0x1428FDCDA	0x14087A270	float32_be	0x1428FDCB0	0x1428FDDBC	268	0x14977E768
0x1428FDD19	0x14087A270	float32_be	0x1428FDCB0	0x1428FDDBC	268	0x14977E768
0x1428FDD5A	0x14087A270	float32_be	0x1428FDCB0	0x1428FDDBC	268	0x14977E768
0x1428FDDFB	0x14087A220	uint32_be	0x1428FDDC0	0x1428FDF5F	415	0x14977E9A8
0x1428FDE22	0x14087A220	uint32_be	0x1428FDDC0	0x1428FDF5F	415	0x14977E9A8
0x1428FDE4F	0x140878610	raw_bytes	0x1428FDDC0	0x1428FDF5F	415	0x14977E9A8
0x1428FDEB5	0x14087A220	uint32_be	0x1428FDDC0	0x1428FDF5F	415	0x14977E9A8
0x1428FDED9	0x14087A220	uint32_be	0x1428FDDC0	0x1428FDF5F	415	0x14977E9A8
0x1428FDEFD	0x14087A220	uint32_be	0x1428FDDC0	0x1428FDF5F	415	0x14977E9A8
0x1428FDF21	0x14087A220	uint32_be	0x1428FDDC0	0x1428FDF5F	415	0x14977E9A8
0x142903556	0x14087A220	uint32_be	0x1429034E0	0x142903594	180	0x1498BC8A8
0x142907BF3	0x14087A220	uint32_be	0x142907B40	0x142907C74	308	0x14995FAD4
0x1429081C0	0x140878610	raw_bytes	0x142908120	0x142908249	297	0x1498BD55C
0x1429084CF	0x14087A270	float32_be	0x142908460	0x142908563	259	0x14995FA2C
0x142909ECE	0x140878610	raw_bytes	0x142909E40	0x142909F93	339	0x1497C4C7C
0x142909F13	0x140878610	raw_bytes	0x142909E40	0x142909F93	339	0x1497C4C7C
0x142909F44	0x14087A220	uint32_be	0x142909E40	0x142909F93	339	0x1497C4C7C
0x14290A7F1	0x14087A220	uint32_be	0x14290A77F	0x14290A892	275	0x14995FAF0
0x14290E83F	0x14087A270	float32_be	0x14290E810	0x14290E995	389	0x1497C0C14
0x14290E86C	0x140878610	raw_bytes	0x14290E810	0x14290E995	389	0x1497C0C14
0x14290E8A7	0x14087A220	uint32_be	0x14290E810	0x14290E995	389	0x1497C0C14
0x14290E8D8	0x140878610	raw_bytes	0x14290E810	0x14290E995	389	0x1497C0C14
0x14290E909	0x14087A270	float32_be	0x14290E810	0x14290E995	389	0x1497C0C14
0x14290E92D	0x14087A270	float32_be	0x14290E810	0x14290E995	389	0x1497C0C14
0x14290E951	0x14087A220	uint32_be	0x14290E810	0x14290E995	389	0x1497C0C14
0x14290E9FB	0x14087A220	uint32_be	0x14290E9A0	0x14290EB63	451	0x1497C0C14
0x14290EA55	0x14087A220	uint32_be	0x14290E9A0	0x14290EB63	451	0x1497C0C14
0x14290EA82	0x14087A220	uint32_be	0x14290E9A0	0x14290EB63	451	0x1497C0C14
0x14290EADC	0x14087A220	uint32_be	0x14290E9A0	0x14290EB63	451	0x1497C0C14
0x14290EB06	0x14087A220	uint32_be	0x14290E9A0	0x14290EB63	451	0x1497C0C14
0x14290EB30	0x14087A220	uint32_be	0x14290E9A0	0x14290EB63	451	0x1497C0C14
0x14290EBBB	0x140878610	raw_bytes	0x14290EB89	0x14290EC39	176	0x14995FA88
0x14290ED1E	0x140878610	raw_bytes	0x14290EC39	0x14290ED57	286	0x14995FA9C
0x14290ED9E	0x14087B5C0	prefix_uint32	0x14290ED60	0x14290EF1C	444	0x14977E9A8
0x14290EDED	0x14087B5C0	prefix_uint32	0x14290ED60	0x14290EF1C	444	0x14977E9A8
0x14290EE30	0x14087B5C0	prefix_uint32	0x14290ED60	0x14290EF1C	444	0x14977E9A8
0x14290EE99	0x14087A220	uint32_be	0x14290ED60	0x14290EF1C	444	0x14977E9A8
0x14290EEC9	0x140878610	raw_bytes	0x14290ED60	0x14290EF1C	444	0x14977E9A8
0x14290EF5A	0x140878610	raw_bytes	0x14290EF20	0x14290F0E9	457	0x1497C5298
0x14290EFBF	0x14087A220	uint32_be	0x14290EF20	0x14290F0E9	457	0x1497C5298
0x14290EFEA	0x14087A270	float32_be	0x14290EF20	0x14290F0E9	457	0x1497C5298
0x14290F011	0x14087A270	float32_be	0x14290EF20	0x14290F0E9	457	0x1497C5298
0x14290F038	0x14087A220	uint32_be	0x14290EF20	0x14290F0E9	457	0x1497C5298
0x14290F05F	0x14087A220	uint32_be	0x14290EF20	0x14290F0E9	457	0x1497C5298
0x14290F0A7	0x14087A220	uint32_be	0x14290EF20	0x14290F0E9	457	0x1497C5298
0x14290F181	0x14087A220	uint32_be	0x14290F0F0	0x14290F2E8	504	0x14995FBDC
0x14290F1A3	0x14087A220	uint32_be	0x14290F0F0	0x14290F2E8	504	0x14995FBDC
0x14291A0C1	0x140878610	raw_bytes	0x14291A060	0x14291A142	226	0x1497C4CC0
0x14291AF24	0x14087A220	uint32_be	0x14291AE80	0x14291AF8D	269	0x1498BCAF8
0x14291B1AE	0x14087A220	uint32_be	0x14291B120	0x14291B264	324	0x1498BD660
0x14291B1DE	0x14087A220	uint32_be	0x14291B120	0x14291B264	324	0x1498BD660
0x14291B5F0	0x140878610	raw_bytes	0x14291B550	0x14291B679	297	0x1498BD55C
0x14291DB96	0x14087B5C0	prefix_uint32	0x14291DB60	0x14291DBCD	109	0x149960520
0x14291DD02	0x140878610	raw_bytes	0x14291DC80	0x14291DD6C	236	0x14996056C
0x1429205B8	0x140878610	raw_bytes	0x142920560	0x1429206FC	412	0x1497C0C14
0x14292060D	0x14087A270	float32_be	0x142920560	0x1429206FC	412	0x1497C0C14
0x142920660	0x140878610	raw_bytes	0x142920560	0x1429206FC	412	0x1497C0C14
0x142920699	0x14087A220	uint32_be	0x142920560	0x1429206FC	412	0x1497C0C14
0x1429206C9	0x14087A270	float32_be	0x142920560	0x1429206FC	412	0x1497C0C14
0x142920A5B	0x14087A270	float32_be	0x1429209C0	0x142920AC4	260	0x1498BCAF8
0x14292249F	0x140878610	raw_bytes	0x142922420	0x142922591	369	0x1498BE938
0x1429296F4	0x140878610	raw_bytes	0x142929620	0x14292977C	348	0x1498BE938
0x14292972D	0x14087A220	uint32_be	0x142929620	0x14292977C	348	0x1498BE938
0x142929D54	0x14087A220	uint32_be	0x142929D03	0x142929DF2	239	0x1499613F0
0x142929D83	0x14087A220	uint32_be	0x142929D03	0x142929DF2	239	0x1499613F0
0x142929DAD	0x14087A220	uint32_be	0x142929D03	0x142929DF2	239	0x1499613F0
0x142929DD7	0x14087A270	float32_be	0x142929D03	0x142929DF2	239	0x1499613F0
0x14292A101	0x14087A220	uint32_be	0x14292A090	0x14292A147	183	0x1498BC174
0x14292A404	0x14087A220	uint32_be	0x14292A310	0x14292A482	370	0x1498BE938
0x14292A431	0x14087A270	float32_be	0x14292A310	0x14292A482	370	0x1498BE938
0x14292BB0B	0x14087A220	uint32_be	0x14292BAB0	0x14292BC73	451	0x1497C0C14
0x14292BB38	0x14087A270	float32_be	0x14292BAB0	0x14292BC73	451	0x1497C0C14
0x14292BB65	0x14087A220	uint32_be	0x14292BAB0	0x14292BC73	451	0x1497C0C14
0x14292BB92	0x14087A270	float32_be	0x14292BAB0	0x14292BC73	451	0x1497C0C14
0x14292BBBF	0x14087A270	float32_be	0x14292BAB0	0x14292BC73	451	0x1497C0C14
0x14292BD0A	0x14087B5C0	prefix_uint32	0x14292BCEE	0x14292BE16	296	0x1499613BC
0x14292BDE5	0x14087A1C0	uint16_be	0x14292BCEE	0x14292BE16	296	0x1499613BC
0x14292BE5B	0x14087B5C0	prefix_uint32	0x14292BE30	0x14292BE9F	111	0x149845E20
0x14292BF25	0x14087A1C0	uint16_be	0x14292BE9F	0x14292BF4E	175	0x14996144C
0x14292E7C7	0x140878610	raw_bytes	0x14292E710	0x14292E83C	300	0x1498BCB08
0x14292EA80	0x14087A220	uint32_be	0x14292E9B0	0x14292EB2D	381	0x149961CEC
0x14292F5BA	0x14087A220	uint32_be	0x14292F510	0x14292F615	261	0x1498BC8A8
0x142930C09	0x14087A220	uint32_be	0x142930BA0	0x142930C51	177	0x1497C4CC0
0x1429329C2	0x14087A270	float32_be	0x142932920	0x142932A00	224	0x1498BC8A8
0x142933ABF	0x14087A220	uint32_be	0x142933A90	0x142933C2F	415	0x1497C0C14
0x142933AE5	0x14087A270	float32_be	0x142933A90	0x142933C2F	415	0x1497C0C14
0x142933B12	0x140878610	raw_bytes	0x142933A90	0x142933C2F	415	0x1497C0C14
0x142933B51	0x14087A220	uint32_be	0x142933A90	0x142933C2F	415	0x1497C0C14
0x142933B7C	0x14087A270	float32_be	0x142933A90	0x142933C2F	415	0x1497C0C14
0x142933BA3	0x14087A220	uint32_be	0x142933A90	0x142933C2F	415	0x1497C0C14
0x142933BC7	0x14087A270	float32_be	0x142933A90	0x142933C2F	415	0x1497C0C14
0x142933BEB	0x14087A270	float32_be	0x142933A90	0x142933C2F	415	0x1497C0C14
0x142936E9F	0x14087A220	uint32_be	0x142936E00	0x142936F07	263	0x1497C4CC0
0x14293725A	0x14087A220	uint32_be	0x1429371D0	0x1429372F7	295	0x1498BE938
0x142937281	0x14087A220	uint32_be	0x1429371D0	0x1429372F7	295	0x1498BE938
0x1429372AD	0x14087A220	uint32_be	0x1429371D0	0x1429372F7	295	0x1498BE938
0x142937D46	0x14087A270	float32_be	0x142937C80	0x142937D82	258	0x1497C4CC0
0x142939457	0x14087A2D0	float64_be	0x1429393B0	0x142939501	337	0x1498BE938
0x1429394A8	0x140878610	raw_bytes	0x1429393B0	0x142939501	337	0x1498BE938
0x142939AA3	0x140878610	raw_bytes	0x1429399D0	0x142939B04	308	0x1497C4728
0x142939EB6	0x14087A220	uint32_be	0x142939DB0	0x142939ED4	292	0x149962748
0x14293C758	0x14087A220	uint32_be	0x14293C730	0x14293C7B6	134	0x1499628EC
0x14293C790	0x14087A1C0	uint16_be	0x14293C730	0x14293C7B6	134	0x1499628EC
0x14293C7D6	0x14087B5C0	prefix_uint32	0x14293C7B6	0x14293C8DB	293	0x1499628FC
0x14293C8A3	0x14087A220	uint32_be	0x14293C7B6	0x14293C8DB	293	0x1499628FC
0x14293C92A	0x140878610	raw_bytes	0x14293C8F0	0x14293CAAE	446	0x14977E5B4
0x14293C965	0x14087A220	uint32_be	0x14293C8F0	0x14293CAAE	446	0x14977E5B4
0x14293C98C	0x14087A220	uint32_be	0x14293C8F0	0x14293CAAE	446	0x14977E5B4
0x14293C9E4	0x14087A220	uint32_be	0x14293C8F0	0x14293CAAE	446	0x14977E5B4
0x14293CA0B	0x14087A220	uint32_be	0x14293C8F0	0x14293CAAE	446	0x14977E5B4
0x14293CA32	0x14087A220	uint32_be	0x14293C8F0	0x14293CAAE	446	0x14977E5B4
0x14293CA59	0x14087A220	uint32_be	0x14293C8F0	0x14293CAAE	446	0x14977E5B4
0x14293CAE0	0x14087B5C0	prefix_uint32	0x14293CAB0	0x14293CB30	128	0x149850D88
0x14293CBB7	0x14087A220	uint32_be	0x14293CB30	0x14293CBEC	188	0x14996292C
0x142943036	0x14087A220	uint32_be	0x142942FD0	0x1429430EF	287	0x1498BD660
0x14294378C	0x14087A220	uint32_be	0x1429436C0	0x1429437F4	308	0x1498BC654
0x1429437B8	0x14087A220	uint32_be	0x1429436C0	0x1429437F4	308	0x1498BC654
0x1429438A9	0x14087A220	uint32_be	0x142943840	0x1429438F1	177	0x1497C4CC0
0x14294638A	0x140878610	raw_bytes	0x142946350	0x1429464D4	388	0x1497C56F0
0x1429463C5	0x140878610	raw_bytes	0x142946350	0x1429464D4	388	0x1497C56F0
0x1429463F3	0x14087A270	float32_be	0x142946350	0x1429464D4	388	0x1497C56F0
0x142946426	0x140878610	raw_bytes	0x142946350	0x1429464D4	388	0x1497C56F0
0x14294646E	0x14087A220	uint32_be	0x142946350	0x1429464D4	388	0x1497C56F0
0x142946497	0x14087A270	float32_be	0x142946350	0x1429464D4	388	0x1497C56F0
0x142949B9D	0x14087A220	uint32_be	0x142949B10	0x142949C66	342	0x149964350
0x142949BD1	0x14087A220	uint32_be	0x142949B10	0x142949C66	342	0x149964350
0x14294A7CA	0x140878610	raw_bytes	0x14294A760	0x14294A881	289	0x1497C5284
0x142950A78	0x14087A220	uint32_be	0x1429509C0	0x142950AC2	258	0x1497870DC
0x142953E57	0x14087A220	uint32_be	0x142953DD0	0x142953EE1	273	0x149964050
0x142954F92	0x140878610	raw_bytes	0x142954F30	0x14295506A	314	0x1497870DC
0x14295564C	0x140878610	raw_bytes	0x1429555C0	0x142955725	357	0x1499647B4
0x142955D72	0x140878610	raw_bytes	0x142955D20	0x142955E0D	237	0x1497870DC
0x142955DDD	0x14087A220	uint32_be	0x142955D20	0x142955E0D	237	0x1497870DC
0x14295648B	0x14087A220	uint32_be	0x1429563F0	0x1429564D5	229	0x1497870DC
0x14295853D	0x140878610	raw_bytes	0x1429584F0	0x142958569	121	0x1497870DC
0x1429597ED	0x14087B5C0	prefix_uint32	0x142959790	0x142959872	226	0x1498695CC
0x14295A0F9	0x140878610	raw_bytes	0x14295A0A0	0x14295A369	713	0x149966F34
0x14295A3B3	0x140878610	raw_bytes	0x14295A370	0x14295A4D8	360	0x149966F64
0x14295A447	0x14087A220	uint32_be	0x14295A370	0x14295A4D8	360	0x149966F64
0x14295A67A	0x140878610	raw_bytes	0x14295A640	0x14295A7B4	372	0x149966ED0
0x14295A72B	0x14087A220	uint32_be	0x14295A640	0x14295A7B4	372	0x149966ED0
0x14295A804	0x14087B5C0	prefix_uint32	0x14295A7DD	0x14295A961	388	0x149966E84
0x14295A9C2	0x14087B5C0	prefix_uint32	0x14295A980	0x14295AB56	470	0x149966EF8
0x14296049C	0x140878610	raw_bytes	0x142960470	0x14296053A	202	0x149780384
0x142960576	0x140878610	raw_bytes	0x142960540	0x14296061D	221	0x149795674
0x142960655	0x140878610	raw_bytes	0x142960620	0x142960756	310	0x1499669D0
0x142960799	0x140878610	raw_bytes	0x142960760	0x142960857	247	0x1497C4384
0x14296095B	0x140878610	raw_bytes	0x142960860	0x142960B22	706	0x14996701C
0x142960B60	0x14087B5C0	prefix_uint32	0x142960B30	0x142960BBC	140	0x149966F94
0x14297B273	0x14087B5C0	prefix_uint32	0x14297B257	0x14297B376	287	0x149968DA4
0x142997202	0x140878610	raw_bytes	0x142997150	0x14299726C	284	0x14977E768
0x1429972DD	0x14087B5C0	prefix_uint32	0x142997270	0x14299733A	202	0x149863B10
0x14299749F	0x140878610	raw_bytes	0x14299733A	0x1429975BB	641	0x149968700
0x1429B6E34	0x14087A220	uint32_be	0x1429B6E00	0x1429B6FE6	486	0x149782944
0x1429B6E67	0x140878610	raw_bytes	0x1429B6E00	0x1429B6FE6	486	0x149782944
0x1429B6E9A	0x140878610	raw_bytes	0x1429B6E00	0x1429B6FE6	486	0x149782944
0x1429B6F18	0x140878610	raw_bytes	0x1429B6E00	0x1429B6FE6	486	0x149782944
0x1429B702B	0x14087A1C0	uint16_be	0x1429B6FF0	0x1429B71A7	439	0x149935FA4
0x1429B7073	0x14087A1C0	uint16_be	0x1429B6FF0	0x1429B71A7	439	0x149935FA4
0x1429B70D3	0x140878610	raw_bytes	0x1429B6FF0	0x1429B71A7	439	0x149935FA4
0x1429B713C	0x14087A270	float32_be	0x1429B6FF0	0x1429B71A7	439	0x149935FA4
0x1429B71EA	0x140878610	raw_bytes	0x1429B71B0	0x1429B732E	382	0x1497C56F0
0x1429B721D	0x140878610	raw_bytes	0x1429B71B0	0x1429B732E	382	0x1497C56F0
0x1429B7251	0x140878610	raw_bytes	0x1429B71B0	0x1429B732E	382	0x1497C56F0
0x1429B72A2	0x140878610	raw_bytes	0x1429B71B0	0x1429B732E	382	0x1497C56F0
0x1429B735F	0x14087A1C0	uint16_be	0x1429B7330	0x1429B740F	223	0x14978B008
0x1429B73AD	0x14087A1C0	uint16_be	0x1429B7330	0x1429B740F	223	0x14978B008
0x1429C0FBA	0x14087A1C0	uint16_be	0x1429C0F20	0x1429C102C	268	0x1497C5284
0x1429C1001	0x14087A220	uint32_be	0x1429C0F20	0x1429C102C	268	0x1497C5284
0x1429C265A	0x14087A1C0	uint16_be	0x1429C25C0	0x1429C26A6	230	0x1497870DC
0x1429C88EB	0x14087B5C0	prefix_uint32	0x1429C88B0	0x1429C8A21	369	0x1499718E8
0x1429C89AE	0x14087A1C0	uint16_be	0x1429C88B0	0x1429C8A21	369	0x1499718E8
0x1429D5880	0x14087B5C0	prefix_uint32	0x1429D57C0	0x1429D59B6	502	0x149970AB8
0x1429D59EF	0x14087A220	uint32_be	0x1429D59C0	0x1429D5A85	197	0x14978B008
0x1429D5A44	0x14087A220	uint32_be	0x1429D59C0	0x1429D5A85	197	0x14978B008
0x1429D5AB8	0x140878610	raw_bytes	0x1429D5A90	0x1429D5B43	179	0x149795674
0x1429D5B7F	0x140878610	raw_bytes	0x1429D5B50	0x1429D5C04	180	0x14978B008
0x1429D5C38	0x140878610	raw_bytes	0x1429D5C10	0x1429D5CBD	173	0x149780384
0x1429D5CF6	0x14087B5C0	prefix_uint32	0x1429D5CC0	0x1429D5E73	435	0x149942FA4
0x1429D5EB9	0x14087B5C0	prefix_uint32	0x1429D5E80	0x1429D6024	420	0x1497A2164
0x1429D5F97	0x14087A220	uint32_be	0x1429D5E80	0x1429D6024	420	0x1497A2164
0x1429D6060	0x14087B5C0	prefix_uint32	0x1429D6030	0x1429D60C6	150	0x1497E32F0
0x142A0BBB4	0x14087A220	uint32_be	0x142A0BB50	0x142A0BBF1	161	0x149782C54
0x142A145E3	0x14087A1C0	uint16_be	0x142A1459D	0x142A14682	229	0x1499738EC
0x142A182F4	0x14087A1C0	uint16_be	0x142A18220	0x142A18489	617	0x1498C3F64
0x142A184BF	0x14087A220	uint32_be	0x142A18490	0x142A1861E	398	0x1497C0C14
0x142A184E8	0x140878610	raw_bytes	0x142A18490	0x142A1861E	398	0x1497C0C14
0x142A1853D	0x140878610	raw_bytes	0x142A18490	0x142A1861E	398	0x1497C0C14
0x142A1865B	0x14087B5C0	prefix_uint32	0x142A18620	0x142A187CB	427	0x1498CA074
0x142A18812	0x14087B5C0	prefix_uint32	0x142A187D0	0x142A18AE9	793	0x149973B9C
0x142A18B76	0x14087A270	float32_be	0x142A18AF0	0x142A18C8B	411	0x14977E5B4
0x142A18BB1	0x14087A270	float32_be	0x142A18AF0	0x142A18C8B	411	0x14977E5B4
0x142A18BE5	0x14087A270	float32_be	0x142A18AF0	0x142A18C8B	411	0x14977E5B4
0x142A18C15	0x14087A220	uint32_be	0x142A18AF0	0x142A18C8B	411	0x14977E5B4
0x142A18CFD	0x14087A1C0	uint16_be	0x142A18C90	0x142A18F8E	766	0x149973A44
0x142A18D2D	0x14087B5C0	prefix_uint32	0x142A18C90	0x142A18F8E	766	0x149973A44
0x142A18D98	0x14087A220	uint32_be	0x142A18C90	0x142A18F8E	766	0x149973A44
0x142A18FCB	0x14087A220	uint32_be	0x142A18F90	0x142A19117	391	0x14977E9A8
0x142A18FF2	0x14087A220	uint32_be	0x142A18F90	0x142A19117	391	0x14977E9A8
0x142A19020	0x140878610	raw_bytes	0x142A18F90	0x142A19117	391	0x14977E9A8
0x142A19065	0x140878610	raw_bytes	0x142A18F90	0x142A19117	391	0x14977E9A8
0x142A190C4	0x140878610	raw_bytes	0x142A18F90	0x142A19117	391	0x14977E9A8
0x142A191C0	0x140878610	raw_bytes	0x142A19120	0x142A193CB	683	0x149973C60
0x142A19292	0x14087A270	float32_be	0x142A19120	0x142A193CB	683	0x149973C60
0x142A192E5	0x14087A270	float32_be	0x142A19120	0x142A193CB	683	0x149973C60
0x142A19412	0x140878610	raw_bytes	0x142A193D0	0x142A195C5	501	0x149782300
0x142A19463	0x140878610	raw_bytes	0x142A193D0	0x142A195C5	501	0x149782300
0x142A194EA	0x140878610	raw_bytes	0x142A193D0	0x142A195C5	501	0x149782300
0x142A19606	0x140878610	raw_bytes	0x142A195D0	0x142A197B8	488	0x1498BD288
0x142A19689	0x140878610	raw_bytes	0x142A195D0	0x142A197B8	488	0x1498BD288
0x142A19705	0x14087A220	uint32_be	0x142A195D0	0x142A197B8	488	0x1498BD288
0x142A19730	0x14087A220	uint32_be	0x142A195D0	0x142A197B8	488	0x1498BD288
0x142A19757	0x14087A220	uint32_be	0x142A195D0	0x142A197B8	488	0x1498BD288
0x142A1977E	0x14087A220	uint32_be	0x142A195D0	0x142A197B8	488	0x1498BD288
0x142A19821	0x140878610	raw_bytes	0x142A197C0	0x142A19975	437	0x149781ED4
0x142A1985C	0x140878610	raw_bytes	0x142A197C0	0x142A19975	437	0x149781ED4
0x142A198C0	0x140878610	raw_bytes	0x142A197C0	0x142A19975	437	0x149781ED4
0x142A199BA	0x140878610	raw_bytes	0x142A19980	0x142A19B1F	415	0x1497C56F0
0x142A19A01	0x14087A270	float32_be	0x142A19980	0x142A19B1F	415	0x1497C56F0
0x142A19B54	0x14087A270	float32_be	0x142A19B20	0x142A19C4E	302	0x14977E578
0x142A19B95	0x14087A270	float32_be	0x142A19B20	0x142A19C4E	302	0x14977E578
0x142A19D46	0x14087A220	uint32_be	0x142A19C50	0x142A19E5B	523	0x1498C73A8
0x142A19D6C	0x14087A1C0	uint16_be	0x142A19C50	0x142A19E5B	523	0x1498C73A8
0x142A19D92	0x14087A220	uint32_be	0x142A19C50	0x142A19E5B	523	0x1498C73A8
0x142A19DB4	0x14087A270	float32_be	0x142A19C50	0x142A19E5B	523	0x1498C73A8
0x142A1A65E	0x140878610	raw_bytes	0x142A1A590	0x142A1A73F	431	0x149973BB8
0x142A1A695	0x14087A220	uint32_be	0x142A1A590	0x142A1A73F	431	0x149973BB8
0x142A1A7F1	0x14087B5C0	prefix_uint32	0x142A1A7C0	0x142A1A839	121	0x14986AE68
0x142A25DD8	0x140878610	raw_bytes	0x142A25D90	0x142A26640	2224	0x1497C6C24
0x142A25DFA	0x14087A1C0	uint16_be	0x142A25D90	0x142A26640	2224	0x1497C6C24
0x142A25E86	0x140878610	raw_bytes	0x142A25D90	0x142A26640	2224	0x1497C6C24
0x142A25F83	0x14087A270	float32_be	0x142A25D90	0x142A26640	2224	0x1497C6C24
0x142A2606E	0x14087B5C0	prefix_uint32	0x142A25D90	0x142A26640	2224	0x1497C6C24
0x142A26097	0x14087B5C0	prefix_uint32	0x142A25D90	0x142A26640	2224	0x1497C6C24
0x142A260C0	0x14087B5C0	prefix_uint32	0x142A25D90	0x142A26640	2224	0x1497C6C24
0x142A26181	0x140878610	raw_bytes	0x142A25D90	0x142A26640	2224	0x1497C6C24
0x142A262D8	0x140878610	raw_bytes	0x142A25D90	0x142A26640	2224	0x1497C6C24
0x142A26303	0x14087B5C0	prefix_uint32	0x142A25D90	0x142A26640	2224	0x1497C6C24
0x142A26351	0x14087B5C0	prefix_uint32	0x142A25D90	0x142A26640	2224	0x1497C6C24
0x142A263A1	0x14087B5C0	prefix_uint32	0x142A25D90	0x142A26640	2224	0x1497C6C24
0x142A2E7B2	0x14087B5C0	prefix_uint32	0x142A2E6B0	0x142A2EA19	873	0x1499727E0
0x142A2E7DA	0x14087B5C0	prefix_uint32	0x142A2E6B0	0x142A2EA19	873	0x1499727E0
0x142A2E889	0x14087B5C0	prefix_uint32	0x142A2E6B0	0x142A2EA19	873	0x1499727E0
0x142A2E8B1	0x14087B5C0	prefix_uint32	0x142A2E6B0	0x142A2EA19	873	0x1499727E0
0x142A2E8D9	0x14087B5C0	prefix_uint32	0x142A2E6B0	0x142A2EA19	873	0x1499727E0
0x142A2E977	0x14087B5C0	prefix_uint32	0x142A2E6B0	0x142A2EA19	873	0x1499727E0
0x142A2E99E	0x14087B5C0	prefix_uint32	0x142A2E6B0	0x142A2EA19	873	0x1499727E0
0x142A2EB56	0x14087B5C0	prefix_uint32	0x142A2EA20	0x142A2EB83	355	0x149972764
0x142A42E29	0x14087A1C0	uint16_be	0x142A42E10	0x142A42E53	67	0x14977D6E8
0x142A42E79	0x14087B5C0	prefix_uint32	0x142A42E60	0x142A42EA3	67	0x14977D6E8
0x142A42F49	0x14087A270	float32_be	0x142A42F30	0x142A42F73	67	0x14977D6E8
0x142A4304B	0x140878610	raw_bytes	0x142A43020	0x142A43139	281	0x149780384
0x142A430EF	0x140878610	raw_bytes	0x142A43020	0x142A43139	281	0x149780384
0x142A43170	0x14087B5C0	prefix_uint32	0x142A43140	0x142A43226	230	0x1497C499C
0x142A43260	0x14087B5C0	prefix_uint32	0x142A43230	0x142A43329	249	0x1497C499C
0x142A433F7	0x14087A270	float32_be	0x142A433D0	0x142A434A5	213	0x149789B48
0x142A4341E	0x14087A270	float32_be	0x142A433D0	0x142A434A5	213	0x149789B48
0x142A43715	0x140878610	raw_bytes	0x142A436B0	0x142A438C5	533	0x1498ACFB8
0x142A56AF2	0x14087A220	uint32_be	0x142A56A90	0x142A56B38	168	0x1497870DC
0x142A5B5C2	0x14087A220	uint32_be	0x142A5B570	0x142A5B6F8	392	0x1497C0C14
0x142A5B5E9	0x14087A220	uint32_be	0x142A5B570	0x142A5B6F8	392	0x1497C0C14
0x142A5B6A1	0x14087A220	uint32_be	0x142A5B570	0x142A5B6F8	392	0x1497C0C14
0x142A5B6C5	0x14087A220	uint32_be	0x142A5B570	0x142A5B6F8	392	0x1497C0C14
0x142A6CA3A	0x140878610	raw_bytes	0x142A6CA00	0x142A6CB80	384	0x1497C56F0
0x142A6CA75	0x140878610	raw_bytes	0x142A6CA00	0x142A6CB80	384	0x1497C56F0
0x142A6CAA9	0x140878610	raw_bytes	0x142A6CA00	0x142A6CB80	384	0x1497C56F0
0x142A6CAE0	0x140878610	raw_bytes	0x142A6CA00	0x142A6CB80	384	0x1497C56F0
0x142A6CB25	0x14087A220	uint32_be	0x142A6CA00	0x142A6CB80	384	0x1497C56F0
0x142A6CB4F	0x14087A270	float32_be	0x142A6CA00	0x142A6CB80	384	0x1497C56F0
0x142A75D60	0x14087A1C0	uint16_be	0x142A75D30	0x142A75ED4	420	0x1497C5C8C
0x142A75D8D	0x14087A220	uint32_be	0x142A75D30	0x142A75ED4	420	0x1497C5C8C
0x142A75DBA	0x14087A220	uint32_be	0x142A75D30	0x142A75ED4	420	0x1497C5C8C
0x142A75DE7	0x14087A270	float32_be	0x142A75D30	0x142A75ED4	420	0x1497C5C8C
0x142A75E14	0x14087A270	float32_be	0x142A75D30	0x142A75ED4	420	0x1497C5C8C
0x142A75E41	0x14087A220	uint32_be	0x142A75D30	0x142A75ED4	420	0x1497C5C8C
0x142A75E6B	0x14087A220	uint32_be	0x142A75D30	0x142A75ED4	420	0x1497C5C8C
0x142A75FB7	0x14087A1C0	uint16_be	0x142A75F70	0x142A7614C	476	0x14997809C
0x142A75FDC	0x14087B5C0	prefix_uint32	0x142A75F70	0x142A7614C	476	0x14997809C
0x142A76006	0x14087B5C0	prefix_uint32	0x142A75F70	0x142A7614C	476	0x14997809C
0x142A760FB	0x14087B5C0	prefix_uint32	0x142A75F70	0x142A7614C	476	0x14997809C
0x142CD091C	0x140878610	raw_bytes	0x142CD0850	0x142CD097E	302	0x14978E13C
0x142CD1C8D	0x140878610	raw_bytes	0x142CD1C40	0x142CD1CB9	121	0x1497870DC
0x142CD314D	0x14087A220	uint32_be	0x142CD3134	0x142CD31C9	149	0x14999FB44
0x142CD3189	0x14087A220	uint32_be	0x142CD3134	0x142CD31C9	149	0x14999FB44
0x142CD31E2	0x140878610	raw_bytes	0x142CD31C9	0x142CD322F	102	0x14999FB58
0x142CD3CDF	0x140878610	raw_bytes	0x142CD3CBA	0x142CD3DA9	239	0x14999F6AC
0x142CD3D13	0x14087B5C0	prefix_uint32	0x142CD3CBA	0x142CD3DA9	239	0x14999F6AC
0x142CD47A7	0x140878610	raw_bytes	0x142CD4700	0x142CD483B	315	0x14999FD1C
0x142CD4E05	0x14087B5C0	prefix_uint32	0x142CD4DA0	0x142CD4E7E	222	0x14978003C
0x142CD5E5C	0x140878610	raw_bytes	0x142CD5DF0	0x142CD5E9B	171	0x14977E768
0x142CD6CA2	0x140878610	raw_bytes	0x142CD6C40	0x142CD6D33	243	0x1497870DC
0x142CD6CDE	0x140878610	raw_bytes	0x142CD6C40	0x142CD6D33	243	0x1497870DC
0x142CDB637	0x140878610	raw_bytes	0x142CDB600	0x142CDB755	341	0x1499A1B90
0x142CDB6A6	0x14087A220	uint32_be	0x142CDB600	0x142CDB755	341	0x1499A1B90
0x142CDB6E7	0x140878610	raw_bytes	0x142CDB600	0x142CDB755	341	0x1499A1B90
0x142CDB799	0x14087B5C0	prefix_uint32	0x142CDB760	0x142CDB8DC	380	0x1499A1DE0
0x142CDB926	0x14087B5C0	prefix_uint32	0x142CDB8FF	0x142CDBA71	370	0x1499A1BAC
0x142CDBA97	0x140878610	raw_bytes	0x142CDBA71	0x142CDBAE1	112	0x1499A1BC8
0x142CE555F	0x140878610	raw_bytes	0x142CE5530	0x142CE56AD	381	0x1497C43C8
0x142CE55D6	0x14087A220	uint32_be	0x142CE5530	0x142CE56AD	381	0x1497C43C8
0x142CE5601	0x14087A220	uint32_be	0x142CE5530	0x142CE56AD	381	0x1497C43C8
0x142CE562C	0x14087A220	uint32_be	0x142CE5530	0x142CE56AD	381	0x1497C43C8
0x142CE5659	0x140878610	raw_bytes	0x142CE5530	0x142CE56AD	381	0x1497C43C8
0x142CE57BF	0x14087B5C0	prefix_uint32	0x142CE5790	0x142CE582E	158	0x14985DD94
0x142CE5C6B	0x14087B5C0	prefix_uint32	0x142CE5C30	0x142CE5E19	489	0x1499A1D98
0x142CE5CDE	0x140878610	raw_bytes	0x142CE5C30	0x142CE5E19	489	0x1499A1D98
0x142CE5D00	0x14087B5C0	prefix_uint32	0x142CE5C30	0x142CE5E19	489	0x1499A1D98
0x142CE5E51	0x14087B5C0	prefix_uint32	0x142CE5E20	0x142CE5E99	121	0x1499228A4
0x142CE5F55	0x14087A220	uint32_be	0x142CE5E99	0x142CE5F97	254	0x1499A1F7C
0x142D1AE08	0x14087B5C0	prefix_uint32	0x142D1AD80	0x142D1AECA	330	0x14999ECB0
0x142D1AF90	0x140878610	raw_bytes	0x142D1AECA	0x142D1B0E8	542	0x14999ECC8
0x142D1AFF0	0x14087A220	uint32_be	0x142D1AECA	0x142D1B0E8	542	0x14999ECC8
0x142D1B18C	0x14087B5C0	prefix_uint32	0x142D1B110	0x142D1B4FD	1005	0x14999E844
0x142D1B2C2	0x140878610	raw_bytes	0x142D1B110	0x142D1B4FD	1005	0x14999E844
0x142D1B32A	0x14087B5C0	prefix_uint32	0x142D1B110	0x142D1B4FD	1005	0x14999E844
0x142D1B569	0x14087B5C0	prefix_uint32	0x142D1B500	0x142D1B635	309	0x14999EDB4
0x142D1B5C1	0x140878610	raw_bytes	0x142D1B500	0x142D1B635	309	0x14999EDB4
0x142D1B5ED	0x14087A220	uint32_be	0x142D1B500	0x142D1B635	309	0x14999EDB4
0x142D25002	0x14087A220	uint32_be	0x142D24FB0	0x142D250BF	271	0x1497870DC
0x142D25056	0x14087A1C0	uint16_be	0x142D24FB0	0x142D250BF	271	0x1497870DC
0x142D2508F	0x14087A220	uint32_be	0x142D24FB0	0x142D250BF	271	0x1497870DC
0x142D2692E	0x14087A220	uint32_be	0x142D268E0	0x142D2699C	188	0x1499A49C8
0x142D26957	0x14087A220	uint32_be	0x142D268E0	0x142D2699C	188	0x1499A49C8
0x142D2DE58	0x14087B5C0	prefix_uint32	0x142D2DE20	0x142D2DED9	185	0x1499A4A60
0x142D2E06C	0x14087B5C0	prefix_uint32	0x142D2E000	0x142D2E1BB	443	0x1499A46C4
0x142D2E129	0x14087A1C0	uint16_be	0x142D2E000	0x142D2E1BB	443	0x1499A46C4
0x142D4979C	0x14087B5C0	prefix_uint32	0x142D49720	0x142D49A5F	831	0x1499A3658
0x142D498D5	0x14087A1C0	uint16_be	0x142D49720	0x142D49A5F	831	0x1499A3658
0x142D4E5A2	0x140878610	raw_bytes	0x142D4E500	0x142D4E648	328	0x1499AA1A0
0x142D4E60D	0x14087A220	uint32_be	0x142D4E500	0x142D4E648	328	0x1499AA1A0
0x142D4F74C	0x14087A220	uint32_be	0x142D4F6E0	0x142D4F800	288	0x1498BF5E8
0x142D4F777	0x14087A220	uint32_be	0x142D4F6E0	0x142D4F800	288	0x1498BF5E8
0x142D4F7A1	0x140878610	raw_bytes	0x142D4F6E0	0x142D4F800	288	0x1498BF5E8
0x142D4F9EA	0x14087A220	uint32_be	0x142D4F980	0x142D4FA52	210	0x1498BF680
0x142D500EA	0x14087A220	uint32_be	0x142D50080	0x142D50152	210	0x1498BF680
0x142D50116	0x14087A220	uint32_be	0x142D50080	0x142D50152	210	0x1498BF680
0x142D502CB	0x140878610	raw_bytes	0x142D50240	0x142D504D2	658	0x1499AA278
0x142D5038A	0x14087B5C0	prefix_uint32	0x142D50240	0x142D504D2	658	0x1499AA278
0x142D503EA	0x14087A1C0	uint16_be	0x142D50240	0x142D504D2	658	0x1499AA278
0x142D52688	0x14087A220	uint32_be	0x142D52600	0x142D526D4	212	0x1497870DC
0x142D59B2D	0x14087B5C0	prefix_uint32	0x142D59AA0	0x142D59C7A	474	0x1499AACBC
0x142D59BDD	0x14087A220	uint32_be	0x142D59AA0	0x142D59C7A	474	0x1499AACBC
0x142D59C23	0x140878610	raw_bytes	0x142D59AA0	0x142D59C7A	474	0x1499AACBC
0x142D59CE8	0x14087A220	uint32_be	0x142D59C80	0x142D59DC1	321	0x14989EB2C
0x142D59D42	0x140878610	raw_bytes	0x142D59C80	0x142D59DC1	321	0x14989EB2C
0x142D59D7D	0x14087A220	uint32_be	0x142D59C80	0x142D59DC1	321	0x14989EB2C
0x142D59E05	0x14087A220	uint32_be	0x142D59DD0	0x142D59F41	369	0x14989EB2C
0x142D59E5F	0x140878610	raw_bytes	0x142D59DD0	0x142D59F41	369	0x14989EB2C
0x142D59E9A	0x14087A220	uint32_be	0x142D59DD0	0x142D59F41	369	0x14989EB2C
0x142D59EF8	0x140878610	raw_bytes	0x142D59DD0	0x142D59F41	369	0x14989EB2C
0x142D6783F	0x14087A220	uint32_be	0x142D67810	0x142D67984	372	0x1497C0C14
0x142D6789E	0x140878610	raw_bytes	0x142D67810	0x142D67984	372	0x1497C0C14
0x142D678D5	0x140878610	raw_bytes	0x142D67810	0x142D67984	372	0x1497C0C14
0x142D6790C	0x140878610	raw_bytes	0x142D67810	0x142D67984	372	0x1497C0C14
0x142D67951	0x14087A1C0	uint16_be	0x142D67810	0x142D67984	372	0x1497C0C14
0x142D67A12	0x140878610	raw_bytes	0x142D67990	0x142D67B4F	447	0x14977E994
0x142D67A54	0x14087B5C0	prefix_uint32	0x142D67990	0x142D67B4F	447	0x14977E994
0x142D67CAC	0x14087A220	uint32_be	0x142D67B50	0x142D67CEF	415	0x14977E9A8
0x142D67D4C	0x140878610	raw_bytes	0x142D67CF0	0x142D67DD0	224	0x149780384
0x142D67D82	0x14087A220	uint32_be	0x142D67CF0	0x142D67DD0	224	0x149780384
0x142D67F32	0x14087B5C0	prefix_uint32	0x142D67E80	0x142D68154	724	0x1499AB5AC
0x142D683C5	0x140878610	raw_bytes	0x142D68380	0x142D6857E	510	0x1499A9CA8
0x142D683ED	0x14087A220	uint32_be	0x142D68380	0x142D6857E	510	0x1499A9CA8
0x142D68414	0x14087A220	uint32_be	0x142D68380	0x142D6857E	510	0x1499A9CA8
0x142D97E3F	0x140878610	raw_bytes	0x142D97E10	0x142D97EF5	229	0x14978003C
0x142D97E7A	0x14087A220	uint32_be	0x142D97E10	0x142D97EF5	229	0x14978003C
0x142D97F63	0x14087A220	uint32_be	0x142D97F00	0x142D97F9B	155	0x1497870DC
0x142D98014	0x14087B5C0	prefix_uint32	0x142D97FA0	0x142D980C9	297	0x1499A8504
0x142D981B6	0x14087A220	uint32_be	0x142D980C9	0x142D9828E	453	0x1499A8518
0x142D9830B	0x14087B5C0	prefix_uint32	0x142D982EF	0x142D983D8	233	0x1499A8558
0x142D983B5	0x14087A220	uint32_be	0x142D982EF	0x142D983D8	233	0x1499A8558
0x142D9CC68	0x140878610	raw_bytes	0x142D9CBE0	0x142D9CCD9	249	0x1499B0254
0x142D9D515	0x140878610	raw_bytes	0x142D9D4B4	0x142D9D553	159	0x1499AFD24
0x142D9ECD0	0x140878610	raw_bytes	0x142D9EC70	0x142D9ED6A	250	0x1499AF908
0x142D9FC3F	0x140878610	raw_bytes	0x142D9FBD0	0x142D9FC7E	174	0x14977E768
0x142DA0440	0x140878610	raw_bytes	0x142DA03E0	0x142DA04DA	250	0x14978E13C
0x142DA24D6	0x140878610	raw_bytes	0x142DA2440	0x142DA2587	327	0x1499AF9C4
0x142DA2514	0x14087A220	uint32_be	0x142DA2440	0x142DA2587	327	0x1499AF9C4
0x142DA28B2	0x140878610	raw_bytes	0x142DA2860	0x142DA2955	245	0x1497870DC
0x142DA28E8	0x14087A220	uint32_be	0x142DA2860	0x142DA2955	245	0x1497870DC
0x142DA3140	0x140878610	raw_bytes	0x142DA30E0	0x142DA31DA	250	0x14978E13C
0x142DA47B0	0x140878610	raw_bytes	0x142DA4760	0x142DA4870	272	0x1497870DC
0x142DA47EE	0x140878610	raw_bytes	0x142DA4760	0x142DA4870	272	0x1497870DC
0x142DA4824	0x14087A220	uint32_be	0x142DA4760	0x142DA4870	272	0x1497870DC
0x142DA4F1F	0x140878610	raw_bytes	0x142DA4ED0	0x142DA4F84	180	0x1497870DC
0x142DA54CF	0x14087B5C0	prefix_uint32	0x142DA5430	0x142DA558D	349	0x1499AFFBC
0x142DA5A80	0x140878610	raw_bytes	0x142DA5A20	0x142DA5B87	359	0x1497D4234
0x142DA5B0C	0x140878610	raw_bytes	0x142DA5A20	0x142DA5B87	359	0x1497D4234
0x142DA6324	0x14087A220	uint32_be	0x142DA6290	0x142DA63DC	332	0x14995D04C
0x142DA6CC9	0x140878610	raw_bytes	0x142DA6C50	0x142DA6D40	240	0x14977E768
0x142DA6D01	0x140878610	raw_bytes	0x142DA6C50	0x142DA6D40	240	0x14977E768
0x142DA70C0	0x140878610	raw_bytes	0x142DA7070	0x142DA71A4	308	0x1497870DC
0x142DA70E7	0x140878610	raw_bytes	0x142DA7070	0x142DA71A4	308	0x1497870DC
0x142DA710E	0x140878610	raw_bytes	0x142DA7070	0x142DA71A4	308	0x1497870DC
0x142DA7135	0x14087A220	uint32_be	0x142DA7070	0x142DA71A4	308	0x1497870DC
0x142DA7178	0x140878610	raw_bytes	0x142DA7070	0x142DA71A4	308	0x1497870DC
0x142DA7825	0x140878610	raw_bytes	0x142DA77C0	0x142DA78F0	304	0x1499AF6FC
0x142DA822C	0x140878610	raw_bytes	0x142DA8160	0x142DA8277	279	0x1499AFC1C
0x142DA96D5	0x140878610	raw_bytes	0x142DA9670	0x142DA97A0	304	0x1499AF6FC
0x142DAC254	0x14087A220	uint32_be	0x142DAC234	0x142DAC33C	264	0x1499B2C38
0x142DAC2FC	0x14087A220	uint32_be	0x142DAC234	0x142DAC33C	264	0x1499B2C38
0x142DAC46F	0x14087A220	uint32_be	0x142DAC430	0x142DAC5B9	393	0x1499B2BFC
0x142DAC494	0x14087A220	uint32_be	0x142DAC430	0x142DAC5B9	393	0x1499B2BFC
0x142DAC4B9	0x14087A220	uint32_be	0x142DAC430	0x142DAC5B9	393	0x1499B2BFC
0x142DAC528	0x140878610	raw_bytes	0x142DAC430	0x142DAC5B9	393	0x1499B2BFC
0x142DAC5F6	0x140878610	raw_bytes	0x142DAC5C0	0x142DAC6D7	279	0x1499B2930
0x142DAC667	0x14087A220	uint32_be	0x142DAC5C0	0x142DAC6D7	279	0x1499B2930
0x142DAC724	0x14087A220	uint32_be	0x142DAC705	0x142DAC7EF	234	0x1499B2CD8
0x142DAC76E	0x14087A220	uint32_be	0x142DAC705	0x142DAC7EF	234	0x1499B2CD8
0x142DAC80F	0x14087A220	uint32_be	0x142DAC7EF	0x142DAC869	122	0x1499B2CEC
0x142DAC8B4	0x140878610	raw_bytes	0x142DAC870	0x142DAC949	217	0x1499B2A0C
0x142DAC994	0x140878610	raw_bytes	0x142DAC950	0x142DACA2C	220	0x1499B2A20
0x142DACA74	0x140878610	raw_bytes	0x142DACA30	0x142DACADC	172	0x1499B29F8
0x142DAF841	0x14087A220	uint32_be	0x142DAF7B0	0x142DAF8F8	328	0x1498C6B98
0x142DAF88E	0x14087A220	uint32_be	0x142DAF7B0	0x142DAF8F8	328	0x1498C6B98
0x142DAF991	0x14087A220	uint32_be	0x142DAF900	0x142DAFA48	328	0x1498C6B98
0x142DAF9DE	0x14087A220	uint32_be	0x142DAF900	0x142DAFA48	328	0x1498C6B98
0x142DAFA7F	0x14087A220	uint32_be	0x142DAFA50	0x142DAFB20	208	0x14978B008
0x142DB396F	0x14087B5C0	prefix_uint32	0x142DB3940	0x142DB39C6	134	0x14978BF4C
0x142DB3A9F	0x14087B5C0	prefix_uint32	0x142DB3A70	0x142DB3AF1	129	0x14978BF4C
0x142DB3BBF	0x14087B5C0	prefix_uint32	0x142DB3B90	0x142DB3C16	134	0x14978BF4C
0x142DB3CEC	0x14087A220	uint32_be	0x142DB3CC0	0x142DB3D8D	205	0x1497870DC
0x142DB3DBC	0x14087A220	uint32_be	0x142DB3D90	0x142DB3EA2	274	0x1497870DC
0x142DB3F31	0x14087B5C0	prefix_uint32	0x142DB3EB0	0x142DB4087	471	0x14977E9A8
0x142DB3FA3	0x14087A220	uint32_be	0x142DB3EB0	0x142DB4087	471	0x14977E9A8
0x142DB4102	0x14087B5C0	prefix_uint32	0x142DB40DF	0x142DB4189	170	0x1499B2668
0x142DB4205	0x14087A220	uint32_be	0x142DB41A0	0x142DB4291	241	0x1497870DC
0x142DB4323	0x14087B5C0	prefix_uint32	0x142DB42A0	0x142DB4478	472	0x14977E9A8
0x142DB4394	0x14087A220	uint32_be	0x142DB42A0	0x142DB4478	472	0x14977E9A8
0x142DB44AF	0x14087A1C0	uint16_be	0x142DB4480	0x142DB4635	437	0x1497C0C14
0x142DB452D	0x14087A220	uint32_be	0x142DB4480	0x142DB4635	437	0x1497C0C14
0x142DB455A	0x14087A220	uint32_be	0x142DB4480	0x142DB4635	437	0x1497C0C14
0x142DB4587	0x14087A220	uint32_be	0x142DB4480	0x142DB4635	437	0x1497C0C14
0x142DB4607	0x140878610	raw_bytes	0x142DB4480	0x142DB4635	437	0x1497C0C14
0x142DB466F	0x140878610	raw_bytes	0x142DB4640	0x142DB47F6	438	0x1497C43C8
0x142DB4691	0x14087A220	uint32_be	0x142DB4640	0x142DB47F6	438	0x1497C43C8
0x142DB4748	0x140878610	raw_bytes	0x142DB4640	0x142DB47F6	438	0x1497C43C8
0x142DB476D	0x14087A220	uint32_be	0x142DB4640	0x142DB47F6	438	0x1497C43C8
0x142DB4793	0x140878610	raw_bytes	0x142DB4640	0x142DB47F6	438	0x1497C43C8
0x142DB482F	0x140878610	raw_bytes	0x142DB4800	0x142DB499E	414	0x14993B5D0
0x142DB4862	0x14087A220	uint32_be	0x142DB4800	0x142DB499E	414	0x14993B5D0
0x142DB489D	0x14087A220	uint32_be	0x142DB4800	0x142DB499E	414	0x14993B5D0
0x142DB48D1	0x14087A220	uint32_be	0x142DB4800	0x142DB499E	414	0x14993B5D0
0x142DB49DD	0x14087B5C0	prefix_uint32	0x142DB49A0	0x142DB4BC7	551	0x1499B2D98
0x142DB4A65	0x140878610	raw_bytes	0x142DB49A0	0x142DB4BC7	551	0x1499B2D98
0x142DB4A8C	0x14087A220	uint32_be	0x142DB49A0	0x142DB4BC7	551	0x1499B2D98
0x142DB4ABF	0x14087A220	uint32_be	0x142DB49A0	0x142DB4BC7	551	0x1499B2D98
0x142DB4B5C	0x14087A220	uint32_be	0x142DB49A0	0x142DB4BC7	551	0x1499B2D98
0x142DB4C10	0x14087B5C0	prefix_uint32	0x142DB4BD0	0x142DB4DDB	523	0x14983C1DC
0x142DB4CA3	0x14087A220	uint32_be	0x142DB4BD0	0x142DB4DDB	523	0x14983C1DC
0x142DB4CF8	0x14087A220	uint32_be	0x142DB4BD0	0x142DB4DDB	523	0x14983C1DC
0x142DB4D2F	0x14087A220	uint32_be	0x142DB4BD0	0x142DB4DDB	523	0x14983C1DC
0x142DB4D63	0x14087A220	uint32_be	0x142DB4BD0	0x142DB4DDB	523	0x14983C1DC
0x142DB4E19	0x14087B5C0	prefix_uint32	0x142DB4DE0	0x142DB4FD4	500	0x1499B3090
0x142DB4EA3	0x14087A220	uint32_be	0x142DB4DE0	0x142DB4FD4	500	0x1499B3090
0x142DB4EF8	0x14087A220	uint32_be	0x142DB4DE0	0x142DB4FD4	500	0x1499B3090
0x142DB4F2F	0x14087A220	uint32_be	0x142DB4DE0	0x142DB4FD4	500	0x1499B3090
0x142DB4F63	0x14087A220	uint32_be	0x142DB4DE0	0x142DB4FD4	500	0x1499B3090
0x142DB5022	0x14087B5C0	prefix_uint32	0x142DB4FE0	0x142DB51B3	467	0x14983C1DC
0x142DB50B3	0x14087A220	uint32_be	0x142DB4FE0	0x142DB51B3	467	0x14983C1DC
0x142DB5103	0x14087B5C0	prefix_uint32	0x142DB4FE0	0x142DB51B3	467	0x14983C1DC
0x142DB51FB	0x14087B5C0	prefix_uint32	0x142DB51C0	0x142DB537E	446	0x1499B3090
0x142DB5293	0x14087A220	uint32_be	0x142DB51C0	0x142DB537E	446	0x1499B3090
0x142DB52E3	0x14087B5C0	prefix_uint32	0x142DB51C0	0x142DB537E	446	0x1499B3090
0x142DB53B4	0x14087A220	uint32_be	0x142DB5380	0x142DB54D9	345	0x1497C56F0
0x142DB53F6	0x14087A220	uint32_be	0x142DB5380	0x142DB54D9	345	0x1497C56F0
0x142DB541E	0x14087A220	uint32_be	0x142DB5380	0x142DB54D9	345	0x1497C56F0
0x142DB5456	0x14087A1C0	uint16_be	0x142DB5380	0x142DB54D9	345	0x1497C56F0
0x142DB5519	0x14087A220	uint32_be	0x142DB54E0	0x142DB5759	633	0x149852534
0x142DB55E1	0x14087B5C0	prefix_uint32	0x142DB54E0	0x142DB5759	633	0x149852534
0x142DB5799	0x14087A220	uint32_be	0x142DB5760	0x142DB59D9	633	0x149852534
0x142DB5861	0x14087B5C0	prefix_uint32	0x142DB5760	0x142DB59D9	633	0x149852534
0x142DB5A19	0x14087A270	float32_be	0x142DB59E0	0x142DB5C0B	555	0x14977E738
0x142DB5A67	0x14087B5C0	prefix_uint32	0x142DB59E0	0x142DB5C0B	555	0x14977E738
0x142DB5AF4	0x14087A220	uint32_be	0x142DB59E0	0x142DB5C0B	555	0x14977E738
0x142DB5B17	0x14087A220	uint32_be	0x142DB59E0	0x142DB5C0B	555	0x14977E738
0x142DB5C49	0x14087A270	float32_be	0x142DB5C10	0x142DB5E3B	555	0x14977E738
0x142DB5C97	0x14087B5C0	prefix_uint32	0x142DB5C10	0x142DB5E3B	555	0x14977E738
0x142DB5D24	0x14087A220	uint32_be	0x142DB5C10	0x142DB5E3B	555	0x14977E738
0x142DB5D47	0x14087A220	uint32_be	0x142DB5C10	0x142DB5E3B	555	0x14977E738
0x142DB5E74	0x14087A220	uint32_be	0x142DB5E40	0x142DB5F88	328	0x1497C56F0
0x142DB5EC3	0x14087A220	uint32_be	0x142DB5E40	0x142DB5F88	328	0x1497C56F0
0x142DB5EFA	0x14087A220	uint32_be	0x142DB5E40	0x142DB5F88	328	0x1497C56F0
0x142DB5F2E	0x14087A220	uint32_be	0x142DB5E40	0x142DB5F88	328	0x1497C56F0
0x142DB5FC4	0x14087A220	uint32_be	0x142DB5F90	0x142DB60D8	328	0x1497C56F0
0x142DB6013	0x14087A220	uint32_be	0x142DB5F90	0x142DB60D8	328	0x1497C56F0
0x142DB604A	0x14087A220	uint32_be	0x142DB5F90	0x142DB60D8	328	0x1497C56F0
0x142DB607E	0x14087A220	uint32_be	0x142DB5F90	0x142DB60D8	328	0x1497C56F0
0x142DB6119	0x14087A220	uint32_be	0x142DB60E0	0x142DB6340	608	0x149857598
0x142DB616B	0x14087B5C0	prefix_uint32	0x142DB60E0	0x142DB6340	608	0x149857598
0x142DB61EB	0x14087B5C0	prefix_uint32	0x142DB60E0	0x142DB6340	608	0x149857598
0x142DB6379	0x14087A220	uint32_be	0x142DB6340	0x142DB65A0	608	0x149857598
0x142DB63CB	0x14087B5C0	prefix_uint32	0x142DB6340	0x142DB65A0	608	0x149857598
0x142DB644B	0x14087B5C0	prefix_uint32	0x142DB6340	0x142DB65A0	608	0x149857598
0x142DB65D4	0x14087A220	uint32_be	0x142DB65A0	0x142DB6746	422	0x14977E5B4
0x142DB6613	0x14087A220	uint32_be	0x142DB65A0	0x142DB6746	422	0x14977E5B4
0x142DB664A	0x14087A220	uint32_be	0x142DB65A0	0x142DB6746	422	0x14977E5B4
0x142DB667E	0x14087A220	uint32_be	0x142DB65A0	0x142DB6746	422	0x14977E5B4
0x142DB6784	0x14087A220	uint32_be	0x142DB6750	0x142DB68F6	422	0x14977E5B4
0x142DB67C3	0x14087A220	uint32_be	0x142DB6750	0x142DB68F6	422	0x14977E5B4
0x142DB67FA	0x14087A220	uint32_be	0x142DB6750	0x142DB68F6	422	0x14977E5B4
0x142DB682E	0x14087A220	uint32_be	0x142DB6750	0x142DB68F6	422	0x14977E5B4
0x142DB6934	0x14087A220	uint32_be	0x142DB6900	0x142DB6A56	342	0x1497C56F0
0x142DB696B	0x14087A220	uint32_be	0x142DB6900	0x142DB6A56	342	0x1497C56F0
0x142DB699E	0x14087A220	uint32_be	0x142DB6900	0x142DB6A56	342	0x1497C56F0
0x142DB6A2A	0x140878610	raw_bytes	0x142DB6900	0x142DB6A56	342	0x1497C56F0
0x142DB6A94	0x14087A220	uint32_be	0x142DB6A60	0x142DB6BD5	373	0x14977E5B4
0x142DB6AD7	0x14087A220	uint32_be	0x142DB6A60	0x142DB6BD5	373	0x14977E5B4
0x142DB6AFF	0x14087A1C0	uint16_be	0x142DB6A60	0x142DB6BD5	373	0x14977E5B4
0x142DB6C19	0x14087A220	uint32_be	0x142DB6BE0	0x142DB6E62	642	0x1499B2F80
0x142DB6C5E	0x140878610	raw_bytes	0x142DB6BE0	0x142DB6E62	642	0x1499B2F80
0x142DB6C92	0x140878610	raw_bytes	0x142DB6BE0	0x142DB6E62	642	0x1499B2F80
0x142DB6CDD	0x14087A220	uint32_be	0x142DB6BE0	0x142DB6E62	642	0x1499B2F80
0x142DB6EA4	0x14087A220	uint32_be	0x142DB6E70	0x142DB6FFC	396	0x1497C56F0
0x142DB6F18	0x14087B5C0	prefix_uint32	0x142DB6E70	0x142DB6FFC	396	0x1497C56F0
0x142DB6FB3	0x14087A1C0	uint16_be	0x142DB6E70	0x142DB6FFC	396	0x1497C56F0
0x142DB7039	0x14087A220	uint32_be	0x142DB7000	0x142DB7282	642	0x1499B2F80
0x142DB707E	0x140878610	raw_bytes	0x142DB7000	0x142DB7282	642	0x1499B2F80
0x142DB70B2	0x140878610	raw_bytes	0x142DB7000	0x142DB7282	642	0x1499B2F80
0x142DB70FD	0x14087A220	uint32_be	0x142DB7000	0x142DB7282	642	0x1499B2F80
0x142DB72D3	0x14087B5C0	prefix_uint32	0x142DB7290	0x142DB74AC	540	0x1499B2CFC
0x142DB7333	0x14087A220	uint32_be	0x142DB7290	0x142DB74AC	540	0x1499B2CFC
0x142DB73B9	0x14087A220	uint32_be	0x142DB7290	0x142DB74AC	540	0x1499B2CFC
0x142DB73F5	0x14087A220	uint32_be	0x142DB7290	0x142DB74AC	540	0x1499B2CFC
0x142DB741F	0x14087A220	uint32_be	0x142DB7290	0x142DB74AC	540	0x1499B2CFC
0x142DB7449	0x14087A220	uint32_be	0x142DB7290	0x142DB74AC	540	0x1499B2CFC
0x142DB7475	0x140878610	raw_bytes	0x142DB7290	0x142DB74AC	540	0x1499B2CFC
0x142DB74DB	0x14087B5C0	prefix_uint32	0x142DB74B0	0x142DB7519	105	0x1498AD044
0x142DB75CC	0x14087B5C0	prefix_uint32	0x142DB75A0	0x142DB760C	108	0x14981CF48
0x142DB76BD	0x14087B5C0	prefix_uint32	0x142DB7690	0x142DB77CB	315	0x1497C499C
0x142DB7758	0x14087A220	uint32_be	0x142DB7690	0x142DB77CB	315	0x1497C499C
0x142DB77FE	0x14087B5C0	prefix_uint32	0x142DB77D0	0x142DB791D	333	0x149863394
0x142DB78A7	0x14087A220	uint32_be	0x142DB77D0	0x142DB791D	333	0x149863394
0x142DB794D	0x14087B5C0	prefix_uint32	0x142DB7920	0x142DB7A41	289	0x1497C499C
0x142DB79F7	0x14087A220	uint32_be	0x142DB7920	0x142DB7A41	289	0x1497C499C
0x142DB7A7E	0x14087B5C0	prefix_uint32	0x142DB7A50	0x142DB7B73	291	0x149863394
0x142DB7B27	0x14087A220	uint32_be	0x142DB7A50	0x142DB7B73	291	0x149863394
0x142DB7BA7	0x14087A220	uint32_be	0x142DB7B80	0x142DB7C10	144	0x14977D358
0x142DB7C37	0x14087A220	uint32_be	0x142DB7C10	0x142DB7CA0	144	0x14977D358
0x142DB7CD3	0x140878610	raw_bytes	0x142DB7CA0	0x142DB7D6D	205	0x1499B14C0
0x142DB7DA0	0x14087B5C0	prefix_uint32	0x142DB7D70	0x142DB7DF0	128	0x149850D88
0x142DB7E96	0x140878610	raw_bytes	0x142DB7DF0	0x142DB7EC5	213	0x1499B27F4
0x142DB7F32	0x14087A220	uint32_be	0x142DB7ED0	0x142DB7FBE	238	0x14978B008
0x142DB7FF5	0x14087A220	uint32_be	0x142DB7FC0	0x142DB80CB	267	0x1499B2D18
0x142DB82F5	0x14087A220	uint32_be	0x142DB82C0	0x142DB83CB	267	0x1499B2D18
0x142DB85F8	0x14087B5C0	prefix_uint32	0x142DB85C0	0x142DB872A	362	0x14977E9A8
0x142DB8683	0x14087A220	uint32_be	0x142DB85C0	0x142DB872A	362	0x14977E9A8
0x142DB86BA	0x14087A220	uint32_be	0x142DB85C0	0x142DB872A	362	0x14977E9A8
0x142DB8768	0x14087B5C0	prefix_uint32	0x142DB8730	0x142DB889A	362	0x14977E9A8
0x142DB87F3	0x14087A220	uint32_be	0x142DB8730	0x142DB889A	362	0x14977E9A8
0x142DB882A	0x14087A220	uint32_be	0x142DB8730	0x142DB889A	362	0x14977E9A8
0x142DB88D4	0x14087B5C0	prefix_uint32	0x142DB88A0	0x142DB89F3	339	0x1498C3FEC
0x142DB8953	0x14087A220	uint32_be	0x142DB88A0	0x142DB89F3	339	0x1498C3FEC
0x142DB898A	0x14087A220	uint32_be	0x142DB88A0	0x142DB89F3	339	0x1498C3FEC
0x142DB8A34	0x14087B5C0	prefix_uint32	0x142DB8A00	0x142DB8B53	339	0x1498C3FEC
0x142DB8AB3	0x14087A220	uint32_be	0x142DB8A00	0x142DB8B53	339	0x1498C3FEC
0x142DB8AEA	0x14087A220	uint32_be	0x142DB8A00	0x142DB8B53	339	0x1498C3FEC
0x142DE913D	0x14087A220	uint32_be	0x142DE9110	0x142DE91FC	236	0x1499B0FD0
0x142DE918D	0x14087A220	uint32_be	0x142DE9110	0x142DE91FC	236	0x1499B0FD0
0x142DE91B4	0x14087A220	uint32_be	0x142DE9110	0x142DE91FC	236	0x1499B0FD0
0x142DE91DB	0x14087A220	uint32_be	0x142DE9110	0x142DE91FC	236	0x1499B0FD0
0x142DE931D	0x14087A220	uint32_be	0x142DE9290	0x142DE9340	176	0x1498B2E58
0x142DE948D	0x14087A220	uint32_be	0x142DE93E0	0x142DE94EA	266	0x1497C5284
0x142DE94B7	0x14087A220	uint32_be	0x142DE93E0	0x142DE94EA	266	0x1497C5284
0x142DE95DA	0x14087A220	uint32_be	0x142DE94F0	0x142DE96AA	442	0x1497C5C8C
0x142DE960A	0x14087A220	uint32_be	0x142DE94F0	0x142DE96AA	442	0x1497C5C8C
0x142DE96DF	0x140878610	raw_bytes	0x142DE96B0	0x142DE9764	180	0x1497870DC
0x142DE971A	0x14087A220	uint32_be	0x142DE96B0	0x142DE9764	180	0x1497870DC
0x142DE97C7	0x14087A220	uint32_be	0x142DE9770	0x142DE98A6	310	0x1497C0C14
0x142DE97EF	0x14087A220	uint32_be	0x142DE9770	0x142DE98A6	310	0x1497C0C14
0x142DE9817	0x14087A220	uint32_be	0x142DE9770	0x142DE98A6	310	0x1497C0C14
0x142DE983D	0x14087A220	uint32_be	0x142DE9770	0x142DE98A6	310	0x1497C0C14
0x142DE98DC	0x14087A220	uint32_be	0x142DE98B0	0x142DE998C	220	0x14977E768
0x142DE990A	0x14087A220	uint32_be	0x142DE98B0	0x142DE998C	220	0x14977E768
0x142DE9934	0x14087A220	uint32_be	0x142DE98B0	0x142DE998C	220	0x14977E768
0x142DF0AF9	0x14087B5C0	prefix_uint32	0x142DF0AC1	0x142DF0C0C	331	0x1499B6FEC
0x142DF0B5D	0x14087A220	uint32_be	0x142DF0AC1	0x142DF0C0C	331	0x1499B6FEC
0x142DF1F4F	0x14087B5C0	prefix_uint32	0x142DF1EE0	0x142DF20A1	449	0x1499B6C00
0x142DF1FE0	0x14087A220	uint32_be	0x142DF1EE0	0x142DF20A1	449	0x1499B6C00
0x142DF2A5D	0x14087A220	uint32_be	0x142DF2A34	0x142DF2AA7	115	0x1499B70DC
0x142DF3495	0x140878610	raw_bytes	0x142DF3420	0x142DF3560	320	0x14995D04C
0x142DF34F6	0x14087A220	uint32_be	0x142DF3420	0x142DF3560	320	0x14995D04C
0x142DF3997	0x14087A220	uint32_be	0x142DF3930	0x142DF3A01	209	0x1497870DC
0x142DF3F5D	0x14087A220	uint32_be	0x142DF3EF0	0x142DF3FCC	220	0x1499A49C8
0x142DF4B51	0x14087B5C0	prefix_uint32	0x142DF4AF0	0x142DF4BC1	209	0x1499B8DBC
0x142DF4C6E	0x14087A220	uint32_be	0x142DF4C10	0x142DF4D30	288	0x1499B7288
0x142DF4C93	0x14087A220	uint32_be	0x142DF4C10	0x142DF4D30	288	0x1499B7288
0x142DF64A8	0x14087B5C0	prefix_uint32	0x142DF6430	0x142DF657C	332	0x1499B6E74
0x142DF650D	0x14087A220	uint32_be	0x142DF6430	0x142DF657C	332	0x1499B6E74
0x142DF8CEA	0x14087A220	uint32_be	0x142DF8CCE	0x142DF8DC6	248	0x1499B97C8
0x142DF8D2D	0x14087A220	uint32_be	0x142DF8CCE	0x142DF8DC6	248	0x1499B97C8
0x142DF8D67	0x140878610	raw_bytes	0x142DF8CCE	0x142DF8DC6	248	0x1499B97C8
0x142DF8D89	0x14087A220	uint32_be	0x142DF8CCE	0x142DF8DC6	248	0x1499B97C8
0x142DF8DE6	0x14087A220	uint32_be	0x142DF8DC6	0x142DF8E25	95	0x1499B97DC
0x142DF8E65	0x14087A220	uint32_be	0x142DF8E30	0x142DF8F5B	299	0x14989EB2C
0x142E298FA	0x14087A1C0	uint16_be	0x142E298D0	0x142E29927	87	0x149968D94
0x142E29943	0x14087B5C0	prefix_uint32	0x142E29927	0x142E29A41	282	0x1499B9794
0x142E29A07	0x14087A220	uint32_be	0x142E29927	0x142E29A41	282	0x1499B9794
0x142E29A9E	0x140878610	raw_bytes	0x142E29A60	0x142E29C6D	525	0x14977E5B4
0x142E29ADA	0x14087A220	uint32_be	0x142E29A60	0x142E29C6D	525	0x14977E5B4
0x142E29B0F	0x14087B5C0	prefix_uint32	0x142E29A60	0x142E29C6D	525	0x14977E5B4
0x142E29B61	0x14087A220	uint32_be	0x142E29A60	0x142E29C6D	525	0x14977E5B4
0x142E29BCD	0x14087A220	uint32_be	0x142E29A60	0x142E29C6D	525	0x14977E5B4
0x142E29BF1	0x14087A220	uint32_be	0x142E29A60	0x142E29C6D	525	0x14977E5B4
0x142E29D44	0x14087A220	uint32_be	0x142E29C70	0x142E29E87	535	0x1497C5704
0x142E29DB4	0x14087A270	float32_be	0x142E29C70	0x142E29E87	535	0x1497C5704
0x142E29F17	0x14087B5C0	prefix_uint32	0x142E29E90	0x142E2A03A	426	0x1497C5298
0x142E29FA3	0x14087A220	uint32_be	0x142E29E90	0x142E2A03A	426	0x1497C5298
0x142E29FD7	0x14087A220	uint32_be	0x142E29E90	0x142E2A03A	426	0x1497C5298
0x142E2A074	0x14087A220	uint32_be	0x142E2A040	0x142E2A1D1	401	0x1497C56F0
0x142E2A0A7	0x14087A1C0	uint16_be	0x142E2A040	0x142E2A1D1	401	0x1497C56F0
0x142E2A0FA	0x14087B5C0	prefix_uint32	0x142E2A040	0x142E2A1D1	401	0x1497C56F0
0x142E2A183	0x14087A220	uint32_be	0x142E2A040	0x142E2A1D1	401	0x1497C56F0
0x142E2A226	0x14087B5C0	prefix_uint32	0x142E2A1E0	0x142E2A410	560	0x1499B2CFC
0x142E2A283	0x14087A220	uint32_be	0x142E2A1E0	0x142E2A410	560	0x1499B2CFC
0x142E2A30C	0x14087A220	uint32_be	0x142E2A1E0	0x142E2A410	560	0x1499B2CFC
0x142E2A353	0x14087A220	uint32_be	0x142E2A1E0	0x142E2A410	560	0x1499B2CFC
0x142E2A380	0x14087A220	uint32_be	0x142E2A1E0	0x142E2A410	560	0x1499B2CFC
0x142E2A3AA	0x14087A220	uint32_be	0x142E2A1E0	0x142E2A410	560	0x1499B2CFC
0x142E2A452	0x14087B5C0	prefix_uint32	0x142E2A410	0x142E2A6E6	726	0x1497C7E58
0x142E2A512	0x14087A220	uint32_be	0x142E2A410	0x142E2A6E6	726	0x1497C7E58
0x142E2A530	0x14087A220	uint32_be	0x142E2A410	0x142E2A6E6	726	0x1497C7E58
0x142E2A556	0x14087A220	uint32_be	0x142E2A410	0x142E2A6E6	726	0x1497C7E58
0x142E2A5A1	0x14087A220	uint32_be	0x142E2A410	0x142E2A6E6	726	0x1497C7E58
0x142E2A5CE	0x14087A220	uint32_be	0x142E2A410	0x142E2A6E6	726	0x1497C7E58
0x142E2A5FB	0x14087A220	uint32_be	0x142E2A410	0x142E2A6E6	726	0x1497C7E58
0x142E2A628	0x14087A220	uint32_be	0x142E2A410	0x142E2A6E6	726	0x1497C7E58
0x142E2A737	0x14087B5C0	prefix_uint32	0x142E2A6F0	0x142E2AA02	786	0x149796CA0
0x142E2A7F3	0x14087A220	uint32_be	0x142E2A6F0	0x142E2AA02	786	0x149796CA0
0x142E2A816	0x14087A220	uint32_be	0x142E2A6F0	0x142E2AA02	786	0x149796CA0
0x142E2A890	0x14087A220	uint32_be	0x142E2A6F0	0x142E2AA02	786	0x149796CA0
0x142E2AA4A	0x14087B5C0	prefix_uint32	0x142E2AA10	0x142E2ABBE	430	0x1497FF3AC
0x142E2AB26	0x140878610	raw_bytes	0x142E2AA10	0x142E2ABBE	430	0x1497FF3AC
0x142E2AB8B	0x140878610	raw_bytes	0x142E2AA10	0x142E2ABBE	430	0x1497FF3AC
0x142E2ABFB	0x14087B5C0	prefix_uint32	0x142E2ABC0	0x142E2AD37	375	0x1497C6FC4
0x142E2ACB7	0x14087A220	uint32_be	0x142E2ABC0	0x142E2AD37	375	0x1497C6FC4
0x142E2AD7B	0x14087B5C0	prefix_uint32	0x142E2AD40	0x142E2AEB7	375	0x1497C6FC4
0x142E2AE37	0x14087A220	uint32_be	0x142E2AD40	0x142E2AEB7	375	0x1497C6FC4
0x142E2AEE7	0x14087A220	uint32_be	0x142E2AEC0	0x142E2AF24	100	0x14978714C
0x142E2AF6F	0x140878610	raw_bytes	0x142E2AF30	0x142E2B187	599	0x1498BEC8C
0x142E2AFB1	0x140878610	raw_bytes	0x142E2AF30	0x142E2B187	599	0x1498BEC8C
0x142E2AFDE	0x14087A220	uint32_be	0x142E2AF30	0x142E2B187	599	0x1498BEC8C
0x142E2B009	0x14087A220	uint32_be	0x142E2AF30	0x142E2B187	599	0x1498BEC8C
0x142E2B261	0x140878610	raw_bytes	0x142E2B190	0x142E2B2BD	301	0x1498980FC
0x142E2B2EB	0x14087A220	uint32_be	0x142E2B2C0	0x142E2B443	387	0x1498980FC
0x142E2B351	0x14087A220	uint32_be	0x142E2B2C0	0x142E2B443	387	0x1498980FC
0x142E2B387	0x140878610	raw_bytes	0x142E2B2C0	0x142E2B443	387	0x1498980FC
0x142E2B3BA	0x14087A220	uint32_be	0x142E2B2C0	0x142E2B443	387	0x1498980FC
0x142E2B47C	0x14087B5C0	prefix_uint32	0x142E2B450	0x142E2B4BE	110	0x14981CF48
0x142E2B4F7	0x14087A220	uint32_be	0x142E2B4BE	0x142E2B538	122	0x1499BAD6C
0x142E2B616	0x14087A220	uint32_be	0x142E2B570	0x142E2B64E	222	0x14977D3BC
0x142E2B6B6	0x14087A220	uint32_be	0x142E2B650	0x142E2B6E0	144	0x1499B93F4
0x142E2BBC1	0x14087B5C0	prefix_uint32	0x142E2BB90	0x142E2BBF9	105	0x14986AE68
0x142E2BD91	0x14087B5C0	prefix_uint32	0x142E2BD60	0x142E2BDD9	121	0x14986AE68
0x142E2BF92	0x14087B5C0	prefix_uint32	0x142E2BF60	0x142E2BFC7	103	0x1498C8C40
0x142E2C084	0x14087A220	uint32_be	0x142E2BFC7	0x142E2C0D4	269	0x1499BB040
0x142E2C0A8	0x14087A220	uint32_be	0x142E2BFC7	0x142E2C0D4	269	0x1499BB040
0x142E6BB19	0x14087A220	uint32_be	0x142E6BA90	0x142E6BB69	217	0x1497870DC
0x142E6BC61	0x14087A220	uint32_be	0x142E6BC10	0x142E6BCD5	197	0x14977E768
0x142E6BC8B	0x14087A220	uint32_be	0x142E6BC10	0x142E6BCD5	197	0x14977E768
0x142E6BD52	0x14087B5C0	prefix_uint32	0x142E6BCE0	0x142E6BE87	423	0x1499B3778
0x142E6BE03	0x14087A220	uint32_be	0x142E6BCE0	0x142E6BE87	423	0x1499B3778
0x142E6BE31	0x14087A220	uint32_be	0x142E6BCE0	0x142E6BE87	423	0x1499B3778
0x142E6BEC8	0x140878610	raw_bytes	0x142E6BE90	0x142E6BFC8	312	0x1499B43E0
0x142E6BF38	0x14087A220	uint32_be	0x142E6BE90	0x142E6BFC8	312	0x1499B43E0
0x142E891DE	0x14087B5C0	prefix_uint32	0x142E89160	0x142E8949B	827	0x1499BB59C
0x142E892DF	0x14087A220	uint32_be	0x142E89160	0x142E8949B	827	0x1499BB59C
0x142E89519	0x14087B5C0	prefix_uint32	0x142E894A0	0x142E895D9	313	0x1499BB8C4
0x142E896C7	0x14087A1C0	uint16_be	0x142E895D9	0x142E8979B	450	0x1499BB8DC
0x142E89810	0x14087B5C0	prefix_uint32	0x142E897C0	0x142E89908	328	0x1499BB770
0x142E89873	0x14087A220	uint32_be	0x142E897C0	0x142E89908	328	0x1499BB770
0x142E89970	0x14087B5C0	prefix_uint32	0x142E89910	0x142E89A14	260	0x1499BB9FC
0x142E899D1	0x14087A1C0	uint16_be	0x142E89910	0x142E89A14	260	0x1499BB9FC
0x142E8D199	0x140878610	raw_bytes	0x142E8D140	0x142E8D27E	318	0x1499BEE18
0x142E8D20D	0x14087A220	uint32_be	0x142E8D140	0x142E8D27E	318	0x1499BEE18
0x142E91A6B	0x14087A220	uint32_be	0x142E919D0	0x142E91B07	311	0x14989EB2C
0x142E91AC3	0x14087A220	uint32_be	0x142E919D0	0x142E91B07	311	0x14989EB2C
0x142E91B44	0x14087A1C0	uint16_be	0x142E91B10	0x142E91B8B	123	0x14977D358
0x142EA2FD5	0x140878610	raw_bytes	0x142EA2F70	0x142EA3029	185	0x14977FBA4
0x142EA305F	0x14087B5C0	prefix_uint32	0x142EA3030	0x142EA30A4	116	0x1499C1688
0x142F14F9E	0x140878610	raw_bytes	0x142F14F30	0x142F15076	326	0x1497C5284
0x142F1604B	0x140878610	raw_bytes	0x142F15FF0	0x142F16120	304	0x1499C87F8
0x142F17CA1	0x14087A220	uint32_be	0x142F17C50	0x142F17D43	243	0x1497870DC
0x142F1A227	0x14087A220	uint32_be	0x142F1A1A0	0x142F1A2B9	281	0x1499C8F64
0x142F1F4B3	0x14087A270	float32_be	0x142F1F423	0x142F1F576	339	0x1499CB18C
0x142F1F4DA	0x14087A270	float32_be	0x142F1F423	0x142F1F576	339	0x1499CB18C
0x142F1F4FF	0x14087A270	float32_be	0x142F1F423	0x142F1F576	339	0x1499CB18C
0x142F1F73B	0x14087B5C0	prefix_uint32	0x142F1F6F0	0x142F1F8B8	456	0x1499CB2E0
0x142F1F800	0x14087A220	uint32_be	0x142F1F6F0	0x142F1F8B8	456	0x1499CB2E0
0x142F1F821	0x14087A220	uint32_be	0x142F1F6F0	0x142F1F8B8	456	0x1499CB2E0
0x142F277BB	0x14087A270	float32_be	0x142F27760	0x142F278DC	380	0x1497C0C14
0x142F277EE	0x140878610	raw_bytes	0x142F27760	0x142F278DC	380	0x1497C0C14
0x142F2782D	0x140878610	raw_bytes	0x142F27760	0x142F278DC	380	0x1497C0C14
0x142F2785E	0x14087A220	uint32_be	0x142F27760	0x142F278DC	380	0x1497C0C14
0x142F2788E	0x140878610	raw_bytes	0x142F27760	0x142F278DC	380	0x1497C0C14
0x142F27922	0x140878610	raw_bytes	0x142F278E0	0x142F27A74	404	0x1499CB328
0x142F2799B	0x14087A270	float32_be	0x142F278E0	0x142F27A74	404	0x1499CB328
0x142F279F3	0x140878610	raw_bytes	0x142F278E0	0x142F27A74	404	0x1499CB328
0x142F27B69	0x140878610	raw_bytes	0x142F27B30	0x142F27C43	275	0x1499CA56C
0x142F27C90	0x14087B5C0	prefix_uint32	0x142F27C50	0x142F27DFB	427	0x1499CB394
0x142F27D0E	0x140878610	raw_bytes	0x142F27C50	0x142F27DFB	427	0x1499CB394
0x142F27D30	0x14087A220	uint32_be	0x142F27C50	0x142F27DFB	427	0x1499CB394
0x142F27E2F	0x14087B5C0	prefix_uint32	0x142F27E00	0x142F27E8D	141	0x1499CB460
0x142F45852	0x140878610	raw_bytes	0x142F457ED	0x142F45897	170	0x1499CB660
0x142F4A018	0x140878610	raw_bytes	0x142F49FF3	0x142F4A128	309	0x1499CCDA0
0x142F4A053	0x14087A270	float32_be	0x142F49FF3	0x142F4A128	309	0x1499CCDA0
0x142F4A07A	0x14087A220	uint32_be	0x142F49FF3	0x142F4A128	309	0x1499CCDA0
0x142F4A0A4	0x14087A270	float32_be	0x142F49FF3	0x142F4A128	309	0x1499CCDA0
0x142F4D95A	0x14087A270	float32_be	0x142F4D930	0x142F4D9C6	150	0x149821678
0x142F4D999	0x14087A270	float32_be	0x142F4D930	0x142F4D9C6	150	0x149821678
0x142F4D9E2	0x14087B5C0	prefix_uint32	0x142F4D9C6	0x142F4DAE6	288	0x1499CCF14
0x142F4DAB5	0x14087A270	float32_be	0x142F4D9C6	0x142F4DAE6	288	0x1499CCF14
0x142F4DB36	0x140878610	raw_bytes	0x142F4DB00	0x142F4DB83	131	0x1499CCE60
0x142F4DB9E	0x14087B5C0	prefix_uint32	0x142F4DB83	0x142F4DC7A	247	0x1499CCE74
0x142F4DC53	0x14087A220	uint32_be	0x142F4DB83	0x142F4DC7A	247	0x1499CCE74
0x142F4DCEA	0x140878610	raw_bytes	0x142F4DCB0	0x142F4DE06	342	0x1497C56F0
0x142F4DD25	0x140878610	raw_bytes	0x142F4DCB0	0x142F4DE06	342	0x1497C56F0
0x142F4DD59	0x140878610	raw_bytes	0x142F4DCB0	0x142F4DE06	342	0x1497C56F0
0x142F4DD90	0x140878610	raw_bytes	0x142F4DCB0	0x142F4DE06	342	0x1497C56F0
0x142F4DE3D	0x14087B5C0	prefix_uint32	0x142F4DE10	0x142F4DF39	297	0x149935A80
0x142F4DF6F	0x14087B5C0	prefix_uint32	0x142F4DF40	0x142F4DF89	73	0x1498BE5FC
0x142F4E002	0x140878610	raw_bytes	0x142F4DFA6	0x142F4E09E	248	0x1499CCEC0
0x142F4E0FB	0x14087B5C0	prefix_uint32	0x142F4E0D0	0x142F4E13F	111	0x149845E20
0x142F4E1C5	0x14087A270	float32_be	0x142F4E13F	0x142F4E1EE	175	0x1499CCF3C
0x142F5BE25	0x140878610	raw_bytes	0x142F5BDF0	0x142F5BEB9	201	0x14978003C
0x142F5F285	0x14087A1C0	uint16_be	0x142F5F240	0x142F5F2D1	145	0x1497C4728
0x142F64FD1	0x140878610	raw_bytes	0x142F64FA0	0x142F650F8	344	0x14977D3F0
0x142F6500D	0x14087A1C0	uint16_be	0x142F64FA0	0x142F650F8	344	0x14977D3F0
0x142F650B1	0x140878610	raw_bytes	0x142F64FA0	0x142F650F8	344	0x14977D3F0
0x142F6AA7D	0x14087B5C0	prefix_uint32	0x142F6AA40	0x142F6AC51	529	0x1497C4738
0x142F6AB53	0x14087A220	uint32_be	0x142F6AA40	0x142F6AC51	529	0x1497C4738
0x142F6ABA0	0x14087B5C0	prefix_uint32	0x142F6AA40	0x142F6AC51	529	0x1497C4738
0x142F6AC95	0x140878610	raw_bytes	0x142F6AC60	0x142F6AE00	416	0x149782EC4
0x142F6ACE3	0x14087A1C0	uint16_be	0x142F6AC60	0x142F6AE00	416	0x149782EC4
0x142F6AD2F	0x14087A1C0	uint16_be	0x142F6AC60	0x142F6AE00	416	0x149782EC4
0x142F6AE6F	0x14087B5C0	prefix_uint32	0x142F6AE4B	0x142F6AE9E	83	0x1499D085C
0x142F6AFFD	0x14087B5C0	prefix_uint32	0x142F6AF90	0x142F6B129	409	0x1497A2164
0x142F6B197	0x14087B5C0	prefix_uint32	0x142F6B130	0x142F6B2B3	387	0x1497C6FC4
0x142F6B333	0x14087B5C0	prefix_uint32	0x142F6B317	0x142F6B431	282	0x1499D07DC
0x142F6B3F7	0x14087A220	uint32_be	0x142F6B317	0x142F6B431	282	0x1499D07DC
0x142F6B4C3	0x14087B5C0	prefix_uint32	0x142F6B4A7	0x142F6B5B1	266	0x1499D0804
0x142F6BAC7	0x14087A220	uint32_be	0x142F6B9E0	0x142F6BBAF	463	0x1498C73A8
0x142F6BB1F	0x14087A220	uint32_be	0x142F6B9E0	0x142F6BBAF	463	0x1498C73A8
0x142F6BBE1	0x14087B5C0	prefix_uint32	0x142F6BBB0	0x142F6BC19	105	0x1498A4024
0x142F6BD81	0x14087B5C0	prefix_uint32	0x142F6BD50	0x142F6BDC9	121	0x14986AE68
0x142F6BF11	0x14087B5C0	prefix_uint32	0x142F6BEE0	0x142F6BF59	121	0x1499228A4
0x142F99C7A	0x14087B5C0	prefix_uint32	0x142F99C10	0x142F99D1A	266	0x1497870DC
0x142F99E0B	0x14087A270	float32_be	0x142F99DE0	0x142F99F1A	314	0x1497870DC
0x142F99E4B	0x14087A270	float32_be	0x142F99DE0	0x142F99F1A	314	0x1497870DC
0x142F99E8B	0x14087A270	float32_be	0x142F99DE0	0x142F99F1A	314	0x1497870DC
0x142F99ECB	0x14087A270	float32_be	0x142F99DE0	0x142F99F1A	314	0x1497870DC
0x142F99F4F	0x140878610	raw_bytes	0x142F99F20	0x142F99FA2	130	0x14977E768
0x142F99FDF	0x140878610	raw_bytes	0x142F99FB0	0x142F9A055	165	0x1497870DC
0x142F9A08C	0x14087A220	uint32_be	0x142F9A060	0x142F9A0FF	159	0x14977E768
0x142F9A179	0x14087B5C0	prefix_uint32	0x142F9A100	0x142F9A239	313	0x1499CEF94
0x142F9A327	0x14087A1C0	uint16_be	0x142F9A239	0x142F9A3FD	452	0x1499CEFAC
0x142F9A48E	0x14087B5C0	prefix_uint32	0x142F9A420	0x142F9A4EC	204	0x1499CE400
0x142F9A5E7	0x14087A1C0	uint16_be	0x142F9A4EC	0x142F9A6D7	491	0x1499CE410
0x142F9A75D	0x14087B5C0	prefix_uint32	0x142F9A6F0	0x142F9A7BA	202	0x1499CECAC
0x142F9A8C1	0x14087A270	float32_be	0x142F9A7BA	0x142F9AA8D	723	0x1499CECBC
0x142F9A8E3	0x14087A270	float32_be	0x142F9A7BA	0x142F9AA8D	723	0x1499CECBC
0x142F9A905	0x14087A270	float32_be	0x142F9A7BA	0x142F9AA8D	723	0x1499CECBC
0x142F9A927	0x14087A270	float32_be	0x142F9A7BA	0x142F9AA8D	723	0x1499CECBC
0x142F9A94F	0x140878610	raw_bytes	0x142F9A7BA	0x142F9AA8D	723	0x1499CECBC
0x142F9A989	0x140878610	raw_bytes	0x142F9A7BA	0x142F9AA8D	723	0x1499CECBC
0x142F9AB35	0x14087B5C0	prefix_uint32	0x142F9AAB0	0x142F9AF1F	1135	0x1499CE910
0x142F9AF8C	0x14087B5C0	prefix_uint32	0x142F9AF20	0x142F9AFE9	201	0x1499CE608
0x142F9B26C	0x14087B5C0	prefix_uint32	0x142F9B1F0	0x142F9B68B	1179	0x1499CF0CC
0x142F9B70B	0x14087B5C0	prefix_uint32	0x142F9B690	0x142F9B93E	686	0x1499CF448
0x142F9B9BE	0x14087B5C0	prefix_uint32	0x142F9B940	0x142F9BC1E	734	0x1499CF64C
0x142F9BC8D	0x14087B5C0	prefix_uint32	0x142F9BC20	0x142F9BCEA	202	0x149940E60
0x142F9BDE6	0x14087A220	uint32_be	0x142F9BCEA	0x142F9BED2	488	0x1499CF330
0x142F9BF5D	0x14087B5C0	prefix_uint32	0x142F9BEF0	0x142F9BFBA	202	0x14993DF00
0x142F9C21B	0x14087B5C0	prefix_uint32	0x142F9C1FF	0x142F9C2E8	233	0x1499CE4AC
0x142F9C2C5	0x14087A1C0	uint16_be	0x142F9C1FF	0x142F9C2E8	233	0x1499CE4AC
0x142F9C3BC	0x14087B5C0	prefix_uint32	0x142F9C370	0x142F9C40B	155	0x149791D80
0x142FA75BF	0x140878610	raw_bytes	0x142FA7560	0x142FA76D8	376	0x14978E1A8
0x142FB5D7F	0x140878610	raw_bytes	0x142FB5CD0	0x142FB5DBA	234	0x14978B008
0x142FD7966	0x14087B5C0	prefix_uint32	0x142FD7930	0x142FD79C2	146	0x1499D4A14
0x1430100AF	0x140878610	raw_bytes	0x143010050	0x143010183	307	0x1499DAB6C
0x1430120EA	0x14087B5C0	prefix_uint32	0x143012060	0x143012199	313	0x1499DACC0
0x1430143DE	0x140878610	raw_bytes	0x143014370	0x143014469	249	0x14978CD5C
0x1430156D5	0x14087B5C0	prefix_uint32	0x143015670	0x14301578E	286	0x1499D8FE8
0x143016F62	0x140878610	raw_bytes	0x143016EC0	0x143016FCE	270	0x1499DBA08
0x14301D37D	0x14087A220	uint32_be	0x14301D310	0x14301D46D	349	0x1499DD0A8
0x14301D5CE	0x140878610	raw_bytes	0x14301D59C	0x14301D627	139	0x1499DD098
0x143025D6F	0x14087B5C0	prefix_uint32	0x143025D40	0x143025DC1	129	0x14978BF4C
0x143025E8F	0x14087B5C0	prefix_uint32	0x143025E60	0x143025EE1	129	0x14978BF4C
0x143025FAF	0x14087B5C0	prefix_uint32	0x143025F80	0x143026001	129	0x14978BF4C
0x1430260D4	0x14087A220	uint32_be	0x1430260A0	0x143026225	389	0x1497C56F0
0x143026124	0x140878610	raw_bytes	0x1430260A0	0x143026225	389	0x1497C56F0
0x1430261C0	0x14087A220	uint32_be	0x1430260A0	0x143026225	389	0x1497C56F0
0x14302625F	0x14087B5C0	prefix_uint32	0x143026230	0x143026284	84	0x149940ADC
0x1430262C7	0x14087A220	uint32_be	0x14302629E	0x143026318	122	0x1499DD014
0x1430262EB	0x14087A220	uint32_be	0x14302629E	0x143026318	122	0x1499DD014
0x143026437	0x14087A220	uint32_be	0x143026350	0x143026542	498	0x1498C73A8
0x143026490	0x140878610	raw_bytes	0x143026350	0x143026542	498	0x1498C73A8
0x1430506ED	0x14087B5C0	prefix_uint32	0x143050680	0x14305074A	202	0x14993DF00
0x1430507E7	0x14087A220	uint32_be	0x14305074A	0x14305092E	484	0x1499D94A4
0x143050846	0x14087A220	uint32_be	0x14305074A	0x14305092E	484	0x1499D94A4
0x1430509A3	0x14087B5C0	prefix_uint32	0x143050940	0x143050A41	257	0x1499D9550
0x1430509D7	0x14087A220	uint32_be	0x143050940	0x143050A41	257	0x1499D9550
0x1430509FB	0x14087A220	uint32_be	0x143050940	0x143050A41	257	0x1499D9550
0x143050AAB	0x14087B5C0	prefix_uint32	0x143050A8F	0x143050B47	184	0x1499D9384
0x1430572F1	0x14087A270	float32_be	0x143057290	0x143057386	246	0x1497870DC
0x143057331	0x140878610	raw_bytes	0x143057290	0x143057386	246	0x1497870DC
0x14307EC1E	0x14087A1C0	uint16_be	0x14307EBD0	0x14307EC4E	126	0x1497870DC
0x143096E08	0x140878610	raw_bytes	0x143096D90	0x143096E87	247	0x14978CD5C
0x1430993A2	0x140878610	raw_bytes	0x143099330	0x1430993F9	201	0x14977E768
0x14309C245	0x14087A220	uint32_be	0x14309C210	0x14309C35E	334	0x1499B0FC0
0x14309C280	0x14087A220	uint32_be	0x14309C210	0x14309C35E	334	0x1499B0FC0
0x1430C67B7	0x14087A220	uint32_be	0x1430C6710	0x1430C67E7	215	0x1497870DC
0x1430C8ED2	0x14087A1C0	uint16_be	0x1430C8E70	0x1430C8F1A	170	0x1497870DC
0x1430C9D86	0x14087A220	uint32_be	0x1430C9CF0	0x1430C9DD0	224	0x1497870DC
0x1430D4E2F	0x14087B5C0	prefix_uint32	0x1430D4E00	0x1430D4E84	132	0x1499E935C
0x1430D4F36	0x14087A1C0	uint16_be	0x1430D4F20	0x1430D4FAD	141	0x1499E9388
0x1430D4F58	0x14087A220	uint32_be	0x1430D4F20	0x1430D4FAD	141	0x1499E9388
0x1430FCB1D	0x14087B5C0	prefix_uint32	0x1430FCAB0	0x1430FCB7A	202	0x1499E7664
0x1430FCC91	0x14087A1C0	uint16_be	0x1430FCB7A	0x1430FCDB5	571	0x1499E7674
0x1430FCCB3	0x14087A220	uint32_be	0x1430FCB7A	0x1430FCDB5	571	0x1499E7674
0x14310B8F0	0x14087A220	uint32_be	0x14310B850	0x14310BA17	455	0x1499EB2A8
0x14311F700	0x14087A220	uint32_be	0x14311F6D0	0x14311F822	338	0x1497C0C14
0x14311F728	0x14087A220	uint32_be	0x14311F6D0	0x14311F822	338	0x1497C0C14
0x14311F777	0x14087A270	float32_be	0x14311F6D0	0x14311F822	338	0x1497C0C14
0x14311F79B	0x14087A270	float32_be	0x14311F6D0	0x14311F822	338	0x1497C0C14
0x14311F7C2	0x14087B5C0	prefix_uint32	0x14311F6D0	0x14311F822	338	0x1497C0C14
0x1431217D1	0x14087A220	uint32_be	0x143121780	0x143121878	248	0x1497870DC
0x14312180B	0x14087A220	uint32_be	0x143121780	0x143121878	248	0x1497870DC
0x1431241AC	0x14087A220	uint32_be	0x143124160	0x143124205	165	0x1497870DC
0x1431241D5	0x14087A220	uint32_be	0x143124160	0x143124205	165	0x1497870DC
0x143125321	0x14087B5C0	prefix_uint32	0x1431252C0	0x14312542D	365	0x1499EC7A8
0x14312668E	0x14087A220	uint32_be	0x143126640	0x1431266F7	183	0x1497870DC
0x1431266C7	0x14087A220	uint32_be	0x143126640	0x1431266F7	183	0x1497870DC
0x143133D4B	0x14087A220	uint32_be	0x143133BC0	0x143133E4F	655	0x1498C73A8
0x143133D7F	0x140878610	raw_bytes	0x143133BC0	0x143133E4F	655	0x1498C73A8
0x143172834	0x140878610	raw_bytes	0x1431727A0	0x143172889	233	0x14977E768
0x143174737	0x14087B5C0	prefix_uint32	0x14317470D	0x14317480D	256	0x1499F2D80
0x143174790	0x14087A220	uint32_be	0x14317470D	0x14317480D	256	0x1499F2D80
0x143174851	0x14087A220	uint32_be	0x143174820	0x14317488D	109	0x14977D358
0x14317B17F	0x140878610	raw_bytes	0x14317B110	0x14317B221	273	0x1499F2408
0x14319A40B	0x140878610	raw_bytes	0x14319A370	0x14319A46E	254	0x1498695CC
0x14319AD1E	0x140878610	raw_bytes	0x14319ACB0	0x14319ADC5	277	0x14978CD5C
0x14319BD5C	0x14087A220	uint32_be	0x14319BCF0	0x14319BDF8	264	0x14977E768
0x14319BD9E	0x14087A220	uint32_be	0x14319BCF0	0x14319BDF8	264	0x14977E768
0x14319F67C	0x14087B5C0	prefix_uint32	0x14319F64A	0x14319F808	446	0x1499F7320
0x14319F720	0x140878610	raw_bytes	0x14319F64A	0x14319F808	446	0x1499F7320
0x14319F87F	0x14087A220	uint32_be	0x14319F840	0x14319FA26	486	0x1499F70EC
0x14319F8D2	0x14087B5C0	prefix_uint32	0x14319F840	0x14319FA26	486	0x1499F70EC
0x14319F942	0x14087A220	uint32_be	0x14319F840	0x14319FA26	486	0x1499F70EC
0x14319FA82	0x14087B5C0	prefix_uint32	0x14319FA30	0x14319FC43	531	0x1499F72D0
0x14319FB3A	0x140878610	raw_bytes	0x14319FA30	0x14319FC43	531	0x1499F72D0
0x1431A744F	0x14087A220	uint32_be	0x1431A7420	0x1431A7604	484	0x1497C0C14
0x1431A747F	0x14087B5C0	prefix_uint32	0x1431A7420	0x1431A7604	484	0x1497C0C14
0x1431A7550	0x14087A220	uint32_be	0x1431A7420	0x1431A7604	484	0x1497C0C14
0x1431A757D	0x14087A1C0	uint16_be	0x1431A7420	0x1431A7604	484	0x1497C0C14
0x1431A75A7	0x14087A220	uint32_be	0x1431A7420	0x1431A7604	484	0x1497C0C14
0x1431A75D1	0x14087A220	uint32_be	0x1431A7420	0x1431A7604	484	0x1497C0C14
0x1431A7656	0x14087B5C0	prefix_uint32	0x1431A7610	0x1431A78EA	730	0x1498CB9C0
0x1431A76BF	0x14087A220	uint32_be	0x1431A7610	0x1431A78EA	730	0x1498CB9C0
0x1431A76E7	0x14087A220	uint32_be	0x1431A7610	0x1431A78EA	730	0x1498CB9C0
0x1431A770B	0x14087A270	float32_be	0x1431A7610	0x1431A78EA	730	0x1498CB9C0
0x1431A7744	0x14087B5C0	prefix_uint32	0x1431A7610	0x1431A78EA	730	0x1498CB9C0
0x1431A7801	0x140878610	raw_bytes	0x1431A7610	0x1431A78EA	730	0x1498CB9C0
0x1431A7849	0x14087A270	float32_be	0x1431A7610	0x1431A78EA	730	0x1498CB9C0
0x1431A792B	0x14087A220	uint32_be	0x1431A78F0	0x1431A7AB6	454	0x1497C5694
0x1431A7952	0x14087A270	float32_be	0x1431A78F0	0x1431A7AB6	454	0x1497C5694
0x1431A7979	0x14087A270	float32_be	0x1431A78F0	0x1431A7AB6	454	0x1497C5694
0x1431A79A0	0x14087A220	uint32_be	0x1431A78F0	0x1431A7AB6	454	0x1497C5694
0x1431A79CD	0x140878610	raw_bytes	0x1431A78F0	0x1431A7AB6	454	0x1497C5694
0x1431A7A0C	0x14087A220	uint32_be	0x1431A78F0	0x1431A7AB6	454	0x1497C5694
0x1431A7A30	0x14087A220	uint32_be	0x1431A78F0	0x1431A7AB6	454	0x1497C5694
0x1431A7AEF	0x140878610	raw_bytes	0x1431A7AC0	0x1431A7B57	151	0x1497870DC
0x1431A7B9A	0x140878610	raw_bytes	0x1431A7B60	0x1431A7CE0	384	0x1497C56F0
0x1431A7BD5	0x140878610	raw_bytes	0x1431A7B60	0x1431A7CE0	384	0x1497C56F0
0x1431A7C09	0x140878610	raw_bytes	0x1431A7B60	0x1431A7CE0	384	0x1497C56F0
0x1431A7C40	0x140878610	raw_bytes	0x1431A7B60	0x1431A7CE0	384	0x1497C56F0
0x1431A7C85	0x14087A270	float32_be	0x1431A7B60	0x1431A7CE0	384	0x1497C56F0
0x1431A7CAF	0x14087A270	float32_be	0x1431A7B60	0x1431A7CE0	384	0x1497C56F0
0x1431A7D11	0x14087B5C0	prefix_uint32	0x1431A7CE0	0x1431A7D59	121	0x14986AE68
0x1431D266E	0x14087B5C0	prefix_uint32	0x1431D25F0	0x1431D2B12	1314	0x1499F3920
0x1431DFE54	0x14087B5C0	prefix_uint32	0x1431DFE39	0x1431DFF3C	259	0x1499FA0F4
0x1431DFEF3	0x14087A220	uint32_be	0x1431DFE39	0x1431DFF3C	259	0x1499FA0F4
0x1432054FC	0x14087A220	uint32_be	0x1432054D0	0x143205566	150	0x1497870DC
0x1432055DD	0x14087B5C0	prefix_uint32	0x143205570	0x14320563A	202	0x1499CE608
0x143205754	0x14087A220	uint32_be	0x14320563A	0x14320587D	579	0x1499F8F6C
0x14320591B	0x14087B5C0	prefix_uint32	0x1432058FF	0x143205988	137	0x1499F8DD0
0x143208EF4	0x140878610	raw_bytes	0x143208E60	0x143208FB9	345	0x1499FC084
0x14320AB22	0x140878610	raw_bytes	0x14320AAD0	0x14320ABBD	237	0x1497870DC
0x14320AB8D	0x14087A1C0	uint16_be	0x14320AAD0	0x14320ABBD	237	0x1497870DC
0x14320D150	0x14087A220	uint32_be	0x14320D0F0	0x14320D253	355	0x1498BDD50
0x14320D178	0x14087A220	uint32_be	0x14320D0F0	0x14320D253	355	0x1498BDD50
0x14320E3BF	0x14087A220	uint32_be	0x14320E370	0x14320E431	193	0x1497870DC
0x14320E401	0x14087A220	uint32_be	0x14320E370	0x14320E431	193	0x1497870DC
0x14320F4C7	0x140878610	raw_bytes	0x14320F470	0x14320F5A7	311	0x1497C5284
0x14320F560	0x140878610	raw_bytes	0x14320F470	0x14320F5A7	311	0x1497C5284
0x14322A86E	0x14087A220	uint32_be	0x14322A7F0	0x14322A993	419	0x149782EC4
0x14322A895	0x14087A220	uint32_be	0x14322A7F0	0x14322A993	419	0x149782EC4
0x14322A8BC	0x14087A220	uint32_be	0x14322A7F0	0x14322A993	419	0x149782EC4
0x14322A9E7	0x14087B5C0	prefix_uint32	0x14322A9A0	0x14322ABA7	519	0x149A02300
0x14322ABF1	0x140878610	raw_bytes	0x14322ABB0	0x14322AD8D	477	0x149A02208
0x14322AC22	0x140878610	raw_bytes	0x14322ABB0	0x14322AD8D	477	0x149A02208
0x14322AC6C	0x14087B5C0	prefix_uint32	0x14322ABB0	0x14322AD8D	477	0x149A02208
0x14322ADBF	0x14087A220	uint32_be	0x14322AD90	0x14322AE59	201	0x14978B008
0x14322ADE7	0x14087A1C0	uint16_be	0x14322AD90	0x14322AE59	201	0x14978B008
0x14322AE0A	0x14087A220	uint32_be	0x14322AD90	0x14322AE59	201	0x14978B008
0x14326F92F	0x140878610	raw_bytes	0x14326F870	0x14326F984	276	0x1497870DC
0x14327000D	0x14087A220	uint32_be	0x14326FFB0	0x1432700D8	296	0x1498CBD08
0x143270B10	0x140878610	raw_bytes	0x143270A70	0x143270B59	233	0x14977FF74
0x143273B2F	0x14087A220	uint32_be	0x143273AE0	0x143273BA1	193	0x1497870DC
0x143273B71	0x14087A270	float32_be	0x143273AE0	0x143273BA1	193	0x1497870DC
0x143273C02	0x140878610	raw_bytes	0x143273BB0	0x143273CB0	256	0x14977E768
0x143276A7A	0x140878610	raw_bytes	0x1432769C0	0x143276AD4	276	0x149869468
0x143278122	0x140878610	raw_bytes	0x143278080	0x14327819F	287	0x1498CBD08
0x143278AC9	0x14087B5C0	prefix_uint32	0x143278A60	0x143278C27	455	0x149A06590
0x14327AF02	0x14087A220	uint32_be	0x14327AEB0	0x14327AFB2	258	0x1497870DC
0x14327AF45	0x14087A220	uint32_be	0x14327AEB0	0x14327AFB2	258	0x1497870DC
0x14327D0F5	0x14087A220	uint32_be	0x14327D0A0	0x14327D1BD	285	0x149A06C54
0x14327E172	0x14087A220	uint32_be	0x14327E120	0x14327E21D	253	0x1497870DC
0x143280234	0x14087A220	uint32_be	0x143280200	0x143280270	112	0x14977D358
0x1432802AA	0x140878610	raw_bytes	0x143280270	0x1432802F1	129	0x14977D358
0x14328C46F	0x14087B5C0	prefix_uint32	0x14328C440	0x14328C4C1	129	0x14978BF4C
0x14328C59B	0x14087B5C0	prefix_uint32	0x14328C560	0x14328C759	505	0x1499B3090
0x14328C6D2	0x140878610	raw_bytes	0x14328C560	0x14328C759	505	0x1499B3090
0x14328C709	0x140878610	raw_bytes	0x14328C560	0x14328C759	505	0x1499B3090
0x14328C7A2	0x14087B5C0	prefix_uint32	0x14328C760	0x14328C921	449	0x14983C1DC
0x14328C863	0x14087A220	uint32_be	0x14328C760	0x14328C921	449	0x14983C1DC
0x14328C8CA	0x140878610	raw_bytes	0x14328C760	0x14328C921	449	0x14983C1DC
0x14328C9A4	0x14087B5C0	prefix_uint32	0x14328C97B	0x14328C9D3	88	0x149A09834
0x14328CB48	0x14087B5C0	prefix_uint32	0x14328CB24	0x14328CC60	316	0x149A098A0
0x14328CCED	0x140878610	raw_bytes	0x14328CC80	0x14328CD45	197	0x1498362BC
0x14328CD7A	0x14087A220	uint32_be	0x14328CD50	0x14328CE00	176	0x1497E3254
0x14328CE2C	0x14087A220	uint32_be	0x14328CE00	0x14328CEB9	185	0x149780384
0x14328CE75	0x140878610	raw_bytes	0x14328CE00	0x14328CEB9	185	0x149780384
0x14328CEF8	0x14087B5C0	prefix_uint32	0x14328CEC0	0x14328CFD5	277	0x149A0A214
0x14328CF50	0x14087A220	uint32_be	0x14328CEC0	0x14328CFD5	277	0x149A0A214
0x14328D00F	0x14087B5C0	prefix_uint32	0x14328CFE0	0x14328D054	116	0x1499C1688
0x14328D232	0x14087A220	uint32_be	0x14328D160	0x14328D431	721	0x149A0AA94
0x14328D260	0x14087B5C0	prefix_uint32	0x14328D160	0x14328D431	721	0x149A0AA94
0x14328D2AE	0x14087A220	uint32_be	0x14328D160	0x14328D431	721	0x149A0AA94
0x14328D2DB	0x14087A270	float32_be	0x14328D160	0x14328D431	721	0x149A0AA94
0x14328D4BD	0x140878610	raw_bytes	0x14328D440	0x14328D5E5	421	0x149867CA8
0x14328D4F0	0x14087A220	uint32_be	0x14328D440	0x14328D5E5	421	0x149867CA8
0x14328D51E	0x14087A220	uint32_be	0x14328D440	0x14328D5E5	421	0x149867CA8
0x14328D548	0x14087A220	uint32_be	0x14328D440	0x14328D5E5	421	0x149867CA8
0x14328D630	0x14087B5C0	prefix_uint32	0x14328D5F0	0x14328D7D3	483	0x149A0A870
0x14328D6EE	0x140878610	raw_bytes	0x14328D5F0	0x14328D7D3	483	0x149A0A870
0x14328D811	0x14087B5C0	prefix_uint32	0x14328D7E0	0x14328D859	121	0x14986AE68
0x14328D995	0x14087B5C0	prefix_uint32	0x14328D960	0x14328DB0B	427	0x149834978
0x1432D6FF0	0x14087A220	uint32_be	0x1432D6FC0	0x1432D7091	209	0x1497C0C14
0x1432D7014	0x14087A220	uint32_be	0x1432D6FC0	0x1432D7091	209	0x1497C0C14
0x1432D70D0	0x14087A220	uint32_be	0x1432D70A0	0x1432D71B5	277	0x1497C0C14
0x1432D7122	0x14087A220	uint32_be	0x1432D70A0	0x1432D71B5	277	0x1497C0C14
0x1432D7146	0x14087A220	uint32_be	0x1432D70A0	0x1432D71B5	277	0x1497C0C14
0x1432D716A	0x140878610	raw_bytes	0x1432D70A0	0x1432D71B5	277	0x1497C0C14
0x1432D723E	0x14087B5C0	prefix_uint32	0x1432D71C0	0x1432D7496	726	0x149A05000
0x1432D731C	0x14087A220	uint32_be	0x1432D71C0	0x1432D7496	726	0x149A05000
0x1432D7514	0x14087B5C0	prefix_uint32	0x1432D74A0	0x1432D75C9	297	0x1499A8504
0x1432D7657	0x14087A220	uint32_be	0x1432D75C9	0x1432D778C	451	0x149A08D50
0x1432D782E	0x14087B5C0	prefix_uint32	0x1432D77B0	0x1432D7CA3	1267	0x149A04BDC
0x1432D79E7	0x140878610	raw_bytes	0x1432D77B0	0x1432D7CA3	1267	0x149A04BDC
0x1432D7AB5	0x14087A220	uint32_be	0x1432D77B0	0x1432D7CA3	1267	0x149A04BDC
0x1432D7ADF	0x14087A220	uint32_be	0x1432D77B0	0x1432D7CA3	1267	0x149A04BDC
0x1432D7D24	0x14087B5C0	prefix_uint32	0x1432D7CB0	0x1432D7DD9	297	0x1499A8504
0x1432D804C	0x14087B5C0	prefix_uint32	0x1432D7FD0	0x1432D840B	1083	0x1497DC1E8
0x1432D8233	0x14087A220	uint32_be	0x1432D7FD0	0x1432D840B	1083	0x1497DC1E8
0x1432D8285	0x14087A220	uint32_be	0x1432D7FD0	0x1432D840B	1083	0x1497DC1E8
0x1432D82A7	0x14087A220	uint32_be	0x1432D7FD0	0x1432D840B	1083	0x1497DC1E8
0x1432D82CF	0x140878610	raw_bytes	0x1432D7FD0	0x1432D840B	1083	0x1497DC1E8
0x1432D8484	0x14087B5C0	prefix_uint32	0x1432D8410	0x1432D8539	297	0x1499A8504
0x1432D8628	0x140878610	raw_bytes	0x1432D8539	0x1432D8700	455	0x149A09118
0x1432D8794	0x14087B5C0	prefix_uint32	0x1432D8720	0x1432D8849	297	0x1499A8504
0x1432D8AD2	0x14087B5C0	prefix_uint32	0x1432D8A50	0x1432D8BAC	348	0x149A09024
0x1432D8CCF	0x140878610	raw_bytes	0x1432D8BAC	0x1432D8E33	647	0x149A09040
0x1432D8EDC	0x14087B5C0	prefix_uint32	0x1432D8E60	0x1432D92B7	1111	0x149A09260
0x1432D9387	0x14087A220	uint32_be	0x1432D9360	0x1432D9410	176	0x14977D358
0x1432D93D2	0x14087A220	uint32_be	0x1432D9360	0x1432D9410	176	0x14977D358
0x1432D942E	0x140878610	raw_bytes	0x1432D9410	0x1432D945E	78	0x14977D6E8
0x1432D9480	0x14087A220	uint32_be	0x1432D9460	0x1432D94BC	92	0x14977D6E8
0x1432D952A	0x14087A220	uint32_be	0x1432D9510	0x1432D955C	76	0x14977D6E8
0x1432D9633	0x14087B5C0	prefix_uint32	0x1432D95D0	0x1432D96D5	261	0x1499D9550
0x1432D966B	0x14087A220	uint32_be	0x1432D95D0	0x1432D96D5	261	0x1499D9550
0x1432D988E	0x14087B5C0	prefix_uint32	0x1432D986C	0x1432D9959	237	0x149A09158
0x1432D9931	0x140878610	raw_bytes	0x1432D986C	0x1432D9959	237	0x149A09158
0x1432D99EC	0x14087B5C0	prefix_uint32	0x1432D99A0	0x1432D9A3B	155	0x149791D80
0x1432DDA18	0x14087B5C0	prefix_uint32	0x1432DD9B0	0x1432DDAB0	256	0x149A0BB74
0x1432E09B8	0x14087A220	uint32_be	0x1432E0950	0x1432E0A67	279	0x14978CD5C
0x1432E09E8	0x140878610	raw_bytes	0x1432E0950	0x1432E0A67	279	0x14978CD5C
0x1432E0A18	0x140878610	raw_bytes	0x1432E0950	0x1432E0A67	279	0x14978CD5C
0x1432E5BA4	0x14087A220	uint32_be	0x1432E5B40	0x1432E5CBB	379	0x14977E9A8
0x1432E5BEF	0x14087A220	uint32_be	0x1432E5B40	0x1432E5CBB	379	0x14977E9A8
0x1432E5C20	0x140878610	raw_bytes	0x1432E5B40	0x1432E5CBB	379	0x14977E9A8
0x1432E5C5C	0x14087B5C0	prefix_uint32	0x1432E5B40	0x1432E5CBB	379	0x14977E9A8
0x1432E5D1C	0x14087A270	float32_be	0x1432E5CC0	0x1432E5E8F	463	0x1497C0C14
0x1432E5D49	0x14087A270	float32_be	0x1432E5CC0	0x1432E5E8F	463	0x1497C0C14
0x1432E5D76	0x14087A220	uint32_be	0x1432E5CC0	0x1432E5E8F	463	0x1497C0C14
0x1432E5DA3	0x14087A220	uint32_be	0x1432E5CC0	0x1432E5E8F	463	0x1497C0C14
0x1432E5DD0	0x14087A220	uint32_be	0x1432E5CC0	0x1432E5E8F	463	0x1497C0C14
0x1432E5DFD	0x14087A270	float32_be	0x1432E5CC0	0x1432E5E8F	463	0x1497C0C14
0x1432E5E27	0x14087A270	float32_be	0x1432E5CC0	0x1432E5E8F	463	0x1497C0C14
0x1432E5E51	0x14087A220	uint32_be	0x1432E5CC0	0x1432E5E8F	463	0x1497C0C14
0x1432E6133	0x14087A220	uint32_be	0x1432E6120	0x1432E62DF	447	0x149A0C940
0x1432E615A	0x14087A220	uint32_be	0x1432E6120	0x1432E62DF	447	0x149A0C940
0x1432E61D0	0x140878610	raw_bytes	0x1432E6120	0x1432E62DF	447	0x149A0C940
0x1432E6204	0x140878610	raw_bytes	0x1432E6120	0x1432E62DF	447	0x149A0C940
0x1432E631A	0x14087B5C0	prefix_uint32	0x1432E62E0	0x1432E64B8	472	0x1497C018C
0x1432E642D	0x14087A220	uint32_be	0x1432E62E0	0x1432E64B8	472	0x1497C018C
0x1432F4778	0x14087A220	uint32_be	0x1432F4720	0x1432F47D8	184	0x14978003C
0x1432F480D	0x14087A220	uint32_be	0x1432F47E0	0x1432F486B	139	0x1498B2E58
0x1432F88FC	0x14087A220	uint32_be	0x1432F8890	0x1432F89A6	278	0x14977E768
0x1432F893F	0x14087A220	uint32_be	0x1432F8890	0x1432F89A6	278	0x14977E768
0x1433284E4	0x14087B5C0	prefix_uint32	0x143328470	0x1433285A7	311	0x149A0F018
0x143328633	0x14087A220	uint32_be	0x1433285A7	0x14332877B	468	0x149A0F02C
0x1433287E9	0x14087B5C0	prefix_uint32	0x143328790	0x14332888D	253	0x149A0F0A4
0x143328823	0x14087A220	uint32_be	0x143328790	0x14332888D	253	0x149A0F0A4
0x14332E3BF	0x14087A220	uint32_be	0x14332E370	0x14332E431	193	0x1497870DC
0x143346374	0x14087B5C0	prefix_uint32	0x143346300	0x143346429	297	0x1499A8504
0x1433464BB	0x14087A220	uint32_be	0x143346429	0x1433465FC	467	0x149A11E80
0x143346683	0x14087B5C0	prefix_uint32	0x143346620	0x143346742	290	0x1499D9550
0x1433466D8	0x14087A220	uint32_be	0x143346620	0x143346742	290	0x1499D9550
0x1433481A8	0x14087B5C0	prefix_uint32	0x14334817A	0x1433482CB	337	0x149A13540
0x14334820D	0x140878610	raw_bytes	0x14334817A	0x1433482CB	337	0x149A13540
0x143348262	0x140878610	raw_bytes	0x14334817A	0x1433482CB	337	0x149A13540
0x143348324	0x14087B5C0	prefix_uint32	0x1433482E0	0x14334854F	623	0x149A135D4
0x143348398	0x140878610	raw_bytes	0x1433482E0	0x14334854F	623	0x149A135D4
0x143348410	0x14087B5C0	prefix_uint32	0x1433482E0	0x14334854F	623	0x149A135D4
0x1433484F3	0x14087A220	uint32_be	0x1433482E0	0x14334854F	623	0x149A135D4
0x14334D169	0x140878610	raw_bytes	0x14334D130	0x14334D287	343	0x149935FA4
0x14334D191	0x14087A220	uint32_be	0x14334D130	0x14334D287	343	0x149935FA4
0x14334D1B9	0x14087A220	uint32_be	0x14334D130	0x14334D287	343	0x149935FA4
0x14334D1E0	0x14087A220	uint32_be	0x14334D130	0x14334D287	343	0x149935FA4
0x14334FCE0	0x14087A220	uint32_be	0x14334FC90	0x14334FD9A	266	0x1497870DC
0x14334FD27	0x140878610	raw_bytes	0x14334FC90	0x14334FD9A	266	0x1497870DC
0x143385619	0x14087A220	uint32_be	0x1433855FD	0x14338569D	160	0x149A19048
0x143387091	0x14087B5C0	prefix_uint32	0x143387069	0x143387150	231	0x149A191F8
0x14338711D	0x14087A220	uint32_be	0x143387069	0x143387150	231	0x149A191F8
0x143387882	0x14087A220	uint32_be	0x143387820	0x143387920	256	0x1497870DC
0x1433878CB	0x140878610	raw_bytes	0x143387820	0x143387920	256	0x1497870DC
0x1433A29EA	0x14087B5C0	prefix_uint32	0x1433A29B0	0x1433A2B6E	446	0x1497FF3AC
0x1433A2AF1	0x14087B5C0	prefix_uint32	0x1433A29B0	0x1433A2B6E	446	0x1497FF3AC
0x1433A2BA7	0x140878610	raw_bytes	0x1433A2B70	0x1433A2BF7	135	0x149A19BA8
0x1433A2BCC	0x14087A220	uint32_be	0x1433A2B70	0x1433A2BF7	135	0x149A19BA8
0x1433A2C67	0x14087A220	uint32_be	0x1433A2C55	0x1433A2D87	306	0x149A19BD0
0x1433A2CE1	0x140878610	raw_bytes	0x1433A2C55	0x1433A2D87	306	0x149A19BD0
0x1433A3058	0x14087A220	uint32_be	0x1433A2F30	0x1433A30C6	406	0x1498C73A8
0x1433A3101	0x14087B5C0	prefix_uint32	0x1433A30D0	0x1433A3139	105	0x1499228A4
0x1433C0FF3	0x140878610	raw_bytes	0x1433C0FD0	0x1433C1023	83	0x14977D6E8
0x1433C60D3	0x14087A270	float32_be	0x1433C6090	0x1433C6114	132	0x1497C46D4
0x1433C64F3	0x14087A220	uint32_be	0x1433C64B0	0x1433C6534	132	0x1497C46D4
0x1433C8EC2	0x14087A270	float32_be	0x1433C8E30	0x1433C8F0D	221	0x149A1DEE8
0x1433C91F2	0x14087A220	uint32_be	0x1433C9160	0x1433C923D	221	0x149A1DEE8
0x1433D4FBD	0x14087B5C0	prefix_uint32	0x1433D4F90	0x1433D5013	131	0x149A1E56C
0x1433F4C15	0x140878610	raw_bytes	0x1433F4B60	0x1433F4C69	265	0x149802770
0x1433F4DD1	0x14087B5C0	prefix_uint32	0x1433F4D60	0x1433F4E30	208	0x149A1C6E0
0x1433F528F	0x140878610	raw_bytes	0x1433F5260	0x1433F5303	163	0x149783940
0x1433F532E	0x140878610	raw_bytes	0x1433F5310	0x1433F535E	78	0x14977D6E8
0x1433F5383	0x140878610	raw_bytes	0x1433F5360	0x1433F53B3	83	0x14977D6E8
0x1433F8BA2	0x140878610	raw_bytes	0x1433F8B40	0x1433F8C23	227	0x1497870DC
0x1433FBF1A	0x140878610	raw_bytes	0x1433FBEC0	0x1433FBFDC	284	0x149A23A9C
0x1433FCD63	0x140878610	raw_bytes	0x1433FCCD0	0x1433FCD94	196	0x14977FF74
0x1434044CD	0x14087A220	uint32_be	0x143404470	0x1434045AA	314	0x1498CBD08
0x143406240	0x140878610	raw_bytes	0x1434061F0	0x1434062C3	211	0x1497870DC
0x1434092FE	0x140878610	raw_bytes	0x143409260	0x143409394	308	0x149A22190
0x143409725	0x140878610	raw_bytes	0x143409680	0x1434097B6	310	0x149869468
0x14340976A	0x140878610	raw_bytes	0x143409680	0x1434097B6	310	0x149869468
0x14340A9DE	0x140878610	raw_bytes	0x14340A8E0	0x14340AAC5	485	0x149A27D54
0x14340AA49	0x140878610	raw_bytes	0x14340A8E0	0x14340AAC5	485	0x149A27D54
0x14340B13C	0x14087B5C0	prefix_uint32	0x14340B0D0	0x14340B205	309	0x149A23D98
0x14340B1C5	0x14087A220	uint32_be	0x14340B0D0	0x14340B205	309	0x149A23D98
0x14340D497	0x14087B5C0	prefix_uint32	0x14340D330	0x14340D566	566	0x149A27D08
0x14340DA3C	0x14087A220	uint32_be	0x14340D9A0	0x14340DABC	284	0x1498CBD08
0x14340E570	0x14087A220	uint32_be	0x14340E520	0x14340E5F1	209	0x1497870DC
0x14340E5C5	0x140878610	raw_bytes	0x14340E520	0x14340E5F1	209	0x1497870DC
0x14340F687	0x14087B5C0	prefix_uint32	0x14340F64E	0x14340F709	187	0x149A243F8
0x14340F72C	0x140878610	raw_bytes	0x14340F709	0x14340F783	122	0x149A24410
0x14341235D	0x14087B5C0	prefix_uint32	0x14341233B	0x143412429	238	0x149A23EAC
0x1434123F9	0x14087A220	uint32_be	0x14341233B	0x143412429	238	0x149A23EAC
0x1434129FD	0x14087A220	uint32_be	0x1434129B0	0x143412A49	153	0x1497870DC
0x143414B10	0x140878610	raw_bytes	0x143414AC0	0x143414B92	210	0x1497870DC
0x143414B46	0x14087A220	uint32_be	0x143414AC0	0x143414B92	210	0x1497870DC
0x1434164B8	0x140878610	raw_bytes	0x143416450	0x14341654F	255	0x14978003C
0x14341816D	0x14087A270	float32_be	0x1434180FE	0x143418243	325	0x149A2841C
0x143418194	0x14087A270	float32_be	0x1434180FE	0x143418243	325	0x149A2841C
0x1434181B8	0x14087A270	float32_be	0x1434180FE	0x143418243	325	0x149A2841C
0x143418207	0x140878610	raw_bytes	0x1434180FE	0x143418243	325	0x149A2841C
0x143418288	0x140878610	raw_bytes	0x143418250	0x1434183A4	340	0x149A2834C
0x1434182FB	0x14087A220	uint32_be	0x143418250	0x1434183A4	340	0x149A2834C
0x1434183E7	0x14087B5C0	prefix_uint32	0x1434183B0	0x143418521	369	0x149A28318
0x143418490	0x140878610	raw_bytes	0x1434183B0	0x143418521	369	0x149A28318
0x14341863D	0x14087B5C0	prefix_uint32	0x14341860B	0x1434186D3	200	0x149A282F0
0x143418786	0x14087A220	uint32_be	0x1434186F0	0x143418852	354	0x149A282CC
0x143426FDF	0x14087B5C0	prefix_uint32	0x143426FB0	0x143427036	134	0x14978BF4C
0x14342711E	0x14087A220	uint32_be	0x1434270E0	0x14342728A	426	0x149A28454
0x14342714F	0x14087A1C0	uint16_be	0x1434270E0	0x14342728A	426	0x149A28454
0x14342718E	0x14087A220	uint32_be	0x1434270E0	0x14342728A	426	0x149A28454
0x1434271C3	0x140878610	raw_bytes	0x1434270E0	0x14342728A	426	0x149A28454
0x143427224	0x140878610	raw_bytes	0x1434270E0	0x14342728A	426	0x149A28454
0x143427318	0x14087B5C0	prefix_uint32	0x143427290	0x143427428	408	0x14977E9A8
0x14342746D	0x14087B5C0	prefix_uint32	0x143427430	0x14342749A	106	0x149A283B8
0x14342766D	0x140878610	raw_bytes	0x1434275F0	0x143427784	404	0x1498F4148
0x1434276DF	0x14087A220	uint32_be	0x1434275F0	0x143427784	404	0x1498F4148
0x143427706	0x14087A220	uint32_be	0x1434275F0	0x143427784	404	0x1498F4148
0x14342780D	0x140878610	raw_bytes	0x143427790	0x143427947	439	0x14977E5B4
0x14342787F	0x14087A220	uint32_be	0x143427790	0x143427947	439	0x14977E5B4
0x1434278AA	0x14087A220	uint32_be	0x143427790	0x143427947	439	0x14977E5B4
0x1434278D1	0x14087A220	uint32_be	0x143427790	0x143427947	439	0x14977E5B4
0x143427984	0x14087A220	uint32_be	0x143427950	0x143427AD6	390	0x1497C56F0
0x1434279AB	0x14087A220	uint32_be	0x143427950	0x143427AD6	390	0x1497C56F0
0x1434279D9	0x140878610	raw_bytes	0x143427950	0x143427AD6	390	0x1497C56F0
0x143427A1A	0x140878610	raw_bytes	0x143427950	0x143427AD6	390	0x1497C56F0
0x143427A48	0x140878610	raw_bytes	0x143427950	0x143427AD6	390	0x1497C56F0
0x143427B14	0x14087A220	uint32_be	0x143427AE0	0x143427C3B	347	0x1497C56F0
0x143427B41	0x140878610	raw_bytes	0x143427AE0	0x143427C3B	347	0x1497C56F0
0x143427B7F	0x140878610	raw_bytes	0x143427AE0	0x143427C3B	347	0x1497C56F0
0x143427BAD	0x140878610	raw_bytes	0x143427AE0	0x143427C3B	347	0x1497C56F0
0x143427C72	0x14087B5C0	prefix_uint32	0x143427C40	0x143427D11	209	0x1497870DC
0x143427D8A	0x140878610	raw_bytes	0x143427D20	0x143427E3B	283	0x14977E768
0x143427E77	0x140878610	raw_bytes	0x143427E40	0x143427F1A	218	0x1498BD2B4
0x143427F5A	0x140878610	raw_bytes	0x143427F20	0x1434280EB	459	0x1497C5298
0x143427FBC	0x14087A220	uint32_be	0x143427F20	0x1434280EB	459	0x1497C5298
0x143427FE7	0x14087A220	uint32_be	0x143427F20	0x1434280EB	459	0x1497C5298
0x14342800E	0x14087A220	uint32_be	0x143427F20	0x1434280EB	459	0x1497C5298
0x143428035	0x14087A220	uint32_be	0x143427F20	0x1434280EB	459	0x1497C5298
0x143428059	0x140878610	raw_bytes	0x143427F20	0x1434280EB	459	0x1497C5298
0x143428084	0x140878610	raw_bytes	0x143427F20	0x1434280EB	459	0x1497C5298
0x14342811B	0x140878610	raw_bytes	0x1434280F0	0x143428191	161	0x14977D3BC
0x1434281CE	0x140878610	raw_bytes	0x1434281A0	0x1434281F4	84	0x149A28150
0x1434284F8	0x14087A270	float32_be	0x1434284D0	0x1434285C2	242	0x149795674
0x143428531	0x14087A270	float32_be	0x1434284D0	0x1434285C2	242	0x149795674
0x14342856A	0x14087A270	float32_be	0x1434284D0	0x1434285C2	242	0x149795674
0x1434289AD	0x140878610	raw_bytes	0x1434287F0	0x143428B03	787	0x149A284A4
0x1434638B7	0x14087A220	uint32_be	0x143463810	0x1434638F6	230	0x149A1ED58
0x1434638DE	0x14087A220	uint32_be	0x143463810	0x1434638F6	230	0x149A1ED58
0x1434639FD	0x14087B5C0	prefix_uint32	0x143463990	0x143463A5A	202	0x1499E7664
0x143463B02	0x140878610	raw_bytes	0x143463A5A	0x143463C9A	576	0x149A20A4C
0x143463D31	0x14087B5C0	prefix_uint32	0x143463CB0	0x143463FC0	784	0x149A20D38
0x143463E31	0x140878610	raw_bytes	0x143463CB0	0x143463FC0	784	0x149A20D38
0x14346403E	0x14087B5C0	prefix_uint32	0x143463FC0	0x143464474	1204	0x149A1EAC4
0x1434644F4	0x14087B5C0	prefix_uint32	0x143464480	0x1434645A9	297	0x149A1EC68
0x1434648E3	0x14087B5C0	prefix_uint32	0x143464880	0x1434649C6	326	0x149A20BB4
0x143464932	0x140878610	raw_bytes	0x143464880	0x1434649C6	326	0x149A20BB4
0x143464A3A	0x14087B5C0	prefix_uint32	0x1434649D0	0x143464B28	344	0x149A20E88
0x143464AA1	0x140878610	raw_bytes	0x1434649D0	0x143464B28	344	0x149A20E88
0x143464B7C	0x14087B5C0	prefix_uint32	0x143464B30	0x143464BCB	155	0x149791D80
0x14346824D	0x14087A270	float32_be	0x143468200	0x143468294	148	0x1497870DC
0x14346953D	0x140878610	raw_bytes	0x1434694F0	0x143469569	121	0x1497870DC
0x14346BB18	0x140878610	raw_bytes	0x14346BAB0	0x14346BB87	215	0x14978CD5C
0x14347036D	0x140878610	raw_bytes	0x1434702E0	0x14347040C	300	0x149A2E6D4
0x143471697	0x14087A220	uint32_be	0x143471610	0x14347173B	299	0x149A2CB3C
0x143475F43	0x140878610	raw_bytes	0x143475EE0	0x14347605A	378	0x149A2D830
0x14347665B	0x14087A220	uint32_be	0x1434765D0	0x1434766C8	248	0x1497870DC
0x143477CB6	0x140878610	raw_bytes	0x143477C50	0x143477CE0	144	0x149A2F484
0x143477D0B	0x14087B5C0	prefix_uint32	0x143477CE0	0x143477DF5	277	0x149A2F494
0x143477DBD	0x140878610	raw_bytes	0x143477CE0	0x143477DF5	277	0x149A2F494
0x143478C52	0x140878610	raw_bytes	0x143478BF0	0x143478CE3	243	0x1497870DC
0x143478C8E	0x140878610	raw_bytes	0x143478BF0	0x143478CE3	243	0x1497870DC
0x143478F48	0x140878610	raw_bytes	0x143478EE0	0x143478FD0	240	0x14978CD5C
0x14347C63A	0x140878610	raw_bytes	0x14347C600	0x14347C757	343	0x149A30D18
0x14347C6B3	0x140878610	raw_bytes	0x14347C600	0x14347C757	343	0x149A30D18
0x14347C7CC	0x14087A1C0	uint16_be	0x14347C760	0x14347C8A7	327	0x149A30C8C
0x14347C807	0x14087A220	uint32_be	0x14347C760	0x14347C8A7	327	0x149A30C8C
0x14347C8E2	0x14087A220	uint32_be	0x14347C8B0	0x14347C9FA	330	0x149A30D48
0x14347C971	0x14087A220	uint32_be	0x14347C8B0	0x14347C9FA	330	0x149A30D48
0x14347CA32	0x14087A220	uint32_be	0x14347CA00	0x14347CB4C	332	0x149A30CEC
0x14347CB8F	0x140878610	raw_bytes	0x14347CB50	0x14347CCD5	389	0x149A30C78
0x14347CBD6	0x140878610	raw_bytes	0x14347CB50	0x14347CCD5	389	0x149A30C78
0x14347CC34	0x14087A1C0	uint16_be	0x14347CB50	0x14347CCD5	389	0x149A30C78
0x14347CD32	0x14087B5C0	prefix_uint32	0x14347CD06	0x14347CDC1	187	0x149A30CC8
0x143488A0F	0x14087B5C0	prefix_uint32	0x1434889E0	0x143488A61	129	0x14978BF4C
0x143488B2F	0x14087B5C0	prefix_uint32	0x143488B00	0x143488B81	129	0x14978BF4C
0x143488C95	0x14087B5C0	prefix_uint32	0x143488C79	0x143488CFA	129	0x149A2FEA4
0x143488E60	0x14087B5C0	prefix_uint32	0x143488E37	0x143488ECC	149	0x149A2FEF0
0x143488FDF	0x14087A1C0	uint16_be	0x143488FB0	0x14348908F	223	0x14978B008
0x14348902D	0x14087A1C0	uint16_be	0x143488FB0	0x14348908F	223	0x14978B008
0x1434890C2	0x14087B5C0	prefix_uint32	0x143489090	0x143489133	163	0x14978B008
0x14348916B	0x14087A270	float32_be	0x143489140	0x1434892C9	393	0x1498A606C
0x1434891A3	0x14087A270	float32_be	0x143489140	0x1434892C9	393	0x1498A606C
0x1434891DB	0x14087A270	float32_be	0x143489140	0x1434892C9	393	0x1498A606C
0x143489213	0x14087A270	float32_be	0x143489140	0x1434892C9	393	0x1498A606C
0x1434C982C	0x140878610	raw_bytes	0x1434C97C0	0x1434C9867	167	0x1497870DC
0x1434C98F5	0x14087B5C0	prefix_uint32	0x1434C9870	0x1434C9E07	1431	0x149A29DC4
0x1434C9B08	0x140878610	raw_bytes	0x1434C9870	0x1434C9E07	1431	0x149A29DC4
0x1434C9E8E	0x14087B5C0	prefix_uint32	0x1434C9E10	0x1434CA10D	765	0x149A29B0C
0x1434CA17F	0x14087B5C0	prefix_uint32	0x1434CA110	0x1434CA1DF	207	0x149A296EC
0x1434CA43C	0x14087B5C0	prefix_uint32	0x1434CA410	0x1434CA45F	79	0x149A29028
0x1434CA4F7	0x140878610	raw_bytes	0x1434CA4E0	0x1434CA537	87	0x149A2904C
0x1434CA5F9	0x14087B5C0	prefix_uint32	0x1434CA590	0x1434CA707	375	0x149A29F2C
0x1434CA685	0x140878610	raw_bytes	0x1434CA590	0x1434CA707	375	0x149A29F2C
0x1434CF3E5	0x140878610	raw_bytes	0x1434CF390	0x1434CF4AB	283	0x1497C5284
0x1434D1282	0x140878610	raw_bytes	0x1434D1230	0x1434D1330	256	0x1497870DC
0x1434DB7C6	0x14087A220	uint32_be	0x1434DB720	0x1434DB8B7	407	0x1497C0C14
0x1434DB7F7	0x140878610	raw_bytes	0x1434DB720	0x1434DB8B7	407	0x1497C0C14
0x1434DB87E	0x14087A220	uint32_be	0x1434DB720	0x1434DB8B7	407	0x1497C0C14
0x1434FCE12	0x14087A270	float32_be	0x1434FCD90	0x1434FCE61	209	0x1498BC8A8
0x1434FCE9F	0x140878610	raw_bytes	0x1434FCE70	0x1434FCF55	229	0x149A343CC
0x1434FD055	0x14087B5C0	prefix_uint32	0x1434FCFD0	0x1434FD542	1394	0x149A338C8
0x1434FD26D	0x140878610	raw_bytes	0x1434FCFD0	0x1434FD542	1394	0x149A338C8
0x1434FD59C	0x14087B5C0	prefix_uint32	0x1434FD550	0x1434FD5EB	155	0x149791D80
0x14350386E	0x14087B5C0	prefix_uint32	0x1435037F0	0x143503966	374	0x149A36410
0x1435038C8	0x14087A220	uint32_be	0x1435037F0	0x143503966	374	0x149A36410
0x1435038EE	0x14087A270	float32_be	0x1435037F0	0x143503966	374	0x149A36410
0x143504841	0x14087A220	uint32_be	0x1435047E0	0x1435048D3	243	0x1497870DC
0x143504F11	0x14087A1C0	uint16_be	0x143504EB0	0x143504FA3	243	0x1497870DC
0x14350F3A0	0x14087B5C0	prefix_uint32	0x14350F370	0x14350F3F0	128	0x149850D88
0x143535D44	0x14087A1C0	uint16_be	0x143535CF0	0x143535E9D	429	0x149A36758
0x143535DB8	0x14087A220	uint32_be	0x143535CF0	0x143535E9D	429	0x149A36758
0x143535F13	0x14087B5C0	prefix_uint32	0x143535EA0	0x143535F74	212	0x149A35D48
0x1435408B3	0x140878610	raw_bytes	0x1435407D0	0x1435408FA	298	0x1497C5284
0x14354175F	0x140878610	raw_bytes	0x143541710	0x1435417C4	180	0x1497870DC
0x143541794	0x14087A220	uint32_be	0x143541710	0x1435417C4	180	0x1497870DC
0x143544D3F	0x140878610	raw_bytes	0x143544CF0	0x143544DA4	180	0x1497870DC
0x143544D74	0x14087A1C0	uint16_be	0x143544CF0	0x143544DA4	180	0x1497870DC
0x1435474AD	0x14087A220	uint32_be	0x143547440	0x1435475B3	371	0x149A3F744
0x143547DD6	0x14087A1C0	uint16_be	0x143547D60	0x143547E2D	205	0x14977E768
0x1435485EC	0x140878610	raw_bytes	0x1435485CF	0x1435486E4	277	0x149A3D5EC
0x14354867F	0x14087A220	uint32_be	0x1435485CF	0x1435486E4	277	0x149A3D5EC
0x14354ADAD	0x14087A1C0	uint16_be	0x14354AD40	0x14354AEB5	373	0x149A3F744
0x14354C14C	0x14087A1C0	uint16_be	0x14354C0E0	0x14354C1FF	287	0x1497C5284
0x14354CE95	0x14087A1C0	uint16_be	0x14354CE20	0x14354CF03	227	0x149A3F8AC
0x14354E344	0x14087A220	uint32_be	0x14354E2B0	0x14354E3E7	311	0x14977EA98
0x14354EED3	0x140878610	raw_bytes	0x14354EE50	0x14354EF46	246	0x1497870DC
0x143554350	0x14087B5C0	prefix_uint32	0x143554310	0x1435544DD	461	0x149A41DE4
0x14355441E	0x14087A1C0	uint16_be	0x143554310	0x1435544DD	461	0x149A41DE4
0x143560E8A	0x14087A220	uint32_be	0x143560DE0	0x143560F7D	413	0x1497C0C14
0x143560EB1	0x14087A270	float32_be	0x143560DE0	0x143560F7D	413	0x1497C0C14
0x143560ED8	0x14087A270	float32_be	0x143560DE0	0x143560F7D	413	0x1497C0C14
0x143560EFC	0x14087A220	uint32_be	0x143560DE0	0x143560F7D	413	0x1497C0C14
0x143560F20	0x140878610	raw_bytes	0x143560DE0	0x143560F7D	413	0x1497C0C14
0x143560FC2	0x14087B5C0	prefix_uint32	0x143560F80	0x1435611DB	603	0x14983C1DC
0x143561083	0x14087A220	uint32_be	0x143560F80	0x1435611DB	603	0x14983C1DC
0x1435610AE	0x14087A270	float32_be	0x143560F80	0x1435611DB	603	0x14983C1DC
0x1435610F0	0x140878610	raw_bytes	0x143560F80	0x1435611DB	603	0x14983C1DC
0x143561127	0x140878610	raw_bytes	0x143560F80	0x1435611DB	603	0x14983C1DC
0x143561196	0x14087A220	uint32_be	0x143560F80	0x1435611DB	603	0x14983C1DC
0x14356121D	0x140878610	raw_bytes	0x1435611E0	0x143561394	436	0x149935FA4
0x1435612EA	0x14087A1C0	uint16_be	0x1435611E0	0x143561394	436	0x149935FA4
0x14356130E	0x140878610	raw_bytes	0x1435611E0	0x143561394	436	0x149935FA4
0x1435613CD	0x14087B5C0	prefix_uint32	0x1435613A0	0x143561541	417	0x1497C499C
0x143561487	0x14087A1C0	uint16_be	0x1435613A0	0x143561541	417	0x1497C499C
0x1435614BC	0x140878610	raw_bytes	0x1435613A0	0x143561541	417	0x1497C499C
0x14356157F	0x14087A220	uint32_be	0x143561550	0x143561614	196	0x149A40DE4
0x14356169C	0x140878610	raw_bytes	0x143561620	0x143561704	228	0x149A40DC4
0x143561743	0x140878610	raw_bytes	0x143561710	0x143561841	305	0x149A40DD4
0x1435618D0	0x14087A1C0	uint16_be	0x143561850	0x1435618F8	168	0x149780384
0x143561932	0x14087B5C0	prefix_uint32	0x143561900	0x1435619A3	163	0x14978B008
0x1435619E2	0x14087B5C0	prefix_uint32	0x1435619B0	0x143561A53	163	0x14978B008
0x143561A8B	0x14087A270	float32_be	0x143561A60	0x143561B9C	316	0x1498A606C
0x143561AC3	0x14087A270	float32_be	0x143561A60	0x143561B9C	316	0x1498A606C
0x143561AFB	0x14087A270	float32_be	0x143561A60	0x143561B9C	316	0x1498A606C
0x143561B33	0x14087A270	float32_be	0x143561A60	0x143561B9C	316	0x1498A606C
0x143561D99	0x140878610	raw_bytes	0x143561BA0	0x143561EC6	806	0x149A41F08
0x1435622B8	0x14087A220	uint32_be	0x143562241	0x1435623B3	370	0x149A41EF8
0x1435622E5	0x140878610	raw_bytes	0x143562241	0x1435623B3	370	0x149A41EF8
0x1435623F0	0x14087B5C0	prefix_uint32	0x1435623C0	0x14356244C	140	0x149A41F3C
0x14359F40D	0x140878610	raw_bytes	0x14359F3E0	0x14359F4EE	270	0x149A40B74
0x14359F615	0x14087B5C0	prefix_uint32	0x14359F590	0x14359F994	1028	0x149A3D9E0
0x14359F9CA	0x14087B5C0	prefix_uint32	0x14359F9A0	0x14359FA2F	143	0x14977D358
0x14359FACC	0x14087B5C0	prefix_uint32	0x14359FA80	0x14359FB1B	155	0x149791D80
0x1435E03AD	0x14087A220	uint32_be	0x1435E0340	0x1435E042E	238	0x14978B008
0x1435E03ED	0x14087A220	uint32_be	0x1435E0340	0x1435E042E	238	0x14978B008
0x1435E049E	0x14087A220	uint32_be	0x1435E0430	0x1435E051F	239	0x14978B008
0x1435E0555	0x14087B5C0	prefix_uint32	0x1435E0520	0x1435E06E7	455	0x1497C6FC4
0x1435E0665	0x14087A220	uint32_be	0x1435E0520	0x1435E06E7	455	0x1497C6FC4
0x1435EBC69	0x140878610	raw_bytes	0x1435EBC30	0x1435EC22C	1532	0x149782EC4
0x1435EBCAB	0x140878610	raw_bytes	0x1435EBC30	0x1435EC22C	1532	0x149782EC4
0x1435EBDA1	0x14087A220	uint32_be	0x1435EBC30	0x1435EC22C	1532	0x149782EC4
0x1435EBDE3	0x14087A270	float32_be	0x1435EBC30	0x1435EC22C	1532	0x149782EC4
0x1435EBE0B	0x140878610	raw_bytes	0x1435EBC30	0x1435EC22C	1532	0x149782EC4
0x1435EBED8	0x14087A270	float32_be	0x1435EBC30	0x1435EC22C	1532	0x149782EC4
0x1435EBF00	0x140878610	raw_bytes	0x1435EBC30	0x1435EC22C	1532	0x149782EC4
0x1435EBF7D	0x140878610	raw_bytes	0x1435EBC30	0x1435EC22C	1532	0x149782EC4
0x1435EBFB6	0x14087A220	uint32_be	0x1435EBC30	0x1435EC22C	1532	0x149782EC4
0x1435EC006	0x14087A220	uint32_be	0x1435EBC30	0x1435EC22C	1532	0x149782EC4
0x1435EC031	0x14087A220	uint32_be	0x1435EBC30	0x1435EC22C	1532	0x149782EC4
0x1435EC05C	0x14087A220	uint32_be	0x1435EBC30	0x1435EC22C	1532	0x149782EC4
0x1435EC084	0x14087A220	uint32_be	0x1435EBC30	0x1435EC22C	1532	0x149782EC4
0x1435EC0B2	0x14087A220	uint32_be	0x1435EBC30	0x1435EC22C	1532	0x149782EC4
0x1435EC0F5	0x14087A220	uint32_be	0x1435EBC30	0x1435EC22C	1532	0x149782EC4
0x1435EC11F	0x14087B5C0	prefix_uint32	0x1435EBC30	0x1435EC22C	1532	0x149782EC4
0x1435EC2F7	0x14087A220	uint32_be	0x1435EC230	0x1435EC366	310	0x1497C0C14
0x1435EC31D	0x140878610	raw_bytes	0x1435EC230	0x1435EC366	310	0x1497C0C14
0x1435EC3EC	0x14087B5C0	prefix_uint32	0x1435EC370	0x1435EC70B	923	0x149A46018
0x1435EC5C4	0x14087A220	uint32_be	0x1435EC370	0x1435EC70B	923	0x149A46018
0x1435EF7EE	0x140878610	raw_bytes	0x1435EF730	0x1435EF843	275	0x1497870DC
0x1435F1FAD	0x14087A220	uint32_be	0x1435F1F50	0x1435F2064	276	0x149A495B0
0x1435F2EED	0x14087A220	uint32_be	0x1435F2E90	0x1435F2FA4	276	0x14978E13C
0x1435FB0E2	0x14087A220	uint32_be	0x1435FB0B0	0x1435FB21E	366	0x149A4ABB0
0x1435FB178	0x140878610	raw_bytes	0x1435FB0B0	0x1435FB21E	366	0x149A4ABB0
0x1435FB252	0x14087A220	uint32_be	0x1435FB220	0x1435FB38E	366	0x149A4ABB0
0x1435FB2E8	0x140878610	raw_bytes	0x1435FB220	0x1435FB38E	366	0x149A4ABB0
0x1435FB3D6	0x14087A220	uint32_be	0x1435FB390	0x1435FB541	433	0x149A4AB64
0x1435FB493	0x140878610	raw_bytes	0x1435FB390	0x1435FB541	433	0x149A4AB64
0x1435FB582	0x14087A220	uint32_be	0x1435FB550	0x1435FB6BE	366	0x149A4ABB0
0x1435FB618	0x140878610	raw_bytes	0x1435FB550	0x1435FB6BE	366	0x149A4ABB0
0x1435FB706	0x14087A220	uint32_be	0x1435FB6C0	0x1435FB871	433	0x149A4AB94
0x1435FB7C3	0x140878610	raw_bytes	0x1435FB6C0	0x1435FB871	433	0x149A4AB94
0x143602A2C	0x14087A1C0	uint16_be	0x143602A00	0x143602ADC	220	0x1497870DC
0x143602A7A	0x14087A1C0	uint16_be	0x143602A00	0x143602ADC	220	0x1497870DC
0x143602B9F	0x140878610	raw_bytes	0x143602AE0	0x143602BF7	279	0x149A40DC4
0x14362AEEA	0x14087A270	float32_be	0x14362AE70	0x14362AFAA	314	0x149A4C818
0x14362AF1F	0x14087A270	float32_be	0x14362AE70	0x14362AFAA	314	0x149A4C818
0x14362AF51	0x14087A270	float32_be	0x14362AE70	0x14362AFAA	314	0x149A4C818
0x14362BA53	0x14087A220	uint32_be	0x14362B9B0	0x14362BB69	441	0x149A4C684
0x14362BA83	0x14087A220	uint32_be	0x14362B9B0	0x14362BB69	441	0x149A4C684
0x14362BAB3	0x14087A270	float32_be	0x14362B9B0	0x14362BB69	441	0x149A4C684
0x14362BAE0	0x14087A270	float32_be	0x14362B9B0	0x14362BB69	441	0x149A4C684
0x14362BB0D	0x14087A220	uint32_be	0x14362B9B0	0x14362BB69	441	0x149A4C684
0x14362F94A	0x14087A220	uint32_be	0x14362F920	0x14362FADB	443	0x149A4CD9C
0x14362F993	0x14087B5C0	prefix_uint32	0x14362F920	0x14362FADB	443	0x149A4CD9C
0x14362FA65	0x14087A270	float32_be	0x14362F920	0x14362FADB	443	0x149A4CD9C
0x14362FA91	0x14087A270	float32_be	0x14362F920	0x14362FADB	443	0x149A4CD9C
0x1436481C6	0x14087B5C0	prefix_uint32	0x143648190	0x1436482B7	295	0x149A4E9F8
0x14364822E	0x14087A220	uint32_be	0x143648190	0x1436482B7	295	0x149A4E9F8
0x14365DE15	0x14087B5C0	prefix_uint32	0x14365DDA0	0x14365E0C2	802	0x1499CF448
0x14365DEF3	0x14087A220	uint32_be	0x14365DDA0	0x14365E0C2	802	0x1499CF448
0x14365E13D	0x14087B5C0	prefix_uint32	0x14365E0D0	0x14365E19A	202	0x149940E60
0x14366C964	0x14087A270	float32_be	0x14366C930	0x14366CBB9	649	0x149A5516C
0x14366C990	0x14087A270	float32_be	0x14366C930	0x14366CBB9	649	0x149A5516C
0x14366C9BD	0x14087A270	float32_be	0x14366C930	0x14366CBB9	649	0x149A5516C
0x14366C9EA	0x14087A270	float32_be	0x14366C930	0x14366CBB9	649	0x149A5516C
0x14366CA17	0x14087A270	float32_be	0x14366C930	0x14366CBB9	649	0x149A5516C
0x14366CA44	0x14087A270	float32_be	0x14366C930	0x14366CBB9	649	0x149A5516C
0x14366CA71	0x14087A270	float32_be	0x14366C930	0x14366CBB9	649	0x149A5516C
0x14366CBF4	0x14087A270	float32_be	0x14366CBC0	0x14366CDDC	540	0x1497C5704
0x14366CC1A	0x14087A270	float32_be	0x14366CBC0	0x14366CDDC	540	0x1497C5704
0x14366CC41	0x14087A270	float32_be	0x14366CBC0	0x14366CDDC	540	0x1497C5704
0x14366CC68	0x14087A220	uint32_be	0x14366CBC0	0x14366CDDC	540	0x1497C5704
0x14366CC93	0x14087A220	uint32_be	0x14366CBC0	0x14366CDDC	540	0x1497C5704
0x14366CCBA	0x14087A220	uint32_be	0x14366CBC0	0x14366CDDC	540	0x1497C5704
0x14366CCE1	0x14087A220	uint32_be	0x14366CBC0	0x14366CDDC	540	0x1497C5704
0x14366CD08	0x14087A220	uint32_be	0x14366CBC0	0x14366CDDC	540	0x1497C5704
0x14366CE1A	0x140878610	raw_bytes	0x14366CDE0	0x14366CF8E	430	0x1497C56F0
0x14366CE4F	0x14087A270	float32_be	0x14366CDE0	0x14366CF8E	430	0x1497C56F0
0x14366CE7C	0x14087A270	float32_be	0x14366CDE0	0x14366CF8E	430	0x1497C56F0
0x14366CEAF	0x140878610	raw_bytes	0x14366CDE0	0x14366CF8E	430	0x1497C56F0
0x14366CEE8	0x14087A220	uint32_be	0x14366CDE0	0x14366CF8E	430	0x1497C56F0
0x14366CF12	0x14087A220	uint32_be	0x14366CDE0	0x14366CF8E	430	0x1497C56F0
0x14366CF42	0x140878610	raw_bytes	0x14366CDE0	0x14366CF8E	430	0x1497C56F0
0x14366CFCA	0x140878610	raw_bytes	0x14366CF90	0x14366D159	457	0x1498F4148
0x14366D006	0x14087A220	uint32_be	0x14366CF90	0x14366D159	457	0x1498F4148
0x14366D02D	0x14087A220	uint32_be	0x14366CF90	0x14366D159	457	0x1498F4148
0x14366D05A	0x140878610	raw_bytes	0x14366CF90	0x14366D159	457	0x1498F4148
0x14366D093	0x14087A270	float32_be	0x14366CF90	0x14366D159	457	0x1498F4148
0x14366D0BA	0x14087A220	uint32_be	0x14366CF90	0x14366D159	457	0x1498F4148
0x14366D0DE	0x14087A220	uint32_be	0x14366CF90	0x14366D159	457	0x1498F4148
0x14366D19A	0x140878610	raw_bytes	0x14366D160	0x14366D2DE	382	0x1497C56F0
0x14366D1D5	0x140878610	raw_bytes	0x14366D160	0x14366D2DE	382	0x1497C56F0
0x14366D292	0x140878610	raw_bytes	0x14366D160	0x14366D2DE	382	0x1497C56F0
0x1436A14AF	0x14087A270	float32_be	0x1436A1450	0x1436A1584	308	0x1499B2D18
0x1436A14FC	0x14087A270	float32_be	0x1436A1450	0x1436A1584	308	0x1499B2D18
0x1436A1549	0x14087A270	float32_be	0x1436A1450	0x1436A1584	308	0x1499B2D18
0x1436A820A	0x14087A220	uint32_be	0x1436A8180	0x1436A82D8	344	0x1497C0C14
0x1436A8294	0x14087A220	uint32_be	0x1436A8180	0x1436A82D8	344	0x1497C0C14
0x1436AA42B	0x14087A220	uint32_be	0x1436AA3C0	0x1436AA46E	174	0x14977E768
0x1436AAC37	0x14087A220	uint32_be	0x1436AABB0	0x1436AAD03	339	0x149A58E2C
0x1436AAC73	0x14087A220	uint32_be	0x1436AABB0	0x1436AAD03	339	0x149A58E2C
0x1436AD8CA	0x14087A220	uint32_be	0x1436AD870	0x1436AD99C	300	0x1498C3F64
0x1436AF125	0x14087A220	uint32_be	0x1436AF0F0	0x1436AF23E	334	0x1499B0FC0
0x1436AF160	0x14087A220	uint32_be	0x1436AF0F0	0x1436AF23E	334	0x1499B0FC0
0x1436AF19B	0x14087A220	uint32_be	0x1436AF0F0	0x1436AF23E	334	0x1499B0FC0
0x1436AF1D6	0x14087A220	uint32_be	0x1436AF0F0	0x1436AF23E	334	0x1499B0FC0
0x1436AF210	0x14087A220	uint32_be	0x1436AF0F0	0x1436AF23E	334	0x1499B0FC0
0x1436AF308	0x14087A220	uint32_be	0x1436AF240	0x1436AF39A	346	0x149A5B11C
0x1436AF47B	0x140878610	raw_bytes	0x1436AF3A0	0x1436AF517	375	0x149A5B1A8
0x1436AF553	0x14087A1C0	uint16_be	0x1436AF520	0x1436AF69E	382	0x149A5B0C4
0x1436AF5CE	0x14087A220	uint32_be	0x1436AF520	0x1436AF69E	382	0x149A5B0C4
0x1436B3D46	0x14087B5C0	prefix_uint32	0x1436B3D10	0x1436B3E7D	365	0x149A5B090
0x1437019C6	0x14087A220	uint32_be	0x1437019B3	0x143701A47	148	0x149A61EF4
0x143701A02	0x14087A220	uint32_be	0x1437019B3	0x143701A47	148	0x149A61EF4
0x143701EF4	0x14087B5C0	prefix_uint32	0x143701EC9	0x143701FC3	250	0x149A62F70
0x143701F8D	0x14087A220	uint32_be	0x143701EC9	0x143701FC3	250	0x149A62F70
0x143707622	0x140878610	raw_bytes	0x1437075C0	0x1437076F4	308	0x1497870DC
0x14370765F	0x14087A220	uint32_be	0x1437075C0	0x1437076F4	308	0x1497870DC
0x14370769F	0x140878610	raw_bytes	0x1437075C0	0x1437076F4	308	0x1497870DC
0x143708F12	0x14087A220	uint32_be	0x143708EC0	0x143708FC3	259	0x1497870DC
0x14370F8F5	0x14087A220	uint32_be	0x14370F8C0	0x14370FA1D	349	0x1499B0FC0
0x14370F930	0x14087A220	uint32_be	0x14370F8C0	0x14370FA1D	349	0x1499B0FC0
0x14370F96B	0x14087A220	uint32_be	0x14370F8C0	0x14370FA1D	349	0x1499B0FC0
0x14370F9A6	0x14087A220	uint32_be	0x14370F8C0	0x14370FA1D	349	0x1499B0FC0
0x14370F9E1	0x14087A220	uint32_be	0x14370F8C0	0x14370FA1D	349	0x1499B0FC0
0x14370FA64	0x14087B5C0	prefix_uint32	0x14370FA20	0x14370FBA9	393	0x149A64920
0x14370FABC	0x14087A220	uint32_be	0x14370FA20	0x14370FBA9	393	0x149A64920
0x1437278CE	0x14087B5C0	prefix_uint32	0x143727890	0x1437279F9	361	0x1497C6C24
0x143727963	0x14087A220	uint32_be	0x143727890	0x1437279F9	361	0x1497C6C24
0x143727A96	0x14087B5C0	prefix_uint32	0x143727A54	0x143727C32	478	0x149A635D0
0x143727B4E	0x140878610	raw_bytes	0x143727A54	0x143727C32	478	0x149A635D0
0x143727B75	0x14087A220	uint32_be	0x143727A54	0x143727C32	478	0x149A635D0
0x143727C9B	0x14087A220	uint32_be	0x143727C60	0x143727DE4	388	0x14977E9A8
0x143727D20	0x140878610	raw_bytes	0x143727C60	0x143727DE4	388	0x14977E9A8
0x143727D7F	0x14087A220	uint32_be	0x143727C60	0x143727DE4	388	0x14977E9A8
0x143727E20	0x14087B5C0	prefix_uint32	0x143727DF0	0x143727F36	326	0x149A63F78
0x143727E8B	0x140878610	raw_bytes	0x143727DF0	0x143727F36	326	0x149A63F78
0x143777D6C	0x14087A220	uint32_be	0x143777D40	0x143777E2E	238	0x1497CE7A0
0x143777D98	0x14087A220	uint32_be	0x143777D40	0x143777E2E	238	0x1497CE7A0
0x143777EAC	0x14087B5C0	prefix_uint32	0x143777E30	0x143778195	869	0x14978B788
0x143777FD5	0x140878610	raw_bytes	0x143777E30	0x143778195	869	0x14978B788
0x143778225	0x14087B5C0	prefix_uint32	0x1437781A0	0x1437785A9	1033	0x149A5E450
0x14377839F	0x140878610	raw_bytes	0x1437781A0	0x1437785A9	1033	0x149A5E450
0x143778408	0x14087A220	uint32_be	0x1437781A0	0x1437785A9	1033	0x149A5E450
0x143778623	0x14087B5C0	prefix_uint32	0x1437785B0	0x143778684	212	0x149A35D48
0x143778745	0x14087A220	uint32_be	0x143778684	0x1437788A8	548	0x149A5EA6C
0x143778959	0x14087B5C0	prefix_uint32	0x1437788D0	0x143778C5B	907	0x149A5ED40
0x143778AEC	0x14087A220	uint32_be	0x1437788D0	0x143778C5B	907	0x149A5ED40
0x143778CDE	0x14087B5C0	prefix_uint32	0x143778C60	0x143779060	1024	0x149A6183C
0x143778E92	0x14087A220	uint32_be	0x143778C60	0x143779060	1024	0x149A6183C
0x143778EBC	0x14087A220	uint32_be	0x143778C60	0x143779060	1024	0x149A6183C
0x1437790CD	0x14087B5C0	prefix_uint32	0x143779060	0x14377912A	202	0x149940E60
0x143779226	0x14087A220	uint32_be	0x14377912A	0x143779312	488	0x149A61A70
0x14377939D	0x14087B5C0	prefix_uint32	0x143779330	0x1437793FA	202	0x149940E60
0x143779789	0x14087B5C0	prefix_uint32	0x143779710	0x143779884	372	0x149A5EE74
0x143779805	0x14087A220	uint32_be	0x143779710	0x143779884	372	0x149A5EE74
0x1437798DC	0x14087B5C0	prefix_uint32	0x143779890	0x14377992B	155	0x149791D80
0x1437799FB	0x14087B5C0	prefix_uint32	0x1437799DF	0x143779AD2	243	0x149A5E6D4
0x1437B9E3B	0x14087A1C0	uint16_be	0x1437B9DD0	0x1437B9F2C	348	0x14977E768
0x1437B9E7B	0x14087A220	uint32_be	0x1437B9DD0	0x1437B9F2C	348	0x14977E768
0x1437B9EC2	0x140878610	raw_bytes	0x1437B9DD0	0x1437B9F2C	348	0x14977E768
0x1437BECAD	0x14087A220	uint32_be	0x1437BEC94	0x1437BED29	149	0x149A6C38C
0x1437BECE9	0x14087A220	uint32_be	0x1437BEC94	0x1437BED29	149	0x149A6C38C
0x1437BED42	0x140878610	raw_bytes	0x1437BED29	0x1437BED8F	102	0x149A6C3A0
0x1437BFDF0	0x14087A220	uint32_be	0x1437BFDA0	0x1437BFE7F	223	0x1497870DC
0x1437BFE33	0x14087A220	uint32_be	0x1437BFDA0	0x1437BFE7F	223	0x1497870DC
0x14382EECE	0x14087B5C0	prefix_uint32	0x14382EE50	0x14382F1AB	859	0x149A693D8
0x14382F22B	0x14087B5C0	prefix_uint32	0x14382F1B0	0x14382F32A	378	0x149A69420
0x14385A920	0x14087B5C0	prefix_uint32	0x14385A8B0	0x14385A97B	203	0x149A7032C
0x14385AA03	0x14087A220	uint32_be	0x14385A97B	0x14385AB4A	463	0x149A7033C
0x14385ABB9	0x14087B5C0	prefix_uint32	0x14385AB60	0x14385AC5C	252	0x149A70410
0x14385ABF3	0x14087A220	uint32_be	0x14385AB60	0x14385AC5C	252	0x149A70410
0x14388086C	0x14087A220	uint32_be	0x143880800	0x1438808C1	193	0x14977E768
0x143881FBF	0x14087B5C0	prefix_uint32	0x143881F50	0x143882088	312	0x149A77EF4
0x14388200D	0x14087A220	uint32_be	0x143881F50	0x143882088	312	0x149A77EF4
0x1438839B0	0x14087A220	uint32_be	0x1438838F0	0x143883A62	370	0x149A775AC
0x143888BC2	0x14087B5C0	prefix_uint32	0x143888B70	0x143888D79	521	0x149A78ED0
0x143888C17	0x14087A220	uint32_be	0x143888B70	0x143888D79	521	0x149A78ED0
0x143888C3F	0x14087A220	uint32_be	0x143888B70	0x143888D79	521	0x149A78ED0
0x143888DBB	0x14087B5C0	prefix_uint32	0x143888D80	0x143888EEF	367	0x149A78EA4
0x143888E7E	0x14087A220	uint32_be	0x143888D80	0x143888EEF	367	0x149A78EA4
0x143888F34	0x14087B5C0	prefix_uint32	0x143888EF0	0x1438890B6	454	0x149A78F78
0x143888FE3	0x14087A220	uint32_be	0x143888EF0	0x1438890B6	454	0x149A78F78
0x143889006	0x14087A220	uint32_be	0x143888EF0	0x1438890B6	454	0x149A78F78
0x1438890EE	0x14087A220	uint32_be	0x1438890C0	0x1438891FA	314	0x149896630
0x143889135	0x14087A220	uint32_be	0x1438890C0	0x1438891FA	314	0x149896630
0x1438891C6	0x14087A220	uint32_be	0x1438890C0	0x1438891FA	314	0x149896630
0x1438892DB	0x140878610	raw_bytes	0x143889200	0x143889377	375	0x149A79068
0x1438BA999	0x140878610	raw_bytes	0x1438BA97C	0x1438BA9EE	114	0x149A7C918
0x1438BEE6D	0x14087A220	uint32_be	0x1438BEDA0	0x1438BEE9D	253	0x14977E768
0x1438BF46E	0x14087A270	float32_be	0x1438BF420	0x1438BF4D7	183	0x1497870DC
0x1438BF4A7	0x14087A220	uint32_be	0x1438BF420	0x1438BF4D7	183	0x1497870DC
0x1438C117E	0x140878610	raw_bytes	0x1438C1090	0x1438C11DE	334	0x149A7D238
0x1438C4DEE	0x14087A220	uint32_be	0x1438C4DC0	0x1438C4F06	326	0x149A7F138
0x1438C4E43	0x14087A220	uint32_be	0x1438C4DC0	0x1438C4F06	326	0x149A7F138
0x1438CE8A0	0x14087B5C0	prefix_uint32	0x1438CE860	0x1438CEA2B	459	0x149A7F390
0x1438CE93C	0x14087A220	uint32_be	0x1438CE860	0x1438CEA2B	459	0x149A7F390
0x1439024F0	0x14087B5C0	prefix_uint32	0x143902470	0x143902807	919	0x149A79EA8
0x143902622	0x14087A220	uint32_be	0x143902470	0x143902807	919	0x149A79EA8
0x14390892E	0x14087A1C0	uint16_be	0x143908840	0x1439089F8	440	0x1498BD66C
0x14390896C	0x14087A270	float32_be	0x143908840	0x1439089F8	440	0x1498BD66C
0x14390D49B	0x14087A220	uint32_be	0x14390D460	0x14390D5FF	415	0x14977E9A8
0x14390D54C	0x14087A220	uint32_be	0x14390D460	0x14390D5FF	415	0x14977E9A8
0x14390D573	0x14087A220	uint32_be	0x14390D460	0x14390D5FF	415	0x14977E9A8
0x14390D5A0	0x140878610	raw_bytes	0x14390D460	0x14390D5FF	415	0x14977E9A8
0x14390D62F	0x14087B5C0	prefix_uint32	0x14390D600	0x14390D689	137	0x149A17224
0x1439233D0	0x14087A270	float32_be	0x1439233A0	0x1439234C9	297	0x149782EC4
0x1439233FD	0x14087A270	float32_be	0x1439233A0	0x1439234C9	297	0x149782EC4
0x14392342A	0x14087A270	float32_be	0x1439233A0	0x1439234C9	297	0x149782EC4
0x143923454	0x14087A270	float32_be	0x1439233A0	0x1439234C9	297	0x149782EC4
0x14392347E	0x14087A270	float32_be	0x1439233A0	0x1439234C9	297	0x149782EC4
0x143923505	0x140878610	raw_bytes	0x1439234D0	0x14392358B	187	0x14977E768
0x14392992D	0x14087A220	uint32_be	0x1439298D0	0x143929A18	328	0x149A8453C
0x1439299D2	0x14087A270	float32_be	0x1439298D0	0x143929A18	328	0x149A8453C
0x14392A28D	0x14087A270	float32_be	0x14392A240	0x14392A2D4	148	0x1497870DC
0x14392A6A7	0x14087A270	float32_be	0x14392A5F0	0x14392A70A	282	0x1497C5284
0x14392A6DF	0x14087A220	uint32_be	0x14392A5F0	0x14392A70A	282	0x1497C5284
0x14396BBB4	0x14087B5C0	prefix_uint32	0x14396BB40	0x14396BC69	297	0x1499A8504
0x14398AB5C	0x14087B5C0	prefix_uint32	0x14398AAF0	0x14398ABF3	259	0x1498BCAF8
0x14398ABAF	0x14087A270	float32_be	0x14398AAF0	0x14398ABF3	259	0x1498BCAF8
0x1439903ED	0x14087B5C0	prefix_uint32	0x1439903A0	0x14399054A	426	0x149A8AC70
0x1439904B0	0x14087A270	float32_be	0x1439903A0	0x14399054A	426	0x149A8AC70
0x143990578	0x14087B5C0	prefix_uint32	0x143990550	0x1439905BC	108	0x149A7A670
0x1439A3B74	0x140878610	raw_bytes	0x1439A3B40	0x1439A3BC7	135	0x149A88B78
0x1439A3BFC	0x14087A270	float32_be	0x1439A3BC7	0x1439A3C2A	99	0x149A88B88
0x1439A3C64	0x14087B5C0	prefix_uint32	0x1439A3C2A	0x1439A3D21	247	0x149A88BA0
0x1439A3D7E	0x14087B5C0	prefix_uint32	0x1439A3D4C	0x1439A3EEB	415	0x149A88A94
0x1439A3EB3	0x14087A270	float32_be	0x1439A3D4C	0x1439A3EEB	415	0x149A88A94
0x1439AA765	0x140878610	raw_bytes	0x1439AA6FD	0x1439AA7BE	193	0x149A8C144
0x1439AB585	0x14087A220	uint32_be	0x1439AB4F0	0x1439AB5F4	260	0x149A8D1EC
0x1439BABB1	0x14087B5C0	prefix_uint32	0x1439BAB80	0x1439BABF9	121	0x14986AE68
0x1439E20AC	0x14087A1C0	uint16_be	0x1439E2080	0x1439E2177	247	0x1497870DC
0x1439E21FC	0x14087B5C0	prefix_uint32	0x1439E2180	0x1439E25C3	1091	0x149A8C954
0x1439E2381	0x14087A1C0	uint16_be	0x1439E2180	0x1439E25C3	1091	0x149A8C954
0x1439E8B3B	0x14087A220	uint32_be	0x1439E8AC0	0x1439E8BA8	232	0x149A07B40
0x1439EAF9D	0x140878610	raw_bytes	0x1439EAEF0	0x1439EAFF2	258	0x14977E768
0x1439EF096	0x14087B5C0	prefix_uint32	0x1439EF06C	0x1439EF166	250	0x149A95C3C
0x1439EF123	0x140878610	raw_bytes	0x1439EF06C	0x1439EF166	250	0x149A95C3C
0x1439F0593	0x14087A220	uint32_be	0x1439F057C	0x1439F05DD	97	0x149A95D2C
0x1439F1244	0x14087A220	uint32_be	0x1439F11D0	0x1439F1378	424	0x149A98EA0
0x1439F15FB	0x14087B5C0	prefix_uint32	0x1439F1590	0x1439F171D	397	0x149A96E2C
0x1439F58E8	0x14087A220	uint32_be	0x1439F58B0	0x1439F592D	125	0x1499B2CC8
0x1439F5955	0x14087B5C0	prefix_uint32	0x1439F592D	0x1439F5A14	231	0x149A9A334
0x1439F59D3	0x14087A220	uint32_be	0x1439F592D	0x1439F5A14	231	0x149A9A334
0x1439F5A64	0x14087A1C0	uint16_be	0x1439F5A30	0x1439F5AA2	114	0x14977D358
0x143A06498	0x140878610	raw_bytes	0x143A06462	0x143A06517	181	0x149A9A3BC
0x143A06595	0x140878610	raw_bytes	0x143A06517	0x143A065ED	214	0x149A9A3D8
0x143A0666A	0x14087B5C0	prefix_uint32	0x143A06646	0x143A06794	334	0x149A98494
0x143A06817	0x14087B5C0	prefix_uint32	0x143A067B0	0x143A06936	390	0x1497C6FC4
0x143A069CC	0x14087A220	uint32_be	0x143A06940	0x143A06B07	455	0x1498C3F4C
0x143A069F6	0x14087B5C0	prefix_uint32	0x143A06940	0x143A06B07	455	0x1498C3F4C
0x143A06A56	0x140878610	raw_bytes	0x143A06940	0x143A06B07	455	0x1498C3F4C
0x143A06A91	0x140878610	raw_bytes	0x143A06940	0x143A06B07	455	0x1498C3F4C
0x143A06B3D	0x14087B5C0	prefix_uint32	0x143A06B10	0x143A06C44	308	0x149935A80
0x143A06C7D	0x14087A220	uint32_be	0x143A06C50	0x143A06D4E	254	0x149A98430
0x143A06DC7	0x140878610	raw_bytes	0x143A06D50	0x143A06E0B	187	0x149780384
0x143A06EF8	0x140878610	raw_bytes	0x143A06E10	0x143A06FE8	472	0x1498C7478
0x143A07025	0x14087B5C0	prefix_uint32	0x143A06FF0	0x143A07190	416	0x149834978
0x143A071BE	0x14087B5C0	prefix_uint32	0x143A07190	0x143A07220	144	0x149A9A228
0x143A67CAC	0x14087B5C0	prefix_uint32	0x143A67C30	0x143A67FF3	963	0x149A94E70
0x143A68082	0x14087B5C0	prefix_uint32	0x143A68000	0x143A6833B	827	0x149A94024
0x143A683BB	0x14087B5C0	prefix_uint32	0x143A68340	0x143A685EE	686	0x1499CF448
0x143A6866C	0x14087B5C0	prefix_uint32	0x143A685F0	0x143A688E7	759	0x149A94F98
0x143A6896E	0x14087B5C0	prefix_uint32	0x143A688F0	0x143A68C55	869	0x149A9523C
0x143A68D05	0x14087B5C0	prefix_uint32	0x143A68CB0	0x143A68DE6	310	0x149A94F98
0x143AB801F	0x14087A220	uint32_be	0x143AB7FB0	0x143AB8068	184	0x149AA005C
0x143AB8259	0x14087A220	uint32_be	0x143AB81F0	0x143AB82F0	256	0x149A9FF20
0x143AB8288	0x14087A1C0	uint16_be	0x143AB81F0	0x143AB82F0	256	0x149A9FF20
0x143AB9055	0x14087A220	uint32_be	0x143AB8FF0	0x143AB90A1	177	0x149A9FF74
0x143AB9355	0x14087A220	uint32_be	0x143AB92E0	0x143AB93D6	246	0x149A9FFBC
0x143AB9385	0x140878610	raw_bytes	0x143AB92E0	0x143AB93D6	246	0x149A9FFBC
0x143AC5214	0x14087A220	uint32_be	0x143AC5180	0x143AC5297	279	0x149AA1DAC
0x143AC9A45	0x14087A220	uint32_be	0x143AC9990	0x143AC9B57	455	0x1497C5C8C
0x143AC9A72	0x14087A220	uint32_be	0x143AC9990	0x143AC9B57	455	0x1497C5C8C
0x143AC9AA5	0x140878610	raw_bytes	0x143AC9990	0x143AC9B57	455	0x1497C5C8C
0x143AC9ADC	0x140878610	raw_bytes	0x143AC9990	0x143AC9B57	455	0x1497C5C8C
0x143AC9C08	0x14087B5C0	prefix_uint32	0x143AC9BEC	0x143AC9D1A	302	0x149AA2038
0x143AC9CD5	0x14087A220	uint32_be	0x143AC9BEC	0x143AC9D1A	302	0x149AA2038
0x143AC9D72	0x14087B5C0	prefix_uint32	0x143AC9D30	0x143AC9F54	548	0x149AA201C
0x143AC9E51	0x140878610	raw_bytes	0x143AC9D30	0x143AC9F54	548	0x149AA201C
0x143AC9FA0	0x14087A220	uint32_be	0x143AC9F60	0x143ACA18A	554	0x1498CC25C
0x143ACA015	0x14087A220	uint32_be	0x143AC9F60	0x143ACA18A	554	0x1498CC25C
0x143ACA037	0x14087A220	uint32_be	0x143AC9F60	0x143ACA18A	554	0x1498CC25C
0x143ACA068	0x140878610	raw_bytes	0x143AC9F60	0x143ACA18A	554	0x1498CC25C
0x143ACA1CA	0x140878610	raw_bytes	0x143ACA190	0x143ACA334	420	0x14977E5B4
0x143ACA224	0x14087A1C0	uint16_be	0x143ACA190	0x143ACA334	420	0x14977E5B4
0x143ACA257	0x140878610	raw_bytes	0x143ACA190	0x143ACA334	420	0x14977E5B4
0x143ACA28E	0x140878610	raw_bytes	0x143ACA190	0x143ACA334	420	0x14977E5B4
0x143ACA2D3	0x14087A270	float32_be	0x143ACA190	0x143ACA334	420	0x14977E5B4
0x143ACA37A	0x140878610	raw_bytes	0x143ACA340	0x143ACA499	345	0x1497C5298
0x143ACA3BB	0x140878610	raw_bytes	0x143ACA340	0x143ACA499	345	0x1497C5298
0x143ACA3E9	0x14087A220	uint32_be	0x143ACA340	0x143ACA499	345	0x1497C5298
0x143ACA44D	0x140878610	raw_bytes	0x143ACA340	0x143ACA499	345	0x1497C5298
0x143ACA4DF	0x140878610	raw_bytes	0x143ACA4A0	0x143ACA663	451	0x14977E738
0x143ACA51A	0x140878610	raw_bytes	0x143ACA4A0	0x143ACA663	451	0x14977E738
0x143ACA54E	0x140878610	raw_bytes	0x143ACA4A0	0x143ACA663	451	0x14977E738
0x143ACA585	0x140878610	raw_bytes	0x143ACA4A0	0x143ACA663	451	0x14977E738
0x143ACA758	0x140878610	raw_bytes	0x143ACA670	0x143ACA848	472	0x1498C7478
0x143ADDA37	0x14087B5C0	prefix_uint32	0x143ADD9D0	0x143ADDB4D	381	0x1497870DC
0x143ADDAE0	0x140878610	raw_bytes	0x143ADD9D0	0x143ADDB4D	381	0x1497870DC
0x143ADDBCE	0x14087A220	uint32_be	0x143ADDB50	0x143ADDC52	258	0x1497C0C14
0x143ADDBF2	0x14087A220	uint32_be	0x143ADDB50	0x143ADDC52	258	0x1497C0C14
0x143ADDD1F	0x14087A220	uint32_be	0x143ADDCA0	0x143ADDDA8	264	0x1497870DC
0x143ADFBC8	0x14087A220	uint32_be	0x143ADFB60	0x143ADFC3E	222	0x149AA2708
0x143ADFBF5	0x14087A220	uint32_be	0x143ADFB60	0x143ADFC3E	222	0x149AA2708
0x143ADFE08	0x14087A220	uint32_be	0x143ADFDA0	0x143ADFE51	177	0x149AA2708
0x143AE0038	0x14087A220	uint32_be	0x143ADFFD0	0x143AE0081	177	0x149AA2708
0x143AE98B8	0x14087A220	uint32_be	0x143AE9850	0x143AE98F1	161	0x1497870DC
0x143AE9DE8	0x14087A220	uint32_be	0x143AE9D80	0x143AE9E31	177	0x149AA2708
0x143AEA53B	0x140878610	raw_bytes	0x143AEA4A0	0x143AEA5E5	325	0x14995D04C
0x143AEA574	0x14087A220	uint32_be	0x143AEA4A0	0x143AEA5E5	325	0x14995D04C
0x143AEA59E	0x14087A220	uint32_be	0x143AEA4A0	0x143AEA5E5	325	0x14995D04C
0x143AEA8C1	0x140878610	raw_bytes	0x143AEA810	0x143AEAA53	579	0x149AA39FC
0x143AEA933	0x140878610	raw_bytes	0x143AEA810	0x143AEAA53	579	0x149AA39FC
0x143AEAD18	0x14087A220	uint32_be	0x143AEACB0	0x143AEAD61	177	0x149AA2708
0x143AEC104	0x14087A220	uint32_be	0x143AEC070	0x143AEC1E9	377	0x14995D04C
0x143AEC131	0x140878610	raw_bytes	0x143AEC070	0x143AEC1E9	377	0x14995D04C
0x143AEC195	0x14087A220	uint32_be	0x143AEC070	0x143AEC1E9	377	0x14995D04C
0x143AEEE4F	0x14087A270	float32_be	0x143AEEE20	0x143AEEFBC	412	0x1497C0C14
0x143AEEE7B	0x14087A270	float32_be	0x143AEEE20	0x143AEEFBC	412	0x1497C0C14
0x143AEEEAE	0x140878610	raw_bytes	0x143AEEE20	0x143AEEFBC	412	0x1497C0C14
0x143AEEEE7	0x14087A220	uint32_be	0x143AEEE20	0x143AEEFBC	412	0x1497C0C14
0x143AEEF14	0x14087A220	uint32_be	0x143AEEE20	0x143AEEFBC	412	0x1497C0C14
0x143AEEF44	0x140878610	raw_bytes	0x143AEEE20	0x143AEEFBC	412	0x1497C0C14
0x143AEEF89	0x14087A270	float32_be	0x143AEEE20	0x143AEEFBC	412	0x1497C0C14
0x143AEF002	0x14087B5C0	prefix_uint32	0x143AEEFC0	0x143AEF181	449	0x14983C1DC
0x143AEF0C3	0x14087A220	uint32_be	0x143AEEFC0	0x143AEF181	449	0x14983C1DC
0x143AEF0EE	0x14087A220	uint32_be	0x143AEEFC0	0x143AEF181	449	0x14983C1DC
0x143AEF12A	0x140878610	raw_bytes	0x143AEEFC0	0x143AEF181	449	0x14983C1DC
0x143AEF1CA	0x140878610	raw_bytes	0x143AEF190	0x143AEF353	451	0x1498F4148
0x143AEF20B	0x140878610	raw_bytes	0x143AEF190	0x143AEF353	451	0x1498F4148
0x143AEF239	0x14087A220	uint32_be	0x143AEF190	0x143AEF353	451	0x1498F4148
0x143AEF264	0x14087A220	uint32_be	0x143AEF190	0x143AEF353	451	0x1498F4148
0x143AEF28F	0x14087A220	uint32_be	0x143AEF190	0x143AEF353	451	0x1498F4148
0x143AEF2C0	0x140878610	raw_bytes	0x143AEF190	0x143AEF353	451	0x1498F4148
0x143AFA59A	0x140878610	raw_bytes	0x143AFA4B0	0x143AFA5F6	326	0x149AA4CE4
0x143AFA81F	0x140878610	raw_bytes	0x143AFA780	0x143AFA883	259	0x149AA1DF0
0x143AFAD3F	0x14087A220	uint32_be	0x143AFAC90	0x143AFAF1F	655	0x149AA4D38
0x143AFAD83	0x14087A220	uint32_be	0x143AFAC90	0x143AFAF1F	655	0x149AA4D38
0x143AFADCE	0x140878610	raw_bytes	0x143AFAC90	0x143AFAF1F	655	0x149AA4D38
0x143AFB578	0x14087A220	uint32_be	0x143AFB510	0x143AFB5E6	214	0x149AA2708
0x143AFB90E	0x14087A220	uint32_be	0x143AFB8A0	0x143AFBA01	353	0x14995D04C
0x143AFB93B	0x140878610	raw_bytes	0x143AFB8A0	0x143AFBA01	353	0x14995D04C
0x143AFB97A	0x14087A220	uint32_be	0x143AFB8A0	0x143AFBA01	353	0x14995D04C
0x143AFB9A7	0x140878610	raw_bytes	0x143AFB8A0	0x143AFBA01	353	0x14995D04C
0x143AFF4AA	0x14087A220	uint32_be	0x143AFF480	0x143AFF67B	507	0x149AA4DD8
0x143AFF527	0x14087A220	uint32_be	0x143AFF480	0x143AFF67B	507	0x149AA4DD8
0x143AFF55A	0x14087B5C0	prefix_uint32	0x143AFF480	0x143AFF67B	507	0x149AA4DD8
0x143AFF606	0x140878610	raw_bytes	0x143AFF480	0x143AFF67B	507	0x149AA4DD8
0x143AFF6BE	0x14087A220	uint32_be	0x143AFF680	0x143AFF842	450	0x14978231C
0x143AFF6EB	0x140878610	raw_bytes	0x143AFF680	0x143AFF842	450	0x14978231C
0x143AFF71F	0x140878610	raw_bytes	0x143AFF680	0x143AFF842	450	0x14978231C
0x143AFF75E	0x14087A220	uint32_be	0x143AFF680	0x143AFF842	450	0x14978231C
0x143AFF7A4	0x14087A220	uint32_be	0x143AFF680	0x143AFF842	450	0x14978231C
0x143AFF88A	0x140878610	raw_bytes	0x143AFF850	0x143AFF9ED	413	0x1497C5298
0x143AFF8BF	0x14087A1C0	uint16_be	0x143AFF850	0x143AFF9ED	413	0x1497C5298
0x143AFF8F2	0x140878610	raw_bytes	0x143AFF850	0x143AFF9ED	413	0x1497C5298
0x143AFF923	0x14087A220	uint32_be	0x143AFF850	0x143AFF9ED	413	0x1497C5298
0x143AFF956	0x140878610	raw_bytes	0x143AFF850	0x143AFF9ED	413	0x1497C5298
0x143AFF99B	0x14087A220	uint32_be	0x143AFF850	0x143AFF9ED	413	0x1497C5298
0x143AFFA2A	0x140878610	raw_bytes	0x143AFF9F0	0x143AFFB75	389	0x1497C56F0
0x143AFFA65	0x140878610	raw_bytes	0x143AFF9F0	0x143AFFB75	389	0x1497C56F0
0x143AFFAA1	0x140878610	raw_bytes	0x143AFF9F0	0x143AFFB75	389	0x1497C56F0
0x143AFFAD2	0x14087A1C0	uint16_be	0x143AFF9F0	0x143AFFB75	389	0x1497C56F0
0x143AFFB02	0x140878610	raw_bytes	0x143AFF9F0	0x143AFFB75	389	0x1497C56F0
0x143AFFB49	0x140878610	raw_bytes	0x143AFF9F0	0x143AFFB75	389	0x1497C56F0
0x143AFFBB0	0x14087B5C0	prefix_uint32	0x143AFFB80	0x143AFFBD7	87	0x149AA4DF8
0x143AFFC9F	0x140878610	raw_bytes	0x143AFFC03	0x143AFFCFA	247	0x149AA4E18
0x143B0D04E	0x140878610	raw_bytes	0x143B0CFE0	0x143B0D0F4	276	0x1497870DC
0x143B0DBEF	0x14087A220	uint32_be	0x143B0DB80	0x143B0DC38	184	0x149AA005C
0x143B0DFED	0x140878610	raw_bytes	0x143B0DF70	0x143B0E0A0	304	0x149AA1DF0
0x143B0E03C	0x140878610	raw_bytes	0x143B0DF70	0x143B0E0A0	304	0x149AA1DF0
0x143B0EE38	0x14087A220	uint32_be	0x143B0EDD0	0x143B0EE81	177	0x149AA2708
0x143B11672	0x14087A220	uint32_be	0x143B11640	0x143B11851	529	0x149AA5B24
0x143B11703	0x14087B5C0	prefix_uint32	0x143B11640	0x143B11851	529	0x149AA5B24
0x143B117A6	0x140878610	raw_bytes	0x143B11640	0x143B11851	529	0x149AA5B24
0x143B117E3	0x140878610	raw_bytes	0x143B11640	0x143B11851	529	0x149AA5B24
0x143B1AD14	0x14087A220	uint32_be	0x143B1AC80	0x143B1AD5D	221	0x149AA5AAC
0x143B1B4F8	0x14087A220	uint32_be	0x143B1B490	0x143B1B56E	222	0x149AA2708
0x143B1B525	0x14087A220	uint32_be	0x143B1B490	0x143B1B56E	222	0x149AA2708
0x143B1B998	0x14087A220	uint32_be	0x143B1B930	0x143B1B9E1	177	0x149AA2708
0x143B1C1B1	0x140878610	raw_bytes	0x143B1C110	0x143B1C205	245	0x149AA2708
0x143B26B28	0x14087A220	uint32_be	0x143B26AC0	0x143B26B9E	222	0x149AA2708
0x143B26B55	0x14087A220	uint32_be	0x143B26AC0	0x143B26B9E	222	0x149AA2708
0x143B27086	0x14087B5C0	prefix_uint32	0x143B27000	0x143B271A7	423	0x149AA71A0
0x143B27E86	0x140878610	raw_bytes	0x143B27DE0	0x143B27EE1	257	0x149AA2708
0x143B2818C	0x14087A220	uint32_be	0x143B28120	0x143B2822C	268	0x149AA2708
0x143B281BF	0x140878610	raw_bytes	0x143B28120	0x143B2822C	268	0x149AA2708
0x143B468A5	0x140878610	raw_bytes	0x143B46870	0x143B469E2	370	0x1497C0C14
0x143B468F4	0x14087A1C0	uint16_be	0x143B46870	0x143B469E2	370	0x1497C0C14
0x143B4693D	0x14087A1C0	uint16_be	0x143B46870	0x143B469E2	370	0x1497C0C14
0x143B4AACC	0x14087B5C0	prefix_uint32	0x143B4AA70	0x143B4AB79	265	0x1498BC120
0x143B4B959	0x14087A220	uint32_be	0x143B4B8D0	0x143B4BA23	339	0x1497C5C8C
0x143B4B98D	0x14087A220	uint32_be	0x143B4B8D0	0x143B4BA23	339	0x1497C5C8C
0x143B4B9C1	0x14087A270	float32_be	0x143B4B8D0	0x143B4BA23	339	0x1497C5C8C
0x143B4E253	0x140878610	raw_bytes	0x143B4E1AA	0x143B4E2AF	261	0x149AA91C4
0x143B51A1C	0x14087B5C0	prefix_uint32	0x143B519E0	0x143B51B4C	364	0x149AAAFB8
0x143B51A75	0x140878610	raw_bytes	0x143B519E0	0x143B51B4C	364	0x149AAAFB8
0x143B51AAD	0x140878610	raw_bytes	0x143B519E0	0x143B51B4C	364	0x149AAAFB8
0x143B57F32	0x14087B5C0	prefix_uint32	0x143B57F00	0x143B57FA3	163	0x14978B008
0x143B5814D	0x14087A270	float32_be	0x143B57FB0	0x143B58234	644	0x1498A98C8
0x143B5816F	0x14087A270	float32_be	0x143B57FB0	0x143B58234	644	0x1498A98C8
0x143B58193	0x140878610	raw_bytes	0x143B57FB0	0x143B58234	644	0x1498A98C8
0x143B761F8	0x140878610	raw_bytes	0x143B76120	0x143B7624D	301	0x1497870DC
0x143B79501	0x140878610	raw_bytes	0x143B79460	0x143B79556	246	0x1497870DC
0x143B7CFC0	0x14087B5C0	prefix_uint32	0x143B7CF90	0x143B7CFEB	91	0x149AAE5E0
0x143B7D130	0x14087B5C0	prefix_uint32	0x143B7D0F0	0x143B7D2C8	472	0x149AAE5B0
0x143B8855C	0x14087B5C0	prefix_uint32	0x143B88530	0x143B885A8	120	0x149AAE7BC
0x143BC36C2	0x14087B5C0	prefix_uint32	0x143BC3660	0x143BC36EE	142	0x149AAFE30
0x143BC385A	0x14087A220	uint32_be	0x143BC3840	0x143BC38FE	190	0x149AAFE7C
0x143BC3895	0x140878610	raw_bytes	0x143BC3840	0x143BC38FE	190	0x149AAFE7C
0x143BD598A	0x14087A1C0	uint16_be	0x143BD5880	0x143BD5A83	515	0x1498AA614
0x143BD59FA	0x14087A270	float32_be	0x143BD5880	0x143BD5A83	515	0x1498AA614
0x143BD5A32	0x14087A270	float32_be	0x143BD5880	0x143BD5A83	515	0x1498AA614
0x143C03804	0x14087B5C0	prefix_uint32	0x143C037C0	0x143C0399C	476	0x14983B8F8
0x143C038EA	0x140878610	raw_bytes	0x143C037C0	0x143C0399C	476	0x14983B8F8
0x143C0393B	0x14087A270	float32_be	0x143C037C0	0x143C0399C	476	0x14983B8F8
0x143C039DD	0x14087B5C0	prefix_uint32	0x143C039A0	0x143C03C2B	651	0x149970AB8
0x143C03AC4	0x14087A220	uint32_be	0x143C039A0	0x143C03C2B	651	0x149970AB8
0x143C03AE6	0x14087A220	uint32_be	0x143C039A0	0x143C03C2B	651	0x149970AB8
0x143C03B3F	0x14087A220	uint32_be	0x143C039A0	0x143C03C2B	651	0x149970AB8
0x143C03BA2	0x140878610	raw_bytes	0x143C039A0	0x143C03C2B	651	0x149970AB8
0x143C191C0	0x14087B5C0	prefix_uint32	0x143C19190	0x143C1939D	525	0x149AB60A0
0x143C1926F	0x14087B5C0	prefix_uint32	0x143C19190	0x143C1939D	525	0x149AB60A0
0x143C1F50E	0x14087A270	float32_be	0x143C1F4C0	0x143C1F577	183	0x1497870DC
0x143C1F547	0x14087A270	float32_be	0x143C1F4C0	0x143C1F577	183	0x1497870DC
0x143C1FDC3	0x14087A220	uint32_be	0x143C1FD70	0x143C1FE80	272	0x149AB6B6C
0x143C207E1	0x14087A220	uint32_be	0x143C20790	0x143C20883	243	0x1497870DC
0x143C2081A	0x14087A220	uint32_be	0x143C20790	0x143C20883	243	0x1497870DC
0x143C20853	0x14087A220	uint32_be	0x143C20790	0x143C20883	243	0x1497870DC
0x143C3475C	0x14087A220	uint32_be	0x143C34740	0x143C34789	73	0x14977EC34
0x143C74655	0x14087A270	float32_be	0x143C74600	0x143C7472F	303	0x1497C5C8C
0x143C7467C	0x14087A220	uint32_be	0x143C74600	0x143C7472F	303	0x1497C5C8C
0x143C8CB7C	0x14087A220	uint32_be	0x143C8CB50	0x143C8CBE6	150	0x1497870DC
0x143C8CBA5	0x14087A220	uint32_be	0x143C8CB50	0x143C8CBE6	150	0x1497870DC
0x143C8F032	0x14087A220	uint32_be	0x143C8EFD0	0x143C8F111	321	0x1497870DC
0x143C8F0BC	0x140878610	raw_bytes	0x143C8EFD0	0x143C8F111	321	0x1497870DC
0x143C90FA3	0x140878610	raw_bytes	0x143C90F30	0x143C9104E	286	0x149802770
0x143C90FF9	0x14087A220	uint32_be	0x143C90F30	0x143C9104E	286	0x149802770
0x143C913AD	0x14087B5C0	prefix_uint32	0x143C91350	0x143C914EA	410	0x149782944
0x143C9140A	0x14087B5C0	prefix_uint32	0x143C91350	0x143C914EA	410	0x149782944
0x143C91486	0x140878610	raw_bytes	0x143C91350	0x143C914EA	410	0x149782944
0x143C91A1F	0x14087A220	uint32_be	0x143C919D0	0x143C91A91	193	0x1497870DC
0x143C91A61	0x14087A1C0	uint16_be	0x143C919D0	0x143C91A91	193	0x1497870DC
0x143C9DE8D	0x140878610	raw_bytes	0x143C9DE70	0x143C9DF97	295	0x149ABFAF8
0x143C9DEF9	0x140878610	raw_bytes	0x143C9DE70	0x143C9DF97	295	0x149ABFAF8
0x143CC768A	0x14087A220	uint32_be	0x143CC7610	0x143CC76BA	170	0x14977E768
0x143CD9588	0x14087A220	uint32_be	0x143CD9530	0x143CD95D6	166	0x149795674
0x143CD9618	0x14087B5C0	prefix_uint32	0x143CD95E0	0x143CD978E	430	0x149935FA4
0x143CD96E3	0x14087A220	uint32_be	0x143CD95E0	0x143CD978E	430	0x149935FA4
0x143CD970B	0x14087A220	uint32_be	0x143CD95E0	0x143CD978E	430	0x149935FA4
0x143CD972E	0x14087A1C0	uint16_be	0x143CD95E0	0x143CD978E	430	0x149935FA4
0x143D00D94	0x14087B5C0	prefix_uint32	0x143D00D20	0x143D00E57	311	0x149A0F018
0x143D00EE7	0x14087A220	uint32_be	0x143D00E57	0x143D0102A	467	0x149AC2D14
0x143D010B0	0x14087B5C0	prefix_uint32	0x143D01040	0x143D01110	208	0x149AC20BC
0x143D01227	0x14087A220	uint32_be	0x143D01110	0x143D01371	609	0x149AC20CC
0x143D0124F	0x14087A220	uint32_be	0x143D01110	0x143D01371	609	0x149AC20CC
0x143D01277	0x14087A1C0	uint16_be	0x143D01110	0x143D01371	609	0x149AC20CC
0x143D01403	0x14087B5C0	prefix_uint32	0x143D013A0	0x143D014A5	261	0x1499D9550
0x143D0143B	0x14087A220	uint32_be	0x143D013A0	0x143D014A5	261	0x1499D9550
0x143D01509	0x14087B5C0	prefix_uint32	0x143D014EC	0x143D015A8	188	0x149AC1D98
0x143D01585	0x14087A1C0	uint16_be	0x143D014EC	0x143D015A8	188	0x149AC1D98
0x143D01619	0x14087B5C0	prefix_uint32	0x143D015FC	0x143D016C0	196	0x149AC1C60
0x143D01697	0x14087A220	uint32_be	0x143D015FC	0x143D016C0	196	0x149AC1C60
0x143D0179B	0x14087B5C0	prefix_uint32	0x143D0177F	0x143D01835	182	0x149AC1F08
0x143D2E8C6	0x140878610	raw_bytes	0x143D2E720	0x143D2E9D6	694	0x1498A98C8
0x143D2E8EB	0x14087A1C0	uint16_be	0x143D2E720	0x143D2E9D6	694	0x1498A98C8
0x143D2E93F	0x140878610	raw_bytes	0x143D2E720	0x143D2E9D6	694	0x1498A98C8
0x143D2EAD8	0x14087B5C0	prefix_uint32	0x143D2E9E0	0x143D2EB66	390	0x149854678
0x143D6368E	0x140878610	raw_bytes	0x143D63660	0x143D6378B	299	0x14977E768
0x143D636C9	0x14087A220	uint32_be	0x143D63660	0x143D6378B	299	0x14977E768
0x143D636FD	0x140878610	raw_bytes	0x143D63660	0x143D6378B	299	0x14977E768
0x143D63805	0x140878610	raw_bytes	0x143D637B0	0x143D638D0	288	0x1497C0C14
0x143D63830	0x14087A1C0	uint16_be	0x143D637B0	0x143D638D0	288	0x1497C0C14
0x143D63882	0x140878610	raw_bytes	0x143D637B0	0x143D638D0	288	0x1497C0C14
0x143D63938	0x140878610	raw_bytes	0x143D638D0	0x143D639B6	230	0x1497870DC
0x143D63975	0x14087A1C0	uint16_be	0x143D638D0	0x143D639B6	230	0x1497870DC
0x143D714BB	0x140878610	raw_bytes	0x143D713C0	0x143D71502	322	0x1497C5284
0x143D72E72	0x14087A220	uint32_be	0x143D72E40	0x143D72F7F	319	0x149780384
0x143D72F3E	0x140878610	raw_bytes	0x143D72E40	0x143D72F7F	319	0x149780384
0x143D93F92	0x14087A220	uint32_be	0x143D93F40	0x143D9402E	238	0x1497870DC
0x143D93FBC	0x14087A220	uint32_be	0x143D93F40	0x143D9402E	238	0x1497870DC
0x143D93FFE	0x14087A220	uint32_be	0x143D93F40	0x143D9402E	238	0x1497870DC
0x143D943FE	0x14087A220	uint32_be	0x143D94380	0x143D9446B	235	0x14977E768
0x143DE0BA2	0x14087A220	uint32_be	0x143DE0B40	0x143DE0C52	274	0x1497870DC
0x143DE0BFD	0x140878610	raw_bytes	0x143DE0B40	0x143DE0C52	274	0x1497870DC
0x143DE5BFB	0x14087B5C0	prefix_uint32	0x143DE5BC0	0x143DE5D39	377	0x14994C738
0x143DE5CC0	0x14087A220	uint32_be	0x143DE5BC0	0x143DE5D39	377	0x14994C738
0x143DEB65F	0x14087B5C0	prefix_uint32	0x143DEB630	0x143DEB6B1	129	0x14978BF4C
0x143E1A0F1	0x14087A220	uint32_be	0x143E1A0A0	0x143E1A17A	218	0x1497870DC
0x143E1A116	0x140878610	raw_bytes	0x143E1A0A0	0x143E1A17A	218	0x1497870DC
0x143E1A235	0x14087A220	uint32_be	0x143E1A1D0	0x143E1A2FF	303	0x1497870DC
0x143E1B421	0x140878610	raw_bytes	0x143E1B380	0x143E1B476	246	0x1497870DC
0x143E1D1CB	0x14087A220	uint32_be	0x143E1D140	0x143E1D238	248	0x1497870DC
0x143E31C98	0x14087A220	uint32_be	0x143E31C10	0x143E31CD6	198	0x14977E470
0x143E5718F	0x14087B5C0	prefix_uint32	0x143E57110	0x143E5726A	346	0x149AD8898
0x143E57509	0x14087B5C0	prefix_uint32	0x143E57490	0x143E575E3	339	0x149AD8B34
0x143E5784C	0x14087B5C0	prefix_uint32	0x143E577D0	0x143E57914	324	0x149AD8DE0
0x143E57B8C	0x14087B5C0	prefix_uint32	0x143E57B10	0x143E57C54	324	0x149AD8DE0
0x143E57EBF	0x14087B5C0	prefix_uint32	0x143E57E50	0x143E57F85	309	0x149AD89AC
0x143E57FF1	0x14087B5C0	prefix_uint32	0x143E57F90	0x143E580AC	284	0x149AD8C5C
0x143E5811F	0x14087B5C0	prefix_uint32	0x143E580B0	0x143E581E5	309	0x149AD8EFC
0x143E5825F	0x14087B5C0	prefix_uint32	0x143E581F0	0x143E58325	309	0x149AD8EFC
0x143E5B927	0x14087B5C0	prefix_uint32	0x143E5B8FC	0x143E5B9F3	247	0x149ADBD30
0x143E5B9BD	0x14087A220	uint32_be	0x143E5B8FC	0x143E5B9F3	247	0x149ADBD30
0x143E5BE8D	0x14087A220	uint32_be	0x143E5BE40	0x143E5BED9	153	0x1497870DC
0x143E5CEDD	0x14087A220	uint32_be	0x143E5CE90	0x143E5CF29	153	0x1497870DC
0x143E5DFEB	0x14087A220	uint32_be	0x143E5DF70	0x143E5E052	226	0x149A07B40
0x143E642DB	0x140878610	raw_bytes	0x143E64200	0x143E64377	375	0x149ADDBE0
0x143E643C4	0x14087B5C0	prefix_uint32	0x143E6439D	0x143E64511	372	0x149ADDBF8
0x143E64612	0x14087B5C0	prefix_uint32	0x143E64530	0x143E6472B	507	0x149ADDCFC
0x143E6467B	0x14087A220	uint32_be	0x143E64530	0x143E6472B	507	0x149ADDCFC
0x143E6BD4F	0x14087B5C0	prefix_uint32	0x143E6BD20	0x143E6BDA1	129	0x14978BF4C
0x143E6BE6F	0x14087B5C0	prefix_uint32	0x143E6BE40	0x143E6BEC6	134	0x14978BF4C
0x143E6BF9F	0x14087B5C0	prefix_uint32	0x143E6BF70	0x143E6BFF6	134	0x14978BF4C
0x143E6C0D4	0x14087A1C0	uint16_be	0x143E6C0A0	0x143E6C20E	366	0x1497C56F0
0x143E6C0FD	0x14087A1C0	uint16_be	0x143E6C0A0	0x143E6C20E	366	0x1497C56F0
0x143E6C127	0x14087A1C0	uint16_be	0x143E6C0A0	0x143E6C20E	366	0x1497C56F0
0x143E6C154	0x14087A1C0	uint16_be	0x143E6C0A0	0x143E6C20E	366	0x1497C56F0
0x143E6C181	0x14087A1C0	uint16_be	0x143E6C0A0	0x143E6C20E	366	0x1497C56F0
0x143E6C1AA	0x14087A1C0	uint16_be	0x143E6C0A0	0x143E6C20E	366	0x1497C56F0
0x143E85E63	0x14087A220	uint32_be	0x143E85E10	0x143E85F1A	266	0x14977E768
0x143E85EC0	0x140878610	raw_bytes	0x143E85E10	0x143E85F1A	266	0x14977E768
0x143E85F50	0x14087A220	uint32_be	0x143E85F20	0x143E8607B	347	0x1497C0C14
0x143E85F7A	0x140878610	raw_bytes	0x143E85F20	0x143E8607B	347	0x1497C0C14
0x143E85FFA	0x140878610	raw_bytes	0x143E85F20	0x143E8607B	347	0x1497C0C14
0x143E86042	0x14087A220	uint32_be	0x143E85F20	0x143E8607B	347	0x1497C0C14
0x143EA12C2	0x140878610	raw_bytes	0x143EA11F0	0x143EA1365	373	0x14978E1A8
0x143EA395D	0x140878610	raw_bytes	0x143EA3910	0x143EA39BF	175	0x1497870DC
0x143EA3993	0x140878610	raw_bytes	0x143EA3910	0x143EA39BF	175	0x1497870DC
0x143EA4912	0x140878610	raw_bytes	0x143EA48C0	0x143EA49B0	240	0x1497870DC
0x143EA4947	0x14087A1C0	uint16_be	0x143EA48C0	0x143EA49B0	240	0x1497870DC
0x143EA4D18	0x14087A220	uint32_be	0x143EA4CB0	0x143EA4E10	352	0x1497C5284
0x143EA4D65	0x14087A220	uint32_be	0x143EA4CB0	0x143EA4E10	352	0x1497C5284
0x143EA4DAC	0x14087A220	uint32_be	0x143EA4CB0	0x143EA4E10	352	0x1497C5284
0x143EA50FD	0x14087A220	uint32_be	0x143EA50B0	0x143EA5149	153	0x1497870DC
0x143EA61B5	0x14087A270	float32_be	0x143EA60F0	0x143EA6231	321	0x149AE4D34
0x143EA8CAD	0x14087B5C0	prefix_uint32	0x143EA8C50	0x143EA8DA0	336	0x149AE812C
0x143EA9378	0x140878610	raw_bytes	0x143EA9310	0x143EA9442	306	0x14978CD5C
0x143EA93B7	0x14087B5C0	prefix_uint32	0x143EA9310	0x143EA9442	306	0x14978CD5C
0x143EA9D68	0x140878610	raw_bytes	0x143EA9D20	0x143EA9D94	116	0x1497870DC
0x143EAA0E2	0x14087A220	uint32_be	0x143EAA0BC	0x143EAA12D	113	0x149AE7048
0x143EAAAAF	0x140878610	raw_bytes	0x143EAAA60	0x143EAAB14	180	0x1497870DC
0x143EAAAE4	0x14087A1C0	uint16_be	0x143EAAA60	0x143EAAB14	180	0x1497870DC
0x143EADE69	0x140878610	raw_bytes	0x143EADDF0	0x143EADEA8	184	0x14977E768
0x143EAE905	0x140878610	raw_bytes	0x143EAE8B0	0x143EAE9A3	243	0x1497870DC
0x143EAE93E	0x140878610	raw_bytes	0x143EAE8B0	0x143EAE9A3	243	0x1497870DC
0x143EB1BA2	0x140878610	raw_bytes	0x143EB1B50	0x143EB1C86	310	0x1497870DC
0x143EB1BDF	0x14087A1C0	uint16_be	0x143EB1B50	0x143EB1C86	310	0x1497870DC
0x143EB1C19	0x14087A220	uint32_be	0x143EB1B50	0x143EB1C86	310	0x1497870DC
0x143EB21E9	0x140878610	raw_bytes	0x143EB2170	0x143EB2228	184	0x14977E768
0x143EB2B06	0x140878610	raw_bytes	0x143EB2A40	0x143EB2B85	325	0x149781ED4
0x143EB39F2	0x140878610	raw_bytes	0x143EB3940	0x143EB3A62	290	0x1498BDAC0
0x143EB57CD	0x14087A220	uint32_be	0x143EB57A5	0x143EB5810	107	0x149AE6E08
0x143EB893B	0x14087A220	uint32_be	0x143EB8900	0x143EB897B	123	0x1498BF444
0x143EB9516	0x140878610	raw_bytes	0x143EB94C0	0x143EB95E9	297	0x14978CD5C
0x143EB959D	0x14087A220	uint32_be	0x143EB94C0	0x143EB95E9	297	0x14978CD5C
0x143EB9EF6	0x140878610	raw_bytes	0x143EB9E80	0x143EB9F7C	252	0x14978003C
0x143EBC09E	0x14087A1C0	uint16_be	0x143EBBFC0	0x143EBC18F	463	0x149AEACFC
0x143EBC0E7	0x14087A270	float32_be	0x143EBBFC0	0x143EBC18F	463	0x149AEACFC
0x143EBC2B0	0x14087A270	float32_be	0x143EBC190	0x143EBC357	455	0x149AEAD3C
0x143EBC397	0x140878610	raw_bytes	0x143EBC360	0x143EBC4AC	332	0x1499B0FC0
0x143EBC3CF	0x14087A1C0	uint16_be	0x143EBC360	0x143EBC4AC	332	0x1499B0FC0
0x143EBC40C	0x140878610	raw_bytes	0x143EBC360	0x143EBC4AC	332	0x1499B0FC0
0x143EBC47E	0x14087A270	float32_be	0x143EBC360	0x143EBC4AC	332	0x1499B0FC0
0x143EBC5B2	0x14087B5C0	prefix_uint32	0x143EBC586	0x143EBC64F	201	0x149AEAEA8
0x143EBC7C2	0x14087A220	uint32_be	0x143EBC730	0x143EBC8B4	388	0x149AEAECC
0x143EBC8F5	0x14087A270	float32_be	0x143EBC8C0	0x143EBCA39	377	0x14989EB2C
0x143EBC949	0x14087A1C0	uint16_be	0x143EBC8C0	0x143EBCA39	377	0x14989EB2C
0x143EBC9F0	0x140878610	raw_bytes	0x143EBC8C0	0x143EBCA39	377	0x14989EB2C
0x143ECC85F	0x14087B5C0	prefix_uint32	0x143ECC830	0x143ECC8B1	129	0x14978BF4C
0x143ECC97F	0x14087B5C0	prefix_uint32	0x143ECC950	0x143ECC9D1	129	0x14978BF4C
0x143ECCAD4	0x140878610	raw_bytes	0x143ECCA70	0x143ECCB18	168	0x1497870DC
0x143ECCB53	0x14087A220	uint32_be	0x143ECCB20	0x143ECCC0A	234	0x14978F9A0
0x143ECCBA4	0x14087A220	uint32_be	0x143ECCB20	0x143ECCC0A	234	0x14978F9A0
0x143ECCC4A	0x140878610	raw_bytes	0x143ECCC10	0x143ECCD74	356	0x1497C56F0
0x143ECCC7D	0x140878610	raw_bytes	0x143ECCC10	0x143ECCD74	356	0x1497C56F0
0x143ECCCC5	0x14087A220	uint32_be	0x143ECCC10	0x143ECCD74	356	0x1497C56F0
0x143ECCD0F	0x14087A220	uint32_be	0x143ECCC10	0x143ECCD74	356	0x1497C56F0
0x143ECCDAC	0x14087B5C0	prefix_uint32	0x143ECCD80	0x143ECCEBF	319	0x149AEAE48
0x143ECCEF3	0x140878610	raw_bytes	0x143ECCEC0	0x143ECCF6B	171	0x1497D7964
0x143ECCFA3	0x140878610	raw_bytes	0x143ECCF70	0x143ECD018	168	0x14977D3BC
0x143ECCFD9	0x140878610	raw_bytes	0x143ECCF70	0x143ECD018	168	0x14977D3BC
0x143ECD098	0x14087A1C0	uint16_be	0x143ECD020	0x143ECD10C	236	0x149AE9674
0x143F18911	0x14087B5C0	prefix_uint32	0x143F18890	0x143F18C98	1032	0x149ADFBD4
0x143F18B0E	0x140878610	raw_bytes	0x143F18890	0x143F18C98	1032	0x149ADFBD4
0x143F18CC0	0x14087A220	uint32_be	0x143F18CA0	0x143F18CFC	92	0x14977D6E8
0x143F18D88	0x14087B5C0	prefix_uint32	0x143F18D00	0x143F18E81	385	0x149ADFD24
0x143F18E02	0x140878610	raw_bytes	0x143F18D00	0x143F18E81	385	0x149ADFD24
0x143F20DEF	0x14087A1C0	uint16_be	0x143F20D90	0x143F20ECC	316	0x149AEE7B0
0x143F20E69	0x14087A220	uint32_be	0x143F20D90	0x143F20ECC	316	0x149AEE7B0
0x143F23210	0x14087A1C0	uint16_be	0x143F231A0	0x143F23284	228	0x149A05CE4
0x143F26366	0x14087A220	uint32_be	0x143F262D0	0x143F263B2	226	0x14978CD5C
0x143F2A5D5	0x14087B5C0	prefix_uint32	0x143F2A570	0x143F2A69C	300	0x149AEBA70
0x143F2AC51	0x14087A1C0	uint16_be	0x143F2ABF0	0x143F2ACD4	228	0x14978003C
0x143F2D591	0x140878610	raw_bytes	0x143F2D4A0	0x143F2D5EB	331	0x149AF1A5C
0x143F2D65D	0x14087A220	uint32_be	0x143F2D5F0	0x143F2D73A	330	0x149AF1A30
0x143F2D6B1	0x14087A1C0	uint16_be	0x143F2D5F0	0x143F2D73A	330	0x149AF1A30
0x143F3929F	0x14087B5C0	prefix_uint32	0x143F39270	0x143F392F6	134	0x14978BF4C
0x143F393CF	0x14087B5C0	prefix_uint32	0x143F393A0	0x143F39421	129	0x14978BF4C
0x143F394EF	0x14087B5C0	prefix_uint32	0x143F394C0	0x143F39546	134	0x14978BF4C
0x143F3965C	0x14087B5C0	prefix_uint32	0x143F395F0	0x143F397BB	459	0x149AF093C
0x143F396F5	0x14087A1C0	uint16_be	0x143F395F0	0x143F397BB	459	0x149AF093C
0x143F397F2	0x14087B5C0	prefix_uint32	0x143F397C0	0x143F39863	163	0x14978B008
0x143F39A07	0x14087A220	uint32_be	0x143F39870	0x143F39A9C	556	0x1498A98C8
0x143F39A2B	0x14087A220	uint32_be	0x143F39870	0x143F39A9C	556	0x1498A98C8
0x143F39C1F	0x14087A220	uint32_be	0x143F39AA0	0x143F39CAB	523	0x1498C73A8
0x143F7180F	0x140878610	raw_bytes	0x143F717B0	0x143F71908	344	0x1497C0C14
0x143F7184B	0x14087B5C0	prefix_uint32	0x143F717B0	0x143F71908	344	0x1497C0C14
0x143F718BA	0x140878610	raw_bytes	0x143F717B0	0x143F71908	344	0x1497C0C14
0x143F7198C	0x14087B5C0	prefix_uint32	0x143F71910	0x143F71D28	1048	0x149AF0180
0x143F71B5E	0x14087A1C0	uint16_be	0x143F71910	0x143F71D28	1048	0x149AF0180
0x143F71DA8	0x14087B5C0	prefix_uint32	0x143F71D30	0x143F71E6A	314	0x149AEFF08
0x143F71F29	0x14087A1C0	uint16_be	0x143F71E6A	0x143F720AC	578	0x149AEFF20
0x143F72161	0x14087B5C0	prefix_uint32	0x143F720E0	0x143F724D9	1017	0x149AEFCB4
0x143F72589	0x14087B5C0	prefix_uint32	0x143F72510	0x143F72686	374	0x149AEFFE4
0x143F7260D	0x14087A1C0	uint16_be	0x143F72510	0x143F72686	374	0x149AEFFE4
0x143F726DC	0x14087B5C0	prefix_uint32	0x143F72690	0x143F7272B	155	0x149791D80
0x143F7B3B5	0x140878610	raw_bytes	0x143F7B380	0x143F7B494	276	0x1497C0C14
0x143F7B3DD	0x14087A220	uint32_be	0x143F7B380	0x143F7B494	276	0x1497C0C14
0x143F7B405	0x14087A1C0	uint16_be	0x143F7B380	0x143F7B494	276	0x1497C0C14
0x143F7B429	0x14087A220	uint32_be	0x143F7B380	0x143F7B494	276	0x1497C0C14
0x143F963CB	0x14087A270	float32_be	0x143F962E0	0x143F9644D	365	0x1498C3F64
0x143F967DE	0x140878610	raw_bytes	0x143F96710	0x143F968D1	449	0x149AF5FB8
0x143F97322	0x14087A220	uint32_be	0x143F97260	0x143F9738F	303	0x1497870DC
0x143F99B98	0x14087A220	uint32_be	0x143F99B30	0x143F99C47	279	0x14978CD5C
0x143F99BC8	0x140878610	raw_bytes	0x143F99B30	0x143F99C47	279	0x14978CD5C
0x143F99BF8	0x140878610	raw_bytes	0x143F99B30	0x143F99C47	279	0x14978CD5C
0x143FA1FEF	0x14087A270	float32_be	0x143FA1FCC	0x143FA2084	184	0x149AF63C4
0x143FA2091	0x14087A270	float32_be	0x143FA2084	0x143FA214B	199	0x149AF63E4
0x143FA2112	0x140878610	raw_bytes	0x143FA2084	0x143FA214B	199	0x149AF63E4
0x143FBEA92	0x14087A220	uint32_be	0x143FBEA20	0x143FBEAEC	204	0x14986D260
0x143FF492B	0x14087A220	uint32_be	0x143FF4900	0x143FF49DC	220	0x14977E768
0x143FF4972	0x140878610	raw_bytes	0x143FF4900	0x143FF49DC	220	0x14977E768
0x143FF4A4D	0x14087B5C0	prefix_uint32	0x143FF49E0	0x143FF4AAA	202	0x1499E7664
0x143FF4BC4	0x14087A220	uint32_be	0x143FF4AAA	0x143FF4CFD	595	0x149AF931C
0x143FF4BEC	0x140878610	raw_bytes	0x143FF4AAA	0x143FF4CFD	595	0x149AF931C
0x143FF4D73	0x14087B5C0	prefix_uint32	0x143FF4D10	0x143FF4E11	257	0x1499D9550
0x143FF4DA7	0x14087A220	uint32_be	0x143FF4D10	0x143FF4E11	257	0x1499D9550
0x143FF4DCB	0x14087A220	uint32_be	0x143FF4D10	0x143FF4E11	257	0x1499D9550
0x143FF4E8B	0x14087B5C0	prefix_uint32	0x143FF4E20	0x143FF4F56	310	0x149AF941C
0x143FF970F	0x14087B5C0	prefix_uint32	0x143FF96A0	0x143FF985F	447	0x149AFEA9C
0x143FFADAA	0x14087A270	float32_be	0x143FFAD10	0x143FFADED	221	0x14977E768
0x143FFB8BC	0x14087B5C0	prefix_uint32	0x143FFB840	0x143FFB9E0	416	0x149AFEDF0
0x143FFB93B	0x14087A220	uint32_be	0x143FFB840	0x143FFB9E0	416	0x149AFEDF0
0x143FFC41C	0x14087B5C0	prefix_uint32	0x143FFC3A0	0x143FFC544	420	0x149AFEDF0
0x143FFC49B	0x14087A220	uint32_be	0x143FFC3A0	0x143FFC544	420	0x149AFEDF0
0x143FFEDA2	0x14087B5C0	prefix_uint32	0x143FFED60	0x143FFEF84	548	0x149B00B44
0x143FFEE72	0x14087A270	float32_be	0x143FFED60	0x143FFEF84	548	0x149B00B44
0x143FFEEBE	0x140878610	raw_bytes	0x143FFED60	0x143FFEF84	548	0x149B00B44
0x14400509E	0x14087B5C0	prefix_uint32	0x144005070	0x1440050B8	72	0x149B00ACC
0x144005141	0x14087A220	uint32_be	0x1440050D7	0x14400521A	323	0x149B00AF0
0x144005169	0x14087A1C0	uint16_be	0x1440050D7	0x14400521A	323	0x149B00AF0
0x14400518E	0x140878610	raw_bytes	0x1440050D7	0x14400521A	323	0x149B00AF0
0x144005295	0x14087B5C0	prefix_uint32	0x144005260	0x144005410	432	0x149834978
0x14400543E	0x14087B5C0	prefix_uint32	0x144005410	0x1440054A0	144	0x1499581F8
0x144042910	0x14087A220	uint32_be	0x1440428E0	0x1440429B1	209	0x1497C0C14
0x14404297E	0x14087A270	float32_be	0x1440428E0	0x1440429B1	209	0x1497C0C14
0x144042A33	0x14087B5C0	prefix_uint32	0x1440429C0	0x144042C89	713	0x1497C6A04
0x144042B13	0x14087A1C0	uint16_be	0x1440429C0	0x144042C89	713	0x1497C6A04
0x144042CFE	0x14087B5C0	prefix_uint32	0x144042C90	0x144042D5C	204	0x1499CE400
0x144042E00	0x14087A1C0	uint16_be	0x144042D5C	0x144042F4E	498	0x149AFD8BC
0x144042FEC	0x14087B5C0	prefix_uint32	0x144042F70	0x1440432F0	896	0x149A94F98
0x1440430E7	0x14087A1C0	uint16_be	0x144042F70	0x1440432F0	896	0x149A94F98
0x14404335E	0x14087B5C0	prefix_uint32	0x1440432F0	0x1440433BC	204	0x1499CE400
0x144043458	0x14087A220	uint32_be	0x1440433BC	0x1440435A3	487	0x149AFE10C
0x1440434B7	0x14087A1C0	uint16_be	0x1440433BC	0x1440435A3	487	0x149AFE10C
0x14404363C	0x14087B5C0	prefix_uint32	0x1440435C0	0x1440438B4	756	0x149A94F98
0x144043935	0x14087B5C0	prefix_uint32	0x1440438C0	0x144043BAD	749	0x149AFDDAC
0x144043C2C	0x14087B5C0	prefix_uint32	0x144043BB0	0x144043F19	873	0x1497DC1E8
0x144043D9D	0x14087A220	uint32_be	0x144043BB0	0x144043F19	873	0x1497DC1E8
0x144043E11	0x14087A270	float32_be	0x144043BB0	0x144043F19	873	0x1497DC1E8
0x144043F71	0x14087B5C0	prefix_uint32	0x144043F20	0x14404402D	269	0x149AFDB2C
0x144043FC8	0x14087A1C0	uint16_be	0x144043F20	0x14404402D	269	0x149AFDB2C
0x144044093	0x14087B5C0	prefix_uint32	0x144044030	0x144044137	263	0x1499D9550
0x1440440D3	0x14087A1C0	uint16_be	0x144044030	0x144044137	263	0x1499D9550
0x1440441A3	0x14087B5C0	prefix_uint32	0x144044140	0x144044267	295	0x149AFD790
0x144044207	0x14087A1C0	uint16_be	0x144044140	0x144044267	295	0x149AFD790
0x1440442D3	0x14087B5C0	prefix_uint32	0x144044270	0x144044376	262	0x1499D9550
0x14404430C	0x14087A220	uint32_be	0x144044270	0x144044376	262	0x1499D9550
0x144044330	0x14087A1C0	uint16_be	0x144044270	0x144044376	262	0x1499D9550
0x14404F477	0x140878610	raw_bytes	0x14404F420	0x14404F552	306	0x1497C5284
0x14404F4B3	0x14087A220	uint32_be	0x14404F420	0x14404F552	306	0x1497C5284
0x14404F4D7	0x14087A220	uint32_be	0x14404F420	0x14404F552	306	0x1497C5284
0x14404F4FB	0x14087A270	float32_be	0x14404F420	0x14404F552	306	0x1497C5284
0x14404F51F	0x14087A220	uint32_be	0x14404F420	0x14404F552	306	0x1497C5284
0x144057C54	0x14087B5C0	prefix_uint32	0x144057C2B	0x144057C83	88	0x149B01E58
0x14406BD64	0x14087B5C0	prefix_uint32	0x14406BCF0	0x14406BE19	297	0x1499A8504
0x14406F7CB	0x14087A220	uint32_be	0x14406F740	0x14406F838	248	0x1497870DC
0x1440A7D57	0x14087B5C0	prefix_uint32	0x1440A7CF0	0x1440A7E87	407	0x149B07F9C
0x1440A7DFA	0x140878610	raw_bytes	0x1440A7CF0	0x1440A7E87	407	0x149B07F9C
0x1440AE1AD	0x14087A220	uint32_be	0x1440AE160	0x1440AE1F9	153	0x1497870DC
0x1440AEEB5	0x14087A220	uint32_be	0x1440AEE00	0x1440AEF50	336	0x1497C0C14
0x1440AEEF6	0x14087A220	uint32_be	0x1440AEE00	0x1440AEF50	336	0x1497C0C14
0x1440E8FAC	0x14087B5C0	prefix_uint32	0x1440E8F30	0x1440E926F	831	0x1499A3658
0x1440E92BC	0x14087B5C0	prefix_uint32	0x1440E9270	0x1440E930B	155	0x149791D80
0x1440ED44B	0x14087A220	uint32_be	0x1440ED3E0	0x1440ED497	183	0x14977E768
0x1440F1A67	0x14087A220	uint32_be	0x1440F1A4A	0x1440F1AAB	97	0x149B0DDD8
0x1440F1AC2	0x14087A220	uint32_be	0x1440F1AAB	0x1440F1B0C	97	0x149B0DDEC
0x1440F2EBD	0x14087A220	uint32_be	0x1440F2E70	0x1440F2F09	153	0x1497870DC
0x1440F440D	0x14087A220	uint32_be	0x1440F43F4	0x1440F4451	93	0x149B0DF48
0x1440F4464	0x14087A220	uint32_be	0x1440F4451	0x1440F44F3	162	0x149B0DF5C
0x1440F44A6	0x140878610	raw_bytes	0x1440F4451	0x1440F44F3	162	0x149B0DF5C
0x1440F8871	0x140878610	raw_bytes	0x1440F884F	0x1440F8904	181	0x149B118EC
0x1440F88B3	0x140878610	raw_bytes	0x1440F884F	0x1440F8904	181	0x149B118EC
0x1440F88EF	0x14087A270	float32_be	0x1440F884F	0x1440F8904	181	0x149B118EC
0x1440F89A5	0x140878610	raw_bytes	0x1440F8982	0x1440F89E6	100	0x149B11928
0x1441012A2	0x14087B5C0	prefix_uint32	0x144101286	0x1441013A6	288	0x149B110D4
0x144101375	0x14087A270	float32_be	0x144101286	0x1441013A6	288	0x149B110D4
0x1441014D6	0x14087B5C0	prefix_uint32	0x1441014A0	0x14410163D	413	0x149A94F98
0x144101549	0x140878610	raw_bytes	0x1441014A0	0x14410163D	413	0x149A94F98
0x14410156B	0x14087A220	uint32_be	0x1441014A0	0x14410163D	413	0x149A94F98
0x1441450E9	0x14087A270	float32_be	0x144145030	0x144145130	256	0x1497870DC
0x144146327	0x14087A270	float32_be	0x144146260	0x1441463A6	326	0x1497C0C14
0x144146A65	0x140878610	raw_bytes	0x144146A10	0x144146B2B	283	0x1497C5284
0x144146AF8	0x14087A270	float32_be	0x144146A10	0x144146B2B	283	0x1497C5284
0x14415334F	0x14087A270	float32_be	0x1441532F0	0x144153417	295	0x14978B008
0x144153390	0x14087A270	float32_be	0x1441532F0	0x144153417	295	0x14978B008
0x1441533C1	0x140878610	raw_bytes	0x1441532F0	0x144153417	295	0x14978B008
0x14416EB8B	0x14087A270	float32_be	0x14416EB00	0x14416ED1B	539	0x149B12874
0x14416EBA9	0x14087A270	float32_be	0x14416EB00	0x14416ED1B	539	0x149B12874
0x144171615	0x14087A270	float32_be	0x1441715C0	0x1441716B7	247	0x1497C0C14
0x144171639	0x14087A270	float32_be	0x1441715C0	0x1441716B7	247	0x1497C0C14
0x14417165D	0x14087A270	float32_be	0x1441715C0	0x1441716B7	247	0x1497C0C14
0x1442E3761	0x14087A1C0	uint16_be	0x1442E3736	0x1442E386D	311	0x149B2CECC
0x1442E7DA0	0x14087A1C0	uint16_be	0x1442E7D70	0x1442E7E75	261	0x149B2C1BC
0x1442F168E	0x14087A1C0	uint16_be	0x1442F1660	0x1442F16AA	74	0x149B2B77C
0x1442F1852	0x14087A1C0	uint16_be	0x1442F16AA	0x1442F1946	668	0x149B2B790
0x1442F1AAC	0x14087B5C0	prefix_uint32	0x1442F19BD	0x1442F1B59	412	0x149B2B698
0x1442F20D3	0x14087B5C0	prefix_uint32	0x1442F1F10	0x1442F2252	834	0x149B2B6E0
0x1443320C5	0x14087A220	uint32_be	0x144331F90	0x14433212A	410	0x1498BCBA0
0x144332735	0x14087A270	float32_be	0x144332670	0x1443327FC	396	0x1497C4B18
0x144332757	0x14087A270	float32_be	0x144332670	0x1443327FC	396	0x1497C4B18
0x14433277B	0x14087A270	float32_be	0x144332670	0x1443327FC	396	0x1497C4B18
0x1443329BF	0x14087A220	uint32_be	0x1443328E0	0x144332A02	290	0x1498BC654
0x1443346F5	0x14087A220	uint32_be	0x1443345F0	0x144334761	369	0x1498BD9D4
0x14433471E	0x14087A220	uint32_be	0x1443345F0	0x144334761	369	0x1498BD9D4
0x14434D26C	0x14087A220	uint32_be	0x14434D1C0	0x14434D2AD	237	0x1497870DC
0x144374C63	0x14087B5C0	prefix_uint32	0x144374B50	0x144374D34	484	0x149B36718
0x144374CC0	0x14087A220	uint32_be	0x144374B50	0x144374D34	484	0x149B36718
0x14437D577	0x14087B5C0	prefix_uint32	0x14437D530	0x14437D5C6	150	0x14977D358
0x14437DA38	0x140878610	raw_bytes	0x14437D8D0	0x14437DAC9	505	0x1498BCBA0
0x14437E4D3	0x14087A220	uint32_be	0x14437E360	0x14437E57C	540	0x149B36540
0x14437E515	0x14087A220	uint32_be	0x14437E360	0x14437E57C	540	0x149B36540
0x14437E880	0x14087A220	uint32_be	0x14437E7F0	0x14437E951	353	0x149B3658C
0x14437E8C6	0x14087A220	uint32_be	0x14437E7F0	0x14437E951	353	0x149B3658C
0x14437E8ED	0x14087A220	uint32_be	0x14437E7F0	0x14437E951	353	0x149B3658C
0x14437EC0D	0x14087A220	uint32_be	0x14437EAB0	0x14437EC60	432	0x149B365B8
0x14437EE08	0x14087A220	uint32_be	0x14437EDB0	0x14437EE7C	204	0x149B36604
0x14437F2F2	0x14087A220	uint32_be	0x14437F240	0x14437F3B6	374	0x149B3662C
0x14437F31D	0x14087A220	uint32_be	0x14437F240	0x14437F3B6	374	0x149B3662C
0x14437F367	0x14087A220	uint32_be	0x14437F240	0x14437F3B6	374	0x149B3662C
0x14437F587	0x140878610	raw_bytes	0x14437F4D0	0x14437F685	437	0x149B36658
0x14437F5EA	0x14087A220	uint32_be	0x14437F4D0	0x14437F685	437	0x149B36658
0x14437F611	0x14087A220	uint32_be	0x14437F4D0	0x14437F685	437	0x149B36658
0x14437F638	0x14087A220	uint32_be	0x14437F4D0	0x14437F685	437	0x149B36658
0x14438075A	0x14087B5C0	prefix_uint32	0x144380720	0x1443808A4	388	0x1497CDC48
0x144380827	0x14087A220	uint32_be	0x144380720	0x1443808A4	388	0x1497CDC48
0x144380B00	0x14087B5C0	prefix_uint32	0x144380AC0	0x144380C9A	474	0x149B36878
0x14438A892	0x140878610	raw_bytes	0x14438A7B0	0x14438A8E7	311	0x149958FFC
0x14438AEF7	0x14087A1C0	uint16_be	0x14438AE60	0x14438AF5B	251	0x149B37918
0x14438B0EA	0x14087A1C0	uint16_be	0x14438B0A0	0x14438B136	150	0x1497C4728
0x14438F1F0	0x14087B5C0	prefix_uint32	0x14438F1B0	0x14438F34B	411	0x149B37E40
0x14438F281	0x14087A1C0	uint16_be	0x14438F1B0	0x14438F34B	411	0x149B37E40
0x14439831B	0x140878610	raw_bytes	0x144398270	0x1443983FA	394	0x149B3C0C0
0x144398399	0x14087A220	uint32_be	0x144398270	0x1443983FA	394	0x149B3C0C0
0x1443985A8	0x140878610	raw_bytes	0x144398500	0x144398690	400	0x149B3C0FC
0x14439CF51	0x140878610	raw_bytes	0x14439CF20	0x14439D001	225	0x149862880
0x14439CF8C	0x14087A220	uint32_be	0x14439CF20	0x14439D001	225	0x149862880
0x14439CFB5	0x14087A220	uint32_be	0x14439CF20	0x14439D001	225	0x149862880
0x14453DEB1	0x140878610	raw_bytes	0x14453DCB0	0x14453DF58	680	0x149B60D84
0x14453DEE7	0x140878610	raw_bytes	0x14453DCB0	0x14453DF58	680	0x149B60D84
0x14456EB22	0x140878610	raw_bytes	0x14456EAC0	0x14456EC5A	410	0x1497C0C14
0x14456EB6B	0x140878610	raw_bytes	0x14456EAC0	0x14456EC5A	410	0x1497C0C14
0x14456EB99	0x140878610	raw_bytes	0x14456EAC0	0x14456EC5A	410	0x1497C0C14
0x1445D28DF	0x140878610	raw_bytes	0x1445D28B0	0x1445D292C	124	0x149B6295C
0x1445D2964	0x14087B5C0	prefix_uint32	0x1445D292C	0x1445D298F	99	0x149B62968
0x1445EA0DE	0x140878610	raw_bytes	0x1445EA080	0x1445EA193	275	0x149B673D8
0x1445EA11F	0x14087A220	uint32_be	0x1445EA080	0x1445EA193	275	0x149B673D8
0x1445EA3DB	0x140878610	raw_bytes	0x1445EA370	0x1445EA499	297	0x1498BC120
0x1445EA41F	0x14087A220	uint32_be	0x1445EA370	0x1445EA499	297	0x1498BC120
0x144621496	0x14087B5C0	prefix_uint32	0x144621460	0x14462156B	267	0x14977E470
0x144621536	0x14087A220	uint32_be	0x144621460	0x14462156B	267	0x14977E470
0x1446216DC	0x14087B5C0	prefix_uint32	0x1446215D0	0x1446217D8	520	0x149B67650
0x144621A41	0x14087B5C0	prefix_uint32	0x144621A10	0x144621A89	121	0x14986AE68
0x1446231DF	0x14087B5C0	prefix_uint32	0x1446231B0	0x1446232C2	274	0x1497870DC
0x14462395F	0x14087B5C0	prefix_uint32	0x144623930	0x144623A42	274	0x1497870DC
0x144623A83	0x14087B5C0	prefix_uint32	0x144623A50	0x144623B57	263	0x1497C0C14
0x144623AF8	0x14087A220	uint32_be	0x144623A50	0x144623B57	263	0x1497C0C14
0x144623CDF	0x140878610	raw_bytes	0x144623CB0	0x144623E25	373	0x1497870DC
0x144623D89	0x140878610	raw_bytes	0x144623CB0	0x144623E25	373	0x1497870DC
0x144623DAF	0x140878610	raw_bytes	0x144623CB0	0x144623E25	373	0x1497870DC
0x144623DD5	0x140878610	raw_bytes	0x144623CB0	0x144623E25	373	0x1497870DC
0x144624253	0x14087A220	uint32_be	0x1446241E0	0x14462431E	318	0x149B68440
0x144624281	0x140878610	raw_bytes	0x1446241E0	0x14462431E	318	0x149B68440
0x1446242A8	0x140878610	raw_bytes	0x1446241E0	0x14462431E	318	0x149B68440
0x144631B8C	0x14087A220	uint32_be	0x144631B40	0x144631BD8	152	0x1497C4728
0x144631DF5	0x14087A220	uint32_be	0x144631D80	0x144631ED3	339	0x1497C4B18
0x144631E22	0x140878610	raw_bytes	0x144631D80	0x144631ED3	339	0x1497C4B18
0x144631E58	0x14087B5C0	prefix_uint32	0x144631D80	0x144631ED3	339	0x1497C4B18
0x144632A3D	0x14087A220	uint32_be	0x1446329E0	0x144632AA5	197	0x149802770
0x144634630	0x14087A220	uint32_be	0x1446345C0	0x144634760	416	0x1498BD288
0x144634680	0x14087A220	uint32_be	0x1446345C0	0x144634760	416	0x1498BD288
0x1446346A7	0x14087A1C0	uint16_be	0x1446345C0	0x144634760	416	0x1498BD288
0x1446346EA	0x14087A270	float32_be	0x1446345C0	0x144634760	416	0x1498BD288
0x144634714	0x140878610	raw_bytes	0x1446345C0	0x144634760	416	0x1498BD288
0x1446347EB	0x140878610	raw_bytes	0x144634760	0x144634836	214	0x149B6A804
0x144634890	0x14087A220	uint32_be	0x144634840	0x144634909	201	0x1497870DC
0x14463494A	0x140878610	raw_bytes	0x144634910	0x144634AA0	400	0x1497C5298
0x1446349A4	0x14087A220	uint32_be	0x144634910	0x144634AA0	400	0x1497C5298
0x144634A4B	0x14087A1C0	uint16_be	0x144634910	0x144634AA0	400	0x1497C5298
0x144634A6F	0x14087A220	uint32_be	0x144634910	0x144634AA0	400	0x1497C5298
0x144634AC8	0x140878610	raw_bytes	0x144634AA0	0x144634B53	179	0x149795674
0x14464789C	0x14087A220	uint32_be	0x144647870	0x144647906	150	0x1497870DC
0x144793310	0x14087A1C0	uint16_be	0x1447932C0	0x144793451	401	0x1498BC120
0x14479335D	0x140878610	raw_bytes	0x1447932C0	0x144793451	401	0x1498BC120
0x1447933D9	0x140878610	raw_bytes	0x1447932C0	0x144793451	401	0x1498BC120
0x14479340C	0x14087A270	float32_be	0x1447932C0	0x144793451	401	0x1498BC120
0x1447BAE61	0x14087B5C0	prefix_uint32	0x1447BADE0	0x1447BB307	1319	0x149B8579C
0x1447BB35C	0x14087B5C0	prefix_uint32	0x1447BB310	0x1447BB3AB	155	0x149791D80
0x1447BBC28	0x14087A220	uint32_be	0x1447BBBA0	0x1447BBC74	212	0x1497870DC
0x1447BD0BF	0x14087A270	float32_be	0x1447BD050	0x1447BD1A4	340	0x1497C5C8C
0x1447BD0E6	0x14087A270	float32_be	0x1447BD050	0x1447BD1A4	340	0x1497C5C8C
0x1447BD10D	0x14087A270	float32_be	0x1447BD050	0x1447BD1A4	340	0x1497C5C8C
0x1447C2DBD	0x14087A270	float32_be	0x1447C2D80	0x1447C2F9A	538	0x1499B2D98
0x1447C2DE4	0x14087A270	float32_be	0x1447C2D80	0x1447C2F9A	538	0x1499B2D98
0x1447C2E0B	0x14087A270	float32_be	0x1447C2D80	0x1447C2F9A	538	0x1499B2D98
0x1447C2E32	0x14087A270	float32_be	0x1447C2D80	0x1447C2F9A	538	0x1499B2D98
0x1447C2E85	0x14087A220	uint32_be	0x1447C2D80	0x1447C2F9A	538	0x1499B2D98
0x1447C2EC7	0x14087A220	uint32_be	0x1447C2D80	0x1447C2F9A	538	0x1499B2D98
0x1447C2F0A	0x14087A220	uint32_be	0x1447C2D80	0x1447C2F9A	538	0x1499B2D98
0x1447C2F4C	0x140878610	raw_bytes	0x1447C2D80	0x1447C2F9A	538	0x1499B2D98
0x1447E2542	0x140878610	raw_bytes	0x1447E24B0	0x1447E2594	228	0x14977E768
0x1447E288E	0x14087A1C0	uint16_be	0x1447E2820	0x1447E28EB	203	0x14977E768
0x1447E3261	0x14087A1C0	uint16_be	0x1447E3210	0x1447E3324	276	0x1497870DC
0x1447E32F4	0x14087A270	float32_be	0x1447E3210	0x1447E3324	276	0x1497870DC
0x1447E60DC	0x14087A220	uint32_be	0x1447E6050	0x1447E6168	280	0x149B8C164
0x1447E6232	0x14087A220	uint32_be	0x1447E61E0	0x1447E62B6	214	0x1497870DC
0x1447E6286	0x14087A220	uint32_be	0x1447E61E0	0x1447E62B6	214	0x1497870DC
0x1447E6DE2	0x14087A220	uint32_be	0x1447E6D90	0x1447E6E66	214	0x1497870DC
0x1447E6E36	0x14087A1C0	uint16_be	0x1447E6D90	0x1447E6E66	214	0x1497870DC
0x1447E7BAC	0x14087A220	uint32_be	0x1447E7B40	0x1447E7C32	242	0x14977E470
0x1447E7C02	0x14087A1C0	uint16_be	0x1447E7B40	0x1447E7C32	242	0x14977E470
0x1447E8B12	0x14087A220	uint32_be	0x1447E8A80	0x1447E8BDD	349	0x149B8C28C
0x1447E8B46	0x14087A220	uint32_be	0x1447E8A80	0x1447E8BDD	349	0x149B8C28C
0x1447E966B	0x14087A220	uint32_be	0x1447E95F0	0x1447E96F4	260	0x149A07B40
0x1447E9B4E	0x14087A220	uint32_be	0x1447E9AD0	0x1447E9BBB	235	0x14977E768
0x1447EA36D	0x14087A220	uint32_be	0x1447EA320	0x1447EA3B9	153	0x1497870DC
0x1447EAED7	0x14087A270	float32_be	0x1447EAE30	0x1447EAF07	215	0x1497870DC
0x1447EBA31	0x14087A1C0	uint16_be	0x1447EB9E0	0x1447EBB34	340	0x1497870DC
0x1447EBA75	0x140878610	raw_bytes	0x1447EB9E0	0x1447EBB34	340	0x1497870DC
0x1447EBAC7	0x14087A220	uint32_be	0x1447EB9E0	0x1447EBB34	340	0x1497870DC
0x1447EBE71	0x14087A1C0	uint16_be	0x1447EBE20	0x1447EBF18	248	0x1497870DC
0x1447EBEAB	0x14087A220	uint32_be	0x1447EBE20	0x1447EBF18	248	0x1497870DC
0x1447EED11	0x14087A1C0	uint16_be	0x1447EECC0	0x1447EEDF3	307	0x1497C0C14
0x1447EED5D	0x140878610	raw_bytes	0x1447EECC0	0x1447EEDF3	307	0x1497C0C14
0x1447EFA3C	0x140878610	raw_bytes	0x1447EF9C0	0x1447EFA68	168	0x1497870DC
0x1447F071A	0x14087A220	uint32_be	0x1447F0670	0x1447F075D	237	0x14977E768
0x1447F1BF8	0x14087A220	uint32_be	0x1447F1BC0	0x1447F1D06	326	0x149B8D6C4
0x1447F1C33	0x14087A220	uint32_be	0x1447F1BC0	0x1447F1D06	326	0x149B8D6C4
0x1447F1D4D	0x14087A220	uint32_be	0x1447F1D10	0x1447F1E59	329	0x149B8D7F4
0x1447F1D88	0x14087A220	uint32_be	0x1447F1D10	0x1447F1E59	329	0x149B8D7F4
0x1447F1DC2	0x14087A220	uint32_be	0x1447F1D10	0x1447F1E59	329	0x149B8D7F4
0x1447F1E9B	0x14087A220	uint32_be	0x1447F1E60	0x1447F1FC8	360	0x149B8D960
0x1447F1F11	0x14087A220	uint32_be	0x1447F1E60	0x1447F1FC8	360	0x149B8D960
0x1447F1F4B	0x14087A220	uint32_be	0x1447F1E60	0x1447F1FC8	360	0x149B8D960
0x1447F2006	0x14087A220	uint32_be	0x1447F1FD0	0x1447F2127	343	0x149B8D7C4
0x1447F2041	0x14087A220	uint32_be	0x1447F1FD0	0x1447F2127	343	0x149B8D7C4
0x1447F216B	0x14087B5C0	prefix_uint32	0x1447F2130	0x1447F229F	367	0x149A78EA4
0x1447F222E	0x14087A270	float32_be	0x1447F2130	0x1447F229F	367	0x149A78EA4
0x1447F22D9	0x14087B5C0	prefix_uint32	0x1447F22A0	0x1447F2417	375	0x149B8D698
0x1447F23A0	0x14087A220	uint32_be	0x1447F22A0	0x1447F2417	375	0x149B8D698
0x1447F2455	0x14087A1C0	uint16_be	0x1447F2420	0x1447F2584	356	0x14989EB2C
0x1447F24FA	0x14087A270	float32_be	0x1447F2420	0x1447F2584	356	0x14989EB2C
0x1447F264A	0x140878610	raw_bytes	0x1447F262A	0x1447F26C5	155	0x149B8D99C
0x1447FB470	0x14087A220	uint32_be	0x1447FB3F0	0x1447FB498	168	0x149780384
0x1447FB4D2	0x140878610	raw_bytes	0x1447FB4A0	0x1447FB574	212	0x149780384
0x1447FB520	0x14087A220	uint32_be	0x1447FB4A0	0x1447FB574	212	0x149780384
0x1447FB5B1	0x14087B5C0	prefix_uint32	0x1447FB580	0x1447FB5F9	121	0x14986AE68
0x144818F9C	0x14087B5C0	prefix_uint32	0x144818F30	0x144818FF9	201	0x1499CE608
0x144819096	0x14087A1C0	uint16_be	0x144818FF9	0x1448191D4	475	0x149B88C0C
0x144819339	0x14087B5C0	prefix_uint32	0x1448192D0	0x14481940C	316	0x149B88D90
0x1448193A5	0x14087A1C0	uint16_be	0x1448192D0	0x14481940C	316	0x149B88D90
0x14481C514	0x14087A1C0	uint16_be	0x14481C4A0	0x14481C647	423	0x149B90980
0x14481C547	0x140878610	raw_bytes	0x14481C4A0	0x14481C647	423	0x149B90980
0x14481D6B9	0x14087A270	float32_be	0x14481D570	0x14481D753	483	0x149B91874
0x144825EFF	0x14087A270	float32_be	0x144825ED0	0x1448260D5	517	0x1497C5C8C
0x144825F2B	0x14087A270	float32_be	0x144825ED0	0x1448260D5	517	0x1497C5C8C
0x144825F58	0x14087A270	float32_be	0x144825ED0	0x1448260D5	517	0x1497C5C8C
0x144825F85	0x14087A270	float32_be	0x144825ED0	0x1448260D5	517	0x1497C5C8C
0x144825FB2	0x14087A270	float32_be	0x144825ED0	0x1448260D5	517	0x1497C5C8C
0x144825FDF	0x14087A270	float32_be	0x144825ED0	0x1448260D5	517	0x1497C5C8C
0x14482600C	0x14087A270	float32_be	0x144825ED0	0x1448260D5	517	0x1497C5C8C
0x144826039	0x14087A270	float32_be	0x144825ED0	0x1448260D5	517	0x1497C5C8C
0x144826063	0x14087A270	float32_be	0x144825ED0	0x1448260D5	517	0x1497C5C8C
0x14482610F	0x14087A270	float32_be	0x1448260E0	0x14482624E	366	0x1497C0C14
0x144826142	0x140878610	raw_bytes	0x1448260E0	0x14482624E	366	0x1497C0C14
0x144826175	0x140878610	raw_bytes	0x1448260E0	0x14482624E	366	0x1497C0C14
0x1448261AC	0x140878610	raw_bytes	0x1448260E0	0x14482624E	366	0x1497C0C14
0x14482628D	0x14087B5C0	prefix_uint32	0x144826250	0x14482646A	538	0x1497C4738
0x1448262F5	0x140878610	raw_bytes	0x144826250	0x14482646A	538	0x1497C4738
0x144826386	0x14087B5C0	prefix_uint32	0x144826250	0x14482646A	538	0x1497C4738
0x1448264AD	0x14087B5C0	prefix_uint32	0x144826470	0x14482668A	538	0x1499B2D98
0x144826515	0x140878610	raw_bytes	0x144826470	0x14482668A	538	0x1499B2D98
0x1448265A6	0x14087B5C0	prefix_uint32	0x144826470	0x14482668A	538	0x1499B2D98
0x14482677C	0x14087B5C0	prefix_uint32	0x144826690	0x144826883	499	0x1498C3FEC
0x14482697C	0x14087B5C0	prefix_uint32	0x144826890	0x144826A83	499	0x1498A98C8
0x144826ACB	0x14087A270	float32_be	0x144826A90	0x144826C66	470	0x1497C4434
0x144826B03	0x14087A270	float32_be	0x144826A90	0x144826C66	470	0x1497C4434
0x144826B3B	0x14087A270	float32_be	0x144826A90	0x144826C66	470	0x1497C4434
0x144826B73	0x14087A270	float32_be	0x144826A90	0x144826C66	470	0x1497C4434
0x144826BAB	0x14087A270	float32_be	0x144826A90	0x144826C66	470	0x1497C4434
0x144826BE3	0x14087A270	float32_be	0x144826A90	0x144826C66	470	0x1497C4434
0x144826D25	0x14087A1C0	uint16_be	0x144826CF0	0x144826E85	405	0x14978661C
0x144826D53	0x140878610	raw_bytes	0x144826CF0	0x144826E85	405	0x14978661C
0x144826DAF	0x14087A270	float32_be	0x144826CF0	0x144826E85	405	0x14978661C
0x144826DD1	0x14087A270	float32_be	0x144826CF0	0x144826E85	405	0x14978661C
0x144826DF8	0x14087A270	float32_be	0x144826CF0	0x144826E85	405	0x14978661C
0x14487C588	0x140878610	raw_bytes	0x14487C530	0x14487C605	213	0x1497870DC
0x14487C5D5	0x14087A270	float32_be	0x14487C530	0x14487C605	213	0x1497870DC
0x14487E76D	0x14087A270	float32_be	0x14487E710	0x14487E8A0	400	0x14977E5B4
0x14487E7A7	0x14087A270	float32_be	0x14487E710	0x14487E8A0	400	0x14977E5B4
0x14487E7DB	0x14087A270	float32_be	0x14487E710	0x14487E8A0	400	0x14977E5B4
0x14487E80F	0x14087A220	uint32_be	0x14487E710	0x14487E8A0	400	0x14977E5B4
0x14487E836	0x14087A220	uint32_be	0x14487E710	0x14487E8A0	400	0x14977E5B4
0x14487E8DD	0x14087B5C0	prefix_uint32	0x14487E8A0	0x14487EA7E	478	0x1498CA074
0x14487E9FE	0x14087A220	uint32_be	0x14487E8A0	0x14487EA7E	478	0x1498CA074
0x14487EA2C	0x14087B5C0	prefix_uint32	0x14487E8A0	0x14487EA7E	478	0x1498CA074
0x14487EAB4	0x14087A220	uint32_be	0x14487EA80	0x14487EBCE	334	0x1497C56F0
0x14487EAE1	0x140878610	raw_bytes	0x14487EA80	0x14487EBCE	334	0x1497C56F0
0x14487EB23	0x140878610	raw_bytes	0x14487EA80	0x14487EBCE	334	0x1497C56F0
0x14487EB82	0x140878610	raw_bytes	0x14487EA80	0x14487EBCE	334	0x1497C56F0
0x14487EC32	0x140878610	raw_bytes	0x14487EBD0	0x14487EDAA	474	0x149782300
0x14487EC57	0x14087A220	uint32_be	0x14487EBD0	0x14487EDAA	474	0x149782300
0x1448B4E8D	0x14087A220	uint32_be	0x1448B4E40	0x1448B4ED9	153	0x1497870DC
0x1448B60AF	0x140878610	raw_bytes	0x1448B6060	0x1448B6114	180	0x1497870DC
0x1448B60E4	0x14087A220	uint32_be	0x1448B6060	0x1448B6114	180	0x1497870DC
0x1448B77A9	0x14087B5C0	prefix_uint32	0x1448B777C	0x1448B7849	205	0x149B9E68C
0x1448EA9FA	0x14087B5C0	prefix_uint32	0x1448EA9C0	0x1448EAB3B	379	0x1498CBF44
0x144906FD2	0x14087A220	uint32_be	0x144906F70	0x144907071	257	0x1497870DC
0x144907027	0x14087A220	uint32_be	0x144906F70	0x144907071	257	0x1497870DC
0x14494A560	0x14087A220	uint32_be	0x14494A510	0x14494A5EF	223	0x1497870DC
0x14494A5A3	0x14087A220	uint32_be	0x14494A510	0x14494A5EF	223	0x1497870DC
0x14494F3BE	0x14087A1C0	uint16_be	0x14494F320	0x14494F518	504	0x149BA8894
0x14494F3E0	0x14087A220	uint32_be	0x14494F320	0x14494F518	504	0x149BA8894
0x14495DDCF	0x14087B5C0	prefix_uint32	0x14495DDA0	0x14495DE6F	207	0x1497870DC
0x145AD87C5	0x14087A220	uint32_be	0x145AD8780	0x145AD8808	136	0x1497C4CC0
0x145AD976D	0x14087A220	uint32_be	0x145AD96E0	0x145AD97BC	220	0x1498BBB80
0x145ADF375	0x14087B5C0	prefix_uint32	0x145ADF310	0x145ADF3EE	222	0x14978003C
0x145B4E80B	0x14087A270	float32_be	0x145B4E7B0	0x145B4E952	418	0x1497C0C14
0x145B4E838	0x14087A270	float32_be	0x145B4E7B0	0x145B4E952	418	0x1497C0C14
0x145B4E865	0x14087A270	float32_be	0x145B4E7B0	0x145B4E952	418	0x1497C0C14
0x145B4E898	0x140878610	raw_bytes	0x145B4E7B0	0x145B4E952	418	0x1497C0C14
0x145B4E8CF	0x140878610	raw_bytes	0x145B4E7B0	0x145B4E952	418	0x1497C0C14
0x145B4E914	0x14087A220	uint32_be	0x145B4E7B0	0x145B4E952	418	0x1497C0C14
0x145B4E9E1	0x14087A220	uint32_be	0x145B4E960	0x145B4EC7C	796	0x149C53E80
0x145B4EA0C	0x14087A220	uint32_be	0x145B4E960	0x145B4EC7C	796	0x149C53E80
0x145B4EA37	0x14087A220	uint32_be	0x145B4E960	0x145B4EC7C	796	0x149C53E80
0x145B4ECB4	0x14087A220	uint32_be	0x145B4EC80	0x145B4EE73	499	0x149782944
0x145B4ED04	0x14087A220	uint32_be	0x145B4EC80	0x145B4EE73	499	0x149782944
0x145B4ED2F	0x14087A1C0	uint16_be	0x145B4EC80	0x145B4EE73	499	0x149782944
0x145B4ED79	0x14087A270	float32_be	0x145B4EC80	0x145B4EE73	499	0x149782944
0x145B4EEAF	0x14087A220	uint32_be	0x145B4EE80	0x145B4F01C	412	0x1497C0C14
0x145B4EED5	0x14087A220	uint32_be	0x145B4EE80	0x145B4F01C	412	0x1497C0C14
0x145B4EF56	0x140878610	raw_bytes	0x145B4EE80	0x145B4F01C	412	0x1497C0C14
0x145B4F04F	0x14087A220	uint32_be	0x145B4F020	0x145B4F207	487	0x14977E994
0x145B4F07B	0x14087A270	float32_be	0x145B4F020	0x145B4F207	487	0x14977E994
0x145B4F0A8	0x14087A270	float32_be	0x145B4F020	0x145B4F207	487	0x14977E994
0x145B4F0D5	0x14087A270	float32_be	0x145B4F020	0x145B4F207	487	0x14977E994
0x145B4F108	0x140878610	raw_bytes	0x145B4F020	0x145B4F207	487	0x14977E994
0x145B4F153	0x14087A220	uint32_be	0x145B4F020	0x145B4F207	487	0x14977E994
0x145B4F244	0x14087A220	uint32_be	0x145B4F210	0x145B4F439	553	0x1498CBD6C
0x145B4F26D	0x140878610	raw_bytes	0x145B4F210	0x145B4F439	553	0x1498CBD6C
0x145B4F2BC	0x14087A220	uint32_be	0x145B4F210	0x145B4F439	553	0x1498CBD6C
0x145B4F31C	0x14087A220	uint32_be	0x145B4F210	0x145B4F439	553	0x1498CBD6C
0x145B4F46F	0x14087A220	uint32_be	0x145B4F440	0x145B4F5DD	413	0x149782EC4
0x145B4F49C	0x140878610	raw_bytes	0x145B4F440	0x145B4F5DD	413	0x149782EC4
0x145B4F4D7	0x14087A220	uint32_be	0x145B4F440	0x145B4F5DD	413	0x149782EC4
0x145B4F4FE	0x14087A220	uint32_be	0x145B4F440	0x145B4F5DD	413	0x149782EC4
0x145B4F52F	0x140878610	raw_bytes	0x145B4F440	0x145B4F5DD	413	0x149782EC4
0x145B4F56E	0x140878610	raw_bytes	0x145B4F440	0x145B4F5DD	413	0x149782EC4
0x145B4F614	0x14087A270	float32_be	0x145B4F5E0	0x145B4F94D	877	0x149C53BF8
0x145B4F640	0x14087A270	float32_be	0x145B4F5E0	0x145B4F94D	877	0x149C53BF8
0x145B4F66D	0x14087A270	float32_be	0x145B4F5E0	0x145B4F94D	877	0x149C53BF8
0x145B4F69A	0x14087A270	float32_be	0x145B4F5E0	0x145B4F94D	877	0x149C53BF8
0x145B4F97F	0x14087A270	float32_be	0x145B4F950	0x145B4FAE4	404	0x1497C0C14
0x145B4F9AB	0x14087A270	float32_be	0x145B4F950	0x145B4FAE4	404	0x1497C0C14
0x145B4F9D8	0x14087A270	float32_be	0x145B4F950	0x145B4FAE4	404	0x1497C0C14
0x145B4FA0B	0x140878610	raw_bytes	0x145B4F950	0x145B4FAE4	404	0x1497C0C14
0x145B4FA3C	0x14087A270	float32_be	0x145B4F950	0x145B4FAE4	404	0x1497C0C14
0x145B4FA6C	0x140878610	raw_bytes	0x145B4F950	0x145B4FAE4	404	0x1497C0C14
0x145B4FAB1	0x14087A270	float32_be	0x145B4F950	0x145B4FAE4	404	0x1497C0C14
0x145B4FB1F	0x14087A270	float32_be	0x145B4FAF0	0x145B4FC72	386	0x1497C0C14
0x145B4FB45	0x14087A270	float32_be	0x145B4FAF0	0x145B4FC72	386	0x1497C0C14
0x145B4FB6C	0x14087A220	uint32_be	0x145B4FAF0	0x145B4FC72	386	0x1497C0C14
0x145B4FB97	0x14087A220	uint32_be	0x145B4FAF0	0x145B4FC72	386	0x1497C0C14
0x145B4FC14	0x14087B5C0	prefix_uint32	0x145B4FAF0	0x145B4FC72	386	0x1497C0C14
0x145B4FCB4	0x14087A270	float32_be	0x145B4FC80	0x145B4FEE3	611	0x149A5516C
0x145B4FCDA	0x14087A270	float32_be	0x145B4FC80	0x145B4FEE3	611	0x149A5516C
0x145B4FD07	0x140878610	raw_bytes	0x145B4FC80	0x145B4FEE3	611	0x149A5516C
0x145B4FD5C	0x140878610	raw_bytes	0x145B4FC80	0x145B4FEE3	611	0x149A5516C
0x145B4FF45	0x140878610	raw_bytes	0x145B4FEF0	0x145B50063	371	0x1497C0C14
0x145B4FF73	0x140878610	raw_bytes	0x145B4FEF0	0x145B50063	371	0x1497C0C14
0x145B4FFB8	0x140878610	raw_bytes	0x145B4FEF0	0x145B50063	371	0x1497C0C14
0x145B4FFE9	0x14087A1C0	uint16_be	0x145B4FEF0	0x145B50063	371	0x1497C0C14
0x145B5000D	0x14087A220	uint32_be	0x145B4FEF0	0x145B50063	371	0x1497C0C14
0x145B500C8	0x14087A220	uint32_be	0x145B50070	0x145B50294	548	0x1497C5704
0x145B50195	0x14087B5C0	prefix_uint32	0x145B50070	0x145B50294	548	0x1497C5704
0x145B5031D	0x140878610	raw_bytes	0x145B502A0	0x145B504D8	568	0x1497C5694
0x145B503C4	0x14087A1C0	uint16_be	0x145B502A0	0x145B504D8	568	0x1497C5694
0x145B503EB	0x14087A220	uint32_be	0x145B502A0	0x145B504D8	568	0x1497C5694
0x145B50418	0x140878610	raw_bytes	0x145B502A0	0x145B504D8	568	0x1497C5694
0x145B506C1	0x140878610	raw_bytes	0x145B50689	0x145B5070B	130	0x149C53C68
0x145B50744	0x140878610	raw_bytes	0x145B50710	0x145B50ABD	941	0x149C4F6E4
0x145B5076B	0x14087A1C0	uint16_be	0x145B50710	0x145B50ABD	941	0x149C4F6E4
0x145B50798	0x14087A220	uint32_be	0x145B50710	0x145B50ABD	941	0x149C4F6E4
0x145B507C5	0x14087A270	float32_be	0x145B50710	0x145B50ABD	941	0x149C4F6E4
0x145B507F2	0x14087A270	float32_be	0x145B50710	0x145B50ABD	941	0x149C4F6E4
0x145B50AEF	0x140878610	raw_bytes	0x145B50AC0	0x145B50C5C	412	0x1497C43C8
0x145B50B50	0x140878610	raw_bytes	0x145B50AC0	0x145B50C5C	412	0x1497C43C8
0x145B50B95	0x140878610	raw_bytes	0x145B50AC0	0x145B50C5C	412	0x1497C43C8
0x145B50BC6	0x14087A220	uint32_be	0x145B50AC0	0x145B50C5C	412	0x1497C43C8
0x145B50BF3	0x140878610	raw_bytes	0x145B50AC0	0x145B50C5C	412	0x1497C43C8
0x145B50DFA	0x140878610	raw_bytes	0x145B50DC0	0x145B50FB1	497	0x14978295C
0x145B50E62	0x140878610	raw_bytes	0x145B50DC0	0x145B50FB1	497	0x14978295C
0x145B50E96	0x140878610	raw_bytes	0x145B50DC0	0x145B50FB1	497	0x14978295C
0x145B50EED	0x14087A220	uint32_be	0x145B50DC0	0x145B50FB1	497	0x14978295C
0x145B50F18	0x14087A220	uint32_be	0x145B50DC0	0x145B50FB1	497	0x14978295C
0x145B50FF7	0x140878610	raw_bytes	0x145B50FC0	0x145B51154	404	0x149782EC4
0x145B51049	0x14087A1C0	uint16_be	0x145B50FC0	0x145B51154	404	0x149782EC4
0x145B51071	0x140878610	raw_bytes	0x145B50FC0	0x145B51154	404	0x149782EC4
0x145B510B6	0x140878610	raw_bytes	0x145B50FC0	0x145B51154	404	0x149782EC4
0x145B510ED	0x140878610	raw_bytes	0x145B50FC0	0x145B51154	404	0x149782EC4
0x145B51246	0x14087A220	uint32_be	0x145B51160	0x145B51327	455	0x1497C0C14
0x145B51273	0x14087A220	uint32_be	0x145B51160	0x145B51327	455	0x1497C0C14
0x145B512A0	0x14087A220	uint32_be	0x145B51160	0x145B51327	455	0x1497C0C14
0x145B512CA	0x14087A270	float32_be	0x145B51160	0x145B51327	455	0x1497C0C14
0x145B513B1	0x140878610	raw_bytes	0x145B51391	0x145B513E1	80	0x149C53D70
0x145B51405	0x14087B5C0	prefix_uint32	0x145B513E1	0x145B514B5	212	0x149C53D84
0x145B51493	0x14087A220	uint32_be	0x145B513E1	0x145B514B5	212	0x149C53D84
0x145B51548	0x14087A220	uint32_be	0x145B514E0	0x145B516D3	499	0x14977E994
0x145B51573	0x140878610	raw_bytes	0x145B514E0	0x145B516D3	499	0x14977E994
0x145B5159B	0x14087A270	float32_be	0x145B514E0	0x145B516D3	499	0x14977E994
0x145B5161E	0x14087A270	float32_be	0x145B514E0	0x145B516D3	499	0x14977E994
0x145B5164B	0x14087A270	float32_be	0x145B514E0	0x145B516D3	499	0x14977E994
0x145B51746	0x14087B5C0	prefix_uint32	0x145B516E0	0x145B518E1	513	0x1497C7E58
0x145B517A7	0x14087A220	uint32_be	0x145B516E0	0x145B518E1	513	0x1497C7E58
0x145B517CF	0x14087A220	uint32_be	0x145B516E0	0x145B518E1	513	0x1497C7E58
0x145B5183C	0x140878610	raw_bytes	0x145B516E0	0x145B518E1	513	0x1497C7E58
0x145B5195D	0x140878610	raw_bytes	0x145B518F0	0x145B519A1	177	0x1497870DC
0x145B519F6	0x14087B5C0	prefix_uint32	0x145B519B0	0x145B51BC3	531	0x149C53EFC
0x145B51C14	0x14087B5C0	prefix_uint32	0x145B51BD0	0x145B51E3F	623	0x14983B8F8
0x145B51C67	0x14087A220	uint32_be	0x145B51BD0	0x145B51E3F	623	0x14983B8F8
0x145B51C8B	0x14087A270	float32_be	0x145B51BD0	0x145B51E3F	623	0x14983B8F8
0x145B51CC0	0x14087B5C0	prefix_uint32	0x145B51BD0	0x145B51E3F	623	0x14983B8F8
0x145B51D49	0x14087A220	uint32_be	0x145B51BD0	0x145B51E3F	623	0x14983B8F8
0x145B51D76	0x14087A1C0	uint16_be	0x145B51BD0	0x145B51E3F	623	0x14983B8F8
0x145B51DA3	0x14087A220	uint32_be	0x145B51BD0	0x145B51E3F	623	0x14983B8F8
0x145B51E9C	0x14087B5C0	prefix_uint32	0x145B51E40	0x145B52031	497	0x1497C5704
0x145B51EE7	0x14087A220	uint32_be	0x145B51E40	0x145B52031	497	0x1497C5704
0x145B5207D	0x14087B5C0	prefix_uint32	0x145B52040	0x145B521D5	405	0x1497C5D14
0x145B520C9	0x14087B5C0	prefix_uint32	0x145B52040	0x145B521D5	405	0x1497C5D14
0x145B52115	0x14087B5C0	prefix_uint32	0x145B52040	0x145B521D5	405	0x1497C5D14
0x145B52156	0x14087B5C0	prefix_uint32	0x145B52040	0x145B521D5	405	0x1497C5D14
0x145B5221E	0x14087B5C0	prefix_uint32	0x145B521E0	0x145B523C0	480	0x1497C5694
0x145B5227D	0x140878610	raw_bytes	0x145B521E0	0x145B523C0	480	0x1497C5694
0x145B522B8	0x140878610	raw_bytes	0x145B521E0	0x145B523C0	480	0x1497C5694
0x145B5231B	0x14087A270	float32_be	0x145B521E0	0x145B523C0	480	0x1497C5694
0x145B52402	0x14087B5C0	prefix_uint32	0x145B523C0	0x145B525EE	558	0x14983C1DC
0x145B52588	0x140878610	raw_bytes	0x145B523C0	0x145B525EE	558	0x14983C1DC
0x145B5262B	0x14087B5C0	prefix_uint32	0x145B525F0	0x145B527CF	479	0x149834978
0x145B5274F	0x14087A270	float32_be	0x145B525F0	0x145B527CF	479	0x149834978
0x145B52794	0x14087A270	float32_be	0x145B525F0	0x145B527CF	479	0x149834978
0x145B52808	0x140878610	raw_bytes	0x145B527D0	0x145B52AA5	725	0x149C540B0
0x145B52829	0x14087A220	uint32_be	0x145B527D0	0x145B52AA5	725	0x149C540B0
0x145B5285C	0x140878610	raw_bytes	0x145B527D0	0x145B52AA5	725	0x149C540B0
0x145B528D6	0x140878610	raw_bytes	0x145B527D0	0x145B52AA5	725	0x149C540B0
0x145B52AF0	0x14087A220	uint32_be	0x145B52AB0	0x145B52DA2	754	0x149C54094
0x145B52B17	0x14087A220	uint32_be	0x145B52AB0	0x145B52DA2	754	0x149C54094
0x145B52DEB	0x14087A220	uint32_be	0x145B52DB0	0x145B52F52	418	0x14977E9A8
0x145B52E12	0x14087A220	uint32_be	0x145B52DB0	0x145B52F52	418	0x14977E9A8
0x145B52E3A	0x14087A220	uint32_be	0x145B52DB0	0x145B52F52	418	0x14977E9A8
0x145B52E61	0x14087A270	float32_be	0x145B52DB0	0x145B52F52	418	0x14977E9A8
0x145B52E89	0x14087B5C0	prefix_uint32	0x145B52DB0	0x145B52F52	418	0x14977E9A8
0x145B52EE8	0x14087B5C0	prefix_uint32	0x145B52DB0	0x145B52F52	418	0x14977E9A8
0x145B52F94	0x14087A220	uint32_be	0x145B52F60	0x145B52FFA	154	0x14977E964
0x145B5303B	0x14087A220	uint32_be	0x145B53000	0x145B53180	384	0x14977E9A8
0x145B53068	0x140878610	raw_bytes	0x145B53000	0x145B53180	384	0x14977E9A8
0x145B530A2	0x140878610	raw_bytes	0x145B53000	0x145B53180	384	0x14977E9A8
0x145B530C0	0x14087A220	uint32_be	0x145B53000	0x145B53180	384	0x14977E9A8
0x145B530ED	0x140878610	raw_bytes	0x145B53000	0x145B53180	384	0x14977E9A8
0x145B531B5	0x140878610	raw_bytes	0x145B53180	0x145B5331B	411	0x1497C0C14
0x145B531F9	0x14087A220	uint32_be	0x145B53180	0x145B5331B	411	0x1497C0C14
0x145B53222	0x140878610	raw_bytes	0x145B53180	0x145B5331B	411	0x1497C0C14
0x145B53250	0x140878610	raw_bytes	0x145B53180	0x145B5331B	411	0x1497C0C14
0x145B5328F	0x14087A220	uint32_be	0x145B53180	0x145B5331B	411	0x1497C0C14
0x145B53376	0x14087A270	float32_be	0x145B53320	0x145B53524	516	0x1497C5704
0x145B5339D	0x14087A270	float32_be	0x145B53320	0x145B53524	516	0x1497C5704
0x145B533C4	0x14087A270	float32_be	0x145B53320	0x145B53524	516	0x1497C5704
0x145B533EB	0x14087A270	float32_be	0x145B53320	0x145B53524	516	0x1497C5704
0x145B53432	0x140878610	raw_bytes	0x145B53320	0x145B53524	516	0x1497C5704
0x145B535B7	0x14087A220	uint32_be	0x145B53530	0x145B53779	585	0x1498C3F64
0x145B53886	0x140878610	raw_bytes	0x145B53780	0x145B53961	481	0x149781ED4
0x145B539AD	0x140878610	raw_bytes	0x145B53970	0x145B53B5E	494	0x14977E9A8
0x145B53A1A	0x14087A1C0	uint16_be	0x145B53970	0x145B53B5E	494	0x14977E9A8
0x145B53A8F	0x14087A220	uint32_be	0x145B53970	0x145B53B5E	494	0x14977E9A8
0x145B53ABC	0x140878610	raw_bytes	0x145B53970	0x145B53B5E	494	0x14977E9A8
0x145B53B12	0x14087A270	float32_be	0x145B53970	0x145B53B5E	494	0x14977E9A8
0x145B53BA2	0x140878610	raw_bytes	0x145B53B60	0x145B53D78	536	0x1498CC25C
0x145B53BF7	0x140878610	raw_bytes	0x145B53B60	0x145B53D78	536	0x1498CC25C
0x145B53C2B	0x140878610	raw_bytes	0x145B53B60	0x145B53D78	536	0x1498CC25C
0x145B53C62	0x140878610	raw_bytes	0x145B53B60	0x145B53D78	536	0x1498CC25C
0x145B53E58	0x14087A220	uint32_be	0x145B53D80	0x145B53F06	390	0x1497C0C14
0x145B53E7E	0x140878610	raw_bytes	0x145B53D80	0x145B53F06	390	0x1497C0C14
0x145B53F8A	0x14087B5C0	prefix_uint32	0x145B53F10	0x145B540C3	435	0x149C44C90
0x145B5405A	0x140878610	raw_bytes	0x145B53F10	0x145B540C3	435	0x149C44C90
0x145B541DC	0x14087A270	float32_be	0x145B54190	0x145B5434F	447	0x1497C0C14
0x145B54209	0x14087A220	uint32_be	0x145B54190	0x145B5434F	447	0x1497C0C14
0x145B54236	0x14087A220	uint32_be	0x145B54190	0x145B5434F	447	0x1497C0C14
0x145B5428C	0x14087A270	float32_be	0x145B54190	0x145B5434F	447	0x1497C0C14
0x145B542B9	0x14087A270	float32_be	0x145B54190	0x145B5434F	447	0x1497C0C14
0x145B542E3	0x14087A270	float32_be	0x145B54190	0x145B5434F	447	0x1497C0C14
0x145B5430D	0x14087A270	float32_be	0x145B54190	0x145B5434F	447	0x1497C0C14
0x145B543B3	0x14087A220	uint32_be	0x145B54350	0x145B544DD	397	0x14977E9A8
0x145B543DB	0x14087A220	uint32_be	0x145B54350	0x145B544DD	397	0x14977E9A8
0x145B54433	0x140878610	raw_bytes	0x145B54350	0x145B544DD	397	0x14977E9A8
0x145B5446C	0x14087A220	uint32_be	0x145B54350	0x145B544DD	397	0x14977E9A8
0x145B54493	0x14087A220	uint32_be	0x145B54350	0x145B544DD	397	0x14977E9A8
0x145B54520	0x14087A220	uint32_be	0x145B544E0	0x145B54702	546	0x149973C60
0x145B54547	0x14087A220	uint32_be	0x145B544E0	0x145B54702	546	0x149973C60
0x145B5456F	0x14087A220	uint32_be	0x145B544E0	0x145B54702	546	0x149973C60
0x145B5459A	0x14087A220	uint32_be	0x145B544E0	0x145B54702	546	0x149973C60
0x145B545CB	0x140878610	raw_bytes	0x145B544E0	0x145B54702	546	0x149973C60
0x145B5474B	0x14087A220	uint32_be	0x145B54710	0x145B5489E	398	0x14977E9A8
0x145B547E7	0x14087B5C0	prefix_uint32	0x145B54710	0x145B5489E	398	0x14977E9A8
0x145B54838	0x140878610	raw_bytes	0x145B54710	0x145B5489E	398	0x14977E9A8
0x145B5485D	0x14087A220	uint32_be	0x145B54710	0x145B5489E	398	0x14977E9A8
0x145B5492E	0x140878610	raw_bytes	0x145B548A0	0x145B54A3C	412	0x1497C0C14
0x145B54994	0x14087A220	uint32_be	0x145B548A0	0x145B54A3C	412	0x1497C0C14
0x145B549C4	0x140878610	raw_bytes	0x145B548A0	0x145B54A3C	412	0x1497C0C14
0x145B54A83	0x140878610	raw_bytes	0x145B54A40	0x145B54C0C	460	0x1499CB328
0x145B54AE9	0x140878610	raw_bytes	0x145B54A40	0x145B54C0C	460	0x1499CB328
0x145B54B36	0x14087B5C0	prefix_uint32	0x145B54A40	0x145B54C0C	460	0x1499CB328
0x145B54BC3	0x14087A220	uint32_be	0x145B54A40	0x145B54C0C	460	0x1499CB328
0x145B54C4A	0x140878610	raw_bytes	0x145B54C10	0x145B54E10	512	0x1498F4148
0x145B54C94	0x140878610	raw_bytes	0x145B54C10	0x145B54E10	512	0x1498F4148
0x145B54D6E	0x14087A220	uint32_be	0x145B54C10	0x145B54E10	512	0x1498F4148
0x145B54D98	0x14087A220	uint32_be	0x145B54C10	0x145B54E10	512	0x1498F4148
0x145B54E4A	0x140878610	raw_bytes	0x145B54E10	0x145B54FC9	441	0x1498F4148
0x145B54E8C	0x140878610	raw_bytes	0x145B54E10	0x145B54FC9	441	0x1498F4148
0x145B54F08	0x140878610	raw_bytes	0x145B54E10	0x145B54FC9	441	0x1498F4148
0x145B54F36	0x140878610	raw_bytes	0x145B54E10	0x145B54FC9	441	0x1498F4148
0x145B5500A	0x140878610	raw_bytes	0x145B54FD0	0x145B55149	377	0x1497C56F0
0x145B5504B	0x140878610	raw_bytes	0x145B54FD0	0x145B55149	377	0x1497C56F0
0x145B5507F	0x140878610	raw_bytes	0x145B54FD0	0x145B55149	377	0x1497C56F0
0x145B550B6	0x140878610	raw_bytes	0x145B54FD0	0x145B55149	377	0x1497C56F0
0x145B5518F	0x140878610	raw_bytes	0x145B55150	0x145B55313	451	0x14977E738
0x145B551CA	0x140878610	raw_bytes	0x145B55150	0x145B55313	451	0x14977E738
0x145B551FE	0x140878610	raw_bytes	0x145B55150	0x145B55313	451	0x14977E738
0x145B55235	0x140878610	raw_bytes	0x145B55150	0x145B55313	451	0x14977E738
0x145B5534B	0x14087A220	uint32_be	0x145B55320	0x145B55412	242	0x1498980FC
0x145B55372	0x14087A220	uint32_be	0x145B55320	0x145B55412	242	0x1498980FC
0x145B55396	0x14087A220	uint32_be	0x145B55320	0x145B55412	242	0x1498980FC
0x145B555D2	0x14087A1C0	uint16_be	0x145B55420	0x145B5560B	491	0x1498980FC
0x145B5563D	0x14087B5C0	prefix_uint32	0x145B55610	0x145B55729	281	0x1497C499C
0x145B556E5	0x14087A1C0	uint16_be	0x145B55610	0x145B55729	281	0x1497C499C
0x145B5575D	0x14087B5C0	prefix_uint32	0x145B55730	0x145B55896	358	0x1497C499C
0x145B55815	0x14087A1C0	uint16_be	0x145B55730	0x145B55896	358	0x1497C499C
0x145B55837	0x14087A270	float32_be	0x145B55730	0x145B55896	358	0x1497C499C
0x145B558CA	0x14087B5C0	prefix_uint32	0x145B558A0	0x145B5590D	109	0x149AFB708
0x145B559B7	0x140878610	raw_bytes	0x145B559A0	0x145B559E4	68	0x149C50B6C
0x145B55A19	0x14087B5C0	prefix_uint32	0x145B559F0	0x145B55A61	113	0x14986D260
0x145B55B2D	0x140878610	raw_bytes	0x145B55B0A	0x145B55B91	135	0x149C53B88
0x145B55BDF	0x14087B5C0	prefix_uint32	0x145B55BB0	0x145B55C04	84	0x149940ADC
0x145B55C57	0x14087A220	uint32_be	0x145B55C21	0x145B55CDA	185	0x149C4F778
0x145B55C7F	0x14087A270	float32_be	0x145B55C21	0x145B55CDA	185	0x149C4F778
0x145B55D3B	0x14087B5C0	prefix_uint32	0x145B55D10	0x145B55D5E	78	0x149961F08
0x145B55D93	0x14087A220	uint32_be	0x145B55D5E	0x145B55DF9	155	0x149C53C10
0x145B55DB7	0x14087A220	uint32_be	0x145B55D5E	0x145B55DF9	155	0x149C53C10
0x145B55EC0	0x14087A270	float32_be	0x145B55E20	0x145B55FE9	457	0x1499EB2A8
0x145B56104	0x14087A220	uint32_be	0x145B55FF0	0x145B56228	568	0x149C5403C
0x145B56553	0x14087A220	uint32_be	0x145B5651C	0x145B56640	292	0x149C54128
0x145B5657C	0x140878610	raw_bytes	0x145B5651C	0x145B56640	292	0x149C54128
0x145B5674C	0x14087A270	float32_be	0x145B56640	0x145B567F3	435	0x1498C73A8
0x145B5676E	0x14087A270	float32_be	0x145B56640	0x145B567F3	435	0x1498C73A8
0x145B56953	0x14087A220	uint32_be	0x145B56800	0x145B56A6F	623	0x149C53BE4
0x145B5697A	0x14087A220	uint32_be	0x145B56800	0x145B56A6F	623	0x149C53BE4
0x145B569E8	0x14087A220	uint32_be	0x145B56800	0x145B56A6F	623	0x149C53BE4
0x145B56C1D	0x14087A220	uint32_be	0x145B56BCA	0x145B56CEB	289	0x149C53AF8
0x145B56C50	0x14087A220	uint32_be	0x145B56BCA	0x145B56CEB	289	0x149C53AF8
0x145B56DD4	0x14087A220	uint32_be	0x145B56CF0	0x145B56F3C	588	0x149C53BE4
0x145B56DFB	0x14087A220	uint32_be	0x145B56CF0	0x145B56F3C	588	0x149C53BE4
0x145B56E23	0x14087A220	uint32_be	0x145B56CF0	0x145B56F3C	588	0x149C53BE4
0x145B56E45	0x14087A220	uint32_be	0x145B56CF0	0x145B56F3C	588	0x149C53BE4
0x145B56E67	0x14087A220	uint32_be	0x145B56CF0	0x145B56F3C	588	0x149C53BE4
0x145B56E89	0x14087A220	uint32_be	0x145B56CF0	0x145B56F3C	588	0x149C53BE4
0x145B56EA7	0x14087A220	uint32_be	0x145B56CF0	0x145B56F3C	588	0x149C53BE4
0x145B57137	0x14087A220	uint32_be	0x145B56F40	0x145B571FD	701	0x149C53CA4
0x145B57369	0x14087A270	float32_be	0x145B57200	0x145B57467	615	0x1498A98C8
0x145B5738B	0x14087A270	float32_be	0x145B57200	0x145B57467	615	0x1498A98C8
0x145B57565	0x14087A1C0	uint16_be	0x145B57470	0x145B57612	418	0x149940604
0x145B5758B	0x14087A270	float32_be	0x145B57470	0x145B57612	418	0x149940604
0x145B57707	0x14087A220	uint32_be	0x145B57620	0x145B57812	498	0x1498C73A8
0x145B57733	0x14087A270	float32_be	0x145B57620	0x145B57812	498	0x1498C73A8
0x145B57760	0x140878610	raw_bytes	0x145B57620	0x145B57812	498	0x1498C73A8
0x145B57922	0x14087A220	uint32_be	0x145B57820	0x145B57A7A	602	0x149C54138
0x145B57944	0x14087A270	float32_be	0x145B57820	0x145B57A7A	602	0x149C54138
0x145B57966	0x14087A270	float32_be	0x145B57820	0x145B57A7A	602	0x149C54138
0x145B57988	0x14087A270	float32_be	0x145B57820	0x145B57A7A	602	0x149C54138
0x145B579AA	0x14087A270	float32_be	0x145B57820	0x145B57A7A	602	0x149C54138
0x145B57AB1	0x140878610	raw_bytes	0x145B57A80	0x145B57B8F	271	0x149C45398
0x145B57EAD	0x140878610	raw_bytes	0x145B57E70	0x145B57F8A	282	0x1498B98E8
0x145B57F06	0x14087A220	uint32_be	0x145B57E70	0x145B57F8A	282	0x1498B98E8
0x145B57F33	0x140878610	raw_bytes	0x145B57E70	0x145B57F8A	282	0x1498B98E8
0x145B58165	0x14087A1C0	uint16_be	0x145B58110	0x145B58288	376	0x1497C43C8
0x145B58209	0x140878610	raw_bytes	0x145B58110	0x145B58288	376	0x1497C43C8
0x145B582F1	0x140878610	raw_bytes	0x145B58290	0x145B5843C	428	0x1498B99C8
0x145B5831C	0x14087A220	uint32_be	0x145B58290	0x145B5843C	428	0x1498B99C8
0x145B58375	0x140878610	raw_bytes	0x145B58290	0x145B5843C	428	0x1498B99C8
0x145B5847B	0x14087A220	uint32_be	0x145B58440	0x145B58533	243	0x1497C44B8
0x145B584F1	0x14087A220	uint32_be	0x145B58440	0x145B58533	243	0x1497C44B8
0x145B5851C	0x14087A1C0	uint16_be	0x145B58440	0x145B58533	243	0x1497C44B8
0x145B58725	0x14087A220	uint32_be	0x145B586F0	0x145B587FA	266	0x149C461D8
0x145B58761	0x14087A270	float32_be	0x145B586F0	0x145B587FA	266	0x149C461D8
0x145B5879C	0x14087A270	float32_be	0x145B586F0	0x145B587FA	266	0x149C461D8
0x145B587D7	0x14087A270	float32_be	0x145B586F0	0x145B587FA	266	0x149C461D8
0x145B58A11	0x140878610	raw_bytes	0x145B589E0	0x145B58C07	551	0x1497C43C8
0x145B58A75	0x14087A270	float32_be	0x145B589E0	0x145B58C07	551	0x1497C43C8
0x145B58AB0	0x14087A270	float32_be	0x145B589E0	0x145B58C07	551	0x1497C43C8
0x145B58AEB	0x14087A270	float32_be	0x145B589E0	0x145B58C07	551	0x1497C43C8
0x145B58B26	0x14087A270	float32_be	0x145B589E0	0x145B58C07	551	0x1497C43C8
0x145B58B61	0x14087B5C0	prefix_uint32	0x145B589E0	0x145B58C07	551	0x1497C43C8
0x145B58C4E	0x140878610	raw_bytes	0x145B58C10	0x145B58D57	327	0x1497C4434
0x145B58C72	0x140878610	raw_bytes	0x145B58C10	0x145B58D57	327	0x1497C4434
0x145B58CEE	0x140878610	raw_bytes	0x145B58C10	0x145B58D57	327	0x1497C4434
0x145B58EC0	0x14087B5C0	prefix_uint32	0x145B58E80	0x145B590BE	574	0x149A0A870
0x145B58F55	0x14087A220	uint32_be	0x145B58E80	0x145B590BE	574	0x149A0A870
0x145B58FD1	0x14087A1C0	uint16_be	0x145B58E80	0x145B590BE	574	0x149A0A870
0x145B590EE	0x14087B5C0	prefix_uint32	0x145B590C0	0x145B59140	128	0x149A2AF6C
0x145B591E6	0x140878610	raw_bytes	0x145B59140	0x145B59246	262	0x149C53E98
0x145B59208	0x14087A220	uint32_be	0x145B59140	0x145B59246	262	0x149C53E98
0x145B59295	0x14087B5C0	prefix_uint32	0x145B59260	0x145B592DF	127	0x149C53DC0
0x145CE6050	0x14087A270	float32_be	0x145CE6020	0x145CE612D	269	0x1497C0C14
0x145CE60A1	0x14087A270	float32_be	0x145CE6020	0x145CE612D	269	0x1497C0C14
0x145CE60EB	0x14087A270	float32_be	0x145CE6020	0x145CE612D	269	0x1497C0C14
0x145CE62CB	0x14087A270	float32_be	0x145CE6260	0x145CE634C	236	0x1497870DC
0x145CE630B	0x14087A270	float32_be	0x145CE6260	0x145CE634C	236	0x1497870DC
0x145CE64F6	0x14087A220	uint32_be	0x145CE6490	0x145CE662B	411	0x1497870DC
0x145CE653A	0x14087B5C0	prefix_uint32	0x145CE6490	0x145CE662B	411	0x1497870DC
0x145CE6681	0x140878610	raw_bytes	0x145CE6630	0x145CE66CF	159	0x149A343CC
0x145CE6767	0x14087A220	uint32_be	0x145CE6740	0x145CE67E8	168	0x1497870DC
0x145CE6820	0x14087A220	uint32_be	0x145CE67F0	0x145CE68D2	226	0x1497C5284
0x145CE6843	0x14087A220	uint32_be	0x145CE67F0	0x145CE68D2	226	0x1497C5284
0x145CE6867	0x14087A220	uint32_be	0x145CE67F0	0x145CE68D2	226	0x1497C5284
0x145CE690C	0x14087A220	uint32_be	0x145CE68E0	0x145CE6962	130	0x1497870DC
0x145CE69A4	0x140878610	raw_bytes	0x145CE6970	0x145CE69E7	119	0x149C397C8
0x145CE69D4	0x140878610	raw_bytes	0x145CE6970	0x145CE69E7	119	0x149C397C8
0x145CE6C1F	0x140878610	raw_bytes	0x145CE6BF0	0x145CE6CCF	223	0x14977E768
0x145CE6D17	0x14087A1C0	uint16_be	0x145CE6CF0	0x145CE6DB4	196	0x14977E768
0x145CE6D40	0x14087A270	float32_be	0x145CE6CF0	0x145CE6DB4	196	0x14977E768
0x145CE6EF1	0x14087B5C0	prefix_uint32	0x145CE6EC0	0x145CE6FFA	314	0x14977E470
0x145CE707F	0x14087A1C0	uint16_be	0x145CE7000	0x145CE70F4	244	0x1497C0C14
0x145CE70A9	0x140878610	raw_bytes	0x145CE7000	0x145CE70F4	244	0x1497C0C14
0x145CE717C	0x14087A1C0	uint16_be	0x145CE7100	0x145CE71D3	211	0x1497C0C14
0x145CE7265	0x140878610	raw_bytes	0x145CE7230	0x145CE7385	341	0x1497C0C14
0x145CE72B4	0x14087A220	uint32_be	0x145CE7230	0x145CE7385	341	0x1497C0C14
0x145CE72DB	0x14087A220	uint32_be	0x145CE7230	0x145CE7385	341	0x1497C0C14
0x145CE72FD	0x140878610	raw_bytes	0x145CE7230	0x145CE7385	341	0x1497C0C14
0x145CE7325	0x14087B5C0	prefix_uint32	0x145CE7230	0x145CE7385	341	0x1497C0C14
0x145CE73C0	0x140878610	raw_bytes	0x145CE7390	0x145CE73DD	77	0x1498B2E58
0x145CE749E	0x140878610	raw_bytes	0x145CE7470	0x145CE754C	220	0x14977E768
0x145CE76D1	0x14087A1C0	uint16_be	0x145CE7570	0x145CE7704	404	0x1497C0C14
0x145CE7865	0x140878610	raw_bytes	0x145CE7830	0x145CE7918	232	0x1497870DC
0x145CE78D5	0x140878610	raw_bytes	0x145CE7830	0x145CE7918	232	0x1497870DC
0x145CE794C	0x14087A220	uint32_be	0x145CE7920	0x145CE79ED	205	0x1497870DC
0x145CE7974	0x14087A220	uint32_be	0x145CE7920	0x145CE79ED	205	0x1497870DC
0x145CE799D	0x14087A270	float32_be	0x145CE7920	0x145CE79ED	205	0x1497870DC
0x145CE7B34	0x140878610	raw_bytes	0x145CE7AA0	0x145CE7BA8	264	0x1497C0C14
0x145CE7D85	0x140878610	raw_bytes	0x145CE7D50	0x145CE7E3E	238	0x1497C0C14
0x145CE8214	0x14087A1C0	uint16_be	0x145CE8190	0x145CE825C	204	0x14977E768
0x145CE828F	0x140878610	raw_bytes	0x145CE8260	0x145CE8340	224	0x1497870DC
0x145CE8390	0x14087A220	uint32_be	0x145CE8360	0x145CE842F	207	0x149A1ED58
0x145CE83B8	0x14087A220	uint32_be	0x145CE8360	0x145CE842F	207	0x149A1ED58
0x145CE83E2	0x140878610	raw_bytes	0x145CE8360	0x145CE842F	207	0x149A1ED58
0x145CE84DF	0x140878610	raw_bytes	0x145CE84B0	0x145CE85C4	276	0x14977E768
0x145CE8625	0x140878610	raw_bytes	0x145CE85F0	0x145CE86CA	218	0x1497870DC
0x145CE873C	0x140878610	raw_bytes	0x145CE86D0	0x145CE8819	329	0x14978CD5C
0x145CE8853	0x14087A220	uint32_be	0x145CE8820	0x145CE898C	364	0x149C39878
0x145CE889E	0x14087A220	uint32_be	0x145CE8820	0x145CE898C	364	0x149C39878
0x145CE88E9	0x14087A220	uint32_be	0x145CE8820	0x145CE898C	364	0x149C39878
0x145CE8A94	0x14087A220	uint32_be	0x145CE8A30	0x145CE8B20	240	0x1497870DC
0x145CE8B47	0x14087A220	uint32_be	0x145CE8B20	0x145CE8B84	100	0x149C3AA9C
0x145CE8B74	0x14087A1C0	uint16_be	0x145CE8B20	0x145CE8B84	100	0x149C3AA9C
0x145CE8C96	0x14087B5C0	prefix_uint32	0x145CE8C40	0x145CE9068	1064	0x14978231C
0x145CE8CB4	0x14087B5C0	prefix_uint32	0x145CE8C40	0x145CE9068	1064	0x14978231C
0x145CE8CD2	0x14087B5C0	prefix_uint32	0x145CE8C40	0x145CE9068	1064	0x14978231C
0x145CE8CF0	0x14087B5C0	prefix_uint32	0x145CE8C40	0x145CE9068	1064	0x14978231C
0x145CE8D0E	0x14087B5C0	prefix_uint32	0x145CE8C40	0x145CE9068	1064	0x14978231C
0x145CE8D2C	0x14087B5C0	prefix_uint32	0x145CE8C40	0x145CE9068	1064	0x14978231C
0x145CE8D4A	0x14087B5C0	prefix_uint32	0x145CE8C40	0x145CE9068	1064	0x14978231C
0x145CE8D68	0x14087B5C0	prefix_uint32	0x145CE8C40	0x145CE9068	1064	0x14978231C
0x145CE8E08	0x140878610	raw_bytes	0x145CE8C40	0x145CE9068	1064	0x14978231C
0x145CE8E24	0x140878610	raw_bytes	0x145CE8C40	0x145CE9068	1064	0x14978231C
0x145CE8E7D	0x14087A220	uint32_be	0x145CE8C40	0x145CE9068	1064	0x14978231C
0x145CE9096	0x14087B5C0	prefix_uint32	0x145CE9070	0x145CE92A3	563	0x1498BD288
0x145CE90B6	0x140878610	raw_bytes	0x145CE9070	0x145CE92A3	563	0x1498BD288
0x145CE90DA	0x14087B5C0	prefix_uint32	0x145CE9070	0x145CE92A3	563	0x1498BD288
0x145CE91DF	0x14087A220	uint32_be	0x145CE9070	0x145CE92A3	563	0x1498BD288
0x145CE9314	0x14087A220	uint32_be	0x145CE92B0	0x145CE93B1	257	0x1497D29D4
0x145CE969A	0x14087A220	uint32_be	0x145CE9670	0x145CE9775	261	0x149C36250
0x145CE98A3	0x14087B5C0	prefix_uint32	0x145CE9870	0x145CE9963	243	0x1498CC790
0x145CE99B0	0x14087B5C0	prefix_uint32	0x145CE9970	0x145CE9B46	470	0x149C3B094
0x145CE9A49	0x140878610	raw_bytes	0x145CE9970	0x145CE9B46	470	0x149C3B094
0x145CE9BFD	0x14087B5C0	prefix_uint32	0x145CE9B90	0x145CE9C5A	202	0x149940E60
0x145CE9D56	0x14087A270	float32_be	0x145CE9C5A	0x145CE9E46	492	0x149C3DFD0
0x145CE9ECD	0x14087B5C0	prefix_uint32	0x145CE9E60	0x145CE9F2A	202	0x149C3DF04
0x145CEA02C	0x140878610	raw_bytes	0x145CE9F2A	0x145CEA126	508	0x149C3DF14
0x145CEA1B7	0x14087A270	float32_be	0x145CEA190	0x145CEA265	213	0x149789B48
0x145CEA1DE	0x14087A270	float32_be	0x145CEA190	0x145CEA265	213	0x149789B48
0x145D25EEF	0x140878610	raw_bytes	0x145D25E50	0x145D25F44	244	0x149780384
0x145D28BDC	0x14087A220	uint32_be	0x145D28B90	0x145D28C28	152	0x1497C4728
0x145D292DF	0x14087B5C0	prefix_uint32	0x145D29280	0x145D29384	260	0x1498BC120
0x145D29333	0x14087A220	uint32_be	0x145D29280	0x145D29384	260	0x1498BC120
0x145D2AFAA	0x14087A1C0	uint16_be	0x145D2AF80	0x145D2B013	147	0x1497D8048
0x145D2AFE9	0x14087A1C0	uint16_be	0x145D2AF80	0x145D2B013	147	0x1497D8048
0x145D2B037	0x14087B5C0	prefix_uint32	0x145D2B013	0x145D2B13C	297	0x149C5638C
0x145D2B106	0x140878610	raw_bytes	0x145D2B013	0x145D2B13C	297	0x149C5638C
0x145D2B17A	0x14087A270	float32_be	0x145D2B150	0x145D2B301	433	0x149A4CD9C
0x145D2B1C3	0x14087B5C0	prefix_uint32	0x145D2B150	0x145D2B301	433	0x149A4CD9C
0x145D2B295	0x14087A270	float32_be	0x145D2B150	0x145D2B301	433	0x149A4CD9C
0x145D2B347	0x14087A220	uint32_be	0x145D2B310	0x145D2B51A	522	0x1498C3F4C
0x145D2B374	0x14087A220	uint32_be	0x145D2B310	0x145D2B51A	522	0x1498C3F4C
0x145D2B3A1	0x14087A220	uint32_be	0x145D2B310	0x145D2B51A	522	0x1498C3F4C
0x145D2B403	0x14087B5C0	prefix_uint32	0x145D2B310	0x145D2B51A	522	0x1498C3F4C
0x145D2B4C3	0x14087A220	uint32_be	0x145D2B310	0x145D2B51A	522	0x1498C3F4C
0x145D2B559	0x14087B5C0	prefix_uint32	0x145D2B520	0x145D2B708	488	0x1497C018C
0x145D2B5E5	0x14087B5C0	prefix_uint32	0x145D2B520	0x145D2B708	488	0x1497C018C
0x145D2B67C	0x14087A270	float32_be	0x145D2B520	0x145D2B708	488	0x1497C018C
0x145D2B752	0x14087B5C0	prefix_uint32	0x145D2B710	0x145D2B8ED	477	0x1497C8564
0x145D2B813	0x14087A220	uint32_be	0x145D2B710	0x145D2B8ED	477	0x1497C8564
0x145D2B856	0x140878610	raw_bytes	0x145D2B710	0x145D2B8ED	477	0x1497C8564
0x145D2B887	0x14087A220	uint32_be	0x145D2B710	0x145D2B8ED	477	0x1497C8564
0x145D2B932	0x14087B5C0	prefix_uint32	0x145D2B8F0	0x145D2BB52	610	0x14983C1DC
0x145D2B9E6	0x140878610	raw_bytes	0x145D2B8F0	0x145D2BB52	610	0x14983C1DC
0x145D2BA1F	0x14087B5C0	prefix_uint32	0x145D2B8F0	0x145D2BB52	610	0x14983C1DC
0x145D2BBF1	0x14087B5C0	prefix_uint32	0x145D2BBC9	0x145D2BD48	383	0x149C56664
0x145D2BC57	0x14087A220	uint32_be	0x145D2BBC9	0x145D2BD48	383	0x149C56664
0x145D2BC7F	0x14087A270	float32_be	0x145D2BBC9	0x145D2BD48	383	0x149C56664
0x145D2BCE8	0x140878610	raw_bytes	0x145D2BBC9	0x145D2BD48	383	0x149C56664
0x145D2BD9C	0x140878610	raw_bytes	0x145D2BD60	0x145D2BDCC	108	0x1498D1F7C
0x145D2BDF5	0x14087B5C0	prefix_uint32	0x145D2BDCC	0x145D2BF26	346	0x149C566B0
0x145D2BE78	0x140878610	raw_bytes	0x145D2BDCC	0x145D2BF26	346	0x149C566B0
0x145D2BF9A	0x140878610	raw_bytes	0x145D2BF60	0x145D2C12C	460	0x1497C5298
0x145D2BFF8	0x14087A220	uint32_be	0x145D2BF60	0x145D2C12C	460	0x1497C5298
0x145D2C023	0x14087A220	uint32_be	0x145D2BF60	0x145D2C12C	460	0x1497C5298
0x145D2C04A	0x14087A220	uint32_be	0x145D2BF60	0x145D2C12C	460	0x1497C5298
0x145D2C0A4	0x140878610	raw_bytes	0x145D2BF60	0x145D2C12C	460	0x1497C5298
0x145D2C0DD	0x14087A220	uint32_be	0x145D2BF60	0x145D2C12C	460	0x1497C5298
0x145D2C162	0x140878610	raw_bytes	0x145D2C130	0x145D2C1AF	127	0x149C565CC
0x145D2C1F0	0x14087B5C0	prefix_uint32	0x145D2C1AF	0x145D2C2F6	327	0x149C565DC
0x145D2C282	0x140878610	raw_bytes	0x145D2C1AF	0x145D2C2F6	327	0x149C565DC
0x145D2C367	0x140878610	raw_bytes	0x145D2C330	0x145D2C4C4	404	0x149C5632C
0x145D2C82D	0x140878610	raw_bytes	0x145D2C750	0x145D2CAD1	897	0x149C5657C
0x145D2C8CF	0x140878610	raw_bytes	0x145D2C750	0x145D2CAD1	897	0x149C5657C
0x145D2CDB4	0x14087A270	float32_be	0x145D2CAE0	0x145D2CF2E	1102	0x149C5641C
0x145D2CDD6	0x14087A270	float32_be	0x145D2CAE0	0x145D2CF2E	1102	0x149C5641C
0x145D38288	0x14087B5C0	prefix_uint32	0x145D38230	0x145D3833B	267	0x1497C5284
0x145D382F1	0x14087B5C0	prefix_uint32	0x145D38230	0x145D3833B	267	0x1497C5284
0x145D38379	0x140878610	raw_bytes	0x145D38340	0x145D384A3	355	0x149782EC4
0x145D383C0	0x14087A220	uint32_be	0x145D38340	0x145D384A3	355	0x149782EC4
0x145D383ED	0x14087A220	uint32_be	0x145D38340	0x145D384A3	355	0x149782EC4
0x145D38512	0x14087A270	float32_be	0x145D384B0	0x145D38593	227	0x1497870DC
0x145D386C7	0x14087A220	uint32_be	0x145D386A0	0x145D387A0	256	0x14977E768
0x145D38707	0x14087A220	uint32_be	0x145D386A0	0x145D387A0	256	0x14977E768
0x145D38747	0x14087A270	float32_be	0x145D386A0	0x145D387A0	256	0x14977E768
0x145D387BB	0x140878610	raw_bytes	0x145D387A0	0x145D387DF	63	0x14977EC34
0x145D3880B	0x14087A220	uint32_be	0x145D387E0	0x145D38896	182	0x1497870DC
0x145D3884C	0x14087A220	uint32_be	0x145D387E0	0x145D38896	182	0x1497870DC
0x145D3B855	0x14087B5C0	prefix_uint32	0x145D3B7F0	0x145D3B8EC	252	0x149C5A508
0x145D3D765	0x14087B5C0	prefix_uint32	0x145D3D700	0x145D3D7DE	222	0x14978003C
0x145D3F955	0x14087A220	uint32_be	0x145D3F900	0x145D3FA22	290	0x149782EC4
0x145D3F9A6	0x14087B5C0	prefix_uint32	0x145D3F900	0x145D3FA22	290	0x149782EC4
0x145D43415	0x14087A270	float32_be	0x145D433C0	0x145D43533	371	0x1497C5284
0x145D4343C	0x14087A270	float32_be	0x145D433C0	0x145D43533	371	0x1497C5284
0x145D43463	0x14087A270	float32_be	0x145D433C0	0x145D43533	371	0x1497C5284
0x145D43490	0x140878610	raw_bytes	0x145D433C0	0x145D43533	371	0x1497C5284
0x145D434C2	0x14087A270	float32_be	0x145D433C0	0x145D43533	371	0x1497C5284
0x145D434EC	0x140878610	raw_bytes	0x145D433C0	0x145D43533	371	0x1497C5284
0x145D44875	0x14087B5C0	prefix_uint32	0x145D44810	0x145D448EE	222	0x14978003C
0x145D5682F	0x14087B5C0	prefix_uint32	0x145D56814	0x145D5685C	72	0x149C5B6E0
0x145D56915	0x140878610	raw_bytes	0x145D568F5	0x145D56963	110	0x149C5B708
0x145D569F0	0x14087A270	float32_be	0x145D56990	0x145D56B2C	412	0x1497C0C14
0x145D56A42	0x14087A220	uint32_be	0x145D56990	0x145D56B2C	412	0x1497C0C14
0x145D56A75	0x140878610	raw_bytes	0x145D56990	0x145D56B2C	412	0x1497C0C14
0x145D56AC0	0x14087B5C0	prefix_uint32	0x145D56990	0x145D56B2C	412	0x1497C0C14
0x145D56B96	0x14087A220	uint32_be	0x145D56B30	0x145D56CF8	456	0x1499EB2A8
0x145D56BCB	0x14087A270	float32_be	0x145D56B30	0x145D56CF8	456	0x1499EB2A8
0x145D56EBD	0x140878610	raw_bytes	0x145D56E71	0x145D56FD1	352	0x149C5D71C
0x145D57144	0x14087A220	uint32_be	0x145D56FE0	0x145D57284	676	0x149C5D67C
0x145D57186	0x14087B5C0	prefix_uint32	0x145D56FE0	0x145D57284	676	0x149C5D67C
0x145D57394	0x14087A220	uint32_be	0x145D57290	0x145D57477	487	0x1498A98C8
0x145D573B6	0x14087A220	uint32_be	0x145D57290	0x145D57477	487	0x1498A98C8
0x145D573D8	0x14087A220	uint32_be	0x145D57290	0x145D57477	487	0x1498A98C8
0x145D5756C	0x14087A270	float32_be	0x145D57480	0x145D57625	421	0x149C53BE4
0x145D921D0	0x14087B5C0	prefix_uint32	0x145D92160	0x145D9222E	206	0x149C5AE3C
0x145D9236E	0x140878610	raw_bytes	0x145D9222E	0x145D924B2	644	0x149C5AE4C
0x146144F6F	0x14087A220	uint32_be	0x146144F40	0x1461450E8	424	0x1497C0C14
0x14614504F	0x14087A220	uint32_be	0x146144F40	0x1461450E8	424	0x1497C0C14
0x14614507C	0x14087B5C0	prefix_uint32	0x146144F40	0x1461450E8	424	0x1497C0C14
0x14614512B	0x14087B5C0	prefix_uint32	0x1461450F0	0x146145304	532	0x1497C8564
0x1461451CA	0x14087A220	uint32_be	0x1461450F0	0x146145304	532	0x1497C8564
0x14614523C	0x14087A220	uint32_be	0x1461450F0	0x146145304	532	0x1497C8564
0x146145267	0x14087A220	uint32_be	0x1461450F0	0x146145304	532	0x1497C8564
0x14614528E	0x14087A220	uint32_be	0x1461450F0	0x146145304	532	0x1497C8564
0x146145346	0x14087B5C0	prefix_uint32	0x146145310	0x146145378	104	0x149C9BD4C
0x146145464	0x14087A220	uint32_be	0x1461453F0	0x1461454C5	213	0x149C9BD78
0x14614548E	0x14087A220	uint32_be	0x1461453F0	0x1461454C5	213	0x149C9BD78
0x1461454F8	0x14087A220	uint32_be	0x1461454D0	0x1461455E9	281	0x149795674
0x146145525	0x140878610	raw_bytes	0x1461454D0	0x1461455E9	281	0x149795674
0x14614554F	0x140878610	raw_bytes	0x1461454D0	0x1461455E9	281	0x149795674
0x146145616	0x140878610	raw_bytes	0x1461455F0	0x1461456A4	180	0x14977D3BC
0x14614563E	0x140878610	raw_bytes	0x1461455F0	0x1461456A4	180	0x14977D3BC
0x146145669	0x140878610	raw_bytes	0x1461455F0	0x1461456A4	180	0x14977D3BC
0x1461ABE58	0x140878610	raw_bytes	0x1461ABDF0	0x1461ABF03	275	0x1497870DC
0x1461ABE99	0x140878610	raw_bytes	0x1461ABDF0	0x1461ABF03	275	0x1497870DC
0x1461ABF40	0x14087A220	uint32_be	0x1461ABF10	0x1461ABFE7	215	0x149955024
0x1461AC057	0x140878610	raw_bytes	0x1461ABFF0	0x1461AC11D	301	0x14977E768
0x1461AC095	0x140878610	raw_bytes	0x1461ABFF0	0x1461AC11D	301	0x14977E768
0x1461AC0D0	0x14087A220	uint32_be	0x1461ABFF0	0x1461AC11D	301	0x14977E768
0x1461AC14C	0x14087A220	uint32_be	0x1461AC120	0x1461AC25D	317	0x1497870DC
0x1461AC179	0x140878610	raw_bytes	0x1461AC120	0x1461AC25D	317	0x1497870DC
0x1461AC1A3	0x140878610	raw_bytes	0x1461AC120	0x1461AC25D	317	0x1497870DC
0x1461AC28C	0x140878610	raw_bytes	0x1461AC260	0x1461AC3D7	375	0x1497C43C8
0x1461AC320	0x140878610	raw_bytes	0x1461AC260	0x1461AC3D7	375	0x1497C43C8
0x1461AC342	0x14087A220	uint32_be	0x1461AC260	0x1461AC3D7	375	0x1497C43C8
0x1461AC453	0x14087A2D0	float64_be	0x1461AC3E0	0x1461AC50B	299	0x149C97CB0
0x1461AC68D	0x14087A220	uint32_be	0x1461AC5E0	0x1461AC725	325	0x149C98BCC
0x1461AC7B6	0x140878610	raw_bytes	0x1461AC730	0x1461AC8CE	414	0x149C9921C
0x1461AC85B	0x140878610	raw_bytes	0x1461AC730	0x1461AC8CE	414	0x149C9921C
0x1461ACCD5	0x140878610	raw_bytes	0x1461ACCA0	0x1461ACD84	228	0x1497870DC
0x1461ACE0D	0x140878610	raw_bytes	0x1461ACDE0	0x1461ACE68	136	0x14977D3F0
0x1461ACE42	0x140878610	raw_bytes	0x1461ACDE0	0x1461ACE68	136	0x14977D3F0
0x1461ACEB3	0x140878610	raw_bytes	0x1461ACE70	0x1461ACFD1	353	0x14983B538
0x1461ACEDD	0x140878610	raw_bytes	0x1461ACE70	0x1461ACFD1	353	0x14983B538
0x1461ACF0C	0x140878610	raw_bytes	0x1461ACE70	0x1461ACFD1	353	0x14983B538
0x1461ACF7C	0x140878610	raw_bytes	0x1461ACE70	0x1461ACFD1	353	0x14983B538
0x1461AD00A	0x14087B5C0	prefix_uint32	0x1461ACFE0	0x1461AD125	325	0x14978003C
0x1461AD0FA	0x140878610	raw_bytes	0x1461ACFE0	0x1461AD125	325	0x14978003C
0x1461B1204	0x140878610	raw_bytes	0x1461B11C0	0x1461B1225	101	0x14978552C
0x1465632CB	0x14087A220	uint32_be	0x146563250	0x14656332F	223	0x149A07B40
0x146563D79	0x140878610	raw_bytes	0x146563D5C	0x146563DCE	114	0x149D03C0C
0x14656A089	0x140878610	raw_bytes	0x14656A06C	0x14656A0DE	114	0x149CFF974
0x14656C541	0x14087A220	uint32_be	0x14656C440	0x14656C5BD	381	0x149C540B0
0x1465717E7	0x14087A220	uint32_be	0x146571780	0x14657188E	270	0x149949114
0x14657183D	0x14087A220	uint32_be	0x146571780	0x14657188E	270	0x149949114
0x1465736F2	0x140878610	raw_bytes	0x146573690	0x146573782	242	0x14977E768
0x146576451	0x14087A270	float32_be	0x1465763F0	0x1465764D7	231	0x1497870DC
0x146576C2D	0x14087A1C0	uint16_be	0x146576BE0	0x146576C7A	154	0x1497870DC
0x146577FFE	0x140878610	raw_bytes	0x146577F90	0x146578089	249	0x14978CD5C
0x14657A5CB	0x14087A270	float32_be	0x14657A560	0x14657A60E	174	0x14977E768
0x146585FA3	0x14087A220	uint32_be	0x146585F50	0x146586076	294	0x1497C5284
0x146585FDB	0x14087A270	float32_be	0x146585F50	0x146586076	294	0x1497C5284
0x14658600F	0x14087A220	uint32_be	0x146585F50	0x146586076	294	0x1497C5284
0x146586043	0x14087A270	float32_be	0x146585F50	0x146586076	294	0x1497C5284
0x146588358	0x140878610	raw_bytes	0x1465882C0	0x1465883CB	267	0x1497870DC
0x146588588	0x140878610	raw_bytes	0x146588500	0x146588640	320	0x1497C0C14
0x1465885C0	0x140878610	raw_bytes	0x146588500	0x146588640	320	0x1497C0C14
0x146590321	0x14087A220	uint32_be	0x1465902C0	0x1465903D3	275	0x14978003C
0x146594EF7	0x14087A220	uint32_be	0x146594EDA	0x146594F3B	97	0x149CFFC40
0x146594F58	0x140878610	raw_bytes	0x146594F3B	0x146594FAD	114	0x149CFFC54
0x1465962B2	0x14087A270	float32_be	0x146596230	0x1465962E2	178	0x1497870DC
0x14659729D	0x14087A270	float32_be	0x146597210	0x14659736A	346	0x149D10A98
0x1465972D1	0x14087A220	uint32_be	0x146597210	0x14659736A	346	0x149D10A98
0x146599965	0x140878610	raw_bytes	0x146599910	0x146599A29	281	0x149D1052C
0x1465A1137	0x14087A270	float32_be	0x1465A10B0	0x1465A1167	183	0x1497870DC
0x1465A3615	0x14087A220	uint32_be	0x1465A35B0	0x1465A371B	363	0x1497C0C14
0x1465A3659	0x14087A220	uint32_be	0x1465A35B0	0x1465A371B	363	0x1497C0C14
0x1465A3697	0x140878610	raw_bytes	0x1465A35B0	0x1465A371B	363	0x1497C0C14
0x1465A36BA	0x14087A220	uint32_be	0x1465A35B0	0x1465A371B	363	0x1497C0C14
0x1465A5A93	0x14087A270	float32_be	0x1465A5A00	0x1465A5AC3	195	0x1497870DC
0x1465A62D4	0x14087A1C0	uint16_be	0x1465A6270	0x1465A6393	291	0x1498BD288
0x1465A6312	0x14087A220	uint32_be	0x1465A6270	0x1465A6393	291	0x1498BD288
0x1465A6368	0x14087A220	uint32_be	0x1465A6270	0x1465A6393	291	0x1498BD288
0x1465A8672	0x14087A220	uint32_be	0x1465A8620	0x1465A86F6	214	0x1497870DC
0x1465AA7DD	0x14087A220	uint32_be	0x1465AA790	0x1465AA829	153	0x1497870DC
0x1465AAF4B	0x14087A220	uint32_be	0x1465AAED0	0x1465AAFAF	223	0x149A07B40
0x1465AFD45	0x14087A220	uint32_be	0x1465AFCF0	0x1465AFE1F	303	0x149D00404
0x1465B37A2	0x14087A1C0	uint16_be	0x1465B3740	0x1465B3842	258	0x1497870DC
0x1465B37ED	0x140878610	raw_bytes	0x1465B3740	0x1465B3842	258	0x1497870DC
0x1465B63C1	0x14087A270	float32_be	0x1465B6370	0x1465B6463	243	0x1497870DC
0x1465B63FA	0x14087A270	float32_be	0x1465B6370	0x1465B6463	243	0x1497870DC
0x1465B6433	0x14087A270	float32_be	0x1465B6370	0x1465B6463	243	0x1497870DC
0x1465B668C	0x14087A220	uint32_be	0x1465B6620	0x1465B6736	278	0x14977E768
0x1465B66DD	0x14087A220	uint32_be	0x1465B6620	0x1465B6736	278	0x14977E768
0x1465B81B0	0x14087A220	uint32_be	0x1465B8160	0x1465B823F	223	0x1497870DC
0x1465B81F3	0x14087A220	uint32_be	0x1465B8160	0x1465B823F	223	0x1497870DC
0x1465B8B41	0x14087A270	float32_be	0x1465B8AE0	0x1465B8BF6	278	0x14977E768
0x1465B8B6D	0x14087A270	float32_be	0x1465B8AE0	0x1465B8BF6	278	0x14977E768
0x1465B8B96	0x14087A270	float32_be	0x1465B8AE0	0x1465B8BF6	278	0x14977E768
0x1465BC4BA	0x14087A220	uint32_be	0x1465BC370	0x1465BC5C0	592	0x149D16B80
0x1465E6366	0x140878610	raw_bytes	0x1465E6290	0x1465E63EE	350	0x149D23050
0x1465E6421	0x14087A220	uint32_be	0x1465E63F0	0x1465E64C4	212	0x149896630
0x1465E645F	0x14087A220	uint32_be	0x1465E63F0	0x1465E64C4	212	0x149896630
0x1465E64E5	0x140878610	raw_bytes	0x1465E64C4	0x1465E6537	115	0x149D1E680
0x1465E6585	0x14087A270	float32_be	0x1465E6550	0x1465E66C6	374	0x1499B0FC0
0x1465E65C0	0x14087A270	float32_be	0x1465E6550	0x1465E66C6	374	0x1499B0FC0
0x1465E65FB	0x14087A270	float32_be	0x1465E6550	0x1465E66C6	374	0x1499B0FC0
0x1465E6636	0x14087A270	float32_be	0x1465E6550	0x1465E66C6	374	0x1499B0FC0
0x1465E6677	0x140878610	raw_bytes	0x1465E6550	0x1465E66C6	374	0x1499B0FC0
0x1465E6704	0x140878610	raw_bytes	0x1465E66D0	0x1465E684D	381	0x149D20A08
0x1465E673C	0x14087A270	float32_be	0x1465E66D0	0x1465E684D	381	0x149D20A08
0x1465E688D	0x14087A220	uint32_be	0x1465E6850	0x1465E69E8	408	0x149D0E158
0x1465E68ED	0x14087B5C0	prefix_uint32	0x1465E6850	0x1465E69E8	408	0x149D0E158
0x1465E6AD5	0x14087A220	uint32_be	0x1465E6AA0	0x1465E6BD4	308	0x14989EB2C
0x1465E6B2D	0x14087A220	uint32_be	0x1465E6AA0	0x1465E6BD4	308	0x14989EB2C
0x1465E6B8B	0x140878610	raw_bytes	0x1465E6AA0	0x1465E6BD4	308	0x14989EB2C
0x1465E6C6E	0x14087A1C0	uint16_be	0x1465E6BE0	0x1465E6D0B	299	0x14989EB2C
0x1465E6CC7	0x14087A220	uint32_be	0x1465E6BE0	0x1465E6D0B	299	0x14989EB2C
0x1465E6D45	0x14087A220	uint32_be	0x1465E6D10	0x1465E6E81	369	0x14989EB2C
0x1465E6D9D	0x14087A220	uint32_be	0x1465E6D10	0x1465E6E81	369	0x14989EB2C
0x1465E6DF7	0x140878610	raw_bytes	0x1465E6D10	0x1465E6E81	369	0x14989EB2C
0x1465E6E38	0x140878610	raw_bytes	0x1465E6D10	0x1465E6E81	369	0x14989EB2C
0x1465E7364	0x14087A220	uint32_be	0x1465E7330	0x1465E73AA	122	0x14977D358
0x1465E73F4	0x14087B5C0	prefix_uint32	0x1465E73B0	0x1465E7516	358	0x149D20A38
0x1465E75F8	0x140878610	raw_bytes	0x1465E7541	0x1465E76E8	423	0x149D20A78
0x1465E763A	0x140878610	raw_bytes	0x1465E7541	0x1465E76E8	423	0x149D20A78
0x1465E7678	0x140878610	raw_bytes	0x1465E7541	0x1465E76E8	423	0x149D20A78
0x1465E76B3	0x140878610	raw_bytes	0x1465E7541	0x1465E76E8	423	0x149D20A78
0x1465E773A	0x140878610	raw_bytes	0x1465E771A	0x1465E7782	104	0x149D20AB0
0x14669CB7F	0x14087B5C0	prefix_uint32	0x14669CB50	0x14669CBD1	129	0x14978BF4C
0x14669CC9F	0x14087B5C0	prefix_uint32	0x14669CC70	0x14669CCF1	129	0x14978BF4C
0x14669CDBF	0x14087A270	float32_be	0x14669CD90	0x14669CF53	451	0x1497C0C14
0x14669CDEB	0x14087A270	float32_be	0x14669CD90	0x14669CF53	451	0x1497C0C14
0x14669CE18	0x14087A270	float32_be	0x14669CD90	0x14669CF53	451	0x1497C0C14
0x14669CE72	0x14087A270	float32_be	0x14669CD90	0x14669CF53	451	0x1497C0C14
0x14669CE9F	0x14087A270	float32_be	0x14669CD90	0x14669CF53	451	0x1497C0C14
0x14669CECC	0x14087A270	float32_be	0x14669CD90	0x14669CF53	451	0x1497C0C14
0x14669CEF6	0x14087A270	float32_be	0x14669CD90	0x14669CF53	451	0x1497C0C14
0x14669CF20	0x14087A220	uint32_be	0x14669CD90	0x14669CF53	451	0x1497C0C14
0x14669CFBC	0x140878610	raw_bytes	0x14669CF60	0x14669D0D6	374	0x1497C0C14
0x14669CFFD	0x140878610	raw_bytes	0x14669CF60	0x14669D0D6	374	0x1497C0C14
0x14669D02E	0x14087A220	uint32_be	0x14669CF60	0x14669D0D6	374	0x1497C0C14
0x14669D052	0x14087A220	uint32_be	0x14669CF60	0x14669D0D6	374	0x1497C0C14
0x14669D09A	0x14087A220	uint32_be	0x14669CF60	0x14669D0D6	374	0x1497C0C14
0x14669DCC9	0x14087A1C0	uint16_be	0x14669DC90	0x14669DF1E	654	0x149D234E0
0x14669DCFD	0x14087A1C0	uint16_be	0x14669DC90	0x14669DF1E	654	0x149D234E0
0x14669DF61	0x14087B5C0	prefix_uint32	0x14669DF20	0x14669E1B0	656	0x149D1CA4C
0x14669DFCC	0x14087A220	uint32_be	0x14669DF20	0x14669E1B0	656	0x149D1CA4C
0x14669DFF4	0x14087A1C0	uint16_be	0x14669DF20	0x14669E1B0	656	0x149D1CA4C
0x14669E061	0x140878610	raw_bytes	0x14669DF20	0x14669E1B0	656	0x149D1CA4C
0x14669E0C9	0x14087B5C0	prefix_uint32	0x14669DF20	0x14669E1B0	656	0x149D1CA4C
0x14669E127	0x14087A220	uint32_be	0x14669DF20	0x14669E1B0	656	0x149D1CA4C
0x14669E14B	0x14087A220	uint32_be	0x14669DF20	0x14669E1B0	656	0x149D1CA4C
0x14669E1E8	0x14087B5C0	prefix_uint32	0x14669E1B0	0x14669E327	375	0x149A4E9F8
0x14669E25F	0x14087A220	uint32_be	0x14669E1B0	0x14669E327	375	0x149A4E9F8
0x14669E372	0x14087B5C0	prefix_uint32	0x14669E330	0x14669E553	547	0x1497C7E58
0x14669E465	0x14087B5C0	prefix_uint32	0x14669E330	0x14669E553	547	0x1497C7E58
0x14669E4C7	0x14087A220	uint32_be	0x14669E330	0x14669E553	547	0x1497C7E58
0x14669E4EB	0x14087A220	uint32_be	0x14669E330	0x14669E553	547	0x1497C7E58
0x14669E593	0x14087B5C0	prefix_uint32	0x14669E560	0x14669E61B	187	0x1497C977C
0x14669E71B	0x14087A220	uint32_be	0x14669E6E0	0x14669E87A	410	0x1498BD29C
0x14669E742	0x14087A220	uint32_be	0x14669E6E0	0x14669E87A	410	0x1498BD29C
0x14669E76A	0x14087A220	uint32_be	0x14669E6E0	0x14669E87A	410	0x1498BD29C
0x14669E795	0x14087A220	uint32_be	0x14669E6E0	0x14669E87A	410	0x1498BD29C
0x14669E7C0	0x14087A220	uint32_be	0x14669E6E0	0x14669E87A	410	0x1498BD29C
0x14669E7EB	0x14087A220	uint32_be	0x14669E6E0	0x14669E87A	410	0x1498BD29C
0x14669E812	0x14087A220	uint32_be	0x14669E6E0	0x14669E87A	410	0x1498BD29C
0x14669E839	0x14087A220	uint32_be	0x14669E6E0	0x14669E87A	410	0x1498BD29C
0x14669E8BB	0x14087A220	uint32_be	0x14669E880	0x14669EA00	384	0x1498C3F4C
0x14669E8F1	0x14087B5C0	prefix_uint32	0x14669E880	0x14669EA00	384	0x1498C3F4C
0x14669E983	0x14087A220	uint32_be	0x14669E880	0x14669EA00	384	0x1498C3F4C
0x14669E9A6	0x14087A220	uint32_be	0x14669E880	0x14669EA00	384	0x1498C3F4C
0x14669EA3D	0x140878610	raw_bytes	0x14669EA00	0x14669EBC3	451	0x14977E9A8
0x14669EA8E	0x140878610	raw_bytes	0x14669EA00	0x14669EBC3	451	0x14977E9A8
0x14669EAD6	0x14087A270	float32_be	0x14669EA00	0x14669EBC3	451	0x14977E9A8
0x14669EAFD	0x14087A270	float32_be	0x14669EA00	0x14669EBC3	451	0x14977E9A8
0x14669EB25	0x140878610	raw_bytes	0x14669EA00	0x14669EBC3	451	0x14977E9A8
0x14669EB5E	0x14087A220	uint32_be	0x14669EA00	0x14669EBC3	451	0x14977E9A8
0x14669EB85	0x14087A270	float32_be	0x14669EA00	0x14669EBC3	451	0x14977E9A8
0x14669EC4A	0x14087B5C0	prefix_uint32	0x14669EC26	0x14669ED6F	329	0x149D12880
0x14669EDD8	0x14087A270	float32_be	0x14669ED90	0x14669EF51	449	0x14977E994
0x14669EE30	0x140878610	raw_bytes	0x14669ED90	0x14669EF51	449	0x14977E994
0x14669EEB4	0x14087A270	float32_be	0x14669ED90	0x14669EF51	449	0x14977E994
0x14669F055	0x14087B5C0	prefix_uint32	0x14669F033	0x14669F0F1	190	0x149D1E4AC
0x14669F15A	0x140878610	raw_bytes	0x14669F120	0x14669F313	499	0x1498F4148
0x14669F195	0x14087A220	uint32_be	0x14669F120	0x14669F313	499	0x1498F4148
0x14669F1BC	0x14087A270	float32_be	0x14669F120	0x14669F313	499	0x1498F4148
0x14669F1E3	0x14087A270	float32_be	0x14669F120	0x14669F313	499	0x1498F4148
0x14669F231	0x14087A1C0	uint16_be	0x14669F120	0x14669F313	499	0x1498F4148
0x14669F27D	0x14087A1C0	uint16_be	0x14669F120	0x14669F313	499	0x1498F4148
0x14669F35A	0x140878610	raw_bytes	0x14669F320	0x14669F4FE	478	0x14978295C
0x14669F414	0x140878610	raw_bytes	0x14669F320	0x14669F4FE	478	0x14978295C
0x14669F453	0x140878610	raw_bytes	0x14669F320	0x14669F4FE	478	0x14978295C
0x14669F53A	0x140878610	raw_bytes	0x14669F500	0x14669F6B0	432	0x1497C56F0
0x14669F582	0x14087A220	uint32_be	0x14669F500	0x14669F6B0	432	0x1497C56F0
0x14669F600	0x14087A220	uint32_be	0x14669F500	0x14669F6B0	432	0x1497C56F0
0x14669F6EF	0x140878610	raw_bytes	0x14669F6B0	0x14669F967	695	0x149D234C8
0x14669F723	0x140878610	raw_bytes	0x14669F6B0	0x14669F967	695	0x149D234C8
0x14669F76A	0x14087A220	uint32_be	0x14669F6B0	0x14669F967	695	0x149D234C8
0x14669F9AF	0x140878610	raw_bytes	0x14669F970	0x14669FC3B	715	0x149D234B0
0x14669F9E2	0x140878610	raw_bytes	0x14669F970	0x14669FC3B	715	0x149D234B0
0x14669FA16	0x140878610	raw_bytes	0x14669F970	0x14669FC3B	715	0x149D234B0
0x14669FC7F	0x140878610	raw_bytes	0x14669FC40	0x14669FF38	760	0x149D2330C
0x14669FCB2	0x140878610	raw_bytes	0x14669FC40	0x14669FF38	760	0x149D2330C
0x14669FCE6	0x140878610	raw_bytes	0x14669FC40	0x14669FF38	760	0x149D2330C
0x14669FF78	0x14087B5C0	prefix_uint32	0x14669FF40	0x1466A00A7	359	0x149D12774
0x14669FFC7	0x14087A220	uint32_be	0x14669FF40	0x1466A00A7	359	0x149D12774
0x14669FFEB	0x14087A220	uint32_be	0x14669FF40	0x1466A00A7	359	0x149D12774
0x1466A0192	0x14087A270	float32_be	0x1466A0160	0x1466A0201	161	0x14978B0CC
0x1466A02DC	0x14087A220	uint32_be	0x1466A02B0	0x1466A0357	167	0x149780384
0x1466A03E0	0x14087A270	float32_be	0x1466A0360	0x1466A0408	168	0x149780384
0x1466A0449	0x140878610	raw_bytes	0x1466A0410	0x1466A04C5	181	0x14977FBA4
0x1466A0495	0x14087A220	uint32_be	0x1466A0410	0x1466A04C5	181	0x14977FBA4
0x1466A04FE	0x14087B5C0	prefix_uint32	0x1466A04D0	0x1466A0522	82	0x149D18420
0x1466A057F	0x14087A220	uint32_be	0x1466A0541	0x1466A061A	217	0x149D18444
0x1466A0682	0x14087B5C0	prefix_uint32	0x1466A0650	0x1466A0776	294	0x14978B008
0x1466A0725	0x14087B5C0	prefix_uint32	0x1466A0650	0x1466A0776	294	0x14978B008
0x1466A07B2	0x14087B5C0	prefix_uint32	0x1466A0780	0x1466A0899	281	0x14978B008
0x1466A08CB	0x14087A270	float32_be	0x1466A08A0	0x1466A0A0E	366	0x1498C71B4
0x1466A0903	0x14087A270	float32_be	0x1466A08A0	0x1466A0A0E	366	0x1498C71B4
0x1466A093B	0x14087A270	float32_be	0x1466A08A0	0x1466A0A0E	366	0x1498C71B4
0x1466A0973	0x14087A270	float32_be	0x1466A08A0	0x1466A0A0E	366	0x1498C71B4
0x1466A09AB	0x14087A270	float32_be	0x1466A08A0	0x1466A0A0E	366	0x1498C71B4
0x1466A0A3F	0x14087A220	uint32_be	0x1466A0A10	0x1466A0ABA	170	0x14978B008
0x1466A0A69	0x14087A220	uint32_be	0x1466A0A10	0x1466A0ABA	170	0x14978B008
0x1466A0AEC	0x14087A220	uint32_be	0x1466A0AC0	0x1466A0B7B	187	0x149D1C42C
0x1466A0B14	0x14087A220	uint32_be	0x1466A0AC0	0x1466A0B7B	187	0x149D1C42C
0x1466A0B5E	0x14087A220	uint32_be	0x1466A0AC0	0x1466A0B7B	187	0x149D1C42C
0x1466A0CBD	0x14087A220	uint32_be	0x1466A0BF0	0x1466A0DF9	521	0x149D22CE4
0x1466A1153	0x14087A220	uint32_be	0x1466A1050	0x1466A125C	524	0x1498A98C8
0x1466A117B	0x14087A220	uint32_be	0x1466A1050	0x1466A125C	524	0x1498A98C8
0x1466A11E3	0x14087A220	uint32_be	0x1466A1050	0x1466A125C	524	0x1498A98C8
0x1466A13F3	0x14087A220	uint32_be	0x1466A13E0	0x1466A1635	597	0x149D22DA4
0x1466A141D	0x140878610	raw_bytes	0x1466A13E0	0x1466A1635	597	0x149D22DA4
0x1466A14AD	0x14087A220	uint32_be	0x1466A13E0	0x1466A1635	597	0x149D22DA4
0x1466A14D5	0x14087A220	uint32_be	0x1466A13E0	0x1466A1635	597	0x149D22DA4
0x1466A1503	0x140878610	raw_bytes	0x1466A13E0	0x1466A1635	597	0x149D22DA4
0x1466A1788	0x14087A1C0	uint16_be	0x1466A1640	0x1466A180D	461	0x1498C73A8
0x1466A1843	0x140878610	raw_bytes	0x1466A1810	0x1466A194D	317	0x149D23138
0x1466A1B8E	0x14087B5C0	prefix_uint32	0x1466A1B60	0x1466A1BF0	144	0x149D1F728
0x1466A1CB9	0x14087A220	uint32_be	0x1466A1BF0	0x1466A1D1D	301	0x149D1F738
0x1466A1D71	0x14087B5C0	prefix_uint32	0x1466A1D40	0x1466A1DB9	121	0x14986AE68
0x1466A1EF5	0x14087B5C0	prefix_uint32	0x1466A1EC0	0x1466A2070	432	0x149834978
0x1466A209E	0x14087B5C0	prefix_uint32	0x1466A2070	0x1466A20E5	117	0x1498A606C
0x1466A2123	0x14087A220	uint32_be	0x1466A20E5	0x1466A2216	305	0x149D230E8
0x1466A2164	0x140878610	raw_bytes	0x1466A20E5	0x1466A2216	305	0x149D230E8
0x1466A2186	0x14087A220	uint32_be	0x1466A20E5	0x1466A2216	305	0x149D230E8
0x1466A21C2	0x14087A220	uint32_be	0x1466A20E5	0x1466A2216	305	0x149D230E8
0x14689E399	0x14087A270	float32_be	0x14689E280	0x14689E446	454	0x1499BB770
0x14689E483	0x140878610	raw_bytes	0x14689E450	0x14689E66A	538	0x1497DC0A8
0x14689E4A2	0x140878610	raw_bytes	0x14689E450	0x14689E66A	538	0x1497DC0A8
0x14689E4C1	0x140878610	raw_bytes	0x14689E450	0x14689E66A	538	0x1497DC0A8
0x14689E5A5	0x140878610	raw_bytes	0x14689E450	0x14689E66A	538	0x1497DC0A8
0x14689E5C1	0x140878610	raw_bytes	0x14689E450	0x14689E66A	538	0x1497DC0A8
0x14689E5DD	0x140878610	raw_bytes	0x14689E450	0x14689E66A	538	0x1497DC0A8
0x14689E9AC	0x14087A270	float32_be	0x14689E870	0x14689EABC	588	0x149CF2C8C
0x14689E9DC	0x14087A270	float32_be	0x14689E870	0x14689EABC	588	0x149CF2C8C
0x14689EA09	0x14087A270	float32_be	0x14689E870	0x14689EABC	588	0x149CF2C8C
0x14689ECA9	0x14087A270	float32_be	0x14689EAC0	0x14689ED49	649	0x1499BB770
0x14689ECCF	0x14087A270	float32_be	0x14689EAC0	0x14689ED49	649	0x1499BB770
0x14694E62C	0x14087A220	uint32_be	0x14694E600	0x14694E6D1	209	0x14977E768
0x14694E656	0x14087A220	uint32_be	0x14694E600	0x14694E6D1	209	0x14977E768
0x14694E705	0x14087B5C0	prefix_uint32	0x14694E6E0	0x14694E723	67	0x149D20BD4
0x14694E795	0x14087B5C0	prefix_uint32	0x14694E723	0x14694E7C7	164	0x149D20BE4
0x14694E995	0x140878610	raw_bytes	0x14694E960	0x14694EA4C	236	0x14977FF74
0x14694E9D4	0x14087A220	uint32_be	0x14694E960	0x14694EA4C	236	0x14977FF74
0x14694EAD0	0x14087A1C0	uint16_be	0x14694EA50	0x14694EB11	193	0x14977E768
0x14694EB8D	0x14087B5C0	prefix_uint32	0x14694EB20	0x14694EBEA	202	0x14993DF00
0x14694EE6C	0x14087B5C0	prefix_uint32	0x14694EDF0	0x14694F0E0	752	0x149A94F98
0x14694F155	0x14087B5C0	prefix_uint32	0x14694F0E0	0x14694F219	313	0x1499A8504
0x14694F2AB	0x14087A220	uint32_be	0x14694F219	0x14694F3F5	476	0x149D0D658
0x14694F495	0x14087B5C0	prefix_uint32	0x14694F420	0x14694F559	313	0x149D0D77C
0x14694F5EB	0x14087A220	uint32_be	0x14694F559	0x14694F768	527	0x149D0D790
0x14694F800	0x14087B5C0	prefix_uint32	0x14694F790	0x14694F85B	203	0x149CFEE00
0x14694F8E3	0x14087A220	uint32_be	0x14694F85B	0x14694FA3D	482	0x149CFEE10
0x14694F94C	0x140878610	raw_bytes	0x14694F85B	0x14694FA3D	482	0x149CFEE10
0x14694FAD1	0x14087B5C0	prefix_uint32	0x14694FA50	0x14694FE11	961	0x149CFBF34
0x14694FCC6	0x14087A220	uint32_be	0x14694FA50	0x14694FE11	961	0x149CFBF34
0x14694FEA5	0x14087B5C0	prefix_uint32	0x14694FE20	0x14695021C	1020	0x149D0D91C
0x14695008F	0x14087A220	uint32_be	0x14694FE20	0x14695021C	1020	0x149D0D91C
0x1469500B7	0x14087A220	uint32_be	0x14694FE20	0x14695021C	1020	0x149D0D91C
0x1469502A1	0x14087B5C0	prefix_uint32	0x146950220	0x14695090E	1774	0x149CFEBAC
0x146950995	0x14087B5C0	prefix_uint32	0x146950910	0x146950CCF	959	0x149CFBBF8
0x146950B1E	0x140878610	raw_bytes	0x146950910	0x146950CCF	959	0x149CFBBF8
0x146950B60	0x14087A220	uint32_be	0x146950910	0x146950CCF	959	0x149CFBBF8
0x146950D4C	0x14087B5C0	prefix_uint32	0x146950CD0	0x14695100C	828	0x149CFE7CC
0x14695108D	0x14087B5C0	prefix_uint32	0x146951010	0x14695115C	332	0x149CF8BD0
0x14695129E	0x14087A1C0	uint16_be	0x14695115C	0x146951390	564	0x149CF8BE8
0x146951419	0x140878610	raw_bytes	0x1469513C0	0x146951469	169	0x14977D358
0x14695148E	0x140878610	raw_bytes	0x146951470	0x1469514BE	78	0x14977D6E8
0x1469515D2	0x140878610	raw_bytes	0x1469515B0	0x146951680	208	0x14977D358
0x1469516AD	0x140878610	raw_bytes	0x146951680	0x146951736	182	0x14977D998
0x14695175E	0x140878610	raw_bytes	0x146951740	0x14695178E	78	0x14977D6E8
0x146951839	0x14087B5C0	prefix_uint32	0x1469517E0	0x1469518D3	243	0x149A70410
0x146951930	0x14087B5C0	prefix_uint32	0x1469518E0	0x146951A07	295	0x1499BB770
0x146951B49	0x14087B5C0	prefix_uint32	0x146951AF0	0x146951BF9	265	0x149A70410
0x146951B83	0x14087A220	uint32_be	0x146951AF0	0x146951BF9	265	0x149A70410
0x146951BAD	0x140878610	raw_bytes	0x146951AF0	0x146951BF9	265	0x149A70410
0x146951D2C	0x14087B5C0	prefix_uint32	0x146951CE0	0x146951D7B	155	0x149791D80
0x146951E6C	0x14087B5C0	prefix_uint32	0x146951E20	0x146951EBB	155	0x149791D80
0x1469AD88F	0x14087A270	float32_be	0x1469AD860	0x1469ADA23	451	0x1497C0C14
0x1469AD8BB	0x14087A270	float32_be	0x1469AD860	0x1469ADA23	451	0x1497C0C14
0x1469AD8E8	0x14087A270	float32_be	0x1469AD860	0x1469ADA23	451	0x1497C0C14
0x1469AD915	0x14087A220	uint32_be	0x1469AD860	0x1469ADA23	451	0x1497C0C14
0x1469AD942	0x14087A220	uint32_be	0x1469AD860	0x1469ADA23	451	0x1497C0C14
0x1469AD96F	0x14087A220	uint32_be	0x1469AD860	0x1469ADA23	451	0x1497C0C14
0x1469AD99C	0x14087A220	uint32_be	0x1469AD860	0x1469ADA23	451	0x1497C0C14
0x1469AD9C6	0x14087A220	uint32_be	0x1469AD860	0x1469ADA23	451	0x1497C0C14
0x1469AD9F0	0x14087A220	uint32_be	0x1469AD860	0x1469ADA23	451	0x1497C0C14
0x1469F2413	0x140878610	raw_bytes	0x1469F2340	0x1469F24FA	442	0x149C9921C
0x1469F2461	0x140878610	raw_bytes	0x1469F2340	0x1469F24FA	442	0x149C9921C
0x1469F24AD	0x14087A220	uint32_be	0x1469F2340	0x1469F24FA	442	0x149C9921C
0x1469F2604	0x14087A270	float32_be	0x1469F2530	0x1469F26CD	413	0x14977E978
0x1469F2633	0x14087A270	float32_be	0x1469F2530	0x1469F26CD	413	0x14977E978
0x1469F265F	0x14087A270	float32_be	0x1469F2530	0x1469F26CD	413	0x14977E978
0x1469F268B	0x14087A270	float32_be	0x1469F2530	0x1469F26CD	413	0x14977E978
0x146A326CC	0x140878610	raw_bytes	0x146A32670	0x146A32740	208	0x1498BC8A8
0x146A338BC	0x140878610	raw_bytes	0x146A33850	0x146A3396A	282	0x1498BCAF8
0x146A340C9	0x140878610	raw_bytes	0x146A340A0	0x146A340F6	86	0x14977D6E8
0x146A34879	0x140878610	raw_bytes	0x146A34790	0x146A348C7	311	0x1498BD73C
0x146A352A0	0x14087A220	uint32_be	0x146A35250	0x146A35321	209	0x149958FFC
0x146A352C9	0x14087A270	float32_be	0x146A35250	0x146A35321	209	0x149958FFC
0x146A36DB7	0x14087A220	uint32_be	0x146A36D30	0x146A36DF5	197	0x1498BC8A8
0x146A37357	0x14087B5C0	prefix_uint32	0x146A37320	0x146A374A6	390	0x149D38580
0x146A3B3FC	0x140878610	raw_bytes	0x146A3B2D0	0x146A3B4E2	530	0x149D44E88
0x146A3BC0D	0x140878610	raw_bytes	0x146A3BB90	0x146A3BCC6	310	0x149D44EDC
0x146A3E4CF	0x140878610	raw_bytes	0x146A3E460	0x146A3E583	291	0x149D445D4
0x146A3E510	0x14087A220	uint32_be	0x146A3E460	0x146A3E583	291	0x149D445D4
0x146A3E806	0x14087A220	uint32_be	0x146A3E7C0	0x146A3E849	137	0x149D449FC
0x146A3EE36	0x14087A220	uint32_be	0x146A3EDF0	0x146A3EE79	137	0x149D449FC
0x146A3EEE0	0x14087A220	uint32_be	0x146A3EEC0	0x146A3EF03	67	0x14977EC34
0x146A405DD	0x14087A220	uint32_be	0x146A404E0	0x146A4063C	348	0x149D44A74
0x146A40D1C	0x14087A220	uint32_be	0x146A40CD0	0x146A40D68	152	0x1497C4728
0x146A410C9	0x14087A220	uint32_be	0x146A41050	0x146A411C6	374	0x149D4471C
0x146A410F1	0x14087A220	uint32_be	0x146A41050	0x146A411C6	374	0x149D4471C
0x146A4115B	0x14087A220	uint32_be	0x146A41050	0x146A411C6	374	0x149D4471C
0x146A4117F	0x14087A220	uint32_be	0x146A41050	0x146A411C6	374	0x149D4471C
0x146A45456	0x14087A220	uint32_be	0x146A45400	0x146A4552F	303	0x1498BCBA0
0x146A4547C	0x14087A220	uint32_be	0x146A45400	0x146A4552F	303	0x1498BCBA0
0x146A454A6	0x14087A220	uint32_be	0x146A45400	0x146A4552F	303	0x1498BCBA0
0x146A454CA	0x14087A220	uint32_be	0x146A45400	0x146A4552F	303	0x1498BCBA0
0x146A454EE	0x14087A220	uint32_be	0x146A45400	0x146A4552F	303	0x1498BCBA0
0x146A47789	0x14087A220	uint32_be	0x146A476D0	0x146A47836	358	0x149D43F50
0x146A47A80	0x14087A220	uint32_be	0x146A47A30	0x146A47AEF	191	0x149D44C18
0x146A48636	0x140878610	raw_bytes	0x146A484E0	0x146A4870F	559	0x149D43F8C
0x146A4C350	0x140878610	raw_bytes	0x146A4C300	0x146A4C3CF	207	0x1498BBB60
0x146A4C38C	0x14087A220	uint32_be	0x146A4C300	0x146A4C3CF	207	0x1498BBB60
0x146A4E55E	0x14087A2D0	float64_be	0x146A4E470	0x146A4E5C1	337	0x149D45120
0x146A4EDE0	0x14087A220	uint32_be	0x146A4ED40	0x146A4EE4C	268	0x149D44648
0x146A4F50C	0x14087A220	uint32_be	0x146A4F4C0	0x146A4F558	152	0x1497C4728
0x146A51A5F	0x14087B5C0	prefix_uint32	0x146A51A10	0x146A51B1F	271	0x149D3670C
0x146A51AAB	0x14087A220	uint32_be	0x146A51A10	0x146A51B1F	271	0x149D3670C
0x146A540AC	0x140878610	raw_bytes	0x146A54050	0x146A540E7	151	0x1497C4658
0x146A5774E	0x140878610	raw_bytes	0x146A576D0	0x146A577A6	214	0x1498BDB5C
0x146A579DF	0x14087B5C0	prefix_uint32	0x146A57960	0x146A57BCE	622	0x149D44CB8
0x146A58C02	0x14087A220	uint32_be	0x146A58B50	0x146A58C5A	266	0x149D44CF4
0x146A59BE1	0x140878610	raw_bytes	0x146A59B30	0x146A59C18	232	0x149D441FC
0x146A5A4CD	0x140878610	raw_bytes	0x146A5A3F0	0x146A5A537	327	0x149D44D98
0x146A5B6E9	0x140878610	raw_bytes	0x146A5B690	0x146A5B77D	237	0x1498BC544
0x146A5B72E	0x14087A220	uint32_be	0x146A5B690	0x146A5B77D	237	0x1498BC544
0x146A5BE77	0x140878610	raw_bytes	0x146A5BE20	0x146A5BF1A	250	0x149D44260
0x146A5BEA1	0x14087A220	uint32_be	0x146A5BE20	0x146A5BF1A	250	0x149D44260
0x146A5BECB	0x14087A220	uint32_be	0x146A5BE20	0x146A5BF1A	250	0x149D44260
0x146A5C1A4	0x14087A220	uint32_be	0x146A5C0A0	0x146A5C269	457	0x149D44DD0
0x146A5C1CD	0x140878610	raw_bytes	0x146A5C0A0	0x146A5C269	457	0x149D44DD0
0x146A5C8EB	0x14087B5C0	prefix_uint32	0x146A5C890	0x146A5C962	210	0x1498BDB5C
0x146A5D08D	0x140878610	raw_bytes	0x146A5CFF0	0x146A5D0F4	260	0x149C96788
0x146A5D55B	0x14087B5C0	prefix_uint32	0x146A5D500	0x146A5D5D2	210	0x1498BDB5C
0x146A60045	0x140878610	raw_bytes	0x146A5FFD0	0x146A600B4	228	0x149D44E60
0x146A69AAD	0x140878610	raw_bytes	0x146A69A70	0x146A69C2E	446	0x149D464EC
0x146A69C58	0x14087A220	uint32_be	0x146A69C30	0x146A69CEF	191	0x1499628EC
0x146A69C90	0x14087A220	uint32_be	0x146A69C30	0x146A69CEF	191	0x1499628EC
0x146A69CCB	0x140878610	raw_bytes	0x146A69C30	0x146A69CEF	191	0x1499628EC
0x146A69D00	0x14087B5C0	prefix_uint32	0x146A69CEF	0x146A69D33	68	0x149D461B0
0x146A69E2F	0x14087A220	uint32_be	0x146A69E00	0x146A69F8D	397	0x1497C0C14
0x146A69E55	0x14087A220	uint32_be	0x146A69E00	0x146A69F8D	397	0x1497C0C14
0x146A69F3F	0x140878610	raw_bytes	0x146A69E00	0x146A69F8D	397	0x1497C0C14
0x146A69FC8	0x14087A220	uint32_be	0x146A69F90	0x146A6A12B	411	0x149D38FE0
0x146A69FF1	0x14087B5C0	prefix_uint32	0x146A69F90	0x146A6A12B	411	0x149D38FE0
0x146A6A069	0x140878610	raw_bytes	0x146A69F90	0x146A6A12B	411	0x149D38FE0
0x146A6A087	0x14087A220	uint32_be	0x146A69F90	0x146A6A12B	411	0x149D38FE0
0x146A6A15C	0x140878610	raw_bytes	0x146A6A130	0x146A6A205	213	0x149D45188
0x146A6A30E	0x140878610	raw_bytes	0x146A6A2E0	0x146A6A4BE	478	0x149D45D2C
0x146A6A342	0x14087A220	uint32_be	0x146A6A2E0	0x146A6A4BE	478	0x149D45D2C
0x146A6A37E	0x14087B5C0	prefix_uint32	0x146A6A2E0	0x146A6A4BE	478	0x149D45D2C
0x146A6A4EC	0x140878610	raw_bytes	0x146A6A4C0	0x146A6A54E	142	0x149D39724
0x146A6A528	0x14087A220	uint32_be	0x146A6A4C0	0x146A6A54E	142	0x149D39724
0x146A6A621	0x14087A220	uint32_be	0x146A6A5F0	0x146A6A6C3	211	0x1498BD288
0x146A6A644	0x14087A220	uint32_be	0x146A6A5F0	0x146A6A6C3	211	0x1498BD288
0x146A6A70A	0x14087A220	uint32_be	0x146A6A6D0	0x146A6A89A	458	0x1498CC808
0x146A6A73C	0x14087A220	uint32_be	0x146A6A6D0	0x146A6A89A	458	0x1498CC808
0x146A6A7A7	0x14087B5C0	prefix_uint32	0x146A6A6D0	0x146A6A89A	458	0x1498CC808
0x146A6A806	0x140878610	raw_bytes	0x146A6A6D0	0x146A6A89A	458	0x1498CC808
0x146A6A824	0x14087A220	uint32_be	0x146A6A6D0	0x146A6A89A	458	0x1498CC808
0x146A6AA64	0x140878610	raw_bytes	0x146A6AA30	0x146A6ABEC	444	0x1497C5284
0x146A6AA8C	0x14087B5C0	prefix_uint32	0x146A6AA30	0x146A6ABEC	444	0x1497C5284
0x146A6AB83	0x140878610	raw_bytes	0x146A6AA30	0x146A6ABEC	444	0x1497C5284
0x146A6AC51	0x14087B5C0	prefix_uint32	0x146A6ABF0	0x146A6AD8E	414	0x149D45090
0x146A6ACB2	0x14087A220	uint32_be	0x146A6ABF0	0x146A6AD8E	414	0x149D45090
0x146A6AD2F	0x14087A270	float32_be	0x146A6ABF0	0x146A6AD8E	414	0x149D45090
0x146A6AE51	0x140878610	raw_bytes	0x146A6AE20	0x146A6AE96	118	0x1497870DC
0x146A6AED1	0x140878610	raw_bytes	0x146A6AEA0	0x146A6AF39	153	0x1497870DC
0x146A6AF77	0x140878610	raw_bytes	0x146A6AF40	0x146A6B0EC	428	0x1497C0C14
0x146A6B121	0x140878610	raw_bytes	0x146A6B0F0	0x146A6B1A2	178	0x1497870DC
0x146A6B1E1	0x140878610	raw_bytes	0x146A6B1B0	0x146A6B259	169	0x1497870DC
0x146A6B21C	0x14087A220	uint32_be	0x146A6B1B0	0x146A6B259	169	0x1497870DC
0x146A6B2BE	0x140878610	raw_bytes	0x146A6B260	0x146A6B3EC	396	0x1497C0C14
0x146A6B3AE	0x14087A220	uint32_be	0x146A6B260	0x146A6B3EC	396	0x1497C0C14
0x146A6B44B	0x140878610	raw_bytes	0x146A6B409	0x146A6B4D5	204	0x149D44960
0x146A6B5FA	0x14087B5C0	prefix_uint32	0x146A6B5B0	0x146A6B8DC	812	0x149D46120
0x146A6B675	0x14087A220	uint32_be	0x146A6B5B0	0x146A6B8DC	812	0x149D46120
0x146A6B6A2	0x140878610	raw_bytes	0x146A6B5B0	0x146A6B8DC	812	0x149D46120
0x146A6B924	0x14087B5C0	prefix_uint32	0x146A6B8E0	0x146A6BB91	689	0x1498CB9C0
0x146A6BA12	0x14087A220	uint32_be	0x146A6B8E0	0x146A6BB91	689	0x1498CB9C0
0x146A6BA9A	0x14087B5C0	prefix_uint32	0x146A6B8E0	0x146A6BB91	689	0x1498CB9C0
0x146A6BB03	0x14087A220	uint32_be	0x146A6B8E0	0x146A6BB91	689	0x1498CB9C0
0x146A6BBE6	0x14087B5C0	prefix_uint32	0x146A6BBA0	0x146A6BDBA	538	0x149C3B094
0x146A6BCD0	0x140878610	raw_bytes	0x146A6BBA0	0x146A6BDBA	538	0x149C3B094
0x146A6BD05	0x140878610	raw_bytes	0x146A6BBA0	0x146A6BDBA	538	0x149C3B094
0x146A6BE00	0x14087B5C0	prefix_uint32	0x146A6BDC0	0x146A6C014	596	0x149782EA4
0x146A6BE83	0x14087A220	uint32_be	0x146A6BDC0	0x146A6C014	596	0x149782EA4
0x146A6BED8	0x14087B5C0	prefix_uint32	0x146A6BDC0	0x146A6C014	596	0x149782EA4
0x146A6BF6C	0x140878610	raw_bytes	0x146A6BDC0	0x146A6C014	596	0x149782EA4
0x146A6C05B	0x14087B5C0	prefix_uint32	0x146A6C020	0x146A6C234	532	0x149D45ED4
0x146A6C114	0x14087A220	uint32_be	0x146A6C020	0x146A6C234	532	0x149D45ED4
0x146A6C135	0x14087B5C0	prefix_uint32	0x146A6C020	0x146A6C234	532	0x149D45ED4
0x146A6C1E2	0x14087A2D0	float64_be	0x146A6C020	0x146A6C234	532	0x149D45ED4
0x146A6C27B	0x14087B5C0	prefix_uint32	0x146A6C240	0x146A6C3EC	428	0x14983C1DC
0x146A6C31A	0x14087A220	uint32_be	0x146A6C240	0x146A6C3EC	428	0x14983C1DC
0x146A6C340	0x14087B5C0	prefix_uint32	0x146A6C240	0x146A6C3EC	428	0x14983C1DC
0x146A6C392	0x140878610	raw_bytes	0x146A6C240	0x146A6C3EC	428	0x14983C1DC
0x146A6C436	0x14087A220	uint32_be	0x146A6C3F0	0x146A6C4B3	195	0x1497870DC
0x146A6C5F1	0x14087A270	float32_be	0x146A6C5DC	0x146A6C715	313	0x149D46BD4
0x146A6C620	0x14087A270	float32_be	0x146A6C5DC	0x146A6C715	313	0x149D46BD4
0x146A6C64F	0x14087A270	float32_be	0x146A6C5DC	0x146A6C715	313	0x149D46BD4
0x146A6C6A3	0x14087A220	uint32_be	0x146A6C5DC	0x146A6C715	313	0x149D46BD4
0x146A6C6CF	0x14087A220	uint32_be	0x146A6C5DC	0x146A6C715	313	0x149D46BD4
0x146A6C764	0x14087A220	uint32_be	0x146A6C730	0x146A6C7E2	178	0x14977E964
0x146A6C7AC	0x14087A220	uint32_be	0x146A6C730	0x146A6C7E2	178	0x14977E964
0x146A6C824	0x14087A220	uint32_be	0x146A6C7F0	0x146A6C88C	156	0x14977E964
0x146A6C8C4	0x14087A220	uint32_be	0x146A6C890	0x146A6C931	161	0x14977E964
0x146A6C97A	0x140878610	raw_bytes	0x146A6C940	0x146A6C9CB	139	0x149D37EE0
0x146A6CB5A	0x140878610	raw_bytes	0x146A6CAAB	0x146A6CC66	443	0x149D37F14
0x146A6CCAB	0x14087A220	uint32_be	0x146A6CC70	0x146A6CDDA	362	0x1498C3F4C
0x146A6CD2A	0x140878610	raw_bytes	0x146A6CC70	0x146A6CDDA	362	0x1498C3F4C
0x146A6CD8F	0x140878610	raw_bytes	0x146A6CC70	0x146A6CDDA	362	0x1498C3F4C
0x146A6CEFD	0x14087A220	uint32_be	0x146A6CDE0	0x146A6CF8D	429	0x1497C0C14
0x146A6CF2A	0x140878610	raw_bytes	0x146A6CDE0	0x146A6CF8D	429	0x1497C0C14
0x146A6D02F	0x14087B5C0	prefix_uint32	0x146A6CF90	0x146A6D13D	429	0x149D457DC
0x146A6D087	0x14087A220	uint32_be	0x146A6CF90	0x146A6D13D	429	0x149D457DC
0x146A6D20A	0x14087A220	uint32_be	0x146A6D140	0x146A6D2E0	416	0x1497C0C14
0x146A6D31A	0x140878610	raw_bytes	0x146A6D2E0	0x146A6D390	176	0x1497C5A04
0x146A6D3CA	0x140878610	raw_bytes	0x146A6D390	0x146A6D566	470	0x14977E5B4
0x146A6D3FE	0x140878610	raw_bytes	0x146A6D390	0x146A6D566	470	0x14977E5B4
0x146A6D465	0x140878610	raw_bytes	0x146A6D390	0x146A6D566	470	0x14977E5B4
0x146A6D4BB	0x140878610	raw_bytes	0x146A6D390	0x146A6D566	470	0x14977E5B4
0x146A6D6DF	0x14087A220	uint32_be	0x146A6D6B0	0x146A6D7E7	311	0x149A63F78
0x146A6D707	0x14087A220	uint32_be	0x146A6D6B0	0x146A6D7E7	311	0x149A63F78
0x146A6D81E	0x140878610	raw_bytes	0x146A6D7F0	0x146A6D86B	123	0x1497AB1C0
0x146A6D8A9	0x14087A220	uint32_be	0x146A6D86B	0x146A6D8FA	143	0x149D45BFC
0x146A6D976	0x140878610	raw_bytes	0x146A6D943	0x146A6D9FB	184	0x149D46168
0x146A6DA6E	0x14087B5C0	prefix_uint32	0x146A6DA40	0x146A6DA92	82	0x149D46E40
0x146A6DB04	0x140878610	raw_bytes	0x146A6DAB1	0x146A6DB40	143	0x149D46E64
0x146A6DBB8	0x14087B5C0	prefix_uint32	0x146A6DB80	0x146A6DCCA	330	0x149C5632C
0x146A6DC24	0x14087A220	uint32_be	0x146A6DB80	0x146A6DCCA	330	0x149C5632C
0x146A6DC4E	0x140878610	raw_bytes	0x146A6DB80	0x146A6DCCA	330	0x149C5632C
0x146A6DC6E	0x140878610	raw_bytes	0x146A6DB80	0x146A6DCCA	330	0x149C5632C
0x146A6DCFE	0x14087B5C0	prefix_uint32	0x146A6DCD0	0x146A6DD26	86	0x14985FE0C
0x146A6DDD5	0x14087B5C0	prefix_uint32	0x146A6DDB0	0x146A6DDF7	71	0x1498AD044
0x146A6DE14	0x14087B5C0	prefix_uint32	0x146A6DDF7	0x146A6DE3B	68	0x149D3E108
0x146A6DEC5	0x14087A1C0	uint16_be	0x146A6DE59	0x146A6DEEE	149	0x149D3E11C
0x146A6E18C	0x14087A220	uint32_be	0x146A6E110	0x146A6E414	772	0x149D46D90
0x146A6E1D5	0x14087B5C0	prefix_uint32	0x146A6E110	0x146A6E414	772	0x149D46D90
0x146A6E485	0x14087A220	uint32_be	0x146A6E420	0x146A6E695	629	0x149D465D8
0x146A6E4A6	0x14087B5C0	prefix_uint32	0x146A6E420	0x146A6E695	629	0x149D465D8
0x146A6E796	0x140878610	raw_bytes	0x146A6E6A0	0x146A6E868	456	0x149D46CAC
0x146A6E7C8	0x140878610	raw_bytes	0x146A6E6A0	0x146A6E868	456	0x149D46CAC
0x146A6E984	0x140878610	raw_bytes	0x146A6E93A	0x146A6EAB6	380	0x149D465C8
0x146A6E9A6	0x14087A270	float32_be	0x146A6E93A	0x146A6EAB6	380	0x149D465C8
0x146A6E9C7	0x14087A220	uint32_be	0x146A6E93A	0x146A6EAB6	380	0x149D465C8
0x146A6E9E8	0x14087A220	uint32_be	0x146A6E93A	0x146A6EAB6	380	0x149D465C8
0x146A6EA0A	0x14087A270	float32_be	0x146A6E93A	0x146A6EAB6	380	0x149D465C8
0x146A6EFED	0x140878610	raw_bytes	0x146A6EEB0	0x146A6F0E8	568	0x1498C73A8
0x146A6F028	0x14087A220	uint32_be	0x146A6EEB0	0x146A6F0E8	568	0x1498C73A8
0x146A6F233	0x14087A220	uint32_be	0x146A6F1EE	0x146A6F377	393	0x149D46734
0x146A6F27C	0x14087A220	uint32_be	0x146A6F1EE	0x146A6F377	393	0x149D46734
0x146A6F467	0x140878610	raw_bytes	0x146A6F380	0x146A6F5A8	552	0x149D46744
0x146A6F612	0x140878610	raw_bytes	0x146A6F5B0	0x146A6F75D	429	0x149A40E6C
0x146A6F649	0x140878610	raw_bytes	0x146A6F5B0	0x146A6F75D	429	0x149A40E6C
0x146A6F6A5	0x140878610	raw_bytes	0x146A6F5B0	0x146A6F75D	429	0x149A40E6C
0x146A6F6D9	0x14087A220	uint32_be	0x146A6F5B0	0x146A6F75D	429	0x149A40E6C
0x146A6F79E	0x14087B5C0	prefix_uint32	0x146A6F760	0x146A6F91A	442	0x149D46FE8
0x146A6F965	0x14087B5C0	prefix_uint32	0x146A6F920	0x146A6FB35	533	0x149D46630
0x146A6FA10	0x14087B5C0	prefix_uint32	0x146A6F920	0x146A6FB35	533	0x149D46630
0x146A6FA66	0x14087B5C0	prefix_uint32	0x146A6F920	0x146A6FB35	533	0x149D46630
0x146A6FB6F	0x14087B5C0	prefix_uint32	0x146A6FB40	0x146A6FC07	199	0x149D46E04
0x146A6FD45	0x14087B5C0	prefix_uint32	0x146A6FD10	0x146A6FEB0	416	0x149834978
0x146A6FEE4	0x14087B5C0	prefix_uint32	0x146A6FEB0	0x146A7003E	398	0x1497FF3AC
0x146AE453C	0x14087B5C0	prefix_uint32	0x146AE44F0	0x146AE470F	543	0x149D2FBEC
0x146AF212F	0x14087B5C0	prefix_uint32	0x146AF20D0	0x146AF2340	624	0x149D31EC8
0x146AF237A	0x14087B5C0	prefix_uint32	0x146AF2340	0x146AF283F	1279	0x149D31EE0
0x146B0504E	0x14087A220	uint32_be	0x146B04FF0	0x146B050E3	243	0x149D447E8
0x146B05078	0x140878610	raw_bytes	0x146B04FF0	0x146B050E3	243	0x149D447E8
0x146B050A1	0x14087A220	uint32_be	0x146B04FF0	0x146B050E3	243	0x149D447E8
0x146B051FC	0x14087A220	uint32_be	0x146B051B0	0x146B05248	152	0x1497C4728
0x146B05301	0x140878610	raw_bytes	0x146B05250	0x146B054B5	613	0x149D44824
0x146B05329	0x14087B5C0	prefix_uint32	0x146B05250	0x146B054B5	613	0x149D44824
0x146B053B7	0x14087A220	uint32_be	0x146B05250	0x146B054B5	613	0x149D44824
0x146B0562F	0x140878610	raw_bytes	0x146B055A0	0x146B0568A	234	0x149D43EF0
0x146B05906	0x14087A220	uint32_be	0x146B05890	0x146B0594B	187	0x149798EE8
0x146B05A52	0x14087B5C0	prefix_uint32	0x146B059D0	0x146B05B9F	463	0x149D447A4
0x146B05AFF	0x140878610	raw_bytes	0x146B059D0	0x146B05B9F	463	0x149D447A4
0x146B05BE6	0x14087A220	uint32_be	0x146B05BA0	0x146B05C29	137	0x1498BBB60
0x146B05ECC	0x14087A220	uint32_be	0x146B05E80	0x146B05F18	152	0x1497C4728
0x146B05F6C	0x14087A220	uint32_be	0x146B05F20	0x146B05FB8	152	0x1497C4728
0x146B060D7	0x14087B5C0	prefix_uint32	0x146B06070	0x146B061E7	375	0x1497870DC
0x146B0617D	0x140878610	raw_bytes	0x146B06070	0x146B061E7	375	0x1497870DC
0x146B06220	0x14087A220	uint32_be	0x146B061F0	0x146B062BE	206	0x1497C5284
0x146B06243	0x14087A220	uint32_be	0x146B061F0	0x146B062BE	206	0x1497C5284
0x146B062EF	0x14087B5C0	prefix_uint32	0x146B062C0	0x146B063CF	271	0x1497870DC
0x146B064B0	0x14087A220	uint32_be	0x146B063D0	0x146B0650C	316	0x1497C0C14
0x146B065C3	0x14087B5C0	prefix_uint32	0x146B06510	0x146B0662F	287	0x1497C0C14
0x146B0666E	0x14087B5C0	prefix_uint32	0x146B06630	0x146B06903	723	0x149D4654C
0x146B066E2	0x14087A220	uint32_be	0x146B06630	0x146B06903	723	0x149D4654C
0x146B06943	0x14087B5C0	prefix_uint32	0x146B06910	0x146B06A42	306	0x1497C018C
0x146B069C0	0x140878610	raw_bytes	0x146B06910	0x146B06A42	306	0x1497C018C
0x146B06A8D	0x14087B5C0	prefix_uint32	0x146B06A50	0x146B06C83	563	0x149D44028
0x146B06B41	0x14087B5C0	prefix_uint32	0x146B06A50	0x146B06C83	563	0x149D44028
0x146B06B9F	0x14087A220	uint32_be	0x146B06A50	0x146B06C83	563	0x149D44028
0x146B06CC0	0x14087B5C0	prefix_uint32	0x146B06C90	0x146B06DCD	317	0x149970AB8
0x146B06D22	0x14087A220	uint32_be	0x146B06C90	0x146B06DCD	317	0x149970AB8
0x146B06D48	0x140878610	raw_bytes	0x146B06C90	0x146B06DCD	317	0x149970AB8
0x146B06D68	0x140878610	raw_bytes	0x146B06C90	0x146B06DCD	317	0x149970AB8
0x146B06DF2	0x14087B5C0	prefix_uint32	0x146B06DD0	0x146B06E15	69	0x149D44F74
0x146B0708B	0x14087A1C0	uint16_be	0x146B07050	0x146B0735F	783	0x149D36228
0x146B071AC	0x140878610	raw_bytes	0x146B07050	0x146B0735F	783	0x149D36228
0x146B073E5	0x14087A220	uint32_be	0x146B07360	0x146B07498	312	0x1497C0C14
0x146B07413	0x140878610	raw_bytes	0x146B07360	0x146B07498	312	0x1497C0C14
0x146B07455	0x140878610	raw_bytes	0x146B07360	0x146B07498	312	0x1497C0C14
0x146B07612	0x140878610	raw_bytes	0x146B074A0	0x146B0786A	970	0x149D37EC4
0x146B07746	0x140878610	raw_bytes	0x146B074A0	0x146B0786A	970	0x149D37EC4
0x146B07939	0x140878610	raw_bytes	0x146B07870	0x146B079F7	391	0x149D3E0C0
0x146B0796D	0x140878610	raw_bytes	0x146B07870	0x146B079F7	391	0x149D3E0C0
0x146B079DD	0x14087B5C0	prefix_uint32	0x146B07870	0x146B079F7	391	0x149D3E0C0
0x146B07B07	0x14087B5C0	prefix_uint32	0x146B07A70	0x146B07B2C	188	0x1498980FC
0x146B07B4B	0x14087B5C0	prefix_uint32	0x146B07B2C	0x146B07BFF	211	0x149D3E24C
0x146B07BD2	0x14087A1C0	uint16_be	0x146B07B2C	0x146B07BFF	211	0x149D3E24C
0x146B07C43	0x14087B5C0	prefix_uint32	0x146B07C10	0x146B07E23	531	0x1497C5284
0x146B07C6E	0x14087B5C0	prefix_uint32	0x146B07C10	0x146B07E23	531	0x1497C5284
0x146B07C96	0x14087B5C0	prefix_uint32	0x146B07C10	0x146B07E23	531	0x1497C5284
0x146B07CBE	0x14087B5C0	prefix_uint32	0x146B07C10	0x146B07E23	531	0x1497C5284
0x146B07CE6	0x14087B5C0	prefix_uint32	0x146B07C10	0x146B07E23	531	0x1497C5284
0x146B07D0E	0x14087B5C0	prefix_uint32	0x146B07C10	0x146B07E23	531	0x1497C5284
0x146B07D36	0x14087B5C0	prefix_uint32	0x146B07C10	0x146B07E23	531	0x1497C5284
0x146B07D5E	0x14087B5C0	prefix_uint32	0x146B07C10	0x146B07E23	531	0x1497C5284
0x146B07D86	0x14087B5C0	prefix_uint32	0x146B07C10	0x146B07E23	531	0x1497C5284
0x146B07DAA	0x14087B5C0	prefix_uint32	0x146B07C10	0x146B07E23	531	0x1497C5284
0x146B07DCE	0x14087B5C0	prefix_uint32	0x146B07C10	0x146B07E23	531	0x1497C5284
0x146B07DF1	0x14087B5C0	prefix_uint32	0x146B07C10	0x146B07E23	531	0x1497C5284
0x146B07E62	0x140878610	raw_bytes	0x146B07E30	0x146B07F93	355	0x149D3CC1C
0x146B07FD0	0x14087A220	uint32_be	0x146B07FA0	0x146B080C0	288	0x1497C0C14
0x146B08022	0x14087B5C0	prefix_uint32	0x146B07FA0	0x146B080C0	288	0x1497C0C14
0x146B08079	0x140878610	raw_bytes	0x146B07FA0	0x146B080C0	288	0x1497C0C14
0x146B08113	0x140878610	raw_bytes	0x146B080C0	0x146B0826C	428	0x149D45C58
0x146B082BF	0x140878610	raw_bytes	0x146B08270	0x146B084C7	599	0x149D4707C
0x146B08437	0x14087B5C0	prefix_uint32	0x146B08270	0x146B084C7	599	0x149D4707C
0x146B0854D	0x140878610	raw_bytes	0x146B08520	0x146B085C5	165	0x14977D3F0
