function_start	function_end	function_size	total_calls	uint16_be	uint32_be	float32_be	float64_be	raw_bytes	prefix_uint32	unwind
0x1407C1C80	0x1407C1DE3	355	1	0	0	0	0	0	1	0x1497C4784
0x1407C1F00	0x1407C1F97	151	1	0	0	0	0	1	0	0x1497C4658
0x1407C20A0	0x1407C221D	381	2	0	1	0	0	1	0	0x1497C4B04
0x1407C24A0	0x1407C2663	451	2	0	1	0	0	1	0	0x1497C4B18
0x1407C2960	0x1407C29D7	119	1	0	0	0	0	0	1	0x1497C47D4
0x1407C2A60	0x1407C2AD4	116	1	0	0	0	0	1	0	0x1497C47FC
0x1407C2B70	0x1407C2DD1	609	2	0	2	0	0	0	0	0x1497C4B2C
0x1407C7C00	0x1407C7D0D	269	1	0	1	0	0	0	0	0x1497C4DE0
0x1407C8A70	0x1407C8B07	151	1	0	0	0	0	1	0	0x1497C4658
0x1407C8BF0	0x1407C8C87	151	1	0	0	0	0	1	0	0x1497C4658
0x1407CC300	0x1407CC412	274	1	0	1	0	0	0	0	0x1497C4A30
0x1407CC740	0x1407CC860	288	1	0	0	0	0	1	0	0x1497C4A40
0x1407CD040	0x1407CD1C8	392	1	0	1	0	0	0	0	0x1497C4C4C
0x1407CE0F0	0x1407CE231	321	2	0	1	0	0	1	0	0x1497C4C7C
0x1407CE650	0x1407CE745	245	1	0	1	0	0	0	0	0x1497C4CC0
0x1407D02C0	0x1407D04D7	535	1	0	0	0	0	1	0	0x1497C46F0
0x1407D3620	0x1407D3684	100	1	0	1	0	0	0	0	0x149791D80
0x1407D3690	0x1407D37A9	281	3	0	0	3	0	0	0	0x1497871D8
0x1407D7C20	0x1407D7CD5	181	1	0	0	0	0	1	0	0x14977E768
0x1407D7CE0	0x1407D7E59	377	2	0	2	0	0	0	0	0x1497C5284
0x1407D7E60	0x1407D7EF8	152	2	0	0	2	0	0	0	0x1497870DC
0x1407D7F00	0x1407D7FEB	235	3	0	0	3	0	0	0	0x1497870DC
0x1407D7FF0	0x1407D8091	161	2	0	0	0	0	2	0	0x1497C5A74
0x1407D8111	0x1407D824A	313	1	0	1	0	0	0	0	0x1497C5AA0
0x1407D8250	0x1407D8333	227	1	0	0	0	0	1	0	0x1497B5AC8
0x1407D8340	0x1407D83D6	150	2	0	0	0	0	2	0	0x1497870DC
0x1407D8480	0x1407D861D	413	1	0	1	0	0	0	0	0x1497C0C14
0x1407D8620	0x1407D8833	531	3	0	3	0	0	0	0	0x1497C5704
0x1407D8840	0x1407D8A02	450	4	0	4	0	0	0	0	0x149782EC4
0x1407D8A10	0x1407D8BAD	413	3	0	0	0	0	3	0	0x1497C5CA0
0x1407D8BB0	0x1407D8CCA	282	1	0	0	0	0	0	1	0x14977E470
0x1407D8CD0	0x1407D8EC9	505	4	0	3	0	0	0	1	0x1497C5D14
0x1407D8ED0	0x1407D9069	409	7	6	1	0	0	0	0	0x1497C56F0
0x1407D9070	0x1407D9251	481	2	0	1	0	0	0	1	0x1497C54C0
0x1407D9260	0x1407D92AE	78	1	0	0	0	0	0	1	0x1497C499C
0x1407D9380	0x1407D9414	148	1	0	1	0	0	0	0	0x1497870DC
0x1407D94B0	0x1407D9612	354	2	0	1	0	0	1	0	0x14977E9A8
0x1407D9620	0x1407D96BD	157	1	0	1	0	0	0	0	0x1497C4CF0
0x1407D96BD	0x1407D972B	110	2	0	1	0	0	1	0	0x1497C4D04
0x1407D9820	0x1407D98C1	161	1	0	1	0	0	0	0	0x14977E964
0x1407D9970	0x1407D9A25	181	1	0	0	0	0	1	0	0x14977E768
0x1407D9A30	0x1407D9BE6	438	4	0	1	0	0	3	0	0x1497C5694
0x1407D9BF0	0x1407D9CBE	206	1	0	1	0	0	0	0	0x14977E470
0x1407D9CC0	0x1407D9E64	420	4	0	1	0	0	3	0	0x14977E9A8
0x1407DA0B0	0x1407DA13A	138	1	0	0	0	0	1	0	0x14977D3F0
0x1407DA140	0x1407DA212	210	2	0	0	0	0	2	0	0x1497C5A04
0x1407DA220	0x1407DA3BD	413	4	0	1	0	0	3	0	0x1497C56F0
0x1407DA3C0	0x1407DA5DD	541	3	0	0	0	0	3	0	0x14977E738
0x1407DA5E0	0x1407DA70C	300	4	0	0	0	0	4	0	0x1497C56F0
0x1407DA710	0x1407DA7BE	174	1	0	0	0	0	1	0	0x1497C59DC
0x1407DA7C0	0x1407DA94C	396	5	0	0	0	0	5	0	0x1497C5298
0x1407DA980	0x1407DAAE2	354	2	0	1	0	0	0	1	0x1497C52C8
0x1407DAAF0	0x1407DAC65	373	1	0	0	0	0	0	1	0x1497C56C0
0x1407DACA0	0x1407DAD8D	237	3	0	1	0	0	2	0	0x14978B008
0x1407DAD90	0x1407DADF4	100	1	0	1	0	0	0	0	0x149791D80
0x1407DAE00	0x1407DAF19	281	3	0	0	3	0	0	0	0x14978B008
0x1407DAF20	0x1407DAFA4	132	1	0	0	0	0	1	0	0x14977D358
0x1407DAFB0	0x1407DB157	423	3	0	2	0	0	1	0	0x1497C5778
0x1407DB160	0x1407DB348	488	4	0	1	3	0	0	0	0x1497C43C8
0x1407DB350	0x1407DB508	440	1	0	1	0	0	0	0	0x1497C4434
0x1407DB5A0	0x1407DB691	241	3	0	2	0	0	1	0	0x1497C44B8
0x1407DB840	0x1407DB98F	335	1	0	1	0	0	0	0	0x1497C44F8
0x1407DBAE0	0x1407DBC4C	364	1	0	0	0	0	0	1	0x1497C5CB4
0x1407DBC50	0x1407DBCCF	127	1	0	0	0	0	0	1	0x1497C55C8
0x1407FBF60	0x1407FBFE3	131	2	0	1	0	0	1	0	0x1497C02DC
0x1407FC360	0x1407FC524	452	2	0	1	0	0	0	1	0x1497C26A8
0x1407FC530	0x1407FC66C	316	3	0	2	0	0	1	0	0x1497C0C14
0x1407FC670	0x1407FC6E4	116	1	0	0	0	0	0	1	0x1497C455C
0x1407FC7A0	0x1407FCAF8	856	1	0	0	0	0	0	1	0x1497C48CC
0x1407FCB00	0x1407FCFD5	1237	2	0	0	0	0	0	2	0x1497C4958
0x1407FCFE0	0x1407FD186	422	3	0	1	0	0	1	1	0x1497C4738
0x1407FD190	0x1407FD1DB	75	1	0	0	0	0	0	1	0x1497C5018
0x1407FD1DB	0x1407FD365	394	1	0	0	0	0	0	1	0x1497C5028
0x1407FD3A0	0x1407FD4B8	280	2	0	1	0	0	1	0	0x1497C0C14
0x1407FD4E0	0x1407FD64F	367	1	0	1	0	0	0	0	0x1497C0E30
0x14087A330	0x14087A3D0	160	1	0	0	0	0	0	1	0x1497CE7A0
0x14087A3D0	0x14087A4CE	254	1	0	0	0	0	0	1	0x1497CE7A0
0x140893F20	0x140894067	327	3	0	1	0	0	2	0	0x1497D0B70
0x14115AA80	0x14115AB7D	253	1	0	0	0	0	0	1	0x149834978
0x141179730	0x1411797E4	180	1	0	0	0	0	1	0	0x14978B008
0x1414C25A0	0x1414C26DD	317	2	0	1	0	0	1	0	0x1498BC024
0x1414C2BA0	0x1414C2D1C	380	1	0	0	0	0	1	0	0x1497C4B18
0x1414C389C	0x1414C38E5	73	1	0	1	0	0	0	0	0x1498ADD94
0x1414C38E5	0x1414C395B	118	1	0	0	1	0	0	0	0x1498ADDA8
0x1414C3BB0	0x1414C3C82	210	1	0	0	0	0	0	1	0x1498BDB5C
0x1414C5640	0x1414C5712	210	3	0	2	0	0	1	0	0x149791D80
0x1414C6320	0x1414C6487	359	1	0	0	0	0	1	0	0x1497C4B04
0x1414C79C0	0x1414C7B2B	363	1	0	1	0	0	0	0	0x1498BD73C
0x1414C8A50	0x1414C8BBD	365	3	0	2	0	0	1	0	0x1498BC078
0x1414CA7C0	0x1414CA858	152	1	0	0	1	0	0	0	0x1497C4728
0x1414CB660	0x1414CB7D8	376	2	0	1	0	0	1	0	0x1498BC56C
0x1414CC050	0x1414CC0D9	137	1	0	1	0	0	0	0	0x1498BBB60
0x1414CC8C0	0x1414CC9BD	253	1	0	0	1	0	0	0	0x1498980FC
0x1414CC9C0	0x1414CCB02	322	2	0	1	0	0	0	1	0x1498BF5E8
0x1414CCB80	0x1414CCC81	257	1	0	1	0	0	0	0	0x1498BD764
0x1414CD180	0x1414CD20A	138	1	0	1	0	0	0	0	0x1497C4CC0
0x1414CD210	0x1414CD2FF	239	1	0	1	0	0	0	0	0x1498BC120
0x1414CEEF0	0x1414CF026	310	1	0	1	0	0	0	0	0x1498BC654
0x1414CFA40	0x1414CFB56	278	1	0	1	0	0	0	0	0x1498BC0DC
0x1414D0380	0x1414D05CC	588	3	0	0	0	0	2	1	0x1498BF5E8
0x1414D0AF0	0x1414D0CC0	464	1	0	1	0	0	0	0	0x1498BD7A8
0x1414D2050	0x1414D20CB	123	1	0	1	0	0	0	0	0x14977D358
0x1414D2110	0x1414D224B	315	1	0	0	0	0	1	0	0x1498BC7C8
0x1414D2870	0x1414D29E4	372	3	0	1	0	0	1	1	0x1498BF5E8
0x1414D4460	0x1414D458F	303	2	0	0	0	0	2	0	0x1497C4CC0
0x1414D4FF0	0x1414D50C1	209	1	0	1	0	0	0	0	0x1498BC7EC
0x1414D5AC0	0x1414D5CE7	551	2	0	1	0	0	1	0	0x1498BCBA0
0x1414D6340	0x1414D6494	340	2	0	0	0	0	2	0	0x1498BCBB8
0x1414D8410	0x1414D851E	270	1	0	1	0	0	0	0	0x149802770
0x1414D91A0	0x1414D92B5	277	1	0	1	0	0	0	0	0x1498BF5E8
0x1414D95D0	0x1414D96F5	293	2	0	1	0	0	1	0	0x1498BC820
0x1414DA2F0	0x1414DA6FC	1036	1	0	0	1	0	0	0	0x1498BBC38
0x1414DA7F0	0x1414DA8F9	265	3	0	2	1	0	0	0	0x1498BC654
0x1414DAA50	0x1414DAAE4	148	1	0	0	0	0	1	0	0x1497C469C
0x1414DACA0	0x1414DAE0B	363	1	0	0	0	0	1	0	0x1497C4A30
0x1414DBBD0	0x1414DBD91	449	1	0	0	0	0	1	0	0x1498BCAF8
0x1414DBEC0	0x1414DBFE9	297	1	0	1	0	0	0	0	0x1498ACB3C
0x1414DC260	0x1414DC403	419	1	0	0	0	0	1	0	0x1498BC2DC
0x1414DC810	0x1414DC91E	270	1	0	0	0	0	0	1	0x1498BF680
0x1414DCF10	0x1414DD0A8	408	2	0	1	0	0	1	0	0x1498BBC74
0x1414DE690	0x1414DE7DC	332	1	0	0	0	0	0	1	0x1498BF5E8
0x1414E06B0	0x1414E0765	181	2	0	1	0	0	1	0	0x1498BBB60
0x1414E0D90	0x1414E0EAB	283	2	0	1	0	0	0	1	0x1498BF5E8
0x1414E1F50	0x1414E1FE4	148	1	0	0	0	0	1	0	0x1497C469C
0x1414E26B0	0x1414E27E0	304	3	0	2	1	0	0	0	0x1498BBCAC
0x1414E2C20	0x1414E2DCF	431	2	0	1	0	0	1	0	0x1498BC86C
0x1414E3696	0x1414E370C	118	1	0	0	1	0	0	0	0x1498AA638
0x1414E3C60	0x1414E3D53	243	1	0	0	0	0	1	0	0x1498BC120
0x1414E5490	0x1414E561E	398	2	0	1	0	0	0	1	0x1498BF800
0x1414E6070	0x1414E61AD	317	1	0	1	0	0	0	0	0x1498BBB80
0x1414E71E0	0x1414E7297	183	1	0	0	0	0	1	0	0x1497C4CC0
0x1414E7DC0	0x1414E7F6B	427	1	0	0	0	0	1	0	0x1498BC370
0x1414E8A40	0x1414E8B39	249	1	0	1	0	0	0	0	0x1498BDBBC
0x1414EA030	0x1414EA0F7	199	1	0	1	0	0	0	0	0x1498BDB5C
0x1414EAD90	0x1414EAF3B	427	1	0	1	0	0	0	0	0x1498BDD50
0x1414EC5C0	0x1414EC6AC	236	1	0	1	0	0	0	0	0x1498BE874
0x1414EE170	0x1414EE297	295	1	0	0	0	0	0	1	0x1498BDD50
0x1414EEFA0	0x1414EF103	355	1	0	0	0	0	0	1	0x1498BCEF4
0x1414EF6C0	0x1414EF748	136	1	0	1	0	0	0	0	0x1497C4CC0
0x1414EFB60	0x1414EFBF4	148	1	0	0	0	0	1	0	0x1497C469C
0x1414F1C20	0x1414F1D76	342	1	0	1	0	0	0	0	0x1498BF5E8
0x1414F23C0	0x1414F2457	151	1	0	0	0	0	1	0	0x1497C4658
0x1414F2A50	0x1414F2B7A	298	2	0	0	1	0	1	0	0x1498BC624
0x1414F4170	0x1414F4202	146	1	0	0	0	0	0	1	0x1498BFF78
0x1414F5570	0x1414F5642	210	1	0	0	0	0	0	1	0x1498BDB5C
0x1414FA440	0x1414FA58D	333	1	0	0	1	0	0	0	0x1498BD800
0x1414FBD10	0x1414FBE54	324	1	0	0	0	0	1	0	0x149802770
0x1414FEAB0	0x1414FEC30	384	1	0	0	0	0	1	0	0x1498BBD14
0x1414FF630	0x1414FF6FA	202	1	0	1	0	0	0	0	0x149802770
0x141500280	0x141500466	486	1	0	0	0	0	1	0	0x1498BD350
0x141501FE0	0x1415020AE	206	2	0	1	0	0	1	0	0x1497C4CC0
0x141502C20	0x141502D2E	270	1	0	1	0	0	0	0	0x1498BCD6C
0x14150B330	0x14150B431	257	1	0	0	0	0	1	0	0x14986BF34
0x14150BAC0	0x14150BCE9	553	1	0	0	0	0	1	0	0x1498BD590
0x14150C5C0	0x14150C744	388	2	0	1	0	0	1	0	0x1498BE938
0x14150F0C0	0x14150F16C	172	1	0	1	0	0	0	0	0x149791D80
0x14150F650	0x14150F81E	462	2	0	1	0	0	1	0	0x1498BC3EC
0x141510BD0	0x141510C8C	188	2	2	0	0	0	0	0	0x1498BC120
0x1415119D3	0x141511A82	175	1	0	0	0	0	1	0	0x1498BC478
0x141514630	0x14151474E	286	2	0	1	0	0	1	0	0x1498BC9F0
0x141515210	0x141515394	388	1	0	0	0	0	1	0	0x1497C4B18
0x141515D60	0x141515EFC	412	2	0	1	0	0	1	0	0x1498BCA1C
0x141516690	0x1415168F9	617	1	0	0	0	0	1	0	0x1498BCF3C
0x141519A40	0x141519BAC	364	3	0	2	0	0	1	0	0x1498BBB34
0x141519BB0	0x141519CD4	292	1	0	1	0	0	0	0	0x1498BF368
0x14151A820	0x14151A942	290	1	0	1	0	0	0	0	0x14978B008
0x14151B2D0	0x14151B440	368	1	0	0	0	0	0	1	0x1498BF3CC
0x14151CEF0	0x14151CF8D	157	1	0	0	0	0	1	0	0x14977D3F0
0x14151DF60	0x14151E031	209	1	0	0	0	0	1	0	0x1498BBBC4
0x14151FEF0	0x141520058	360	1	0	0	0	0	1	0	0x1498BC654
0x141521270	0x141521510	672	2	0	1	0	0	0	1	0x1498BD66C
0x1415253C0	0x141525552	402	1	0	1	0	0	0	0	0x1498BD9D4
0x1415258F0	0x1415259B2	194	2	0	0	0	0	0	2	0x14978714C
0x1415275F0	0x141527857	615	1	0	0	0	0	1	0	0x1498BD690
0x141528BF0	0x141528D51	353	1	0	1	0	0	0	0	0x1498BD9D4
0x141529120	0x14152928A	362	1	0	0	0	0	1	0	0x1498BC4BC
0x14152AC30	0x14152ACC8	152	1	0	1	0	0	0	0	0x1497C4728
0x14152D4D0	0x14152D658	392	1	0	0	0	0	1	0	0x1498BD6A8
0x14152EE30	0x14152EFBF	399	2	0	2	0	0	0	0	0x1498BDA38
0x14152F3A0	0x14152F472	210	1	0	0	0	0	0	1	0x1498BDB5C
0x14152F730	0x14152F87C	332	1	0	0	0	0	1	0	0x1498BD6C0
0x141530220	0x1415302E2	194	1	0	1	0	0	0	0	0x1497C4CC0
0x141530E60	0x141530FA2	322	1	0	0	0	0	1	0	0x1498BC654
0x1415312E0	0x141531369	137	1	0	1	0	0	0	0	0x1498BBB60
0x141531BF0	0x141531CB4	196	1	0	1	0	0	0	0	0x1498BBB80
0x141532A10	0x141532AE2	210	1	0	0	0	0	0	1	0x1498BDB5C
0x141533030	0x1415331C9	409	1	0	1	0	0	0	0	0x1498BDA7C
0x141533360	0x141533424	196	1	0	1	0	0	0	0	0x1498BBB80
0x141534460	0x14153451E	190	2	0	1	1	0	0	0	0x1498BBB80
0x141534780	0x1415348E1	353	1	0	1	0	0	0	0	0x1498BCBB8
0x141535800	0x141535924	292	3	0	1	2	0	0	0	0x1498BBB80
0x141535D90	0x141535E94	260	1	0	0	0	0	1	0	0x1498BC8A8
0x141537090	0x141537140	176	1	0	1	0	0	0	0	0x1498BBB80
0x1415374B0	0x14153763F	399	1	0	0	0	0	1	0	0x1497C4B18
0x141537640	0x1415377E5	421	2	0	1	0	0	1	0	0x1498BD7A8
0x141537F80	0x14153807B	251	1	0	1	0	0	0	0	0x14978B008
0x141538D50	0x141538E48	248	2	0	1	1	0	0	0	0x1498BBB80
0x141539950	0x141539AF2	418	5	0	4	0	1	0	0	0x1498BF464
0x14153AE50	0x14153AF06	182	1	0	1	0	0	0	0	0x1498BF4D8
0x14153B880	0x14153B9C3	323	1	0	1	0	0	0	0	0x1498BDA94
0x14153DED0	0x14153E09D	461	2	0	0	1	0	1	0	0x1498BCBA0
0x14153E970	0x14153EA08	152	1	0	1	0	0	0	0	0x1497C4728
0x14153F060	0x14153F1DF	383	5	0	3	0	0	2	0	0x1498BDD50
0x1415403F0	0x1415405B9	457	1	0	0	0	0	1	0	0x1498BC500
0x141541630	0x14154178E	350	3	0	1	1	0	1	0	0x1498BCBA0
0x141541990	0x141541AAA	282	1	0	0	0	0	1	0	0x1498BCAF8
0x141541CE0	0x141541DCD	237	2	0	1	0	0	1	0	0x1498BC544
0x1415429F0	0x141542B56	358	1	0	0	0	0	0	1	0x14988E088
0x141543B80	0x141543CA8	296	2	0	0	1	0	1	0	0x149802770
0x141543CB0	0x141543D44	148	1	0	0	0	0	1	0	0x1497C469C
0x141543FD0	0x14154410E	318	1	0	1	0	0	0	0	0x14977FA74
0x141544D60	0x141544E71	273	1	0	1	0	0	0	0	0x1498BD764
0x141546470	0x14154657D	269	1	0	0	0	0	1	0	0x1498BDB5C
0x1415482E0	0x14154846A	394	1	0	0	0	0	1	0	0x1498BEB60
0x141549510	0x1415495AE	158	2	0	1	0	0	1	0	0x14977D358
0x14154A210	0x14154A39A	394	1	0	1	0	0	0	0	0x1497C4B18
0x141568750	0x141568940	496	1	0	0	0	0	0	1	0x1498C6D04
0x141568951	0x141568A94	323	1	0	0	0	0	0	1	0x1498C8028
0x141568AE0	0x141568C4A	362	1	0	0	0	0	0	1	0x1498C89E4
0x1415691D0	0x141569258	136	1	0	1	0	0	0	0	0x14977D358
0x141589B60	0x141589C7C	284	2	0	1	0	0	1	0	0x1498C6B98
0x141589C80	0x141589DBD	317	2	0	1	0	0	1	0	0x1498C6B98
0x141589DC0	0x141589ECF	271	2	0	1	0	0	1	0	0x14978B008
0x141589ED0	0x141589FE0	272	3	0	1	0	0	2	0	0x149787138
0x141589FF0	0x14158A0B1	193	1	0	0	0	0	1	0	0x1498C5CFC
0x1415ACA50	0x1415ACAF9	169	2	0	1	0	0	1	0	0x14988CE6C
0x1415ACB00	0x1415ACB86	134	1	0	0	0	0	0	1	0x14978BF4C
0x1415ACC30	0x1415ACD1A	234	3	0	1	0	0	2	0	0x1497CE7A0
0x1415ACD20	0x1415ACE37	279	4	0	0	4	0	0	0	0x1498C71C4
0x1415ACE40	0x1415ACEF4	180	1	0	0	0	0	1	0	0x14977E768
0x1415ACF00	0x1415ACFB5	181	1	0	0	0	0	1	0	0x1497870DC
0x1415ACFC0	0x1415AD0D6	278	3	0	0	3	0	0	0	0x14982181C
0x1415AD0E0	0x1415AD311	561	4	1	1	1	1	0	0	0x1497C5704
0x1415AD320	0x1415AD36C	76	1	1	0	0	0	0	0	0x1498C5F00
0x1415AD36C	0x1415AD478	268	3	1	1	0	0	0	1	0x1498C5F14
0x1415AD4B0	0x1415AD548	152	2	0	2	0	0	0	0	0x1497870DC
0x1415AD550	0x1415AD713	451	9	0	9	0	0	0	0	0x1497C0C14
0x1415AD720	0x1415AD920	512	8	0	8	0	0	0	0	0x149781ED4
0x1415AD920	0x1415ADAAC	396	2	0	2	0	0	0	0	0x1498BD2C8
0x1415ADAB0	0x1415ADC73	451	2	0	2	0	0	0	0	0x1497C0C14
0x1415ADC80	0x1415ADD18	152	1	0	1	0	0	0	0	0x1497870DC
0x1415ADD20	0x1415ADE8C	364	4	0	4	0	0	0	0	0x1497C0C14
0x1415ADE90	0x1415AE030	416	6	0	2	3	0	1	0	0x1497C0C14
0x1415AE030	0x1415AE0E5	181	2	0	1	0	0	1	0	0x14977E768
0x1415AE0F0	0x1415AE2B3	451	8	0	8	0	0	0	0	0x1497C0C14
0x1415AE2C0	0x1415AE4E1	545	3	0	2	0	0	1	0	0x1497C5704
0x1415AE4F0	0x1415AE77C	652	8	0	7	1	0	0	0	0x1498C3F64
0x1415AE780	0x1415AE953	467	7	0	3	2	0	2	0	0x1497C5C8C
0x1415AE960	0x1415AEA28	200	2	0	0	2	0	0	0	0x14977E768
0x1415AEA30	0x1415AEC65	565	8	0	0	8	0	0	0	0x1497C5704
0x1415AEC70	0x1415AEE02	402	6	0	0	4	0	2	0	0x1497C0C14
0x1415AEE10	0x1415AEFB6	422	5	0	0	3	0	2	0	0x1497C0C14
0x1415AEFC0	0x1415AF0AB	235	1	0	0	1	0	0	0	0x1497870DC
0x1415AF0B0	0x1415AF165	181	2	0	0	1	0	1	0	0x14977E768
0x1415AF170	0x1415AF2F6	390	4	2	1	0	0	1	0	0x1498C3FEC
0x1415AF300	0x1415AF490	400	5	0	4	0	0	1	0	0x1498A98C8
0x1415AF490	0x1415AF60A	378	3	0	1	0	0	2	0	0x1497C5284
0x1415AF610	0x1415AF7C3	435	2	0	0	0	0	1	1	0x1498BE948
0x1415AF7D0	0x1415AF9E1	529	3	0	3	0	0	0	0	0x1498C3F4C
0x1415AFB9F	0x1415AFCBE	287	1	0	0	0	0	0	1	0x1498C4720
0x1415AFE18	0x1415AFF61	329	1	0	0	0	0	0	1	0x1498BE60C
0x1415B0120	0x1415B01F1	209	1	0	0	0	0	1	0	0x1498C4FF4
0x1415B01F1	0x1415B029B	170	1	0	0	0	0	1	0	0x1498C5008
0x1415B0300	0x1415B03F7	247	1	0	0	0	0	1	0	0x149787DB8
0x1415B0400	0x1415B04AF	175	1	0	1	0	0	0	0	0x1497870DC
0x1415B0530	0x1415B067D	333	4	0	1	1	0	2	0	0x1498BD288
0x1415B0680	0x1415B0803	387	2	0	0	0	0	2	0	0x1497C0C14
0x1415B0810	0x1415B099F	399	3	0	0	2	0	1	0	0x149782EC4
0x1415B09A0	0x1415B0BA7	519	5	0	1	0	0	2	2	0x1497C43C8
0x1415B0BB0	0x1415B0D79	457	3	0	1	0	0	1	1	0x149852534
0x1415B0D80	0x1415B0F26	422	2	0	0	0	0	2	0	0x1498C6C54
0x1415B0F30	0x1415B1102	466	4	0	1	0	0	3	0	0x149782334
0x1415B11A0	0x1415B137A	474	2	0	0	2	0	0	0	0x1497C5C8C
0x1415B1380	0x1415B1418	152	1	0	1	0	0	0	0	0x1497870DC
0x1415B1420	0x1415B150B	235	2	0	2	0	0	0	0	0x1497870DC
0x1415B1510	0x1415B16B7	423	4	0	1	0	0	0	3	0x1497C0C14
0x1415B16C0	0x1415B1758	152	1	0	0	1	0	0	0	0x1497870DC
0x1415B1AB0	0x1415B1C43	403	1	0	0	0	0	1	0	0x1497C0C14
0x1415B1C50	0x1415B1E26	470	3	0	1	0	0	2	0	0x1497C5C8C
0x1415B1E30	0x1415B1FF4	452	2	0	0	1	0	0	1	0x1498BEE2C
0x1415B2000	0x1415B21CE	462	3	0	3	0	0	0	0	0x1497C0C14
0x1415B21D0	0x1415B2270	160	1	0	1	0	0	0	0	0x1497870DC
0x1415B2270	0x1415B2411	417	5	0	5	0	0	0	0	0x1497C0C14
0x1415B2420	0x1415B24D5	181	1	0	0	0	0	1	0	0x14977E768
0x1415B24E0	0x1415B25F1	273	1	0	0	0	0	1	0	0x14977E768
0x1415B2600	0x1415B267B	123	1	0	0	0	0	0	1	0x1498C7FB4
0x1415B2730	0x1415B27CA	154	1	0	0	0	0	1	0	0x1498C7FE4
0x1415B27D0	0x1415B2995	453	3	0	1	1	0	0	1	0x1497C4738
0x1415B29FC	0x1415B2B2A	302	1	0	0	0	0	0	1	0x1498C6BD0
0x1415B2BC0	0x1415B2D91	465	5	0	3	0	0	0	2	0x1498BD29C
0x1415B2DA0	0x1415B2FD2	562	2	0	0	0	0	1	1	0x1498B954C
0x1415B2FE0	0x1415B312E	334	3	0	0	0	0	3	0	0x1497C5284
0x1415B3130	0x1415B3366	566	1	0	0	0	0	0	1	0x1498BE654
0x1415B3370	0x1415B34E7	375	3	0	0	0	0	3	0	0x1497C0C14
0x1415B34F0	0x1415B3704	532	2	0	0	0	0	0	2	0x1498C5E78
0x1415B3710	0x1415B37E1	209	1	0	0	0	0	0	1	0x1497870DC
0x1415B37F0	0x1415B3A03	531	2	0	0	0	0	1	1	0x1497C5694
0x1415B3A10	0x1415B3B4A	314	1	0	0	0	0	0	1	0x14977E470
0x1415B3B50	0x1415B3CEB	411	3	0	1	0	0	1	1	0x1497E2C44
0x1415B3CF0	0x1415B3EBE	462	2	0	1	0	0	0	1	0x1497CDC48
0x1415B3EC0	0x1415B40A1	481	3	0	1	0	0	0	2	0x14977E9A8
0x1415B40B0	0x1415B411D	109	1	0	0	0	0	0	1	0x1498B9418
0x1415B41B0	0x1415B4272	194	1	0	0	0	0	1	0	0x1498B9444
0x1415B4280	0x1415B4351	209	1	0	0	0	0	0	1	0x1497870DC
0x1415B4360	0x1415B4431	209	1	0	0	0	0	0	1	0x1497870DC
0x1415B4440	0x1415B461E	478	2	0	0	0	0	0	2	0x1497CDC48
0x1415B4620	0x1415B48E1	705	6	0	3	1	0	0	2	0x1497C7E58
0x1415B4941	0x1415B4A91	336	1	0	0	0	0	0	1	0x1498C8374
0x1415B4AB0	0x1415B4B81	209	1	0	0	0	0	0	1	0x1497870DC
0x1415B4B90	0x1415B4D39	425	4	0	2	0	0	2	0	0x1497C5C8C
0x1415B4E70	0x1415B4F90	288	2	0	1	0	0	1	0	0x1497C5284
0x1415B4F90	0x1415B50AA	282	2	0	1	0	0	1	0	0x1497C0C14
0x1415B50FE	0x1415B521F	289	2	0	0	0	0	1	1	0x1498C3FB4
0x1415B528F	0x1415B53B2	291	1	0	0	0	0	0	1	0x1498BCDA8
0x1415B543F	0x1415B5570	305	1	0	0	0	0	0	1	0x1498BCE1C
0x1415B5870	0x1415B5920	176	1	0	0	0	0	1	0	0x1497870DC
0x1415B5920	0x1415B5B2A	522	1	0	0	0	0	0	1	0x14977E9A8
0x1415B5B30	0x1415B5D36	518	4	0	2	0	0	2	0	0x149782300
0x1415B5D40	0x1415B5E5A	282	3	0	0	3	0	0	0	0x1497C5284
0x1415B5E60	0x1415B60C8	616	6	0	0	4	0	2	0	0x14978231C
0x1415B60D0	0x1415B6191	193	2	0	1	0	0	1	0	0x1497B5AC8
0x1415B61A0	0x1415B6326	390	3	0	1	2	0	0	0	0x14977E9A8
0x1415B6330	0x1415B6489	345	1	0	0	0	0	1	0	0x14977E9A8
0x1415B6490	0x1415B6672	482	3	0	1	2	0	0	0	0x14983B8F8
0x1415B6680	0x1415B6777	247	2	0	1	0	0	0	1	0x1498C43D4
0x1415B67EB	0x1415B6890	165	1	0	0	0	0	1	0	0x1498C4400
0x1415B6890	0x1415B69FB	363	2	0	2	0	0	0	0	0x1498BD29C
0x1415B6A00	0x1415B6AA5	165	1	0	0	0	0	1	0	0x1497870DC
0x1415B6AB0	0x1415B6B79	201	2	0	0	0	0	2	0	0x14977EA2C
0x1415B6B80	0x1415B6D21	417	2	0	0	0	0	2	0	0x14977E9A8
0x1415B6D30	0x1415B6DFF	207	1	0	0	0	0	1	0	0x14977EA2C
0x1415B6E00	0x1415B6ECC	204	1	0	0	0	0	1	0	0x1497870DC
0x1415B6ED0	0x1415B6FCD	253	2	0	1	0	0	1	0	0x1498BD2B4
0x1415B6FD0	0x1415B7173	419	2	0	1	0	0	1	0	0x1498C3FEC
0x1415B7180	0x1415B7278	248	1	0	0	0	0	1	0	0x1498BD2B4
0x1415B7280	0x1415B7378	248	1	0	0	0	0	1	0	0x1498BD2B4
0x1415B7380	0x1415B7515	405	2	0	0	1	0	1	0	0x1498BD288
0x1415B7520	0x1415B76B3	403	2	0	1	0	0	1	0	0x1498BD288
0x1415B76C0	0x1415B77BD	253	1	0	0	0	0	1	0	0x1498BD288
0x1415B77C0	0x1415B7860	160	1	0	1	0	0	0	0	0x1497870DC
0x1415B7860	0x1415B7939	217	1	0	1	0	0	0	0	0x14977EA2C
0x1415B7940	0x1415B7A19	217	1	0	1	0	0	0	0	0x14977EA2C
0x1415B7A20	0x1415B7AC7	167	1	0	1	0	0	0	0	0x14977EA2C
0x1415B7AD0	0x1415B7BA4	212	1	0	1	0	0	0	0	0x14977EA2C
0x1415B7BB0	0x1415B7C78	200	1	0	1	0	0	0	0	0x14977EA2C
0x1415B7C80	0x1415B7D50	208	1	0	1	0	0	0	0	0x1497870DC
0x1415B7D50	0x1415B7E0F	191	2	0	1	0	0	1	0	0x14977E964
0x1415B7E10	0x1415B7ED1	193	2	0	1	0	0	1	0	0x1497B5AC8
0x1415B7EE0	0x1415B7F7D	157	1	0	1	0	0	0	0	0x14977E470
0x1415B7F80	0x1415B8150	464	5	0	4	0	0	1	0	0x1498C3F4C
0x1415B81E0	0x1415B82CE	238	1	0	1	0	0	0	0	0x1497870DC
0x1415B82D0	0x1415B8378	168	1	0	1	0	0	0	0	0x1497870DC
0x1415B8470	0x1415B85BC	332	2	0	0	0	0	2	0	0x14978003C
0x1415B85C0	0x1415B87BD	509	4	0	2	0	0	2	0	0x1497C5298
0x1415B87C0	0x1415B8875	181	2	0	0	1	0	1	0	0x1497C5A04
0x1415B8880	0x1415B8935	181	1	0	0	0	0	1	0	0x1497C5A04
0x1415B8940	0x1415B8AED	429	4	0	1	0	0	2	1	0x1497C56F0
0x1415B8AF0	0x1415B8CA7	439	5	0	1	2	0	2	0	0x1497C5298
0x1415B8CB0	0x1415B8D76	198	2	0	1	0	0	1	0	0x1498BCE08
0x1415B8D80	0x1415B8E2E	174	1	0	0	0	0	1	0	0x1497C5A04
0x1415B8E30	0x1415B8EC7	151	1	0	0	0	0	1	0	0x1497C5A04
0x1415B8ED0	0x1415B907F	431	4	0	0	1	0	3	0	0x1497C56F0
0x1415B9080	0x1415B9209	393	4	0	0	0	0	2	2	0x1497C56F0
0x1415B9210	0x1415B9381	369	6	0	2	1	0	3	0	0x1497C56F0
0x1415B9390	0x1415B9515	389	4	0	0	0	0	4	0	0x14978295C
0x1415B9520	0x1415B96E3	451	4	0	0	0	0	4	0	0x14977E738
0x1415B96F0	0x1415B98EC	508	4	0	0	0	0	4	0	0x149852534
0x1415B98F0	0x1415B9B28	568	4	0	0	0	0	4	0	0x1498BEC8C
0x1415B9B30	0x1415B9CBB	395	5	0	3	0	0	2	0	0x1497C0C14
0x1415B9CC0	0x1415B9ED3	531	2	0	0	0	0	1	1	0x1498C8914
0x1415B9F10	0x1415BA003	243	1	0	1	0	0	0	0	0x14978B008
0x1415BA010	0x1415BA184	372	1	0	0	0	0	1	0	0x1498980FC
0x1415BA190	0x1415BA288	248	1	0	1	0	0	0	0	0x14978B008
0x1415BA290	0x1415BA3D1	321	1	0	1	0	0	0	0	0x1497871D8
0x1415BA3E0	0x1415BA498	184	1	0	1	0	0	0	0	0x14978B008
0x1415BA4A0	0x1415BA637	407	3	0	1	0	0	2	0	0x1498980FC
0x1415BA640	0x1415BA79B	347	5	0	1	4	0	0	0	0x1498A606C
0x1415BA7A0	0x1415BA868	200	2	0	0	0	0	2	0	0x14977D3BC
0x1415BA870	0x1415BA986	278	3	0	2	0	0	1	0	0x14978B008
0x1415BA990	0x1415BAA5F	207	1	0	0	0	0	1	0	0x14988FE84
0x1415BAA60	0x1415BAB31	209	1	0	0	0	0	1	0	0x14988FE84
0x1415BAB40	0x1415BAC09	201	1	0	0	0	0	1	0	0x14988FE84
0x1415BAC10	0x1415BAC7D	109	1	0	0	0	0	0	1	0x1498AD044
0x1415BAD20	0x1415BAD91	113	1	0	0	0	0	0	1	0x1498C40C0
0x1415BAEA0	0x1415BAF10	112	1	0	0	0	0	0	1	0x1498A6C54
0x1415BAFC0	0x1415BB030	112	1	0	0	0	0	0	1	0x1498A6C54
0x1415BB0F3	0x1415BB1AB	184	1	0	0	0	0	1	0	0x1498C5E30
0x1415BB203	0x1415BB2BB	184	1	0	0	0	0	1	0	0x1498C6038
0x1415BB350	0x1415BB39D	77	1	0	0	0	0	0	1	0x1498C6C90
0x1415BB3BC	0x1415BB4CA	270	2	0	2	0	0	0	0	0x1498C6CB8
0x1415BB520	0x1415BB577	87	1	0	0	0	0	0	1	0x1498C605C
0x1415BB592	0x1415BB5F8	102	1	0	0	0	0	1	0	0x1498C6080
0x1415BB620	0x1415BB746	294	1	0	0	0	0	0	1	0x1498C88E0
0x1415BB750	0x1415BB7BF	111	1	0	0	0	0	0	1	0x149845E20
0x1415BB8C0	0x1415BB910	80	1	0	0	0	0	0	1	0x1498B949C
0x1415BBA80	0x1415BBB02	130	1	0	0	0	0	0	1	0x1497DF53C
0x1415BBC30	0x1415BBCD3	163	1	0	0	0	0	0	1	0x14978B008
0x1415BBCE0	0x1415BBD83	163	1	0	0	0	0	0	1	0x14978B008
0x1415BBD90	0x1415BBDE2	82	1	0	0	0	0	0	1	0x149845E20
0x1415BBF10	0x1415BBF7F	111	1	0	0	0	0	0	1	0x149845E20
0x1415BC060	0x1415BC103	163	1	0	0	0	0	0	1	0x14978B008
0x1415BC110	0x1415BC17F	111	1	0	0	0	0	0	1	0x149845E20
0x1415BC17F	0x1415BC259	218	1	0	1	0	0	0	0	0x1498C3F7C
0x1415BC290	0x1415BC2FF	111	1	0	0	0	0	0	1	0x149845E20
0x1415BC3C0	0x1415BC42B	107	1	0	0	0	0	0	1	0x1498C5D58
0x1415BC4F0	0x1415BC55F	111	1	0	0	0	0	0	1	0x149845E20
0x1415BC660	0x1415BC7FB	411	4	0	2	0	0	2	0	0x1498C71B4
0x1415BC800	0x1415BC989	393	4	0	0	4	0	0	0	0x1498A606C
0x1415BC990	0x1415BCACD	317	4	4	0	0	0	0	0	0x1498BC1AC
0x1415BCB00	0x1415BCBEA	234	2	0	1	0	0	1	0	0x1498980FC
0x1415BD580	0x1415BD77B	507	1	0	1	0	0	0	0	0x1498C84F8
0x1415BD780	0x1415BD9CB	587	1	0	0	0	0	1	0	0x1498C7ABC
0x1415BD9D0	0x1415BDBA0	464	1	0	0	0	0	1	0	0x1498C6844
0x1415BDBA0	0x1415BDDE8	584	2	0	0	0	0	1	1	0x1498C8C8C
0x1415BE1C0	0x1415BE39A	474	1	0	0	0	0	1	0	0x1498C75C8
0x1415BE501	0x1415BE628	295	1	0	0	0	0	1	0	0x1498C7518
0x1415BECC3	0x1415BEE30	365	4	0	1	0	0	3	0	0x1498C74A8
0x1415BF3D0	0x1415BF509	313	2	0	0	0	0	2	0	0x1498C73D0
0x1415BF510	0x1415BF727	535	3	0	2	1	0	0	0	0x1498A98C8
0x1415C0420	0x1415C05F2	466	2	0	1	1	0	0	0	0x1498C73A8
0x1415C07B0	0x1415C0A5B	683	1	0	0	0	0	0	1	0x1498C84A8
0x1415C0A60	0x1415C0CCB	619	1	0	1	0	0	0	0	0x1498C7528
0x1415C1100	0x1415C1351	593	2	0	1	1	0	0	0	0x1498A98C8
0x1415C1770	0x1415C1AA3	819	3	0	2	0	0	0	1	0x1498C7540
0x1415C1AB0	0x1415C1CC2	530	1	0	0	1	0	0	0	0x1498C73A8
0x1415C1CD0	0x1415C1F5B	651	1	0	0	0	0	0	1	0x1498C7344
0x1415C1F60	0x1415C225E	766	1	0	1	0	0	0	0	0x1498C7B64
0x1415C2260	0x1415C241A	442	3	0	3	0	0	0	0	0x1498C73A8
0x1415C2420	0x1415C2607	487	1	0	1	0	0	0	0	0x1498C84E4
0x1415C27C0	0x1415C29A4	484	2	1	1	0	0	0	0	0x1498C73A8
0x1415C29B0	0x1415C2B88	472	1	0	0	0	0	1	0	0x1498C7478
0x1415C2CD0	0x1415C2DB0	224	1	0	0	0	0	1	0	0x1498C8E08
0x1415C3090	0x1415C3220	400	1	0	0	0	0	1	0	0x149867CA8
0x1415C3220	0x1415C33D6	438	4	0	1	1	0	0	2	0x1498B99C8
0x1415C33E0	0x1415C3477	151	1	0	0	0	0	0	1	0x1498B9918
0x1415C3590	0x1415C3750	448	5	0	3	1	0	1	0	0x1498B95F8
0x1415C3750	0x1415C3928	472	1	0	1	0	0	0	0	0x149867CA8
0x1415C3930	0x1415C3A72	322	5	0	0	5	0	0	0	0x1498B98E8
0x1415C3BA0	0x1415C3C72	210	1	0	0	0	0	0	1	0x1497CE7A0
0x1415C3C80	0x1415C3DEE	366	3	1	1	0	0	1	0	0x1498B98E8
0x1415C3F40	0x1415C4101	449	3	0	1	0	0	0	2	0x1498B99C8
0x1415C4110	0x1415C42A6	406	3	0	0	2	0	1	0	0x1498B99C8
0x1415C42B0	0x1415C447F	463	4	0	1	0	0	3	0	0x1498B95F8
0x1415C46A0	0x1415C47F9	345	1	0	0	0	0	0	1	0x1498C7CCC
0x1415C4800	0x1415C49F7	503	1	0	0	0	0	0	1	0x1498C70C4
0x1415C4A00	0x1415C4A4A	74	1	0	0	0	0	0	1	0x1498C77EC
0x1415C4A69	0x1415C4BE8	383	2	0	1	0	0	1	0	0x1498C7814
0x1415C4C30	0x1415C4DEF	447	1	0	0	0	0	0	1	0x1498C7C94
0x1415C4DF0	0x1415C4FA6	438	2	0	0	0	0	1	1	0x1498C7120
0x1415C4FB0	0x1415C5166	438	2	0	0	0	0	1	1	0x1498C7120
0x1415C5170	0x1415C5322	434	1	0	0	0	0	0	1	0x1498C77AC
0x1415C5330	0x1415C5505	469	1	0	0	0	0	0	1	0x1498C6AD0
0x1415C5510	0x1415C56C7	439	2	0	0	0	0	1	1	0x1498C789C
0x1415C56D0	0x1415C588B	443	2	0	1	0	0	0	1	0x1498C6FFC
0x1415C5890	0x1415C5957	199	1	0	0	0	0	0	1	0x1498C8234
0x1415C5A80	0x1415C5C6B	491	1	0	0	0	0	0	1	0x14982EFF8
0x1415C5C70	0x1415C5CE9	121	1	0	0	0	0	0	1	0x14986AE68
0x1415C5EA0	0x1415C607B	475	1	0	0	0	0	0	1	0x1498C78E4
0x1415C6080	0x1415C6103	131	1	0	0	0	0	0	1	0x1498C8270
0x1415C6280	0x1415C62F5	117	1	0	0	0	0	0	1	0x1498C8978
0x1415C638D	0x1415C6458	203	1	0	1	0	0	0	0	0x1498C89B8
0x1415C6480	0x1415C64E7	103	1	0	0	0	0	0	1	0x1498C8C40
0x1415C64E7	0x1415C65EE	263	2	1	1	0	0	0	0	0x1498C8C54
0x1415C6630	0x1415C66A9	121	1	0	0	0	0	0	1	0x14986AE68
0x1415C67C0	0x1415C696F	431	1	0	0	0	0	0	1	0x1498C7104
0x1415C6970	0x1415C69F6	134	1	0	0	0	0	0	1	0x1498C5928
0x1415C6ADC	0x1415C6B77	155	1	0	0	0	0	1	0	0x1498C5988
0x1417AC320	0x1417AC3A3	131	1	0	0	0	0	0	1	0x1498AD3C8
0x1417AC3A3	0x1417AC466	195	1	0	1	0	0	0	0	0x1498AD3D8
0x1417AC6E0	0x1417AC7B2	210	1	0	0	0	0	0	1	0x1498BDB5C
0x1417ACD20	0x1417ACDE0	192	3	0	3	0	0	0	0	0x1497870DC
0x1417ACDE0	0x1417ACEC8	232	1	0	0	0	0	1	0	0x14977E768
0x1417ACED0	0x1417ACFA9	217	1	0	0	0	0	1	0	0x14977EA2C
0x1417ACFB0	0x1417AD0CE	286	1	0	1	0	0	0	0	0x1497C0C14
0x1417AD1A0	0x1417AD37E	478	2	0	1	0	0	1	0	0x1498A98C8
0x1417AD380	0x1417AD4E5	357	2	0	1	0	0	0	1	0x1497C0C14
0x1417AD5B0	0x1417AD6BF	271	1	0	0	0	0	0	1	0x1497870DC
0x1417AD740	0x1417AD8C3	387	3	0	0	0	0	2	1	0x1497C0C14
0x1417AD8D0	0x1417ADA17	327	3	0	1	0	0	1	1	0x1497C5284
0x1417ADA20	0x1417ADB7E	350	3	0	2	0	0	0	1	0x1497C0C14
0x1417ADB80	0x1417ADC8E	270	1	0	0	0	0	0	1	0x1497870DC
0x1417ADC90	0x1417ADDF2	354	2	0	1	0	0	0	1	0x1497C5284
0x1417ADE00	0x1417ADF78	376	1	0	1	0	0	0	0	0x1497C0C14
0x1417ADF80	0x1417AE0DD	349	1	0	0	0	0	1	0	0x14977E768
0x1417AE0E0	0x1417AE18E	174	1	0	0	0	0	1	0	0x1498B2E58
0x1417AE230	0x1417AE327	247	1	0	1	0	0	0	0	0x1497870DC
0x1417AE640	0x1417AE75B	283	2	0	1	0	0	0	1	0x1497C5284
0x1417AE760	0x1417AE8C8	360	1	0	0	0	0	1	0	0x1497870DC
0x1417AE8D0	0x1417AE9C8	248	1	0	1	0	0	0	0	0x14977EA2C
0x1417AE9D0	0x1417AEAC2	242	1	0	1	0	0	0	0	0x1497870DC
0x1417AEAD0	0x1417AEBC8	248	1	1	0	0	0	0	0	0x1497870DC
0x1417AEBD0	0x1417AED1A	330	3	0	0	0	0	2	1	0x1497C0C14
0x1417AED50	0x1417AEDDD	141	1	0	0	0	0	1	0	0x14977E768
0x1417AEDE0	0x1417AEF1B	315	1	0	1	0	0	0	0	0x14977E768
0x1417AEF20	0x1417AF035	277	1	0	0	0	0	1	0	0x1497C0C14
0x1417AF040	0x1417AF15A	282	2	0	1	0	0	0	1	0x1497C5284
0x1417AF1E0	0x1417AF3E2	514	1	0	0	0	0	1	0	0x149891808
0x1417AF470	0x1417AF5CA	346	2	0	0	1	0	1	0	0x14977E768
0x1417AF5D0	0x1417AF719	329	1	0	0	0	0	0	1	0x1497C5284
0x1417AF780	0x1417AF8A0	288	1	0	0	0	0	0	1	0x1497870DC
0x1417AFA70	0x1417AFEE6	1142	1	0	0	0	0	0	1	0x1498BC920
0x1417AFEF0	0x1417B00F6	518	2	0	1	0	0	0	1	0x1498BC268
0x1417B0100	0x1417B0306	518	2	0	1	0	0	0	1	0x1498C6DA4
0x1417B0310	0x1417B035C	76	1	0	0	0	0	0	1	0x1498BC1C0
0x1417B035C	0x1417B049A	318	1	0	0	0	0	1	0	0x1498BC1D0
0x1417B04E0	0x1417B0534	84	1	0	0	0	0	0	1	0x1498BBF58
0x1417B06A0	0x1417B08F8	600	4	0	2	0	0	1	1	0x1498BD024
0x1417B0900	0x1417B0948	72	1	0	0	0	0	0	1	0x1498C5C88
0x1417B0948	0x1417B0B2B	483	2	0	1	0	0	0	1	0x1498C5C98
0x1417B0B70	0x1417B0D20	432	4	0	1	0	0	2	1	0x1497C6FC4
0x1417B0D20	0x1417B0D73	83	1	0	0	0	0	0	1	0x1498BC5D4
0x1417B0D73	0x1417B0E8A	279	3	0	0	3	0	0	0	0x1498BC5E4
0x1417B12A0	0x1417B1408	360	4	0	2	0	0	2	0	0x149782EC4
0x1417B1410	0x1417B151A	266	3	0	1	0	0	2	0	0x1498867BC
0x1417B151A	0x1417B1565	75	1	0	0	0	0	1	0	0x1498867CC
0x1417B1565	0x1417B15C6	97	2	0	0	0	0	2	0	0x1498867E0
0x1417B1680	0x1417B1B68	1256	4	0	0	0	1	1	2	0x1498B6B04
0x1417B1F1A	0x1417B1FD5	187	1	0	0	0	0	1	0	0x1498B6384
0x1417B2050	0x1417B2106	182	1	0	1	0	0	0	0	0x14977E768
0x1417B2110	0x1417B21EF	223	2	0	1	0	0	1	0	0x1497870DC
0x1417B21F0	0x1417B23E4	500	2	0	0	0	0	1	1	0x1498B63FC
0x1417B2430	0x1417B265F	559	1	0	0	0	0	1	0	0x1498B9640
0x1417B2660	0x1417B2830	464	1	0	0	0	0	1	0	0x1498BD058
0x1417B2830	0x1417B2A5F	559	1	0	0	0	0	1	0	0x1498C3E24
0x1417B2A60	0x1417B2C70	528	1	0	0	0	0	1	0	0x1498BBB8C
0x1417B2C70	0x1417B2E7B	523	1	0	0	0	0	1	0	0x1498C7218
0x1417B2E80	0x1417B32DE	1118	1	0	0	0	0	0	1	0x1498ADA08
0x1417B32E0	0x1417B361B	827	1	0	0	0	0	0	1	0x1498AD6F4
0x1417B3620	0x1417B3663	67	1	0	1	0	0	0	0	0x14977D6E8
0x1417B3670	0x1417B36FD	141	2	0	1	0	0	1	0	0x14977FBA4
0x1417B37F0	0x1417B38D7	231	1	0	0	0	0	0	1	0x1497C499C
0x1417B3930	0x1417B3A8D	349	1	0	0	0	0	0	1	0x1497965EC
0x1417B3AE0	0x1417B3BB1	209	1	0	0	0	0	1	0	0x1497D7964
0x1417B3CB0	0x1417B3D23	115	1	0	0	0	0	1	0	0x14977D6E8
0x1417B3EF0	0x1417B4103	531	1	0	0	0	0	1	0	0x1498ACFB8
0x14259BA60	0x14259BB21	193	1	0	0	0	0	1	0	0x14977D358
0x14259EF30	0x14259F02C	252	2	0	0	1	0	1	0	0x1497870DC
0x1425A0980	0x1425A0AEF	367	1	0	0	0	0	0	1	0x14991EFC0
0x1425A14DD	0x1425A157F	162	1	0	0	0	0	1	0	0x14991E54C
0x1425A1950	0x1425A19CE	126	1	0	0	1	0	0	0	0x1497870DC
0x1425A2110	0x1425A21CD	189	1	0	0	0	0	1	0	0x1497870DC
0x1425A25A0	0x1425A26AE	270	1	0	0	0	0	0	1	0x14977FF74
0x1425A7480	0x1425A7632	434	4	0	0	1	0	3	0	0x1499225A8
0x1425ADE30	0x1425ADF64	308	1	0	0	0	0	1	0	0x1498C6B98
0x1425B2FF0	0x1425B3251	609	4	0	0	1	0	2	1	0x14992258C
0x1425B3260	0x1425B34BF	607	1	0	0	0	0	1	0	0x1499227F0
0x1425B363C	0x1425B3768	300	1	0	0	0	0	1	0	0x149922894
0x1425B3770	0x1425B37E9	121	1	0	0	0	0	0	1	0x1499228A4
0x1425B37E9	0x1425B38FE	277	1	0	0	1	0	0	0	0x1499228B8
0x1425B3930	0x1425B39A9	121	1	0	0	0	0	0	1	0x14986AE68
0x1425E4250	0x1425E43B9	361	2	0	0	0	0	2	0	0x149921AD0
0x1425EDC10	0x1425EDD55	325	4	0	2	0	0	2	0	0x1497C5284
0x1425EE430	0x1425EE4D3	163	2	0	1	0	0	1	0	0x1497870DC
0x1425F2A40	0x1425F2ABE	126	1	0	1	0	0	0	0	0x1497870DC
0x1425F4D20	0x1425F4E77	343	4	0	2	0	0	2	0	0x14977D3F0
0x1425F4E80	0x1425F4EFE	126	1	0	0	0	0	1	0	0x14977D358
0x1425F94B0	0x1425F9617	359	3	0	0	0	1	1	1	0x14992573C
0x1425F9620	0x1425F97DC	444	6	0	0	2	2	0	2	0x1497C0C14
0x1425F97E0	0x1425F9986	422	6	0	1	1	0	4	0	0x1497C0C14
0x1425F9990	0x1425F9B6C	476	3	0	0	1	0	0	2	0x14983C1DC
0x1425F9ED0	0x1425FA05C	396	4	0	1	0	0	2	1	0x149925C08
0x1425FA060	0x1425FA2BD	605	2	0	0	0	0	2	0	0x149925C3C
0x1425FA3D9	0x1425FA4F5	284	2	0	1	0	0	1	0	0x149925B8C
0x1425FA500	0x1425FA71B	539	3	0	0	0	0	2	1	0x149925C18
0x1426B18B0	0x1426B1961	177	1	0	0	1	0	0	0	0x14977E768
0x1426B4CB9	0x1426B4D78	191	2	0	1	0	0	0	1	0x149933D18
0x1426B4D89	0x1426B4E6D	228	3	0	1	1	0	1	0	0x149933D44
0x1426B4E70	0x1426B501E	430	3	0	2	0	0	0	1	0x149933C10
0x1426D52A0	0x1426D535C	188	1	0	1	0	0	0	0	0x1497870DC
0x1426D58A0	0x1426D5996	246	2	0	1	0	0	1	0	0x1497870DC
0x1426E10A0	0x1426E1243	419	4	0	1	0	0	3	0	0x1498BD288
0x1426E1250	0x1426E142D	477	5	0	1	0	0	0	4	0x1497C5D14
0x1426E1430	0x1426E161A	490	3	0	1	0	0	0	2	0x149935FA4
0x1426E1620	0x1426E16D5	181	2	0	1	0	0	1	0	0x1497C5A04
0x1426E16E0	0x1426E18A2	450	1	0	0	0	0	1	0	0x1498C73A8
0x1426E1B10	0x1426E1D58	584	2	0	1	0	0	1	0	0x149936B30
0x1426E1FC0	0x1426E2192	466	2	0	2	0	0	0	0	0x1498C73A8
0x1426F7550	0x1426F7680	304	3	0	2	0	0	0	1	0x149935A80
0x1426FDA90	0x1426FDB86	246	1	0	0	0	0	1	0	0x1497870DC
0x1426FEC60	0x1426FED08	168	1	0	1	0	0	0	0	0x1497870DC
0x1427265E6	0x142726707	289	2	0	0	0	0	1	1	0x14993B388
0x1427372B0	0x142737456	422	4	1	0	2	0	1	0	0x1497C0C14
0x142737460	0x142737511	177	1	0	0	0	0	1	0	0x1497870DC
0x142737520	0x1427376FC	476	2	0	1	1	0	0	0	0x14978231C
0x142737700	0x1427378BA	442	5	0	1	3	0	1	0	0x1497C56F0
0x1427378C0	0x142737A7B	443	5	0	0	0	0	5	0	0x1498F4148
0x142742450	0x14274254E	254	1	1	0	0	0	0	0	0x14993B598
0x142742610	0x142742785	373	1	0	0	0	0	1	0	0x14993B558
0x142742790	0x1427428F0	352	4	0	0	2	0	2	0	0x14977E768
0x142746040	0x1427460D9	153	1	0	1	0	0	0	0	0x1497870DC
0x142746320	0x142746420	256	2	0	1	0	0	1	0	0x1497870DC
0x142749B50	0x142749C50	256	2	0	1	0	0	1	0	0x1497870DC
0x14274F8D0	0x14274FAF2	546	4	0	2	0	0	0	2	0x149942FA4
0x142761A20	0x142761AD9	185	2	0	1	0	0	1	0	0x149780384
0x142761B10	0x142761B8C	124	1	0	0	0	0	0	1	0x149943394
0x142761C50	0x142761CA2	82	1	0	0	0	0	1	0	0x1499433F4
0x14279D870	0x14279D8C1	81	1	0	0	0	0	0	1	0x149940ADC
0x14279D8DB	0x14279D958	125	2	0	2	0	0	0	0	0x149940B00
0x14279D9B0	0x14279DA7A	202	1	0	0	0	0	0	1	0x14993DF00
0x14279DA7A	0x14279DC5E	484	2	0	2	0	0	0	0	0x149940BE0
0x14279DC70	0x14279DD3A	202	1	0	0	0	0	0	1	0x14993DF00
0x14279DF40	0x14279E00A	202	1	0	0	0	0	0	1	0x149940E60
0x14279E00A	0x14279E1F2	488	1	0	1	0	0	0	0	0x149940E70
0x14279E260	0x14279E2AE	78	1	0	0	0	0	1	0	0x14977D6E8
0x14279E360	0x14279E474	276	4	0	2	0	0	2	0	0x14986BF34
0x14279E58F	0x14279E667	216	1	0	0	0	0	0	1	0x14993E064
0x14279E6BC	0x14279E778	188	2	0	1	0	0	0	1	0x149940F0C
0x1427C56B0	0x1427C57CB	283	2	0	1	0	0	0	1	0x1497965EC
0x1427C9970	0x1427C9A83	275	1	1	0	0	0	0	0	0x149949AF4
0x1427CA6E0	0x1427CA7EE	270	1	0	0	0	0	1	0	0x14994962C
0x1427CD3C0	0x1427CD4A5	229	4	0	0	0	4	0	0	0x1497870DC
0x1427CF4D0	0x1427CF62F	351	4	0	1	2	0	1	0	0x1498BE938
0x1427CFCE0	0x1427CFD97	183	1	0	1	0	0	0	0	0x1497870DC
0x1427D018A	0x1427D01E3	89	1	0	1	0	0	0	0	0x1499492E4
0x1427D0320	0x1427D042E	270	1	0	0	1	0	0	0	0x1497C5284
0x1427D0BF8	0x1427D0C9A	162	2	0	0	2	0	0	0	0x14994988C
0x1427D1100	0x1427D1226	294	2	0	1	0	0	1	0	0x1497C5284
0x1427D17C0	0x1427D1880	192	1	0	0	0	0	1	0	0x1497870DC
0x1427D20E0	0x1427D2152	114	1	0	0	0	0	1	0	0x1499493C0
0x1427D3400	0x1427D34F0	240	1	0	0	0	0	1	0	0x1497870DC
0x1427D6030	0x1427D61B7	391	2	0	1	0	0	0	1	0x14994C81C
0x1427D6270	0x1427D63BB	331	2	1	0	0	0	1	0	0x14994C764
0x1427D63C0	0x1427D6539	377	1	0	0	0	0	0	1	0x14994C738
0x1427DE370	0x1427DE5CF	607	1	0	0	0	0	1	0	0x1498C73A8
0x1427DE5D0	0x1427DE7B1	481	4	0	3	0	0	0	1	0x14994C848
0x1427DE7C0	0x1427DE995	469	4	3	0	0	0	0	1	0x14994C8C8
0x1427DE9A0	0x1427DEA19	121	1	0	0	0	0	0	1	0x14986AE68
0x14280DEE0	0x14280E02C	332	4	0	1	2	0	1	0	0x1497C0C14
0x14280E030	0x14280E18C	348	1	0	0	0	0	1	0	0x14977E768
0x14280E190	0x14280E2DF	335	1	0	0	0	0	0	1	0x1497870DC
0x1428135C0	0x1428136D4	276	2	0	2	0	0	0	0	0x1498BD660
0x1428165D0	0x142816679	169	1	0	0	0	0	1	0	0x14978F9A0
0x142816680	0x142816833	435	3	0	2	0	0	0	1	0x1498BD288
0x142816840	0x142816996	342	4	0	0	0	0	4	0	0x1497C56F0
0x1428169A0	0x142816B78	472	1	0	0	0	0	1	0	0x1498C7478
0x1428199C0	0x142819B11	337	2	0	1	0	0	0	1	0x149782EC4
0x14281A5B0	0x14281A6BF	271	1	0	1	0	0	0	0	0x1498BCAF8
0x14281E800	0x14281E920	288	2	0	0	1	0	1	0	0x1497C4CC0
0x142820C20	0x142820D09	233	1	0	0	1	0	0	0	0x1497C4728
0x142825F60	0x142826096	310	2	0	1	1	0	0	0	0x1498BE938
0x142826AC0	0x142826BF6	310	1	0	0	1	0	0	0	0x1498BE938
0x14282BEF0	0x14282BFED	253	2	0	2	0	0	0	0	0x14994F750
0x14282D550	0x14282D65C	268	1	0	0	0	0	1	0	0x1497C4CC0
0x14282F280	0x14282F39B	283	2	0	2	0	0	0	0	0x149921AD0
0x142832F41	0x142833077	310	4	0	3	0	0	0	1	0x14994F77C
0x142836B60	0x142836C66	262	2	0	2	0	0	0	0	0x1497C5284
0x142836C70	0x142836DC2	338	1	0	1	0	0	0	0	0x1497C0C14
0x142838830	0x1428388E9	185	1	0	1	0	0	0	0	0x1497C4CC0
0x14283C530	0x14283C65D	301	2	0	1	0	0	1	0	0x149798EE8
0x14283C91B	0x14283CA18	253	3	0	2	1	0	0	0	0x149950500
0x14283FF60	0x142840055	245	2	0	0	2	0	0	0	0x14978003C
0x142840060	0x14284019D	317	4	0	0	4	0	0	0	0x1497870DC
0x1428401A0	0x14284037A	474	3	0	1	2	0	0	0	0x149935FA4
0x142844830	0x1428449EC	444	3	0	2	0	0	1	0	0x1497C5C8C
0x1428487A0	0x1428488AC	268	1	0	1	0	0	0	0	0x149798EE8
0x142848960	0x142848A62	258	1	0	0	1	0	0	0	0x1498BCAF8
0x142848B20	0x142848C42	290	1	0	0	0	0	1	0	0x1498BD55C
0x14284BBB0	0x14284BD50	416	5	0	3	0	0	1	1	0x1497C0C14
0x14284BD50	0x14284BEDE	398	6	0	2	3	0	1	0	0x14977E9A8
0x14284BEE0	0x14284C0AA	458	1	0	1	0	0	0	0	0x149951268
0x142850BE0	0x142850CD4	244	1	0	1	0	0	0	0	0x1498BC120
0x142851380	0x1428514F7	375	2	0	1	0	0	1	0	0x1498BE938
0x142854220	0x1428543BA	410	4	0	3	0	0	1	0	0x1498BE938
0x1428545D4	0x1428546DF	267	5	0	1	0	4	0	0	0x1499524F8
0x142855F40	0x142856062	290	1	0	0	0	0	1	0	0x1498BD55C
0x142856590	0x1428566AF	287	3	0	3	0	0	0	0	0x1498BE938
0x142859EB0	0x14285A0AF	511	3	0	1	1	0	1	0	0x14977E994
0x14285A0B0	0x14285A11B	107	2	0	2	0	0	0	0	0x14995252C
0x14285A11B	0x14285A222	263	3	0	2	0	0	0	1	0x149952540
0x14285A260	0x14285A407	423	3	0	1	1	0	1	0	0x1497C0C14
0x14285A410	0x14285A5B9	425	6	0	3	0	0	3	0	0x1497C56F0
0x14285A627	0x14285A678	81	1	0	0	0	0	1	0	0x149952308
0x14285A678	0x14285A761	233	3	0	2	0	0	0	1	0x14995231C
0x14285FABC	0x14285FB60	164	1	0	0	1	0	0	0	0x149953464
0x1428602E0	0x1428603EC	268	3	0	3	0	0	0	0	0x1498BC654
0x142860B50	0x142860C74	292	2	0	0	2	0	0	0	0x1499533BC
0x142861DB0	0x142861E64	180	1	0	1	0	0	0	0	0x1498BC8A8
0x1428651A0	0x1428652AD	269	3	0	0	1	2	0	0	0x1498C6B98
0x142865CC0	0x142865E76	438	6	0	2	3	1	0	0	0x1497C0C14
0x142865E80	0x142866029	425	1	0	1	0	0	0	0	0x1497C0C14
0x142866030	0x1428660C3	147	1	0	0	0	0	0	1	0x14978365C
0x14286C790	0x14286C8DA	330	2	0	1	0	0	1	0	0x1498BE938
0x14286E2D0	0x14286E434	356	2	0	0	2	0	0	0	0x1498BD6C0
0x14286E500	0x14286E62C	300	2	0	2	0	0	0	0	0x1498BC654
0x14286E7B0	0x14286E8F0	320	1	0	0	0	0	1	0	0x1497C4C7C
0x1428738F9	0x142873A54	347	2	0	2	0	0	0	0	0x149955120
0x142874D50	0x142874E32	226	1	0	1	0	0	0	0	0x1497C4CC0
0x142874F70	0x142875080	272	1	0	1	0	0	0	0	0x149921AD0
0x142879CE0	0x142879E36	342	1	0	1	0	0	0	0	0x149955110
0x14287C8F0	0x14287CAF0	512	2	0	2	0	0	0	0	0x149781ED4
0x14287CAF0	0x14287CCF0	512	3	0	1	0	0	2	0	0x14977E994
0x14287CCF0	0x14287CE6E	382	6	0	2	2	0	2	0	0x1497C0C14
0x14287CE70	0x14287D018	424	6	0	2	3	0	0	1	0x1497C0C14
0x14287D020	0x14287D1E3	451	3	0	2	1	0	0	0	0x1497C0C14
0x14287D20B	0x14287D2CA	191	1	0	0	0	0	1	0	0x149955214
0x14287D340	0x14287D5DB	667	1	0	0	0	0	1	0	0x1499552C0
0x142884AC0	0x142884C55	405	4	0	4	0	0	0	0	0x149953CD4
0x142884D20	0x142884E3C	284	1	0	0	0	0	0	1	0x1497870DC
0x142884E40	0x142884FB4	372	6	0	5	0	0	1	0	0x1497C0C14
0x142885A60	0x142885B11	177	1	0	1	0	0	0	0	0x1497C4CC0
0x142888C50	0x142888DD3	387	3	0	3	0	0	0	0	0x1497C4B18
0x14288A3B0	0x14288A51F	367	3	0	1	0	0	2	0	0x1498BE938
0x14288B300	0x14288B47C	380	4	0	2	1	0	1	0	0x149867CA8
0x14288FEB0	0x14289005F	431	4	0	2	1	0	1	0	0x1497C0C14
0x1428924EB	0x14289257D	146	1	0	0	0	0	1	0	0x149956E74
0x142896E90	0x142897015	389	6	0	3	3	0	0	0	0x1497C0C14
0x142897020	0x1428970CB	171	1	0	0	0	0	0	1	0x149956EF0
0x142897121	0x14289723E	285	1	0	0	0	0	0	1	0x149956F1C
0x142897240	0x1428972E9	169	2	0	2	0	0	0	0	0x14977E964
0x1428972F0	0x14289746A	378	5	0	0	0	0	5	0	0x1497C56F0
0x142897470	0x14289765B	491	5	0	3	1	0	1	0	0x1498B99C8
0x14289CFF0	0x14289D1A1	433	3	0	1	2	0	0	0	0x149782EC4
0x1428A3B90	0x1428A3CF9	361	3	0	0	2	0	1	0	0x1497C4B04
0x1428A4210	0x1428A42F1	225	1	0	0	1	0	0	0	0x1498BC8A8
0x1428A4B90	0x1428A4CF1	353	2	0	0	0	0	2	0	0x1498BE938
0x1428A83F0	0x1428A85A5	437	3	0	1	0	0	1	1	0x1497C5C8C
0x1428A85B0	0x1428A87DD	557	1	0	0	0	0	0	1	0x1497C6C24
0x1428A87E0	0x1428A8A4C	620	4	0	2	0	0	2	0	0x1499234F0
0x1428A8A50	0x1428A8C0B	443	5	0	0	4	0	1	0	0x1497C5298
0x1428A8C10	0x1428A8E24	532	4	0	2	0	0	2	0	0x149852534
0x1428A8E30	0x1428A9004	468	3	0	0	0	0	3	0	0x14977E738
0x1428A9010	0x1428A9062	82	1	0	0	0	0	0	1	0x14995834C
0x1428A9170	0x1428A940A	666	2	1	0	0	0	1	0	0x1498C73A8
0x1428A9410	0x1428A94E5	213	4	0	3	1	0	0	0	0x149958094
0x1428B11C0	0x1428B1344	388	4	0	2	0	0	2	0	0x1497C0C14
0x1428B2030	0x1428B2181	337	2	0	0	0	0	2	0	0x1497C4C7C
0x1428B33B0	0x1428B34FC	332	2	0	0	2	0	0	0	0x149958FFC
0x1428B6004	0x1428B613F	315	2	0	2	0	0	0	0	0x149959030
0x1428B6404	0x1428B6515	273	1	0	1	0	0	0	0	0x1499590B8
0x1428B8B60	0x1428B8C4E	238	4	0	4	0	0	0	0	0x14977E768
0x1428B8C50	0x1428B8DEB	411	2	0	0	0	0	1	1	0x1498C6C54
0x1428B8DF0	0x1428B8FC8	472	1	0	0	0	0	1	0	0x1498C7478
0x1428BC450	0x1428BC5C1	369	5	0	4	0	0	0	1	0x1497C0C14
0x1428BD52C	0x1428BD5D7	171	1	0	1	0	0	0	0	0x14995B00C
0x1428C8380	0x1428C8441	193	1	0	0	0	0	1	0	0x14995B1C0
0x1428CACE0	0x1428CAE97	439	4	0	3	0	0	1	0	0x1497C0C14
0x1428CAEA0	0x1428CB0AE	526	6	0	5	0	0	1	0	0x149782944
0x1428CB0B0	0x1428CB143	147	1	0	1	0	0	0	0	0x1497D8048
0x1428CB143	0x1428CB284	321	1	0	0	0	0	0	1	0x14995B1E4
0x1428CB2A0	0x1428CB442	418	6	1	5	0	0	0	0	0x1497C0C14
0x1428CB450	0x1428CB5F5	421	2	0	1	0	0	1	0	0x14977E9A8
0x1428CB600	0x1428CB796	406	5	0	2	0	0	3	0	0x14977E9A8
0x1428CB7A0	0x1428CB9A5	517	8	0	5	2	0	1	0	0x1497C5298
0x1428CB9B0	0x1428CBB72	450	5	0	2	0	0	3	0	0x1498F4148
0x1428CBBA0	0x1428CBCA0	256	3	0	2	1	0	0	0	0x14995AF64
0x1428CBE20	0x1428CBFC7	423	6	0	3	2	0	1	0	0x1497C43C8
0x1428CBFD0	0x1428CC0E8	280	3	0	2	0	0	1	0	0x14995AFC0
0x1428CC210	0x1428CC3B3	419	5	0	2	2	0	1	0	0x1497C43C8
0x1428D9F75	0x1428DA0C1	332	2	0	1	0	0	1	0	0x14995CFB4
0x1428DA5A0	0x1428DA6B9	281	3	0	1	2	0	0	0	0x1497C4A30
0x1428DD010	0x1428DD0CE	190	1	0	1	0	0	0	0	0x1497C4CC0
0x1428DD260	0x1428DD3DB	379	2	0	2	0	0	0	0	0x14995D04C
0x1428DD6E9	0x1428DD85B	370	2	0	2	0	0	0	0	0x14995CF1C
0x1428E29F0	0x1428E2AD3	227	1	0	1	0	0	0	0	0x1497C4CC0
0x1428E2D70	0x1428E2E2F	191	1	0	1	0	0	0	0	0x1497C4CC0
0x1428E9110	0x1428E92D8	456	4	0	0	1	0	3	0	0x14977E994
0x1428E92E0	0x1428E94F0	528	4	0	0	1	0	3	0	0x1497C5704
0x1428E94F0	0x1428E96CA	474	4	0	0	1	0	3	0	0x1498F4148
0x1428E96D0	0x1428E989C	460	5	0	1	1	0	3	0	0x1497C56F0
0x1428E98A0	0x1428E9A35	405	5	0	1	1	0	3	0	0x1497C56F0
0x1428F78E0	0x1428F7A08	296	3	0	0	3	0	0	0	0x14995DEDC
0x1428F8C30	0x1428F8D3C	268	2	0	1	1	0	0	0	0x1497C4CC0
0x1428F9330	0x1428F94EC	444	7	0	3	4	0	0	0	0x1498BE938
0x1428FA310	0x1428FA41A	266	1	0	1	0	0	0	0	0x1498BCAF8
0x1428FDCB0	0x1428FDDBC	268	3	0	0	3	0	0	0	0x14977E768
0x1428FDDC0	0x1428FDF5F	415	7	0	6	0	0	1	0	0x14977E9A8
0x1429034E0	0x142903594	180	1	0	1	0	0	0	0	0x1498BC8A8
0x142907B40	0x142907C74	308	1	0	1	0	0	0	0	0x14995FAD4
0x142908120	0x142908249	297	1	0	0	0	0	1	0	0x1498BD55C
0x142908460	0x142908563	259	1	0	0	1	0	0	0	0x14995FA2C
0x142909E40	0x142909F93	339	3	0	1	0	0	2	0	0x1497C4C7C
0x14290A77F	0x14290A892	275	1	0	1	0	0	0	0	0x14995FAF0
0x14290E810	0x14290E995	389	7	0	2	3	0	2	0	0x1497C0C14
0x14290E9A0	0x14290EB63	451	6	0	6	0	0	0	0	0x1497C0C14
0x14290EB89	0x14290EC39	176	1	0	0	0	0	1	0	0x14995FA88
0x14290EC39	0x14290ED57	286	1	0	0	0	0	1	0	0x14995FA9C
0x14290ED60	0x14290EF1C	444	5	0	1	0	0	1	3	0x14977E9A8
0x14290EF20	0x14290F0E9	457	7	0	4	2	0	1	0	0x1497C5298
0x14290F0F0	0x14290F2E8	504	2	0	2	0	0	0	0	0x14995FBDC
0x14291A060	0x14291A142	226	1	0	0	0	0	1	0	0x1497C4CC0
0x14291AE80	0x14291AF8D	269	1	0	1	0	0	0	0	0x1498BCAF8
0x14291B120	0x14291B264	324	2	0	2	0	0	0	0	0x1498BD660
0x14291B550	0x14291B679	297	1	0	0	0	0	1	0	0x1498BD55C
0x14291DB60	0x14291DBCD	109	1	0	0	0	0	0	1	0x149960520
0x14291DC80	0x14291DD6C	236	1	0	0	0	0	1	0	0x14996056C
0x142920560	0x1429206FC	412	5	0	1	2	0	2	0	0x1497C0C14
0x1429209C0	0x142920AC4	260	1	0	0	1	0	0	0	0x1498BCAF8
0x142922420	0x142922591	369	1	0	0	0	0	1	0	0x1498BE938
0x142929620	0x14292977C	348	2	0	1	0	0	1	0	0x1498BE938
0x142929D03	0x142929DF2	239	4	0	3	1	0	0	0	0x1499613F0
0x14292A090	0x14292A147	183	1	0	1	0	0	0	0	0x1498BC174
0x14292A310	0x14292A482	370	2	0	1	1	0	0	0	0x1498BE938
0x14292BAB0	0x14292BC73	451	5	0	2	3	0	0	0	0x1497C0C14
0x14292BCEE	0x14292BE16	296	2	1	0	0	0	0	1	0x1499613BC
0x14292BE30	0x14292BE9F	111	1	0	0	0	0	0	1	0x149845E20
0x14292BE9F	0x14292BF4E	175	1	1	0	0	0	0	0	0x14996144C
0x14292E710	0x14292E83C	300	1	0	0	0	0	1	0	0x1498BCB08
0x14292E9B0	0x14292EB2D	381	1	0	1	0	0	0	0	0x149961CEC
0x14292F510	0x14292F615	261	1	0	1	0	0	0	0	0x1498BC8A8
0x142930BA0	0x142930C51	177	1	0	1	0	0	0	0	0x1497C4CC0
0x142932920	0x142932A00	224	1	0	0	1	0	0	0	0x1498BC8A8
0x142933A90	0x142933C2F	415	8	0	3	4	0	1	0	0x1497C0C14
0x142936E00	0x142936F07	263	1	0	1	0	0	0	0	0x1497C4CC0
0x1429371D0	0x1429372F7	295	3	0	3	0	0	0	0	0x1498BE938
0x142937C80	0x142937D82	258	1	0	0	1	0	0	0	0x1497C4CC0
0x1429393B0	0x142939501	337	2	0	0	0	1	1	0	0x1498BE938
0x1429399D0	0x142939B04	308	1	0	0	0	0	1	0	0x1497C4728
0x142939DB0	0x142939ED4	292	1	0	1	0	0	0	0	0x149962748
0x14293C730	0x14293C7B6	134	2	1	1	0	0	0	0	0x1499628EC
0x14293C7B6	0x14293C8DB	293	2	0	1	0	0	0	1	0x1499628FC
0x14293C8F0	0x14293CAAE	446	7	0	6	0	0	1	0	0x14977E5B4
0x14293CAB0	0x14293CB30	128	1	0	0	0	0	0	1	0x149850D88
0x14293CB30	0x14293CBEC	188	1	0	1	0	0	0	0	0x14996292C
0x142942FD0	0x1429430EF	287	1	0	1	0	0	0	0	0x1498BD660
0x1429436C0	0x1429437F4	308	2	0	2	0	0	0	0	0x1498BC654
0x142943840	0x1429438F1	177	1	0	1	0	0	0	0	0x1497C4CC0
0x142946350	0x1429464D4	388	6	0	1	2	0	3	0	0x1497C56F0
0x142949B10	0x142949C66	342	2	0	2	0	0	0	0	0x149964350
0x14294A760	0x14294A881	289	1	0	0	0	0	1	0	0x1497C5284
0x1429509C0	0x142950AC2	258	1	0	1	0	0	0	0	0x1497870DC
0x142953DD0	0x142953EE1	273	1	0	1	0	0	0	0	0x149964050
0x142954F30	0x14295506A	314	1	0	0	0	0	1	0	0x1497870DC
0x1429555C0	0x142955725	357	1	0	0	0	0	1	0	0x1499647B4
0x142955D20	0x142955E0D	237	2	0	1	0	0	1	0	0x1497870DC
0x1429563F0	0x1429564D5	229	1	0	1	0	0	0	0	0x1497870DC
0x1429584F0	0x142958569	121	1	0	0	0	0	1	0	0x1497870DC
0x142959790	0x142959872	226	1	0	0	0	0	0	1	0x1498695CC
0x14295A0A0	0x14295A369	713	1	0	0	0	0	1	0	0x149966F34
0x14295A370	0x14295A4D8	360	2	0	1	0	0	1	0	0x149966F64
0x14295A640	0x14295A7B4	372	2	0	1	0	0	1	0	0x149966ED0
0x14295A7DD	0x14295A961	388	1	0	0	0	0	0	1	0x149966E84
0x14295A980	0x14295AB56	470	1	0	0	0	0	0	1	0x149966EF8
0x142960470	0x14296053A	202	1	0	0	0	0	1	0	0x149780384
0x142960540	0x14296061D	221	1	0	0	0	0	1	0	0x149795674
0x142960620	0x142960756	310	1	0	0	0	0	1	0	0x1499669D0
0x142960760	0x142960857	247	1	0	0	0	0	1	0	0x1497C4384
0x142960860	0x142960B22	706	1	0	0	0	0	1	0	0x14996701C
0x142960B30	0x142960BBC	140	1	0	0	0	0	0	1	0x149966F94
0x14297B257	0x14297B376	287	1	0	0	0	0	0	1	0x149968DA4
0x142997150	0x14299726C	284	1	0	0	0	0	1	0	0x14977E768
0x142997270	0x14299733A	202	1	0	0	0	0	0	1	0x149863B10
0x14299733A	0x1429975BB	641	1	0	0	0	0	1	0	0x149968700
0x1429B6E00	0x1429B6FE6	486	4	0	1	0	0	3	0	0x149782944
0x1429B6FF0	0x1429B71A7	439	4	2	0	1	0	1	0	0x149935FA4
0x1429B71B0	0x1429B732E	382	4	0	0	0	0	4	0	0x1497C56F0
0x1429B7330	0x1429B740F	223	2	2	0	0	0	0	0	0x14978B008
0x1429C0F20	0x1429C102C	268	2	1	1	0	0	0	0	0x1497C5284
0x1429C25C0	0x1429C26A6	230	1	1	0	0	0	0	0	0x1497870DC
0x1429C88B0	0x1429C8A21	369	2	1	0	0	0	0	1	0x1499718E8
0x1429D57C0	0x1429D59B6	502	1	0	0	0	0	0	1	0x149970AB8
0x1429D59C0	0x1429D5A85	197	2	0	2	0	0	0	0	0x14978B008
0x1429D5A90	0x1429D5B43	179	1	0	0	0	0	1	0	0x149795674
0x1429D5B50	0x1429D5C04	180	1	0	0	0	0	1	0	0x14978B008
0x1429D5C10	0x1429D5CBD	173	1	0	0	0	0	1	0	0x149780384
0x1429D5CC0	0x1429D5E73	435	1	0	0	0	0	0	1	0x149942FA4
0x1429D5E80	0x1429D6024	420	2	0	1	0	0	0	1	0x1497A2164
0x1429D6030	0x1429D60C6	150	1	0	0	0	0	0	1	0x1497E32F0
0x142A0BB50	0x142A0BBF1	161	1	0	1	0	0	0	0	0x149782C54
0x142A1459D	0x142A14682	229	1	1	0	0	0	0	0	0x1499738EC
0x142A18220	0x142A18489	617	1	1	0	0	0	0	0	0x1498C3F64
0x142A18490	0x142A1861E	398	3	0	1	0	0	2	0	0x1497C0C14
0x142A18620	0x142A187CB	427	1	0	0	0	0	0	1	0x1498CA074
0x142A187D0	0x142A18AE9	793	1	0	0	0	0	0	1	0x149973B9C
0x142A18AF0	0x142A18C8B	411	4	0	1	3	0	0	0	0x14977E5B4
0x142A18C90	0x142A18F8E	766	3	1	1	0	0	0	1	0x149973A44
0x142A18F90	0x142A19117	391	5	0	2	0	0	3	0	0x14977E9A8
0x142A19120	0x142A193CB	683	3	0	0	2	0	1	0	0x149973C60
0x142A193D0	0x142A195C5	501	3	0	0	0	0	3	0	0x149782300
0x142A195D0	0x142A197B8	488	6	0	4	0	0	2	0	0x1498BD288
0x142A197C0	0x142A19975	437	3	0	0	0	0	3	0	0x149781ED4
0x142A19980	0x142A19B1F	415	2	0	0	1	0	1	0	0x1497C56F0
0x142A19B20	0x142A19C4E	302	2	0	0	2	0	0	0	0x14977E578
0x142A19C50	0x142A19E5B	523	4	1	2	1	0	0	0	0x1498C73A8
0x142A1A590	0x142A1A73F	431	2	0	1	0	0	1	0	0x149973BB8
0x142A1A7C0	0x142A1A839	121	1	0	0	0	0	0	1	0x14986AE68
0x142A25D90	0x142A26640	2224	12	1	0	1	0	4	6	0x1497C6C24
0x142A2E6B0	0x142A2EA19	873	7	0	0	0	0	0	7	0x1499727E0
0x142A2EA20	0x142A2EB83	355	1	0	0	0	0	0	1	0x149972764
0x142A42E10	0x142A42E53	67	1	1	0	0	0	0	0	0x14977D6E8
0x142A42E60	0x142A42EA3	67	1	0	0	0	0	0	1	0x14977D6E8
0x142A42F30	0x142A42F73	67	1	0	0	1	0	0	0	0x14977D6E8
0x142A43020	0x142A43139	281	2	0	0	0	0	2	0	0x149780384
0x142A43140	0x142A43226	230	1	0	0	0	0	0	1	0x1497C499C
0x142A43230	0x142A43329	249	1	0	0	0	0	0	1	0x1497C499C
0x142A433D0	0x142A434A5	213	2	0	0	2	0	0	0	0x149789B48
0x142A436B0	0x142A438C5	533	1	0	0	0	0	1	0	0x1498ACFB8
0x142A56A90	0x142A56B38	168	1	0	1	0	0	0	0	0x1497870DC
0x142A5B570	0x142A5B6F8	392	4	0	4	0	0	0	0	0x1497C0C14
0x142A6CA00	0x142A6CB80	384	6	0	1	1	0	4	0	0x1497C56F0
0x142A75D30	0x142A75ED4	420	7	1	4	2	0	0	0	0x1497C5C8C
0x142A75F70	0x142A7614C	476	4	1	0	0	0	0	3	0x14997809C
0x142CD0850	0x142CD097E	302	1	0	0	0	0	1	0	0x14978E13C
0x142CD1C40	0x142CD1CB9	121	1	0	0	0	0	1	0	0x1497870DC
0x142CD3134	0x142CD31C9	149	2	0	2	0	0	0	0	0x14999FB44
0x142CD31C9	0x142CD322F	102	1	0	0	0	0	1	0	0x14999FB58
0x142CD3CBA	0x142CD3DA9	239	2	0	0	0	0	1	1	0x14999F6AC
0x142CD4700	0x142CD483B	315	1	0	0	0	0	1	0	0x14999FD1C
0x142CD4DA0	0x142CD4E7E	222	1	0	0	0	0	0	1	0x14978003C
0x142CD5DF0	0x142CD5E9B	171	1	0	0	0	0	1	0	0x14977E768
0x142CD6C40	0x142CD6D33	243	2	0	0	0	0	2	0	0x1497870DC
0x142CDB600	0x142CDB755	341	3	0	1	0	0	2	0	0x1499A1B90
0x142CDB760	0x142CDB8DC	380	1	0	0	0	0	0	1	0x1499A1DE0
0x142CDB8FF	0x142CDBA71	370	1	0	0	0	0	0	1	0x1499A1BAC
0x142CDBA71	0x142CDBAE1	112	1	0	0	0	0	1	0	0x1499A1BC8
0x142CE5530	0x142CE56AD	381	5	0	3	0	0	2	0	0x1497C43C8
0x142CE5790	0x142CE582E	158	1	0	0	0	0	0	1	0x14985DD94
0x142CE5C30	0x142CE5E19	489	3	0	0	0	0	1	2	0x1499A1D98
0x142CE5E20	0x142CE5E99	121	1	0	0	0	0	0	1	0x1499228A4
0x142CE5E99	0x142CE5F97	254	1	0	1	0	0	0	0	0x1499A1F7C
0x142D1AD80	0x142D1AECA	330	1	0	0	0	0	0	1	0x14999ECB0
0x142D1AECA	0x142D1B0E8	542	2	0	1	0	0	1	0	0x14999ECC8
0x142D1B110	0x142D1B4FD	1005	3	0	0	0	0	1	2	0x14999E844
0x142D1B500	0x142D1B635	309	3	0	1	0	0	1	1	0x14999EDB4
0x142D24FB0	0x142D250BF	271	3	1	2	0	0	0	0	0x1497870DC
0x142D268E0	0x142D2699C	188	2	0	2	0	0	0	0	0x1499A49C8
0x142D2DE20	0x142D2DED9	185	1	0	0	0	0	0	1	0x1499A4A60
0x142D2E000	0x142D2E1BB	443	2	1	0	0	0	0	1	0x1499A46C4
0x142D49720	0x142D49A5F	831	2	1	0	0	0	0	1	0x1499A3658
0x142D4E500	0x142D4E648	328	2	0	1	0	0	1	0	0x1499AA1A0
0x142D4F6E0	0x142D4F800	288	3	0	2	0	0	1	0	0x1498BF5E8
0x142D4F980	0x142D4FA52	210	1	0	1	0	0	0	0	0x1498BF680
0x142D50080	0x142D50152	210	2	0	2	0	0	0	0	0x1498BF680
0x142D50240	0x142D504D2	658	3	1	0	0	0	1	1	0x1499AA278
0x142D52600	0x142D526D4	212	1	0	1	0	0	0	0	0x1497870DC
0x142D59AA0	0x142D59C7A	474	3	0	1	0	0	1	1	0x1499AACBC
0x142D59C80	0x142D59DC1	321	3	0	2	0	0	1	0	0x14989EB2C
0x142D59DD0	0x142D59F41	369	4	0	2	0	0	2	0	0x14989EB2C
0x142D67810	0x142D67984	372	5	1	1	0	0	3	0	0x1497C0C14
0x142D67990	0x142D67B4F	447	2	0	0	0	0	1	1	0x14977E994
0x142D67B50	0x142D67CEF	415	1	0	1	0	0	0	0	0x14977E9A8
0x142D67CF0	0x142D67DD0	224	2	0	1	0	0	1	0	0x149780384
0x142D67E80	0x142D68154	724	1	0	0	0	0	0	1	0x1499AB5AC
0x142D68380	0x142D6857E	510	3	0	2	0	0	1	0	0x1499A9CA8
0x142D97E10	0x142D97EF5	229	2	0	1	0	0	1	0	0x14978003C
0x142D97F00	0x142D97F9B	155	1	0	1	0	0	0	0	0x1497870DC
0x142D97FA0	0x142D980C9	297	1	0	0	0	0	0	1	0x1499A8504
0x142D980C9	0x142D9828E	453	1	0	1	0	0	0	0	0x1499A8518
0x142D982EF	0x142D983D8	233	2	0	1	0	0	0	1	0x1499A8558
0x142D9CBE0	0x142D9CCD9	249	1	0	0	0	0	1	0	0x1499B0254
0x142D9D4B4	0x142D9D553	159	1	0	0	0	0	1	0	0x1499AFD24
0x142D9EC70	0x142D9ED6A	250	1	0	0	0	0	1	0	0x1499AF908
0x142D9FBD0	0x142D9FC7E	174	1	0	0	0	0	1	0	0x14977E768
0x142DA03E0	0x142DA04DA	250	1	0	0	0	0	1	0	0x14978E13C
0x142DA2440	0x142DA2587	327	2	0	1	0	0	1	0	0x1499AF9C4
0x142DA2860	0x142DA2955	245	2	0	1	0	0	1	0	0x1497870DC
0x142DA30E0	0x142DA31DA	250	1	0	0	0	0	1	0	0x14978E13C
0x142DA4760	0x142DA4870	272	3	0	1	0	0	2	0	0x1497870DC
0x142DA4ED0	0x142DA4F84	180	1	0	0	0	0	1	0	0x1497870DC
0x142DA5430	0x142DA558D	349	1	0	0	0	0	0	1	0x1499AFFBC
0x142DA5A20	0x142DA5B87	359	2	0	0	0	0	2	0	0x1497D4234
0x142DA6290	0x142DA63DC	332	1	0	1	0	0	0	0	0x14995D04C
0x142DA6C50	0x142DA6D40	240	2	0	0	0	0	2	0	0x14977E768
0x142DA7070	0x142DA71A4	308	5	0	1	0	0	4	0	0x1497870DC
0x142DA77C0	0x142DA78F0	304	1	0	0	0	0	1	0	0x1499AF6FC
0x142DA8160	0x142DA8277	279	1	0	0	0	0	1	0	0x1499AFC1C
0x142DA9670	0x142DA97A0	304	1	0	0	0	0	1	0	0x1499AF6FC
0x142DAC234	0x142DAC33C	264	2	0	2	0	0	0	0	0x1499B2C38
0x142DAC430	0x142DAC5B9	393	4	0	3	0	0	1	0	0x1499B2BFC
0x142DAC5C0	0x142DAC6D7	279	2	0	1	0	0	1	0	0x1499B2930
0x142DAC705	0x142DAC7EF	234	2	0	2	0	0	0	0	0x1499B2CD8
0x142DAC7EF	0x142DAC869	122	1	0	1	0	0	0	0	0x1499B2CEC
0x142DAC870	0x142DAC949	217	1	0	0	0	0	1	0	0x1499B2A0C
0x142DAC950	0x142DACA2C	220	1	0	0	0	0	1	0	0x1499B2A20
0x142DACA30	0x142DACADC	172	1	0	0	0	0	1	0	0x1499B29F8
0x142DAF7B0	0x142DAF8F8	328	2	0	2	0	0	0	0	0x1498C6B98
0x142DAF900	0x142DAFA48	328	2	0	2	0	0	0	0	0x1498C6B98
0x142DAFA50	0x142DAFB20	208	1	0	1	0	0	0	0	0x14978B008
0x142DB3940	0x142DB39C6	134	1	0	0	0	0	0	1	0x14978BF4C
0x142DB3A70	0x142DB3AF1	129	1	0	0	0	0	0	1	0x14978BF4C
0x142DB3B90	0x142DB3C16	134	1	0	0	0	0	0	1	0x14978BF4C
0x142DB3CC0	0x142DB3D8D	205	1	0	1	0	0	0	0	0x1497870DC
0x142DB3D90	0x142DB3EA2	274	1	0	1	0	0	0	0	0x1497870DC
0x142DB3EB0	0x142DB4087	471	2	0	1	0	0	0	1	0x14977E9A8
0x142DB40DF	0x142DB4189	170	1	0	0	0	0	0	1	0x1499B2668
0x142DB41A0	0x142DB4291	241	1	0	1	0	0	0	0	0x1497870DC
0x142DB42A0	0x142DB4478	472	2	0	1	0	0	0	1	0x14977E9A8
0x142DB4480	0x142DB4635	437	5	1	3	0	0	1	0	0x1497C0C14
0x142DB4640	0x142DB47F6	438	5	0	2	0	0	3	0	0x1497C43C8
0x142DB4800	0x142DB499E	414	4	0	3	0	0	1	0	0x14993B5D0
0x142DB49A0	0x142DB4BC7	551	5	0	3	0	0	1	1	0x1499B2D98
0x142DB4BD0	0x142DB4DDB	523	5	0	4	0	0	0	1	0x14983C1DC
0x142DB4DE0	0x142DB4FD4	500	5	0	4	0	0	0	1	0x1499B3090
0x142DB4FE0	0x142DB51B3	467	3	0	1	0	0	0	2	0x14983C1DC
0x142DB51C0	0x142DB537E	446	3	0	1	0	0	0	2	0x1499B3090
0x142DB5380	0x142DB54D9	345	4	1	3	0	0	0	0	0x1497C56F0
0x142DB54E0	0x142DB5759	633	2	0	1	0	0	0	1	0x149852534
0x142DB5760	0x142DB59D9	633	2	0	1	0	0	0	1	0x149852534
0x142DB59E0	0x142DB5C0B	555	4	0	2	1	0	0	1	0x14977E738
0x142DB5C10	0x142DB5E3B	555	4	0	2	1	0	0	1	0x14977E738
0x142DB5E40	0x142DB5F88	328	4	0	4	0	0	0	0	0x1497C56F0
0x142DB5F90	0x142DB60D8	328	4	0	4	0	0	0	0	0x1497C56F0
0x142DB60E0	0x142DB6340	608	3	0	1	0	0	0	2	0x149857598
0x142DB6340	0x142DB65A0	608	3	0	1	0	0	0	2	0x149857598
0x142DB65A0	0x142DB6746	422	4	0	4	0	0	0	0	0x14977E5B4
0x142DB6750	0x142DB68F6	422	4	0	4	0	0	0	0	0x14977E5B4
0x142DB6900	0x142DB6A56	342	4	0	3	0	0	1	0	0x1497C56F0
0x142DB6A60	0x142DB6BD5	373	3	1	2	0	0	0	0	0x14977E5B4
0x142DB6BE0	0x142DB6E62	642	4	0	2	0	0	2	0	0x1499B2F80
0x142DB6E70	0x142DB6FFC	396	3	1	1	0	0	0	1	0x1497C56F0
0x142DB7000	0x142DB7282	642	4	0	2	0	0	2	0	0x1499B2F80
0x142DB7290	0x142DB74AC	540	7	0	5	0	0	1	1	0x1499B2CFC
0x142DB74B0	0x142DB7519	105	1	0	0	0	0	0	1	0x1498AD044
0x142DB75A0	0x142DB760C	108	1	0	0	0	0	0	1	0x14981CF48
0x142DB7690	0x142DB77CB	315	2	0	1	0	0	0	1	0x1497C499C
0x142DB77D0	0x142DB791D	333	2	0	1	0	0	0	1	0x149863394
0x142DB7920	0x142DB7A41	289	2	0	1	0	0	0	1	0x1497C499C
0x142DB7A50	0x142DB7B73	291	2	0	1	0	0	0	1	0x149863394
0x142DB7B80	0x142DB7C10	144	1	0	1	0	0	0	0	0x14977D358
0x142DB7C10	0x142DB7CA0	144	1	0	1	0	0	0	0	0x14977D358
0x142DB7CA0	0x142DB7D6D	205	1	0	0	0	0	1	0	0x1499B14C0
0x142DB7D70	0x142DB7DF0	128	1	0	0	0	0	0	1	0x149850D88
0x142DB7DF0	0x142DB7EC5	213	1	0	0	0	0	1	0	0x1499B27F4
0x142DB7ED0	0x142DB7FBE	238	1	0	1	0	0	0	0	0x14978B008
0x142DB7FC0	0x142DB80CB	267	1	0	1	0	0	0	0	0x1499B2D18
0x142DB82C0	0x142DB83CB	267	1	0	1	0	0	0	0	0x1499B2D18
0x142DB85C0	0x142DB872A	362	3	0	2	0	0	0	1	0x14977E9A8
0x142DB8730	0x142DB889A	362	3	0	2	0	0	0	1	0x14977E9A8
0x142DB88A0	0x142DB89F3	339	3	0	2	0	0	0	1	0x1498C3FEC
0x142DB8A00	0x142DB8B53	339	3	0	2	0	0	0	1	0x1498C3FEC
0x142DE9110	0x142DE91FC	236	4	0	4	0	0	0	0	0x1499B0FD0
0x142DE9290	0x142DE9340	176	1	0	1	0	0	0	0	0x1498B2E58
0x142DE93E0	0x142DE94EA	266	2	0	2	0	0	0	0	0x1497C5284
0x142DE94F0	0x142DE96AA	442	2	0	2	0	0	0	0	0x1497C5C8C
0x142DE96B0	0x142DE9764	180	2	0	1	0	0	1	0	0x1497870DC
0x142DE9770	0x142DE98A6	310	4	0	4	0	0	0	0	0x1497C0C14
0x142DE98B0	0x142DE998C	220	3	0	3	0	0	0	0	0x14977E768
0x142DF0AC1	0x142DF0C0C	331	2	0	1	0	0	0	1	0x1499B6FEC
0x142DF1EE0	0x142DF20A1	449	2	0	1	0	0	0	1	0x1499B6C00
0x142DF2A34	0x142DF2AA7	115	1	0	1	0	0	0	0	0x1499B70DC
0x142DF3420	0x142DF3560	320	2	0	1	0	0	1	0	0x14995D04C
0x142DF3930	0x142DF3A01	209	1	0	1	0	0	0	0	0x1497870DC
0x142DF3EF0	0x142DF3FCC	220	1	0	1	0	0	0	0	0x1499A49C8
0x142DF4AF0	0x142DF4BC1	209	1	0	0	0	0	0	1	0x1499B8DBC
0x142DF4C10	0x142DF4D30	288	2	0	2	0	0	0	0	0x1499B7288
0x142DF6430	0x142DF657C	332	2	0	1	0	0	0	1	0x1499B6E74
0x142DF8CCE	0x142DF8DC6	248	4	0	3	0	0	1	0	0x1499B97C8
0x142DF8DC6	0x142DF8E25	95	1	0	1	0	0	0	0	0x1499B97DC
0x142DF8E30	0x142DF8F5B	299	1	0	1	0	0	0	0	0x14989EB2C
0x142E298D0	0x142E29927	87	1	1	0	0	0	0	0	0x149968D94
0x142E29927	0x142E29A41	282	2	0	1	0	0	0	1	0x1499B9794
0x142E29A60	0x142E29C6D	525	6	0	4	0	0	1	1	0x14977E5B4
0x142E29C70	0x142E29E87	535	2	0	1	1	0	0	0	0x1497C5704
0x142E29E90	0x142E2A03A	426	3	0	2	0	0	0	1	0x1497C5298
0x142E2A040	0x142E2A1D1	401	4	1	2	0	0	0	1	0x1497C56F0
0x142E2A1E0	0x142E2A410	560	6	0	5	0	0	0	1	0x1499B2CFC
0x142E2A410	0x142E2A6E6	726	8	0	7	0	0	0	1	0x1497C7E58
0x142E2A6F0	0x142E2AA02	786	4	0	3	0	0	0	1	0x149796CA0
0x142E2AA10	0x142E2ABBE	430	3	0	0	0	0	2	1	0x1497FF3AC
0x142E2ABC0	0x142E2AD37	375	2	0	1	0	0	0	1	0x1497C6FC4
0x142E2AD40	0x142E2AEB7	375	2	0	1	0	0	0	1	0x1497C6FC4
0x142E2AEC0	0x142E2AF24	100	1	0	1	0	0	0	0	0x14978714C
0x142E2AF30	0x142E2B187	599	4	0	2	0	0	2	0	0x1498BEC8C
0x142E2B190	0x142E2B2BD	301	1	0	0	0	0	1	0	0x1498980FC
0x142E2B2C0	0x142E2B443	387	4	0	3	0	0	1	0	0x1498980FC
0x142E2B450	0x142E2B4BE	110	1	0	0	0	0	0	1	0x14981CF48
0x142E2B4BE	0x142E2B538	122	1	0	1	0	0	0	0	0x1499BAD6C
0x142E2B570	0x142E2B64E	222	1	0	1	0	0	0	0	0x14977D3BC
0x142E2B650	0x142E2B6E0	144	1	0	1	0	0	0	0	0x1499B93F4
0x142E2BB90	0x142E2BBF9	105	1	0	0	0	0	0	1	0x14986AE68
0x142E2BD60	0x142E2BDD9	121	1	0	0	0	0	0	1	0x14986AE68
0x142E2BF60	0x142E2BFC7	103	1	0	0	0	0	0	1	0x1498C8C40
0x142E2BFC7	0x142E2C0D4	269	2	0	2	0	0	0	0	0x1499BB040
0x142E6BA90	0x142E6BB69	217	1	0	1	0	0	0	0	0x1497870DC
0x142E6BC10	0x142E6BCD5	197	2	0	2	0	0	0	0	0x14977E768
0x142E6BCE0	0x142E6BE87	423	3	0	2	0	0	0	1	0x1499B3778
0x142E6BE90	0x142E6BFC8	312	2	0	1	0	0	1	0	0x1499B43E0
0x142E89160	0x142E8949B	827	2	0	1	0	0	0	1	0x1499BB59C
0x142E894A0	0x142E895D9	313	1	0	0	0	0	0	1	0x1499BB8C4
0x142E895D9	0x142E8979B	450	1	1	0	0	0	0	0	0x1499BB8DC
0x142E897C0	0x142E89908	328	2	0	1	0	0	0	1	0x1499BB770
0x142E89910	0x142E89A14	260	2	1	0	0	0	0	1	0x1499BB9FC
0x142E8D140	0x142E8D27E	318	2	0	1	0	0	1	0	0x1499BEE18
0x142E919D0	0x142E91B07	311	2	0	2	0	0	0	0	0x14989EB2C
0x142E91B10	0x142E91B8B	123	1	1	0	0	0	0	0	0x14977D358
0x142EA2F70	0x142EA3029	185	1	0	0	0	0	1	0	0x14977FBA4
0x142EA3030	0x142EA30A4	116	1	0	0	0	0	0	1	0x1499C1688
0x142F14F30	0x142F15076	326	1	0	0	0	0	1	0	0x1497C5284
0x142F15FF0	0x142F16120	304	1	0	0	0	0	1	0	0x1499C87F8
0x142F17C50	0x142F17D43	243	1	0	1	0	0	0	0	0x1497870DC
0x142F1A1A0	0x142F1A2B9	281	1	0	1	0	0	0	0	0x1499C8F64
0x142F1F423	0x142F1F576	339	3	0	0	3	0	0	0	0x1499CB18C
0x142F1F6F0	0x142F1F8B8	456	3	0	2	0	0	0	1	0x1499CB2E0
0x142F27760	0x142F278DC	380	5	0	1	1	0	3	0	0x1497C0C14
0x142F278E0	0x142F27A74	404	3	0	0	1	0	2	0	0x1499CB328
0x142F27B30	0x142F27C43	275	1	0	0	0	0	1	0	0x1499CA56C
0x142F27C50	0x142F27DFB	427	3	0	1	0	0	1	1	0x1499CB394
0x142F27E00	0x142F27E8D	141	1	0	0	0	0	0	1	0x1499CB460
0x142F457ED	0x142F45897	170	1	0	0	0	0	1	0	0x1499CB660
0x142F49FF3	0x142F4A128	309	4	0	1	2	0	1	0	0x1499CCDA0
0x142F4D930	0x142F4D9C6	150	2	0	0	2	0	0	0	0x149821678
0x142F4D9C6	0x142F4DAE6	288	2	0	0	1	0	0	1	0x1499CCF14
0x142F4DB00	0x142F4DB83	131	1	0	0	0	0	1	0	0x1499CCE60
0x142F4DB83	0x142F4DC7A	247	2	0	1	0	0	0	1	0x1499CCE74
0x142F4DCB0	0x142F4DE06	342	4	0	0	0	0	4	0	0x1497C56F0
0x142F4DE10	0x142F4DF39	297	1	0	0	0	0	0	1	0x149935A80
0x142F4DF40	0x142F4DF89	73	1	0	0	0	0	0	1	0x1498BE5FC
0x142F4DFA6	0x142F4E09E	248	1	0	0	0	0	1	0	0x1499CCEC0
0x142F4E0D0	0x142F4E13F	111	1	0	0	0	0	0	1	0x149845E20
0x142F4E13F	0x142F4E1EE	175	1	0	0	1	0	0	0	0x1499CCF3C
0x142F5BDF0	0x142F5BEB9	201	1	0	0	0	0	1	0	0x14978003C
0x142F5F240	0x142F5F2D1	145	1	1	0	0	0	0	0	0x1497C4728
0x142F64FA0	0x142F650F8	344	3	1	0	0	0	2	0	0x14977D3F0
0x142F6AA40	0x142F6AC51	529	3	0	1	0	0	0	2	0x1497C4738
0x142F6AC60	0x142F6AE00	416	3	2	0	0	0	1	0	0x149782EC4
0x142F6AE4B	0x142F6AE9E	83	1	0	0	0	0	0	1	0x1499D085C
0x142F6AF90	0x142F6B129	409	1	0	0	0	0	0	1	0x1497A2164
0x142F6B130	0x142F6B2B3	387	1	0	0	0	0	0	1	0x1497C6FC4
0x142F6B317	0x142F6B431	282	2	0	1	0	0	0	1	0x1499D07DC
0x142F6B4A7	0x142F6B5B1	266	1	0	0	0	0	0	1	0x1499D0804
0x142F6B9E0	0x142F6BBAF	463	2	0	2	0	0	0	0	0x1498C73A8
0x142F6BBB0	0x142F6BC19	105	1	0	0	0	0	0	1	0x1498A4024
0x142F6BD50	0x142F6BDC9	121	1	0	0	0	0	0	1	0x14986AE68
0x142F6BEE0	0x142F6BF59	121	1	0	0	0	0	0	1	0x1499228A4
0x142F99C10	0x142F99D1A	266	1	0	0	0	0	0	1	0x1497870DC
0x142F99DE0	0x142F99F1A	314	4	0	0	4	0	0	0	0x1497870DC
0x142F99F20	0x142F99FA2	130	1	0	0	0	0	1	0	0x14977E768
0x142F99FB0	0x142F9A055	165	1	0	0	0	0	1	0	0x1497870DC
0x142F9A060	0x142F9A0FF	159	1	0	1	0	0	0	0	0x14977E768
0x142F9A100	0x142F9A239	313	1	0	0	0	0	0	1	0x1499CEF94
0x142F9A239	0x142F9A3FD	452	1	1	0	0	0	0	0	0x1499CEFAC
0x142F9A420	0x142F9A4EC	204	1	0	0	0	0	0	1	0x1499CE400
0x142F9A4EC	0x142F9A6D7	491	1	1	0	0	0	0	0	0x1499CE410
0x142F9A6F0	0x142F9A7BA	202	1	0	0	0	0	0	1	0x1499CECAC
0x142F9A7BA	0x142F9AA8D	723	6	0	0	4	0	2	0	0x1499CECBC
0x142F9AAB0	0x142F9AF1F	1135	1	0	0	0	0	0	1	0x1499CE910
0x142F9AF20	0x142F9AFE9	201	1	0	0	0	0	0	1	0x1499CE608
0x142F9B1F0	0x142F9B68B	1179	1	0	0	0	0	0	1	0x1499CF0CC
0x142F9B690	0x142F9B93E	686	1	0	0	0	0	0	1	0x1499CF448
0x142F9B940	0x142F9BC1E	734	1	0	0	0	0	0	1	0x1499CF64C
0x142F9BC20	0x142F9BCEA	202	1	0	0	0	0	0	1	0x149940E60
0x142F9BCEA	0x142F9BED2	488	1	0	1	0	0	0	0	0x1499CF330
0x142F9BEF0	0x142F9BFBA	202	1	0	0	0	0	0	1	0x14993DF00
0x142F9C1FF	0x142F9C2E8	233	2	1	0	0	0	0	1	0x1499CE4AC
0x142F9C370	0x142F9C40B	155	1	0	0	0	0	0	1	0x149791D80
0x142FA7560	0x142FA76D8	376	1	0	0	0	0	1	0	0x14978E1A8
0x142FB5CD0	0x142FB5DBA	234	1	0	0	0	0	1	0	0x14978B008
0x142FD7930	0x142FD79C2	146	1	0	0	0	0	0	1	0x1499D4A14
0x143010050	0x143010183	307	1	0	0	0	0	1	0	0x1499DAB6C
0x143012060	0x143012199	313	1	0	0	0	0	0	1	0x1499DACC0
0x143014370	0x143014469	249	1	0	0	0	0	1	0	0x14978CD5C
0x143015670	0x14301578E	286	1	0	0	0	0	0	1	0x1499D8FE8
0x143016EC0	0x143016FCE	270	1	0	0	0	0	1	0	0x1499DBA08
0x14301D310	0x14301D46D	349	1	0	1	0	0	0	0	0x1499DD0A8
0x14301D59C	0x14301D627	139	1	0	0	0	0	1	0	0x1499DD098
0x143025D40	0x143025DC1	129	1	0	0	0	0	0	1	0x14978BF4C
0x143025E60	0x143025EE1	129	1	0	0	0	0	0	1	0x14978BF4C
0x143025F80	0x143026001	129	1	0	0	0	0	0	1	0x14978BF4C
0x1430260A0	0x143026225	389	3	0	2	0	0	1	0	0x1497C56F0
0x143026230	0x143026284	84	1	0	0	0	0	0	1	0x149940ADC
0x14302629E	0x143026318	122	2	0	2	0	0	0	0	0x1499DD014
0x143026350	0x143026542	498	2	0	1	0	0	1	0	0x1498C73A8
0x143050680	0x14305074A	202	1	0	0	0	0	0	1	0x14993DF00
0x14305074A	0x14305092E	484	2	0	2	0	0	0	0	0x1499D94A4
0x143050940	0x143050A41	257	3	0	2	0	0	0	1	0x1499D9550
0x143050A8F	0x143050B47	184	1	0	0	0	0	0	1	0x1499D9384
0x143057290	0x143057386	246	2	0	0	1	0	1	0	0x1497870DC
0x14307EBD0	0x14307EC4E	126	1	1	0	0	0	0	0	0x1497870DC
0x143096D90	0x143096E87	247	1	0	0	0	0	1	0	0x14978CD5C
0x143099330	0x1430993F9	201	1	0	0	0	0	1	0	0x14977E768
0x14309C210	0x14309C35E	334	2	0	2	0	0	0	0	0x1499B0FC0
0x1430C6710	0x1430C67E7	215	1	0	1	0	0	0	0	0x1497870DC
0x1430C8E70	0x1430C8F1A	170	1	1	0	0	0	0	0	0x1497870DC
0x1430C9CF0	0x1430C9DD0	224	1	0	1	0	0	0	0	0x1497870DC
0x1430D4E00	0x1430D4E84	132	1	0	0	0	0	0	1	0x1499E935C
0x1430D4F20	0x1430D4FAD	141	2	1	1	0	0	0	0	0x1499E9388
0x1430FCAB0	0x1430FCB7A	202	1	0	0	0	0	0	1	0x1499E7664
0x1430FCB7A	0x1430FCDB5	571	2	1	1	0	0	0	0	0x1499E7674
0x14310B850	0x14310BA17	455	1	0	1	0	0	0	0	0x1499EB2A8
0x14311F6D0	0x14311F822	338	5	0	2	2	0	0	1	0x1497C0C14
0x143121780	0x143121878	248	2	0	2	0	0	0	0	0x1497870DC
0x143124160	0x143124205	165	2	0	2	0	0	0	0	0x1497870DC
0x1431252C0	0x14312542D	365	1	0	0	0	0	0	1	0x1499EC7A8
0x143126640	0x1431266F7	183	2	0	2	0	0	0	0	0x1497870DC
0x143133BC0	0x143133E4F	655	2	0	1	0	0	1	0	0x1498C73A8
0x1431727A0	0x143172889	233	1	0	0	0	0	1	0	0x14977E768
0x14317470D	0x14317480D	256	2	0	1	0	0	0	1	0x1499F2D80
0x143174820	0x14317488D	109	1	0	1	0	0	0	0	0x14977D358
0x14317B110	0x14317B221	273	1	0	0	0	0	1	0	0x1499F2408
0x14319A370	0x14319A46E	254	1	0	0	0	0	1	0	0x1498695CC
0x14319ACB0	0x14319ADC5	277	1	0	0	0	0	1	0	0x14978CD5C
0x14319BCF0	0x14319BDF8	264	2	0	2	0	0	0	0	0x14977E768
0x14319F64A	0x14319F808	446	2	0	0	0	0	1	1	0x1499F7320
0x14319F840	0x14319FA26	486	3	0	2	0	0	0	1	0x1499F70EC
0x14319FA30	0x14319FC43	531	2	0	0	0	0	1	1	0x1499F72D0
0x1431A7420	0x1431A7604	484	6	1	4	0	0	0	1	0x1497C0C14
0x1431A7610	0x1431A78EA	730	7	0	2	2	0	1	2	0x1498CB9C0
0x1431A78F0	0x1431A7AB6	454	7	0	4	2	0	1	0	0x1497C5694
0x1431A7AC0	0x1431A7B57	151	1	0	0	0	0	1	0	0x1497870DC
0x1431A7B60	0x1431A7CE0	384	6	0	0	2	0	4	0	0x1497C56F0
0x1431A7CE0	0x1431A7D59	121	1	0	0	0	0	0	1	0x14986AE68
0x1431D25F0	0x1431D2B12	1314	1	0	0	0	0	0	1	0x1499F3920
0x1431DFE39	0x1431DFF3C	259	2	0	1	0	0	0	1	0x1499FA0F4
0x1432054D0	0x143205566	150	1	0	1	0	0	0	0	0x1497870DC
0x143205570	0x14320563A	202	1	0	0	0	0	0	1	0x1499CE608
0x14320563A	0x14320587D	579	1	0	1	0	0	0	0	0x1499F8F6C
0x1432058FF	0x143205988	137	1	0	0	0	0	0	1	0x1499F8DD0
0x143208E60	0x143208FB9	345	1	0	0	0	0	1	0	0x1499FC084
0x14320AAD0	0x14320ABBD	237	2	1	0	0	0	1	0	0x1497870DC
0x14320D0F0	0x14320D253	355	2	0	2	0	0	0	0	0x1498BDD50
0x14320E370	0x14320E431	193	2	0	2	0	0	0	0	0x1497870DC
0x14320F470	0x14320F5A7	311	2	0	0	0	0	2	0	0x1497C5284
0x14322A7F0	0x14322A993	419	3	0	3	0	0	0	0	0x149782EC4
0x14322A9A0	0x14322ABA7	519	1	0	0	0	0	0	1	0x149A02300
0x14322ABB0	0x14322AD8D	477	3	0	0	0	0	2	1	0x149A02208
0x14322AD90	0x14322AE59	201	3	1	2	0	0	0	0	0x14978B008
0x14326F870	0x14326F984	276	1	0	0	0	0	1	0	0x1497870DC
0x14326FFB0	0x1432700D8	296	1	0	1	0	0	0	0	0x1498CBD08
0x143270A70	0x143270B59	233	1	0	0	0	0	1	0	0x14977FF74
0x143273AE0	0x143273BA1	193	2	0	1	1	0	0	0	0x1497870DC
0x143273BB0	0x143273CB0	256	1	0	0	0	0	1	0	0x14977E768
0x1432769C0	0x143276AD4	276	1	0	0	0	0	1	0	0x149869468
0x143278080	0x14327819F	287	1	0	0	0	0	1	0	0x1498CBD08
0x143278A60	0x143278C27	455	1	0	0	0	0	0	1	0x149A06590
0x14327AEB0	0x14327AFB2	258	2	0	2	0	0	0	0	0x1497870DC
0x14327D0A0	0x14327D1BD	285	1	0	1	0	0	0	0	0x149A06C54
0x14327E120	0x14327E21D	253	1	0	1	0	0	0	0	0x1497870DC
0x143280200	0x143280270	112	1	0	1	0	0	0	0	0x14977D358
0x143280270	0x1432802F1	129	1	0	0	0	0	1	0	0x14977D358
0x14328C440	0x14328C4C1	129	1	0	0	0	0	0	1	0x14978BF4C
0x14328C560	0x14328C759	505	3	0	0	0	0	2	1	0x1499B3090
0x14328C760	0x14328C921	449	3	0	1	0	0	1	1	0x14983C1DC
0x14328C97B	0x14328C9D3	88	1	0	0	0	0	0	1	0x149A09834
0x14328CB24	0x14328CC60	316	1	0	0	0	0	0	1	0x149A098A0
0x14328CC80	0x14328CD45	197	1	0	0	0	0	1	0	0x1498362BC
0x14328CD50	0x14328CE00	176	1	0	1	0	0	0	0	0x1497E3254
0x14328CE00	0x14328CEB9	185	2	0	1	0	0	1	0	0x149780384
0x14328CEC0	0x14328CFD5	277	2	0	1	0	0	0	1	0x149A0A214
0x14328CFE0	0x14328D054	116	1	0	0	0	0	0	1	0x1499C1688
0x14328D160	0x14328D431	721	4	0	2	1	0	0	1	0x149A0AA94
0x14328D440	0x14328D5E5	421	4	0	3	0	0	1	0	0x149867CA8
0x14328D5F0	0x14328D7D3	483	2	0	0	0	0	1	1	0x149A0A870
0x14328D7E0	0x14328D859	121	1	0	0	0	0	0	1	0x14986AE68
0x14328D960	0x14328DB0B	427	1	0	0	0	0	0	1	0x149834978
0x1432D6FC0	0x1432D7091	209	2	0	2	0	0	0	0	0x1497C0C14
0x1432D70A0	0x1432D71B5	277	4	0	3	0	0	1	0	0x1497C0C14
0x1432D71C0	0x1432D7496	726	2	0	1	0	0	0	1	0x149A05000
0x1432D74A0	0x1432D75C9	297	1	0	0	0	0	0	1	0x1499A8504
0x1432D75C9	0x1432D778C	451	1	0	1	0	0	0	0	0x149A08D50
0x1432D77B0	0x1432D7CA3	1267	4	0	2	0	0	1	1	0x149A04BDC
0x1432D7CB0	0x1432D7DD9	297	1	0	0	0	0	0	1	0x1499A8504
0x1432D7FD0	0x1432D840B	1083	5	0	3	0	0	1	1	0x1497DC1E8
0x1432D8410	0x1432D8539	297	1	0	0	0	0	0	1	0x1499A8504
0x1432D8539	0x1432D8700	455	1	0	0	0	0	1	0	0x149A09118
0x1432D8720	0x1432D8849	297	1	0	0	0	0	0	1	0x1499A8504
0x1432D8A50	0x1432D8BAC	348	1	0	0	0	0	0	1	0x149A09024
0x1432D8BAC	0x1432D8E33	647	1	0	0	0	0	1	0	0x149A09040
0x1432D8E60	0x1432D92B7	1111	1	0	0	0	0	0	1	0x149A09260
0x1432D9360	0x1432D9410	176	2	0	2	0	0	0	0	0x14977D358
0x1432D9410	0x1432D945E	78	1	0	0	0	0	1	0	0x14977D6E8
0x1432D9460	0x1432D94BC	92	1	0	1	0	0	0	0	0x14977D6E8
0x1432D9510	0x1432D955C	76	1	0	1	0	0	0	0	0x14977D6E8
0x1432D95D0	0x1432D96D5	261	2	0	1	0	0	0	1	0x1499D9550
0x1432D986C	0x1432D9959	237	2	0	0	0	0	1	1	0x149A09158
0x1432D99A0	0x1432D9A3B	155	1	0	0	0	0	0	1	0x149791D80
0x1432DD9B0	0x1432DDAB0	256	1	0	0	0	0	0	1	0x149A0BB74
0x1432E0950	0x1432E0A67	279	3	0	1	0	0	2	0	0x14978CD5C
0x1432E5B40	0x1432E5CBB	379	4	0	2	0	0	1	1	0x14977E9A8
0x1432E5CC0	0x1432E5E8F	463	8	0	4	4	0	0	0	0x1497C0C14
0x1432E6120	0x1432E62DF	447	4	0	2	0	0	2	0	0x149A0C940
0x1432E62E0	0x1432E64B8	472	2	0	1	0	0	0	1	0x1497C018C
0x1432F4720	0x1432F47D8	184	1	0	1	0	0	0	0	0x14978003C
0x1432F47E0	0x1432F486B	139	1	0	1	0	0	0	0	0x1498B2E58
0x1432F8890	0x1432F89A6	278	2	0	2	0	0	0	0	0x14977E768
0x143328470	0x1433285A7	311	1	0	0	0	0	0	1	0x149A0F018
0x1433285A7	0x14332877B	468	1	0	1	0	0	0	0	0x149A0F02C
0x143328790	0x14332888D	253	2	0	1	0	0	0	1	0x149A0F0A4
0x14332E370	0x14332E431	193	1	0	1	0	0	0	0	0x1497870DC
0x143346300	0x143346429	297	1	0	0	0	0	0	1	0x1499A8504
0x143346429	0x1433465FC	467	1	0	1	0	0	0	0	0x149A11E80
0x143346620	0x143346742	290	2	0	1	0	0	0	1	0x1499D9550
0x14334817A	0x1433482CB	337	3	0	0	0	0	2	1	0x149A13540
0x1433482E0	0x14334854F	623	4	0	1	0	0	1	2	0x149A135D4
0x14334D130	0x14334D287	343	4	0	3	0	0	1	0	0x149935FA4
0x14334FC90	0x14334FD9A	266	2	0	1	0	0	1	0	0x1497870DC
0x1433855FD	0x14338569D	160	1	0	1	0	0	0	0	0x149A19048
0x143387069	0x143387150	231	2	0	1	0	0	0	1	0x149A191F8
0x143387820	0x143387920	256	2	0	1	0	0	1	0	0x1497870DC
0x1433A29B0	0x1433A2B6E	446	2	0	0	0	0	0	2	0x1497FF3AC
0x1433A2B70	0x1433A2BF7	135	2	0	1	0	0	1	0	0x149A19BA8
0x1433A2C55	0x1433A2D87	306	2	0	1	0	0	1	0	0x149A19BD0
0x1433A2F30	0x1433A30C6	406	1	0	1	0	0	0	0	0x1498C73A8
0x1433A30D0	0x1433A3139	105	1	0	0	0	0	0	1	0x1499228A4
0x1433C0FD0	0x1433C1023	83	1	0	0	0	0	1	0	0x14977D6E8
0x1433C6090	0x1433C6114	132	1	0	0	1	0	0	0	0x1497C46D4
0x1433C64B0	0x1433C6534	132	1	0	1	0	0	0	0	0x1497C46D4
0x1433C8E30	0x1433C8F0D	221	1	0	0	1	0	0	0	0x149A1DEE8
0x1433C9160	0x1433C923D	221	1	0	1	0	0	0	0	0x149A1DEE8
0x1433D4F90	0x1433D5013	131	1	0	0	0	0	0	1	0x149A1E56C
0x1433F4B60	0x1433F4C69	265	1	0	0	0	0	1	0	0x149802770
0x1433F4D60	0x1433F4E30	208	1	0	0	0	0	0	1	0x149A1C6E0
0x1433F5260	0x1433F5303	163	1	0	0	0	0	1	0	0x149783940
0x1433F5310	0x1433F535E	78	1	0	0	0	0	1	0	0x14977D6E8
0x1433F5360	0x1433F53B3	83	1	0	0	0	0	1	0	0x14977D6E8
0x1433F8B40	0x1433F8C23	227	1	0	0	0	0	1	0	0x1497870DC
0x1433FBEC0	0x1433FBFDC	284	1	0	0	0	0	1	0	0x149A23A9C
0x1433FCCD0	0x1433FCD94	196	1	0	0	0	0	1	0	0x14977FF74
0x143404470	0x1434045AA	314	1	0	1	0	0	0	0	0x1498CBD08
0x1434061F0	0x1434062C3	211	1	0	0	0	0	1	0	0x1497870DC
0x143409260	0x143409394	308	1	0	0	0	0	1	0	0x149A22190
0x143409680	0x1434097B6	310	2	0	0	0	0	2	0	0x149869468
0x14340A8E0	0x14340AAC5	485	2	0	0	0	0	2	0	0x149A27D54
0x14340B0D0	0x14340B205	309	2	0	1	0	0	0	1	0x149A23D98
0x14340D330	0x14340D566	566	1	0	0	0	0	0	1	0x149A27D08
0x14340D9A0	0x14340DABC	284	1	0	1	0	0	0	0	0x1498CBD08
0x14340E520	0x14340E5F1	209	2	0	1	0	0	1	0	0x1497870DC
0x14340F64E	0x14340F709	187	1	0	0	0	0	0	1	0x149A243F8
0x14340F709	0x14340F783	122	1	0	0	0	0	1	0	0x149A24410
0x14341233B	0x143412429	238	2	0	1	0	0	0	1	0x149A23EAC
0x1434129B0	0x143412A49	153	1	0	1	0	0	0	0	0x1497870DC
0x143414AC0	0x143414B92	210	2	0	1	0	0	1	0	0x1497870DC
0x143416450	0x14341654F	255	1	0	0	0	0	1	0	0x14978003C
0x1434180FE	0x143418243	325	4	0	0	3	0	1	0	0x149A2841C
0x143418250	0x1434183A4	340	2	0	1	0	0	1	0	0x149A2834C
0x1434183B0	0x143418521	369	2	0	0	0	0	1	1	0x149A28318
0x14341860B	0x1434186D3	200	1	0	0	0	0	0	1	0x149A282F0
0x1434186F0	0x143418852	354	1	0	1	0	0	0	0	0x149A282CC
0x143426FB0	0x143427036	134	1	0	0	0	0	0	1	0x14978BF4C
0x1434270E0	0x14342728A	426	5	1	2	0	0	2	0	0x149A28454
0x143427290	0x143427428	408	1	0	0	0	0	0	1	0x14977E9A8
0x143427430	0x14342749A	106	1	0	0	0	0	0	1	0x149A283B8
0x1434275F0	0x143427784	404	3	0	2	0	0	1	0	0x1498F4148
0x143427790	0x143427947	439	4	0	3	0	0	1	0	0x14977E5B4
0x143427950	0x143427AD6	390	5	0	2	0	0	3	0	0x1497C56F0
0x143427AE0	0x143427C3B	347	4	0	1	0	0	3	0	0x1497C56F0
0x143427C40	0x143427D11	209	1	0	0	0	0	0	1	0x1497870DC
0x143427D20	0x143427E3B	283	1	0	0	0	0	1	0	0x14977E768
0x143427E40	0x143427F1A	218	1	0	0	0	0	1	0	0x1498BD2B4
0x143427F20	0x1434280EB	459	7	0	4	0	0	3	0	0x1497C5298
0x1434280F0	0x143428191	161	1	0	0	0	0	1	0	0x14977D3BC
0x1434281A0	0x1434281F4	84	1	0	0	0	0	1	0	0x149A28150
0x1434284D0	0x1434285C2	242	3	0	0	3	0	0	0	0x149795674
0x1434287F0	0x143428B03	787	1	0	0	0	0	1	0	0x149A284A4
0x143463810	0x1434638F6	230	2	0	2	0	0	0	0	0x149A1ED58
0x143463990	0x143463A5A	202	1	0	0	0	0	0	1	0x1499E7664
0x143463A5A	0x143463C9A	576	1	0	0	0	0	1	0	0x149A20A4C
0x143463CB0	0x143463FC0	784	2	0	0	0	0	1	1	0x149A20D38
0x143463FC0	0x143464474	1204	1	0	0	0	0	0	1	0x149A1EAC4
0x143464480	0x1434645A9	297	1	0	0	0	0	0	1	0x149A1EC68
0x143464880	0x1434649C6	326	2	0	0	0	0	1	1	0x149A20BB4
0x1434649D0	0x143464B28	344	2	0	0	0	0	1	1	0x149A20E88
0x143464B30	0x143464BCB	155	1	0	0	0	0	0	1	0x149791D80
0x143468200	0x143468294	148	1	0	0	1	0	0	0	0x1497870DC
0x1434694F0	0x143469569	121	1	0	0	0	0	1	0	0x1497870DC
0x14346BAB0	0x14346BB87	215	1	0	0	0	0	1	0	0x14978CD5C
0x1434702E0	0x14347040C	300	1	0	0	0	0	1	0	0x149A2E6D4
0x143471610	0x14347173B	299	1	0	1	0	0	0	0	0x149A2CB3C
0x143475EE0	0x14347605A	378	1	0	0	0	0	1	0	0x149A2D830
0x1434765D0	0x1434766C8	248	1	0	1	0	0	0	0	0x1497870DC
0x143477C50	0x143477CE0	144	1	0	0	0	0	1	0	0x149A2F484
0x143477CE0	0x143477DF5	277	2	0	0	0	0	1	1	0x149A2F494
0x143478BF0	0x143478CE3	243	2	0	0	0	0	2	0	0x1497870DC
0x143478EE0	0x143478FD0	240	1	0	0	0	0	1	0	0x14978CD5C
0x14347C600	0x14347C757	343	2	0	0	0	0	2	0	0x149A30D18
0x14347C760	0x14347C8A7	327	2	1	1	0	0	0	0	0x149A30C8C
0x14347C8B0	0x14347C9FA	330	2	0	2	0	0	0	0	0x149A30D48
0x14347CA00	0x14347CB4C	332	1	0	1	0	0	0	0	0x149A30CEC
0x14347CB50	0x14347CCD5	389	3	1	0	0	0	2	0	0x149A30C78
0x14347CD06	0x14347CDC1	187	1	0	0	0	0	0	1	0x149A30CC8
0x1434889E0	0x143488A61	129	1	0	0	0	0	0	1	0x14978BF4C
0x143488B00	0x143488B81	129	1	0	0	0	0	0	1	0x14978BF4C
0x143488C79	0x143488CFA	129	1	0	0	0	0	0	1	0x149A2FEA4
0x143488E37	0x143488ECC	149	1	0	0	0	0	0	1	0x149A2FEF0
0x143488FB0	0x14348908F	223	2	2	0	0	0	0	0	0x14978B008
0x143489090	0x143489133	163	1	0	0	0	0	0	1	0x14978B008
0x143489140	0x1434892C9	393	4	0	0	4	0	0	0	0x1498A606C
0x1434C97C0	0x1434C9867	167	1	0	0	0	0	1	0	0x1497870DC
0x1434C9870	0x1434C9E07	1431	2	0	0	0	0	1	1	0x149A29DC4
0x1434C9E10	0x1434CA10D	765	1	0	0	0	0	0	1	0x149A29B0C
0x1434CA110	0x1434CA1DF	207	1	0	0	0	0	0	1	0x149A296EC
0x1434CA410	0x1434CA45F	79	1	0	0	0	0	0	1	0x149A29028
0x1434CA4E0	0x1434CA537	87	1	0	0	0	0	1	0	0x149A2904C
0x1434CA590	0x1434CA707	375	2	0	0	0	0	1	1	0x149A29F2C
0x1434CF390	0x1434CF4AB	283	1	0	0	0	0	1	0	0x1497C5284
0x1434D1230	0x1434D1330	256	1	0	0	0	0	1	0	0x1497870DC
0x1434DB720	0x1434DB8B7	407	3	0	2	0	0	1	0	0x1497C0C14
0x1434FCD90	0x1434FCE61	209	1	0	0	1	0	0	0	0x1498BC8A8
0x1434FCE70	0x1434FCF55	229	1	0	0	0	0	1	0	0x149A343CC
0x1434FCFD0	0x1434FD542	1394	2	0	0	0	0	1	1	0x149A338C8
0x1434FD550	0x1434FD5EB	155	1	0	0	0	0	0	1	0x149791D80
0x1435037F0	0x143503966	374	3	0	1	1	0	0	1	0x149A36410
0x1435047E0	0x1435048D3	243	1	0	1	0	0	0	0	0x1497870DC
0x143504EB0	0x143504FA3	243	1	1	0	0	0	0	0	0x1497870DC
0x14350F370	0x14350F3F0	128	1	0	0	0	0	0	1	0x149850D88
0x143535CF0	0x143535E9D	429	2	1	1	0	0	0	0	0x149A36758
0x143535EA0	0x143535F74	212	1	0	0	0	0	0	1	0x149A35D48
0x1435407D0	0x1435408FA	298	1	0	0	0	0	1	0	0x1497C5284
0x143541710	0x1435417C4	180	2	0	1	0	0	1	0	0x1497870DC
0x143544CF0	0x143544DA4	180	2	1	0	0	0	1	0	0x1497870DC
0x143547440	0x1435475B3	371	1	0	1	0	0	0	0	0x149A3F744
0x143547D60	0x143547E2D	205	1	1	0	0	0	0	0	0x14977E768
0x1435485CF	0x1435486E4	277	2	0	1	0	0	1	0	0x149A3D5EC
0x14354AD40	0x14354AEB5	373	1	1	0	0	0	0	0	0x149A3F744
0x14354C0E0	0x14354C1FF	287	1	1	0	0	0	0	0	0x1497C5284
0x14354CE20	0x14354CF03	227	1	1	0	0	0	0	0	0x149A3F8AC
0x14354E2B0	0x14354E3E7	311	1	0	1	0	0	0	0	0x14977EA98
0x14354EE50	0x14354EF46	246	1	0	0	0	0	1	0	0x1497870DC
0x143554310	0x1435544DD	461	2	1	0	0	0	0	1	0x149A41DE4
0x143560DE0	0x143560F7D	413	5	0	2	2	0	1	0	0x1497C0C14
0x143560F80	0x1435611DB	603	6	0	2	1	0	2	1	0x14983C1DC
0x1435611E0	0x143561394	436	3	1	0	0	0	2	0	0x149935FA4
0x1435613A0	0x143561541	417	3	1	0	0	0	1	1	0x1497C499C
0x143561550	0x143561614	196	1	0	1	0	0	0	0	0x149A40DE4
0x143561620	0x143561704	228	1	0	0	0	0	1	0	0x149A40DC4
0x143561710	0x143561841	305	1	0	0	0	0	1	0	0x149A40DD4
0x143561850	0x1435618F8	168	1	1	0	0	0	0	0	0x149780384
0x143561900	0x1435619A3	163	1	0	0	0	0	0	1	0x14978B008
0x1435619B0	0x143561A53	163	1	0	0	0	0	0	1	0x14978B008
0x143561A60	0x143561B9C	316	4	0	0	4	0	0	0	0x1498A606C
0x143561BA0	0x143561EC6	806	1	0	0	0	0	1	0	0x149A41F08
0x143562241	0x1435623B3	370	2	0	1	0	0	1	0	0x149A41EF8
0x1435623C0	0x14356244C	140	1	0	0	0	0	0	1	0x149A41F3C
0x14359F3E0	0x14359F4EE	270	1	0	0	0	0	1	0	0x149A40B74
0x14359F590	0x14359F994	1028	1	0	0	0	0	0	1	0x149A3D9E0
0x14359F9A0	0x14359FA2F	143	1	0	0	0	0	0	1	0x14977D358
0x14359FA80	0x14359FB1B	155	1	0	0	0	0	0	1	0x149791D80
0x1435E0340	0x1435E042E	238	2	0	2	0	0	0	0	0x14978B008
0x1435E0430	0x1435E051F	239	1	0	1	0	0	0	0	0x14978B008
0x1435E0520	0x1435E06E7	455	2	0	1	0	0	0	1	0x1497C6FC4
0x1435EBC30	0x1435EC22C	1532	16	0	8	2	0	5	1	0x149782EC4
0x1435EC230	0x1435EC366	310	2	0	1	0	0	1	0	0x1497C0C14
0x1435EC370	0x1435EC70B	923	2	0	1	0	0	0	1	0x149A46018
0x1435EF730	0x1435EF843	275	1	0	0	0	0	1	0	0x1497870DC
0x1435F1F50	0x1435F2064	276	1	0	1	0	0	0	0	0x149A495B0
0x1435F2E90	0x1435F2FA4	276	1	0	1	0	0	0	0	0x14978E13C
0x1435FB0B0	0x1435FB21E	366	2	0	1	0	0	1	0	0x149A4ABB0
0x1435FB220	0x1435FB38E	366	2	0	1	0	0	1	0	0x149A4ABB0
0x1435FB390	0x1435FB541	433	2	0	1	0	0	1	0	0x149A4AB64
0x1435FB550	0x1435FB6BE	366	2	0	1	0	0	1	0	0x149A4ABB0
0x1435FB6C0	0x1435FB871	433	2	0	1	0	0	1	0	0x149A4AB94
0x143602A00	0x143602ADC	220	2	2	0	0	0	0	0	0x1497870DC
0x143602AE0	0x143602BF7	279	1	0	0	0	0	1	0	0x149A40DC4
0x14362AE70	0x14362AFAA	314	3	0	0	3	0	0	0	0x149A4C818
0x14362B9B0	0x14362BB69	441	5	0	3	2	0	0	0	0x149A4C684
0x14362F920	0x14362FADB	443	4	0	1	2	0	0	1	0x149A4CD9C
0x143648190	0x1436482B7	295	2	0	1	0	0	0	1	0x149A4E9F8
0x14365DDA0	0x14365E0C2	802	2	0	1	0	0	0	1	0x1499CF448
0x14365E0D0	0x14365E19A	202	1	0	0	0	0	0	1	0x149940E60
0x14366C930	0x14366CBB9	649	7	0	0	7	0	0	0	0x149A5516C
0x14366CBC0	0x14366CDDC	540	8	0	5	3	0	0	0	0x1497C5704
0x14366CDE0	0x14366CF8E	430	7	0	2	2	0	3	0	0x1497C56F0
0x14366CF90	0x14366D159	457	7	0	4	1	0	2	0	0x1498F4148
0x14366D160	0x14366D2DE	382	3	0	0	0	0	3	0	0x1497C56F0
0x1436A1450	0x1436A1584	308	3	0	0	3	0	0	0	0x1499B2D18
0x1436A8180	0x1436A82D8	344	2	0	2	0	0	0	0	0x1497C0C14
0x1436AA3C0	0x1436AA46E	174	1	0	1	0	0	0	0	0x14977E768
0x1436AABB0	0x1436AAD03	339	2	0	2	0	0	0	0	0x149A58E2C
0x1436AD870	0x1436AD99C	300	1	0	1	0	0	0	0	0x1498C3F64
0x1436AF0F0	0x1436AF23E	334	5	0	5	0	0	0	0	0x1499B0FC0
0x1436AF240	0x1436AF39A	346	1	0	1	0	0	0	0	0x149A5B11C
0x1436AF3A0	0x1436AF517	375	1	0	0	0	0	1	0	0x149A5B1A8
0x1436AF520	0x1436AF69E	382	2	1	1	0	0	0	0	0x149A5B0C4
0x1436B3D10	0x1436B3E7D	365	1	0	0	0	0	0	1	0x149A5B090
0x1437019B3	0x143701A47	148	2	0	2	0	0	0	0	0x149A61EF4
0x143701EC9	0x143701FC3	250	2	0	1	0	0	0	1	0x149A62F70
0x1437075C0	0x1437076F4	308	3	0	1	0	0	2	0	0x1497870DC
0x143708EC0	0x143708FC3	259	1	0	1	0	0	0	0	0x1497870DC
0x14370F8C0	0x14370FA1D	349	5	0	5	0	0	0	0	0x1499B0FC0
0x14370FA20	0x14370FBA9	393	2	0	1	0	0	0	1	0x149A64920
0x143727890	0x1437279F9	361	2	0	1	0	0	0	1	0x1497C6C24
0x143727A54	0x143727C32	478	3	0	1	0	0	1	1	0x149A635D0
0x143727C60	0x143727DE4	388	3	0	2	0	0	1	0	0x14977E9A8
0x143727DF0	0x143727F36	326	2	0	0	0	0	1	1	0x149A63F78
0x143777D40	0x143777E2E	238	2	0	2	0	0	0	0	0x1497CE7A0
0x143777E30	0x143778195	869	2	0	0	0	0	1	1	0x14978B788
0x1437781A0	0x1437785A9	1033	3	0	1	0	0	1	1	0x149A5E450
0x1437785B0	0x143778684	212	1	0	0	0	0	0	1	0x149A35D48
0x143778684	0x1437788A8	548	1	0	1	0	0	0	0	0x149A5EA6C
0x1437788D0	0x143778C5B	907	2	0	1	0	0	0	1	0x149A5ED40
0x143778C60	0x143779060	1024	3	0	2	0	0	0	1	0x149A6183C
0x143779060	0x14377912A	202	1	0	0	0	0	0	1	0x149940E60
0x14377912A	0x143779312	488	1	0	1	0	0	0	0	0x149A61A70
0x143779330	0x1437793FA	202	1	0	0	0	0	0	1	0x149940E60
0x143779710	0x143779884	372	2	0	1	0	0	0	1	0x149A5EE74
0x143779890	0x14377992B	155	1	0	0	0	0	0	1	0x149791D80
0x1437799DF	0x143779AD2	243	1	0	0	0	0	0	1	0x149A5E6D4
0x1437B9DD0	0x1437B9F2C	348	3	1	1	0	0	1	0	0x14977E768
0x1437BEC94	0x1437BED29	149	2	0	2	0	0	0	0	0x149A6C38C
0x1437BED29	0x1437BED8F	102	1	0	0	0	0	1	0	0x149A6C3A0
0x1437BFDA0	0x1437BFE7F	223	2	0	2	0	0	0	0	0x1497870DC
0x14382EE50	0x14382F1AB	859	1	0	0	0	0	0	1	0x149A693D8
0x14382F1B0	0x14382F32A	378	1	0	0	0	0	0	1	0x149A69420
0x14385A8B0	0x14385A97B	203	1	0	0	0	0	0	1	0x149A7032C
0x14385A97B	0x14385AB4A	463	1	0	1	0	0	0	0	0x149A7033C
0x14385AB60	0x14385AC5C	252	2	0	1	0	0	0	1	0x149A70410
0x143880800	0x1438808C1	193	1	0	1	0	0	0	0	0x14977E768
0x143881F50	0x143882088	312	2	0	1	0	0	0	1	0x149A77EF4
0x1438838F0	0x143883A62	370	1	0	1	0	0	0	0	0x149A775AC
0x143888B70	0x143888D79	521	3	0	2	0	0	0	1	0x149A78ED0
0x143888D80	0x143888EEF	367	2	0	1	0	0	0	1	0x149A78EA4
0x143888EF0	0x1438890B6	454	3	0	2	0	0	0	1	0x149A78F78
0x1438890C0	0x1438891FA	314	3	0	3	0	0	0	0	0x149896630
0x143889200	0x143889377	375	1	0	0	0	0	1	0	0x149A79068
0x1438BA97C	0x1438BA9EE	114	1	0	0	0	0	1	0	0x149A7C918
0x1438BEDA0	0x1438BEE9D	253	1	0	1	0	0	0	0	0x14977E768
0x1438BF420	0x1438BF4D7	183	2	0	1	1	0	0	0	0x1497870DC
0x1438C1090	0x1438C11DE	334	1	0	0	0	0	1	0	0x149A7D238
0x1438C4DC0	0x1438C4F06	326	2	0	2	0	0	0	0	0x149A7F138
0x1438CE860	0x1438CEA2B	459	2	0	1	0	0	0	1	0x149A7F390
0x143902470	0x143902807	919	2	0	1	0	0	0	1	0x149A79EA8
0x143908840	0x1439089F8	440	2	1	0	1	0	0	0	0x1498BD66C
0x14390D460	0x14390D5FF	415	4	0	3	0	0	1	0	0x14977E9A8
0x14390D600	0x14390D689	137	1	0	0	0	0	0	1	0x149A17224
0x1439233A0	0x1439234C9	297	5	0	0	5	0	0	0	0x149782EC4
0x1439234D0	0x14392358B	187	1	0	0	0	0	1	0	0x14977E768
0x1439298D0	0x143929A18	328	2	0	1	1	0	0	0	0x149A8453C
0x14392A240	0x14392A2D4	148	1	0	0	1	0	0	0	0x1497870DC
0x14392A5F0	0x14392A70A	282	2	0	1	1	0	0	0	0x1497C5284
0x14396BB40	0x14396BC69	297	1	0	0	0	0	0	1	0x1499A8504
0x14398AAF0	0x14398ABF3	259	2	0	0	1	0	0	1	0x1498BCAF8
0x1439903A0	0x14399054A	426	2	0	0	1	0	0	1	0x149A8AC70
0x143990550	0x1439905BC	108	1	0	0	0	0	0	1	0x149A7A670
0x1439A3B40	0x1439A3BC7	135	1	0	0	0	0	1	0	0x149A88B78
0x1439A3BC7	0x1439A3C2A	99	1	0	0	1	0	0	0	0x149A88B88
0x1439A3C2A	0x1439A3D21	247	1	0	0	0	0	0	1	0x149A88BA0
0x1439A3D4C	0x1439A3EEB	415	2	0	0	1	0	0	1	0x149A88A94
0x1439AA6FD	0x1439AA7BE	193	1	0	0	0	0	1	0	0x149A8C144
0x1439AB4F0	0x1439AB5F4	260	1	0	1	0	0	0	0	0x149A8D1EC
0x1439BAB80	0x1439BABF9	121	1	0	0	0	0	0	1	0x14986AE68
0x1439E2080	0x1439E2177	247	1	1	0	0	0	0	0	0x1497870DC
0x1439E2180	0x1439E25C3	1091	2	1	0	0	0	0	1	0x149A8C954
0x1439E8AC0	0x1439E8BA8	232	1	0	1	0	0	0	0	0x149A07B40
0x1439EAEF0	0x1439EAFF2	258	1	0	0	0	0	1	0	0x14977E768
0x1439EF06C	0x1439EF166	250	2	0	0	0	0	1	1	0x149A95C3C
0x1439F057C	0x1439F05DD	97	1	0	1	0	0	0	0	0x149A95D2C
0x1439F11D0	0x1439F1378	424	1	0	1	0	0	0	0	0x149A98EA0
0x1439F1590	0x1439F171D	397	1	0	0	0	0	0	1	0x149A96E2C
0x1439F58B0	0x1439F592D	125	1	0	1	0	0	0	0	0x1499B2CC8
0x1439F592D	0x1439F5A14	231	2	0	1	0	0	0	1	0x149A9A334
0x1439F5A30	0x1439F5AA2	114	1	1	0	0	0	0	0	0x14977D358
0x143A06462	0x143A06517	181	1	0	0	0	0	1	0	0x149A9A3BC
0x143A06517	0x143A065ED	214	1	0	0	0	0	1	0	0x149A9A3D8
0x143A06646	0x143A06794	334	1	0	0	0	0	0	1	0x149A98494
0x143A067B0	0x143A06936	390	1	0	0	0	0	0	1	0x1497C6FC4
0x143A06940	0x143A06B07	455	4	0	1	0	0	2	1	0x1498C3F4C
0x143A06B10	0x143A06C44	308	1	0	0	0	0	0	1	0x149935A80
0x143A06C50	0x143A06D4E	254	1	0	1	0	0	0	0	0x149A98430
0x143A06D50	0x143A06E0B	187	1	0	0	0	0	1	0	0x149780384
0x143A06E10	0x143A06FE8	472	1	0	0	0	0	1	0	0x1498C7478
0x143A06FF0	0x143A07190	416	1	0	0	0	0	0	1	0x149834978
0x143A07190	0x143A07220	144	1	0	0	0	0	0	1	0x149A9A228
0x143A67C30	0x143A67FF3	963	1	0	0	0	0	0	1	0x149A94E70
0x143A68000	0x143A6833B	827	1	0	0	0	0	0	1	0x149A94024
0x143A68340	0x143A685EE	686	1	0	0	0	0	0	1	0x1499CF448
0x143A685F0	0x143A688E7	759	1	0	0	0	0	0	1	0x149A94F98
0x143A688F0	0x143A68C55	869	1	0	0	0	0	0	1	0x149A9523C
0x143A68CB0	0x143A68DE6	310	1	0	0	0	0	0	1	0x149A94F98
0x143AB7FB0	0x143AB8068	184	1	0	1	0	0	0	0	0x149AA005C
0x143AB81F0	0x143AB82F0	256	2	1	1	0	0	0	0	0x149A9FF20
0x143AB8FF0	0x143AB90A1	177	1	0	1	0	0	0	0	0x149A9FF74
0x143AB92E0	0x143AB93D6	246	2	0	1	0	0	1	0	0x149A9FFBC
0x143AC5180	0x143AC5297	279	1	0	1	0	0	0	0	0x149AA1DAC
0x143AC9990	0x143AC9B57	455	4	0	2	0	0	2	0	0x1497C5C8C
0x143AC9BEC	0x143AC9D1A	302	2	0	1	0	0	0	1	0x149AA2038
0x143AC9D30	0x143AC9F54	548	2	0	0	0	0	1	1	0x149AA201C
0x143AC9F60	0x143ACA18A	554	4	0	3	0	0	1	0	0x1498CC25C
0x143ACA190	0x143ACA334	420	5	1	0	1	0	3	0	0x14977E5B4
0x143ACA340	0x143ACA499	345	4	0	1	0	0	3	0	0x1497C5298
0x143ACA4A0	0x143ACA663	451	4	0	0	0	0	4	0	0x14977E738
0x143ACA670	0x143ACA848	472	1	0	0	0	0	1	0	0x1498C7478
0x143ADD9D0	0x143ADDB4D	381	2	0	0	0	0	1	1	0x1497870DC
0x143ADDB50	0x143ADDC52	258	2	0	2	0	0	0	0	0x1497C0C14
0x143ADDCA0	0x143ADDDA8	264	1	0	1	0	0	0	0	0x1497870DC
0x143ADFB60	0x143ADFC3E	222	2	0	2	0	0	0	0	0x149AA2708
0x143ADFDA0	0x143ADFE51	177	1	0	1	0	0	0	0	0x149AA2708
0x143ADFFD0	0x143AE0081	177	1	0	1	0	0	0	0	0x149AA2708
0x143AE9850	0x143AE98F1	161	1	0	1	0	0	0	0	0x1497870DC
0x143AE9D80	0x143AE9E31	177	1	0	1	0	0	0	0	0x149AA2708
0x143AEA4A0	0x143AEA5E5	325	3	0	2	0	0	1	0	0x14995D04C
0x143AEA810	0x143AEAA53	579	2	0	0	0	0	2	0	0x149AA39FC
0x143AEACB0	0x143AEAD61	177	1	0	1	0	0	0	0	0x149AA2708
0x143AEC070	0x143AEC1E9	377	3	0	2	0	0	1	0	0x14995D04C
0x143AEEE20	0x143AEEFBC	412	7	0	2	3	0	2	0	0x1497C0C14
0x143AEEFC0	0x143AEF181	449	4	0	2	0	0	1	1	0x14983C1DC
0x143AEF190	0x143AEF353	451	6	0	3	0	0	3	0	0x1498F4148
0x143AFA4B0	0x143AFA5F6	326	1	0	0	0	0	1	0	0x149AA4CE4
0x143AFA780	0x143AFA883	259	1	0	0	0	0	1	0	0x149AA1DF0
0x143AFAC90	0x143AFAF1F	655	3	0	2	0	0	1	0	0x149AA4D38
0x143AFB510	0x143AFB5E6	214	1	0	1	0	0	0	0	0x149AA2708
0x143AFB8A0	0x143AFBA01	353	4	0	2	0	0	2	0	0x14995D04C
0x143AFF480	0x143AFF67B	507	4	0	2	0	0	1	1	0x149AA4DD8
0x143AFF680	0x143AFF842	450	5	0	3	0	0	2	0	0x14978231C
0x143AFF850	0x143AFF9ED	413	6	1	2	0	0	3	0	0x1497C5298
0x143AFF9F0	0x143AFFB75	389	6	1	0	0	0	5	0	0x1497C56F0
0x143AFFB80	0x143AFFBD7	87	1	0	0	0	0	0	1	0x149AA4DF8
0x143AFFC03	0x143AFFCFA	247	1	0	0	0	0	1	0	0x149AA4E18
0x143B0CFE0	0x143B0D0F4	276	1	0	0	0	0	1	0	0x1497870DC
0x143B0DB80	0x143B0DC38	184	1	0	1	0	0	0	0	0x149AA005C
0x143B0DF70	0x143B0E0A0	304	2	0	0	0	0	2	0	0x149AA1DF0
0x143B0EDD0	0x143B0EE81	177	1	0	1	0	0	0	0	0x149AA2708
0x143B11640	0x143B11851	529	4	0	1	0	0	2	1	0x149AA5B24
0x143B1AC80	0x143B1AD5D	221	1	0	1	0	0	0	0	0x149AA5AAC
0x143B1B490	0x143B1B56E	222	2	0	2	0	0	0	0	0x149AA2708
0x143B1B930	0x143B1B9E1	177	1	0	1	0	0	0	0	0x149AA2708
0x143B1C110	0x143B1C205	245	1	0	0	0	0	1	0	0x149AA2708
0x143B26AC0	0x143B26B9E	222	2	0	2	0	0	0	0	0x149AA2708
0x143B27000	0x143B271A7	423	1	0	0	0	0	0	1	0x149AA71A0
0x143B27DE0	0x143B27EE1	257	1	0	0	0	0	1	0	0x149AA2708
0x143B28120	0x143B2822C	268	2	0	1	0	0	1	0	0x149AA2708
0x143B46870	0x143B469E2	370	3	2	0	0	0	1	0	0x1497C0C14
0x143B4AA70	0x143B4AB79	265	1	0	0	0	0	0	1	0x1498BC120
0x143B4B8D0	0x143B4BA23	339	3	0	2	1	0	0	0	0x1497C5C8C
0x143B4E1AA	0x143B4E2AF	261	1	0	0	0	0	1	0	0x149AA91C4
0x143B519E0	0x143B51B4C	364	3	0	0	0	0	2	1	0x149AAAFB8
0x143B57F00	0x143B57FA3	163	1	0	0	0	0	0	1	0x14978B008
0x143B57FB0	0x143B58234	644	3	0	0	2	0	1	0	0x1498A98C8
0x143B76120	0x143B7624D	301	1	0	0	0	0	1	0	0x1497870DC
0x143B79460	0x143B79556	246	1	0	0	0	0	1	0	0x1497870DC
0x143B7CF90	0x143B7CFEB	91	1	0	0	0	0	0	1	0x149AAE5E0
0x143B7D0F0	0x143B7D2C8	472	1	0	0	0	0	0	1	0x149AAE5B0
0x143B88530	0x143B885A8	120	1	0	0	0	0	0	1	0x149AAE7BC
0x143BC3660	0x143BC36EE	142	1	0	0	0	0	0	1	0x149AAFE30
0x143BC3840	0x143BC38FE	190	2	0	1	0	0	1	0	0x149AAFE7C
0x143BD5880	0x143BD5A83	515	3	1	0	2	0	0	0	0x1498AA614
0x143C037C0	0x143C0399C	476	3	0	0	1	0	1	1	0x14983B8F8
0x143C039A0	0x143C03C2B	651	5	0	3	0	0	1	1	0x149970AB8
0x143C19190	0x143C1939D	525	2	0	0	0	0	0	2	0x149AB60A0
0x143C1F4C0	0x143C1F577	183	2	0	0	2	0	0	0	0x1497870DC
0x143C1FD70	0x143C1FE80	272	1	0	1	0	0	0	0	0x149AB6B6C
0x143C20790	0x143C20883	243	3	0	3	0	0	0	0	0x1497870DC
0x143C34740	0x143C34789	73	1	0	1	0	0	0	0	0x14977EC34
0x143C74600	0x143C7472F	303	2	0	1	1	0	0	0	0x1497C5C8C
0x143C8CB50	0x143C8CBE6	150	2	0	2	0	0	0	0	0x1497870DC
0x143C8EFD0	0x143C8F111	321	2	0	1	0	0	1	0	0x1497870DC
0x143C90F30	0x143C9104E	286	2	0	1	0	0	1	0	0x149802770
0x143C91350	0x143C914EA	410	3	0	0	0	0	1	2	0x149782944
0x143C919D0	0x143C91A91	193	2	1	1	0	0	0	0	0x1497870DC
0x143C9DE70	0x143C9DF97	295	2	0	0	0	0	2	0	0x149ABFAF8
0x143CC7610	0x143CC76BA	170	1	0	1	0	0	0	0	0x14977E768
0x143CD9530	0x143CD95D6	166	1	0	1	0	0	0	0	0x149795674
0x143CD95E0	0x143CD978E	430	4	1	2	0	0	0	1	0x149935FA4
0x143D00D20	0x143D00E57	311	1	0	0	0	0	0	1	0x149A0F018
0x143D00E57	0x143D0102A	467	1	0	1	0	0	0	0	0x149AC2D14
0x143D01040	0x143D01110	208	1	0	0	0	0	0	1	0x149AC20BC
0x143D01110	0x143D01371	609	3	1	2	0	0	0	0	0x149AC20CC
0x143D013A0	0x143D014A5	261	2	0	1	0	0	0	1	0x1499D9550
0x143D014EC	0x143D015A8	188	2	1	0	0	0	0	1	0x149AC1D98
0x143D015FC	0x143D016C0	196	2	0	1	0	0	0	1	0x149AC1C60
0x143D0177F	0x143D01835	182	1	0	0	0	0	0	1	0x149AC1F08
0x143D2E720	0x143D2E9D6	694	3	1	0	0	0	2	0	0x1498A98C8
0x143D2E9E0	0x143D2EB66	390	1	0	0	0	0	0	1	0x149854678
0x143D63660	0x143D6378B	299	3	0	1	0	0	2	0	0x14977E768
0x143D637B0	0x143D638D0	288	3	1	0	0	0	2	0	0x1497C0C14
0x143D638D0	0x143D639B6	230	2	1	0	0	0	1	0	0x1497870DC
0x143D713C0	0x143D71502	322	1	0	0	0	0	1	0	0x1497C5284
0x143D72E40	0x143D72F7F	319	2	0	1	0	0	1	0	0x149780384
0x143D93F40	0x143D9402E	238	3	0	3	0	0	0	0	0x1497870DC
0x143D94380	0x143D9446B	235	1	0	1	0	0	0	0	0x14977E768
0x143DE0B40	0x143DE0C52	274	2	0	1	0	0	1	0	0x1497870DC
0x143DE5BC0	0x143DE5D39	377	2	0	1	0	0	0	1	0x14994C738
0x143DEB630	0x143DEB6B1	129	1	0	0	0	0	0	1	0x14978BF4C
0x143E1A0A0	0x143E1A17A	218	2	0	1	0	0	1	0	0x1497870DC
0x143E1A1D0	0x143E1A2FF	303	1	0	1	0	0	0	0	0x1497870DC
0x143E1B380	0x143E1B476	246	1	0	0	0	0	1	0	0x1497870DC
0x143E1D140	0x143E1D238	248	1	0	1	0	0	0	0	0x1497870DC
0x143E31C10	0x143E31CD6	198	1	0	1	0	0	0	0	0x14977E470
0x143E57110	0x143E5726A	346	1	0	0	0	0	0	1	0x149AD8898
0x143E57490	0x143E575E3	339	1	0	0	0	0	0	1	0x149AD8B34
0x143E577D0	0x143E57914	324	1	0	0	0	0	0	1	0x149AD8DE0
0x143E57B10	0x143E57C54	324	1	0	0	0	0	0	1	0x149AD8DE0
0x143E57E50	0x143E57F85	309	1	0	0	0	0	0	1	0x149AD89AC
0x143E57F90	0x143E580AC	284	1	0	0	0	0	0	1	0x149AD8C5C
0x143E580B0	0x143E581E5	309	1	0	0	0	0	0	1	0x149AD8EFC
0x143E581F0	0x143E58325	309	1	0	0	0	0	0	1	0x149AD8EFC
0x143E5B8FC	0x143E5B9F3	247	2	0	1	0	0	0	1	0x149ADBD30
0x143E5BE40	0x143E5BED9	153	1	0	1	0	0	0	0	0x1497870DC
0x143E5CE90	0x143E5CF29	153	1	0	1	0	0	0	0	0x1497870DC
0x143E5DF70	0x143E5E052	226	1	0	1	0	0	0	0	0x149A07B40
0x143E64200	0x143E64377	375	1	0	0	0	0	1	0	0x149ADDBE0
0x143E6439D	0x143E64511	372	1	0	0	0	0	0	1	0x149ADDBF8
0x143E64530	0x143E6472B	507	2	0	1	0	0	0	1	0x149ADDCFC
0x143E6BD20	0x143E6BDA1	129	1	0	0	0	0	0	1	0x14978BF4C
0x143E6BE40	0x143E6BEC6	134	1	0	0	0	0	0	1	0x14978BF4C
0x143E6BF70	0x143E6BFF6	134	1	0	0	0	0	0	1	0x14978BF4C
0x143E6C0A0	0x143E6C20E	366	6	6	0	0	0	0	0	0x1497C56F0
0x143E85E10	0x143E85F1A	266	2	0	1	0	0	1	0	0x14977E768
0x143E85F20	0x143E8607B	347	4	0	2	0	0	2	0	0x1497C0C14
0x143EA11F0	0x143EA1365	373	1	0	0	0	0	1	0	0x14978E1A8
0x143EA3910	0x143EA39BF	175	2	0	0	0	0	2	0	0x1497870DC
0x143EA48C0	0x143EA49B0	240	2	1	0	0	0	1	0	0x1497870DC
0x143EA4CB0	0x143EA4E10	352	3	0	3	0	0	0	0	0x1497C5284
0x143EA50B0	0x143EA5149	153	1	0	1	0	0	0	0	0x1497870DC
0x143EA60F0	0x143EA6231	321	1	0	0	1	0	0	0	0x149AE4D34
0x143EA8C50	0x143EA8DA0	336	1	0	0	0	0	0	1	0x149AE812C
0x143EA9310	0x143EA9442	306	2	0	0	0	0	1	1	0x14978CD5C
0x143EA9D20	0x143EA9D94	116	1	0	0	0	0	1	0	0x1497870DC
0x143EAA0BC	0x143EAA12D	113	1	0	1	0	0	0	0	0x149AE7048
0x143EAAA60	0x143EAAB14	180	2	1	0	0	0	1	0	0x1497870DC
0x143EADDF0	0x143EADEA8	184	1	0	0	0	0	1	0	0x14977E768
0x143EAE8B0	0x143EAE9A3	243	2	0	0	0	0	2	0	0x1497870DC
0x143EB1B50	0x143EB1C86	310	3	1	1	0	0	1	0	0x1497870DC
0x143EB2170	0x143EB2228	184	1	0	0	0	0	1	0	0x14977E768
0x143EB2A40	0x143EB2B85	325	1	0	0	0	0	1	0	0x149781ED4
0x143EB3940	0x143EB3A62	290	1	0	0	0	0	1	0	0x1498BDAC0
0x143EB57A5	0x143EB5810	107	1	0	1	0	0	0	0	0x149AE6E08
0x143EB8900	0x143EB897B	123	1	0	1	0	0	0	0	0x1498BF444
0x143EB94C0	0x143EB95E9	297	2	0	1	0	0	1	0	0x14978CD5C
0x143EB9E80	0x143EB9F7C	252	1	0	0	0	0	1	0	0x14978003C
0x143EBBFC0	0x143EBC18F	463	2	1	0	1	0	0	0	0x149AEACFC
0x143EBC190	0x143EBC357	455	1	0	0	1	0	0	0	0x149AEAD3C
0x143EBC360	0x143EBC4AC	332	4	1	0	1	0	2	0	0x1499B0FC0
0x143EBC586	0x143EBC64F	201	1	0	0	0	0	0	1	0x149AEAEA8
0x143EBC730	0x143EBC8B4	388	1	0	1	0	0	0	0	0x149AEAECC
0x143EBC8C0	0x143EBCA39	377	3	1	0	1	0	1	0	0x14989EB2C
0x143ECC830	0x143ECC8B1	129	1	0	0	0	0	0	1	0x14978BF4C
0x143ECC950	0x143ECC9D1	129	1	0	0	0	0	0	1	0x14978BF4C
0x143ECCA70	0x143ECCB18	168	1	0	0	0	0	1	0	0x1497870DC
0x143ECCB20	0x143ECCC0A	234	2	0	2	0	0	0	0	0x14978F9A0
0x143ECCC10	0x143ECCD74	356	4	0	2	0	0	2	0	0x1497C56F0
0x143ECCD80	0x143ECCEBF	319	1	0	0	0	0	0	1	0x149AEAE48
0x143ECCEC0	0x143ECCF6B	171	1	0	0	0	0	1	0	0x1497D7964
0x143ECCF70	0x143ECD018	168	2	0	0	0	0	2	0	0x14977D3BC
0x143ECD020	0x143ECD10C	236	1	1	0	0	0	0	0	0x149AE9674
0x143F18890	0x143F18C98	1032	2	0	0	0	0	1	1	0x149ADFBD4
0x143F18CA0	0x143F18CFC	92	1	0	1	0	0	0	0	0x14977D6E8
0x143F18D00	0x143F18E81	385	2	0	0	0	0	1	1	0x149ADFD24
0x143F20D90	0x143F20ECC	316	2	1	1	0	0	0	0	0x149AEE7B0
0x143F231A0	0x143F23284	228	1	1	0	0	0	0	0	0x149A05CE4
0x143F262D0	0x143F263B2	226	1	0	1	0	0	0	0	0x14978CD5C
0x143F2A570	0x143F2A69C	300	1	0	0	0	0	0	1	0x149AEBA70
0x143F2ABF0	0x143F2ACD4	228	1	1	0	0	0	0	0	0x14978003C
0x143F2D4A0	0x143F2D5EB	331	1	0	0	0	0	1	0	0x149AF1A5C
0x143F2D5F0	0x143F2D73A	330	2	1	1	0	0	0	0	0x149AF1A30
0x143F39270	0x143F392F6	134	1	0	0	0	0	0	1	0x14978BF4C
0x143F393A0	0x143F39421	129	1	0	0	0	0	0	1	0x14978BF4C
0x143F394C0	0x143F39546	134	1	0	0	0	0	0	1	0x14978BF4C
0x143F395F0	0x143F397BB	459	2	1	0	0	0	0	1	0x149AF093C
0x143F397C0	0x143F39863	163	1	0	0	0	0	0	1	0x14978B008
0x143F39870	0x143F39A9C	556	2	0	2	0	0	0	0	0x1498A98C8
0x143F39AA0	0x143F39CAB	523	1	0	1	0	0	0	0	0x1498C73A8
0x143F717B0	0x143F71908	344	3	0	0	0	0	2	1	0x1497C0C14
0x143F71910	0x143F71D28	1048	2	1	0	0	0	0	1	0x149AF0180
0x143F71D30	0x143F71E6A	314	1	0	0	0	0	0	1	0x149AEFF08
0x143F71E6A	0x143F720AC	578	1	1	0	0	0	0	0	0x149AEFF20
0x143F720E0	0x143F724D9	1017	1	0	0	0	0	0	1	0x149AEFCB4
0x143F72510	0x143F72686	374	2	1	0	0	0	0	1	0x149AEFFE4
0x143F72690	0x143F7272B	155	1	0	0	0	0	0	1	0x149791D80
0x143F7B380	0x143F7B494	276	4	1	2	0	0	1	0	0x1497C0C14
0x143F962E0	0x143F9644D	365	1	0	0	1	0	0	0	0x1498C3F64
0x143F96710	0x143F968D1	449	1	0	0	0	0	1	0	0x149AF5FB8
0x143F97260	0x143F9738F	303	1	0	1	0	0	0	0	0x1497870DC
0x143F99B30	0x143F99C47	279	3	0	1	0	0	2	0	0x14978CD5C
0x143FA1FCC	0x143FA2084	184	1	0	0	1	0	0	0	0x149AF63C4
0x143FA2084	0x143FA214B	199	2	0	0	1	0	1	0	0x149AF63E4
0x143FBEA20	0x143FBEAEC	204	1	0	1	0	0	0	0	0x14986D260
0x143FF4900	0x143FF49DC	220	2	0	1	0	0	1	0	0x14977E768
0x143FF49E0	0x143FF4AAA	202	1	0	0	0	0	0	1	0x1499E7664
0x143FF4AAA	0x143FF4CFD	595	2	0	1	0	0	1	0	0x149AF931C
0x143FF4D10	0x143FF4E11	257	3	0	2	0	0	0	1	0x1499D9550
0x143FF4E20	0x143FF4F56	310	1	0	0	0	0	0	1	0x149AF941C
0x143FF96A0	0x143FF985F	447	1	0	0	0	0	0	1	0x149AFEA9C
0x143FFAD10	0x143FFADED	221	1	0	0	1	0	0	0	0x14977E768
0x143FFB840	0x143FFB9E0	416	2	0	1	0	0	0	1	0x149AFEDF0
0x143FFC3A0	0x143FFC544	420	2	0	1	0	0	0	1	0x149AFEDF0
0x143FFED60	0x143FFEF84	548	3	0	0	1	0	1	1	0x149B00B44
0x144005070	0x1440050B8	72	1	0	0	0	0	0	1	0x149B00ACC
0x1440050D7	0x14400521A	323	3	1	1	0	0	1	0	0x149B00AF0
0x144005260	0x144005410	432	1	0	0	0	0	0	1	0x149834978
0x144005410	0x1440054A0	144	1	0	0	0	0	0	1	0x1499581F8
0x1440428E0	0x1440429B1	209	2	0	1	1	0	0	0	0x1497C0C14
0x1440429C0	0x144042C89	713	2	1	0	0	0	0	1	0x1497C6A04
0x144042C90	0x144042D5C	204	1	0	0	0	0	0	1	0x1499CE400
0x144042D5C	0x144042F4E	498	1	1	0	0	0	0	0	0x149AFD8BC
0x144042F70	0x1440432F0	896	2	1	0	0	0	0	1	0x149A94F98
0x1440432F0	0x1440433BC	204	1	0	0	0	0	0	1	0x1499CE400
0x1440433BC	0x1440435A3	487	2	1	1	0	0	0	0	0x149AFE10C
0x1440435C0	0x1440438B4	756	1	0	0	0	0	0	1	0x149A94F98
0x1440438C0	0x144043BAD	749	1	0	0	0	0	0	1	0x149AFDDAC
0x144043BB0	0x144043F19	873	3	0	1	1	0	0	1	0x1497DC1E8
0x144043F20	0x14404402D	269	2	1	0	0	0	0	1	0x149AFDB2C
0x144044030	0x144044137	263	2	1	0	0	0	0	1	0x1499D9550
0x144044140	0x144044267	295	2	1	0	0	0	0	1	0x149AFD790
0x144044270	0x144044376	262	3	1	1	0	0	0	1	0x1499D9550
0x14404F420	0x14404F552	306	5	0	3	1	0	1	0	0x1497C5284
0x144057C2B	0x144057C83	88	1	0	0	0	0	0	1	0x149B01E58
0x14406BCF0	0x14406BE19	297	1	0	0	0	0	0	1	0x1499A8504
0x14406F740	0x14406F838	248	1	0	1	0	0	0	0	0x1497870DC
0x1440A7CF0	0x1440A7E87	407	2	0	0	0	0	1	1	0x149B07F9C
0x1440AE160	0x1440AE1F9	153	1	0	1	0	0	0	0	0x1497870DC
0x1440AEE00	0x1440AEF50	336	2	0	2	0	0	0	0	0x1497C0C14
0x1440E8F30	0x1440E926F	831	1	0	0	0	0	0	1	0x1499A3658
0x1440E9270	0x1440E930B	155	1	0	0	0	0	0	1	0x149791D80
0x1440ED3E0	0x1440ED497	183	1	0	1	0	0	0	0	0x14977E768
0x1440F1A4A	0x1440F1AAB	97	1	0	1	0	0	0	0	0x149B0DDD8
0x1440F1AAB	0x1440F1B0C	97	1	0	1	0	0	0	0	0x149B0DDEC
0x1440F2E70	0x1440F2F09	153	1	0	1	0	0	0	0	0x1497870DC
0x1440F43F4	0x1440F4451	93	1	0	1	0	0	0	0	0x149B0DF48
0x1440F4451	0x1440F44F3	162	2	0	1	0	0	1	0	0x149B0DF5C
0x1440F884F	0x1440F8904	181	3	0	0	1	0	2	0	0x149B118EC
0x1440F8982	0x1440F89E6	100	1	0	0	0	0	1	0	0x149B11928
0x144101286	0x1441013A6	288	2	0	0	1	0	0	1	0x149B110D4
0x1441014A0	0x14410163D	413	3	0	1	0	0	1	1	0x149A94F98
0x144145030	0x144145130	256	1	0	0	1	0	0	0	0x1497870DC
0x144146260	0x1441463A6	326	1	0	0	1	0	0	0	0x1497C0C14
0x144146A10	0x144146B2B	283	2	0	0	1	0	1	0	0x1497C5284
0x1441532F0	0x144153417	295	3	0	0	2	0	1	0	0x14978B008
0x14416EB00	0x14416ED1B	539	2	0	0	2	0	0	0	0x149B12874
0x1441715C0	0x1441716B7	247	3	0	0	3	0	0	0	0x1497C0C14
0x1442E3736	0x1442E386D	311	1	1	0	0	0	0	0	0x149B2CECC
0x1442E7D70	0x1442E7E75	261	1	1	0	0	0	0	0	0x149B2C1BC
0x1442F1660	0x1442F16AA	74	1	1	0	0	0	0	0	0x149B2B77C
0x1442F16AA	0x1442F1946	668	1	1	0	0	0	0	0	0x149B2B790
0x1442F19BD	0x1442F1B59	412	1	0	0	0	0	0	1	0x149B2B698
0x1442F1F10	0x1442F2252	834	1	0	0	0	0	0	1	0x149B2B6E0
0x144331F90	0x14433212A	410	1	0	1	0	0	0	0	0x1498BCBA0
0x144332670	0x1443327FC	396	3	0	0	3	0	0	0	0x1497C4B18
0x1443328E0	0x144332A02	290	1	0	1	0	0	0	0	0x1498BC654
0x1443345F0	0x144334761	369	2	0	2	0	0	0	0	0x1498BD9D4
0x14434D1C0	0x14434D2AD	237	1	0	1	0	0	0	0	0x1497870DC
0x144374B50	0x144374D34	484	2	0	1	0	0	0	1	0x149B36718
0x14437D530	0x14437D5C6	150	1	0	0	0	0	0	1	0x14977D358
0x14437D8D0	0x14437DAC9	505	1	0	0	0	0	1	0	0x1498BCBA0
0x14437E360	0x14437E57C	540	2	0	2	0	0	0	0	0x149B36540
0x14437E7F0	0x14437E951	353	3	0	3	0	0	0	0	0x149B3658C
0x14437EAB0	0x14437EC60	432	1	0	1	0	0	0	0	0x149B365B8
0x14437EDB0	0x14437EE7C	204	1	0	1	0	0	0	0	0x149B36604
0x14437F240	0x14437F3B6	374	3	0	3	0	0	0	0	0x149B3662C
0x14437F4D0	0x14437F685	437	4	0	3	0	0	1	0	0x149B36658
0x144380720	0x1443808A4	388	2	0	1	0	0	0	1	0x1497CDC48
0x144380AC0	0x144380C9A	474	1	0	0	0	0	0	1	0x149B36878
0x14438A7B0	0x14438A8E7	311	1	0	0	0	0	1	0	0x149958FFC
0x14438AE60	0x14438AF5B	251	1	1	0	0	0	0	0	0x149B37918
0x14438B0A0	0x14438B136	150	1	1	0	0	0	0	0	0x1497C4728
0x14438F1B0	0x14438F34B	411	2	1	0	0	0	0	1	0x149B37E40
0x144398270	0x1443983FA	394	2	0	1	0	0	1	0	0x149B3C0C0
0x144398500	0x144398690	400	1	0	0	0	0	1	0	0x149B3C0FC
0x14439CF20	0x14439D001	225	3	0	2	0	0	1	0	0x149862880
0x14453DCB0	0x14453DF58	680	2	0	0	0	0	2	0	0x149B60D84
0x14456EAC0	0x14456EC5A	410	3	0	0	0	0	3	0	0x1497C0C14
0x1445D28B0	0x1445D292C	124	1	0	0	0	0	1	0	0x149B6295C
0x1445D292C	0x1445D298F	99	1	0	0	0	0	0	1	0x149B62968
0x1445EA080	0x1445EA193	275	2	0	1	0	0	1	0	0x149B673D8
0x1445EA370	0x1445EA499	297	2	0	1	0	0	1	0	0x1498BC120
0x144621460	0x14462156B	267	2	0	1	0	0	0	1	0x14977E470
0x1446215D0	0x1446217D8	520	1	0	0	0	0	0	1	0x149B67650
0x144621A10	0x144621A89	121	1	0	0	0	0	0	1	0x14986AE68
0x1446231B0	0x1446232C2	274	1	0	0	0	0	0	1	0x1497870DC
0x144623930	0x144623A42	274	1	0	0	0	0	0	1	0x1497870DC
0x144623A50	0x144623B57	263	2	0	1	0	0	0	1	0x1497C0C14
0x144623CB0	0x144623E25	373	4	0	0	0	0	4	0	0x1497870DC
0x1446241E0	0x14462431E	318	3	0	1	0	0	2	0	0x149B68440
0x144631B40	0x144631BD8	152	1	0	1	0	0	0	0	0x1497C4728
0x144631D80	0x144631ED3	339	3	0	1	0	0	1	1	0x1497C4B18
0x1446329E0	0x144632AA5	197	1	0	1	0	0	0	0	0x149802770
0x1446345C0	0x144634760	416	5	1	2	1	0	1	0	0x1498BD288
0x144634760	0x144634836	214	1	0	0	0	0	1	0	0x149B6A804
0x144634840	0x144634909	201	1	0	1	0	0	0	0	0x1497870DC
0x144634910	0x144634AA0	400	4	1	2	0	0	1	0	0x1497C5298
0x144634AA0	0x144634B53	179	1	0	0	0	0	1	0	0x149795674
0x144647870	0x144647906	150	1	0	1	0	0	0	0	0x1497870DC
0x1447932C0	0x144793451	401	4	1	0	1	0	2	0	0x1498BC120
0x1447BADE0	0x1447BB307	1319	1	0	0	0	0	0	1	0x149B8579C
0x1447BB310	0x1447BB3AB	155	1	0	0	0	0	0	1	0x149791D80
0x1447BBBA0	0x1447BBC74	212	1	0	1	0	0	0	0	0x1497870DC
0x1447BD050	0x1447BD1A4	340	3	0	0	3	0	0	0	0x1497C5C8C
0x1447C2D80	0x1447C2F9A	538	8	0	3	4	0	1	0	0x1499B2D98
0x1447E24B0	0x1447E2594	228	1	0	0	0	0	1	0	0x14977E768
0x1447E2820	0x1447E28EB	203	1	1	0	0	0	0	0	0x14977E768
0x1447E3210	0x1447E3324	276	2	1	0	1	0	0	0	0x1497870DC
0x1447E6050	0x1447E6168	280	1	0	1	0	0	0	0	0x149B8C164
0x1447E61E0	0x1447E62B6	214	2	0	2	0	0	0	0	0x1497870DC
0x1447E6D90	0x1447E6E66	214	2	1	1	0	0	0	0	0x1497870DC
0x1447E7B40	0x1447E7C32	242	2	1	1	0	0	0	0	0x14977E470
0x1447E8A80	0x1447E8BDD	349	2	0	2	0	0	0	0	0x149B8C28C
0x1447E95F0	0x1447E96F4	260	1	0	1	0	0	0	0	0x149A07B40
0x1447E9AD0	0x1447E9BBB	235	1	0	1	0	0	0	0	0x14977E768
0x1447EA320	0x1447EA3B9	153	1	0	1	0	0	0	0	0x1497870DC
0x1447EAE30	0x1447EAF07	215	1	0	0	1	0	0	0	0x1497870DC
0x1447EB9E0	0x1447EBB34	340	3	1	1	0	0	1	0	0x1497870DC
0x1447EBE20	0x1447EBF18	248	2	1	1	0	0	0	0	0x1497870DC
0x1447EECC0	0x1447EEDF3	307	2	1	0	0	0	1	0	0x1497C0C14
0x1447EF9C0	0x1447EFA68	168	1	0	0	0	0	1	0	0x1497870DC
0x1447F0670	0x1447F075D	237	1	0	1	0	0	0	0	0x14977E768
0x1447F1BC0	0x1447F1D06	326	2	0	2	0	0	0	0	0x149B8D6C4
0x1447F1D10	0x1447F1E59	329	3	0	3	0	0	0	0	0x149B8D7F4
0x1447F1E60	0x1447F1FC8	360	3	0	3	0	0	0	0	0x149B8D960
0x1447F1FD0	0x1447F2127	343	2	0	2	0	0	0	0	0x149B8D7C4
0x1447F2130	0x1447F229F	367	2	0	0	1	0	0	1	0x149A78EA4
0x1447F22A0	0x1447F2417	375	2	0	1	0	0	0	1	0x149B8D698
0x1447F2420	0x1447F2584	356	2	1	0	1	0	0	0	0x14989EB2C
0x1447F262A	0x1447F26C5	155	1	0	0	0	0	1	0	0x149B8D99C
0x1447FB3F0	0x1447FB498	168	1	0	1	0	0	0	0	0x149780384
0x1447FB4A0	0x1447FB574	212	2	0	1	0	0	1	0	0x149780384
0x1447FB580	0x1447FB5F9	121	1	0	0	0	0	0	1	0x14986AE68
0x144818F30	0x144818FF9	201	1	0	0	0	0	0	1	0x1499CE608
0x144818FF9	0x1448191D4	475	1	1	0	0	0	0	0	0x149B88C0C
0x1448192D0	0x14481940C	316	2	1	0	0	0	0	1	0x149B88D90
0x14481C4A0	0x14481C647	423	2	1	0	0	0	1	0	0x149B90980
0x14481D570	0x14481D753	483	1	0	0	1	0	0	0	0x149B91874
0x144825ED0	0x1448260D5	517	9	0	0	9	0	0	0	0x1497C5C8C
0x1448260E0	0x14482624E	366	4	0	0	1	0	3	0	0x1497C0C14
0x144826250	0x14482646A	538	3	0	0	0	0	1	2	0x1497C4738
0x144826470	0x14482668A	538	3	0	0	0	0	1	2	0x1499B2D98
0x144826690	0x144826883	499	1	0	0	0	0	0	1	0x1498C3FEC
0x144826890	0x144826A83	499	1	0	0	0	0	0	1	0x1498A98C8
0x144826A90	0x144826C66	470	6	0	0	6	0	0	0	0x1497C4434
0x144826CF0	0x144826E85	405	5	1	0	3	0	1	0	0x14978661C
0x14487C530	0x14487C605	213	2	0	0	1	0	1	0	0x1497870DC
0x14487E710	0x14487E8A0	400	5	0	2	3	0	0	0	0x14977E5B4
0x14487E8A0	0x14487EA7E	478	3	0	1	0	0	0	2	0x1498CA074
0x14487EA80	0x14487EBCE	334	4	0	1	0	0	3	0	0x1497C56F0
0x14487EBD0	0x14487EDAA	474	2	0	1	0	0	1	0	0x149782300
0x1448B4E40	0x1448B4ED9	153	1	0	1	0	0	0	0	0x1497870DC
0x1448B6060	0x1448B6114	180	2	0	1	0	0	1	0	0x1497870DC
0x1448B777C	0x1448B7849	205	1	0	0	0	0	0	1	0x149B9E68C
0x1448EA9C0	0x1448EAB3B	379	1	0	0	0	0	0	1	0x1498CBF44
0x144906F70	0x144907071	257	2	0	2	0	0	0	0	0x1497870DC
0x14494A510	0x14494A5EF	223	2	0	2	0	0	0	0	0x1497870DC
0x14494F320	0x14494F518	504	2	1	1	0	0	0	0	0x149BA8894
0x14495DDA0	0x14495DE6F	207	1	0	0	0	0	0	1	0x1497870DC
0x145AD8780	0x145AD8808	136	1	0	1	0	0	0	0	0x1497C4CC0
0x145AD96E0	0x145AD97BC	220	1	0	1	0	0	0	0	0x1498BBB80
0x145ADF310	0x145ADF3EE	222	1	0	0	0	0	0	1	0x14978003C
0x145B4E7B0	0x145B4E952	418	6	0	1	3	0	2	0	0x1497C0C14
0x145B4E960	0x145B4EC7C	796	3	0	3	0	0	0	0	0x149C53E80
0x145B4EC80	0x145B4EE73	499	4	1	2	1	0	0	0	0x149782944
0x145B4EE80	0x145B4F01C	412	3	0	2	0	0	1	0	0x1497C0C14
0x145B4F020	0x145B4F207	487	6	0	2	3	0	1	0	0x14977E994
0x145B4F210	0x145B4F439	553	4	0	3	0	0	1	0	0x1498CBD6C
0x145B4F440	0x145B4F5DD	413	6	0	3	0	0	3	0	0x149782EC4
0x145B4F5E0	0x145B4F94D	877	4	0	0	4	0	0	0	0x149C53BF8
0x145B4F950	0x145B4FAE4	404	7	0	0	5	0	2	0	0x1497C0C14
0x145B4FAF0	0x145B4FC72	386	5	0	2	2	0	0	1	0x1497C0C14
0x145B4FC80	0x145B4FEE3	611	4	0	0	2	0	2	0	0x149A5516C
0x145B4FEF0	0x145B50063	371	5	1	1	0	0	3	0	0x1497C0C14
0x145B50070	0x145B50294	548	2	0	1	0	0	0	1	0x1497C5704
0x145B502A0	0x145B504D8	568	4	1	1	0	0	2	0	0x1497C5694
0x145B50689	0x145B5070B	130	1	0	0	0	0	1	0	0x149C53C68
0x145B50710	0x145B50ABD	941	5	1	1	2	0	1	0	0x149C4F6E4
0x145B50AC0	0x145B50C5C	412	5	0	1	0	0	4	0	0x1497C43C8
0x145B50DC0	0x145B50FB1	497	5	0	2	0	0	3	0	0x14978295C
0x145B50FC0	0x145B51154	404	5	1	0	0	0	4	0	0x149782EC4
0x145B51160	0x145B51327	455	4	0	3	1	0	0	0	0x1497C0C14
0x145B51391	0x145B513E1	80	1	0	0	0	0	1	0	0x149C53D70
0x145B513E1	0x145B514B5	212	2	0	1	0	0	0	1	0x149C53D84
0x145B514E0	0x145B516D3	499	5	0	1	3	0	1	0	0x14977E994
0x145B516E0	0x145B518E1	513	4	0	2	0	0	1	1	0x1497C7E58
0x145B518F0	0x145B519A1	177	1	0	0	0	0	1	0	0x1497870DC
0x145B519B0	0x145B51BC3	531	1	0	0	0	0	0	1	0x149C53EFC
0x145B51BD0	0x145B51E3F	623	7	1	3	1	0	0	2	0x14983B8F8
0x145B51E40	0x145B52031	497	2	0	1	0	0	0	1	0x1497C5704
0x145B52040	0x145B521D5	405	4	0	0	0	0	0	4	0x1497C5D14
0x145B521E0	0x145B523C0	480	4	0	0	1	0	2	1	0x1497C5694
0x145B523C0	0x145B525EE	558	2	0	0	0	0	1	1	0x14983C1DC
0x145B525F0	0x145B527CF	479	3	0	0	2	0	0	1	0x149834978
0x145B527D0	0x145B52AA5	725	4	0	1	0	0	3	0	0x149C540B0
0x145B52AB0	0x145B52DA2	754	2	0	2	0	0	0	0	0x149C54094
0x145B52DB0	0x145B52F52	418	6	0	3	1	0	0	2	0x14977E9A8
0x145B52F60	0x145B52FFA	154	1	0	1	0	0	0	0	0x14977E964
0x145B53000	0x145B53180	384	5	0	2	0	0	3	0	0x14977E9A8
0x145B53180	0x145B5331B	411	5	0	2	0	0	3	0	0x1497C0C14
0x145B53320	0x145B53524	516	5	0	0	4	0	1	0	0x1497C5704
0x145B53530	0x145B53779	585	1	0	1	0	0	0	0	0x1498C3F64
0x145B53780	0x145B53961	481	1	0	0	0	0	1	0	0x149781ED4
0x145B53970	0x145B53B5E	494	5	1	1	1	0	2	0	0x14977E9A8
0x145B53B60	0x145B53D78	536	4	0	0	0	0	4	0	0x1498CC25C
0x145B53D80	0x145B53F06	390	2	0	1	0	0	1	0	0x1497C0C14
0x145B53F10	0x145B540C3	435	2	0	0	0	0	1	1	0x149C44C90
0x145B54190	0x145B5434F	447	7	0	2	5	0	0	0	0x1497C0C14
0x145B54350	0x145B544DD	397	5	0	4	0	0	1	0	0x14977E9A8
0x145B544E0	0x145B54702	546	5	0	4	0	0	1	0	0x149973C60
0x145B54710	0x145B5489E	398	4	0	2	0	0	1	1	0x14977E9A8
0x145B548A0	0x145B54A3C	412	3	0	1	0	0	2	0	0x1497C0C14
0x145B54A40	0x145B54C0C	460	4	0	1	0	0	2	1	0x1499CB328
0x145B54C10	0x145B54E10	512	4	0	2	0	0	2	0	0x1498F4148
0x145B54E10	0x145B54FC9	441	4	0	0	0	0	4	0	0x1498F4148
0x145B54FD0	0x145B55149	377	4	0	0	0	0	4	0	0x1497C56F0
0x145B55150	0x145B55313	451	4	0	0	0	0	4	0	0x14977E738
0x145B55320	0x145B55412	242	3	0	3	0	0	0	0	0x1498980FC
0x145B55420	0x145B5560B	491	1	1	0	0	0	0	0	0x1498980FC
0x145B55610	0x145B55729	281	2	1	0	0	0	0	1	0x1497C499C
0x145B55730	0x145B55896	358	3	1	0	1	0	0	1	0x1497C499C
0x145B558A0	0x145B5590D	109	1	0	0	0	0	0	1	0x149AFB708
0x145B559A0	0x145B559E4	68	1	0	0	0	0	1	0	0x149C50B6C
0x145B559F0	0x145B55A61	113	1	0	0	0	0	0	1	0x14986D260
0x145B55B0A	0x145B55B91	135	1	0	0	0	0	1	0	0x149C53B88
0x145B55BB0	0x145B55C04	84	1	0	0	0	0	0	1	0x149940ADC
0x145B55C21	0x145B55CDA	185	2	0	1	1	0	0	0	0x149C4F778
0x145B55D10	0x145B55D5E	78	1	0	0	0	0	0	1	0x149961F08
0x145B55D5E	0x145B55DF9	155	2	0	2	0	0	0	0	0x149C53C10
0x145B55E20	0x145B55FE9	457	1	0	0	1	0	0	0	0x1499EB2A8
0x145B55FF0	0x145B56228	568	1	0	1	0	0	0	0	0x149C5403C
0x145B5651C	0x145B56640	292	2	0	1	0	0	1	0	0x149C54128
0x145B56640	0x145B567F3	435	2	0	0	2	0	0	0	0x1498C73A8
0x145B56800	0x145B56A6F	623	3	0	3	0	0	0	0	0x149C53BE4
0x145B56BCA	0x145B56CEB	289	2	0	2	0	0	0	0	0x149C53AF8
0x145B56CF0	0x145B56F3C	588	7	0	7	0	0	0	0	0x149C53BE4
0x145B56F40	0x145B571FD	701	1	0	1	0	0	0	0	0x149C53CA4
0x145B57200	0x145B57467	615	2	0	0	2	0	0	0	0x1498A98C8
0x145B57470	0x145B57612	418	2	1	0	1	0	0	0	0x149940604
0x145B57620	0x145B57812	498	3	0	1	1	0	1	0	0x1498C73A8
0x145B57820	0x145B57A7A	602	5	0	1	4	0	0	0	0x149C54138
0x145B57A80	0x145B57B8F	271	1	0	0	0	0	1	0	0x149C45398
0x145B57E70	0x145B57F8A	282	3	0	1	0	0	2	0	0x1498B98E8
0x145B58110	0x145B58288	376	2	1	0	0	0	1	0	0x1497C43C8
0x145B58290	0x145B5843C	428	3	0	1	0	0	2	0	0x1498B99C8
0x145B58440	0x145B58533	243	3	1	2	0	0	0	0	0x1497C44B8
0x145B586F0	0x145B587FA	266	4	0	1	3	0	0	0	0x149C461D8
0x145B589E0	0x145B58C07	551	6	0	0	4	0	1	1	0x1497C43C8
0x145B58C10	0x145B58D57	327	3	0	0	0	0	3	0	0x1497C4434
0x145B58E80	0x145B590BE	574	3	1	1	0	0	0	1	0x149A0A870
0x145B590C0	0x145B59140	128	1	0	0	0	0	0	1	0x149A2AF6C
0x145B59140	0x145B59246	262	2	0	1	0	0	1	0	0x149C53E98
0x145B59260	0x145B592DF	127	1	0	0	0	0	0	1	0x149C53DC0
0x145CE6020	0x145CE612D	269	3	0	0	3	0	0	0	0x1497C0C14
0x145CE6260	0x145CE634C	236	2	0	0	2	0	0	0	0x1497870DC
0x145CE6490	0x145CE662B	411	2	0	1	0	0	0	1	0x1497870DC
0x145CE6630	0x145CE66CF	159	1	0	0	0	0	1	0	0x149A343CC
0x145CE6740	0x145CE67E8	168	1	0	1	0	0	0	0	0x1497870DC
0x145CE67F0	0x145CE68D2	226	3	0	3	0	0	0	0	0x1497C5284
0x145CE68E0	0x145CE6962	130	1	0	1	0	0	0	0	0x1497870DC
0x145CE6970	0x145CE69E7	119	2	0	0	0	0	2	0	0x149C397C8
0x145CE6BF0	0x145CE6CCF	223	1	0	0	0	0	1	0	0x14977E768
0x145CE6CF0	0x145CE6DB4	196	2	1	0	1	0	0	0	0x14977E768
0x145CE6EC0	0x145CE6FFA	314	1	0	0	0	0	0	1	0x14977E470
0x145CE7000	0x145CE70F4	244	2	1	0	0	0	1	0	0x1497C0C14
0x145CE7100	0x145CE71D3	211	1	1	0	0	0	0	0	0x1497C0C14
0x145CE7230	0x145CE7385	341	5	0	2	0	0	2	1	0x1497C0C14
0x145CE7390	0x145CE73DD	77	1	0	0	0	0	1	0	0x1498B2E58
0x145CE7470	0x145CE754C	220	1	0	0	0	0	1	0	0x14977E768
0x145CE7570	0x145CE7704	404	1	1	0	0	0	0	0	0x1497C0C14
0x145CE7830	0x145CE7918	232	2	0	0	0	0	2	0	0x1497870DC
0x145CE7920	0x145CE79ED	205	3	0	2	1	0	0	0	0x1497870DC
0x145CE7AA0	0x145CE7BA8	264	1	0	0	0	0	1	0	0x1497C0C14
0x145CE7D50	0x145CE7E3E	238	1	0	0	0	0	1	0	0x1497C0C14
0x145CE8190	0x145CE825C	204	1	1	0	0	0	0	0	0x14977E768
0x145CE8260	0x145CE8340	224	1	0	0	0	0	1	0	0x1497870DC
0x145CE8360	0x145CE842F	207	3	0	2	0	0	1	0	0x149A1ED58
0x145CE84B0	0x145CE85C4	276	1	0	0	0	0	1	0	0x14977E768
0x145CE85F0	0x145CE86CA	218	1	0	0	0	0	1	0	0x1497870DC
0x145CE86D0	0x145CE8819	329	1	0	0	0	0	1	0	0x14978CD5C
0x145CE8820	0x145CE898C	364	3	0	3	0	0	0	0	0x149C39878
0x145CE8A30	0x145CE8B20	240	1	0	1	0	0	0	0	0x1497870DC
0x145CE8B20	0x145CE8B84	100	2	1	1	0	0	0	0	0x149C3AA9C
0x145CE8C40	0x145CE9068	1064	11	0	1	0	0	2	8	0x14978231C
0x145CE9070	0x145CE92A3	563	4	0	1	0	0	1	2	0x1498BD288
0x145CE92B0	0x145CE93B1	257	1	0	1	0	0	0	0	0x1497D29D4
0x145CE9670	0x145CE9775	261	1	0	1	0	0	0	0	0x149C36250
0x145CE9870	0x145CE9963	243	1	0	0	0	0	0	1	0x1498CC790
0x145CE9970	0x145CE9B46	470	2	0	0	0	0	1	1	0x149C3B094
0x145CE9B90	0x145CE9C5A	202	1	0	0	0	0	0	1	0x149940E60
0x145CE9C5A	0x145CE9E46	492	1	0	0	1	0	0	0	0x149C3DFD0
0x145CE9E60	0x145CE9F2A	202	1	0	0	0	0	0	1	0x149C3DF04
0x145CE9F2A	0x145CEA126	508	1	0	0	0	0	1	0	0x149C3DF14
0x145CEA190	0x145CEA265	213	2	0	0	2	0	0	0	0x149789B48
0x145D25E50	0x145D25F44	244	1	0	0	0	0	1	0	0x149780384
0x145D28B90	0x145D28C28	152	1	0	1	0	0	0	0	0x1497C4728
0x145D29280	0x145D29384	260	2	0	1	0	0	0	1	0x1498BC120
0x145D2AF80	0x145D2B013	147	2	2	0	0	0	0	0	0x1497D8048
0x145D2B013	0x145D2B13C	297	2	0	0	0	0	1	1	0x149C5638C
0x145D2B150	0x145D2B301	433	3	0	0	2	0	0	1	0x149A4CD9C
0x145D2B310	0x145D2B51A	522	5	0	4	0	0	0	1	0x1498C3F4C
0x145D2B520	0x145D2B708	488	3	0	0	1	0	0	2	0x1497C018C
0x145D2B710	0x145D2B8ED	477	4	0	2	0	0	1	1	0x1497C8564
0x145D2B8F0	0x145D2BB52	610	3	0	0	0	0	1	2	0x14983C1DC
0x145D2BBC9	0x145D2BD48	383	4	0	1	1	0	1	1	0x149C56664
0x145D2BD60	0x145D2BDCC	108	1	0	0	0	0	1	0	0x1498D1F7C
0x145D2BDCC	0x145D2BF26	346	2	0	0	0	0	1	1	0x149C566B0
0x145D2BF60	0x145D2C12C	460	6	0	4	0	0	2	0	0x1497C5298
0x145D2C130	0x145D2C1AF	127	1	0	0	0	0	1	0	0x149C565CC
0x145D2C1AF	0x145D2C2F6	327	2	0	0	0	0	1	1	0x149C565DC
0x145D2C330	0x145D2C4C4	404	1	0	0	0	0	1	0	0x149C5632C
0x145D2C750	0x145D2CAD1	897	2	0	0	0	0	2	0	0x149C5657C
0x145D2CAE0	0x145D2CF2E	1102	2	0	0	2	0	0	0	0x149C5641C
0x145D38230	0x145D3833B	267	2	0	0	0	0	0	2	0x1497C5284
0x145D38340	0x145D384A3	355	3	0	2	0	0	1	0	0x149782EC4
0x145D384B0	0x145D38593	227	1	0	0	1	0	0	0	0x1497870DC
0x145D386A0	0x145D387A0	256	3	0	2	1	0	0	0	0x14977E768
0x145D387A0	0x145D387DF	63	1	0	0	0	0	1	0	0x14977EC34
0x145D387E0	0x145D38896	182	2	0	2	0	0	0	0	0x1497870DC
0x145D3B7F0	0x145D3B8EC	252	1	0	0	0	0	0	1	0x149C5A508
0x145D3D700	0x145D3D7DE	222	1	0	0	0	0	0	1	0x14978003C
0x145D3F900	0x145D3FA22	290	2	0	1	0	0	0	1	0x149782EC4
0x145D433C0	0x145D43533	371	6	0	0	4	0	2	0	0x1497C5284
0x145D44810	0x145D448EE	222	1	0	0	0	0	0	1	0x14978003C
0x145D56814	0x145D5685C	72	1	0	0	0	0	0	1	0x149C5B6E0
0x145D568F5	0x145D56963	110	1	0	0	0	0	1	0	0x149C5B708
0x145D56990	0x145D56B2C	412	4	0	1	1	0	1	1	0x1497C0C14
0x145D56B30	0x145D56CF8	456	2	0	1	1	0	0	0	0x1499EB2A8
0x145D56E71	0x145D56FD1	352	1	0	0	0	0	1	0	0x149C5D71C
0x145D56FE0	0x145D57284	676	2	0	1	0	0	0	1	0x149C5D67C
0x145D57290	0x145D57477	487	3	0	3	0	0	0	0	0x1498A98C8
0x145D57480	0x145D57625	421	1	0	0	1	0	0	0	0x149C53BE4
0x145D92160	0x145D9222E	206	1	0	0	0	0	0	1	0x149C5AE3C
0x145D9222E	0x145D924B2	644	1	0	0	0	0	1	0	0x149C5AE4C
0x146144F40	0x1461450E8	424	3	0	2	0	0	0	1	0x1497C0C14
0x1461450F0	0x146145304	532	5	0	4	0	0	0	1	0x1497C8564
0x146145310	0x146145378	104	1	0	0	0	0	0	1	0x149C9BD4C
0x1461453F0	0x1461454C5	213	2	0	2	0	0	0	0	0x149C9BD78
0x1461454D0	0x1461455E9	281	3	0	1	0	0	2	0	0x149795674
0x1461455F0	0x1461456A4	180	3	0	0	0	0	3	0	0x14977D3BC
0x1461ABDF0	0x1461ABF03	275	2	0	0	0	0	2	0	0x1497870DC
0x1461ABF10	0x1461ABFE7	215	1	0	1	0	0	0	0	0x149955024
0x1461ABFF0	0x1461AC11D	301	3	0	1	0	0	2	0	0x14977E768
0x1461AC120	0x1461AC25D	317	3	0	1	0	0	2	0	0x1497870DC
0x1461AC260	0x1461AC3D7	375	3	0	1	0	0	2	0	0x1497C43C8
0x1461AC3E0	0x1461AC50B	299	1	0	0	0	1	0	0	0x149C97CB0
0x1461AC5E0	0x1461AC725	325	1	0	1	0	0	0	0	0x149C98BCC
0x1461AC730	0x1461AC8CE	414	2	0	0	0	0	2	0	0x149C9921C
0x1461ACCA0	0x1461ACD84	228	1	0	0	0	0	1	0	0x1497870DC
0x1461ACDE0	0x1461ACE68	136	2	0	0	0	0	2	0	0x14977D3F0
0x1461ACE70	0x1461ACFD1	353	4	0	0	0	0	4	0	0x14983B538
0x1461ACFE0	0x1461AD125	325	2	0	0	0	0	1	1	0x14978003C
0x1461B11C0	0x1461B1225	101	1	0	0	0	0	1	0	0x14978552C
0x146563250	0x14656332F	223	1	0	1	0	0	0	0	0x149A07B40
0x146563D5C	0x146563DCE	114	1	0	0	0	0	1	0	0x149D03C0C
0x14656A06C	0x14656A0DE	114	1	0	0	0	0	1	0	0x149CFF974
0x14656C440	0x14656C5BD	381	1	0	1	0	0	0	0	0x149C540B0
0x146571780	0x14657188E	270	2	0	2	0	0	0	0	0x149949114
0x146573690	0x146573782	242	1	0	0	0	0	1	0	0x14977E768
0x1465763F0	0x1465764D7	231	1	0	0	1	0	0	0	0x1497870DC
0x146576BE0	0x146576C7A	154	1	1	0	0	0	0	0	0x1497870DC
0x146577F90	0x146578089	249	1	0	0	0	0	1	0	0x14978CD5C
0x14657A560	0x14657A60E	174	1	0	0	1	0	0	0	0x14977E768
0x146585F50	0x146586076	294	4	0	2	2	0	0	0	0x1497C5284
0x1465882C0	0x1465883CB	267	1	0	0	0	0	1	0	0x1497870DC
0x146588500	0x146588640	320	2	0	0	0	0	2	0	0x1497C0C14
0x1465902C0	0x1465903D3	275	1	0	1	0	0	0	0	0x14978003C
0x146594EDA	0x146594F3B	97	1	0	1	0	0	0	0	0x149CFFC40
0x146594F3B	0x146594FAD	114	1	0	0	0	0	1	0	0x149CFFC54
0x146596230	0x1465962E2	178	1	0	0	1	0	0	0	0x1497870DC
0x146597210	0x14659736A	346	2	0	1	1	0	0	0	0x149D10A98
0x146599910	0x146599A29	281	1	0	0	0	0	1	0	0x149D1052C
0x1465A10B0	0x1465A1167	183	1	0	0	1	0	0	0	0x1497870DC
0x1465A35B0	0x1465A371B	363	4	0	3	0	0	1	0	0x1497C0C14
0x1465A5A00	0x1465A5AC3	195	1	0	0	1	0	0	0	0x1497870DC
0x1465A6270	0x1465A6393	291	3	1	2	0	0	0	0	0x1498BD288
0x1465A8620	0x1465A86F6	214	1	0	1	0	0	0	0	0x1497870DC
0x1465AA790	0x1465AA829	153	1	0	1	0	0	0	0	0x1497870DC
0x1465AAED0	0x1465AAFAF	223	1	0	1	0	0	0	0	0x149A07B40
0x1465AFCF0	0x1465AFE1F	303	1	0	1	0	0	0	0	0x149D00404
0x1465B3740	0x1465B3842	258	2	1	0	0	0	1	0	0x1497870DC
0x1465B6370	0x1465B6463	243	3	0	0	3	0	0	0	0x1497870DC
0x1465B6620	0x1465B6736	278	2	0	2	0	0	0	0	0x14977E768
0x1465B8160	0x1465B823F	223	2	0	2	0	0	0	0	0x1497870DC
0x1465B8AE0	0x1465B8BF6	278	3	0	0	3	0	0	0	0x14977E768
0x1465BC370	0x1465BC5C0	592	1	0	1	0	0	0	0	0x149D16B80
0x1465E6290	0x1465E63EE	350	1	0	0	0	0	1	0	0x149D23050
0x1465E63F0	0x1465E64C4	212	2	0	2	0	0	0	0	0x149896630
0x1465E64C4	0x1465E6537	115	1	0	0	0	0	1	0	0x149D1E680
0x1465E6550	0x1465E66C6	374	5	0	0	4	0	1	0	0x1499B0FC0
0x1465E66D0	0x1465E684D	381	2	0	0	1	0	1	0	0x149D20A08
0x1465E6850	0x1465E69E8	408	2	0	1	0	0	0	1	0x149D0E158
0x1465E6AA0	0x1465E6BD4	308	3	0	2	0	0	1	0	0x14989EB2C
0x1465E6BE0	0x1465E6D0B	299	2	1	1	0	0	0	0	0x14989EB2C
0x1465E6D10	0x1465E6E81	369	4	0	2	0	0	2	0	0x14989EB2C
0x1465E7330	0x1465E73AA	122	1	0	1	0	0	0	0	0x14977D358
0x1465E73B0	0x1465E7516	358	1	0	0	0	0	0	1	0x149D20A38
0x1465E7541	0x1465E76E8	423	4	0	0	0	0	4	0	0x149D20A78
0x1465E771A	0x1465E7782	104	1	0	0	0	0	1	0	0x149D20AB0
0x14669CB50	0x14669CBD1	129	1	0	0	0	0	0	1	0x14978BF4C
0x14669CC70	0x14669CCF1	129	1	0	0	0	0	0	1	0x14978BF4C
0x14669CD90	0x14669CF53	451	8	0	1	7	0	0	0	0x1497C0C14
0x14669CF60	0x14669D0D6	374	5	0	3	0	0	2	0	0x1497C0C14
0x14669DC90	0x14669DF1E	654	2	2	0	0	0	0	0	0x149D234E0
0x14669DF20	0x14669E1B0	656	7	1	3	0	0	1	2	0x149D1CA4C
0x14669E1B0	0x14669E327	375	2	0	1	0	0	0	1	0x149A4E9F8
0x14669E330	0x14669E553	547	4	0	2	0	0	0	2	0x1497C7E58
0x14669E560	0x14669E61B	187	1	0	0	0	0	0	1	0x1497C977C
0x14669E6E0	0x14669E87A	410	8	0	8	0	0	0	0	0x1498BD29C
0x14669E880	0x14669EA00	384	4	0	3	0	0	0	1	0x1498C3F4C
0x14669EA00	0x14669EBC3	451	7	0	1	3	0	3	0	0x14977E9A8
0x14669EC26	0x14669ED6F	329	1	0	0	0	0	0	1	0x149D12880
0x14669ED90	0x14669EF51	449	3	0	0	2	0	1	0	0x14977E994
0x14669F033	0x14669F0F1	190	1	0	0	0	0	0	1	0x149D1E4AC
0x14669F120	0x14669F313	499	6	2	1	2	0	1	0	0x1498F4148
0x14669F320	0x14669F4FE	478	3	0	0	0	0	3	0	0x14978295C
0x14669F500	0x14669F6B0	432	3	0	2	0	0	1	0	0x1497C56F0
0x14669F6B0	0x14669F967	695	3	0	1	0	0	2	0	0x149D234C8
0x14669F970	0x14669FC3B	715	3	0	0	0	0	3	0	0x149D234B0
0x14669FC40	0x14669FF38	760	3	0	0	0	0	3	0	0x149D2330C
0x14669FF40	0x1466A00A7	359	3	0	2	0	0	0	1	0x149D12774
0x1466A0160	0x1466A0201	161	1	0	0	1	0	0	0	0x14978B0CC
0x1466A02B0	0x1466A0357	167	1	0	1	0	0	0	0	0x149780384
0x1466A0360	0x1466A0408	168	1	0	0	1	0	0	0	0x149780384
0x1466A0410	0x1466A04C5	181	2	0	1	0	0	1	0	0x14977FBA4
0x1466A04D0	0x1466A0522	82	1	0	0	0	0	0	1	0x149D18420
0x1466A0541	0x1466A061A	217	1	0	1	0	0	0	0	0x149D18444
0x1466A0650	0x1466A0776	294	2	0	0	0	0	0	2	0x14978B008
0x1466A0780	0x1466A0899	281	1	0	0	0	0	0	1	0x14978B008
0x1466A08A0	0x1466A0A0E	366	5	0	0	5	0	0	0	0x1498C71B4
0x1466A0A10	0x1466A0ABA	170	2	0	2	0	0	0	0	0x14978B008
0x1466A0AC0	0x1466A0B7B	187	3	0	3	0	0	0	0	0x149D1C42C
0x1466A0BF0	0x1466A0DF9	521	1	0	1	0	0	0	0	0x149D22CE4
0x1466A1050	0x1466A125C	524	3	0	3	0	0	0	0	0x1498A98C8
0x1466A13E0	0x1466A1635	597	5	0	3	0	0	2	0	0x149D22DA4
0x1466A1640	0x1466A180D	461	1	1	0	0	0	0	0	0x1498C73A8
0x1466A1810	0x1466A194D	317	1	0	0	0	0	1	0	0x149D23138
0x1466A1B60	0x1466A1BF0	144	1	0	0	0	0	0	1	0x149D1F728
0x1466A1BF0	0x1466A1D1D	301	1	0	1	0	0	0	0	0x149D1F738
0x1466A1D40	0x1466A1DB9	121	1	0	0	0	0	0	1	0x14986AE68
0x1466A1EC0	0x1466A2070	432	1	0	0	0	0	0	1	0x149834978
0x1466A2070	0x1466A20E5	117	1	0	0	0	0	0	1	0x1498A606C
0x1466A20E5	0x1466A2216	305	4	0	3	0	0	1	0	0x149D230E8
0x14689E280	0x14689E446	454	1	0	0	1	0	0	0	0x1499BB770
0x14689E450	0x14689E66A	538	6	0	0	0	0	6	0	0x1497DC0A8
0x14689E870	0x14689EABC	588	3	0	0	3	0	0	0	0x149CF2C8C
0x14689EAC0	0x14689ED49	649	2	0	0	2	0	0	0	0x1499BB770
0x14694E600	0x14694E6D1	209	2	0	2	0	0	0	0	0x14977E768
0x14694E6E0	0x14694E723	67	1	0	0	0	0	0	1	0x149D20BD4
0x14694E723	0x14694E7C7	164	1	0	0	0	0	0	1	0x149D20BE4
0x14694E960	0x14694EA4C	236	2	0	1	0	0	1	0	0x14977FF74
0x14694EA50	0x14694EB11	193	1	1	0	0	0	0	0	0x14977E768
0x14694EB20	0x14694EBEA	202	1	0	0	0	0	0	1	0x14993DF00
0x14694EDF0	0x14694F0E0	752	1	0	0	0	0	0	1	0x149A94F98
0x14694F0E0	0x14694F219	313	1	0	0	0	0	0	1	0x1499A8504
0x14694F219	0x14694F3F5	476	1	0	1	0	0	0	0	0x149D0D658
0x14694F420	0x14694F559	313	1	0	0	0	0	0	1	0x149D0D77C
0x14694F559	0x14694F768	527	1	0	1	0	0	0	0	0x149D0D790
0x14694F790	0x14694F85B	203	1	0	0	0	0	0	1	0x149CFEE00
0x14694F85B	0x14694FA3D	482	2	0	1	0	0	1	0	0x149CFEE10
0x14694FA50	0x14694FE11	961	2	0	1	0	0	0	1	0x149CFBF34
0x14694FE20	0x14695021C	1020	3	0	2	0	0	0	1	0x149D0D91C
0x146950220	0x14695090E	1774	1	0	0	0	0	0	1	0x149CFEBAC
0x146950910	0x146950CCF	959	3	0	1	0	0	1	1	0x149CFBBF8
0x146950CD0	0x14695100C	828	1	0	0	0	0	0	1	0x149CFE7CC
0x146951010	0x14695115C	332	1	0	0	0	0	0	1	0x149CF8BD0
0x14695115C	0x146951390	564	1	1	0	0	0	0	0	0x149CF8BE8
0x1469513C0	0x146951469	169	1	0	0	0	0	1	0	0x14977D358
0x146951470	0x1469514BE	78	1	0	0	0	0	1	0	0x14977D6E8
0x1469515B0	0x146951680	208	1	0	0	0	0	1	0	0x14977D358
0x146951680	0x146951736	182	1	0	0	0	0	1	0	0x14977D998
0x146951740	0x14695178E	78	1	0	0	0	0	1	0	0x14977D6E8
0x1469517E0	0x1469518D3	243	1	0	0	0	0	0	1	0x149A70410
0x1469518E0	0x146951A07	295	1	0	0	0	0	0	1	0x1499BB770
0x146951AF0	0x146951BF9	265	3	0	1	0	0	1	1	0x149A70410
0x146951CE0	0x146951D7B	155	1	0	0	0	0	0	1	0x149791D80
0x146951E20	0x146951EBB	155	1	0	0	0	0	0	1	0x149791D80
0x1469AD860	0x1469ADA23	451	9	0	6	3	0	0	0	0x1497C0C14
0x1469F2340	0x1469F24FA	442	3	0	1	0	0	2	0	0x149C9921C
0x1469F2530	0x1469F26CD	413	4	0	0	4	0	0	0	0x14977E978
0x146A32670	0x146A32740	208	1	0	0	0	0	1	0	0x1498BC8A8
0x146A33850	0x146A3396A	282	1	0	0	0	0	1	0	0x1498BCAF8
0x146A340A0	0x146A340F6	86	1	0	0	0	0	1	0	0x14977D6E8
0x146A34790	0x146A348C7	311	1	0	0	0	0	1	0	0x1498BD73C
0x146A35250	0x146A35321	209	2	0	1	1	0	0	0	0x149958FFC
0x146A36D30	0x146A36DF5	197	1	0	1	0	0	0	0	0x1498BC8A8
0x146A37320	0x146A374A6	390	1	0	0	0	0	0	1	0x149D38580
0x146A3B2D0	0x146A3B4E2	530	1	0	0	0	0	1	0	0x149D44E88
0x146A3BB90	0x146A3BCC6	310	1	0	0	0	0	1	0	0x149D44EDC
0x146A3E460	0x146A3E583	291	2	0	1	0	0	1	0	0x149D445D4
0x146A3E7C0	0x146A3E849	137	1	0	1	0	0	0	0	0x149D449FC
0x146A3EDF0	0x146A3EE79	137	1	0	1	0	0	0	0	0x149D449FC
0x146A3EEC0	0x146A3EF03	67	1	0	1	0	0	0	0	0x14977EC34
0x146A404E0	0x146A4063C	348	1	0	1	0	0	0	0	0x149D44A74
0x146A40CD0	0x146A40D68	152	1	0	1	0	0	0	0	0x1497C4728
0x146A41050	0x146A411C6	374	4	0	4	0	0	0	0	0x149D4471C
0x146A45400	0x146A4552F	303	5	0	5	0	0	0	0	0x1498BCBA0
0x146A476D0	0x146A47836	358	1	0	1	0	0	0	0	0x149D43F50
0x146A47A30	0x146A47AEF	191	1	0	1	0	0	0	0	0x149D44C18
0x146A484E0	0x146A4870F	559	1	0	0	0	0	1	0	0x149D43F8C
0x146A4C300	0x146A4C3CF	207	2	0	1	0	0	1	0	0x1498BBB60
0x146A4E470	0x146A4E5C1	337	1	0	0	0	1	0	0	0x149D45120
0x146A4ED40	0x146A4EE4C	268	1	0	1	0	0	0	0	0x149D44648
0x146A4F4C0	0x146A4F558	152	1	0	1	0	0	0	0	0x1497C4728
0x146A51A10	0x146A51B1F	271	2	0	1	0	0	0	1	0x149D3670C
0x146A54050	0x146A540E7	151	1	0	0	0	0	1	0	0x1497C4658
0x146A576D0	0x146A577A6	214	1	0	0	0	0	1	0	0x1498BDB5C
0x146A57960	0x146A57BCE	622	1	0	0	0	0	0	1	0x149D44CB8
0x146A58B50	0x146A58C5A	266	1	0	1	0	0	0	0	0x149D44CF4
0x146A59B30	0x146A59C18	232	1	0	0	0	0	1	0	0x149D441FC
0x146A5A3F0	0x146A5A537	327	1	0	0	0	0	1	0	0x149D44D98
0x146A5B690	0x146A5B77D	237	2	0	1	0	0	1	0	0x1498BC544
0x146A5BE20	0x146A5BF1A	250	3	0	2	0	0	1	0	0x149D44260
0x146A5C0A0	0x146A5C269	457	2	0	1	0	0	1	0	0x149D44DD0
0x146A5C890	0x146A5C962	210	1	0	0	0	0	0	1	0x1498BDB5C
0x146A5CFF0	0x146A5D0F4	260	1	0	0	0	0	1	0	0x149C96788
0x146A5D500	0x146A5D5D2	210	1	0	0	0	0	0	1	0x1498BDB5C
0x146A5FFD0	0x146A600B4	228	1	0	0	0	0	1	0	0x149D44E60
0x146A69A70	0x146A69C2E	446	1	0	0	0	0	1	0	0x149D464EC
0x146A69C30	0x146A69CEF	191	3	0	2	0	0	1	0	0x1499628EC
0x146A69CEF	0x146A69D33	68	1	0	0	0	0	0	1	0x149D461B0
0x146A69E00	0x146A69F8D	397	3	0	2	0	0	1	0	0x1497C0C14
0x146A69F90	0x146A6A12B	411	4	0	2	0	0	1	1	0x149D38FE0
0x146A6A130	0x146A6A205	213	1	0	0	0	0	1	0	0x149D45188
0x146A6A2E0	0x146A6A4BE	478	3	0	1	0	0	1	1	0x149D45D2C
0x146A6A4C0	0x146A6A54E	142	2	0	1	0	0	1	0	0x149D39724
0x146A6A5F0	0x146A6A6C3	211	2	0	2	0	0	0	0	0x1498BD288
0x146A6A6D0	0x146A6A89A	458	5	0	3	0	0	1	1	0x1498CC808
0x146A6AA30	0x146A6ABEC	444	3	0	0	0	0	2	1	0x1497C5284
0x146A6ABF0	0x146A6AD8E	414	3	0	1	1	0	0	1	0x149D45090
0x146A6AE20	0x146A6AE96	118	1	0	0	0	0	1	0	0x1497870DC
0x146A6AEA0	0x146A6AF39	153	1	0	0	0	0	1	0	0x1497870DC
0x146A6AF40	0x146A6B0EC	428	1	0	0	0	0	1	0	0x1497C0C14
0x146A6B0F0	0x146A6B1A2	178	1	0	0	0	0	1	0	0x1497870DC
0x146A6B1B0	0x146A6B259	169	2	0	1	0	0	1	0	0x1497870DC
0x146A6B260	0x146A6B3EC	396	2	0	1	0	0	1	0	0x1497C0C14
0x146A6B409	0x146A6B4D5	204	1	0	0	0	0	1	0	0x149D44960
0x146A6B5B0	0x146A6B8DC	812	3	0	1	0	0	1	1	0x149D46120
0x146A6B8E0	0x146A6BB91	689	4	0	2	0	0	0	2	0x1498CB9C0
0x146A6BBA0	0x146A6BDBA	538	3	0	0	0	0	2	1	0x149C3B094
0x146A6BDC0	0x146A6C014	596	4	0	1	0	0	1	2	0x149782EA4
0x146A6C020	0x146A6C234	532	4	0	1	0	1	0	2	0x149D45ED4
0x146A6C240	0x146A6C3EC	428	4	0	1	0	0	1	2	0x14983C1DC
0x146A6C3F0	0x146A6C4B3	195	1	0	1	0	0	0	0	0x1497870DC
0x146A6C5DC	0x146A6C715	313	5	0	2	3	0	0	0	0x149D46BD4
0x146A6C730	0x146A6C7E2	178	2	0	2	0	0	0	0	0x14977E964
0x146A6C7F0	0x146A6C88C	156	1	0	1	0	0	0	0	0x14977E964
0x146A6C890	0x146A6C931	161	1	0	1	0	0	0	0	0x14977E964
0x146A6C940	0x146A6C9CB	139	1	0	0	0	0	1	0	0x149D37EE0
0x146A6CAAB	0x146A6CC66	443	1	0	0	0	0	1	0	0x149D37F14
0x146A6CC70	0x146A6CDDA	362	3	0	1	0	0	2	0	0x1498C3F4C
0x146A6CDE0	0x146A6CF8D	429	2	0	1	0	0	1	0	0x1497C0C14
0x146A6CF90	0x146A6D13D	429	2	0	1	0	0	0	1	0x149D457DC
0x146A6D140	0x146A6D2E0	416	1	0	1	0	0	0	0	0x1497C0C14
0x146A6D2E0	0x146A6D390	176	1	0	0	0	0	1	0	0x1497C5A04
0x146A6D390	0x146A6D566	470	4	0	0	0	0	4	0	0x14977E5B4
0x146A6D6B0	0x146A6D7E7	311	2	0	2	0	0	0	0	0x149A63F78
0x146A6D7F0	0x146A6D86B	123	1	0	0	0	0	1	0	0x1497AB1C0
0x146A6D86B	0x146A6D8FA	143	1	0	1	0	0	0	0	0x149D45BFC
0x146A6D943	0x146A6D9FB	184	1	0	0	0	0	1	0	0x149D46168
0x146A6DA40	0x146A6DA92	82	1	0	0	0	0	0	1	0x149D46E40
0x146A6DAB1	0x146A6DB40	143	1	0	0	0	0	1	0	0x149D46E64
0x146A6DB80	0x146A6DCCA	330	4	0	1	0	0	2	1	0x149C5632C
0x146A6DCD0	0x146A6DD26	86	1	0	0	0	0	0	1	0x14985FE0C
0x146A6DDB0	0x146A6DDF7	71	1	0	0	0	0	0	1	0x1498AD044
0x146A6DDF7	0x146A6DE3B	68	1	0	0	0	0	0	1	0x149D3E108
0x146A6DE59	0x146A6DEEE	149	1	1	0	0	0	0	0	0x149D3E11C
0x146A6E110	0x146A6E414	772	2	0	1	0	0	0	1	0x149D46D90
0x146A6E420	0x146A6E695	629	2	0	1	0	0	0	1	0x149D465D8
0x146A6E6A0	0x146A6E868	456	2	0	0	0	0	2	0	0x149D46CAC
0x146A6E93A	0x146A6EAB6	380	5	0	2	2	0	1	0	0x149D465C8
0x146A6EEB0	0x146A6F0E8	568	2	0	1	0	0	1	0	0x1498C73A8
0x146A6F1EE	0x146A6F377	393	2	0	2	0	0	0	0	0x149D46734
0x146A6F380	0x146A6F5A8	552	1	0	0	0	0	1	0	0x149D46744
0x146A6F5B0	0x146A6F75D	429	4	0	1	0	0	3	0	0x149A40E6C
0x146A6F760	0x146A6F91A	442	1	0	0	0	0	0	1	0x149D46FE8
0x146A6F920	0x146A6FB35	533	3	0	0	0	0	0	3	0x149D46630
0x146A6FB40	0x146A6FC07	199	1	0	0	0	0	0	1	0x149D46E04
0x146A6FD10	0x146A6FEB0	416	1	0	0	0	0	0	1	0x149834978
0x146A6FEB0	0x146A7003E	398	1	0	0	0	0	0	1	0x1497FF3AC
0x146AE44F0	0x146AE470F	543	1	0	0	0	0	0	1	0x149D2FBEC
0x146AF20D0	0x146AF2340	624	1	0	0	0	0	0	1	0x149D31EC8
0x146AF2340	0x146AF283F	1279	1	0	0	0	0	0	1	0x149D31EE0
0x146B04FF0	0x146B050E3	243	3	0	2	0	0	1	0	0x149D447E8
0x146B051B0	0x146B05248	152	1	0	1	0	0	0	0	0x1497C4728
0x146B05250	0x146B054B5	613	3	0	1	0	0	1	1	0x149D44824
0x146B055A0	0x146B0568A	234	1	0	0	0	0	1	0	0x149D43EF0
0x146B05890	0x146B0594B	187	1	0	1	0	0	0	0	0x149798EE8
0x146B059D0	0x146B05B9F	463	2	0	0	0	0	1	1	0x149D447A4
0x146B05BA0	0x146B05C29	137	1	0	1	0	0	0	0	0x1498BBB60
0x146B05E80	0x146B05F18	152	1	0	1	0	0	0	0	0x1497C4728
0x146B05F20	0x146B05FB8	152	1	0	1	0	0	0	0	0x1497C4728
0x146B06070	0x146B061E7	375	2	0	0	0	0	1	1	0x1497870DC
0x146B061F0	0x146B062BE	206	2	0	2	0	0	0	0	0x1497C5284
0x146B062C0	0x146B063CF	271	1	0	0	0	0	0	1	0x1497870DC
0x146B063D0	0x146B0650C	316	1	0	1	0	0	0	0	0x1497C0C14
0x146B06510	0x146B0662F	287	1	0	0	0	0	0	1	0x1497C0C14
0x146B06630	0x146B06903	723	2	0	1	0	0	0	1	0x149D4654C
0x146B06910	0x146B06A42	306	2	0	0	0	0	1	1	0x1497C018C
0x146B06A50	0x146B06C83	563	3	0	1	0	0	0	2	0x149D44028
0x146B06C90	0x146B06DCD	317	4	0	1	0	0	2	1	0x149970AB8
0x146B06DD0	0x146B06E15	69	1	0	0	0	0	0	1	0x149D44F74
0x146B07050	0x146B0735F	783	2	1	0	0	0	1	0	0x149D36228
0x146B07360	0x146B07498	312	3	0	1	0	0	2	0	0x1497C0C14
0x146B074A0	0x146B0786A	970	2	0	0	0	0	2	0	0x149D37EC4
0x146B07870	0x146B079F7	391	3	0	0	0	0	2	1	0x149D3E0C0
0x146B07A70	0x146B07B2C	188	1	0	0	0	0	0	1	0x1498980FC
0x146B07B2C	0x146B07BFF	211	2	1	0	0	0	0	1	0x149D3E24C
0x146B07C10	0x146B07E23	531	12	0	0	0	0	0	12	0x1497C5284
0x146B07E30	0x146B07F93	355	1	0	0	0	0	1	0	0x149D3CC1C
0x146B07FA0	0x146B080C0	288	3	0	1	0	0	1	1	0x1497C0C14
0x146B080C0	0x146B0826C	428	1	0	0	0	0	1	0	0x149D45C58
0x146B08270	0x146B084C7	599	2	0	0	0	0	1	1	0x149D4707C
0x146B08520	0x146B085C5	165	1	0	0	0	0	1	0	0x14977D3F0
