uuid	type_idx	class	unmarshal	primitive_depth	reachable_functions	primitive_functions	uint16_be	uint32_be	float32_be	float64_be	raw_bytes	prefix_uint32
21BE4BFA-5BC7-423F-99DC-960FC0FD95AB	194	RequestHubInfoForActorsMsg	0x1407C2960	0	1	1	0	0	0	0	0	1
877CD24E-3256-4364-8CE4-FAD4B9786619	198	RequestAllHubNamesMsg	0x1407C31F0		1	0	0	0	0	0	0	0
1619D3B8-8B45-46AA-B95E-A414DFEBC931	106	UpdateMsg	0x1407CD7F0	1	2	1	0	0	0	0	0	1
1378B36E-837D-4361-AB25-6B6BFBB82630	6483	UpdateMsg	0x1407C17F0	1	3	1	0	0	0	0	0	1
47EBD2D4-4B67-43D9-9535-2DDB7C223501	220	IsUsingBadWordsMsg	0x1407C1700	1	5	2	0	2	0	0	1	1
C9979971-CEB8-4238-9395-F9E5E163880E	277	FilterTextMsg	0x1407C1A40	1	5	2	0	2	0	0	1	1
6A379FB8-0BDD-43A1-AB3E-9843D7BE8CD3	349	PingMsg	0x1407CDA70		3	0	0	0	0	0	0	0
8673A3CC-2848-4C87-AA72-CC860589D1B5	1	RegistrationRequestMsg	0x1407CE0F0	0	23	5	0	3	0	0	1	3
DA4E5889-A65C-4480-8642-0278160125A7	2	RegistrationRequestV2Msg	0x1407CE650	0	24	6	0	3	0	0	1	3
0B826B33-89F5-49E0-B8CB-FE4433427778	19	RegistrationRequestV3Msg	0x1407CE8E0	1	15	5	0	3	0	0	0	3
B5680872-8FC0-43D4-A59B-4F12F33EE1CF	6691		0x140893F20	0	6	1	0	1	0	0	2	0
8375664A-AA6C-4EC1-B8FE-682C83E9A237	6693		0x1408940B0		3	0	0	0	0	0	0	0
1A83734A-C54E-48B7-87F1-CE7139DBDEB8	1665	Aoi::PlayerManagerTrait::DebugRequestSpawnPlayerMsg	0x1414FBD10	0	10	5	0	0	7	0	2	1
4F09D66B-5342-4A44-A688-BBF4FF2C70FB	1673	Aoi::PlayerManagerDebugTrait::RunDebugCommandByHubIdMsg	0x1415103D0	1	9	4	0	2	0	0	3	2
F63A1AC9-E777-4CF9-9B71-DAAC9160F6E2	6460	Aoi::PlayerManagerDebugTrait::RunDebugCommandByHubIdxMsg	0x1415120A0	1	9	4	0	2	0	0	3	2
A1C7C102-A3DF-45D5-B5B9-0334FB632665	6830	Aoi::PlayerManagerDebugTrait::RunDebugCommandByInstaHubIdxMsg	0x1415133B0	1	9	4	0	2	0	0	3	2
AE7C8B59-324B-4CBE-BADF-EA46AC4CA33C	6671	Aoi::PlayerManagerDebugTrait::RunGmDebugCommandMsg	0x14150E670	1	9	4	0	2	0	0	3	2
96095D2A-E915-4CDD-BA22-59703623CC7C	1675	Aoi::PlayerManagerDebugTrait::DebugSpawnSliceMsg	0x141514630	0	25	3	1	1	0	0	3	1
57BB9FF3-CAE5-48F7-A1CC-295010FCBC40	751	Aoi::PlayerManagerDebugTrait::DebugSpawnSliceWithCallbackMsg	0x141515D60	0	30	4	1	1	0	0	4	1
5D16A037-6920-442C-9793-8F1B4C89B294	1681	Aoi::PlayerManagerDebugTrait::DebugStopActorMsg	0x14104A340	2	6	1	0	1	0	0	2	0
4E973F30-9229-4490-853A-324EDC6DF3CE	2021	Javelin::ClientMessages::AoiComponentServerFacet_RequestDebugGridData	0x141515880	2	8	1	0	1	0	0	2	0
1E3BB661-A67B-456C-81CA-496F1827751D	2023	Javelin::ClientMessages::AoiComponentClientFacet_RequestDebugGridDataResponse	0x141519140		14	0	0	0	0	0	0	0
6BCFEE24-5F6A-41E0-AC2A-29901662EAC8	288	Javelin::ClientMessages::AoiComponentServerFacet_RequestDebugGridLayerList	0x14151C8E0	2	8	1	0	1	0	0	2	0
4CEF6589-AD7D-4CC8-B357-00176435B915	2025	Javelin::ClientMessages::AoiComponentClientFacet_RequestDebugGridLayerListResponse	0x14151FA80	2	23	3	0	4	0	0	0	1
A5B32642-F001-4E8A-AF84-59E5ABB592A8	643	Javelin::ClientMessages::AoiComponentServerFacet_DebugAssignGridLayer	0x141523220	2	26	5	0	5	0	0	3	1
D7A99D57-5888-4F95-B372-FFA45CE4D34A	1030	Javelin::ClientMessages::AoiComponentServerFacet_DebugResetAoiTracking	0x141526B40		4	0	0	0	0	0	0	0
2F368455-7B4F-4552-A6F8-20B52F208BD3	2039	Javelin::ClientMessages::CharacterComponentClientFacet_RequestEnableCollision	0x1414F26F0		4	0	0	0	0	0	0	0
D5973E38-2D63-42F1-AE67-F7B557696E95	1793	Javelin::ClientMessages::CharacterComponentClientFacet_RequestDisableCollision	0x1414F60A0		4	0	0	0	0	0	0	0
5164C6C5-50B6-48C5-911F-04D907D4E0FF	235	Javelin::ClientMessages::CharacterComponentServerFacet_DebugRequestEnableCollision	0x1414F8280		4	0	0	0	0	0	0	0
4CD137B4-9079-490E-BF49-FBC6778D9B29	151	Javelin::ClientMessages::CharacterComponentServerFacet_DebugRequestDisableCollision	0x1414FABD0		4	0	0	0	0	0	0	0
EAD0B859-CCA0-489A-9314-5048E180B10C	2046	Javelin::ClientMessages::CharacterComponentServerFacet_DebugSetStepping	0x1414FD8B0	2	6	2	0	1	7	0	0	0
9CB82306-4BBD-45F8-8BDA-785EC7FB9277	1839	Javelin::ClientMessages::CharacterComponentServerFacet_DebugUnregisterFromGrid	0x141501140		4	0	0	0	0	0	0	0
7E714152-34C8-4F73-A9B5-08C1B24EE485	5874	Javelin::ClientMessages::CharacterComponentServerFacet_DebugChangeCharacterCollider	0x1415032C0	1	4	1	0	1	0	0	0	0
B584E900-AC8C-43E1-B2FF-0543D108439C	6735	Javelin::ClientMessages::DetectionVolumeComponentServerFacet_ToggleDebugRenderEnterExitEvents	0x141501A40		4	0	0	0	0	0	0	0
B42B3E49-B674-405C-A6AD-0CC5A8E368BA	6745	Javelin::ClientMessages::GridTrackingComponentServerFacet_ClientAckPhasingUpdate	0x14152EBB0		4	0	0	0	0	0	0	0
C8D31CD1-13B7-460E-A848-2728D4D64F15	6335	Javelin::ClientMessages::GridTrackingComponentServerFacet_RequestDebugInfo	0x141531FE0	2	8	1	0	1	0	0	2	0
4976C7BB-AF8E-4E62-9AFE-5EBF3FD97456	6334	Javelin::ClientMessages::GridTrackingComponentServerFacet_ResetPhasingProvider	0x1415351A0	1	4	1	0	1	0	0	0	0
8C4ED5D2-D834-46F3-958F-CDBE4CF6BEB0	6336	Javelin::ClientMessages::GridTrackingComponentClientFacet_ReceiveDebugInfo	0x141539650	2	10	3	0	1	3	0	0	1
3FD31126-7C39-4FE4-ABBB-5BE068D5C4ED	6433	Javelin::ClientMessages::GridTrackingComponentServerFacet_DebugSubscribePhaseStatus	0x14153C250		4	0	0	0	0	0	0	0
4CF74E06-E425-4D13-AE49-7B69F7A75375	6434	Javelin::ClientMessages::GridTrackingComponentServerFacet_DebugUnsubscribePhaseStatus	0x14153F790		4	0	0	0	0	0	0	0
8C9C88FF-952D-49C1-8AFE-353689F7AB5A	6539	Javelin::ClientMessages::GridTrackingComponentServerFacet_DebugCondemnPrimaryPhase	0x141543390		4	0	0	0	0	0	0	0
A6EC1798-D842-4071-954C-6C0608E7ADBA	6802	Javelin::ClientMessages::GridTrackingComponentServerFacet_DebugRecordPrimaryGridPhysics	0x141546A10	2	12	1	0	0	0	0	0	1
D33230C8-9B7C-4B25-AFAA-254F8875A606	6310	Javelin::ClientMessages::GridTrackingComponentClientFacet_UpdatePhasing	0x141549930	2	12	1	0	0	0	0	0	1
6DF716E6-126C-430E-B7FB-2CB3334D1296	6464	Javelin::ClientMessages::InterestComponentServerFacet_RequestDebugInfo	0x1415293F0	2	8	1	0	1	0	0	2	0
D7315F98-989A-4360-AE5F-7C7AAAF2B702	6465	Javelin::ClientMessages::InterestComponentClientFacet_ReceiveDebugInfo	0x14152C460	2	27	4	0	1	0	0	3	2
E68DCB4F-9479-4333-9A2D-5F9F78D9816C	2081	POISpawnerTrait::RequestSpawnLocationByPercentageMsg	0x1414EC5C0	0	13	4	0	3	0	0	2	1
D8BB814E-F917-4055-B821-823DCF65ED3D	1001	POISpawnerTrait::RequestSpawnLocationByBoundsMsg	0x1414EE820	1	14	4	0	2	3	0	2	1
27D62919-3FB1-471B-8600-07093C7F8A3B	2084	POISpawnerTrait::RequestSpawnLocationByHubDistributionMsg	0x1414EFC60	1	14	4	0	2	0	0	2	2
6CCDB6BD-452B-4758-A2DA-4F25CD2FED55	1803	POISpawnerTrait::RequestSpawnLocationByHubMaskMsg	0x1414F1080	1	19	3	0	2	0	0	3	1
6EA50D46-1C9A-40CE-B926-2BA0E928CAA5	2089	ClientMessages::ExampleFacetedComponentClientFacet_FunctionCalledFromTheServer	0x1414C3200	1	4	1	0	0	1	0	0	0
68248125-3957-4E69-8983-58A27C7C01CD	580		0x1414C6040	2	12	1	0	0	0	0	0	1
24A865A0-394D-4246-A849-7FE5753FDEAE	1570	ClientMessages::ExampleFacetedComponentServerFacet_FunctionCalledFromTheClient	0x1414C9D40		4	0	0	0	0	0	0	0
785B0E27-F418-4D2F-AF24-EFC58815035C	1308	ClientMessages::TestFacetedComponentServerFacet_FunctionCalledFromTheClient	0x1414F8A60		15	0	0	0	0	0	0	0
17078C5F-C39A-493F-85FD-35A663AFF2CD	1095	ClientMessages::TestFacetedComponentServerFacet_GmFunction	0x1414FB3D0		4	0	0	0	0	0	0	0
3A14E569-0ACC-4DE7-B552-E597FABCAA3A	1036	ClientMessages::TestFacetedComponentServerFacet_DebugFunction	0x1414FE810		4	0	0	0	0	0	0	0
5C40CA2A-C8BD-44CE-8C16-E13C3F119E77	2122	ClientMessages::TestFacetedComponentServerFacet_ToggleReplicatedStateBool	0x141501AD0		4	0	0	0	0	0	0	0
169BFF60-290A-4D27-A2A3-010394E711C1	1605	ClientMessages::TestFacetedComponentServerFacet_SetUserString	0x1415045F0	2	5	1	0	0	0	0	0	1
D575F736-C052-4D87-98BD-30FC160E9600	1767	ClientMessages::TestFacetedComponentServerFacet_PushUserString	0x141506B20	2	5	1	0	0	0	0	0	1
FA8CC193-F3ED-4057-97D5-D868B1348900	2126	ClientMessages::TestFacetedComponentServerFacet_RemoveUserString	0x1415092A0		4	0	0	0	0	0	0	0
F67A3447-DF9F-42BD-8BEF-7C4029864966	2128	ClientMessages::TestFacetedComponentServerFacet_SetUserMapPair	0x14150B9F0	2	6	1	0	0	0	0	0	1
179F4D10-3755-4679-BD48-71E224933A89	2131	ClientMessages::TestFacetedComponentServerFacet_RemoveUserMapKey	0x14150ED30	2	5	1	0	0	0	0	0	1
9F47970A-8BCB-495D-9397-554F33F7528A	2119	ClientMessages::TestFacetedComponentClientFacet_FunctionCalledFromTheServer	0x141512B00	1	4	1	0	0	1	0	0	0
B8C92B84-7FED-4A33-A540-708042D1DEA8	2132	ClientMessages::TestFacetedComponentClientFacet_OnSync	0x141515BA0	2	13	1	1	1	0	0	1	0
0C963ED4-1AD6-4001-8076-0E051CD4D17D	2140		0x1415043C0		4	0	0	0	0	0	0	0
11F92E5C-122F-4FAF-A2A4-15BD4E2ED629	2170	MB::ServerContext::MigrationTestMsg	0x14150D270		1	0	0	0	0	0	0	0
59FB8445-1064-4956-B309-AEE0463DA579	2171	MB::ServerContext::SetBurningMigrationTestMsg	0x14104A3E0	1	2	1	0	1	0	0	1	0
FAF8BF74-2D81-42EE-932C-FE6F1D26A04C	67	MB::ServerContext::ForceMigrateActorMsg	0x14150FE20		1	0	0	0	0	0	0	0
A222E4C7-DF79-460F-BD21-2BC02183A9AA	5047	MB::ServerContext::ForceMigrateAndCrashMsg	0x141511C50	1	2	1	0	0	0	0	1	0
E0C6019C-AAE0-4C31-AAF1-C7A674C89751	1270		0x141512C00		1	0	0	0	0	0	0	0
E79B0589-3011-4358-BEF5-018FF608DD7B	2173	MB::ServerContext::ForcePersistMsg	0x141513FD0		1	0	0	0	0	0	0	0
EB821370-888D-41C1-8532-2C605780D2C9	6646	Javelin::ClientMessages::AIManagerComponentServerFacet_RegisterClientForDebug	0x1425A10A0		9	0	0	0	0	0	0	0
5ACFDC67-FCEA-461D-916E-0A79359CF765	6645	Javelin::ClientMessages::AIManagerComponentServerFacet_UnregisterClientForDebug	0x1425A15A0		12	0	0	0	0	0	0	0
4EBDED54-D197-4803-91A4-846FA4EAF28C	6648	Javelin::ClientMessages::AIManagerComponentServerFacet_GetDebugDataClientMessage	0x1425A1AB0	1	5	1	0	0	0	0	1	0
A3D08811-933E-4E2E-BF96-AE9C1DF47DC9	6644	Javelin::ClientMessages::AIManagerComponentClientFacet_SyncDebugInfo	0x1425A1C10	2	13	2	0	0	1	0	3	1
32E90DF6-F833-4319-83D0-122E36F4AF62	2269	Javelin::ClientMessages::AITargetSelectorComponentClientFacet_ReceiveTargetInfo	0x14259F6E0	1	8	1	0	0	1	0	1	0
09E9DA8E-EDF2-46B3-8F4F-64AA60A84A68	2275	Javelin::ClientMessages::AITargetSelectorComponentClientFacet_ReceiveDetailedTargetInfo	0x14259F9C0	1	33	6	0	0	4	0	3	4
598A4F54-136D-4979-905E-5A702487F355	4903	Javelin::ClientMessages::AITargetSelectorComponentClientFacet_ReceiveAggroDelay	0x14259FF00	1	5	1	0	0	1	0	0	0
BFA44EB7-F04E-4B00-95EC-7A0D5CD40F6A	5369	Javelin::ClientMessages::AITargetSelectorComponentClientFacet_ReceiveReachabilityRange	0x1425A00A0	1	5	1	0	0	1	0	0	0
6E7AC2D5-10F2-472F-BC49-83B4911B57AA	2279	Javelin::ClientMessages::AITargetSelectorComponentServerFacet_StartDebugging	0x1425A0270	2	10	1	0	1	0	0	2	0
5006EC8F-20DF-4E5C-A078-08FECC9A2100	1842	Javelin::ClientMessages::AITargetSelectorComponentServerFacet_StopDebugging	0x1425A05E0	2	10	1	0	1	0	0	2	0
979BE112-7C5A-4472-9DFD-7CFBFDE27784	4926	Javelin::ClientMessages::BlackboardComponentClientFacet_SyncDebugData	0x1425A3FF0	1	19	2	0	0	0	0	0	2
9BDEC47A-690D-4780-8F88-083DDB6122C7	2285	Javelin::ClientMessages::BossPhaseComponentServerFacet_DebugRequestPhaseChange	0x14259F430		5	0	0	0	0	0	0	0
DB2A5AE5-8217-40EE-930D-192F4ECD1CD3	1445	Javelin::ClientMessages::PositionalTicketingComponentClientFacet_SyncDebugData	0x1425EEA10	2	19	2	0	0	4	0	0	2
CA011FF3-648D-4960-9E77-20F5B924C772	2311	Javelin::ClientMessages::BehaviorTreeComponentClientMessages_ClientTestFunctionMsg	0x1425F2070	1	5	1	0	0	1	0	0	0
B9F91118-938E-4163-A838-A74294EF31C9	301	Javelin::ClientMessages::BehaviorTreeComponentServerFacet_RegisterClientForDebugSnapshots	0x1425F0AB0	2	10	1	0	1	0	0	2	0
CD15CC22-60A5-44EF-9B13-5B717E9B62AB	1113	Javelin::ClientMessages::BehaviorTreeComponentServerFacet_UnregisterClientForDebugSnapshots	0x1425F0BC0	2	10	1	0	1	0	0	2	0
3E482F23-FD13-4F99-B7DA-C7F9CD9444EF	1902	Javelin::ClientMessages::BehaviorTreeComponentServerFacet_InvalidatePlan	0x1425F0DC0		5	0	0	0	0	0	0	0
1CA5E884-CA0C-425A-A231-D307B9EEEBE4	2318	Javelin::ClientMessages::BehaviorTreeComponentServerFacet_PauseTreeUpdates	0x1425F0FB0	2	6	1	0	0	0	0	1	0
813E9BBD-ECFA-4970-B7BC-F4785FBE1202	2319	Javelin::ClientMessages::BehaviorTreeComponentServerFacet_StepTreeUpdate	0x1425F11A0	1	5	1	0	1	0	0	0	0
8D7CEB77-1522-46CB-93C3-65F610F23FDD	6109	Javelin::ClientMessages::BehaviorTreeComponentServerFacet_DebugNode	0x1425F1520	1	5	1	0	2	0	0	2	0
91B0DE2B-1142-4966-B1F5-7EE9CAE97273	2320	Javelin::ClientMessages::BehaviorTreeComponentServerFacet_DebugAssignBehaviorTreeAsset	0x1425F18E0	1	5	1	0	1	0	0	1	0
B053C1D4-0C3A-46BF-BA8B-71EA9145F659	5646	Javelin::ClientMessages::BehaviorTreeComponentServerFacet_DebugSetBehaviorTreeNodeOverrideFlag	0x1425F1C20	2	6	1	0	2	0	0	2	0
7777CF10-ABEC-458A-A038-783A80478F82	1549	Javelin::ClientMessages::BehaviorTreeComponentClientFacet_ReceiveDebugSnapshot	0x1425F1F60	2	17	2	0	0	0	1	3	2
8D4A86E7-68DA-466A-A126-914A6761BC7C	6370	Javelin::ClientMessages::BehaviorTreeComponentClientFacet_SyncPausePlanning	0x1425F2430	1	5	1	0	0	0	0	1	0
6F627F2A-2218-4E3E-9408-4BD8A9104742	160	Javelin::ClientMessages::BehaviorTreeComponentClientFacet_ClearDebugSnapshot	0x1425F26C0		5	0	0	0	0	0	0	0
CFC510A2-8583-466B-84BB-CA0D184AB6D6	2264	Javelin::ClientMessages::BehaviorTreeComponentServerFacet_DebugPositionSelection	0x1425F28B0	3	8	2	0	0	0	0	5	0
97C12644-B2F9-4B4A-9C46-79E3CB9C425E	347	Javelin::Spawner::ClientMessages::DarknessControllerComponentClientFacet_SyncRegistrationInformation	0x1426AF970	2	14	1	0	2	0	0	0	1
2F5E7725-AFA9-4AE5-A08B-F7AD566EC8C7	466	Javelin::Spawner::ClientMessages::DarknessControllerComponentClientFacet_SyncStateInformation	0x1426AFD80		6	0	0	0	0	0	0	0
FA7A4402-EBAA-41CB-83FB-FC13C2B0FDA8	2325	Javelin::Spawner::ClientMessages::DarknessControllerComponentServerFacet_HardReset	0x1426B0110		5	0	0	0	0	0	0	0
4D88622E-8BA1-4811-9164-E95EA4236AEC	644	Javelin::Spawner::ClientMessages::DarknessControllerComponentServerFacet_HardResetAll	0x1426B02D0		5	0	0	0	0	0	0	0
3E852A39-A448-4A97-B8EC-51331053CE4B	2329	Javelin::Spawner::ClientMessages::DarknessControllerComponentServerFacet_SimulateDarknessForDurationDebug	0x1426B0430	1	5	1	0	1	0	0	0	0
AE44FE9D-E82C-442A-B3A8-90B64FF96993	2331	Javelin::Spawner::ClientMessages::DarknessControllerComponentServerFacet_ResetAndSetupForNewCycleDebug	0x1426B0770		5	0	0	0	0	0	0	0
888FD11B-DE92-4F62-A77C-55907EA442E2	2332	Javelin::Spawner::ClientMessages::DarknessControllerComponentServerFacet_ActivateGroupDebug	0x1426B0940	1	5	1	0	1	0	0	0	0
FFE749BE-7776-4228-8B8C-AAD22F90D520	2335	Javelin::Spawner::ClientMessages::DarknessControllerComponentServerFacet_RegisterClientForDebug	0x1426B0A10	3	11	1	0	1	0	0	2	0
A8275CB8-3DCD-4658-BDA8-8E286CC826F0	628	Javelin::Spawner::ClientMessages::DarknessControllerComponentServerFacet_UnregisterClientForDebug	0x1426B0C30	3	11	1	0	1	0	0	2	0
514369AE-0984-4BB6-B90C-B5555F622267	1278	Javelin::ClientMessages::EncounterComponentClientFacet_SyncStateChange	0x1426D5EB0	1	5	1	0	1	0	0	0	0
9B53682A-735A-4A9B-9745-D07BDDE9F70B	2337	Javelin::ClientMessages::EncounterComponentServerFacet_DebugCompleteObjective	0x1426D6070	1	5	1	0	1	0	0	1	0
AC7A585B-98DF-4993-9C3D-D60E6F2CB769	2338	Javelin::ClientMessages::EncounterManagerComponentClientFacet_SyncDebugInfo	0x1426FBEA0	3	25	4	0	3	0	0	1	7
4D37BF3E-A774-44A5-AAC9-AD908A2F8CDC	2342	Javelin::ClientMessages::EncounterManagerComponentServerFacet_DebugStartEncounter	0x1426FBFC0	1	5	1	0	0	0	0	1	0
57A7C951-2ADC-4716-80F4-5C29BB86434A	2178	Javelin::ClientMessages::EncounterManagerComponentServerFacet_DebugResetEncounter	0x1426FC090	1	5	1	0	0	0	0	1	0
7B26B7E7-7771-4284-B1E9-4FBDDBB581E1	2344	Javelin::ClientMessages::EncounterManagerComponentServerFacet_RegisterClientForDebug	0x1426FC210	3	11	1	0	1	0	0	2	0
DA8BFEBD-390A-4C59-8D6B-E2DED4FC1AEC	2099	Javelin::ClientMessages::EncounterManagerComponentServerFacet_UnregisterClientForDebug	0x1426FC320	3	11	1	0	1	0	0	2	0
7184ECC8-BE1F-4D7E-AC8B-5E2A3F17A042	2167	Javelin::ClientMessages::EncounterRewardsComponentServerFacet_Debug_DistributeRewards	0x1426FF400	1	5	1	0	0	0	0	1	0
CE0F6A87-EEAA-4217-A93F-2F0ACEC748F7	915	Javelin::ClientMessages::EncounterRewardsComponentClientFacet_OnSyncEncounterRewards	0x1426FF4D0	1	5	1	0	1	0	0	0	0
D4F3C310-7317-4E07-B0CD-7CBB2E73C9E6	2363	Javelin::ClientMessages::ParticipantTrackerComponentClientFacet_SyncParticipantData	0x142722EF0		16	0	0	0	0	0	0	0
2E334400-DAD7-4EC0-8C18-65ECE17B8361	1674	Javelin::ClientMessages::ParticipantTrackerComponentServerFacet_RegisterClientForDebug	0x142723100	2	10	1	0	1	0	0	2	0
7321C166-4176-443D-81D5-1ABFF61F7565	2365	Javelin::ClientMessages::ParticipantTrackerComponentServerFacet_UnregisterClientForDebug	0x142723210	2	10	1	0	1	0	0	2	0
23054447-4EC6-489A-A826-0CC2D6CFEE12	2392	Javelin::ClientMessages::ArenaComponentClientFacet_OnArenaActivateResult	0x14274A6B0	1	5	1	0	0	0	0	1	0
565DE385-B2D1-4129-AD6D-E8B68BEC7329	2400	Javelin::ClientMessages::PlayerArenaComponentClientFacet_OnArenaActivated	0x1427494F0	1	5	1	0	0	1	0	0	0
F24C95B5-CFE8-4E01-8539-A9C154075810	926	Javelin::ClientMessages::PlayerArenaComponentServerFacet_ForfeitArena	0x1427495C0	1	5	1	0	0	0	0	1	0
BA03E36D-9322-4457-ACF1-764DD30385CF	946	Javelin::ClientMessages::PlayerArenaComponentServerFacet_TeleportIntoDungeon	0x142749740		5	0	0	0	0	0	0	0
343F7DF2-41F4-4863-AC27-E6E9E6193ACF	5039	Javelin::ClientMessages::PlayerArenaComponentServerFacet_RequestRemoteInteract	0x142749820	1	5	1	0	1	0	0	0	0
695842BB-E7FE-44FB-A21D-306A3DC5FBFF	5037	Javelin::ClientMessages::PlayerArenaComponentServerFacet_RequestRemoteEnterDungeon	0x142749A60		14	0	0	0	0	0	0	0
F69CC656-CE69-458C-B5FE-1B8F5B629BD4	5038	Javelin::ClientMessages::PlayerArenaComponentClientFacet_OnRemoteInteractResult	0x142749E00	1	5	1	0	1	0	0	1	0
1F3193A9-817F-44DD-AFD8-891993F65199	6776	Javelin::ClientMessages::PlayerArenaComponentClientFacet_OnDungeonActivateRemoteResult	0x142749FC0	1	5	1	0	1	0	0	0	0
D2A3E306-D56D-421D-AF7E-E7BDC0B9ED35	6864	Javelin::ClientMessages::PlayerArenaComponentClientFacet_OnEnterDungeonRequestIgnoredMsg	0x14274A140		5	0	0	0	0	0	0	0
54E03DE8-753C-4F33-9EC2-AA0562100B18	6058	Javelin::ClientMessages::PlayerArenaComponentServerFacet_DebugAdvanceEncounterToNextState	0x14274A380	1	5	1	0	1	0	0	0	0
3FB5E45E-0662-42DB-BC09-747A361528A1	6860	Javelin::ClientMessages::PlayerArenaComponentServerFacet_DebugResetEncounters	0x14274A870	1	5	1	0	1	0	0	1	0
9716247B-A013-4006-87BE-14B5A4AF5DC8	6638	Javelin::ClientMessages::PlayerArenaComponentServerFacet_NotifyPlayerOfFtueQTECompletion	0x14274A940	1	5	1	0	1	0	0	0	0
6BBD4029-C12B-4427-857A-5E3302ED8B9F	2408	Javelin::ClientMessages::AttributeComponentServerFacet_DebugRequestAddAttributePoints	0x142748350	1	5	1	0	1	0	0	0	0
BD658A13-93B4-4E28-B69C-64ED1D4512D3	182	Javelin::ClientMessages::AttributeComponentServerFacet_DebugRequestMaxAttributes	0x142748640		5	0	0	0	0	0	0	0
9F759BE2-2FEA-4D9B-8572-366BFD07DE70	2409	Javelin::ClientMessages::AttributeComponentServerFacet_RequestRefundSpentPoints	0x1427488D0		5	0	0	0	0	0	0	0
63E99705-4F61-42F8-B0E8-B5985DF97C69	6397	Javelin::ClientMessages::AttributeComponentServerFacet_SetPlacingBonusBehavior	0x1427489A0	1	14	1	0	1	0	0	0	0
AA0AB2A2-D9E0-4B6E-801F-932FCDE83AEB	1502	Javelin::ClientMessages::AttributeComponentServerFacet_RequestSpendAttributePoints	0x142748B60	2	12	1	0	2	0	0	0	2
BDBDA690-CE4C-4CF3-9F26-1239B87B45E8	2413	Javelin::ClientMessages::BotComponentClientFacet_ReceiveServerPickRandomEntityInAabbResponse	0x1427D2700	1	9	2	0	1	3	0	1	0
53F1DC6C-84C6-403A-BF51-42663BBD3569	2414	Javelin::ClientMessages::BotComponentClientFacet_ReceiveServerTransformChange	0x1427D2C60	1	10	1	0	0	0	0	1	0
0013C288-7F3C-400C-A125-35A9717EF1C0	2416	Javelin::ClientMessages::BotComponentClientFacet_ClientReceivePath	0x1427D3070	2	13	1	0	0	0	0	0	1
05C77DE5-3A12-4C98-807A-CC3B6805761E	5736	Javelin::ClientMessages::BotComponentClientFacet_ClientReceiveClosestPtOnNavMesh	0x1427D3910	2	6	1	0	0	3	0	0	0
D6FCC087-1C2D-4788-B5FB-AE9AB0BB66C1	1817	Javelin::ClientMessages::BotComponentClientFacet_ClientReceiveGridSpace	0x1427D3ED0	1	5	1	0	0	0	4	0	0
846C042C-2973-452D-94DC-5AC121FFFE02	6126	Javelin::ClientMessages::BotComponentClientFacet_ClientReceiveGridLayoutInfo	0x1427C7700		5	0	0	0	0	0	0	0
147E2E5C-87AA-4F72-B849-79383A2BEA18	2044	Javelin::ClientMessages::BotComponentClientFacet_ClientBootstrapResponse	0x1427C7A30		5	0	0	0	0	0	0	0
8CAA886D-0BE0-4EAD-A913-5D7B5F7306C5	2417	Javelin::ClientMessages::BotComponentClientFacet_PlayerTeleportExecuted	0x1427C7D20	3	29	4	0	4	3	0	1	0
514FDC4C-26B6-43A9-AA5D-2321B905D43A	2038	Javelin::ClientMessages::BotComponentClientFacet_PlayerTeleportFailed	0x1427C85E0	3	29	4	0	4	3	0	1	0
0CEAA5BD-77B7-4C32-9759-2D7E42C60633	2419	Javelin::ClientMessages::BotComponentClientFacet_PlayerTeleportDenied	0x1427C8F90	1	29	5	0	4	3	0	2	0
4C4C3B91-CCFD-4EF1-B0F6-8B3BA449EA6F	309	Javelin::ClientMessages::BotComponentClientFacet_PlayerTeleportCanceled	0x1427C9420	3	29	4	0	4	3	0	1	0
EF81AB19-FF9B-44F6-A6C0-6930BF696B5D	2421	Javelin::ClientMessages::BotComponentServerFacet_ServerRequestPath	0x1427C9C00		5	0	0	0	0	0	0	0
B6E3471C-037E-4CC3-8DFF-71884683AC8C	5734	Javelin::ClientMessages::BotComponentServerFacet_ServerRequestClosestPtOnNav	0x1427CA3A0		5	0	0	0	0	0	0	0
C398C3E4-3797-4D92-BBD4-56E758D4F21F	1789	Javelin::ClientMessages::BotComponentServerFacet_ServerRequestGridSpace	0x1427CA490		5	0	0	0	0	0	0	0
E6E28D36-94A6-4211-A2FD-38C8067AAAB0	6127	Javelin::ClientMessages::BotComponentServerFacet_ServerRequestGridLayoutInfo	0x1427CAA00		5	0	0	0	0	0	0	0
F3D1030B-E244-4184-8956-5BF485795143	6013	Javelin::ClientMessages::BotComponentServerFacet_ServerReportBotTaskStart	0x1427CB030	1	13	2	1	0	0	0	0	1
3E8FA076-97CA-4982-8556-3D2C82B01364	6014	Javelin::ClientMessages::BotComponentServerFacet_ServerReportBotTaskEnd	0x1427CB150	2	13	2	1	0	0	0	1	1
E3C14108-49AB-4F09-9336-FDA989AAA1A1	6015	Javelin::ClientMessages::BotComponentServerFacet_ServerProcessBotTaskReports	0x1427CBA10	2	24	2	3	0	0	0	0	2
AE21A920-F449-420F-AE8C-A62048C822AA	2059	Javelin::ClientMessages::BotComponentServerFacet_ReceivePickRandomEntityInAabb	0x1427CC310	1	7	1	0	1	0	0	0	0
59EE967D-3BF8-4DE6-8CAD-363CA62FE99E	2427	Javelin::ClientMessages::BotComponentServerFacet_ReceiveSubscribeToTransformChanges	0x1427CC6F0	1	8	1	0	0	0	0	1	0
15C6DC08-FC46-4B3C-B9D7-240D003B83FF	2428	Javelin::ClientMessages::BotComponentServerFacet_ReceiveUnsubscribeFromTransformChanges	0x1427CC950	1	8	1	0	0	0	0	1	0
153D7E3A-D9A1-4F57-BB38-3B077E38D4A0	1811	Javelin::ClientMessages::BotComponentServerFacet_SpawnSlice	0x1427CCF20	2	26	2	1	1	0	0	2	0
CFEE8D00-37AF-4D6B-BD72-227330BA8798	6681	Javelin::ClientMessages::BotComponentServerFacet_StopActors	0x1427CD1D0	2	14	1	0	0	0	0	0	1
E8FB42C5-8F2B-4410-8BD5-06575B557807	6682	Javelin::ClientMessages::BotComponentServerFacet_StopAllActors	0x1427CD760		5	0	0	0	0	0	0	0
E920D6A6-0763-4380-8EDD-BC801FA36C61	2431	Javelin::ClientMessages::BotComponentServerFacet_RequestBootstrapAlongPath	0x1427CDDA0	2	6	1	0	0	3	0	0	0
687C3E0D-643D-4226-B719-3E94253E4DEE	5733	Javelin::ClientMessages::BotComponentServerFacet_RequestBootstrapAroundRadius	0x1427CE730	1	6	2	0	0	4	0	0	0
146E5796-2E2D-4D8F-9A4C-3045E1D5EF03	954	Javelin::ClientMessages::BotComponentServerFacet_SyncClientRegistryFromServer	0x1427CEA00		5	0	0	0	0	0	0	0
4C41978C-7522-4A0C-88BE-6F5864176BA3	1983	Javelin::ClientMessages::BotComponentServerFacet_SyncServerRegistryFromClient	0x1427CEAD0	2	24	2	0	0	0	0	0	2
CE858661-3F2F-48E6-805E-A3E8B2CAE830	1154	Javelin::ClientMessages::BotComponentClientFacet_ClReceiveServerRegistry	0x1427CF0D0	2	24	2	0	0	0	0	0	2
4470F9B2-AB0D-4015-8D9A-F831E1AD6041	6753	Javelin::ClientMessages::BotComponentClientFacet_RemoteScriptDebugVictimGetStatus	0x1427CC180	2	9	1	0	0	0	0	1	0
D351D4BD-79FD-4CF4-AA3A-69EAA0AEAA5D	6751	Javelin::ClientMessages::BotComponentServerFacet_RemoteScriptDebugVictimStatusResponse	0x1427CC580	2	16	2	0	2	0	0	1	1
FEEC8816-D81F-4A95-A8AF-D671859C2A8D	6755	Javelin::ClientMessages::BotComponentClientFacet_RemoteScriptDebuggerStatusResponse	0x1427CC840	4	14	1	0	2	0	0	0	1
7916B3E3-0D4B-4ADE-A65F-90BE22EF34CE	6756	Javelin::ClientMessages::BotComponentClientFacet_RemoteScriptDebugVictimStep	0x1427CCDE0	2	9	1	0	0	0	0	1	0
D632ED24-2D69-4678-A2E6-E51DFFA9AEA7	6757	Javelin::ClientMessages::BotComponentClientFacet_RemoteScriptDebugVictimStart	0x1427CD090	2	9	1	0	0	0	0	1	0
B42B8ED2-772C-4BF9-998A-FA0149E90806	6738	Javelin::ClientMessages::BotComponentClientFacet_RemoteScriptDebugVictimStop	0x1427CD620	2	9	1	0	0	0	0	1	0
83EDB623-A307-47CD-848D-B494901EA017	2540	Javelin::ClientMessages::BotComponentServerFacet_ServerRegisterBot	0x142953980	1	5	1	0	1	0	0	0	0
905B9FA3-0302-44E4-B50B-60955775CD9C	2542	Javelin::ClientMessages::BotComponentServerFacet_ReceiveClientHeartbeatResponse	0x142954400	3	13	1	0	0	0	0	0	1
A5792DA8-C712-4F96-B45E-BDE28E30F076	1539	Javelin::ClientMessages::BotComponentServerFacet_ReceiveRegisteredBotsRequestFromMyClient	0x142954960	1	6	1	0	1	0	0	0	0
94620831-2ED9-4858-910F-6D935ADE9165	2543	Javelin::ClientMessages::BotComponentServerFacet_ReceiveBotLocationRequestFromMyClient	0x142954AF0	2	9	1	0	0	0	0	1	0
348BE46B-75DE-4B44-9AF1-906A5FCAB03A	2146	Javelin::ClientMessages::BotComponentServerFacet_ReceiveMessageHistoryResponseFromMyClient	0x142955240	2	20	3	0	0	0	0	2	1
6A74FFE3-3813-45D4-A88B-CCBFB96F503E	2544	Javelin::ClientMessages::BotComponentServerFacet_ReceiveMessageCountsResponseFromMyClient	0x142955F80	2	21	3	0	0	0	0	2	1
2D463155-8EF4-40F1-B0DE-DB243A556104	1052	Javelin::ClientMessages::BotComponentServerFacet_ReceiveMessageHistoryRequestFromMyClient	0x142956A40	2	9	1	0	0	0	0	1	0
0E24650C-D6C9-4A4B-9E42-4E85389B65B1	2545	Javelin::ClientMessages::BotComponentServerFacet_ReceiveMessageCountsRequestFromMyClient	0x142956EB0	2	9	1	0	0	0	0	1	0
D1FC0D27-2B07-4E81-9A9F-4574FC1549B6	2547	Javelin::ClientMessages::BotComponentServerFacet_RegisterBotForOrchestration	0x1429571E0	1	13	2	0	1	0	0	0	1
6564170D-0777-44AC-9F5A-C6EC696FEA75	2550	Javelin::ClientMessages::BotComponentServerFacet_UnregisterBotForOrchestration	0x1429577C0	3	13	1	0	0	0	0	0	1
D5620E3F-7D21-4517-AEDC-9F498284B21B	5244	Javelin::ClientMessages::BotComponentServerFacet_ClearAllBotGroups	0x1429579C0		5	0	0	0	0	0	0	0
8E10889E-84E7-4308-8EC3-71D74F0F2D69	2552	Javelin::ClientMessages::BotComponentServerFacet_AutoGroup	0x142958090	1	5	1	0	1	0	0	0	0
021A0E5E-3561-42DE-A731-F36A368344B7	912	Javelin::ClientMessages::BotComponentServerFacet_OrchestrationOnTaskCompletion	0x142958570	1	13	2	0	2	0	0	0	1
14B18DDC-EF37-4741-8734-6B3E47C72494	2553	Javelin::ClientMessages::BotComponentServerFacet_SetGroupRegistryValue	0x142959060	3	12	1	0	0	0	0	0	1
A16B0BEA-38F6-4549-BF9B-431192025093	2555	Javelin::ClientMessages::BotComponentClientFacet_ClSetRegistryValueString	0x142959880	3	14	1	0	0	0	0	0	1
6DFE707C-047D-4D50-9DE4-E6720EE376CC	864	Javelin::ClientMessages::BotComponentClientFacet_ClSetRegistryValueVector	0x142959E80	2	16	2	0	0	0	0	0	2
BD4AE7D1-B0FC-4045-89B3-E33AC772D7D6	2560	Javelin::ClientMessages::BotComponentClientFacet_ClSetRegistryValueGDERef	0x142948B60	1	16	2	0	0	0	0	1	1
C77FDF7F-5119-4517-8E2F-8BA13F628F0A	270	Javelin::ClientMessages::BotComponentClientFacet_ClHeartbeatRequest	0x1429490E0		5	0	0	0	0	0	0	0
0B87E3AE-D6AD-4A9D-8DA2-3595A3F61880	2426	Javelin::ClientMessages::BotComponentClientFacet_ReceiveRegisteredBotsResponse	0x1429491D0	1	26	5	0	1	3	0	1	2
D85C0AF3-5D22-4C74-9703-8E0959DB2803	2561	Javelin::ClientMessages::BotComponentClientFacet_ReceiveBotLocationResponse	0x142949C70	1	9	2	0	0	3	0	1	0
7E3D0C34-C6D0-43B5-BDFC-6F4E91E3DE5F	2563	Javelin::ClientMessages::BotComponentClientFacet_ReceiveServerMessageHistoryRequest	0x14294A260	2	9	1	0	0	0	0	1	0
BD7C4F28-1082-4BE3-B03C-D6746ADF0D38	2272	Javelin::ClientMessages::BotComponentClientFacet_ReceiveServerMessageHistoryResponse	0x14294A4C0	2	20	3	0	0	0	0	2	1
5B967998-096A-470D-AE36-274DBAE457A1	2564	Javelin::ClientMessages::BotComponentClientFacet_ReceiveServerMessageCountsRequest	0x14294B500	2	9	1	0	0	0	0	1	0
321F3792-D289-47EB-9766-1E616E47AF0C	2565	Javelin::ClientMessages::BotComponentClientFacet_ReceiveServerMessageCountsResponse	0x14294BAF0	2	21	3	0	0	0	0	2	1
67458CBB-EE3B-4B12-A92C-1EBBFDDF2BCA	732	Javelin::ClientMessages::BotComponentClientFacet_ClDebugSpawnSliceCallback	0x14294BEE0	1	11	3	0	1	3	0	2	0
E19D370A-38DF-4130-B559-DE016C977A28	1192	Javelin::ClientMessages::BotComponentServerFacet_CreateOrJoinDungeon	0x14294A3A0	2	18	3	0	1	3	0	1	1
555EE379-6EC1-4019-A661-57BB30690389	2503	Javelin::ClientMessages::BotComponentServerFacet_DestroyDungeon	0x14294B430	2	6	1	0	0	0	0	1	0
346CD95B-D143-43F3-B49E-702EED193D58	4984	Javelin::ClientMessages::BotComponentServerFacet_DebugJoinDungeonQueue	0x14294B960	1	8	1	0	1	0	0	1	0
F26260DD-2E95-467E-9AA4-DDE4F47C3D6D	2569	Javelin::ClientMessages::BotComponentClientFacet_ClientCheckGuildNameAvailableResponse	0x14294C710	2	12	3	0	1	0	0	1	1
FA1AB756-6136-4FCD-9B6C-AD0B6954648A	2574	Javelin::ClientMessages::BotComponentClientFacet_ClientCreateGuildResponse	0x14294D250	3	19	3	0	1	0	0	0	2
958AE131-C8B7-4283-AE90-BCF2763F619A	764	Javelin::ClientMessages::BotComponentClientFacet_ClientGetGuildResponse	0x14294D910	3	19	3	0	1	0	0	0	2
B97A8B5C-D6E1-4381-8602-AF5B83DB9C74	2578	Javelin::ClientMessages::BotComponentClientFacet_ClientPatchGuildResponse	0x14294DFE0	2	21	3	0	1	0	0	0	2
0BE33FAB-78B6-48EB-8E34-DB0DA72B8550	2579	Javelin::ClientMessages::BotComponentClientFacet_ClientDeleteGuildResponse	0x14294E560	2	12	3	0	1	0	0	1	1
AB628D07-74E4-494B-96D2-2CCCEB174853	995	Javelin::ClientMessages::BotComponentServerFacet_CheckGuildNameAvailable	0x14294EF10	3	13	1	0	0	0	0	0	1
022FA4AD-62DD-4961-AB03-524FC8AF79CC	2585	Javelin::ClientMessages::BotComponentServerFacet_CreateGuild	0x14294F2A0	2	17	1	0	0	0	0	0	1
E02F3000-4F92-42CA-B4A0-A5B286FAFB63	375	Javelin::ClientMessages::BotComponentServerFacet_GetGuild	0x14294F900	1	5	1	0	0	0	0	1	0
8112D766-5F3A-489D-AFC2-94EE4C069E98	1012	Javelin::ClientMessages::BotComponentServerFacet_PatchGuild	0x142950B20	2	17	1	0	0	0	0	0	1
E85BEFA7-122D-4922-A3AC-8E2AF3D60FA6	2347	Javelin::ClientMessages::BotComponentServerFacet_DeleteGuild	0x1429514A0	2	17	1	0	0	0	0	0	1
9B0A280F-5F54-461A-8B52-B04AB95C0EE1	1776	Javelin::ClientMessages::BotComponentServerFacet_GetByContent	0x142951980	3	12	1	0	0	0	0	0	1
D354D5A9-A9BD-420E-8954-425F224E44F4	2592	Javelin::ClientMessages::BotComponentClientFacet_ClientGetByContentResponse	0x142951D80	3	19	3	0	1	0	0	0	2
265C5418-0DA1-4C66-B175-E70C7BE2F3A3	2594	Javelin::ClientMessages::BotComponentServerFacet_GetByOrdering	0x142952A70	2	15	2	0	1	0	0	1	1
CF5523B0-333F-4269-AA40-8A0286CE6792	2159	Javelin::ClientMessages::BotComponentClientFacet_ClientGetByOrderingResponse	0x142952E10	2	23	3	0	1	0	0	0	2
DC4DDC55-32B3-4409-B2DB-EC098CFDAA70	2598	Javelin::ClientMessages::BotComponentClientFacet_ClientOnGetCharacterResponse	0x142954C50	4	24	2	0	1	0	0	0	1
8FBE8EB1-E36D-49B0-9734-FD70AE904CF4	2599	Javelin::ClientMessages::BotComponentClientFacet_ClientOnPublishCharacterMetadataResponse	0x1429558E0	1	5	1	0	0	0	0	1	0
067254D2-C168-4BCA-82D9-A82C72813305	278	Javelin::ClientMessages::BotComponentClientFacet_ClientOnPublishCharacterSocialDataResponse	0x142956610	1	5	1	0	0	0	0	1	0
740C7C1A-BCFD-49FE-9DED-B4C5A6AFC449	2600	Javelin::ClientMessages::BotComponentClientFacet_ClientOnNamePrefixSearchResponse	0x142956DA0		6	0	0	0	0	0	0	0
DEBA9C71-8B15-43C4-95AC-56486FF78186	2601	Javelin::ClientMessages::BotComponentServerFacet_ServerGetCharacterData	0x1429570A0	3	13	1	0	0	0	0	0	1
6BD1DCBB-1435-46BD-BDF0-54BE4D17BD85	2301	Javelin::ClientMessages::BotComponentServerFacet_ServerPublishCharacterMetadata	0x142957470	2	24	7	0	4	4	0	2	3
219C4973-7786-4736-8851-1469775B2460	2086	Javelin::ClientMessages::BotComponentServerFacet_ServerPublishCharacterSocialData	0x1429578B0	3	14	1	0	0	0	0	0	1
D9B0754A-DE87-40ED-96AB-CAFE92BCD1B6	1969	Javelin::ClientMessages::BotComponentServerFacet_ServerNamePrefixSearch	0x142957A90	3	14	1	0	0	0	0	0	1
F9406198-10AE-4F53-99BA-17A6CE1352DF	2065	Javelin::ClientMessages::BotComponentServerFacet_InitTransaction	0x142972EB0	2	9	1	0	0	0	0	1	0
11783D24-A758-4061-91BC-A3A5DAFE0105	2297	Javelin::ClientMessages::TerritoryDetectorComponentServerFacet_AttemptTerritoryUnlock	0x1429BFE50	1	9	2	1	1	0	0	1	0
8979AFE6-8195-46C7-96FF-CE28785678F0	6416	Javelin::ClientMessages::TerritoryDetectorComponentServerFacet_AttemptTerritoryExit	0x1429C0090	1	9	2	1	0	0	0	1	0
C88A484B-D263-4DF5-9083-41123ACEB7C1	2690	Javelin::ClientMessages::TerritoryDetectorComponentClientFacet_OnReceiveServerDebugData	0x1429C04B0	2	14	1	1	0	0	0	0	1
D0B64BD4-9D9C-4876-B61D-9B02337E5C5F	2692	Javelin::ClientMessages::TerritoryDetectorComponentServerFacet_DebugRequestServerData	0x1429C0870	2	10	1	0	1	0	0	2	0
9EE4E47D-8AC5-4914-8D2D-EAD7C213700E	2696	Javelin::ClientMessages::TerritoryDetectorComponentServerFacet_DEBUG_ClaimCurrentTerritory	0x1429C0B60		5	0	0	0	0	0	0	0
29E1849E-ADB0-45D5-BD5D-AFB096104185	5081	Javelin::ClientMessages::TerritoryDetectorComponentServerFacet_DEBUG_UnclaimCurrentTerritory	0x1429C0C30		5	0	0	0	0	0	0	0
42C83439-DF39-4898-A054-B06A56D22505	2234	Javelin::ClientMessages::ActionConditionCacheComponentServerFacet_SetCachingDisabled	0x1429BD360	1	5	1	0	0	0	0	1	0
C3AB71F9-3530-41A2-8EDC-A417400F5532	2515	Javelin::ClientMessages::PlayerSettingsComponentServerFacet_ReceiveSettingsFromClient	0x142A564B0	1	5	1	0	1	0	0	0	0
F4DAAE0B-605F-4C51-A879-BDE7018BB266	6845	Javelin::ClientMessages::PvPSpectatorCamControllerComponentServerFacet_RequestStopSpectating	0x142CA9350		5	0	0	0	0	0	0	0
19CBD835-0001-46B9-9E80-E326C5ED3CC0	6635	Javelin::ClientMessages::PlayerPositionTrackingComponentServerFacet_RequestAISpawnManagerDespawn	0x142CD6A50		5	0	0	0	0	0	0	0
6EB512FD-DA31-4243-82AE-FB8903E9EA77	2780	Javelin::ClientMessages::PlayerPositionTrackingComponentServerFacet_RequestAISpawnManagerDebugInfo	0x142CD6D40	1	5	1	0	0	1	0	0	0
116E16F3-7E45-47A5-A8FC-12C96F2FF823	357	Javelin::ClientMessages::PlayerPositionTrackingComponentClientFacet_ReceiveAISpawnManagerDebugInfo	0x142CD70F0	2	19	3	0	3	0	0	0	2
D04439FF-481E-41E9-A7D7-0433FF423CDA	2933	Javelin::ClientMessages::GlobalStorageComponentServerFacet_DebugRequestReplicateAllStorage	0x142CD33A0		5	0	0	0	0	0	0	0
6AE40F9C-00FA-4345-A7A3-021D29BA4BEB	2935	Javelin::ClientMessages::GlobalStorageComponentServerFacet_DebugRequestOpenStorageSession	0x142CD3470	1	9	1	0	0	0	0	1	0
DBCDB054-AD79-4ABE-A29D-80247AC380B9	2937	Javelin::ClientMessages::GlobalStorageComponentServerFacet_DebugClearAllStorage	0x142CD36A0		5	0	0	0	0	0	0	0
7BAFD6A5-531B-4445-975B-440C0B85403F	7000	Javelin::ClientMessages::GlobalStorageComponentServerFacet_DebugClearStorage	0x142CD3800	1	9	1	0	0	0	0	1	0
46D78318-C20E-4CB8-B4A9-7206B550876C	6148	Javelin::ClientMessages::GlobalStorageComponentServerFacet_DebugCheckMergedStorage	0x142CD3F70		5	0	0	0	0	0	0	0
50038A04-2A34-46A1-9BCE-D9E025018676	6149	Javelin::ClientMessages::GlobalStorageComponentServerFacet_DebugRequestForcePersistenceDirty	0x142CD4130	1	9	1	0	0	0	0	1	0
9A5C68A4-A7F3-4A37-BD91-1E0A4E86D599	2698	Javelin::ClientMessages::GlobalStorageComponentServerFacet_DebugCreateItems	0x142CD4230		9	0	0	0	0	0	0	0
B4AF2EAF-A1D0-4036-8354-8EF89DCFCE05	6788	Javelin::ClientMessages::GlobalStorageComponentServerFacet_DebugRemoveItems	0x142CD4370	1	19	2	1	1	0	0	0	1
B460504B-9992-44D9-8DE6-BE38C27C8E2A	387	Javelin::ClientMessages::GlobalStorageComponentServerFacet_SetReplicateStorage	0x142CD49B0	1	9	1	0	0	0	0	1	0
FB7B9CB9-2B73-46A3-A74E-D75F03B15118	1512	Javelin::ClientMessages::GlobalStorageComponentServerFacet_UpdateStorageSession	0x142CD4B20	1	9	1	0	0	0	0	1	0
0E7841CF-C616-4C90-9A6A-45BFE687FCF2	5998	Javelin::ClientMessages::GlobalStorageComponentServerFacet_DebugAddItemsToStorage	0x142CD5070		10	0	0	0	0	0	0	0
4F234D55-188D-4A7D-A10A-02209FDBCEB6	7044	Javelin::ClientMessages::GlobalStorageComponentServerFacet_RequestSearchStorage	0x142CD5300	1	12	2	0	3	0	0	3	0
D1836B76-8685-490A-86EB-E34E042E45F6	7045	Javelin::ClientMessages::GlobalStorageComponentServerFacet_RemoveSimpleItemFromSearchResults	0x142CD5580		5	0	0	0	0	0	0	0
86D7F8ED-FE89-4FA8-BD96-4256922EF2C8	7039	Javelin::ClientMessages::GlobalStorageComponentServerFacet_RequestReplicateStorageSearchResults	0x142CD56C0		5	0	0	0	0	0	0	0
3FF24091-7E75-492C-A165-F9A21A7F3893	7042	Javelin::ClientMessages::GlobalStorageComponentServerFacet_DebugRequestItemLocations	0x142CD5A30	1	12	2	1	1	0	0	1	0
43C02002-6344-450C-8237-93CDD8FDDCDC	7046	Javelin::ClientMessages::GlobalStorageComponentClientFacet_ReceiveStorageSearchResults	0x142CD5B70	1	17	2	0	0	0	0	1	1
955DF21D-A8EC-4380-8226-396DDBFAA946	7047	Javelin::ClientMessages::GlobalStorageComponentClientFacet_OnStorageSearchResponseReady	0x142CD60C0	1	5	1	0	0	0	0	2	0
AA0A0B64-475A-4828-A050-7B1A3F045493	7048	Javelin::ClientMessages::GlobalStorageComponentClientFacet_ReceiveStorageSearchItems	0x142CD62D0	2	12	2	0	1	0	0	2	1
472254C6-2DCE-459E-AD88-96A57214C9E6	7043	Javelin::ClientMessages::GlobalStorageComponentClientFacet_DebugReceiveItemLocations	0x142CD65A0	2	11	1	0	0	0	0	0	1
4A3F2775-8DCA-47CB-BCEE-B84D5BD82FA1	5436	Javelin::ClientMessages::ItemManagementComponentServerFacet_DebugSyncData	0x142D25D40		5	0	0	0	0	0	0	0
A6B3F00A-8BD8-406A-B978-7180844E4C6E	5432	Javelin::ClientMessages::ItemManagementComponentServerFacet_DebugOwnedItemTransactionTest	0x142D25FC0	1	5	1	1	2	0	0	0	0
1C4DF3BE-03D1-47DC-A7DC-08FC4FFCB8CF	2939	Javelin::ClientMessages::PlayerTradeComponentServerFacet_TakeAllItems	0x142D543F0	2	9	1	0	0	0	0	1	0
46E59A06-0D72-4656-9E06-E3667726AE51	2942	Javelin::ClientMessages::PlayerTradeComponentServerFacet_TakeItem	0x142D54710	2	14	2	0	1	0	0	2	0
462E646C-3726-48C1-AE0B-D7B0060D737E	6928	Javelin::ClientMessages::PlayerTradeComponentServerFacet_EquipItems	0x142D54840	2	15	2	0	1	0	0	2	1
A8638375-E554-4DB5-AA06-B82C9C6026AD	6949	Javelin::ClientMessages::PlayerTradeComponentServerFacet_UnequipItemToContainer	0x142D54E70	1	18	2	0	1	0	0	1	0
A87BDA00-5AFB-4173-8FE2-2F09431133F1	2801	Javelin::ClientMessages::PlayerTradeComponentServerFacet_GiveItem	0x142D551F0	2	14	2	0	1	0	0	2	0
03C755FD-8BA3-4F21-8DBC-10D7D9101F7B	2945	Javelin::ClientMessages::PlayerTradeComponentServerFacet_TakeItemsByClass	0x142D557B0	3	13	1	0	0	0	0	1	0
E99B11E6-BC74-4AFB-8F90-D186147270AD	2946	Javelin::ClientMessages::PlayerTradeComponentServerFacet_GiveItemsByClass	0x142D55AF0	3	13	1	0	0	0	0	1	0
5AD17FB2-BC14-4840-A7CC-05AC06A7B929	1461	Javelin::ClientMessages::PlayerTradeComponentServerFacet_EquipItem	0x142D4E090	2	15	2	0	2	0	0	3	0
D7D9B22F-6F63-42FF-9340-32841E5A82E0	2950	Javelin::ClientMessages::PlayerTradeComponentServerFacet_UnequipItem	0x142D4E9A0	2	15	2	0	2	0	0	2	0
A0687E73-A771-4097-890B-C8048FCCAF08	634	Javelin::ClientMessages::ContractsComponentClientFacet_OnCreateContract	0x142DA8A80	2	8	1	0	0	0	0	1	0
A0481955-6C29-4704-97D3-79DBE2FF15E7	1488	Javelin::ClientMessages::ContractsComponentClientFacet_OnCreateContractId	0x142DA8F70	1	5	1	0	0	0	0	1	0
E9F8F96D-C990-4031-A75C-6DE02AE49A11	223	Javelin::ClientMessages::ContractsComponentClientFacet_OnLookupContracts	0x142DA9280	1	19	4	0	1	0	0	2	2
8C39E814-EBFF-48DC-9CFC-CDB0080A300F	2278	Javelin::ClientMessages::ContractsComponentClientFacet_OnLookupContractsByParticipant	0x142D9BFB0	1	19	4	0	1	0	0	2	2
B7E88904-B0A1-4AAE-8CF8-48CD428462F5	2962	Javelin::ClientMessages::ContractsComponentClientFacet_OnAcceptContract	0x142D9C460	2	8	1	0	0	0	0	1	0
2D4F442E-800C-4403-8393-7629AC515392	2451	Javelin::ClientMessages::ContractsComponentClientFacet_OnPartiallyCompleteContract	0x142D9D280	2	8	1	0	1	0	0	1	0
1D286F21-C3F9-496D-809D-ABBCC59350CB	2964	Javelin::ClientMessages::ContractsComponentClientFacet_OnFullyCompleteContract	0x142D9DB90	2	8	1	0	1	0	0	1	0
43596B1B-26C9-42C7-B6AD-038EE238C529	917	Javelin::ClientMessages::ContractsComponentClientFacet_OnExpireContract	0x142D9DEC0	2	8	1	0	0	0	0	1	0
1C1C8B1D-41F8-4F1D-9414-B42FB8F7B3F4	2965	Javelin::ClientMessages::ContractsComponentClientFacet_OnCancelContract	0x142D9E160	2	8	1	0	0	0	0	1	0
031626C4-D4F9-4F4B-A91D-2727F3EDF162	2967	Javelin::ClientMessages::ContractsComponentClientFacet_OnFailContract	0x142D9E730	2	8	1	0	0	0	0	1	0
B60C3C88-70E1-4BFB-BC49-185DAEC21B98	1117	Javelin::ClientMessages::ContractsComponentClientFacet_OnResolveContract	0x142D9F230	2	8	1	0	0	0	0	1	0
85933F9F-24A9-4CA3-A9A0-DCE455CEE56B	1298	Javelin::ClientMessages::ContractsComponentClientFacet_OnContractActionFailed	0x142D9F540	1	5	1	0	1	0	0	1	0
45A69CC6-F63B-4EDD-B251-72511F65003D	2538	Javelin::ClientMessages::ContractsComponentClientFacet_OnSearchContracts	0x142D9FDB0	1	23	4	0	1	0	0	3	2
ECC2B38C-BA39-459C-A4B6-AD268C96C87E	5210	Javelin::ClientMessages::ContractsComponentClientFacet_OnSearchAggregateTopHitsByFieldContracts	0x142DA04E0	1	26	4	0	0	0	0	1	3
FECF1AB1-BB1F-4942-B9C0-965319F72591	5211	Javelin::ClientMessages::ContractsComponentClientFacet_OnSearchAggregateTopHitsByMatchContracts	0x142DA0A50	1	25	4	0	0	0	0	1	3
7F6E8D9F-A7A4-496B-ADFD-77C9E76F380E	5638	Javelin::ClientMessages::ContractsComponentClientFacet_OnTransferContract	0x142DA0C70	1	21	2	0	0	0	0	5	0
14588C3F-8096-4307-8651-063F86E1E98F	2972	Javelin::ClientMessages::ContractsComponentServerFacet_CreateContractRequest	0x142DA1560	1	19	1	0	1	0	0	1	0
EE8EAA2F-8789-4E86-8A34-370578ABB6E5	2068	Javelin::ClientMessages::ContractsComponentServerFacet_AcceptContractRequest	0x142DA1A30	1	14	1	0	1	0	0	2	0
0D3E8425-D3D7-4CE8-80E3-DA962950353C	2212	Javelin::ClientMessages::ContractsComponentServerFacet_CompleteContractRequest	0x142DA1E80	1	17	1	0	0	0	0	2	0
22C6AD12-6B8D-4FB0-9C3D-880510FCA0DB	2975	Javelin::ClientMessages::ContractsComponentServerFacet_LookupContracts	0x142DA2630	1	14	4	0	3	0	0	2	3
D61428C7-6D83-4DCC-B28C-705C6CE16C8A	2556	Javelin::ClientMessages::ContractsComponentServerFacet_LookupContractsByParticipant	0x142DA2E70		5	0	0	0	0	0	0	0
3322476D-C82D-4F61-A66E-D5E713B5FE6D	5255	Javelin::ClientMessages::ContractsComponentServerFacet_InitiateServerTransferCheck	0x142DA34B0	1	5	1	0	0	0	0	1	0
91A0474E-8BE5-4551-BC26-9C238EE909D0	832	Javelin::ClientMessages::ContractsComponentServerFacet_SearchContracts	0x142DA3E30	2	27	4	0	3	0	0	1	2
73BFD8D9-32B6-48F4-BF4C-00960A613A74	5209	Javelin::ClientMessages::ContractsComponentServerFacet_SearchTopHitsByFieldContracts	0x142DA4160	2	38	8	0	7	0	0	1	6
455A5A0F-436C-47FB-BF5A-D6D0BDB924A9	5212	Javelin::ClientMessages::ContractsComponentServerFacet_SearchTopHitsByMatchContracts	0x142DA42B0	1	44	14	0	11	0	0	1	10
A0F41D0F-78B9-4F87-9D43-649E892AC2DF	5641	Javelin::ClientMessages::ContractsComponentServerFacet_TransferContract	0x142DA49E0	1	5	1	0	1	0	0	4	0
A88B053D-7FDE-44A0-9F8B-1CEA6B12A1FC	5667	Javelin::ClientMessages::ContractsComponentServerFacet_TestMakeGoodWorldTransfer	0x142DA4BF0	2	13	1	0	0	0	0	0	1
BA11D787-67C8-4466-9726-B0D81E38566D	1088	Javelin::ClientMessages::ContractsComponentServerFacet_CreateDebugContract	0x142DA4CF0	1	7	1	0	0	0	0	1	0
A1E514E9-096A-4098-9B6B-7200E53EA137	1225	Javelin::ClientMessages::ContractsComponentServerFacet_CompleteDebugContract	0x142DA55D0	1	13	3	1	4	0	0	2	0
99C7BFD2-4909-458D-9335-E4528048C200	2976	Javelin::ClientMessages::ContractsComponentServerFacet_UpdateDebugContract	0x142DA5DF0	2	25	1	0	1	0	0	1	0
6104A0CA-FB08-4F80-A950-FF12A0750A28	2977	Javelin::ClientMessages::ContractsComponentServerFacet_SetDebugSendContractEventsToClient	0x142DA6030	1	5	1	0	0	0	0	1	0
BE9D65C5-D5DB-4F08-ACB2-DA59C94B826B	2978	Javelin::ClientMessages::ContractsComponentServerFacet_DebugUpdateContractDuration	0x142DA64B0	1	6	1	0	0	0	0	1	0
867CAB30-8E9E-4124-A59D-2E9835F90E35	2993	Javelin::ClientMessages::CraftingComponentClientFacet_OnCraftingProgressUpdate	0x142DF44A0	1	13	2	0	2	0	0	0	1
C66F474B-B266-49F8-8DEA-0DE6C3053263	296	Javelin::ClientMessages::CraftingComponentClientFacet_OnSyncCraftingKits	0x142DF4670	1	24	2	0	1	0	0	0	2
067EF132-A872-4CCB-A503-4F1C967B1A0E	1733	Javelin::ClientMessages::CraftingComponentServerFacet_InitiateSalvage	0x142DF4EE0		17	0	0	0	0	0	0	0
DEE44EC1-1A9F-47E2-8B3E-9ED2290737E7	6024	Javelin::ClientMessages::CraftingComponentServerFacet_InitiateSalvageByClass	0x142DF5020	2	12	1	0	1	0	0	0	0
ED66B33C-1331-4A83-8A6A-6A196AA5355A	6188	Javelin::ClientMessages::CraftingComponentServerFacet_SalvageItemsInInventory	0x142DF53E0	1	16	1	0	1	0	0	0	1
B5D60091-597E-4BA6-AA13-07D7A3840738	2224	Javelin::ClientMessages::CraftingComponentServerFacet_InitiatePaperdollDye	0x142DF5610		5	0	0	0	0	0	0	0
540CE12E-5CFC-48AE-B578-B86B349C743F	2994	Javelin::ClientMessages::CraftingComponentServerFacet_InitiateInventoryItemDye	0x142DF56F0		19	0	0	0	0	0	0	0
5C9B9AE2-1B43-4B9F-B4D6-E952EF660E1C	6026	Javelin::ClientMessages::CraftingComponentServerFacet_InitiateMountDye	0x142DF5890	1	10	3	0	2	0	0	1	0
3EFA65A3-08B0-4676-9D1A-281DFA62A1DD	2997	Javelin::ClientMessages::CraftingComponentServerFacet_SetCraftingDetails	0x142DF5C10	1	27	3	1	6	0	0	0	2
8420DEBA-021E-4779-927A-70F53E3FBFBA	2998	Javelin::ClientMessages::CraftingComponentServerFacet_Debug_SetRequiredLevelLimit	0x142DF5D40	1	5	1	0	1	0	0	0	0
442EC552-0BF0-4841-BC2A-E848617F1397	5119	Javelin::ClientMessages::CraftingComponentServerFacet_Debug_GiveRecipeItems	0x142DF5E10	1	13	2	0	1	0	0	0	1
310569BA-720C-42BE-998D-9E9EBE940CDC	5249	Javelin::ClientMessages::CraftingComponentServerFacet_Debug_ClearCooldown	0x142DF5FF0	1	5	1	0	1	0	0	0	0
224CAC45-8FD2-4769-87AF-9DF2111C4CFE	2999	Javelin::ClientMessages::CraftingComponentServerFacet_CancelCrafting	0x142DF61D0		5	0	0	0	0	0	0	0
8DB83DA5-48AC-4877-B5DD-7E1954DE80B2	3003	Javelin::ClientMessages::ItemRepairComponentServerFacet_InitiateRepair	0x142E8FD70	2	20	2	0	3	0	0	2	0
6E30853B-064F-4BCC-BD1B-181838E9E024	2526	Javelin::ClientMessages::ItemRepairComponentServerFacet_RequestSlotItemWithGem	0x142E8FEB0	2	20	1	0	3	0	0	1	0
43F1E329-4B6E-4279-B7F3-ADA9D2E7B976	6983	Javelin::ClientMessages::ItemRepairComponentServerFacet_RequestSlotItemWithCharm	0x142E90000	2	21	2	0	5	0	0	1	0
9C9C7F87-BB18-4013-BEA5-045FE9AA03CA	7038	Javelin::ClientMessages::ItemRepairComponentServerFacet_ClearCharmRequests	0x142E90150		5	0	0	0	0	0	0	0
9F291485-B712-4F4D-98BC-4ECEE55AF7B0	2079	Javelin::ClientMessages::ItemRepairComponentServerFacet_RepairAllItemClass	0x142E90350		14	0	0	0	0	0	0	0
5E8634D6-0C58-4D62-8469-3E83F19D82ED	3007	Javelin::ClientMessages::ItemRepairComponentServerFacet_RepairAllEquipment	0x142E90650		5	0	0	0	0	0	0	0
2E16E10B-43FA-414B-BE12-C9BB8114D49A	2549	Javelin::ClientMessages::ItemRepairComponentServerFacet_RequestSetLockState	0x142E907B0	2	20	2	0	3	0	0	2	0
B940D851-A110-45D0-907F-9871F1A17D12	3008	Javelin::ClientMessages::ItemRepairComponentServerFacet_RequestUpgradeItemGearScore	0x142E8D500	2	22	2	1	3	0	0	1	0
1B166111-795D-4B7E-A524-E9B2242A2268	3010	Javelin::ClientMessages::PrefabRefineryComponentClientFacet_SetRefineryState	0x142E8DAD0	1	12	2	0	1	0	0	1	1
181E376D-E924-442B-9AF0-745F2E660CB4	6703	Javelin::ClientMessages::PlayerCutsceneComponentServerFacet_OnClientRequestStartCutscene	0x142EC7170	1	5	1	0	1	0	0	0	0
A2B92F8D-8CD6-4C2E-A12F-4A355891B200	6706	Javelin::ClientMessages::PlayerCutsceneComponentServerFacet_OnClientCutsceneStarted	0x142EC72E0	1	5	1	0	1	0	0	0	0
CE7B5A7E-CD89-4626-B0A1-7FEE3F37D1A8	6705	Javelin::ClientMessages::PlayerCutsceneComponentServerFacet_OnClientCutsceneEnded	0x142EC7530		5	0	0	0	0	0	0	0
43BDC38F-5E73-4126-A906-FB0502C64C78	6707	Javelin::ClientMessages::PlayerCutsceneComponentClientFacet_OnServerCutsceneRequestGranted	0x142EC33D0	1	5	1	0	1	0	0	0	0
982A8C1D-77CE-4455-A1C8-86A6BF0C0BA9	6708	Javelin::ClientMessages::PlayerCutsceneComponentClientFacet_OnServerCutsceneCanceled	0x142EC34A0		5	0	0	0	0	0	0	0
D19070A4-AEA2-4E0D-9585-EC073F006828	6709	Javelin::ClientMessages::PlayerCutsceneComponentClientFacet_OnServerCutsceneEndRequestFinalized	0x142EC3660		5	0	0	0	0	0	0	0
DA169F7B-1903-488F-A0AB-BAF52129C292	6606	Javelin::ClientMessages::PlayerCutsceneComponentServerFacet_NotifyCinematicStarted	0x142EC3780	1	5	1	0	1	0	0	0	0
72DE5635-45D0-4D63-B05C-1479E0ED25F0	6542	Javelin::ClientMessages::PlayerCutsceneComponentServerFacet_NotifyCinematicEnded	0x142EC3AE0	1	5	1	0	1	0	0	0	0
2F7EF30E-D4A5-4AD2-9936-43678F94BFD6	1032	Javelin::ClientMessages::DebugComponentClientFacet_OnAiSpawnInfoResponce	0x142F14150	2	22	3	0	3	0	0	1	3
C9BA8CAF-7660-4C01-905F-3944A24EE5DB	3043	Javelin::ClientMessages::DebugComponentClientFacet_OnAiSpawnInfoTimeout	0x142F14300		5	0	0	0	0	0	0	0
E842F58B-A9EE-4179-82D6-4980B68356F8	3044	Javelin::ClientMessages::DebugComponentServerFacet_StartLogging	0x142F143D0	2	23	3	0	0	0	0	1	2
CE0F3DB4-4E0A-40D3-A02D-8F05B9ED962A	3045	Javelin::ClientMessages::DebugComponentServerFacet_StopLogging	0x142F14780	2	13	1	0	0	0	0	0	1
7362D2F2-952F-444C-BE20-8AC0A7528A0C	3048	Javelin::ClientMessages::DebugComponentServerFacet_UpdateLogChannels	0x142F14A20	2	17	1	0	0	0	0	0	1
35FF4C30-FE6B-403C-97BB-8C0D4234A4B7	3049	Javelin::ClientMessages::DebugComponentServerFacet_SyncCameraRelativeMotionFromClient	0x142F14D30	1	6	2	0	0	3	0	1	0
ED982487-2088-4E79-B01E-04FE88D4AD11	5956	Javelin::ClientMessages::DebugComponentServerFacet_SetGodModeFromClient	0x142F151E0	1	13	2	0	0	0	0	1	1
903ACF46-C850-4D44-B97C-4C8F009D230D	5958	Javelin::ClientMessages::DebugComponentServerFacet_RespondGodModeRequest	0x142F152E0		5	0	0	0	0	0	0	0
FF1F45A2-6204-4FBB-80E9-DBAD23925D20	5959	Javelin::ClientMessages::DebugComponentClientFacet_OnToggleGodModeReceived	0x142F153B0	1	5	1	0	0	0	0	1	0
DC760388-ADF1-4AAD-81A5-E22F5CB02AF4	5973	Javelin::ClientMessages::DebugComponentServerFacet_SetInvulnerabilityFromClient	0x142F15640	1	5	1	0	0	0	0	1	0
25C83420-CC11-4E1B-A192-1E591A88CBB8	5971	Javelin::ClientMessages::DebugComponentServerFacet_SetInvincibilityFromClient	0x142F15750	1	5	1	0	0	0	0	1	0
0838ED0A-DF6B-4248-9A9B-F98347BA80BC	1107	Javelin::ClientMessages::DebugComponentServerFacet_SetIgnoredByAIFromClient	0x142F15CF0	1	5	1	0	0	0	0	1	0
F13A9194-3F6B-4D37-906C-C68037A1AD5D	5277	Javelin::ClientMessages::DebugComponentServerFacet_RespondIgnoredByAIRequest	0x142F16290		5	0	0	0	0	0	0	0
88C60797-67D6-4E14-8DA7-1CD8E4ED6C8A	5278	Javelin::ClientMessages::DebugComponentClientFacet_OnIgnoredByAIReceived	0x142F16660	1	5	1	0	0	0	0	1	0
76E008D8-8731-4C8C-8AD1-8CC920324B8C	1268	Javelin::ClientMessages::DebugComponentServerFacet_ResetTradeSkillFromClient	0x142F16B70	1	5	1	0	1	0	0	0	0
241689D9-4D8C-4EF8-A988-0320C858256E	3052	Javelin::ClientMessages::DebugComponentServerFacet_SendAiSpawnInfoRequest	0x142F16F60		5	0	0	0	0	0	0	0
0A3BB989-0282-4612-874A-36E137BD3D2B	6737	Javelin::ClientMessages::DebugComponentServerFacet_FakeAISpawnRequests	0x142F17590	1	5	1	0	1	0	0	0	0
A1D425F1-76D3-4CBB-9580-A366BB8D8359	4962	Javelin::ClientMessages::DebugComponentServerFacet_TestHttpClientShutdown	0x142F178F0		5	0	0	0	0	0	0	0
B4E3CDA9-C9FE-4DA6-A416-00C08617DD25	4994	Javelin::ClientMessages::DebugComponentServerFacet_ServerGetStackConfig	0x142F18330	1	13	2	0	1	0	0	0	1
2A2E5C5A-F3B4-4F35-9C8A-6F40C2BB4776	4995	Javelin::ClientMessages::DebugComponentClientFacet_ReceiveConfigValue	0x142F18420	2	14	1	0	0	0	0	0	1
A1343B88-5099-4BAB-B01A-853D9D5F0BB3	6151	Javelin::ClientMessages::DebugConsolePlayerComponentServerFacet_EnableReplication	0x142F163D0	1	5	1	0	0	0	0	1	0
A45F5DE5-A6E2-47E2-BED0-F37EA9BA2C13	6226	Javelin::ClientMessages::DebugConsolePlayerComponentServerFacet_TeleportToPlayer	0x142F16910	4	18	1	0	0	0	0	0	1
BBFBFD4A-E2DB-49E1-A186-55C0695A6DB9	170	Javelin::ClientMessages::DebugVisualizationComponentClientFacet_AddShape	0x142F19CF0		7	0	0	0	0	0	0	0
CB935D8A-B03A-4C94-8305-4ED08BBF543B	1968	Javelin::ClientMessages::DebugVisualizationComponentClientFacet_ConfigScreenLogClient	0x142F1A5A0	2	7	1	0	1	1	0	3	0
BA18EE7D-C1E3-4E36-BCB4-00C3DD89E8E5	4852	Javelin::ClientMessages::IComponentDebugHelperServer_RegisterClientForDebug	0x142F456A0		9	0	0	0	0	0	0	0
69B77ABB-B87A-4EB8-B466-2F14CD40E478	4849	Javelin::ClientMessages::IComponentDebugHelperServer_UnregisterClientForDebug	0x142F45C50		13	0	0	0	0	0	0	0
36DE5446-5B74-45F9-B65E-597E80E6EFF3	6851	Javelin::ClientMessages::DifficultyScaledByParticipantsComponentClientFacet_SyncDebugData	0x142F45360		12	0	0	0	0	0	0	0
4FA6BCF5-5595-4595-8A84-9E1AB37B1C51	6036	Javelin::ClientMessages::LandClaimManagerComponentServerFacet_DebugRequestSetFactionControlPointOwner	0x142F5E4D0	2	10	1	1	0	0	0	2	0
1DD4E09D-E7B9-44D6-B72B-859F6623E9CB	3091	Javelin::ClientMessages::SettlementComponentServerFacet_OnTerritoryProgressionUpdateDebug	0x142F608B0	1	5	1	0	1	0	0	0	0
9EBFBF37-39BB-4591-9533-8B78AA68FEA5	3094	Javelin::ClientMessages::DungeonEntranceClientFacet_OnDungeonActivateResult	0x142FA4850	1	5	1	0	1	0	0	0	0
BE270F08-1615-4CB3-B060-37CE5BD069E4	1207	Javelin::ClientMessages::DungeonEntranceServerFacet_DebugUpdateRandomDungeon	0x142FA4A40	1	5	1	0	1	0	0	1	0
CA412432-C4D1-4F02-AAE8-0CE8C45D2BB8	3104	Javelin::ClientMessages::DungeonEntranceServerFacet_DebugEnterMutatedDungeon	0x142FA4D40	1	20	2	0	0	0	0	1	1
BBBA50F9-30DE-4820-9DF3-325C2E9C3464	4840	Javelin::ClientMessages::EconomyTrackerComponentServerFacet_Debug_SyncMonitorData	0x143014AF0		5	0	0	0	0	0	0	0
53B12317-307A-45C4-AE4B-99FFE4C96B3C	4841	Javelin::ClientMessages::EconomyTrackerComponentServerFacet_Debug_ResetMonitorData	0x143015230		5	0	0	0	0	0	0	0
07D6D2A3-399D-4DB9-8554-54D5532F4BAB	4839	Javelin::ClientMessages::EconomyTrackerComponentClientFacet_Debug_OnSyncMonitorData	0x143015E00	1	14	2	0	1	0	0	1	1
E914DEF8-9548-497B-AF9B-970CECD50554	3107	Javelin::ClientMessages::EntitlementComponentClientFacet_DebugReceiveInitializeTransactionResult	0x143014780	1	13	2	0	0	0	0	1	1
64B18DFE-62C7-47AF-A496-C10CAA915D55	3110	Javelin::ClientMessages::EntitlementComponentClientFacet_DebugReceiveTransactionResult	0x143014F00	1	31	3	0	5	0	0	0	2
5ADF8E8D-6CEB-4C78-82CD-42BD3C5103D9	6264	Javelin::ClientMessages::EntitlementComponentClientFacet_DebugReceiveRefundTransactionResult	0x143015A70	3	13	1	0	0	0	0	0	1
1E0472F4-1A69-40FD-8298-AFBF744AE3C7	3112	Javelin::ClientMessages::EntitlementComponentServerFacet_DebugRequestUnlockGameplayEntitlement	0x143015FA0	3	13	1	0	0	0	0	0	1
9B106769-7D74-426C-AD33-54DAFFB3CCD6	5253	Javelin::ClientMessages::EntitlementComponentServerFacet_DebugRequestLockGameplayEntitlement	0x143016330	3	13	1	0	0	0	0	0	1
B87209D2-13F3-4F4B-A7EA-BCA3222CE1CE	1285	Javelin::ClientMessages::EntitlementComponentClientFacet_OnRequestSuccess	0x1430165D0	3	27	3	0	2	0	0	2	3
519BE034-44F7-4340-A81B-9C72F9472F0E	3113	Javelin::ClientMessages::EntitlementComponentClientFacet_OnRequestFail	0x143016910	2	29	3	0	2	0	0	2	3
31CD6BE6-C9A6-4D4E-848F-0930429AAFAC	5936	Javelin::ClientMessages::EntitlementComponentClientFacet_OnRequestInitialized	0x143017230	3	27	3	0	2	0	0	2	3
0B10E138-A578-4BBF-AE1B-8A5E987D5AED	6696	Javelin::ClientMessages::EntitlementComponentClientFacet_OnShowPenaltyMessage	0x143017950	2	13	2	0	1	0	0	0	1
67FEC39B-A254-434C-AC1E-9837AD4CE8E1	6695	Javelin::ClientMessages::EntitlementComponentClientFacet_OnMutePenaltyNotExpired	0x143017DD0		5	0	0	0	0	0	0	0
6D5AAE20-B192-4623-BD39-54B77DD92FAA	3118	Javelin::ClientMessages::EntitlementComponentServerFacet_RequestServerGetEntitlements	0x143018130	1	6	2	0	0	0	0	1	1
67D620BB-7D22-4553-B319-3320DE87B1FA	3120	Javelin::ClientMessages::EntitlementComponentServerFacet_RequestServerSyncEntitlements	0x143018530		5	0	0	0	0	0	0	0
126A6E14-AD51-4FB0-A902-F482949552F5	4821	Javelin::ClientMessages::EntitlementComponentServerFacet_RequestResetEntitlements	0x143018760		5	0	0	0	0	0	0	0
9574EA46-E196-4F87-AD86-3B713531C414	5005	Javelin::ClientMessages::EntitlementComponentServerFacet_RequestSyncPrimeGaming	0x143018B00	3	13	1	0	0	0	0	0	1
67C97041-B839-4B0E-A8D5-49E68C47DB2C	898	Javelin::ClientMessages::EntitlementComponentServerFacet_ClientInitializeTransaction	0x1430192C0		8	0	0	0	0	0	0	0
90F9A58E-2C09-4176-8E80-2EFDD3073A80	5683	Javelin::ClientMessages::EntitlementComponentServerFacet_ConfirmTransactionWithClientTransactionId	0x143019590	1	5	1	0	0	0	0	1	0
6A1B78C2-FBD5-4E4A-924C-1BFE4B6C04ED	6666	Javelin::ClientMessages::EntitlementComponentServerFacet_ClientConfirmTransaction	0x143019720	2	6	1	0	0	0	0	0	1
625424FD-9B72-45FD-805C-7D1C5199824C	6668	Javelin::ClientMessages::EntitlementComponentServerFacet_ClientDeleteTransaction	0x1430198F0	2	6	1	0	0	0	0	0	1
0DF7274C-F57C-4E82-B505-9DA371D8AFE0	6667	Javelin::ClientMessages::EntitlementComponentServerFacet_ClientTransactionCancelled	0x14300F880	2	8	2	0	0	0	0	0	2
E2E7BDA6-A399-446B-AC75-756F8BDBB4D4	3126	Javelin::ClientMessages::EntitlementComponentServerFacet_InitializeTransaction	0x14300FBB0	1	28	2	0	0	0	0	1	1
06717C6F-EEDB-4969-BA3D-01708EDB8A73	3128	Javelin::ClientMessages::EntitlementComponentServerFacet_DebugSetEntitlement	0x14300FCE0	1	5	1	0	1	0	0	1	0
ADF31215-A45A-43BE-B1B9-3B08982C5DD8	3129	Javelin::ClientMessages::EntitlementComponentServerFacet_DebugSetTransactionResponseReceiver	0x14300FDB0	2	10	1	0	1	0	0	2	0
89205113-638B-492F-A82B-9B6E792BE930	5790	Javelin::ClientMessages::EntitlementComponentServerFacet_DebugRemoveAllConsumableEntitlements	0x1430104A0		5	0	0	0	0	0	0	0
FF40C330-FD02-414F-A3CB-D943639539C0	6265	Javelin::ClientMessages::EntitlementComponentServerFacet_DebugRefundTransaction	0x143010830	3	13	1	0	0	0	0	0	1
7CDFE9E7-4FBE-4713-8B4D-E42D5D380881	5107	Javelin::ClientMessages::EntitlementComponentServerFacet_RequestClaimEntitlement	0x143010A90	1	5	1	0	1	0	0	0	0
24C56119-B9A6-4D62-8713-3B2B9E40B214	6697	Javelin::ClientMessages::EntitlementComponentServerFacet_RequestMutePenaltyExpired	0x143010F90		5	0	0	0	0	0	0	0
367CDC10-4E89-4061-85E1-E5D238AD39DE	5108	Javelin::ClientMessages::EntitlementComponentClientFacet_OnClaimEntitlementFail	0x143011230	1	5	1	0	1	0	0	0	0
1A1E6A14-6628-4D90-815D-EFFB81715B02	5109	Javelin::ClientMessages::EntitlementComponentClientFacet_OnClaimEntitlementSuccess	0x143011A60		5	0	0	0	0	0	0	0
E57667FC-2A07-40BB-8442-41162B20AD4B	3135	Javelin::ClientMessages::TriggerEntityComponentClientFacet_SyncExecuteEntities	0x143056EB0		5	0	0	0	0	0	0	0
38BAD100-B696-444B-88D3-44524A348FA9	2412	Javelin::ClientMessages::DelayedEventComponentClientFacet_SyncState	0x143057620	1	5	1	0	0	1	0	1	0
3415D503-FE91-4FA1-9FF4-B00D9CE03CF4	1498	Javelin::ClientMessages::EventTimelineComponentServerFacet_DebugSkipToTimelineIndex	0x14307E3B0	1	5	1	1	0	0	0	0	0
D581EBDB-B288-43DE-8235-9B5150F99C0F	3151	Javelin::ClientMessages::ExampleComponentClientFacet_ClientMethodCallableFromServerFacet	0x14307CE40		5	0	0	0	0	0	0	0
8B5DA42E-DC16-41B0-A51D-14CD2350304A	1516	Javelin::ClientMessages::ExampleComponentServerFacet_ServerMethodCallableFromClientFacet	0x14307D000		5	0	0	0	0	0	0	0
35DEB414-F547-405E-BA5B-14EFB93814EC	3153	Javelin::ClientMessages::ExampleComponentServerFacet_ServerGmMethodCallableFromClientFacet	0x14307D1F0		5	0	0	0	0	0	0	0
B9630DBA-0762-4C3F-A01D-C7DEA8A0FADF	3154	Javelin::ClientMessages::ExampleComponentServerFacet_ServerDebugMethodCallableFromClientFacet	0x14307D4A0		5	0	0	0	0	0	0	0
AB5536E6-A4F8-4FED-919E-8D851C07737C	3161	Javelin::ClientMessages::FactionComponentServerFacet_RequestSetFaction	0x143098A00		14	0	0	0	0	0	0	0
9A443FBC-0434-49E9-AC04-5D117E4A8E55	2525	Javelin::ClientMessages::FactionComponentServerFacet_RequestTogglePvpFlag	0x143098C70		5	0	0	0	0	0	0	0
5CC6F172-EA72-4AA2-8663-C4739646EF66	1129	Javelin::ClientMessages::FactionComponentServerFacet_RequestEnablePvpFlagFromClient	0x143098FB0		5	0	0	0	0	0	0	0
83C3D2BF-8691-428E-BCBF-9D8E18482165	6490	Javelin::ClientMessages::FactionComponentClientFacet_OnHandleCrowdDispersalWarning	0x143099660	1	6	1	0	0	0	0	1	0
53187A6B-6DE8-48BC-8FD5-4F3F0DC0D333	1932	Javelin::ClientMessages::FactionComponentServerFacet_Debug_SetFaction	0x143099780		5	0	0	0	0	0	0	0
ABB4834E-7C79-4B41-91B9-39AB1F86E7E2	3162	Javelin::ClientMessages::FactionComponentServerFacet_Debug_TogglePvpFlag	0x143099A80		5	0	0	0	0	0	0	0
05EF2BEF-22BF-4BFE-8C1F-54677F9DAEFD	2020	Javelin::ClientMessages::FactionComponentServerFacet_Debug_ResetFactionCooldown	0x143099DB0		5	0	0	0	0	0	0	0
C28CC2DB-C604-4A0C-BA4E-D760F635686A	819	Javelin::ClientMessages::FactionComponentServerFacet_Debug_SetFactionChangeCount	0x14309A100	1	5	1	1	0	0	0	0	0
EEF2A59E-ECC4-448A-81B6-9B0C556F5B75	3163	Javelin::ClientMessages::FactionComponentServerFacet_Debug_EnablePvpValueDebugging	0x14309A500		5	0	0	0	0	0	0	0
E7E9F792-AB71-4143-8E33-D387509A69E3	3164	Javelin::ClientMessages::FactionComponentServerFacet_Debug_ForcePvpValue	0x14309A5D0	1	5	1	0	0	1	0	0	0
9509C3AE-AFB2-4726-B9EB-6C6083715ED5	5231	Javelin::ClientMessages::FactionComponentServerFacet_Debug_ForcePvpTime	0x143095530	1	5	1	0	1	0	0	0	0
11EC935B-9A73-4EAF-8313-F7667F074BAA	6408	Javelin::ClientMessages::FactionComponentServerFacet_Debug_ToggleFFAFlag	0x143095BD0		5	0	0	0	0	0	0	0
DEF2E257-CF2A-4D39-A16D-C91789AEE1A2	6409	Javelin::ClientMessages::FactionComponentServerFacet_Debug_ToggleFFACountdown	0x143095F70		5	0	0	0	0	0	0	0
A3DF8868-5934-4E37-AF95-108639CA8655	6491	Javelin::ClientMessages::FactionComponentServerFacet_DEBUG_SetNearbyPlayerCount	0x143096170	1	5	1	0	1	0	0	0	0
E8371F4D-87A2-4F34-82F8-34183E5C5C7D	6492	Javelin::ClientMessages::FactionComponentServerFacet_DEBUG_SyncDispersalData	0x143096290		5	0	0	0	0	0	0	0
A1177919-58DF-4215-9F5F-65C2C46F9F39	6493	Javelin::ClientMessages::FactionComponentClientFacet_DEBUG_OnSyncDispersalData	0x1430964D0	1	7	2	0	2	0	0	1	0
35362743-0799-4905-B2F4-0DEB60C59DD8	2444	Javelin::ClientMessages::FishingComponentClientFacet_OnBobberPositionReceived	0x1430CBA30	1	6	2	0	1	3	0	0	0
452BA349-C794-4FC9-9082-37B98044222B	3172	Javelin::ClientMessages::FishingComponentClientFacet_OnFishingCatchDataReceived	0x1430CBB10	2	15	2	0	3	2	0	0	1
03BFB153-8CB4-482D-9245-2DB586D82F3D	557	Javelin::ClientMessages::FishingComponentClientFacet_OnBaitDataReceived	0x1430C64A0	1	5	1	0	1	0	0	0	0
34827534-033C-4C13-878E-CA3CA579E420	5398	Javelin::ClientMessages::FishingComponentClientFacet_OnNotifyPersonalBest	0x1430C6570	1	5	1	0	1	0	0	0	0
28AA9652-019D-4FBE-93D3-AD40615CA8E0	3173	Javelin::ClientMessages::FishingComponentServerFacet_OpenBaitBoxAction	0x1430C69D0		5	0	0	0	0	0	0	0
88343B87-0E4B-4B2D-BAC1-EE79BC17047F	3175	Javelin::ClientMessages::FishingComponentServerFacet_CloseBaitBoxAction	0x1430C6D30		5	0	0	0	0	0	0	0
4DF3C6EA-EABC-4B31-9616-AC82BE899404	2309	Javelin::ClientMessages::FishingComponentServerFacet_ApplyBaitAction	0x1430C6E00	1	5	1	0	1	0	0	0	0
7F2DE159-B7AC-4A81-82F8-824909B7AE9A	5339	Javelin::ClientMessages::FishingComponentServerFacet_OnFishingStateReceived	0x1430C6ED0	1	5	1	1	0	0	0	0	0
0C00CF3F-7420-45BB-AD58-68A6ECF6075D	3176	Javelin::ClientMessages::FishingComponentServerFacet_DebugOpenBaitBoxAction	0x1430C6FF0		5	0	0	0	0	0	0	0
AE115690-D8FF-4A4A-96ED-12C46D76B250	3178	Javelin::ClientMessages::FishingComponentServerFacet_DebugApplyBaitAction	0x1430C7400	1	5	1	0	1	0	0	0	0
F15F942F-94FD-4DA2-B271-FA00A93B9D1A	3179	Javelin::ClientMessages::FishingComponentServerFacet_DebugCloseBaitBoxAction	0x1430C7510		5	0	0	0	0	0	0	0
71325DD7-B86C-434C-9DA5-DC1B77888612	3181	Javelin::ClientMessages::FishingComponentServerFacet_DebugResetFishingAction	0x1430C78A0		5	0	0	0	0	0	0	0
3C4B3B21-E640-4E59-9408-9FE147861599	1905	Javelin::ClientMessages::FishingComponentServerFacet_DebugSetLootRollModifier	0x1430C7A70	1	5	1	0	1	0	0	0	0
4209F870-40E9-4D43-996B-A823BFE0DC45	3006	Javelin::ClientMessages::FishingComponentServerFacet_DebugUpdateDebugParams	0x1430C7FB0	2	6	1	0	0	0	0	1	0
CD8BB7E8-3E11-4A87-891B-45E78126025B	3182	Javelin::ClientMessages::FishingComponentServerFacet_DebugSetForcedFishId	0x1430C8090	1	5	1	0	1	0	0	0	0
30B50EE7-5FF1-4CC2-A9CD-B81D624A3561	1716	Javelin::ClientMessages::FishingComponentServerFacet_DebugSetForcedFishBehaviorId	0x1430C8160	1	5	1	0	1	0	0	0	0
A40114DC-0C99-4D33-9E5A-FC9DC0315014	3196	Javelin::ClientMessages::InvasionAgentComponentClientFacet_SyncDebugData	0x143121ED0	1	5	1	0	2	0	0	0	0
39F69D3D-D0A8-497B-8BB8-2EBEFA7BF8A2	3197	Javelin::ClientMessages::InvasionComponentServerFacet_DebugStartInvasion	0x143122B60		5	0	0	0	0	0	0	0
9C1971EE-C3D8-4A98-8365-917903C67943	238	Javelin::ClientMessages::InvasionComponentServerFacet_DebugStopInvasion	0x143122EE0		5	0	0	0	0	0	0	0
0594B9E6-5F60-4641-81AE-A761CA7B95D7	117	Javelin::ClientMessages::InvasionObjectiveComponentServerFacet_RegisterClientForDebug	0x143123E80	2	10	1	0	1	0	0	2	0
925A33EF-0B0C-48EA-ABD2-404A2926A977	60	Javelin::ClientMessages::InvasionObjectiveComponentServerFacet_UnregisterClientForDebug	0x143124210	2	10	1	0	1	0	0	2	0
AFEBD9F8-779C-4D39-986F-8678DF9433E5	3199	Javelin::ClientMessages::InvasionObjectiveComponentClientFacet_SyncDebugData	0x143124820	1	21	4	0	1	3	0	1	2
D3D362AD-967B-44A7-B54F-FFDD5967E1F7	3200	Javelin::ClientMessages::InvasionObjectiveComponentClientFacet_SyncSlotCounts	0x143124BD0	1	5	1	0	2	0	0	0	0
06AE200E-3C2A-4096-808A-5CE22AAC1548	3201	Javelin::ClientMessages::InvasionObjectiveComponentClientFacet_SyncLaneType	0x143124F10	1	5	1	0	2	0	0	0	0
5AAB3000-C646-46E4-B533-78E7FCCBCCD4	3202	Javelin::ClientMessages::InvasionObjectiveComponentClientFacet_ToggleAssignmentDisplayClient	0x1431257A0	1	5	1	0	0	0	0	1	0
FE201D99-8F52-4163-AE94-F52EFF61E3AD	3208	Javelin::ClientMessages::AchievementComponentServerFacet_DebugSetAllAchievements	0x14316FD50	1	5	1	0	0	0	0	1	0
065A6D6A-F3ED-4003-9630-CE267A352325	3111	Javelin::ClientMessages::AchievementComponentServerFacet_SetAchievementsByCategory	0x14316FF20	2	13	2	0	0	0	0	1	1
E3FFD356-2DEB-4DBF-B654-D1F33F3E7D83	3209	Javelin::ClientMessages::AchievementComponentServerFacet_DebugSetAchievement	0x143170370	2	6	1	0	1	0	0	1	0
D6BC17DA-EB99-444D-B9BD-C6CBD2544AD3	2124	Javelin::ClientMessages::AchievementComponentServerFacet_DebugSetAzothStaffAchievement	0x143170860	2	6	1	0	1	0	0	1	0
8DBCF179-301C-44B6-A2C3-27C8BC864020	4828	Javelin::ClientMessages::AchievementComponentServerFacet_DebugSetFactionRankAchievements	0x143170BB0	1	6	2	0	1	0	0	1	0
F4D33165-BB88-402C-8ADB-A6B8C717A079	5280	Javelin::ClientMessages::AchievementComponentServerFacet_DebugSetCampingAchievement	0x143170FF0	2	6	1	0	1	0	0	1	0
3E226362-0A17-4C93-9CD0-85FF51E9392D	6978	Javelin::ClientMessages::AchievementComponentServerFacet_DebugSetAchievementsByLoreChapter	0x143171180	2	13	2	0	0	0	0	1	1
4D59D8C1-7A5B-4C0C-AC5A-88E80B7AB5D6	5224	Javelin::ClientMessages::AchievementComponentServerFacet_RequestSetAchievementConditional	0x143171390	2	13	2	0	0	0	0	1	1
49444919-4EFA-46E5-82F6-C8A6103CF0D1	6896	Javelin::ClientMessages::AchievementComponentServerFacet_DebugRequestIndividualNPAServerState	0x143171750	1	5	1	0	1	0	0	0	0
5FA3C7D5-F059-4C5B-8190-8FACA0E70A8A	6897	Javelin::ClientMessages::AchievementComponentServerFacet_DebugRequestForceEvaluateIndividualNPA	0x1431718D0	1	5	1	0	1	0	0	0	0
65E102FA-5B3C-4D1E-9E4B-BA18B8C619C7	6895	Javelin::ClientMessages::AchievementComponentServerFacet_DebugRequestForceEvaluateAllNPAs	0x143171DB0		5	0	0	0	0	0	0	0
62524FE9-B167-4214-8D8F-5F020DD635B0	6892	Javelin::ClientMessages::AchievementComponentServerFacet_DebugRequestAllEvaluatedNPAsServerState	0x143172020		5	0	0	0	0	0	0	0
19342F61-9A21-460D-AC14-F25EE548577F	6046	Javelin::ClientMessages::AchievementComponentServerFacet_RequestEndgameGuideAchievement	0x1431721A0		5	0	0	0	0	0	0	0
82D7D385-3DF8-409B-BDA1-1E38EAD8DAB4	6894	Javelin::ClientMessages::AchievementComponentClientFacet_DebugIndividualNPAServerStateResponse	0x1431724C0	2	6	1	0	1	0	0	1	0
EF21CC3A-BD30-47C8-B7F5-7FABD7AF6A64	6893	Javelin::ClientMessages::AchievementComponentClientFacet_DebugAllNPAsServerStateResponse	0x143172890		14	0	0	0	0	0	0	0
90A855FA-E941-4A02-9147-B6ED8E0FE2EB	3212	Javelin::ClientMessages::ContributionComponentServerFacet_DebugKillEvent	0x143197750	1	6	2	0	2	0	0	1	0
7FF79216-0E66-45CD-B194-E6F9018E1F02	2576	Javelin::ClientMessages::ContributionTrackerComponentClientFacet_DebugSyncClient	0x143197B10	2	27	3	0	2	2	0	3	3
B4894A0C-6B80-4570-AB7B-36D2ED23EC8E	3231	Javelin::ClientMessages::ContributionTrackerComponentServerFacet_RequestDebugInfoEnabled	0x143197DC0	1	10	2	0	1	0	0	3	0
FB231DAA-384C-4A8C-A495-6BB558DACADD	3233	Javelin::ClientMessages::EventNotificationComponentClientFacet_RequestSendNotification	0x143197A40	1	5	1	0	1	0	0	0	0
9A654FA2-6EA9-4412-9E66-67CBFD926978	3234	Javelin::ClientMessages::EventNotificationComponentClientFacet_RequestSendNotificationWithReplacements	0x143197C10	2	18	2	0	2	0	0	0	2
F725B229-7E4B-4446-8BC2-FD6A54E92A9C	3236	Javelin::ClientMessages::EventNotificationComponentClientFacet_SyncNotifications	0x143197FE0	1	15	2	0	0	0	0	1	1
62BB68D8-E17A-4FFF-9F80-49EAFF3669AC	3239	Javelin::ClientMessages::EventNotificationComponentServerFacet_NotificationSent	0x143198740	1	5	1	0	1	0	0	0	0
C2B736AA-D422-4774-9660-D4EFAC5EC0B1	3240	Javelin::ClientMessages::EventNotificationComponentServerFacet_RequestSetNotificationsEnabled	0x143198A70	1	5	1	0	0	0	0	1	0
39CBD3F2-7B92-4E38-BFDF-88D31B9D36CF	533	Javelin::ClientMessages::EventNotificationComponentServerFacet_RequestClearNotifications	0x143198B40		5	0	0	0	0	0	0	0
983AAA68-237C-4D65-8D8E-D99D1D052A27	1777	Javelin::ClientMessages::GameEventComponentServerFacet_ResetDailyBonuses	0x1431D6580		5	0	0	0	0	0	0	0
A27A5665-6C46-4D4B-A285-FEC97076E62B	2435	Javelin::ClientMessages::GameEventComponentServerFacet_DebugSetForceDropAICoin	0x1431D6650	1	5	1	0	0	0	0	1	0
B1D72A8F-CA34-4E32-A0FC-0ACC37462449	3242	Javelin::ClientMessages::GameEventComponentServerFacet_DebugSetForceDropAIAzoth	0x1431D6720	1	5	1	0	0	0	0	1	0
D847E904-3227-43E9-9571-37FFC77ACD08	3243	Javelin::ClientMessages::GameEventComponentServerFacet_DebugGrantEventRewards	0x1431D67F0	1	5	1	0	1	0	0	0	0
29C85D30-11D5-43A6-A123-9A01E08190F3	1582	Javelin::ClientMessages::GameMasterComponentServerFacet_SubscribeToRemotePlayerInventory	0x14320F120	1	8	1	0	0	0	0	1	0
9A56F81D-931C-4A14-9ACC-BEBCCB91D885	2551	Javelin::ClientMessages::GameMasterComponentServerFacet_TeleportPlayerToCurrentLocation	0x14320F250	1	8	1	0	0	0	0	1	0
CBBE2556-0E86-4F5E-BFBE-56896DE46437	3246	Javelin::ClientMessages::GameMasterComponentServerFacet_ResetClaimOwnership	0x14320F810	1	8	1	0	0	0	0	1	0
DF728D4D-E1B5-41E1-9738-B3AFD8106F18	1813	Javelin::ClientMessages::GameMasterComponentServerFacet_RemoveSubscriptionFromRemotePlayerInventory	0x143208850	1	8	1	0	0	0	0	1	0
F1AAD3D3-1C56-451A-B7FB-7AC5F6B42521	3248	Javelin::ClientMessages::GameMasterComponentServerFacet_ResetPlaytestBroker	0x143208990		5	0	0	0	0	0	0	0
5E2808ED-CFCF-43BC-83FA-AF6659809C1E	4815	Javelin::ClientMessages::GameMasterComponentServerFacet_GiveGoldToPlayer	0x143208FC0	1	17	2	0	0	0	0	1	1
535DCC99-A389-47C5-95A9-4EF115DD35D6	3253	Javelin::ClientMessages::GameMasterComponentClientFacet_OnWarDataReceived	0x143209610	1	8	1	1	0	0	0	1	0
E57F4F31-F8F4-4123-BEBE-DF35A5188542	2668	Javelin::ClientMessages::GameMasterComponentClientFacet_TeleportToPlayerFailed	0x1432097F0		5	0	0	0	0	0	0	0
63207B8D-8DF0-480D-826A-4F313F81C22C	26	Javelin::ClientMessages::GameMasterComponentServerFacet_TeleportToPlayerByCharacterId	0x143209B10	3	13	1	0	0	0	0	0	1
E213AAC7-07B1-4BA9-97F3-490A92C6A40A	6765	Javelin::ClientMessages::GameMasterComponentServerFacet_TeleportPlayerToMeByCharacterId	0x143209FD0	3	13	1	0	0	0	0	0	1
80B98CEA-B5F0-43C5-AA31-FEE8BCFC2ECD	5419	Javelin::ClientMessages::GameMasterComponentServerFacet_ResetDailyWarCountForPlayer	0x14320A480	4	18	1	0	0	0	0	0	1
2AF9E47C-3DEF-4DE2-A690-60CA9208AE6E	5413	Javelin::ClientMessages::GameMasterComponentServerFacet_ResetDailyWarCountForAllPlayers	0x14320A820		5	0	0	0	0	0	0	0
ADF3812F-5F80-4B08-91F4-F5A1F04393AB	3269	Javelin::ClientMessages::GameModeComponentServerFacet_RequestDebugStop	0x143209D60		5	0	0	0	0	0	0	0
8E2AB97B-7114-4F0F-B092-E0E775B62B78	1264	Javelin::ClientMessages::GameModeComponentServerFacet_RequestShowDebugMessage	0x14320A170	3	13	1	0	0	0	0	0	1
FCD61723-BE76-4E57-A64D-960E33F07F93	2348	Javelin::ClientMessages::GameModeComponentServerFacet_RequestSetBackfill	0x14320A630	1	5	1	0	0	0	0	1	0
5A3FA714-9BF7-48FC-9FF5-39782CB1F664	4963	Javelin::ClientMessages::GameModeComponentServerFacet_DebugRequestGameModeEvent	0x14320A8F0	1	5	1	0	2	0	0	0	0
AD01BA13-44C3-43A2-AF12-24DA77342A8A	4978	Javelin::ClientMessages::GameModeComponentServerFacet_DebugRequestSetScriptState	0x14320AD30	1	5	1	0	1	0	0	0	0
18F41363-9051-4EEA-9B8B-B6117D98D4B3	6811	Javelin::ClientMessages::GameModeComponentServerFacet_DebugSetReadiedUpStatus	0x14320AE00	1	8	1	0	0	0	0	2	0
9DD24FCE-2574-4215-AC74-AA475C3FC90C	6823	Javelin::ClientMessages::GameModeComponentServerFacet_DebugSetNumReadiedUpPlayersRequired	0x14320AFA0	1	5	1	0	1	0	0	0	0
017024E1-4FAC-4490-A169-4B0865A17710	6953	Javelin::ClientMessages::GameModeComponentServerFacet_DebugSaveProceduralGeneration	0x14320B410		5	0	0	0	0	0	0	0
E717EFD1-868B-4E68-909F-4B916F1EDD92	7001	Javelin::ClientMessages::GameModeComponentServerFacet_DebugSetDynamicDifficulty	0x14320B820		5	0	0	0	0	0	0	0
B1C625C7-B9A3-4C3E-B1D1-58464A6D7A10	222	Javelin::ClientMessages::GameModeComponentClientFacet_OnReceivedDebugMessageFromServer	0x14320B9A0	3	13	1	0	0	0	0	0	1
F5D15439-CB38-4916-9D04-117CAD417B78	3271	Javelin::ClientMessages::GameModeParticipantComponentServerFacet_DbgRequestAdvanceToNextState	0x1432708C0		5	0	0	0	0	0	0	0
D6C6E6F0-CEB9-4EBD-8C68-2B34B4B3467C	4830	Javelin::ClientMessages::GameModeParticipantComponentServerFacet_DbgSetFlag	0x143270E60	1	5	1	0	0	0	0	1	0
3A3FA74E-5DB0-41B4-B8B0-A8B92EF2D3B1	4831	Javelin::ClientMessages::GameModeParticipantComponentServerFacet_DbgResetFlagOverride	0x1432714D0		5	0	0	0	0	0	0	0
B81B32D1-9637-46B2-91BF-F04BF01B2791	2963	Javelin::ClientMessages::GameModeParticipantComponentServerFacet_RequestDebugGetPersistentData	0x143271730		5	0	0	0	0	0	0	0
69349047-4938-4E4B-9235-63AC5C6011B4	1127	Javelin::ClientMessages::GameModeParticipantComponentServerFacet_RequestDebugSetMatchmakingRating	0x143271D30	1	5	1	0	2	0	0	0	0
F7C96FC2-28FA-4CC6-ADC7-11252F81625F	6371	Javelin::ClientMessages::GameModeParticipantComponentServerFacet_RequestDebugSetMRV2	0x1432725F0	2	8	3	0	2	3	0	0	0
ED48B9CE-0121-453A-B282-BBFDD3FAD594	6372	Javelin::ClientMessages::GameModeParticipantComponentServerFacet_RequestDebugSyncMRV2	0x143272CC0	1	5	1	0	1	0	0	0	0
C854CDE0-2CB7-4DCF-AA5A-891C48A63375	3272	Javelin::ClientMessages::GameModeParticipantComponentServerFacet_RequestDebugQuickStart	0x143273430	2	24	2	0	2	0	0	2	0
CCD38CB7-61DA-4AA6-A79F-18AF75ECC7A4	509	Javelin::ClientMessages::GameModeParticipantComponentServerFacet_RequestDebugResetAllQueueEligibleTimes	0x1432739B0		5	0	0	0	0	0	0	0
27496A66-B97C-4828-8FA7-FE527BD58A94	5124	Javelin::ClientMessages::GameModeParticipantComponentServerFacet_RequestDebugSetQueueEligibleTime	0x143274110	1	5	1	0	1	1	0	0	0
F58DCBF9-6F80-4B7F-83FA-29422860567C	6267	Javelin::ClientMessages::GameModeParticipantComponentServerFacet_DebugJoinMatchmakingServiceV2Queue	0x1432744F0	2	17	2	0	0	0	0	2	1
4CDA6F13-A4B5-462B-9187-6BB9226F3699	6331	Javelin::ClientMessages::GameModeParticipantComponentServerFacet_DebugDetermineAndGrantIncentiveRewards	0x143274D70		5	0	0	0	0	0	0	0
BD3F2FC2-FBEE-4409-8658-C9FF1DBBAF85	5445	Javelin::ClientMessages::GameModeParticipantComponentServerFacet_DebugJoinMatchmakingServiceQueue	0x1432752E0		5	0	0	0	0	0	0	0
2476300C-8C23-4DCA-8D3B-3ECFBC100814	5554	Javelin::ClientMessages::GameModeParticipantComponentServerFacet_DebugLeaveMatchmakingServiceQueue	0x143275460		5	0	0	0	0	0	0	0
3476300C-8C23-4DCA-8D3B-3ECFBC100814	5993	Javelin::ClientMessages::GameModeParticipantComponentServerFacet_DebugStartMatch	0x143275710		5	0	0	0	0	0	0	0
0B0F874A-9C5A-4753-92C6-73683B577992	6319	Javelin::ClientMessages::GameModeParticipantComponentServerFacet_DebugSetMatchmakingRole	0x143275B00		5	0	0	0	0	0	0	0
210263DA-9AB1-40A4-ACF7-CFD50FD2733A	6358	Javelin::ClientMessages::GameModeParticipantComponentServerFacet_DebugSetPlayerMetadata	0x143275DE0	3	26	6	1	5	0	0	2	4
0FAAAC89-00BA-4487-92E7-356BC6AA098E	6357	Javelin::ClientMessages::GameModeParticipantComponentServerFacet_DebugResetPlayerMetadata	0x143276800		5	0	0	0	0	0	0	0
3EDCBFE6-762D-4393-881A-829B5157DEF5	6407	Javelin::ClientMessages::GameModeParticipantComponentServerFacet_DebugGetQueuedActivities	0x143276D00		5	0	0	0	0	0	0	0
AA200BB0-C40F-49E4-9978-1DCD6CEC33AF	6410	Javelin::ClientMessages::GameModeParticipantComponentClientFacet_OnDebugQueuedActivitiesReceived	0x143276E80	2	17	2	0	0	0	0	2	1
CE7C7403-5786-4723-9195-9B543A188CE3	3274	Javelin::ClientMessages::GameModeParticipantComponentClientFacet_OnDebugPersistentValuesMsg	0x143277110	1	37	5	0	5	1	0	1	5
BD37F1D2-CED0-4903-9984-D3764A2EA836	4911	Javelin::ClientMessages::GameModeParticipantComponentServerFacet_OnReceivedDebugClientEvent	0x1432774A0	1	5	1	0	2	0	0	0	0
B3B2CC02-DD37-46A1-9DB2-E3CE47390F7F	6373	Javelin::ClientMessages::GameModeParticipantComponentClientFacet_OnReceiveDebugSyncMRV2	0x143277C70	2	8	3	0	2	3	0	0	0
B8EB3129-E01C-446B-A8A1-15BA73763CC4	6399	Javelin::ClientMessages::GameModeParticipantComponentServerFacet_DebugRequestMG	0x143278260	3	13	1	0	0	0	0	0	1
E4C0EFA7-C25D-4812-B3DB-B89F3E8BD8B6	6556	Javelin::ClientMessages::GameModeParticipantComponentServerFacet_DebugRequestGameModeStatuses	0x143278600		5	0	0	0	0	0	0	0
95E4B5CC-53AE-4C05-9E6D-41ECCA4816B1	6555	Javelin::ClientMessages::GameModeParticipantComponentClientFacet_DebugReceiveGameModeStatus	0x143278ED0	2	24	2	0	3	0	0	1	1
B729384B-51A7-4A29-994D-4AF98A876321	6789	Javelin::ClientMessages::GameModeParticipantComponentClientFacet_OnReceiveDebugMRV2UpdateData	0x143279460	2	9	2	0	2	0	0	0	0
BE9BB63C-7473-42F6-86CC-23624494FC92	6793	Javelin::ClientMessages::GameModeParticipantComponentClientFacet_OnReceiveDebugDungeonMasterStatus	0x143279D30	1	13	2	0	0	0	0	1	1
8E2FE2D6-C6CC-4372-A912-C097B39646CD	6961	Javelin::ClientMessages::GameModeParticipantComponentClientFacet_DebugOnRecieveProceduralLevelJson	0x14327A3A0	3	13	1	0	0	0	0	0	1
EBF0B269-EEBA-4077-9735-43C521188D89	6955	Javelin::ClientMessages::GameModeParticipantComponentServerFacet_DebugRequestProceduralLevelJson	0x14327A890	1	5	1	0	1	0	0	0	0
E2339A48-4D42-4AF6-BCA7-BD28D2659BCD	6959	Javelin::ClientMessages::GameModeParticipantComponentServerFacet_DebugLoadProceduralLevelJson	0x14327AD50	1	13	2	0	1	0	0	0	1
B0BB0DA5-E714-4663-8F10-0207F028D939	6958	Javelin::ClientMessages::GameModeParticipantComponentServerFacet_DebugReloadProceduralDatasheets	0x14327B1E0		5	0	0	0	0	0	0	0
43AC283C-C7B9-42FF-BF12-49896FE2B24B	6969	Javelin::ClientMessages::GameModeParticipantComponentClientFacet_OnStartCutsceneWithName	0x14327B4D0	1	13	2	0	1	0	0	0	1
16F74585-D733-4A52-BA57-7B47AD15D86A	6970	Javelin::ClientMessages::GameModeParticipantComponentClientFacet_OnStopCutsceneWithName	0x14327B960	3	13	1	0	0	0	0	0	1
188644F3-F557-4778-8E1A-F04F4B037C60	3310	Javelin::ClientMessages::GameModeParticipantComponentClientFacet_OnQueueForGameModeFailedMsg	0x14327C000	1	5	1	0	1	0	0	0	0
B630EEA7-4EAB-4E8B-A35A-E24CB4826801	1234	Javelin::ClientMessages::GameModeParticipantComponentClientFacet_OnQueueGroupRemovedMsg	0x14327C410		5	0	0	0	0	0	0	0
BDD6D113-F488-48FF-964A-B952B2B48B60	3311	Javelin::ClientMessages::GameModeParticipantComponentClientFacet_OnMatchmakingForGameModeFailedMsg	0x14327C590		5	0	0	0	0	0	0	0
F8B391FF-9D75-4BD3-8BC1-3CBE1B0850FA	4970	Javelin::ClientMessages::GameModeParticipantComponentClientFacet_OnLeftQueueForGameModeMsg	0x14327C880	1	5	1	0	2	0	0	0	0
812EA2D3-205B-49AA-A76E-70048BD46C60	5100	Javelin::ClientMessages::GameModeParticipantComponentClientFacet_OnInviteUpdateMsg	0x14327CAB0	1	5	1	0	1	0	0	0	0
86E02A7C-4A0B-44EE-8D9C-5DC78C6681E4	6414	Javelin::ClientMessages::GameModeParticipantComponentClientFacet_OnGameModePlayerRemovedUpdate	0x14327D710	1	18	2	0	1	0	0	0	1
79B2904E-382D-4B0D-ADB4-E3CEC62400BE	5449	Javelin::ClientMessages::GameModeParticipantComponentClientFacet_OnMatchmakingLoginRequested	0x14327DAF0		5	0	0	0	0	0	0	0
C426AD2A-B247-46D3-8A4B-083C877F487D	4941	Javelin::ClientMessages::GameModeParticipantComponentClientFacet_PlayGameModeCinematic	0x14327DEC0	2	6	1	0	1	0	0	0	0
B01391D4-4DE8-404A-9414-8F28AB0C270D	5601	Javelin::ClientMessages::GameModeParticipantComponentClientFacet_OnMatchmakingPersistenceFailed	0x14327E410		5	0	0	0	0	0	0	0
1CC1E77A-4C0E-47FA-A9C8-270E653F3475	6228	Javelin::ClientMessages::GameModeParticipantComponentClientFacet_OnMatchmakingMatchCancelled	0x14327E750	1	19	2	0	0	0	0	1	1
FE4565BD-87C0-41AE-BA40-70F2B4E63530	6296	Javelin::ClientMessages::GameModeParticipantComponentClientFacet_OnMatchmakingRoleSelectionPhaseCanceled	0x14326DC20		5	0	0	0	0	0	0	0
8296A00D-7D52-4220-9DC3-60202E0769EC	6295	Javelin::ClientMessages::GameModeParticipantComponentClientFacet_OnStartMatchmakingRoleSelection	0x14326DEF0	2	17	2	0	0	0	0	2	1
B51AEEFE-9806-4B59-AE0E-9834554B6352	6404	Javelin::ClientMessages::GameModeParticipantComponentClientFacet_OnReceiveDebugRequestMGResponse	0x14326E340	3	13	1	0	0	0	0	0	1
1B2B3EB1-4348-466E-A058-21E358400E18	6426	Javelin::ClientMessages::GameModeParticipantComponentClientFacet_OnGameModeSchedulerRefreshed	0x14326ED00		5	0	0	0	0	0	0	0
4627393E-3AE6-4F99-B990-5DE96D70D8AD	6800	Javelin::ClientMessages::GameModeParticipantComponentClientFacet_OnGameModeLongTimeoutMsg	0x14326EFA0	1	5	1	0	1	0	0	0	0
61DE024E-8D76-4663-85FF-12B2D842EFA0	6865	Javelin::ClientMessages::GameModeParticipantComponentClientFacet_OnAcceptMatchmakingServiceMatchIgnoredMsg	0x14326F3B0	2	6	1	0	0	0	0	0	1
D65E5686-1D6D-47DD-82A3-91E7CA04A253	4940	Javelin::ClientMessages::GameModeParticipantComponentServerFacet_OnRequestEndGameModeCinematic	0x14326F740	2	6	1	0	1	0	0	0	0
89D0F887-3834-433B-BAB4-7804A4784E5F	6254	Javelin::ClientMessages::GameModeParticipantComponentServerFacet_RequestJoinQueueForActivities	0x1432700E0	1	12	2	0	0	0	0	3	1
64BD0E94-A1AE-4FBD-9432-E615663EC6D5	6322	Javelin::ClientMessages::GameModeParticipantComponentServerFacet_RequestJoinQueueForRandomActivities	0x143270730	2	15	1	0	0	0	0	1	0
F575E523-F264-46AF-BDB5-B679FC303219	3109	Javelin::ClientMessages::GameModeParticipantComponentServerFacet_RequestJoinQueueForGameMode	0x143270D90	2	6	1	0	1	0	0	1	0
0A1565BC-46C8-4E81-9BAD-A847CAEDFADD	1066	Javelin::ClientMessages::GameModeParticipantComponentServerFacet_RequestLeaveQueueForGameMode	0x143271290	2	6	1	0	1	0	0	1	0
F129D79C-C2B5-45D9-8372-6B49EFC3DF5F	2385	Javelin::ClientMessages::GameModeParticipantComponentServerFacet_RequestLeaveQueueForAllGameModes	0x143271660	2	6	1	0	0	0	0	1	0
89CF3F73-91B1-4A68-B654-4447FD8F5BF5	5741	Javelin::ClientMessages::GameModeParticipantComponentServerFacet_AcceptMatchmakingServiceMatch	0x143271AC0	1	6	2	0	0	0	0	1	1
D6B79513-6682-491C-B243-3C675CE771B6	3309	Javelin::ClientMessages::GameModeParticipantComponentServerFacet_RequestLeaveGameMode	0x1432721F0	1	8	1	0	0	0	0	1	0
4727C078-054C-4BD6-B155-87B07406AC81	6272	Javelin::ClientMessages::GameModeParticipantComponentServerFacet_RequestSetMatchmakingRole	0x143272BA0		14	0	0	0	0	0	0	0
9B74AE1B-977C-47BF-985A-0F245136A29A	6297	Javelin::ClientMessages::GameModeParticipantComponentServerFacet_RequestCancelMatchmakingRoleSelectionPhase	0x143273200		5	0	0	0	0	0	0	0
50FE025F-FB2B-434C-9A9D-B3D252098B26	1980	Javelin::ClientMessages::GameModeParticipantComponentServerFacet_OnReceivedClientEvent	0x143273840	1	5	1	0	1	0	0	0	0
B35F9D09-9BD4-48A1-A827-A08D201EF19F	6211	Javelin::ClientMessages::GameModeParticipantComponentServerFacet_RequestModifyGroupEligibilityDataSubscription	0x143274040	1	5	1	0	0	0	0	1	0
201ECD14-4FDA-4878-92C6-424C8598DFCF	5450	Javelin::ClientMessages::GameModeParticipantComponentServerFacet_OnMatchmakingLoginConfirmed	0x143274320		5	0	0	0	0	0	0	0
0C9001D9-E9BB-4712-9EFA-725C359F9ADB	6824	Javelin::ClientMessages::GameModeParticipantComponentServerFacet_SetReadiedUpStatus	0x143274BD0	2	6	1	0	1	0	0	1	0
3EC36371-8CEB-46EA-8B61-5FC2E4D587AB	6237	Javelin::ClientMessages::InstancedSlayerScriptComponentServerFacet_RequestDebugStart	0x1432DE1E0		5	0	0	0	0	0	0	0
97C84514-A8E0-4CD0-ADDE-A734A694930A	6274	Javelin::ClientMessages::InstancedSlayerScriptComponentServerFacet_RequestDebugRegisterScript	0x1432DE2B0	2	6	1	0	1	0	0	0	0
D4BAA50C-8224-4BD4-BAD7-50595A822278	6231	Javelin::ClientMessages::InstancedSlayerScriptComponentServerFacet_RequestDebugStop	0x1432DE500		5	0	0	0	0	0	0	0
CAA7DD8D-0395-402D-9F7F-FCF8479F6C45	6232	Javelin::ClientMessages::InstancedSlayerScriptComponentServerFacet_DebugRequestSetScriptState	0x1432DE800	1	5	1	0	1	0	0	0	0
CFED6BE8-8D58-4BFF-BD89-94DF8F1DE62C	6241	Javelin::ClientMessages::InstancedSlayerScriptComponentServerFacet_DebugGetDebugData	0x1432DE8D0	1	9	1	0	1	0	0	2	0
E97D282B-544B-4936-A987-83036DBDDF5C	6229	Javelin::ClientMessages::InstancedSlayerScriptComponentClientFacet_ReceiveDebugData	0x1432DE9E0	1	22	3	0	2	3	0	1	2
CC74519F-DDC8-4200-B71D-25D534445AC4	5322	Javelin::ClientMessages::SlayerScriptClientFacet_SendEntityEvent	0x1432F8B20	1	6	2	0	2	0	0	1	0
EC02666D-1A0E-4D3F-BAAE-0093944A3266	2209	Javelin::ClientMessages::GameModeMutationSchedulerComponentServerFacet_DEBUG_RequestRefreshMutationSchedule	0x14332D7C0		5	0	0	0	0	0	0	0
7317628D-6B0D-4793-8ABB-65D69AEF9B40	3366	Javelin::ClientMessages::GameModeMutationSchedulerComponentServerFacet_DEBUG_RequestSetMutationForGameMode	0x14332D890	1	7	3	0	4	0	0	0	0
04588913-58CE-44F8-826A-A34ECDCD66EF	4847	Javelin::ClientMessages::GameModeMutationSchedulerComponentServerFacet_DEBUG_RequestStartMutationCadenceTimers	0x14332D970		5	0	0	0	0	0	0	0
6343C49D-77FE-4446-B7F7-559E6C958150	2724	Javelin::ClientMessages::GatherableControllerComponentClientFacet_GatheringInterrupted	0x143350550		5	0	0	0	0	0	0	0
B5F7BC49-E27B-467F-B4E4-4D7F201E0902	5192	Javelin::ClientMessages::GatherableControllerComponentClientFacet_StartEmoteGathering	0x143350820	1	5	1	0	0	1	0	0	0
23123472-30F6-4366-9222-DBB60D552EE5	6981	Javelin::ClientMessages::GatherableControllerComponentClientFacet_RequestOpenStorage	0x1433508F0		5	0	0	0	0	0	0	0
31BB5B65-5151-49D6-B604-BD04B419A99C	851	Javelin::ClientMessages::GatherableControllerComponentServerFacet_SetStateDebugClient	0x143350C90	1	8	1	0	1	0	0	1	0
7B1B1E38-748F-4F43-B85E-90ABF6E8699E	2454	Javelin::ClientMessages::PlayerGenericInviteComponentClientFacet_OnInviteFailed	0x143383F60	1	5	1	0	2	0	0	0	0
52A12F6E-E01A-4225-8E40-685F1527E1BC	3404	Javelin::ClientMessages::PlayerGenericInviteComponentServerFacet_RequestSendNewInvite	0x143384470		5	0	0	0	0	0	0	0
A936C684-64C3-4E70-944E-1DA11862E54A	3406	Javelin::ClientMessages::PlayerGenericInviteComponentServerFacet_RequestReplyToInvite	0x143384860	1	5	1	0	0	0	0	1	0
FE69FDD2-2317-4D67-B35B-6E9F1A8DE51B	227	Javelin::ClientMessages::PlayerGenericInviteComponentServerFacet_SyncDisabledOptions	0x143384C30		5	0	0	0	0	0	0	0
CB7B057C-91F4-43E7-9F19-40EDA8BFC08E	3407	Javelin::ClientMessages::PlayerGenericInviteComponentServerFacet_OnOptionChanged	0x143384E10	1	5	1	0	1	0	0	1	0
0C1B0547-DF98-4F50-9974-7D30F6E319B1	1677	Javelin::ClientMessages::GroupsComponentClientFacet_OnReceivedGroupInviteRemoved	0x14340BE90	2	15	2	0	1	0	0	2	0
46987261-A6EB-497A-B23B-CA659B744AA5	3453	Javelin::ClientMessages::GroupsComponentClientFacet_OnReceivedErrorMessage	0x14340C730	1	18	2	0	1	0	0	0	1
316B158F-0E93-4BCE-8DF2-C3EC203453C5	6766	Javelin::ClientMessages::GroupsComponentClientFacet_OnReceivedGameInviteErrorMessage	0x14340D5B0	1	18	2	0	1	0	0	0	1
DD715D2E-E899-40EC-A845-89ABB2B0C84D	715	Javelin::ClientMessages::GroupsComponentClientFacet_OnReceivedPreRaidStatus	0x14340E2D0	1	5	1	0	1	0	0	1	0
877985F6-F980-404B-A763-32F89F154779	3454	Javelin::ClientMessages::GroupsComponentClientFacet_OnReceivedSiegeWarfareStarted	0x14340F0E0	1	5	1	0	0	0	0	1	0
4498F634-2221-4EB6-989A-700C3D76C265	245	Javelin::ClientMessages::GroupsComponentClientFacet_OnReceivedSiegeWarfareEnded	0x14340FE80	1	5	1	0	0	0	0	1	0
101A5E28-1587-43F9-A1D7-89D02FD9956C	3455	Javelin::ClientMessages::GroupsComponentClientFacet_OnSiegeWarfareCompleted	0x143410AD0	1	5	1	0	1	0	0	0	0
98282D24-B364-4523-952E-AE68C9E56115	5311	Javelin::ClientMessages::GroupsComponentClientFacet_OnConvertToRaidVoteInitiated	0x1434117F0	4	19	1	0	0	0	0	0	1
23AFC577-0BAF-4334-98CC-AB929ABF25A2	5308	Javelin::ClientMessages::GroupsComponentClientFacet_OnInitiateConvertToRaidFailed	0x143412560		5	0	0	0	0	0	0	0
AC2F4B81-9635-4385-BF7A-27D7ADF3A66B	5310	Javelin::ClientMessages::GroupsComponentClientFacet_OnSubmitConvertToRaidVoteFailed	0x143412D30		5	0	0	0	0	0	0	0
791E443E-F620-4585-B553-AAC630A94455	5309	Javelin::ClientMessages::GroupsComponentClientFacet_OnConvertToRaidVoteEnded	0x143413600		5	0	0	0	0	0	0	0
852BC704-2860-4451-B2C9-DB08EC3663EC	3456	Javelin::ClientMessages::GroupsComponentClientFacet_OnKickVoteInitiated	0x143413D90	4	17	1	0	0	0	0	0	1
EECE5F22-E8F3-4D89-B2DF-FCB4BA99E69C	3457	Javelin::ClientMessages::GroupsComponentClientFacet_OnInitiateKickVoteFailed	0x143414980	1	5	1	0	1	0	0	0	0
B6B39A08-CEEF-47E5-A0F8-B2A463733D1F	1151	Javelin::ClientMessages::GroupsComponentClientFacet_OnSubmitKickVoteFailed	0x1434153A0	1	5	1	0	1	0	0	0	0
2E1AD491-B405-4194-9B1A-54BF815FB560	3458	Javelin::ClientMessages::GroupsComponentClientFacet_OnKickVoteEnded	0x143415D20	1	5	1	0	1	0	0	0	0
6C2E5E3D-2BCD-4F12-AD3F-6F59DE6D78C6	6303	Javelin::ClientMessages::GroupsComponentClientFacet_OnAbandonGameModeVoteStarted	0x1433F8330	2	13	1	0	0	0	0	0	1
5C92ADB0-0306-4D4E-85C8-581E03D82A3F	6304	Javelin::ClientMessages::GroupsComponentClientFacet_OnAbandonGameModeResult	0x1433F9060	1	5	1	0	1	0	0	0	0
9C79E085-E249-4E9E-AD3E-F327DC4836E0	6485	Javelin::ClientMessages::GroupsComponentClientFacet_PlatformGameInviteJoinGroupBypassFlow	0x1433F9D10	1	13	2	0	0	0	0	1	1
7FBE7A9C-1785-41BB-BE72-96EFB7D4271F	5283	Javelin::ClientMessages::GroupsComponentClientFacet_OnReceivedGroupMemberRemoved	0x1433FA730	1	19	2	0	1	0	0	0	1
D9AB0465-FC56-488F-9253-E6BEE7D916E5	3374	Javelin::ClientMessages::GroupsComponentClientFacet_OnGroupFinderCreateGroupSuccess	0x1433FB190		5	0	0	0	0	0	0	0
B6D13B3D-6114-430E-833B-C713B2FBDCC3	1089	Javelin::ClientMessages::GroupsComponentClientFacet_OnGroupFinderCreateGroupFailed	0x1433FBC80		5	0	0	0	0	0	0	0
F5AC9760-B6B7-4B7E-918B-00FAA69961E0	3219	Javelin::ClientMessages::GroupsComponentClientFacet_OnGroupFinderUpdateGroupSuccess	0x1433FCC40		5	0	0	0	0	0	0	0
0ED32D27-DFDC-45A5-A46B-4949FB1FA506	1499	Javelin::ClientMessages::GroupsComponentClientFacet_OnGroupFinderUpdateGroupFailed	0x1433FD760		5	0	0	0	0	0	0	0
F5885C61-72E9-466A-8393-01720BAF8D44	3459	Javelin::ClientMessages::GroupsComponentClientFacet_OnGroupFinderRemoveGroupSuccess	0x1433FDE40		5	0	0	0	0	0	0	0
D8954086-4403-4AA3-AEC8-80BE7649EF25	1037	Javelin::ClientMessages::GroupsComponentClientFacet_OnGroupFinderRemoveGroupFailed	0x1433FEED0		5	0	0	0	0	0	0	0
F0584EB2-96DA-47DF-99B2-54BA53331627	2010	Javelin::ClientMessages::GroupsComponentClientFacet_OnGroupFinderGetGroupSuccess	0x1433FFC20	2	18	1	0	0	0	0	1	0
07BB1FDF-2744-4487-885E-3BD1F79F61F4	1730	Javelin::ClientMessages::GroupsComponentClientFacet_OnGroupFinderGetGroupFailed	0x143400750		5	0	0	0	0	0	0	0
C65E2E34-3EB1-44BA-B086-838656C5BF02	3461	Javelin::ClientMessages::GroupsComponentClientFacet_OnGroupFinderGetGroupListSuccess	0x143401430	2	19	4	0	4	0	0	5	2
73555C38-127D-4501-8697-6A3934E83AC1	3462	Javelin::ClientMessages::GroupsComponentClientFacet_OnGroupFinderGetGroupListFailed	0x1434027C0		5	0	0	0	0	0	0	0
9BCCA8FC-4E08-480C-9020-EE823B8EC757	861	Javelin::ClientMessages::GroupsComponentClientFacet_OnGroupFinderSubmitApplicationSuccess	0x1434032E0		5	0	0	0	0	0	0	0
C65785D3-1687-447B-8E76-EAA780BC4C0A	3463	Javelin::ClientMessages::GroupsComponentClientFacet_OnGroupFinderSubmitApplicationFailed	0x143403D40		5	0	0	0	0	0	0	0
2D3E9806-F0E3-44C1-82EE-2F92CCBE3BD1	3465	Javelin::ClientMessages::GroupsComponentClientFacet_OnGroupFinderRemoveApplicationSuccess	0x143404860		5	0	0	0	0	0	0	0
E012C355-13AE-47B6-8687-434232365DE1	3466	Javelin::ClientMessages::GroupsComponentClientFacet_OnGroupFinderRemoveApplicationFailed	0x1434052D0		5	0	0	0	0	0	0	0
3EBBC566-B3F0-48D2-8B22-1EBB6AA3EB1F	3468	Javelin::ClientMessages::GroupsComponentClientFacet_OnGroupFinderRemoveAllApplicationsSuccess	0x1434060E0		5	0	0	0	0	0	0	0
B93976B4-0B93-4246-8AA0-045D38AA98AE	3469	Javelin::ClientMessages::GroupsComponentClientFacet_OnGroupFinderRemoveAllApplicationsFailed	0x1434073A0		5	0	0	0	0	0	0	0
7E2F33F8-72FE-41CE-A0D1-D2510794C306	3470	Javelin::ClientMessages::GroupsComponentClientFacet_OnGroupFinderAcceptApplicationSuccess	0x143407C60		5	0	0	0	0	0	0	0
0BC4E57A-8198-4662-BBD3-BA7E5D22D5FB	2584	Javelin::ClientMessages::GroupsComponentClientFacet_OnGroupFinderAcceptApplicationFailed	0x143408310		15	0	0	0	0	0	0	0
E21A1303-0DC4-431C-A3F2-8A7A3F6657D4	3473	Javelin::ClientMessages::GroupsComponentClientFacet_OnGroupFinderRejectApplicationSuccess	0x143408C20		5	0	0	0	0	0	0	0
2E720F78-13E5-457A-920D-3AC4499D8151	3273	Javelin::ClientMessages::GroupsComponentClientFacet_OnGroupFinderRejectApplicationFailed	0x143409F70		5	0	0	0	0	0	0	0
07AAE6F5-FAD2-41DB-BA2F-DF134F94DBA4	1708	Javelin::ClientMessages::GroupsComponentClientFacet_OnGroupFinderConfirmApplicationInviteSuccess	0x14340A6E0		5	0	0	0	0	0	0	0
81CC6FBF-342C-44D7-85E9-C29A39CA0C45	3474	Javelin::ClientMessages::GroupsComponentClientFacet_OnGroupFinderConfirmApplicationInviteFailed	0x14340B790		5	0	0	0	0	0	0	0
C1B04E4D-A227-4C7E-AECB-A824405B86C6	3475	Javelin::ClientMessages::GroupsComponentClientFacet_OnGroupFinderDeclineApplicationInviteSuccess	0x14340C250		5	0	0	0	0	0	0	0
2F211244-466F-46C3-A26B-D76422F03909	658	Javelin::ClientMessages::GroupsComponentClientFacet_OnGroupFinderDeclineApplicationInviteFailed	0x14340CC80		5	0	0	0	0	0	0	0
4A75A53E-604C-4F8B-AB64-E124B47296BD	5294	Javelin::ClientMessages::GroupsComponentClientFacet_OnGroupFinderDeclineApplicationInvite	0x14340DD50		5	0	0	0	0	0	0	0
A614E345-57D6-4BB8-A266-60C5BCCD6648	3477	Javelin::ClientMessages::GroupsComponentClientFacet_OnGroupFinderAddMemberSuccess	0x14340E950		5	0	0	0	0	0	0	0
6329FDFF-9160-4A0B-B915-2B2FDFCB739A	2223	Javelin::ClientMessages::GroupsComponentClientFacet_OnGroupFinderAddMemberFailed	0x14340F9B0		5	0	0	0	0	0	0	0
0A9842B6-A399-4ADD-91C1-2F675D6A0E72	3480	Javelin::ClientMessages::GroupsComponentClientFacet_OnGroupFinderUpdateMemberSuccess	0x143410460		5	0	0	0	0	0	0	0
92EA2EA6-FF1E-4476-98C2-1ADD3444FF49	3481	Javelin::ClientMessages::GroupsComponentClientFacet_OnGroupFinderUpdateMemberFailed	0x143411340		5	0	0	0	0	0	0	0
1FEC5CB0-379F-45C8-988D-8752CEAEDF3E	3482	Javelin::ClientMessages::GroupsComponentClientFacet_OnGroupFinderRemoveMemberSuccess	0x143411AD0	4	18	1	0	0	0	0	0	1
B2621B46-B6EA-4AAD-BA4C-A78C939981D0	3483	Javelin::ClientMessages::GroupsComponentClientFacet_OnGroupFinderRemoveMemberFailed	0x143412870		5	0	0	0	0	0	0	0
3352B9DC-A260-4A08-9917-36905F3D2E4C	3485	Javelin::ClientMessages::GroupsComponentClientFacet_OnGroupFinderApplicationAccepted	0x143412F80	1	13	2	0	0	0	0	1	1
ECDE4150-50D0-4A47-8C1F-CAAEC1C961AB	2985	Javelin::ClientMessages::GroupsComponentClientFacet_OnGroupFinderApplicationRejected	0x143413B00	1	5	1	0	0	0	0	1	0
151FC257-A640-4512-ADBE-B9D2B2F10EE8	4726	Javelin::ClientMessages::GroupsComponentClientFacet_OnGroupFinderConvertToGroupFailed	0x1434141A0		15	0	0	0	0	0	0	0
D9132B6A-0DE0-4936-9927-5E964FFCC114	5239	Javelin::ClientMessages::GroupsComponentClientFacet_OnGroupFinderKickedFromGroup	0x143414FB0		5	0	0	0	0	0	0	0
D0851095-95C3-44CB-9CB2-AF80D0287FAC	5459	Javelin::ClientMessages::GroupsComponentClientFacet_OnAllActivityJoinableLobbyCountsReceived	0x143415730	1	6	1	0	1	0	0	0	1
4A72A965-4A94-4D31-834B-0EF3BD6400AF	5458	Javelin::ClientMessages::GroupsComponentClientFacet_OnJoinableLobbyCountsForActivityReceived	0x1434161D0		5	0	0	0	0	0	0	0
EFA71769-86D1-4558-8C54-B2A4D8CE04B3	2407	Javelin::ClientMessages::GroupsComponentServerFacet_RequestPing	0x1433F87A0		6	0	0	0	0	0	0	0
A7B9F4FB-8EE2-4029-88D6-EB6E33C793AE	3486	Javelin::ClientMessages::GroupsComponentServerFacet_CancelPing	0x1433F9720		5	0	0	0	0	0	0	0
2559B6D7-06E9-4D69-8796-EE00B9D97DF4	3490	Javelin::ClientMessages::GroupsComponentServerFacet_RequestTargetPing	0x1433FA450		5	0	0	0	0	0	0	0
A02F33A2-5A01-449B-9864-5A724C6A691E	3491	Javelin::ClientMessages::GroupsComponentServerFacet_CancelTargetPing	0x1433FAB80		5	0	0	0	0	0	0	0
D0DD3BE7-67FC-4EEB-9846-A71F33BD7E72	3492	Javelin::ClientMessages::GroupsComponentServerFacet_RequestGroupInvite	0x1433FB750	1	6	2	0	0	0	0	2	1
66C3DC9B-CF53-4927-80FE-C76E9DEADB61	2340	Javelin::ClientMessages::GroupsComponentServerFacet_RequestBatchGroupInvites	0x1433FC560		5	0	0	0	0	0	0	0
74111235-A5AD-49AF-A034-D20BFF86C5ED	3495	Javelin::ClientMessages::GroupsComponentServerFacet_RequestReplyToGroupInvite	0x1433FD3F0	1	14	1	0	1	0	0	1	0
E475FCF0-B83B-4F3A-9DC3-9851B667096E	3471	Javelin::ClientMessages::GroupsComponentServerFacet_RequestWithdrawInvites	0x1433FD990		5	0	0	0	0	0	0	0
643D6E7D-6B53-4A5C-B69F-0346843DB4FA	5317	Javelin::ClientMessages::GroupsComponentServerFacet_RequestInitiateConvertToRaid	0x1433FE800		5	0	0	0	0	0	0	0
FE2F97A8-0D9C-4C1A-AB04-8814EA20D611	5318	Javelin::ClientMessages::GroupsComponentServerFacet_RequestConvertToRaidVote	0x1433FF440	1	5	1	0	0	0	0	1	0
2D0F1C89-F5A7-4E0D-8FCE-28EA68551F48	3498	Javelin::ClientMessages::GroupsComponentServerFacet_RequestInitiateKickVotePlayer	0x143400420	2	6	1	0	0	0	0	0	1
C5B94D1F-2D71-40AB-B83B-FC093E99DBD4	3499		0x143400E40	1	5	1	0	0	0	0	1	0
146B7D62-A113-47D6-8C4A-C7300372DB8D	6305	Javelin::ClientMessages::GroupsComponentServerFacet_RequestStartAbandonGameMode	0x143401A80		5	0	0	0	0	0	0	0
B0B700B8-FA21-428E-AD0B-EBDF47478AC3	6291	Javelin::ClientMessages::GroupsComponentServerFacet_RequestCastAbandonVote	0x143402D20	1	5	1	0	0	0	0	1	0
0698C5A3-5AC8-4870-AF82-A9C9C83BFE0D	2252	Javelin::ClientMessages::GroupsComponentServerFacet_RequestLeaveGroup	0x143403920	1	14	1	0	1	0	0	0	0
367DD9A0-2E85-4096-80DE-5B2FD7B51A79	5390	Javelin::ClientMessages::GroupsComponentServerFacet_RequestChooseRole	0x143403FE0		14	0	0	0	0	0	0	0
A915A93D-4B0B-4C18-A87C-CD6A6018B4EF	3500	Javelin::ClientMessages::GroupsComponentServerFacet_RequestRemoveRaidMember	0x143404DC0	2	6	1	0	0	0	0	0	1
7F622925-44B2-4A6E-A790-8E8779C01D74	3501	Javelin::ClientMessages::GroupsComponentServerFacet_RequestMoveRaidMember	0x1434057E0	2	15	1	0	0	0	0	0	1
470632A5-5D7A-457F-81EE-CF7982D9E9C5	541	Javelin::ClientMessages::GroupsComponentServerFacet_RequestSwapRaidMembers	0x143406710	2	6	1	0	0	0	0	0	1
2C6CB67C-9049-408B-BB36-EA2CBEF278F8	2422	Javelin::ClientMessages::GroupsComponentServerFacet_RequestSetRaidMemberPermission	0x1434077F0	2	15	1	0	0	0	0	0	1
6B9F29F1-4405-42BF-A435-A9D0A4D99A49	3502	Javelin::ClientMessages::GroupsComponentServerFacet_RequestSetGroupLeader	0x1434080C0	2	6	1	0	0	0	0	0	1
02AAB1C2-4DFD-4A0A-A4AC-938A97633BBD	2196	Javelin::ClientMessages::GroupsComponentServerFacet_RequestSetGroupName	0x143408580	1	5	1	0	0	0	0	1	0
7EB12E3B-DD40-47EB-9F82-AAFE46ABE4A6	3504	Javelin::ClientMessages::GroupsComponentServerFacet_RequestSetGroupIcon	0x1434093A0	1	5	1	0	0	0	0	1	0
B960F082-775B-44F6-BE7F-F239463BE667	3505	Javelin::ClientMessages::GroupsComponentServerFacet_RequestSetGroupColor	0x14340A1A0	1	5	1	0	0	0	0	1	0
443B95FA-D19F-4B1C-AE7F-47D5ABBF2C3A	3507	Javelin::ClientMessages::GroupsComponentServerFacet_RequestSetGroupObjective	0x14340AC40	1	5	1	0	0	0	0	1	0
F299F7B3-1D77-4F9A-B254-C1136109384C	3509	Javelin::ClientMessages::GroupsComponentServerFacet_RequestCreateGroupFinderGroup	0x14340BB00	4	11	1	0	3	0	0	1	0
333F2F5D-EC1E-4628-944A-39C157273B47	2872	Javelin::ClientMessages::GroupsComponentServerFacet_RequestUpdateGroupFinderGroup	0x14340C570	3	11	2	0	4	0	0	4	0
25915749-89C1-45E2-92BD-884E07CBF2BA	1683	Javelin::ClientMessages::GroupsComponentServerFacet_RequestRemoveGroupFinderGroup	0x14340D110		5	0	0	0	0	0	0	0
FAAF0188-DD55-4AC1-BD40-6D17849F96AF	1147	Javelin::ClientMessages::GroupsComponentServerFacet_RequestGetGroupFinderGroup	0x14340E1F0	1	5	1	0	0	0	0	1	0
75872F71-B563-4D27-A442-78E8346F6AB0	1960	Javelin::ClientMessages::GroupsComponentServerFacet_RequestGetGroupFinderGroupList	0x14340EF20	2	11	2	0	1	0	0	0	1
B50EBEF2-ADAA-405F-85DC-CE36EAC8725F	5495	Javelin::ClientMessages::GroupsComponentServerFacet_RequestGetGroupFinderGroupListUnfiltered	0x14340FCE0	2	6	1	0	0	0	0	0	1
EDEBF332-DC66-49E1-81F7-920E0864DF16	5355	Javelin::ClientMessages::GroupsComponentServerFacet_RequestModifyGroupFinderApplicationSubscription	0x143410A00	1	5	1	0	0	0	0	1	0
96A5CB0A-2252-44C8-84B6-3A93FD521EA6	3510	Javelin::ClientMessages::GroupsComponentServerFacet_RequestSubmitGroupFinderApplication	0x143411670	1	14	1	0	0	0	0	1	0
86C6796F-FD9F-4D21-B77E-E47E13C54EE3	3513	Javelin::ClientMessages::GroupsComponentServerFacet_RequestRemoveGroupFinderApplication	0x143412440	2	7	2	0	0	0	0	1	1
BBC0F9B1-8A30-4471-B9BF-AFAB361F45BF	1553	Javelin::ClientMessages::GroupsComponentServerFacet_RequestRemoveAllGroupFinderApplications	0x143412A60		5	0	0	0	0	0	0	0
0BC613EA-7901-491B-AAA5-795DFCEB8DC0	3515	Javelin::ClientMessages::GroupsComponentServerFacet_RequestAcceptGroupFinderApplication	0x1434134F0	2	7	2	0	0	0	0	1	1
63CC00F1-0F03-4803-9D18-D26372E585CA	1383	Javelin::ClientMessages::GroupsComponentServerFacet_RequestRejectGroupFinderApplication	0x143413C90	2	7	2	0	0	0	0	1	1
D10A3623-712E-468D-8711-4473EC34986A	105	Javelin::ClientMessages::GroupsComponentServerFacet_RequestConfirmGroupFinderApplicationInvite	0x143414870	2	16	2	0	0	0	0	1	1
AAEA93BA-BB3C-4625-B85F-A6CBC14FA5BA	3245	Javelin::ClientMessages::GroupsComponentServerFacet_RequestDeclineGroupFinderApplicationInvite	0x143415290	2	16	2	0	0	0	0	1	1
A5126875-23C2-4539-98A1-9BD1E3658A35	3517	Javelin::ClientMessages::GroupsComponentServerFacet_RequestAddMemberToGroupFinderGroup	0x143415B90	2	6	1	0	0	0	0	0	1
EF6CA34D-BBE4-471B-A173-F9D8A1B68FDF	3518	Javelin::ClientMessages::GroupsComponentServerFacet_RequestUpdateMemberInGroupFinderGroup	0x1433F81C0		14	0	0	0	0	0	0	0
EADDB893-F6C9-4918-BAC1-68B966EB78C9	3519	Javelin::ClientMessages::GroupsComponentServerFacet_RequestRemoveMemberFromGroupFinderGroup	0x1433F8E90	2	6	1	0	0	0	0	0	1
13B504E1-63FD-4CF7-B3D7-3BD8BC0F76D1	4723	Javelin::ClientMessages::GroupsComponentServerFacet_RequestConvertGroupFinderGroupToGroup	0x1433F9C40		5	0	0	0	0	0	0	0
1EC2C094-B2C8-42C4-9A87-2D86FA5E2F90	4739	Javelin::ClientMessages::GroupsComponentServerFacet_RequestConfirmConvertGroupFinderGroupToGroup	0x1433FA660		5	0	0	0	0	0	0	0
6571832F-2070-4F73-BAEE-BD0FC5CC30DB	4744	Javelin::ClientMessages::GroupsComponentServerFacet_RequestDeclineConvertGroupFinderGroupToGroup	0x1433FAEF0		5	0	0	0	0	0	0	0
4D877BF3-A592-403C-8C3F-AD34B065A774	5461	Javelin::ClientMessages::GroupsComponentServerFacet_RequestAllActivityJoinableLobbyCounts	0x1433FB9A0		5	0	0	0	0	0	0	0
EBB62A4F-B2C4-4510-9549-B2EA09C85C63	5463	Javelin::ClientMessages::GroupsComponentServerFacet_RequestJoinableLobbyCountsForActivity	0x1433FCB20		14	0	0	0	0	0	0	0
FAB84B09-636D-402E-B489-9961234E8299	4906	Javelin::ClientMessages::GroupsComponentServerFacet_DebugClearGroupFinderGroups	0x1433FD5A0		5	0	0	0	0	0	0	0
C57034B0-1734-4864-90B4-F650BF20DAB7	5965	Javelin::ClientMessages::GroupsComponentServerFacet_DebugCreateGroup	0x1433FDD70		5	0	0	0	0	0	0	0
D2BEFBF9-AE27-44F6-A667-6A7F3B541406	5564	Javelin::ClientMessages::GroupsComponentServerFacet_DebugChooseRole	0x1433FEAE0		14	0	0	0	0	0	0	0
3333FC53-95FF-4264-B881-790EFED52398	3521	Javelin::ClientMessages::GroupsComponentServerFacet_DebugCreateRaid	0x1433FF7D0		5	0	0	0	0	0	0	0
3F5B21FF-3063-41F8-BE8A-EAFCA1BE0026	3523	Javelin::ClientMessages::GroupsComponentServerFacet_DebugDestroyRaid	0x143400670		6	0	0	0	0	0	0	0
E732F853-669C-4504-A676-C31E1300CB5B	6872	Javelin::ClientMessages::GroupsComponentServerFacet_DebugForceGroupPristine	0x143401280		5	0	0	0	0	0	0	0
68E5CB81-3B5E-4CC0-8EBD-95C70731BCC3	1800	Javelin::ClientMessages::GroupsComponentServerFacet_DebugJoinRaid	0x143402430		6	0	0	0	0	0	0	0
3B003F84-F7C5-4FBB-88E0-95D96081C80C	1538	Javelin::ClientMessages::GroupsComponentServerFacet_DebugAcceptAllInvites	0x1434030E0		5	0	0	0	0	0	0	0
8FA15095-A54B-4C1D-B2ED-948E6AD11081	6494		0x143403AC0	1	6	2	0	0	0	0	1	1
21436784-512F-4F19-8138-A473B76180D5	5364	Javelin::ClientMessages::GroupsComponentServerFacet_DebugGroupFinderFailConversion	0x143404630		5	0	0	0	0	0	0	0
2D04A12C-F3FF-41E5-8D8C-D4B8512B4C6F	5363	Javelin::ClientMessages::GroupsComponentServerFacet_DebugGroupFinderFailRemoveLobby	0x1434051E0		5	0	0	0	0	0	0	0
CF663646-3635-440C-9826-D684F1CA6A13	5365	Javelin::ClientMessages::GroupsComponentServerFacet_DebugGroupFinderFailUpdateMember	0x143405DD0		5	0	0	0	0	0	0	0
BDB70D69-59D9-4885-9E12-79F25507733F	5429	Javelin::ClientMessages::GuildsComponentClientFacet_OnGuildDataUpdated	0x1434724F0	1	5	1	0	0	0	0	1	0
879F3DB0-FD6C-441C-86C5-21232C2B1BEE	3247	Javelin::ClientMessages::GuildsComponentClientFacet_OnGuildInviteRespondedMsg	0x143472B30	1	5	1	0	0	0	0	1	0
42D451FF-BB8A-41AE-B986-AD71E1BEA427	183	Javelin::ClientMessages::GuildsComponentClientFacet_OnSentGuildInviteRejectedMsg	0x143472FE0	4	18	1	0	0	0	0	0	1
F1473536-324F-44FA-BED9-556C50BEE65A	3598	Javelin::ClientMessages::GuildsComponentClientFacet_OnKickedFromGuildMsg	0x143473680		5	0	0	0	0	0	0	0
DB81C668-0E55-46A9-8FDF-0C52F93C3BE9	3542	Javelin::ClientMessages::GuildsComponentClientFacet_OnGuildCreatedFailedMsg	0x143473C60		5	0	0	0	0	0	0	0
68125D17-75CD-4266-87A0-072865663C26	3599	Javelin::ClientMessages::GuildsComponentClientFacet_OnInviteCreatedFailedMsg	0x1434742B0	1	5	1	0	1	0	0	0	0
8DA92CA0-B71B-4A12-BD63-B9317DE61A22	195	Javelin::ClientMessages::GuildsComponentClientFacet_OnGetInvitesFailedMsg	0x143474850		5	0	0	0	0	0	0	0
6ED4D89B-DF71-4E0C-B144-681C18DCFFD7	286	Javelin::ClientMessages::GuildsComponentClientFacet_OnRespondToGuildInviteFailedMsg	0x143474E70	2	13	2	0	2	0	0	0	1
A2E8F970-D63A-4084-B3DE-6C928381306D	2145	Javelin::ClientMessages::GuildsComponentClientFacet_OnRemoveGuildInviteFailedMsg	0x143475330	1	5	1	0	0	0	0	1	0
71CA9AD3-A4E3-4B0A-A3A0-235634D27076	308	Javelin::ClientMessages::GuildsComponentClientFacet_OnRemoveAllGuildInvitesFailedMsg	0x143475B20		5	0	0	0	0	0	0	0
14AA8EE2-3CFD-4521-8A27-1F358D801937	3600	Javelin::ClientMessages::GuildsComponentClientFacet_OnLeaveGuildFailedMsg	0x1434768F0		5	0	0	0	0	0	0	0
BFF69803-14F0-4B7C-8FB2-7E8CE49EF16C	3602	Javelin::ClientMessages::GuildsComponentClientFacet_OnEditGuildNameFailedMsg	0x143476E90	1	13	2	0	1	0	0	0	1
1DBCDB71-5DB8-4D94-8C33-3484E6872F77	1598	Javelin::ClientMessages::GuildsComponentClientFacet_OnEditGuildCrestSucceededMsg	0x1434771B0		5	0	0	0	0	0	0	0
839314BA-2436-4D3E-B428-4ECCCD94A407	3467	Javelin::ClientMessages::GuildsComponentClientFacet_OnEditGuildCrestFailedMsg	0x1434778A0		5	0	0	0	0	0	0	0
52CA232D-E0CF-4693-93C5-15AF6D5FAADE	1305	Javelin::ClientMessages::GuildsComponentClientFacet_OnEditGuildMOTDFailedMsg	0x143478320	1	5	1	0	1	0	0	0	0
0D0CE903-50B0-4A54-A09A-C6219F456AD2	3603	Javelin::ClientMessages::GuildsComponentClientFacet_OnSetGuildMemberRankFailedMsg	0x1434788D0		5	0	0	0	0	0	0	0
34FBDC96-628C-4068-AF51-A495865E17D6	3604	Javelin::ClientMessages::GuildsComponentClientFacet_OnSetGuildMemberRankFailedReasonMsg	0x143479060	1	19	2	0	1	0	0	0	1
E8C468A7-BE17-4F22-B82B-BB62BCBDECC2	3100	Javelin::ClientMessages::GuildsComponentClientFacet_OnRemoveGuildMemberFailedMsg	0x143479A80		5	0	0	0	0	0	0	0
0C03515B-4554-40C2-B569-35B75836FFC8	1832	Javelin::ClientMessages::GuildsComponentClientFacet_OnRemovePastGuildMemberFailedMsg	0x143467EF0		5	0	0	0	0	0	0	0
CFF9287B-BC6A-4E4D-95E6-1F2690CAE5C2	326	Javelin::ClientMessages::GuildsComponentClientFacet_OnSetSiegeWindowFailedMsg	0x1434684C0		5	0	0	0	0	0	0	0
CAA452AD-8701-40D9-8F00-0795AD0B32A7	5201	Javelin::ClientMessages::GuildsComponentClientFacet_OnDepositGuildTreasuryFundsMsg	0x1434688B0		5	0	0	0	0	0	0	0
7BED58CA-9E5E-4915-BC95-31615B24DADD	3605	Javelin::ClientMessages::GuildsComponentClientFacet_OnDepositGuildTreasuryFundsFailedMsg	0x143468EF0	1	5	1	0	1	0	0	0	0
1DDDF77E-DCF4-4B79-9E09-13AC93756098	5200	Javelin::ClientMessages::GuildsComponentClientFacet_OnWithdrawGuildTreasuryFundsMsg	0x143469B20	1	5	1	0	1	0	0	0	0
E3E85EE0-8196-4C02-8CDD-F7AC61B10F31	3460	Javelin::ClientMessages::GuildsComponentClientFacet_OnWithdrawGuildTreasuryFundsFailedMsg	0x14346A3B0	1	5	1	0	1	0	0	0	0
691842C7-6879-4F68-93D4-58C873999643	651	Javelin::ClientMessages::GuildsComponentClientFacet_OnGetGuildTreasuryFailedMsg	0x14346A6E0	1	5	1	0	1	0	0	0	0
EEB43AD9-A9CC-44B7-84FB-AE30A66867FC	3607	Javelin::ClientMessages::GuildsComponentClientFacet_OnGetGuildTreasuryWithdrawalLimitFailedMsg	0x14346AEB0	1	5	1	0	1	0	0	0	0
402EB227-1B30-439F-B136-B37286DE6FD3	1469	Javelin::ClientMessages::GuildsComponentClientFacet_OnSetGuildTreasuryWithdrawalLimitFailedMsg	0x14346B600	1	5	1	0	1	0	0	0	0
EE7774E7-B701-4A57-850B-FC6D5918E429	3608	Javelin::ClientMessages::GuildsComponentClientFacet_OnDataRequestFailedMsg	0x14346BED0	1	5	1	0	1	0	0	1	0
818B663B-DA66-4D35-84B0-D8FCCF92D350	2386	Javelin::ClientMessages::GuildsComponentClientFacet_OnGuildNameAvailableMsg	0x14346C4B0	2	13	2	0	0	0	0	2	1
D46616EF-981B-4E37-8814-0C4F8FE032B9	1410	Javelin::ClientMessages::GuildsComponentClientFacet_OnGetOrderedGuildsMsg	0x14346CBD0	1	22	4	0	0	0	0	2	2
5CBFE0ED-30ED-4F43-8C72-8726D54963C1	3610	Javelin::ClientMessages::GuildsComponentClientFacet_OnGetUnorderedGuildsMsg	0x14346D750	1	19	3	0	0	0	0	2	1
8004F4DB-E121-47E2-A711-5D768E629505	3087	Javelin::ClientMessages::GuildsComponentClientFacet_OnGuildRequestErrorMsg	0x14346D910	2	13	2	0	1	0	0	0	1
36612871-FDE5-4A5B-8A52-BD39B3844EFD	3611	Javelin::ClientMessages::GuildsComponentServerFacet_RequestCreateGuild	0x14346DDE0	2	8	3	2	0	4	0	0	1
A86D4BBD-7A2D-4875-A4E8-B308B0687654	3612	Javelin::ClientMessages::GuildsComponentServerFacet_RequestCreateGuildInvite	0x14346E470	2	6	1	0	0	0	0	0	1
AF654FD1-C4A5-451D-9566-4B6C853E99CF	40	Javelin::ClientMessages::GuildsComponentServerFacet_RequestBatchCreateGuildInvites	0x14346F070		7	0	0	0	0	0	0	0
43E62110-E7FC-428D-9800-0ADD501FA7A0	3613	Javelin::ClientMessages::GuildsComponentServerFacet_RequestGetGuildInvites	0x14346F700		5	0	0	0	0	0	0	0
70D83A0B-D781-42FD-9A23-F6902E872F9D	118	Javelin::ClientMessages::GuildsComponentServerFacet_RequestRespondToGuildInvite	0x14346F880	1	5	1	0	0	0	0	2	0
7D0A926C-932A-4B9F-9290-4D308567E1B7	3543	Javelin::ClientMessages::GuildsComponentServerFacet_RequestLeaveGuild	0x14346FE10		5	0	0	0	0	0	0	0
CD3429FC-ACDA-48B0-BCF7-21A4010E5EF2	2104	Javelin::ClientMessages::GuildsComponentServerFacet_RequestDeleteAllGuildInvites	0x143470B00		5	0	0	0	0	0	0	0
72489EE3-3236-46DD-8BD4-49BCD2817AB5	3614	Javelin::ClientMessages::GuildsComponentServerFacet_RequestEditGuildName	0x1434712A0	2	6	1	0	0	0	0	0	1
D935235B-978E-4105-919E-3575D6853D70	696	Javelin::ClientMessages::GuildsComponentServerFacet_RequestEditGuildIcon	0x1434720B0	2	7	2	2	0	4	0	0	0
629E5E44-41C5-4A98-B6BA-83F8EB7CDE7C	3348	Javelin::ClientMessages::GuildsComponentServerFacet_RequestEditGuildMOTD	0x143472750	2	6	1	0	0	0	0	0	1
C3F0B4BA-7C76-45D8-B658-8280C5824BFB	2591	Javelin::ClientMessages::GuildsComponentServerFacet_RequestSetGuildMemberRank	0x143472E00	2	17	1	0	0	0	0	0	1
B262FD92-081B-4126-BDBC-1508F4815899	2485	Javelin::ClientMessages::GuildsComponentServerFacet_RequestRemoveGuildMember	0x1434732B0	2	6	1	0	0	0	0	0	1
AA0C7813-37F1-4421-B3B9-863D5989F96D	3615	Javelin::ClientMessages::GuildsComponentServerFacet_RequestSetGuildSiegeWindow	0x143473970	1	5	1	0	0	1	0	0	0
98D98110-E7E7-4798-AE26-2734F24B7C6E	3618	Javelin::ClientMessages::GuildsComponentServerFacet_RequestDepositGuildTreasuryFunds	0x143473F30		5	0	0	0	0	0	0	0
9A079242-A948-4FA2-BB35-C183245A28AC	3620	Javelin::ClientMessages::GuildsComponentServerFacet_RequestWithdrawGuildTreasuryFunds	0x143474520		5	0	0	0	0	0	0	0
A39EB4F5-19D2-4F1D-80A1-6051CAAD9910	3621	Javelin::ClientMessages::GuildsComponentServerFacet_RequestSetGuildTreasuryWithdrawalLimit	0x143474B80		5	0	0	0	0	0	0	0
DD78452C-63E5-448D-A301-06A605EB3234	3622	Javelin::ClientMessages::GuildsComponentServerFacet_DebugJoinGuildByName	0x143475020	1	13	2	0	0	0	0	1	1
2F3D1C36-9FAA-4444-A05D-4380126BCD6B	1175	Javelin::ClientMessages::GuildsComponentServerFacet_DebugRequestSetGuildTreasuryCurrentFunds	0x143475650		5	0	0	0	0	0	0	0
156A0E5D-C8F9-4AE9-A230-1A4D5E81930A	3623	Javelin::ClientMessages::GuildsComponentServerFacet_DebugRequestResetGuildTreasuryDailyWithdrawalLimit	0x143476430		5	0	0	0	0	0	0	0
CEB4F4DE-56D0-4163-81BD-23F867FDF2B5	2489	Javelin::ClientMessages::GuildsComponentServerFacet_DebugRequestSetDailyWithdrawDateToYesterday	0x143476BA0		5	0	0	0	0	0	0	0
AC46C7DB-8421-4B6A-BC84-17692CEA44A8	5036	Javelin::ClientMessages::GuildsComponentServerFacet_DebugRequestCheckGuildMasterStatus	0x143477030		5	0	0	0	0	0	0	0
0048A71B-9576-49A3-9A71-63B3069D08B9	1333	Javelin::ClientMessages::GuildsComponentServerFacet_DebugRequestResetSiegeWindowCooldown	0x143477330		5	0	0	0	0	0	0	0
A8D9DAE9-1953-4D49-98CE-45A77481F554	3627	Javelin::ClientMessages::GuildsComponentServerFacet_DebugRequestResetGuildRejoiningCooldowns	0x143477E10		5	0	0	0	0	0	0	0
FFD6D9ED-4718-47C2-90B6-6E45729A9E6C	3628	Javelin::ClientMessages::GuildsComponentServerFacet_DebugRequestDisableCreationThrottle	0x143478660		5	0	0	0	0	0	0	0
31EF0D5D-156A-4999-BDDC-9712C87FB00C	3629	Javelin::ClientMessages::GuildsComponentServerFacet_GmRequestJoinGuild	0x143478A50	1	5	1	0	0	0	0	1	0
86F4856E-3875-4A2C-A5AB-5ED069A8B55F	3630	Javelin::ClientMessages::GuildsComponentServerFacet_GmRequestJoinGuildByName	0x1434793D0	3	13	1	0	0	0	0	0	1
29FEA786-7410-48F4-899D-E82E3BC4396A	156	Javelin::ClientMessages::GuildsComponentServerFacet_GmRequestForceGuildRename	0x143479CD0	1	5	1	0	0	0	0	1	0
4FC181E8-7A66-4E14-8116-2655E4A1794A	789	Javelin::ClientMessages::GuildsComponentServerFacet_GmRequestForceGuildRenameByName	0x143468070	3	13	1	0	0	0	0	0	1
00CAF254-CCB8-442F-AD11-ECF6C96098D8	1387	Javelin::ClientMessages::GuildsComponentServerFacet_GmForceGuildTeleport	0x143468640	1	5	1	0	0	0	0	1	0
4CC2D832-A066-464F-8C00-64501239C39E	3047	Javelin::ClientMessages::GuildsComponentServerFacet_GmForceGuildTeleportByName	0x143468A70	3	13	1	0	0	0	0	0	1
281776BA-A6EB-43EF-98FC-334A62DBB7A7	103	Javelin::ClientMessages::GuildsComponentServerFacet_GmForceGuildIntoWarByName	0x1434690C0	2	13	2	1	1	0	0	0	1
A15D9F0B-9879-47F4-995E-F7473A55031F	5368	Javelin::ClientMessages::GuildsComponentServerFacet_GmRequestResetGuildLeaveCooldowns	0x143469E70		5	0	0	0	0	0	0	0
B9935677-BEFD-4478-9799-1CEF6B3EC093	3632	Javelin::ClientMessages::GuildsComponentServerFacet_RequestGuildNameAvailability	0x14346A530	1	6	2	0	0	0	0	1	1
49A276B5-CD1C-4526-90EE-5D946AE4532A	3633	Javelin::ClientMessages::GuildsComponentServerFacet_RequestListGuildsByName	0x14346A9D0	2	11	2	1	0	0	0	2	1
254C904C-AB8B-4EE3-A29A-D1C87E89E79F	3635	Javelin::ClientMessages::GuildsComponentServerFacet_RequestListGuildsByMembers	0x14346B0F0	2	11	2	1	0	0	0	2	1
260CF3E4-E356-4336-8577-3754B2177326	3638	Javelin::ClientMessages::GuildsComponentServerFacet_RequestListGuildsByClaims	0x14346BBB0	2	11	2	1	0	0	0	2	1
754D385A-8BC0-46FB-A69E-2DDC56F3F162	3639	Javelin::ClientMessages::GuildsComponentServerFacet_RequestGetGuilds	0x14346C150	1	5	1	0	0	0	0	1	0
53D04E83-A9F2-4CF2-9DD2-71A9E323AA12	5492	Javelin::ClientMessages::GuildsComponentServerFacet_RequestRefreshGuildData	0x14346C910		5	0	0	0	0	0	0	0
E0215424-4AE6-49C8-9F11-04321E5EA8B0	6779	Javelin::ClientMessages::HomeComponentClientFacet_ReceiveBoundPlayersList	0x1434D0920	2	12	1	0	0	0	0	0	1
5B2B3E64-5807-40D3-B587-B7BE7E5396F0	6778	Javelin::ClientMessages::HomeComponentServerFacet_DebugRequestAllBoundPlayers	0x1434D0D30	2	10	1	0	1	0	0	2	0
0BA42E03-45D6-4335-9DFF-133AA26A8B69	491	Javelin::ClientMessages::PlayerHomeComponentClientFacet_OnRespawnRequestFailed	0x1434CF190		5	0	0	0	0	0	0	0
E48D56A0-C950-433E-A9BC-DA64F3599127	3646	Javelin::ClientMessages::PlayerHomeComponentServerFacet_DebugSetCooldown	0x1434CF750	1	8	1	0	0	0	0	1	0
A66FD3F9-DB22-44AF-A525-FEE3A891782A	3648	Javelin::ClientMessages::PlayerHomeComponentServerFacet_DebugResetRespawnPointCoolDownForType	0x1434CFB60	1	5	1	0	1	0	0	0	0
0E0050DC-F3FF-423A-852A-02832015C482	3651	Javelin::ClientMessages::PlayerHomeComponentServerFacet_DebugRemoveHomePoint	0x1434CFC30	1	8	1	0	0	0	0	1	0
4982D549-7951-473A-BEDD-4756DE20484E	5053	Javelin::ClientMessages::PlayerHomeComponentServerFacet_DebugRequestRespawn	0x1434CFD70	1	13	2	0	1	0	0	0	1
01F70E7D-D8D0-4A9A-9E55-EFCDC71BB76B	3654	Javelin::ClientMessages::HouseDataComponentServerFacet_DebugPlaceItemUnrestricted	0x143502930	1	8	3	0	1	7	0	0	0
792C918A-9CC8-4348-90F2-46C7F1275D57	3655	Javelin::ClientMessages::HouseDataComponentServerFacet_DebugMoveItemUnrestricted	0x143502BD0	1	8	3	1	0	7	0	0	0
AE126044-4FBF-4432-8954-F3357309D001	2891	Javelin::ClientMessages::HouseDataComponentServerFacet_DebugRemoveItemUnrestricted	0x143502DA0	1	5	1	1	0	0	0	0	0
28B5A1CB-8174-4147-8194-A5DAF60B8FAF	3656	Javelin::ClientMessages::HouseDataComponentServerFacet_DebugRemoveAllItemsUnrestricted	0x143502E70		5	0	0	0	0	0	0	0
086E0808-8D29-4116-9C8E-6A80E863B6C7	5634	Javelin::ClientMessages::HouseDataComponentServerFacet_DebugRequestItemScores	0x143502F40	2	10	1	0	1	0	0	2	0
5C70A7E1-AECF-496A-AA5B-363B12B15141	3657	Javelin::ClientMessages::HouseDataComponentServerFacet_DebugRefillHouse	0x143503050		5	0	0	0	0	0	0	0
46E82467-8948-4F40-9B9A-65A78DD87681	5633	Javelin::ClientMessages::HouseDataComponentClientFacet_DebugReceiveItemScores	0x143503240	1	17	1	0	1	1	0	0	1
34BB36AF-537E-438C-8C17-2B2A50E2912A	2439	Javelin::ClientMessages::HousingPlotComponentClientFacet_ReceiveUpdatedHouse	0x143550620	2	21	4	0	2	2	0	3	1
6DF53D82-984B-4835-B28A-56E9F81973B0	252	Javelin::ClientMessages::HousingPlotComponentClientFacet_ReceivePeacockTimeRemaining	0x143550F90	1	5	1	0	1	0	0	0	0
6C4260D9-2A8D-44E3-92A9-C29E340930C8	3213	Javelin::ClientMessages::HousingPlotComponentClientFacet_ReceiveTopHouses	0x1435517D0	2	15	1	0	0	0	0	0	1
C69F54B0-F516-4183-AE52-9A49D62E6A9B	3664	Javelin::ClientMessages::HousingPlotComponentClientFacet_ReceivePingRequestForHouse	0x14353D0C0		5	0	0	0	0	0	0	0
E4AF18D6-8ED9-4870-BE44-2804589D7C65	3665	Javelin::ClientMessages::HousingPlotComponentClientFacet_GenericHousingPlotRequestResponse	0x14353D7C0		5	0	0	0	0	0	0	0
F7CE0A75-BDE5-4ABA-B587-1D711F3DC8F7	3321	Javelin::ClientMessages::HousingPlotComponentClientFacet_ReceiveMonikerKey	0x14353DC00	2	14	1	0	0	0	0	0	1
D7760777-F1EB-4B35-A7A7-05559D38D269	2887	Javelin::ClientMessages::HousingPlotComponentServerFacet_DebugBuyHome	0x14353E4F0	2	9	1	0	0	0	0	1	0
D1263352-2A68-495F-A9BC-89884A9AAD90	3447	Javelin::ClientMessages::HousingPlotComponentServerFacet_DebugAbandonHome	0x14353EB50	2	9	1	0	0	0	0	1	0
CF45277B-3F92-43D4-B3D5-FA407DD57EBF	3682	Javelin::ClientMessages::HousingPlotComponentServerFacet_DebugFastTravelPlot	0x14353F290	2	9	1	0	0	0	0	1	0
F5929D01-1F1D-4403-85E8-298ABB38C9AE	3232	Javelin::ClientMessages::HousingPlotComponentServerFacet_DebugEnterPlot	0x14353FD90	1	9	2	0	0	0	0	2	0
64E608D9-A234-442F-914E-D170322A0E77	323	Javelin::ClientMessages::HousingPlotComponentServerFacet_DebugExitPlot	0x143540DD0	2	9	1	0	0	0	0	1	0
C0C6B24F-EB64-407F-AE3B-B9955C81A0ED	5493	Javelin::ClientMessages::HousingPlotComponentServerFacet_DebugRemoveAllFurniture	0x143541610	2	9	1	0	0	0	0	1	0
4290A5E3-105E-4896-A940-FC5F05815177	3683	Javelin::ClientMessages::HousingPlotComponentServerFacet_DebugRequestAllHousesOnPlot	0x143541E80	2	10	1	0	1	0	0	2	0
CE4C47A9-F580-47DB-9045-9A81520CF2F1	3130	Javelin::ClientMessages::HousingPlotComponentServerFacet_DebugRequestTopHouses	0x1435422B0	2	10	1	0	1	0	0	2	0
F6CB0E4A-0122-4E97-883A-D80B7637F7BB	725	Javelin::ClientMessages::HousingPlotComponentServerFacet_DebugAddFakeHouseData	0x143542EE0	2	11	2	0	2	0	0	2	0
AE02F2CE-58F8-4495-932E-C39F216D1DA8	3684	Javelin::ClientMessages::HousingPlotComponentServerFacet_DebugRequestPingHouse	0x143543F20	2	11	2	0	1	0	0	3	0
8596D0C9-8537-488B-9476-A51D1C46C25C	3685	Javelin::ClientMessages::HousingPlotComponentServerFacet_DebugRemoveAllHouses	0x1435448E0	2	10	1	0	1	0	0	2	0
5C1155E8-A59F-4040-89E7-A3D87226A3C8	5101	Javelin::ClientMessages::HousingPlotComponentServerFacet_DebugRemoveAllCaches	0x143545080	2	11	2	0	1	0	0	3	0
056375E2-636C-4F6A-8E9D-CA7731797E3F	3686	Javelin::ClientMessages::HousingPlotComponentServerFacet_DebugRequestGetMonikerKey	0x143545970	2	11	2	0	1	0	0	3	0
1370A9A9-8CB5-4BC3-BEC1-5825F77A6183	3660	Javelin::ClientMessages::HousingPlotComponentServerFacet_RandomizePeacockScores	0x143546120	2	11	2	0	2	0	0	2	0
E584A8B6-C9BF-4E27-B1F0-29F62056529E	3299	Javelin::ClientMessages::HousingPlotComponentServerFacet_DebugRequestDestroyHouse	0x143546950	2	11	2	0	1	0	0	3	0
ECC473D9-8D62-4B07-A04F-1FF77B22DC75	3687	Javelin::ClientMessages::HousingPlotComponentServerFacet_DebugRequestPeacockTimeRemaining	0x1435476E0	2	10	1	0	1	0	0	2	0
A7B1C0D6-F29E-4039-9A40-896AFABEB07E	3401	Javelin::ClientMessages::HousingPlotComponentServerFacet_DebugForcePeacockScoresRecalculation	0x143548BE0	2	11	2	0	1	0	0	3	0
CB7FCD00-A38E-4C4D-882E-6B35AE3EF483	5632	Javelin::ClientMessages::HousingPlotComponentServerFacet_DebugRequestSetTerritoryStanding	0x143549320		9	0	0	0	0	0	0	0
07246404-9FFA-4249-9A3C-4BCD824D03AE	5943	Javelin::ClientMessages::HousingPlotComponentServerFacet_DebugReloadAllHouses	0x1435496D0		5	0	0	0	0	0	0	0
63AD424A-363F-4A9E-9234-CBCA4976E980	3691	Javelin::ClientMessages::PlayerHousingComponentClientFacet_PlaceNewItemResult	0x143546760	2	6	1	1	0	0	0	0	0
E369C5F2-83E3-4C00-9149-65E34DC2CE5A	2462	Javelin::ClientMessages::PlayerHousingComponentClientFacet_OnHousingItemInteractBeginRemoteClient	0x143547290	1	5	1	1	0	0	0	0	0
4A852735-2CB1-4996-96F7-105DD66BE434	2684	Javelin::ClientMessages::PlayerHousingComponentClientFacet_OnHousingItemInteractEndRemoteClient	0x1435481A0	1	5	1	1	0	0	0	0	0
E2091EEE-FFAD-4AD5-A895-6F255C0640C7	892	Javelin::ClientMessages::PlayerHousingComponentClientFacet_MoveItemResult	0x1435490A0	2	6	1	1	0	0	0	0	0
701EDD03-2850-4B6E-9610-EEBD6367E6CA	3046	Javelin::ClientMessages::PlayerHousingComponentClientFacet_RemoveItemResult	0x143549600	2	6	1	1	0	0	0	0	0
D12C391A-6871-43C9-A584-26411C640138	3692	Javelin::ClientMessages::PlayerHousingComponentClientFacet_OnHouseInfoResponse	0x143549C80	1	9	2	0	1	0	0	1	0
C0EE38B8-9B4A-41A0-BC25-4E2ACC7EFF0C	3694	Javelin::ClientMessages::PlayerHousingComponentClientFacet_ClientReceiveTaxesDue	0x14354A250	1	5	1	0	1	0	0	0	0
F977D96B-91A9-47E8-BE5E-327500059A25	3695	Javelin::ClientMessages::PlayerHousingComponentClientFacet_OnResidentDataReceived	0x14354B010	2	15	2	1	0	0	0	0	2
AAEBE228-7913-45F5-BADF-D039EBB0DBD4	6796	Javelin::ClientMessages::PlayerHousingComponentClientFacet_PreloadFastTravelLocation	0x14354B810	2	6	1	0	0	3	0	0	0
150997FD-C557-47E4-95B4-6074B02F6F6F	3042	Javelin::ClientMessages::PlayerHousingComponentClientFacet_FastTravelRequestFailed	0x14354BD70		5	0	0	0	0	0	0	0
6036DD2F-EE0C-49A9-8F33-348DAD4731C5	3696	Javelin::ClientMessages::PlayerHousingComponentClientFacet_FastTravelChannelingCompleted	0x14354C580		5	0	0	0	0	0	0	0
3719A668-00DB-461F-8F3A-908A24D998CE	952	Javelin::ClientMessages::PlayerHousingComponentClientFacet_PayTaxRequestFinished	0x14354C950	1	5	1	0	0	0	0	1	0
396309C7-9B43-47F6-8820-DDC521D86452	3699	Javelin::ClientMessages::PlayerHousingComponentServerFacet_DebugClearHasPurchasedHouse	0x14354CB80		5	0	0	0	0	0	0	0
7D6473B6-C91C-4765-9C96-6CC915D6E163	353	Javelin::ClientMessages::PlayerHousingComponentServerFacet_ClearFastTravelCooldown	0x14354D230	2	9	1	0	0	0	0	1	0
293D7817-5B69-4F6D-BA7B-D6AE14CA95B1	4857	Javelin::ClientMessages::PlayerHousingComponentServerFacet_DebugForceHandshake	0x14354D9F0	2	9	1	0	0	0	0	1	0
DDBEB415-36D2-45FA-9BAF-5FADCFEC55C7	4856	Javelin::ClientMessages::PlayerHousingComponentServerFacet_DebugReloadBuffItems	0x14354DF60	2	9	1	0	0	0	0	1	0
5B1A57E0-0E40-4530-BC75-7E251CAABEF3	4858	Javelin::ClientMessages::PlayerHousingComponentServerFacet_DebugForceRestore	0x14354E6D0	2	9	1	0	0	0	0	1	0
18B4FC04-F029-4C55-80EF-6EEE9926B616	4859	Javelin::ClientMessages::PlayerHousingComponentServerFacet_DebugDumpHousingInfo	0x14354EF50		5	0	0	0	0	0	0	0
F3273E6C-CC25-43B1-8DA0-CFFB7C657AF7	5102	Javelin::ClientMessages::PlayerHousingComponentServerFacet_DebugClearStanding	0x14354F3B0	2	9	1	0	0	0	0	1	0
63868F71-99C6-4EB1-ABC2-63AEC52957DD	6966	Javelin::ClientMessages::PlayerHousingComponentServerFacet_DebugUnloadAllHouses	0x14354FA10		5	0	0	0	0	0	0	0
4AADA499-8C3B-4BB3-8078-091B30CDD4D2	3700	Javelin::ClientMessages::PlayerHousingComponentServerFacet_ClientRequestBuyHome	0x143550270		5	0	0	0	0	0	0	0
CC5544CF-D0F9-470A-BFA0-96F927B40251	3701	Javelin::ClientMessages::PlayerHousingComponentServerFacet_ClientRequestAbandonHome	0x143550990		5	0	0	0	0	0	0	0
986C4443-C1F6-486A-AD91-1FAAA5BE389F	544	Javelin::ClientMessages::PlayerHousingComponentServerFacet_ClientRequestEnterPlot	0x143551060	2	9	1	0	0	0	0	1	0
E2E9EF1E-62B0-4C6C-BB67-F2B2B89D8F82	2149	Javelin::ClientMessages::PlayerHousingComponentServerFacet_ClientRequestExitPlot	0x1435519A0	2	9	1	0	0	0	0	1	0
74C9BC5F-7D50-4522-9260-D558574C0004	3708	Javelin::ClientMessages::PlayerHousingComponentServerFacet_EnterPlot	0x14353D2D0	2	18	1	0	0	0	0	1	0
29F7D6A5-9BA6-4ECF-B365-FEB87CA52520	3710	Javelin::ClientMessages::PlayerHousingComponentServerFacet_ExitPlot	0x14353D910	1	10	3	0	0	3	0	2	0
759000DD-DFCA-4C19-8E3C-DDDEB3F41CB0	3712	Javelin::ClientMessages::PlayerHousingComponentServerFacet_ClientRequestFastTravelHome	0x14353DE60	2	9	1	0	0	0	0	1	0
FAC01FCB-257C-4342-A1C6-EDA3FA973B0F	1409	Javelin::ClientMessages::PlayerHousingComponentServerFacet_ClientRequestFastTravelTerritory	0x14353E790	1	6	2	1	0	0	0	1	0
5C098A35-4878-404B-920E-EC48E095E81C	3713	Javelin::ClientMessages::PlayerHousingComponentServerFacet_ClientRequestFastTravelTerritoryLandmark	0x14353EDF0	1	15	2	1	0	3	0	0	0
0CEEC434-6C86-4AD8-8EA2-0E6FAFCBC872	1998	Javelin::ClientMessages::PlayerHousingComponentServerFacet_ClientRequestResetCooldown	0x14353F3D0	2	9	1	0	0	0	0	1	0
7587AC8B-C43D-4FB0-ABE0-49C570157615	6701	Javelin::ClientMessages::PlayerHousingComponentServerFacet_ClientRequestCancelFastTravel	0x14353FFA0		5	0	0	0	0	0	0	0
56D3CB63-4AAB-41FD-9DB3-DD885CD98108	3716	Javelin::ClientMessages::PlayerHousingComponentServerFacet_ClientRequestPayTaxes	0x1435411D0	2	9	1	0	0	0	0	1	0
2A2E316A-BA12-4F17-B0BA-C53B50B51959	3081	Javelin::ClientMessages::PlayerHousingComponentServerFacet_ClientRequestTaxesDue	0x143541810	2	9	1	0	0	0	0	1	0
38FF1553-850B-4EC7-931B-78019F9A04BF	3717	Javelin::ClientMessages::PlayerHousingComponentServerFacet_ClientRequestInteractingPlotAdditionalInfo	0x143542080		5	0	0	0	0	0	0	0
A12D6504-7B79-4EC6-87DD-D6EDA3735DAA	3277	Javelin::ClientMessages::PlayerHousingComponentServerFacet_PlaceNewItem	0x143542420	1	10	4	1	1	7	0	1	1
D9F54D10-8C8F-4B77-B687-BEA93D1DC961	3723	Javelin::ClientMessages::PlayerHousingComponentServerFacet_MoveItem	0x143543360	1	10	4	2	0	7	0	1	1
1B5FAF2D-AE5C-445E-AB61-2D8C89AE48E9	1435	Javelin::ClientMessages::PlayerHousingComponentServerFacet_RemoveItem	0x143544230	1	7	2	2	0	0	0	1	1
56498AC7-43E1-4FE4-BE5C-C2E270CE4309	3730	Javelin::ClientMessages::PlayerHousingComponentServerFacet_InteractWithHousingItem	0x1435449F0	1	5	1	1	0	0	0	0	0
BD8C0F88-71AE-4634-8845-6C5654667F32	695	Javelin::ClientMessages::PlayerHousingComponentServerFacet_OnInteractWithHousingItemEnded	0x1435451A0		5	0	0	0	0	0	0	0
56A5091B-FFB7-4335-A555-FEC69EB80F6A	3606	Javelin::ClientMessages::PlayerHousingComponentServerFacet_RequestTerritoryResidentData	0x143545C80		5	0	0	0	0	0	0	0
0792DECD-D8C1-4B73-BD59-ED3B22F505F0	3732	Javelin::ClientMessages::PlayerHousingComponentClientFacet_SendHouseRefundedNotification	0x1435462F0	1	9	1	0	1	0	0	1	0
869F9AAE-C749-474E-A09C-9E0B23A39796	3733	Javelin::ClientMessages::PlayerHousingComponentClientFacet_SendItemsRefundedNotification	0x143546B60	1	9	1	1	0	0	0	1	0
96F16FEA-375D-4575-A6D3-32C817693434	4719	Javelin::ClientMessages::PlayerHousingComponentClientFacet_SendHouseRecoveredNotification	0x143547940	1	9	1	0	0	0	0	1	0
163EDB2C-8D25-4319-A7CB-1D62E7874857	4715	Javelin::ClientMessages::PlayerHousingComponentClientFacet_SendHouseNotRecoveredNotification	0x143548D60	1	9	1	0	1	0	0	1	0
D927057E-BF48-4B48-99D5-48710DCED4A0	5927	Javelin::ClientMessages::PlayerHousingComponentClientFacet_SetHouseRefundCost	0x143549480	1	5	1	0	1	0	0	0	0
19528584-470C-4E92-8AC9-B248B0B25674	5490	Javelin::ClientMessages::PlayerHousingComponentServerFacet_ClientRequestRemoveAllFurniture	0x143549850		5	0	0	0	0	0	0	0
AEC7853B-2767-4F72-859A-B2EC7EDAE0D3	5991	Javelin::ClientMessages::PlayerHousingComponentClientFacet_OnRequestExitPlotFailed	0x143549F40		5	0	0	0	0	0	0	0
7BDE4E3D-B97F-4D71-BC62-5176211A4D65	6782	Javelin::ClientMessages::PlayerHousingComponentServerFacet_SendFastTravelTimeoutTelemetry	0x14354A880		5	0	0	0	0	0	0	0
503CBD6E-FAAA-426E-BA32-B72509E111D7	138	Javelin::ClientMessages::HunterSightComponentClientFacet_SyncData	0x1435A6A40	2	12	1	0	0	0	0	0	1
83957D67-1510-4803-AEAA-6013C692BCD5	1246	Javelin::ClientMessages::HunterSightComponentClientFacet_OnHunterSightStarted	0x1435A6EB0	3	13	1	0	0	0	0	0	1
BD018414-2284-4C22-AC9C-F9C23B5150B6	2654	Javelin::ClientMessages::HunterSightComponentClientFacet_OnHunterSightEnded	0x1435A6FA0	3	13	1	0	0	0	0	0	1
BB33E736-2F3A-4A8D-8DD7-9A4BD130ED90	3754	Javelin::ClientMessages::OwnershipComponentServerFacet_DebugTransferOwnership	0x1435EFAA0	1	5	1	0	0	0	0	1	0
75E0D04A-6299-4601-B0D7-B1B185654853	3757	Javelin::ClientMessages::OwnershipComponentServerFacet_DebugSetPermissions	0x1435F01D0	1	5	1	0	1	0	0	0	0
833CB811-5CF1-4817-B09D-59D11A07A317	6803	Javelin::ClientMessages::OwnershipComponentServerFacet_DebugSetPermissionOption	0x1435F0950	1	5	1	0	0	0	0	1	0
D7A2A467-A629-4B93-A245-0D4838A7EA40	5766	Javelin::ClientMessages::InventoriesComponentServerFacet_ReadyRegionalOwnerData	0x1435F3970	2	10	2	0	0	0	0	1	1
D81C09FF-298F-41FE-BDA0-A1AA28C1BA60	5791	Javelin::ClientMessages::InventoriesComponentServerFacet_ReadyGlobalOwnerData	0x1435F4310	2	10	2	0	0	0	0	1	1
3D8E5A00-FE0F-4BFE-B0B9-6C65381DDB25	5761	Javelin::ClientMessages::InventoriesComponentServerFacet_CreateItemBatch	0x1435F4510	2	21	2	0	1	0	0	1	1
D7E90C43-65F7-4A09-9953-6E7E6E2A36BC	5773	Javelin::ClientMessages::InventoriesComponentServerFacet_UpdateItemBatch	0x1435F4830	2	21	2	0	1	0	0	1	1
79718874-49A4-4380-9C3D-536224AD62E9	5768	Javelin::ClientMessages::InventoriesComponentServerFacet_DeleteItemBatch	0x1435F4A70	2	21	2	0	1	0	0	1	1
252E64DD-9EAB-4977-A7AD-2EBC8CA41C90	5758	Javelin::ClientMessages::InventoriesComponentServerFacet_UpdateLinks	0x1435F4FD0	2	31	5	0	1	0	0	4	2
3FD51A09-A9A1-4BD1-B942-462E0B263792	5774	Javelin::ClientMessages::InventoriesComponentServerFacet_TransactWriteItems	0x1435EDD30	2	30	5	0	1	0	0	3	3
868476CC-CC03-4E99-854F-F523992CAC7E	5755	Javelin::ClientMessages::InventoriesComponentServerFacet_GetItems	0x1435EE010	1	28	4	0	1	0	0	2	3
5042E9DE-567C-45EB-A112-829E68A7C263	5789	Javelin::ClientMessages::InventoriesComponentServerFacet_QueryInventories	0x1435EE2C0	1	25	3	0	2	0	0	0	2
08EEEA51-97B3-49A0-91F3-B7B19060DBE2	5870	Javelin::ClientMessages::InventoriesComponentServerFacet_DebugFlushCaches	0x1435EE840		5	0	0	0	0	0	0	0
6C3A639A-E270-4A73-83BF-E391599DD7C2	5900	Javelin::ClientMessages::InventoriesComponentServerFacet_DebugFlushPersistence	0x1435EEA00		5	0	0	0	0	0	0	0
405C835B-3FF4-404B-B624-D858460F3255	5771	Javelin::ClientMessages::InventoriesComponentClientFacet_OnGetItems	0x1435EEFB0	2	22	2	0	1	0	0	1	2
0E1245B4-B51A-47CB-8907-B6203F0759A2	5792	Javelin::ClientMessages::InventoriesComponentClientFacet_OnQueryInventories	0x1435EF1C0	2	24	2	0	1	0	0	0	2
25A481A2-3F61-4700-98CA-44C348851297	2277	Javelin::ClientMessages::ItemSkinningComponentServerFacet_EnableItemSkin	0x143642DE0	2	6	1	0	1	0	0	0	0
842DEACB-B260-4EB8-912F-9A1E3281B5BD	3764	Javelin::ClientMessages::ItemSkinningComponentServerFacet_DisableItemSkin	0x143642EB0	1	5	1	0	1	0	0	0	0
1757F943-2992-4BF7-A191-D467F358C9B9	5151	Javelin::ClientMessages::LeaderboardComponentServerFacet_DebugUpdateStat	0x1436ACCF0	2	20	4	1	2	0	0	0	2
A57245EB-0977-4508-89AE-6399D9B36690	5166	Javelin::ClientMessages::LeaderboardComponentServerFacet_OnClientLeaderboardDataRequest	0x1436ACF00	2	18	3	0	1	0	0	0	2
5C0BF25E-B129-46DB-A2E7-585D84B4A4B9	5425	Javelin::ClientMessages::LeaderboardComponentServerFacet_OnClientLeaderboardStatDataRequest	0x1436AD1B0	2	12	1	0	0	0	0	0	1
91CDEF8B-05D4-4550-AF66-FAC98024D025	5172	Javelin::ClientMessages::LeaderboardComponentServerFacet_DebugUpdateLeaderboardOffset	0x1436AD4D0	2	6	1	0	5	0	0	0	0
E1085FD2-1C0C-4099-9D23-F8953691ADB5	5175	Javelin::ClientMessages::LeaderboardComponentServerFacet_DebugGrantLeaderboardReward	0x1436AD5E0	1	13	2	0	2	0	0	0	1
847C1CA2-D26D-4668-BB70-1ACADB9E2BC6	5190	Javelin::ClientMessages::LeaderboardComponentServerFacet_DebugProcessRotationRewards	0x1436AD9A0		5	0	0	0	0	0	0	0
F6E6B5C4-1A25-4A26-A163-FC95160BACEE	5186	Javelin::ClientMessages::LeaderboardComponentServerFacet_DebugGetLastProcessRotations	0x1436A8510		5	0	0	0	0	0	0	0
728FA553-3EFF-4837-A536-C5AE0CDD769B	5188	Javelin::ClientMessages::LeaderboardComponentServerFacet_DebugClearProcessedRotations	0x1436A85E0		5	0	0	0	0	0	0	0
A442DB7B-101A-4A14-857F-4472A77C7817	5377	Javelin::ClientMessages::LeaderboardComponentServerFacet_DebugSetPersonalBest	0x1436A8B30	1	24	3	0	1	0	0	0	2
B03D4FD4-5EB3-43EE-BF8A-104401C1A27A	5565	Javelin::ClientMessages::LeaderboardComponentServerFacet_DebugGetServerRotationData	0x1436A8D40		5	0	0	0	0	0	0	0
37B9F919-81EB-4CF8-A6C4-30F3451EF186	5165	Javelin::ClientMessages::LeaderboardComponentClientFacet_OnReceiveLeaderboardDataFromServer	0x1436AC300	2	20	4	0	3	1	0	2	2
37CB750C-85C0-4E69-B10A-6FAAEDC318E8	5423	Javelin::ClientMessages::LeaderboardComponentClientFacet_OnReceiveLeaderboardStatDataFromServer	0x1436AC460	2	21	3	0	0	1	0	0	2
840A03E1-45FA-4A1E-A600-9363615324A2	5187	Javelin::ClientMessages::LeaderboardComponentClientFacet_OnReceiveDebugRotationInfo	0x1436AC5F0	2	11	1	0	0	0	0	0	1
7A9E4A4E-4A0F-4BD9-B262-CA0D9A26264B	5484	Javelin::ClientMessages::LeaderboardComponentClientFacet_OnLeaderboardEntitlementComplete	0x1436ACBB0	1	15	4	0	3	0	0	1	1
854A9E28-DDC2-4A84-AA49-ED19B5233AAF	5486	Javelin::ClientMessages::LeaderboardComponentClientFacet_OnLeaderboardRotationComplete	0x1436ACE30		5	0	0	0	0	0	0	0
97039B0E-A34C-40CC-889A-35FB19909DA0	5566	Javelin::ClientMessages::LeaderboardComponentClientFacet_OnReceiveDebugRotationTimes	0x1436AD040	1	7	2	0	3	0	0	0	0
CB39812F-1A29-46AD-AE59-F8A5D4562C13	2531	Javelin::ClientMessages::LootTrackerComponentServerFacet_ResetLoot	0x143703620	1	9	1	0	0	0	0	1	0
6E7B6E10-C994-4592-B176-AE8383C0E22A	3771	Javelin::ClientMessages::LootTrackerComponentServerFacet_SetResetTime	0x143703B30	1	9	1	0	1	0	0	2	0
B459DDC5-2753-4965-BC02-B5841D5C1217	1356	Javelin::ClientMessages::LootTrackerComponentServerFacet_DebugSetForceDropAILoot	0x143704140	1	5	1	0	0	0	0	1	0
88D1A4CC-36CD-4C3C-93A7-838977BB9515	1076	Javelin::ClientMessages::LootTrackerComponentServerFacet_DebugSetFailedRollBonusPercent	0x143704610	1	5	1	0	0	1	0	0	0
52F98139-B749-4F85-BA10-0D881545D604	3617	Javelin::ClientMessages::LootTrackerComponentServerFacet_DebugResetCollectible	0x143704E30		5	0	0	0	0	0	0	0
4F6FAEEC-EDBC-4E71-9A67-E8728EA83D72	4763	Javelin::ClientMessages::LootTrackerComponentServerFacet_DebugSyncGlobalRollMod	0x143705520		5	0	0	0	0	0	0	0
FCC6CA1F-809C-42A2-AD2D-F6C3AC5A6B31	4764	Javelin::ClientMessages::LootTrackerComponentServerFacet_DebugSyncActiveLootTags	0x1437060A0		5	0	0	0	0	0	0	0
DCD3C91A-176F-4B1E-9B59-4CF5B9C2FE78	4761	Javelin::ClientMessages::LootTrackerComponentServerFacet_DebugSyncLootLimits	0x143706300		5	0	0	0	0	0	0	0
503756C4-672F-4948-99AD-7E0B9C85896C	4760	Javelin::ClientMessages::LootTrackerComponentServerFacet_DebugExpireLimit	0x143706670	1	5	1	0	1	0	0	0	0
98338A19-FF46-443B-AD22-025CDDBD2507	6324	Javelin::ClientMessages::LootTrackerComponentServerFacet_DebugEraseLimit	0x143706A70	1	5	1	0	1	0	0	0	0
C18F5DF1-F4EF-4002-9FEB-CA89A52C35D5	4765	Javelin::ClientMessages::LootTrackerComponentServerFacet_DebugResetDropCooldown	0x143706CA0	1	5	1	0	1	0	0	0	0
0DEE7C6E-4929-4A66-8095-DA2380FA3AC5	4823	Javelin::ClientMessages::LootTrackerComponentServerFacet_DebugSetLootDivertLevel	0x143706D70	1	5	1	0	1	0	0	0	0
034DD1D3-56DD-4739-B666-ECDA56FA01B2	4825	Javelin::ClientMessages::LootTrackerComponentServerFacet_DebugResetLootDivertActionCount	0x1437073A0	1	5	1	0	1	0	0	0	0
5006B5C3-1C23-49F8-89C8-F6EF83E20D6A	4827	Javelin::ClientMessages::LootTrackerComponentServerFacet_DebugFakeLootDivertAction	0x1437079E0	1	5	1	0	1	0	0	0	0
FC01F33E-D1EA-4879-B6CE-8048A4F21E49	4838	Javelin::ClientMessages::LootTrackerComponentServerFacet_DebugPauseLootDivert	0x143707AB0	1	5	1	0	1	0	0	0	0
D0B3B48C-661C-477A-802C-278E71B7A835	4844	Javelin::ClientMessages::LootTrackerComponentServerFacet_DebugResumeLootDivert	0x143707B80	1	5	1	0	1	0	0	0	0
B0E169E0-FFA2-4F90-9255-858AF7DAF606	4766	Javelin::ClientMessages::LootTrackerComponentClientFacet_SyncGlobalRollMod	0x143707F60	1	5	1	0	1	0	0	0	0
DB95B99E-AFB9-425C-A566-863BE9B508FB	4762	Javelin::ClientMessages::LootTrackerComponentClientFacet_SyncLootLimits	0x1437082F0	3	16	1	1	1	0	0	0	1
038C4B39-FCB0-4B50-B4EF-E99D8F540D72	4767	Javelin::ClientMessages::LootTrackerComponentClientFacet_SyncActiveLootTags	0x143708650	2	16	2	0	3	0	0	0	1
817F8FDE-78E9-494A-B55C-DF0BE990B7A9	5232	Javelin::ClientMessages::LootTrackerComponentClientFacet_TriggerLootLimitNofitication	0x143708FD0	1	5	1	0	1	0	0	0	0
F149F3C9-EE18-451B-B3E2-459311314A14	4912	Javelin::ClientMessages::RewardTrackComponentServerFacet_DebugSetTrackCount	0x143701C70	1	5	1	1	0	0	0	0	0
360B0808-BF7A-4C1A-8971-107C63156C1E	4933	Javelin::ClientMessages::RewardTrackComponentServerFacet_DebugRefreshRewards	0x143702150	1	5	1	0	0	0	0	1	0
A955DBA3-E81B-4D4B-AB9C-983E4DC473FF	4945	Javelin::ClientMessages::RewardTrackComponentServerFacet_DebugForceSpecificRewards	0x143702830	2	6	1	0	5	0	0	0	0
4A097D87-1FA7-4C30-80C0-DBBF330B94BE	5017	Javelin::ClientMessages::RewardTrackComponentServerFacet_DebugSyncExcludedTags	0x143702E30		5	0	0	0	0	0	0	0
78959E84-2B4F-4509-8278-6E62F2084149	4910	Javelin::ClientMessages::RewardTrackComponentServerFacet_RequestResetRewardTrack	0x143703430		5	0	0	0	0	0	0	0
AC1431A8-D6FA-4B9A-99FB-CB17B6CD6840	4932	Javelin::ClientMessages::RewardTrackComponentServerFacet_RequestPurchaseReward	0x1437039B0		5	0	0	0	0	0	0	0
F9169FA5-CD3D-4002-BB2A-EA1E4109720F	3158	Javelin::ClientMessages::ConversationComponentServerFacet_RequestConversationTopicFromClient	0x143707E90	1	5	1	0	1	0	0	0	0
92665A51-16DD-4345-92C7-3A3BA7C2355D	5397	Javelin::ClientMessages::ConversationComponentServerFacet_OnFinishedConversationTopicsFromClient	0x1437080A0		5	0	0	0	0	0	0	0
F6E868BF-0A51-4B34-B433-108CD78B4B15	3772	Javelin::ClientMessages::ConversationComponentServerFacet_RequestAcceptObjective	0x143708400	1	5	1	0	1	0	0	0	0
F306727E-F35C-48C0-9B1A-2F8B21955CDB	794	Javelin::ClientMessages::ConversationComponentServerFacet_RequestCompleteObjective	0x143708D10	1	5	1	0	1	0	0	0	0
56FBB310-6489-44FF-A256-6014546CB066	3773	Javelin::ClientMessages::ConversationComponentServerFacet_RequestDebugConversation	0x1437093F0	1	5	1	0	1	0	0	0	0
85D6FA0A-E7B0-4147-82A6-F978AE8DAD53	3774	Javelin::ClientMessages::ConversationComponentServerFacet_DebugUnlockPrerequisites	0x143709620	1	5	1	0	1	0	0	0	0
CE810F54-AD4A-47E0-BC77-8DE39E0EE22E	5421	Javelin::ClientMessages::ConversationComponentServerFacet_DebugSetAchievementConditional	0x143709EA0	1	13	2	0	0	0	0	1	1
DC9D89E0-F458-4CB7-985C-7C58ECD886F5	2429	Javelin::ClientMessages::LoreReaderComponentServerFacet_RequestDebugReadLoreItem	0x1437842E0	2	13	1	0	0	0	0	0	1
AEAB022B-57E4-4493-89D5-9EB4CCEA6E3A	3783	Javelin::ClientMessages::CurrencyComponentServerFacet_GmSetCurrency	0x1437C03B0		5	0	0	0	0	0	0	0
E29B61FE-8A1B-4D9E-9B81-15545D26C8E1	3785	Javelin::ClientMessages::CurrencyComponentClientFacet_OnCurrencyLost	0x1437C07A0		5	0	0	0	0	0	0	0
E77ABCB6-B68A-48DE-A68B-4C2B3A02D248	3769	Javelin::ClientMessages::CurrencyComponentClientFacet_OnCurrencyTransferRefund	0x1437C0870		5	0	0	0	0	0	0	0
AC7D4486-80BC-48CF-9E22-AABCC5652F77	439	Javelin::ClientMessages::CurrencyConversionComponentServerFacet_RequestExecuteTradingPostTransaction	0x1437C0AE0		5	0	0	0	0	0	0	0
2CF91F4F-FAFD-473C-B97A-3FFC4051A8E7	2030	Javelin::ClientMessages::CurrencyConversionComponentServerFacet_RequestCurrencyConversion	0x1437C0CA0	1	14	1	0	2	0	0	0	0
E35ECE36-95FA-4651-9EF5-2126324DB5C9	3794	Javelin::ClientMessages::MetaAchievementComponentServerFacet_ServerRequestMetaAchievementsProgressForCategory	0x1438810A0	1	5	1	0	1	0	0	0	0
494E0889-F66F-4D1B-B5E3-1FE3920FDB8C	3092	Javelin::ClientMessages::MetaAchievementComponentServerFacet_ServerRequestMetaAchievementsSummary	0x143881170		5	0	0	0	0	0	0	0
A731CCD1-00B9-432D-BBA7-8BAFFD0E592C	843	Javelin::ClientMessages::MetaAchievementComponentServerFacet_ServerRequestGetPendingMetaAchievements	0x1438812B0		5	0	0	0	0	0	0	0
BB2F01B7-FAE9-420C-9E19-575B43C869D0	3227	Javelin::ClientMessages::MetaAchievementComponentServerFacet_ServerRequestClearPendingMetaAchievements	0x143881850	1	5	1	0	0	0	0	1	0
3730EBAA-2BD8-488F-8176-49DE2564C621	3795	Javelin::ClientMessages::MetaAchievementComponentServerFacet_DEBUG_ServerSetMetaAchievementProgress	0x143881AC0	1	5	1	0	2	0	0	0	0
D4A7676B-40B3-4102-AFB4-3A95F1E11748	744	Javelin::ClientMessages::MetaAchievementComponentServerFacet_DEBUG_ServerSendAllMetaAchievementsProgress	0x143882140	1	5	1	0	1	0	0	0	0
D7FC70D0-2381-4E2F-A455-CEC03981884D	3796	Javelin::ClientMessages::MetaAchievementComponentServerFacet_DEBUG_ForceClientSynchronization	0x143882430	1	5	1	0	0	0	0	1	0
4DC331AC-E66C-45D1-95D0-2902CD4354F6	1108	Javelin::ClientMessages::MetaAchievementComponentServerFacet_DEBUG_ClearMetaAchievementProgress	0x1438825B0	1	6	2	0	1	0	0	1	0
DD9FE47E-85AC-48CD-93F9-E38610233D74	1695	Javelin::ClientMessages::MetaAchievementComponentServerFacet_DEBUG_ClearMetaAchievementsProgress	0x143882830	1	5	1	0	0	0	0	1	0
F7EAD241-0F7E-4EC1-8D02-5BDF845535A9	3797	Javelin::ClientMessages::MetaAchievementComponentServerFacet_DEBUG_UnlockSteamAchievements	0x143882B20	1	16	3	0	1	0	0	0	2
48446D25-8AB2-4B26-AF8E-598C6CF8FF0F	3784	Javelin::ClientMessages::MetaAchievementComponentServerFacet_RequestGetCompletedMetaAchievementsForAccount	0x143882CF0		5	0	0	0	0	0	0	0
9BA79888-5E80-4279-B4A9-B45438647A90	625	Javelin::ClientMessages::MetaAchievementComponentServerFacet_RequestUnlockMetaAchievementForAccount	0x143883010	1	5	1	0	1	0	0	0	0
DA3B4F93-097D-4297-8BB7-83FC29F7382E	3799	Javelin::ClientMessages::MetaAchievementComponentClientFacet_DEBUG_ClientReceiveAllMetaAchievementsProgress	0x14387F560	2	19	2	0	2	0	0	0	2
EA30F48F-F57A-40BD-8D15-354DDE74AA1B	3800	Javelin::ClientMessages::MetaAchievementComponentClientFacet_ClientReceiveMetaAchievementsProgress	0x14387F9A0	2	19	2	0	2	0	0	0	2
182FCFF7-FAF3-4ED9-9B4B-11CC4545835D	331	Javelin::ClientMessages::MetaAchievementComponentClientFacet_ClientOnChangedProgressStatus	0x14387FAB0	2	7	2	0	4	0	0	0	0
C1F8C6B2-2746-489C-BB8A-0FF6037C893D	1679	Javelin::ClientMessages::MetaAchievementComponentClientFacet_ClientReceiveMetaAchievementsSummaryInformation	0x14387FBD0	2	14	2	0	2	0	0	0	2
E7275C18-9D88-4ABF-A887-9679DB941330	3649	Javelin::ClientMessages::MetaAchievementComponentClientFacet_ClientMetaAchievementsReceived	0x14387FCF0	3	21	2	0	1	0	0	0	2
0E0675DF-853E-4BBF-A7CC-D65F3B29AEF3	3801	Javelin::ClientMessages::MetaAchievementComponentClientFacet_ClientMetaAchievementsUnlocked	0x143880050	2	14	1	0	1	0	0	0	1
BAACD8D7-E70C-49A7-93F0-360B2003558E	3802	Javelin::ClientMessages::MetaAchievementComponentClientFacet_ClientOnReceiveRewardPendingMetaAchievements	0x143880230	1	17	1	0	1	0	0	0	1
0AAD8664-9F47-47A5-AD26-58C7BF6DA470	6462	Javelin::ClientMessages::MetaAchievementComponentClientFacet_ClientUnlockPlatformAchievements	0x1438803E0	2	12	1	0	0	0	0	0	1
E599D9CD-5C55-4148-94E7-3982BA087AE6	6461	Javelin::ClientMessages::MetaAchievementComponentClientFacet_ClientFixupPlatformAchievements	0x1438804D0	2	12	1	0	0	0	0	0	1
8883BF90-A7B0-4B49-B7CC-35451C2FA9B0	5619	Javelin::ClientMessages::MountComponentServerFacet_OnRequestChangeMount	0x1438BA2B0	1	5	1	0	1	0	0	0	0
2C1C2135-368D-47C9-B2E9-3FD101B71F67	5750	Javelin::ClientMessages::MountComponentServerFacet_SummonMount	0x1438BA530		5	0	0	0	0	0	0	0
951AE211-7265-45A1-8CA9-D11E342A6475	5751	Javelin::ClientMessages::MountComponentServerFacet_DismissMount	0x1438BA9F0		5	0	0	0	0	0	0	0
EAAFAD8C-C5AF-4796-879C-9C9782E3252F	5972	Javelin::ClientMessages::MountComponentServerFacet_RenameMount	0x1438BACE0	1	13	2	0	1	0	0	0	1
F09CD09A-3D7B-40E5-AED2-CEE05B294351	6068	Javelin::ClientMessages::MountComponentServerFacet_OnRequestCompleteSummon	0x1438BAF30		5	0	0	0	0	0	0	0
CC6E0819-6FE0-4036-8F56-E8A47468331C	6268	Javelin::ClientMessages::MountComponentServerFacet_OnMountDashToggleChanged	0x1438BB0B0	1	5	1	0	0	0	0	1	0
F56E3380-24B5-4676-80F1-91FE2DA66B2D	6271	Javelin::ClientMessages::MountComponentServerFacet_OnMountSlowWalkChanged	0x1438BB5D0	1	5	1	0	0	0	0	1	0
32CF972E-8C95-49C0-AE8C-C7F7ED94B793	2764	Javelin::ClientMessages::MountComponentServerFacet_OnEnableMounts	0x1438BBB50	1	5	1	0	0	0	0	1	0
E6697193-1EEF-4DD6-BB2E-7FC2FF0E8843	5612	Javelin::ClientMessages::MountComponentServerFacet_OnDebugMaxSpeedChanged	0x1438BBD60	1	5	1	0	1	1	0	0	0
DF5EC0BB-63D7-4485-83D7-3BF631A7A3B1	6008	Javelin::ClientMessages::MountComponentServerFacet_OnDebugDye	0x1438BC0B0		6	0	0	0	0	0	0	0
AE297817-CB70-43B0-8648-63DFC1F2AB33	6125	Javelin::ClientMessages::MountComponentServerFacet_DebugWritePersistenceToFile	0x1438BC240	2	14	2	0	0	0	0	1	1
ABF428F3-780D-4864-AAAF-93DB5D20E7D6	6246	Javelin::ClientMessages::MountComponentServerFacet_DebugPopulateMountPersistence	0x1438BC490		5	0	0	0	0	0	0	0
25EBB286-B383-4B55-A3CF-B8B6208D2182	5752	Javelin::ClientMessages::MountComponentClientFacet_OnSummonMountCancelled	0x1438BC8D0	1	6	2	0	1	0	0	1	0
077F8937-47D4-4058-9F1E-C1A5ACB62490	5747	Javelin::ClientMessages::MountComponentClientFacet_OnSummonMountPending	0x1438BCDB0	1	5	1	0	1	0	0	0	0
F98DFBBD-F2B3-40E8-8D35-47F9BC836733	5753	Javelin::ClientMessages::MountComponentClientFacet_UpdateMountedState	0x1438BD4F0	2	6	1	0	0	0	0	1	0
FE378617-2CCA-4E7F-B75D-B69FB19757DC	5816	Javelin::ClientMessages::MountComponentClientFacet_ScheduleDismount	0x1438BD780	1	5	1	0	0	0	0	1	0
D7594BA1-8323-41D0-B493-5882DEDFEF27	5812	Javelin::ClientMessages::MountComponentClientFacet_CancelScheduledDismount	0x1438BD970		5	0	0	0	0	0	0	0
A600BA0E-2C4B-4101-B313-9794858CC5E6	5937	Javelin::ClientMessages::MountComponentClientFacet_ShowDismountNotification	0x1438BDCD0		5	0	0	0	0	0	0	0
CB050867-6468-4F89-B688-B409C80CD84F	5969	Javelin::ClientMessages::MountComponentClientFacet_SendMountRenameNotification	0x1438BDFF0	2	13	2	0	2	0	0	0	1
315BA2C5-C867-486A-B96B-31835CC99FCC	6731	Javelin::ClientMessages::MountComponentClientFacet_OnMountTrampleNotification	0x1438BE3A0		5	0	0	0	0	0	0	0
3C506A12-9600-441B-B881-E653427A9F56	2749	Javelin::ClientMessages::MountComponentClientFacet_OnEnableMounts	0x1438BE560	1	5	1	0	0	0	0	1	0
6F27BE5E-4FC8-485D-9607-F200F54AF6DB	6261	Javelin::ClientMessages::MountComponentClientFacet_OnDebugMaxSpeedChanged	0x1438BE750	1	5	1	0	1	1	0	0	0
56A55294-9019-4AA6-BC9C-EC24FE4273D4	4883	Javelin::ClientMessages::MusicalPerformanceComponentServerFacet_DEBUG_SetPerformanceState	0x143926800		5	0	0	0	0	0	0	0
023822AB-BE5F-49BF-8DF0-3D41F3061322	4884	Javelin::ClientMessages::MusicalPerformanceComponentServerFacet_DEBUG_JoinPerformance	0x143926DE0	2	9	1	0	0	0	0	1	0
FA214D27-CF05-4840-92BE-DEB7E651A59D	5016	Javelin::ClientMessages::MusicalPerformanceComponentServerFacet_DEBUG_SetCurrentReward	0x143927160	1	5	1	0	1	0	0	0	0
38FCB704-88AB-44E0-BB73-C4AA2D7E8D09	5059	Javelin::ClientMessages::MusicalPerformanceComponentServerFacet_DEBUG_EndPerformanceWithRank	0x143927690	1	5	1	0	1	0	0	0	0
4ABA7F5D-D0C7-42C1-A99E-01208B6FF2FE	4869	Javelin::ClientMessages::MusicalPerformancePlayerComponentClientFacet_PerformanceCreated	0x143925E80		5	0	0	0	0	0	0	0
A3B64A74-7AEA-4330-A61E-8D2D8C014436	4863	Javelin::ClientMessages::MusicalPerformancePlayerComponentClientFacet_FailedAddToPerformance	0x143925FB0		5	0	0	0	0	0	0	0
BA75AA7F-3FB6-4465-BA8E-7FECBFCBD1B8	4889	Javelin::ClientMessages::MusicalPerformancePlayerComponentClientFacet_FailedPerformanceCreated	0x1439261F0	1	5	1	0	1	1	0	0	0
F453AFA6-692C-4479-A4B2-E8F0195286C2	4877	Javelin::ClientMessages::MusicalPerformancePlayerComponentClientFacet_FailedSongSelected	0x143926430		5	0	0	0	0	0	0	0
665F6835-407B-4930-B46C-9D5DD87958C7	4872	Javelin::ClientMessages::MusicalPerformancePlayerComponentClientFacet_FailedStartPerformance	0x1439266A0		5	0	0	0	0	0	0	0
BA01D69C-ED35-45E4-B227-6F1C7639D7D9	4890	Javelin::ClientMessages::MusicalPerformancePlayerComponentClientFacet_FailedSongSheetSelected	0x143926B90		5	0	0	0	0	0	0	0
81895FFF-F671-4D83-9535-94E9F8E660FF	4891	Javelin::ClientMessages::MusicalPerformancePlayerComponentServerFacet_RequestCreatePerformance	0x143927090		5	0	0	0	0	0	0	0
8174EC11-3862-4A1D-9D18-5C891691C932	4881	Javelin::ClientMessages::MusicalPerformancePlayerComponentServerFacet_RequestLeavePerformance	0x1439275C0		5	0	0	0	0	0	0	0
D361D2F4-91BA-4676-9A1A-F9594A776BA3	5417	Javelin::ClientMessages::MusicalPerformancePlayerComponentServerFacet_RequestAbortCurrentSong	0x143927A50		5	0	0	0	0	0	0	0
14630B25-8DC6-4728-80A1-8B42346CA862	4892	Javelin::ClientMessages::MusicalPerformancePlayerComponentServerFacet_RequestValidateInput	0x143927FE0	1	15	1	0	1	1	0	0	0
2943B49E-A2C0-4EA7-AFAF-6A5BBCD2707C	4865	Javelin::ClientMessages::MusicalPerformancePlayerComponentServerFacet_RequestStartPerformance	0x143928160	1	5	1	0	0	1	0	0	0
B6C4A565-5F6B-4231-9430-4B62FBE11423	4867	Javelin::ClientMessages::MusicalPerformancePlayerComponentServerFacet_RequestSetCurrentSong	0x143928230	1	5	1	0	1	0	0	0	0
827ABC3B-0F99-44B0-9A96-7D17BD55732D	4879	Javelin::ClientMessages::MusicalPerformancePlayerComponentServerFacet_RequestSetCurrentSongSheet	0x1439283D0	1	5	1	0	1	0	0	0	0
1066D6CE-14F9-4B43-B9AC-2459BEED7CB6	5022	Javelin::ClientMessages::MusicalPerformancePlayerComponentServerFacet_RequestSetCurrentReward	0x1439288B0	1	5	1	0	1	0	0	0	0
823052D2-DE33-4492-803D-E0354D8574DB	5091	Javelin::ClientMessages::MusicalPerformancePlayerComponentServerFacet_RequestSetClientReady	0x1439290F0		14	0	0	0	0	0	0	0
B5409D51-90CC-4F65-8B16-535833BF42BB	5233	Javelin::ClientMessages::MusicalPerformancePlayerComponentServerFacet_RequestEndPostShow	0x143929690		5	0	0	0	0	0	0	0
8F17D58C-8E31-45C9-95D2-78AE468F599F	5062	Javelin::ClientMessages::MusicalPerformancePlayerComponentServerFacet_DEBUG_SetNextPerformanceTime	0x143929C80		6	0	0	0	0	0	0	0
286D548D-EB58-4F96-975A-D7167C7AB27F	841	Javelin::ClientMessages::PathingComponentClientFacet_SyncDebugInfo	0x1439ACA00	2	14	1	0	0	0	0	0	1
6E3B75FC-5E16-49A5-BA2B-B11E2003F3B0	3596	Javelin::ClientMessages::PathingComponentClientFacet_SyncPathFollowerInfo	0x1439ACD40		5	0	0	0	0	0	0	0
D6EFB383-30E1-49D9-91A2-E4269960FA77	3804	Javelin::ClientMessages::PathingComponentClientFacet_SyncSteeringDebugInfo	0x1439AD120	3	8	2	0	0	3	0	1	0
734AA186-E872-46FA-95D1-7ACEC35AC290	4816	Javelin::ClientMessages::PathingComponentClientFacet_SyncStuckDetectionAndResolutionConfigInfo	0x1439AD380	2	9	4	0	1	5	0	9	0
D4E66700-0345-4F0F-8D33-CB50066CF69C	4817	Javelin::ClientMessages::PathingComponentClientFacet_SyncStuckDetectionAndResolutionDebugData	0x1439AD540	2	6	1	1	0	0	0	0	0
1562DC4F-3232-4863-B347-AB11FA6EB0B3	5196	Javelin::ClientMessages::PathingComponentServerFacet_SetDrawReachabilityRaycast	0x1439AD690	1	5	1	0	0	0	0	1	0
B3C00505-F33B-4B06-B199-37EA1BBAF6AD	3807	Javelin::ClientMessages::PathingComponentServerFacet_RegisterClientForDebug	0x1439AD760		9	0	0	0	0	0	0	0
8F3EC1D2-ADDE-42B9-A541-715C954DFBE6	425	Javelin::ClientMessages::PathingComponentServerFacet_UnregisterClientForDebug	0x1439AD9A0	2	10	1	0	1	0	0	2	0
CF69E912-82AF-403A-9F83-6C54C84ADE47	3324	Javelin::ClientMessages::PathingComponentServerFacet_RequestDebugPath	0x1439ADBE0	3	7	1	0	0	3	0	0	0
4DE277A9-A095-46E3-96E0-EE4CB2CDCBED	3422	Javelin::ClientMessages::PathingComponentServerFacet_RequestDebugCorridorPath	0x1439ADF80	3	7	1	0	0	3	0	0	0
EE0176FC-7E91-48CC-8B8E-6FD9E3C06572	3809	Javelin::ClientMessages::NotificationServiceComponentServerFacet_StartListening	0x1439AC340		5	0	0	0	0	0	0	0
50204983-8368-4851-A39F-A912A9D45B93	3810	Javelin::ClientMessages::NotificationServiceComponentServerFacet_StopListening	0x1439AC730		5	0	0	0	0	0	0	0
D3965CC9-6620-4BFB-9368-8D5130B07373	2833	Javelin::ClientMessages::NotificationServiceComponentServerFacet_ClearNotifications	0x1439ACC70		5	0	0	0	0	0	0	0
EEF594B3-06C1-48F1-BD50-D544B7F6B2FD	2333	Javelin::ClientMessages::NWTagComponentClientFacet_SyncDebugData	0x1439AEEF0	1	12	2	0	1	0	0	0	1
94D4BAA0-9ED9-469B-A0AC-B62224491729	5488	Javelin::ClientMessages::NWTagComponentServerFacet_DebugAddTag	0x1439AF2B0	3	13	1	0	0	0	0	0	1
1AB46615-4053-4D7A-B78A-9FF8C07085C3	5489	Javelin::ClientMessages::NWTagComponentServerFacet_DebugRemoveTag	0x1439AF6C0	3	13	1	0	0	0	0	0	1
55A7D1E9-9511-4ECA-8F10-EA7D79F43F43	2637	Javelin::ClientMessages::ObjectivesComponentServerFacet_AbandonCurrentMission	0x1439EC130		5	0	0	0	0	0	0	0
4591ECA1-1C4F-49C9-BEDD-5AA62C95F7C7	3836	Javelin::ClientMessages::ObjectivesComponentServerFacet_AbandonSingleObjective	0x1439EC6B0		5	0	0	0	0	0	0	0
54D93017-592C-49BA-9FA1-928B7AA4614D	3837	Javelin::ClientMessages::ObjectivesComponentServerFacet_AbandonAllRecipes	0x1439ECD70		5	0	0	0	0	0	0	0
5B7449FB-C79F-4C79-956B-154CAFC5A834	5600	Javelin::ClientMessages::ObjectivesComponentServerFacet_ResetObjective	0x1439ED100		5	0	0	0	0	0	0	0
287203CA-986B-4D4A-88FE-BC16200C9A94	2617	Javelin::ClientMessages::ObjectivesComponentServerFacet_NotifyOpenUiScreen	0x1439ED630	1	5	1	0	1	0	0	0	0
A56E61D1-7E3E-4418-AA4E-41A426534FF4	3839	Javelin::ClientMessages::ObjectivesComponentServerFacet_RequestShareObjectiveWithGroup	0x1439ED9F0		5	0	0	0	0	0	0	0
CB4BA5E5-1D70-4B33-81AA-A045BEBA4706	2709	Javelin::ClientMessages::ObjectivesComponentServerFacet_SetObjectiveAutoPinning	0x1439EDE20		5	0	0	0	0	0	0	0
6BE0AA88-6A98-45CB-A8A3-A9C5DC32A35E	3435	Javelin::ClientMessages::ObjectivesComponentClientFacet_OnObjectiveWarning	0x1439EE080		5	0	0	0	0	0	0	0
855E0575-246E-4BFF-997A-DAD07FBC7115	5407	Javelin::ClientMessages::ObjectivesComponentClientFacet_OnMilestoneCorrection	0x1439EE420	1	15	2	1	1	0	0	0	0
AB896EC0-C4C0-4D32-9C83-0E39E9656E27	5684	Javelin::ClientMessages::ObjectivesComponentClientFacet_SetObjectiveInstanceDisabled	0x1439EE5E0	1	5	1	0	0	0	0	1	0
D01FA6E0-B3A1-48A3-A811-8B6976C2A881	6097	Javelin::ClientMessages::ObjectivesComponentClientFacet_DebugReceiveScheduledObjectiveInformation	0x1439EE6C0		5	0	0	0	0	0	0	0
6A6E0E65-8388-4803-859D-0BC76109F79F	6129	Javelin::ClientMessages::ObjectivesComponentServerFacet_DebugSetItemObjectiveCompletion	0x1439EE7A0	1	5	1	0	0	0	0	1	0
431A433B-B45E-4DB2-8106-8A725E056BC8	6862	Javelin::ClientMessages::ObjectivesComponentServerFacet_DebugResetRepeatableObjectives	0x1439EEE10		5	0	0	0	0	0	0	0
95B1A845-8C36-410F-AB17-001C3630BDA6	3295	Javelin::ClientMessages::ObjectivesComponentServerFacet_AddObjectiveByIDDebug	0x1439EF2F0	2	20	3	1	2	0	0	4	0
5A524F4F-5164-4993-BEB1-E281ABF68F59	3841	Javelin::ClientMessages::ObjectivesComponentServerFacet_HandleSpecificQuestItemPersistenceValidation	0x1439EF730		5	0	0	0	0	0	0	0
E71492C8-A700-4124-A466-67B6BE9CD4EF	467	Javelin::ClientMessages::ObjectivesComponentServerFacet_HandleFactionProgressionPersistenceValidation	0x1439EF840		5	0	0	0	0	0	0	0
E4758DFC-4001-4C7A-9CBA-C1AD9380F03A	4982	Javelin::ClientMessages::ObjectivesComponentServerFacet_HandleCampingProgressionPersistenceValidation	0x1439F00C0		5	0	0	0	0	0	0	0
C306BD85-59D3-48E6-8559-F06DDB47EB74	6100	Javelin::ClientMessages::ObjectivesComponentServerFacet_HandleScheduledQuestResetting	0x1439F0280	1	5	1	0	0	0	0	1	0
6B3F1C17-B503-4591-944E-4DD41620372D	3842	Javelin::ClientMessages::ObjectivesComponentServerFacet_AddMissionByIDDebug	0x1439F0350	2	20	3	1	2	0	0	4	0
137F6213-F9AB-46C9-A2D9-212D6AE58D98	3843	Javelin::ClientMessages::ObjectivesComponentServerFacet_UnlockPrerequisitesByIDDebug	0x1439F0810	1	5	1	0	1	0	0	0	0
7FD7CD2A-0E91-4B01-8B61-1C417E8FDA93	2401	Javelin::ClientMessages::ObjectivesComponentServerFacet_CompleteObjectiveDebug	0x1439F0D30		5	0	0	0	0	0	0	0
6D1F2E78-73AC-41CD-972D-B87B01504892	3846	Javelin::ClientMessages::ObjectivesComponentServerFacet_CompleteObjectiveTaskDebug	0x1439F1120		6	0	0	0	0	0	0	0
3B7CA5D2-5F55-4DA7-98F8-B538A6A8809A	2921	Javelin::ClientMessages::ObjectivesComponentServerFacet_AbandonObjectiveDebug	0x1439F1A00		5	0	0	0	0	0	0	0
070C8753-40EE-449B-A226-6C4542E65E8C	3847	Javelin::ClientMessages::ObjectivesComponentServerFacet_FailObjectiveDebug	0x1439F1C80		5	0	0	0	0	0	0	0
FD84ABFF-8A6B-47BE-BA99-1202DF77E97C	6650	Javelin::ClientMessages::ObjectivesComponentServerFacet_ForceCompleteTasksDebug	0x1439F22F0	2	6	1	0	0	0	0	1	0
F3AD6AD2-694E-4E33-8931-FDC013051146	3849	Javelin::ClientMessages::ObjectivesComponentServerFacet_DebugClearCompletedObjectives	0x1439F2630		5	0	0	0	0	0	0	0
68D21A93-5C1F-4723-ACAD-85C1DAC6DBE1	3850	Javelin::ClientMessages::ObjectivesComponentServerFacet_DebugValidateAndFixDeprecatedPersistence	0x1439F2910		5	0	0	0	0	0	0	0
7B378AA6-A17E-4BD9-AB18-B2758162C91B	3484	Javelin::ClientMessages::ObjectivesComponentServerFacet_DebugDisableReleaseForObjectiveInstanceId	0x1439F2E70		5	0	0	0	0	0	0	0
705E806F-A227-4018-83D8-FBE13DEEA1D5	1436	Javelin::ClientMessages::ObjectivesComponentServerFacet_DebugEnableReleaseForObjectiveInstanceId	0x1439E8930		5	0	0	0	0	0	0	0
76E8E897-74C9-44FB-90D1-46B8658DB490	6101	Javelin::ClientMessages::ObjectivesComponentServerFacet_DebugRequestScheduledObjectiveInformation	0x1439E8FF0	2	10	1	0	1	0	0	2	0
4F61CD60-1C34-43EF-AAD8-782D1865AE15	1814	Javelin::ClientMessages::ObjectivesComponentServerFacet_AddObjectiveFromRecipe	0x1439E92D0	2	10	2	0	1	0	0	0	1
298436A9-06D0-4BDA-8DD9-0708B36E7374	1458	Javelin::ClientMessages::ObjectivesComponentServerFacet_UpdateTrackedObjectives	0x1439E9880	1	6	1	0	0	0	0	0	1
977C918D-4B3E-43C4-A960-6E6AC54F0203	6733	Javelin::ClientMessages::ObjectivesComponentServerFacet_EnteredTerritoryFallback	0x1439E9DE0	1	5	1	1	0	0	0	0	0
AF562F66-C8AE-4D49-9F58-CB3A9AB35727	6734	Javelin::ClientMessages::ObjectivesComponentServerFacet_ExitedTerritoryFallback	0x1439EA3E0	1	5	1	1	0	0	0	0	0
53747F79-0194-42CE-992E-4E479809450F	1188	Javelin::ClientMessages::OwnershipMessageComponentClientFacet_OnOwnershipMessage	0x143B346B0	1	5	1	0	1	0	0	0	0
544665B3-CF5C-4CC7-B604-3A1B32C37113	3911	Javelin::ClientMessages::AIPatrolComponentServerFacet_RegisterClientForDebugOption	0x143B4ACD0		9	0	0	0	0	0	0	0
B1C188CA-0478-4803-A989-F5AB2595C553	3912	Javelin::ClientMessages::AIPatrolComponentServerFacet_SetNextWaypoint	0x143B4ADF0	1	5	1	0	1	0	0	0	0
121C72F4-A7C6-4558-A005-B0BF2FDF71BE	3914	Javelin::ClientMessages::AIPatrolComponentClientFacet_SyncAllWaypoints	0x143B4AEC0	1	20	5	0	2	6	0	1	2
8FDAE921-A7CD-4851-B822-F04BD99537BF	2415	Javelin::ClientMessages::AITargetableComponentClientFacet_OnSelectedAsTarget	0x143B4DB40		5	0	0	0	0	0	0	0
C5DB0BB9-CD45-4241-B6FA-DEBD4E950BE7	3916	Javelin::ClientMessages::AITargetableComponentClientFacet_OnUnSelectedAsTarget	0x143B4DE90		5	0	0	0	0	0	0	0
D67E6F55-82A4-464A-887F-72958299A9EC	1389	Javelin::ClientMessages::AITargetableComponentServerFacet_DebugIgnoreCharacter	0x143B4E6B0		5	0	0	0	0	0	0	0
E7FD139B-445F-43A1-9AB1-5A998030977D	2572	Javelin::ClientMessages::AITargetableComponentServerFacet_DebugStopIgnoringCharacter	0x143B49570		5	0	0	0	0	0	0	0
ABE5C4B2-F8B8-48C9-B513-B391BD48F33F	2073	Javelin::ClientMessages::AITargetableComponentClientFacet_SyncDebugData	0x143B49790	2	13	1	0	0	0	0	2	1
ABB7019C-DB92-443F-A3B5-5CAC165D0DBC	3918	Javelin::ClientMessages::AITargetCollectorComponentClientFacet_SyncDebugData	0x143B4BDD0	2	12	1	0	0	0	0	0	1
19B6A3DA-925E-49B5-B2E8-CC522ECD12BE	3441	Javelin::ClientMessages::NavMeshDebugComponentServerFacet_ReceiveSamplePathClientRequest	0x143B756E0	3	7	1	0	0	3	0	0	0
BD065805-4352-494B-BF10-494AB53F358A	3925	Javelin::ClientMessages::NavMeshDebugComponentServerFacet_ReceiveNavMeshDataClientRequest	0x143B75C90	1	6	2	0	0	3	0	1	0
2A195CC0-BBAD-4A25-8284-8099F24EB0EC	3393	Javelin::ClientMessages::NavMeshDebugComponentServerFacet_ReceiveSaveInputHFRequest	0x143B765C0	2	6	1	0	0	0	0	0	1
535BBEAE-E5E0-48E2-9FF5-E35E3BD21646	192	Javelin::ClientMessages::NavMeshDebugComponentServerFacet_SendNavMeshDataResponseToClient	0x143B76850	2	18	1	0	0	0	0	0	1
53D0F3BC-C29F-42C4-AA7B-DB765C2ABE1C	2582	Javelin::ClientMessages::NavMeshDebugComponentServerFacet_DebugRequestTileGen	0x143B76940	1	6	1	0	0	0	0	1	0
BB89CEED-A606-4ED1-A4FE-355C53769E82	6699	Javelin::ClientMessages::NavMeshDebugComponentServerFacet_LogObstaclesInCurrentTile	0x143B76A10		6	0	0	0	0	0	0	0
ED80E30F-66D9-474F-A460-11078738BE25	2899	Javelin::ClientMessages::NavMeshDebugComponentServerFacet_RequestQueryManagerDebugStats	0x143B76AE0	2	10	1	0	1	0	0	2	0
7941A349-3E70-49F3-8ED0-5717D59D51F6	1322	Javelin::ClientMessages::NavMeshDebugComponentClientFacet_ReceiveQueryManagerDebugStats	0x143B76EE0	3	7	1	0	0	3	0	0	0
1C896A89-74AF-4010-8E9B-8F3C236A9034	1797	Javelin::ClientMessages::NavMeshDebugComponentServerFacet_RequestTileManagerDebugStats	0x143B77340	2	10	1	0	1	0	0	2	0
E07DE5CF-9447-4287-B05F-886CE58767FD	1241	Javelin::ClientMessages::NavMeshDebugComponentServerFacet_ReceiveQueryPolysRequest	0x143B77760	3	12	2	0	1	3	0	2	0
10BF259D-2C9C-4DDC-9866-FF4CE05F90D0	4948	Javelin::ClientMessages::NavMeshDebugComponentServerFacet_ReceiveQueryPathRequest	0x143B77970	3	12	2	0	1	3	0	2	0
89F1E1A4-273E-4C99-82E0-4663DFD7E941	3926	Javelin::ClientMessages::NavMeshDebugComponentClientFacet_ReceiveTileManagerDebugStats	0x143B77CB0	2	12	2	2	2	1	0	0	0
1C4D27D5-9126-4C3F-BCD0-0DF855D800D8	3927	Javelin::ClientMessages::NavMeshDebugComponentClientFacet_SendServerRequestSamplePath	0x143B77FE0	3	7	1	0	0	3	0	0	0
936349C7-AE39-45AE-B1DF-C57F9A023530	3928	Javelin::ClientMessages::NavMeshDebugComponentClientFacet_ReceiveSamplePathResponseFromServer	0x143B781B0		5	0	0	0	0	0	0	0
185B09BC-95F3-43CE-A2C6-86B3831A07BF	3929	Javelin::ClientMessages::NavMeshDebugComponentClientFacet_ReceiveNavMeshDataResponseFromServer	0x143B78280	2	18	1	0	0	0	0	0	1
E2386A7D-183C-4904-8390-F3DC6DDB034D	1343	Javelin::ClientMessages::NavMeshDebugComponentServerFacet_ReceiveQueryManagerDebugStats	0x143B78690	3	7	1	0	0	3	0	0	0
FD841AD4-A06A-4E00-86F0-A9E313C974A6	3711	Javelin::ClientMessages::NavMeshDebugComponentServerFacet_ReceiveTileManagerDebugStats	0x143B78A20	2	12	2	2	2	1	0	0	0
1779092F-CE38-4485-8951-9073143E0D79	975	Javelin::ClientMessages::NavMeshDebugComponentClientFacet_SyncQueryPolysResultsToClient	0x143B78CF0	2	15	2	0	0	3	0	0	1
C055D203-DF8E-4827-9F87-AF258F01344D	4951	Javelin::ClientMessages::NavMeshDebugComponentClientFacet_SyncQueryPathResultsToClient	0x143B79010	2	14	1	0	0	0	0	0	1
BDA185EC-AB9B-4D23-83D9-B822DE724018	3986	Javelin::ClientMessages::POIManagerComponentServerFacet_RegisterClientForDebugSnapshots	0x143BC8F70	2	10	1	0	1	0	0	2	0
B7053BE8-ECB2-4DBE-B320-94B3480F7997	3987	Javelin::ClientMessages::POIManagerComponentServerFacet_UnregisterClientForDebugSnapshots	0x143BC92A0	2	10	1	0	1	0	0	2	0
9E40827E-C468-47B4-B932-12F10D096EFC	3257	Javelin::ClientMessages::POIManagerComponentClientFacet_ReceiveDebugSnapshot	0x143BC93C0	2	15	3	1	0	5	0	0	1
459E81AC-2266-436B-A9B9-85C7C897EEA1	3988	Javelin::Spawner::ClientMessages::PointSpawnerComponentServerFacet_ToggleDebugRender	0x143BCAF60	1	5	1	0	1	0	0	1	0
287283B0-B7BD-421A-9E59-ECF82B0E1401	3697	Javelin::ClientMessages::PrefabSpawnerComponentServerFacet_RespawnPrefabClientDebugMsg	0x143BC8170		5	0	0	0	0	0	0	0
F04AA7E8-94E3-41E1-B53A-5824B858B5FA	4769	Javelin::ClientMessages::PrefabSpawnerComponentServerFacet_RequestServerAuthPrefabIdMsg	0x143BC83E0	2	10	1	0	1	0	0	2	0
73C38CC7-D360-4B4D-8BA9-63CE3AA39805	4768	Javelin::ClientMessages::PrefabSpawnerComponentClientFacet_RequestServerAuthPrefabIdResponseMsg	0x143BC8710		5	0	0	0	0	0	0	0
41F1151F-CB10-4F45-BC77-C7CB593A690C	5000	Javelin::Spawner::ClientMessages::SpawnerComponentClientFacet_SyncDebugData	0x143BFA2A0	2	14	1	0	0	0	0	0	1
1EEC0510-2402-4369-8859-80BBBF6BBC07	770	Javelin::Spawner::ClientMessages::SpawnerComponentServerFacet_DebugSpawn	0x143BFA3A0		5	0	0	0	0	0	0	0
BEA98F48-CF76-482A-934A-46307BD9B7EF	2713	Javelin::Spawner::ClientMessages::SpawnerComponentServerFacet_AliasDebugSpawn	0x143BFA4F0		5	0	0	0	0	0	0	0
C186ECE3-877F-4A1D-9390-A7EB11CE6BF2	612	Javelin::Spawner::ClientMessages::SpawnerComponentServerFacet_RemoveAllSpawns	0x143BFA780		5	0	0	0	0	0	0	0
BE34F14D-27D2-477C-AFF0-C9D1BEBF8F9D	4003	Javelin::Spawner::ClientMessages::SpawnerComponentServerFacet_ToggleDebugRender	0x143BFA860	1	5	1	0	1	0	0	1	0
B3358D8D-69B9-4746-9E05-4433962CC20E	796	Javelin::Spawner::ClientMessages::SpawnerComponentServerFacet_DebugEnableSpawner	0x143BFA930	1	5	1	0	0	0	0	1	0
D5DA55C2-116E-4530-A0A8-04420F1F84FA	4004	Javelin::Spawner::ClientMessages::SpawnerComponentServerFacet_SetGridSpawnLevel	0x143BFAA00		5	0	0	0	0	0	0	0
9F8740F3-1CFA-49DE-AE49-953708456BB6	1254	Javelin::Spawner::ClientMessages::SpawnerComponentServerFacet_RefreshSpawners	0x143BFAAD0		5	0	0	0	0	0	0	0
32369B90-64A0-47FC-A33E-9047FAED72EA	6820	Javelin::Spawner::ClientMessages::SpawnerComponentServerFacet_DebugSetSelfAsAILocationRestrictedSpawnData	0x143BFACD0	1	5	1	0	0	1	0	0	0
593A601B-8343-42F5-A782-D38568C0124B	6821	Javelin::Spawner::ClientMessages::SpawnerComponentServerFacet_DebugDisableAILocationRestrictedSpawning	0x143BFADA0		5	0	0	0	0	0	0	0
111C8847-F584-43AC-BA37-A967A1B1C35A	4010	Javelin::Spawner::ClientMessages::AreaSpawnerComponentClientFacet_InitialDebugInfo	0x143C1F580	1	13	2	0	1	0	0	0	1
31654258-6338-4A7D-A1E6-655893BB9986	2225	Javelin::Spawner::ClientMessages::AreaSpawnerComponentClientFacet_SyncDebugInfo	0x143C1F7E0	1	5	1	0	3	0	0	0	0
80321189-E4E0-46F5-B15F-43B804E9F59F	4012	Javelin::Spawner::ClientMessages::AreaSpawnerComponentServerFacet_RegisterClientForDebug	0x143C1F8B0	2	10	1	0	1	0	0	2	0
AC90AC4F-CD25-47A3-9052-6D717C8465E7	2471	Javelin::Spawner::ClientMessages::AreaSpawnerComponentServerFacet_UnregisterClientForDebug	0x143C1F9C0	2	10	1	0	1	0	0	2	0
E315ABBE-0473-4A50-8FCE-6C68F182B721	4013	Javelin::Spawner::ClientMessages::AreaSpawnerComponentServerFacet_ToggleDebugRender	0x143C1FAD0	1	5	1	0	1	0	0	1	0
08416303-DAC7-49DE-ABA2-37B14920A01E	4014	Javelin::Spawner::ClientMessages::AreaSpawnerComponentServerFacet_DebugUpdateLiveCount	0x143C1FF50	1	5	1	0	1	0	0	0	0
093FFBAD-0655-4647-95B4-F573A7091702	1381	Javelin::Spawner::ClientMessages::AreaSpawnerComponentServerFacet_DebugUpdateRespawnTime	0x143C20280	1	5	1	0	0	2	0	0	0
E139AA9F-B906-41DC-A285-F335DA00B6C2	4015	Javelin::Spawner::ClientMessages::AreaSpawnerComponentServerFacet_DebugResetRespawnTime	0x143C20350		5	0	0	0	0	0	0	0
E1EAD29B-FA69-44C8-82CE-4D83835BE709	5608	Javelin::Spawner::ClientMessages::PointLocationComponentClientFacet_SyncDebugData	0x143C73870	1	6	1	0	1	1	0	0	0
AADFF090-E7A9-46F4-86EB-CBAC0884480E	7010	Javelin::ClientMessages::GraphBasedSpawnNodeComponentClientFacet_SyncDebugData	0x143C93B00	1	16	2	0	0	0	0	1	3
6A1E7561-67BC-4CF1-8867-2A5D9B7C1A2F	2161	Javelin::ClientMessages::CategoricalProgressionComponentServerFacet_DebugClearCategoricalProgression	0x143C8FD60		5	0	0	0	0	0	0	0
6EA13299-3F40-4542-ADDA-CB1FE5EAE37E	4032	Javelin::ClientMessages::CategoricalProgressionComponentServerFacet_DebugModifyProgression	0x143C902B0	1	5	1	0	1	0	0	1	0
ED7B2D2E-35CB-4525-825F-069D7EF68745	2996	Javelin::ClientMessages::CategoricalProgressionComponentServerFacet_DebugPurchaseRankIncrease	0x143C90720	1	5	1	0	1	0	0	0	0
B885A495-20D1-4933-B8A8-53ACD08909A2	43	Javelin::ClientMessages::CategoricalProgressionComponentServerFacet_DebugSetProgressionRank	0x143C90850	1	5	1	1	1	0	0	0	0
112518AB-C034-4E57-A17B-3A79798DB327	2981	Javelin::ClientMessages::CategoricalProgressionComponentServerFacet_DebugMaxTradeskills	0x143C90A10		5	0	0	0	0	0	0	0
6E24E240-DB36-447B-829A-FB5CDB69B292	4033	Javelin::ClientMessages::CategoricalProgressionComponentServerFacet_DebugMaxTerritoryStanding	0x143C90C80		5	0	0	0	0	0	0	0
8899CB2A-27FE-436E-938E-C3A05962B5A0	4034	Javelin::ClientMessages::CategoricalProgressionComponentServerFacet_DebugMaxWeaponMastery	0x143C91090		5	0	0	0	0	0	0	0
BF72FCAD-3A10-4F61-8C1C-6D3B3B5B3814	3344	Javelin::ClientMessages::CategoricalProgressionComponentServerFacet_DebugMaxFactionStanding	0x143C916A0		5	0	0	0	0	0	0	0
2EB80FC9-590A-4F21-98AA-1CC5C757324C	5297	Javelin::ClientMessages::CategoricalProgressionComponentServerFacet_DebugMaxAllFactionStanding	0x143C91770		5	0	0	0	0	0	0	0
30AC2A00-6AA8-4C24-8B92-7A21581BD793	2158	Javelin::ClientMessages::CategoricalProgressionComponentServerFacet_DebugMaxRepairParts	0x143C91C10		5	0	0	0	0	0	0	0
DBCF184C-9DF0-4C1C-BA04-487A5355483F	4035	Javelin::ClientMessages::CategoricalProgressionComponentServerFacet_DebugMaxAllProgression	0x143C91DD0		5	0	0	0	0	0	0	0
B86250EF-3426-42D1-860D-E15E27570AC8	5370	Javelin::ClientMessages::CategoricalProgressionComponentServerFacet_DebugClearProgression	0x143C91F10	1	5	1	0	1	0	0	0	0
5C4D6F95-CBE6-4A86-B2CD-CC6BFDF0EBEC	6952	Javelin::ClientMessages::CategoricalProgressionComponentServerFacet_DebugMaxOrClearAffinityProgressions	0x143C92640	1	5	1	0	0	0	0	1	0
27D22A1E-BC9B-480D-925E-92567C073558	6080	Javelin::ClientMessages::CategoricalProgressionComponentServerFacet_DebugWritePersistenceToFile	0x143C92E30	2	14	2	0	0	0	0	1	1
8D313816-4431-4D5B-A1C8-FC8BEC991613	2855	Javelin::ClientMessages::ProgressionComponentServerFacet_Debug_ModifyExp	0x143CCCFC0	1	5	1	0	1	0	0	1	0
0E6EF1CD-C1BF-4858-B851-6D044B04D2FA	3342	Javelin::ClientMessages::ProgressionComponentServerFacet_Debug_SetPlayerLevel	0x143CCD300	1	5	1	0	1	0	0	0	0
5BBD613B-2C0C-45BF-9E70-E9F8DE334541	4037	Javelin::ClientMessages::ProgressionComponentServerFacet_Debug_ClearExperience	0x143CCD4E0		5	0	0	0	0	0	0	0
1644D91D-570E-4A84-88F3-9E48274EEE54	392	Javelin::ClientMessages::ProgressionComponentServerFacet_Debug_ClearRestedExp	0x143CCD950		5	0	0	0	0	0	0	0
7E30B6E4-9E02-4914-92BA-913D12DA54CD	1047	Javelin::ClientMessages::ProgressionComponentServerFacet_ComputeRestedExp	0x143CCDAD0		5	0	0	0	0	0	0	0
429BAECB-D80D-4A56-B8DE-FF9F0075A999	33	Javelin::ClientMessages::ProgressionPointComponentServerFacet_DebugRefundAllPoolPoints	0x143CC8170	1	5	1	0	1	0	0	0	0
B692D3F1-1D6C-4A02-9B11-02E88C356F7C	1490	Javelin::ClientMessages::ProgressionPointComponentServerFacet_DebugAddPoolPoints	0x143CC85F0	1	5	1	0	2	0	0	0	0
3E4D687D-F78E-4D38-B863-5E70D7366B75	3520	Javelin::ClientMessages::ProgressionPointComponentServerFacet_DebugAddPoints	0x143CC8880	1	6	2	0	2	0	0	0	0
6BB1741B-F31D-4DF9-BC0F-BB8688BEB01A	593	Javelin::ClientMessages::ProgressionPointComponentServerFacet_DebugAssignPoolPoints	0x143CC8C50	1	6	2	0	2	0	0	0	0
44CE1A0F-17B5-4C9A-A611-A3EA41A49B94	4038	Javelin::ClientMessages::ProgressionPointComponentServerFacet_DebugRefundPoints	0x143CC92D0	1	6	2	0	2	0	0	0	0
121CE2F5-B8A9-400E-887F-50A95653AE36	4039	Javelin::ClientMessages::ProgressionPointComponentServerFacet_DebugClearPointsAndPools	0x143CC9470	1	5	1	0	1	0	0	0	0
F7C03503-A706-45B4-9A59-E5F323A47E86	1914	Javelin::ClientMessages::ProgressionPointComponentServerFacet_RequestRefundPoints	0x143CC97F0	2	10	2	0	2	0	0	0	0
A7FC561A-C36F-44CC-96EB-803FE849FD99	1112	Javelin::ClientMessages::ProgressionPointComponentServerFacet_RequestAssignPoolPoints	0x143CC98C0	2	10	2	0	2	0	0	0	0
30BC9366-58FC-4D78-9DDC-7CB119BCA7AF	4040	Javelin::ClientMessages::ProgressionPointComponentServerFacet_RequestSpendTerritoryStandingPoint	0x143CC9DD0	2	6	1	0	1	0	0	0	0
D08B4FDF-1757-4FBD-89BC-A37F6B2DA399	6065	Javelin::ClientMessages::PlayerQuickCourseComponentClientFacet_OnQuickCourseEnded	0x143CC8430	1	5	1	0	1	0	0	0	0
BFD29758-57F8-40BA-B601-4CFDAC7DB317	6081	Javelin::ClientMessages::PlayerQuickCourseComponentClientFacet_OnSecondTimedQuickCourseAttempted	0x143CC86C0		5	0	0	0	0	0	0	0
DE6D758F-07E4-44EC-A1E8-2940B68A7263	6290	Javelin::ClientMessages::PlayerQuickCourseComponentClientFacet_OnTeleportRequestDeclined	0x143CC8A90		5	0	0	0	0	0	0	0
01DBC335-ABC3-41E8-A3E5-FD0003365C6D	6308	Javelin::ClientMessages::PlayerQuickCourseComponentServerFacet_ClientRequestTeleportToQuickCourseStart	0x143CC8F70		5	0	0	0	0	0	0	0
4DE26FF8-09ED-45B6-B842-2D4F3DAE5781	6309	Javelin::ClientMessages::PlayerQuickCourseComponentServerFacet_ClientCancelOrCompleteTeleportToQuickCourseStart	0x143CC93A0		5	0	0	0	0	0	0	0
B5AB3A1B-FE6D-4691-8D08-598D1135816E	6104	Javelin::ClientMessages::PlayerQuickCourseComponentServerFacet_DebugRequestForceProgression	0x143CC9720	1	5	1	0	1	0	0	0	0
B5BD2239-8B23-4ADB-92C2-555F9C953413	4041	Javelin::ClientMessages::RaidSetupComponentClientFacet_OnReceivedRaidIDs	0x143D080A0		6	0	0	0	0	0	0	0
D3B4CA8A-40FC-429E-BE3F-9D4ADC6A47E2	4055	Javelin::ClientMessages::RaidSetupComponentServerFacet_DEBUG_ClearLists	0x143D08260		5	0	0	0	0	0	0	0
1ABCE553-D622-4B98-8EE6-D5415D8BF344	4056	Javelin::ClientMessages::RaidSetupComponentServerFacet_DEBUG_SendInvites	0x143D08330		5	0	0	0	0	0	0	0
07D13364-5FDF-4F8C-ACB7-C29D7BC73564	1393	Javelin::ClientMessages::RaidSetupComponentServerFacet_DEBUG_GetRaidIDs	0x143D08560		5	0	0	0	0	0	0	0
BC490294-C3C2-41E0-8366-0406DC3262C3	5647	Javelin::ClientMessages::SeasonsRewardsComponentServerFacet_ActivitiesRequestNewCard	0x143D71860		5	0	0	0	0	0	0	0
04E0A9CC-FD1E-4877-8CBE-630BAD9EE35C	5645	Javelin::ClientMessages::SeasonsRewardsComponentServerFacet_ActivitiesRequestStampSquare	0x143D71930	2	11	1	0	1	0	0	1	0
76B7E51F-436E-4091-914A-2B6B10A1FAB3	5648	Javelin::ClientMessages::SeasonsRewardsComponentServerFacet_ActivitiesRequestReroll	0x143D71BE0		5	0	0	0	0	0	0	0
5BED0DAF-D89C-40B1-AA35-20F49A297BAC	5586	Javelin::ClientMessages::SeasonsRewardsComponentServerFacet_ActivitiesRequestNewCardDEBUG	0x143D71D00		5	0	0	0	0	0	0	0
004DE0DB-9555-42AC-9041-21803582FFA7	5587	Javelin::ClientMessages::SeasonsRewardsComponentServerFacet_ActivitiesRequestStampSquareDEBUG	0x143D71F40	1	5	1	0	0	0	0	1	0
B08CDEFB-CE8E-4835-91BB-A8F9FC0FB6AC	5630	Javelin::ClientMessages::SeasonsRewardsComponentServerFacet_ActivitiesRerollTasksDEBUG	0x143D72020		5	0	0	0	0	0	0	0
2DD1E667-09A5-41B6-B570-6A23A4D568C7	5707	Javelin::ClientMessages::SeasonsRewardsComponentServerFacet_ActivitiesRerollTasksForFreeDEBUG	0x143D720F0		5	0	0	0	0	0	0	0
618541DF-926F-4251-916A-6948EE575C0C	5668	Javelin::ClientMessages::SeasonsRewardsComponentServerFacet_ActivitiesResetPersistenceDEBUG	0x143D721C0		5	0	0	0	0	0	0	0
D2F3D4B7-E5B1-4BFC-B1A4-EE74D4477E67	6091	Javelin::ClientMessages::SeasonsRewardsComponentServerFacet_ActivitiesAddWildStampsDEBUG	0x143D722E0	1	5	1	0	1	0	0	0	0
51F8383E-997B-41D0-877A-603CEF0A3463	6092	Javelin::ClientMessages::SeasonsRewardsComponentServerFacet_ActivitiesResetWildStampsDEBUG	0x143D72520		5	0	0	0	0	0	0	0
B85440A1-8C37-4406-BA7E-A3FAE15EAF19	6089	Javelin::ClientMessages::SeasonsRewardsComponentServerFacet_ActivitiesSetWildStampRolloverDEBUG	0x143D725F0		5	0	0	0	0	0	0	0
7234ED83-3F5F-443A-A9A2-64EBA3353C19	5686	Javelin::ClientMessages::SeasonsRewardsComponentClientFacet_OnActivitiesStampResponse	0x143D72710	1	5	1	0	1	0	0	0	0
E44E46C5-2257-4DCF-ACD4-D31624B0CDD2	5687	Javelin::ClientMessages::SeasonsRewardsComponentClientFacet_OnActivitiesNewCardResponse	0x143D72950	1	5	1	0	1	0	0	0	0
FF7CCC51-B644-4ED6-AE1E-E8E69EC0C330	5688	Javelin::ClientMessages::SeasonsRewardsComponentClientFacet_OnActivitiesRerollResponse	0x143D72A20	1	5	1	0	1	0	0	0	0
F2701FDE-0D67-4C99-9C65-8E52F77C6FD3	5708	Javelin::ClientMessages::SeasonsRewardsComponentClientFacet_OnLevelPurchased	0x143D8E9C0	1	5	1	0	1	0	0	0	0
87525898-92D9-4534-B5BF-D3DCBCD69561	5984	Javelin::ClientMessages::SeasonsRewardsComponentServerFacet_DEBUG_RequestAddSeasonsXP	0x143D8EA90		5	0	0	0	0	0	0	0
E0545A72-A073-4B79-8EA1-02E2131CA440	5611	Javelin::ClientMessages::SeasonsRewardsComponentServerFacet_RequestRedeemSeasonsReward	0x143D8F590	2	6	1	0	1	0	0	0	0
F322536D-6FA6-4A1B-B1C4-1A2FC56D9E50	5674	Javelin::ClientMessages::SeasonsRewardsComponentServerFacet_DEBUG_ResetAllTrackedStats	0x143D8F660		5	0	0	0	0	0	0	0
D0BFCE18-AE5D-4EA3-B96D-684A9D0F6C17	5704	Javelin::ClientMessages::SeasonsRewardsComponentServerFacet_DEBUG_RequestPurchaseLevel	0x143D8F8A0	1	5	1	0	1	0	0	0	0
56C47C32-8D79-4105-A01B-66F17950A2A6	5705	Javelin::ClientMessages::SeasonsRewardsComponentServerFacet_DEBUG_RequestBuyPremium	0x143D8FB00		5	0	0	0	0	0	0	0
7DB7DCDB-F654-43F7-9DD5-9A2D1750242A	5711	Javelin::ClientMessages::SeasonsRewardsComponentServerFacet_DEBUG_RequestUpdateAccountXp	0x143D90100		5	0	0	0	0	0	0	0
C430A839-7E90-4101-9CF2-279D3B396AF3	5724	Javelin::ClientMessages::SeasonsRewardsComponentServerFacet_DEBUG_ResetSeasonsPersistence	0x143D90280		5	0	0	0	0	0	0	0
420A7444-FF73-47F5-A5AC-707B833A1C65	5864	Javelin::ClientMessages::SeasonsRewardsComponentServerFacet_DEBUG_RequestSeasonsReport	0x143D90350		5	0	0	0	0	0	0	0
D12ECB8C-00C0-41C9-89BB-EAA0696BFDFD	5995	Javelin::ClientMessages::SeasonsRewardsComponentServerFacet_DEBUG_IMGUICrashEntitlementInit	0x143D90590		5	0	0	0	0	0	0	0
D96CBA82-692E-4080-A349-922005DFDB51	5994	Javelin::ClientMessages::SeasonsRewardsComponentServerFacet_DEBUG_IMGUICrashEntitlementConfirm	0x143D907D0		5	0	0	0	0	0	0	0
DF87C0AF-87B4-4CC3-A50C-DB51CD38FABC	5996	Javelin::ClientMessages::SeasonsRewardsComponentServerFacet_DEBUG_IMGUICrashTransactionPrepare	0x143D908A0		5	0	0	0	0	0	0	0
DA22D6AE-C4E4-4F8F-AF48-187366570B66	5997	Javelin::ClientMessages::SeasonsRewardsComponentServerFacet_DEBUG_IMGUICrashTransactionCommit	0x143D90970		5	0	0	0	0	0	0	0
54416E3D-4B3F-4A4C-A8B7-1893CF6B1B42	6023	Javelin::ClientMessages::SeasonsRewardsComponentServerFacet_DEBUG_IMGUIAlwaysAbortTransaction	0x143D90A40	1	5	1	0	0	0	0	1	0
FDD9C20C-2D58-4277-AC1D-B161EC518A89	6050	Javelin::ClientMessages::SeasonsRewardsComponentServerFacet_DEBUG_IMGUICrashPrepareSocialBroker	0x143D90C80	1	5	1	0	0	0	0	1	0
242F57A2-AB9B-499B-9CF3-7B0A2F552037	6047	Javelin::ClientMessages::SeasonsRewardsComponentServerFacet_DEBUG_IMGUICrashCommitSocialBroker	0x143D90D50	1	5	1	0	0	0	0	1	0
3EE551E4-23CC-4724-963C-4E70E355A99D	6320	Javelin::ClientMessages::SeasonsRewardsComponentServerFacet_DEBUG_IMGUISetEscrowBit	0x143D90E20	1	5	1	0	2	0	0	0	0
CBD09862-AB2F-4205-B935-891FF74F9053	5714	Javelin::ClientMessages::SeasonsRewardsComponentClientFacet_DEBUG_OnRequestUpdateAccountXp	0x143D91060	1	5	1	0	1	0	0	0	0
81FBE4C5-10EE-45F0-B64E-2FDB0322C2C9	6669	Javelin::ClientMessages::SeasonsRewardsComponentServerFacet_DEBUG_RequestResetFirstCharacterConnectTime	0x143D91130	1	5	1	0	0	0	0	1	0
D701BC1C-E895-41F0-982A-C1BCE0469F55	5629	Javelin::ClientMessages::SeasonsRewardsComponentClientFacet_OnRedeemSeasonsRewardResponse	0x143D914B0	1	6	2	0	2	0	0	0	0
BBA46B53-0E4D-4833-9037-08D35FAE08EC	5722	Javelin::ClientMessages::SeasonsRewardsComponentClientFacet_OnReceivedClearSeasonsResponse	0x143D91630	1	5	1	0	0	0	0	1	0
3B8985CF-4F73-4D05-8BDE-BA1656C79688	5869	Javelin::ClientMessages::SeasonsRewardsComponentClientFacet_OnReceivedSeasonsReport	0x143D91990	2	13	1	0	0	0	0	0	1
8000A304-AFB7-4DF0-9E63-7201FC15E758	5806	Javelin::ClientMessages::SeasonsRewardsComponentClientFacet_DEBUG_OnPremiumStatusChanged	0x143D91E70	1	5	1	0	0	0	0	1	0
CE8E1554-F799-4525-BB75-8E6AF1EBDE5C	5609	Javelin::ClientMessages::SeasonsRewardsComponentServerFacet_DEBUG_ResetJourneyTasks	0x143D945E0		5	0	0	0	0	0	0	0
B109DCAE-E9A2-4E07-AAF0-BD1267F46D3E	5672	Javelin::ClientMessages::SeasonsRewardsComponentServerFacet_DEBUG_FinishChapterTasks	0x143D946B0	1	5	1	0	1	0	0	0	0
FC797AE0-A03D-4F8F-A001-0A95C39977B5	5675	Javelin::ClientMessages::SeasonsRewardsComponentServerFacet_DEBUG_FinishJourneyTasks	0x143D8E0C0		5	0	0	0	0	0	0	0
B58033E9-2005-4ACC-B9F1-FA95CA8111EA	5631	Javelin::ClientMessages::SeasonsRewardsComponentServerFacet_DEBUG_AddTaskProgress	0x143D8E300	1	5	1	0	3	0	0	0	0
8582DC55-4342-40AE-993B-8EFFCA7CDA57	5703	Javelin::ClientMessages::SeasonsRewardsComponentServerFacet_DEBUG_AddAllTaskProgress	0x143D8E8E0	1	5	1	0	2	0	0	0	0
D01315EF-D3FE-44DC-B6FD-E63EF3483E72	3122	Javelin::ClientMessages::ServerTransferComponentServerFacet_RequestTransferCharacter	0x143DDF170	2	6	1	0	0	0	0	0	1
8F69A863-30A9-48BA-852D-DD14AF3D2EE7	1186	Javelin::ClientMessages::ServerTransferComponentClientFacet_OnTransferCharacterResponse	0x143DDF380	1	13	2	0	0	0	0	1	1
AD761F7C-58BB-45F0-BB2E-4E0CEFA0084F	4931	Javelin::ClientMessages::ServerTransferComponentServerFacet_ClientFinalizeCharacterTransfer	0x143DDF7A0		5	0	0	0	0	0	0	0
3390C5B1-9CF1-4219-963E-4EB9349435CB	5261	Javelin::ClientMessages::ServerTransferComponentServerFacet_DebugCheckTransferRequirementsOnServer	0x143DDF940	1	5	1	0	0	0	0	1	0
AB31D882-2AAA-4482-AF46-C09ADBF44625	5258	Javelin::ClientMessages::ServerTransferComponentClientFacet_DebugReceiveServerTransferRequirementErrors	0x143DDFAE0	2	14	1	0	1	0	0	0	1
01BB788D-5980-4F70-ACB8-FB7D43CAABB3	5262	Javelin::ClientMessages::ServerTransferComponentServerFacet_DebugCleanupCharacterForTransfer	0x143DDFFE0		5	0	0	0	0	0	0	0
D4EABAB2-DEE8-44B4-B8D6-42AC6B6A36A6	6815	Javelin::ClientMessages::ServerTransferComponentServerFacet_DebugClearTransferCooldownByCharacterId	0x143DE03D0		5	0	0	0	0	0	0	0
2AFEFA16-F6BE-4CAC-ADC3-5213C6C71F58	6816	Javelin::ClientMessages::ServerTransferComponentServerFacet_DebugClearTransferCooldownByPersonaId	0x143DE0A20		5	0	0	0	0	0	0	0
F1723EF1-902F-42BE-9A46-5BDECE020C41	4062	Javelin::ClientMessages::CapturePointComponentClientFacet_OnSiegeBegan	0x143DDF870		5	0	0	0	0	0	0	0
859B47DA-A83C-407E-957A-D0FB086B4A1B	4063	Javelin::ClientMessages::CapturePointComponentClientFacet_OnSiegeEnded	0x143DDFA10		5	0	0	0	0	0	0	0
8FAC9885-664B-4A6E-979D-458D0E014B3F	3952	Javelin::ClientMessages::CapturePointComponentServerFacet_DEBUG_Unlock	0x143DDFC80		5	0	0	0	0	0	0	0
4084DC35-B02F-40E9-BBC1-DA45544C5E03	5836	Javelin::ClientMessages::CapturePointComponentServerFacet_DEBUG_SetCapturePointFlag	0x143DE0160	1	5	1	0	1	0	0	1	0
D325D8C9-122B-4DE6-8F2A-ACFD286F3D53	1411	Javelin::ClientMessages::CapturePointComponentServerFacet_DEBUG_CaptureForAttackers	0x143DE0690		5	0	0	0	0	0	0	0
39C4470E-55A9-425C-83CB-8E84EACE50A4	3704	Javelin::ClientMessages::CapturePointComponentServerFacet_DEBUG_CaptureForDefenders	0x143DE0DD0		5	0	0	0	0	0	0	0
440CB936-F47E-4C4C-B64A-1B427ACA933F	3811	Javelin::ClientMessages::CapturePointComponentServerFacet_DEBUG_CaptureForFaction1	0x143DE1120		5	0	0	0	0	0	0	0
603AAA9C-0534-4CE8-8AA4-B3852ADE25FD	4064	Javelin::ClientMessages::CapturePointComponentServerFacet_DEBUG_CaptureForFaction2	0x143DE12A0		5	0	0	0	0	0	0	0
4A402823-829D-400F-9CED-6C7FA03915D4	4065	Javelin::ClientMessages::CapturePointComponentServerFacet_DEBUG_CaptureForFaction3	0x143DE14D0		5	0	0	0	0	0	0	0
543064A1-C031-482B-9393-EED696639704	4069	Javelin::ClientMessages::DestroyOnSiegeWarfareComponentServerFacet_DEBUG_TestOnSiegeBegan	0x143E05860		5	0	0	0	0	0	0	0
0DE9D9A0-D8E5-4539-9B6C-A7991A732DD3	4070	Javelin::ClientMessages::DestroyOnSiegeWarfareComponentServerFacet_DEBUG_TestOnSiegeEnded	0x143E05A50		5	0	0	0	0	0	0	0
ECAD8FF5-7CC7-4F9B-9FF1-2529C35CAF03	4090	Javelin::ClientMessages::SiegeWarfareComponentServerFacet_DEBUG_SetFortSpawnSettlementProgressionCategoryOverride	0x143E1BFF0	1	5	1	0	1	0	0	0	0
DD5EFA87-FE0C-4BEA-8528-B033ED76CFDB	1230	Javelin::ClientMessages::SiegeWarfareComponentServerFacet_DEBUG_ResetFortSpawn	0x143E1C1E0		5	0	0	0	0	0	0	0
848F2B88-9635-4CDA-9005-8680213AEF76	4091	Javelin::ClientMessages::SiegeWarfareComponentServerFacet_DEBUG_SetFortSpawnVulnerability	0x143E1C2B0	1	5	1	0	0	0	0	1	0
6B45E173-4BCA-4D84-B9A1-B94E902765A6	620	Javelin::ClientMessages::SiegeWarfareVulnerableComponentServerFacet_DEBUG_TestOnSiegeBegan	0x143E34770		5	0	0	0	0	0	0	0
7B28055F-ED23-4BD6-9584-CDDDF01D2D64	4105	Javelin::ClientMessages::SiegeWarfareVulnerableComponentServerFacet_DEBUG_TestOnSiegeEnded	0x143E34840		5	0	0	0	0	0	0	0
533A61D2-87DF-4BD9-B904-D2F8455426FA	293	Javelin::ClientMessages::ChatComponentClientFacet_ReceiveBatchedChatMessages	0x143E5E5A0		6	0	0	0	0	0	0	0
A76636EE-B3D3-4EF0-B6D9-28509CFE0346	4118	Javelin::ClientMessages::ChatComponentClientFacet_ReceiveChatMessage	0x143E5E820	3	15	1	0	0	0	0	0	1
BDBC5D31-9836-4999-A7E5-117C5DC8B807	1886	Javelin::ClientMessages::ChatComponentClientFacet_ReceiveLocalizedSystemChatMessage	0x143E5ED30	2	27	2	0	1	0	0	0	2
F79D563A-CCBB-496C-8663-FE2A4195EC48	1866	Javelin::ClientMessages::ChatComponentClientFacet_OnChatMuteSet	0x143E5EFC0	2	16	3	0	1	0	0	1	1
7C7ABB09-735D-4454-BB74-DD26A4D3DDBC	1629	Javelin::ClientMessages::ChatComponentClientFacet_OnChatMuteCleared	0x143E5F630	2	16	3	0	1	0	0	1	1
4B8FF2A2-0B01-4A13-9808-8EAE117AD2D9	85	Javelin::ClientMessages::ChatComponentServerFacet_AddSubscription	0x143E5FEC0	1	5	1	0	1	0	0	0	0
517E8EEE-7D8F-4B26-82CE-EE5A45028CB9	4119	Javelin::ClientMessages::ChatComponentServerFacet_AddSubscriptions	0x143E603B0		5	0	0	0	0	0	0	0
76CAE429-C81B-4306-9A55-A03DF6D58126	4120	Javelin::ClientMessages::ChatComponentServerFacet_RemoveSubscription	0x143E60540	1	5	1	0	1	0	0	0	0
253BA1AC-62CB-4FDC-BE39-64EFAE9DEC57	1291	Javelin::ClientMessages::ChatComponentServerFacet_SendChatMessage	0x143E60A10	1	21	5	6	2	0	0	0	3
AEFCED9B-18E0-4D3D-A252-3CBA623B4AE0	1623	Javelin::ClientMessages::ChatComponentServerFacet_SetGmPermissions	0x143E60DA0		5	0	0	0	0	0	0	0
0E3B08D5-D96E-413C-9FEF-D75805B9569F	4121	Javelin::ClientMessages::ChatComponentServerFacet_ClearGmPermissions	0x143E610C0		5	0	0	0	0	0	0	0
CAA36828-FCBF-4781-BB56-6C4D427D0F90	1015	Javelin::ClientMessages::ChatComponentServerFacet_RequestSetChatMute	0x143E612F0	2	7	2	0	0	0	0	1	1
B7B3058B-F66D-4C97-B6D3-1BDF477FD7A5	4124	Javelin::ClientMessages::ChatComponentServerFacet_RequestClearChatMuteFromClient	0x143E618B0	2	7	2	0	0	0	0	1	1
E3262DD9-73FA-4895-A567-1C1637574323	4125	Javelin::ClientMessages::ChatComponentServerFacet_SetProfanityFilterEnabled	0x143E61B10	1	5	1	0	0	0	0	1	0
C244A8BA-60E1-405E-AF25-1EB4148FFED1	4126	Javelin::ClientMessages::ChatComponentServerFacet_SetLanguageEnum	0x143E61F40	1	14	1	0	1	0	0	0	0
39D004E1-6B42-40A5-B05F-BD974D487EEC	4127	Javelin::ClientMessages::ChatComponentServerFacet_SendChatThrottlingCommand	0x143E5ABD0	1	5	1	0	0	0	0	1	0
D07C8999-8550-42D5-8BB1-578FDD7B091C	4129	Javelin::ClientMessages::ChatComponentServerFacet_SendChatErrorMessage	0x143E5B0A0	2	6	1	0	0	0	0	0	1
E0AD49AA-479B-4001-B848-A641CE6A186B	3359	Javelin::ClientMessages::ChatComponentServerFacet_SendChatErrorMessageToOther	0x143E5B3E0	2	14	1	0	0	0	0	0	1
553D5DFD-098F-45E2-8752-5C07D28F5196	5862	Javelin::ClientMessages::ChatComponentServerFacet_DebugRequestCrossWorldChatSubscriptions	0x143E5B5E0		5	0	0	0	0	0	0	0
FED71ECA-4635-45E7-87B0-450AB0B00BF9	5863	Javelin::ClientMessages::ChatComponentClientFacet_OnCrossWorldChatSubscriptionsResponse	0x143E5BB80	2	12	1	0	0	0	0	0	1
D2D7892C-A8B2-42D0-96D2-8D1B4532D79B	6527	Javelin::ClientMessages::ChatComponentServerFacet_SetCrossplayCommunicationEnabled	0x143E5C040	1	14	1	0	1	0	0	0	0
B1794698-4E43-4968-A9EA-C5E0A83E12A7	3405	Javelin::ClientMessages::SocialComponentClientFacet_ReceiveDebugTitles	0x143EA41A0	2	11	1	0	0	0	0	0	1
6AAAC15E-AB42-4BBF-AE49-AAF2EDD13816	4132	Javelin::ClientMessages::SocialComponentClientFacet_OnErrorMessage	0x143EA4E70	2	13	2	0	1	0	0	0	1
DDE05221-B8DC-4A69-B310-75D6BB3D1A28	4133	Javelin::ClientMessages::SocialComponentClientFacet_OnPlayerNameChange	0x143EA5FE0	2	16	1	0	0	0	0	0	1
C050757A-E05F-4A4C-B1AE-4AD090BDD3C9	4128	Javelin::ClientMessages::SocialComponentClientFacet_OnPlayerOnlineStateChange	0x143EA6C00	3	13	1	0	0	0	0	0	1
2F33F894-ABB3-4DD2-83EA-43E39D688BD3	4134	Javelin::ClientMessages::SocialComponentClientFacet_OnWaveTimedOut	0x143EA7490	1	13	2	0	0	0	0	1	1
6B4DE8C9-BD05-4384-8621-71B897A2CC99	4135	Javelin::ClientMessages::SocialComponentClientFacet_OnAlignmentUpdate	0x143EA7CA0	3	14	1	0	0	0	0	0	1
2B797573-3C01-4134-9061-DAE9FCF713B2	4136	Javelin::ClientMessages::SocialComponentClientFacet_OnWaveRequestReceived	0x143EA86A0	3	14	1	0	0	0	0	0	1
43F3CE17-7240-4F6A-B834-EA8DEADCA080	4137	Javelin::ClientMessages::SocialComponentClientFacet_OnWaveRequestSent	0x143EA9B40	3	13	1	0	0	0	0	0	1
4D05B683-08E2-402B-96C2-92A984E5B3E0	4138	Javelin::ClientMessages::SocialComponentClientFacet_OnFriendInviteRejected	0x143EAA6F0	3	13	1	0	0	0	0	0	1
0F849CF5-9282-4394-887C-69BB938E08CA	1854	Javelin::ClientMessages::SocialComponentClientFacet_OnBuildableAttacked	0x143EAAD80	2	28	6	2	1	4	0	3	1
0A51B840-F76A-4A59-8B99-A824C2A9B3B9	3861	Javelin::ClientMessages::SocialComponentClientFacet_OnEnemyLandClaimDestroyed	0x143EAB4C0	2	15	4	3	0	0	0	1	1
A595F7A9-94CA-4A0F-8ECF-5A9211AC418B	2803	Javelin::ClientMessages::SocialComponentClientFacet_OnLockedLandClaimTaken	0x143EAC180	2	15	4	3	0	0	0	1	1
3B8B582A-771F-4BF3-AFC5-6DED0EAB27BB	275	Javelin::ClientMessages::SocialComponentClientFacet_OnLandClaimAttacked	0x143EAC940	2	27	5	3	1	1	0	3	1
E634F169-4BF3-4F79-AC92-013ADB1D5398	1044	Javelin::ClientMessages::SocialComponentClientFacet_OnCampAttacked	0x143EAD4B0	1	17	6	2	0	8	0	1	1
822FF007-781C-450D-9885-E97D8A27405C	941	Javelin::ClientMessages::SocialComponentClientFacet_OnWarDeclarationFailed	0x143EADC50	2	6	1	1	0	1	0	2	0
84990EE6-2C7A-4DC1-A498-7F123C271475	4139	Javelin::ClientMessages::SocialComponentClientFacet_OnWarRequestErrorMessage	0x143EAE5A0	1	5	1	1	1	0	0	1	0
CD1F2FC3-B4C8-45AF-B512-0DCD16DED45C	1737	Javelin::ClientMessages::SocialComponentClientFacet_OnWarRequestPending	0x143EAF300	1	5	1	1	0	0	0	1	0
F722BAA2-61FA-4E3E-9881-C8091DC24E35	193	Javelin::ClientMessages::SocialComponentClientFacet_OnWarRequestSuccessful	0x143EAFA30	1	5	1	0	0	0	0	1	0
3AF0DED3-7E21-4EA8-8446-6583F2E2FCDB	6519	Javelin::ClientMessages::SocialComponentClientFacet_SocialPhasingFailedToPvpFlag	0x143EB0130		5	0	0	0	0	0	0	0
6DD699BA-ECD9-42F0-BBBD-AA459A1BE34B	6689	Javelin::ClientMessages::SocialComponentClientFacet_SocialPhasingEnterSectorFailedRetry	0x143EB0770		6	0	0	0	0	0	0	0
7E798134-BF03-46C2-9743-CFDC815ED7E2	4140	Javelin::ClientMessages::SocialComponentClientFacet_PlayerDataResponse	0x143EB12F0	1	29	2	0	1	0	0	3	1
C616E94C-2E60-471E-AD99-B89427CB4E0E	4141	Javelin::ClientMessages::SocialComponentClientFacet_LandClaimScoreDataForGuildResponse	0x143EB1920	1	7	2	0	0	0	0	3	0
B99AC8F5-7ADC-4176-8160-161751B43D69	6453	Javelin::ClientMessages::SocialComponentClientFacet_PlayersPhaseIdResponse	0x143EB23A0	1	19	2	0	0	0	0	1	1
7B63975F-A86F-4B2C-A4D3-8518DFEBCB42	6675	Javelin::ClientMessages::SocialComponentClientFacet_PlayersPhaseDataResponse	0x143EB30C0	2	20	2	0	1	0	0	0	1
1099F8B8-88C7-4B73-8759-E455A6E3441F	6641	Javelin::ClientMessages::SocialComponentClientFacet_DebugOnPrivacySettingsUpdate	0x143EB3C50	2	14	1	0	1	0	0	0	1
7D4125BC-13A0-46C5-B373-B2AD27EF560F	6642	Javelin::ClientMessages::SocialComponentClientFacet_DebugOnReceiveServerPrivacySettings	0x143EB43A0	1	15	2	0	5	0	0	0	0
5D87AA99-1815-4D49-845B-BB29D1607887	4142	Javelin::ClientMessages::SocialComponentServerFacet_RequestStreamerModeDataSync	0x143EB4CF0	1	5	1	0	0	0	0	1	0
9FF57F0B-9AE9-4A69-9EBF-1BAB649EE271	6444	Javelin::ClientMessages::SocialComponentServerFacet_RequestCrossplayPermissionsDataSync	0x143EB5F50	2	9	1	0	2	0	0	2	0
E61B0D2C-2221-4726-A726-28B5DA849B6B	1926	Javelin::ClientMessages::SocialComponentClientFacet_OnRequestFailed	0x143EB63B0	1	5	1	0	1	0	0	1	0
1BE89C7F-01D3-4965-8DDB-50EF9F8B9DDE	2474	Javelin::ClientMessages::SocialComponentServerFacet_RequestSetTitle	0x143EB6B40	1	5	1	0	1	0	0	0	0
81EAD9F2-4838-490C-BD12-E9D78B98075F	4143	Javelin::ClientMessages::SocialComponentServerFacet_SendAvailableTitlesToClient	0x143EB8180		5	0	0	0	0	0	0	0
8A4582D0-740E-421B-B992-446EE0C137B8	4722	Javelin::ClientMessages::SocialComponentServerFacet_SendDebugTitlesToClient	0x143EB8C20		5	0	0	0	0	0	0	0
3E2F310F-9DFE-40AA-817B-59D309881639	4144	Javelin::ClientMessages::SocialComponentServerFacet_ClearNewTitles	0x143EB9270		5	0	0	0	0	0	0	0
91085A50-C02A-4FCF-BEEC-E8FC7F90EA3F	4146	Javelin::ClientMessages::SocialComponentClientFacet_OnTitleUnlock	0x143EBA250	1	5	1	0	1	0	0	0	0
8D5F79C8-DEA0-42C7-A62D-B75EED6B216C	3585	Javelin::ClientMessages::SocialComponentClientFacet_OnTitlesUnlock	0x143EA05A0	2	11	1	0	0	0	0	0	1
A7169085-F537-4D03-97C5-1256E5B00052	962	Javelin::ClientMessages::SocialComponentClientFacet_OnCurrentTitleExpired	0x143EA0EF0	1	5	1	0	1	0	0	0	0
8FA38DAE-941A-4FA2-99D8-40820F27871E	4147	Javelin::ClientMessages::SocialComponentClientFacet_ReceiveAvailableTitles	0x143EA1A20	2	11	1	0	0	0	0	0	1
B4C84C75-E4E8-4A93-B262-4CD764E7A8F6	6388	Javelin::ClientMessages::SocialComponentClientFacet_RequestJoinCharacterPhaseResponse	0x143EA1EF0	1	19	2	0	1	0	0	0	1
BC8B0EB7-5807-4E1C-BBC0-0B09B0BEBEC5	6680	Javelin::ClientMessages::SocialComponentClientFacet_ChangePhaseWarningMessage	0x143EA27A0		5	0	0	0	0	0	0	0
2DC9E02C-87DE-4906-9555-0199387F9691	6564	Javelin::ClientMessages::SocialComponentClientFacet_OnPhaseInviteAcceptedResponse	0x143EA36A0	4	18	1	0	0	0	0	0	1
7E7CAFE8-640D-4316-9133-C10B3702F7E4	6506	Javelin::ClientMessages::SocialComponentClientFacet_PrimaryGridPhaseShuttingDown	0x143EA3DE0		5	0	0	0	0	0	0	0
307630E1-410A-4267-A88E-871EB729A16F	6398	Javelin::ClientMessages::SocialComponentClientFacet_DebugReceivePhaseSelectionResult	0x143EA42E0	2	16	2	0	1	0	0	2	1
C29CBCC1-9F81-44A3-BE72-23D65922195F	3211	Javelin::ClientMessages::SocialComponentServerFacet_DebugUnlockTitle	0x143EA59D0	1	5	1	0	1	0	0	0	0
4A206206-B388-46EE-9788-8617AA5BE558	4148	Javelin::ClientMessages::SocialComponentServerFacet_DebugLockTitle	0x143EA6720	1	5	1	0	1	0	0	0	0
1E336DE0-3C61-4940-A163-577D87541456	4149	Javelin::ClientMessages::SocialComponentServerFacet_DebugLockAllDebugTitles	0x143EA6E50		5	0	0	0	0	0	0	0
C7A6D922-2027-4ACD-924A-7E3497006D14	6643	Javelin::ClientMessages::SocialComponentServerFacet_GetServerVpcValues	0x143EA7810		5	0	0	0	0	0	0	0
DB8B0D9C-4B86-4561-A79E-01D0105DD65E	6640	Javelin::ClientMessages::SocialComponentServerFacet_DebugRequestServerVpcRefresh	0x143EA80A0		5	0	0	0	0	0	0	0
CAF5D1B0-F5CE-4896-B972-2559E54D1906	6626	Javelin::ClientMessages::SocialComponentServerFacet_DebugSetP2PCommunicationRestriction	0x143EA8EB0	1	5	1	0	1	0	0	0	0
2BB64231-AD62-4056-B206-86FC72206576	6627	Javelin::ClientMessages::SocialComponentServerFacet_DebugSetGroupCommunicationRestriction	0x143EAA170	1	5	1	0	1	0	0	0	0
43504184-0D9A-48AA-8FA2-90122CE5F098	6624	Javelin::ClientMessages::SocialComponentServerFacet_DebugSetViewPresenceRestriction	0x143EAA940	1	5	1	0	1	0	0	0	0
A54D12D0-33D7-491A-AEF0-07B4B8548015	6628	Javelin::ClientMessages::SocialComponentServerFacet_DebugSetVoiceCommunicationRestriction	0x143EAB200	1	5	1	0	1	0	0	0	0
68449FC4-791C-4BC2-BD69-E907EB9B22A7	6629	Javelin::ClientMessages::SocialComponentServerFacet_DebugSetFriendInviteRestriction	0x143EAB830	1	5	1	0	1	0	0	0	0
A8DD68AE-D196-418E-929F-480D511A213A	4150	Javelin::ClientMessages::SocialComponentServerFacet_RequestGetPlayers	0x143EAC460	1	7	1	0	0	0	0	1	0
494AC7FA-542E-481E-977C-786E81597EBB	6516	Javelin::ClientMessages::SocialComponentServerFacet_RequestGetPlayersByAccountId	0x143EACB80	1	11	3	0	0	0	0	1	2
31D1A68E-5C94-47C7-A694-45BC4B977433	1185	Javelin::ClientMessages::SocialComponentServerFacet_RequestSearchPlayers	0x143EAD8C0	1	17	2	0	1	0	0	1	1
E89A98D2-9078-4C65-9226-A4D38E9A5CDD	4153	Javelin::ClientMessages::SocialComponentServerFacet_RequestLandClaimScoreDataForGuild	0x143EAE040	1	5	1	0	0	0	0	2	0
76DF8A18-01BA-4A24-8B92-8E475B77ADDB	6454	Javelin::ClientMessages::SocialComponentServerFacet_RequestPlayerPhaseId	0x143EAEA90	2	7	2	0	0	0	0	1	1
F2BDF51E-89D0-40FD-B52A-CE5A8DEB8BEB	1600	Javelin::ClientMessages::SocialComponentServerFacet_RequestReportPlayer	0x143EAF6A0		5	0	0	0	0	0	0	0
50B2C326-AA7E-4CBC-ADE6-1E1E4AAC9A61	4155	Javelin::ClientMessages::SocialComponentServerFacet_RequestWave	0x143EAFBC0	1	11	3	0	0	0	0	1	2
86EEE359-37BC-4BF1-9841-D78AD80E9AAB	2507	Javelin::ClientMessages::SocialComponentServerFacet_RequestSetChattingState	0x143EB0420	1	14	1	0	1	0	0	0	0
82AA0C42-D074-45D5-BD83-10CD3DB3283E	6533	Javelin::ClientMessages::SocialComponentServerFacet_RequestFriendStatusChangeFromClient	0x143EB0DB0		5	0	0	0	0	0	0	0
4A58D14D-D92B-403D-8BFF-AE753F661094	4158	Javelin::ClientMessages::SocialComponentServerFacet_RequestRemoveAllFriends	0x143EB1630	1	5	1	0	0	0	0	1	0
0DE1804A-FC0D-4500-89B9-9BF45BFE12FC	4159	Javelin::ClientMessages::SocialComponentServerFacet_RequestRemoveAllFriendInvites	0x143EB1EE0	1	5	1	0	0	0	0	1	0
2909AC6C-0A6B-444D-9929-A26806060936	5543	Javelin::ClientMessages::SocialComponentServerFacet_DebugAcceptAllFriendInvites	0x143EB27F0		5	0	0	0	0	0	0	0
CCAF17B1-F648-409B-8617-AC6AB589A796	2920	Javelin::ClientMessages::SocialComponentServerFacet_RequestDeclareWar	0x143EB3530	1	9	2	1	0	1	0	2	0
B6022F13-6D68-489D-9518-845595C49077	2802	Javelin::ClientMessages::SocialComponentServerFacet_DebugDeclareWar	0x143EB4020	1	5	1	1	0	0	0	1	0
797C1E61-C4FE-4E47-9199-40321EBCE0B7	4160	Javelin::ClientMessages::SocialComponentServerFacet_DebugSelectWarDeclaration	0x143EB4A10	1	5	1	1	0	0	0	0	0
BC4C86C6-F983-4924-8CEE-43CD96744B04	1482	Javelin::ClientMessages::SocialComponentServerFacet_DebugDeclareInvasion	0x143EB55B0	1	5	1	1	0	0	0	1	0
6E84E1A0-6328-4058-90E2-A2B05D4CA873	1610	Javelin::ClientMessages::SocialComponentServerFacet_RequestEndWar	0x143EB6200	2	6	1	0	0	0	0	2	0
17BCC69F-6F37-4D9B-BEAE-7B65F3B26F28	4161	Javelin::ClientMessages::SocialComponentServerFacet_GmCancelWar	0x143EB6540	1	5	1	1	0	0	0	0	0
F302318A-3F16-497E-857F-BB86D0F07A87	2001	Javelin::ClientMessages::SocialComponentServerFacet_DebugFastForwardWar	0x143EB78B0	1	6	1	0	0	0	0	1	0
F7CA8515-0407-4E73-94E8-C88EA92AE4C0	4959	Javelin::ClientMessages::SocialComponentServerFacet_DebugSimulateMaintenanceModeForWars	0x143EB8590	1	5	1	0	0	0	0	1	0
019B25D0-A678-47F3-B51D-EFA158B93598	6248	Javelin::ClientMessages::SocialComponentServerFacet_DebugForceEndWar	0x143EB8DA0	1	5	1	0	0	0	0	1	0
5499FD3E-EB51-4611-9B3D-15B7137FCF23	2799	Javelin::ClientMessages::SocialComponentServerFacet_SetSocialBlock	0x143EB98E0	2	6	1	0	0	0	0	0	1
3FCF56EF-07C4-461D-9371-EF7A89F91AE1	2770	Javelin::ClientMessages::SocialComponentServerFacet_RequestClearSocialBlock	0x143EBA5C0	2	6	1	0	0	0	0	0	1
835E9686-CCB2-4D28-819A-A452DF448EFE	3412	Javelin::ClientMessages::SocialComponentServerFacet_ClearAllSocialBlocks	0x143EA07F0		5	0	0	0	0	0	0	0
40180530-B213-4A47-BE48-F921EB8DBA05	6565	Javelin::ClientMessages::SocialComponentServerFacet_OnBlocklistChanged	0x143EA1370		5	0	0	0	0	0	0	0
9E512B0C-BEE2-4054-A2F8-88F89BB52A47	6884	Javelin::ClientMessages::SocialComponentServerFacet_RequestKickPlayerForBannedLocation	0x143EA1C60		5	0	0	0	0	0	0	0
20A255B8-237F-4603-AC88-84148529140B	6386	Javelin::ClientMessages::SocialComponentServerFacet_JoinCharacterPhase	0x143EA24D0	2	6	1	0	0	0	0	0	1
AD5CFD8E-532B-484D-9493-259523D33D3C	6513	Javelin::ClientMessages::SocialComponentServerFacet_DebugReassignPhasePvPEnabled	0x143EA2D80		5	0	0	0	0	0	0	0
5A57FBCF-FFFA-4924-9772-F5CA324CBAC6	6545	Javelin::ClientMessages::SocialComponentServerFacet_DebugNotifyEarlyRelocate	0x143EA3BE0		5	0	0	0	0	0	0	0
4086389E-7A5E-4E73-8B18-1ED8A0DE2EFA	4751	Javelin::ClientMessages::SocialComponentServerFacet_RequestSetPronounType	0x143EA4020		14	0	0	0	0	0	0	0
DE9AAA2D-EB90-4DE1-92D5-6B3A1FC90F08	6655	Javelin::ClientMessages::SocialComponentClientFacet_OnPlatformFriendOnlineStateChange	0x143EA4A20	3	13	1	0	0	0	0	0	1
970B44D9-D6B6-4CB5-A11B-6CE9054B29F0	6657	Javelin::ClientMessages::SocialComponentServerFacet_RequestAddPlatformFriendsToOnlineStateChangeListener	0x143EA5D00	3	11	2	0	0	0	0	0	2
51C773CA-EC41-4D50-81F5-453BA47EF79C	6658	Javelin::ClientMessages::SocialComponentServerFacet_DebugRequestPlatformFriendsList	0x143EA6AA0		5	0	0	0	0	0	0	0
976E8F38-C88A-44FE-B9F7-E2D2DBFC6A54	6659	Javelin::ClientMessages::SocialComponentClientFacet_OnDebugPlatformFriendsListResponse	0x143EA7260	1	15	1	0	0	0	0	0	1
A61D176D-981D-497D-8C06-30E7C9B8815B	6660	Javelin::ClientMessages::SocialComponentServerFacet_DebugRequestAddPlatformFriend	0x143EA7B00	3	13	1	0	0	0	0	0	1
018C5166-755D-41F1-ABC2-E7171E5D4D4F	6676	Javelin::ClientMessages::SocialComponentServerFacet_RequestPlayerPhaseData	0x143EA8500	2	7	2	0	0	0	0	1	1
A16F8C3F-EFD1-4F25-B8EB-39B0DA57E111	636	Javelin::ClientMessages::TwitchComponentClientFacet_ReceiveEnableSpotlightResponse	0x143F21F00	1	5	1	0	0	0	0	1	0
C3F73DD6-1160-4830-926D-82A902F9C465	4177	Javelin::ClientMessages::TwitchComponentClientFacet_ReceiveValidationResponse	0x143F22220	2	13	2	0	0	0	0	1	1
B18F5866-F8EE-4506-992D-8A847C1CE097	4178	Javelin::ClientMessages::TwitchComponentClientFacet_ReceiveJoinableSubArmies	0x143F22D20	1	21	3	0	2	0	0	0	2
3E07C623-A5A7-4C9A-94FA-5DF54582DAB2	2314	Javelin::ClientMessages::TwitchComponentClientFacet_ReceiveStartSubArmyResponse	0x143F22EE0	2	13	2	0	0	0	0	1	1
91604334-F1EA-4BBA-AEFC-34139B5225B9	4179	Javelin::ClientMessages::TwitchComponentClientFacet_ReceiveJoinSubArmyResponse	0x143F23360	1	13	2	0	1	0	0	0	1
C2EBCA3A-539A-4534-A31F-126BD5288FD2	4180	Javelin::ClientMessages::TwitchComponentClientFacet_ReceiveSubArmyJoinList	0x143F23A10	2	18	3	0	1	0	0	0	2
1DDCA512-C159-49F2-9E91-C577AD263576	673	Javelin::ClientMessages::TwitchComponentServerFacet_ToggleStreamerSpotlight	0x143F23DD0	1	5	1	0	0	0	0	1	0
536B6B95-9CE5-454B-92D2-A10801C76C10	135	Javelin::ClientMessages::TwitchComponentServerFacet_StartTwitchUserValidation	0x143F24000	2	6	1	0	0	0	0	0	1
D6ABD905-09CE-4C25-A46D-82932160A076	2785	Javelin::ClientMessages::TwitchComponentServerFacet_RevokeTwitchUserValidation	0x143F24660		5	0	0	0	0	0	0	0
A3A35C67-B53A-4E0F-A65A-8D5943CBF0C6	2776	Javelin::ClientMessages::TwitchComponentServerFacet_RequestJoinableSubArmies	0x143F24A90		5	0	0	0	0	0	0	0
6C489C21-3FFE-4861-B2AB-B6BF374ED1C6	4182	Javelin::ClientMessages::TwitchComponentServerFacet_StartSubArmy	0x143F25220	1	14	1	0	1	0	0	0	0
C676CF15-B0A4-404D-A7FD-E681841217B0	3375	Javelin::ClientMessages::TwitchComponentServerFacet_EndSubArmy	0x143F255A0		5	0	0	0	0	0	0	0
3B266778-6658-4965-9FE5-44D067E55827	4184	Javelin::ClientMessages::TwitchComponentServerFacet_RequestJoinSubArmy	0x143F259C0	2	6	1	0	0	0	0	0	1
13FD1113-C392-4347-970D-C5807A1510A9	4185	Javelin::ClientMessages::TwitchComponentServerFacet_RequestJoinList	0x143F25E50		5	0	0	0	0	0	0	0
0B216E1F-60D0-4C82-8200-38D533C9DEE9	3898	Javelin::ClientMessages::TwitchComponentServerFacet_UpdateJoinEntry	0x143F26690	1	15	2	0	1	0	0	0	1
BED79CBA-6931-41BA-ADE3-DB405D0996C2	3758	Javelin::ClientMessages::TwitchComponentServerFacet_SetOverrideGameId	0x143F26C60	1	5	1	0	0	0	0	1	0
52FE0F7D-752E-4D63-928A-A39D1FBC9600	2568	Javelin::ClientMessages::TwitchComponentServerFacet_SetOverrideUserId	0x143F27240	2	6	1	0	0	0	0	0	1
F62F9EFE-B32A-41FC-AE57-3ACA0ACCF8FF	3123	Javelin::ClientMessages::TwitchComponentServerFacet_SetStreamerTagByStringId	0x143F27850	3	13	1	0	0	0	0	0	1
C58323FE-0FB7-4BD9-A2D2-D9C120E19160	4194	Javelin::ClientMessages::TwitchComponentServerFacet_SetTwitchDropByStringIdIntValue	0x143F27C10	1	13	2	0	1	0	0	0	1
87F29AC1-7D12-4572-AD33-6BE4D2ED7C7A	1069	Javelin::ClientMessages::TwitchComponentServerFacet_SetTwitchDropByStringIdStringValue	0x143F28040	3	14	1	0	0	0	0	0	1
09FF1758-EBFD-4EFC-B133-DB18F814C973	4199	Javelin::ClientMessages::VoiceChatComponentClientFacet_OnVoiceChatServiceRegistered	0x143F21380	2	12	2	0	0	0	0	1	1
EE1FECDE-0196-44A2-AC00-C666F31F3471	1604	Javelin::ClientMessages::VoiceChatComponentClientFacet_OnVoiceChatServiceUnregistered	0x143F21610		5	0	0	0	0	0	0	0
11BA002F-0E06-41AF-AA9E-1364C27969F4	3051		0x143F216E0	2	13	2	1	1	0	0	0	1
D4C9744C-E5D2-45D7-BC19-9309495F6282	405	Javelin::ClientMessages::VoiceChatComponentClientFacet_On3dChannelUrisReceived	0x143F219B0	2	23	2	0	0	0	0	0	2
BC702CC5-5184-4FC5-9233-B80AB0B8B635	4200	Javelin::ClientMessages::VoiceChatComponentClientFacet_On2dChannelUriReceived	0x143F21E30	3	14	1	0	0	0	0	0	1
D4076512-C2E3-44A5-8264-C47BA99AAEDB	655	Javelin::ClientMessages::VoiceChatComponentClientFacet_OnEchoChannelUriReceived	0x143F22170	3	13	1	0	0	0	0	0	1
1505D3B1-754A-45E8-8865-B3DAA4B4B7B2	1643	Javelin::ClientMessages::VoiceChatComponentServerFacet_RegisterVoiceChatService	0x143F22C90		5	0	0	0	0	0	0	0
4840A5EE-1240-40C7-8D51-9D246033CE7A	2077	Javelin::ClientMessages::VoiceChatComponentServerFacet_GenerateLoginAccessToken	0x143F22E50	1	5	1	1	0	0	0	0	0
D68C2870-6252-4B3D-AEDD-191BB7B96BCC	2934	Javelin::ClientMessages::VoiceChatComponentServerFacet_GenerateJoinAccessToken	0x143F23290	1	16	2	1	1	0	0	0	1
96C83CB4-1407-4AFD-B8DB-758A32A0957E	4203	Javelin::ClientMessages::VoiceChatComponentServerFacet_GenerateTranscriptionAccessToken	0x143F23950	1	6	2	1	0	0	0	0	1
EAB0D4ED-E281-4E17-B902-C980F07A902B	188	Javelin::ClientMessages::VoiceChatComponentServerFacet_SyncVoiceChatClientActivationState	0x143F23D40	1	5	1	0	0	0	0	1	0
283D0380-5BD3-4AAA-A85F-2A36E4F3A444	2805	Javelin::ClientMessages::VoiceChatComponentServerFacet_RequestWorldChannelUris	0x143F23F70		5	0	0	0	0	0	0	0
ECC08D65-DF76-4F7A-8E3B-25D6DCFCE9F8	4204	Javelin::ClientMessages::VoiceChatComponentServerFacet_RequestGroupChannelUri	0x143F245D0		5	0	0	0	0	0	0	0
DCF503E2-BBD3-4DBB-B0E0-71C9743C9B6F	1963	Javelin::ClientMessages::VoiceChatComponentServerFacet_RequestEchoChannelUri	0x143F24A00		5	0	0	0	0	0	0	0
285CC7F8-ED73-4F85-BCB6-40553B931C83	4205	Javelin::ClientMessages::VoiceChatComponentServerFacet_ReportError	0x143F25190	1	14	1	0	1	0	0	0	0
27FA06D8-B78C-4571-8953-2C694881D1ED	5891	Javelin::ClientMessages::WarDataComponentServerFacet_DebugScheduleInfluenceRaces	0x143F25B60		5	0	0	0	0	0	0	0
AE8D4428-7F9D-4DCD-81F1-538281DFB385	5896	Javelin::ClientMessages::WarDataComponentServerFacet_DebugScheduleInfluenceRace	0x143F25F20	1	5	1	1	0	0	0	0	0
C83DE2CE-CC8A-4DCD-99BB-92CAA318D469	5897	Javelin::ClientMessages::WarDataComponentServerFacet_DebugEndInfluenceRace	0x143F26780	1	5	1	1	0	0	0	0	0
64DED711-9323-4483-B036-E39E7156FDE0	5960	Javelin::ClientMessages::WarDataComponentServerFacet_DebugForceSyncInfluenceRaces	0x143F26D30		5	0	0	0	0	0	0	0
BA7C3986-4C6D-42F2-99B0-08C883827A8F	4208	Javelin::ClientMessages::JavSpectatorCameraComponentClientFacet_SetLocalCharacter	0x143F96A80	4	18	1	0	0	0	0	0	1
0D63A8D7-5131-4E35-A76C-DE0485518E82	3679	Javelin::ClientMessages::JavSpectatorCameraComponentClientFacet_SetState	0x143F96EC0	3	21	4	0	0	8	0	0	1
F4B25458-DC49-4F81-A007-C99B5B58BE7F	4209	Javelin::ClientMessages::JavSpectatorCameraComponentClientFacet_SetViewData	0x143F975B0	1	9	4	0	1	8	0	0	0
5F41A8AD-64B9-42BF-91F2-716350902824	4210	Javelin::ClientMessages::JavSpectatorCameraComponentClientFacet_SetDisplayedVitals	0x143F97830	2	7	2	0	0	5	0	0	0
FD7D96F8-CD25-48DC-B8F2-4D2139C12AC6	1334	Javelin::ClientMessages::JavSpectatorCameraComponentServerFacet_OnRequestClientStateInformation	0x143F97AE0	1	9	1	0	1	0	0	2	0
E871123B-C769-4D81-95F4-872904F498B7	4212	Javelin::ClientMessages::JavSpectatorCameraComponentServerFacet_SetInputData	0x143F97F50	3	7	1	0	0	3	0	0	0
1759CD92-7D7A-433F-B2B8-84C8F672D0A4	3329	Javelin::ClientMessages::JavSpectatorCameraComponentServerFacet_RequestTeleport	0x143F98140	1	5	1	0	0	2	0	0	0
DB2E8E63-B3F3-4F71-B04E-1B27C07C5F11	4213	Javelin::ClientMessages::JavSpectatorCameraComponentServerFacet_RestoreHotspot	0x143F984A0	1	19	4	0	0	7	0	0	1
1D2607E4-F816-4B56-83C8-300D6B3A64AB	2793	Javelin::ClientMessages::JavSpectatorCameraComponentServerFacet_SetCollisionEnabled	0x143F98CF0	1	5	1	0	0	0	0	1	0
39CA8BCA-2EE8-4104-B0E9-7C2A51B52FB4	4216	Javelin::IPositionReceiver::ReceivePlayerPositionClientMsg	0x143F98750	2	6	1	0	0	3	0	0	0
02F865F3-D50D-4FA8-91CA-F76ED167A8CD	4217	Javelin::IPositionReceiver::ReceivePlayerPositionWithCameraClientMsg	0x143F98D80	2	6	1	0	0	3	0	0	0
702F8589-BC11-47C9-8425-47A78B09E0B5	4122	Javelin::ClientMessages::SpectatedPlayerComponentServerFacet_SetIsPublic	0x143F9AFD0	1	5	1	0	0	0	0	1	0
7D05A6AA-EE11-4906-BF8B-1E2C2FE53962	417	Javelin::ClientMessages::SpectatorModeComponentClientFacet_IsSpectatorModePermittedReply	0x143FB4510	1	5	1	0	0	0	0	1	0
E32EF2E5-7C8B-4052-AE87-0146DD2BABAF	4219	Javelin::ClientMessages::SpectatorModeComponentClientFacet_IsCharacterSpectatableReply	0x143FB4AE0	1	5	1	0	0	0	0	1	0
EB476695-2BFA-408A-9885-E9EB8B587295	2093	Javelin::ClientMessages::SpectatorModeComponentClientFacet_GetSpectatablePlayerReply	0x143FB4E40		15	0	0	0	0	0	0	0
CDB85C6B-BDAC-4A55-8056-84302DF074B8	918	Javelin::ClientMessages::SpectatorModeComponentClientFacet_GetNextSpectatablePlayerReply	0x143FB5180		15	0	0	0	0	0	0	0
A7B4A367-B1D4-4340-AC21-A40274AD894D	4221	Javelin::ClientMessages::SpectatorModeComponentClientFacet_HasDevPermissionsReply	0x143FB54E0	1	5	1	0	0	0	0	1	0
CD45E2BD-0BA9-48E9-B99F-771DE6CD1478	4222	Javelin::ClientMessages::SpectatorModeComponentServerFacet_RequestEnterSpectatorModeMsg	0x143FB5880	3	7	1	0	0	0	0	0	1
49EDE1C5-389C-4CCB-8287-AF7CC7672298	1324	Javelin::ClientMessages::SpectatorModeComponentServerFacet_RequestChangeSpectatorModeStateMsg	0x143FB5AE0	3	7	1	0	0	0	0	0	1
8CCB5CCD-CF87-4212-8A2C-4DD0E1463AFE	1243	Javelin::ClientMessages::SpectatorModeComponentServerFacet_RequestExitSpectatorModeMsg	0x143FB5C90		5	0	0	0	0	0	0	0
B4CCA937-3466-48D0-8C8D-677BE9AFDDDB	91	Javelin::ClientMessages::SpectatorModeComponentServerFacet_RequestCycleFocusedPlayerMsg	0x143FB5D60	2	10	2	0	1	0	0	0	1
994E9055-54F2-4259-A7BC-29103F6C9A9E	2840	Javelin::ClientMessages::SpectatorModeComponentServerFacet_RequestIsSpectatorModePermitted	0x143FB6010	3	7	1	0	0	0	0	0	1
6EE8F8B3-58F8-4110-8FAF-C1810A284B99	3589	Javelin::ClientMessages::SpectatorModeComponentServerFacet_RequestIsCharacterSpectatable	0x143FB6110	2	6	1	0	0	0	0	0	1
26060F99-BB05-4F58-BB72-8ACAA5133A03	2743	Javelin::ClientMessages::SpectatorModeComponentServerFacet_RequestGetSpectatablePlayer	0x143FB6200		5	0	0	0	0	0	0	0
C2AC40F3-6067-48F2-8DAA-96D37D0B83F4	3449	Javelin::ClientMessages::SpectatorModeComponentServerFacet_RequestGetNextSpectatablePlayer	0x143FB62D0	2	10	2	0	1	0	0	0	1
61A2A4B4-BEBC-48D7-88C7-BC4479548B89	2706	Javelin::ClientMessages::SpectatorModeComponentServerFacet_RequestHasDevPermissions	0x143FB63C0		5	0	0	0	0	0	0	0
E5C3990D-88D4-43AE-97B3-670A9E207AC6	4224	Javelin::ClientMessages::SpectatorModeComponentServerFacet_RequestDevPermissions	0x143FB6670		5	0	0	0	0	0	0	0
7D15BC07-3E7C-4D46-AF05-CE5D4735367F	608	Javelin::ClientMessages::StatusEffectsComponentClientFacet_AdjustFXScripts	0x143FF7920	2	6	1	0	1	0	0	1	0
AEAF08A1-6E1B-43DD-A312-CE408C537CB8	3962	Javelin::ClientMessages::StatusEffectsComponentServerFacet_Debug_AddStatusEffects	0x143FF7C10	1	15	3	0	0	2	0	1	2
58F7C543-3D53-48BA-8A15-FA7B1CC8CAFB	4231	Javelin::ClientMessages::StatusEffectsComponentServerFacet_Debug_RemoveStatusEffects	0x143FF8100	2	11	1	0	0	0	0	0	1
E550BEFA-14F1-431C-B097-20D6A8B4A21D	4024	Javelin::ClientMessages::StatusEffectsComponentServerFacet_Debug_RemoveStatusEffectStack	0x143FF83B0	2	6	1	0	1	0	0	1	0
7AF806E2-467E-4D58-94EB-4E20CDD68C95	5380	Javelin::ClientMessages::StatusEffectsComponentServerFacet_Debug_RemoveAllStatusEffects	0x143FF8490		5	0	0	0	0	0	0	0
6BFC93DE-BE77-4EB1-A1CC-FD61A088E1E5	5729	Javelin::ClientMessages::StatusEffectsComponentServerFacet_Debug_PauseStatusEffects	0x143FF8690	2	11	1	0	0	0	0	0	1
083B78C1-6BFC-44E8-A14C-2B5AB66F1310	5727	Javelin::ClientMessages::StatusEffectsComponentServerFacet_Debug_UnpauseStatusEffects	0x143FF8A30	2	11	1	0	0	0	0	0	1
1722829E-14E3-42F1-B7FD-CDC12EDFC9FE	5056	Javelin::ClientMessages::StatusEffectsComponentServerFacet_DEBUG_SetDebuggerOptions	0x143FF8B60	1	25	3	0	0	0	0	2	2
3453C575-AFBE-4285-BE5E-34CB7AE5F47A	5087	Javelin::ClientMessages::StatusEffectsComponentServerFacet_DEBUG_TrackReplicatedUpdateCounts	0x143FF8D10	1	5	1	0	0	0	0	1	0
35BBE7E7-5ABC-4B07-9B19-95F3BB06E968	5293	Javelin::ClientMessages::StatusEffectsComponentServerFacet_DEBUG_RequestSyncStatusEffects	0x143FF8DE0		5	0	0	0	0	0	0	0
7D4F3FC4-D5BC-4D36-9E71-730506D50555	5730	Javelin::ClientMessages::StatusEffectsComponentServerFacet_DEBUG_RequestSyncPausedStatusEffects	0x143FF9020		5	0	0	0	0	0	0	0
8074980B-8170-458E-96D4-8D3DD6734F77	5291	Javelin::ClientMessages::StatusEffectsComponentClientFacet_Debug_SyncStatusEffects	0x143FF92E0	1	20	1	0	1	0	0	0	1
8DB1BA41-899A-4E45-A172-C98A39AB8846	5731	Javelin::ClientMessages::StatusEffectsComponentClientFacet_Debug_SyncPausedStatusEffects	0x143FF9AC0	1	20	1	0	1	0	0	0	1
9B9EF0B3-8D2E-488D-9504-276FEF4B8FBE	5818	Javelin::ClientMessages::StatusEffectsComponentServerFacet_RequestTokenDebit	0x143FF9E50	2	6	1	0	0	0	0	0	1
304E136E-0EEB-4B44-8A24-878A03FEC2F8	6159	Javelin::ClientMessages::StatusEffectsComponentServerFacet_Debug_IgnorePvpHealingBalance	0x143FF9F40	1	5	1	0	0	0	0	1	0
CB24D747-0BD9-4E29-9FF8-7F4AEC28CFF8	6161	Javelin::ClientMessages::StatusEffectsComponentServerFacet_Debug_IgnorePvpStatusEffectBalance	0x143FFA220	1	5	1	0	0	0	0	1	0
F7F88499-D495-4F48-B115-048A42E9B200	5001	Javelin::ClientMessages::DetectionVolumeTeleportComponentClientFacet_SyncDebugData	0x14404D2C0	1	5	1	0	3	1	0	1	0
9CB965E0-8EC0-4D53-AFF2-DA211595524B	4239	Javelin::ClientMessages::TemporaryAffiliationComponentServerFacet_SetAffiliation	0x14404D000	1	5	1	0	2	0	0	0	0
C2D23CEC-A4F5-4207-90EA-A997443B0879	4240	Javelin::ClientMessages::TemporaryAffiliationComponentServerFacet_ClearAffiliation	0x14404D0D0	1	5	1	0	1	0	0	0	0
132DE332-3BC7-4C2F-A867-5093A3A9BF09	6723	Javelin::ClientMessages::PlayerTimeComponentServerFacet_Debug_SetPlayerAgeDuration	0x144071FB0		6	0	0	0	0	0	0	0
49A52E21-1EFC-4501-B58D-3D14E6B04236	4246	Javelin::ClientMessages::TimeComponentClientFacet_SyncTimeChange	0x1440713A0	2	7	2	0	6	7	0	0	0
DEEBDC36-DEA0-4852-84F6-A63ABEA5E8BA	4247	Javelin::ClientMessages::TimeComponentClientFacet_SyncDayPhase	0x1440716C0	1	5	1	0	1	0	0	0	0
32096077-F75C-4BF7-A444-EC738F237632	7036	Javelin::ClientMessages::TimeComponentClientFacet_SyncTimeAndPhase	0x1440718B0	1	7	3	0	7	7	0	0	0
5AFEA411-9BF6-4DBE-AF48-B8CB7EE0F6A3	4248	Javelin::ClientMessages::TimeComponentServerFacet_SyncToClient	0x144071AE0		5	0	0	0	0	0	0	0
7556B933-3363-4353-9660-01D5A005CAD1	4249	Javelin::ClientMessages::CampingComponentClientFacet_CampReconnectFailure	0x1440A8DC0	1	5	1	0	0	0	0	1	0
FB3E2E88-0542-431D-9CB4-B832844A972A	6760	Javelin::ClientMessages::CampingComponentClientFacet_DemolishCamp	0x1440A8F60		5	0	0	0	0	0	0	0
A8D6343B-C580-43D0-89E1-6B1E6E3711A5	721	Javelin::ClientMessages::CampingComponentServerFacet_RequestDemolishCamp	0x1440A9760		5	0	0	0	0	0	0	0
39A06E89-42A8-444A-9BE5-EC5504AC73A5	742	Javelin::ClientMessages::CampingComponentServerFacet_RequestSetCampSkinId	0x1440A9B70	1	5	1	0	1	0	0	0	0
70C1EB03-9E56-4CCC-8DDF-C2BBA9BF7155	6106	Javelin::ClientMessages::CampingComponentServerFacet_RequestDebugInstantBuildCamp	0x1440AA210	1	5	1	0	1	0	0	0	0
4A283796-4021-4904-8EB2-FC9986D640E3	6835	Javelin::ClientMessages::CampingComponentServerFacet_RequestDebugResetCampBindCooldown	0x1440AA510		5	0	0	0	0	0	0	0
0547B0C7-4FFE-402C-8793-2A1A111E6B43	1437	Javelin::ClientMessages::P2PTradeComponentServerFacet_UpdateOfferedItems	0x1440A94B0	1	15	1	0	0	0	0	1	1
B4E5846F-8387-4859-8B48-E7FA51AD7482	122	Javelin::ClientMessages::P2PTradeComponentServerFacet_UpdateOfferedCoin	0x1440A99C0		14	0	0	0	0	0	0	0
57BBB19F-473C-4659-B254-466D18F6645E	5263	Javelin::ClientMessages::P2PTradeComponentServerFacet_CancelOfferLockIn	0x1440A9EE0		5	0	0	0	0	0	0	0
3C90AB64-9D05-4FB9-957D-C04940F6CB39	4202	Javelin::ClientMessages::P2PTradeComponentServerFacet_LockInOffer	0x1440AA440		5	0	0	0	0	0	0	0
9CDEDAD2-DBB9-4193-B739-B9DB05438D40	495	Javelin::ClientMessages::P2PTradeComponentServerFacet_ConfirmTrade	0x1440AAA10		5	0	0	0	0	0	0	0
017C1FC4-F336-491D-A60A-FA9675E54A81	4252	Javelin::ClientMessages::P2PTradeComponentServerFacet_CancelTrade	0x1440AADE0	1	14	1	0	1	0	0	0	0
08F48E7B-C9F6-4C2C-9980-B4605E9D7705	2652	Javelin::ClientMessages::P2PTradeComponentClientFacet_OnTradeSessionStarted	0x1440AB3E0	4	18	1	0	0	0	0	0	1
CBD934A1-071D-47DA-A2D4-93EB0A7713A8	688	Javelin::ClientMessages::P2PTradeComponentClientFacet_OnUpdateOfferedItemsResponse	0x1440ABA30	1	5	1	0	1	0	0	0	0
D5148693-D1E1-4A76-A66F-B9B32A5FF547	4253	Javelin::ClientMessages::P2PTradeComponentClientFacet_OnUpdateOfferedCoinResponse	0x1440ABF70	1	5	1	0	1	0	0	0	0
B2FAD1D8-C2EA-4CF3-95A6-650B726AFF3B	5264	Javelin::ClientMessages::P2PTradeComponentClientFacet_OnCancelOfferLockInResponse	0x1440AC0F0	1	5	1	0	1	0	0	0	0
8EDF5A53-C4D6-40ED-96B5-2C0A386FA350	3364	Javelin::ClientMessages::P2PTradeComponentClientFacet_OnLockInOfferResponse	0x1440AC320	1	5	1	0	1	0	0	0	0
DDABE218-601A-4B38-A1A0-6BBBD6BD46E5	4254	Javelin::ClientMessages::P2PTradeComponentClientFacet_OnConfirmTradeResponse	0x1440AC990	1	5	1	0	1	0	0	0	0
5DB73BD7-8629-4DB4-A6CE-8A16C5CBC92B	3506	Javelin::ClientMessages::P2PTradeComponentClientFacet_OnOtherPlayerConfirmed	0x1440ACF60		5	0	0	0	0	0	0	0
CE379ECE-DAD0-4527-BE01-BCDFA72CF9C4	2179	Javelin::ClientMessages::P2PTradeComponentClientFacet_OnTradeSessionEnded	0x1440AD130	1	5	1	0	1	0	0	0	0
7B53CB21-D218-4BDA-B3B8-B51560161A7C	4255	Javelin::ClientMessages::P2PTradeComponentClientFacet_OnItemsOverflowed	0x1440AD200		5	0	0	0	0	0	0	0
A590D97D-0183-4653-9729-0B45F5DE613D	4259	Javelin::ClientMessages::TestTransactorComponentServerFacet_StartTrade	0x1440A8A20	1	10	3	0	2	0	0	2	0
22FF1D81-7863-4473-B57A-66DBB31B7A35	3869	Javelin::ClientMessages::TestTransactorComponentServerFacet_StartTradeWithActor	0x1440A8D30	1	5	1	0	1	0	0	0	0
E6478459-6717-4DCD-8C16-20FE99858AF4	4220	Javelin::ClientMessages::TestTransactorComponentServerFacet_TakeAllFromActor	0x1440A8ED0		5	0	0	0	0	0	0	0
03A09D8D-64AE-4852-B9C8-DB762B3EC399	4260	Javelin::ClientMessages::TestTransactorComponentServerFacet_StartAbortingTradeWithActor	0x1440A96C0		5	0	0	0	0	0	0	0
8C1748EB-6BD7-46CE-A48B-F55F3ABF74DD	4261	Javelin::ClientMessages::TestTransactorComponentServerFacet_ResetAborts	0x1440A9AE0		5	0	0	0	0	0	0	0
7FC487AB-F026-4177-B7C7-91466A1C5699	537	Javelin::ClientMessages::TransactionComponentServerFacet_AddBouncer	0x1440EDD20		5	0	0	0	0	0	0	0
36F67A19-CECC-41E8-8DAC-BE07C7E27C1F	3356	Javelin::ClientMessages::TransactionComponentServerFacet_RemoveBouncer	0x1440EE590		5	0	0	0	0	0	0	0
CF8B4494-DD73-4AD2-9ECF-CD33C9E1F2EB	5110	Javelin::ClientMessages::TransactionComponentServerFacet_DebugSetFailJoinTransactions	0x1440EEC60	1	5	1	0	0	0	0	1	0
466299EA-CDC7-4CBF-B6EE-946653BDE9D9	5105	Javelin::ClientMessages::TransactionComponentServerFacet_DebugSetFailCommitTransactions	0x1440EEF80	1	5	1	0	0	0	0	1	0
24D0CD57-6FCA-4CB3-A413-B24931772548	5692	Javelin::ClientMessages::TransmogComponentServerFacet_EnableItemSkin	0x1440EC220		5	0	0	0	0	0	0	0
99BAEFEE-F710-4995-9DFC-F9A61661A30F	5693	Javelin::ClientMessages::TransmogComponentServerFacet_DisableItemSkin	0x1440EC450	1	14	1	0	1	0	0	0	0
1F79C457-76CF-4FB6-A1D2-3ED3F80A3FDA	5787	Javelin::ClientMessages::TransmogComponentServerFacet_UnlockTransmogSkin	0x1440EC760		5	0	0	0	0	0	0	0
9F5C78B5-8C5B-4FAF-904C-CDFBC585D818	5694	Javelin::ClientMessages::TransmogComponentClientFacet_OnEnableSkinError	0x1440ECCD0	1	5	1	0	2	0	0	0	0
E745D99E-634B-4BB5-A41B-CFE5E50FE62E	5985	Javelin::ClientMessages::TransmogComponentClientFacet_OnEnableSkinSuccess	0x1440ECEB0	1	5	1	0	2	0	0	0	0
07678CD3-4EC9-48B4-8823-563F1F8E514F	5700	Javelin::ClientMessages::TransmogComponentClientFacet_OnUnlockTransmogSkin	0x1440ED4A0	1	5	1	0	0	0	0	1	0
86C2248D-9778-4A11-AE05-9733C1CE579A	6147	Javelin::ClientMessages::TransmogComponentClientFacet_OnSkinDye	0x1440ED8A0	2	6	1	0	1	0	0	1	0
3B16F714-2971-40AC-9469-DAB7A0D4E6E6	6282	Javelin::ClientMessages::TransmogComponentClientFacet_OnReceivedTransmogData	0x1440EDB50	2	16	1	0	1	0	0	1	1
FE5AF881-AC1C-4E7C-B066-70F5760250E5	5739	Javelin::ClientMessages::TransmogComponentServerFacet_DebugCaptureAllSkins	0x1440EE320		5	0	0	0	0	0	0	0
61714F25-05F7-44F2-A29F-DFBF52BC9AAB	5839	Javelin::ClientMessages::TransmogComponentServerFacet_DebugOwnAllSkins	0x1440EE840		5	0	0	0	0	0	0	0
8C315064-B3CA-419F-B280-6340381B8CCD	5951	Javelin::ClientMessages::TransmogComponentServerFacet_DebugCaptureRandomSkins	0x1440EEDC0		5	0	0	0	0	0	0	0
F7EF6AE4-7891-4FDE-B1FF-49E42097DE8E	5950	Javelin::ClientMessages::TransmogComponentServerFacet_DebugOwnRandomSkins	0x1440EF050		5	0	0	0	0	0	0	0
B7292CB1-85E2-4924-9E7E-6392D0ABBFB0	5931	Javelin::ClientMessages::TransmogComponentServerFacet_DebugCaptureSkin	0x1440EF120	1	6	2	0	1	0	0	1	0
6C2ED568-2CBD-434A-82C4-DC2ABAC3F827	5939	Javelin::ClientMessages::TransmogComponentServerFacet_DebugUnlockSkin	0x1440EF580	1	6	2	0	1	0	0	1	0
378AE8DB-6F53-4DB0-B499-E7F3702897E7	5932	Javelin::ClientMessages::TransmogComponentServerFacet_DebugServiceCaptureSkin	0x1440EFD40	2	6	1	0	1	0	0	1	0
8BBC29BA-6792-4882-B968-EEFA890B0061	5940	Javelin::ClientMessages::TransmogComponentServerFacet_DebugServiceUnlockSkin	0x1440F0240	2	6	1	0	1	0	0	1	0
CCD33810-0A52-4D71-8FC4-2BF0A8A14F5A	5999	Javelin::ClientMessages::TransmogComponentServerFacet_DebugConvertData	0x1440F0380		5	0	0	0	0	0	0	0
2A5E024C-727D-4985-AC72-6B4EDA88C2F2	6283	Javelin::ClientMessages::TransmogComponentServerFacet_DebugRequestTransmogData	0x1440F08D0		5	0	0	0	0	0	0	0
8A5D7FDB-0290-4602-820F-12982B7E5744	3669	Javelin::ClientMessages::SlopeSliderComponentClientFacet_ClientSyncServerState	0x1440ECA80		14	0	0	0	0	0	0	0
E76B46F8-2359-42F5-BE69-2BE02B1E5E24	4266	Javelin::ClientMessages::SlopeSliderComponentClientFacet_ClientForceSyncServerState	0x1440ECDA0		14	0	0	0	0	0	0	0
481B783F-1933-43C7-9AEB-0C788450F3E7	4267	Javelin::ClientMessages::SlopeSliderComponentServerFacet_ForceServerSyncRequestedFromClient	0x1440ECFD0		5	0	0	0	0	0	0	0
0C22F027-BC53-4F4A-ACBE-D5386FE20C85	4268	Javelin::ClientMessages::SlopeSliderComponentServerFacet_DebugOnSlopeYawSmoothTimeChanged	0x1440ED6E0	1	5	1	0	0	1	0	0	0
38E6BB0E-A601-434A-B88C-F0E2F79A0D48	855	Javelin::ClientMessages::SlopeSliderComponentServerFacet_DebugOnSlopePitchSmoothTimeChanged	0x1440ED970	1	5	1	0	0	1	0	0	0
7BD7FE62-009F-45DD-A3DC-150E3A2024B8	332	Javelin::ClientMessages::SlopeSliderComponentServerFacet_DebugOnlySlideOnTerrainChanged	0x1440EDC50	1	5	1	0	0	0	0	1	0
C6DE5CEF-1F60-4CF4-8497-E4301E3A44FD	4270	Javelin::ClientMessages::SlopeSliderComponentServerFacet_DebugOnSlopeRelativeMotionDataChanged	0x1440EE400		6	0	0	0	0	0	0	0
67A1AEFF-DCA3-4FC3-A3E1-9DC6E4C34A3F	3920	Javelin::ClientMessages::TraversalComponentServerFacet_ReceiveUseTraversalRaycastFromClient	0x144146810	1	5	1	0	0	0	0	1	0
6E9C33D1-48F0-45FF-977E-0DF99D687B84	4272	Javelin::ClientMessages::TraversalComponentServerFacet_SyncIsAutoTraversalEnabled	0x144146B30	1	5	1	0	0	0	0	1	0
A2C29D1C-33BB-485E-9FC5-89FA653419A5	4273	Javelin::ClientMessages::PlayerTurretComponentServerFacet_ReceiveInput	0x144149370	2	10	2	0	0	2	0	2	0
E4B90A83-418B-4886-A76C-A1C2F9C89700	4274	Javelin::ClientMessages::PlayerTurretComponentServerFacet_FireProjectile	0x1441495E0	2	10	2	0	0	2	0	2	0
BB9C740C-E54A-44AD-90FF-B3CE6B8C770A	4145	Javelin::ClientMessages::PlayerTurretComponentServerFacet_ReceiveRepeaterInput	0x144149990	1	10	3	0	0	3	0	2	0
F9669D1E-DA2B-4473-A3D8-8D3DEA720C37	2834	Javelin::ClientMessages::PlayerTurretComponentServerFacet_ReceiveRepeaterFireInput	0x144149B00	1	10	3	0	0	3	0	2	0
3DB67679-74D3-461C-B3D6-DB1A7FE19CFD	3017	Javelin::ClientMessages::PlayerTurretComponentServerFacet_RequestFireSpeedChange	0x144144AF0	1	8	1	0	0	1	0	1	0
F9E4B091-5131-4898-B389-DC25CD0BF38A	2175	Javelin::ClientMessages::PlayerTurretComponentServerFacet_RequestAmmoRefill	0x144144D30	1	8	1	0	0	0	0	1	0
E01BE275-B0B9-46F4-A25A-AD2C681F1F29	4275	Javelin::ClientMessages::TurretComponentServerFacet_DEBUG_DrawProjectileSpawner	0x144146520	1	5	1	0	0	0	0	1	0
2D7D192B-E5BE-4C86-95C0-87F76096C755	2720	Javelin::ClientMessages::TurretComponentClientFacet_OnHitscanServerResult	0x1441465F0	2	6	1	0	0	3	0	0	0
DAA422BC-F535-4E4B-BC18-A351FD0471C4	955	Javelin::ClientMessages::TutorialAIComponentClientFacet_OnPlayerSeenByAI	0x144171A60		5	0	0	0	0	0	0	0
803D28F7-2A71-4A2E-818F-A27946B651FD	1884	Javelin::ClientMessages::TutorialAIComponentServerFacet_SetBehavior	0x144171B30	1	14	1	0	1	0	0	0	0
C8C2FE27-1FCC-43A2-BF1E-AA1421A6228F	2287	Javelin::ClientMessages::TutorialAIComponentServerFacet_MoveLootTowardsPlayer	0x144171C00	1	5	1	0	0	3	0	0	0
730C9172-5641-47E9-A194-F81DFE67075E	4279	Javelin::ClientMessages::UIActionManagerComponentServerFacet_RequestUIActionChange	0x144188350		14	0	0	0	0	0	0	0
B8E496DE-1C30-48D7-80A4-EEF44211AA60	3004	Javelin::ClientMessages::VariationDataComponentServerFacet_RequestVariantChange	0x1442B7F40	1	5	1	1	0	0	0	0	0
64226C71-45BA-4AA9-961D-1829D00BD7B1	3631	Javelin::ClientMessages::VariationDataComponentClientFacet_OnVariantChangedServerToClient	0x1442B8010	1	5	1	1	0	0	0	0	0
5D405807-73CA-4D12-86EB-E3DC215B3ACA	2968	Javelin::ClientMessages::WarboardComponentClientFacet_OnUpdateWarboardManifest	0x1442DF3E0	2	14	2	2	0	0	0	0	0
5D263AB8-3629-46F5-8CA8-4E58C0A29CA4	3530	Javelin::ClientMessages::WarboardComponentClientFacet_OnUpdateFullWarboardManifest	0x1442DF4C0	2	14	2	2	0	0	0	0	0
E9B0901A-D409-41C8-86CC-3E28291FAF28	839	Javelin::ClientMessages::WarboardComponentClientFacet_OnUpdateWarboardStats	0x1442DF5A0		12	0	0	0	0	0	0	0
42032E1E-81B3-4B94-9B92-13835ED8EF49	4318	Javelin::ClientMessages::WaterLevelComponentServerFacet_SetKeepInteraction	0x1442DE5A0		5	0	0	0	0	0	0	0
0C992FAD-66CC-48FA-A37B-DB9CA602C0CA	2728	Javelin::ClientMessages::WaypointsComponentServerFacet_RequestSetWaypoint	0x144305E50	1	5	1	0	0	3	0	0	0
4ABA7F5D-D0C7-42C1-A99E-01308B6FF3FE	5070	Javelin::ClientMessages::WhisperPlayerComponentClientFacet_RequestStartWhisper	0x144304980	1	5	1	0	1	0	0	0	0
6ABA7F5D-D0C7-42C1-A99E-01308B6FF3FE	5235	Javelin::ClientMessages::WhisperPlayerComponentServerFacet_RequestStartWhisper	0x144304A50	1	5	1	0	1	0	0	0	0
219AB4E6-F8F4-43B1-BDA4-F4FDF779DA5C	2613	Javelin::ClientMessages::BuildableControllerClientFacet_SyncOnUpgradeComplete	0x144793780		5	0	0	0	0	0	0	0
9D054738-6CFE-40E2-92E9-CE3CF5CEE28E	5361	Javelin::ClientMessages::BuildableControllerClientFacet_OnCompletionBlockedStatusChanged	0x144793850	1	5	1	0	0	0	0	1	0
D6AF40AF-F8DF-4FE1-BD5E-06801B1B51E2	2624	Javelin::ClientMessages::BuildableControllerServerFacet_RequestAutoCommitResources	0x144793AE0	1	5	1	0	0	0	0	1	0
369A956C-AF18-41EA-A896-A499D06853BA	2645	Javelin::ClientMessages::BuilderComponentClientFacet_SyncData	0x1447BCE20	1	5	1	0	2	0	0	0	0
EE9D2745-D534-4119-B9CA-2BA864703745	441	Javelin::ClientMessages::BuilderComponentClientFacet_SyncPlacementRequestResults	0x1447BD320	1	5	1	0	1	0	0	1	0
2DA234C4-4B5E-406A-A592-DC41DAA20037	1507	Javelin::ClientMessages::BuilderComponentServerFacet_RequestCancelPlacingStructure	0x1447BD4E0		5	0	0	0	0	0	0	0
83616D89-0D34-4DE6-AC42-27F235EAD28B	2236	Javelin::ClientMessages::BuilderComponentServerFacet_RequestPlaceStructure	0x1447BD5B0	1	22	3	0	3	7	0	2	0
CE39C4ED-86A9-4A53-9706-49271D353046	2646	Javelin::ClientMessages::BuilderComponentServerFacet_RequestBuildDefensiveStructure	0x1447BD820	1	18	2	0	1	0	0	1	0
F2974362-31D9-4393-A6E6-FD0225307641	2656	Javelin::ClientMessages::BuilderComponentServerFacet_OnClientRequestStopApplyingResources	0x1447BDA80		5	0	0	0	0	0	0	0
E3979322-0B0E-4E1D-879D-9643F09C4934	5607	Javelin::ClientMessages::BuilderComponentServerFacet_DebugRequestEnableFreeCamps	0x1447BDC70	1	5	1	0	0	0	0	1	0
48CF7C48-C007-4CC1-B8AE-0F5ECB48FDBE	1633	Javelin::ClientMessages::TerritoryComponentClientFacet_ClaimTerritory	0x1447D3F50		5	0	0	0	0	0	0	0
95345644-1AB8-4D17-BF09-E8EBCBA184F8	1741	Javelin::ClientMessages::TerritoryComponentClientFacet_UnclaimTerritory	0x1447D4070		5	0	0	0	0	0	0	0
0E0AB626-EE1F-4F9C-A18C-DB0560E8B2E8	2679	Javelin::ClientMessages::TerritoryComponentServerFacet_UnclaimTerritory	0x1447D42B0		5	0	0	0	0	0	0	0
76927F71-6A00-4432-A20B-F735F376CC35	2722	Javelin::ClientMessages::TerritoryInteractorComponentClientFacet_OnServerFacetReady	0x1447EF840	1	5	1	1	1	0	0	0	0
5C1D7223-7A69-4CE5-9EC4-4D7CA6F7A1FD	2169	Javelin::ClientMessages::TerritoryInteractorComponentClientFacet_OnSignupResponseReceived	0x1447F0340	2	6	1	0	1	0	0	1	0
60DC63F2-1001-4550-B402-6BDCC66A3D7E	2726	Javelin::ClientMessages::TerritoryInteractorComponentClientFacet_OnSignupListReceived	0x1447F0B40	2	13	2	0	2	0	0	0	1
53646133-25EC-4021-967B-03212BA0BF01	2729	Javelin::ClientMessages::TerritoryInteractorComponentClientFacet_OnSignupCountReceived	0x1447F0E60	1	5	1	0	2	0	0	0	0
2A1CCD51-7F1F-4D9E-BAF6-E5BCC9F3366E	2733	Javelin::ClientMessages::TerritoryInteractorComponentClientFacet_OnSetRosterResponseReceived	0x1447E0FB0	2	6	1	0	1	0	0	1	0
AE3E03B9-802E-4FD3-8013-D9B579117793	2734	Javelin::ClientMessages::TerritoryInteractorComponentClientFacet_OnSetBackfillEnabledResponseReceived	0x1447E1830	1	6	2	0	1	0	0	1	0
6E9571A4-1C82-498D-9F22-CA4F489B2515	2230	Javelin::ClientMessages::TerritoryInteractorComponentClientFacet_OnLeaveResponseReceived	0x1447E1D40	1	5	1	1	1	0	0	1	0
4EF1DD4E-AE0D-4D91-A223-6A8A01606B1E	2738	Javelin::ClientMessages::TerritoryInteractorComponentServerFacet_RequestPayUpkeepCost	0x1447E2410	1	14	1	1	0	0	0	1	0
7426CA82-9FC4-4382-A69C-036529EB88FE	453	Javelin::ClientMessages::TerritoryInteractorComponentServerFacet_RequestStartProject	0x1447E36C0	1	6	2	0	1	0	0	1	0
5873026E-32F8-4DF5-8D86-F3EF66E7FE55	2739	Javelin::ClientMessages::TerritoryInteractorComponentServerFacet_RequestCancelProject	0x1447E3DF0	1	5	1	0	1	0	0	0	0
3CD681D0-E238-4C84-A531-8C636DC2C608	2519	Javelin::ClientMessages::TerritoryInteractorComponentServerFacet_SetTaxOrFee	0x1447E4310	2	9	1	1	0	1	0	0	0
FC2A88F1-8866-43FD-8F1D-F78ED0B112DB	2740	Javelin::ClientMessages::TerritoryInteractorComponentServerFacet_DEBUG_RequestAddFactionInfluence	0x1447E4730	1	5	1	0	0	1	0	0	0
D667F0D1-C09D-447A-A8C3-7BDF924E599C	2741	Javelin::ClientMessages::TerritoryInteractorComponentServerFacet_DEBUG_RequestResetFactionInfluence	0x1447E54C0		5	0	0	0	0	0	0	0
8323CDA5-2A47-4EA6-ADA3-CB3721C98846	6132	Javelin::ClientMessages::TerritoryInteractorComponentServerFacet_DEBUG_RequestSyncFactionInfluenceValues	0x1447E5A30		5	0	0	0	0	0	0	0
728F21C2-52FA-4FE6-9F49-E25BC06FAB07	6133	Javelin::ClientMessages::TerritoryInteractorComponentClientFacet_DEBUG_OnSyncFactionInfluenceValues	0x1447E5C90	2	14	1	0	0	1	0	0	1
C6107122-8F9B-4AC5-AF1A-3133323A48CC	2742	Javelin::ClientMessages::TerritoryInteractorComponentServerFacet_DEBUG_SetTaxOrFee	0x1447E67A0	1	5	1	1	0	1	0	0	0
05CEFC98-1EAF-4E67-B071-6A792A8FDE2D	2746	Javelin::ClientMessages::TerritoryInteractorComponentServerFacet_DEBUG_DowngradeRandomPrevProject	0x1447E6C70		5	0	0	0	0	0	0	0
0B882877-21A3-418A-84C9-DDAE7DF10BB5	2747	Javelin::ClientMessages::TerritoryInteractorComponentServerFacet_DEBUG_OnGovernanceUpkeepPenalty	0x1447E7210		5	0	0	0	0	0	0	0
11DC0760-AB5D-49A2-AB01-504FF3150A2C	2751	Javelin::ClientMessages::TerritoryInteractorComponentServerFacet_DEBUG_OnInvasionFailure	0x1447E7450		5	0	0	0	0	0	0	0
C1DFF750-8A1A-4FB3-A3CE-7ACAC612E669	2753	Javelin::ClientMessages::TerritoryInteractorComponentServerFacet_DEBUG_OnGovernanceOwnershipChangePenalty	0x1447E7F50		5	0	0	0	0	0	0	0
355EFEDA-746E-43CE-B19D-D845A7AFDBFA	5418	Javelin::ClientMessages::TerritoryInteractorComponentServerFacet_DEBUG_TriggerTerritoryControlStreakScoring	0x1447E8290	1	5	1	0	0	0	0	1	0
5147D743-920A-4B3C-8383-EEFC75754B6A	2754	Javelin::ClientMessages::TerritoryInteractorComponentServerFacet_DEBUG_RequestSetUpkeepTimeRemaining	0x1447E8730	1	5	1	0	1	0	0	0	0
E8B46B4C-85D9-431B-898A-2D4FF2E4AAC1	878	Javelin::ClientMessages::TerritoryInteractorComponentServerFacet_DEBUG_RequestTransferOwnership	0x1447E9020	1	9	2	0	0	0	0	2	0
8F0DEAB1-FF4D-4AB4-BEC1-EC6EFED1D092	2757	Javelin::ClientMessages::TerritoryInteractorComponentServerFacet_DEBUG_RequestSetConflictState	0x1447E92E0		5	0	0	0	0	0	0	0
07C3AC42-CB30-46A0-AB80-2EC31C446E4F	427	Javelin::ClientMessages::TerritoryInteractorComponentServerFacet_DEBUG_RequestClearConflictState	0x1447E9D60		5	0	0	0	0	0	0	0
6D848B2D-4791-43C2-A863-1BBADFCDC6C2	1505	Javelin::ClientMessages::TerritoryInteractorComponentServerFacet_DEBUG_RequestSignup	0x1447EA3C0	1	5	1	1	1	0	0	0	0
5F21B187-984D-4615-8A17-639CFD98F724	1971	Javelin::ClientMessages::TerritoryInteractorComponentServerFacet_DEBUG_RequestPerformBackfill	0x1447EA760	1	5	1	0	1	0	0	0	0
CD0D95F3-E40E-477A-BA46-5CE852AA9B1A	1360	Javelin::ClientMessages::TerritoryInteractorComponentServerFacet_DEBUG_RequestGetConflictPauseState	0x1447EAD00		5	0	0	0	0	0	0	0
5BB70B99-10E1-443B-81BB-354696F24814	5019	Javelin::ClientMessages::TerritoryInteractorComponentServerFacet_DEBUG_RequestSimulateMaintenanceMode	0x1447EB2B0	1	5	1	0	0	0	0	1	0
B9543191-B01C-423E-B616-B47AF226A4B8	2759	Javelin::ClientMessages::TerritoryInteractorComponentClientFacet_DEBUG_RequestGetConflictPauseStateResponse	0x1447EB7E0		5	0	0	0	0	0	0	0
AFCB5BCE-C284-4A03-9C1F-D0AA7F24E7CA	1118	Javelin::ClientMessages::TerritoryInteractorComponentServerFacet_DEBUG_RequestEndProject	0x1447EBD90		5	0	0	0	0	0	0	0
DDA35266-CCAF-425C-8B7B-8C7A8ADC3FC2	2744	Javelin::ClientMessages::TerritoryInteractorComponentServerFacet_DEBUG_RequestCompleteProject	0x1447EC2B0		5	0	0	0	0	0	0	0
3F7BC78F-7BE6-4524-953E-D3CB7E335ED0	438	Javelin::ClientMessages::TerritoryInteractorComponentServerFacet_DEBUG_RequestSetRemainingTimeMinutes	0x1447EC960	2	6	1	0	1	0	0	0	0
D353E4DC-63E8-4885-A0AE-4D445D67C448	2745	Javelin::ClientMessages::TerritoryInteractorComponentServerFacet_DEBUG_RequestSetProjectProgression	0x1447ECAA0	2	6	1	0	1	0	0	0	0
AE4C1BC8-575E-405D-9871-827A78350CC2	2755	Javelin::ClientMessages::TerritoryInteractorComponentServerFacet_DEBUG_RequestSetCompletedProjects	0x1447ED250	2	14	1	0	1	0	0	0	1
4182095E-3D94-45E3-B71E-37E97E5618CE	2155	Javelin::ClientMessages::TerritoryInteractorComponentServerFacet_DEBUG_SetRemainingTerritoryEffectTime	0x1447ED810	1	5	1	0	2	0	0	0	0
B8CF6A66-E213-4D04-B1D4-C6D47AFBC792	5325	Javelin::ClientMessages::TerritoryInteractorComponentServerFacet_DEBUG_RequestSyncGovernanceBrokerData	0x1447EDC20		5	0	0	0	0	0	0	0
90798017-3746-4FEB-98EC-E5B2716654FB	5324	Javelin::ClientMessages::TerritoryInteractorComponentServerFacet_DEBUG_RequestDistributePooledEarnings	0x1447EDFC0		5	0	0	0	0	0	0	0
C32ED0EE-C9B9-47A7-BC04-9C1CEDEE8C4C	5330	Javelin::ClientMessages::TerritoryInteractorComponentClientFacet_DEBUG_OnSyncGovernanceBrokerData	0x1447EE810	3	22	2	1	0	0	0	0	2
2694935E-970C-4E67-83EC-CD1A933F9ACD	224	Javelin::ClientMessages::TerritoryInteractorComponentClientFacet_DEBUG_OnReceiveServerDebugData	0x1447EEF70	1	9	1	1	0	0	0	0	0
A1A1E9EE-E91A-43FC-B994-33DE787E6580	2558	Javelin::ClientMessages::TerritoryInteractorComponentServerFacet_DEBUG_RequestServerSideDebugData	0x1447EF630		5	0	0	0	0	0	0	0
68013EDB-3EC2-41FD-B1A8-815263BBF9CA	2762	Javelin::ClientMessages::TerritoryInteractorComponentServerFacet_RequestSignup	0x1447EFF20	1	14	1	1	1	0	0	0	0
0287BEBD-F4A5-446F-94C5-2296BFE9647B	2767	Javelin::ClientMessages::TerritoryInteractorComponentServerFacet_RequestSignupList	0x1447F09C0	1	14	1	0	1	0	0	0	0
89ABB3E6-8D06-40AD-BF83-8840A597AB40	2771	Javelin::ClientMessages::TerritoryInteractorComponentServerFacet_RequestSignupCount	0x1447F0CE0	1	14	1	0	1	0	0	0	0
BFA404A7-1C06-4892-8538-9AAF3CCA4816	2772	Javelin::ClientMessages::TerritoryInteractorComponentServerFacet_RequestRoster	0x1447E0C90		5	0	0	0	0	0	0	0
1AF0E9A0-A5AE-407E-98C8-9B409144BC35	2775	Javelin::ClientMessages::TerritoryInteractorComponentServerFacet_RequestSetBackfillEnabled	0x1447E14A0	1	5	1	0	0	0	0	1	0
4505FFC4-56BF-4472-896F-5EF4D44F861F	246	Javelin::ClientMessages::TerritoryInteractorComponentServerFacet_RequestSetRoster	0x1447E1A20	3	12	2	1	0	0	0	2	1
56818398-91B7-4728-BEE7-35B12F9C1C61	2777	Javelin::ClientMessages::TerritoryInteractorComponentServerFacet_RequestFillRoster	0x1447E1FC0		5	0	0	0	0	0	0	0
B47C2DF6-E689-4A63-B866-CEB78B02CFC8	2779	Javelin::ClientMessages::TerritoryInteractorComponentServerFacet_RequestAddPlayerToRoster	0x1447E2CC0	1	14	2	0	1	0	0	0	1
6B1AF929-9658-4C49-A1BB-54F3FFBB4C29	2781	Javelin::ClientMessages::TerritoryInteractorComponentServerFacet_RequestRemovePlayerFromRoster	0x1447E3830	1	14	2	0	2	0	0	0	1
10F1B12F-3075-4918-AC4C-2B057B145D66	1892	Javelin::ClientMessages::TerritoryInteractorComponentServerFacet_RequestKickPlayer	0x1447E3FB0	3	14	1	0	0	0	0	0	1
4D6F1060-B144-400E-978E-5FCE992C1BB3	1676	Javelin::ClientMessages::TerritoryInteractorComponentServerFacet_RequestMovePlayer	0x1447E44A0	2	15	2	0	3	0	0	0	1
2FBCA6EC-4A61-4A97-9583-2D427B8098AC	1871	Javelin::ClientMessages::TerritoryInteractorComponentServerFacet_RequestSwapPlayers	0x1447E4F30	1	13	3	0	4	0	0	0	1
17E081A5-36E6-4707-81B7-00C56F350ECC	2782	Javelin::ClientMessages::TerritoryInteractorComponentServerFacet_RequestSetPlayerPermissions	0x1447E5640	2	15	2	0	2	0	0	0	1
F5DA125E-6258-449D-A0E1-C64433B82131	1727	Javelin::ClientMessages::TerritoryInteractorComponentServerFacet_RequestSetGroupData	0x1447E5B10	1	16	1	0	1	0	0	0	0
7CF35364-ECA8-4979-AC52-E78DF4015646	2784	Javelin::ClientMessages::TerritoryInteractorComponentServerFacet_RequestLeave	0x1447E62C0	1	5	1	1	0	0	0	0	0
FA02278D-9504-4380-B48A-D1053B102C7E	2789	Javelin::ClientMessages::TerritoryInteractorComponentServerFacet_DEBUG_SendRaidInvites	0x1447E6930		5	0	0	0	0	0	0	0
A2113157-6430-4878-A198-177625BD3DCB	2791	Javelin::ClientMessages::TerritoryInteractorComponentServerFacet_RequestRemoteInteract	0x1447E7090	1	5	1	1	0	0	0	0	0
F1DA2DD3-97F1-46F5-81D2-44BE8CD91CFC	2810	Javelin::ClientMessages::ActionListComponentServerFacet_DEBUG_SetFlyingMode	0x14481AA80	1	5	1	0	0	0	0	1	0
E788C725-8CB1-42BB-B16B-1A27397D9BF1	2811	Javelin::ClientMessages::ActionListComponentServerFacet_DEBUG_SetPreventSpeedHacking	0x14481AD30	1	5	1	0	0	0	0	1	0
C633055A-8048-40A0-8A82-1E013396BF1C	2629	Javelin::ClientMessages::ActionListComponentServerFacet_DEBUG_SetInputTimeOut	0x14481AE00	1	5	1	0	1	0	0	0	0
2A9BA2F9-3051-4A4D-8835-A6C0643BA1A4	2812	Javelin::ClientMessages::ActionListComponentServerFacet_DEBUG_SetACKTimeOut	0x14481AFC0	1	5	1	0	1	0	0	0	0
C640D15C-7FBB-46B9-948D-133CAAE6631A	2814	Javelin::ClientMessages::ActionListComponentServerFacet_QueueAction	0x14481B140	1	5	1	0	1	0	0	0	0
37B9B833-A7B8-4308-8DA8-3DA2F108C5BC	2817	Javelin::ClientMessages::ActionListComponentClientFacet_OnActionStarted	0x14481B560	1	5	1	0	1	0	0	0	0
A6C06B58-E996-4B73-AFA5-F59A7B3545F1	2818	Javelin::ClientMessages::ActionListComponentClientFacet_ClientSyncDetailedReaction	0x14481B6E0	2	15	3	0	0	7	0	0	1
87F5D062-D059-4AFE-B920-635F628D89E7	2719	Javelin::ClientMessages::ActionListComponentServerFacet_RequestSpreadshot	0x14481BA50	2	20	3	1	0	3	0	2	3
547083EA-2BEF-4C13-ADA1-7B449D764393	1654	Javelin::ClientMessages::ActionListComponentServerFacet_DEBUG_SetAsyncFixedStep	0x144850970	1	5	1	0	1	0	0	0	0
2636F586-836F-46EA-9C12-BD4B874A4A35	569	Javelin::ClientMessages::ActionListComponentServerFacet_DEBUG_SetInputsThrottled	0x144850A40	1	5	1	0	0	0	0	1	0
6E9B47DA-BA7F-4253-8042-46580B9D7BE0	998	Javelin::ClientMessages::ActionListComponentServerFacet_SetInputsThrottled	0x144850B10	1	5	1	0	0	0	0	1	0
01346CCD-785E-448D-A429-4B281972B1D7	1589	Javelin::ClientMessages::ActionListComponentServerFacet_ReceiveInputFromClient	0x144867C70		14	0	0	0	0	0	0	0
357FC89A-D0B9-408F-88F3-26FFF00F7FD0	2819	Javelin::ClientMessages::ActionListComponentServerFacet_DEBUG_SetParam	0x144874810	1	5	1	0	1	0	0	1	0
F634E7B9-4897-4A92-A6C5-A8324569FEB1	2482	Javelin::ClientMessages::ActionListComponentServerFacet_DEBUG_SetParamFloat	0x144874B90	1	5	1	0	1	1	0	0	0
C3B91EF6-84C8-45E0-B026-CA6DF0C1A42D	1460	Javelin::ClientMessages::ActionListComponentServerFacet_DEBUG_SetOneHitKillMode	0x144874D10	1	5	1	0	0	0	0	1	0
A39A2AB3-7048-4793-8F47-B2753DA6E84C	2823	Javelin::ClientMessages::ActionListComponentServerFacet_DEBUG_SetUseMeleeShapeCastLosCheckQueries	0x144874F40	1	5	1	0	0	0	0	1	0
89738FB0-B5F0-43B4-9820-4C7F2CA650E8	2825	Javelin::ClientMessages::ActionListComponentServerFacet_DEBUG_SetAttackDeceleration	0x1448751E0	1	5	1	0	0	0	0	1	0
646C0C23-45A4-455A-8740-7F5DF8F549B2	805	Javelin::ClientMessages::ActionListComponentServerFacet_DEBUG_SetUseHitScan	0x1448754C0	1	5	1	0	0	0	0	1	0
9F0FD7A2-38D2-47CF-947E-C824B3DCC393	656	Javelin::ClientMessages::ActionListComponentServerFacet_DEBUG_SetDrawGroundNormal	0x144875590	1	5	1	0	0	0	0	1	0
2EB407EB-8E13-4E53-8457-AF857D95899E	2826	Javelin::ClientMessages::ActionListComponentServerFacet_DEBUG_SetDrawLastValidNavPos	0x144875660	1	5	1	0	0	0	0	1	0
6CBD5952-81A7-4AA6-9052-79F0B2783DAA	5023	Javelin::ClientMessages::ActionListComponentServerFacet_DEBUG_SetDrawLastServerPos	0x144875910	1	5	1	0	0	0	0	1	0
D44248B0-EFB3-421C-9B11-46C2DD4D9419	5024	Javelin::ClientMessages::ActionListComponentServerFacet_DEBUG_SetDrawClipToNavmeshRaycast	0x144875BA0	1	5	1	0	0	0	0	1	0
B23DBFD7-38A0-487D-B08B-EDE0569C13E0	2828	Javelin::ClientMessages::ActionListComponentServerFacet_DEBUG_ForcePersistLocation	0x144875C70		5	0	0	0	0	0	0	0
0E600F8F-C977-4197-8C55-FF6EB1D01C6B	2075	Javelin::ClientMessages::ActionListComponentServerFacet_DebugHitScan	0x144875D40	1	5	1	0	0	0	0	1	0
C69C11F4-17CD-410B-B1C7-8369FD4B92A6	2829	Javelin::ClientMessages::ActionListComponentServerFacet_RequestDebugInfo	0x144875FF0		5	0	0	0	0	0	0	0
CA708383-3923-4A2F-937A-797776CA7E5C	5099	Javelin::ClientMessages::ActionListComponentServerFacet_RequestEntityDebugInfo	0x1448762A0	2	10	1	0	1	0	0	2	0
21048F81-186A-47DE-90EC-37EDBAD063C6	1619	Javelin::ClientMessages::ActionListComponentServerFacet_DEBUG_ReloadMannequin	0x1448763B0		5	0	0	0	0	0	0	0
9339B1AE-D29E-4119-9631-B2D745CAD085	2831	Javelin::ClientMessages::ActionListComponentServerFacet_ReceiveDisplayReactionWindow	0x144876480	1	5	1	0	0	0	0	1	0
29725256-7DE8-4C1A-ABF5-EF906C3F719C	2242	Javelin::ClientMessages::ActionListComponentServerFacet_ReceiveStateCaptureAction	0x144876730	1	5	1	0	1	0	0	0	0
C21B9A66-D1D0-4AEB-AEF9-D04668424695	5599	Javelin::ClientMessages::ActionListComponentServerFacet_DEBUG_GetAfkTimer	0x144876800		5	0	0	0	0	0	0	0
41A461D6-8082-4BE2-9A89-205C02332477	5597	Javelin::ClientMessages::ActionListComponentServerFacet_DEBUG_SetAfkTimer	0x1448768D0	1	5	1	0	0	1	0	0	0
137EF845-D836-4976-8F15-A165D87B4BF1	2832	Javelin::ClientMessages::ActionListComponentClientFacet_PlayHitScanEffects	0x14487D1C0	3	10	1	0	0	3	0	0	0
4ED9008B-0C84-43CB-8BF6-406A6E7B378D	2570	Javelin::ClientMessages::ActionListComponentClientFacet_OnServerSpreadshotProcessed	0x14487D320	2	20	2	0	1	0	0	0	3
D0164D45-1039-4E2C-8314-A098888E4D64	2139	Javelin::ClientMessages::ActionListComponentClientFacet_AFKWarning	0x14487D460	1	5	1	0	0	1	0	1	0
AF59B6D4-4445-4D2E-90C2-EE6B9AEE4518	5595	Javelin::ClientMessages::ActionListComponentClientFacet_DEBUG_SetAfkTimer	0x14487D530	1	5	1	0	0	1	0	0	0
577217F8-3718-4085-864E-18555F74A127	1597	Javelin::ClientMessages::ActionListComponentServerFacet_FireProjectile	0x14487D600	2	10	1	0	0	3	0	0	0
B359CD4B-A0D2-4B25-A724-02BAB73BFB5F	2917	Javelin::ClientMessages::ContainerComponentServerFacet_ServerUseItem	0x1448B66B0	1	16	1	0	1	0	0	0	0
C9448CD2-F519-435E-9ADD-53F8577F669A	2031	Javelin::ClientMessages::ContainerComponentServerFacet_ServerDropItem	0x1448B6D00	1	16	1	0	1	0	0	0	0
A1665475-B4BA-4308-BF96-43A405EB7C4A	1346	Javelin::ClientMessages::ContainerComponentServerFacet_SetNextItemChrono	0x1448B6E70	1	5	1	0	1	0	0	0	0
C87F63C0-FF5B-4EB6-87B0-219ADC90DADC	6526	Javelin::ClientMessages::ContainerComponentClientFacet_OnItemsConverted	0x1448B6F40		5	0	0	0	0	0	0	0
CB698153-75C9-4EE8-923D-B50E4784E9AC	1049	Javelin::ClientMessages::ContainerComponentServerFacet_DEBUG_ServerCreateItem	0x1448B7010	2	14	2	1	1	0	0	1	0
6988DCCE-041D-47C9-AB3F-D537BBA146F4	2922	Javelin::ClientMessages::ContainerComponentServerFacet_DEBUG_ServerCreateItems	0x1448B7170		5	0	0	0	0	0	0	0
7A1F461D-1A77-45EF-9233-295CB3862818	5123	Javelin::ClientMessages::ContainerComponentServerFacet_DEBUG_ServerCreateItemList	0x1448B7260	2	15	2	1	1	0	0	0	1
7336B46B-CAA1-45F7-9821-3E4AB7F5C8CF	6787	Javelin::ClientMessages::ContainerComponentServerFacet_DEBUG_ServerRemoveItems	0x1448B7350	2	15	2	1	1	0	0	0	1
30AD87E7-19D7-4DEF-9A60-4DC743945EDF	791	Javelin::ClientMessages::ContainerComponentServerFacet_DEBUG_ServerDamageAllItems	0x1448B7940		5	0	0	0	0	0	0	0
0614B594-734F-4A8A-ABD4-8F638B778077	2923	Javelin::ClientMessages::ContainerComponentServerFacet_DEBUG_ServerResetMSG	0x1448B7AE0		5	0	0	0	0	0	0	0
6037EA4B-DD9F-4780-ACB0-F44DAF85854A	5964	Javelin::ClientMessages::ContainerComponentServerFacet_DEBUG_SetItemInstanceId	0x1448B7BB0	1	5	1	0	1	0	0	1	0
997D6EAA-449C-4482-8BEC-4DB26FD90C2F	3379	Javelin::ClientMessages::GatheringComponentServerFacet_SetKeepInteraction	0x1448ED3F0		5	0	0	0	0	0	0	0
6A957D08-CA74-4559-B79C-C69897C35937	5078	Javelin::ClientMessages::GatheringComponentClientFacet_OnEnteredProximityGatherable	0x1448ED770	1	5	1	0	1	0	0	0	0
D7AAC1B1-E0F5-4C4E-8988-EDF515B6B52D	5118	Javelin::ClientMessages::GatheringComponentClientFacet_OnExitedProximityGatherable	0x1448ED840		5	0	0	0	0	0	0	0
0B9CACD9-EF8E-44B7-B10C-4119EDC5FFDA	5195	Javelin::ClientMessages::GatheringComponentClientFacet_StartEmoteGathering	0x1448ED910		5	0	0	0	0	0	0	0
A7DBFE27-E6B6-4221-9973-F8C200BB5B24	6941	Javelin::ClientMessages::GatheringComponentClientFacet_OnResourcesNotGranted	0x1448ED9E0	1	5	1	0	0	0	0	1	0
188632B4-15E6-49A4-84A4-DD7FEA17B5CF	3743	Javelin::ClientMessages::InteractorComponentClientFacet_SyncInteractionValidationResult	0x144906680	2	24	3	0	1	0	0	2	1
91F8DF17-FB50-4EA3-AEBF-219B977F194E	3746	Javelin::ClientMessages::InteractorComponentClientFacet_CancelCurrentInteraction	0x1449067D0		5	0	0	0	0	0	0	0
44D7E916-3779-40A4-8EC6-3FAEA459EE13	2473	Javelin::ClientMessages::InteractorComponentServerFacet_RequestCancelCommittedInteractionFromClient	0x144906940	1	8	1	0	0	0	0	1	0
1D0B111F-794C-4338-BB6F-51F845A4F0F9	5178	Javelin::ClientMessages::InteractorComponentClientFacet_OnCommittedInteractionTimeout	0x144906BF0	1	5	1	0	2	0	0	0	0
40B9177C-06DE-4725-9166-236BD7D4A7E8	3816	Javelin::ClientMessages::ObjectiveInteractorComponentServerFacet_OnObjectiveSelectionRequest	0x14494A760		14	0	0	0	0	0	0	0
C92BDD3C-8A99-42D5-8512-42A678DD61CC	2461	Javelin::ClientMessages::ObjectiveInteractorComponentServerFacet_OnObjectiveCompletionRequest	0x14494A830		5	0	0	0	0	0	0	0
0F750778-6128-4213-BE39-FF5AF61803AD	3741	Javelin::ClientMessages::ObjectiveInteractorComponentServerFacet_OnPurchaseItemRequest	0x14494AAF0	1	14	1	0	2	0	0	0	0
73262126-40D9-412F-8BE6-2DC00F5CEC96	3817	Javelin::ClientMessages::ObjectiveInteractorComponentServerFacet_OnPurchaseRankRequest	0x14494ABC0	1	5	1	0	1	0	0	0	0
4AA81EBE-1F83-4852-A3C8-DA190ECA980F	3818	Javelin::ClientMessages::ObjectiveInteractorComponentServerFacet_OnPvpMissionSelectionRequest	0x14494AC90	1	5	1	0	1	0	0	0	0
37AF0797-55EB-4BDA-82BD-4264B32E444B	3819	Javelin::ClientMessages::ObjectiveInteractorComponentServerFacet_OnCommunityGoalSelectionRequest	0x14494AD60	2	6	1	0	1	0	0	0	0
1B84CAC4-FF91-4813-B9F8-0EA82E9CB96C	3824	Javelin::ClientMessages::ObjectiveInteractorComponentServerFacet_DebugForceRefresh	0x14494AE30	1	5	1	0	1	0	0	0	0
D918F6EC-22CA-4CF0-85D8-7E71485EE2BE	3826	Javelin::ClientMessages::ObjectiveInteractorComponentClientFacet_DEBUG_OnReceiveServerDebugData	0x14494AF70	1	9	1	0	0	0	0	1	0
6615F789-D912-4C79-823D-41BECB13E2B8	3827	Javelin::ClientMessages::ObjectiveInteractorComponentServerFacet_DEBUG_RequestServerSideDebugData	0x14494B1E0		5	0	0	0	0	0	0	0
7EE1113E-D69B-419A-BE5D-6A0E6772516E	3828	Javelin::ClientMessages::ObjectiveInteractorComponentServerFacet_DEBUG_RequestForceUpdateReplicatedState	0x14494B2B0		5	0	0	0	0	0	0	0
FA194935-A361-46CB-9267-760F4689E0A8	5152	Javelin::ClientMessages::ObjectiveInteractorComponentServerFacet_DEBUG_RequestClearUnavailableMissions	0x14494B380		5	0	0	0	0	0	0	0
347B1372-EDF7-4129-947F-2D7D2F75CE95	3054	Javelin::ClientMessages::DebugRenderComponentClientFacet_AddShapes	0x145ACCCF0	1	20	5	0	0	9	0	0	2
F8AB9925-50F5-43E7-82EF-6C56134DF93B	1757	Javelin::ClientMessages::AIObjectiveManagerComponentServerFacet_ToggleAssignmentDisplay	0x145D3AE00	1	10	2	0	1	0	0	3	0
7E595EC2-5471-4CCE-B86B-6C104AD4285E	2291	Javelin::ClientMessages::AIObjectiveManagerComponentServerFacet_DebugSetRaidId	0x145D3B0E0	1	5	1	0	1	0	0	0	0
98DC8561-7630-461A-997C-CE4402C0F450	2368	Javelin::AI::ClientMessages::HubLocalCacheComponentServerFacet_RegisterClientForDebugSnapshots	0x145D3E000	2	10	1	0	1	0	0	2	0
8DA844FF-47E3-476A-B443-DF5634B059C9	2369	Javelin::AI::ClientMessages::HubLocalCacheComponentServerFacet_UnregisterClientForDebugSnapshots	0x145D3E540	2	10	1	0	1	0	0	2	0
B72C14D2-6615-401E-ACE9-25CF6D2CA55E	2370	Javelin::AI::ClientMessages::HubLocalCacheComponentServerFacet_DebugChangeRefreshRate	0x145D3E970	1	5	1	0	2	0	0	0	0
F73A2275-EB3C-4047-B1FA-66B224B57F5A	807	Javelin::AI::ClientMessages::HubLocalCacheComponentClientFacet_ReceiveDebugSnapshot	0x145D3ED10	1	29	4	0	1	3	0	0	3
7ADBB803-BB12-404B-B3E6-70C674C2D385	5501	Javelin::AI::ClientMessages::HubLocalCacheComponentClientFacet_ReceiveDetectorOverrides	0x145D3F050	1	29	6	0	5	5	0	3	2
7E19C100-AFDA-485E-909E-D741446020D3	4798	Javelin::AI::ClientMessages::HubLocalCacheComponentServerFacet_RegisterForHLCActorUpdates	0x145D3F210		5	0	0	0	0	0	0	0
1E029306-EB45-4737-8632-8E85DF6EB946	4799	Javelin::AI::ClientMessages::HubLocalCacheComponentServerFacet_UnregisterFromHLCActorUpdates	0x145D3F3D0		5	0	0	0	0	0	0	0
30AC337F-85C3-4FBB-A0D4-9D1620BDDBC7	4800	Javelin::AI::ClientMessages::HubLocalCacheComponentClientFacet_ReceiveHLCActorDebugInfo	0x145D3F4A0	2	35	5	0	1	0	0	5	3
AF20E531-99C7-44AE-B515-5E4E37FBEE1C	2371	Javelin::ClientMessages::PerceptionComponentClientFacet_SyncDebugInfo	0x145D41850	1	5	1	0	0	4	0	2	0
0097CCD2-9F68-42EB-A7B9-A9ABC746D3E3	1523	Javelin::ClientMessages::PerceptionComponentServerFacet_RegisterClientForDebug	0x145D41940	2	10	1	0	1	0	0	2	0
FE0FC13C-E033-4BEA-97AE-392539ADCCF0	2054	Javelin::ClientMessages::PerceptionComponentServerFacet_UnregisterClientForDebug	0x145D41C00	2	10	1	0	1	0	0	2	0
69DA29DD-AFC5-411A-8B93-D8B00FA81DF4	5276	Javelin::ClientMessages::PerceptionComponentServerFacet_ToggleLOSRaycastDebug	0x145D42080	1	5	1	0	0	0	0	1	0
970D6F2D-059D-469A-ADBF-133A7589DF84	2380	Javelin::ClientMessages::StimulusComponentClientFacet_SyncDebugInfo	0x145D3DA40	1	20	3	0	3	0	0	0	2
8296E3B7-26F2-4112-8103-974C92887DC2	1276	Javelin::ClientMessages::StimulusComponentClientFacet_SyncThreatValues	0x145D3DF10	1	14	2	0	0	1	0	0	1
8790B466-69F5-46C6-891A-DF9E4EB49383	712	Javelin::ClientMessages::StimulusComponentClientFacet_ClearDebugInfo	0x145D3E3C0		5	0	0	0	0	0	0	0
8239372A-D698-4F41-AAF0-17CFEF53BEAF	2382	Javelin::ClientMessages::StimulusComponentServerFacet_RegisterClientForDebug	0x145D3E820		9	0	0	0	0	0	0	0
8A5D4EDD-D557-4211-86FF-5E112F212F32	2101	Javelin::ClientMessages::StimulusComponentServerFacet_UnregisterClientForDebug	0x145D3EBE0		13	0	0	0	0	0	0	0
DBCF6986-E014-401F-B14D-D7118A062B67	2387	Javelin::ClientMessages::StimulusComponentServerFacet_RenderPositions	0x145D3EF70	2	6	1	0	0	0	0	1	0
DBC3F483-B020-43DF-A6F6-8FA96917A8C3	2388	Javelin::ClientMessages::StimulusComponentServerFacet_DebugThreat	0x145D3F140	1	5	1	0	0	0	0	1	0
B5BC15CC-0A79-4D10-9B5F-9BA5F2415CD7	2843	Javelin::ClientMessages::AlignToTerrainComponentServerFacet_DEBUG_RequestServerInfo	0x146587C00	2	10	1	0	1	0	0	2	0
E73216B6-A9F9-40C2-9893-29A3865A2F1B	2846	Javelin::ClientMessages::AlignToTerrainComponentClientFacet_DEBUG_RequestServerInfoResponse	0x14658A140	1	5	1	0	0	2	0	0	0
5086CC2B-C5AF-4171-9F3C-519EAD90870A	2848	Javelin::ClientMessages::AlignToTerrainComponentServerFacet_DEBUG_EnableDrawServerGroundNormal	0x14658C6B0	1	5	1	0	0	0	0	1	0
00FBD72A-917C-4F04-8C6C-94689E568AE4	6412	Javelin::ClientMessages::PlayerAppearanceComponentServerFacet_DebugSetAppearance	0x146581400	2	6	1	0	3	0	0	0	0
AAA751AF-844E-4DC1-80C9-AE261542819C	6420	Javelin::ClientMessages::PlayerAppearanceComponentServerFacet_PurchaseAppearanceChange	0x146583060		6	0	0	0	0	0	0	0
1FC7A04B-048A-40BD-B7C0-64F8BBB39032	6436	Javelin::ClientMessages::PlayerAppearanceComponentClientFacet_OnPurchaseError	0x146584BC0		5	0	0	0	0	0	0	0
D613688C-C174-4A20-B2FC-1BEAFC5D96A6	6855	Javelin::ClientMessages::PlayerAppearanceComponentClientFacet_OnPurchaseSuccess	0x146586ED0		5	0	0	0	0	0	0	0
9BAF48AB-398E-460A-9321-71B8745ADFC4	2857	Javelin::ClientMessages::AbilityComponentServerFacet_RequestApplyAbilityPoints	0x146568CE0		5	0	0	0	0	0	0	0
0DD6BB71-BCEA-4D7E-9A79-202C5EB310A3	2259	Javelin::ClientMessages::AbilityComponentServerFacet_RequestRefundSpentPoints	0x14656ABE0		5	0	0	0	0	0	0	0
E4F2E8A6-9FA3-4409-AC0D-6722558550DA	1150	Javelin::ClientMessages::AbilityComponentServerFacet_RequestChangeSelectedTable	0x14656D4F0	1	5	1	1	0	0	0	0	0
6079F48F-5598-43D1-BE9F-F9C44B7B16A1	2701	Javelin::ClientMessages::AbilityComponentServerFacet_RequestChangeMappedAbility	0x14656FD30	1	14	1	1	2	0	0	0	0
F5BCCF27-8788-40DB-B6B5-24121B119750	186	Javelin::ClientMessages::AbilityComponentServerFacet_RequestMasteryTreeRespec	0x1465725D0	1	5	1	1	0	0	0	1	0
BDA9C618-2E5F-4474-AD69-6A36F462C136	2858	Javelin::ClientMessages::AbilityComponentClientFacet_MasteryTreeRespecResponse	0x146574D30	2	6	1	0	1	0	0	1	0
79069967-FE89-4765-B14F-36A0BD58A701	1662	Javelin::ClientMessages::AbilityComponentServerFacet_DebugRequestAddAbilityPoints	0x146576200	1	5	1	0	1	0	0	0	0
5A40B859-E2E8-4B88-B615-520645B2ABDC	6160	Javelin::ClientMessages::AbilityComponentServerFacet_Debug_IgnorePvpHealingBalance	0x146578CE0	1	5	1	0	0	0	0	1	0
0192067C-C33E-7FAC-9EBA-4BF6AD3073A8	6791	Javelin::ClientMessages::AbilityComponentServerFacet_Debug_IgnorePvpCooldownBalance	0x14657AD20	1	5	1	0	0	0	0	1	0
19C024D7-31D1-4661-A5AD-95A7D6A77450	2863	Javelin::ClientMessages::AutoSpellComponentClientFacet_OnLifetimeExpire	0x146597680		5	0	0	0	0	0	0	0
37BCBCD5-AD51-48FB-BE85-0B6B3997B6BB	38	Javelin::ClientMessages::AutoSpellComponentClientFacet_OnSpellCast	0x146599570		5	0	0	0	0	0	0	0
408C06BB-7DFE-4338-A06E-4728A181BE10	1790	Javelin::ClientMessages::HomingComponentClientFacet_SetHomingOverrideTarget	0x14656B240	2	9	1	0	0	0	0	1	0
3CDCD7F8-578A-4A6A-BA1F-B0CF34498D7E	2633	Javelin::ClientMessages::IncapacitatedCharacterComponentServerFacet_TestActivate	0x146594300	1	5	1	0	0	0	0	1	0
E069C6E9-FF7D-4E5E-85E7-45AC6FF9D550	2900	Javelin::ClientMessages::ProjectileSpawnerComponentClientFacet_OnServerSpawn	0x146576950		5	0	0	0	0	0	0	0
D869E9D7-110E-4D23-B007-4C2AB469B189	327	Javelin::ClientMessages::ProjectileSpawnerComponentClientFacet_OnServerSpawnAuthoritativeProjectile	0x146579160	1	8	1	0	0	0	0	1	0
6F88C898-17FF-4972-AB3A-8308D57A9699	1931	Javelin::ClientMessages::ProjectileSpawnerComponentServerFacet_DEBUG_Spawn	0x14657B090	1	6	2	0	0	4	0	0	0
5AB853F9-9533-4BA2-B45A-DC9E09318983	752	Javelin::ClientMessages::ProjectileSpawnerComponentServerFacet_DEBUG_FireAtTarget	0x14657C720	2	6	1	0	0	3	0	0	0
E4CDF42E-FDB9-4603-90EB-66898EF51B9C	2909	Javelin::ClientMessages::SpellComponentClientFacet_ClientSpawnSiphon	0x1465682A0		9	0	0	0	0	0	0	0
EE9B9004-F748-4D21-A996-548A6236D28E	5064	Javelin::ClientMessages::SpellComponentClientFacet_ClientTriggerEventDataOnAttachedEntityLost	0x14656A0E0		5	0	0	0	0	0	0	0
E762EF89-AC73-4F0D-8333-3B10E9203A48	3012	Javelin::ClientMessages::BeamAttackComponentServerFacet_SetBeamActive	0x1465706D0	1	6	2	0	2	0	0	1	0
BE9C5959-8FDB-4ABF-92B0-6B2126B0126C	3013	Javelin::ClientMessages::CombatTextComponentClientFacet_AddCombatTextData	0x1465A1640	2	15	3	0	1	7	0	3	1
23E1C901-F994-420A-9338-B0BC0D8DB669	3014	Javelin::ClientMessages::CombatTextComponentClientFacet_AddCombatValidationData	0x1465A39E0	1	18	3	0	1	0	0	0	2
3E986196-C4DC-48BE-A83C-5CAB3A349F72	3015	Javelin::ClientMessages::CombatTextComponentServerFacet_ToggleCombatValidationData	0x1465A5D10	1	5	1	0	0	0	0	1	0
07D9175B-3AFE-4F43-A494-43005BB1BB4F	2071	Javelin::ClientMessages::DamageReceiverComponentClientFacet_OnDamageDealt	0x14656CE90	2	17	2	0	2	2	0	2	1
07B575FC-E60B-498C-B87E-6F8241E5F035	2218	Javelin::ClientMessages::DamageReceiverComponentClientFacet_HandleMeleeDamage	0x14656F9B0	1	5	1	0	0	0	0	1	0
6E16C88F-96FD-4C96-850E-21E1F65A6824	1924	Javelin::ClientMessages::DamageReceiverComponentClientFacet_DisplayImmuneText	0x146572380		5	0	0	0	0	0	0	0
3A8C3D70-8DB6-435E-85BB-87A5F39E1C34	20	Javelin::ClientMessages::DamageReceiverComponentServerFacet_DebugHandleDamage	0x146574A10	2	18	2	0	2	0	0	1	0
FA6D78FE-AB68-4B6A-8F12-2FAE99E1A75B	3031	Javelin::ClientMessages::MomentaryOffenseComponentClientFacet_OnDamageDealt	0x1465B58F0		5	0	0	0	0	0	0	0
84971417-D9A6-42D6-93A4-EC344EED37C7	3034	Javelin::ClientMessages::OffenseCollisionComponentClientFacet_OnDamageDamageable	0x14656A8E0		5	0	0	0	0	0	0	0
073F09E7-18EC-4818-AA72-17639CB0FDB2	3895	Javelin::ClientMessages::PaperdollComponentServerFacet_ServerEquipItem	0x1465B9EF0	1	20	2	0	3	0	0	2	0
8282246D-7664-4676-A8CE-05E04A9DAACD	3896	Javelin::ClientMessages::PaperdollComponentServerFacet_ServerUnequipItem	0x1465BC100	1	20	2	0	3	0	0	1	0
AC806836-4F39-46D9-8302-6E1415FAD30D	3899	Javelin::ClientMessages::PaperdollComponentServerFacet_ToggleSheath	0x146562BB0	1	14	1	0	1	0	0	0	0
52D8A095-A6D7-4C99-9FF4-6E4C880E2687	3900	Javelin::ClientMessages::PaperdollComponentServerFacet_ServerSwapItems	0x146564F20	1	16	2	0	1	0	0	2	0
F92F7339-CAD5-4212-859E-644A126FA214	663	Javelin::ClientMessages::PaperdollComponentServerFacet_ServerUseItem	0x1465677A0	1	14	1	0	1	0	0	0	0
3E8D04C1-5E56-45D7-9C9E-4E83EAB1A011	5302	Javelin::ClientMessages::PaperdollComponentServerFacet_SetPreviewActive	0x1465698E0	1	5	1	0	0	0	0	1	0
4903E677-5609-481E-8167-011D1A56F19B	3902	Javelin::ClientMessages::PaperdollComponentServerFacet_ServerCycleWeapon	0x14656B570	1	14	1	0	1	0	0	0	0
2CB00F22-A7C2-47EC-A900-1F9E68A8B50F	3776	Javelin::ClientMessages::PaperdollComponentServerFacet_SetWeaponMannequinTags	0x14656E370	1	14	1	0	2	0	0	0	0
434EF5F1-2F6D-499F-A55F-70EDE8E23267	5441	Javelin::ClientMessages::PaperdollComponentServerFacet_RequestAddLoadout	0x146570B80	2	6	1	0	0	0	0	0	1
71E1F2F6-6AD9-40A1-9AE3-26A6599258CE	5438	Javelin::ClientMessages::PaperdollComponentServerFacet_RequestRemoveLoadout	0x146573270		14	0	0	0	0	0	0	0
3ADCA05F-4480-44A3-B4C0-924CFE37E5EC	5442	Javelin::ClientMessages::PaperdollComponentServerFacet_RequestSwitchToLoadout	0x146575340		14	0	0	0	0	0	0	0
0014E7C7-4941-4F0D-AD9D-5C961FDD6E9C	5487	Javelin::ClientMessages::PaperdollComponentServerFacet_RequestRenameLoadout	0x146576F10		5	0	0	0	0	0	0	0
A37CF769-A46A-4DBD-8BF6-6404B3488FB7	5579	Javelin::ClientMessages::PaperdollComponentServerFacet_RequestAddItemToLoadouts	0x146579760	1	24	2	0	4	0	0	1	1
5727D03B-1B6A-4581-AB13-93982B136879	5430	Javelin::ClientMessages::PaperdollComponentServerFacet_RequestRemoveItemFromLoadout	0x14657B500	2	20	1	1	1	0	0	0	0
4376A82B-FE47-49E7-BC22-D280D9724573	5427	Javelin::ClientMessages::PaperdollComponentServerFacet_RequestRemoveAllItemsFromLoadout	0x14657CB30		5	0	0	0	0	0	0	0
69B8049A-24F2-429C-92FD-83665D65C333	5443	Javelin::ClientMessages::PaperdollComponentServerFacet_RequestRemoveItemFromAllLoadouts	0x14657E9F0	1	16	1	1	0	0	0	0	0
B3053201-813E-491F-9661-0372FF8C4EFA	5542	Javelin::ClientMessages::PaperdollComponentServerFacet_RequestSavePaperdollToLoadout	0x1465810B0		14	0	0	0	0	0	0	0
9DC360CC-2A14-4483-B5B5-CBD5E3298412	5578	Javelin::ClientMessages::PaperdollComponentServerFacet_RequestSetIsLoadoutPanelOpen	0x146582D10	1	5	1	0	0	0	0	1	0
A7177E99-38F8-4576-83E8-93FD6C19EB57	5978	Javelin::ClientMessages::PaperdollComponentServerFacet_SetHidingSkinOnSlot	0x146584970		5	0	0	0	0	0	0	0
5EC3E49A-BAE7-4C5E-8821-EFBA6DDB59AC	5497	Javelin::ClientMessages::PaperdollComponentClientFacet_SendLoadoutStatusNotification	0x146586720	1	5	1	1	1	0	0	0	0
B628F3EB-FA07-43FF-A05E-C2E52ABC1A8B	1253	Javelin::ClientMessages::PaperdollComponentServerFacet_UnequipAllItems	0x146589A60	1	5	1	0	0	0	0	1	0
3D23BE0E-AD7E-432A-B64C-F85E63DE463B	3903	Javelin::ClientMessages::PaperdollComponentServerFacet_DebugSetDurability	0x14658B5A0	1	5	1	0	2	0	0	0	0
9425F33F-3934-4323-8250-65E14AC86ED2	6124	Javelin::ClientMessages::PaperdollComponentServerFacet_DebugSetIgnoreDurabilityLoss	0x14658DFD0	1	5	1	0	0	0	0	1	0
3B99A19A-FE06-4389-88C7-B6EBFE16EEA3	1807	Javelin::ClientMessages::PaperdollComponentServerFacet_DebugForceItemFixed	0x14658FFB0	1	5	1	0	1	0	0	0	0
E5AA5B43-F801-452F-8AA5-1F26C5D7549F	1407	Javelin::ClientMessages::PaperdollComponentServerFacet_DebugRequestSyncAverageArmorGS	0x146593290		5	0	0	0	0	0	0	0
F7E3AC89-4E8F-47AC-B5F1-03A406BC0A4D	3690	Javelin::ClientMessages::PaperdollComponentClientFacet_DebugSyncAverageArmorGS	0x1465952E0	1	5	1	1	0	0	0	0	0
AC5537FD-8B79-4055-8309-ECE10C2E2A14	4814	Javelin::ClientMessages::PaperdollComponentServerFacet_DebugConsumeLoadedAmmo	0x146597C10	2	6	1	0	1	0	0	0	0
77A81F98-371E-47A2-B64B-537C7B9A5F18	4813	Javelin::ClientMessages::PaperdollComponentServerFacet_DebugSetLoadedAmmo	0x14659A1C0	2	6	1	0	1	0	0	0	0
55D1164C-FB61-4C09-B6DA-67C3E9424C47	5515	Javelin::ClientMessages::PaperdollComponentServerFacet_ServerEquipAllItems	0x14659C4F0	1	5	1	0	0	0	0	1	0
7A03202E-BCFC-45D6-B859-83011422923A	3904	Javelin::ClientMessages::PaperdollComponentClientFacet_PlayItemSoundFromRoot	0x14659E710	1	13	2	0	1	0	0	0	1
5C40A053-F92B-446F-AAFA-6F9C819DF06E	3626	Javelin::ClientMessages::PaperdollComponentClientFacet_OnEquipItemFail	0x1465A09B0	1	5	1	0	1	0	0	0	0
3EB23CF6-74E0-4AC1-BECA-FD70AAC9443A	5323	Javelin::ClientMessages::PaperdollComponentClientFacet_HandleThrowableWarningExpire	0x1465A2EA0		5	0	0	0	0	0	0	0
2BE9CA25-9254-4EC3-AD01-9B574F20CE07	2557	Javelin::ClientMessages::HitVolumeComponentServerFacet_DEBUG_SetEnabled	0x146577EE0	1	5	1	0	0	0	0	1	0
EBE3D337-F652-46F8-9A7C-432AC4CA44B8	1838	Javelin::ClientMessages::ItemDropComponentServerFacet_DropInventoryItems	0x14659DA50	3	10	1	0	0	0	0	0	1
2A553282-48CC-4C2D-8140-67FB4A8A62D2	3938	Javelin::ClientMessages::ItemDropComponentServerFacet_DropInventoryItemsByClass	0x14659FE50		5	0	0	0	0	0	0	0
43F9A0B6-5B1D-4D97-A4A3-61F51E0610C8	826	Javelin::ClientMessages::ItemDropComponentServerFacet_DropPaperdollItem	0x1465A2450	1	16	1	0	2	0	0	0	0
B46E3A17-40DB-4B7F-86D3-4988B9709C11	3939	Javelin::ClientMessages::LocalPlayerDebugComponentServerFacet_ReloadDataTables	0x14659FCC0		5	0	0	0	0	0	0	0
B17C08C8-1DD8-472D-8339-73A170B540A9	3940	Javelin::ClientMessages::LocalPlayerDebugComponentServerFacet_ForceDestroyStructure	0x1465A1EC0	2	9	1	0	0	0	0	1	0
579855AE-6897-4327-A27E-CB256E7D4AB7	1888	Javelin::ClientMessages::LocalPlayerDebugComponentServerFacet_SyncRemoteStatusModData	0x1465A4680	2	9	1	0	0	0	0	1	0
4265E85B-7725-4CF3-91CD-E36B3983C135	5290	Javelin::ClientMessages::LocalPlayerDebugComponentServerFacet_SyncRemoteStatusEffects	0x1465A6920	2	9	1	0	0	0	0	1	0
D69BCAD4-599C-45B9-A2D0-3CA1AF48EAD4	3941	Javelin::ClientMessages::LocalPlayerDebugComponentServerFacet_DebugTeleportPlayer	0x1465A9150	3	9	2	0	0	7	0	0	0
4086D890-842C-4EF7-AF9E-4168570ADC39	1033	Javelin::ClientMessages::LocalPlayerDebugComponentServerFacet_DebugTeleportPlayerGM	0x1465AB650	3	9	2	0	0	7	0	0	0
73A6AB03-A5AB-4E27-B1BD-132CC945AA66	3942	Javelin::ClientMessages::LocalPlayerDebugComponentServerFacet_ResetAoi	0x1465AD1F0		5	0	0	0	0	0	0	0
CEEE5DA1-9C4B-4917-BB99-0D67E255563D	5712	Javelin::ClientMessages::LocalPlayerDebugComponentServerFacet_XperfCapture	0x1465AF110		5	0	0	0	0	0	0	0
D315E982-B517-4198-ADA6-90C9A9256DB6	5797	Javelin::ClientMessages::LocalPlayerDebugComponentServerFacet_RequestServerNetTrackDebugInfo	0x1465B24D0		5	0	0	0	0	0	0	0
B6485DC5-D9BF-4213-802A-7C557C84A56D	5804	Javelin::ClientMessages::LocalPlayerDebugComponentServerFacet_UpdateServerNetTrackDebugInfo	0x1465B4D20		7	0	0	0	0	0	0	0
064A7A56-DF36-448A-81F6-8BE2CA0DC568	3944	Javelin::ClientMessages::LocalPlayerDebugComponentServerFacet_ToggleLootResults	0x1465B6B20	1	5	1	0	0	0	0	1	0
32F4D298-FB90-4BCB-8D21-92EA70C578E5	1586	Javelin::ClientMessages::LocalPlayerDebugComponentServerFacet_SetDebugLootTags	0x1465B9D00	2	14	1	0	2	0	0	0	1
2AD401B7-0501-43CC-A904-156D0A2940C7	450	Javelin::ClientMessages::LocalPlayerDebugComponentServerFacet_SetDebugTableRolls	0x1465BBE90	2	14	1	0	2	0	0	0	1
99EDB7CB-D1E3-4F08-9543-4EE214FD9B51	5193	Javelin::ClientMessages::LocalPlayerDebugComponentServerFacet_SetDebugGlobalRollBonus	0x1465628C0	1	5	1	0	1	0	0	0	0
A2BBF0D3-A57E-4747-8A9C-CCACE3479A71	5197	Javelin::ClientMessages::LocalPlayerDebugComponentServerFacet_SetDebugLuckBonus	0x146564D70	1	5	1	0	1	0	0	0	0
5A573908-B846-4A51-AD13-4B30787AFD85	5354	Javelin::ClientMessages::LocalPlayerDebugComponentServerFacet_ToggleDebugPerkRolls	0x146567500	1	5	1	0	0	0	0	1	0
B8CB56A0-DA92-4BC8-B0D0-AD896A9ED359	6113	Javelin::ClientMessages::LocalPlayerDebugComponentServerFacet_SetDebugForceLootBiasing	0x146569780	1	5	1	0	0	0	0	1	0
25E52621-377F-4249-B148-B72D3E79A28B	4774	Javelin::ClientMessages::LocalPlayerDebugComponentServerFacet_SetDebugAccountProbationOverrideState	0x14656B340		5	0	0	0	0	0	0	0
9DFEC3D7-38F6-4F98-8DF2-C8F7B7F99A7F	2064	Javelin::ClientMessages::LocalPlayerDebugComponentServerFacet_HideMe	0x14656E180	1	5	1	0	0	0	0	1	0
348D014D-E235-44C1-ADD4-08BB24927031	1082	Javelin::ClientMessages::LocalPlayerDebugComponentClientFacet_SetLootResults	0x146570880	3	28	5	0	12	0	0	1	4
73F622F5-2AA1-4575-941A-ABBC552B58E8	5353	Javelin::ClientMessages::LocalPlayerDebugComponentClientFacet_AddDebugPerkRollData	0x146572FA0	2	29	6	1	7	1	0	1	4
AB04CE63-8CD8-4F24-BBF0-2FE5D528AAA4	3949	Javelin::ClientMessages::LocalPlayerDebugComponentClientFacet_UpdateHideState	0x146575180	1	5	1	0	0	0	0	1	0
981BD805-E420-4444-B4C5-12ABF21F2591	5671	Javelin::ClientMessages::LocalPlayerDebugComponentClientFacet_SyncToggleLootResults	0x146576C90	1	5	1	0	0	0	0	1	0
200603E3-4CA3-4E21-91DA-A05D072B7D58	5669	Javelin::ClientMessages::LocalPlayerDebugComponentClientFacet_SyncTogglePerkResults	0x1465794E0	1	5	1	0	0	0	0	1	0
DEE609E6-A2C8-4D8B-9F43-6566FC46283C	6115	Javelin::ClientMessages::LocalPlayerDebugComponentClientFacet_SyncDebugForceLootBiasing	0x14657B3D0	1	5	1	0	0	0	0	1	0
90BC71BE-382F-4D3B-9098-760B5E4F5BFC	5805	Javelin::ClientMessages::LocalPlayerDebugComponentClientFacet_UpdateClientNetTrackDebugInfo	0x14657CA00		7	0	0	0	0	0	0	0
28E8B2EC-0505-473D-AAF1-66AA26376A15	6356	Javelin::ClientMessages::LocalPlayerDebugComponentServerFacet_SpawnSlice	0x14657E680	2	26	2	1	1	0	0	2	0
3C4C046E-76D9-406D-A2CE-02AA75D8923C	5840	Javelin::ClientMessages::LocalPlayerDebugComponentClientFacet_DebugMessageBox	0x146580F10	2	14	1	0	0	0	0	0	1
971DDBB2-67DB-4BEB-9632-85851D0EE00E	5181	Javelin::ClientMessages::PlayerComponentServerFacet_OnAckLevelInfoChanged	0x14658A6A0		5	0	0	0	0	0	0	0
C9FB82A3-2A3D-480A-91BF-DC72C0F3A277	3950	Javelin::ClientMessages::PlayerComponentClientFacet_OnPlayerDeath	0x14658D070	1	5	1	0	0	1	0	0	0
63AC40CF-E236-4629-A66D-2FC87631B5DC	2062	Javelin::ClientMessages::PlayerComponentClientFacet_OnReturnToMainWorld	0x14658EB40		5	0	0	0	0	0	0	0
8D371AC0-B5AD-49BC-8381-8DA7943772DB	3951	Javelin::ClientMessages::PlayerComponentClientFacet_OnTeleportWithLoadingScreen	0x146591D90	1	5	1	0	0	0	0	1	0
17159FBE-9675-405D-B6A2-3211967D0E38	3953	Javelin::ClientMessages::PlayerComponentClientFacet_OnTeleportWithFade	0x146594140	1	5	1	0	0	3	0	0	0
B34A7676-EFC1-472B-86E6-130F6AC470C6	3954	Javelin::ClientMessages::PlayerComponentClientFacet_OnPlayerTeleport	0x1465966B0		5	0	0	0	0	0	0	0
49535D3C-B1EC-4C53-BC9A-AB8275F93607	5983	Javelin::ClientMessages::PlayerComponentClientFacet_OnDisplayPopup	0x146598EB0		5	0	0	0	0	0	0	0
6E2A29B1-AF9E-441C-8A71-67C409FDEEBC	4854	Javelin::ClientMessages::PlayerComponentServerFacet_OnTelemetryOptionsDataChanged	0x14659B1F0	2	17	1	0	0	0	0	1	0
6A4AF4E8-CB4C-4EE5-8B36-C6C5943EF8B3	3956	Javelin::ClientMessages::PlayerComponentServerFacet_RequestGmPermissions	0x14659CFC0		5	0	0	0	0	0	0	0
6E43421D-BA8D-4C17-8A69-FFF27091FD54	3957	Javelin::ClientMessages::PlayerComponentServerFacet_DebugRequestTeleport	0x14659FAB0	3	29	4	0	4	3	0	1	0
15E7A5F6-AA2D-4CF3-93B3-0FB16061CDF9	3736	Javelin::ClientMessages::PlayerComponentServerFacet_DebugCancelTeleportRequest	0x1465A1D00		5	0	0	0	0	0	0	0
AA1C3DFE-A7E9-47CB-ACC5-87D4C8CF3140	5745	Javelin::ClientMessages::PlayerComponentServerFacet_DebugSetHomeWorldId	0x1465A4210	3	13	1	0	0	0	0	0	1
86FC699D-4C28-466B-9725-9BAC10EC7848	5955	Javelin::ClientMessages::PlayerComponentServerFacet_DebugSetMatchId	0x1465A6790	3	13	1	0	0	0	0	0	1
4A1A68F2-58C2-4086-86FE-2556545B44A8	5715	Javelin::ClientMessages::PlayerComponentServerFacet_DebugSetSrcWorldId	0x1465A8EC0	3	13	1	0	0	0	0	0	1
D222E6BE-3E07-40AF-9326-27F0B117E95D	7022	Javelin::ClientMessages::PlayerComponentClientFacet_OnTeleportRequestFailedOrCancelled	0x1465AB490		5	0	0	0	0	0	0	0
12A0B32C-8138-4305-B122-DCF5C1B1F71E	1938	Javelin::ClientMessages::PlayerComponentServerFacet_RequestRespawn	0x1465ACE90	1	6	2	0	0	0	0	1	1
71EC4E75-A511-428A-9A35-5016C627E23D	6804	Javelin::ClientMessages::PlayerComponentServerFacet_SetIsFreeTrialPlayer	0x1465AEFB0	1	5	1	0	0	0	0	1	0
9FC6383E-F50E-4CD6-BA36-17875049402D	2051	Javelin::ClientMessages::PlayerComponentServerFacet_DebugTriggerOverpopulationTeleport	0x1465B22D0		5	0	0	0	0	0	0	0
3FF8A080-636E-4E73-9D18-7C3C62766900	3963	Javelin::ClientMessages::PlayerComponentClientFacet_OnOverpopulationTeleportNotification	0x1465B49A0		5	0	0	0	0	0	0	0
C117AD91-2B58-4457-8C4C-5E3865EF7959	3964	Javelin::ClientMessages::PlayerComponentClientFacet_OnForcedOverpopulationTeleportNotification	0x1465B6840		5	0	0	0	0	0	0	0
F16351A1-4C2C-419A-BB9A-DF1E405661BB	2479	Javelin::ClientMessages::PlayerComponentServerFacet_RequestImmediateOverpopulationTeleport	0x1465B9C30		5	0	0	0	0	0	0	0
A066596D-F728-4803-A9A6-24E391E0007E	961	Javelin::ClientMessages::PlayerComponentServerFacet_DebugRequestOverpopulationTeleportMetadata	0x1465BBDF0	1	5	1	0	0	0	0	1	0
B91B25A8-BEB1-4E15-B9E4-95A419037641	3966	Javelin::ClientMessages::PlayerComponentClientFacet_DebugReceiveOverpopulationTeleportMetadata	0x1465625C0	2	22	3	0	1	0	0	0	2
8950B8C3-339D-4B05-92BC-7C4CF54FB872	3967	Javelin::ClientMessages::PlayerComponentServerFacet_OnCullLimitPctChangeRequest	0x146564B30		14	0	0	0	0	0	0	0
89630024-FFC6-4DE1-8435-D6EF2145749F	3609	Javelin::ClientMessages::PlayerComponentServerFacet_SyncPlayerTypeFromClient	0x146567390		14	0	0	0	0	0	0	0
797EAC92-B83F-44A4-83D6-439BAA69A2B9	373	Javelin::ClientMessages::PlayerComponentServerFacet_RequestRandomRespawn	0x146569520		5	0	0	0	0	0	0	0
B0D1D74F-30F4-46B8-ADF0-AE7F6D900CED	6557	Javelin::ClientMessages::PlayerComponentServerFacet_DebugForceTokenRefresh	0x14656B1B0		5	0	0	0	0	0	0	0
5B0C96DC-927B-4238-9600-F8EE73A2D8B6	6792	Javelin::ClientMessages::PlayerComponentServerFacet_DebugForceTokenRevoke	0x14656E050		5	0	0	0	0	0	0	0
D841D0BF-C970-4FD4-98AB-E48CCB4FC949	3968	Javelin::ClientMessages::PlayerComponentServerFacet_RequestServerReport	0x1465705E0		5	0	0	0	0	0	0	0
786AE543-1764-4FE9-8124-D43C8F2C87B3	3970	Javelin::ClientMessages::PlayerComponentServerFacet_RequestSetIsLookingThroughLoadout	0x146572DC0	1	5	1	0	0	0	0	1	0
6F0586F5-9492-4B63-89CF-7179F3A5EE95	4908	Javelin::ClientMessages::PlayerComponentServerFacet_RequestSetIsInStore	0x146574FB0	1	5	1	0	0	0	0	1	0
E540040E-047E-452C-8BDD-30C2FD399781	6066	Javelin::ClientMessages::PlayerComponentServerFacet_RequestSetIsChangingMount	0x1465769F0	1	5	1	0	0	0	0	1	0
172EB24D-B26D-4E05-BF62-3822BF2CCD31	6463	Javelin::ClientMessages::PlayerComponentServerFacet_RequestSetIsTransmogStationScreenOpen	0x146579280	1	5	1	0	0	0	0	1	0
61B2FACA-DECD-4D94-9D36-3779FA83F4DC	6105	Javelin::ClientMessages::PlayerComponentServerFacet_RequestSetIsTransmogScreenOpen	0x14657B1E0	1	5	1	0	0	0	0	1	0
D32955B8-3DAE-4915-8BDB-1AA0D591C679	6392	Javelin::ClientMessages::PlayerComponentServerFacet_RequestSetIsInMountAttachmentMode	0x14657C820	1	5	1	0	0	0	0	1	0
A4D20874-D708-46B4-AA10-F124FDD6DF68	6486	Javelin::ClientMessages::PlayerComponentServerFacet_RequestSetIsArmorDyeingOpen	0x14657E4D0	1	5	1	0	0	0	0	1	0
DD4B43D2-9B39-49DB-B8AB-B39C0AE9D549	1051	Javelin::ClientMessages::PlayerComponentServerFacet_DebugFillAllInventories	0x146580CB0	1	5	1	0	1	0	0	1	0
AB4DEFD2-444B-4C1F-9A86-58E6ABB4F650	3971	Javelin::ClientMessages::PlayerComponentServerFacet_ChangePlayerBackstory	0x1465828D0	1	5	1	0	1	0	0	0	0
EC0FC761-46E9-435F-90BD-EFF8B93BEB92	502	Javelin::ClientMessages::PlayerComponentServerFacet_ReturnToMainWorld	0x146584820	1	5	1	0	0	0	0	1	0
93131D71-AC39-45D1-8BCC-C73E4968013D	1094	Javelin::ClientMessages::PlayerComponentServerFacet_OnSetBandwidthModeRequest	0x146586260	1	14	1	0	1	0	0	0	0
84EBE69B-691C-4EA4-8610-B101D41E1F95	937	Javelin::ClientMessages::PlayerComponentClientFacet_DarknessAdjustmentNotification	0x146589780		5	0	0	0	0	0	0	0
D1ABB602-D7C3-4619-9892-F8888F1E2D31	560	Javelin::ClientMessages::PlayerComponentServerFacet_TriggerAreaEntityPassthrough	0x14658B280	1	8	1	0	0	0	0	1	0
0E9FB97C-9EDF-40D7-A44C-122BC62CCD45	5526	Javelin::ClientMessages::PlayerComponentServerFacet_RequestSwitchPVPActiveToThisCharacter	0x14658DD80		5	0	0	0	0	0	0	0
EF6C6F50-C4D1-4101-8AC5-CB906985B87F	5525	Javelin::ClientMessages::PlayerComponentServerFacet_DebugResetPVPActiveTimer	0x14658FB70		5	0	0	0	0	0	0	0
2B37CDF3-B1AA-4BBA-9B14-C54CD6B0D072	5530	Javelin::ClientMessages::PlayerComponentServerFacet_DebugMakePVPInactive	0x146593000		5	0	0	0	0	0	0	0
E9B0DFAF-2598-4205-94B1-AB43D2031D8B	5556	Javelin::ClientMessages::PlayerComponentServerFacet_DebugForceUpdateDailyWarCount	0x146594E00	1	5	1	0	0	0	0	1	0
9AD0F0BF-F3FA-424C-8369-062B34D1CB7D	3975	Javelin::ClientMessages::PlayerComponentServerFacet_DebugSpawnGhostClient	0x146597B40		5	0	0	0	0	0	0	0
FF5AD185-B67D-47DB-84EC-8D97874D0711	447	Javelin::ClientMessages::PlayerComponentServerFacet_DebugDespawnGhostClient	0x146599A30		5	0	0	0	0	0	0	0
C3C4D706-C193-4D5E-A140-4245712EA2F0	1939	Javelin::ClientMessages::PlayerComponentServerFacet_DebugOrphanGhostClient	0x14659BF30		5	0	0	0	0	0	0	0
2C64D140-FB85-4C3A-BCB0-5BFA09186FBA	3616	Javelin::ClientMessages::PlayerComponentServerFacet_DebugSendLevelInfo	0x14659E460		5	0	0	0	0	0	0	0
061A1C2E-5746-4BF9-B17A-DB89FF0BF8B9	4808	Javelin::ClientMessages::PlayerComponentServerFacet_DebugReportAnalyticsSnapshot	0x1465A0760		5	0	0	0	0	0	0	0
3282BFF0-3DD0-4E21-B123-78E98FEC15F8	4843	Javelin::ClientMessages::PlayerComponentClientFacet_OnDebugReceiveAccountAge	0x1465A2A20	1	5	1	0	1	0	0	0	0
C3F077E5-6073-420D-8BE2-799280A8B2C6	4842	Javelin::ClientMessages::PlayerComponentServerFacet_DebugRequestAccountAge	0x1465A4F60		5	0	0	0	0	0	0	0
CD4A26AB-57ED-4E34-8F2D-33EB6B8DC1AC	4845	Javelin::ClientMessages::PlayerComponentServerFacet_DebugSetAccountAge	0x1465A7AC0	1	5	1	0	1	0	0	0	0
A923ED9D-4D00-4D10-A557-F38861ECFF70	4997	Javelin::ClientMessages::PlayerComponentServerFacet_DebugRequestKick	0x1465A9B60	1	13	2	0	1	0	0	0	1
36F814E4-1BE2-40C3-9C2D-B2B05011B035	1564	Javelin::ClientMessages::PlayerComponentClientFacet_OnFCPOverpopulationTeleportNotification	0x1465AC1C0	2	6	1	0	1	0	0	1	0
5F220E91-7F50-49AE-A925-50B2C1BB9376	3977	Javelin::ClientMessages::PlayerComponentClientFacet_OnCancelFCPOverpopulationTeleportNotification	0x1465ADF00	3	13	1	0	0	0	0	0	1
64CE44BB-EF32-4A79-9358-8363DF10D169	4954	Javelin::ClientMessages::PlayerComponentServerFacet_DebugTriggerPersistenceEmergency	0x1465B0360	1	13	2	0	1	0	0	0	1
F22F42B9-58F3-481A-B5DE-7239D70CC67D	5041	Javelin::ClientMessages::PlayerComponentServerFacet_DebugRequestSendMessageOfSize	0x1465B3160		5	0	0	0	0	0	0	0
2A235202-0790-4714-A8BE-2B23C9A922E0	5042	Javelin::ClientMessages::PlayerComponentClientFacet_DebugReceiveMessageOfSize	0x1465B59C0	3	13	1	0	0	0	0	0	1
9CDC80B0-32D7-47AF-A2AD-592A13F342B8	6053	Javelin::ClientMessages::PlayerComponentServerFacet_DebugRequestReconnectCrossWorld	0x1465B80A0	4	18	1	0	0	0	0	0	1
944C700E-03FC-47DA-8F09-24210381D505	4772	Javelin::ClientMessages::PlayerComponentServerFacet_OnReplicationDataCaptureAction	0x1465BAB00	1	5	1	0	0	0	0	1	0
47CF6970-735C-412B-8132-FAF7BEBE3C9C	5929	Javelin::ClientMessages::PlayerComponentServerFacet_RequestUnlockMilestoneModal	0x1465619D0	1	5	1	0	1	0	0	0	0
DF8CB86F-FC92-44D3-9F10-3A72D24FB1A8	6470	Javelin::ClientMessages::PlayerComponentServerFacet_RequestSyncGatherBanEnd	0x146563770		5	0	0	0	0	0	0	0
FED081A6-7CD3-43A4-BD4B-A727ECFE518B	6497	Javelin::ClientMessages::PlayerComponentServerFacet_RequestClearGatherBan	0x146565D60		5	0	0	0	0	0	0	0
D4D2C98B-13C4-4A2C-8FD1-B22A6DC1E00A	6498	Javelin::ClientMessages::PlayerComponentClientFacet_SyncGatherBanEnd	0x146568670		5	0	0	0	0	0	0	0
D5FB12ED-2F6C-4A58-957C-756CB00D7E71	6558	Javelin::ClientMessages::PlayerComponentClientFacet_RefreshClientToken	0x14656A170		5	0	0	0	0	0	0	0
3B469E2B-3624-482E-9EAB-B5F47DAEDC3F	6553	Javelin::ClientMessages::PlayerComponentServerFacet_OnClientAuthTokenCompleted	0x14656C5C0	2	13	1	0	1	0	0	1	0
45D5493C-DB9A-4D07-859F-B74C9907BB46	3206	Javelin::ClientMessages::PlayerDataBroadcastComponentServerFacet_OnWarboardEnabled	0x146590D60		5	0	0	0	0	0	0	0
B9881C54-0104-4696-BD3B-653694E166BE	5953	Javelin::ClientMessages::PlayerDataBroadcastComponentServerFacet_OnUpdateWarboardManifestReceived	0x146593610		5	0	0	0	0	0	0	0
2C38A552-AE82-419C-98D1-8FF44BAAA45C	3980	Javelin::ClientMessages::UnstuckComponentClientFacet_OnUnstuckRequestAccepted	0x146565A70		6	0	0	0	0	0	0	0
D0D228D6-C8D2-469C-B9DD-B27F28E037C9	2774	Javelin::ClientMessages::UnstuckComponentClientFacet_OnUnstuckRequestDenied	0x146567EF0	1	6	1	0	1	0	0	0	0
891126D8-5011-4C02-825E-9DC11033C937	2190	Javelin::ClientMessages::UnstuckComponentClientFacet_OnUnstuckTeleportComplete	0x146569E40		5	0	0	0	0	0	0	0
5C992139-5254-45E9-B6D5-BDF9D7389B32	3981	Javelin::ClientMessages::UnstuckComponentClientFacet_OnUnstuckTeleportCancelled	0x14656BD60		5	0	0	0	0	0	0	0
DBB6F70F-ACB3-4AA0-9D87-7BB022E7C7BC	1201	Javelin::ClientMessages::UnstuckComponentClientFacet_SyncBreadcrumbs	0x14656EDF0	2	12	1	0	0	0	0	0	1
C57D7A94-C417-48DD-9914-11B32FCC5975	388	Javelin::ClientMessages::UnstuckComponentServerFacet_OnClientRequestUnstuck	0x146571640		5	0	0	0	0	0	0	0
25F080F4-FCA4-4F6B-8483-022FFEEA5A0F	5265	Javelin::ClientMessages::ChargeComponentClientFacet_ClientForceSyncServerStateRemote	0x14659BE80	1	5	1	0	0	1	0	0	0
05D0327E-19B7-4DF3-8979-8486555012DD	5251	Javelin::ClientMessages::ChargeComponentClientFacet_ClientSyncMaxCharge	0x14659E3D0	1	5	1	0	0	1	0	0	0
C312931E-F969-428D-B0D5-2D1522F56A5A	5266	Javelin::ClientMessages::ChargeComponentClientFacet_ClientSyncServerState	0x1465A06C0		5	0	0	0	0	0	0	0
B26514A1-0D24-42C2-ACBB-ED0103F466AE	5267	Javelin::ClientMessages::ChargeComponentServerFacet_ForceServerSyncRequestedFromClient	0x1465A2990		5	0	0	0	0	0	0	0
2992FA82-149A-469C-A3F5-1B2702A74D68	5254	Javelin::ClientMessages::ChargeComponentServerFacet_Debug_OnChargeGodModeChanged	0x1465A4ED0	1	5	1	0	0	0	0	1	0
E559B7AA-11B4-4857-A9B6-68F57187D0CA	5268	Javelin::ClientMessages::ChargeComponentServerFacet_Debug_SetCurrentCharge	0x1465A7A30	1	5	1	0	0	1	0	0	0
D9071483-F5A8-41C9-A867-A76278EBF604	4280	Javelin::ClientMessages::CooldownTimersComponentClientFacet_ClientForceSyncServerState	0x14657EC90	3	21	4	0	1	0	0	0	3
4CFFB04D-E821-48B8-9AE7-E03118F3646B	3159	Javelin::ClientMessages::CooldownTimersComponentServerFacet_ForceServerSyncRequestedFromClient	0x1465814C0		5	0	0	0	0	0	0	0
E5DF180F-AAD5-490F-AA99-420A0C4EB04C	4281	Javelin::ClientMessages::CooldownTimersComponentServerFacet_Debug_OnCooldownsGodModeChanged	0x146583110	1	5	1	0	0	0	0	1	0
813A62F3-9AF4-4367-9B83-AF5EB3E78595	3653	Javelin::ClientMessages::CooldownTimersComponentServerFacet_Debug_ClearAllCooldowns	0x146584C50		5	0	0	0	0	0	0	0
9DF13260-5F00-4607-8E64-4C60CB9879C4	4810	Javelin::ClientMessages::CooldownTimersComponentServerFacet_Debug_ResetGeneralCooldown	0x146586F60	1	5	1	0	1	0	0	0	0
C1767938-00A4-472C-9AFF-D996030693BE	3252	Javelin::ClientMessages::CooldownTimersComponentClientFacet_ClientSyncServerState	0x146589DF0	3	21	4	0	1	0	0	0	3
75C4EF98-6699-40F5-A764-DF416889D7A8	4110	Javelin::ClientMessages::GritComponentClientFacet_ClientForceSyncServerState	0x146568C00	2	8	3	0	0	10	0	0	0
7F195E44-88CB-447B-8497-759C7A861712	1751	Javelin::ClientMessages::GritComponentClientFacet_ClientForceSyncServerStateRemote	0x14656AA00	2	8	3	0	0	10	0	0	0
72197F5C-B224-4F02-B031-549C8DDC5E6D	440	Javelin::ClientMessages::GritComponentClientFacet_ClientSyncServerState	0x14656D330	2	8	3	0	0	10	0	0	0
6CD97BFE-B4FB-4C67-8CFA-16A9803329F7	4282	Javelin::ClientMessages::GritComponentServerFacet_ForceServerSyncRequestedFromClient	0x14656FBA0		5	0	0	0	0	0	0	0
07FCBF25-29B5-462E-8412-7BF2C1FAE39C	302	Javelin::ClientMessages::GritComponentServerFacet_EnableReplication	0x146572540	1	5	1	0	0	0	0	1	0
8C1F6169-FB41-4DBE-B9CF-B450E9763F1F	1495	Javelin::ClientMessages::GritComponentServerFacet_ReceiveImGuiCompDataChangeFromClient	0x146574BA0	1	6	2	0	0	5	0	1	0
07C85A72-F956-45FB-9852-9E92A516DB7A	4289	Javelin::ClientMessages::ManaComponentClientFacet_ClientForceSyncServerState	0x14659CD70	2	7	2	0	0	4	0	0	0
21ABEF0F-FD13-48C1-8143-B51B5DB13D19	4290	Javelin::ClientMessages::ManaComponentClientFacet_ClientSyncMaxMana	0x14659F770	1	5	1	0	0	1	0	0	0
D9D44793-4EF9-4B80-8144-72F98F855312	4291	Javelin::ClientMessages::ManaComponentClientFacet_ClientSyncServerState	0x1465A1B40	2	7	2	0	0	4	0	0	0
7FFB19D9-36F5-4142-85D6-B9E287482F4C	4293	Javelin::ClientMessages::ManaComponentServerFacet_ForceServerSyncRequestedFromClient	0x1465A4050		5	0	0	0	0	0	0	0
90DC7C45-4851-4484-9188-A5B8E9C4194D	4294	Javelin::ClientMessages::ManaComponentServerFacet_Debug_OnManaGodModeChanged	0x1465A6520	1	5	1	0	0	0	0	1	0
47687A48-D1A2-436F-8730-1969689AA539	4295	Javelin::ClientMessages::ManaComponentServerFacet_Debug_SetCurrentMana	0x1465A8C60	1	5	1	0	0	1	0	0	0
F642A52F-F5E2-4036-BCC6-3EB0300C9723	473	Javelin::ClientMessages::StaminaComponentClientFacet_ClientForceSyncServerStateRemote	0x14656C0A0	1	6	2	0	0	6	0	0	0
360864D4-334A-4D40-AC42-565133F1A54E	3108		0x14656EFA0	1	5	1	0	0	0	0	1	0
FD230324-C932-4B18-ACFE-84DDB49872C6	1229	Javelin::ClientMessages::StaminaComponentServerFacet_Debug_EnableStaminaRegen	0x1465719C0	1	5	1	0	0	0	0	1	0
A8E2A0B3-1515-4C07-8F80-4B902EF6AE16	4296	Javelin::ClientMessages::StaminaComponentServerFacet_Debug_ResetStaminaRegen	0x146574140		5	0	0	0	0	0	0	0
D4E0F019-9278-46BB-9ADC-95C242070961	5644	Javelin::ClientMessages::StaminaComponentServerFacet_Debug_RemoveStamina	0x146575A10	1	5	1	0	0	1	0	0	0
6C64694D-E3B9-46F7-BE42-E66D8B307E02	3823	Javelin::ClientMessages::VitalsComponentServerFacet_OnRequestRevive	0x1465659A0		5	0	0	0	0	0	0	0
290F24AB-B20B-4A75-A961-FF765E67A03D	3601	Javelin::ClientMessages::VitalsComponentClientFacet_OnDamage	0x146567BF0	2	14	3	0	0	4	0	1	1
20674338-6B3F-4A9E-99CF-9F52522EE0A1	5269	Javelin::ClientMessages::VitalsComponentClientFacet_NotifyDamageNumberBusOnTrueDamageReceived	0x146569D50	1	12	2	0	0	0	0	1	1
6F1EB843-106A-427A-A09E-61BC50DD82F2	4298	Javelin::ClientMessages::VitalsComponentClientFacet_OnHealedPlayer	0x14656BA40	1	5	1	0	0	1	0	0	0
CC197172-94CE-453A-9844-1A2612D0E501	4299	Javelin::ClientMessages::VitalsComponentClientFacet_ClientSyncDeathRecap	0x14656E940	2	9	1	0	0	0	0	0	1
D5303184-4E68-4210-BE7F-D32A3B418130	4977	Javelin::ClientMessages::VitalsComponentClientFacet_ClientSyncDeathRecapForAllGameModeParticipants	0x1465711E0	2	14	1	0	0	0	0	0	1
3AC945AB-E8F0-4456-BFFD-8597EC6FA9D8	2643	Javelin::ClientMessages::VitalsComponentClientFacet_OnEnteredDeathsDoorInSiegeWarfare	0x146573BA0	1	5	1	0	0	1	0	0	0
CAEE28BB-E6A5-44DC-A9B1-63C9134AF9CE	1085	Javelin::ClientMessages::VitalsComponentServerFacet_RequestDamageSelf	0x146575710	1	5	1	0	2	2	0	0	0
F21E5046-07D2-4151-A3F8-61CE15C9A68D	1377	Javelin::ClientMessages::VitalsComponentServerFacet_RequestDoAfflictionDamage	0x146577960	1	13	2	0	1	1	0	0	1
6343F0B7-0DF8-40C4-894D-9493E502DFB6	6277	Javelin::ClientMessages::VitalsComponentServerFacet_RequestSetCurrentHealth	0x146579E20	1	5	1	0	0	1	0	0	0
9235935C-DCB0-4ADF-9CA4-8785F5B5A2A0	2103	Javelin::ClientMessages::VitalsComponentServerFacet_RequestSetStatValue	0x14657B780	2	6	1	0	0	1	0	0	0
3F3EFC30-0C94-4CE8-9324-FD3A5BAFDFF7	4301		0x14657CF10	2	6	1	0	0	1	0	0	0
61CDEFBA-8662-477D-8C72-E933AE312C7F	3450	Javelin::ClientMessages::VitalsComponentServerFacet_RequestResetDeathsDoorDelay	0x14657F020		5	0	0	0	0	0	0	0
81E1305B-D621-424C-98D4-BB3F89E4F58E	4302	Javelin::ClientMessages::VitalsComponentServerFacet_DebugRequestSuicide	0x146581980	2	6	1	0	0	0	0	1	0
1603C00A-76C2-4EE6-B184-C8D2A061CA0D	4303	Javelin::ClientMessages::VitalsComponentServerFacet_DebugRequestRevive	0x146583280		5	0	0	0	0	0	0	0
45BB98AA-26BF-4FDF-AA52-E2E2AC05B42D	3897	Javelin::ClientMessages::VitalsComponentServerFacet_RequestSuicide	0x1465850D0	2	6	1	0	0	0	0	1	0
3AA9C5A2-095E-4715-A9AA-E36A133791B8	92	Javelin::ClientMessages::VitalsComponentServerFacet_RequestSetInvulnerability	0x146587730	1	5	1	0	0	0	0	1	0
8FDD65C3-DEEC-44E3-B9D1-D7AE8D8CDA81	4019	Javelin::ClientMessages::VitalsComponentServerFacet_RequestResetInvulnerability	0x14658A020		5	0	0	0	0	0	0	0
74E0F83A-C2A5-4E89-8EA2-5090B206BCA7	4310	Javelin::ClientMessages::VitalsComponentServerFacet_RegisterListener	0x14658BD50	1	8	1	0	0	0	0	1	0
C2D3D8EB-E3E9-4BFB-B28D-039704B58315	4312	Javelin::ClientMessages::VitalsComponentServerFacet_UnregisterListener	0x14658E3B0	1	8	1	0	0	0	0	1	0
D82AA585-EBA1-41B5-8503-2627A300B3DA	4313	Javelin::ClientMessages::VitalsComponentServerFacet_Debug_OnTakeHealth	0x146590F00	1	5	1	0	0	1	0	0	0
ABD024D7-27AB-43C4-A887-6FE940F3C2C3	4112	Javelin::ClientMessages::VitalsComponentServerFacet_Debug_SetReceivingModifiedDamage	0x1465937A0	1	5	1	0	0	0	0	1	0
56687D4C-7221-445C-9E1F-CAA7BD627762	1335	Javelin::ClientMessages::VitalsComponentClientFacet_OnRequestRevive	0x146595BD0		5	0	0	0	0	0	0	0
995127A7-1DB3-4A52-87C1-0932BB1A9248	887	Javelin::ClientMessages::VitalsComponentServerFacet_Debug_ToggleInfiniteDeathsDoor	0x146597F10		5	0	0	0	0	0	0	0
ACF66D7E-AD9E-495E-81D4-F511113D4E45	1013	Javelin::ClientMessages::VitalsComponentServerFacet_DebugSetInvincible	0x14659A810	1	5	1	0	0	0	0	1	0
7A550D61-CB8B-4D30-87D7-430159D59922	352	Javelin::ClientMessages::VitalsComponentServerFacet_SaveSnapshot	0x14659C900		5	0	0	0	0	0	0	0
D2BDD79E-B233-4DEC-B154-2E8B5E132AB9	4315	Javelin::ClientMessages::VitalsComponentServerFacet_RestoreSnapshot	0x14659EC60		5	0	0	0	0	0	0	0
335E9F4F-C177-451C-B21B-D8231D1FCC70	4316	Javelin::ClientMessages::VitalsComponentServerFacet_ResetPrimaryStats	0x1465A0FD0		5	0	0	0	0	0	0	0
D1D08F5B-26F3-493D-B2E4-3CB45FC57A32	4256	Javelin::ClientMessages::VitalsComponentClientFacet_Debug_SyncStatusModVitalsData	0x1465A33F0	3	18	2	0	0	0	0	1	1
623B226C-6E66-4678-A29C-D2257C998357	4317	Javelin::ClientMessages::VitalsComponentServerFacet_Debug_RequestSyncStatusModVitalsData	0x1465A5890		5	0	0	0	0	0	0	0
B84F394B-556B-4225-AC7F-D05293E7C9CC	5298	Javelin::ClientMessages::VitalsComponentServerFacet_Debug_ReApplyBuffBucketOverrides	0x1465A8400		5	0	0	0	0	0	0	0
656D41F7-DC4C-441D-9D80-D03F0135EBE2	6158	Javelin::ClientMessages::VitalsComponentServerFacet_Debug_IgnorePvpDamageBalance	0x1465AA540	1	5	1	0	0	0	0	1	0
AA38960E-0B8F-4D1E-A99D-3010CCE041B7	7030	Javelin::ClientMessages::VitalsComponentClientFacet_Debug_SyncVitalsSifficulty	0x1465AC6E0		5	0	0	0	0	0	0	0
D5175209-251B-4E7A-9C0C-F1DA179B70F8	7031	Javelin::ClientMessages::VitalsComponentServerFacet_Debug_RequestVitalsDifficulty	0x1465AE4A0		5	0	0	0	0	0	0	0
97B5CC71-075E-4F76-A30C-FC670EDAD0AB	4996	TimeoutMigrationsMsg	0x146B05F20	0	1	1	0	1	0	0	0	0
66185CBC-DA8C-47E3-A6D9-20D627D80C5A	5343	TimeoutMigrationsAtCommitMsg	0x146B05E80	0	1	1	0	1	0	0	0	0
890A8AA5-67DF-4ED6-A872-589C60A80190	5033	DelayMigrationsMsg	0x146B051B0	0	1	1	0	1	0	0	0	0
F60358C7-361A-465F-A2F9-E04E27E1E50A	5346	ToHubDebugMsg	0x146A47A30	0	25	3	0	1	0	0	2	1
5BDFE46E-DF14-44BF-BA69-9354BD8746CE	112	ClientActorRoutingAuthorizationTrait	0x1407C5A00		12	0	0	0	0	0	0	0
DC837D98-E3EB-47DD-AEA6-34CADB51EA73	127	ClientActorRoutingAuthorizationTrait::State	0x1407C9500		6	0	0	0	0	0	0	0
04C84157-B7AA-4912-8D81-FAE46F93EC92	149	AddEntryMsg	0x1407C8470	1	6	1	0	0	0	0	2	0
3988C9EB-8BA6-4C68-AD63-C75475BDE6E2	159	RemoveEntryMsg	0x1407C8850	1	6	1	0	0	0	0	2	0
E3578B38-69AD-4C13-A7DD-3FFF752D98AA	164	ClientAddEntryMsg	0x1407C8A70	0	5	1	0	0	0	0	1	0
3C70B3A4-F1C9-4206-9C3B-2E8D132C95C4	168	ClientRemoveEntryMsg	0x1407C8BF0	0	5	1	0	0	0	0	1	0
EC647FBE-E799-4B67-85EC-A35EF4F6438F	5035	NotifyClientMessageMetadataMsg	0x1407C9180	1	2	1	0	0	0	0	0	1
85C7E01E-55DE-4A6E-AFC5-80FA9A8AD260	5867	CrossWorldReconnectNotifierTrait	0x1407CA990		0	0						
315D112A-DCB9-46F4-B9DB-A41F9A255038	5866	CrossWorldReconnectNotifierTrait::State	0x1407CCD00		6	0	0	0	0	0	0	0
3436D1EE-39CE-4BBD-A96D-0C5EFE1918E9	5865	OnCrossWorldReconnectStatusUpdateMsg	0x1407CD2B0	1	13	2	0	0	0	0	0	2
B704037C-7737-431C-B505-BFD6A574469D	5622	CrossWorldReconnectTrait	0x1407CE2F0		12	0	0	0	0	0	0	0
44FADC2B-E178-46B1-9E5F-2848C5044688	5623	CrossWorldReconnectTrait::State	0x1407CFCB0		6	0	0	0	0	0	0	0
F9F85561-F9A1-43C9-B3CD-E714CBC80124	5624	InitiateReconnectCrossWorldMsg	0x1407D02C0	0	17	4	0	1	0	0	3	2
686C6F88-5CD5-47E0-A3EE-80571C27A44E	5625	FinalizeReconnectCrossWorldMsg	0x1407D08C0	3	7	1	0	0	0	0	0	1
B12758C1-7025-4757-ADA9-3F68D1224A87	172	HubIdDebugTrait	0x1407CA990		0	0						
D4833F1E-3080-49FF-9386-1E98E5480E82	184	HubIdDebugTrait::State	0x1407C2670		6	0	0	0	0	0	0	0
64DE5C88-0010-4F0B-B554-DB02A2A968E8	187	ReceiveHubInfoForActorsMsg	0x1407C1500	1	7	1	0	1	0	0	1	1
4CF9D4AE-3BE1-4E9E-A8F1-A313AB114D00	191	ReceiveAllHubNamesMsg	0x1407C1C80	0	19	3	0	2	0	0	1	2
178AD7C6-9818-4EDF-9694-87BD5B641D43	5474	ExecuteDebugCommandMsg	0x1407C37F0	1	3	2	0	0	0	0	0	2
9AC02801-EE80-4B2D-B28E-F95FD62EB8A2	200	ConfigOverridesDebugTrait	0x1407C3B20		12	0	0	0	0	0	0	0
C4C38B9A-433D-42C9-A042-C4EBC5FCC73A	30	ConfigOverridesDebugTrait::State	0x1407C6510		6	0	0	0	0	0	0	0
D677B2AD-832E-4D43-A1CD-37B0F5183BA4	171	SendConfigOverridesMsg	0x1407C5F40	1	5	1	0	1	0	0	2	0
F54FE85A-2F60-4926-85EF-0ED4BEF05589	208	ConfigOverridesDebugResponseTrait	0x1407C6A90		12	0	0	0	0	0	0	0
27C27FA4-1FB2-479C-9CA8-A14CE8C72A65	123	ConfigOverridesDebugResponseTrait::State	0x1407C9680		6	0	0	0	0	0	0	0
B8CE47D4-4CE9-4803-8DB4-BEADBA4629EC	154	ReceiveConfigOverridesMsg	0x1407C8F50	1	13	2	0	0	0	0	0	2
B40AE287-A16F-48C6-B43F-246CD34CE105	226	ReceiveConfigOverridesKeyValuePairsMsg	0x1407C9440	1	16	2	0	0	0	0	0	3
D40CAEE9-8FC2-4D2D-9111-E7BB96830D98	234	EasyAntiCheatTrait	0x1407CAC60		12	0	0	0	0	0	0	0
FFB56389-1B2F-48B8-8708-5DF521ECCF6C	239	EasyAntiCheatTrait::State	0x1407CD420		6	0	0	0	0	0	0	0
15380C34-6DC5-41C3-A0EF-1CF209E9F422	58	EasyAntiCheatClientTrait	0x1407CE790		12	0	0	0	0	0	0	0
8798A2D8-0030-4468-8047-17F5ED42A0BE	46	EasyAntiCheatClientTrait::State	0x1407D0980		6	0	0	0	0	0	0	0
12E2D82A-E082-4A4F-94C9-CBD0F77FD5D3	249	UpdateMsg	0x1407D05D0	1	2	1	0	0	0	0	0	1
75161B68-58B5-4C8D-9854-4A3971EADCF6	6481	EOSAntiCheatTrait	0x1407D0E30		12	0	0	0	0	0	0	0
CAC8EFD4-BA8B-4858-A7B7-E25E814B1B73	6482	EOSAntiCheatTrait::State	0x1407C1190		6	0	0	0	0	0	0	0
1DF83613-5012-4A79-8C63-E35962B01EE4	6885	ClientAliveMsg	0x1407C1F00	0	5	1	0	0	0	0	1	0
39B638EA-2988-42AD-AA21-F1D8193F71DC	6467	EOSAntiCheatClientTrait	0x1407C2EB0		12	0	0	0	0	0	0	0
C30290D4-3E22-43F7-A067-ECC54E401F0B	6479	EOSAntiCheatClientTrait::State	0x1407C5B20		6	0	0	0	0	0	0	0
45CCE5C7-83F6-4640-AD7F-2B169A461C3D	6484	UpdateMsg	0x1407C56A0	1	3	1	0	0	0	0	0	1
D31BD585-43A3-4152-9ED0-A77A278A8456	257	BaseGameChatMessage	0x1407C6130	2	5	1	0	0	0	0	0	1
FFC1F608-D006-460B-B6AF-510716DB9AFF	150	LocalizedSystemChatMessage	0x1407C68A0	1	17	2	0	1	0	0	0	2
088CAA4E-5FCF-4965-A64C-8C1A3272B1E7	197	GameChatMessage	0x1407C6FA0	1	7	2	0	1	3	0	0	1
2DD88651-1BA6-4D05-8887-06E7C6B7BBED	130	KickClientTrait	0x1407CA140		12	0	0	0	0	0	0	0
788AE8AF-74EA-40D8-8F36-50FF618BBAEC	259	KickClientTrait::State	0x1407CC9E0		6	0	0	0	0	0	0	0
4A0A26F6-F24E-4239-A771-7BA1F135C6FD	271	KickClientMsg	0x1407CB980	1	7	2	0	1	0	0	0	1
C5FC310D-26E9-4E9E-A083-3695C0A86B01	280	WarnClientMsg	0x1407CC300	0	7	2	0	1	0	0	0	1
8A5E870C-878B-4190-A41D-9503EBF2276E	254	KickClientFromRepMsg	0x1407CC740	0	14	3	0	1	0	0	1	1
A535DF54-830C-4BEF-A8AE-2020C796A806	300	PingTrait	0x1407CDE30		12	0	0	0	0	0	0	0
E43D64AA-FA73-403C-A5C4-A184F7352437	303	PingTrait::State	0x1407D0680		6	0	0	0	0	0	0	0
AD4C28BD-4208-4B47-9679-9A46DD9E5287	209	PingRequestMsg	0x1407CF9C0		3	0	0	0	0	0	0	0
259734DD-9277-4E08-B11F-1AB9E71DE1BE	310	PingResponseMsg	0x1407D0080		4	0	0	0	0	0	0	0
FFBE3ABD-58D4-4129-96E3-DF80B7A489A1	203	ProfanityFilterClientTrait	0x1407D0F90		12	0	0	0	0	0	0	0
0C63D8DC-D120-433B-9AD1-1CAEF889ED2B	140	ProfanityFilterClientTrait::State	0x1407C3410		6	0	0	0	0	0	0	0
0E289A49-92A6-42D9-8D89-093AC00837F7	230	IsUsingBadWordsResponseMsg	0x1407C20A0	0	13	3	0	1	0	0	1	2
E4B8C624-9165-4A9A-9DFD-61B670B32EE3	313	FilterTextResponseMsg	0x1407C24A0	0	13	3	0	1	0	0	1	2
951D5056-809A-4019-B6D5-30F89D9C96A8	317	FilterChatResponseMsg	0x1407C2B70	0	24	5	0	4	3	0	0	3
AEC31482-411D-4869-8A29-18C243298E9B	243	ProfanityFilterTrait	0x1407C4480		12	0	0	0	0	0	0	0
24EE2CC8-4A64-4661-8E4D-9665E5AB52C3	80	ProfanityFilterTrait::State	0x1407C7740		6	0	0	0	0	0	0	0
CB5FE3AC-8634-4A3E-B882-361D214BC995	268	IsUsingBadWordsMsg	0x1407C6D80	2	9	3	0	3	0	0	3	1
CC62D45B-26E8-42CF-8420-DBEF69DF05FD	319	FilterTextMsg	0x1407C71E0	2	9	3	0	3	0	0	3	1
D9C42402-D190-4F99-806A-B94FD55E0DBB	322	FilterChatMsg	0x1407C7480	1	30	6	0	5	3	0	3	3
9891B183-0C59-42D6-8EB8-D2F67EEFED29	324	ProfanityFilterRequest	0x1407D0D50	1	5	2	0	2	0	0	1	1
F280AC86-D8EE-4F09-8EB9-95FB977D9135	325	RegistryClient	0x1407C8010		12	0	0	0	0	0	0	0
81A297A7-5C0B-4252-92DE-E97C2F62B10D	328	RegistryClient::State	0x1407CA390		6	0	0	0	0	0	0	0
546A8473-BEE5-4122-B99F-493C631071EC	334	EventMsg	0x1407C9F30	1	16	3	0	1	0	0	3	2
532E765A-3393-4A50-9010-B73C627512B2	236	REPClient	0x1407CA770		12	0	0	0	0	0	0	0
91A9CF78-0214-461B-8471-1B0E96224DA9	157	REPClient::State	0x1407CD570		6	0	0	0	0	0	0	0
038CD847-0653-4243-9A26-936E3BD7F312	335	TimeSynchMsg	0x1407CC8F0		4	0	0	0	0	0	0	0
104145A7-FF95-44F1-9468-21FB41C8AC2B	3	RegistrationResponseMsg	0x1407CD040	0	6	3	0	1	0	0	4	1
A6A973DA-6172-45AA-9923-AD3B78A2CCD5	362	REPConnectionListener	0x1407CF0B0		12	0	0	0	0	0	0	0
46A48A75-D305-4275-B7A6-6DA887F5BC41	368	REPConnectionListener::State	0x1407D1E50		6	0	0	0	0	0	0	0
C4F1E7B5-D502-49F4-AC71-27928C9D25C5	374	ClientConnectionMsg	0x1407D1830	1	21	5	0	3	0	0	3	2
CABD72FF-CCA0-4C8A-804E-C585B386DCFE	376	ClientDisconnectionMsg	0x1407D1BF0	1	21	5	0	3	0	0	3	2
779552A0-33F1-42F1-B4BC-05CB1730AED2	306	ASC_RegisterAllFragmentsAccess	0x1407D2550	1	5	1	0	1	0	0	2	0
FC1AC709-50EC-473E-899F-3D76275CCA51	389	ASC_UnregisterAllFragmentsAccess	0x1407C0870	1	5	1	0	1	0	0	2	0
FF1EC011-3D18-4F09-A0AC-3FB27B313984	391	Replicate	0x1407C0EF0		12	0	0	0	0	0	0	0
D3D3E94E-2966-4F14-8FFA-DD3B61161D5C	394	Replicate::State	0x1407C4C90		6	0	0	0	0	0	0	0
96A58E69-7BD5-45C5-86E4-DAF9F5EB1E86	397	RegisterFragmentAccessMsg	0x1407C4000	1	6	2	0	2	0	0	2	0
2B7640E0-4204-4E52-998A-C2DB02E0A480	399	UnregisterFragmentAccessMsg	0x1407C4380	1	6	2	0	2	0	0	2	0
B5733A42-3CC9-442E-B6C7-D83AF26DBBB4	401	UnregisterProxyMsg	0x1407C48B0	1	5	1	0	1	0	0	2	0
6BB22EA1-FEB6-4F4B-81AB-79372B9F1F3D	407	ReplicateClient	0x1407C5460		12	0	0	0	0	0	0	0
44E6EEEA-541F-4534-A540-A5A08F377907	409	ReplicateClient::State	0x1407C7FB0		6	0	0	0	0	0	0	0
951EF3ED-C9A0-4E3D-A6FD-7FE0673D28D2	422	FragmentUpdateMsg	0x1407C7C00	0	15	3	0	2	0	0	3	1
C71E22EE-3041-42B4-B4C4-8869387C553A	6692		0x140893A70		12	0	0	0	0	0	0	0
1B6A57E6-9E3B-43AE-A13F-7A90214BEC40	6690		0x140893D40		6	0	0	0	0	0	0	0
6F9F4C34-CC85-4CE0-80EB-B480C79D3EEF	1038	INavMeshBootstrapReceiver	0x1407CA990		0	0						
98C3FC67-D522-4EB0-BB76-417ACCA2279D	1058	ICoatlicueExternalDebugMessages	0x1407CA990		0	0						
303E7FDD-CDA8-4D72-8D52-3CC55A0C27DD	1061	ICoatlicueExternalSpawnListener	0x1407CA990		0	0						
7E594256-EAD0-4C18-8789-9037D53366BC	1070	Javelin::IPlayerNotifications	0x141177260		0	0						
9D7FC1A8-36A9-4064-A78B-CE09B9B7AF3E	1170	Javelin::CharacterServiceProxyTrait	0x14153CE20		18	0	0	0	0	0	0	0
0E73DF1F-8BB1-4941-BCFA-EBD5A666DE22	1577	Javelin::CharacterServiceProxyTrait::State	0x1414E8230		6	0	0	0	0	0	0	0
7A1DBC3B-1EB8-47CD-8B68-A58F594AB345	1579	Javelin::CharacterServiceProxyTrait::GetCharacterDataMsg	0x1414C19E0	1	31	3	0	0	0	0	2	2
E96B7695-8FF2-4C88-8F8E-3CFEDCB073C5	959	Javelin::CharacterServiceProxyTrait::BatchGetCharacterDataMsg	0x1414C6BC0	1	32	4	0	0	0	0	2	3
420FAAC4-E67F-4F26-AFA5-6A6DBFB562BB	4898	Javelin::CharacterServiceProxyTrait::PrecheckWorldTransferMsg	0x1414C3290	1	31	3	0	0	0	0	2	2
4C202EA5-26FA-499D-B95C-CFBFF2C540D6	5230	Javelin::CharacterServiceProxyTrait::PatchCharacterAsTransferrableMsg	0x1414C4990	1	7	1	0	0	0	0	0	1
AEEC030D-078D-4079-BD94-274EFB113BE6	211	Javelin::CharacterServiceProxyTrait::PatchCharacterWorldIdMsg	0x1414C58D0	1	31	3	0	0	0	0	2	2
9448339A-B6A3-4EA5-BB5C-CB1AACCA0CE3	1581	Javelin::CharacterServiceProxyTrait::PublishCharacterMetadataMsg	0x1414CB0B0	1	31	11	0	8	5	0	5	6
1D93D403-CD47-4BCD-9032-58702445AE27	1584	Javelin::CharacterServiceProxyTrait::PublishCharacterSocialDataMsg	0x1414CCFD0	1	31	3	0	0	0	0	2	2
C528FEA8-9894-44C7-8EFD-91CBD0C0DF68	1588	Javelin::CharacterServiceProxyTrait::NamePrefixSearchMsg	0x1414CEEF0	0	31	4	0	1	0	0	2	2
196DBED0-17E6-4DD8-9FAB-B647D7D3D766	1593	Javelin::CharacterServiceProxyTrait::OnGetCharacterDataResponseMsg	0x1414D1450	1	7	4	0	1	0	0	0	3
D557C016-D1E8-47DD-BB00-67CD811FB7CE	147	Javelin::CharacterServiceProxyTrait::OnPublishCharacterMetadataResponseMsg	0x1414D3330	1	6	3	0	1	0	0	1	1
6B5A4292-1248-4D21-8A18-75FBF09D7DFC	1595	Javelin::CharacterServiceProxyTrait::OnPublishCharacterSocialDataResponseMsg	0x1414D47B0	1	6	3	0	1	0	0	1	1
73436D2B-0BBF-4214-A05F-B37B1ABD6E06	1197	Javelin::CharacterServiceProxyTrait::OnNamePrefixSearchResponseMsg	0x1414D5AC0	0	9	4	0	2	0	0	1	2
9A98B4D9-A0D4-4F4F-8030-C36E3279D2E4	4899	Javelin::CharacterServiceProxyTrait::OnPrecheckWorldTransferResponseMsg	0x1414D8940	1	33	5	0	1	0	0	3	2
81D6D974-A1E8-4F69-9C02-8878359CF254	1580	Javelin::CharacterServiceProxyTrait::OnPatchCharacterWorldResponseMsg	0x1414DBBD0	0	32	5	0	1	0	0	3	2
264EDA79-9B0A-449C-BD14-4C70E071E715	5909	Javelin::CharacterServiceProxyTrait::OnPlayerDisconnectedForCrossWorldMsg	0x1414DDB30	1	5	2	0	1	0	0	0	1
FCF6740E-77F2-49BE-A368-84A6230BE84E	1599	Javelin::CharacterServiceProxyTrait::DebugGenerateCharacterDataMsg	0x1414DF4A0	2	6	1	0	0	0	0	0	1
05214F67-1DFC-467C-8A7A-1825D1DEDF6F	1454	Javelin::CharacterServiceProxyTrait::DebugFlushCachesMsg	0x1414E1870	1	5	1	0	1	0	0	2	0
511A6727-D571-4673-96F9-BF90E7E41A0B	6813	Javelin::CharacterServiceProxyTrait::DebugClearTransferCooldownByCharacterIdMsg	0x1414E2F70	1	7	1	0	0	0	0	0	1
E8B09FDC-B473-4463-9808-11746563588C	6814	Javelin::CharacterServiceProxyTrait::DebugClearTransferCooldownByPersonaIdMsg	0x1414E53E0	1	7	1	0	0	0	0	0	1
60A51DFC-8745-4276-976D-8808EF52CD77	1489	Javelin::CharacterServiceProxyActor	0x1414E9E70		57	0	0	0	0	0	0	0
A528C7CB-A960-406A-9CE8-FF7AD21C0950	1606	Javelin::CharacterServiceProxyActor::InitMsg	0x1414EB5E0		1	0	0	0	0	0	0	0
0AECBEC2-5C1F-4AEE-8338-57C5B4EF741B	45	Javelin::EditorManagerTrait	0x14150C350		12	0	0	0	0	0	0	0
C9A62B3F-AEF2-4EC0-B972-821842BAE480	1607	Javelin::EditorManagerTrait::State	0x1415224F0		10	0	0	0	0	0	0	0
37688463-212E-4257-90A5-C36101FD08B7	520	Javelin::EditorManagerTrait::RegisterEditorGDEMsg	0x14151E990	1	7	1	0	0	0	0	1	0
65C572BF-60D3-4C1C-9CC2-9E6A71F56DA6	753	Javelin::EditorManagerTrait::DestroyEditorGDEsMsg	0x14151FD70		1	0	0	0	0	0	0	0
5CB6715D-8AE0-41C9-850C-E20B489B6552	1609	Javelin::EditorManagerTrait::LoadVirtualSliceMsg	0x1415210F0		1	0	0	0	0	0	0	0
DC362DC5-8DCC-4C7C-9F04-8F6D00C36B6A	1611	Javelin::EditorManagerActor	0x141525E10		32	0	0	0	0	0	0	0
A9C43B92-C37D-4A0A-855B-ADD969560581	1093	Javelin::EditorManagerActor::InitMsg	0x141527860		1	0	0	0	0	0	0	0
4636FE0B-DF36-4A88-ACC8-52595372F3C9	1612	Javelin::ClientViewListenerTrait	0x1414C9F40		14	0	0	0	0	0	0	0
2AE5069E-36AE-4E75-8814-47414BEBB7C6	848	Javelin::ClientViewListenerTrait::State	0x1414EB020		6	0	0	0	0	0	0	0
5AC34998-D340-4948-9CB3-7D5B2D24221D	471	Javelin::ClientMessagesTrait	0x1414ECF50		15	0	0	0	0	0	0	0
C1B677CF-2812-4C22-8CE3-756E863C8D82	47	Javelin::ClientMessagesTrait::State	0x141503FD0		6	0	0	0	0	0	0	0
21207525-B448-4193-AACA-83D4F847929F	1617	Javelin::ClientViewListenerTrait::ReceivePlayerSpawnPointMsg	0x1414E3930		1	0	0	0	0	0	0	0
E41D92FA-2E26-47FD-8357-4FC0E7130D8E	1164	Javelin::ClientViewListenerTrait::WaitingForPlayerSpawnPointMsg	0x1414E7350		4	0	0	0	0	0	0	0
259D12EA-5C96-40FD-A7A2-84DFA119C2E4	1626	Javelin::ClientViewListenerTrait::WaitingForGhostClientMsg	0x1414E9650		1	0	0	0	0	0	0	0
169443E0-A508-4653-B437-49B7A195F69C	1628	Javelin::ClientMessagesTrait::PlayerManagerSelfIdentificationMsg	0x1414FD530	1	14	4	0	2	0	0	4	2
DCB01CB8-D04A-40EA-A3AF-96604FE322FB	1630	Javelin::ClientMessagesTrait::PlayerManagerRejectedMsg	0x1414FF630	0	2	2	0	1	0	0	0	1
45918D03-02E7-42A4-8A30-1B205F8C37FE	1635	Javelin::ClientMessagesTrait::LevelInfoChangedMsg	0x1415009E0	1	12	3	0	0	0	0	3	2
51A74E6C-7053-4214-A735-F6448CD66517	1639	Javelin::ClientMessagesTrait::RemoteConfigChangedMsg	0x141501FE0	0	1	1	0	1	0	0	1	0
0E86F8D7-3340-4396-B944-BA79385B394A	102	Javelin::ClientMessagesTrait::DebugCommandResponseMsg	0x141502C20	0	4	3	0	2	0	0	0	1
D1C9722F-C440-436A-BA73-95F993B86C74	1632	PersistenceSpawnerTrait	0x1414FF2D0		21	0	0	0	0	0	0	0
BE416397-54BA-459F-954B-A948A7FC1B7A	1642	PersistenceSpawnerTrait::State	0x141515620		6	0	0	0	0	0	0	0
DE1A18A9-CE9E-4336-8DF8-698A73C579D4	972	PersistenceSpawnerTrait::RestoreActorByActorIdMsg	0x14150D7C0	1	26	4	1	2	0	0	6	1
0D18E62D-4212-413C-9986-2C14C5D6CB20	555	PersistenceSpawnerTrait::RestoreActorsByMonikerIndexMsg	0x14150F650	0	12	4	0	2	1	0	4	1
31F56469-B32D-4561-BC10-B5CBA5250956	728	PersistenceSpawnerTrait::RestoreOrSpawnActorsByMonikerIndexMsg	0x141511900	1	5	2	0	1	0	0	2	1
899C6998-CFE7-4C7D-934B-FC3DC3C39F74	1060	PersistenceSpawnerTrait::RestoreActorsBySpatialIndexMsg	0x141514240	2	6	1	0	1	0	0	2	0
BE147B7C-FD8C-428A-9BF0-266F78B43997	1644	PersistenceSpawnerHelper::SpawnNewPersistentActorClosure	0x1407CA990		0	0						
0EC67C6B-9086-4895-B16B-91A4F566D56A	812	Aoi::PlayerManagerTrait	0x141545E10		26	0	0	0	0	0	0	0
46BC90EC-A485-4E81-9FCC-D7089D582BC3	229		0x1414F8040		17	0	0	0	0	0	0	0
2C9AC1AB-053D-4A17-9365-D661F3845A70	4797	Aoi::PlayerManagerTrait::KickAllPlayersOutOfWorldMsg	0x1414CA0A0	1	2	1	0	1	0	0	1	0
B45A89BA-A389-422C-BD04-0920E6662508	5517	Aoi::PlayerManagerTrait::DebugSpawnServerBotMsg	0x1414CC0F0	1	28	7	0	4	3	0	0	3
89A665D7-110C-4079-9271-A8F445CF870F	166	Aoi::PlayerManagerTrait::ReceiveCharacterMetadataMsg	0x1414CDC60	1	24	6	0	4	3	0	2	2
2D0B079C-5BB6-4CB8-81CB-9A1531E849F8	6739	Aoi::PlayerManagerTrait::RequestLocationRespawnActivePlayerMsg	0x1414D3B60	1	8	2	0	1	0	0	0	1
C07EFB06-0E91-4B47-8990-64F3E0866F41	5901	Aoi::PlayerManagerTrait::ProcessSpawnQueueMsg	0x1414CFCF0	3	9	1	0	0	0	0	0	1
F5F447C8-57DC-484A-9291-7C5E4ECBD658	1114	Aoi::PlayerManagerTrait::RequestRandomRespawnActivePlayerMsg	0x1414D2110	0	11	3	0	1	0	0	3	1
0A2449A1-A879-4608-87CB-CFD28AF5C476	1364	Aoi::PlayerManagerTrait::RequestShutdownCharacterMsg	0x1414D4FF0	0	7	2	0	1	0	0	0	1
78AFD05C-A56D-47E0-B28C-1983F8361F9A	1646	Aoi::PlayerManagerTrait::DeregisterCharacterMsg	0x1414D67F0	3	7	1	0	0	0	0	0	1
2E978270-6B95-4301-A757-7ABD87C96DF1	1330	Aoi::PlayerManagerTrait::OnFinalPersistFinishedMsg	0x1414D95D0	0	11	2	0	1	0	0	1	1
36D5BE04-B644-44AA-AFF0-3C4E878D1306	4952	Aoi::PlayerManagerTrait::DebugTriggerPersistenceSaveCallbackMsg	0x1414DBEC0	0	13	3	0	1	0	0	0	2
69FEB34A-0B5C-4617-B241-20A1F41475D1	4771	Aoi::PlayerManagerTrait::OnPublishedCharacterMetadataMsg	0x1414DDA00	1	8	2	0	0	0	0	1	1
84AFB81E-5366-4A65-99B1-34E0EE8ECA24	1651	Aoi::PlayerManagerTrait::OnPlayerActorStatusChangedMsg	0x1414DF200	2	6	1	0	1	0	0	2	0
4B9F6574-2701-4BE7-9653-E67F4D77C296	5721	Aoi::PlayerManagerTrait::OnHubConnectionChangedMsg	0x1414E1530	1	2	1	0	1	0	0	1	0
65CA86B6-B900-4831-80F9-4C5A6B7E60B0	1653	Aoi::PlayerManagerTrait::RequestRejectClientConnectionMsg	0x1414E2C20	0	11	3	0	2	0	0	3	1
24A8BBEB-4BA6-48FA-BEF6-F551ADF03A96	1477	Aoi::PlayerManagerTrait::RequestRemoteGDERefForPlayerMsg	0x1414E5830	1	13	2	0	0	0	0	1	1
0A6B4595-6852-4422-9F58-3F6095103AB4	89	Aoi::PlayerManagerTrait::DebugPrintRegistryMsg	0x1414E8580	1	5	1	0	1	0	0	2	0
9C050680-8C79-4995-ADD7-24B05F90088C	5518	Aoi::PlayerManagerTrait::DebugResetRegistryMsg	0x1414EA1D0	1	5	1	0	1	0	0	2	0
CC892465-654B-453C-87BD-7413E3A61551	6548	Aoi::PlayerManagerTrait::DebugRequestGameModeStatusesMsg	0x1414EB770	1	7	1	0	0	0	0	1	0
40EDB9BB-F35F-4955-BEAC-B7C8059E3110	5627	Aoi::PlayerManagerTrait::RequestReconnectCrossWorldMsg	0x1414ED7D0	1	13	2	0	0	0	0	0	2
3E5AE6BA-E611-4A26-845A-45FD1A59BA31	1655	Aoi::PlayerManagerTrait::NotifyConfigChangedMsg	0x1414EF6C0	0	1	1	0	1	0	0	0	0
24C77A1A-D1AD-4FA7-8658-7F179541FBCB	1659	Aoi::PlayerManagerTrait::SetRestrictedLocationTotalsMsg	0x1414F0820	1	5	2	0	2	0	0	0	1
8D149662-A690-45C4-89CB-C7F80D711587	1660	Aoi::PlayerManagerTrait::OnFirstTerritoryForPlayerMsg	0x1414F23C0	0	5	1	0	0	0	0	1	0
3524FB46-0C62-4C27-A574-929241A373C0	1165	Aoi::PlayerManagerTrait::KickCharacterForTicketErrorMsg	0x1414F3B80	3	7	1	0	0	0	0	0	1
38A7B668-4337-4E1D-BDBE-D48F8A0355EA	265	Aoi::PlayerManagerTrait::RequestPlayerRefsMsg	0x1414F51D0	2	6	1	0	1	0	0	2	0
A9C5ACE4-9C37-40A3-8C90-035AD2481683	930	Aoi::PlayerManagerTrait::BanPlayerMsg	0x1414F62B0	1	15	2	0	0	0	0	0	2
47507D82-6EC7-404A-AE14-20519BACE90D	4953	Aoi::PlayerManagerTrait::OnCriticalPersistenceErrorListChangedMsg	0x1414F7830		1	0	0	0	0	0	0	0
3890E733-ACF6-41D0-8150-D07BF6C59B05	1671	Aoi::PlayerManagerDebugTrait	0x1414FD120		16	0	0	0	0	0	0	0
3FA07C80-DD12-4137-B490-407D19CD467D	538	Aoi::PlayerManagerDebugTrait::State	0x14150D2F0		6	0	0	0	0	0	0	0
8CC45447-78D4-43D5-AB63-5BF844A6D1DF	93	Aoi::PlayerManagerDebugTrait::OnPersistenceTestStartedMsg	0x14150BEE0	3	7	1	0	0	0	0	0	1
38A737FF-6CAD-4792-A2F9-324736E0EE02	565	Aoi::PlayerManagerActor	0x1417ACB40		106	0	0	0	0	0	0	0
32F88987-A075-4B95-85BE-6A91DF870286	1685	Aoi::PlayerManagerActor::InitMsg	0x14151A080	2	6	1	0	1	0	0	2	0
ABB2A930-E91A-41E4-88DA-199868A8AC6B	1689		0x141544EC0		12	0	0	0	0	0	0	0
630CE2E3-4CEA-4D22-A7EA-F3DAE4AE3123	1691	Javelin::PlayerManagerRedirectorTrait::State	0x1414CB2A0		6	0	0	0	0	0	0	0
C32F66BC-68F4-45DB-8CA8-3AB0010C3784	1692	Javelin::PlayerManagerRedirectorTrait::OnAcceptConnectionMsg	0x1414C8F60	1	14	4	0	2	0	0	4	2
4FFFD433-F707-4006-8F3B-5B31F5428F05	1319	Aoi::PlayerManagerResponses::OnGetCharacterResponse	0x1414CF100	2	15	3	0	1	0	0	2	2
B63BEB41-2C51-4DAB-BF33-6876D1917076	963	Aoi::PlayerReceiverTrait	0x1414D2320		12	0	0	0	0	0	0	0
2C2D8084-B353-4B89-ADF2-92065C314A7C	1697	Aoi::PlayerReceiverTrait::State	0x1414ED5E0		6	0	0	0	0	0	0	0
78DD8FA7-4C22-43EA-8B4C-9C8E84AE0FF5	531	Aoi::PlayerReceiverTrait::ReceivePlayerRefsMsg	0x1414EEFA0	0	24	3	0	0	0	0	1	2
A9ED2D58-8721-4D75-8BD5-6762BA8C27BD	1700	SpawnerNotificationTrait	0x1414F4C70		12	0	0	0	0	0	0	0
8A79B4DF-25E3-4584-BEAD-26744DCC5775	1701	SpawnerNotificationTrait::State	0x141505360		6	0	0	0	0	0	0	0
C27CCA6B-2D72-4629-903B-393642377589	1702	SpawnerNotificationTrait::OnSlicesSpawnedMsg	0x1415033F0	1	2	1	0	0	0	0	0	1
74CB9C69-C71D-4447-8E2B-CA329B8B7A43	1620	SpawnerTrait	0x141506350		12	0	0	0	0	0	0	0
45FB94B6-4016-478F-916C-E34BA46C352D	1703	SpawnerTrait::State	0x14151FCD0		6	0	0	0	0	0	0	0
9E5EAB7D-1CE0-444F-B805-30D2E1AE3CE9	1705	SpawnerTrait::SpawnSliceLocallyMsg	0x141516690	0	25	4	1	5	0	0	5	0
F5CEF9F2-1FD7-4D0F-9B48-207B1FCFD86F	1706	SpawnerTrait::SpawnSlicesLocallyMsg	0x141518510	1	34	3	1	3	0	0	4	1
5841FE05-4DFE-415B-9FC0-7FEB6AA1870F	1709	SpawnerTrait::SpawnActorLocallyMsg	0x14151B950	1	24	6	0	0	0	0	9	1
898D7153-07D2-45E0-B967-69F25E1491B4	1713	Javelin::AI::Navigation::TileReceiver	0x14151E920		12	0	0	0	0	0	0	0
96D30A90-30E2-4D8C-AD66-887430871F89	1715	Javelin::AI::Navigation::TileReceiver::State	0x1415337D0		6	0	0	0	0	0	0	0
5E2E022C-D062-4D56-9968-67A9C559F85E	1719	Javelin::AI::Navigation::TileReceiver::ReceiveNavAreaTileRefsMsg	0x141530220	0	12	3	0	2	0	0	2	1
4868EED6-F196-4E35-B7CD-CC7167790251	6255	Aoi::BasePhasingSocialData	0x1414EDFC0	1	13	2	0	0	0	0	0	2
CF545274-D893-493A-8834-F45CF3BF5E08	1721		0x14150B5F0		12	0	0	0	0	0	0	0
DFA9B0D2-1464-4E8B-9B2D-2D4AED7336DF	1369	Aoi::QueryResponseTrait::State	0x141520B50		6	0	0	0	0	0	0	0
1F9BA391-41D6-4FE7-B751-88AAFE9BA3BC	1724	Aoi::QueryResponseTrait::ResponseMsg	0x14151DF60	0	6	2	0	0	0	0	1	1
26F135C7-18BC-4EA9-AF4D-0934264D59F6	1725	Aoi::CastQueryResponseTrait	0x1415221A0		12	0	0	0	0	0	0	0
21105630-1CA8-4B33-88E1-CE5A29C7D117	1266	Aoi::CastQueryResponseTrait::State	0x1415353C0		6	0	0	0	0	0	0	0
E56670E2-A49E-4A38-B644-2032EA445457	1728	Aoi::CastQueryResponseTrait::ResponseMsg	0x141533C60	1	7	2	0	1	0	0	1	1
BB044A07-A16D-451B-A8E0-99AF74403FD4	624	Aoi::BatchCastQueryResponseTrait	0x141536660		12	0	0	0	0	0	0	0
A9F74BB9-1A07-46EA-A6EA-EF7B028486C4	1731	Aoi::BatchCastQueryResponseTrait::State	0x1414BE110		6	0	0	0	0	0	0	0
7F37D39A-D879-4B3D-A3CB-0DF0E8751AE4	587	Aoi::BatchCastQueryResponseTrait::BatchResponseMsg	0x141549010	1	2	1	0	0	0	0	0	1
696ECB1A-0284-4BB6-B2EF-89043F289506	413	Aoi::BaseQueryResponseTrait	0x1414BFDB0		12	0	0	0	0	0	0	0
F59B26B4-A1B3-464C-BC51-8041C86EE704	1735	Aoi::BaseQueryResponseTrait::State	0x1414EBD00		6	0	0	0	0	0	0	0
81AAE8A5-B45B-4611-AF37-4E1989FE02D7	1738	Aoi::BaseQueryResponseTrait::ReceiveGridsMsg	0x1414D4A10	1	13	3	0	2	0	0	2	1
F351FE96-3A6F-4594-B0A6-1BE7943F42BC	1744	Aoi::BaseQueryResponseTrait::DebugReceiveGridPhysicsStatsMsg	0x1414DA2F0	0	9	6	0	27	2	0	2	0
D0226C8B-16E1-4722-890A-09F9939FA573	1657	Aoi::BaseQueryResponseTrait::DebugReceiveServerTelemetryStatsMsg	0x1414DCF10	0	21	4	0	2	0	0	1	3
1BC4679C-6CE7-44E5-826E-8F5406C60CC0	87	Aoi::BaseQueryResponseTrait::DebugReceiveGridAoiStatsMsg	0x1414E1030	2	9	4	0	20	0	0	2	0
0967926E-13BA-4EBD-AF90-8E859E268032	5903	Aoi::BaseQueryResponseTrait::DebugReceiveGridLoadStatsMsg	0x1414E26B0	0	5	2	0	3	1	0	2	0
B6BE40B0-A68A-40A2-80F1-5A1F61A8C497	1748	Aoi::BaseQueryResponseTrait::DebugReceiveGridDetectionStatsMsg	0x1414E4D60	2	9	4	0	20	0	0	2	0
7980C89C-B897-4F5F-9E00-5F84E3B4A70B	578	Aoi::BaseQueryResponseTrait::DebugReceiveTopMemoryUsageCallstacksFromServerMsg	0x1414E8040	1	6	1	0	0	0	0	0	1
BDD602B7-425D-4D3C-BED3-0D0E2B8611CD	1601	Aoi::BaseQueryTrait	0x1414EDD60		13	0	0	0	0	0	0	0
7ABE5AA4-43EA-4324-B5D1-15B1D3546A59	1753	Aoi::BaseQueryTrait::State	0x14150E320		10	0	0	0	0	0	0	0
248FAEB9-03C8-43E0-B916-2E6A10D59C57	1756	Aoi::BaseQueryTrait::QueryAabbMsg	0x1414FEAB0	0	19	3	0	1	0	0	4	0
B981F363-CB05-4CD1-9654-99FC41E7862B	1758		0x141501DD0	2	16	4	0	2	3	0	4	0
F448F8ED-030F-4F86-AB47-EC096B689F3E	638	Aoi::BaseQueryTrait::QueryRayCastBatchMsg	0x1415044F0	1	21	5	0	2	3	0	4	1
3139B467-D252-4A1F-8848-0F5B66385BC1	1720	Aoi::BaseQueryTrait::QueryLinearShapeCastMsg	0x1415068D0	1	18	5	0	2	7	0	4	0
6EBBB9C4-74A1-428E-B1A8-CA0D76732D3B	1759	Aoi::BaseQueryTrait::QueryNonlinearShapeCastMsg	0x1415073C0	1	18	5	0	2	7	0	4	0
87D77FCA-663F-4A85-AB73-30AF1C2A311B	416	Aoi::BaseQueryTrait::QueryLinearShapeCastBatchMsg	0x141508810	1	19	6	0	2	7	0	4	1
6313E862-B237-47AE-95D5-F548C3DF867E	1761	Aoi::BaseQueryTrait::QueryNonlinearShapeCastBatchMsg	0x1415096B0	1	19	6	0	2	7	0	4	1
A75485E6-E8BF-48BE-A521-FA89DD0063BB	1763	Aoi::BaseQueryTrait::QueryMeleeAttackMsg	0x14150A7F0	1	17	6	0	3	7	0	4	0
05D7E784-264F-4AD8-9ADF-C0DADC66376A	1521	Aoi::BaseQueryTrait::QueryProjectileRayCastMsg	0x14150BD30	1	16	4	0	2	4	0	5	0
01A73F97-CBC3-4E31-8D3B-8B2AACD5BD30	1220	Aoi::BaseQueryTrait::QueryRayCastDetailedMsg	0x14150D000	2	16	4	0	2	3	0	4	0
7648F73D-776F-4C9B-B642-B6E79844F8A0	964	Aoi::PassiveQueryTrait	0x141511840		16	0	0	0	0	0	0	0
0CC7C0C7-F655-4A24-9381-C0050BB4BF61	1067	Aoi::PassiveQueryTrait::State	0x1415234F0		13	0	0	0	0	0	0	0
43094DCB-7FD4-4A7A-BB43-92C89C6F16A9	1766	Aoi::PassiveCastQueryTrait	0x141525140		16	0	0	0	0	0	0	0
3E769288-FF25-41F4-BADC-71A38B331538	709	Aoi::PassiveCastQueryTrait::State	0x141536820		13	0	0	0	0	0	0	0
ECF0AB01-B6C6-40A8-9F0F-3F0798726B0F	1769	Aoi::PassiveBatchCastQueryTrait	0x14153B290		14	0	0	0	0	0	0	0
9CC69379-7C6F-42AB-B11A-DD2F5E6D2089	1750	Aoi::PassiveBatchCastQueryTrait::State	0x1414BF310		9	0	0	0	0	0	0	0
D92075C2-662E-47B1-B5DF-E89038FCFF96	1520	Aoi::PassiveQueryActor	0x1414C1440		37	0	0	0	0	0	0	0
EC945E8D-C1AB-4E92-BEB0-72994BA14AB2	1770	Aoi::PassiveQueryActor::InitComponentMsg	0x1414C25A0	0	11	2	0	1	0	0	2	0
D6A5BE55-2223-4452-99B5-27E69A656015	1139	Aoi::PassiveCastQueryActor	0x1414C6CE0		37	0	0	0	0	0	0	0
7C0B9F30-EF3D-4C81-97F4-B51E32D4AB0C	1772	Aoi::PassiveCastQueryActor::InitComponentMsg	0x1414C8A50	0	11	2	0	2	0	0	2	0
8FDECFCC-5998-4907-99B3-C05B456A2E71	1774	Aoi::PassiveBatchCastQueryActor	0x1414CDE00		36	0	0	0	0	0	0	0
980C21D2-6B30-403C-9821-D6183E407E02	1775	Aoi::PassiveBatchCastQueryActor::InitComponentMsg	0x1414CFA40	0	10	3	0	2	0	0	2	1
352F5954-4193-46BB-A271-3321A80F31A2	1785	Aoi::GridChangeListenerTrait	0x1407CA990		0	0						
27A80853-B4C4-462A-A84E-B7267A3B7B32	1699	Aoi::GridChangeListenerTrait::State	0x14150F180		6	0	0	0	0	0	0	0
D7B15297-603A-4FEF-BD96-E259D84EA904	1788	Aoi::GridChangeListenerTrait::OnGridVersionChangedMsg	0x141510BD0	0	1	1	2	0	0	0	0	0
0AFB0865-9D83-4CA6-836F-BC24ECCFC9CA	661	Aoi::GlobalEntityListenerTrait	0x1407CA990		0	0						
2FF49152-5C1D-40C7-A8F3-99AA4903C1C3	365	Aoi::GlobalEntityListenerTrait::State	0x1414FC5A0		6	0	0	0	0	0	0	0
523E4637-2EB6-45A3-9018-952BAA2FEEE0	1405	Aoi::GlobalEntityListenerTrait::GlobalAddActorMsg	0x1414FD990	1	11	1	0	0	0	0	2	0
D96EBF5B-D139-42BE-BFD9-847B04E0B924	1791	Aoi::GlobalEntityListenerTrait::GlobalRemoveActorMsg	0x1414FF8B0	1	11	1	0	0	0	0	2	0
A28C1F16-1DDB-417D-B741-6D6B88EEE990	370	Aoi::GhostBaseTrait	0x1407CA990		0	0						
864623D7-CFD7-4A4E-BBE3-A0EBAFCAD669	1792	Aoi::GhostBaseTrait::State	0x1415325E0		17	0	0	0	0	0	0	0
14F01FFB-241F-450E-8138-33E84FC1E451	1245	Aoi::GhostBaseTrait::GridAddActorMsg	0x1415247A0	1	15	7	0	6	4	0	7	1
2738188A-7F0C-4C3C-BC95-3303FBC97F8D	566	Aoi::GhostBaseTrait::GridRemoveActorMsg	0x141526A10	1	15	7	0	6	4	0	7	1
B9846915-A9A9-4610-98BB-15275370FE65	714	Aoi::GhostBaseTrait::GridAddActorsBatchMsg	0x141528000	1	7	3	0	2	0	0	2	1
6B71C4A1-DDE9-463E-B6DB-ED472CD70208	1414	Aoi::GhostBaseTrait::GridRemoveActorsBatchMsg	0x1415296D0	1	7	3	0	2	0	0	2	1
DBEE550E-66AD-4965-892C-B2F9DDE55AB3	1794	Aoi::GhostBaseTrait::MoveMsg	0x14152A680	1	5	2	0	0	7	0	0	0
D9276730-78FE-4D22-BD1F-95C894A7BA07	1638	Aoi::GhostBaseTrait::MovePositionMsg	0x14152B760	1	4	1	0	0	3	0	0	0
A62C5F04-CCE3-4B5B-9DF6-9D5EE9CFE637	1796	Aoi::GhostBaseTrait::UpdateShapeMsg	0x14152D1E0	1	25	2	0	0	0	0	2	1
695F3769-6780-4158-AC86-A12E9E87AAA8	1798	Aoi::GhostBaseTrait::MigrateToHubMsg	0x1415312E0	0	1	1	0	1	0	0	0	0
D09565DC-3004-4D02-B7C0-0FCCBD357886	945	Aoi::GhostExTrait	0x1407CA990		0	0						
9797BCF3-5758-4B1B-8167-59BC3E178BC3	96	Aoi::GhostExTrait::State	0x1414D3830		20	0	0	0	0	0	0	0
DF466154-ACDA-4E98-8AA6-EE4BE79EF87D	501	Aoi::GhostExTrait::AddExceptionMsg	0x141549430	1	7	1	0	0	0	0	1	0
E19C9625-5024-40A1-AF72-CB665BA0A287	1804	Aoi::GhostExTrait::RemoveExceptionMsg	0x14154B390	1	7	1	0	0	0	0	1	0
003CA2F7-5471-4207-A0C1-E18DE33A0E75	1809	Aoi::GhostExTrait::AddExceptionsBatchMsg	0x1414BE360	1	2	1	0	0	0	0	0	1
1E69765F-4B2E-4B65-92FA-48BDA86DE38F	1815	Aoi::GhostExTrait::RemoveExceptionsBatchMsg	0x1414C1D40	1	2	1	0	0	0	0	0	1
8C3FE844-A1A7-46F0-9C42-FA424791E4FB	421	Aoi::GhostExTrait::GridAddActorAoiMsg	0x1414C2E60	1	11	5	0	2	3	0	5	0
ECBA98CE-3DC4-49FD-9391-36CB843B43CA	1517	Aoi::GhostExTrait::GridRemoveActorAoiMsg	0x1414C4610	1	11	5	0	2	3	0	5	0
2C0E97F4-D917-4323-A6A6-2CE52B7C7BF3	1816	Aoi::GhostExTrait::GridAddActorsAoiBatchMsg	0x1414C5720	1	7	2	0	2	0	0	2	0
D18B2B13-4C75-41B6-BE85-072EACECF0C9	161	Aoi::GhostExTrait::GridRemoveActorsAoiBatchMsg	0x1414C6890	1	7	2	0	2	0	0	2	0
4CDD0A95-140B-4FB2-A5AD-DB3CEE77DFFF	1818	Aoi::GhostExTrait::OnCullLimitPctChangeRequestMsg	0x1414C8440		1	0	0	0	0	0	0	0
4BAC5F8F-19F5-4CCB-9627-12F69D4185A8	1596	Aoi::GhostExTrait::OnSetBandwidthModeRequestMsg	0x1414C9C00		1	0	0	0	0	0	0	0
B520B42D-F127-40F3-8639-7E06B39E2100	4770	Aoi::GhostExTrait::OnReplicationDataCaptureActionMsg	0x1414CBAC0	1	2	1	0	0	0	0	1	0
BB8C5EEF-1124-49C6-958F-2F72D13EC1D9	546	Aoi::GhostExTrait::OnSetBandwidthModeOverrideRequestMsg	0x1414CD180	0	1	1	0	1	0	0	0	0
F512E9C2-109A-4BD0-B981-51B97AF7C910	1694	Aoi::GhostExTrait::OnOwnerChangedMsg	0x1414D1D60	2	6	1	0	1	0	0	2	0
240037C1-F398-44F2-B42F-F668A0DDF919	1828	Aoi::GhostActor	0x1414D9900		46	0	0	0	0	0	0	0
D0AC7A2A-84A7-4DC9-A16B-CB33898FB351	1704	Aoi::GhostActor::InitMsg	0x1414DC260	0	29	8	0	2	7	0	8	1
974B9519-0DA2-462B-B32C-B74541D0F6F1	400	Aoi::GhostClientActor	0x1414E4950		67	0	0	0	0	0	0	0
5928CF9C-6F86-4C56-9543-00901E9915C3	1830	Aoi::GhostClientActor::InitMsg	0x1414E7DC0	0	8	3	0	1	3	0	3	0
28CF0B99-2B35-4B8D-A28B-79F520F520CA	6155	Aoi::GlobalEntityListener	0x1407CA990		0	0						
3C9E43CE-24D7-4590-8FA8-BFA24D1DF977	231	Aoi::GridTrait	0x1414C2800		12	0	0	0	0	0	0	0
5D2DE358-9F51-4122-AFA4-BB0C450C67F2	1837	Aoi::GridTrait::State	0x1414D8850		6	0	0	0	0	0	0	0
EC277CFA-9327-45BF-8FA1-2E1253DEC248	1259	Aoi::PhysicsTrait	0x1414EFDE0		38	0	0	0	0	0	0	0
B4A0ACBD-97A2-45D3-82EA-1AD1E0121357	1840	Aoi::PhysicsTrait::State	0x1414DEBE0		54	0	0	0	0	0	0	0
9831F691-7F36-43E4-9B4A-FEBC53337F96	1843	Aoi::PhysicsTrait::QueryWorldAabbMsg	0x141500280	0	20	4	0	3	0	0	6	0
AC46E603-E925-4581-A0A1-D8ABF120DB80	128	Aoi::PhysicsTrait::QueryWorldRayCastMsg	0x1415020B0	2	17	5	0	4	3	0	6	0
6BDBCC0C-76DF-4E70-A266-5E797E39C783	1740	Aoi::PhysicsTrait::QueryWorldRayCastBatchMsg	0x141502D30	1	22	6	0	4	3	0	6	1
CC665C2C-7A22-4F00-A3DC-1052C926FF3B	1576	Aoi::PhysicsTrait::QueryWorldLinearShapeCastMsg	0x141503D40	1	19	6	0	4	7	0	6	0
5441C881-4805-4389-B912-EF0A6D29AAD0	508	Aoi::PhysicsTrait::QueryWorldLinearShapeCastBatchMsg	0x1415051D0	1	20	7	0	4	7	0	6	1
D5F187A0-DD31-440A-8DC1-6B07DD0654CD	385	Aoi::PhysicsTrait::QueryWorldNonlinearShapeCastMsg	0x141506030	1	19	6	0	4	7	0	6	0
D3594CC5-D934-4A0E-86D4-5E3E0D06A3E1	507	Aoi::PhysicsTrait::QueryWorldNonlinearShapeCastBatchMsg	0x141506CC0	1	20	7	0	4	7	0	6	1
84718473-BD79-406B-90E7-7C241D4C1F8A	1846	Aoi::PhysicsTrait::QueryWorldMeleeAttackMsg	0x141507BC0	1	18	7	0	5	7	0	6	0
828E805D-AE4E-4066-AD56-99AFD5416228	1723	Aoi::PhysicsTrait::QueryWorldProjectileRayCastMsg	0x141508C60	1	17	5	0	4	4	0	7	0
48E2277E-C3A1-4EED-9623-5D5FB682549B	1847	Aoi::PhysicsTrait::QueryWorldRayCastDetailedMsg	0x1415097C0	2	17	5	0	4	3	0	6	0
DADFDA9D-8450-4958-AA3B-CD4F34185247	1799	Aoi::PhysicsTrait::RecordPhysicsMsg	0x14150A990	1	4	1	0	0	0	0	0	1
A0DD2448-6C80-4494-B38C-21481B79FC42	1853	Aoi::PhysicsTrait::RegisterHitVolumeBatchMsg	0x14150BAC0	0	16	5	0	0	0	0	1	4
4D90E33E-5044-47F9-8FA9-FD346581B3AF	1585	Aoi::PhysicsTrait::UnregisterHitVolumeBatchMsg	0x14150F1E0	1	2	1	0	0	0	0	0	1
8D708918-7AB3-4CC2-9B8B-A26A300A48CC	1550	Aoi::PhysicsTrait::EnableHitVolumeMsg	0x141510C90	1	9	3	0	1	7	0	1	0
10A5B338-0FC5-4D0E-A6C4-45E7A346B73E	1856	Aoi::PhysicsTrait::DisableHitVolumeMsg	0x1415127F0	1	7	1	0	1	0	0	1	0
AB190D53-9ACA-44BE-8F40-16E074088D30	1205	Aoi::PhysicsTrait::UpdateHitVolumeBatchMsg	0x141513EF0	1	4	3	0	0	0	0	0	3
02EF97E1-CEC8-4D3A-BE69-350F63F14A08	342	Aoi::PhysicsTrait::ChangeHitVolumeShapeMsg	0x141515210	0	9	3	0	0	7	0	1	0
F15F32E5-D864-4001-BEF8-66E76D877D23	1857	Aoi::PhysicsTrait::ChangeHitVolumeShapeBatchMsg	0x141516CB0	1	10	4	0	0	0	0	0	4
32EB0CDA-9A4E-47A6-850A-7B8376480E52	542	Aoi::PhysicsTrait::RegisterRigidBodyMsg	0x141517D30	1	38	7	0	2	7	0	6	1
C8796D94-C5A7-484E-A5E7-E4C3918D562D	948	Aoi::PhysicsTrait::RegisterDebugTerrainMsg	0x141519CF0	1	10	2	0	1	3	0	2	0
0C8E35F2-BBCD-4570-B6A2-8FCD4A65631C	1858	Aoi::PhysicsTrait::RegisterRigidBodyByAssetMsg	0x14151AB80	1	15	6	0	3	7	0	6	0
78B06A66-1441-48A3-8A89-1A886C7B0D67	250	Aoi::PhysicsTrait::UnregisterRigidBodyMsg	0x14151C490	1	7	1	0	1	0	0	1	0
CA2E8008-63AD-42BB-850D-A5CC20217493	690	Aoi::PhysicsTrait::UpdateRigidBodyMsg	0x14151DD30	1	9	3	0	0	7	0	1	0
C9D435BA-DC32-4E9A-8130-F1400FC4DEB7	1378	Aoi::PhysicsTrait::UpdateRigidBodyFilterMsg	0x14151EF40	1	10	2	0	1	0	0	3	0
9F96CB00-C386-4B35-B7EC-4D2B3DD6DF06	5057	Aoi::PhysicsTrait::UpdateRigidBodyRaidIdMsg	0x14151FEF0	0	6	1	0	0	0	0	1	0
1DC4C7AD-DED9-4078-8E25-3B3B3B177119	1860	Aoi::PhysicsTrait::RegisterCharacterMsg	0x141521270	0	23	6	0	3	6	0	4	1
376FE212-4A4D-45CD-8C9B-CF4A47CBACD7	1861	Aoi::PhysicsTrait::RegisterCharacterWithRepulsorsMsg	0x141523040	1	29	8	0	4	7	0	4	3
9611DF86-F4C8-4A58-8163-A4C33747C277	1862	Aoi::PhysicsTrait::UnregisterCharacterMsg	0x141524900	1	7	1	0	1	0	0	1	0
064EB3D6-F683-4D93-A37F-9C268533B6FF	1865	Aoi::PhysicsTrait::UpdateCharacterFilterMsg	0x141525C20	1	10	2	0	1	0	0	3	0
6378ABF8-AD13-4B0C-AD94-189884792978	1760	Aoi::PhysicsTrait::RequestCharacterPositionDeltaMsg	0x1415275F0	0	12	7	0	3	8	0	7	2
1B23FD1A-3F61-488A-ACC1-95561DB5C1D3	1802	Aoi::PhysicsTrait::RequestCharacterPositionDeltaWithOrientationMsg	0x141528EF0	1	12	6	0	2	9	0	7	1
F2305DD9-2DA4-4B7F-BA33-DDB90AC23623	1019	Aoi::PhysicsTrait::RequestCharacterSetPositionMsg	0x14152A770	1	13	6	0	3	9	0	5	2
DFA3FA02-2AC9-4211-B9B2-F51C4EB6AF4D	1868	Aoi::PhysicsTrait::RequestCharacterSetPositionWithOrientationMsg	0x14152BB40	1	13	6	0	3	9	0	5	2
A0157CD7-1C42-45F2-8F11-B36C8C9FE046	873	Aoi::PhysicsTrait::RequestCharacterResizeMsg	0x14152D4D0	0	7	2	0	0	3	0	1	0
F19756AD-1B44-4AFC-9C95-19889A46CD19	1344	Aoi::PhysicsTrait::RequestIsCharacterReadyMsg	0x14152E240	1	7	1	0	0	0	0	1	0
DAEB2106-CCDB-4F3C-A207-94742796D8F2	48	Aoi::PhysicsTrait::RequestCharacterSetHaltMotionOnCollisionMsg	0x14152F730	0	7	2	0	0	1	0	2	0
74DAE6FC-8008-44E9-A5C6-9FB7EC2D15FA	1872	Aoi::PhysicsTrait::EnableCharacterRepulsorMsg	0x141530E60	0	7	2	0	0	0	0	2	0
3718D66C-4EF2-4739-9B10-B31CE66C2150	5873	Aoi::PhysicsTrait::ChangeCharacterColliderMsg	0x141531B30	1	7	1	0	1	0	0	1	0
F5C0A105-2FFA-4EE2-A2E3-A52330D3F538	298	Aoi::PhysicsTrait::RegisterGhostMsg	0x1415331D0	1	16	4	0	2	7	0	3	0
106CF1C4-4D2E-4E7C-9117-B0616B8F2368	957	Aoi::PhysicsTrait::UnregisterGhostMsg	0x1415348F0	1	7	1	0	1	0	0	1	0
5D26D039-5623-41D2-9380-B9938D37483C	1877	Aoi::PhysicsTrait::UpdateGhostMsg	0x141535CC0	1	9	3	0	0	7	0	1	0
A60FABC0-6D54-4BAF-8BF9-CACC0BA1DE19	4900	Aoi::PhysicsTrait::UpdateGhostShapeMsg	0x1415374B0	0	29	5	0	0	7	0	3	1
EF29CDA4-36CC-4A18-8767-0220DCC7EDED	1661	Aoi::PhysicsTrait::RegisterTerrainChunkMsg	0x141539050	1	12	2	0	1	0	0	2	1
D41546B0-EE1E-4A0B-9874-FED7F5992771	155	Aoi::PhysicsTrait::UnregisterTerrainChunkMsg	0x14153A790	1	5	1	0	1	0	0	2	0
A2BBF80D-FB48-465F-9CBA-DBC26E4F8F10	1881	Aoi::PhysicsTrait::RequestTerrainLoadingMsg	0x14153B840		1	0	0	0	0	0	0	0
0221224B-C651-4847-9129-5E2DA479BD0A	1882	Aoi::PhysicsTrait::UpdateTerrainChunksMsg	0x14153C6E0		1	0	0	0	0	0	0	0
EC9C6426-EAA6-466E-A4F5-13B297EC1648	853	Aoi::PhysicsTrait::RegisterAoiObservableMsg	0x14153DED0	0	8	3	0	0	4	0	3	0
F5C77C36-3D6F-4643-A2EC-306A9E839893	680		0x14153F390	1	7	1	0	0	0	0	1	0
A48BAF32-89EC-42ED-B9AE-9E40360FFB3E	1464	Aoi::PhysicsTrait::MoveAoiObservableMsg	0x141540670	1	8	2	0	0	3	0	1	0
F274B950-A717-4809-9F5B-6367B7E32CCC	5271	Aoi::PhysicsTrait::UpdateMetadataAoiObservableMsg	0x141541990	0	7	2	0	0	0	0	3	0
77D6477C-F057-4098-A644-58D36C551989	1444	Aoi::PhysicsTrait::ResizeAoiObservableMsg	0x141543B80	0	6	1	0	0	1	0	1	0
75D45E55-F6C8-4A7F-96C5-89DFDD07EE70	1885	Aoi::PhysicsTrait::LegacyRegisterAoiObserverMsg	0x141544CC0	2	7	2	0	1	3	0	2	0
260B6563-21A3-46F3-A503-4E561F6DDD5A	274	Aoi::PhysicsTrait::LegacyUnregisterAoiObserverMsg	0x1415462C0	1	5	1	0	1	0	0	2	0
DF8485D8-22FE-4AEC-B23C-A19462A66944	1890	Aoi::PhysicsTrait::LegacyMoveAoiObserverMsg	0x1415476C0	2	7	2	0	1	3	0	2	0
EB52BF3C-CCCD-44D5-9CF2-214904209AEA	1834	Aoi::PhysicsTrait::LegacyResizeAoiObserverMsg	0x141548770	1	6	1	0	1	0	0	2	0
D9E3B06E-FA39-44F9-8950-CDD4A1D0B926	6175	Aoi::PhysicsTrait::RegisterAoiObserverMsg	0x141549C90	2	9	2	0	0	3	0	1	0
43B7F1E3-2838-4535-B8E2-651E9458DE6F	6178	Aoi::PhysicsTrait::UnregisterAoiObserverMsg	0x14154B510	1	7	1	0	0	0	0	1	0
E6382BD3-F3CB-4DDD-B352-B04E3AE1F393	6176	Aoi::PhysicsTrait::MoveAoiObserverMsg	0x1414BE4A0	2	9	2	0	0	3	0	1	0
67EDEC00-CED5-491F-878D-F62BE99E0A36	6179	Aoi::PhysicsTrait::ResizeAoiObserverMsg	0x1414BFEE0	1	8	1	0	0	0	0	1	0
A6D0FACE-4A56-42A3-B359-486A21A43615	6177	Aoi::PhysicsTrait::RegisterDetectableMsg	0x1414C1600	1	14	5	0	2	3	0	5	0
4FC292F9-FCCA-45B7-B530-344E585A14DA	1899	Aoi::PhysicsTrait::UnregisterDetectableMsg	0x1414C2BA0	0	11	5	0	0	3	0	4	0
59E9F053-634C-45D3-9CBF-3C6D5B3789F1	1900	Aoi::PhysicsTrait::MoveDetectableMsg	0x1414C4220	1	8	2	0	0	3	0	1	0
98A9E957-3FDF-4A67-AA6D-1A4E81C6AD04	1869	Aoi::PhysicsTrait::ResizeDetectableMsg	0x1414C5310	1	8	2	0	0	3	0	1	0
2EBC6A35-7CBA-4A56-97D0-65C1095BC1CB	1903	Aoi::PhysicsTrait::MoveAndResizeDetectableMsg	0x1414C6320	0	7	2	0	0	3	0	1	0
6DACE0BE-B8BA-4203-B55B-1D1F061D70D9	984	Aoi::PhysicsTrait::LegacyRegisterDetectorMsg	0x1414C79C0	0	12	4	0	3	3	0	4	0
FA89D9ED-3C68-4990-90F8-8BEA20FAFF10	1906	Aoi::PhysicsTrait::LegacyUnregisterDetectorMsg	0x1414C9780	1	5	1	0	1	0	0	2	0
48596681-9217-40DE-B072-8F8425169422	1909	Aoi::PhysicsTrait::LegacyMoveDetectorMsg	0x1414CB3A0	2	7	2	0	1	3	0	2	0
836F5BB7-EB2B-451B-A944-27A6CDCC9EFF	144	Aoi::PhysicsTrait::LegacyResizeDetectorMsg	0x1414CCB80	0	6	3	0	2	3	0	2	0
97E142FB-4B46-4A8F-9281-F4FD537C2D7B	800	Aoi::PhysicsTrait::LegacyMoveAndResizeDetectorMsg	0x1414CE8F0	1	7	3	0	2	3	0	2	0
4D0710F7-78CD-4229-A05A-FE42D5E8762F	6073	Aoi::PhysicsTrait::RegisterDetectorMsg	0x1414D0AF0	0	17	6	0	2	3	0	5	0
6170B42D-A478-4E35-B217-29C1C79A0B82	6074	Aoi::PhysicsTrait::UnregisterDetectorMsg	0x1414D48C0	1	10	3	0	0	0	0	3	0
13118708-548E-4EA1-AB6C-D5DB64755EA2	6075	Aoi::PhysicsTrait::MoveDetectorMsg	0x1414D5E40	1	8	2	0	0	3	0	1	0
FA8A4731-B900-40B3-9B2D-BDA1774978FE	6072	Aoi::PhysicsTrait::ResizeDetectorMsg	0x1414D8410	0	8	3	0	1	3	0	1	0
8FEE93E5-379C-41FB-92DA-0CE2AF7E9ACA	6076	Aoi::PhysicsTrait::MoveAndResizeDetectorMsg	0x1414DB410	1	9	3	0	1	3	0	1	0
E4F6B709-C218-47BD-8DCE-9EEC2F605DB8	1910	Aoi::PhysicsTrait::OnActorStatusChangedMsg	0x1414DD350	2	6	1	0	1	0	0	2	0
A69E4CF1-EBCA-4365-B820-DD69440456D4	1911	Aoi::PhysicsStatusListener	0x1407CA990		0	0						
1879B9E8-7A70-4F75-8AE7-A064BE9667C5	240	Aoi::PhysicsStatusListener::State	0x1414FB8E0		6	0	0	0	0	0	0	0
2DB57DA8-4C52-4479-A00C-8BC231D7CD23	1912	Aoi::PhysicsStatusListener::GridLoadUpdateMsg	0x1414FA440	0	6	2	0	1	1	0	2	0
C1A7E8A5-063F-408B-B385-DD90F20F343A	1913	Aoi::TerrainReadinessListener	0x1407CA990		0	0						
A8A94D23-75CA-44F7-ACFC-F1084A7F7C33	1916	Aoi::TerrainReadinessListener::State	0x14150B450		6	0	0	0	0	0	0	0
620A9AA4-8531-454F-AB76-B07AE47129EC	678	Aoi::TerrainReadinessListener::OnTerrainReadyMsg	0x14150CA10	1	5	1	0	1	0	0	2	0
538502DD-89A8-4295-9674-04C141B01329	1341	Aoi::GridActor	0x14150DE20		68	0	0	0	0	0	0	0
C3CB4F82-79E7-4219-A672-2ECD6D3C1974	1575	Aoi::GridActor::InitMsg	0x14150F530		5	0	0	0	0	0	0	0
ADC1C90A-C629-4F8D-B15A-3F1028A28BE6	372	Aoi::GridManagerPublic	0x1407CA990		0	0						
84E46376-82B3-43E2-B500-1679C6880EFE	214	Aoi::GridManagerPublic::State	0x1414E50A0		10	0	0	0	0	0	0	0
3D2AD744-B5E9-41E9-9CEA-C057166EA485	1917	Aoi::GridManagerPublicDynamic	0x1407CA990		0	0						
0FDF9794-7B5F-4978-8DD2-CF14FE2C04C2	1922	Aoi::GridManagerPublicDynamic::State	0x1414FDB60		11	0	0	0	0	0	0	0
10C59BB8-640B-4AE4-B50D-563DA32B6A4A	1923	Aoi::GridManagerPublic::OnPeerChangedMsg	0x1414D5FD0	2	9	2	0	2	0	0	4	0
240FC877-9893-406F-9E47-279458E9DC9C	1928	Aoi::GridManagerPublic::OnGlobalAoiChangedMsg	0x1414D97B0	2	9	2	0	2	0	0	4	0
438BD6CC-6432-4155-B546-E1EFEF632E84	647	Aoi::GridManagerPublic::HubConnectionChangedMsg	0x1414DC0F0	1	2	1	0	1	0	0	1	0
5DA21098-CACA-436F-B921-EFFBCDA478F8	77	Aoi::GridManagerPublic::OnGameplayReadyMsg	0x1414DDAF0		1	0	0	0	0	0	0	0
24429FDB-B385-45C2-929F-836F361FB9DD	356	Aoi::GridManagerPublic::OnNavAOIActorCreatedMsg	0x1414DF2D0	1	5	1	0	1	0	0	2	0
80EED5A1-C6DA-4CEF-8B7A-A615B0072F67	1930	Aoi::GridManagerPublic::DebugDumpLayoutMsg	0x1414E15B0	1	5	1	0	1	0	0	2	0
389811F9-72F8-4D1C-B33F-7D46CDBCB122	1934	Aoi::GridManagerPublic::DebugDumpLoadMsg	0x1414E2DE0	1	5	1	0	1	0	0	2	0
4879E6FC-D074-4A77-8D0B-F2A7C0F051C1	1787	Aoi::GridManagerPublicDynamic::AddGridLayerMsg	0x1414FB1A0	2	18	5	0	5	0	0	3	1
6585FDA0-3668-4B67-BD8D-33572607334A	1941	Aoi::GridManagerPublicDynamic::RemoveGridLayerMsg	0x1414FC680		3	0	0	0	0	0	0	0
7CF9A4E6-3B29-4494-A3FA-850EE4FB130E	1946	Aoi::GridManagerActor	0x141501850		61	0	0	0	0	0	0	0
096D99F8-A8B9-400F-9876-B18879F63284	693	Aoi::GridManagerActor::InitMsg	0x141502800		1	0	0	0	0	0	0	0
BC319C0B-0823-44F5-8B6C-DDE98C6320B1	6164	Aoi::PhasingGridCoordinatorTrait	0x1407CA990		0	0						
C311D90E-3B0B-437D-B3DB-D93756CDDDA6	6166	Aoi::PhasingGridCoordinatorTrait::State	0x1415226D0		6	0	0	0	0	0	0	0
6F8C718D-F06B-48BF-B849-5FBCF8B91309	6603		0x141524060		1	0	0	0	0	0	0	0
6F3ABBCF-EAB9-4A96-9D20-901D37F4DB4C	6167	Aoi::PhasingGridCoordinatorTrait::RequestEnterSectorMsg	0x1415253C0	0	9	3	0	2	0	0	1	0
D02E1FA9-7024-40EC-BCEE-686BBE3D52A3	6162	Aoi::PhasingGridCoordinatorTrait::RequestExitSectorMsg	0x141528BF0	0	9	3	0	2	0	0	1	0
093674AC-B0CA-4433-BECD-87273EEBC4A7	6741	Aoi::PhasingGridCoordinatorTrait::RequestSectorSelectionMsg	0x14152A230	1	16	3	0	0	0	0	0	3
77012A9A-25F2-4633-8B9F-AF99F13176BA	6447	Aoi::PhasingGridCoordinatorTrait::DebugJoinPhaseMsg	0x14152B480	1	10	3	0	2	0	0	3	0
8D1EEDA9-0095-4A91-8E46-72DDC879AD86	6604	Aoi::PhasingGridCoordinatorTrait::QueuePhaseStartupMsg	0x14152CEF0	1	8	2	0	2	0	0	2	0
C0B8BBCD-1685-4DED-BE35-916E3D6A8DB1	6602	Aoi::PhasingGridCoordinatorTrait::DequeuePhaseStartupMsg	0x14152DF70		3	0	0	0	0	0	0	0
DB23DA0F-A049-42EC-8058-3A8247A978F8	6168	Aoi::PhasingGridCoordinatorTrait::PhaseReadyMsg	0x14152EE30	0	18	6	0	7	0	0	3	1
42643CEC-2E0E-4720-86D8-2A7A9CFF1897	6422	Aoi::PhasingGridCoordinatorTrait::ExtendPhaseLifetimeMsg	0x141530BA0		4	0	0	0	0	0	0	0
DF1D04FE-C769-4A6D-8F10-C5F9EAA645D4	6369	Aoi::PhasingGridCoordinatorTrait::SocialChangeMsg	0x141531800	1	8	1	0	0	0	0	1	0
82FCF324-37D9-417D-B2F4-14577CAD646F	6384	Aoi::PhasingGridCoordinatorTrait::RequestJoinCharacterPhaseMsg	0x141533030	0	14	4	0	1	0	0	2	1
28A1B63C-7820-4992-8682-414D26843C1E	6449	Aoi::PhasingGridCoordinatorTrait::RequestPlayersPhaseIdMsg	0x141534780	0	13	3	0	1	0	0	1	1
6C03F5A7-F678-4BDA-BA30-EA6D16B94ABE	6390	Aoi::PhasingGridCoordinatorTrait::NotifyCanEarlyRelocateMsg	0x141535D90	0	7	2	0	0	0	0	2	0
B77EB12F-6FEF-42CF-96F4-AD5E4F67CA39	6511	Aoi::PhasingGridCoordinatorTrait::RequestReassignmentMsg	0x141537640	0	8	2	0	1	0	0	2	0
E7D9D21E-1249-42AE-B930-6EBA8020F6D1	6430	Aoi::PhasingGridCoordinatorTrait::SubscribePhaseStatusMsg	0x1415393C0	2	8	1	0	0	0	0	1	0
36F8AB7C-78AC-45BA-BE06-50D5B5C2BDD3	6432	Aoi::PhasingGridCoordinatorTrait::UnsubscribePhaseStatusMsg	0x14153A860	2	8	1	0	0	0	0	1	0
D56F0C81-65A4-4759-AD84-1DC87B56BF1F	6472	Aoi::PhasingGridCoordinatorTrait::AddOmnipresentToGridMsg	0x14153B880	0	18	6	0	6	0	0	3	1
445FE184-2D9F-4CED-B377-4CA2E4C1DAA0	6474	Aoi::PhasingGridCoordinatorTrait::RemoveOmnipresentFromGridMsg	0x14153C790	1	4	1	0	1	0	0	0	0
186BC9C0-0C9F-4541-9529-BE27D7926CE7	6475	Aoi::PhasingGridCoordinatorTrait::GridAddedAckMsg	0x14153E0E0	1	7	1	0	0	0	0	1	0
E76C899C-F276-4B3E-A5B8-3E18657B1B97	6540	Aoi::PhasingGridCoordinatorTrait::DebugCondemnPhaseMsg	0x14153EFC0		3	0	0	0	0	0	0	0
B1767DA5-1D05-4ECD-880A-3C9C5EA1F104	6881	Aoi::PhasingGridCoordinatorTrait::RelocatePhaseMsg	0x141540360	1	4	1	0	1	0	0	0	0
B0E6BCD7-0822-4C25-BF27-4166BBC2A9B7	6905	Aoi::PhasingGridCoordinatorTrait::GetBasePhaseInfoMsg	0x141544D60	0	5	2	0	2	0	0	2	0
E52BC9BE-0F74-4734-97A3-CD7144492E6A	6911	Aoi::PhasingGridCoordinatorTrait::LockPhaseCostMsg	0x141541630	0	3	1	0	1	1	0	1	0
78DDBFDF-887C-4CA6-85F8-38B52C910A31	6925	Aoi::PhasingGridCoordinatorTrait::UnlockPhaseCostMsg	0x141543CB0	0	1	1	0	0	0	0	1	0
7DBE99AC-8151-4DA7-BF11-87559A9EC726	6907	Aoi::PhasingGridResponsesTrait	0x1407CA990		0	0						
906058D5-FF83-4A65-9316-8736537E8EC9	6908	Aoi::PhasingGridResponsesTrait::State	0x1414CA630		6	0	0	0	0	0	0	0
FD8BFBD5-D6BE-43C9-B21E-A649C092A265	6906	Aoi::PhasingGridResponsesTrait::OnBasePhaseInfoMsg	0x1414CC050	0	1	1	0	1	0	0	0	0
ED3A8133-01CE-46FF-96A6-0ED7BFC511F7	790	Aoi::PlayerSpawnPointRequestTrait	0x141516F80		12	0	0	0	0	0	0	0
663324AA-9CA2-4265-A198-0CA64A9E6953	1392	Aoi::PlayerSpawnPointRequestTrait::State	0x14152BC80		6	0	0	0	0	0	0	0
7EDAFF95-F499-4036-80AD-C707A3A48953	1301	Aoi::PlayerSpawnPointResponseTrait	0x14152D780		12	0	0	0	0	0	0	0
DA0436A2-3CEE-4C24-A251-0B6CD08D3AF4	1780		0x141543DA0		6	0	0	0	0	0	0	0
7D250375-53C4-4581-B6D5-69C38E58D64E	527	Aoi::PlayerSpawnPointRequestTrait::RequestPlayerSpawnPointMsg	0x141529120	0	19	4	0	1	0	0	3	2
DDD0AB85-A240-4F22-BB59-095629C4246A	682	Aoi::PlayerSpawnPointRequestTrait::RequestFtueInstanceCreationMsg	0x14152AC30	0	1	1	0	1	0	0	0	0
30DF0286-BD70-4A2F-8031-AC509418AA3A	1781	Aoi::PlayerSpawnPointResponseTrait::ReceivePlayerSpawnPointSuccessMsg	0x1415403F0	0	24	8	0	5	7	0	4	1
D27369C4-4010-48DD-9A09-49A3A25D9905	614	Aoi::PlayerSpawnPointResponseTrait::ReceivePlayerSpawnPointFailureMsg	0x141541CE0	0	5	1	0	1	0	0	1	0
7AD43E3C-6A87-4699-8FFB-987D71771C5B	1782	Aoi::PlayerSpawnPointResponseTrait::ResponseFtueInstanceCreationMsg	0x14153E970	0	1	1	0	1	0	0	0	0
E5F993CA-E339-4584-A7A2-1EDE9D35B0A4	6661	Aoi::SectorDataNotifierTrait	0x1407CA990		0	0						
6A084040-418B-4D75-8D54-CB0B45197D1D	6662	Aoi::SectorDataNotifierTrait::State	0x14152DF00		6	0	0	0	0	0	0	0
E7CDD095-9D56-4027-BE99-D5C16428172F	6663	Aoi::SectorDataNotifierTrait::OnSectorDataReloadedMsg	0x14152EFC0		1	0	0	0	0	0	0	0
606DE6FA-855A-4ECD-99AA-CA0A8C6FA8AA	1947	Aoi::SpawnPointRequestTrait	0x1415455C0		12	0	0	0	0	0	0	0
F6DEAFE9-9E2E-446D-B580-C2A3E93BE7A1	279	Aoi::SpawnPointRequestTrait::State	0x1414D1280		6	0	0	0	0	0	0	0
ACAA50BD-F240-4C99-8CF5-380DCD6500A8	355	Aoi::SpawnPointResponseTrait	0x1414D3AF0		12	0	0	0	0	0	0	0
3AA1DB24-AF81-4BD1-8A0B-FB68412A460E	1950	Aoi::SpawnPointResponseTrait::State	0x1414F4760		6	0	0	0	0	0	0	0
CC5D852F-8C0C-4538-B41D-15E3EEB7A79F	1952	Aoi::SpawnPointRequestTrait::SubscribeToSpawnPointChangeMsg	0x1414C94B0	1	5	1	0	1	0	0	2	0
BA90DADF-A2A5-41FE-B7BC-ECB627C25DE0	1953	Aoi::SpawnPointRequestTrait::RequestRandomSpawnPointMsg	0x1414CB660	0	10	2	0	2	0	0	3	0
ABFAE2E2-6A4A-4A58-AC4A-BB1CDB435B8C	1955	Aoi::SpawnPointRequestTrait::RegisterLocationBoundsMsg	0x1414CD210	0	4	2	0	1	0	0	0	1
A2CF5167-A112-4F92-BC05-D59E797B5FAC	5394	Aoi::SpawnPointRequestTrait::SignalIfReadyMsg	0x1414CF330		1	0	0	0	0	0	0	0
6D47C55E-FCE6-4487-9E78-C0AD69E3719C	1203	Aoi::SpawnPointResponseTrait::ReceiveSpawnPointsMsg	0x1414EEE30	1	2	1	0	0	0	0	0	1
0857EC1E-5E9B-46A4-9F08-77F11F9F3BCA	1958	Aoi::SpawnPointResponseTrait::ReceiveSpawnPointMsg	0x1414F2A50	0	24	8	0	5	4	0	5	1
9DCDC279-F065-4C54-8064-664B5E4699D6	244	Aoi::TerrainCollisionMeshProducerTrait	0x1407CA990		0	0						
04E72D61-8C21-4E94-9A36-0FD80F3A6B81	1961	Aoi::TerrainCollisionMeshProducerTrait::State	0x1414C0950		10	0	0	0	0	0	0	0
6C8DF7C7-4646-479D-AC21-CDAAB8D7FDDF	1678	Aoi::TerrainCollisionMeshProducerTrait::RequestMeshesMsg	0x1414BF200	1	5	1	0	1	0	0	2	0
BA536B12-AD50-422C-A826-967FF36DA349	1548	Javelin::DungeonMasterTrait	0x1407CA990		0	0						
A3BC5C58-A599-4CB5-89DE-030B35365036	1964	Javelin::DungeonMasterTrait::State	0x1414CDF90		6	0	0	0	0	0	0	0
DFE97F3B-DBB2-4B2F-BAE0-FB9E5C428112	1078		0x1414D0EB0		1	0	0	0	0	0	0	0
C3337868-2F4C-44A0-9454-2D601D3F7590	1540	Javelin::DungeonMasterTrait::PlayerJoinMsg	0x1414D30C0	2	19	5	0	0	7	0	3	1
A37C1927-CACD-4C73-A7B6-00A2011614C8	1350	Javelin::DungeonMasterTrait::PlayerQuitMsg	0x1414D4460	0	6	1	0	0	0	0	2	0
F2B109CE-C68C-4104-A1C4-A20092DD60DC	1970	Javelin::DungeonMasterTrait::OnPlayerUnteleportMsg	0x1414D5850	1	7	1	0	0	0	0	1	0
AF503428-D7E2-4294-97F2-35F0A89DD43C	760	Javelin::DungeonMasterTrait::RegisterOutOfBandPlayerJoinMsg	0x1414D7690	2	19	5	0	0	7	0	3	1
02ED7037-C958-41D8-B0E2-6D6D44193CA9	1976	Javelin::DungeonMasterTrait::RegisterChildActorMsg	0x1414E9410	1	5	1	0	1	0	0	2	0
FB541C6B-2A47-46BC-A1F7-A6F49060514B	1979	Javelin::DungeonMasterTrait::UnregisterChildActorMsg	0x1414EAF50	1	5	1	0	1	0	0	2	0
2F9A8468-333B-4344-8ED3-3E3D0CCFB441	1988	Javelin::DungeonMasterTrait::OnChildActorChangedMsg	0x1414ECCC0	2	6	1	0	1	0	0	2	0
9721637E-4538-4607-A470-F6CD0177B2E2	1990	Javelin::DungeonMasterTrait::OnGridActorChangedMsg	0x1414EE460	2	6	1	0	1	0	0	2	0
8D16A3EA-CD3E-4395-8195-8C23A5399BD9	1992	Javelin::DungeonMasterTrait::OnHubCapacityRequestedMsg	0x1414DAA50	0	1	1	0	0	0	0	1	0
82197293-E7D9-48FD-BA36-E4E4B875331B	1918	Javelin::DungeonMasterTrait::OnHubCapacityRequestFoundHubMsg	0x1414E06B0	0	1	1	0	1	0	0	1	0
B50FCB58-C1E3-4E35-AB2C-1CF4C8D7277E	1239	Javelin::DungeonMasterTrait::OnHubCapacityRequestFailedMsg	0x1414E1F50	0	1	1	0	0	0	0	1	0
775BF059-5E48-4D94-9C87-E0A136772314	1993	Javelin::DungeonMasterTrait::OnHubCapacityRequestWaitMsg	0x1414E3C60	0	3	1	0	0	0	0	1	0
1AD8C348-2C76-40E2-8D88-772B5AC68767	5604	Javelin::DungeonMasterTrait::OnHubCapacityReservationWaitMsg	0x1414E71E0	0	3	1	0	0	0	0	1	0
CE7CDDA2-9FBA-4BF3-8541-0B9647C71B65	1718	Javelin::DungeonMasterTrait::OnHubCapacityReleasedMsg	0x1414EFB60	0	1	1	0	0	0	0	1	0
6901A55A-F369-48ED-8788-D56E91BB835C	6473	Javelin::DungeonMasterTrait::OnOmnipresentAddedToGridMsg	0x1414F0D70		3	0	0	0	0	0	0	0
BD4F134F-E9F0-4AB4-B134-60A54C6211E7	6605	Javelin::DungeonMasterTrait::ClearHubThrottleMsg	0x1414F2B80		1	0	0	0	0	0	0	0
7D6C57FE-6CD6-44CD-B1DE-050B124B1ACE	6891	Javelin::DungeonMasterTrait::TransferOmnipresentActorsMsg	0x1414F3F80	1	5	1	0	1	0	0	2	0
B3CC092D-033B-4B14-80C7-A561DCB98202	6889	Javelin::DungeonMasterTrait::ReceiveOmnipresentActorsMsg	0x1414F5570	0	2	1	0	0	0	0	0	1
8B589C3F-5A66-4A08-9BE5-F0B46E7C289B	343	Javelin::BaseDungeonMasterActor	0x1407CA990		0	0						
65B9FBAC-EF50-416B-B783-7F1A9F33B29D	1997	Javelin::SampleDungeonMaster	0x1414CE3D0		61	0	0	0	0	0	0	0
ECD10E39-6F1C-4148-8CC1-17EF02A5DDBF	1999	Javelin::SampleDungeonMaster::InitMsg	0x1414D0850	1	10	3	0	0	0	0	0	3
1BBFC9F5-A7C5-426B-B12D-F5CD095A1C0B	889	Javelin::EntitlementRemoteMessages	0x14152E8C0		0	0						
D8D0D052-A6F3-4EEE-88BA-F47190E77F34	2026	Aoi::ISingleCastQueryListener	0x1407CA990		0	0						
7FAFA1DB-9E2C-4412-887F-3244132181A7	1361	Aoi::IBatchCastQueryListener	0x1407CA990		0	0						
3AE8A9C6-AA54-49B7-9B1F-87E8B18E0638	31	Aoi::ISingleQueryListener	0x1407CA990		0	0						
E9799297-223D-412D-BFAD-36DF2D9B0684	2035	AoiExceptionInfo	0x1417AC480	1	8	2	0	1	0	0	3	0
DEEEF012-2D26-497F-9B82-F6EA772CE594	811	Aoi::ComponentRequestHandler	0x1407CA990		0	0						
97C2FFBE-EDB2-4562-9550-F03E9B533BDC	1563	Aoi::IGridLayerCreatorTrait	0x1407CA990		0	0						
3F571DC9-7FBC-4D18-BA11-A6CB0BEB3DD4	404	Aoi::IGridLayerCreatorTrait::State	0x141507730		6	0	0	0	0	0	0	0
4841C346-1FCF-428B-AEA6-446D76CE9F6C	1439	Aoi::IGridLayerCreatorTrait::OnGridLayerCreatedMsg	0x141508950		3	0	0	0	0	0	0	0
4E34775B-B226-44E5-985D-92B8300E4DC1	6286	Aoi::BaseGridActorClient	0x1407CA990		0	0						
2B06028B-6179-4116-B8BB-5BE03AAE428F	5480	Javelin::ICharacterComponentRequestListener	0x1407CA990		0	0						
AFC1945E-7751-4459-A2D9-3FA9C63582A0	2048	Javelin::IDetectionNotifications	0x1407CA990		0	0						
1C9066DD-D321-4D90-A049-C53A64BBAFE0	6288	Aoi::DetectorGridActorClient	0x1414FE3D0	1	73	16	6	7	13	0	12	3
0895B6C5-DEF6-4CC1-8A59-E14080550620	6378	Javelin::IGridSubscriber	0x1407CA990		0	0						
583F3E9A-48BD-416D-AAE9-BC84F8AA4F6C	6380	Javelin::IGridProducer	0x1407CA990		0	0						
23830A4A-17A7-4C90-9A93-FB939AB87A76	6122	Aoi::IGridProvider	0x1407CA990		0	0						
7BE8FEDB-8A86-48A3-8E55-76AE28350EF4	6140	Javelin::InterestComponentMessageInterface	0x1407CA990		0	0						
F160028B-87C5-44D6-85A6-AAE7D8C2B555	6382	Aoi::RemoteGridProducerRef	0x14153E370	2	10	2	0	0	0	0	2	0
ED31C746-1290-4B2A-B863-364A745C24C4	6374	Aoi::PassivePhasingGridSet::GridWithProducerRefs	0x141542630	2	23	5	0	5	0	0	3	1
08C2DF7B-5DDE-4670-9D1A-E055AA4BB7F2	6383	Aoi::PassivePhasingGridSet	0x141540E90	1	33	8	0	6	0	0	3	3
D5E58B3D-4DB4-4506-B51A-BCEC634DE71F	2056	QueryShapeBase	0x1407CA990		0	0						
040A16E0-7944-40A7-8016-0ECBF2CDF5DE	2057	QueryShapeBox	0x141531BF0	0	2	2	0	1	3	0	0	0
46089685-3E19-4710-92BA-1FE3DE7B6163	2060	QueryShapeAabb	0x141533360	0	2	2	0	1	3	0	0	0
4CF7921F-264E-4460-8F20-C66A0C7E64F8	1063	QueryShapeSphere	0x141534460	0	1	1	0	1	1	0	0	0
DE661121-B5F4-4EE9-9CBC-0FDEAE6E3918	2063	QueryShapeCapsule	0x141535800	0	2	2	0	1	5	0	0	0
3D8A4106-AC5F-435C-A10D-2E494E0A6DA9	2066	QueryShapeCylinder	0x141537090	0	2	2	0	1	2	0	0	0
B26E087D-23C6-467F-AAB8-380067A1B76B	477	QueryShapePolygonPrismTEMP	0x141538D50	0	2	2	0	1	1	0	0	1
C824FAA6-A566-42E3-BE2F-5EA7B35590E7	850	QueryShapePoint	0x14153BD20		0	0						
E3191D1B-6090-4E01-B5F4-FD73D9297593	1513	AoiGhostListenSettings	0x141508220	1	5	2	0	0	4	0	0	0
7C0CDDC3-250A-4928-8198-557ADA870536	158	CharacterActionTestSettings	0x141543FD0	0	5	3	0	1	3	0	2	0
6E5C6C07-1CD1-4880-A46E-66B81138AA3A	2069	Javelin::BotComponentInterface	0x1407CA990		0	0						
4AA12535-478A-4F20-9562-6A16DD58C1CE	1299	Javelin::GetCharacterDataResponseListener	0x141503010	1	7	1	0	0	0	0	1	0
98304B15-4EFA-4FAB-A0EC-1F0C824EF439	125	Javelin::PublishCharacterMetadataResponseListener	0x141504700	1	7	1	0	0	0	0	1	0
BD585F42-CA92-4EC6-8BE3-F33D4F6A69B8	414	Javelin::PublishCharacterSocialDataResponseListener	0x141505630	1	7	1	0	0	0	0	1	0
E5D1BC33-DA5F-4EE6-B235-1A0313FB73AF	797	Javelin::NamePrefixSearchResponseListener	0x141506540	1	7	1	0	0	0	0	1	0
E2558E71-3E8D-47C6-8F89-D25573F6FEB5	5849	DebugSpawnSliceParams	0x14104A080	2	3	1	0	0	0	0	4	0
4ACFFB52-7C04-4B87-B0CC-E1B99A5EF314	2078		0x14150C5C0	0	24	3	0	1	0	0	1	2
D25D84E0-35E4-4EEF-94D4-13151ABD0F08	2080	POISpawnerTrait	0x1414CE540		16	0	0	0	0	0	0	0
766D5FE1-BC24-45EA-A558-4A9409C60653	1870	POISpawnerTrait::State	0x1414F2E90		6	0	0	0	0	0	0	0
C4FBA3DE-FC6F-46D1-A97B-DE12BC5EA6C7	1232	POISpawnerTrait::RegisterPOIMetadataMsg	0x1414EA030	0	2	2	0	1	3	0	0	0
B28DFF2C-7A00-4740-A6E0-11B0DFE70A72	6139	Javelin::DebugConsoleClientMessages	0x14151C560		12	0	0	0	0	0	0	0
BEF61C52-4509-4CF6-A869-AC76BAA445AC	6142	Javelin::DebugConsoleClientMessages::State	0x14152E0B0		6	0	0	0	0	0	0	0
663EA64F-42C1-4C96-836F-C4DE83FBC1B9	6137	Javelin::DebugConsoleClientMessages::OnUpdateDebugConsolePlayerInfoMsg	0x14152F3A0	0	17	3	0	1	0	0	1	2
3F5EB97D-B15D-4526-B160-2107215BF761	6345	Javelin::DebugConsoleClientMessages::OnUpdateDebugConsoleDMInfoMsg	0x141532A10	0	7	1	0	0	0	0	0	1
5227AC94-4F53-4BFB-816B-500407798CE2	6634	Coat::EbusMessages::DebugSpawnInfoReceiverInterface_ReceiveAISpawnManagerDebugInfo	0x141543430	1	18	3	0	3	0	0	1	2
EE4EB8B3-F13D-46B3-8299-EB30C324EDAA	2085	ExampleInterface	0x1407CA990		0	0						
996F41E4-8969-44B5-953E-8648D6187E29	2092	MB::ExampleFacetedComponentReplicatedState	0x1414C01D0		12	0	0	0	0	0	0	0
166FCAB5-F57D-4A1D-8913-4AC8BDC9C145	2094	Javelin::IFtueIslandManagerNotifications	0x1407CA990		0	0						
357244F9-FC83-445E-A749-5A68EA1B283C	5573	CrossWorldPlayerData	0x141544630	1	5	1	0	1	0	0	2	0
2E2F2513-7749-4DB0-83A4-2C403807EF10	6636	Javelin::InitialPersistedPlayerData	0x141546470	0	11	5	0	3	3	0	1	1
B96FF127-DC1E-4697-9148-4F9936D4CC8A	1310	InitialPlayerData	0x1415482E0	0	16	7	0	4	3	0	5	1
31CFA403-199C-485E-A673-EE2E238029AB	6790	PlayerClientHostData	0x14154A210	0	13	3	0	1	0	0	0	2
F133535C-45B4-40F4-8CC7-56585E2B1D13	484	Javelin::IPlayerConnectionNotifications	0x1407CA990		0	0						
3B677A14-2ADA-4388-B597-6E88FF8C95C6	5822	Javelin::IPlayerDebugMessages	0x1407CA990		0	0						
0D970BEA-CA13-4929-A57B-08F4C9CB417A	504	Javelin::IPlayerLookUpRemoteResponces	0x1407CA990		0	0						
B5774FDF-15C9-4926-9C3A-AE6D308AF5AF	318	Javelin::IPlayerRemoteMessages	0x1407CA990		0	0						
4C624824-3FA9-498C-95F7-C2BFAD445294	6501	Javelin::S2STokenRefreshMessages	0x1414C8540		0	0						
FE0C0B71-5C3C-4180-8D28-8D0F69E7C936	4904	Javelin::AggroDelayParameter	0x1414CA7C0	0	1	1	0	0	1	0	0	0
D484BA40-BC19-4785-8D1D-E0B2C058749E	2111	Javelin::Spawner::AIVariantParameter	0x14104A000	1	2	1	0	3	0	0	0	0
DE3AC80E-0968-45F1-9041-5F223BDDD0A2	5409	Javelin::LastDamagingActorParameter	0x1414D1E10	1	8	2	0	0	3	0	1	0
510E7926-5948-4055-AB18-D6836E9BD9EB	2113	Javelin::InitialDisplayProperties	0x1417AC890	1	3	2	0	0	1	0	2	0
0A9070E3-F049-4DFF-A263-FEA4F47DF23A	967	Javelin::InitialSpawnerInfo	0x1414D6340	0	7	2	0	0	0	0	3	0
03234920-8B26-47D5-B7AB-BE6E6F3B8D30	2115	Javelin::InitialSpawnTimeInfo	0x1414DA7F0	0	1	1	0	2	1	0	0	0
BFB728ED-4B98-4082-9DC5-76EB2B8FC855	1849	Javelin::IPrefabSpawnerEventsListener	0x1407CA990		0	0						
7AA3E754-E0D7-4E59-BA5E-78B07AB68286	2120	TestInterface	0x1407CA990		0	0						
C1F8B290-BEEA-451F-A445-C26E89513C7C	41	MB::TestFacetedComponentReplicatedState	0x1414F6C20		15	0	0	0	0	0	0	0
4508E8B0-558D-4232-42B5-B37E5081CE5A	79	Javelin::ITransformNotifications	0x141511530		0	0						
BECB3F3D-A8B3-455E-A670-78D60AC947F8	2141	Javelin::IGDERootTransformPublisher	0x1407CA990		0	0						
7507A9E9-DEFC-449A-AF3A-2EDEDE782207	2142	Javelin::IGDERootTransformSubscriber	0x1407CA990		0	0						
49AC947B-64D1-484D-A9F4-E275926C0688	6368	InitialGridInfo	0x1417AC910	1	28	9	0	6	0	0	7	2
6A25084A-ED06-4BDE-B69A-3F7CE8EAE476	358	InitialLocationInTheWorld	0x14104A1B0	2	21	8	0	5	8	0	4	1
8D7DA1C1-3339-42F8-9DBE-9732F92A0524	2152	VariantParameterData	0x14104A290	2	5	1	0	0	0	0	0	1
429E33BE-95F4-4034-821A-F598828577AD	6360	Javelin::GameplayReadyTrait	0x1407CA990		0	0						
F19491B9-0526-4B34-B55F-913FE8B01F02	6362	Javelin::GameplayReadyTrait::State	0x141525EB0		6	0	0	0	0	0	0	0
9EED57CF-6BAA-4F2C-B6E7-FEAFF40384B3	6361	Javelin::GameplayReadyTrait::OnPlayerManagerGameplayReadyMsg	0x1415278A0		1	0	0	0	0	0	0	0
76CE1FD5-C92A-46E2-8FBD-B6AA694D29F7	2153	Javelin::CharacterServiceProxy::GetCharacterResponse	0x1407CA990		0	0						
EEF529E3-7E55-4CF5-A439-ED385ABAD49E	1418	Javelin::CharacterServiceProxy::BatchGetCharacterResponse	0x1407CA990		0	0						
8C5617E4-4100-4EFB-845F-676586B80FB2	361	Javelin::CharacterServiceProxy::PublishCharacterMetadataResponse	0x1407CA990		0	0						
05D370D1-0E6E-43AA-BD5A-3F87B0A605C7	553	Javelin::CharacterServiceProxy::NamePrefixSearchResponse	0x1407CA990		0	0						
CCA9DDAD-9EE3-4279-AF63-5E0A071E1BEC	1138	Javelin::CharacterServiceProxy::PatchCharacterResponse	0x1407CA990		0	0						
BD9F7BC7-54E8-4817-B18E-E8375A09FB1A	4901		0x1407CA990		0	0						
E5445A84-8113-42FE-84AB-A59113D22F3B	816	MB::GDEInstantiationLambda	0x1417ACA50		1	0	0	0	0	0	0	0
8CCC0F6C-890D-49AF-8D51-3E352409CA3A	987	GDEIsDiscoverable	0x141509010		1	0	0	0	0	0	0	0
359B72E6-F333-4CDA-8310-39776891EA33	176	GDEIsPersistent	0x14104A100	2	5	2	0	1	0	0	2	1
F843CB45-D0F6-498D-9102-0A2F452B9187	2163	MB::GDEPlugin	0x1414FFCB0		0	0						
CD378369-3D3D-42E0-9EDA-08034F9A6569	273	MB::GDEPluginsInfo	0x1417AC6E0	0	24	3	0	0	0	0	2	2
261F7815-2BE0-44F5-BE4A-E8070677A57B	2164	MB::ReplicatedState	0x14154B4B0		8	0	0	0	0	0	0	0
6E73E3A8-450B-4292-9582-9A75424EAC96	1873	MB::ServerContext::InitializeMsg	0x141519A40	0	27	3	1	2	0	0	3	1
81B1655E-57B3-4636-AB32-67315A131325	1487	MB::ServerContext::ScriptGarbageCollectMsg	0x14151E040		1	0	0	0	0	0	0	0
714553B1-B732-44E5-9D4B-BE710851E864	1764	MB::ServerContext::RequestReportDirtyPersistedStatesMsg	0x14151CA80	1	2	1	0	0	0	0	2	0
0552ED14-3F76-47CC-844C-E1C1150766C0	1956	MB::ServerContext::PulseMsg	0x14151AFD0		3	0	0	0	0	0	0	0
20D2224E-FAC8-4F92-8C80-A30889D1C269	5536	MB::ServerContext::StackConfigChangedMsg	0x14151F1C0		1	0	0	0	0	0	0	0
604EE6CA-3B94-4209-9845-0F94F5342B92	2150	MB::ServerContext::AddPortrayalToClientsMsg	0x141514F50	1	8	2	0	1	0	0	3	0
0EF3B71F-BA81-48E1-8CE8-E3E511218688	2168	MB::ServerContext::RemovePortrayalFromClientsMsg	0x141517080	1	8	2	0	1	0	0	3	0
203DC8C7-0C60-454B-A46F-566114314B84	10	MB::GdeMetadataReplicatedState	0x1415136E0		19	0	0	0	0	0	0	0
A1FB8257-0FED-4240-90A8-BE0DA57D5538	4991	Javelin::MaintenanceModeNotifierTrait	0x1407CA990		0	0						
672E96A2-C2FE-4145-A835-D52A0FF51473	4992	Javelin::MaintenanceModeNotifierTrait::State	0x141527280		6	0	0	0	0	0	0	0
25C0BDB2-FF31-4BD1-BC58-72032D35C44A	4989	Javelin::MaintenanceModeNotifierTrait::OnMaintenanceModeStatusUpdateMsg	0x141528850		1	0	0	0	0	0	0	0
FFD991D6-BB79-4EF8-8C6A-36D80157628B	4987	Javelin::WorldMetadataNotifierTrait	0x1407CA990		0	0						
2E112376-80D9-4FD1-8F5B-1C2379F133EE	4993	Javelin::WorldMetadataNotifierTrait::State	0x14153D810		6	0	0	0	0	0	0	0
3D47F0C4-82E4-4525-A641-FDA13986D59B	4990	Javelin::WorldMetadataNotifierTrait::OnWorldMetadataUpdateMsg	0x14153EAA0	2	5	1	0	0	0	0	0	1
B3B79865-91C3-4A77-B743-5058AF77AA9C	2176	Javelin::PrefabSpawnRequestTrait	0x141534FE0		16	0	0	0	0	0	0	0
43CD6793-0D00-4644-BD08-7BBDF7014C0C	1097	Javelin::PrefabSpawnRequestTrait::State	0x1415478E0		6	0	0	0	0	0	0	0
7962194D-613A-4114-B15C-36E1BA8970BB	882	Javelin::PrefabSpawnRequestTrait::RequestSpawnPrefabMsg	0x141548B40	1	13	2	0	0	0	0	1	1
61A35AE7-2A24-4150-99EB-3CC1AAA88B40	5851	Javelin::PlayerPresenceTrackingTrait	0x1414FFA80		16	0	0	0	0	0	0	0
CCF24284-2FFD-4F06-8F01-7D017B76D87F	5852	Javelin::PlayerPresenceTrackingTrait::State	0x14150DDC0		6	0	0	0	0	0	0	0
B6B136D4-6A0D-4E5A-9714-15C2F94FA70A	5841	Javelin::PlayerPresenceTrackingTrait::RegisterSubscriberMsg	0x1414F8D90	1	5	1	0	1	0	0	2	0
8270ECB9-7E39-43A4-A07E-7410447CF420	5846	Javelin::PlayerPresenceTrackingTrait::UnregisterSubscriberMsg	0x1414FA710	1	5	1	0	1	0	0	2	0
C1E72717-FE3C-4683-B4C2-FC926549CE1F	5853	Javelin::PlayerPresenceTrackingTrait::ForwardMessageToCharacterMsg	0x1414FB5E0	1	36	5	0	1	0	0	5	2
8DF76B7E-9079-4627-8D83-0A706D792524	6269	Javelin::PlayerPresenceTrackingTrait::DebugAddLocalPresenceMsg	0x1414FC980	1	19	4	0	1	0	0	1	2
056A0C36-CC6F-43B1-B7D3-0294B0969059	6270	Javelin::PlayerPresenceTrackingTrait::DebugRemoveLocalPresenceMsg	0x1414FE310	4	8	1	0	0	0	0	0	1
62E7F9CE-D7B7-43E5-AA14-A352242C2891	5844	Javelin::PlayerPresenceTrackingTrait::UpdateRemotePresenceMsg	0x14150F3B0	1	19	4	0	1	0	0	1	2
D782B1CD-AAC4-4D37-8836-7BAEEEDD78FC	5854	Javelin::PlayerPresenceTrackingTrait::RemoveRemotePresenceMsg	0x141511190	1	19	4	0	1	0	0	1	2
DC9EB8B9-CED2-4C46-BD90-B74A6460361A	5855	Javelin::PlayerPresenceTrackingTrait::DebugPrintAllMsg	0x141512440	1	5	1	0	1	0	0	2	0
67367F4F-A4F8-41B6-9D2E-FEA7A1FE0712	5847	Javelin::PlayerPresenceTrackingTrait::DebugMessageBoxMsg	0x1415137F0	1	21	4	0	1	0	0	3	2
A1E68591-FC5B-4B8D-9F3E-08BBEF8B8A5F	5856	Javelin::PlayerPresenceUtils::MessageReceiptHandlerTrait	0x1407CA990		0	0						
C742FC6C-DD25-4A9A-80F6-A9B06230B442	5857	Javelin::PlayerPresenceUtils::MessageReceiptHandlerTrait::State	0x1414D7810		6	0	0	0	0	0	0	0
AF1E2899-B881-4DC9-8409-3348BD0A6FC9	5858	Javelin::PlayerPresenceUtils::MessageReceiptHandlerTrait::OnMessageDeliveredMsg	0x1414DACA0	0	9	2	0	0	0	0	1	1
BBB73AB4-6EEB-4D9C-9A27-1BCA1B0821A8	5859	Javelin::PlayerPresenceUtils::LocalPresenceSubscriberTrait	0x1407CA990		0	0						
69024DF1-0026-4DE3-AD7F-0C67ECD907FD	5860	Javelin::PlayerPresenceUtils::LocalPresenceSubscriberTrait::State	0x1414F5C90		6	0	0	0	0	0	0	0
2AD72037-44AD-4999-BEB9-FA20903A08E0	5842	Javelin::PlayerPresenceUtils::LocalPresenceSubscriberTrait::OnPlayerPresenceChangedMsg	0x1414F6C80	1	11	3	0	1	0	0	0	2
19CD6B4B-B960-49F5-93FD-449A94FE01F0	5845	Javelin::PlayerPresenceUtils::LocalPresenceSubscriberTrait::OnPlayerPresenceTrackingTraitRefMsg	0x1414F7E30	2	9	2	0	2	0	0	4	0
625934C9-F15E-4029-9B3E-B2A58A327A40	2180	Javelin::GuildListElement	0x141517BB0	1	10	2	0	0	0	0	1	1
25305963-402D-42D0-AE7A-949454178084	2182	Javelin::IGuildServiceClient::GetContentByOrderingResponse	0x14151B2D0	0	12	2	0	0	0	0	0	2
688D8FB6-E027-487A-9467-12E56F37C0BE	1973	Javelin::IGuildServiceClient::GuildListElementWithStatus	0x141519BB0	0	12	3	0	1	0	0	1	1
C47A6A6B-8D45-49E2-A87D-8B5314499160	5877	Javelin::InventoryService::RequestAware	0x1415421D0		2	0	0	0	0	0	0	0
9708486A-ECB0-4632-A365-2E70B79D9E40	6032	Javelin::InventoryService::RequestResponse	0x141547E20	2	6	2	0	1	0	0	0	1
92B7392F-DC15-4920-A902-98CCFCAB59CE	5762	Javelin::InventoryService::ItemVersionData	0x14153AE50	0	12	3	0	1	0	0	1	1
84BE3A00-222F-4DCD-A80E-0016EB75144A	5763	Javelin::InventoryService::Item	0x14153D680	1	6	2	0	1	0	0	0	1
8E2C5F9C-EE78-4EB4-A77B-2BB58DF8A471	5764	Javelin::InventoryService::Inventory	0x1414C76F0	1	8	3	0	0	0	0	1	2
DEC3B6F4-9CB3-4336-8F73-F55AC0891EAE	5948	Javelin::InventoryService::ItemDataType	0x1407CA990		0	0						
9FDBCA6A-9A6A-4022-B9EC-D237788CE7FA	5949	Javelin::InventoryService::ExampleItemData	0x141539950	0	30	5	0	4	0	2	1	5
914DE6D6-3666-467F-855B-7323DC6D305E	5946	Javelin::InventoryService::JsonItemData	0x141537AD0	1	21	2	0	0	0	1	1	3
CB6EA9B4-6CD8-4ED9-8F8A-1C1509A888BF	5827	Javelin::InventoryService::ItemTransactionsRequest	0x1414C0C80	1	14	5	0	1	0	0	3	3
7AB4C6E9-5B39-41F4-A639-7CA269A79A9F	5828	Javelin::InventoryService::RequestContext	0x14153F060	0	3	1	0	3	0	0	2	0
E755F240-F16B-4DC0-A84F-18F248445601	6189	Javelin::InventoryService::TransactionContext	0x14154A620	1	26	3	0	0	0	0	1	3
1B4702F8-4926-4F92-952B-B0AE37ED903F	5878	Javelin::InventoryService::UpdateLinksRequest	0x1414DC810	0	51	8	0	0	0	0	5	6
C6BF54C5-CF8E-4B34-8566-6DEB7F151328	5879	Javelin::InventoryService::TransactWriteItemsRequest	0x1414DE690	0	44	8	0	0	0	0	4	6
39AF5697-2CDD-450C-9CD4-E98A23DBDD8A	6019	Javelin::InventoryService::ReadyOwnerDataRequest	0x1414D64A0	1	15	2	0	0	0	0	0	2
010F53F2-F41E-47DB-9BA1-E88C54BF46E9	6020	Javelin::InventoryService::InventoriesQueryRequest	0x1414E0D90	0	18	2	0	1	0	0	0	2
C5E3908D-A74A-4CAE-BD9B-A40AB20A4038	6018	Javelin::InventoryService::GetUnacknowledgedTransactionsRequest	0x1414EAD90	0	10	2	0	1	0	0	0	1
5DF0361C-B9CA-4CA3-AF10-D7579CC6430C	6022	Javelin::InventoryService::AcknowledgeTransactionsRequest	0x1414F03B0	1	24	5	0	0	0	0	3	4
13186D13-18B8-4860-BE22-8A74E861A2BE	6021	Javelin::InventoryService::GetItemsRequest	0x1414D0380	0	17	3	0	0	0	0	2	3
D896C5BA-BEE8-47EC-8848-99AA2F9DF085	6033	Javelin::InventoryService::GetItemsResponse	0x1414D2870	0	14	2	0	1	0	0	1	2
125666E8-4A34-4263-BB84-3517B8ECAC33	6028	Javelin::InventoryService::ReadyOwnerDataResponse	0x1414D91A0	0	21	3	0	1	0	0	0	2
BF8ACB72-C459-41D5-AE1F-D6088200111A	6034	Javelin::InventoryService::QueryInventoriesResponse	0x1414E5490	0	17	2	0	1	0	0	0	2
B4CEF045-52CA-42C1-8F3F-399DCB2B60D2	6035	Javelin::InventoryService::GetUnacknowledgedTransactionsResponse	0x1414EC6B0	1	26	7	0	1	0	1	4	7
78203161-F15E-44C1-92D3-D6EB70405188	6031	Javelin::InventoryService::AcknowledgeTransactionsResponse	0x1414F1C20	0	22	7	0	3	0	0	4	4
2D68C002-C1C4-4D04-A594-C44B45BAD8B9	6029	Javelin::InventoryService::InventoryTransactionRequestResponse	0x1414CC9C0	0	19	6	0	3	0	0	4	4
CD7EAFBA-9D6E-42E8-99D2-EBEF1794C060	5410	Javelin::MatchmakingService::IMatchmakingNotificationHandler	0x1407CA990		0	0						
8E5C9522-7A09-40AE-95F3-C8C7CFBA1F26	1897	Javelin::NotificationService::HandlerRegistryRequester	0x1407CA990		0	0						
A54D5E8C-F490-4E6E-816F-7BD47ADF830E	2184	Javelin::NotificationService::HandlerRegistrySingletonTrait	0x1414D3FC0		12	0	0	0	0	0	0	0
A0924A87-5031-4279-8CD0-9DD078DF8194	1223	Javelin::NotificationService::HandlerRegistrySingletonTrait::State	0x1414EF320		6	0	0	0	0	0	0	0
7F5A38E2-0261-46D7-9C67-A471CB198540	2186	Javelin::NotificationService::HandlerRegistrySingletonTrait::RegisterGdeDebugListenerMsg	0x1414F06A0	1	13	2	0	0	0	0	1	1
808664C9-7F41-41CB-A033-90E032AC7A5B	2189	Javelin::NotificationService::HandlerRegistrySingletonTrait::UnregisterListenersMsg	0x1414F4170	0	1	1	0	0	0	0	0	1
7A2022EE-3791-4CC1-A875-D84545C3BA94	2197	Javelin::NotificationService::HandlerRegistrySingletonActor	0x1414F70B0		13	0	0	0	0	0	0	0
C2D4B339-2C6F-465D-AFD4-27BF930D6538	2198	Javelin::NotificationService::HandlerRegistrySingletonActor::InitMsg	0x1414F7A90		1	0	0	0	0	0	0	0
7691B02C-E6A6-4133-B694-CEF3F2A8BCFD	512	Javelin::NotificationService::Message	0x1414DB1F0	1	11	3	1	0	0	0	0	2
72087A09-9186-4AF1-AC2F-C9FF5941A63B	2199	Javelin::NotificationService::SimpleMessage	0x1414DFA50	1	20	3	1	0	0	0	0	2
8E1275A1-3047-4A1C-9E46-20FB5E4AEDAB	2202	Javelin::NotificationService::FcsMessage	0x1414E1A00	1	20	3	1	0	0	0	0	2
8F1DB040-BA47-4053-86FA-6342DB3D145D	2203	Javelin::NotificationService::PenaltyMessage	0x1414E3290	1	22	4	1	0	0	0	1	2
9745426C-0286-4E1C-8D42-06BF18FA8B80	4855	Javelin::NotificationService::CompanyCompensateMessage	0x1414E6070	0	20	4	1	1	0	0	0	2
DC8BDD70-603D-4CC4-B110-2EF58AE8C944	6549	Javelin::NotificationService::PublicWorldStatusChangedMessage	0x1414E8A40	0	18	4	1	1	0	0	0	2
69CE883A-B42B-4AAD-BCE9-3617E765FD9A	5412	Javelin::NotificationService::MatchmakingPlayerUpdateMessage	0x1414EA740		1	0	0	0	0	0	0	0
A63C6045-92A9-413C-8648-787AA21DA875	5574	Javelin::NotificationService::MatchmakingMatchUpdateMessage	0x1414EC140	1	19	3	1	0	0	0	0	2
1BFFA425-79F2-4DB6-B9D9-F0AAF0286313	6411	Javelin::NotificationService::MatchmakingSimulationResultMessage	0x1414EE170	0	37	6	1	2	0	0	0	6
AC0C8623-E4D5-48B0-8693-DCA60D7F0792	2204	Javelin::NotificationService::QueuePollingTrait	0x14153C670		16	0	0	0	0	0	0	0
FFC6B383-D7A9-4B5E-B25F-7ED3CA474D19	1071	Javelin::NotificationService::QueuePollingTrait::State	0x1414C0A70		6	0	0	0	0	0	0	0
B090A109-509F-4036-8B2D-A4DE6EC4E2FF	2208	Javelin::NotificationService::QueuePollingTrait::GetQueueMsg	0x1414C1F90		1	0	0	0	0	0	0	0
BA57C57D-8B0D-4FD9-8FE6-465F3405F51F	207	Javelin::NotificationService::QueuePollingTrait::HandleQueueMessagesMsg	0x1414C3BB0	0	16	4	0	1	0	0	0	3
B898D8EC-237C-4A15-B827-404B9EE3C905	2210		0x1414C6590		1	0	0	0	0	0	0	0
5CBCD653-F761-451B-A555-B288BAB1542D	2067	Javelin::NotificationService::QueuePollingActor	0x1414C7DD0		25	0	0	0	0	0	0	0
FFD2AB60-5BFD-4268-8EC5-35A266864AEA	879	Javelin::NotificationService::QueuePollingActor::InitMsg	0x1414C9740		1	0	0	0	0	0	0	0
A7053315-11BD-4E19-9EE4-63CB93E8B216	2267	MB::AbilityInstanceTrackingComponentReplicatedState	0x142588FC0		11	0	0	0	0	0	0	0
56C9A913-F676-4E50-B2B4-1C9F8719DF56	5116	Javelin::AIDebugSpawnParameter	0x142589F80	1	7	1	0	0	0	0	0	1
73E3693A-608F-4C22-9B01-17E47DE60BBC	403	Javelin::BossPhaseComponentReplicatedState	0x14259E8E0		10	0	0	0	0	0	0	0
DA349D61-09CB-4C57-A9A8-CCD9D6030485	980	Javelin::BehaviorTreeComponentServerMessages	0x1425F1AD0		0	0						
239C6615-6FDB-49AB-BE9F-296CD986481C	2315	Javelin::BehaviorTreeComponentClientMessages	0x1407CA990		0	0						
5428CB7B-6263-47A1-A176-2099955A0B08	997	Javelin::BlackboardParameterData	0x1425E4200		1	0	0	0	0	0	0	0
24A80984-D75F-428F-860C-6EE5A39CE77F	5538	Javelin::IBlackboardComponentRemoteInterface	0x1407CA990		0	0						
F2C3B42E-DB86-4B2C-840F-64748FE26C73	2133	MB::EncounterComponentReplicatedState	0x1426D4F90		10	0	0	0	0	0	0	0
CB2BE398-151A-42BB-ACDF-1C5CF871BE84	6786	MB::EncounterManagerComponentReplicatedState	0x1426D50D0		10	0	0	0	0	0	0	0
B9BBCBCD-3DC3-4C6F-B9A1-200AAF60B257	2345	Javelin::EncounterParameter	0x1425E4250	0	6	1	0	0	0	0	2	0
9C7F6C77-F03A-4433-9621-DB533CB2A88C	2349	Javelin::IEncounterAgentRemoteInterface	0x1425E4440		0	0						
AA9EEA23-655B-4B03-A2DC-84FCAD274D83	2358	Javelin::IEncounterManagerRemoteInterface	0x1407CA990		0	0						
A80F9DAD-9E8B-4D28-A664-69FAFE4A6676	1296	Javelin::ArenaReplicatedState	0x14274ABA0		10	0	0	0	0	0	0	0
7DD20E73-9E5C-4753-8B94-2AEF87A82D37	2406	Javelin::PlayerArenaReplicatedState	0x142748090		14	0	0	0	0	0	0	0
464EBD37-105F-4790-8C59-C46EBB4C57A6	129	MB::AttributeComponentReplicatedState	0x142748D60		16	0	0	0	0	0	0	0
27830472-00A7-4204-A0BC-D1179F6EE4A2	603	MB::AudioProxyComponentReplicatedState	0x1427A8370		10	0	0	0	0	0	0	0
05982B0B-46BB-41F1-809C-867925846FEE	2432	Javelin::BotTask	0x1427CF4D0	0	24	5	0	4	2	0	3	3
82ADA225-8897-4E3E-9C84-858CC4725513	6758	Javelin::EbusMessages::RemoteScriptDebugVictimRequests_RemoteScriptDebugVictimGetStatus	0x142812CE0	1	8	2	0	0	0	0	2	0
207774EA-8208-4C97-AEC2-8C26237A7CD5	6748	Javelin::EbusMessages::RemoteScriptDebugVictimRequests_RemoteScriptDebugVictimStep	0x142812E40	1	8	2	0	0	0	0	2	0
B5C7B0DE-05C2-4084-9D55-9EB80EA60DCC	6759	Javelin::EbusMessages::RemoteScriptDebugVictimRequests_RemoteScriptDebugVictimStart	0x142812FB0	1	8	2	0	0	0	0	2	0
37B1F0FD-14DB-42D0-9186-3217AD20D2F4	6750	Javelin::EbusMessages::RemoteScriptDebugVictimRequests_RemoteScriptDebugVictimStop	0x142813280	1	8	2	0	0	0	0	2	0
38CD0D97-0AF5-41D9-8E81-3904617E1D4E	2434	Javelin::BotConditional	0x1407CA990		0	0						
ABCC4ADE-0AD3-4574-B1B1-2B5652FBB6DC	1603	Javelin::BotConditionalMultiChild	0x14280DA80	1	28	5	0	1	0	0	5	3
FEA2DD28-2B3E-4AD0-96B2-DBD1C33C26F7	2438	Javelin::BotConditionalIfAbilityOnCooldown	0x142812BD0	1	14	3	0	0	0	0	4	2
24F10A5A-A5D9-44F6-8E64-29BF21CC4F8F	6318	Javelin::BotConditionalIfComparison	0x1428135C0	0	14	4	0	2	0	0	4	2
B0BE3FC0-0BF9-4BB1-911D-FAF6D4AFF5B8	6599	Javelin::BotConditionalIfInFaction	0x14281B200	2	11	2	0	0	0	0	4	1
115B0C85-9770-43F8-9A21-716F25378143	5962	Javelin::BotConditionalIfInGameMode	0x14281B2D0	1	16	3	0	0	0	0	4	2
0FB4A476-ECB5-442E-9BD1-2F6B809A72AF	1181	Javelin::BotConditionalIfInGridLayer	0x14281B5E0	2	11	2	0	0	0	0	4	1
3CF28001-F009-48A6-A1A4-693B6E3F324D	2442	Javelin::BotConditionalIfInGroup	0x142819E70	2	11	2	0	0	0	0	4	1
9CABD4A9-7CAF-4C61-86BC-A1CF119A2E05	5963	Javelin::BotConditionalIfInQueue	0x142819FA0	1	16	3	0	0	0	0	4	2
BC101E16-4F91-4377-9C41-146498445E11	5701	Javelin::BotConditionalIfIsMounted	0x14281A220	2	11	2	0	0	0	0	4	1
BDB2A760-3FCA-477C-AEC6-A07AC919C6A7	5957	Javelin::BotConditionalIfIsSummoningMount	0x14281A460	2	11	2	0	0	0	0	4	1
D4E60C03-84F8-44E4-B357-BB866014783C	2445	Javelin::BotConditionalIfItemInInventory	0x14281A5B0	0	16	4	0	1	0	0	4	2
07D3468D-A2CC-4073-8206-D1FBE03A3A4A	1734	Javelin::BotConditionalIfItemSheathed	0x14281EAF0	2	11	2	0	0	0	0	4	1
699E80A9-F24B-4BE8-BC85-7CE7272893D1	5004	Javelin::BotConditionalIfMannequinTag	0x142820940	1	16	3	0	0	0	0	4	2
33F04C9F-2372-4A48-A8BA-8F828CC5750E	2313	Javelin::BotConditionalIfPositionWithinRange	0x14281E800	0	12	4	0	0	4	0	5	1
9CE34ABB-251A-418A-A97E-1B048E485B66	6317	Javelin::BotConditionalIfQuestIncomplete	0x14281E9D0	1	14	3	0	0	0	0	4	2
CFB2A3EC-533B-47E8-9DAA-021F16E86C8C	1337	Javelin::BotConditionalIfRegistryEntity	0x1407CA990		0	0						
F83B557B-9ED2-40EC-89B7-EA1ED606D641	2446	Javelin::BotConditionalIfRegistryEntityDead	0x142820A90	1	17	3	0	0	0	0	4	2
FA63E2A4-28A5-4039-AEE9-4A0AC82812AB	2447	Javelin::BotConditionalIfRegistryEntityInRange	0x142820C20	0	17	4	0	0	1	0	4	2
2D61C1DE-156D-46EF-B6F1-87E908DFB9BE	1320	Javelin::BotConditionalIfRegistryEntityValid	0x142820D50	1	17	3	0	0	0	0	4	2
B13C8A0B-B388-4ECD-B99A-42EF2C6419F5	2448	Javelin::BotConditionalIfRegistryValueFloat	0x142825F60	0	14	4	0	1	1	0	4	2
DF2ADA67-72C5-475B-BC10-20522BED0D44	2453	Javelin::BotConditionalIfRegistryValueString	0x142826860	2	13	3	0	0	0	0	4	2
EAF77423-3665-4441-B167-2218A665539E	445	Javelin::BotConditionalIfRegistryVectorValid	0x142826940	1	16	3	0	0	0	0	4	2
1F9514B1-C477-4FFD-9191-97E865EEC599	2455	Javelin::BotConditionalIfReturnValueFloat	0x142826AC0	0	14	4	0	0	1	0	4	2
302EA665-2E38-4E8C-A983-50DF3884D333	549	Javelin::BotConditionalIfReturnValueString	0x142826D00	1	15	3	0	0	0	0	4	2
F83B557B-9ED2-40EC-89B7-EA1ED606D621	5113	Javelin::BotConditionalIfServerBot	0x142826EC0	2	11	2	0	0	0	0	4	1
DC5C79F2-3DAC-4A91-96E7-B2A3DE92525F	2457	Javelin::BotConditionalIfStatBelowThreshold	0x142827100	1	13	4	0	0	1	0	4	2
E33B763B-35FB-4FB0-8430-01E5D1AEC494	626	Javelin::BotConditionalIfTerritoryCondition	0x14282F280	0	11	3	0	2	0	0	4	1
56675323-36FA-498F-8A4C-CFA83216CCD4	2292	Javelin::BotConditionalIfWarCondition	0x14282BEF0	0	11	3	0	2	0	0	4	1
2B5DEC90-C695-492B-9F1E-048736DC8FD6	5977	Javelin::BotTaskDo	0x14280DAF0	2	19	6	0	4	2	0	3	4
DB824FA0-72CB-4E75-A0CD-817828AEC5F5	5976	Javelin::BotTaskFor	0x14280DBB0	2	19	6	0	4	2	0	3	4
91759BDB-C6C6-4E19-833E-4B3EABD46125	5990	Javelin::BotTaskForEach	0x14280DC20	1	19	7	0	6	2	0	3	4
2624889F-6881-4695-970D-D281B4D44051	6190	Javelin::BotTaskWhile	0x14280DDB0	1	18	6	0	5	2	0	3	3
DCBA63F7-6464-4558-AE66-24A1162797E6	2459	Javelin::BotTaskActivateCameraLock	0x14282D550	0	21	6	0	4	2	0	4	3
7574CEBB-67DB-496E-99BA-0744E04EA363	6002	Javelin::BotTaskAddItemsToStorage	0x14282E850	1	20	6	0	4	2	0	3	4
A992A8F4-4AB1-41D7-85C2-04C8A061C429	1615	Javelin::BotTaskAdjustStatusEffect	0x14283C530	0	24	7	0	5	3	0	5	3
CC74FFC4-D096-4377-89D8-E47A21416586	2464	Javelin::BotTaskAdvanceDungeon	0x14283A750	1	19	5	0	4	2	0	3	3
F2A66820-2F89-493B-8077-BAEF8271F0EA	6061	Javelin::BotTaskAdvanceEncounter	0x142837FB0	1	22	5	0	4	2	0	3	3
BA59DA0E-3683-44A4-B45F-A55B627E9516	5548	Javelin::BotTaskAltCharacter	0x142838830	0	19	6	0	5	2	0	3	3
0E79F616-290A-4580-AB61-C11ADD14EAED	2465	Javelin::BotTaskApplyResources	0x14283C900		1	0	0	0	0	0	0	0
94C3F4CD-7C2D-4D04-B2D9-F11F7FC8858F	1851	Javelin::BotTaskBuildItem	0x142837EB0	1	23	9	0	6	10	0	5	3
5DCF6DF9-775F-48EF-8A7B-B01982CD4C0D	1468	Javelin::BotTaskCacheCurrentInventory	0x142838930	1	23	5	0	4	2	0	3	3
D52FBDCB-9C52-4A5C-8251-B3B05C23DD36	1527	Javelin::BotTaskCacheCurrentPosition	0x142838A40	1	23	5	0	4	2	0	3	3
DF377E4B-631D-48B1-9EFE-7295F4DBA722	2466	Javelin::BotTaskCameraControl	0x1428463E0	1	21	7	0	6	8	0	4	3
EF5E7ACF-BDEC-4CE6-9AFC-7E9109F5C227	6332	Javelin::BotTaskCameraOverride	0x142848960	0	22	6	0	4	3	0	3	3
2F30126C-D152-4FF5-8716-F971B505AC86	6251	Javelin::BotTaskChangeMountDye	0x142848D00	1	21	6	0	5	2	0	3	3
3D4020A3-8825-429D-8762-6FE467197FC0	6103	Javelin::BotTaskChangeMountMsgSpam	0x1428487A0	0	23	6	0	5	2	0	3	3
6819E385-73D7-43BD-B801-20B143847281	6311	Javelin::BotTaskClearGlobalRegistry	0x142848B20	0	20	7	0	4	2	0	4	4
E70094F9-6FE2-4609-A27F-458986CE1FD1	5626	Javelin::BotTaskConnectCrossWorld	0x142848E10	1	22	5	0	4	2	0	3	3
C2B054E0-D816-4294-93C8-645242A79C14	2467	Javelin::BotTaskConsoleCommand	0x1428460E0	1	22	5	0	4	2	0	3	3
998239F1-D69E-4CD2-9F59-0086B1ED1A21	2468	Javelin::BotTaskCraftItem	0x142846230	1	27	7	0	8	2	0	4	4
A2F533D6-4D6D-4263-A778-49261DC31C8A	443	Javelin::BotTaskCreateSlice	0x142855CD0		1	0	0	0	0	0	0	0
5E8BDE79-F38C-443B-8AF7-30A545F33DDD	1173	Javelin::BotTaskDestroySlice	0x142855F40	0	20	7	0	4	2	0	4	4
A666274F-7C77-4117-A60A-A9A8CBC0D98D	2469	Javelin::BotTaskCreateDungeon	0x142850970		1	0	0	0	0	0	0	0
FE99704C-0E24-402B-B56A-268F092A6F0A	311	Javelin::BotTaskJoinDungeonQueue	0x142850BE0	0	21	6	0	5	2	0	3	3
40A93B7B-1A9C-4177-8AC6-3757C8AE097D	2472	Javelin::BotTaskAcceptDungeonInvite	0x142850D20	1	19	5	0	4	2	0	3	3
D47D25FB-B2FA-49CA-AB13-3D4B71F59CBB	2475	Javelin::BotTaskDestroyDungeon	0x142850E70	1	19	5	0	4	2	0	3	3
2D24D216-08CB-4643-801F-FACAEECA9951	1867	Javelin::BotTaskDropItem	0x142856590	0	23	6	0	7	2	0	3	3
2D24D216-08CB-4643-801F-FACAEECA9952	5928	Javelin::BotTaskDropMultipleItems	0x142851150	1	22	6	0	4	2	0	3	4
47A1CC98-1159-41C2-B1C4-679A840D3597	7050	Javelin::BotTaskEditStorage	0x142851380	0	24	7	0	5	2	0	4	4
3BFBAC6A-C3BC-4C92-8207-3F60CCAAB6E1	2476	Javelin::BotTaskEquipItem	0x142854220	0	23	6	0	7	2	0	4	3
B1ECA9BF-4B0C-4E2F-B37D-F58A9527DE7A	2376	Javelin::BotTaskEstablishExplorationPattern	0x142854580		1	0	0	0	0	0	0	0
EBBD11AD-A54C-4816-872B-5A8A46F74407	6525	Javelin::BotTaskExitToMainMenu	0x1428600E0	1	19	5	0	4	2	0	3	3
221E6F64-D838-44E1-ADF9-309199C55EB0	6736	Javelin::BotTaskFakeAISpawns	0x1428602E0	0	19	6	0	7	2	0	3	3
2E084434-82B4-49BD-B900-F07B7667C39D	1441	Javelin::BotTaskFindEntity	0x142860B40		1	0	0	0	0	0	0	0
7BE0A5E7-69C6-45D5-83EF-768F4133A28A	6805	Javelin::BotTaskForceMigration	0x142861DB0	0	19	6	0	5	2	0	3	3
BA7FFC7A-9423-485E-B7F0-31AEA903B58D	1450	Javelin::BotTaskForfeitArena	0x1428621E0	1	19	5	0	4	2	0	3	3
0366DD86-D706-42C9-B980-64744E3481CD	2477	Javelin::BotTaskFPSTracker	0x14285FAB0		1	0	0	0	0	0	0	0
3B32E3FF-0CC6-4E61-B26A-527C438E5862	6874	Javelin::BotTaskGetActiveTaskNamesFromPoiQuest	0x14285FDB0	1	22	5	0	4	2	0	3	3
51DEEDB2-258E-46B1-BCB5-B0B5C145B352	6330	Javelin::BotTaskGetActiveTaskNamesFromQuest	0x1428604F0	1	22	5	0	4	2	0	3	3
8B05A8A1-58DE-45EA-8C07-5D74D1DAF07B	6085	Javelin::BotTaskGetElementFromList	0x14286C790	0	24	7	0	5	2	0	4	4
505A56BA-38B8-489E-BA5F-9016E16A9313	6086	Javelin::BotTaskGetListLength	0x14286CCC0	1	24	6	0	4	2	0	3	4
C089FDAE-59A7-4D19-AEB5-3255045FDE8A	6329	Javelin::BotTaskGetLocalQuestLocations	0x14286CEA0	1	23	5	0	4	2	0	3	3
C318CE36-F49B-4754-8A36-8B99BF834BB4	6328	Javelin::BotTaskGetLocalQuestsNames	0x14286DFA0	1	22	5	0	4	2	0	3	3
5453530E-9B71-4FBB-901F-8E5FBD2AD3D3	6873	Javelin::BotTaskGetPoiQuestsNames	0x14286E0C0	1	22	5	0	4	2	0	3	3
72B34B88-58C4-49E7-8288-30A04D8A1941	6550	Javelin::BotTaskGetPositionOffset	0x14286E2D0	0	23	7	0	4	7	0	3	3
1B6F250D-8142-4114-9888-C2983891A8DB	6087	Javelin::BotTaskGetRandomNumberFromRange	0x14286E500	0	22	6	0	6	2	0	3	3
2CB3BACE-B8A5-4E40-8FFF-DA31C16BD408	6084	Javelin::BotTaskGetScriptsList	0x14286E7B0	0	24	7	0	4	2	0	4	4
F83304C6-C93F-4B92-A3FB-91DA8A670692	1978	Javelin::BotTaskGiveItems	0x1428763D0	1	18	6	0	8	2	0	3	3
B8674218-0C69-424D-BFA3-4A27DDBCE395	5341	Javelin::BotTaskGroupFinderAction	0x142879CE0	0	24	7	0	7	4	0	5	3
010014F8-071F-4F75-8ADA-B61677593EF0	2312	Javelin::BotTaskGuildServiceScaleTest	0x1428738E0		1	0	0	0	0	0	0	0
0FD44354-272C-497F-BF48-29D87DB05C79	1729	Javelin::BotTaskHouseDecorationAction	0x142874D50	0	25	8	0	5	5	0	4	3
F88910BF-437F-4F2A-BDAF-B5F2A6079D96	2480	Javelin::BotTaskHousePlotAction	0x142874F70	0	21	6	0	5	2	0	3	3
00EBF435-99E4-4FAF-98DB-4940A3356320	2260	Javelin::BotTaskIdle	0x142876110	1	20	6	0	4	4	0	3	3
6F993891-770A-464E-AA4F-4C85F1AB2F61	1072	Javelin::BotTaskIfThenElseExecute	0x14280DC90	1	28	7	0	4	2	0	4	4
8F1472A2-905E-4E76-8EB2-897A62D6589D	6088	Javelin::BotTaskInfluenceRaceAction	0x14287A030	1	15	6	0	9	2	0	4	3
7EDE6B6C-F570-46D5-83D8-BC422E70E5D5	2481	Javelin::BotTaskInstantGather	0x142889E00	1	25	5	0	4	2	0	3	3
4A8C0206-B988-4053-BE77-7F5E0218AE1D	2483	Javelin::BotTaskInteract	0x14288A3B0	0	23	6	0	5	2	0	5	3
9B810FC2-75ED-4886-B1B4-B849DEA12FF1	474	Javelin::BotTaskLandClaim	0x142885A60	0	19	6	0	5	2	0	3	3
1E299066-32FC-4D50-A496-33AA2C63D1C1	5431	Javelin::BotTaskLeaderboardQueryBoard	0x142888EF0	1	22	6	0	6	3	0	4	3
7C0AA3C4-3689-4DA6-9643-A427338F7D7C	5433	Javelin::BotTaskLeaderboardQueryStat	0x142889090	1	25	6	0	6	3	0	4	3
A7D8E8C0-E38E-48B0-88D6-0F6518F2CE32	5434	Javelin::BotTaskLeaderboardReward	0x142888C50	0	19	6	0	7	2	0	3	3
88945E81-9E80-49F0-88D2-E09C658D05F3	5360	Javelin::BotTaskLeaderboardSendStat	0x142891FC0	1	26	8	0	7	3	0	10	3
DA897024-3F26-4B06-AD73-54D8A8FF453B	1551	Javelin::BotTaskLogText	0x142891C00	1	24	5	0	4	2	0	3	3
628EBF0D-1E08-4D9D-87EB-A9F615E715E1	72	Javelin::BotTaskLootItem	0x142893470	1	19	7	0	5	4	0	3	4
B8CAC374-DD5B-4F77-836A-C67277A975A8	1434	Javelin::BotTaskMakeCamp	0x1428924E0		1	0	0	0	0	0	0	0
B8245D3B-2FE0-4FE2-B1A9-9EF7C4FB1CC9	2484	Javelin::BotTaskMetaAchievementGetProgressForCategory	0x142892760	1	23	5	0	4	2	0	3	3
6A23D62E-ACD3-4757-9DE0-77261FECDB44	756	Javelin::BotTaskMetaAchievementReset	0x1428928C0	1	23	5	0	4	2	0	3	3
20CB6190-1E34-48CD-B8D7-C9543EC2321C	572	Javelin::BotTaskMetaAchievementTest	0x142892A40	1	22	6	0	4	2	0	4	3
960F37F8-101F-410C-9569-973C7CE7DDAB	1215	Javelin::BotTaskMetaAchievementTestNotify	0x1428A4B90	0	24	6	0	4	2	0	5	3
B86CC436-915D-43A9-AEBA-7623579D6EA5	2488	Javelin::BotTaskMetaAchievementUnlock	0x1428A5FC0	1	23	5	0	4	2	0	3	3
3F517EB6-ABA5-481E-B859-0B24D3B4C723	2490	Javelin::BotTaskModifyObjectives	0x14289D940	1	18	6	0	6	2	0	5	3
41279153-DF06-47AF-BB06-61BF7EB2D707	2491	Javelin::BotTaskMoveByName	0x1428A35D0	1	26	9	0	9	12	0	4	3
10A3A2B4-0ED1-4371-954E-3484B3798187	2296	Javelin::BotTaskMoveByOffset	0x1428A37F0	1	23	8	0	7	10	0	4	3
968226C9-156C-4CC4-9CC3-96A9B08FE80F	190	Javelin::BotTaskMoveInCircle	0x1428A3B90	0	20	7	0	4	7	0	4	3
A154D09A-ECC9-45CB-9FF9-72D7A57D4F6F	547	Javelin::BotTaskMoveTo	0x1407CA990		0	0						
BDE165E1-405C-4530-B8EC-A96101FD3A2A	2494	Javelin::BotTaskMoveToArea	0x1428A4210	0	16	6	0	7	7	0	3	1
25B42A39-769A-4C00-9FD9-6DF61D44B2CD	2496	Javelin::BotTaskMoveToEntity	0x1428B6750	2	18	4	0	7	3	0	3	1
C4FDBEBA-5115-4A1F-8C24-B901DF72B41C	1099	Javelin::BotTaskMoveToEntityInteractable	0x1428B2030	0	21	7	0	7	3	0	5	3
63111E46-2310-4F0B-B0B5-A16F1A4C4EC1	2498	Javelin::BotTaskMoveToPosition	0x1428A40E0	2	16	5	0	7	6	0	3	1
AA3BF387-5CC8-43E3-829B-4A28C067BA25	423	Javelin::BotTaskMoveToRandomPosition	0x1428B33B0	0	18	8	0	7	8	0	3	3
518E2BD8-FCD6-48E6-A18C-5737033E369E	2499	Javelin::BotTaskMTXStorePurchaseConsumable	0x1428B5FB0		1	0	0	0	0	0	0	0
8A3ED291-2FB1-4D7B-99D0-B80D7C33B24E	2500	Javelin::BotTaskMTXStoreUseConsumable	0x1428B63B0		1	0	0	0	0	0	0	0
09DF438B-A300-4249-ACBB-926E245BE62E	2501	Javelin::BotTaskTransferCharacter	0x1428B65D0	1	22	5	0	4	2	0	3	3
B8309103-48FB-4CB6-B6A0-719751A18666	253	Javelin::BotTaskMultiChild	0x14280DD40	1	32	8	0	8	2	0	5	5
FE7329D0-898A-4646-97FA-6E64F4AD795D	1432	Javelin::BotTaskNavigateToPosition	0x1428B68E0	1	23	7	0	7	6	0	3	3
EE65AD88-9DBE-461B-89D3-C57B41CECF55	2504	Javelin::BotTaskPerformCategoricalProgressionAction	0x1428BD520		1	0	0	0	0	0	0	0
B80EB7B6-860F-4680-8AC4-6E9F389C2FE5	2506	Javelin::BotTaskPerformContractsAction	0x1428BF340	1	22	6	0	6	3	0	3	3
C72FB744-CA51-44F8-BF3F-D972B858A8D8	1806	Javelin::BotTaskPerformFactionAction	0x1428BD7D0	1	22	6	0	5	2	0	4	3
B2FA8AC2-AEC3-4933-A90A-E3DC9FE88262	2509	Javelin::BotTaskPerformFishingAction	0x1428BF810		1	0	0	0	0	0	0	0
2CA2A7EB-5B43-47D9-A849-184544895828	2510	Javelin::BotTaskPerformFriendAction	0x1428C5730	1	22	6	0	7	4	0	4	3
99D2B7C8-533B-4FF0-AEC6-DF84821626C4	2288	Javelin::BotTaskPerformGameModeAction	0x1428C6C60	1	23	6	0	6	2	0	4	3
2610C5A4-A6B5-4C87-BEEF-B27EB7B53631	1256		0x1428BD9E0	1	23	7	0	6	4	0	4	4
A0559B65-3E0A-4D61-B081-23725B341C17	2359	Javelin::BotTaskPerformGroupAction	0x1428DD6D0		1	0	0	0	0	0	0	0
C87C18B1-F827-4791-9C7D-F682C326F60F	2353	Javelin::BotTaskPerformGuildAction	0x1428D9F60		1	0	0	0	0	0	0	0
B10BEDD2-556D-4107-A755-779FA91D6BC4	6512	Javelin::BotTaskPerformInnAction	0x1428DA5A0	0	19	6	0	5	4	0	3	3
23E2FE9A-F7AE-4110-BAF2-8B093175FC6E	2511	Javelin::BotTaskPerformInventoryAction	0x1428DD010	0	20	6	0	5	2	0	3	3
1DA4A8A2-9E7D-473A-95F4-73850235CFC9	5275	Javelin::BotTaskPerformMusicAction	0x1428DD260	0	24	7	0	6	2	0	3	4
D65403E2-0333-4022-8F81-E48B30447268	6541	Javelin::BotTaskPerformPhasingAction	0x1428E29F0	0	19	6	0	5	2	0	3	3
E90C3067-08A3-47DC-A2E9-65690303C44C	2512	Javelin::BotTaskPerformProgressionAction	0x1428E2D70	0	19	6	0	5	2	0	3	3
4C252C8D-75E7-5ED9-CF81-059491623C03	5383	Javelin::BotTaskPlayWhisper	0x1428E2F20	1	23	5	0	4	2	0	3	3
2C4C7BA6-2737-4EFE-BB98-A19FDA4DD589	6236	Javelin::BotTaskPopulateMountPersistence	0x1428F8230	1	19	5	0	4	2	0	3	3
9793A077-16E7-4C70-B0D7-AB0A01CE8DA0	1894	Javelin::BotTaskPressInput	0x1428F8C30	0	21	7	0	5	3	0	3	4
09FD2F40-C849-404D-A0BC-5D0B7C219E34	6423	Javelin::BotTaskProfileRecordingName	0x1428F9100	1	20	6	0	4	2	0	3	4
EA885C09-70D2-4849-B407-FD5CC0DE61D2	2514	Javelin::BotTaskRadCapOnHitch	0x1428F9330	0	20	6	0	7	6	0	3	3
FE20A60D-54C7-43B3-AAF7-02F8F71A9583	305	Javelin::BotTaskRaidAction	0x1428F9A50		1	0	0	0	0	0	0	0
BB36B7FF-660A-4AA9-919A-AE5009696592	6391	Javelin::BotTaskRandomizeMatchmakingRating	0x1428F78E0	0	21	7	0	4	8	0	3	3
749012C1-D9F9-49CB-89F3-8DF952967FF9	6825	Javelin::BotTaskReadyUp	0x1428FA220	1	20	6	0	4	2	0	4	3
7FDC2E1D-315A-4552-A0A4-4F52E68B0DA1	2516	Javelin::BotTaskRegisterToGroup	0x1428FA310	0	22	6	0	5	2	0	3	3
D57BF2F1-5DF9-4A59-A25A-678954EC9635	1962	Javelin::BotTaskRemoveItems	0x142909E40	0	19	6	0	5	2	0	5	3
0A66D90C-3FC9-48A7-82D4-7895DA3DDB1D	2518	Javelin::BotTaskRepairItem	0x14290A2F0		1	0	0	0	0	0	0	0
1EE7BCD0-61FA-48A5-B479-A184E7B1D648	6861	Javelin::BotTaskResetEncounter	0x142908120	0	22	6	0	4	2	0	4	3
AAE951C6-52F2-45DC-A0DE-8551986EE10E	337	Javelin::BotTaskRespawnWhenDead	0x142908460	0	21	7	0	6	6	0	5	3
B250FADF-9F76-48D1-A21B-898352CDF843	314	Javelin::BotTaskRunBMS	0x1429078D0	1	20	5	0	4	2	0	3	3
099B2128-4652-4A2C-BB85-0FA8BCC5866F	2522	Javelin::BotTaskSalvageItem	0x142907B40	0	36	9	1	9	2	0	4	6
63B1028F-F1CC-4C6D-92E1-42EE4CFF13D2	5702	Javelin::BotTaskSeasonsRewards	0x14290A770		1	0	0	0	0	0	0	0
5A28865F-8769-4C98-A43B-531C76B9F51D	2523	Javelin::BotTaskSelectWeapon	0x1429034E0	0	19	6	0	5	2	0	3	3
B995FBA6-33DC-4E4F-9FBD-611A3C1EBDF9	2524	Javelin::BotTaskSendChatMessage	0x14291B120	0	22	8	0	6	2	0	3	5
2E388B41-A9B4-4275-A995-615075BD641D	1864	Javelin::BotTaskServerAttack	0x14291A060	0	25	9	0	7	6	0	5	3
4D41A525-1A19-4824-B732-B8DD65FB2E0A	1302	Javelin::BotTaskServerAttackRanged	0x14291C720	1	22	6	0	8	8	0	5	1
2F86BB7B-3397-4AE7-9B96-25A26FC41214	2527	Javelin::BotTaskSetBackstory	0x14291C7D0	1	22	5	0	4	2	0	3	3
1D639174-D21F-4C60-BAE3-53C06628A04B	6123	Javelin::BotTaskSetDurability	0x14291AE80	0	22	6	0	5	2	0	3	3
AB03BFAD-743B-438A-A806-2E902C58A56A	6128	Javelin::BotTaskSetEntitlement	0x14291ACD0	1	21	6	0	4	2	0	4	3
2EFED37E-4DAC-4233-AE78-8FF3D03B0789	637	Javelin::BotTaskSetGodMode	0x14291B550	0	22	6	0	4	2	0	4	3
FCFA3544-9218-4702-9CE8-6180AA276B3B	2181	Javelin::BotTaskSetGroupRegistryKey	0x14291B6C0	1	23	5	0	4	2	0	3	3
841780B4-FE49-4AD4-BB93-2BE0CD893A02	2352	Javelin::BotTaskSetIgnoredByAI	0x142921C10	1	20	6	0	4	2	0	4	3
48F74516-3F58-40E4-8D1A-A3E7540FC53A	6116	Javelin::BotTaskSetIgnoreDurabilityLoss	0x142920820	1	20	6	0	4	2	0	4	3
78E33A1B-55E2-43A1-B436-77AB3EDE3CF2	6263	Javelin::BotTaskSetMountDebugSpeed	0x1429209C0	0	22	6	0	4	3	0	3	3
1110F680-4A2F-46CD-8C01-6969081632F9	5981	Javelin::BotTaskSetMountType	0x1429226C0	1	22	5	0	4	2	0	3	3
DD6934FB-007C-40EB-8FB7-949A6F6F7ACA	5934	Javelin::BotTaskSetProbation	0x1429228F0	1	19	5	0	4	2	0	3	3
93192450-B6B3-4710-8EAA-38A77E8062F0	1177	Javelin::BotTaskSetRegistryByName	0x1429221E0	1	24	6	0	4	2	0	3	4
53C2751C-773A-441C-80A7-58204D7DD230	2528	Javelin::BotTaskSetRemoteBotRegistryValue	0x142922420	0	28	6	0	4	2	0	4	3
500C151E-9FCA-4137-B827-901F5314D6C0	5918	Javelin::BotTaskSetTradeSkill	0x142926CD0	1	22	6	0	4	2	0	3	4
CC19C828-B295-42D0-990B-E6348643EC81	5737	Javelin::BotTaskSnapToNavMesh	0x142929FA0	1	21	6	0	4	4	0	3	3
C90E5496-BC40-4F79-A6B5-4C14DF683274	2529	Javelin::BotTaskSocialDataScaleTest	0x142929CF0		1	0	0	0	0	0	0	0
9F624178-B944-4C69-9DD0-BA64981B2CAD	2530	Javelin::BotTaskSpawnServerBot	0x14292A310	0	25	8	0	5	6	0	4	3
61087E74-0534-4411-8032-3838C0769EED	2532	Javelin::BotTaskStartEmote	0x14292A520	1	23	5	0	4	2	0	3	3
CEBFE935-2910-45C5-951B-76C4977883C4	7051	Javelin::BotTaskStorageSearch	0x142929620	0	23	6	0	5	2	0	4	3
E189A66C-C2DA-4F3F-98B4-A0EEA88DEC1A	6623	Javelin::BotTaskSummonMount	0x142929A70	1	20	6	0	4	2	0	4	3
3F8D82B8-1E5A-41F4-A6FA-A921665A3C47	5506	Javelin::BotTaskSwitchLoadout	0x14292A090	0	19	6	0	5	2	0	3	3
EEB1FE8D-BCA0-431E-B45B-6F97F4E5726B	2326	Javelin::BotTaskSyncGlobalRegistry	0x142930BA0	0	19	6	0	5	2	0	3	3
4DFA2ABE-0532-48F9-82B0-7168C7A48F77	4820	Javelin::BotTaskTakePerfSnapshot	0x142931560	1	20	6	0	4	5	0	3	3
D79FF866-919B-4CC9-A7D5-6C9AF3C9ABF3	6094	Javelin::BotTaskTakeRegionPerfSnapshot	0x142932010	1	20	6	0	4	5	0	3	3
1D48D311-20DC-49F1-8331-5CD363621AE3	6688	Javelin::BotTaskTeleport	0x142932920	0	20	7	0	4	6	0	3	3
F4A503D2-8FC5-4D0B-88E5-E3F334A2626B	571	Javelin::BotTaskToggleInventory	0x142932A40	1	20	6	0	4	2	0	4	3
EC1EDE94-5851-4244-BC79-2E9C567C93FA	6102	Javelin::BotTaskToggleUIState	0x14292E710	0	21	7	0	4	2	0	5	3
F9A24423-6E8D-4B57-B725-395D68931012	1133	Javelin::BotTaskTransactionsScaleTest	0x14292E9B0	0	22	8	0	8	6	0	4	4
8A6BE672-3D7F-4A4B-9178-E83B68EBE5BE	6001	Javelin::BotTaskTransmogEquipSkin	0x14292F510	0	21	7	0	5	2	0	4	3
07A037B1-7A27-484F-A781-EDDBE1B99109	6000	Javelin::BotTaskTransmogUnlockSkin	0x14292FED0	1	21	6	0	4	2	0	4	3
CD3513AB-E349-44BB-B953-A11109E5F6B4	6003	Javelin::BotTaskTransmogConvertData	0x14292FFE0	1	19	5	0	4	2	0	3	3
5C0980F0-1996-4388-9C0D-1AEAA9024877	4983	Javelin::BotTaskTurnTowards	0x142937C80	0	24	7	0	4	6	0	3	3
42949E31-484D-479B-B556-C1463A086BD9	6004	Javelin::BotTaskUnequipItem	0x1429399D0	0	21	7	0	4	2	0	4	4
EA96BA37-6913-4104-A06D-D9F94919386B	2271	Javelin::BotTaskUnlockAbility	0x142939DA0		1	0	0	0	0	0	0	0
E64DE26E-5A69-4B4B-9764-F549FA860805	5987	Javelin::BotTaskUnlockAchievement	0x142936680	1	22	5	0	4	2	0	3	3
41357C8A-DA4E-43F4-ABA2-5A05415A3B46	2533	Javelin::BotTaskUnlockSteamAchievement	0x142936E00	0	25	7	0	5	2	0	3	4
BE901503-9786-4B95-8E3A-26FB46FBF920	5580	Javelin::BotTaskUnregisterFromGroup	0x142937000	1	22	5	0	4	2	0	3	3
2D252C6D-95E8-4EE9-BF81-059491623C03	1017	Javelin::BotTaskUseItem	0x1429371D0	0	23	6	0	7	2	0	3	3
AC0377A2-D266-44E1-81EF-73EC1E93D034	1483	Javelin::BotTaskVerifyItemQuantity	0x1429393B0	0	23	6	0	4	2	1	4	3
A44CE08B-9DE2-47FF-9CDC-5689B2A92469	5048	Javelin::BotTaskWaitForAssetsToLoad	0x142941510	1	20	5	0	4	2	0	3	3
79919888-8BCD-4081-84AF-243EEF57B8F0	4985	Javelin::BotTaskWaitForAttackFinish	0x142943A20	1	20	6	0	4	4	0	3	3
914F2342-D20A-4419-B195-B809B72D3F70	2299	Javelin::BotTaskWaitForGridLayer	0x142941690	1	20	6	0	4	2	0	4	3
15296579-C5DC-42B8-A387-615FA815DF6A	2535	Javelin::BotTaskWaitForGroup	0x1429436C0	0	22	6	0	6	2	0	3	3
C98A6CFA-8999-4982-BEE8-7A3100D0D319	2536	Javelin::BotTaskWarAction	0x142943840	0	19	6	0	5	2	0	3	3
FDB5A114-A4B3-462D-BF40-73FB66B36BB6	2539	Javelin::BotTaskWarSignUp	0x142942FD0	0	21	7	0	6	4	0	6	3
E66815B6-1FD6-11ED-861D-0242AC120002	5392	Javelin::BotTaskWhisperReset	0x142942CE0	1	20	5	0	4	2	0	3	3
4182ABFC-3C5F-4444-B0BE-EABDC92AFD76	6011	Javelin::BotTaskConcatenate	0x142956190	1	24	6	0	4	2	0	3	4
6B2D6CE1-390E-4F65-AD47-D2528220CFB5	6069	Javelin::BotTaskMath	0x142958E60	1	22	5	0	4	2	0	3	3
518968C5-6D00-4973-B7AF-FC5244CFB66D	6025	Javelin::BotTaskSetRegistryByItemNameFilter	0x1429592D0	1	23	5	0	4	2	0	3	3
FFABCADB-4B64-41C2-B159-A3A6980F44D0	2134	MB::BuildableGridComponentReplicatedState	0x142970D20		10	0	0	0	0	0	0	0
FD76960F-A33B-49B4-91C3-18A85B57BE2E	2110	Javelin::IBuildableGridListener	0x14299F870		0	0						
B0F3F3CB-C26F-4587-8C15-2B3989528731	189	Javelin::IBuilderNotifications	0x14299FB60		0	0						
EAE37835-E282-46CC-99A0-81C6BC53CEEA	2187	MB::PlacementObstructionComponentReplicatedState	0x14299E810		10	0	0	0	0	0	0	0
BF690B34-E35B-4ABA-A8D7-34B4C4764949	1686	Javelin::StructureCreatorInfo	0x1429B39D0		1	0	0	0	0	0	0	0
E6FDA4D3-E8E0-41E5-97C5-21D8EAF0FEEA	6502	Javelin::TerritoryDataMessageHandler	0x1429B3CC0		0	0						
D6E566ED-C562-4940-BB3E-F3BC3699DB76	1746	MB::TerritoryInterfaceComponentReplicatedState	0x1429C1A60		16	0	0	0	0	0	0	0
04F74C66-AF5E-43FF-8F1C-AD26D73C766E	2247	Javelin::ActionState	0x142A14580		1	0	0	0	0	0	0	0
01B0664B-3AB6-44A6-87E3-8C69D40E0365	11	MB::ALCReplicatedState	0x142A327F0		9	0	0	0	0	0	0	0
999C7AB3-2FB7-4F47-A51A-88AB3126A560	1752	Javelin::IClientValidationResponseHandler	0x142A56F30		0	0						
56985FA2-5902-4C74-A879-C8C0F30AD569	6817	Javelin::PvPSpectatorCamControllerReplicatedState	0x142CA9020		10	0	0	0	0	0	0	0
17C14DDE-DE0E-40AF-9941-85E973908200	2856	Javelin::CameraPositionListener	0x1407CA990		0	0						
37F7555D-8476-410A-9753-850945075374	2938	MB::GlobalStorageComponentReplicatedState	0x142CD26A0		12	0	0	0	0	0	0	0
9BA17466-0575-4F59-A43E-5F9ACB1F4A70	7041	Javelin::StorageItem	0x1407CA990		0	0						
A1B2C3D4-E5F6-7890-ABCD-EF1234567890	7049	Javelin::StorageItemSimple	0x142D268E0	0	5	1	0	2	0	0	0	0
6809EABE-8AA9-4813-8EA3-2E63CC49279C	7040	Javelin::StorageItemDetailed	0x142D26AC0		1	0	0	0	0	0	0	0
CE4E2515-AD1B-41B8-97D8-4D9378891610	2125	Javelin::InitialContainerContents	0x142D26F10	1	5	1	0	0	0	0	0	1
A7933D94-4E0B-4711-BE2D-EA22000CCF06	5437	MB::ItemManagementComponentReplicatedState	0x142D24BA0		15	0	0	0	0	0	0	0
66590644-2426-49D4-8DEA-BDB4EEA4E263	2027	MB::LootDropReplicatedState	0x142D25270		10	0	0	0	0	0	0	0
3789EDB0-9ADF-469A-8C80-ECA57C98E40A	1742	MB::AggregateContractCountComponentReplicatedState	0x142D53D20		15	0	0	0	0	0	0	0
618FD41E-0259-42FA-AA80-90958A4E2275	2957	Javelin::BuyContract	0x142D4E500	0	25	11	0	17	0	0	5	5
52704ED8-A9CF-41EE-88D6-E7CE4B346352	2609	Javelin::ContractBase	0x142D51970		0	0						
76914C0D-4B39-4CDF-BFB6-79ADBA8168E3	312	Javelin::Contract	0x142D51C70	1	21	10	0	16	0	0	4	5
77A8CE4A-0761-4614-941B-DA800FBA0B58	451	Javelin::ContractActionParams	0x142D4E8B0	1	5	3	1	2	0	0	4	1
A9F311E7-B100-48BE-B27B-3527FDF169AF	2958	Javelin::ContractActionParamsWithReason	0x142D4EC30	1	6	4	1	3	0	0	4	1
17083771-9F2B-42C6-A413-F75876114349	2830	Javelin::ContractActionParamsWithDuration	0x142D4F040	1	9	3	1	2	0	0	4	1
5566F141-5C23-4BFB-BEFF-372DAF60F713	29	Javelin::ContractActionParamsSellCompletion	0x142D4F6E0	0	6	4	1	4	0	0	5	1
C63B449F-6B7F-4042-AD32-CD4B413061F0	2961	Javelin::ContractActionParamsBuyCompletion	0x142D4F980	0	7	5	2	4	0	0	4	1
FDB5DF94-CF7E-4509-AE9F-001C1F9F05D6	5524	Javelin::ContractActionParamsMakeGoodCompletion	0x142D50080	0	6	4	1	4	0	0	4	1
06B48BB9-3E0F-4645-84A6-645A25F7DA0C	5395	Javelin::ContractLookupData	0x142D50240	0	36	3	1	0	0	0	3	2
976AF958-2505-4FD7-976D-2E01C1D0140C	5204	Javelin::ContractsJsonDataWrapper	0x1428D88D0		1	0	0	0	0	0	0	0
3645133D-1613-41D2-9600-64E3806C4089	5208	Javelin::ContractItemFilter	0x142D97C50	1	6	3	0	2	0	0	0	2
AD7613B8-EE46-4833-BB89-B31F766D8D25	2982	Javelin::ContractItemSimpleData	0x142D97CF0	1	15	4	0	8	0	0	1	3
A4C00D70-C09F-46E6-8369-131F6DE344C3	2988	Javelin::ContractCreationParams	0x1428D8640	1	4	1	0	4	0	0	0	0
CCAC39A9-3B19-45ED-8C68-C9E7C0F56028	478	Javelin::ContractParams	0x1428D8710	1	9	2	0	5	0	0	0	0
0524DDFD-9EBE-4857-8650-A7FF192A2DA6	5170	Javelin::ContractSearchLogicModifiers	0x1428D8920	1	2	1	0	3	0	0	0	0
ED8EB27E-69E8-4BE3-AD8D-8735A3E0FF59	5483	Javelin::MakeGoodContract	0x142DA6290	0	23	9	1	8	0	0	3	3
7DF8AE37-ED9A-4D0C-924C-0C67D666112A	2990	Javelin::SearchAggregateContractsRequestPayload	0x142D97D80	1	10	3	1	3	0	0	0	1
812959CB-4CBD-46FE-A7A2-DDD8727C48C5	5213	Javelin::ContractTopHitsSortField	0x142DE90C0	1	2	1	0	2	0	0	0	0
60D6448C-AA75-4675-9E32-46A3C226B087	5206	Javelin::ContractTopHitsAgg	0x142DE8F10	1	10	4	0	2	0	0	0	3
A53AF92E-AC89-4D69-9DFB-D5138BCB9C50	5205	Javelin::ContractTopHitsByMatchAgg	0x142DE8FB0	2	11	6	0	4	0	0	0	4
AA8AD596-B5D2-4B07-BD45-FAB0D9F0E320	5207	Javelin::PresetLastEvaluatingIndexKeyPair	0x142DF3EF0	0	7	2	0	1	0	0	0	1
237A0B23-A396-40D6-AF82-91AB2625F8A3	5214	Javelin::SearchAggregateTopHitsContractsRequestPayload	0x1407CA990		0	0						
D20DE91D-6740-40DC-9B61-0C823257BFBC	5215	Javelin::SearchAggregateTopHitsByFieldContractsRequestPayload	0x142DF4380	1	16	6	0	3	0	0	0	4
642A972A-164D-442B-8D0E-34CAA8951659	5202	Javelin::SearchAggregateTopHitsByMatchContractsRequestPayload	0x142DF4AF0	0	11	5	0	3	0	0	0	3
FD50CD67-E6C9-439F-A5E1-304C2BA252C8	2991	Javelin::SellContract	0x142DF3420	0	22	8	1	8	0	0	4	2
FFF40D4B-D06E-4985-91C3-EC13BD3FF665	6468	Javelin::CraftingStationPropertiesReference	0x142DF6910	1	21	1	0	0	0	0	0	1
E09E2C0B-CB5D-4673-923F-EADBEC7A5DA8	2992	Javelin::ICraftingNotifications	0x142DF1800		0	0						
FD24C20B-FB95-49F8-9BB0-DEC472F0B6EA	205	MB::CraftingComponentReplicatedState	0x142E71480		12	0	0	0	0	0	0	0
164A2CCF-156D-4314-88BD-F2C253F01647	3002	MB::ItemGenerationComponentReplicatedState	0x142E712A0		10	0	0	0	0	0	0	0
9A1A4452-106F-4EFD-9BD6-12ACEBAADCC9	2107	Javelin::RepairNotifications	0x142E902F0		0	0						
8A8DDEA0-A030-4C50-B068-629419CBA71F	4850	Javelin::IComponentDebugHelperClient	0x1407CA990		0	0						
8BB6DA0A-F5D7-4597-B157-0EF5F5FB6E2E	4851	Javelin::IComponentDebugHelperServer	0x1407CA990		0	0						
98DD0E12-1BB7-47B4-BC07-9DEA6359FE06	1835	Javelin::SpawnDebugInfo	0x14280DE40	1	5	3	0	0	0	0	5	1
1E952295-0CB3-4F87-A1DF-AE97012D1A40	462	Javelin::DetectedTargetInfoResponseHandler	0x142F46050		0	0						
2A3BF0CE-782D-45E1-B717-E4024E2735F4	62	MB::LandClaimComponentReplicatedState	0x142F5F000		10	0	0	0	0	0	0	0
ABBA1776-6E4C-4BA6-A831-6F4052AFC9C0	3086	MB::LandClaimManagerComponentReplicatedState	0x142F5EBB0		10	0	0	0	0	0	0	0
19A65AE7-0A3D-4CF5-B607-D6718F93C0CA	2012	Javelin::LandClaimUpgradeInfo	0x142F5F240	0	1	1	1	0	0	0	0	0
EFFA6EE9-EC43-4455-A4B6-25C2D3AD4796	3093	Javelin::SettlementProgressionParams	0x142F99B90	2	3	1	0	0	0	0	2	0
8D68FB93-B087-474F-9B5B-3FE33A8434AE	2330	MB::DoorComponentReplicatedState	0x142FA4920		10	0	0	0	0	0	0	0
276E6468-892B-43BA-80B2-F31F4CD8430D	3105	Javelin::DungeonEntranceReplicatedState	0x142FA6470		10	0	0	0	0	0	0	0
FEAFABE8-6219-4C4A-9269-261D1E76878E	3133	MB::EntitlementComponentReplicatedState	0x1430160B0		11	0	0	0	0	0	0	0
B42BA5BB-D0AA-4A0B-8974-6D0A754DCBD5	3139	MB::DelayedEventComponentReplicatedState	0x143057500		10	0	0	0	0	0	0	0
677E1211-87E3-4F1F-AD6E-463B4C410354	3141	Javelin::DetectionVolumeEventNotifications	0x1407CA990		0	0						
083D6E80-4081-47B7-A477-BE9E7029AAFF	366	MB::DetectionVolumeEventReplicatedState	0x14307D910		10	0	0	0	0	0	0	0
9E6EE43B-15F1-497B-9461-1F97E488AA10	363	MB::EventTimelineComponentReplicatedState	0x14307E1E0		10	0	0	0	0	0	0	0
C0244027-73FB-4C7B-AA6F-670C87F34F1C	3149	Javelin::IExampleComponentRemoteInterface	0x1407CA990		0	0						
80A502FD-67EB-4A1B-87E3-B85004919249	3152	MB::FactionComponentReplicatedState	0x143098340		10	0	0	0	0	0	0	0
B3C5DA9F-0039-41B4-97AA-713131C6E57A	2456	Javelin::FactionResponseHandler	0x1407CA990		0	0						
37629AAC-0223-4DCF-BFC1-6E9183BBDDE0	1269	Javelin::IFactionRemoteListener	0x143078EF0		0	0						
B238669D-2996-4196-A14C-92C18CF5C0D0	3170	Javelin::IFactionControlMessageHandler	0x1407CA990		0	0						
4FE321B0-4195-415A-8D37-57E202683785	5338	MB::FishingComponentReplicatedState	0x1430C86C0		10	0	0	0	0	0	0	0
C2A97536-74E8-46F2-A372-9D16BF072B6A	1055	MB::FtueDetectionVolumeTeleportReplicatedState	0x143101E20		10	0	0	0	0	0	0	0
59B9807C-CE02-4611-81A3-F0DDCAC27900	3194	MB::FtueIslandComponentReplicatedState	0x143102690		13	0	0	0	0	0	0	0
7216D409-A3B8-4F67-AC1E-8011DE319AAC	3204	MB::VoidDestroyerComponentReplicatedState	0x14314FBA0		13	0	0	0	0	0	0	0
44528310-AAA5-4E1B-B8C1-68135B81CD06	3210	MB::AchievementComponentReplicatedState	0x143172C90		10	0	0	0	0	0	0	0
94DDD5E5-80E8-4538-B6C4-AD6747755DC1	1982	MB::ContributionComponentReplicatedState	0x14319B8E0		10	0	0	0	0	0	0	0
B167627E-3A49-4D1E-BEF1-D617E2C478C1	3241	Javelin::IHomesteadingNotificationsHack	0x1431D5ED0		0	0						
AFB73601-0FBE-47BA-B101-C4DBDF2C7F14	3244	Javelin::DailyBonus	0x1431D7050	1	2	1	0	1	0	0	0	0
8B6ADD1E-927D-42BF-B2C7-C9D1665AB82D	497	Javelin::GameEventComponentReplicatedState	0x1431D7E10		10	0	0	0	0	0	0	0
AF9DC5C2-EC5D-4FFD-94CD-984D4984161C	5242	Javelin::GameModeResults	0x14320D0F0	0	3	1	0	2	0	0	0	0
4C6684A9-6988-4A05-94BD-118CE991A7D9	3312	Javelin::GameModeParticipantReplicatedState	0x14326F570		16	0	0	0	0	0	0	0
78EA6535-BB84-4D6A-A5A3-747AF2F5167C	2343	Javelin::GameModeReplicatedState	0x14327E3B0		22	0	0	0	0	0	0	0
E76AA98B-8214-4AE4-8D0B-C393F1267E5B	3314	Javelin::IGameModeComponentExternalEventsHandler	0x143268F90		0	0						
B262CAC8-97C6-4DBB-8625-FF8E8DCDC4F8	3317	Javelin::IGameModeQueueListener	0x143275640		0	0						
73BF9B11-32FE-4ECD-9349-4ECE915D21BA	1819	Javelin::IGameModeQueueStatusResponseHandler	0x1432DD850		0	0						
B5E124FB-D4D1-4479-9A0B-3623BEF6EF0B	6234	Javelin::InstancedSlayerScriptReplicatedState	0x1432DE0C0		21	0	0	0	0	0	0	0
81712734-685A-49B0-BA23-F9E5E5C97110	4937	Javelin::IPlayerGameModeNotifications	0x1432E01C0		0	0						
D8D433B5-9701-4D03-AF18-C9B22CEE19EB	6353	Javelin::MutationDataMessageHandler	0x1432D6FA0		0	0						
B4DB39E2-5054-4604-9855-9A4DC75BDDE4	3362	MB::SlayerScriptReplicatedState	0x1432F8C10		16	0	0	0	0	0	0	0
BFCAD32F-601E-44FC-A5B8-053D8D945EF6	3363	Javelin::IGameModeMutationListener	0x1407CA990		0	0						
D0D4C4D1-5489-4AE8-941D-4DB70E2A8AB9	2201	Javelin::GameModeMutationSchedulerReplicatedState	0x14332E190		15	0	0	0	0	0	0	0
1E2E3814-B8BB-44C8-AD07-2075B5D1D4FF	2870	Javelin::GenericInviteGDEInstantiation	0x1433846A0	1	8	1	0	1	0	0	1	0
E1C16B87-EEF6-423C-A7C3-5A7DF2520F96	255	Javelin::IGenericInviteHandler	0x143384410		0	0						
A02118E0-94AB-4945-B421-1FABFB0C4806	3408	Javelin::PlayerGenericInviteReplicatedState	0x143385110		10	0	0	0	0	0	0	0
FFF70267-EC9E-403F-95DE-A35FD8AD44DB	1668	Javelin::GenericParameter	0x1407CA990		0	0						
A504647D-77FF-455F-8399-03693935F541	3072	Javelin::BooleanParameter	0x1433C8A30	1	13	2	0	0	0	0	1	1
D817306D-6512-49D0-BDA9-F1287E56A17B	3410	Javelin::FloatParameter	0x1433C8E30	0	12	2	0	0	1	0	0	1
3439FF18-942F-434C-9039-9262FFC43B0E	3411	Javelin::IntegerParameter	0x1433C9160	0	12	2	0	1	0	0	0	1
5A735A09-17F8-4525-B440-8C97997CB616	830	Javelin::StringParameter	0x1433C93B0	1	12	1	0	0	0	0	0	1
581CBFDF-C064-48AD-9BE2-2C60DB91A032	3413	Javelin::GenericValue	0x1433C9940		0	0						
432B0ACA-3BBD-4654-95A4-A82DC74FA53E	1571	Javelin::BooleanValue	0x1433C5D40	1	6	1	0	0	0	0	1	0
1197D7CE-5E9A-43FE-A02A-041BDDDDD6A3	2867	Javelin::FloatValue	0x1433C6090	0	5	1	0	0	1	0	0	0
4272BA5F-0938-4C8F-9750-C845452EADDD	1878	Javelin::IntegerValue	0x1433C64B0	0	5	1	0	1	0	0	0	0
83291DB8-63E1-4ED2-8D37-4945D64B8559	3414	Javelin::StringValue	0x1433C6790	1	12	1	0	0	0	0	0	1
DDB5C4F4-745D-448E-AB12-C5EE86B0F796	3451	Javelin::GroupDataComponentReplicatedState	0x1433C6BD0		12	0	0	0	0	0	0	0
7B3F6D42-BE9E-4C7C-BE50-4A0D6298B172	1091	Javelin::GroupFinderGroupDataComponentReplicatedState	0x143408D20		10	0	0	0	0	0	0	0
B02B6B63-9F12-4672-BFE6-C75C31FB1268	2886	Javelin::GroupFinderGroupGDEInstantiation	0x14340D330	0	25	6	0	1	0	0	5	2
C8DDAA6D-1AB4-4820-B3AE-968FB7C801F3	2864	Javelin::GroupGDEInstantiation	0x14340A8E0	0	5	2	0	0	0	0	2	1
71DE607B-AA71-4568-AC0B-8A9B1D2F7446	3452	Javelin::IGroupsComponentNotifications	0x143402AD0		0	0						
CE526687-CA4B-4647-A599-EC026FDC0C6D	1994	Javelin::GroupsComponentReplicatedState	0x143413870		17	0	0	0	0	0	0	0
89554B0F-DFA6-4730-BC31-CF8A8C087BD2	3497	Javelin::GroupsComponentResponseHandler	0x1407CA990		0	0						
688A5D57-DAFA-4549-81C5-C51039C17C87	3548	Javelin::IGroupDataEventHandler	0x14279D990		0	0						
5276F07B-F8D7-4BD3-AFC7-E74A383CD76E	377	Javelin::IRaidListener	0x143479D80		0	0						
A85DF621-DCE0-409F-8D39-A447EA0807FF	28	Javelin::RaidDataComponentReplicatedState	0x143478410		10	0	0	0	0	0	0	0
F5398BCB-8AF9-47C7-84C6-B8AFBF249F34	3147	Javelin::GuildsComponentReplicatedState	0x1434C9700		15	0	0	0	0	0	0	0
305FCFBB-3FD0-49BB-841B-14EF372C6469	3652	MB::PlayerHomeComponentReplicatedState	0x1434D24E0		10	0	0	0	0	0	0	0
910FE804-E08C-44D6-BC71-6A318731DB45	359	Javelin::RespawnInfo	0x1434FCD90	0	7	2	0	0	1	0	1	0
C2938FCE-AF7A-447E-BAE7-AFCBFCC852AF	3663	Javelin::HouseDataReplicatedState	0x143502810		10	0	0	0	0	0	0	0
D36B090A-617C-4C3F-B0BF-7B12A1AE4237	3055	MB::HousingPlotReplicatedState	0x14354B7B0		10	0	0	0	0	0	0	0
4F70C3BB-8F7D-48C2-A0B6-95431F88F356	2768	MB::PlayerHousingReplicatedState	0x143545A90		10	0	0	0	0	0	0	0
6A0F5E12-9508-4140-BEC2-F47F916A9DAD	3738	Javelin::InteractCondition	0x1407CA990		0	0						
01817D15-8624-465E-ACEB-A2A4B0ED3E07	3739	Javelin::DefaultCondition	0x1435A53A0		0	0						
7BAA2DC1-A875-4C63-BB9C-CB01C3375E75	2750	Javelin::GatherableCondition	0x1435D7790		0	0						
1DB27353-50EA-4FF0-8D80-6534C2D04E70	3740	Javelin::ApplyResourcesCondition	0x1435D7770		0	0						
D4090863-57F0-409D-9EAD-DF97633634D0	2930	MB::InteractReplicatedState	0x1435DBB70		10	0	0	0	0	0	0	0
704F90BD-BA5A-4DED-A3DF-DA1827A45E93	3217	MB::OwnershipComponentReplicatedState	0x1435F2AB0		10	0	0	0	0	0	0	0
648AF1DB-956E-4370-992A-7E778560C765	2436	Javelin::Ammo	0x1435F0EF0	1	16	1	0	3	0	0	0	0
1A2A20EB-F608-4CD9-AC5C-802C63B0626C	419	Javelin::Armor	0x14362B9B0	0	17	3	0	6	5	0	0	0
71E60CF3-4AD0-4C5C-8BE1-70EED5DED65B	3759	Javelin::Blueprint	0x14362AA10	1	16	1	0	3	0	0	0	0
5C818208-7A5C-4ECC-9D7D-B488994003BC	3761	Javelin::Consumable	0x14362AE70	0	19	3	0	4	5	0	0	1
DD0B01E4-23DC-4D56-9EB3-2BC3C5AA1608	881	Javelin::Dye	0x143629F30	1	16	1	0	3	0	0	0	0
1D897824-B454-4D39-BF56-733C796D7B02	6095	Javelin::MountDye	0x14362A1A0	1	16	1	0	3	0	0	0	0
82AA016F-3124-41C5-934D-2B8D4F809D8B	2513	Javelin::HousingItem	0x143641860	1	16	1	0	3	0	0	0	0
E1EBCA63-1759-477C-BBE7-61B8A471F5BB	3765	MB::ItemSkinningComponentReplicatedState	0x143641D50		15	0	0	0	0	0	0	0
609A5CC0-2E06-4FDD-B177-DA31C29CDFF3	3766	Javelin::WeaponState	0x1407CA990		0	0						
2009A7B9-D247-4D75-A1CC-14A9D0C87210	3270	Javelin::WeaponStateDurability	0x1436416C0		3	0	0	0	0	0	0	0
58258873-D433-4EBE-B2FC-3798083075AF	3767	Javelin::Kit	0x143641340	1	16	1	0	3	0	0	0	0
F7679761-9480-4370-AEAD-8C92B22DFA09	1227	Javelin::Lore	0x14365DCA0	2	17	1	0	3	0	0	0	0
004A5688-2F12-45A3-BF28-BEE5875E7263	1000	Javelin::Resource	0x14365DD20	2	17	1	0	3	0	0	0	0
A0FCD5A9-F278-4CEE-AA7A-A28D605FAF8E	5227	Javelin::ThrowableItem	0x143661490	1	35	3	0	3	0	0	3	1
3F4A39B1-0A98-4021-ABA2-8DE0B4395B4D	847	Javelin::Weapon	0x143661940	1	30	2	0	3	3	0	0	0
756DEAE5-A1F0-4863-BE20-B44D871C46A1	982	MB::LootTrackerComponentReplicatedState	0x14370A4F0		18	0	0	0	0	0	0	0
CCEA2E6C-2C3E-4A7F-97A7-C5CB86167960	4913	MB::RewardTrackComponentReplicatedState	0x143709C90		10	0	0	0	0	0	0	0
111AEBB0-4F23-4914-B732-A349CCBD82D4	3780	Javelin::GlobalMapDataManagerComponentReplicatedState	0x1437BE1F0		16	0	0	0	0	0	0	0
C3F8F5F5-5D8E-45A0-890C-36B9B0183C8E	3786	MB::CurrencyComponentReplicatedState	0x1437BFFF0		10	0	0	0	0	0	0	0
BF75653B-B1DF-4DBE-840D-0236A69DA247	3791	MB::TradingPostComponentReplicatedState	0x1438379D0		15	0	0	0	0	0	0	0
7C211A42-D8C4-4473-8376-0F775798882D	3793	Javelin::IAttachmentMeshNotifications	0x14385D830		0	0						
2C20C9F7-2500-496A-89E2-5ADA1053B5C2	5620	MB::MountComponentReplicatedState	0x1438BF670		11	0	0	0	0	0	0	0
25C8C99E-9A14-407C-BF53-D26981A0DD72	4882	Javelin::InitialMusicalPerformancePlayerData	0x143908840	0	4	4	1	3	1	0	1	2
8929FA5D-39F9-40AE-BF90-D3C9474EF62B	4971	Javelin::MusicalPerformanceListenerMessages	0x143928E10		0	0						
AC538A09-32BF-4045-B091-BA53C01CD1EC	5011	Javelin::MusicalPerformanceResponseMessages	0x14392AD60		0	0						
52D255D6-A61D-4DAA-A9DE-78D148B72F8F	5088	Javelin::MusicalPerformanceNotificationMessages	0x14392AC30		0	0						
CF592E34-052A-4E9C-BFBA-AFD6AC34404F	4876	Javelin::MusicalPerformanceMessages	0x14392AE90		0	0						
1DF9BA34-54FC-412F-A2D9-1A38DCC34BCD	5007	Javelin::MusicalPerformancePlayerRequestMessages	0x143928460		0	0						
C0130344-90DC-439C-BF97-FEB75C60A401	5015	Javelin::MusicalPerformancePlayerNotificationMessages	0x1439286C0		0	0						
3E3E3F74-5141-4C47-AC27-DA60F8426A76	5006	Javelin::MusicalPerformancePlayerResponseMessages	0x1439287F0		0	0						
02C9E1DC-F013-4B1F-BFAA-6314278984D5	4878	Javelin::MusicalPerformancePlayerComponentReplicatedState	0x143962120		10	0	0	0	0	0	0	0
2C91F563-3901-413D-941E-0CEF9366896D	4896	Javelin::MusicalPerformanceReplicatedState	0x143961690		16	0	0	0	0	0	0	0
9478065A-011B-4C1C-ABCC-5B940BA1D87C	4866	Javelin::MusicalPerformanceStateMessages	0x14395E420		0	0						
A32A95F6-9EF4-4139-8FC3-98C712910DAD	5915	MB::ClientPathingComponentReplicatedState	0x143989270		14	0	0	0	0	0	0	0
094F8E16-9D68-40F9-AADD-335C3496A0E8	6495	Javelin::NPCWaypointSetInitParams	0x14398AAF0	0	9	1	0	0	1	0	0	1
FBA6A823-E49D-4EB4-8254-34CFE7396E16	798	Javelin::PathReceiverPathingComponentDelegate	0x1439AEAA0	1	7	1	0	0	0	0	1	0
243A5629-72DB-4229-BBFA-ED6F09FDEFCA	3340	MB::NotificationServiceComponentReplicatedState	0x1439AD880		10	0	0	0	0	0	0	0
69EECDC6-4BCE-47C4-A92B-56600F4E56BE	3812	Javelin::INWTagListener	0x1407CA990		0	0						
1490FDF0-5644-4424-943C-703328B77CD7	3815	Javelin::Objective	0x1439F11D0	0	31	6	1	3	0	0	7	2
2205CFE8-2403-42C7-81F7-5DEDB58E9ECE	3829	MB::ObjectiveInteractorComponentReplicatedState	0x1439EF520		19	0	0	0	0	0	0	0
036365F4-A485-439D-8A3F-C51DFF6123B4	3857	Javelin::ObjectivesComponentReplicatedState	0x1439E9F20		15	0	0	0	0	0	0	0
50497924-8210-4155-A588-D068165599FD	3859	Javelin::IObjectiveReward	0x1407CA990		0	0						
2BE3F159-1F76-4CE1-B6B6-AB4529884007	3860	Javelin::ObjectiveRewardCategoricalProgression	0x143AB81F0	0	8	1	1	1	0	0	0	0
7E490895-CA94-4EFC-AF5E-1F8C693A7195	3862	Javelin::ObjectiveRewardExp	0x143AB8FF0	0	6	1	0	1	0	0	0	0
A9CE6D22-2E4C-460E-A454-DCB8BF65F579	78	Javelin::ObjectiveRewardItem	0x143AB92E0	0	12	2	0	1	0	0	1	1
09A81D2D-5013-46B1-AA95-7203FAE175BC	1148	Javelin::ObjectiveRewardObjective	0x143AB9630	1	11	1	0	0	0	0	0	1
4A4D224D-A35A-496B-A8FC-25F6AD109BA0	3790	Javelin::ConsecutiveTaskContainer	0x143AB7FB0	0	29	8	0	7	0	0	12	2
CEDCBF88-232A-4B73-8261-4DA2A6D9DA07	2815	Javelin::ObjectiveTask	0x143AC2B90	3	16	5	0	6	0	0	10	1
83F4CDFD-AAAB-43AB-B172-4B2036E50C24	3863	Javelin::ObjectiveTaskContainer	0x143AC2C00	1	31	7	0	6	0	0	12	2
E1B3C9C3-8BA4-4A5C-960A-7C3DD17872CA	3864	Javelin::PartialTaskContainer	0x143AC4B30	1	29	7	0	6	0	0	12	2
E448B7D8-A9FE-4D79-93F2-C619F935DB0D	3865	Javelin::SimpleTaskContainer	0x143AC4E80	1	29	7	0	6	0	0	12	2
5FD6343F-FAD9-47E3-AB0F-F1CC7654A488	3867	Javelin::TaskAchievement	0x143AC5180	0	23	8	0	7	0	0	11	3
C66CB6A6-46F8-4B6B-8CE7-CE76D477A891	3868	Javelin::TaskBuildStructure	0x143AC3540	2	13	3	0	0	0	0	2	2
45323E19-D5B9-48C5-9A86-23B52E838FE0	3580	Javelin::TaskBuySell	0x143AC3B00	2	19	6	0	6	0	0	11	2
9DB246E7-0966-400D-BF19-5BA04B2F79E7	2905	Javelin::TaskChooseFaction	0x143AC38E0	1	12	4	0	6	0	0	4	0
3030BF90-B2E1-484F-8F77-4C763D8D3033	6544	Javelin::TaskCinematicComplete	0x143ADFDA0	0	17	6	0	7	0	0	10	1
813587BB-160B-4329-ACBB-F1B40E6182D3	6601	Javelin::TaskCinematicStart	0x143ADFFD0	0	17	6	0	7	0	0	10	1
CB76E674-D3E6-44DE-A146-9B50EEDB8EB9	4702	Javelin::TaskClaimButton	0x143AE07F0	2	20	6	0	6	0	0	11	2
0E3F0D8C-DBF1-4A0F-801F-6A52210F1AA5	4754	Javelin::TaskCompleteDungeon	0x143AE0B00	2	20	6	0	6	0	0	11	2
44CF9BEF-DEFE-4CB4-AFD5-AD7FA0411BC3	4737	Javelin::TaskCompleteObjectiveType	0x143AE0E50	2	20	6	0	6	0	0	11	2
61151BE9-487F-4489-A25A-E302A3662CCC	3870	Javelin::TaskControlPoint	0x143AE1210	1	14	4	0	5	3	0	4	0
2017AF35-B89B-4BDC-A924-29A201B833D1	2049	Javelin::TaskConversation	0x143ADD750	1	13	3	0	6	0	0	3	0
31621033-327F-4D5F-B8B1-020B8AD8B19D	3871	Javelin::TaskConversationState	0x143ADFB60	0	15	6	0	8	0	0	10	1
801381A1-09D5-46D4-BA3A-5B9B75EE6A79	3873	Javelin::TaskConversationTopic	0x143AEACB0	0	11	4	0	7	0	0	3	0
1A736A35-931F-4725-ABB0-AB1DD1A60888	412	Javelin::TaskCrafting	0x143ADD7C0	2	13	3	0	0	0	0	2	2
67C33640-FA9A-4096-ABF2-14758A89216D	6876	Javelin::TaskCraftMultipleRecipes	0x143AEB880	1	21	6	0	8	0	0	11	2
8E463C80-8F4A-4541-9A8C-5F38FB17EED9	3874	Javelin::TaskCraftRecipe	0x143AEC070	0	22	6	0	7	0	0	6	2
AAC42BA9-8C49-4225-A34C-F00FD1095BCC	6341	Javelin::TaskCutsceneComplete	0x143AE9D80	0	17	6	0	7	0	0	10	1
D0B45C30-C660-4427-8FA6-68A5A55C0EA2	3875	Javelin::TaskDie	0x143AE9F70	3	17	5	0	6	0	0	10	1
95FE7C8A-BAAB-4B10-9ADA-C7CF44C84EB4	3540	Javelin::TaskEquipItem	0x143AEA4A0	0	21	6	0	8	0	0	11	1
6C7D1E4F-A10E-4C0D-B5BA-8E12AE595CC2	3876	Javelin::TaskFishing	0x143AEA810	0	19	8	0	11	3	0	17	1
68BA0266-9CB7-44F2-AF25-F3D833017C0F	3877	Javelin::TaskGameEvent	0x143AFA780	0	18	7	0	6	0	0	11	2
9E664486-2900-4DE9-B132-C463D6252449	1196	Javelin::TaskGameMode	0x143AFB2F0	3	17	5	0	6	0	0	10	1
0AE69555-E6E5-4E38-8031-D1183A52F5A8	4773	Javelin::TaskGatherCyclicState	0x143AFB510	0	17	6	0	7	0	0	10	1
596A5201-1AF5-40CC-B747-28408DC65453	1417	Javelin::TaskGiveItem	0x143AFBD00	1	19	5	2	6	0	0	8	1
95410EA2-B3AC-40B5-A983-4923AC623231	2534	Javelin::TaskGoTo	0x143AE1020	1	14	4	0	5	3	0	4	0
47CCE829-0B02-4912-BD57-7A912F9C8D37	3878	Javelin::TaskGoToDuration	0x143AFA4B0	0	14	5	0	5	3	0	5	0
499910A7-7C62-4CC2-BED1-35969A844ADC	241	Javelin::TaskHaveItems	0x143AFAC90	0	24	9	2	15	0	0	10	3
3D4CBF0F-A0AD-4526-8052-659F472B014D	3228	Javelin::TaskHaveLevel	0x143AFB8A0	0	17	6	0	8	0	0	12	1
15D0189A-8716-4163-9ED0-BD2B70843B29	3662	Javelin::TaskHouseScore	0x143B0DB80	0	17	6	0	7	0	0	10	1
B05B5563-585F-4592-8607-C0B42D12C7DD	2360	Javelin::TaskInteract	0x143B0DF70	0	21	6	0	6	0	0	12	1
0B85E4E0-70D3-4ACC-864D-F8BF56F4E0F7	3134	Javelin::TaskInventory	0x143B0CF70	2	17	4	1	6	0	0	3	1
E0E47EC2-F582-4CA1-B5CC-96B3DC025431	3848	Javelin::TaskJoinGuild	0x143B0E480	3	17	5	0	6	0	0	10	1
AF1B6F8B-FD73-4064-9278-6AC19BF6DE3B	3879	Javelin::TaskKill	0x143B0E890	1	22	6	0	7	0	0	10	1
E9CDD39B-6522-443D-A379-9D76E6BE9FBF	904	Javelin::TaskKillContribution	0x143B0EBB0	1	27	7	0	8	0	0	12	2
9A922BD7-9DD5-4F4F-8C62-F7813A73A9FA	3881	Javelin::TaskObjective	0x143B0EDD0	0	18	8	0	8	0	0	10	2
C75B1C8F-19C1-4D0F-A262-E63FC02E16AE	3882	Javelin::TaskOpenUiScreen	0x143B1AC80	0	21	6	0	7	0	0	10	1
03D02413-B6F1-47BD-B115-09B060F80AC4	5117	Javelin::TaskPerform	0x143B1B490	0	17	6	0	8	0	0	10	1
667C6F13-090B-42AE-81AF-EF8EB7BC4C1B	6043	Javelin::TaskQuickCourse	0x143B1B930	0	17	6	0	7	0	0	10	1
A69DDC4F-33BE-4ACB-87B4-6FC3F87A7705	1420	Javelin::TaskReadLore	0x143B1BEF0	3	17	5	0	6	0	0	10	1
9A0773BA-D774-4AC3-8F75-B6FADF36BAC3	3883	Javelin::TaskRecipePinned	0x143B1C110	0	21	6	0	6	0	0	11	1
74751C21-EA33-412E-9065-59E69EE23E2D	3885	Javelin::TaskRemoveItem	0x143B1C750	1	17	4	1	6	0	0	3	1
4A25A6DF-8288-42DA-85F9-BF2C7306B821	3886	Javelin::TaskRepairItem	0x143B1B0C0	2	13	3	0	0	0	0	2	2
A8EC7863-5764-445A-A65A-DB518EF1C1FD	3887	Javelin::TaskRequireGatherItems	0x143B26100	1	21	5	0	6	0	0	10	1
16C7A34C-2916-4D28-8DA3-04FCE86766E5	3888	Javelin::TaskSalvageItem	0x143B26710	1	21	5	0	6	0	0	10	1
1DC6B7BA-E956-42CE-BD28-1710A4C40797	6247	Javelin::TaskSlayerScript	0x143B26AC0	0	17	6	0	8	0	0	10	1
EA3DF79B-BAAA-4D42-96AA-99F47579E481	1743	Javelin::TaskSpecificInteract	0x143B27000	0	20	6	0	6	0	0	10	2
A6448925-5F63-4E11-A8C4-79600FB8FC88	282	Javelin::TaskTimer	0x143B277C0	3	18	5	0	6	0	0	10	1
F14C59C2-7EA5-4461-BFA4-4AD68896EFE4	3891	Javelin::TaskTriggerArea	0x143B27DE0	0	17	6	0	6	0	0	11	1
1D5586C7-2080-4A18-9199-7E92B55F2B8B	3892	Javelin::TaskUnlockAchievement	0x143B28120	0	18	7	0	7	0	0	13	1
23DDACC3-2785-439D-B360-224CB9F0595B	3893	Javelin::TaskUseItems	0x143B28360	2	15	4	1	6	0	0	3	1
1244BC52-2B3F-4380-8D60-2D4A9286AE89	558	Javelin::AIPathParameterData	0x143B4AA70	0	15	5	0	0	9	0	1	2
558038A6-9425-4EAE-A647-066D3B14A50E	3924	Javelin::QueryManagerActorDebugListener	0x143B764D0	1	7	1	0	0	0	0	1	0
709FFBCD-973F-48DF-890D-0F272CC695B4	3522	Javelin::TileManagerActorDebugListener	0x143B76760	1	7	1	0	0	0	0	1	0
63AD3B5A-3E2E-4923-ACCD-1DA221431EE0	6951	Javelin::PointsAccumulatorComponentReplicatedState	0x143BAB8B0		18	0	0	0	0	0	0	0
965812BF-3CB3-4A8D-B94B-9273C24F1971	3984	Javelin::Spawner::BuffBucketsParameter	0x143BC3660	0	1	1	0	0	0	0	0	1
9132AF2C-C093-4ABA-8CD9-CC7A58487A3D	2827	Javelin::RandomSeedInfo	0x1426F7330		5	0	0	0	0	0	0	0
A6E7F2A8-6E87-42E1-9C5F-FCE8E9F2F5AB	3744	Javelin::SpawnBoostingParameter	0x143BFA470		1	0	0	0	0	0	0	0
BE3332FA-B4D9-4832-BCCA-A75DC4F889D2	4005	MB::SpawnerComponentReplicatedState	0x143BF9DD0		13	0	0	0	0	0	0	0
C4A4174B-F1A9-4DCB-B806-9DF938A12298	3554	Javelin::Spawner::SpawnerTagParameter	0x142720880	1	2	1	0	1	0	0	0	0
8F19539D-EFDF-4447-A30A-7F402076D396	4008	Javelin::SpawnPriorityParameter	0x143C19150		1	0	0	0	0	0	0	0
2744314D-4065-4E69-A6E2-3C46FDBCBDE6	4009	Javelin::TargetAgentParameter	0x142720900		1	0	0	0	0	0	0	0
85BE7584-52F6-475D-A8D7-2B60CCBC57A0	4023	Javelin::ISpawnCapListener	0x1407CA990		0	0						
EBEA7F24-AD7D-4C0E-9DCB-D87153C06188	4026	Javelin::ISpawnCapManager	0x1407CA990		0	0						
F77FB8A0-4215-4696-8C2A-9DBBB7F463DC	4027	Javelin::ISpawnCountListener	0x1407CA990		0	0						
74E80361-E25B-439A-90EE-18C8BE302A93	4030	Javelin::Spawner::NavReceiverPathingComponentDelegate	0x143C53BD0	1	7	1	0	0	0	0	1	0
82D603B0-1745-4920-88FB-B4FD2B9DCC1A	2959	Javelin::SpawnCapInstantiationParameter	0x143C70900	1	7	1	0	0	0	0	1	0
9D67767B-B089-4AF6-973E-931363F20A7A	2493	Javelin::Spawner::InvasionLaneParameter	0x14314CC70	1	2	1	0	1	0	0	0	0
08289416-4FBE-4A77-A3AF-D15E7DA22F21	4031	Javelin::Spawner::MinionVitalsParameter	0x1425E43C0	1	2	1	0	2	0	0	0	0
63CA7CBB-53AE-4FDE-A618-80C47137DFA9	7005	Javelin::GraphBasedSpawnerParam	0x143C90F30	0	6	1	0	1	0	0	1	0
CDE31239-F4DD-46EB-A7BF-3F4551227FF2	7011	Javelin::IGraphBaseSpawnerRemoteInterface	0x143C709A0		0	0						
96F65EE9-FDA7-4875-B038-9439EF56D15D	7009	Javelin::IGraphBaseSpawnNodeRemoteInterface	0x143C93720		0	0						
9D621862-D7F9-44B0-9A64-E3ED8A154AE1	911	MB::CategoricalProgressionReplicatedState	0x143C8F430		10	0	0	0	0	0	0	0
3529CE4B-E0EF-40C5-AF11-5165DA637303	899	MB::ProgressionComponentReplicatedState	0x143CCB9C0		10	0	0	0	0	0	0	0
F7B56641-F8C3-41A9-83B2-13AC4F9843F9	3681	MB::ProgressionPointReplicatedState	0x143CC7BA0		10	0	0	0	0	0	0	0
EF51125A-D6D1-47A3-9924-BD00460ED911	6044	MB::PlayerQuickCourseComponentReplicatedState	0x143CCDC90		16	0	0	0	0	0	0	0
A18C7B82-DE1E-4BCA-9852-A6F1372FBFF7	5485	Javelin::SeasonsRewardsReplicatedState	0x143D91390		11	0	0	0	0	0	0	0
6F5CFE10-D60C-43C7-9C7A-2050B66DFABE	5606	Javelin::SeasonsRewardsTrackedStatReplicatedState	0x143DC74F0		10	0	0	0	0	0	0	0
155430BC-5F82-4743-9B3F-880D50EC3CE8	6082	Javelin::TaskSeasonsObjectiveTask	0x143DE1B70	1	22	6	0	6	0	0	11	2
1C9F052F-B0DB-4466-9ED1-681D34DA4452	333	Javelin::CapturePointReplicatedState	0x143E06600		10	0	0	0	0	0	0	0
7B883BA2-DFE0-4678-B5FB-C732FD10B7D7	4066	Javelin::CapturePointReplicatedState_ColdData	0x143E06330	1	6	2	0	1	3	0	1	0
F41F38CD-C181-48CB-A59D-C722C835555C	4068	Javelin::CapturePointReplicatedState_HotData	0x143E06520		1	0	0	0	0	0	0	0
D08BCA20-206E-4979-9061-7616AF8F55D9	4071	Javelin::FortRefMessageHandler	0x143E06BA0		0	0						
0229CC25-90EB-436C-8148-8219DB97EF92	4072	Javelin::InitialCapturePointData	0x143E1D6A0		1	0	0	0	0	0	0	0
6ECEC0DE-175D-4533-AE7A-A4E9A0A38058	3677	Javelin::InitialFortSpawnData	0x1434FCD20	1	9	2	0	1	0	0	1	0
47C4EF93-F367-41F9-9E20-9E058B6D0B87	4073	Javelin::InitialSiegeData	0x143E1D820	1	8	1	0	0	0	0	1	0
D33E3BDA-62AF-43AD-9ABD-F607B193B6AE	615	Javelin::ISiegeWarfareDataMessageHandler	0x14280DE20		0	0						
DEA2EBF2-D318-4DCC-8C29-5B244D785507	2061	Javelin::ISiegeWarfareMessageHandler	0x1407CA990		0	0						
F8550C88-DA0A-4D68-B02B-03DFC7EF4C3C	3872	Javelin::SiegeWarfareRemoteListener	0x143E1DC00		0	0						
7F64D124-1353-4088-ADE2-10C5690C26F8	1693	Javelin::SiegeWarfareDataComponentServerMessages	0x1407CA990		0	0						
F421ABB9-B5B6-470A-9F66-6B1D725CF6E8	4103	MB::SiegeWarfareDataReplicatedState	0x143E34A50		19	0	0	0	0	0	0	0
D9975240-57DC-48FC-A8D4-4852C4144E4E	4111	Javelin::WarMessageHandler	0x1426D10E0		0	0						
39AEFDF8-AD6D-4580-A5EB-11612DF384EF	4724	Javelin::SlayerSpawnableInstantiationParams	0x1426F73A0	1	7	1	0	2	0	0	2	0
5237A7D4-C8B4-4ECC-BCF3-0F8C3570C472	4117	Javelin::IChatComponentListener	0x1407CA990		0	0						
01CEFF40-344D-4B55-9879-BA0D55C50312	1566	MB::ChatReplicatedState	0x143E5DBD0		10	0	0	0	0	0	0	0
1774C5D5-C7E0-4E52-A9A1-3816DF9E25DA	100	MB::PlayerNameTagComponentReplicatedState	0x143EB65D0		10	0	0	0	0	0	0	0
77FF4CC1-DEBD-40C6-ADDF-86B9DEFC055A	2191	Javelin::SocialComponentResponses::OnNamePrefixSearchResponse	0x143EB3940	0	13	3	0	0	0	0	2	1
63DB4592-3F7E-42D4-A561-67F5A99F680E	4131	Javelin::SocialComponentResponses::OnBlockedCharacterResponse	0x143EB3E40	1	8	2	0	0	0	0	2	0
007F3915-FA68-42F9-B737-14C2716F502C	5793	Javelin::SocialComponentResponses::OnPVPActiveCharacterStillActive	0x143EB41C0	1	8	2	0	0	0	0	2	0
92FE39A5-1948-4EE4-A49F-B02EA344DC57	4176	MB::SocialReplicatedState	0x143EB84A0		15	0	0	0	0	0	0	0
2BAF006C-DBE5-48ED-9CDF-9DAAA2726334	2004	MB::SocialReplicatedState::ChattingStateMessageType	0x143EB8900	0	1	1	0	1	0	0	0	0
31285B41-7EF4-4A78-984E-8131C601276B	4198	Javelin::UIGameChatMessage	0x143E85DA0	1	12	3	1	1	0	0	2	2
87072E57-BD7A-43DE-B221-382343AC0B43	1739	MB::WarDataComponentReplicatedState	0x143F24EE0		16	0	0	0	0	0	0	0
E24E0E75-02AB-4973-8F20-74DFB0436444	610	MB::TwitchStreamReplicatedState	0x143F7B580		10	0	0	0	0	0	0	0
AE73CFE8-F278-444F-B21C-A05F9E07CA5B	890	InitialSpectatorCameraSettings	0x143F96710	0	14	3	0	1	0	0	3	1
443F1A30-BF7B-4175-AC13-024B982FD87B	3643	Javelin::ISpectatedVitalsListener	0x1407CA990		0	0						
A9EFAEB4-B046-4139-88EF-8D6C26E7F436	4214	Javelin::ISpectabilityListener	0x1407CA990		0	0						
17C00FC6-074F-47EB-9640-9743D890ED6F	2334	Javelin::IPositionReceiver	0x143F983D0		0	0						
DDD46896-8DAD-4EE5-836E-341A72D44403	1525	MB::StatMultiplierTableComponentReplicatedState	0x143FF48A0		16	0	0	0	0	0	0	0
595B520B-02AD-4CAC-9FAA-097E2A38AF2B	2700	Javelin::IStatusEffectsRemoteListener	0x1432054B0		0	0						
9AFC7D88-1B27-4B1E-8CE7-D23B5BCD2676	4230	Javelin::StatusEffectDetails	0x143FFA720	1	2	1	0	0	0	0	0	1
E36B9CC4-082E-40F0-BA4F-5C5BE9CD3C16	4236	MB::StatusEffectsComponentReplicatedState	0x143FFBF90		18	0	0	0	0	0	0	0
109BA646-790B-40DC-8391-8A4DD640FFA8	6883	MB::StealthInvisibilityComponentReplicatedState	0x14404E3B0		10	0	0	0	0	0	0	0
2F62B5F8-2BD4-4C7B-BD77-54A666BDAE0D	1707	Javelin::ITemporaryAffiliationRemoteListener	0x143078F10		0	0						
E45CAB41-47AC-4AC0-8CCF-276816ACAB0A	3563	MB::TemporaryAffiliationReplicatedState	0x14404CDC0		10	0	0	0	0	0	0	0
737D86A4-B063-49C1-AE69-E9EFA8ED11EC	3290	MB::PlayerTimeComponentReplicatedState	0x14406F410		10	0	0	0	0	0	0	0
37C7FB29-4AB6-4AF8-8A5C-DE867E2336F5	4245	Javelin::TimeUpdateListenerComponentDelegate	0x14406FC80	1	7	1	0	0	0	0	1	0
B8554918-A523-43C7-8A4B-A492BF9A5EAC	2885	Javelin::ITimeListener	0x143268FB0		0	0						
83DA3AAA-76CA-45B2-A393-3DA5516DF8AA	5027	MB::TippingPoolComponentReplicatedState	0x1440900D0		10	0	0	0	0	0	0	0
A7B26751-0140-48BD-9A8F-34F59EE80D80	1292	MB::CampingComponentReplicatedState	0x1440A7600		13	0	0	0	0	0	0	0
4EB10812-50BB-410F-8782-1FC556BF5F22	4251	Javelin::P2PTradeReplicatedState	0x1440A8580		10	0	0	0	0	0	0	0
3C37A072-2659-448B-B17A-F2A57393F948	4263	MB::TestTransactorComponentReplicatedState	0x1440F3350		10	0	0	0	0	0	0	0
B566929B-4CB5-43E5-98B2-7F061ADCE785	1698	Javelin::ITransactionListener	0x1407CA990		0	0						
DEE6E179-3D80-4160-9BAD-CC5DA6B60C46	5691	MB::TransmogComponentReplicatedState	0x1440F2CE0		10	0	0	0	0	0	0	0
DEDE8147-D79D-44AA-AF9C-634C2089778A	55	Javelin::TurretMessageHandler	0x1407CA990		0	0						
A9F8D205-2922-41E1-B8C2-0DFAF1CC8475	4276	MB::TurretReplicatedState	0x144173800		13	0	0	0	0	0	0	0
1D7FAC20-19D1-419A-95EB-91253113BC8B	14	MB::VariationComponentReplicatedState	0x1442B9000		10	0	0	0	0	0	0	0
A69AEE31-528C-47FD-8758-6FFB801BF4E3	4320	MB::WaterLevelComponentReplicatedState	0x1442E02E0		10	0	0	0	0	0	0	0
B84EBDAF-8450-4C65-B345-3B02B892F05C	4321	MB::WaypointsComponentReplicatedState	0x144306930		10	0	0	0	0	0	0	0
CF592E34-052A-4E9C-BFBA-AFD6AC34405F	5073	Javelin::WhisperMessages	0x144306270		0	0						
4EE09DDA-5061-4AEF-8569-DD3BBFE9C492	1317	AsyncHttp::IAsyncHttpRequester	0x1407CA990		0	0						
4D19A340-2F10-4E5F-8E97-7C6F331EF523	1820	BotBrokerTrait	0x1407CA990		0	0						
A8F67E63-8247-4391-BE21-BEE5FE3B5D6E	3593	BotBrokerTrait::State	0x144332EE0		6	0	0	0	0	0	0	0
D796C0A0-4C33-4F54-8DC4-4F3E18063957	4326	OrchestrationTrait	0x144333040		17	0	0	0	0	0	0	0
42AC5B03-E260-496B-852F-F881071FF8CA	3880	OrchestrationTrait::State	0x144335690		6	0	0	0	0	0	0	0
3EB3A17E-BF9B-4AC5-A2F1-0A2AA1EB933B	4327	BotBrokerTrait::RegisterBotMsg	0x144331F90	0	14	3	0	1	0	0	1	1
9C809A01-E8D1-4CF9-BAB6-C0CE3E5CD556	3115	BotBrokerTrait::ReceiveHeartbeatResponseMsg	0x144332670	0	14	3	0	0	3	0	1	1
938691A0-A284-4127-B168-3FC03126CDE3	1421	BotBrokerTrait::RequestRegisteredBotsMsg	0x1443328E0	0	8	2	0	1	0	0	1	0
1C5EB38D-2F7D-4344-932C-B68532A6887F	2847	BotBrokerTrait::RequestBotLocationMsg	0x144332A60	1	8	2	0	0	0	0	2	0
3C7948CD-2505-490A-97AE-890C9E29136F	4328	BotBrokerTrait::RequestMessageHistoryMsg	0x144332C80	1	8	2	0	0	0	0	2	0
5F817EAD-24DA-498B-B661-66E1121B5B02	4329	BotBrokerTrait::RequestMessageCountsMsg	0x144332DB0	1	8	2	0	0	0	0	2	0
3661B039-16AE-42C7-B204-7E39CC411204	4330	OrchestrationTrait::RegisterToGroupMsg	0x144333280	1	11	3	0	1	0	0	1	1
0656226A-DEEC-4189-9C7F-D30B17973E6E	4331	OrchestrationTrait::UnregisterFromGroupMsg	0x144333420	1	14	2	0	0	0	0	1	1
6953D719-52AE-4569-807D-34BB9B41DBC5	5245	OrchestrationTrait::ClearAllBotGroupsMsg	0x144333570		1	0	0	0	0	0	0	0
31918811-0CC5-454F-AEC5-FB4679CE30CA	4333	OrchestrationTrait::AutoGroupMsg	0x1443335F0	1	11	3	0	1	0	0	1	1
42517D4F-6D42-4EDF-9A6A-BD1608A79C25	4334	OrchestrationTrait::GetTargetInGroupMsg	0x1443337B0	1	14	2	0	0	0	0	1	1
09075937-D098-4F36-A3F7-A25BDEE7E527	4335	OrchestrationTrait::RegistrationLoopMsg	0x144333940	1	5	2	0	1	0	0	0	1
EB4608D3-7467-4A16-B3B2-DA241B078895	2596	OrchestrationTrait::TaskTimeoutLoopMsg	0x144333A90	1	5	2	0	1	0	0	0	1
48757224-1DA7-40D8-8F98-0F0D8A4EFF44	4336	OrchestrationTrait::NotifyAllTaskCompletionMsg	0x144333FC0	1	7	1	0	0	0	0	0	1
BB74856C-48CC-40EA-BE54-EAE91D35CA19	4337	OrchestrationTrait::OnBotTaskCompletionMsg	0x1443345F0	0	14	3	0	2	0	0	1	1
FF74C9DC-3DA8-4B67-B18C-63AAF9172045	4338	OrchestrationTrait::CheckForGroupTaskCompletionMsg	0x144334A80	1	7	1	0	0	0	0	0	1
F880DB3D-6DAF-4133-9523-117E8151A9FF	657	OrchestrationTrait::SetGroupRegistryValueMsg	0x144335050	1	7	1	0	0	0	0	0	1
193A4F0F-2637-4C24-AD23-9A3451C7C0C8	4340	BotBrokerActor	0x144335B30		49	0	0	0	0	0	0	0
4A9EE900-ACA2-4C59-A749-AEC256D2AD19	3180	BotBrokerActor::InitMsg	0x144335D10		1	0	0	0	0	0	0	0
7A842B3C-A6A8-4F96-A96B-34F7FAED00E5	5989	ChatBrokerResponses::OnNamePrefixSearchResponseChat	0x1443767D0	1	19	4	0	1	3	0	1	2
EFE6E95C-F949-4C2A-BEE9-073C5B162E05	4341	ChatBroker	0x14437D3C0		17	0	0	0	0	0	0	0
B8C78C22-50FA-495D-AB63-041F852BA823	4342	ChatBroker::State	0x14437F6F0		14	0	0	0	0	0	0	0
89EC6B45-4AAC-46BB-B777-27EF86CA295A	4343	ChatBroker::OnPlayerConnectMsg	0x14437D8D0	0	19	4	0	0	0	0	2	2
7F419B7F-FE92-49E8-BB52-535DE7900AD9	4344	ChatBroker::OnPlayerDisconnectMsg	0x14437DC80	1	13	2	0	0	0	0	0	2
F71ED577-F88E-41D9-97F1-A29A39779489	5848	ChatBroker::RequestCrossWorldChatSubscriptionsMsg	0x14437DB10	1	7	1	0	0	0	0	1	0
81A4E37B-C65F-4322-B19A-CE3B502CBBD3	4345	ChatBroker::SetProfanityFilterEnabledMsg	0x14437DE00	1	8	2	0	0	0	0	1	1
81815BE7-480B-4D33-AEB6-C5DEEB8B3426	4347	ChatBroker::AddSubscriptionMsg	0x14437DF30	1	8	2	0	1	0	0	0	1
6F6C91C1-6AF0-4D15-8D3D-B77686FA2493	1808	ChatBroker::AddSubscriptionsMsg	0x14437E050	1	14	2	0	1	0	0	0	2
ED20D7ED-BD8E-497C-908F-65ED7B6414F3	4348	ChatBroker::RemoveSubscriptionMsg	0x14437E130	1	8	2	0	1	0	0	0	1
846FFAA1-7374-488B-8A5D-60B9AC3DC985	4349	ChatBroker::RemoveSubscriptionsMsg	0x14437E200	1	14	2	0	1	0	0	0	2
BAC883D3-E356-4AB4-9E1C-740C94CBB316	4350	ChatBroker::OnSendChatMessageMsg	0x14437E360	0	25	6	0	3	3	0	1	3
EE76E441-4C9F-4FB7-A246-B04BD85EA161	4351	ChatBroker::OnPublishChatMessageMsg	0x14437E7F0	0	14	5	0	4	3	0	1	2
73CAA6EB-9CC0-4223-9ED5-2D68B191DFDE	4353	ChatBroker::OnSendLocalizedSystemChatMessageMsg	0x14437EAB0	0	28	5	0	2	0	0	0	4
D8619D55-EC9E-4FD1-9145-005FE8BD0A74	3760	ChatBroker::OnLogChatMessageMsg	0x14437EDB0	0	7	3	0	2	3	0	0	1
2381E716-E9D5-43A1-9101-D8E5715EBA6C	4241	ChatBroker::OnLogStringMsg	0x14437EEC0	1	7	1	0	0	0	0	0	1
24A451D1-5A5F-42A9-AB12-42B2A0D8CFB9	5798	ChatBroker::AddGlobalChatSubscriptionMsg	0x14437F0A0	4	8	1	0	0	0	0	0	1
63AC61AD-8E59-4231-88FC-C490F9FA299F	5796	ChatBroker::RemoveGlobalChatSubscriptionMsg	0x14437EFB0	4	8	1	0	0	0	0	0	1
D734352F-81F3-474C-92E1-018E555D5535	5800	ChatBroker::HandleCrossWorldChatMessageMsg	0x14437F240	0	13	4	0	4	3	0	0	2
D70C22DA-E13B-4197-A17F-92E0A8DC2BF4	5807	ChatBroker::PublishGlobalChatMessageMsg	0x14437F4D0	0	13	4	0	4	3	0	1	2
79A3976B-299B-401E-B8F7-DA8D6C5E8462	4354	ChatBrokerActor	0x14437F9C0		49	0	0	0	0	0	0	0
806FF45B-E4B2-448E-AE48-0885215DB09F	4355	ChatBrokerActor::InitMsg	0x14437FD60		1	0	0	0	0	0	0	0
0FED0D64-FFCA-4E75-95F7-E0EF8019B571	6767	ChatBrokerActor::SetDisabledCWChannelsMsg	0x144374B50	0	10	1	0	1	0	0	0	1
DDDABA15-BBE3-46C4-B130-E24AE7D69223	2571	DarknessBrokerTrait	0x1443796B0		16	0	0	0	0	0	0	0
CC77D2BB-06D5-4F69-A7B1-4D46F086FDBB	2137	DarknessBrokerTrait::State	0x14437CF80		6	0	0	0	0	0	0	0
6BFFE5D5-980B-40C4-86A0-BB26F29B8BD7	722	DarknessBrokerTrait::RegisterDarknessControllerMsg	0x14437CD00	1	7	1	0	0	0	0	1	0
A4E19F16-1F7C-424B-8419-515BEDD7D084	1714	DarknessBrokerTrait::UnRegisterDarknessControllerMsg	0x14437CE00	1	7	1	0	0	0	0	1	0
B0D1A975-9708-43A8-A9C4-750197EDEEC0	3489	DarknessBrokerTrait::HardResetAllMsg	0x14437CF00		1	0	0	0	0	0	0	0
6D4657BD-56B0-4AFA-A8CA-762F5917C6E1	4356	DarknessBrokerActor	0x14437D0E0		22	0	0	0	0	0	0	0
0DEAB813-0F88-433C-BDD0-47EE9AD15018	4357	DarknessBrokerActor::InitMsg	0x14437D290		1	0	0	0	0	0	0	0
77AB3BF8-3945-420B-8159-3D6C341EF4B6	4402	Javelin::IGroupsBrokerResponseHandler	0x1432D6F80		0	0						
FA924C1A-0553-4380-B23F-E453261B0220	6912	Javelin::GDEDataRegistry	0x14337E480		17	0	0	0	0	0	0	0
E0F366F4-39F0-4A4A-AF70-15DE4E53894A	6915	Javelin::GDEDataRegistry::State	0x14337E660		6	0	0	0	0	0	0	0
3C1A1206-9139-456C-8DBB-D7999A6E3E6E	6914	Javelin::GDEDataRegistry::SetGDEDataMsg	0x14337E580	3	9	1	0	0	0	0	1	0
B32CCD42-4FD7-4AB3-8AFB-875110A7123E	6916	Javelin::GDEDataRegistry::GetGDEDataMsg	0x14438A7B0	0	8	2	0	0	0	0	2	0
4E73D147-2AFA-4E90-9C91-95B7A7268F0B	6917	Javelin::GDEDataRegistryActor	0x14337E500		26	0	0	0	0	0	0	0
57AB1303-E5C5-4E2F-B5FC-7C610E78A7E6	6913	Javelin::GDEDataRegistryActor::InitMsg	0x14438A9E0		1	0	0	0	0	0	0	0
78371A3B-C2CD-4440-AF46-A4A583CD4FFD	6918	Javelin::IGDEDataRegistrySubscriber	0x1407CA990		0	0						
98EC6B6C-E1F5-4C6C-A6FB-E51CD0645068	5331	Javelin::GovernanceBroker	0x14438A930		17	0	0	0	0	0	0	0
E2E0A984-1B49-48EB-B29E-00A64FF23955	5332	Javelin::GovernanceBroker::State	0x14438AC50		12	0	0	0	0	0	0	0
5FB4465B-1459-418C-8441-3FA1A39A1F68	5333	Javelin::GovernanceBroker::AddEarningsToPoolMsg	0x14438AE60	0	5	2	1	0	0	0	0	1
8C1113DD-2B99-4D15-9D30-21D18678D74C	5327	Javelin::GovernanceBroker::DistributeEarningsMsg	0x14438AFA0		1	0	0	0	0	0	0	0
5F3B5A69-0DE5-4E22-936A-59BB10AEF0DA	5334	Javelin::GovernanceBroker::OnTerritoryReceivedEarningsMsg	0x14438B0A0	0	1	1	1	0	0	0	0	0
0163207F-7763-4A23-9B0A-09A9A8AA6763	5349	Javelin::GovernanceBroker::EmitUndeliveredEarningsMsg	0x14438B180		1	0	0	0	0	0	0	0
EA4FE766-A0D3-4E2F-A871-E931D3397FEC	5335	Javelin::GovernanceBroker::Debug_RequestGovernanceBrokerDataMsg	0x14438B280	2	8	1	0	0	0	0	1	0
BB46AD9D-2A6A-4D34-AB64-DA3A201B6C98	5336	Javelin::GovernanceBrokerActor	0x14438B380		24	0	0	0	0	0	0	0
26D253B9-A289-4AC8-BF33-3866EBECF3B1	5337	Javelin::GovernanceBrokerActor::InitMsg	0x14438B530		1	0	0	0	0	0	0	0
154273AD-9F2B-4BCF-9A2A-BC46326FFAE0	4457	PlayerTeleportBroker	0x144397E50		16	0	0	0	0	0	0	0
D1DD10BE-544E-4F8A-A289-6DF5F9F8F3B7	4458	PlayerTeleportBroker::State	0x144398710		6	0	0	0	0	0	0	0
03CC933B-763B-4BD8-83FD-DE9EC4471350	4459	PlayerTeleportBroker::QueueTeleportRequestMsg	0x144398270	0	7	2	0	3	0	0	2	0
9CFC9F0E-BFC5-4AD4-8297-C171C636DF68	4051	PlayerTeleportBroker::CancelTeleportRequestMsg	0x144398500	0	7	2	0	2	0	0	2	0
BE59CC12-9EB9-4E25-85AB-D049AECB38EC	3581	PlayerTeleportBroker::ProcessTeleportQueueMsg	0x144398850		1	0	0	0	0	0	0	0
7DA56E1A-4649-4332-81D6-626A0CAB8C57	4460	PlayerTeleportBrokerActor	0x1443988F0		35	0	0	0	0	0	0	0
5822BD6B-F5F4-4F48-A2CD-0447580BE5A9	4461	PlayerTeleportBrokerActor::InitMsg	0x144398A70		1	0	0	0	0	0	0	0
83A260B0-72B7-4FE8-9386-F14D9138AC50	2317	Javelin::IPlayerTeleportBrokerHandler	0x1407CA990		0	0						
7DF1C7F3-FFF8-4F3F-A3B1-2737723CA37D	4464	Javelin::IFriendsDataManagerNotifications	0x1443FDEF0		0	0						
E696D5EC-513F-4895-ABAA-1C20C41727D6	2931	Javelin::IGameModeDungeonMasterSpawnResponseHandler	0x1430082C0		0	0						
3087EFBD-028F-44BA-A6C4-3232CE1A831E	5133	Javelin::InitialWarDungeonData	0x1444EED30	1	13	4	2	0	4	0	2	1
C8ED552C-54BB-436F-859B-BDF47EA6CB75	5154	Javelin::WarDungeonMasterSpawnResponseHandler	0x1444EF470		12	0	0	0	0	0	0	0
8482DF33-21AD-4CB6-9956-16A1308DEDED	5157	Javelin::WarDungeonMasterSpawnResponseHandler::State	0x1444EF710		6	0	0	0	0	0	0	0
64B1419D-88E6-405F-9773-A20FC2ED2751	5158	Javelin::WarDungeonMasterSpawnResponseHandler::OnWarDungeonReadyMsg	0x1444EF1A0	2	11	2	0	0	0	0	3	1
33A6248A-E371-4A45-B06D-913042B8C2A1	5127	Javelin::WarDungeonMasterSpawnResponseHandler::OnWarDungeonFailedMsg	0x1444EF290	2	11	2	0	0	0	0	3	1
A38D4AEC-2C64-42AE-9B4F-AD4B2001168F	5159	Javelin::WarDungeonMasterSpawnResponseHandler::OnWarDungeonShuttingDownMsg	0x1444EF380	2	11	2	0	0	0	0	3	1
E524DC7D-3E3E-4580-9171-42BFEEB785FA	942	Javelin::IGroupFinderNotificationHandler	0x1433F4D40		0	0						
A2BF0937-9DE8-49B9-8598-B4464D9A4BD8	4514	Javelin::IGroupFinderResponseHandler	0x1407CA990		0	0						
8F3AA99F-38C0-46A0-940A-439D62F38333	4163	Javelin::IGuildAsyncHandler	0x1434C9760		0	0						
393B7D2B-4757-483D-9083-4FDE5239C646	4584	Javelin::IGuildDataResponseHandler	0x1434C9780		0	0						
D7B319B7-4CE4-49F3-A608-DA3B6A821590	3890	Javelin::IGuildListener	0x1434C97A0		0	0						
D8EDC3AC-6C6C-4511-A34A-1818D2064BFB	4601	Javelin::IGuildLogicResponseHandler	0x142A0BAE0		0	0						
B196AABC-6E00-4A2A-B298-ACFDFB188C7A	196	Javelin::IGuildWarDataHandler	0x143F71790		0	0						
5E2EC5C3-7CBE-478C-B689-849BF68A1D49	2583	Javelin::IGuildWarResponseHandler	0x143F18850		0	0						
8EF86BB2-40CC-474D-B20A-D482DAF4B327	5756	Javelin::InventoryServiceHandler	0x1436259A0		0	0						
DAE81869-9E70-46A5-8E78-FAD1A5102740	1795	Javelin::IGameModeMatchmakingResponseHandler	0x1432D6F60		0	0						
9F91538E-5040-40E9-82E3-51EA085B158E	6256	Javelin::PlayerPhasingSocialData	0x14453DCB0	0	21	6	0	0	0	0	6	3
19929A05-406C-4482-AF92-2240F41A9CB6	4656	Soda::SodaServiceBase	0x1407CA990		0	0						
4FC19B67-5B01-47F4-8E06-7E8050CC9543	4657	Soda::SodaServiceBase::State	0x1445EA5E0		6	0	0	0	0	0	0	0
2CE8FCDF-F1BF-4FF7-AA2C-A0E0F751D500	4658	Soda::SodaServiceBase::HandleRequestResultMsg	0x1445EA080	0	21	3	0	1	0	1	2	3
CF468372-CB9B-4850-A31A-80960EDCD8C2	402	Soda::SodaServiceBase::HandleRequestErrorMsg	0x1445EA370	0	7	2	0	1	0	0	1	1
3B0CFBCD-841F-41E3-BB6D-394D4ACAC877	4352	Soda::SodaServiceBase::FlushShortTermRetriesMsg	0x1445EA4E0		1	0	0	0	0	0	0	0
53F8A149-84C9-4AD6-AFF3-E8EDA81EBD21	2253	Soda::SodaServiceBase::FlushLongTermRetriesMsg	0x1445EA560		1	0	0	0	0	0	0	0
29EB2FC0-335F-4469-AF82-43900F4AC2E0	4671	Javelin::IContractsServiceHandler	0x142D97D60		0	0						
F7E25EB7-071D-4674-8DE2-E5851639CA9F	5223	Javelin::ContractTopHitIdentifier	0x142DE8EA0	1	2	1	0	1	0	0	0	0
DE715BEB-3689-474C-9A56-8DBF04759CE4	4679	Javelin::ISodaTestServiceHandler	0x143F18870		0	0						
83B76082-8843-4EEC-9BE5-4EA55A90BE6E	5372	Javelin::ActorStatusSafeExecutionTrait	0x144623E30		16	0	0	0	0	0	0	0
172DE0A3-F08E-4087-92A5-7070892F4CE5	5375	Javelin::ActorStatusSafeExecutionTrait::State	0x144624020		6	0	0	0	0	0	0	0
09A64776-D44C-4D8F-B4CA-6D575CF714AF	5371	Javelin::ActorStatusSafeExecutionTrait::OnRemoteActorStatusChangedMsg	0x1446241E0	0	4	1	0	1	0	0	2	0
939E0867-358E-4B50-A124-F8045FFFEA70	6194	Javelin::WorldEventCoordinatorTrait	0x1407CA990		0	0						
AF5CF1F8-820D-4CDF-8843-828602E75174	6200	Javelin::WorldEventCoordinatorTrait::State	0x144631760		6	0	0	0	0	0	0	0
F6BA5F02-C74C-4B7A-8C9A-D275B0CD8C3F	6198	Javelin::WorldEventCoordinatorDebugTrait	0x1407CA990		0	0						
C8D1984A-26DE-416E-8D0D-97A18FAFDA46	6199	Javelin::WorldEventCoordinatorDebugTrait::State	0x144633460		6	0	0	0	0	0	0	0
76859470-84EF-473C-9331-A533176A5BF8	6201	Javelin::WorldEventCoordinator	0x1446337F0		56	0	0	0	0	0	0	0
CF50B590-847B-473B-B2DB-D176B5FA2961	6202	Javelin::WorldEventCoordinator::InitMsg	0x14462B430		1	0	0	0	0	0	0	0
56305D93-F63E-4ECD-AA81-AB8554644FAF	6203	Javelin::WorldEventCoordinatorTrait::OnSpawnRequestedMsg	0x144631950	1	11	4	1	2	3	0	2	1
D9797696-84C6-4C88-BEFF-4811ED763ABE	6197	Javelin::WorldEventCoordinatorTrait::OnPassTokenMsg	0x144631B40	0	1	1	0	1	0	0	0	0
6B23C810-B6B1-4D3D-97C9-2A561B7D258B	6196	Javelin::WorldEventCoordinatorTrait::OnSyncBlockerMsg	0x144631C40	1	5	2	1	2	4	0	1	0
3260E89C-1E61-4D1E-9DA4-F895BBB4D54D	6204	Javelin::WorldEventCoordinatorTrait::SyncEventDataMsg	0x144631D80	0	15	4	0	1	3	0	1	3
25ADDA69-A89D-4B3A-82B5-329D07ACA24A	6205	Javelin::WorldEventCoordinatorTrait::RegisterSpawnerMsg	0x144631F50	1	10	4	0	1	3	0	1	1
6F539D8E-6A33-46FA-B645-2EB966D213AA	6206	Javelin::WorldEventCoordinatorTrait::RequestSpawnMsg	0x144632130	1	9	3	0	0	3	0	2	0
46F1374F-D90E-4DB4-AB3D-97A494CD81AC	6193	Javelin::WorldEventCoordinatorTrait::OnSpawnDestroyedMsg	0x144632300		4	0	0	0	0	0	0	0
AF0ABEA9-3305-4341-A6A1-35C564EAE44C	6207	Javelin::WorldEventCoordinatorTrait::OnConstraintValidationResultMsg	0x1446323C0	1	4	1	0	0	0	0	1	0
CB625CD0-ADCB-411E-BF1E-C78317066502	6208	Javelin::WorldEventCoordinatorTrait::OnConfigChangedMsg	0x1446329E0	0	2	2	0	1	0	0	0	1
38F4079A-F764-43F6-A82D-5A00E84EA24C	6258	Javelin::WorldEventCoordinatorTrait::AddBlockerMsg	0x144632560	1	5	2	1	2	4	0	1	0
0633A95D-3D46-4B72-A927-148A66229770	6260	Javelin::WorldEventCoordinatorTrait::RemoveBlockerMsg	0x144632790	1	4	1	0	0	0	0	1	0
6247720C-5C70-4FC8-BA90-C45727863621	6275	Javelin::WorldEventCoordinatorDebugTrait::DebugPrintJsonMsg	0x1446335A0	1	5	1	0	1	0	0	2	0
12FBF1F2-3885-4784-A064-CD163D26B8A2	6276	Javelin::WorldEventCoordinatorDebugTrait::DebugRemovePendingRequestMsg	0x1446336A0		4	0	0	0	0	0	0	0
44A50561-7EBA-4DB7-9438-7A11CADC6180	6209	Javelin::IWorldEventCoordinatorEventListener	0x143C4FEB0		0	0						
489227F4-3D87-436C-BF2C-FEE6C37AEB8C	2610	Javelin::CampInstantiationParameters	0x1447932C0	0	1	1	1	0	1	0	2	0
D12C9F8F-0564-464E-A78D-A8D56C91714C	1594	MB::BuildableControllerReplicatedState	0x1447B7270		15	0	0	0	0	0	0	0
149758CA-AEA4-4E44-AF78-D9495915B8AF	2270	MB::BuilderComponentReplicatedState	0x1447D2DE0		10	0	0	0	0	0	0	0
6CA244DF-4B57-4FD8-8301-7D2900FC858E	173		0x1447D3870		0	0						
E6902DC4-E7AB-4FC0-8556-C8226F31CE4E	1880	MB::TerritoryInteractorReplicatedState	0x1447EC720		16	0	0	0	0	0	0	0
EF1A20F2-F6CF-439F-A1AC-63460F803134	1755	MB::ContainerComponentReplicatedState	0x1448EA7B0		15	0	0	0	0	0	0	0
0091234C-7DDA-45FC-99EE-D44859C02A7F	81	MB::GatheringComponentReplicatedState	0x144904970		10	0	0	0	0	0	0	0
6F49B860-36AA-4583-B426-94CC174B2B9D	3752	MB::InteractorComponentReplicatedState	0x144918F70		10	0	0	0	0	0	0	0
A0CA40E0-FAC9-4964-81AD-98E23E2F9CD7	5399	MB::MarkerComponentReplicatedState	0x144947090		10	0	0	0	0	0	0	0
3009A2F8-CEDE-46F2-92BD-686985F3EB5F	653	Javelin::IAIObjectiveManagerRemoteInterface	0x1407CA990		0	0						
8D311051-410C-45B8-838C-DB3239CD38BD	1535	Javelin::IAIObjectiveReceiverRemoteInterface	0x1407CA990		0	0						
C2550470-3E5D-498D-9733-B400B65132A0	2295	Javelin::IAIObjectiveRemoteInterface	0x1407CA990		0	0						
95BF0A8B-B069-4B2F-8945-78E1F3DABC3A	5477	Javelin::IHomingTargetValidationRequestListener	0x1407CA990		0	0						
91B3B0F7-1F96-4EDB-AF8D-6E3B81B8925F	5482	Javelin::IHomingTargetValidationResponseListener	0x1407CA990		0	0						
B5F6FE04-CDF4-4488-94AB-4572E97F616A	2898	Javelin::ProjectileFiringDetails	0x145AD4A50		1	0	0	0	0	0	0	0
66C1DB76-78E2-40F6-85D0-2F530BE304FD	3035	Javelin::SpawnedAttackSourceInfo	0x143B46800	2	13	2	1	2	0	0	0	1
1CA94E20-EF65-4A05-A2B6-1246D9DEEE04	3058	Javelin::DetectedTargetInfoRequestHandler	0x1407CA990		0	0						
8F1D663D-09C7-45EE-8E66-5E2C9E1DC543	6847	Javelin::DynamicScalingDetails	0x142F5BD40	1	7	1	0	0	0	0	1	0
D7B3214E-49D5-4BCA-BBFE-5B23E6F80738	3313	Javelin::GameModeInstantiationParams	0x1432D6DE0	1	8	1	0	2	0	0	1	0
4C8E0EF3-57B3-40B7-9DF5-867589691C3C	6471	Javelin::GameModeActorSpawnInstantiationParams	0x142616200	1	8	2	0	3	0	0	1	0
CF2B3E22-7FDB-4F06-BC1F-7A4B8912CA73	12	MB::GatherableControllerReplicatedState	0x145CE5F30		10	0	0	0	0	0	0	0
A6D31D73-B544-49C0-A35E-65AE1B984A50	5259	Javelin::ThrowableGatherableDetails	0x145AD7010		4	0	0	0	0	0	0	0
DB1DB0D3-431E-4E51-919A-FF21D3091D09	3579	Javelin::RaidGDEInstantiation	0x145ADED20	1	28	6	0	3	2	0	4	4
9AE2F8CC-0F3E-4AC9-84BC-389D1F9E025F	1189	Javelin::RaidCreationDetails	0x142836990	2	10	2	0	0	0	0	1	1
3FE8C914-83CF-4DDB-B616-45CCD5F3EDF9	3762	Javelin::Item	0x1436259C0	1	16	1	0	3	0	0	0	0
A8120FF2-9C04-465E-9DA9-4FE2C2AD8F87	3768	Javelin::InitialInstancedLootData	0x1436FFFC0	1	4	2	0	0	0	0	1	1
2B4106CA-ECA5-4E3F-936F-AEEE4098946E	1951	Javelin::InitialOwnershipDetails	0x142EC0B60	1	17	6	2	0	4	0	6	1
1E8768C6-1C17-481F-A729-E2DA37118145	4007	Javelin::SpawnForwardingInfo	0x143BF4A60	1	17	1	0	0	0	0	1	1
0575742A-1BBE-4258-B57A-C44D19C440A0	5673	Javelin::BeamEntryParameter	0x145AD8780	0	1	1	0	1	0	0	0	0
C3365F5A-5B0E-48FF-AE81-52E7F84124CD	6992	Javelin::RemoveStatusEffectsFlags	0x142660E60	1	3	2	0	1	0	0	3	0
4FA7DC8B-EC09-4ECC-AE88-CEE161E824A6	4229	Javelin::StatusEffectSource	0x142660EA0	2	15	1	0	1	3	0	0	0
38D4BCFA-510E-4FF6-A709-1F7AF9E84A19	339	Javelin::StatusEffectSourceInternal	0x144042870	2	25	4	0	1	8	0	2	1
97088352-B53F-4735-AC67-AC21DC937BB0	4277	Javelin::PingRequestData	0x1433F4B60	0	13	2	0	0	3	0	1	0
A578FF31-B135-4104-B798-ABEA15CBD627	4278	Javelin::ReplicatedPingData	0x1433F4CE0	1	12	2	0	0	3	0	1	0
A32E5905-E59C-408E-BF8D-C19C97309F3E	5743	Javelin::ReplicatedLeaderPingData	0x1433F4C70	2	7	2	0	0	3	0	1	0
F4090AFA-B84C-4067-BC5D-6AE2676915D1	5440		0x1407CA990		0	0						
8003DBEE-685B-4B76-981C-6B56FFD6FF07	5439	Javelin::Transactions::TransactionItemPaperdollMetadata	0x145AD96E0	0	3	3	0	1	0	0	2	1
F8472985-F729-4EE4-BE44-C20D818BB997	3143	Javelin::IEventNotifications	0x1426F7310		0	0						
79C28008-4FC5-4EFB-88A1-538F4FB7DDE1	13	MB::PositionInTheWorldReplicatedState	0x145CE5F90		13	0	0	0	0	0	0	0
B3706E03-AE7D-4A1F-ACEA-E3121D9BC318	1647	MB::TimelineComponentReplicatedState	0x145AD51C0		10	0	0	0	0	0	0	0
99C26D05-B3D4-5A76-A2BA-A5A3878E6AFC	2166	MB::ServerContext	0x145D27990		14	0	0	0	0	0	0	0
6C358865-27FE-474F-B927-2D3B762E21B1	1077	Javelin::TemporaryAffiliationInstantiationParams	0x14406BC70	2	5	2	0	2	0	0	0	1
2F46C242-2AA8-430D-937C-39E2CC1E9369	1100	Javelin::FTUE::FtueDungeonMasterTrait	0x1407CA990		0	0						
D4DE6E2A-AC6F-402E-84BF-22034D243F84	517	Javelin::FTUE::FtueDungeonMasterTrait::State	0x145D273A0		6	0	0	0	0	0	0	0
D78C37AA-2978-4542-A20E-F6C4CF8598C8	1103	Javelin::FTUE::FtueDungeonMasterTrait::ReceiveSpawnRequestMsg	0x145D270F0	1	19	3	0	1	0	0	3	1
59BA9DD3-69EC-4EBD-84F5-8BBA8812016A	1106	Javelin::FTUE::FtueDungeonMasterActor	0x145D27530		58	0	0	0	0	0	0	0
9D47982B-01B9-4AD9-9456-EF24E3B1075A	1120	Javelin::FTUE::FtueDungeonMasterActor::InitMsg	0x145D277B0	1	5	1	0	1	0	0	2	0
66FE75C6-8112-4BD8-A4EB-93E35F75163E	1122	Javelin::FtueDungeonBuilderTrait	0x1407CA990		0	0						
A224BEEF-1B81-4EDA-A2E4-E8136E4DB7BA	1124	Javelin::FtueDungeonBuilderTrait::State	0x145D28C70		6	0	0	0	0	0	0	0
01CEBE8B-78EC-4400-9FA2-786797B18AC3	1126	Javelin::FtueDungeonBuilderTrait::OnFtueDungeonReadyMsg	0x145D288B0	1	5	1	0	1	0	0	2	0
43A84490-68C0-4A31-BC16-20E5DDF9955C	815	Javelin::FtueDungeonBuilderTrait::OnFtueDungeonChangedMsg	0x145D289B0	1	5	1	0	1	0	0	2	0
ECB1059B-0166-456D-85F3-A3C6D9C1FA14	1131	Javelin::FtueDungeonBuilderTrait::DebugReserveFtuesMsg	0x145D28B90	0	1	1	0	1	0	0	0	0
CBC4EA60-924D-48F1-A898-968EF0B15AC1	1134	Javelin::FtueDungeonBuilderActor	0x145D28E70		22	0	0	0	0	0	0	0
401F0303-A956-4E26-90A7-DE2AB5702468	1137	Javelin::FtueDungeonBuilderActor::InitMsg	0x145D29010		1	0	0	0	0	0	0	0
CE485A57-1CE1-4914-A003-C6EA669692EC	5500	Javelin::Spawner::HubLocalCacheSpawnParameter	0x145D29280	0	23	6	0	5	5	0	3	2
2F2FC22C-5487-4215-A075-6DC0517102D6	4794	Javelin::IHLCComponentRemoteInterface	0x1407CA990		0	0						
0AD12DB5-0EE6-4CCE-B62C-9F4ADEC6F3BF	1021	Javelin::AI::Navigation::PathReceiver	0x1407CA990		0	0						
F421D134-12A5-4187-92A9-A2A6BAE9AECC	1260	Javelin::AI::Navigation::QueryManagerDebugListener	0x143B75240		0	0						
56508ACC-F5F8-4E42-A97E-7A8620FF2812	1312	Javelin::AI::Navigation::TileManagerDebugListener	0x143B75350		0	0						
9E23F9C4-4DD9-408F-B67A-9D7D2ACD6A06	5980	MB::TransformLinkComponentReplicatedState	0x145D43070		10	0	0	0	0	0	0	0
AD7727FB-1003-4C52-8DB2-EE3966ED4670	6041	Javelin::TransformLinkSpawnerInfo	0x145D3B4E0	1	7	1	0	0	0	0	1	0
766994EA-5C1D-47BF-856C-8216052F5957	743	Amazon::Hub::IFragment	0x1417ACAB0		6	0	0	0	0	0	0	0
7F4B41C6-06AE-47A1-A144-5F8BA048B0EF	360	Amazon::Hub::IMessage	0x1414D0CC0		1	0	0	0	0	0	0	0
1F2B971D-A158-4BDF-8A14-4F1B9FC018E7	1325	Amazon::Hub::IPolymorphic	0x1417ACB10		1	0	0	0	0	0	0	0
45A7F219-272A-4F33-803F-956A04E60424	989	TraitState	0x1407C5670		5	0	0	0	0	0	0	0
4641852C-9CE9-4FB6-AE2E-529758E74C58	2850	MB::AlignToTerrainComponentReplicatedState	0x146584620		10	0	0	0	0	0	0	0
EAE9BC99-4D02-4BA5-ACFA-85EB452119F2	2443	MB::LookTargetingComponentReplicatedState	0x146593140		10	0	0	0	0	0	0	0
4EE34C0E-D774-4EBB-9941-D9A9C1E5FE6A	2851	Javelin::PlayerAppearanceNotifications	0x1427C5690		0	0						
6C597946-2506-4385-8FB4-882FB6A98D5D	1195	MB::PlayerAppearanceComponentReplicatedState	0x1465A05A0		10	0	0	0	0	0	0	0
35877C3E-4EF8-43DD-ABE7-ABF35104F1B5	185	MB::AbilityComponentReplicatedState	0x1465958D0		15	0	0	0	0	0	0	0
E2D604A3-B8DD-4046-B8C9-BA88FCD79C3D	1561	Javelin::IMagicComponentRemoteListener	0x1407CA990		0	0						
490DB5F1-4E39-483A-9897-78FA312E45B5	670	MB::IncapacitatedReplicatedState	0x146592600		10	0	0	0	0	0	0	0
733DD7CC-D17E-41DD-B0EA-0FB6D8E0939F	2895	MB::MagicComponentReplicatedState	0x146569090		10	0	0	0	0	0	0	0
39B4C919-3A6D-46B5-92D0-3B4ACB284B1D	16	MB::ProjectileReplicatedState	0x1465A60B0		10	0	0	0	0	0	0	0
60D09696-C193-4F9D-8252-F1062BF21379	57	MB::ProjectileSpawnerReplicatedState	0x146573AC0		10	0	0	0	0	0	0	0
058AD715-52F1-4DEE-8E9E-059319B6EDD3	1927	MB::ReactionTrackingReplicatedState	0x14659CD10		10	0	0	0	0	0	0	0
C0CAF0C8-EA8D-4846-9AED-C7F1E6FB0BB3	2655	Javelin::SpellCastDetails	0x1465BC370	0	20	6	0	2	12	0	5	0
06C74F2B-22F3-4488-9009-F784B64D9F04	6853	Javelin::StuckToEntityInstantiatonParams	0x146561D70		3	0	0	0	0	0	0	0
699C4E94-606A-4422-B980-2ABA229C431A	2082	Javelin::ISpellsRemoteListener	0x146598E90		0	0						
601F05A6-4BAC-4300-B926-2840A5F2EF95	2912	MB::SpellComponentReplicatedState	0x146564560		13	0	0	0	0	0	0	0
150498EC-431A-4B9C-9895-E26B3D709F01	2913	MB::CombatStatusComponentReplicatedState	0x14659E370		10	0	0	0	0	0	0	0
CB9D9BE8-9C90-494C-9324-F17689B1B635	2947	MB::BeamAttackComponentReplicatedState	0x14656E890		13	0	0	0	0	0	0	0
F98E278D-6B34-4DEB-B0D7-3B6786988D65	1528	MB::DamageReceiverComponentReplicatedState	0x14659BBF0		10	0	0	0	0	0	0	0
93A9A50F-BA6C-4BD6-A6F9-AB680D10B5B7	3030	Javelin::IDamageReceiverRemoteListener	0x14658BCE0		0	0						
B258A60E-FC21-40CF-8B86-57B7F6083D32	3183	MB::PaperdollComponentReplicatedState	0x146596630		15	0	0	0	0	0	0	0
59B7DDAF-AAD3-4BBC-AED9-BB7F57DCE5D6	1943	Javelin::ITranslationNotifications	0x14658EA50		0	0						
6E7D37ED-F0A9-42F9-BAD9-DAE000EBD9DF	3932	Javelin::IPlayerListener	0x144301EE0		0	0						
F9312801-1F95-4C34-8585-9CE876064F7D	2458	Javelin::OnPlayerMetadataPublishedClosure	0x14659E0E0	1	7	1	0	0	0	0	1	0
BDDDA784-A6E7-416B-A041-449920D90FB6	3935	MB::PlayerComponentReplicatedState	0x146573D60		10	0	0	0	0	0	0	0
0EF6EEBD-CBBB-48EF-B88F-99BF2B0F8A1A	5257	MB::ChargeComponentReplicatedState	0x14659A570		10	0	0	0	0	0	0	0
6D45EB20-95FE-4420-96C5-3F9367A3FC5C	2932	MB::CooldownTimersComponentReplicatedState	0x14657D0B0		16	0	0	0	0	0	0	0
C17BC1B3-AB97-402D-98DF-86C2A260D09E	17	MB::GritReplicatedState	0x1465B5EA0		10	0	0	0	0	0	0	0
9842BDE5-2A7D-4388-B128-524347A9E18E	1624	Javelin::IGritComponentListener	0x1465B6930		0	0						
B60C39B5-94E0-486D-A1E2-58BFDA013071	4283	Javelin::IKillsListener	0x1436E3AB0		0	0						
C2F5CE0B-6EF7-4F76-88AD-0A936305A55E	4284	Javelin::IStaminaComponentListener	0x1449041C0		0	0						
195C822C-B30C-4F73-92F5-1FCD3B027B15	4286	Javelin::IVitalsRemoteListener	0x143078F30		0	0						
3729094D-0FBA-4DCF-B191-7E9E53AA9B85	1652	MB::ManaComponentReplicatedState	0x14659B550		10	0	0	0	0	0	0	0
4A6A34E3-FE18-4746-972D-D48DCE3DB1E3	4297	MB::StaminaComponentReplicatedState	0x14656A540		10	0	0	0	0	0	0	0
0E721C70-2CDB-4E85-BAE4-D545FDC6D25B	15	MB::VitalsComponentReplicatedState	0x1465B0DD0		35	0	0	0	0	0	0	0
7EA038C0-8C79-4AB6-A3DF-9857571DC1CC	1031	Coat::TimeUpdateListener	0x14408D990		0	0						
F8A045C2-2CD5-4DE8-8F61-78FEEA94F5CF	999	CoatlicueClientMessages	0x14646BFF0		13	0	0	0	0	0	0	0
1E00D684-73FF-4675-8A4E-7AD87CD4A31B	701	CoatlicueClientMessages::State	0x14646C400		6	0	0	0	0	0	0	0
979E13FB-7A0A-4DDC-922B-D042E16E0BE4	1034	CoatlicueClientMessages::CalendarConnectedMsg	0x14646BF10	3	7	1	0	1	0	0	2	0
1E718638-0A57-4C40-A31D-E2A3B44245E7	446	CoatlicueClientMessages::CoatlicueTimingConfigurationConnectedMsg	0x14646C070	3	7	1	0	1	0	0	2	0
62843977-2235-4BDA-BF74-F6BCB628D0FD	697	CoatlicueClientMessages::DistributionManagerConnectedMsg	0x14646C150	3	7	1	0	1	0	0	2	0
E947311B-F5BC-4F51-941C-6CDD446B5B59	1035	CoatlicueClientMessages::MessageReceiptMsg	0x14646C230	2	8	3	0	2	0	0	4	1
C5975F6A-1350-4D9F-8A68-67E88E2E1C02	686	CoatlicueClientMessages::TerrainGlobalManagerConnectedMsg	0x14646C460	3	7	1	0	1	0	0	2	0
00A7178A-A492-4CE6-89DD-D0342604AE4B	648	CoatlicueClientMessages::TractGlobalManagerConnectedMsg	0x14646C540	3	7	1	0	1	0	0	2	0
28AD513F-4084-4811-B7B9-70823B12CD3B	68	CoatlicueClientMessages::WorldQueryConnectedMsg	0x14646C620	3	7	1	0	1	0	0	2	0
DCC972F8-2F63-4B1B-BCBA-0F8716BFBBA8	456	Amazon::Hub::ActorInitListenerTrait	0x14150AB60		13	0	0	0	0	0	0	0
FD0D913E-FE57-421E-BDCB-899877326607	461	Amazon::Hub::ActorInitListenerTrait::State	0x14151FA10		6	0	0	0	0	0	0	0
9F8755C3-73AB-4715-B416-EBA890DA9A76	465	Amazon::Hub::ActorInitListenerCounter	0x141521F90		15	0	0	0	0	0	0	0
978FBF3A-2B6E-4AEA-81BB-42DCCBF3CD25	470	Amazon::Hub::ActorInitListenerCounter::State	0x141533A20		6	0	0	0	0	0	0	0
422E5AF5-88F4-4FC0-9FAF-5F8E29959BFF	475	OnInitCompletedMessageMsg	0x146A34790	0	11	3	0	1	0	0	3	1
D3D666B0-689C-4BD9-BC33-3D16C275730C	5531	Amazon::Hub::ActorInstantiationParameter	0x14104A320		1	0	0	0	0	0	0	0
AE4965AD-6CDE-47DC-BA20-D622F08F5F86	486	Shuffler	0x146A52700		17	0	0	0	0	0	0	0
118EA477-A77A-4BE4-81B5-455FB2A66D49	492	Shuffler::State	0x146A58D50		15	0	0	0	0	0	0	0
4D1E559D-3E99-4171-9DAF-58810E245447	84	MoveAnActorMsg	0x146A575B0		1	0	0	0	0	0	0	0
020037E0-103C-4C2D-AE9A-7C9B31D3CCF2	351	OnMoveCoordinatorChangedMsg	0x146A58690	2	9	2	0	2	0	0	4	0
046423D2-40C3-472D-BDE5-D95D8CA70010	503	ActorShuffler	0x146A59E50		20	0	0	0	0	0	0	0
6E6E9B80-7A9C-4123-95AF-E2E9EDD65544	505	InitMsg	0x146A5AA40		3	0	0	0	0	0	0	0
B00F18AC-C6F2-40A9-9E43-BAE50896702A	511	ActorStateCacheProxyTrait	0x146A3EFB0		16	0	0	0	0	0	0	0
85C5EA46-A734-4EE4-AAF5-707552458709	514	ActorStateCacheProxyTrait::State	0x146A4B980		12	0	0	0	0	0	0	0
62F68299-7BB2-4E0A-90D9-B664BD363DAE	516	FragmentUpdateMsg	0x146A476D0	0	17	3	0	2	0	0	3	1
560A34B3-9ACC-473F-93A4-A62A78DE39A2	7	FragmentUpdatesMsg	0x146A484E0	0	20	6	0	2	0	0	6	3
9D63D9BD-09DA-45C4-B209-4DD5A924A295	178	NoFragmentsPresentMsg	0x146A49290	1	5	1	0	1	0	0	2	0
5F4CE846-ECBC-415B-AAE0-85F7E83CDE2C	532	StartObservingFragmentMsg	0x146A49D70	1	6	2	0	2	0	0	2	0
A9ED156F-21D9-491E-83EA-330586A5095A	534	StopObservingFragmentMsg	0x146A4A6A0	1	6	2	0	2	0	0	2	0
2F2215A8-013C-42A7-BD57-3B9F41E43BCB	540	StopObservingFragment2Msg	0x146A4B300	2	6	1	0	1	0	0	2	0
C0DE469B-C00C-4076-BABE-FE1A2DE76D73	267	ActorStateCacheProxy	0x146B04DA0		14	0	0	0	0	0	0	0
177E0CFF-F70C-4D87-9551-B3010EA29389	548	InitMsg	0x146A4C730		1	0	0	0	0	0	0	0
2970E283-FCF3-4B6F-8F07-86D68BF3AE45	551	ClientProxy	0x146B04D80		0	0						
0CEF9C1A-4C0C-43EA-B616-0B71E2BD9BC3	556	ClientRegistryActor	0x146B04EC0		49	0	0	0	0	0	0	0
7707C23A-9CA1-401A-AD18-3E87D7EFF45E	559	InitMsg	0x146A50F90		1	0	0	0	0	0	0	0
71EDDFB0-E7CD-4CE7-8028-A1795B43C467	469	ClientRegistryActorTraits	0x146A479C0		17	0	0	0	0	0	0	0
AEC1F267-3BC9-4CFE-B94D-F62BC87EBEA8	561	ClientRegistryActorTraits::State	0x146A4F7F0		14	0	0	0	0	0	0	0
EFD5616B-2CCA-4F25-891C-4D4D0613663C	563	SendClockSyncMsg	0x146A4E6A0		1	0	0	0	0	0	0	0
0EE4E646-D75E-4034-B85C-A9897FFC3E19	237	OnListenerChangedMsg	0x146A4EED0	2	9	2	0	2	0	0	4	0
400152C0-3E4D-43D2-AC06-9EA3C70179D0	568	DebugCommandActorBridge	0x146A36AB0		16	0	0	0	0	0	0	0
D35DD2E7-796B-44DA-8FF4-3FBFCA04DB38	575	DebugCommandActorBridge::State	0x146A3EA70		12	0	0	0	0	0	0	0
48D4F289-66FC-4EED-9097-D2D8205DBACD	583	ResponseMsg	0x146A3E460	0	7	2	0	2	0	0	1	0
39BE36A8-1E6F-4EB3-AAA0-60BF1CA921BB	586	DebugCommandActorBridgeActor	0x146A3F250		16	0	0	0	0	0	0	0
342E6D38-7637-472F-8E39-48A888056EA9	479	InitMsg	0x146A40CD0	0	1	1	0	1	0	0	0	0
BA56AAB6-0714-4F3A-89DF-9EAE2621BCE0	589	HubLifecyclePeeringTrait	0x1407CA990		0	0						
028CA28D-6DE3-445C-9773-AB71EB89AB34	590	HubLifecyclePeeringTrait::State	0x146A52120		12	0	0	0	0	0	0	0
538CF087-049B-41D1-9DF1-A7B23B55E8C6	591	ExitPeeringMsg	0x146A4DD90		1	0	0	0	0	0	0	0
99E5A445-BBF8-4093-8A8F-CD3577001082	596	UpdateHubLifecycleStepMsg	0x146A4E6E0	1	2	1	0	2	0	0	0	0
CC4399FA-86D8-4E83-8889-79FB720F00FC	6438	AckHubLifecycleStepUpdateMsg	0x146A4ED40	0	7	2	0	2	0	0	2	0
0AF84261-9199-418B-87A7-FCFA16BD5854	6437	VerifyPeersAckedStepUpdateMsg	0x146A4F4C0	0	1	1	0	1	0	0	0	0
37261A46-6E81-4835-8CCC-1DA16ADF7077	6439	UpdatePeerStateMsg	0x146A50020	1	10	2	0	2	0	0	3	0
254F3D8E-5899-4206-88C7-FEE4A7362192	371	UpgradeVersionMsg	0x146A50610		1	0	0	0	0	0	0	0
42DE4FF0-F4F6-4660-82FA-525CF7795666	598	PeerPresenceAckMsg	0x146A50D70	1	6	2	0	1	0	0	3	0
4845383E-16FA-4564-B0EB-979AE752FFED	604	ForgetPeerMsg	0x146A51340	1	5	1	0	1	0	0	2	0
ECE7CB76-4BEB-44CC-897D-91AF6E1EA29B	605	OnPeerChangedMsg	0x146A51C10	2	9	2	0	2	0	0	4	0
017CEF4E-B293-4C59-8DF6-624F1607A060	609	HubLifecyclePeeringActor	0x146B054C0		45	0	0	0	0	0	0	0
8D8FC8F4-7059-4BFE-B334-146145372603	611	InitMsg	0x146A53060		1	0	0	0	0	0	0	0
A2693136-197C-41BB-80A1-A57CA9BB4EDB	613	HubLifecycleStateRequestTrait	0x146A5B190		11	0	0	0	0	0	0	0
0E43D220-A1B3-49A4-859D-CF5E4DC1EF48	141	HubLifecycleStateRequestTrait::State	0x146A5FD30		6	0	0	0	0	0	0	0
97235ABF-F9EE-4B47-B36D-7B9533A7C951	616	HubLifecycleStateListenerTrait	0x146A31EC0		11	0	0	0	0	0	0	0
40376197-9746-4E8A-AEB5-819BF20FC4F8	621	HubLifecycleStateListenerTrait::State	0x146A36FA0		6	0	0	0	0	0	0	0
39465258-419E-4E0D-B549-63549573DEC6	623	RequestStateMsg	0x146B05BA0	0	1	1	0	1	0	0	0	0
678DA812-D9D1-45B5-BFB7-07A631F394DE	629	OnStateChangedMsg	0x146A35250	0	2	2	0	1	1	0	2	0
4E063FA7-70A0-4CC5-8C8C-DF20BFEBD674	633	HubReconnectListener	0x146A3AB50		11	0	0	0	0	0	0	0
33F2304F-DACC-4A81-8B13-5062DDBC6BAD	635	HubReconnectListener::State	0x146A401A0		6	0	0	0	0	0	0	0
FD419A47-69A5-4E74-B542-3C105DBB1FEC	641	OnNewHubInfoMsg	0x146A41050	0	9	2	0	4	0	0	0	1
C22A2E5C-396A-45B9-875A-549F7D1C5AA5	646	IActor	0x1407CA990		0	0						
E237347F-E19A-463F-A3A2-C28B2233CA7D	650	MessageLayerTrait	0x1407CA990		0	0						
180F5983-16C0-4389-BF5D-FE820A15A439	295	MessageLayerTrait::State	0x146A5CD10		6	0	0	0	0	0	0	0
6B3B9162-4603-4687-A95C-FDBAE321D062	4	IdentifierMsg	0x146B056D0	1	17	4	0	3	0	0	0	2
2BBF39F0-E744-4C00-86A1-806067AA302F	5	IdentifierAckMsg	0x146B055A0	0	17	5	0	3	0	0	1	2
EDAB248A-BA47-43C8-9FC8-79B74D362E91	6	IdentifierCompleteMsg	0x146B05690		1	0	0	0	0	0	0	0
36A8E1BC-C145-4BD1-8354-78C8B644DECD	689	HubEndpointSharingTrait	0x1407CA990		0	0						
D6B5D7ED-D579-4B55-95F0-CAD18F35E01B	691	HubEndpointSharingTrait::State	0x146A32DF0		6	0	0	0	0	0	0	0
285D5E35-0103-4B07-8A8E-B60793F12EE4	692	AddEndpointsMsg	0x146B04E40	1	10	3	0	2	0	0	0	1
6FBC64FE-4CC1-4940-982C-88EB8D3DF9D6	700	RemoveEndpointsMsg	0x146B05950	1	10	3	0	2	0	0	0	1
55BED5C3-FB91-4851-8208-34A200073B87	705	NotifyHubCrashTrait	0x1407CA990		0	0						
8DE0BE19-B832-4C6C-984E-586E36458596	496	NotifyHubCrashTrait::State	0x146A3A440		6	0	0	0	0	0	0	0
E0804A74-D828-4D11-ACF6-9554A0C30B75	294	NotifyHubCrashMsg	0x146B05820	1	4	1	0	1	0	0	0	0
92D4A272-073A-4EA6-9193-FFC522447CC1	706	ActorMover	0x146A4E330		18	0	0	0	0	0	0	0
DAFAE3C4-68A5-4C6A-95BF-3F63669D2742	27	ActorMover::State	0x146A5D810		14	0	0	0	0	0	0	0
5570CFB7-0C5C-475E-BB19-D8FBC3FD8D32	710	MoveActorMsg	0x146A54050	0	5	1	0	0	0	0	1	0
0A8F6818-915C-4700-9C33-463862BBE5F0	718	MoveActorToHubMsg	0x146A54740	1	6	1	0	1	0	0	1	0
4C220B64-C728-4D31-9C1E-6244E8089215	723	ProcessDeferredMovementRequestsMsg	0x146A54FC0		1	0	0	0	0	0	0	0
767FC9BF-1C8D-417F-AD19-C51E363D4DF0	726	StartMovementCommunicationMsg	0x146A55240	1	6	1	0	1	0	0	1	0
4604A3CC-2CAC-4A93-A0E2-D330041777E6	736	MovementTimeoutMsg	0x146A55890	1	14	3	0	3	0	0	3	0
5AD005AE-375C-4F2D-A00E-3FF9F6F01069	739	AckMovementMsg	0x146A55CE0	2	11	3	0	4	0	0	4	0
A9DA71B4-4DCF-46E6-AFA2-DBBE9E5CED0E	5342	CancelMovementMsg	0x146A56390	1	14	3	0	3	0	0	3	0
B232749E-1C9B-4B96-BD9A-8AD04A23B6B4	522	ReceiveActorMsg	0x146A56950		5	0	0	0	0	0	0	0
78EC38B5-D408-4F06-8AAF-60E7FDA45CEE	740	CommitMovementMsg	0x146A58880	1	10	2	0	2	0	0	1	0
ADAA28E6-B831-4505-8F05-FE32E000BD5D	745	AbortMovementMsg	0x146A58F00	1	10	2	0	2	0	0	1	0
44BA8334-C3AA-476E-855C-27364BF8A964	747	CheckMovementStatusMsg	0x146A59B30	0	8	1	0	0	0	0	1	0
15203A91-C8B6-43EE-BDF6-571A30C8B8B0	5032	CompleteDelayedMigrationsMsg	0x146A5A8E0		1	0	0	0	0	0	0	0
E02FACEC-37BE-441D-91D3-4A371147D689	748	OnPeerChangedMsg	0x146A5B070	2	9	2	0	2	0	0	4	0
059B0DE2-4789-4DC1-945C-3728873D68F2	5044	CrashMoveActorMsg	0x146A5B690	0	5	1	0	1	0	0	1	0
6F298C98-A99E-4210-AD2A-E48D3CD775EE	5045	CrashMoveActorToHubMsg	0x146A5BE20	0	5	1	0	2	0	0	1	0
61FDB168-4AC2-4E31-8CD1-C4B9F40F7D16	5046	CrashReceiveActorMsg	0x146A5C5C0		5	0	0	0	0	0	0	0
6FA0EBFF-94CB-4106-AC73-E0BDA9F2C68B	573	MoveCoordinator	0x146B05780		18	0	0	0	0	0	0	0
E13CE79F-F318-42D2-BADD-991AAE4F3185	755	InitMsg	0x146A5DE40		3	0	0	0	0	0	0	0
92661733-5E2C-45A5-9D11-49EEF26FC988	761	PrepareMoveMessage	0x1407CA990		0	0						
2F7ECD82-AC39-4CE3-8044-20B9E8685317	762	ResolveMoveMessage	0x1407CA990		0	0						
8B159B65-A1F8-47BB-A6AF-51DBBABD9FEE	766	PersistenceNotificationReceiver	0x146A339D0		11	0	0	0	0	0	0	0
622CFA4D-1865-47F4-A548-958051FFD8A7	98	PersistenceNotificationReceiver::State	0x146A3AF00		6	0	0	0	0	0	0	0
451436AC-6702-4482-B53B-63274D877BC5	769	NotifyPersistenceLoadedMsg	0x146A3A3B0		1	0	0	0	0	0	0	0
FA98CC6A-2E38-4D8C-9346-6F348C3DF1E0	774	DebugPingMessage	0x146A36D30	0	2	2	0	1	0	0	0	1
BA3D511A-7C6B-46F3-BAEE-1EB96452AE8B	6273	DebugInvalidWriteMessage	0x146A35EA0		3	0	0	0	0	0	0	0
FE79D4DC-3DEB-4C3C-B410-A29D05264134	5344	RepForwardingTrait	0x146A3F0A0		11	0	0	0	0	0	0	0
CA23F8A6-5321-4A42-81D8-6CF71A1BAC4F	5345	RepForwardingTrait::State	0x146A48770		6	0	0	0	0	0	0	0
C1B1E4D3-8A7C-4CB3-9F9B-D08499ECEC32	779	Amazon::Hub::SingletonPeeringTrait	0x14462C180		17	0	0	0	0	0	0	0
D67C3D69-8E0A-4A6E-B358-3CA622D515A1	783	Amazon::Hub::SingletonPeeringTrait::State	0x1446312E0		6	0	0	0	0	0	0	0
AC4E9409-EA7D-41EA-997C-EB3CA4C77639	788	OnPeerChangedMsg	0x146A5CB50	2	9	2	0	2	0	0	4	0
65231228-888D-4E27-8396-A0D798C4BA1B	772	Amazon::Hub::SystemMessage	0x1417ACCE0		1	0	0	0	0	0	0	0
5BC6B8C9-E1DE-44C5-9463-5BC82E3F7131	792	HighPrioritySystemMessage	0x146A55430		1	0	0	0	0	0	0	0
74A64FC9-ADFA-4799-B4EE-FBB00936B961	5301	StopActorImmediateMessage	0x146A55AA0		1	0	0	0	0	0	0	0
442CEAB3-214C-4CBA-AE74-86BEF3E62DB1	799	StopActorMessage	0x146A55ED0		1	0	0	0	0	0	0	0
BC291EFA-72FE-4C7B-B9F6-859EE42FB1A0	449	ActorStatusNotificationMessage	0x146A56220	2	6	1	0	1	0	0	2	0
1D4656F4-479E-4679-9BAF-148CFF1022DA	810	PersistenceRestoreActorMessage	0x146A56830	1	26	3	1	0	0	0	3	1
5BDD7D92-95E2-4262-9AA0-99FB0412CFA4	814	ReportCompletePersistenceDataMessage	0x146A576D0	0	3	1	0	0	0	0	1	0
6957B3D5-9237-4B25-8405-F0A85B23C454	818	ActorInitializedMessage	0x146A58570	1	15	3	0	1	0	0	3	1
76379217-B379-40FB-A250-2B71AAAA0185	6394	SetInitListenerMessage	0x146A58C60	1	5	1	0	1	0	0	2	0
BF2DD614-4BED-4A09-8575-573BDD25F010	6393	SetUpstreamDependencyMessage	0x146A59630	1	5	1	0	1	0	0	2	0
47C2E563-F29E-4899-BAF4-05FEF6F60104	679	ReportActorDependenciesStatusMessage	0x146A5A2C0		1	0	0	0	0	0	0	0
97AE21EE-CD3B-4C2C-9F55-A410B27347EC	6354	UnregisterStateAccessProxyMessage	0x146A5ACB0	1	5	1	0	1	0	0	2	0
8BCB5F37-D9E2-43B0-A03B-368A0541BA9F	116	Amazon::Hub::TraitActor	0x1407CA990		0	0						
2D2BAA3B-52C7-4B22-B2F4-C0EBF2FE263C	437	InterestAgentWorkerTrait	0x1407CA990		0	0						
518B26A1-38C0-4816-AF37-3609ECBA8EAF	232	InterestAgentWorkerTrait::State	0x146A48710		6	0	0	0	0	0	0	0
FEE0688D-06C8-4D66-813D-044D0BD1B70D	822	StartUpdatingMsg	0x146A46F80		1	0	0	0	0	0	0	0
E31B6912-856D-4052-BEDF-C23FDBF71774	827	StopUpdatingMsg	0x146A47ED0		1	0	0	0	0	0	0	0
6CB16DF6-990D-4ED6-9E2B-353BA15A52AC	829	InterestAgentWorker	0x146A48E60		12	0	0	0	0	0	0	0
7C18C940-9671-4727-B7E4-D2E339E0AA59	836	InitMsg	0x146A49B70		1	0	0	0	0	0	0	0
64CEE0FB-B878-47B3-8377-B45A9C9BA884	18	Amazon::Hub::ReplicationPerformanceData	0x141521510	1	2	1	0	0	0	0	0	12
8A40AEC2-AE07-4F92-9BF3-78FC0CC94FDF	8	Amazon::Hub::ReplicatedStateBundle	0x14646C2B0	1	7	3	0	0	0	0	3	2
FE59B513-CEB7-4BC2-80E6-545A8C492591	9	Amazon::Hub::ReplicationControl	0x14646C370	1	4	2	0	0	0	0	1	1
425544EA-D7E7-433D-80B6-B7FD22F3DD6C	5234	Amazon::Hub::PriorityQueueDebugPayload	0x14646BE80	1	7	1	0	0	0	0	0	1
094DE6F3-95A0-42D2-8BE5-B02725B0D457	842	ActorPersistenceData	0x1407CA990		0	0						
0766CF53-C600-4E81-AC7D-A2D745BB3EA6	844	TraitActorPersistenceData	0x146A43DE0	1	11	1	0	0	0	0	0	1
4E333645-E8FD-4DD3-85DB-224D95C124B3	849	ServerContextPersistenceData	0x146A45660	1	31	6	0	2	0	0	1	8
6057EB60-BAC3-4FA7-A06D-3D013C09BE21	272	PersistencePingMessage	0x146A57090	1	5	1	0	1	0	0	2	0
BDACEE57-1A89-4DC5-85D1-7E7F25FFEB01	785	PersistencePongMessage	0x146A58350		1	0	0	0	0	0	0	0
575E0991-8722-4C69-9059-87754AEE2C32	854	PersistenceScaleTestMessage	0x146A587E0	2	6	2	0	1	0	1	0	3
8706FB94-0D37-42BC-8A1C-D8A8D22391B6	858	CrashPersistenceMessage	0x146A58EC0		1	0	0	0	0	0	0	0
0A7BD6FA-9BDB-4983-BF3F-98ED9FA82EC9	862	TogglePersistenceHeapProfilerMessage	0x146A599D0	1	2	1	0	0	0	0	1	0
7B5A0CA3-923A-4D01-903F-82984D306E4B	731	DumpPersistenceHeapProfilerMessage	0x146A5A810		1	0	0	0	0	0	0	0
6DB579D8-ABA4-48FA-B62E-878679B91847	863	RestoreActorsSpatialMessage	0x146A57960	0	13	2	0	1	0	0	2	1
30F45BEB-3B25-4AD9-86B8-4EE5CAC3B704	866	QueryActorsMonikerMessage	0x146A58B50	0	12	4	0	2	0	0	3	1
4D067B7A-6589-4F8D-9EB7-3C221E36EDFF	488	RestoreActorMonikerMessage	0x146A59490	1	9	3	0	2	0	0	5	1
7DC0BB86-A34F-4E6F-82F5-1487697AEC0A	867	RestoreCustomizedDataMessage	0x146A5A3F0	0	7	4	0	1	0	0	4	1
A54CF5DE-99A4-46FB-B83F-0BE33D3D3EA4	248	Amazon::IPC::StartRestoringActorsByMonikerMessage	0x1417ACC30	1	11	3	0	1	0	0	3	2
DF9F220C-1310-471A-9D94-D6A66A3A3027	877	RestoredActorByMonikerMessage	0x146A5C0A0	0	12	4	0	2	0	0	4	1
9E24C382-A552-4CE6-B1FA-CDFEE069AD7C	880	RestoredCustomizedDataMessage	0x146A5C890	0	20	4	0	0	0	0	1	4
6ABE078D-5AED-4547-8BFF-111D307CCE4A	885	SavedActorMessage	0x146A5CFF0	0	10	3	0	1	0	0	3	1
3C6CC30A-918F-4433-9903-3B24FFEDDB50	894	SavedCustomizedDataMessage	0x146A5D500	0	15	3	0	1	0	0	1	2
7D4DF6A4-7119-46EE-8137-7C7F331B0D84	490	SaveActorMessage	0x146A5DB60	1	16	1	0	0	0	0	1	0
E4B2CF47-CA94-4464-AF20-7F2BE333C522	900	HighPrioritySaveActorMessage	0x146A5DD80	1	16	1	0	0	0	0	1	0
5C44369E-D9F7-4903-A66A-5DB3E3AC1ED3	903	SaveComponentsMessage	0x146A5E270	2	25	6	0	1	0	0	5	4
A3E44838-7E5F-427F-8BF7-2F14892772E5	905	HighPrioritySaveComponentsMessage	0x146A5E840	2	25	6	0	1	0	0	5	4
F82B5887-EA0D-4B87-A86F-C707F788CB7E	338	SaveCustomizedDataMessage	0x146A5ECB0	1	35	5	0	1	0	0	6	3
B89496F7-E2FB-4364-AB17-40D594779367	913	HighPrioritySaveCustomizedDataMessage	0x146A5F280	1	35	5	0	1	0	0	6	3
77CF6891-CE44-4F37-9E97-B8254E23D547	919	DeleteActorMessage	0x146A5FFD0	0	5	2	0	1	0	0	3	0
96C829CE-DFBC-4763-959C-32A6B22D81EF	121	AddActorMessage	0x146A31F80	1	16	1	0	0	0	0	1	0
764599E8-3D44-4EB3-BF44-77097CB414E3	921	NotifyActorMigrationCompletedMessage	0x146A32670	0	6	1	0	0	0	0	1	0
D13480C9-F0E3-493E-A430-A2D86114FD4D	922	NotifyHubPersistenceLifecycleEventMessage	0x146A32A60		1	0	0	0	0	0	0	0
60010CC6-63A2-48A4-B23D-5C9B3411C48A	929	NotifyPersistenceStartupResultMessage	0x146B05890	0	3	1	0	1	0	0	0	0
469C406F-253C-44B8-BDCC-14388F68B629	104	SetPersistenceWorldIDMessage	0x146A33460	3	7	1	0	0	0	0	0	1
84B244A3-D554-4E6C-B4CB-0D9AB1E38E31	5933	RetroactiveFinalSaveMessage	0x146A33850	0	12	2	0	0	0	0	1	1
F05E34C6-AF1E-476D-9472-5FC118FC4503	933	PersistenceRestoreTrait	0x1414C2B10		13	0	0	0	0	0	0	0
37C697D5-6C25-4CF5-A36A-46FD7AB9695C	934	PersistenceRestoreTrait::State	0x1414D92C0		6	0	0	0	0	0	0	0
9B1F3C3C-34EC-46CC-A3B2-2AFF2C85AE9D	25	PersistenceRestoreListenerTrait	0x146A3C1E0		11	0	0	0	0	0	0	0
99ACCFCD-86BC-458E-A5F9-9295B655E2D3	936	PersistenceRestoreListenerTrait::State	0x146A42720		6	0	0	0	0	0	0	0
5BA02FA9-76CF-49BE-9CD0-B0CE9F789C83	42	SpawnRestoredMonikerActorMsg	0x146A3B2D0	0	19	4	0	1	0	0	4	1
26CF40AC-AABB-4DB5-98E9-FA1C47203FBC	938	SpawnRestoredSpatialActorMsg	0x146A3BB90	0	14	2	0	0	0	0	1	1
5F36C8AF-2DCA-4BA5-B6F7-8225F77D2FD2	939	OnSpatialRestoreFinishedMsg	0x146A45400	0	1	1	0	5	0	0	0	0
FC518B7B-3621-42E5-A6FA-E311DED236BC	951	RoutingSubActor	0x146A4A350		13	0	0	0	0	0	0	0
38C5794A-E28B-4EA3-A2C9-A1758A14DB80	622	InitMsg	0x146A4B0D0	1	5	1	0	1	0	0	2	0
B73CCF2D-CB1D-4AD6-9296-A7B4D5A0D992	953	HubConnectionChangedMsg	0x146A4C300	0	1	1	0	1	0	0	1	0
1F8F498D-72FF-4101-91B0-DFA0ED309B1C	958	RoutingSubListener	0x146A4C770		11	0	0	0	0	0	0	0
038868FD-2F6B-478F-A7EF-D0E2081062B0	22	RoutingSubListener::State	0x146A52B80		6	0	0	0	0	0	0	0
E0C4E09E-0707-4472-92F9-152253CE56C4	485	OnHubAvailableMsg	0x146A538C0		1	0	0	0	0	0	0	0
3647BEAC-EC75-4301-80DF-F7CA34D96BDB	965	OnHubCrashMsg	0x146A53340		1	0	0	0	0	0	0	0
7090CE8C-2FB5-47A2-A369-4DD16137572D	281	RoutingTrait	0x146A5C3E0		11	0	0	0	0	0	0	0
5625D97B-39E6-44AB-A790-75729E6661AF	966	RoutingTrait::State	0x146A33E50		6	0	0	0	0	0	0	0
87586F4E-7F71-4B87-9498-87471EC495CB	247	RequestRecordsMsg	0x146B059D0	0	9	1	0	0	0	0	1	1
8F4BB6BA-3F76-48C7-8BD7-D777BDC61E0B	970	UpdateRecordsMsg	0x146B05FC0	1	14	2	0	1	0	0	2	1
EEAD05BB-5FE1-4C67-B053-93CE4A3B22AA	6279	ResetRecordMsg	0x146B05C30	1	12	2	0	1	0	0	3	0
A0511BD9-3E54-4E1D-A3AF-FF80C77E6A5A	674	ConfirmRecordRequestMsg	0x146B04FF0	0	5	1	0	2	0	0	1	0
D182278B-4909-4763-A56F-BA7319D8521A	971	ConfirmRecordResponseMsg	0x146B050F0	1	12	2	0	1	0	0	3	0
B55C7649-434C-40B1-AA4F-54085F2BD931	974	ForwardedMessageMsg	0x146B05250	0	17	3	0	4	0	0	4	1
F6E76F4F-B038-4558-8C4D-905D5FCA117B	978	RegistryMsg	0x1407CA990		0	0						
93909986-E94D-4A08-87BB-1F0292231DCE	893	RoutingSubscribeMsg	0x146A3E7C0	0	1	1	0	1	0	0	0	0
B411E896-6873-4B88-A325-5A64DE99E1AB	457	RoutingUnsubscribeMsg	0x146A3EDF0	0	1	1	0	1	0	0	0	0
9E643451-7226-451D-A371-F3753F330664	981	ActorQueryMsg	0x146A3F730	1	7	2	0	2	0	0	0	1
63361B9B-156B-428D-8B05-1E4DFF308203	765	ActorQueryResponseMsg	0x146A3FD10	1	7	2	0	2	0	0	0	1
C0B051D8-C059-499E-A5E5-597954F2AA5C	985	ResubscribeMsg	0x146A404E0	0	6	2	0	1	0	0	0	1
E5D35EFB-20F3-4E1F-B7AD-F51CB3E439F7	6213	DebugStartActorQuerySeqMsg	0x146A41610	1	4	1	0	1	0	0	0	0
16C28A11-D5F4-42BB-B296-B696E9E1DBD9	380	ScaleTestTrait	0x1407CA990		0	0						
A2BEC1F4-4AE4-4925-A591-ABD0DC6F725D	990	ScaleTestTrait::State	0x146A3E9E0		9	0	0	0	0	0	0	0
2ADDD192-9208-430E-A458-3B61E481BE3C	992	ScaleTestManager	0x1407CA990		0	0						
B51E8899-E06D-4EC1-B9CE-E82FD9FA3940	994	ScaleTestManager::State	0x146A4CD80		18	0	0	0	0	0	0	0
9B37276C-17B1-4A9E-B152-A8A37D40A01B	996	ScaleTestManagerStatusTrait	0x146B05E10		12	0	0	0	0	0	0	0
F2E8D463-C71E-4BEC-BEA8-78B7B2403233	1002	ScaleTestManagerStatusTrait::State	0x146A553D0		6	0	0	0	0	0	0	0
519A3D71-F901-46B8-8969-F47B6FD492BC	1008	PingMsg	0x146A3BCD0	1	5	1	0	1	0	0	2	0
1F141400-3979-4069-ACBB-CE11F549DC64	1009	PokeMsg	0x146A3C310		1	0	0	0	0	0	0	0
A0DCFEFC-2684-48B6-A7EF-83BEDFF00E45	1011	ConfigurablePayloadMsg	0x146A3C790	2	6	2	0	1	0	1	0	3
22BC2ED7-AB58-4941-A099-1EFB69980D00	1014	StartTestMsg	0x146A3E0A0		1	0	0	0	0	0	0	0
4208C33B-6441-4900-9C8D-168FFDCD3986	857	EndTestMsg	0x146A3E1D0		1	0	0	0	0	0	0	0
1E93F466-CD84-4502-BA28-4632F80DD0FA	780	SetTargetsMsg	0x146A3E260	1	7	1	0	1	0	0	2	1
D1B5B725-B1B5-4A87-9582-AC4509FB9CC4	574	SpawnActorsMsg	0x146A47F50		3	0	0	0	0	0	0	0
0BB0C8EF-4A2A-43E1-A202-B1FA65CB0CAE	216	ConfigureTestActorsMsg	0x146A48B80		1	0	0	0	0	0	0	0
655F8C9D-4BA8-43C9-9AD5-B97F55D26315	886	ReceiveManagerConfigurationMsg	0x146A49790	1	9	3	0	4	0	1	0	2
92076EDA-C7F2-4CF9-A3CD-10E3002E7109	668	GoodbyeMsg	0x146A4A280	1	5	1	0	1	0	0	2	0
9F8599C1-6834-42DA-A2F3-B35922F7BB96	1018	ResetMsg	0x146A4AFF0		1	0	0	0	0	0	0	0
010CD6AD-18A5-40F8-A1C7-F6965630D218	1022	ClearRegistryMsg	0x146A4B7F0		1	0	0	0	0	0	0	0
63DE8B4F-D87D-424B-8A8B-38BD45B7CFF5	526	ClearRemoteRegistryMsg	0x146A4BE80		1	0	0	0	0	0	0	0
9613C3DD-1F73-41C8-984B-BDEE36AEC208	767	OnPeerChangedMsg	0x146A4C620	2	9	2	0	2	0	0	4	0
75538B51-8E0F-432F-8077-61B0A60854AC	600	LoadConfigurationMsg	0x146A4C1E0		1	0	0	0	0	0	0	0
E4F5600E-5B4F-4860-B241-B9FC1901F0A1	435	ScaleTestActor	0x146A4DCB0		21	0	0	0	0	0	0	0
54FE9E3D-0F2A-42E5-AB99-F155E3EAEC2B	1026	InitMsg	0x146A4E470	0	13	5	0	5	0	2	2	2
A1955094-9455-49FE-AAF7-62CE3AEEED04	619	ScaleTestManagerActor	0x146B05CF0		59	0	0	0	0	0	0	0
563984E7-B641-403D-BB9D-048DA49EFE7B	924	InitMsg	0x146A560F0		1	0	0	0	0	0	0	0
38EFF995-2C21-45E3-B078-057BFCC04909	1005	RoutingSubTestTrait	0x146A3C420		17	0	0	0	0	0	0	0
55B9BD38-FB4C-4A73-AAAD-C3FA17F23AA1	2214	RoutingSubTestTrait::State	0x146A460D0		12	0	0	0	0	0	0	0
54873248-1DA2-4A4B-BF99-C6B70774764C	2216	OnSubRoutingChangedMsg	0x146A45280	2	6	1	0	1	0	0	2	0
66958583-BAE9-4540-9D4B-BE4604BEBE22	2220	TestStepTimeoutMsg	0x146A45FA0		1	0	0	0	0	0	0	0
A7CEA373-EA02-445F-880A-0CD3F659C773	2221	RoutingSubTestActor	0x146A46660		17	0	0	0	0	0	0	0
3CE4D8F3-835C-4DA0-B37D-361A8678DCE1	2226	InitMsg	0x146A46DA0	1	5	1	0	1	0	0	2	0
844B0B91-6F61-4E0A-9B84-B82CD8D35EBE	947	TargetInitMsg	0x146A48BD0	2	10	2	0	1	0	0	2	1
F121B671-C86B-4CD7-AF76-1B0B18EBAE97	837	RoutingSubTestCoordinatorTrait	0x146A5E050		16	0	0	0	0	0	0	0
C56FC39C-63AB-4C70-8951-B1B76072D8CF	1942	RoutingSubTestCoordinatorTrait::State	0x146A39F50		6	0	0	0	0	0	0	0
E00F4B58-7475-4BEB-921A-F50594717801	2227	AdvanceTestMsg	0x146A37140		1	0	0	0	0	0	0	0
9719FAEC-9A26-4A60-AEF5-6C018A9819AE	1284	ContinueLifecycleStartupMsg	0x146A33CA0		1	0	0	0	0	0	0	0
DF0B0A76-CC04-4B02-9F8C-4B8607DF695B	2228	OnActorMigratedMsg	0x146A342F0	1	5	1	0	1	0	0	2	0
0E72C80F-31C3-4E8F-9B20-4762709F3D3E	2231	OnListenerSubscribedMsg	0x146A34270		1	0	0	0	0	0	0	0
54C8A2E4-3CFB-461A-8509-142BC71EF376	2233	OnTargetCrashedMsg	0x146A344A0		1	0	0	0	0	0	0	0
558C24EC-6697-420B-83BD-ACC4D1A42029	2237	OnTargetSpawnedMsg	0x146A35330	1	5	1	0	1	0	0	2	0
FFCD4567-B4DD-41E6-AF1A-392E3E75A0AF	2239	RequestCrashMsg	0x146A36E00		1	0	0	0	0	0	0	0
977850BD-17CA-4625-A234-76A796D4035A	2240	RequestShutdownTargetMsg	0x146A36090	1	5	1	0	1	0	0	2	0
F75C3DCC-BBA2-4263-A8F3-80800F1B2EFE	2241	RequestSpawnTargetMsg	0x146A34D50	1	5	1	0	1	0	0	2	0
51713D60-46B8-4EBE-B112-C22059095FE5	2243	StartTestMsg	0x146A34140		1	0	0	0	0	0	0	0
31A77472-6EC7-473C-AEF2-23E0F2B9A0C6	2245	OnPeerChangedMsg	0x146A39100	2	9	2	0	2	0	0	4	0
1733CE39-0285-45E0-A093-EA35DC476F8A	2246	RoutingSubTestCoordinatorActor	0x146A3AC20		19	0	0	0	0	0	0	0
DE647312-5FB6-437A-8567-2707034ED8CC	2251	InitMsg	0x146A3B4F0	1	2	1	0	0	0	0	1	0
