component	direction	method
AIManagerComponent	ClientFacet	SyncDebugInfo
AIManagerComponent	ServerFacet	GetDebugDataClientMessage
AIManagerComponent	ServerFacet	RegisterClientForDebug
AIManagerComponent	ServerFacet	UnregisterClientForDebug
AIObjectiveManagerComponent	ServerFacet	DebugSetRaidId
AIObjectiveManagerComponent	ServerFacet	ToggleAssignmentDisplay
AIPatrolComponent	ClientFacet	SyncAllWaypoints
AIPatrolComponent	ServerFacet	RegisterClientForDebugOption
AIPatrolComponent	ServerFacet	SetNextWaypoint
AITargetCollectorComponent	ClientFacet	SyncDebugData
AITargetSelectorComponent	ClientFacet	ReceiveAggroDelay
AITargetSelectorComponent	ClientFacet	ReceiveDetailedTargetInfo
AITargetSelectorComponent	ClientFacet	ReceiveReachabilityRange
AITargetSelectorComponent	ClientFacet	ReceiveTargetInfo
AITargetSelectorComponent	ServerFacet	StartDebugging
AITargetSelectorComponent	ServerFacet	StopDebugging
AITargetableComponent	ClientFacet	OnSelectedAsTarget
AITargetableComponent	ClientFacet	OnUnSelectedAsTarget
AITargetableComponent	ClientFacet	SyncDebugData
AITargetableComponent	ServerFacet	DebugIgnoreCharacter
AITargetableComponent	ServerFacet	DebugStopIgnoringCharacter
AbilityComponent	ClientFacet	MasteryTreeRespecResponse
AbilityComponent	ServerFacet	DebugRequestAddAbilityPoints
AbilityComponent	ServerFacet	Debug_IgnorePvpCooldownBalance
AbilityComponent	ServerFacet	Debug_IgnorePvpHealingBalance
AbilityComponent	ServerFacet	RequestApplyAbilityPoints
AbilityComponent	ServerFacet	RequestChangeMappedAbility
AbilityComponent	ServerFacet	RequestChangeSelectedTable
AbilityComponent	ServerFacet	RequestMasteryTreeRespec
AbilityComponent	ServerFacet	RequestRefundSpentPoints
AchievementComponent	ClientFacet	DebugAllNPAsServerStateResponse
AchievementComponent	ClientFacet	DebugIndividualNPAServerStateResponse
AchievementComponent	ServerFacet	DebugRequestAllEvaluatedNPAsServerState
AchievementComponent	ServerFacet	DebugRequestForceEvaluateAllNPAs
AchievementComponent	ServerFacet	DebugRequestForceEvaluateIndividualNPA
AchievementComponent	ServerFacet	DebugRequestIndividualNPAServerState
AchievementComponent	ServerFacet	DebugSetAchievement
AchievementComponent	ServerFacet	DebugSetAchievementsByLoreChapter
AchievementComponent	ServerFacet	DebugSetAllAchievements
AchievementComponent	ServerFacet	DebugSetAzothStaffAchievement
AchievementComponent	ServerFacet	DebugSetCampingAchievement
AchievementComponent	ServerFacet	DebugSetFactionRankAchievements
AchievementComponent	ServerFacet	RequestEndgameGuideAchievement
AchievementComponent	ServerFacet	RequestSetAchievementConditional
AchievementComponent	ServerFacet	SetAchievementsByCategory
ActionConditionCacheComponent	ServerFacet	SetCachingDisabled
ActionListComponent	ClientFacet	AFKWarning
ActionListComponent	ClientFacet	ClientSyncDetailedReaction
ActionListComponent	ClientFacet	DEBUG_SetAfkTimer
ActionListComponent	ClientFacet	OnActionStarted
ActionListComponent	ClientFacet	OnServerSpreadshotProcessed
ActionListComponent	ClientFacet	PlayHitScanEffects
ActionListComponent	ServerFacet	DEBUG_ForcePersistLocation
ActionListComponent	ServerFacet	DEBUG_GetAfkTimer
ActionListComponent	ServerFacet	DEBUG_ReloadMannequin
ActionListComponent	ServerFacet	DEBUG_SetACKTimeOut
ActionListComponent	ServerFacet	DEBUG_SetAfkTimer
ActionListComponent	ServerFacet	DEBUG_SetAsyncFixedStep
ActionListComponent	ServerFacet	DEBUG_SetAttackDeceleration
ActionListComponent	ServerFacet	DEBUG_SetDrawClipToNavmeshRaycast
ActionListComponent	ServerFacet	DEBUG_SetDrawGroundNormal
ActionListComponent	ServerFacet	DEBUG_SetDrawLastServerPos
ActionListComponent	ServerFacet	DEBUG_SetDrawLastValidNavPos
ActionListComponent	ServerFacet	DEBUG_SetFlyingMode
ActionListComponent	ServerFacet	DEBUG_SetInputTimeOut
ActionListComponent	ServerFacet	DEBUG_SetInputsThrottled
ActionListComponent	ServerFacet	DEBUG_SetOneHitKillMode
ActionListComponent	ServerFacet	DEBUG_SetParam
ActionListComponent	ServerFacet	DEBUG_SetParamFloat
ActionListComponent	ServerFacet	DEBUG_SetPreventSpeedHacking
ActionListComponent	ServerFacet	DEBUG_SetUseHitScan
ActionListComponent	ServerFacet	DEBUG_SetUseMeleeShapeCastLosCheckQueries
ActionListComponent	ServerFacet	DebugHitScan
ActionListComponent	ServerFacet	FireProjectile
ActionListComponent	ServerFacet	QueueAction
ActionListComponent	ServerFacet	ReceiveDisplayReactionWindow
ActionListComponent	ServerFacet	ReceiveInputFromClient
ActionListComponent	ServerFacet	ReceiveStateCaptureAction
ActionListComponent	ServerFacet	RequestDebugInfo
ActionListComponent	ServerFacet	RequestEntityDebugInfo
ActionListComponent	ServerFacet	RequestSpreadshot
ActionListComponent	ServerFacet	SetInputsThrottled
AlignToTerrainComponent	ClientFacet	DEBUG_RequestServerInfoResponse
AlignToTerrainComponent	ServerFacet	DEBUG_EnableDrawServerGroundNormal
AlignToTerrainComponent	ServerFacet	DEBUG_RequestServerInfo
AoiComponent	ClientFacet	RequestDebugGridDataResponse
AoiComponent	ClientFacet	RequestDebugGridLayerListResponse
AoiComponent	ServerFacet	DebugAssignGridLayer
AoiComponent	ServerFacet	DebugResetAoiTracking
AoiComponent	ServerFacet	RequestDebugGridData
AoiComponent	ServerFacet	RequestDebugGridLayerList
AreaSpawnerComponent	ClientFacet	InitialDebugInfo
AreaSpawnerComponent	ClientFacet	SyncDebugInfo
AreaSpawnerComponent	ServerFacet	DebugResetRespawnTime
AreaSpawnerComponent	ServerFacet	DebugUpdateLiveCount
AreaSpawnerComponent	ServerFacet	DebugUpdateRespawnTime
AreaSpawnerComponent	ServerFacet	RegisterClientForDebug
AreaSpawnerComponent	ServerFacet	ToggleDebugRender
AreaSpawnerComponent	ServerFacet	UnregisterClientForDebug
ArenaComponent	ClientFacet	OnArenaActivateResult
AttributeComponent	ServerFacet	DebugRequestAddAttributePoints
AttributeComponent	ServerFacet	DebugRequestMaxAttributes
AttributeComponent	ServerFacet	RequestRefundSpentPoints
AttributeComponent	ServerFacet	RequestSpendAttributePoints
AttributeComponent	ServerFacet	SetPlacingBonusBehavior
AutoSpellComponent	ClientFacet	OnLifetimeExpire
AutoSpellComponent	ClientFacet	OnSpellCast
BeamAttackComponent	ServerFacet	SetBeamActive
BehaviorTreeComponent	ClientFacet	ClearDebugSnapshot
BehaviorTreeComponent	ClientFacet	ReceiveDebugSnapshot
BehaviorTreeComponent	ClientFacet	SyncPausePlanning
BehaviorTreeComponent	ServerFacet	DebugAssignBehaviorTreeAsset
BehaviorTreeComponent	ServerFacet	DebugNode
BehaviorTreeComponent	ServerFacet	DebugPositionSelection
BehaviorTreeComponent	ServerFacet	DebugSetBehaviorTreeNodeOverrideFlag
BehaviorTreeComponent	ServerFacet	InvalidatePlan
BehaviorTreeComponent	ServerFacet	PauseTreeUpdates
BehaviorTreeComponent	ServerFacet	RegisterClientForDebugSnapshots
BehaviorTreeComponent	ServerFacet	StepTreeUpdate
BehaviorTreeComponent	ServerFacet	UnregisterClientForDebugSnapshots
BlackboardComponent	ClientFacet	SyncDebugData
BossPhaseComponent	ServerFacet	DebugRequestPhaseChange
BotComponent	ClientFacet	ClDebugSpawnSliceCallback
BotComponent	ClientFacet	ClHeartbeatRequest
BotComponent	ClientFacet	ClReceiveServerRegistry
BotComponent	ClientFacet	ClSetRegistryValueGDERef
BotComponent	ClientFacet	ClSetRegistryValueString
BotComponent	ClientFacet	ClSetRegistryValueVector
BotComponent	ClientFacet	ClientBootstrapResponse
BotComponent	ClientFacet	ClientCheckGuildNameAvailableResponse
BotComponent	ClientFacet	ClientCreateGuildResponse
BotComponent	ClientFacet	ClientDeleteGuildResponse
BotComponent	ClientFacet	ClientGetByContentResponse
BotComponent	ClientFacet	ClientGetByOrderingResponse
BotComponent	ClientFacet	ClientGetGuildResponse
BotComponent	ClientFacet	ClientOnGetCharacterResponse
BotComponent	ClientFacet	ClientOnNamePrefixSearchResponse
BotComponent	ClientFacet	ClientOnPublishCharacterMetadataResponse
BotComponent	ClientFacet	ClientOnPublishCharacterSocialDataResponse
BotComponent	ClientFacet	ClientPatchGuildResponse
BotComponent	ClientFacet	ClientReceiveClosestPtOnNavMesh
BotComponent	ClientFacet	ClientReceiveGridLayoutInfo
BotComponent	ClientFacet	ClientReceiveGridSpace
BotComponent	ClientFacet	ClientReceivePath
BotComponent	ClientFacet	PlayerTeleportCanceled
BotComponent	ClientFacet	PlayerTeleportDenied
BotComponent	ClientFacet	PlayerTeleportExecuted
BotComponent	ClientFacet	PlayerTeleportFailed
BotComponent	ClientFacet	ReceiveBotLocationResponse
BotComponent	ClientFacet	ReceiveRegisteredBotsResponse
BotComponent	ClientFacet	ReceiveServerMessageCountsRequest
BotComponent	ClientFacet	ReceiveServerMessageCountsResponse
BotComponent	ClientFacet	ReceiveServerMessageHistoryRequest
BotComponent	ClientFacet	ReceiveServerMessageHistoryResponse
BotComponent	ClientFacet	ReceiveServerPickRandomEntityInAabbResponse
BotComponent	ClientFacet	ReceiveServerTransformChange
BotComponent	ClientFacet	RemoteScriptDebugVictimGetStatus
BotComponent	ClientFacet	RemoteScriptDebugVictimStart
BotComponent	ClientFacet	RemoteScriptDebugVictimStep
BotComponent	ClientFacet	RemoteScriptDebugVictimStop
BotComponent	ClientFacet	RemoteScriptDebuggerStatusResponse
BotComponent	ServerFacet	AutoGroup
BotComponent	ServerFacet	CheckGuildNameAvailable
BotComponent	ServerFacet	ClearAllBotGroups
BotComponent	ServerFacet	CreateGuild
BotComponent	ServerFacet	CreateOrJoinDungeon
BotComponent	ServerFacet	DebugJoinDungeonQueue
BotComponent	ServerFacet	DeleteGuild
BotComponent	ServerFacet	DestroyDungeon
BotComponent	ServerFacet	GetByContent
BotComponent	ServerFacet	GetByOrdering
BotComponent	ServerFacet	GetGuild
BotComponent	ServerFacet	InitTransaction
BotComponent	ServerFacet	OrchestrationOnTaskCompletion
BotComponent	ServerFacet	PatchGuild
BotComponent	ServerFacet	ReceiveBotLocationRequestFromMyClient
BotComponent	ServerFacet	ReceiveClientHeartbeatResponse
BotComponent	ServerFacet	ReceiveMessageCountsRequestFromMyClient
BotComponent	ServerFacet	ReceiveMessageCountsResponseFromMyClient
BotComponent	ServerFacet	ReceiveMessageHistoryRequestFromMyClient
BotComponent	ServerFacet	ReceiveMessageHistoryResponseFromMyClient
BotComponent	ServerFacet	ReceivePickRandomEntityInAabb
BotComponent	ServerFacet	ReceiveRegisteredBotsRequestFromMyClient
BotComponent	ServerFacet	ReceiveSubscribeToTransformChanges
BotComponent	ServerFacet	ReceiveUnsubscribeFromTransformChanges
BotComponent	ServerFacet	RegisterBotForOrchestration
BotComponent	ServerFacet	RemoteScriptDebugVictimStatusResponse
BotComponent	ServerFacet	RequestBootstrapAlongPath
BotComponent	ServerFacet	RequestBootstrapAroundRadius
BotComponent	ServerFacet	ServerGetCharacterData
BotComponent	ServerFacet	ServerNamePrefixSearch
BotComponent	ServerFacet	ServerProcessBotTaskReports
BotComponent	ServerFacet	ServerPublishCharacterMetadata
BotComponent	ServerFacet	ServerPublishCharacterSocialData
BotComponent	ServerFacet	ServerRegisterBot
BotComponent	ServerFacet	ServerReportBotTaskEnd
BotComponent	ServerFacet	ServerReportBotTaskStart
BotComponent	ServerFacet	ServerRequestClosestPtOnNav
BotComponent	ServerFacet	ServerRequestGridLayoutInfo
BotComponent	ServerFacet	ServerRequestGridSpace
BotComponent	ServerFacet	ServerRequestPath
BotComponent	ServerFacet	SetGroupRegistryValue
BotComponent	ServerFacet	SpawnSlice
BotComponent	ServerFacet	StopActors
BotComponent	ServerFacet	StopAllActors
BotComponent	ServerFacet	SyncClientRegistryFromServer
BotComponent	ServerFacet	SyncServerRegistryFromClient
BotComponent	ServerFacet	UnregisterBotForOrchestration
BuilderComponent	ClientFacet	SyncData
BuilderComponent	ClientFacet	SyncPlacementRequestResults
BuilderComponent	ServerFacet	DebugRequestEnableFreeCamps
BuilderComponent	ServerFacet	OnClientRequestStopApplyingResources
BuilderComponent	ServerFacet	RequestBuildDefensiveStructure
BuilderComponent	ServerFacet	RequestCancelPlacingStructure
BuilderComponent	ServerFacet	RequestPlaceStructure
CampingComponent	ClientFacet	CampReconnectFailure
CampingComponent	ClientFacet	DemolishCamp
CampingComponent	ServerFacet	RequestDebugInstantBuildCamp
CampingComponent	ServerFacet	RequestDebugResetCampBindCooldown
CampingComponent	ServerFacet	RequestDemolishCamp
CampingComponent	ServerFacet	RequestSetCampSkinId
CapturePointComponent	ClientFacet	OnSiegeBegan
CapturePointComponent	ClientFacet	OnSiegeEnded
CapturePointComponent	ServerFacet	DEBUG_CaptureForAttackers
CapturePointComponent	ServerFacet	DEBUG_CaptureForDefenders
CapturePointComponent	ServerFacet	DEBUG_CaptureForFaction1
CapturePointComponent	ServerFacet	DEBUG_CaptureForFaction2
CapturePointComponent	ServerFacet	DEBUG_CaptureForFaction3
CapturePointComponent	ServerFacet	DEBUG_SetCapturePointFlag
CapturePointComponent	ServerFacet	DEBUG_Unlock
CategoricalProgressionComponent	ServerFacet	DebugClearCategoricalProgression
CategoricalProgressionComponent	ServerFacet	DebugClearProgression
CategoricalProgressionComponent	ServerFacet	DebugMaxAllFactionStanding
CategoricalProgressionComponent	ServerFacet	DebugMaxAllProgression
CategoricalProgressionComponent	ServerFacet	DebugMaxFactionStanding
CategoricalProgressionComponent	ServerFacet	DebugMaxOrClearAffinityProgressions
CategoricalProgressionComponent	ServerFacet	DebugMaxRepairParts
CategoricalProgressionComponent	ServerFacet	DebugMaxTerritoryStanding
CategoricalProgressionComponent	ServerFacet	DebugMaxTradeskills
CategoricalProgressionComponent	ServerFacet	DebugMaxWeaponMastery
CategoricalProgressionComponent	ServerFacet	DebugModifyProgression
CategoricalProgressionComponent	ServerFacet	DebugPurchaseRankIncrease
CategoricalProgressionComponent	ServerFacet	DebugSetProgressionRank
CategoricalProgressionComponent	ServerFacet	DebugWritePersistenceToFile
CharacterComponent	ClientFacet	RequestDisableCollision
CharacterComponent	ClientFacet	RequestEnableCollision
CharacterComponent	ServerFacet	DebugChangeCharacterCollider
CharacterComponent	ServerFacet	DebugRequestDisableCollision
CharacterComponent	ServerFacet	DebugRequestEnableCollision
CharacterComponent	ServerFacet	DebugSetStepping
CharacterComponent	ServerFacet	DebugUnregisterFromGrid
ChargeComponent	ClientFacet	ClientForceSyncServerStateRemote
ChargeComponent	ClientFacet	ClientSyncMaxCharge
ChargeComponent	ClientFacet	ClientSyncServerState
ChargeComponent	ServerFacet	Debug_OnChargeGodModeChanged
ChargeComponent	ServerFacet	Debug_SetCurrentCharge
ChargeComponent	ServerFacet	ForceServerSyncRequestedFromClient
ChatComponent	ClientFacet	OnChatMuteCleared
ChatComponent	ClientFacet	OnChatMuteSet
ChatComponent	ClientFacet	OnCrossWorldChatSubscriptionsResponse
ChatComponent	ClientFacet	ReceiveBatchedChatMessages
ChatComponent	ClientFacet	ReceiveChatMessage
ChatComponent	ClientFacet	ReceiveLocalizedSystemChatMessage
ChatComponent	ServerFacet	AddSubscription
ChatComponent	ServerFacet	AddSubscriptions
ChatComponent	ServerFacet	ClearGmPermissions
ChatComponent	ServerFacet	DebugRequestCrossWorldChatSubscriptions
ChatComponent	ServerFacet	RemoveSubscription
ChatComponent	ServerFacet	RequestClearChatMuteFromClient
ChatComponent	ServerFacet	RequestSetChatMute
ChatComponent	ServerFacet	SendChatErrorMessage
ChatComponent	ServerFacet	SendChatErrorMessageToOther
ChatComponent	ServerFacet	SendChatMessage
ChatComponent	ServerFacet	SendChatThrottlingCommand
ChatComponent	ServerFacet	SetCrossplayCommunicationEnabled
ChatComponent	ServerFacet	SetGmPermissions
ChatComponent	ServerFacet	SetLanguageEnum
ChatComponent	ServerFacet	SetProfanityFilterEnabled
CombatTextComponent	ClientFacet	AddCombatTextData
CombatTextComponent	ClientFacet	AddCombatValidationData
CombatTextComponent	ServerFacet	ToggleCombatValidationData
ContainerComponent	ClientFacet	OnItemsConverted
ContainerComponent	ServerFacet	DEBUG_ServerCreateItem
ContainerComponent	ServerFacet	DEBUG_ServerCreateItemList
ContainerComponent	ServerFacet	DEBUG_ServerCreateItems
ContainerComponent	ServerFacet	DEBUG_ServerDamageAllItems
ContainerComponent	ServerFacet	DEBUG_ServerRemoveItems
ContainerComponent	ServerFacet	DEBUG_ServerResetMSG
ContainerComponent	ServerFacet	DEBUG_SetItemInstanceId
ContainerComponent	ServerFacet	ServerDropItem
ContainerComponent	ServerFacet	ServerUseItem
ContainerComponent	ServerFacet	SetNextItemChrono
ContractsComponent	ClientFacet	OnAcceptContract
ContractsComponent	ClientFacet	OnCancelContract
ContractsComponent	ClientFacet	OnContractActionFailed
ContractsComponent	ClientFacet	OnCreateContract
ContractsComponent	ClientFacet	OnCreateContractId
ContractsComponent	ClientFacet	OnExpireContract
ContractsComponent	ClientFacet	OnFailContract
ContractsComponent	ClientFacet	OnFullyCompleteContract
ContractsComponent	ClientFacet	OnLookupContracts
ContractsComponent	ClientFacet	OnLookupContractsByParticipant
ContractsComponent	ClientFacet	OnPartiallyCompleteContract
ContractsComponent	ClientFacet	OnResolveContract
ContractsComponent	ClientFacet	OnSearchAggregateTopHitsByFieldContracts
ContractsComponent	ClientFacet	OnSearchAggregateTopHitsByMatchContracts
ContractsComponent	ClientFacet	OnSearchContracts
ContractsComponent	ClientFacet	OnTransferContract
ContractsComponent	ServerFacet	AcceptContractRequest
ContractsComponent	ServerFacet	CompleteContractRequest
ContractsComponent	ServerFacet	CompleteDebugContract
ContractsComponent	ServerFacet	CreateContractRequest
ContractsComponent	ServerFacet	CreateDebugContract
ContractsComponent	ServerFacet	DebugUpdateContractDuration
ContractsComponent	ServerFacet	InitiateServerTransferCheck
ContractsComponent	ServerFacet	LookupContracts
ContractsComponent	ServerFacet	LookupContractsByParticipant
ContractsComponent	ServerFacet	SearchContracts
ContractsComponent	ServerFacet	SearchTopHitsByFieldContracts
ContractsComponent	ServerFacet	SearchTopHitsByMatchContracts
ContractsComponent	ServerFacet	SetDebugSendContractEventsToClient
ContractsComponent	ServerFacet	TestMakeGoodWorldTransfer
ContractsComponent	ServerFacet	TransferContract
ContractsComponent	ServerFacet	UpdateDebugContract
ContributionComponent	ServerFacet	DebugKillEvent
ContributionTrackerComponent	ClientFacet	DebugSyncClient
ContributionTrackerComponent	ServerFacet	RequestDebugInfoEnabled
ConversationComponent	ServerFacet	DebugSetAchievementConditional
ConversationComponent	ServerFacet	DebugUnlockPrerequisites
ConversationComponent	ServerFacet	OnFinishedConversationTopicsFromClient
ConversationComponent	ServerFacet	RequestAcceptObjective
ConversationComponent	ServerFacet	RequestCompleteObjective
ConversationComponent	ServerFacet	RequestConversationTopicFromClient
ConversationComponent	ServerFacet	RequestDebugConversation
CooldownTimersComponent	ClientFacet	ClientForceSyncServerState
CooldownTimersComponent	ClientFacet	ClientSyncServerState
CooldownTimersComponent	ServerFacet	Debug_ClearAllCooldowns
CooldownTimersComponent	ServerFacet	Debug_OnCooldownsGodModeChanged
CooldownTimersComponent	ServerFacet	Debug_ResetGeneralCooldown
CooldownTimersComponent	ServerFacet	ForceServerSyncRequestedFromClient
CraftingComponent	ClientFacet	OnCraftingProgressUpdate
CraftingComponent	ClientFacet	OnSyncCraftingKits
CraftingComponent	ServerFacet	CancelCrafting
CraftingComponent	ServerFacet	Debug_ClearCooldown
CraftingComponent	ServerFacet	Debug_GiveRecipeItems
CraftingComponent	ServerFacet	Debug_SetRequiredLevelLimit
CraftingComponent	ServerFacet	InitiateInventoryItemDye
CraftingComponent	ServerFacet	InitiateMountDye
CraftingComponent	ServerFacet	InitiatePaperdollDye
CraftingComponent	ServerFacet	InitiateSalvage
CraftingComponent	ServerFacet	InitiateSalvageByClass
CraftingComponent	ServerFacet	SalvageItemsInInventory
CraftingComponent	ServerFacet	SetCraftingDetails
CurrencyComponent	ClientFacet	OnCurrencyLost
CurrencyComponent	ClientFacet	OnCurrencyTransferRefund
CurrencyComponent	ServerFacet	GmSetCurrency
CurrencyConversionComponent	ServerFacet	RequestCurrencyConversion
CurrencyConversionComponent	ServerFacet	RequestExecuteTradingPostTransaction
DamageReceiverComponent	ClientFacet	DisplayImmuneText
DamageReceiverComponent	ClientFacet	HandleMeleeDamage
DamageReceiverComponent	ClientFacet	OnDamageDealt
DamageReceiverComponent	ServerFacet	DebugHandleDamage
DarknessControllerComponent	ClientFacet	SyncRegistrationInformation
DarknessControllerComponent	ClientFacet	SyncStateInformation
DarknessControllerComponent	ServerFacet	ActivateGroupDebug
DarknessControllerComponent	ServerFacet	HardReset
DarknessControllerComponent	ServerFacet	HardResetAll
DarknessControllerComponent	ServerFacet	RegisterClientForDebug
DarknessControllerComponent	ServerFacet	ResetAndSetupForNewCycleDebug
DarknessControllerComponent	ServerFacet	SimulateDarknessForDurationDebug
DarknessControllerComponent	ServerFacet	UnregisterClientForDebug
DebugComponent	ClientFacet	OnAiSpawnInfoResponce
DebugComponent	ClientFacet	OnAiSpawnInfoTimeout
DebugComponent	ClientFacet	OnIgnoredByAIReceived
DebugComponent	ClientFacet	OnToggleGodModeReceived
DebugComponent	ClientFacet	ReceiveConfigValue
DebugComponent	ServerFacet	FakeAISpawnRequests
DebugComponent	ServerFacet	ResetTradeSkillFromClient
DebugComponent	ServerFacet	RespondGodModeRequest
DebugComponent	ServerFacet	RespondIgnoredByAIRequest
DebugComponent	ServerFacet	SendAiSpawnInfoRequest
DebugComponent	ServerFacet	ServerGetStackConfig
DebugComponent	ServerFacet	SetGodModeFromClient
DebugComponent	ServerFacet	SetIgnoredByAIFromClient
DebugComponent	ServerFacet	SetInvincibilityFromClient
DebugComponent	ServerFacet	SetInvulnerabilityFromClient
DebugComponent	ServerFacet	StartLogging
DebugComponent	ServerFacet	StopLogging
DebugComponent	ServerFacet	SyncCameraRelativeMotionFromClient
DebugComponent	ServerFacet	TestHttpClientShutdown
DebugComponent	ServerFacet	UpdateLogChannels
DebugConsolePlayerComponent	ServerFacet	EnableReplication
DebugConsolePlayerComponent	ServerFacet	TeleportToPlayer
DebugRenderComponent	ClientFacet	AddShapes
DebugVisualizationComponent	ClientFacet	AddShape
DebugVisualizationComponent	ClientFacet	ConfigScreenLogClient
DelayedEventComponent	ClientFacet	SyncState
DestroyOnSiegeWarfareComponent	ServerFacet	DEBUG_TestOnSiegeBegan
DestroyOnSiegeWarfareComponent	ServerFacet	DEBUG_TestOnSiegeEnded
DetectionVolumeComponent	ServerFacet	ToggleDebugRenderEnterExitEvents
DetectionVolumeTeleportComponent	ClientFacet	SyncDebugData
DifficultyScaledByParticipantsComponent	ClientFacet	SyncDebugData
EconomyTrackerComponent	ClientFacet	Debug_OnSyncMonitorData
EconomyTrackerComponent	ServerFacet	Debug_ResetMonitorData
EconomyTrackerComponent	ServerFacet	Debug_SyncMonitorData
EncounterComponent	ClientFacet	SyncStateChange
EncounterComponent	ServerFacet	DebugCompleteObjective
EncounterManagerComponent	ClientFacet	SyncDebugInfo
EncounterManagerComponent	ServerFacet	DebugResetEncounter
EncounterManagerComponent	ServerFacet	DebugStartEncounter
EncounterManagerComponent	ServerFacet	RegisterClientForDebug
EncounterManagerComponent	ServerFacet	UnregisterClientForDebug
EncounterRewardsComponent	ClientFacet	OnSyncEncounterRewards
EncounterRewardsComponent	ServerFacet	Debug_DistributeRewards
EntitlementComponent	ClientFacet	DebugReceiveInitializeTransactionResult
EntitlementComponent	ClientFacet	DebugReceiveRefundTransactionResult
EntitlementComponent	ClientFacet	DebugReceiveTransactionResult
EntitlementComponent	ClientFacet	OnClaimEntitlementFail
EntitlementComponent	ClientFacet	OnClaimEntitlementSuccess
EntitlementComponent	ClientFacet	OnMutePenaltyNotExpired
EntitlementComponent	ClientFacet	OnRequestFail
EntitlementComponent	ClientFacet	OnRequestInitialized
EntitlementComponent	ClientFacet	OnRequestSuccess
EntitlementComponent	ClientFacet	OnShowPenaltyMessage
EntitlementComponent	ServerFacet	ClientConfirmTransaction
EntitlementComponent	ServerFacet	ClientDeleteTransaction
EntitlementComponent	ServerFacet	ClientInitializeTransaction
EntitlementComponent	ServerFacet	ClientTransactionCancelled
EntitlementComponent	ServerFacet	ConfirmTransactionWithClientTransactionId
EntitlementComponent	ServerFacet	DebugRefundTransaction
EntitlementComponent	ServerFacet	DebugRemoveAllConsumableEntitlements
EntitlementComponent	ServerFacet	DebugRequestLockGameplayEntitlement
EntitlementComponent	ServerFacet	DebugRequestUnlockGameplayEntitlement
EntitlementComponent	ServerFacet	DebugSetEntitlement
EntitlementComponent	ServerFacet	DebugSetTransactionResponseReceiver
EntitlementComponent	ServerFacet	InitializeTransaction
EntitlementComponent	ServerFacet	RequestClaimEntitlement
EntitlementComponent	ServerFacet	RequestMutePenaltyExpired
EntitlementComponent	ServerFacet	RequestResetEntitlements
EntitlementComponent	ServerFacet	RequestServerGetEntitlements
EntitlementComponent	ServerFacet	RequestServerSyncEntitlements
EntitlementComponent	ServerFacet	RequestSyncPrimeGaming
EventNotificationComponent	ClientFacet	RequestSendNotification
EventNotificationComponent	ClientFacet	RequestSendNotificationWithReplacements
EventNotificationComponent	ClientFacet	SyncNotifications
EventNotificationComponent	ServerFacet	NotificationSent
EventNotificationComponent	ServerFacet	RequestClearNotifications
EventNotificationComponent	ServerFacet	RequestSetNotificationsEnabled
EventTimelineComponent	ServerFacet	DebugSkipToTimelineIndex
ExampleComponent	ClientFacet	ClientMethodCallableFromServerFacet
ExampleComponent	ServerFacet	ServerDebugMethodCallableFromClientFacet
ExampleComponent	ServerFacet	ServerGmMethodCallableFromClientFacet
ExampleComponent	ServerFacet	ServerMethodCallableFromClientFacet
ExampleFacetedComponent	ClientFacet	FunctionCalledFromTheServer
ExampleFacetedComponent	ClientFacet	OnPortrayedFromTheServer
ExampleFacetedComponent	ServerFacet	FunctionCalledFromTheClient
FactionComponent	ClientFacet	DEBUG_OnSyncDispersalData
FactionComponent	ClientFacet	OnHandleCrowdDispersalWarning
FactionComponent	ServerFacet	DEBUG_SetNearbyPlayerCount
FactionComponent	ServerFacet	DEBUG_SyncDispersalData
FactionComponent	ServerFacet	Debug_EnablePvpValueDebugging
FactionComponent	ServerFacet	Debug_ForcePvpTime
FactionComponent	ServerFacet	Debug_ForcePvpValue
FactionComponent	ServerFacet	Debug_ResetFactionCooldown
FactionComponent	ServerFacet	Debug_SetFaction
FactionComponent	ServerFacet	Debug_SetFactionChangeCount
FactionComponent	ServerFacet	Debug_ToggleFFACountdown
FactionComponent	ServerFacet	Debug_ToggleFFAFlag
FactionComponent	ServerFacet	Debug_TogglePvpFlag
FactionComponent	ServerFacet	RequestEnablePvpFlagFromClient
FactionComponent	ServerFacet	RequestSetFaction
FactionComponent	ServerFacet	RequestTogglePvpFlag
FishingComponent	ClientFacet	OnBaitDataReceived
FishingComponent	ClientFacet	OnBobberPositionReceived
FishingComponent	ClientFacet	OnFishingCatchDataReceived
FishingComponent	ClientFacet	OnNotifyPersonalBest
FishingComponent	ServerFacet	ApplyBaitAction
FishingComponent	ServerFacet	CloseBaitBoxAction
FishingComponent	ServerFacet	DebugApplyBaitAction
FishingComponent	ServerFacet	DebugCloseBaitBoxAction
FishingComponent	ServerFacet	DebugOpenBaitBoxAction
FishingComponent	ServerFacet	DebugResetFishingAction
FishingComponent	ServerFacet	DebugSetForcedFishBehaviorId
FishingComponent	ServerFacet	DebugSetForcedFishId
FishingComponent	ServerFacet	DebugSetLootRollModifier
FishingComponent	ServerFacet	DebugUpdateDebugParams
FishingComponent	ServerFacet	OnFishingStateReceived
FishingComponent	ServerFacet	OpenBaitBoxAction
GameEventComponent	ServerFacet	DebugGrantEventRewards
GameEventComponent	ServerFacet	DebugSetForceDropAIAzoth
GameEventComponent	ServerFacet	DebugSetForceDropAICoin
GameEventComponent	ServerFacet	ResetDailyBonuses
GameMasterComponent	ClientFacet	OnWarDataReceived
GameMasterComponent	ClientFacet	TeleportToPlayerFailed
GameMasterComponent	ServerFacet	GiveGoldToPlayer
GameMasterComponent	ServerFacet	RemoveSubscriptionFromRemotePlayerInventory
GameMasterComponent	ServerFacet	ResetClaimOwnership
GameMasterComponent	ServerFacet	ResetDailyWarCountForAllPlayers
GameMasterComponent	ServerFacet	ResetDailyWarCountForPlayer
GameMasterComponent	ServerFacet	ResetPlaytestBroker
GameMasterComponent	ServerFacet	SubscribeToRemotePlayerInventory
GameMasterComponent	ServerFacet	TeleportPlayerToCurrentLocation
GameMasterComponent	ServerFacet	TeleportPlayerToMeByCharacterId
GameMasterComponent	ServerFacet	TeleportToPlayerByCharacterId
GameModeComponent	ClientFacet	OnReceivedDebugMessageFromServer
GameModeComponent	ServerFacet	DebugRequestGameModeEvent
GameModeComponent	ServerFacet	DebugRequestSetScriptState
GameModeComponent	ServerFacet	DebugSaveProceduralGeneration
GameModeComponent	ServerFacet	DebugSetDynamicDifficulty
GameModeComponent	ServerFacet	DebugSetNumReadiedUpPlayersRequired
GameModeComponent	ServerFacet	DebugSetReadiedUpStatus
GameModeComponent	ServerFacet	RequestDebugStop
GameModeComponent	ServerFacet	RequestSetBackfill
GameModeComponent	ServerFacet	RequestShowDebugMessage
GameModeMutationSchedulerComponent	ServerFacet	DEBUG_RequestRefreshMutationSchedule
GameModeMutationSchedulerComponent	ServerFacet	DEBUG_RequestSetMutationForGameMode
GameModeMutationSchedulerComponent	ServerFacet	DEBUG_RequestStartMutationCadenceTimers
GameModeParticipantComponent	ClientFacet	DebugOnRecieveProceduralLevelJson
GameModeParticipantComponent	ClientFacet	DebugReceiveGameModeStatus
GameModeParticipantComponent	ClientFacet	OnAcceptMatchmakingServiceMatchIgnoredMsg
GameModeParticipantComponent	ClientFacet	OnDebugPersistentValuesMsg
GameModeParticipantComponent	ClientFacet	OnDebugQueuedActivitiesReceived
GameModeParticipantComponent	ClientFacet	OnGameModeLongTimeoutMsg
GameModeParticipantComponent	ClientFacet	OnGameModePlayerRemovedUpdate
GameModeParticipantComponent	ClientFacet	OnGameModeSchedulerRefreshed
GameModeParticipantComponent	ClientFacet	OnInviteUpdateMsg
GameModeParticipantComponent	ClientFacet	OnLeftQueueForGameModeMsg
GameModeParticipantComponent	ClientFacet	OnMatchmakingForGameModeFailedMsg
GameModeParticipantComponent	ClientFacet	OnMatchmakingLoginRequested
GameModeParticipantComponent	ClientFacet	OnMatchmakingMatchCancelled
GameModeParticipantComponent	ClientFacet	OnMatchmakingPersistenceFailed
GameModeParticipantComponent	ClientFacet	OnMatchmakingRoleSelectionPhaseCanceled
GameModeParticipantComponent	ClientFacet	OnQueueForGameModeFailedMsg
GameModeParticipantComponent	ClientFacet	OnQueueGroupRemovedMsg
GameModeParticipantComponent	ClientFacet	OnReceiveDebugDungeonMasterStatus
GameModeParticipantComponent	ClientFacet	OnReceiveDebugMRV2UpdateData
GameModeParticipantComponent	ClientFacet	OnReceiveDebugRequestMGResponse
GameModeParticipantComponent	ClientFacet	OnReceiveDebugSyncMRV2
GameModeParticipantComponent	ClientFacet	OnStartCutsceneWithName
GameModeParticipantComponent	ClientFacet	OnStartMatchmakingRoleSelection
GameModeParticipantComponent	ClientFacet	OnStopCutsceneWithName
GameModeParticipantComponent	ClientFacet	PlayGameModeCinematic
GameModeParticipantComponent	ServerFacet	AcceptMatchmakingServiceMatch
GameModeParticipantComponent	ServerFacet	DbgRequestAdvanceToNextState
GameModeParticipantComponent	ServerFacet	DbgResetFlagOverride
GameModeParticipantComponent	ServerFacet	DbgSetFlag
GameModeParticipantComponent	ServerFacet	DebugDetermineAndGrantIncentiveRewards
GameModeParticipantComponent	ServerFacet	DebugGetQueuedActivities
GameModeParticipantComponent	ServerFacet	DebugJoinMatchmakingServiceQueue
GameModeParticipantComponent	ServerFacet	DebugJoinMatchmakingServiceV2Queue
GameModeParticipantComponent	ServerFacet	DebugLeaveMatchmakingServiceQueue
GameModeParticipantComponent	ServerFacet	DebugLoadProceduralLevelJson
GameModeParticipantComponent	ServerFacet	DebugReloadProceduralDatasheets
GameModeParticipantComponent	ServerFacet	DebugRequestGameModeStatuses
GameModeParticipantComponent	ServerFacet	DebugRequestMG
GameModeParticipantComponent	ServerFacet	DebugRequestProceduralLevelJson
GameModeParticipantComponent	ServerFacet	DebugResetPlayerMetadata
GameModeParticipantComponent	ServerFacet	DebugSetMatchmakingRole
GameModeParticipantComponent	ServerFacet	DebugSetPlayerMetadata
GameModeParticipantComponent	ServerFacet	DebugStartMatch
GameModeParticipantComponent	ServerFacet	OnMatchmakingLoginConfirmed
GameModeParticipantComponent	ServerFacet	OnReceivedClientEvent
GameModeParticipantComponent	ServerFacet	OnReceivedDebugClientEvent
GameModeParticipantComponent	ServerFacet	OnRequestEndGameModeCinematic
GameModeParticipantComponent	ServerFacet	RequestCancelMatchmakingRoleSelectionPhase
GameModeParticipantComponent	ServerFacet	RequestDebugGetPersistentData
GameModeParticipantComponent	ServerFacet	RequestDebugQuickStart
GameModeParticipantComponent	ServerFacet	RequestDebugResetAllQueueEligibleTimes
GameModeParticipantComponent	ServerFacet	RequestDebugSetMRV2
GameModeParticipantComponent	ServerFacet	RequestDebugSetMatchmakingRating
GameModeParticipantComponent	ServerFacet	RequestDebugSetQueueEligibleTime
GameModeParticipantComponent	ServerFacet	RequestDebugSyncMRV2
GameModeParticipantComponent	ServerFacet	RequestJoinQueueForActivities
GameModeParticipantComponent	ServerFacet	RequestJoinQueueForGameMode
GameModeParticipantComponent	ServerFacet	RequestJoinQueueForRandomActivities
GameModeParticipantComponent	ServerFacet	RequestLeaveGameMode
GameModeParticipantComponent	ServerFacet	RequestLeaveQueueForAllGameModes
GameModeParticipantComponent	ServerFacet	RequestLeaveQueueForGameMode
GameModeParticipantComponent	ServerFacet	RequestModifyGroupEligibilityDataSubscription
GameModeParticipantComponent	ServerFacet	RequestSetMatchmakingRole
GameModeParticipantComponent	ServerFacet	SetReadiedUpStatus
GameTransformComponent	ServerFacet	PrintName
GatherableControllerComponent	ClientFacet	GatheringInterrupted
GatherableControllerComponent	ClientFacet	RequestOpenStorage
GatherableControllerComponent	ClientFacet	StartEmoteGathering
GatherableControllerComponent	ServerFacet	SetStateDebugClient
GatheringComponent	ClientFacet	OnEnteredProximityGatherable
GatheringComponent	ClientFacet	OnExitedProximityGatherable
GatheringComponent	ClientFacet	OnResourcesNotGranted
GatheringComponent	ClientFacet	StartEmoteGathering
GatheringComponent	ServerFacet	SetKeepInteraction
GlobalStorageComponent	ClientFacet	DebugReceiveItemLocations
GlobalStorageComponent	ClientFacet	OnStorageSearchResponseReady
GlobalStorageComponent	ClientFacet	ReceiveStorageSearchItems
GlobalStorageComponent	ClientFacet	ReceiveStorageSearchResults
GlobalStorageComponent	ServerFacet	DebugAddItemsToStorage
GlobalStorageComponent	ServerFacet	DebugCheckMergedStorage
GlobalStorageComponent	ServerFacet	DebugClearAllStorage
GlobalStorageComponent	ServerFacet	DebugClearStorage
GlobalStorageComponent	ServerFacet	DebugCreateItems
GlobalStorageComponent	ServerFacet	DebugRemoveItems
GlobalStorageComponent	ServerFacet	DebugRequestForcePersistenceDirty
GlobalStorageComponent	ServerFacet	DebugRequestItemLocations
GlobalStorageComponent	ServerFacet	DebugRequestOpenStorageSession
GlobalStorageComponent	ServerFacet	DebugRequestReplicateAllStorage
GlobalStorageComponent	ServerFacet	RemoveSimpleItemFromSearchResults
GlobalStorageComponent	ServerFacet	RequestReplicateStorageSearchResults
GlobalStorageComponent	ServerFacet	RequestSearchStorage
GlobalStorageComponent	ServerFacet	SetReplicateStorage
GlobalStorageComponent	ServerFacet	UpdateStorageSession
GraphBasedSpawnNodeComponent	ClientFacet	SyncDebugData
GridTrackingComponent	ClientFacet	ReceiveDebugInfo
GridTrackingComponent	ClientFacet	UpdatePhasing
GridTrackingComponent	ServerFacet	ClientAckPhasingUpdate
GridTrackingComponent	ServerFacet	DebugCondemnPrimaryPhase
GridTrackingComponent	ServerFacet	DebugRecordPrimaryGridPhysics
GridTrackingComponent	ServerFacet	DebugSubscribePhaseStatus
GridTrackingComponent	ServerFacet	DebugUnsubscribePhaseStatus
GridTrackingComponent	ServerFacet	RequestDebugInfo
GridTrackingComponent	ServerFacet	ResetPhasingProvider
GritComponent	ClientFacet	ClientForceSyncServerState
GritComponent	ClientFacet	ClientForceSyncServerStateRemote
GritComponent	ClientFacet	ClientSyncServerState
GritComponent	ServerFacet	EnableReplication
GritComponent	ServerFacet	ForceServerSyncRequestedFromClient
GritComponent	ServerFacet	ReceiveImGuiCompDataChangeFromClient
GroupsComponent	ClientFacet	OnAbandonGameModeResult
GroupsComponent	ClientFacet	OnAbandonGameModeVoteStarted
GroupsComponent	ClientFacet	OnAllActivityJoinableLobbyCountsReceived
GroupsComponent	ClientFacet	OnConvertToRaidVoteEnded
GroupsComponent	ClientFacet	OnConvertToRaidVoteInitiated
GroupsComponent	ClientFacet	OnGroupFinderAcceptApplicationFailed
GroupsComponent	ClientFacet	OnGroupFinderAcceptApplicationSuccess
GroupsComponent	ClientFacet	OnGroupFinderAddMemberFailed
GroupsComponent	ClientFacet	OnGroupFinderAddMemberSuccess
GroupsComponent	ClientFacet	OnGroupFinderApplicationAccepted
GroupsComponent	ClientFacet	OnGroupFinderApplicationRejected
GroupsComponent	ClientFacet	OnGroupFinderConfirmApplicationInviteFailed
GroupsComponent	ClientFacet	OnGroupFinderConfirmApplicationInviteSuccess
GroupsComponent	ClientFacet	OnGroupFinderConvertToGroupFailed
GroupsComponent	ClientFacet	OnGroupFinderCreateGroupFailed
GroupsComponent	ClientFacet	OnGroupFinderCreateGroupSuccess
GroupsComponent	ClientFacet	OnGroupFinderDeclineApplicationInvite
GroupsComponent	ClientFacet	OnGroupFinderDeclineApplicationInviteFailed
GroupsComponent	ClientFacet	OnGroupFinderDeclineApplicationInviteSuccess
GroupsComponent	ClientFacet	OnGroupFinderGetGroupFailed
GroupsComponent	ClientFacet	OnGroupFinderGetGroupListFailed
GroupsComponent	ClientFacet	OnGroupFinderGetGroupListSuccess
GroupsComponent	ClientFacet	OnGroupFinderGetGroupSuccess
GroupsComponent	ClientFacet	OnGroupFinderKickedFromGroup
GroupsComponent	ClientFacet	OnGroupFinderRejectApplicationFailed
GroupsComponent	ClientFacet	OnGroupFinderRejectApplicationSuccess
GroupsComponent	ClientFacet	OnGroupFinderRemoveAllApplicationsFailed
GroupsComponent	ClientFacet	OnGroupFinderRemoveAllApplicationsSuccess
GroupsComponent	ClientFacet	OnGroupFinderRemoveApplicationFailed
GroupsComponent	ClientFacet	OnGroupFinderRemoveApplicationSuccess
GroupsComponent	ClientFacet	OnGroupFinderRemoveGroupFailed
GroupsComponent	ClientFacet	OnGroupFinderRemoveGroupSuccess
GroupsComponent	ClientFacet	OnGroupFinderRemoveMemberFailed
GroupsComponent	ClientFacet	OnGroupFinderRemoveMemberSuccess
GroupsComponent	ClientFacet	OnGroupFinderSubmitApplicationFailed
GroupsComponent	ClientFacet	OnGroupFinderSubmitApplicationSuccess
GroupsComponent	ClientFacet	OnGroupFinderUpdateGroupFailed
GroupsComponent	ClientFacet	OnGroupFinderUpdateGroupSuccess
GroupsComponent	ClientFacet	OnGroupFinderUpdateMemberFailed
GroupsComponent	ClientFacet	OnGroupFinderUpdateMemberSuccess
GroupsComponent	ClientFacet	OnInitiateConvertToRaidFailed
GroupsComponent	ClientFacet	OnInitiateKickVoteFailed
GroupsComponent	ClientFacet	OnJoinableLobbyCountsForActivityReceived
GroupsComponent	ClientFacet	OnKickVoteEnded
GroupsComponent	ClientFacet	OnKickVoteInitiated
GroupsComponent	ClientFacet	OnReceivedErrorMessage
GroupsComponent	ClientFacet	OnReceivedGameInviteErrorMessage
GroupsComponent	ClientFacet	OnReceivedGroupInviteRemoved
GroupsComponent	ClientFacet	OnReceivedGroupMemberRemoved
GroupsComponent	ClientFacet	OnReceivedPreRaidStatus
GroupsComponent	ClientFacet	OnReceivedSiegeWarfareEnded
GroupsComponent	ClientFacet	OnReceivedSiegeWarfareStarted
GroupsComponent	ClientFacet	OnSiegeWarfareCompleted
GroupsComponent	ClientFacet	OnSubmitConvertToRaidVoteFailed
GroupsComponent	ClientFacet	OnSubmitKickVoteFailed
GroupsComponent	ClientFacet	PlatformGameInviteJoinGroupBypassFlow
GroupsComponent	ServerFacet	CancelPing
GroupsComponent	ServerFacet	CancelTargetPing
GroupsComponent	ServerFacet	DebugAcceptAllInvites
GroupsComponent	ServerFacet	DebugChooseRole
GroupsComponent	ServerFacet	DebugClearGroupFinderGroups
GroupsComponent	ServerFacet	DebugCreateGroup
GroupsComponent	ServerFacet	DebugCreateRaid
GroupsComponent	ServerFacet	DebugDestroyRaid
GroupsComponent	ServerFacet	DebugForceGroupPristine
GroupsComponent	ServerFacet	DebugGroupFinderFailConversion
GroupsComponent	ServerFacet	DebugGroupFinderFailRemoveLobby
GroupsComponent	ServerFacet	DebugGroupFinderFailUpdateMember
GroupsComponent	ServerFacet	DebugJoinRaid
GroupsComponent	ServerFacet	PlatformGameInviteJoinGroupBypassFlow
GroupsComponent	ServerFacet	RequestAcceptGroupFinderApplication
GroupsComponent	ServerFacet	RequestAddMemberToGroupFinderGroup
GroupsComponent	ServerFacet	RequestAllActivityJoinableLobbyCounts
GroupsComponent	ServerFacet	RequestBatchGroupInvites
GroupsComponent	ServerFacet	RequestCastAbandonVote
GroupsComponent	ServerFacet	RequestChooseRole
GroupsComponent	ServerFacet	RequestConfirmConvertGroupFinderGroupToGroup
GroupsComponent	ServerFacet	RequestConfirmGroupFinderApplicationInvite
GroupsComponent	ServerFacet	RequestConvertGroupFinderGroupToGroup
GroupsComponent	ServerFacet	RequestConvertToRaidVote
GroupsComponent	ServerFacet	RequestCreateGroupFinderGroup
GroupsComponent	ServerFacet	RequestDeclineConvertGroupFinderGroupToGroup
GroupsComponent	ServerFacet	RequestDeclineGroupFinderApplicationInvite
GroupsComponent	ServerFacet	RequestGetGroupFinderGroup
GroupsComponent	ServerFacet	RequestGetGroupFinderGroupList
GroupsComponent	ServerFacet	RequestGetGroupFinderGroupListUnfiltered
GroupsComponent	ServerFacet	RequestGroupInvite
GroupsComponent	ServerFacet	RequestInitiateConvertToRaid
GroupsComponent	ServerFacet	RequestInitiateKickVotePlayer
GroupsComponent	ServerFacet	RequestJoinableLobbyCountsForActivity
GroupsComponent	ServerFacet	RequestKickVotePlayer
GroupsComponent	ServerFacet	RequestLeaveGroup
GroupsComponent	ServerFacet	RequestModifyGroupFinderApplicationSubscription
GroupsComponent	ServerFacet	RequestMoveRaidMember
GroupsComponent	ServerFacet	RequestPing
GroupsComponent	ServerFacet	RequestRejectGroupFinderApplication
GroupsComponent	ServerFacet	RequestRemoveAllGroupFinderApplications
GroupsComponent	ServerFacet	RequestRemoveGroupFinderApplication
GroupsComponent	ServerFacet	RequestRemoveGroupFinderGroup
GroupsComponent	ServerFacet	RequestRemoveMemberFromGroupFinderGroup
GroupsComponent	ServerFacet	RequestRemoveRaidMember
GroupsComponent	ServerFacet	RequestReplyToGroupInvite
GroupsComponent	ServerFacet	RequestSetGroupColor
GroupsComponent	ServerFacet	RequestSetGroupIcon
GroupsComponent	ServerFacet	RequestSetGroupLeader
GroupsComponent	ServerFacet	RequestSetGroupName
GroupsComponent	ServerFacet	RequestSetGroupObjective
GroupsComponent	ServerFacet	RequestSetRaidMemberPermission
GroupsComponent	ServerFacet	RequestStartAbandonGameMode
GroupsComponent	ServerFacet	RequestSubmitGroupFinderApplication
GroupsComponent	ServerFacet	RequestSwapRaidMembers
GroupsComponent	ServerFacet	RequestTargetPing
GroupsComponent	ServerFacet	RequestUpdateGroupFinderGroup
GroupsComponent	ServerFacet	RequestUpdateMemberInGroupFinderGroup
GroupsComponent	ServerFacet	RequestWithdrawInvites
GuildsComponent	ClientFacet	OnDataRequestFailedMsg
GuildsComponent	ClientFacet	OnDepositGuildTreasuryFundsFailedMsg
GuildsComponent	ClientFacet	OnDepositGuildTreasuryFundsMsg
GuildsComponent	ClientFacet	OnEditGuildCrestFailedMsg
GuildsComponent	ClientFacet	OnEditGuildCrestSucceededMsg
GuildsComponent	ClientFacet	OnEditGuildMOTDFailedMsg
GuildsComponent	ClientFacet	OnEditGuildNameFailedMsg
GuildsComponent	ClientFacet	OnGetGuildTreasuryFailedMsg
GuildsComponent	ClientFacet	OnGetGuildTreasuryWithdrawalLimitFailedMsg
GuildsComponent	ClientFacet	OnGetInvitesFailedMsg
GuildsComponent	ClientFacet	OnGetOrderedGuildsMsg
GuildsComponent	ClientFacet	OnGetUnorderedGuildsMsg
GuildsComponent	ClientFacet	OnGuildCreatedFailedMsg
GuildsComponent	ClientFacet	OnGuildDataUpdated
GuildsComponent	ClientFacet	OnGuildInviteRespondedMsg
GuildsComponent	ClientFacet	OnGuildNameAvailableMsg
GuildsComponent	ClientFacet	OnGuildRequestErrorMsg
GuildsComponent	ClientFacet	OnInviteCreatedFailedMsg
GuildsComponent	ClientFacet	OnKickedFromGuildMsg
GuildsComponent	ClientFacet	OnLeaveGuildFailedMsg
GuildsComponent	ClientFacet	OnRemoveAllGuildInvitesFailedMsg
GuildsComponent	ClientFacet	OnRemoveGuildInviteFailedMsg
GuildsComponent	ClientFacet	OnRemoveGuildMemberFailedMsg
GuildsComponent	ClientFacet	OnRemovePastGuildMemberFailedMsg
GuildsComponent	ClientFacet	OnRespondToGuildInviteFailedMsg
GuildsComponent	ClientFacet	OnSentGuildInviteRejectedMsg
GuildsComponent	ClientFacet	OnSetGuildMemberRankFailedMsg
GuildsComponent	ClientFacet	OnSetGuildMemberRankFailedReasonMsg
GuildsComponent	ClientFacet	OnSetGuildTreasuryWithdrawalLimitFailedMsg
GuildsComponent	ClientFacet	OnSetSiegeWindowFailedMsg
GuildsComponent	ClientFacet	OnWithdrawGuildTreasuryFundsFailedMsg
GuildsComponent	ClientFacet	OnWithdrawGuildTreasuryFundsMsg
GuildsComponent	ServerFacet	DebugJoinGuildByName
GuildsComponent	ServerFacet	DebugRequestCheckGuildMasterStatus
GuildsComponent	ServerFacet	DebugRequestDisableCreationThrottle
GuildsComponent	ServerFacet	DebugRequestResetGuildRejoiningCooldowns
GuildsComponent	ServerFacet	DebugRequestResetGuildTreasuryDailyWithdrawalLimit
GuildsComponent	ServerFacet	DebugRequestResetSiegeWindowCooldown
GuildsComponent	ServerFacet	DebugRequestSetDailyWithdrawDateToYesterday
GuildsComponent	ServerFacet	DebugRequestSetGuildTreasuryCurrentFunds
GuildsComponent	ServerFacet	GmForceGuildIntoWarByName
GuildsComponent	ServerFacet	GmForceGuildTeleport
GuildsComponent	ServerFacet	GmForceGuildTeleportByName
GuildsComponent	ServerFacet	GmRequestForceGuildRename
GuildsComponent	ServerFacet	GmRequestForceGuildRenameByName
GuildsComponent	ServerFacet	GmRequestJoinGuild
GuildsComponent	ServerFacet	GmRequestJoinGuildByName
GuildsComponent	ServerFacet	GmRequestResetGuildLeaveCooldowns
GuildsComponent	ServerFacet	RequestBatchCreateGuildInvites
GuildsComponent	ServerFacet	RequestCreateGuild
GuildsComponent	ServerFacet	RequestCreateGuildInvite
GuildsComponent	ServerFacet	RequestDeleteAllGuildInvites
GuildsComponent	ServerFacet	RequestDepositGuildTreasuryFunds
GuildsComponent	ServerFacet	RequestEditGuildIcon
GuildsComponent	ServerFacet	RequestEditGuildMOTD
GuildsComponent	ServerFacet	RequestEditGuildName
GuildsComponent	ServerFacet	RequestGetGuildInvites
GuildsComponent	ServerFacet	RequestGetGuilds
GuildsComponent	ServerFacet	RequestGuildNameAvailability
GuildsComponent	ServerFacet	RequestLeaveGuild
GuildsComponent	ServerFacet	RequestListGuildsByClaims
GuildsComponent	ServerFacet	RequestListGuildsByMembers
GuildsComponent	ServerFacet	RequestListGuildsByName
GuildsComponent	ServerFacet	RequestRefreshGuildData
GuildsComponent	ServerFacet	RequestRemoveGuildMember
GuildsComponent	ServerFacet	RequestRespondToGuildInvite
GuildsComponent	ServerFacet	RequestSetGuildMemberRank
GuildsComponent	ServerFacet	RequestSetGuildSiegeWindow
GuildsComponent	ServerFacet	RequestSetGuildTreasuryWithdrawalLimit
GuildsComponent	ServerFacet	RequestWithdrawGuildTreasuryFunds
HitVolumeComponent	ServerFacet	DEBUG_SetEnabled
HomeComponent	ClientFacet	ReceiveBoundPlayersList
HomeComponent	ServerFacet	DebugRequestAllBoundPlayers
HomingComponent	ClientFacet	SetHomingOverrideTarget
HouseDataComponent	ClientFacet	DebugReceiveItemScores
HouseDataComponent	ServerFacet	DebugMoveItemUnrestricted
HouseDataComponent	ServerFacet	DebugPlaceItemUnrestricted
HouseDataComponent	ServerFacet	DebugRefillHouse
HouseDataComponent	ServerFacet	DebugRemoveAllItemsUnrestricted
HouseDataComponent	ServerFacet	DebugRemoveItemUnrestricted
HouseDataComponent	ServerFacet	DebugRequestItemScores
HousingPlotComponent	ClientFacet	GenericHousingPlotRequestResponse
HousingPlotComponent	ClientFacet	ReceiveMonikerKey
HousingPlotComponent	ClientFacet	ReceivePeacockTimeRemaining
HousingPlotComponent	ClientFacet	ReceivePingRequestForHouse
HousingPlotComponent	ClientFacet	ReceiveTopHouses
HousingPlotComponent	ClientFacet	ReceiveUpdatedHouse
HousingPlotComponent	ServerFacet	DebugAbandonHome
HousingPlotComponent	ServerFacet	DebugAddFakeHouseData
HousingPlotComponent	ServerFacet	DebugBuyHome
HousingPlotComponent	ServerFacet	DebugEnterPlot
HousingPlotComponent	ServerFacet	DebugExitPlot
HousingPlotComponent	ServerFacet	DebugFastTravelPlot
HousingPlotComponent	ServerFacet	DebugForcePeacockScoresRecalculation
HousingPlotComponent	ServerFacet	DebugReloadAllHouses
HousingPlotComponent	ServerFacet	DebugRemoveAllCaches
HousingPlotComponent	ServerFacet	DebugRemoveAllFurniture
HousingPlotComponent	ServerFacet	DebugRemoveAllHouses
HousingPlotComponent	ServerFacet	DebugRequestAllHousesOnPlot
HousingPlotComponent	ServerFacet	DebugRequestDestroyHouse
HousingPlotComponent	ServerFacet	DebugRequestGetMonikerKey
HousingPlotComponent	ServerFacet	DebugRequestPeacockTimeRemaining
HousingPlotComponent	ServerFacet	DebugRequestPingHouse
HousingPlotComponent	ServerFacet	DebugRequestSetTerritoryStanding
HousingPlotComponent	ServerFacet	DebugRequestTopHouses
HousingPlotComponent	ServerFacet	RandomizePeacockScores
HubLocalCacheComponent	ClientFacet	ReceiveDebugSnapshot
HubLocalCacheComponent	ClientFacet	ReceiveDetectorOverrides
HubLocalCacheComponent	ClientFacet	ReceiveHLCActorDebugInfo
HubLocalCacheComponent	ServerFacet	DebugChangeRefreshRate
HubLocalCacheComponent	ServerFacet	RegisterClientForDebugSnapshots
HubLocalCacheComponent	ServerFacet	RegisterForHLCActorUpdates
HubLocalCacheComponent	ServerFacet	UnregisterClientForDebugSnapshots
HubLocalCacheComponent	ServerFacet	UnregisterFromHLCActorUpdates
HunterSightComponent	ClientFacet	OnHunterSightEnded
HunterSightComponent	ClientFacet	OnHunterSightStarted
HunterSightComponent	ClientFacet	SyncData
IncapacitatedCharacterComponent	ServerFacet	TestActivate
InstancedSlayerScriptComponent	ClientFacet	ReceiveDebugData
InstancedSlayerScriptComponent	ServerFacet	DebugGetDebugData
InstancedSlayerScriptComponent	ServerFacet	DebugRequestSetScriptState
InstancedSlayerScriptComponent	ServerFacet	RequestDebugRegisterScript
InstancedSlayerScriptComponent	ServerFacet	RequestDebugStart
InstancedSlayerScriptComponent	ServerFacet	RequestDebugStop
InteractorComponent	ClientFacet	CancelCurrentInteraction
InteractorComponent	ClientFacet	OnCommittedInteractionTimeout
InteractorComponent	ClientFacet	SyncInteractionValidationResult
InteractorComponent	ServerFacet	RequestCancelCommittedInteractionFromClient
InterestComponent	ClientFacet	ReceiveDebugInfo
InterestComponent	ServerFacet	RequestDebugInfo
InvasionAgentComponent	ClientFacet	SyncDebugData
InvasionComponent	ServerFacet	DebugStartInvasion
InvasionComponent	ServerFacet	DebugStopInvasion
InvasionObjectiveComponent	ClientFacet	SyncDebugData
InvasionObjectiveComponent	ClientFacet	SyncLaneType
InvasionObjectiveComponent	ClientFacet	SyncSlotCounts
InvasionObjectiveComponent	ClientFacet	ToggleAssignmentDisplayClient
InvasionObjectiveComponent	ServerFacet	RegisterClientForDebug
InvasionObjectiveComponent	ServerFacet	UnregisterClientForDebug
InventoriesComponent	ClientFacet	OnGetItems
InventoriesComponent	ClientFacet	OnQueryInventories
InventoriesComponent	ServerFacet	CreateItemBatch
InventoriesComponent	ServerFacet	DebugFlushCaches
InventoriesComponent	ServerFacet	DebugFlushPersistence
InventoriesComponent	ServerFacet	DeleteItemBatch
InventoriesComponent	ServerFacet	GetItems
InventoriesComponent	ServerFacet	QueryInventories
InventoriesComponent	ServerFacet	ReadyGlobalOwnerData
InventoriesComponent	ServerFacet	ReadyRegionalOwnerData
InventoriesComponent	ServerFacet	TransactWriteItems
InventoriesComponent	ServerFacet	UpdateItemBatch
InventoriesComponent	ServerFacet	UpdateLinks
ItemDropComponent	ServerFacet	DropInventoryItems
ItemDropComponent	ServerFacet	DropInventoryItemsByClass
ItemDropComponent	ServerFacet	DropPaperdollItem
ItemManagementComponent	ServerFacet	DebugOwnedItemTransactionTest
ItemManagementComponent	ServerFacet	DebugSyncData
ItemRepairComponent	ServerFacet	ClearCharmRequests
ItemRepairComponent	ServerFacet	InitiateRepair
ItemRepairComponent	ServerFacet	RepairAllEquipment
ItemRepairComponent	ServerFacet	RepairAllItemClass
ItemRepairComponent	ServerFacet	RequestSetLockState
ItemRepairComponent	ServerFacet	RequestSlotItemWithCharm
ItemRepairComponent	ServerFacet	RequestSlotItemWithGem
ItemRepairComponent	ServerFacet	RequestUpgradeItemGearScore
ItemSkinningComponent	ServerFacet	DisableItemSkin
ItemSkinningComponent	ServerFacet	EnableItemSkin
JavSpectatorCameraComponent	ClientFacet	SetDisplayedVitals
JavSpectatorCameraComponent	ClientFacet	SetLocalCharacter
JavSpectatorCameraComponent	ClientFacet	SetState
JavSpectatorCameraComponent	ClientFacet	SetViewData
JavSpectatorCameraComponent	ServerFacet	OnRequestClientStateInformation
JavSpectatorCameraComponent	ServerFacet	RequestTeleport
JavSpectatorCameraComponent	ServerFacet	RestoreHotspot
JavSpectatorCameraComponent	ServerFacet	SetCollisionEnabled
JavSpectatorCameraComponent	ServerFacet	SetInputData
LandClaimManagerComponent	ServerFacet	DebugRequestSetFactionControlPointOwner
LeaderboardComponent	ClientFacet	OnLeaderboardEntitlementComplete
LeaderboardComponent	ClientFacet	OnLeaderboardRotationComplete
LeaderboardComponent	ClientFacet	OnReceiveDebugRotationInfo
LeaderboardComponent	ClientFacet	OnReceiveDebugRotationTimes
LeaderboardComponent	ClientFacet	OnReceiveLeaderboardDataFromServer
LeaderboardComponent	ClientFacet	OnReceiveLeaderboardStatDataFromServer
LeaderboardComponent	ServerFacet	DebugClearProcessedRotations
LeaderboardComponent	ServerFacet	DebugGetLastProcessRotations
LeaderboardComponent	ServerFacet	DebugGetServerRotationData
LeaderboardComponent	ServerFacet	DebugGrantLeaderboardReward
LeaderboardComponent	ServerFacet	DebugProcessRotationRewards
LeaderboardComponent	ServerFacet	DebugSetPersonalBest
LeaderboardComponent	ServerFacet	DebugUpdateLeaderboardOffset
LeaderboardComponent	ServerFacet	DebugUpdateStat
LeaderboardComponent	ServerFacet	OnClientLeaderboardDataRequest
LeaderboardComponent	ServerFacet	OnClientLeaderboardStatDataRequest
LocalPlayerDebugComponent	ClientFacet	AddDebugPerkRollData
LocalPlayerDebugComponent	ClientFacet	DebugMessageBox
LocalPlayerDebugComponent	ClientFacet	SetLootResults
LocalPlayerDebugComponent	ClientFacet	SyncDebugForceLootBiasing
LocalPlayerDebugComponent	ClientFacet	SyncToggleLootResults
LocalPlayerDebugComponent	ClientFacet	SyncTogglePerkResults
LocalPlayerDebugComponent	ClientFacet	UpdateClientNetTrackDebugInfo
LocalPlayerDebugComponent	ClientFacet	UpdateHideState
LocalPlayerDebugComponent	ServerFacet	DebugTeleportPlayer
LocalPlayerDebugComponent	ServerFacet	DebugTeleportPlayerGM
LocalPlayerDebugComponent	ServerFacet	ForceDestroyStructure
LocalPlayerDebugComponent	ServerFacet	HideMe
LocalPlayerDebugComponent	ServerFacet	ReloadDataTables
LocalPlayerDebugComponent	ServerFacet	RequestServerNetTrackDebugInfo
LocalPlayerDebugComponent	ServerFacet	ResetAoi
LocalPlayerDebugComponent	ServerFacet	SetDebugAccountProbationOverrideState
LocalPlayerDebugComponent	ServerFacet	SetDebugForceLootBiasing
LocalPlayerDebugComponent	ServerFacet	SetDebugGlobalRollBonus
LocalPlayerDebugComponent	ServerFacet	SetDebugLootTags
LocalPlayerDebugComponent	ServerFacet	SetDebugLuckBonus
LocalPlayerDebugComponent	ServerFacet	SetDebugTableRolls
LocalPlayerDebugComponent	ServerFacet	SpawnSlice
LocalPlayerDebugComponent	ServerFacet	SyncRemoteStatusEffects
LocalPlayerDebugComponent	ServerFacet	SyncRemoteStatusModData
LocalPlayerDebugComponent	ServerFacet	ToggleDebugPerkRolls
LocalPlayerDebugComponent	ServerFacet	ToggleLootResults
LocalPlayerDebugComponent	ServerFacet	UpdateServerNetTrackDebugInfo
LocalPlayerDebugComponent	ServerFacet	XperfCapture
LootTrackerComponent	ClientFacet	SyncActiveLootTags
LootTrackerComponent	ClientFacet	SyncGlobalRollMod
LootTrackerComponent	ClientFacet	SyncLootLimits
LootTrackerComponent	ClientFacet	TriggerLootLimitNofitication
LootTrackerComponent	ServerFacet	DebugEraseLimit
LootTrackerComponent	ServerFacet	DebugExpireLimit
LootTrackerComponent	ServerFacet	DebugFakeLootDivertAction
LootTrackerComponent	ServerFacet	DebugPauseLootDivert
LootTrackerComponent	ServerFacet	DebugResetCollectible
LootTrackerComponent	ServerFacet	DebugResetDropCooldown
LootTrackerComponent	ServerFacet	DebugResetLootDivertActionCount
LootTrackerComponent	ServerFacet	DebugResumeLootDivert
LootTrackerComponent	ServerFacet	DebugSetFailedRollBonusPercent
LootTrackerComponent	ServerFacet	DebugSetForceDropAILoot
LootTrackerComponent	ServerFacet	DebugSetLootDivertLevel
LootTrackerComponent	ServerFacet	DebugSyncActiveLootTags
LootTrackerComponent	ServerFacet	DebugSyncGlobalRollMod
LootTrackerComponent	ServerFacet	DebugSyncLootLimits
LootTrackerComponent	ServerFacet	ResetLoot
LootTrackerComponent	ServerFacet	SetResetTime
LoreReaderComponent	ServerFacet	RequestDebugReadLoreItem
ManaComponent	ClientFacet	ClientForceSyncServerState
ManaComponent	ClientFacet	ClientSyncMaxMana
ManaComponent	ClientFacet	ClientSyncServerState
ManaComponent	ServerFacet	Debug_OnManaGodModeChanged
ManaComponent	ServerFacet	Debug_SetCurrentMana
ManaComponent	ServerFacet	ForceServerSyncRequestedFromClient
MetaAchievementComponent	ClientFacet	ClientFixupPlatformAchievements
MetaAchievementComponent	ClientFacet	ClientMetaAchievementsReceived
MetaAchievementComponent	ClientFacet	ClientMetaAchievementsUnlocked
MetaAchievementComponent	ClientFacet	ClientOnChangedProgressStatus
MetaAchievementComponent	ClientFacet	ClientOnReceiveRewardPendingMetaAchievements
MetaAchievementComponent	ClientFacet	ClientReceiveMetaAchievementsProgress
MetaAchievementComponent	ClientFacet	ClientReceiveMetaAchievementsSummaryInformation
MetaAchievementComponent	ClientFacet	ClientUnlockPlatformAchievements
MetaAchievementComponent	ClientFacet	DEBUG_ClientReceiveAllMetaAchievementsProgress
MetaAchievementComponent	ServerFacet	DEBUG_ClearMetaAchievementProgress
MetaAchievementComponent	ServerFacet	DEBUG_ClearMetaAchievementsProgress
MetaAchievementComponent	ServerFacet	DEBUG_ForceClientSynchronization
MetaAchievementComponent	ServerFacet	DEBUG_ServerSendAllMetaAchievementsProgress
MetaAchievementComponent	ServerFacet	DEBUG_ServerSetMetaAchievementProgress
MetaAchievementComponent	ServerFacet	DEBUG_UnlockSteamAchievements
MetaAchievementComponent	ServerFacet	RequestGetCompletedMetaAchievementsForAccount
MetaAchievementComponent	ServerFacet	RequestUnlockMetaAchievementForAccount
MetaAchievementComponent	ServerFacet	ServerRequestClearPendingMetaAchievements
MetaAchievementComponent	ServerFacet	ServerRequestGetPendingMetaAchievements
MetaAchievementComponent	ServerFacet	ServerRequestMetaAchievementsProgressForCategory
MetaAchievementComponent	ServerFacet	ServerRequestMetaAchievementsSummary
MomentaryOffenseComponent	ClientFacet	OnDamageDealt
MountComponent	ClientFacet	CancelScheduledDismount
MountComponent	ClientFacet	OnDebugMaxSpeedChanged
MountComponent	ClientFacet	OnEnableMounts
MountComponent	ClientFacet	OnMountTrampleNotification
MountComponent	ClientFacet	OnSummonMountCancelled
MountComponent	ClientFacet	OnSummonMountPending
MountComponent	ClientFacet	ScheduleDismount
MountComponent	ClientFacet	SendMountRenameNotification
MountComponent	ClientFacet	ShowDismountNotification
MountComponent	ClientFacet	UpdateMountedState
MountComponent	ServerFacet	DebugPopulateMountPersistence
MountComponent	ServerFacet	DebugWritePersistenceToFile
MountComponent	ServerFacet	DismissMount
MountComponent	ServerFacet	OnDebugDye
MountComponent	ServerFacet	OnDebugMaxSpeedChanged
MountComponent	ServerFacet	OnEnableMounts
MountComponent	ServerFacet	OnMountDashToggleChanged
MountComponent	ServerFacet	OnMountSlowWalkChanged
MountComponent	ServerFacet	OnRequestChangeMount
MountComponent	ServerFacet	OnRequestCompleteSummon
MountComponent	ServerFacet	RenameMount
MountComponent	ServerFacet	SummonMount
MusicalPerformanceComponent	ServerFacet	DEBUG_EndPerformanceWithRank
MusicalPerformanceComponent	ServerFacet	DEBUG_JoinPerformance
MusicalPerformanceComponent	ServerFacet	DEBUG_SetCurrentReward
MusicalPerformanceComponent	ServerFacet	DEBUG_SetPerformanceState
MusicalPerformancePlayerComponent	ClientFacet	FailedAddToPerformance
MusicalPerformancePlayerComponent	ClientFacet	FailedPerformanceCreated
MusicalPerformancePlayerComponent	ClientFacet	FailedSongSelected
MusicalPerformancePlayerComponent	ClientFacet	FailedSongSheetSelected
MusicalPerformancePlayerComponent	ClientFacet	FailedStartPerformance
MusicalPerformancePlayerComponent	ClientFacet	PerformanceCreated
MusicalPerformancePlayerComponent	ServerFacet	DEBUG_SetNextPerformanceTime
MusicalPerformancePlayerComponent	ServerFacet	RequestAbortCurrentSong
MusicalPerformancePlayerComponent	ServerFacet	RequestCreatePerformance
MusicalPerformancePlayerComponent	ServerFacet	RequestEndPostShow
MusicalPerformancePlayerComponent	ServerFacet	RequestLeavePerformance
MusicalPerformancePlayerComponent	ServerFacet	RequestSetClientReady
MusicalPerformancePlayerComponent	ServerFacet	RequestSetCurrentReward
MusicalPerformancePlayerComponent	ServerFacet	RequestSetCurrentSong
MusicalPerformancePlayerComponent	ServerFacet	RequestSetCurrentSongSheet
MusicalPerformancePlayerComponent	ServerFacet	RequestStartPerformance
MusicalPerformancePlayerComponent	ServerFacet	RequestValidateInput
NWTagComponent	ClientFacet	SyncDebugData
NWTagComponent	ServerFacet	DebugAddTag
NWTagComponent	ServerFacet	DebugRemoveTag
NavMeshDebugComponent	ClientFacet	ReceiveNavMeshDataResponseFromServer
NavMeshDebugComponent	ClientFacet	ReceiveQueryManagerDebugStats
NavMeshDebugComponent	ClientFacet	ReceiveSamplePathResponseFromServer
NavMeshDebugComponent	ClientFacet	ReceiveTileManagerDebugStats
NavMeshDebugComponent	ClientFacet	SendServerRequestSamplePath
NavMeshDebugComponent	ClientFacet	SyncQueryPathResultsToClient
NavMeshDebugComponent	ClientFacet	SyncQueryPolysResultsToClient
NavMeshDebugComponent	ServerFacet	DebugRequestTileGen
NavMeshDebugComponent	ServerFacet	LogObstaclesInCurrentTile
NavMeshDebugComponent	ServerFacet	ReceiveNavMeshDataClientRequest
NavMeshDebugComponent	ServerFacet	ReceiveQueryManagerDebugStats
NavMeshDebugComponent	ServerFacet	ReceiveQueryPathRequest
NavMeshDebugComponent	ServerFacet	ReceiveQueryPolysRequest
NavMeshDebugComponent	ServerFacet	ReceiveSamplePathClientRequest
NavMeshDebugComponent	ServerFacet	ReceiveSaveInputHFRequest
NavMeshDebugComponent	ServerFacet	ReceiveTileManagerDebugStats
NavMeshDebugComponent	ServerFacet	RequestQueryManagerDebugStats
NavMeshDebugComponent	ServerFacet	RequestTileManagerDebugStats
NavMeshDebugComponent	ServerFacet	SendNavMeshDataResponseToClient
NotificationServiceComponent	ServerFacet	ClearNotifications
NotificationServiceComponent	ServerFacet	StartListening
NotificationServiceComponent	ServerFacet	StopListening
ObjectiveInteractorComponent	ClientFacet	DEBUG_OnReceiveServerDebugData
ObjectiveInteractorComponent	ServerFacet	DEBUG_RequestClearUnavailableMissions
ObjectiveInteractorComponent	ServerFacet	DEBUG_RequestForceUpdateReplicatedState
ObjectiveInteractorComponent	ServerFacet	DEBUG_RequestServerSideDebugData
ObjectiveInteractorComponent	ServerFacet	DebugForceRefresh
ObjectiveInteractorComponent	ServerFacet	OnCommunityGoalSelectionRequest
ObjectiveInteractorComponent	ServerFacet	OnObjectiveCompletionRequest
ObjectiveInteractorComponent	ServerFacet	OnObjectiveSelectionRequest
ObjectiveInteractorComponent	ServerFacet	OnPurchaseItemRequest
ObjectiveInteractorComponent	ServerFacet	OnPurchaseRankRequest
ObjectiveInteractorComponent	ServerFacet	OnPvpMissionSelectionRequest
ObjectivesComponent	ClientFacet	DebugReceiveScheduledObjectiveInformation
ObjectivesComponent	ClientFacet	OnMilestoneCorrection
ObjectivesComponent	ClientFacet	OnObjectiveWarning
ObjectivesComponent	ClientFacet	SetObjectiveInstanceDisabled
ObjectivesComponent	ServerFacet	AbandonAllRecipes
ObjectivesComponent	ServerFacet	AbandonCurrentMission
ObjectivesComponent	ServerFacet	AbandonObjectiveDebug
ObjectivesComponent	ServerFacet	AbandonSingleObjective
ObjectivesComponent	ServerFacet	AddMissionByIDDebug
ObjectivesComponent	ServerFacet	AddObjectiveByIDDebug
ObjectivesComponent	ServerFacet	AddObjectiveFromRecipe
ObjectivesComponent	ServerFacet	CompleteObjectiveDebug
ObjectivesComponent	ServerFacet	CompleteObjectiveTaskDebug
ObjectivesComponent	ServerFacet	DebugClearCompletedObjectives
ObjectivesComponent	ServerFacet	DebugDisableReleaseForObjectiveInstanceId
ObjectivesComponent	ServerFacet	DebugEnableReleaseForObjectiveInstanceId
ObjectivesComponent	ServerFacet	DebugRequestScheduledObjectiveInformation
ObjectivesComponent	ServerFacet	DebugResetRepeatableObjectives
ObjectivesComponent	ServerFacet	DebugSetItemObjectiveCompletion
ObjectivesComponent	ServerFacet	DebugValidateAndFixDeprecatedPersistence
ObjectivesComponent	ServerFacet	EnteredTerritoryFallback
ObjectivesComponent	ServerFacet	ExitedTerritoryFallback
ObjectivesComponent	ServerFacet	FailObjectiveDebug
ObjectivesComponent	ServerFacet	ForceCompleteTasksDebug
ObjectivesComponent	ServerFacet	HandleCampingProgressionPersistenceValidation
ObjectivesComponent	ServerFacet	HandleFactionProgressionPersistenceValidation
ObjectivesComponent	ServerFacet	HandleScheduledQuestResetting
ObjectivesComponent	ServerFacet	HandleSpecificQuestItemPersistenceValidation
ObjectivesComponent	ServerFacet	NotifyOpenUiScreen
ObjectivesComponent	ServerFacet	RequestShareObjectiveWithGroup
ObjectivesComponent	ServerFacet	ResetObjective
ObjectivesComponent	ServerFacet	SetObjectiveAutoPinning
ObjectivesComponent	ServerFacet	UnlockPrerequisitesByIDDebug
ObjectivesComponent	ServerFacet	UpdateTrackedObjectives
OffenseCollisionComponent	ClientFacet	OnDamageDamageable
OwnershipComponent	ServerFacet	DebugSetPermissionOption
OwnershipComponent	ServerFacet	DebugSetPermissions
OwnershipComponent	ServerFacet	DebugTransferOwnership
OwnershipMessageComponent	ClientFacet	OnOwnershipMessage
P2PTradeComponent	ClientFacet	OnCancelOfferLockInResponse
P2PTradeComponent	ClientFacet	OnConfirmTradeResponse
P2PTradeComponent	ClientFacet	OnItemsOverflowed
P2PTradeComponent	ClientFacet	OnLockInOfferResponse
P2PTradeComponent	ClientFacet	OnOtherPlayerConfirmed
P2PTradeComponent	ClientFacet	OnTradeSessionEnded
P2PTradeComponent	ClientFacet	OnTradeSessionStarted
P2PTradeComponent	ClientFacet	OnUpdateOfferedCoinResponse
P2PTradeComponent	ClientFacet	OnUpdateOfferedItemsResponse
P2PTradeComponent	ServerFacet	CancelOfferLockIn
P2PTradeComponent	ServerFacet	CancelTrade
P2PTradeComponent	ServerFacet	ConfirmTrade
P2PTradeComponent	ServerFacet	LockInOffer
P2PTradeComponent	ServerFacet	UpdateOfferedCoin
P2PTradeComponent	ServerFacet	UpdateOfferedItems
POIManagerComponent	ClientFacet	ReceiveDebugSnapshot
POIManagerComponent	ServerFacet	RegisterClientForDebugSnapshots
POIManagerComponent	ServerFacet	UnregisterClientForDebugSnapshots
PaperdollComponent	ClientFacet	DebugSyncAverageArmorGS
PaperdollComponent	ClientFacet	HandleThrowableWarningExpire
PaperdollComponent	ClientFacet	OnEquipItemFail
PaperdollComponent	ClientFacet	PlayItemSoundFromRoot
PaperdollComponent	ClientFacet	SendLoadoutStatusNotification
PaperdollComponent	ServerFacet	DebugConsumeLoadedAmmo
PaperdollComponent	ServerFacet	DebugForceItemFixed
PaperdollComponent	ServerFacet	DebugRequestSyncAverageArmorGS
PaperdollComponent	ServerFacet	DebugSetDurability
PaperdollComponent	ServerFacet	DebugSetIgnoreDurabilityLoss
PaperdollComponent	ServerFacet	DebugSetLoadedAmmo
PaperdollComponent	ServerFacet	RequestAddItemToLoadouts
PaperdollComponent	ServerFacet	RequestAddLoadout
PaperdollComponent	ServerFacet	RequestRemoveAllItemsFromLoadout
PaperdollComponent	ServerFacet	RequestRemoveItemFromAllLoadouts
PaperdollComponent	ServerFacet	RequestRemoveItemFromLoadout
PaperdollComponent	ServerFacet	RequestRemoveLoadout
PaperdollComponent	ServerFacet	RequestRenameLoadout
PaperdollComponent	ServerFacet	RequestSavePaperdollToLoadout
PaperdollComponent	ServerFacet	RequestSetIsLoadoutPanelOpen
PaperdollComponent	ServerFacet	RequestSwitchToLoadout
PaperdollComponent	ServerFacet	ServerCycleWeapon
PaperdollComponent	ServerFacet	ServerEquipAllItems
PaperdollComponent	ServerFacet	ServerEquipItem
PaperdollComponent	ServerFacet	ServerSwapItems
PaperdollComponent	ServerFacet	ServerUnequipItem
PaperdollComponent	ServerFacet	ServerUseItem
PaperdollComponent	ServerFacet	SetHidingSkinOnSlot
PaperdollComponent	ServerFacet	SetPreviewActive
PaperdollComponent	ServerFacet	SetWeaponMannequinTags
PaperdollComponent	ServerFacet	ToggleSheath
PaperdollComponent	ServerFacet	UnequipAllItems
ParticipantTrackerComponent	ClientFacet	SyncParticipantData
ParticipantTrackerComponent	ServerFacet	RegisterClientForDebug
ParticipantTrackerComponent	ServerFacet	UnregisterClientForDebug
PathingComponent	ClientFacet	SyncDebugInfo
PathingComponent	ClientFacet	SyncPathFollowerInfo
PathingComponent	ClientFacet	SyncSteeringDebugInfo
PathingComponent	ClientFacet	SyncStuckDetectionAndResolutionConfigInfo
PathingComponent	ClientFacet	SyncStuckDetectionAndResolutionDebugData
PathingComponent	ServerFacet	RegisterClientForDebug
PathingComponent	ServerFacet	RequestDebugCorridorPath
PathingComponent	ServerFacet	RequestDebugPath
PathingComponent	ServerFacet	SetDrawReachabilityRaycast
PathingComponent	ServerFacet	UnregisterClientForDebug
PerceptionComponent	ClientFacet	SyncDebugInfo
PerceptionComponent	ServerFacet	RegisterClientForDebug
PerceptionComponent	ServerFacet	ToggleLOSRaycastDebug
PerceptionComponent	ServerFacet	UnregisterClientForDebug
PlayerAppearanceComponent	ClientFacet	OnPurchaseError
PlayerAppearanceComponent	ClientFacet	OnPurchaseSuccess
PlayerAppearanceComponent	ServerFacet	DebugSetAppearance
PlayerAppearanceComponent	ServerFacet	PurchaseAppearanceChange
PlayerArenaComponent	ClientFacet	OnArenaActivated
PlayerArenaComponent	ClientFacet	OnDungeonActivateRemoteResult
PlayerArenaComponent	ClientFacet	OnEnterDungeonRequestIgnoredMsg
PlayerArenaComponent	ClientFacet	OnRemoteInteractResult
PlayerArenaComponent	ServerFacet	DebugAdvanceEncounterToNextState
PlayerArenaComponent	ServerFacet	DebugResetEncounters
PlayerArenaComponent	ServerFacet	ForfeitArena
PlayerArenaComponent	ServerFacet	NotifyPlayerOfFtueQTECompletion
PlayerArenaComponent	ServerFacet	RequestRemoteEnterDungeon
PlayerArenaComponent	ServerFacet	RequestRemoteInteract
PlayerArenaComponent	ServerFacet	TeleportIntoDungeon
PlayerComponent	ClientFacet	DarknessAdjustmentNotification
PlayerComponent	ClientFacet	DebugReceiveMessageOfSize
PlayerComponent	ClientFacet	DebugReceiveOverpopulationTeleportMetadata
PlayerComponent	ClientFacet	OnCancelFCPOverpopulationTeleportNotification
PlayerComponent	ClientFacet	OnDebugReceiveAccountAge
PlayerComponent	ClientFacet	OnDisplayPopup
PlayerComponent	ClientFacet	OnFCPOverpopulationTeleportNotification
PlayerComponent	ClientFacet	OnForcedOverpopulationTeleportNotification
PlayerComponent	ClientFacet	OnOverpopulationTeleportNotification
PlayerComponent	ClientFacet	OnPlayerDeath
PlayerComponent	ClientFacet	OnPlayerTeleport
PlayerComponent	ClientFacet	OnReturnToMainWorld
PlayerComponent	ClientFacet	OnTeleportRequestFailedOrCancelled
PlayerComponent	ClientFacet	OnTeleportWithFade
PlayerComponent	ClientFacet	OnTeleportWithLoadingScreen
PlayerComponent	ClientFacet	RefreshClientToken
PlayerComponent	ClientFacet	SyncGatherBanEnd
PlayerComponent	ServerFacet	ChangePlayerBackstory
PlayerComponent	ServerFacet	DebugCancelTeleportRequest
PlayerComponent	ServerFacet	DebugDespawnGhostClient
PlayerComponent	ServerFacet	DebugFillAllInventories
PlayerComponent	ServerFacet	DebugForceTokenRefresh
PlayerComponent	ServerFacet	DebugForceTokenRevoke
PlayerComponent	ServerFacet	DebugForceUpdateDailyWarCount
PlayerComponent	ServerFacet	DebugMakePVPInactive
PlayerComponent	ServerFacet	DebugOrphanGhostClient
PlayerComponent	ServerFacet	DebugReportAnalyticsSnapshot
PlayerComponent	ServerFacet	DebugRequestAccountAge
PlayerComponent	ServerFacet	DebugRequestKick
PlayerComponent	ServerFacet	DebugRequestOverpopulationTeleportMetadata
PlayerComponent	ServerFacet	DebugRequestReconnectCrossWorld
PlayerComponent	ServerFacet	DebugRequestSendMessageOfSize
PlayerComponent	ServerFacet	DebugRequestTeleport
PlayerComponent	ServerFacet	DebugResetPVPActiveTimer
PlayerComponent	ServerFacet	DebugSendLevelInfo
PlayerComponent	ServerFacet	DebugSetAccountAge
PlayerComponent	ServerFacet	DebugSetHomeWorldId
PlayerComponent	ServerFacet	DebugSetMatchId
PlayerComponent	ServerFacet	DebugSetSrcWorldId
PlayerComponent	ServerFacet	DebugSpawnGhostClient
PlayerComponent	ServerFacet	DebugTriggerOverpopulationTeleport
PlayerComponent	ServerFacet	DebugTriggerPersistenceEmergency
PlayerComponent	ServerFacet	OnAckLevelInfoChanged
PlayerComponent	ServerFacet	OnClientAuthTokenCompleted
PlayerComponent	ServerFacet	OnCullLimitPctChangeRequest
PlayerComponent	ServerFacet	OnReplicationDataCaptureAction
PlayerComponent	ServerFacet	OnSetBandwidthModeRequest
PlayerComponent	ServerFacet	OnTelemetryOptionsDataChanged
PlayerComponent	ServerFacet	RequestClearGatherBan
PlayerComponent	ServerFacet	RequestGmPermissions
PlayerComponent	ServerFacet	RequestImmediateOverpopulationTeleport
PlayerComponent	ServerFacet	RequestRandomRespawn
PlayerComponent	ServerFacet	RequestRespawn
PlayerComponent	ServerFacet	RequestServerReport
PlayerComponent	ServerFacet	RequestSetIsArmorDyeingOpen
PlayerComponent	ServerFacet	RequestSetIsChangingMount
PlayerComponent	ServerFacet	RequestSetIsInMountAttachmentMode
PlayerComponent	ServerFacet	RequestSetIsInStore
PlayerComponent	ServerFacet	RequestSetIsLookingThroughLoadout
PlayerComponent	ServerFacet	RequestSetIsTransmogScreenOpen
PlayerComponent	ServerFacet	RequestSetIsTransmogStationScreenOpen
PlayerComponent	ServerFacet	RequestSwitchPVPActiveToThisCharacter
PlayerComponent	ServerFacet	RequestSyncGatherBanEnd
PlayerComponent	ServerFacet	RequestUnlockMilestoneModal
PlayerComponent	ServerFacet	ReturnToMainWorld
PlayerComponent	ServerFacet	SetIsFreeTrialPlayer
PlayerComponent	ServerFacet	SyncPlayerTypeFromClient
PlayerComponent	ServerFacet	TriggerAreaEntityPassthrough
PlayerCutsceneComponent	ClientFacet	OnServerCutsceneCanceled
PlayerCutsceneComponent	ClientFacet	OnServerCutsceneEndRequestFinalized
PlayerCutsceneComponent	ClientFacet	OnServerCutsceneRequestGranted
PlayerCutsceneComponent	ServerFacet	NotifyCinematicEnded
PlayerCutsceneComponent	ServerFacet	NotifyCinematicStarted
PlayerCutsceneComponent	ServerFacet	OnClientCutsceneEnded
PlayerCutsceneComponent	ServerFacet	OnClientCutsceneStarted
PlayerCutsceneComponent	ServerFacet	OnClientRequestStartCutscene
PlayerDataBroadcastComponent	ServerFacet	OnUpdateWarboardManifestReceived
PlayerDataBroadcastComponent	ServerFacet	OnWarboardEnabled
PlayerGenericInviteComponent	ClientFacet	OnInviteFailed
PlayerGenericInviteComponent	ServerFacet	OnOptionChanged
PlayerGenericInviteComponent	ServerFacet	RequestReplyToInvite
PlayerGenericInviteComponent	ServerFacet	RequestSendNewInvite
PlayerGenericInviteComponent	ServerFacet	SyncDisabledOptions
PlayerHomeComponent	ClientFacet	OnRespawnRequestFailed
PlayerHomeComponent	ServerFacet	DebugRemoveHomePoint
PlayerHomeComponent	ServerFacet	DebugRequestRespawn
PlayerHomeComponent	ServerFacet	DebugResetRespawnPointCoolDownForType
PlayerHomeComponent	ServerFacet	DebugSetCooldown
PlayerHousingComponent	ClientFacet	ClientReceiveTaxesDue
PlayerHousingComponent	ClientFacet	FastTravelChannelingCompleted
PlayerHousingComponent	ClientFacet	FastTravelRequestFailed
PlayerHousingComponent	ClientFacet	MoveItemResult
PlayerHousingComponent	ClientFacet	OnHouseInfoResponse
PlayerHousingComponent	ClientFacet	OnHousingItemInteractBeginRemoteClient
PlayerHousingComponent	ClientFacet	OnHousingItemInteractEndRemoteClient
PlayerHousingComponent	ClientFacet	OnRequestExitPlotFailed
PlayerHousingComponent	ClientFacet	OnResidentDataReceived
PlayerHousingComponent	ClientFacet	PayTaxRequestFinished
PlayerHousingComponent	ClientFacet	PlaceNewItemResult
PlayerHousingComponent	ClientFacet	PreloadFastTravelLocation
PlayerHousingComponent	ClientFacet	RemoveItemResult
PlayerHousingComponent	ClientFacet	SendHouseNotRecoveredNotification
PlayerHousingComponent	ClientFacet	SendHouseRecoveredNotification
PlayerHousingComponent	ClientFacet	SendHouseRefundedNotification
PlayerHousingComponent	ClientFacet	SendItemsRefundedNotification
PlayerHousingComponent	ClientFacet	SetHouseRefundCost
PlayerHousingComponent	ServerFacet	ClearFastTravelCooldown
PlayerHousingComponent	ServerFacet	ClientRequestAbandonHome
PlayerHousingComponent	ServerFacet	ClientRequestBuyHome
PlayerHousingComponent	ServerFacet	ClientRequestCancelFastTravel
PlayerHousingComponent	ServerFacet	ClientRequestEnterPlot
PlayerHousingComponent	ServerFacet	ClientRequestExitPlot
PlayerHousingComponent	ServerFacet	ClientRequestFastTravelHome
PlayerHousingComponent	ServerFacet	ClientRequestFastTravelTerritory
PlayerHousingComponent	ServerFacet	ClientRequestFastTravelTerritoryLandmark
PlayerHousingComponent	ServerFacet	ClientRequestInteractingPlotAdditionalInfo
PlayerHousingComponent	ServerFacet	ClientRequestPayTaxes
PlayerHousingComponent	ServerFacet	ClientRequestRemoveAllFurniture
PlayerHousingComponent	ServerFacet	ClientRequestResetCooldown
PlayerHousingComponent	ServerFacet	ClientRequestTaxesDue
PlayerHousingComponent	ServerFacet	DebugClearHasPurchasedHouse
PlayerHousingComponent	ServerFacet	DebugClearStanding
PlayerHousingComponent	ServerFacet	DebugDumpHousingInfo
PlayerHousingComponent	ServerFacet	DebugForceHandshake
PlayerHousingComponent	ServerFacet	DebugForceRestore
PlayerHousingComponent	ServerFacet	DebugReloadBuffItems
PlayerHousingComponent	ServerFacet	DebugUnloadAllHouses
PlayerHousingComponent	ServerFacet	EnterPlot
PlayerHousingComponent	ServerFacet	ExitPlot
PlayerHousingComponent	ServerFacet	InteractWithHousingItem
PlayerHousingComponent	ServerFacet	MoveItem
PlayerHousingComponent	ServerFacet	OnInteractWithHousingItemEnded
PlayerHousingComponent	ServerFacet	PlaceNewItem
PlayerHousingComponent	ServerFacet	RemoveItem
PlayerHousingComponent	ServerFacet	RequestTerritoryResidentData
PlayerHousingComponent	ServerFacet	SendFastTravelTimeoutTelemetry
PlayerPositionTrackingComponent	ClientFacet	ReceiveAISpawnManagerDebugInfo
PlayerPositionTrackingComponent	ServerFacet	RequestAISpawnManagerDebugInfo
PlayerPositionTrackingComponent	ServerFacet	RequestAISpawnManagerDespawn
PlayerQuickCourseComponent	ClientFacet	OnQuickCourseEnded
PlayerQuickCourseComponent	ClientFacet	OnSecondTimedQuickCourseAttempted
PlayerQuickCourseComponent	ClientFacet	OnTeleportRequestDeclined
PlayerQuickCourseComponent	ServerFacet	ClientCancelOrCompleteTeleportToQuickCourseStart
PlayerQuickCourseComponent	ServerFacet	ClientRequestTeleportToQuickCourseStart
PlayerQuickCourseComponent	ServerFacet	DebugRequestForceProgression
PlayerSettingsComponent	ServerFacet	ReceiveSettingsFromClient
PlayerTimeComponent	ServerFacet	Debug_SetPlayerAgeDuration
PlayerTradeComponent	ServerFacet	EquipItem
PlayerTradeComponent	ServerFacet	EquipItems
PlayerTradeComponent	ServerFacet	GiveItem
PlayerTradeComponent	ServerFacet	GiveItemsByClass
PlayerTradeComponent	ServerFacet	TakeAllItems
PlayerTradeComponent	ServerFacet	TakeItem
PlayerTradeComponent	ServerFacet	TakeItemsByClass
PlayerTradeComponent	ServerFacet	UnequipItem
PlayerTradeComponent	ServerFacet	UnequipItemToContainer
PlayerTurretComponent	ServerFacet	FireProjectile
PlayerTurretComponent	ServerFacet	ReceiveInput
PlayerTurretComponent	ServerFacet	ReceiveRepeaterFireInput
PlayerTurretComponent	ServerFacet	ReceiveRepeaterInput
PlayerTurretComponent	ServerFacet	RequestAmmoRefill
PlayerTurretComponent	ServerFacet	RequestFireSpeedChange
PointLocationComponent	ClientFacet	SyncDebugData
PointSpawnerComponent	ServerFacet	ToggleDebugRender
PositionalTicketingComponent	ClientFacet	SyncDebugData
PrefabRefineryComponent	ClientFacet	SetRefineryState
PrefabSpawnerComponent	ClientFacet	RequestServerAuthPrefabIdResponseMsg
PrefabSpawnerComponent	ServerFacet	RequestServerAuthPrefabIdMsg
PrefabSpawnerComponent	ServerFacet	RespawnPrefabClientDebugMsg
ProgressionComponent	ServerFacet	ComputeRestedExp
ProgressionComponent	ServerFacet	Debug_ClearExperience
ProgressionComponent	ServerFacet	Debug_ClearRestedExp
ProgressionComponent	ServerFacet	Debug_ModifyExp
ProgressionComponent	ServerFacet	Debug_SetPlayerLevel
ProgressionPointComponent	ServerFacet	DebugAddPoints
ProgressionPointComponent	ServerFacet	DebugAddPoolPoints
ProgressionPointComponent	ServerFacet	DebugAssignPoolPoints
ProgressionPointComponent	ServerFacet	DebugClearPointsAndPools
ProgressionPointComponent	ServerFacet	DebugRefundAllPoolPoints
ProgressionPointComponent	ServerFacet	DebugRefundPoints
ProgressionPointComponent	ServerFacet	RequestAssignPoolPoints
ProgressionPointComponent	ServerFacet	RequestRefundPoints
ProgressionPointComponent	ServerFacet	RequestSpendTerritoryStandingPoint
ProjectileSpawnerComponent	ClientFacet	OnServerSpawn
ProjectileSpawnerComponent	ClientFacet	OnServerSpawnAuthoritativeProjectile
ProjectileSpawnerComponent	ServerFacet	DEBUG_FireAtTarget
ProjectileSpawnerComponent	ServerFacet	DEBUG_Spawn
PvPSpectatorCamControllerComponent	ServerFacet	RequestStopSpectating
RaidSetupComponent	ClientFacet	OnReceivedRaidIDs
RaidSetupComponent	ServerFacet	DEBUG_ClearLists
RaidSetupComponent	ServerFacet	DEBUG_GetRaidIDs
RaidSetupComponent	ServerFacet	DEBUG_SendInvites
RewardTrackComponent	ServerFacet	DebugForceSpecificRewards
RewardTrackComponent	ServerFacet	DebugRefreshRewards
RewardTrackComponent	ServerFacet	DebugSetTrackCount
RewardTrackComponent	ServerFacet	DebugSyncExcludedTags
RewardTrackComponent	ServerFacet	RequestPurchaseReward
RewardTrackComponent	ServerFacet	RequestResetRewardTrack
SeasonsRewardsComponent	ClientFacet	DEBUG_OnPremiumStatusChanged
SeasonsRewardsComponent	ClientFacet	DEBUG_OnRequestUpdateAccountXp
SeasonsRewardsComponent	ClientFacet	OnActivitiesNewCardResponse
SeasonsRewardsComponent	ClientFacet	OnActivitiesRerollResponse
SeasonsRewardsComponent	ClientFacet	OnActivitiesStampResponse
SeasonsRewardsComponent	ClientFacet	OnLevelPurchased
SeasonsRewardsComponent	ClientFacet	OnReceivedClearSeasonsResponse
SeasonsRewardsComponent	ClientFacet	OnReceivedSeasonsReport
SeasonsRewardsComponent	ClientFacet	OnRedeemSeasonsRewardResponse
SeasonsRewardsComponent	ServerFacet	ActivitiesAddWildStampsDEBUG
SeasonsRewardsComponent	ServerFacet	ActivitiesRequestNewCard
SeasonsRewardsComponent	ServerFacet	ActivitiesRequestNewCardDEBUG
SeasonsRewardsComponent	ServerFacet	ActivitiesRequestReroll
SeasonsRewardsComponent	ServerFacet	ActivitiesRequestStampSquare
SeasonsRewardsComponent	ServerFacet	ActivitiesRequestStampSquareDEBUG
SeasonsRewardsComponent	ServerFacet	ActivitiesRerollTasksDEBUG
SeasonsRewardsComponent	ServerFacet	ActivitiesRerollTasksForFreeDEBUG
SeasonsRewardsComponent	ServerFacet	ActivitiesResetPersistenceDEBUG
SeasonsRewardsComponent	ServerFacet	ActivitiesResetWildStampsDEBUG
SeasonsRewardsComponent	ServerFacet	ActivitiesSetWildStampRolloverDEBUG
SeasonsRewardsComponent	ServerFacet	DEBUG_AddAllTaskProgress
SeasonsRewardsComponent	ServerFacet	DEBUG_AddTaskProgress
SeasonsRewardsComponent	ServerFacet	DEBUG_FinishChapterTasks
SeasonsRewardsComponent	ServerFacet	DEBUG_FinishJourneyTasks
SeasonsRewardsComponent	ServerFacet	DEBUG_IMGUIAlwaysAbortTransaction
SeasonsRewardsComponent	ServerFacet	DEBUG_IMGUICrashCommitSocialBroker
SeasonsRewardsComponent	ServerFacet	DEBUG_IMGUICrashEntitlementConfirm
SeasonsRewardsComponent	ServerFacet	DEBUG_IMGUICrashEntitlementInit
SeasonsRewardsComponent	ServerFacet	DEBUG_IMGUICrashPrepareSocialBroker
SeasonsRewardsComponent	ServerFacet	DEBUG_IMGUICrashTransactionCommit
SeasonsRewardsComponent	ServerFacet	DEBUG_IMGUICrashTransactionPrepare
SeasonsRewardsComponent	ServerFacet	DEBUG_IMGUISetEscrowBit
SeasonsRewardsComponent	ServerFacet	DEBUG_RequestAddSeasonsXP
SeasonsRewardsComponent	ServerFacet	DEBUG_RequestBuyPremium
SeasonsRewardsComponent	ServerFacet	DEBUG_RequestPurchaseLevel
SeasonsRewardsComponent	ServerFacet	DEBUG_RequestResetFirstCharacterConnectTime
SeasonsRewardsComponent	ServerFacet	DEBUG_RequestSeasonsReport
SeasonsRewardsComponent	ServerFacet	DEBUG_RequestUpdateAccountXp
SeasonsRewardsComponent	ServerFacet	DEBUG_ResetAllTrackedStats
SeasonsRewardsComponent	ServerFacet	DEBUG_ResetJourneyTasks
SeasonsRewardsComponent	ServerFacet	DEBUG_ResetSeasonsPersistence
SeasonsRewardsComponent	ServerFacet	RequestRedeemSeasonsReward
ServerTransferComponent	ClientFacet	DebugReceiveServerTransferRequirementErrors
ServerTransferComponent	ClientFacet	OnTransferCharacterResponse
ServerTransferComponent	ServerFacet	ClientFinalizeCharacterTransfer
ServerTransferComponent	ServerFacet	DebugCheckTransferRequirementsOnServer
ServerTransferComponent	ServerFacet	DebugCleanupCharacterForTransfer
ServerTransferComponent	ServerFacet	DebugClearTransferCooldownByCharacterId
ServerTransferComponent	ServerFacet	DebugClearTransferCooldownByPersonaId
ServerTransferComponent	ServerFacet	RequestTransferCharacter
SettlementComponent	ServerFacet	OnTerritoryProgressionUpdateDebug
SiegeWarfareComponent	ServerFacet	DEBUG_ResetFortSpawn
SiegeWarfareComponent	ServerFacet	DEBUG_SetFortSpawnSettlementProgressionCategoryOverride
SiegeWarfareComponent	ServerFacet	DEBUG_SetFortSpawnVulnerability
SiegeWarfareVulnerableComponent	ServerFacet	DEBUG_TestOnSiegeBegan
SiegeWarfareVulnerableComponent	ServerFacet	DEBUG_TestOnSiegeEnded
SlopeSliderComponent	ClientFacet	ClientForceSyncServerState
SlopeSliderComponent	ClientFacet	ClientSyncServerState
SlopeSliderComponent	ServerFacet	DebugOnSlopePitchSmoothTimeChanged
SlopeSliderComponent	ServerFacet	DebugOnSlopeRelativeMotionDataChanged
SlopeSliderComponent	ServerFacet	DebugOnSlopeYawSmoothTimeChanged
SlopeSliderComponent	ServerFacet	DebugOnlySlideOnTerrainChanged
SlopeSliderComponent	ServerFacet	ForceServerSyncRequestedFromClient
SocialComponent	ClientFacet	ChangePhaseWarningMessage
SocialComponent	ClientFacet	DebugOnPrivacySettingsUpdate
SocialComponent	ClientFacet	DebugOnReceiveServerPrivacySettings
SocialComponent	ClientFacet	DebugReceivePhaseSelectionResult
SocialComponent	ClientFacet	LandClaimScoreDataForGuildResponse
SocialComponent	ClientFacet	OnAlignmentUpdate
SocialComponent	ClientFacet	OnBuildableAttacked
SocialComponent	ClientFacet	OnCampAttacked
SocialComponent	ClientFacet	OnCurrentTitleExpired
SocialComponent	ClientFacet	OnDebugPlatformFriendsListResponse
SocialComponent	ClientFacet	OnEnemyLandClaimDestroyed
SocialComponent	ClientFacet	OnErrorMessage
SocialComponent	ClientFacet	OnFriendInviteRejected
SocialComponent	ClientFacet	OnLandClaimAttacked
SocialComponent	ClientFacet	OnLockedLandClaimTaken
SocialComponent	ClientFacet	OnPhaseInviteAcceptedResponse
SocialComponent	ClientFacet	OnPlatformFriendOnlineStateChange
SocialComponent	ClientFacet	OnPlayerNameChange
SocialComponent	ClientFacet	OnPlayerOnlineStateChange
SocialComponent	ClientFacet	OnRequestFailed
SocialComponent	ClientFacet	OnTitleUnlock
SocialComponent	ClientFacet	OnTitlesUnlock
SocialComponent	ClientFacet	OnWarDeclarationFailed
SocialComponent	ClientFacet	OnWarRequestErrorMessage
SocialComponent	ClientFacet	OnWarRequestPending
SocialComponent	ClientFacet	OnWarRequestSuccessful
SocialComponent	ClientFacet	OnWaveRequestReceived
SocialComponent	ClientFacet	OnWaveRequestSent
SocialComponent	ClientFacet	OnWaveTimedOut
SocialComponent	ClientFacet	PlayerDataResponse
SocialComponent	ClientFacet	PlayersPhaseDataResponse
SocialComponent	ClientFacet	PlayersPhaseIdResponse
SocialComponent	ClientFacet	PrimaryGridPhaseShuttingDown
SocialComponent	ClientFacet	ReceiveAvailableTitles
SocialComponent	ClientFacet	ReceiveDebugTitles
SocialComponent	ClientFacet	RequestJoinCharacterPhaseResponse
SocialComponent	ClientFacet	SocialPhasingEnterSectorFailedRetry
SocialComponent	ClientFacet	SocialPhasingFailedToPvpFlag
SocialComponent	ServerFacet	ClearAllSocialBlocks
SocialComponent	ServerFacet	ClearNewTitles
SocialComponent	ServerFacet	DebugAcceptAllFriendInvites
SocialComponent	ServerFacet	DebugDeclareInvasion
SocialComponent	ServerFacet	DebugDeclareWar
SocialComponent	ServerFacet	DebugFastForwardWar
SocialComponent	ServerFacet	DebugForceEndWar
SocialComponent	ServerFacet	DebugLockAllDebugTitles
SocialComponent	ServerFacet	DebugLockTitle
SocialComponent	ServerFacet	DebugNotifyEarlyRelocate
SocialComponent	ServerFacet	DebugReassignPhasePvPEnabled
SocialComponent	ServerFacet	DebugRequestAddPlatformFriend
SocialComponent	ServerFacet	DebugRequestPlatformFriendsList
SocialComponent	ServerFacet	DebugRequestServerVpcRefresh
SocialComponent	ServerFacet	DebugSelectWarDeclaration
SocialComponent	ServerFacet	DebugSetFriendInviteRestriction
SocialComponent	ServerFacet	DebugSetGroupCommunicationRestriction
SocialComponent	ServerFacet	DebugSetP2PCommunicationRestriction
SocialComponent	ServerFacet	DebugSetViewPresenceRestriction
SocialComponent	ServerFacet	DebugSetVoiceCommunicationRestriction
SocialComponent	ServerFacet	DebugSimulateMaintenanceModeForWars
SocialComponent	ServerFacet	DebugUnlockTitle
SocialComponent	ServerFacet	GetServerVpcValues
SocialComponent	ServerFacet	GmCancelWar
SocialComponent	ServerFacet	JoinCharacterPhase
SocialComponent	ServerFacet	OnBlocklistChanged
SocialComponent	ServerFacet	RequestAddPlatformFriendsToOnlineStateChangeListener
SocialComponent	ServerFacet	RequestClearSocialBlock
SocialComponent	ServerFacet	RequestCrossplayPermissionsDataSync
SocialComponent	ServerFacet	RequestDeclareWar
SocialComponent	ServerFacet	RequestEndWar
SocialComponent	ServerFacet	RequestFriendStatusChangeFromClient
SocialComponent	ServerFacet	RequestGetPlayers
SocialComponent	ServerFacet	RequestGetPlayersByAccountId
SocialComponent	ServerFacet	RequestKickPlayerForBannedLocation
SocialComponent	ServerFacet	RequestLandClaimScoreDataForGuild
SocialComponent	ServerFacet	RequestPlayerPhaseData
SocialComponent	ServerFacet	RequestPlayerPhaseId
SocialComponent	ServerFacet	RequestRemoveAllFriendInvites
SocialComponent	ServerFacet	RequestRemoveAllFriends
SocialComponent	ServerFacet	RequestReportPlayer
SocialComponent	ServerFacet	RequestSearchPlayers
SocialComponent	ServerFacet	RequestSetChattingState
SocialComponent	ServerFacet	RequestSetPronounType
SocialComponent	ServerFacet	RequestSetTitle
SocialComponent	ServerFacet	RequestStreamerModeDataSync
SocialComponent	ServerFacet	RequestWave
SocialComponent	ServerFacet	SendAvailableTitlesToClient
SocialComponent	ServerFacet	SendDebugTitlesToClient
SocialComponent	ServerFacet	SetSocialBlock
SpawnerComponent	ClientFacet	SyncDebugData
SpawnerComponent	ServerFacet	AliasDebugSpawn
SpawnerComponent	ServerFacet	DebugDisableAILocationRestrictedSpawning
SpawnerComponent	ServerFacet	DebugEnableSpawner
SpawnerComponent	ServerFacet	DebugSetSelfAsAILocationRestrictedSpawnData
SpawnerComponent	ServerFacet	DebugSpawn
SpawnerComponent	ServerFacet	RefreshSpawners
SpawnerComponent	ServerFacet	RemoveAllSpawns
SpawnerComponent	ServerFacet	SetGridSpawnLevel
SpawnerComponent	ServerFacet	ToggleDebugRender
SpectatedPlayerComponent	ServerFacet	SetIsPublic
SpectatorModeComponent	ClientFacet	GetNextSpectatablePlayerReply
SpectatorModeComponent	ClientFacet	GetSpectatablePlayerReply
SpectatorModeComponent	ClientFacet	HasDevPermissionsReply
SpectatorModeComponent	ClientFacet	IsCharacterSpectatableReply
SpectatorModeComponent	ClientFacet	IsSpectatorModePermittedReply
SpectatorModeComponent	ServerFacet	RequestChangeSpectatorModeStateMsg
SpectatorModeComponent	ServerFacet	RequestCycleFocusedPlayerMsg
SpectatorModeComponent	ServerFacet	RequestDevPermissions
SpectatorModeComponent	ServerFacet	RequestEnterSpectatorModeMsg
SpectatorModeComponent	ServerFacet	RequestExitSpectatorModeMsg
SpectatorModeComponent	ServerFacet	RequestGetNextSpectatablePlayer
SpectatorModeComponent	ServerFacet	RequestGetSpectatablePlayer
SpectatorModeComponent	ServerFacet	RequestHasDevPermissions
SpectatorModeComponent	ServerFacet	RequestIsCharacterSpectatable
SpectatorModeComponent	ServerFacet	RequestIsSpectatorModePermitted
SpellComponent	ClientFacet	ClientSpawnSiphon
SpellComponent	ClientFacet	ClientTriggerEventDataOnAttachedEntityLost
StaminaComponent	ClientFacet	ClientForceSyncServerStateRemote
StaminaComponent	ServerFacet	Debug_EnableStaminaRegen
StaminaComponent	ServerFacet	Debug_OnStaminaGodModeChanged
StaminaComponent	ServerFacet	Debug_RemoveStamina
StaminaComponent	ServerFacet	Debug_ResetStaminaRegen
StatusEffectsComponent	ClientFacet	AdjustFXScripts
StatusEffectsComponent	ClientFacet	Debug_SyncPausedStatusEffects
StatusEffectsComponent	ClientFacet	Debug_SyncStatusEffects
StatusEffectsComponent	ServerFacet	DEBUG_RequestSyncPausedStatusEffects
StatusEffectsComponent	ServerFacet	DEBUG_RequestSyncStatusEffects
StatusEffectsComponent	ServerFacet	DEBUG_SetDebuggerOptions
StatusEffectsComponent	ServerFacet	DEBUG_TrackReplicatedUpdateCounts
StatusEffectsComponent	ServerFacet	Debug_AddStatusEffects
StatusEffectsComponent	ServerFacet	Debug_IgnorePvpHealingBalance
StatusEffectsComponent	ServerFacet	Debug_IgnorePvpStatusEffectBalance
StatusEffectsComponent	ServerFacet	Debug_PauseStatusEffects
StatusEffectsComponent	ServerFacet	Debug_RemoveAllStatusEffects
StatusEffectsComponent	ServerFacet	Debug_RemoveStatusEffectStack
StatusEffectsComponent	ServerFacet	Debug_RemoveStatusEffects
StatusEffectsComponent	ServerFacet	Debug_UnpauseStatusEffects
StatusEffectsComponent	ServerFacet	RequestTokenDebit
StimulusComponent	ClientFacet	ClearDebugInfo
StimulusComponent	ClientFacet	SyncDebugInfo
StimulusComponent	ClientFacet	SyncThreatValues
StimulusComponent	ServerFacet	DebugThreat
StimulusComponent	ServerFacet	RegisterClientForDebug
StimulusComponent	ServerFacet	RenderPositions
StimulusComponent	ServerFacet	UnregisterClientForDebug
TemporaryAffiliationComponent	ServerFacet	ClearAffiliation
TemporaryAffiliationComponent	ServerFacet	SetAffiliation
TerritoryComponent	ClientFacet	ClaimTerritory
TerritoryComponent	ClientFacet	UnclaimTerritory
TerritoryComponent	ServerFacet	UnclaimTerritory
TerritoryDetectorComponent	ClientFacet	OnReceiveServerDebugData
TerritoryDetectorComponent	ServerFacet	AttemptTerritoryExit
TerritoryDetectorComponent	ServerFacet	AttemptTerritoryUnlock
TerritoryDetectorComponent	ServerFacet	DEBUG_ClaimCurrentTerritory
TerritoryDetectorComponent	ServerFacet	DEBUG_UnclaimCurrentTerritory
TerritoryDetectorComponent	ServerFacet	DebugRequestServerData
TerritoryInteractorComponent	ClientFacet	DEBUG_OnReceiveServerDebugData
TerritoryInteractorComponent	ClientFacet	DEBUG_OnSyncFactionInfluenceValues
TerritoryInteractorComponent	ClientFacet	DEBUG_OnSyncGovernanceBrokerData
TerritoryInteractorComponent	ClientFacet	DEBUG_RequestGetConflictPauseStateResponse
TerritoryInteractorComponent	ClientFacet	OnLeaveResponseReceived
TerritoryInteractorComponent	ClientFacet	OnServerFacetReady
TerritoryInteractorComponent	ClientFacet	OnSetBackfillEnabledResponseReceived
TerritoryInteractorComponent	ClientFacet	OnSetRosterResponseReceived
TerritoryInteractorComponent	ClientFacet	OnSignupCountReceived
TerritoryInteractorComponent	ClientFacet	OnSignupListReceived
TerritoryInteractorComponent	ClientFacet	OnSignupResponseReceived
TerritoryInteractorComponent	ServerFacet	DEBUG_DowngradeRandomPrevProject
TerritoryInteractorComponent	ServerFacet	DEBUG_OnGovernanceOwnershipChangePenalty
TerritoryInteractorComponent	ServerFacet	DEBUG_OnGovernanceUpkeepPenalty
TerritoryInteractorComponent	ServerFacet	DEBUG_OnInvasionFailure
TerritoryInteractorComponent	ServerFacet	DEBUG_RequestAddFactionInfluence
TerritoryInteractorComponent	ServerFacet	DEBUG_RequestClearConflictState
TerritoryInteractorComponent	ServerFacet	DEBUG_RequestCompleteProject
TerritoryInteractorComponent	ServerFacet	DEBUG_RequestDistributePooledEarnings
TerritoryInteractorComponent	ServerFacet	DEBUG_RequestEndProject
TerritoryInteractorComponent	ServerFacet	DEBUG_RequestGetConflictPauseState
TerritoryInteractorComponent	ServerFacet	DEBUG_RequestPerformBackfill
TerritoryInteractorComponent	ServerFacet	DEBUG_RequestResetFactionInfluence
TerritoryInteractorComponent	ServerFacet	DEBUG_RequestServerSideDebugData
TerritoryInteractorComponent	ServerFacet	DEBUG_RequestSetCompletedProjects
TerritoryInteractorComponent	ServerFacet	DEBUG_RequestSetConflictState
TerritoryInteractorComponent	ServerFacet	DEBUG_RequestSetProjectProgression
TerritoryInteractorComponent	ServerFacet	DEBUG_RequestSetRemainingTimeMinutes
TerritoryInteractorComponent	ServerFacet	DEBUG_RequestSetUpkeepTimeRemaining
TerritoryInteractorComponent	ServerFacet	DEBUG_RequestSignup
TerritoryInteractorComponent	ServerFacet	DEBUG_RequestSimulateMaintenanceMode
TerritoryInteractorComponent	ServerFacet	DEBUG_RequestSyncFactionInfluenceValues
TerritoryInteractorComponent	ServerFacet	DEBUG_RequestSyncGovernanceBrokerData
TerritoryInteractorComponent	ServerFacet	DEBUG_RequestTransferOwnership
TerritoryInteractorComponent	ServerFacet	DEBUG_SendRaidInvites
TerritoryInteractorComponent	ServerFacet	DEBUG_SetRemainingTerritoryEffectTime
TerritoryInteractorComponent	ServerFacet	DEBUG_SetTaxOrFee
TerritoryInteractorComponent	ServerFacet	DEBUG_TriggerTerritoryControlStreakScoring
TerritoryInteractorComponent	ServerFacet	RequestAddPlayerToRoster
TerritoryInteractorComponent	ServerFacet	RequestCancelProject
TerritoryInteractorComponent	ServerFacet	RequestFillRoster
TerritoryInteractorComponent	ServerFacet	RequestKickPlayer
TerritoryInteractorComponent	ServerFacet	RequestLeave
TerritoryInteractorComponent	ServerFacet	RequestMovePlayer
TerritoryInteractorComponent	ServerFacet	RequestPayUpkeepCost
TerritoryInteractorComponent	ServerFacet	RequestRemoteInteract
TerritoryInteractorComponent	ServerFacet	RequestRemovePlayerFromRoster
TerritoryInteractorComponent	ServerFacet	RequestRoster
TerritoryInteractorComponent	ServerFacet	RequestSetBackfillEnabled
TerritoryInteractorComponent	ServerFacet	RequestSetGroupData
TerritoryInteractorComponent	ServerFacet	RequestSetPlayerPermissions
TerritoryInteractorComponent	ServerFacet	RequestSetRoster
TerritoryInteractorComponent	ServerFacet	RequestSignup
TerritoryInteractorComponent	ServerFacet	RequestSignupCount
TerritoryInteractorComponent	ServerFacet	RequestSignupList
TerritoryInteractorComponent	ServerFacet	RequestStartProject
TerritoryInteractorComponent	ServerFacet	RequestSwapPlayers
TerritoryInteractorComponent	ServerFacet	SetTaxOrFee
TestFacetedComponent	ClientFacet	FunctionCalledFromTheServer
TestFacetedComponent	ClientFacet	OnSync
TestFacetedComponent	ServerFacet	DebugFunction
TestFacetedComponent	ServerFacet	FunctionCalledFromTheClient
TestFacetedComponent	ServerFacet	GmFunction
TestFacetedComponent	ServerFacet	PushUserString
TestFacetedComponent	ServerFacet	RemoveUserMapKey
TestFacetedComponent	ServerFacet	RemoveUserString
TestFacetedComponent	ServerFacet	SetUserMapPair
TestFacetedComponent	ServerFacet	SetUserString
TestFacetedComponent	ServerFacet	ToggleReplicatedStateBool
TestTransactorComponent	ServerFacet	ResetAborts
TestTransactorComponent	ServerFacet	StartAbortingTradeWithActor
TestTransactorComponent	ServerFacet	StartTrade
TestTransactorComponent	ServerFacet	StartTradeWithActor
TestTransactorComponent	ServerFacet	TakeAllFromActor
TimeComponent	ClientFacet	SyncDayPhase
TimeComponent	ClientFacet	SyncTimeAndPhase
TimeComponent	ClientFacet	SyncTimeChange
TimeComponent	ServerFacet	SyncToClient
TransactionComponent	ServerFacet	AddBouncer
TransactionComponent	ServerFacet	DebugSetFailCommitTransactions
TransactionComponent	ServerFacet	DebugSetFailJoinTransactions
TransactionComponent	ServerFacet	RemoveBouncer
TransmogComponent	ClientFacet	OnEnableSkinError
TransmogComponent	ClientFacet	OnEnableSkinSuccess
TransmogComponent	ClientFacet	OnReceivedTransmogData
TransmogComponent	ClientFacet	OnSkinDye
TransmogComponent	ClientFacet	OnUnlockTransmogSkin
TransmogComponent	ServerFacet	DebugCaptureAllSkins
TransmogComponent	ServerFacet	DebugCaptureRandomSkins
TransmogComponent	ServerFacet	DebugCaptureSkin
TransmogComponent	ServerFacet	DebugConvertData
TransmogComponent	ServerFacet	DebugOwnAllSkins
TransmogComponent	ServerFacet	DebugOwnRandomSkins
TransmogComponent	ServerFacet	DebugRequestTransmogData
TransmogComponent	ServerFacet	DebugServiceCaptureSkin
TransmogComponent	ServerFacet	DebugServiceUnlockSkin
TransmogComponent	ServerFacet	DebugUnlockSkin
TransmogComponent	ServerFacet	DisableItemSkin
TransmogComponent	ServerFacet	EnableItemSkin
TransmogComponent	ServerFacet	UnlockTransmogSkin
TraversalComponent	ServerFacet	ReceiveUseTraversalRaycastFromClient
TraversalComponent	ServerFacet	SyncIsAutoTraversalEnabled
TriggerEntityComponent	ClientFacet	SyncExecuteEntities
TurretComponent	ClientFacet	OnHitscanServerResult
TurretComponent	ServerFacet	DEBUG_DrawProjectileSpawner
TutorialAIComponent	ClientFacet	OnPlayerSeenByAI
TutorialAIComponent	ServerFacet	MoveLootTowardsPlayer
TutorialAIComponent	ServerFacet	SetBehavior
TwitchComponent	ClientFacet	ReceiveEnableSpotlightResponse
TwitchComponent	ClientFacet	ReceiveJoinSubArmyResponse
TwitchComponent	ClientFacet	ReceiveJoinableSubArmies
TwitchComponent	ClientFacet	ReceiveStartSubArmyResponse
TwitchComponent	ClientFacet	ReceiveSubArmyJoinList
TwitchComponent	ClientFacet	ReceiveValidationResponse
TwitchComponent	ServerFacet	EndSubArmy
TwitchComponent	ServerFacet	RequestJoinList
TwitchComponent	ServerFacet	RequestJoinSubArmy
TwitchComponent	ServerFacet	RequestJoinableSubArmies
TwitchComponent	ServerFacet	RevokeTwitchUserValidation
TwitchComponent	ServerFacet	SetOverrideGameId
TwitchComponent	ServerFacet	SetOverrideUserId
TwitchComponent	ServerFacet	SetStreamerTagByStringId
TwitchComponent	ServerFacet	SetTwitchDropByStringIdIntValue
TwitchComponent	ServerFacet	SetTwitchDropByStringIdStringValue
TwitchComponent	ServerFacet	StartSubArmy
TwitchComponent	ServerFacet	StartTwitchUserValidation
TwitchComponent	ServerFacet	ToggleStreamerSpotlight
TwitchComponent	ServerFacet	UpdateJoinEntry
UIActionManagerComponent	ServerFacet	RequestUIActionChange
UnstuckComponent	ClientFacet	OnUnstuckRequestAccepted
UnstuckComponent	ClientFacet	OnUnstuckRequestDenied
UnstuckComponent	ClientFacet	OnUnstuckTeleportCancelled
UnstuckComponent	ClientFacet	OnUnstuckTeleportComplete
UnstuckComponent	ClientFacet	SyncBreadcrumbs
UnstuckComponent	ServerFacet	OnClientRequestUnstuck
VariationDataComponent	ClientFacet	OnVariantChangedServerToClient
VariationDataComponent	ServerFacet	RequestVariantChange
VitalsComponent	ClientFacet	ClientSyncDeathRecap
VitalsComponent	ClientFacet	ClientSyncDeathRecapForAllGameModeParticipants
VitalsComponent	ClientFacet	Debug_SyncStatusModVitalsData
VitalsComponent	ClientFacet	Debug_SyncVitalsSifficulty
VitalsComponent	ClientFacet	NotifyDamageNumberBusOnTrueDamageReceived
VitalsComponent	ClientFacet	OnDamage
VitalsComponent	ClientFacet	OnEnteredDeathsDoorInSiegeWarfare
VitalsComponent	ClientFacet	OnHealedPlayer
VitalsComponent	ClientFacet	OnRequestRevive
VitalsComponent	ServerFacet	DebugRequestRevive
VitalsComponent	ServerFacet	DebugRequestSuicide
VitalsComponent	ServerFacet	DebugSetInvincible
VitalsComponent	ServerFacet	Debug_IgnorePvpDamageBalance
VitalsComponent	ServerFacet	Debug_OnTakeHealth
VitalsComponent	ServerFacet	Debug_ReApplyBuffBucketOverrides
VitalsComponent	ServerFacet	Debug_RequestSyncStatusModVitalsData
VitalsComponent	ServerFacet	Debug_RequestVitalsDifficulty
VitalsComponent	ServerFacet	Debug_SetReceivingModifiedDamage
VitalsComponent	ServerFacet	Debug_ToggleInfiniteDeathsDoor
VitalsComponent	ServerFacet	OnRequestRevive
VitalsComponent	ServerFacet	RegisterListener
VitalsComponent	ServerFacet	RequestDamageSelf
VitalsComponent	ServerFacet	RequestDoAfflictionDamage
VitalsComponent	ServerFacet	RequestResetDeathsDoorDelay
VitalsComponent	ServerFacet	RequestResetInvulnerability
VitalsComponent	ServerFacet	RequestSetCurrentHealth
VitalsComponent	ServerFacet	RequestSetInvulnerability
VitalsComponent	ServerFacet	RequestSetStatMaxValue
VitalsComponent	ServerFacet	RequestSetStatValue
VitalsComponent	ServerFacet	RequestSuicide
VitalsComponent	ServerFacet	ResetPrimaryStats
VitalsComponent	ServerFacet	RestoreSnapshot
VitalsComponent	ServerFacet	SaveSnapshot
VitalsComponent	ServerFacet	UnregisterListener
VoiceChatComponent	ClientFacet	On2dChannelUriReceived
VoiceChatComponent	ClientFacet	On3dChannelUrisReceived
VoiceChatComponent	ClientFacet	OnAccessTokenReceived
VoiceChatComponent	ClientFacet	OnEchoChannelUriReceived
VoiceChatComponent	ClientFacet	OnVoiceChatServiceRegistered
VoiceChatComponent	ClientFacet	OnVoiceChatServiceUnregistered
VoiceChatComponent	ServerFacet	GenerateJoinAccessToken
VoiceChatComponent	ServerFacet	GenerateLoginAccessToken
VoiceChatComponent	ServerFacet	GenerateTranscriptionAccessToken
VoiceChatComponent	ServerFacet	RegisterVoiceChatService
VoiceChatComponent	ServerFacet	ReportError
VoiceChatComponent	ServerFacet	RequestEchoChannelUri
VoiceChatComponent	ServerFacet	RequestGroupChannelUri
VoiceChatComponent	ServerFacet	RequestWorldChannelUris
VoiceChatComponent	ServerFacet	SyncVoiceChatClientActivationState
WarDataComponent	ServerFacet	DebugEndInfluenceRace
WarDataComponent	ServerFacet	DebugForceSyncInfluenceRaces
WarDataComponent	ServerFacet	DebugScheduleInfluenceRace
WarDataComponent	ServerFacet	DebugScheduleInfluenceRaces
WarboardComponent	ClientFacet	OnUpdateFullWarboardManifest
WarboardComponent	ClientFacet	OnUpdateWarboardManifest
WarboardComponent	ClientFacet	OnUpdateWarboardStats
WaterLevelComponent	ServerFacet	SetKeepInteraction
WaypointsComponent	ServerFacet	RequestSetWaypoint
WhisperPlayerComponent	ClientFacet	RequestStartWhisper
WhisperPlayerComponent	ServerFacet	RequestStartWhisper
